ISO-10303-21;
HEADER;
FILE_DESCRIPTION(('Open CASCADE Model'),'2;1');
FILE_NAME('Open CASCADE Shape Model','2026-10-08T02:18:29',('Author'),(
    'Open CASCADE'),'Open CASCADE STEP processor 8.0','build123d',
  'Unknown');
FILE_SCHEMA(('AUTOMOTIVE_DESIGN { 1 0 10303 214 1 1 1 1 }'));
ENDSEC;
DATA;
#1 = APPLICATION_PROTOCOL_DEFINITION('international standard',
  'automotive_design',2000,#2);
#2 = APPLICATION_CONTEXT(
  'core data for automotive mechanical design processes');
#3 = SHAPE_DEFINITION_REPRESENTATION(#4,#10);
#4 = PRODUCT_DEFINITION_SHAPE('','',#5);
#5 = PRODUCT_DEFINITION('design','',#6,#9);
#6 = PRODUCT_DEFINITION_FORMATION('','',#7);
#7 = PRODUCT('COMPOUND','COMPOUND','',(#8));
#8 = PRODUCT_CONTEXT('',#2,'mechanical');
#9 = PRODUCT_DEFINITION_CONTEXT('part definition',#2,'design');
#10 = SHAPE_REPRESENTATION('',(#11,#15,#19,#23,#27,#31,#35),#39);
#11 = AXIS2_PLACEMENT_3D('',#12,#13,#14);
#12 = CARTESIAN_POINT('',(0.,0.,0.));
#13 = DIRECTION('',(0.,0.,1.));
#14 = DIRECTION('',(1.,0.,-0.));
#15 = AXIS2_PLACEMENT_3D('',#16,#17,#18);
#16 = CARTESIAN_POINT('',(0.,0.,0.));
#17 = DIRECTION('',(0.,0.,1.));
#18 = DIRECTION('',(1.,0.,0.));
#19 = AXIS2_PLACEMENT_3D('',#20,#21,#22);
#20 = CARTESIAN_POINT('',(0.,0.,0.));
#21 = DIRECTION('',(0.,-0.,1.));
#22 = DIRECTION('',(2.22044604925E-16,1.,0.));
#23 = AXIS2_PLACEMENT_3D('',#24,#25,#26);
#24 = CARTESIAN_POINT('',(0.,0.,0.));
#25 = DIRECTION('',(0.,0.,1.));
#26 = DIRECTION('',(-1.,1.224646799147E-16,0.));
#27 = AXIS2_PLACEMENT_3D('',#28,#29,#30);
#28 = CARTESIAN_POINT('',(0.,0.,0.));
#29 = DIRECTION('',(0.,0.,1.));
#30 = DIRECTION('',(-2.22044604925E-16,-1.,0.));
#31 = AXIS2_PLACEMENT_3D('',#32,#33,#34);
#32 = CARTESIAN_POINT('',(0.,0.,0.));
#33 = DIRECTION('',(0.,0.,1.));
#34 = DIRECTION('',(1.,0.,-0.));
#35 = AXIS2_PLACEMENT_3D('',#36,#37,#38);
#36 = CARTESIAN_POINT('',(0.,0.,-6.35));
#37 = DIRECTION('',(0.,0.,1.));
#38 = DIRECTION('',(1.,0.,-0.));
#39 = ( GEOMETRIC_REPRESENTATION_CONTEXT(3) 
GLOBAL_UNCERTAINTY_ASSIGNED_CONTEXT((#43)) GLOBAL_UNIT_ASSIGNED_CONTEXT(
(#40,#41,#42)) REPRESENTATION_CONTEXT('Context #1',
  '3D Context with UNIT and UNCERTAINTY') );
#40 = ( LENGTH_UNIT() NAMED_UNIT(*) SI_UNIT(.MILLI.,.METRE.) );
#41 = ( NAMED_UNIT(*) PLANE_ANGLE_UNIT() SI_UNIT($,.RADIAN.) );
#42 = ( NAMED_UNIT(*) SI_UNIT($,.STERADIAN.) SOLID_ANGLE_UNIT() );
#43 = UNCERTAINTY_MEASURE_WITH_UNIT(LENGTH_MEASURE(1.E-07),#40,
  'distance_accuracy_value','confusion accuracy');
#44 = PRODUCT_RELATED_PRODUCT_CATEGORY('part',$,(#7));
#45 = SHAPE_DEFINITION_REPRESENTATION(#46,#52);
#46 = PRODUCT_DEFINITION_SHAPE('','',#47);
#47 = PRODUCT_DEFINITION('design','',#48,#51);
#48 = PRODUCT_DEFINITION_FORMATION('','',#49);
#49 = PRODUCT('SOLID','SOLID','',(#50));
#50 = PRODUCT_CONTEXT('',#2,'mechanical');
#51 = PRODUCT_DEFINITION_CONTEXT('part definition',#2,'design');
#52 = ADVANCED_BREP_SHAPE_REPRESENTATION('',(#11,#53),#5524);
#53 = MANIFOLD_SOLID_BREP('',#54);
#54 = CLOSED_SHELL('',(#55,#446,#660,#716,#764,#817,#873,#921,#974,#1030
    ,#1078,#1131,#1318,#1367,#1416,#1443,#1682,#1738,#1830,#1922,#2014,
    #2106,#2134,#2167,#2200,#2287,#2379,#2471,#2563,#2619,#2667,#2720,
    #2776,#2824,#2877,#2928,#2956,#2984,#3043,#3091,#3145,#3204,#3252,
    #3306,#3365,#3413,#3467,#3526,#3574,#3605,#3700,#3759,#3807,#3861,
    #3920,#3968,#4022,#4081,#4129,#4183,#4242,#4290,#4342,#4349,#4382,
    #4414,#4446,#4478,#4505,#4561,#4609,#4660,#4667,#4699,#4731,#4763,
    #4848,#4904,#4996,#5088,#5116,#5193,#5270,#5321,#5349,#5377,#5405,
    #5433,#5461,#5489,#5517));
#55 = ADVANCED_FACE('',(#56),#70,.F.);
#56 = FACE_BOUND('',#57,.F.);
#57 = EDGE_LOOP('',(#58,#93,#121,#149,#177,#205,#231,#260,#286,#312,#341
    ,#367,#393,#422));
#58 = ORIENTED_EDGE('',*,*,#59,.T.);
#59 = EDGE_CURVE('',#60,#62,#64,.T.);
#60 = VERTEX_POINT('',#61);
#61 = CARTESIAN_POINT('',(19.3676547367,-19.3676547367,0.));
#62 = VERTEX_POINT('',#63);
#63 = CARTESIAN_POINT('',(35.39,-35.39,0.));
#64 = SURFACE_CURVE('',#65,(#69,#81),.PCURVE_S1.);
#65 = LINE('',#66,#67);
#66 = CARTESIAN_POINT('',(0.,0.,0.));
#67 = VECTOR('',#68,1.);
#68 = DIRECTION('',(0.707106781187,-0.707106781187,0.));
#69 = PCURVE('',#70,#75);
#70 = PLANE('',#71);
#71 = AXIS2_PLACEMENT_3D('',#72,#73,#74);
#72 = CARTESIAN_POINT('',(0.,0.,0.));
#73 = DIRECTION('',(0.,0.,1.));
#74 = DIRECTION('',(1.,0.,-0.));
#75 = DEFINITIONAL_REPRESENTATION('',(#76),#80);
#76 = LINE('',#77,#78);
#77 = CARTESIAN_POINT('',(0.,0.));
#78 = VECTOR('',#79,1.);
#79 = DIRECTION('',(0.707106781187,-0.707106781187));
#80 = ( GEOMETRIC_REPRESENTATION_CONTEXT(2) 
PARAMETRIC_REPRESENTATION_CONTEXT() REPRESENTATION_CONTEXT('2D SPACE',''
  ) );
#81 = PCURVE('',#82,#87);
#82 = PLANE('',#83);
#83 = AXIS2_PLACEMENT_3D('',#84,#85,#86);
#84 = CARTESIAN_POINT('',(0.,0.,0.));
#85 = DIRECTION('',(0.707106781187,0.707106781187,-0.));
#86 = DIRECTION('',(0.707106781187,-0.707106781187,0.));
#87 = DEFINITIONAL_REPRESENTATION('',(#88),#92);
#88 = LINE('',#89,#90);
#89 = CARTESIAN_POINT('',(0.,0.));
#90 = VECTOR('',#91,1.);
#91 = DIRECTION('',(1.,0.));
#92 = ( GEOMETRIC_REPRESENTATION_CONTEXT(2) 
PARAMETRIC_REPRESENTATION_CONTEXT() REPRESENTATION_CONTEXT('2D SPACE',''
  ) );
#93 = ORIENTED_EDGE('',*,*,#94,.T.);
#94 = EDGE_CURVE('',#62,#95,#97,.T.);
#95 = VERTEX_POINT('',#96);
#96 = CARTESIAN_POINT('',(39.39,-31.39,0.));
#97 = SURFACE_CURVE('',#98,(#102,#109),.PCURVE_S1.);
#98 = LINE('',#99,#100);
#99 = CARTESIAN_POINT('',(35.39,-35.39,0.));
#100 = VECTOR('',#101,1.);
#101 = DIRECTION('',(0.707106781187,0.707106781187,0.));
#102 = PCURVE('',#70,#103);
#103 = DEFINITIONAL_REPRESENTATION('',(#104),#108);
#104 = LINE('',#105,#106);
#105 = CARTESIAN_POINT('',(35.39,-35.39));
#106 = VECTOR('',#107,1.);
#107 = DIRECTION('',(0.707106781187,0.707106781187));
#108 = ( GEOMETRIC_REPRESENTATION_CONTEXT(2) 
PARAMETRIC_REPRESENTATION_CONTEXT() REPRESENTATION_CONTEXT('2D SPACE',''
  ) );
#109 = PCURVE('',#110,#115);
#110 = PLANE('',#111);
#111 = AXIS2_PLACEMENT_3D('',#112,#113,#114);
#112 = CARTESIAN_POINT('',(31.39,-39.39,0.));
#113 = DIRECTION('',(-0.707106781187,0.707106781187,0.));
#114 = DIRECTION('',(0.707106781187,0.707106781187,0.));
#115 = DEFINITIONAL_REPRESENTATION('',(#116),#120);
#116 = LINE('',#117,#118);
#117 = CARTESIAN_POINT('',(5.656854249492,0.));
#118 = VECTOR('',#119,1.);
#119 = DIRECTION('',(1.,0.));
#120 = ( GEOMETRIC_REPRESENTATION_CONTEXT(2) 
PARAMETRIC_REPRESENTATION_CONTEXT() REPRESENTATION_CONTEXT('2D SPACE',''
  ) );
#121 = ORIENTED_EDGE('',*,*,#122,.T.);
#122 = EDGE_CURVE('',#95,#123,#125,.T.);
#123 = VERTEX_POINT('',#124);
#124 = CARTESIAN_POINT('',(39.39,31.39,0.));
#125 = SURFACE_CURVE('',#126,(#130,#137),.PCURVE_S1.);
#126 = LINE('',#127,#128);
#127 = CARTESIAN_POINT('',(39.39,0.,0.));
#128 = VECTOR('',#129,1.);
#129 = DIRECTION('',(-0.,1.,0.));
#130 = PCURVE('',#70,#131);
#131 = DEFINITIONAL_REPRESENTATION('',(#132),#136);
#132 = LINE('',#133,#134);
#133 = CARTESIAN_POINT('',(39.39,0.));
#134 = VECTOR('',#135,1.);
#135 = DIRECTION('',(0.,1.));
#136 = ( GEOMETRIC_REPRESENTATION_CONTEXT(2) 
PARAMETRIC_REPRESENTATION_CONTEXT() REPRESENTATION_CONTEXT('2D SPACE',''
  ) );
#137 = PCURVE('',#138,#143);
#138 = PLANE('',#139);
#139 = AXIS2_PLACEMENT_3D('',#140,#141,#142);
#140 = CARTESIAN_POINT('',(39.39,-31.39,0.));
#141 = DIRECTION('',(-1.,-0.,0.));
#142 = DIRECTION('',(-0.,1.,0.));
#143 = DEFINITIONAL_REPRESENTATION('',(#144),#148);
#144 = LINE('',#145,#146);
#145 = CARTESIAN_POINT('',(31.39,0.));
#146 = VECTOR('',#147,1.);
#147 = DIRECTION('',(1.,0.));
#148 = ( GEOMETRIC_REPRESENTATION_CONTEXT(2) 
PARAMETRIC_REPRESENTATION_CONTEXT() REPRESENTATION_CONTEXT('2D SPACE',''
  ) );
#149 = ORIENTED_EDGE('',*,*,#150,.T.);
#150 = EDGE_CURVE('',#123,#151,#153,.T.);
#151 = VERTEX_POINT('',#152);
#152 = CARTESIAN_POINT('',(35.39,35.39,0.));
#153 = SURFACE_CURVE('',#154,(#158,#165),.PCURVE_S1.);
#154 = LINE('',#155,#156);
#155 = CARTESIAN_POINT('',(35.39,35.39,0.));
#156 = VECTOR('',#157,1.);
#157 = DIRECTION('',(-0.707106781187,0.707106781187,0.));
#158 = PCURVE('',#70,#159);
#159 = DEFINITIONAL_REPRESENTATION('',(#160),#164);
#160 = LINE('',#161,#162);
#161 = CARTESIAN_POINT('',(35.39,35.39));
#162 = VECTOR('',#163,1.);
#163 = DIRECTION('',(-0.707106781187,0.707106781187));
#164 = ( GEOMETRIC_REPRESENTATION_CONTEXT(2) 
PARAMETRIC_REPRESENTATION_CONTEXT() REPRESENTATION_CONTEXT('2D SPACE',''
  ) );
#165 = PCURVE('',#166,#171);
#166 = PLANE('',#167);
#167 = AXIS2_PLACEMENT_3D('',#168,#169,#170);
#168 = CARTESIAN_POINT('',(39.39,31.39,0.));
#169 = DIRECTION('',(-0.707106781187,-0.707106781187,0.));
#170 = DIRECTION('',(-0.707106781187,0.707106781187,0.));
#171 = DEFINITIONAL_REPRESENTATION('',(#172),#176);
#172 = LINE('',#173,#174);
#173 = CARTESIAN_POINT('',(5.656854249492,0.));
#174 = VECTOR('',#175,1.);
#175 = DIRECTION('',(1.,0.));
#176 = ( GEOMETRIC_REPRESENTATION_CONTEXT(2) 
PARAMETRIC_REPRESENTATION_CONTEXT() REPRESENTATION_CONTEXT('2D SPACE',''
  ) );
#177 = ORIENTED_EDGE('',*,*,#178,.T.);
#178 = EDGE_CURVE('',#151,#179,#181,.T.);
#179 = VERTEX_POINT('',#180);
#180 = CARTESIAN_POINT('',(19.3676547367,19.3676547367,0.));
#181 = SURFACE_CURVE('',#182,(#186,#193),.PCURVE_S1.);
#182 = LINE('',#183,#184);
#183 = CARTESIAN_POINT('',(78.78,78.78,0.));
#184 = VECTOR('',#185,1.);
#185 = DIRECTION('',(-0.707106781187,-0.707106781187,0.));
#186 = PCURVE('',#70,#187);
#187 = DEFINITIONAL_REPRESENTATION('',(#188),#192);
#188 = LINE('',#189,#190);
#189 = CARTESIAN_POINT('',(78.78,78.78));
#190 = VECTOR('',#191,1.);
#191 = DIRECTION('',(-0.707106781187,-0.707106781187));
#192 = ( GEOMETRIC_REPRESENTATION_CONTEXT(2) 
PARAMETRIC_REPRESENTATION_CONTEXT() REPRESENTATION_CONTEXT('2D SPACE',''
  ) );
#193 = PCURVE('',#194,#199);
#194 = PLANE('',#195);
#195 = AXIS2_PLACEMENT_3D('',#196,#197,#198);
#196 = CARTESIAN_POINT('',(78.78,78.78,0.));
#197 = DIRECTION('',(0.707106781187,-0.707106781187,0.));
#198 = DIRECTION('',(-0.707106781187,-0.707106781187,0.));
#199 = DEFINITIONAL_REPRESENTATION('',(#200),#204);
#200 = LINE('',#201,#202);
#201 = CARTESIAN_POINT('',(0.,0.));
#202 = VECTOR('',#203,1.);
#203 = DIRECTION('',(1.,0.));
#204 = ( GEOMETRIC_REPRESENTATION_CONTEXT(2) 
PARAMETRIC_REPRESENTATION_CONTEXT() REPRESENTATION_CONTEXT('2D SPACE',''
  ) );
#205 = ORIENTED_EDGE('',*,*,#206,.F.);
#206 = EDGE_CURVE('',#207,#179,#209,.T.);
#207 = VERTEX_POINT('',#208);
#208 = CARTESIAN_POINT('',(23.729343926502,18.986056378768,0.));
#209 = SURFACE_CURVE('',#210,(#214,#220),.PCURVE_S1.);
#210 = LINE('',#211,#212);
#211 = CARTESIAN_POINT('',(10.598176404611,20.134884675794,0.));
#212 = VECTOR('',#213,1.);
#213 = DIRECTION('',(-0.996194698092,8.715574274766E-02,0.));
#214 = PCURVE('',#70,#215);
#215 = DEFINITIONAL_REPRESENTATION('',(#216),#219);
#216 = B_SPLINE_CURVE_WITH_KNOTS('',1,(#217,#218),.UNSPECIFIED.,.F.,.F.,
  (2,2),(-13.18132644858,-8.802976314657),.PIECEWISE_BEZIER_KNOTS.);
#217 = CARTESIAN_POINT('',(23.729343926503,18.986056378768));
#218 = CARTESIAN_POINT('',(19.3676547367,19.3676547367));
#219 = ( GEOMETRIC_REPRESENTATION_CONTEXT(2) 
PARAMETRIC_REPRESENTATION_CONTEXT() REPRESENTATION_CONTEXT('2D SPACE',''
  ) );
#220 = PCURVE('',#221,#226);
#221 = PLANE('',#222);
#222 = AXIS2_PLACEMENT_3D('',#223,#224,#225);
#223 = CARTESIAN_POINT('',(19.3676547367,19.3676547367,-1.));
#224 = DIRECTION('',(8.715574274766E-02,0.996194698092,0.));
#225 = DIRECTION('',(0.996194698092,-8.715574274766E-02,0.));
#226 = DEFINITIONAL_REPRESENTATION('',(#227),#230);
#227 = B_SPLINE_CURVE_WITH_KNOTS('',1,(#228,#229),.UNSPECIFIED.,.F.,.F.,
  (2,2),(-13.18132644858,-8.802976314657),.PIECEWISE_BEZIER_KNOTS.);
#228 = CARTESIAN_POINT('',(4.378350133923,-1.));
#229 = CARTESIAN_POINT('',(0.,-1.));
#230 = ( GEOMETRIC_REPRESENTATION_CONTEXT(2) 
PARAMETRIC_REPRESENTATION_CONTEXT() REPRESENTATION_CONTEXT('2D SPACE',''
  ) );
#231 = ORIENTED_EDGE('',*,*,#232,.F.);
#232 = EDGE_CURVE('',#233,#207,#235,.T.);
#233 = VERTEX_POINT('',#234);
#234 = CARTESIAN_POINT('',(28.307079104948,11.057186466105,0.));
#235 = SURFACE_CURVE('',#236,(#241,#248),.PCURVE_S1.);
#236 = CIRCLE('',#237,30.39);
#237 = AXIS2_PLACEMENT_3D('',#238,#239,#240);
#238 = CARTESIAN_POINT('',(0.,0.,0.));
#239 = DIRECTION('',(0.,0.,1.));
#240 = DIRECTION('',(1.,0.,-0.));
#241 = PCURVE('',#70,#242);
#242 = DEFINITIONAL_REPRESENTATION('',(#243),#247);
#243 = CIRCLE('',#244,30.39);
#244 = AXIS2_PLACEMENT_2D('',#245,#246);
#245 = CARTESIAN_POINT('',(0.,0.));
#246 = DIRECTION('',(1.,0.));
#247 = ( GEOMETRIC_REPRESENTATION_CONTEXT(2) 
PARAMETRIC_REPRESENTATION_CONTEXT() REPRESENTATION_CONTEXT('2D SPACE',''
  ) );
#248 = PCURVE('',#249,#254);
#249 = CYLINDRICAL_SURFACE('',#250,30.39);
#250 = AXIS2_PLACEMENT_3D('',#251,#252,#253);
#251 = CARTESIAN_POINT('',(0.,0.,-1.));
#252 = DIRECTION('',(0.,0.,1.));
#253 = DIRECTION('',(1.,0.,-0.));
#254 = DEFINITIONAL_REPRESENTATION('',(#255),#259);
#255 = LINE('',#256,#257);
#256 = CARTESIAN_POINT('',(6.28318530718,1.));
#257 = VECTOR('',#258,1.);
#258 = DIRECTION('',(1.,0.));
#259 = ( GEOMETRIC_REPRESENTATION_CONTEXT(2) 
PARAMETRIC_REPRESENTATION_CONTEXT() REPRESENTATION_CONTEXT('2D SPACE',''
  ) );
#260 = ORIENTED_EDGE('',*,*,#261,.F.);
#261 = EDGE_CURVE('',#262,#233,#264,.T.);
#262 = VERTEX_POINT('',#263);
#263 = CARTESIAN_POINT('',(26.456708382058,7.089053645358,0.));
#264 = SURFACE_CURVE('',#265,(#269,#275),.PCURVE_S1.);
#265 = LINE('',#266,#267);
#266 = CARTESIAN_POINT('',(24.051364432725,1.930776899809,
    1.110223024625E-16));
#267 = VECTOR('',#268,1.);
#268 = DIRECTION('',(0.422618261741,0.906307787037,-0.));
#269 = PCURVE('',#70,#270);
#270 = DEFINITIONAL_REPRESENTATION('',(#271),#274);
#271 = B_SPLINE_CURVE_WITH_KNOTS('',1,(#272,#273),.UNSPECIFIED.,.F.,.F.,
  (2,2),(5.691528660936,10.069878794859),.PIECEWISE_BEZIER_KNOTS.);
#272 = CARTESIAN_POINT('',(26.456708382058,7.089053645358));
#273 = CARTESIAN_POINT('',(28.307079104948,11.057186466105));
#274 = ( GEOMETRIC_REPRESENTATION_CONTEXT(2) 
PARAMETRIC_REPRESENTATION_CONTEXT() REPRESENTATION_CONTEXT('2D SPACE',''
  ) );
#275 = PCURVE('',#276,#281);
#276 = PLANE('',#277);
#277 = AXIS2_PLACEMENT_3D('',#278,#279,#280);
#278 = CARTESIAN_POINT('',(29.086617579883,12.728912120406,-1.));
#279 = DIRECTION('',(0.906307787037,-0.422618261741,0.));
#280 = DIRECTION('',(-0.422618261741,-0.906307787037,0.));
#281 = DEFINITIONAL_REPRESENTATION('',(#282),#285);
#282 = B_SPLINE_CURVE_WITH_KNOTS('',1,(#283,#284),.UNSPECIFIED.,.F.,.F.,
  (2,2),(5.691528660936,10.069878794859),.PIECEWISE_BEZIER_KNOTS.);
#283 = CARTESIAN_POINT('',(6.222895307442,-1.));
#284 = CARTESIAN_POINT('',(1.844545173519,-1.));
#285 = ( GEOMETRIC_REPRESENTATION_CONTEXT(2) 
PARAMETRIC_REPRESENTATION_CONTEXT() REPRESENTATION_CONTEXT('2D SPACE',''
  ) );
#286 = ORIENTED_EDGE('',*,*,#287,.F.);
#287 = EDGE_CURVE('',#288,#262,#290,.T.);
#288 = VERTEX_POINT('',#289);
#289 = CARTESIAN_POINT('',(30.043242844873,4.577735178446,0.));
#290 = SURFACE_CURVE('',#291,(#295,#301),.PCURVE_S1.);
#291 = LINE('',#292,#293);
#292 = CARTESIAN_POINT('',(19.245732338079,12.138233429202,0.));
#293 = VECTOR('',#294,1.);
#294 = DIRECTION('',(-0.819152044289,0.573576436351,0.));
#295 = PCURVE('',#70,#296);
#296 = DEFINITIONAL_REPRESENTATION('',(#297),#300);
#297 = B_SPLINE_CURVE_WITH_KNOTS('',1,(#298,#299),.UNSPECIFIED.,.F.,.F.,
  (2,2),(-13.18132644858,-8.802976314657),.PIECEWISE_BEZIER_KNOTS.);
#298 = CARTESIAN_POINT('',(30.043242844873,4.577735178446));
#299 = CARTESIAN_POINT('',(26.456708382058,7.089053645358));
#300 = ( GEOMETRIC_REPRESENTATION_CONTEXT(2) 
PARAMETRIC_REPRESENTATION_CONTEXT() REPRESENTATION_CONTEXT('2D SPACE',''
  ) );
#301 = PCURVE('',#302,#307);
#302 = PLANE('',#303);
#303 = AXIS2_PLACEMENT_3D('',#304,#305,#306);
#304 = CARTESIAN_POINT('',(26.456708382058,7.089053645358,-1.));
#305 = DIRECTION('',(0.573576436351,0.819152044289,0.));
#306 = DIRECTION('',(0.819152044289,-0.573576436351,0.));
#307 = DEFINITIONAL_REPRESENTATION('',(#308),#311);
#308 = B_SPLINE_CURVE_WITH_KNOTS('',1,(#309,#310),.UNSPECIFIED.,.F.,.F.,
  (2,2),(-13.18132644858,-8.802976314657),.PIECEWISE_BEZIER_KNOTS.);
#309 = CARTESIAN_POINT('',(4.378350133922,-1.));
#310 = CARTESIAN_POINT('',(0.,-1.));
#311 = ( GEOMETRIC_REPRESENTATION_CONTEXT(2) 
PARAMETRIC_REPRESENTATION_CONTEXT() REPRESENTATION_CONTEXT('2D SPACE',''
  ) );
#312 = ORIENTED_EDGE('',*,*,#313,.F.);
#313 = EDGE_CURVE('',#314,#288,#316,.T.);
#314 = VERTEX_POINT('',#315);
#315 = CARTESIAN_POINT('',(30.043242844873,-4.577735178446,0.));
#316 = SURFACE_CURVE('',#317,(#322,#329),.PCURVE_S1.);
#317 = CIRCLE('',#318,30.39);
#318 = AXIS2_PLACEMENT_3D('',#319,#320,#321);
#319 = CARTESIAN_POINT('',(0.,0.,0.));
#320 = DIRECTION('',(0.,0.,1.));
#321 = DIRECTION('',(1.,0.,-0.));
#322 = PCURVE('',#70,#323);
#323 = DEFINITIONAL_REPRESENTATION('',(#324),#328);
#324 = CIRCLE('',#325,30.39);
#325 = AXIS2_PLACEMENT_2D('',#326,#327);
#326 = CARTESIAN_POINT('',(0.,0.));
#327 = DIRECTION('',(1.,0.));
#328 = ( GEOMETRIC_REPRESENTATION_CONTEXT(2) 
PARAMETRIC_REPRESENTATION_CONTEXT() REPRESENTATION_CONTEXT('2D SPACE',''
  ) );
#329 = PCURVE('',#330,#335);
#330 = CYLINDRICAL_SURFACE('',#331,30.39);
#331 = AXIS2_PLACEMENT_3D('',#332,#333,#334);
#332 = CARTESIAN_POINT('',(0.,0.,-1.));
#333 = DIRECTION('',(0.,0.,1.));
#334 = DIRECTION('',(1.,0.,-0.));
#335 = DEFINITIONAL_REPRESENTATION('',(#336),#340);
#336 = LINE('',#337,#338);
#337 = CARTESIAN_POINT('',(0.,1.));
#338 = VECTOR('',#339,1.);
#339 = DIRECTION('',(1.,0.));
#340 = ( GEOMETRIC_REPRESENTATION_CONTEXT(2) 
PARAMETRIC_REPRESENTATION_CONTEXT() REPRESENTATION_CONTEXT('2D SPACE',''
  ) );
#341 = ORIENTED_EDGE('',*,*,#342,.F.);
#342 = EDGE_CURVE('',#343,#314,#345,.T.);
#343 = VERTEX_POINT('',#344);
#344 = CARTESIAN_POINT('',(26.456708382058,-7.089053645358,0.));
#345 = SURFACE_CURVE('',#346,(#350,#356),.PCURVE_S1.);
#346 = LINE('',#347,#348);
#347 = CARTESIAN_POINT('',(21.794481044322,-10.35358037208,
    1.110223024625E-16));
#348 = VECTOR('',#349,1.);
#349 = DIRECTION('',(0.819152044289,0.573576436351,-0.));
#350 = PCURVE('',#70,#351);
#351 = DEFINITIONAL_REPRESENTATION('',(#352),#355);
#352 = B_SPLINE_CURVE_WITH_KNOTS('',1,(#353,#354),.UNSPECIFIED.,.F.,.F.,
  (2,2),(5.691528660936,10.069878794859),.PIECEWISE_BEZIER_KNOTS.);
#353 = CARTESIAN_POINT('',(26.456708382058,-7.089053645358));
#354 = CARTESIAN_POINT('',(30.043242844873,-4.577735178446));
#355 = ( GEOMETRIC_REPRESENTATION_CONTEXT(2) 
PARAMETRIC_REPRESENTATION_CONTEXT() REPRESENTATION_CONTEXT('2D SPACE',''
  ) );
#356 = PCURVE('',#357,#362);
#357 = PLANE('',#358);
#358 = AXIS2_PLACEMENT_3D('',#359,#360,#361);
#359 = CARTESIAN_POINT('',(31.554205794545,-3.51974753113,-1.));
#360 = DIRECTION('',(0.573576436351,-0.819152044289,0.));
#361 = DIRECTION('',(-0.819152044289,-0.573576436351,0.));
#362 = DEFINITIONAL_REPRESENTATION('',(#363),#366);
#363 = B_SPLINE_CURVE_WITH_KNOTS('',1,(#364,#365),.UNSPECIFIED.,.F.,.F.,
  (2,2),(5.691528660936,10.069878794859),.PIECEWISE_BEZIER_KNOTS.);
#364 = CARTESIAN_POINT('',(6.222895307442,-1.));
#365 = CARTESIAN_POINT('',(1.844545173519,-1.));
#366 = ( GEOMETRIC_REPRESENTATION_CONTEXT(2) 
PARAMETRIC_REPRESENTATION_CONTEXT() REPRESENTATION_CONTEXT('2D SPACE',''
  ) );
#367 = ORIENTED_EDGE('',*,*,#368,.F.);
#368 = EDGE_CURVE('',#369,#343,#371,.T.);
#369 = VERTEX_POINT('',#370);
#370 = CARTESIAN_POINT('',(28.307079104948,-11.0571864661,0.));
#371 = SURFACE_CURVE('',#372,(#376,#382),.PCURVE_S1.);
#372 = LINE('',#373,#374);
#373 = CARTESIAN_POINT('',(22.736409833813,0.889152337715,0.));
#374 = VECTOR('',#375,1.);
#375 = DIRECTION('',(-0.422618261741,0.906307787037,0.));
#376 = PCURVE('',#70,#377);
#377 = DEFINITIONAL_REPRESENTATION('',(#378),#381);
#378 = B_SPLINE_CURVE_WITH_KNOTS('',1,(#379,#380),.UNSPECIFIED.,.F.,.F.,
  (2,2),(-13.18132644858,-8.802976314657),.PIECEWISE_BEZIER_KNOTS.);
#379 = CARTESIAN_POINT('',(28.307079104948,-11.0571864661));
#380 = CARTESIAN_POINT('',(26.456708382058,-7.089053645358));
#381 = ( GEOMETRIC_REPRESENTATION_CONTEXT(2) 
PARAMETRIC_REPRESENTATION_CONTEXT() REPRESENTATION_CONTEXT('2D SPACE',''
  ) );
#382 = PCURVE('',#383,#388);
#383 = PLANE('',#384);
#384 = AXIS2_PLACEMENT_3D('',#385,#386,#387);
#385 = CARTESIAN_POINT('',(26.456708382058,-7.089053645358,-1.));
#386 = DIRECTION('',(0.906307787037,0.422618261741,0.));
#387 = DIRECTION('',(0.422618261741,-0.906307787037,0.));
#388 = DEFINITIONAL_REPRESENTATION('',(#389),#392);
#389 = B_SPLINE_CURVE_WITH_KNOTS('',1,(#390,#391),.UNSPECIFIED.,.F.,.F.,
  (2,2),(-13.18132644858,-8.802976314657),.PIECEWISE_BEZIER_KNOTS.);
#390 = CARTESIAN_POINT('',(4.378350133922,-1.));
#391 = CARTESIAN_POINT('',(-3.552713678801E-15,-1.));
#392 = ( GEOMETRIC_REPRESENTATION_CONTEXT(2) 
PARAMETRIC_REPRESENTATION_CONTEXT() REPRESENTATION_CONTEXT('2D SPACE',''
  ) );
#393 = ORIENTED_EDGE('',*,*,#394,.F.);
#394 = EDGE_CURVE('',#395,#369,#397,.T.);
#395 = VERTEX_POINT('',#396);
#396 = CARTESIAN_POINT('',(23.729343926502,-18.98605637876,0.));
#397 = SURFACE_CURVE('',#398,(#403,#410),.PCURVE_S1.);
#398 = CIRCLE('',#399,30.39);
#399 = AXIS2_PLACEMENT_3D('',#400,#401,#402);
#400 = CARTESIAN_POINT('',(0.,0.,0.));
#401 = DIRECTION('',(0.,0.,1.));
#402 = DIRECTION('',(1.,0.,-0.));
#403 = PCURVE('',#70,#404);
#404 = DEFINITIONAL_REPRESENTATION('',(#405),#409);
#405 = CIRCLE('',#406,30.39);
#406 = AXIS2_PLACEMENT_2D('',#407,#408);
#407 = CARTESIAN_POINT('',(0.,0.));
#408 = DIRECTION('',(1.,0.));
#409 = ( GEOMETRIC_REPRESENTATION_CONTEXT(2) 
PARAMETRIC_REPRESENTATION_CONTEXT() REPRESENTATION_CONTEXT('2D SPACE',''
  ) );
#410 = PCURVE('',#411,#416);
#411 = CYLINDRICAL_SURFACE('',#412,30.39);
#412 = AXIS2_PLACEMENT_3D('',#413,#414,#415);
#413 = CARTESIAN_POINT('',(0.,0.,-1.));
#414 = DIRECTION('',(0.,0.,1.));
#415 = DIRECTION('',(1.,0.,-0.));
#416 = DEFINITIONAL_REPRESENTATION('',(#417),#421);
#417 = LINE('',#418,#419);
#418 = CARTESIAN_POINT('',(0.,1.));
#419 = VECTOR('',#420,1.);
#420 = DIRECTION('',(1.,0.));
#421 = ( GEOMETRIC_REPRESENTATION_CONTEXT(2) 
PARAMETRIC_REPRESENTATION_CONTEXT() REPRESENTATION_CONTEXT('2D SPACE',''
  ) );
#422 = ORIENTED_EDGE('',*,*,#423,.F.);
#423 = EDGE_CURVE('',#60,#395,#424,.T.);
#424 = SURFACE_CURVE('',#425,(#429,#435),.PCURVE_S1.);
#425 = LINE('',#426,#427);
#426 = CARTESIAN_POINT('',(13.697784060638,-19.86370414451,0.));
#427 = VECTOR('',#428,1.);
#428 = DIRECTION('',(0.996194698092,8.715574274766E-02,-0.));
#429 = PCURVE('',#70,#430);
#430 = DEFINITIONAL_REPRESENTATION('',(#431),#434);
#431 = B_SPLINE_CURVE_WITH_KNOTS('',1,(#432,#433),.UNSPECIFIED.,.F.,.F.,
  (2,2),(5.691528660936,10.069878794859),.PIECEWISE_BEZIER_KNOTS.);
#432 = CARTESIAN_POINT('',(19.3676547367,-19.3676547367));
#433 = CARTESIAN_POINT('',(23.729343926503,-18.98605637876));
#434 = ( GEOMETRIC_REPRESENTATION_CONTEXT(2) 
PARAMETRIC_REPRESENTATION_CONTEXT() REPRESENTATION_CONTEXT('2D SPACE',''
  ) );
#435 = PCURVE('',#436,#441);
#436 = PLANE('',#437);
#437 = AXIS2_PLACEMENT_3D('',#438,#439,#440);
#438 = CARTESIAN_POINT('',(25.566870048753,-18.82529367413,-1.));
#439 = DIRECTION('',(8.715574274766E-02,-0.996194698092,0.));
#440 = DIRECTION('',(-0.996194698092,-8.715574274766E-02,0.));
#441 = DEFINITIONAL_REPRESENTATION('',(#442),#445);
#442 = B_SPLINE_CURVE_WITH_KNOTS('',1,(#443,#444),.UNSPECIFIED.,.F.,.F.,
  (2,2),(5.691528660936,10.069878794859),.PIECEWISE_BEZIER_KNOTS.);
#443 = CARTESIAN_POINT('',(6.222895307442,-1.));
#444 = CARTESIAN_POINT('',(1.844545173519,-1.));
#445 = ( GEOMETRIC_REPRESENTATION_CONTEXT(2) 
PARAMETRIC_REPRESENTATION_CONTEXT() REPRESENTATION_CONTEXT('2D SPACE',''
  ) );
#446 = ADVANCED_FACE('',(#447),#82,.F.);
#447 = FACE_BOUND('',#448,.F.);
#448 = EDGE_LOOP('',(#449,#450,#473,#501,#529,#557,#585,#613,#641));
#449 = ORIENTED_EDGE('',*,*,#59,.F.);
#450 = ORIENTED_EDGE('',*,*,#451,.T.);
#451 = EDGE_CURVE('',#60,#452,#454,.T.);
#452 = VERTEX_POINT('',#453);
#453 = CARTESIAN_POINT('',(19.3676547367,-19.3676547367,16.666666666667)
  );
#454 = SURFACE_CURVE('',#455,(#459,#466),.PCURVE_S1.);
#455 = LINE('',#456,#457);
#456 = CARTESIAN_POINT('',(19.3676547367,-19.3676547367,-1.));
#457 = VECTOR('',#458,1.);
#458 = DIRECTION('',(0.,0.,1.));
#459 = PCURVE('',#82,#460);
#460 = DEFINITIONAL_REPRESENTATION('',(#461),#465);
#461 = LINE('',#462,#463);
#462 = CARTESIAN_POINT('',(27.39,1.));
#463 = VECTOR('',#464,1.);
#464 = DIRECTION('',(0.,-1.));
#465 = ( GEOMETRIC_REPRESENTATION_CONTEXT(2) 
PARAMETRIC_REPRESENTATION_CONTEXT() REPRESENTATION_CONTEXT('2D SPACE',''
  ) );
#466 = PCURVE('',#436,#467);
#467 = DEFINITIONAL_REPRESENTATION('',(#468),#472);
#468 = LINE('',#469,#470);
#469 = CARTESIAN_POINT('',(6.222895307442,0.));
#470 = VECTOR('',#471,1.);
#471 = DIRECTION('',(0.,-1.));
#472 = ( GEOMETRIC_REPRESENTATION_CONTEXT(2) 
PARAMETRIC_REPRESENTATION_CONTEXT() REPRESENTATION_CONTEXT('2D SPACE',''
  ) );
#473 = ORIENTED_EDGE('',*,*,#474,.T.);
#474 = EDGE_CURVE('',#452,#475,#477,.T.);
#475 = VERTEX_POINT('',#476);
#476 = CARTESIAN_POINT('',(19.3676547367,-19.3676547367,33.333333333333)
  );
#477 = SURFACE_CURVE('',#478,(#482,#489),.PCURVE_S1.);
#478 = LINE('',#479,#480);
#479 = CARTESIAN_POINT('',(19.3676547367,-19.3676547367,-1.));
#480 = VECTOR('',#481,1.);
#481 = DIRECTION('',(0.,0.,1.));
#482 = PCURVE('',#82,#483);
#483 = DEFINITIONAL_REPRESENTATION('',(#484),#488);
#484 = LINE('',#485,#486);
#485 = CARTESIAN_POINT('',(27.39,1.));
#486 = VECTOR('',#487,1.);
#487 = DIRECTION('',(0.,-1.));
#488 = ( GEOMETRIC_REPRESENTATION_CONTEXT(2) 
PARAMETRIC_REPRESENTATION_CONTEXT() REPRESENTATION_CONTEXT('2D SPACE',''
  ) );
#489 = PCURVE('',#490,#495);
#490 = PLANE('',#491);
#491 = AXIS2_PLACEMENT_3D('',#492,#493,#494);
#492 = CARTESIAN_POINT('',(25.566870048753,-18.82529367413,-1.));
#493 = DIRECTION('',(8.715574274766E-02,-0.996194698092,0.));
#494 = DIRECTION('',(-0.996194698092,-8.715574274766E-02,0.));
#495 = DEFINITIONAL_REPRESENTATION('',(#496),#500);
#496 = LINE('',#497,#498);
#497 = CARTESIAN_POINT('',(6.222895307442,0.));
#498 = VECTOR('',#499,1.);
#499 = DIRECTION('',(0.,-1.));
#500 = ( GEOMETRIC_REPRESENTATION_CONTEXT(2) 
PARAMETRIC_REPRESENTATION_CONTEXT() REPRESENTATION_CONTEXT('2D SPACE',''
  ) );
#501 = ORIENTED_EDGE('',*,*,#502,.T.);
#502 = EDGE_CURVE('',#475,#503,#505,.T.);
#503 = VERTEX_POINT('',#504);
#504 = CARTESIAN_POINT('',(19.3676547367,-19.3676547367,50.));
#505 = SURFACE_CURVE('',#506,(#510,#517),.PCURVE_S1.);
#506 = LINE('',#507,#508);
#507 = CARTESIAN_POINT('',(19.3676547367,-19.3676547367,-1.));
#508 = VECTOR('',#509,1.);
#509 = DIRECTION('',(0.,0.,1.));
#510 = PCURVE('',#82,#511);
#511 = DEFINITIONAL_REPRESENTATION('',(#512),#516);
#512 = LINE('',#513,#514);
#513 = CARTESIAN_POINT('',(27.39,1.));
#514 = VECTOR('',#515,1.);
#515 = DIRECTION('',(0.,-1.));
#516 = ( GEOMETRIC_REPRESENTATION_CONTEXT(2) 
PARAMETRIC_REPRESENTATION_CONTEXT() REPRESENTATION_CONTEXT('2D SPACE',''
  ) );
#517 = PCURVE('',#518,#523);
#518 = PLANE('',#519);
#519 = AXIS2_PLACEMENT_3D('',#520,#521,#522);
#520 = CARTESIAN_POINT('',(25.566870048753,-18.82529367413,-1.));
#521 = DIRECTION('',(8.715574274766E-02,-0.996194698092,0.));
#522 = DIRECTION('',(-0.996194698092,-8.715574274766E-02,0.));
#523 = DEFINITIONAL_REPRESENTATION('',(#524),#528);
#524 = LINE('',#525,#526);
#525 = CARTESIAN_POINT('',(6.222895307442,0.));
#526 = VECTOR('',#527,1.);
#527 = DIRECTION('',(0.,-1.));
#528 = ( GEOMETRIC_REPRESENTATION_CONTEXT(2) 
PARAMETRIC_REPRESENTATION_CONTEXT() REPRESENTATION_CONTEXT('2D SPACE',''
  ) );
#529 = ORIENTED_EDGE('',*,*,#530,.T.);
#530 = EDGE_CURVE('',#503,#531,#533,.T.);
#531 = VERTEX_POINT('',#532);
#532 = CARTESIAN_POINT('',(19.3676547367,-19.3676547367,66.666666666667)
  );
#533 = SURFACE_CURVE('',#534,(#538,#545),.PCURVE_S1.);
#534 = LINE('',#535,#536);
#535 = CARTESIAN_POINT('',(19.3676547367,-19.3676547367,-1.));
#536 = VECTOR('',#537,1.);
#537 = DIRECTION('',(0.,0.,1.));
#538 = PCURVE('',#82,#539);
#539 = DEFINITIONAL_REPRESENTATION('',(#540),#544);
#540 = LINE('',#541,#542);
#541 = CARTESIAN_POINT('',(27.39,1.));
#542 = VECTOR('',#543,1.);
#543 = DIRECTION('',(0.,-1.));
#544 = ( GEOMETRIC_REPRESENTATION_CONTEXT(2) 
PARAMETRIC_REPRESENTATION_CONTEXT() REPRESENTATION_CONTEXT('2D SPACE',''
  ) );
#545 = PCURVE('',#546,#551);
#546 = PLANE('',#547);
#547 = AXIS2_PLACEMENT_3D('',#548,#549,#550);
#548 = CARTESIAN_POINT('',(25.566870048753,-18.82529367413,-1.));
#549 = DIRECTION('',(8.715574274766E-02,-0.996194698092,0.));
#550 = DIRECTION('',(-0.996194698092,-8.715574274766E-02,0.));
#551 = DEFINITIONAL_REPRESENTATION('',(#552),#556);
#552 = LINE('',#553,#554);
#553 = CARTESIAN_POINT('',(6.222895307442,0.));
#554 = VECTOR('',#555,1.);
#555 = DIRECTION('',(0.,-1.));
#556 = ( GEOMETRIC_REPRESENTATION_CONTEXT(2) 
PARAMETRIC_REPRESENTATION_CONTEXT() REPRESENTATION_CONTEXT('2D SPACE',''
  ) );
#557 = ORIENTED_EDGE('',*,*,#558,.T.);
#558 = EDGE_CURVE('',#531,#559,#561,.T.);
#559 = VERTEX_POINT('',#560);
#560 = CARTESIAN_POINT('',(19.3676547367,-19.3676547367,83.333333333333)
  );
#561 = SURFACE_CURVE('',#562,(#566,#573),.PCURVE_S1.);
#562 = LINE('',#563,#564);
#563 = CARTESIAN_POINT('',(19.3676547367,-19.3676547367,-1.));
#564 = VECTOR('',#565,1.);
#565 = DIRECTION('',(0.,0.,1.));
#566 = PCURVE('',#82,#567);
#567 = DEFINITIONAL_REPRESENTATION('',(#568),#572);
#568 = LINE('',#569,#570);
#569 = CARTESIAN_POINT('',(27.39,1.));
#570 = VECTOR('',#571,1.);
#571 = DIRECTION('',(0.,-1.));
#572 = ( GEOMETRIC_REPRESENTATION_CONTEXT(2) 
PARAMETRIC_REPRESENTATION_CONTEXT() REPRESENTATION_CONTEXT('2D SPACE',''
  ) );
#573 = PCURVE('',#574,#579);
#574 = PLANE('',#575);
#575 = AXIS2_PLACEMENT_3D('',#576,#577,#578);
#576 = CARTESIAN_POINT('',(25.566870048753,-18.82529367413,-1.));
#577 = DIRECTION('',(8.715574274766E-02,-0.996194698092,0.));
#578 = DIRECTION('',(-0.996194698092,-8.715574274766E-02,0.));
#579 = DEFINITIONAL_REPRESENTATION('',(#580),#584);
#580 = LINE('',#581,#582);
#581 = CARTESIAN_POINT('',(6.222895307442,0.));
#582 = VECTOR('',#583,1.);
#583 = DIRECTION('',(0.,-1.));
#584 = ( GEOMETRIC_REPRESENTATION_CONTEXT(2) 
PARAMETRIC_REPRESENTATION_CONTEXT() REPRESENTATION_CONTEXT('2D SPACE',''
  ) );
#585 = ORIENTED_EDGE('',*,*,#586,.T.);
#586 = EDGE_CURVE('',#559,#587,#589,.T.);
#587 = VERTEX_POINT('',#588);
#588 = CARTESIAN_POINT('',(19.3676547367,-19.3676547367,100.));
#589 = SURFACE_CURVE('',#590,(#594,#601),.PCURVE_S1.);
#590 = LINE('',#591,#592);
#591 = CARTESIAN_POINT('',(19.3676547367,-19.3676547367,-1.));
#592 = VECTOR('',#593,1.);
#593 = DIRECTION('',(0.,0.,1.));
#594 = PCURVE('',#82,#595);
#595 = DEFINITIONAL_REPRESENTATION('',(#596),#600);
#596 = LINE('',#597,#598);
#597 = CARTESIAN_POINT('',(27.39,1.));
#598 = VECTOR('',#599,1.);
#599 = DIRECTION('',(0.,-1.));
#600 = ( GEOMETRIC_REPRESENTATION_CONTEXT(2) 
PARAMETRIC_REPRESENTATION_CONTEXT() REPRESENTATION_CONTEXT('2D SPACE',''
  ) );
#601 = PCURVE('',#602,#607);
#602 = PLANE('',#603);
#603 = AXIS2_PLACEMENT_3D('',#604,#605,#606);
#604 = CARTESIAN_POINT('',(25.566870048753,-18.82529367413,-1.));
#605 = DIRECTION('',(8.715574274766E-02,-0.996194698092,0.));
#606 = DIRECTION('',(-0.996194698092,-8.715574274766E-02,0.));
#607 = DEFINITIONAL_REPRESENTATION('',(#608),#612);
#608 = LINE('',#609,#610);
#609 = CARTESIAN_POINT('',(6.222895307442,0.));
#610 = VECTOR('',#611,1.);
#611 = DIRECTION('',(0.,-1.));
#612 = ( GEOMETRIC_REPRESENTATION_CONTEXT(2) 
PARAMETRIC_REPRESENTATION_CONTEXT() REPRESENTATION_CONTEXT('2D SPACE',''
  ) );
#613 = ORIENTED_EDGE('',*,*,#614,.T.);
#614 = EDGE_CURVE('',#587,#615,#617,.T.);
#615 = VERTEX_POINT('',#616);
#616 = CARTESIAN_POINT('',(35.39,-35.39,100.));
#617 = SURFACE_CURVE('',#618,(#622,#629),.PCURVE_S1.);
#618 = LINE('',#619,#620);
#619 = CARTESIAN_POINT('',(0.,0.,100.));
#620 = VECTOR('',#621,1.);
#621 = DIRECTION('',(0.707106781187,-0.707106781187,0.));
#622 = PCURVE('',#82,#623);
#623 = DEFINITIONAL_REPRESENTATION('',(#624),#628);
#624 = LINE('',#625,#626);
#625 = CARTESIAN_POINT('',(0.,-100.));
#626 = VECTOR('',#627,1.);
#627 = DIRECTION('',(1.,0.));
#628 = ( GEOMETRIC_REPRESENTATION_CONTEXT(2) 
PARAMETRIC_REPRESENTATION_CONTEXT() REPRESENTATION_CONTEXT('2D SPACE',''
  ) );
#629 = PCURVE('',#630,#635);
#630 = PLANE('',#631);
#631 = AXIS2_PLACEMENT_3D('',#632,#633,#634);
#632 = CARTESIAN_POINT('',(0.,0.,100.));
#633 = DIRECTION('',(0.,0.,1.));
#634 = DIRECTION('',(1.,0.,-0.));
#635 = DEFINITIONAL_REPRESENTATION('',(#636),#640);
#636 = LINE('',#637,#638);
#637 = CARTESIAN_POINT('',(0.,0.));
#638 = VECTOR('',#639,1.);
#639 = DIRECTION('',(0.707106781187,-0.707106781187));
#640 = ( GEOMETRIC_REPRESENTATION_CONTEXT(2) 
PARAMETRIC_REPRESENTATION_CONTEXT() REPRESENTATION_CONTEXT('2D SPACE',''
  ) );
#641 = ORIENTED_EDGE('',*,*,#642,.T.);
#642 = EDGE_CURVE('',#615,#62,#643,.T.);
#643 = SURFACE_CURVE('',#644,(#648,#654),.PCURVE_S1.);
#644 = LINE('',#645,#646);
#645 = CARTESIAN_POINT('',(35.39,-35.39,0.));
#646 = VECTOR('',#647,1.);
#647 = DIRECTION('',(-0.,0.,-1.));
#648 = PCURVE('',#82,#649);
#649 = DEFINITIONAL_REPRESENTATION('',(#650),#653);
#650 = B_SPLINE_CURVE_WITH_KNOTS('',1,(#651,#652),.UNSPECIFIED.,.F.,.F.,
  (2,2),(-100.,0.),.PIECEWISE_BEZIER_KNOTS.);
#651 = CARTESIAN_POINT('',(50.049017972384,-100.));
#652 = CARTESIAN_POINT('',(50.049017972384,0.));
#653 = ( GEOMETRIC_REPRESENTATION_CONTEXT(2) 
PARAMETRIC_REPRESENTATION_CONTEXT() REPRESENTATION_CONTEXT('2D SPACE',''
  ) );
#654 = PCURVE('',#110,#655);
#655 = DEFINITIONAL_REPRESENTATION('',(#656),#659);
#656 = B_SPLINE_CURVE_WITH_KNOTS('',1,(#657,#658),.UNSPECIFIED.,.F.,.F.,
  (2,2),(-100.,0.),.PIECEWISE_BEZIER_KNOTS.);
#657 = CARTESIAN_POINT('',(5.656854249492,-100.));
#658 = CARTESIAN_POINT('',(5.656854249492,0.));
#659 = ( GEOMETRIC_REPRESENTATION_CONTEXT(2) 
PARAMETRIC_REPRESENTATION_CONTEXT() REPRESENTATION_CONTEXT('2D SPACE',''
  ) );
#660 = ADVANCED_FACE('',(#661),#436,.F.);
#661 = FACE_BOUND('',#662,.F.);
#662 = EDGE_LOOP('',(#663,#664,#685,#715));
#663 = ORIENTED_EDGE('',*,*,#423,.T.);
#664 = ORIENTED_EDGE('',*,*,#665,.T.);
#665 = EDGE_CURVE('',#395,#666,#668,.T.);
#666 = VERTEX_POINT('',#667);
#667 = CARTESIAN_POINT('',(23.729343926502,-18.98605637876,
    13.091405888884));
#668 = SURFACE_CURVE('',#669,(#673,#679),.PCURVE_S1.);
#669 = LINE('',#670,#671);
#670 = CARTESIAN_POINT('',(23.729343926502,-18.98605637876,-1.));
#671 = VECTOR('',#672,1.);
#672 = DIRECTION('',(0.,0.,1.));
#673 = PCURVE('',#436,#674);
#674 = DEFINITIONAL_REPRESENTATION('',(#675),#678);
#675 = B_SPLINE_CURVE_WITH_KNOTS('',1,(#676,#677),.UNSPECIFIED.,.F.,.F.,
  (2,2),(-5.999999999062E-07,102.0000006),.PIECEWISE_BEZIER_KNOTS.);
#676 = CARTESIAN_POINT('',(1.844545173519,5.999999999062E-07));
#677 = CARTESIAN_POINT('',(1.844545173519,-102.0000006));
#678 = ( GEOMETRIC_REPRESENTATION_CONTEXT(2) 
PARAMETRIC_REPRESENTATION_CONTEXT() REPRESENTATION_CONTEXT('2D SPACE',''
  ) );
#679 = PCURVE('',#411,#680);
#680 = DEFINITIONAL_REPRESENTATION('',(#681),#684);
#681 = B_SPLINE_CURVE_WITH_KNOTS('',1,(#682,#683),.UNSPECIFIED.,.F.,.F.,
  (2,2),(-5.999999999062E-07,102.0000006),.PIECEWISE_BEZIER_KNOTS.);
#682 = CARTESIAN_POINT('',(5.608378040247,-5.999999999062E-07));
#683 = CARTESIAN_POINT('',(5.608378040247,102.0000006));
#684 = ( GEOMETRIC_REPRESENTATION_CONTEXT(2) 
PARAMETRIC_REPRESENTATION_CONTEXT() REPRESENTATION_CONTEXT('2D SPACE',''
  ) );
#685 = ORIENTED_EDGE('',*,*,#686,.F.);
#686 = EDGE_CURVE('',#452,#666,#687,.T.);
#687 = SURFACE_CURVE('',#688,(#693,#700),.PCURVE_S1.);
#688 = HYPERBOLA('',#689,25.005322988392,20.981957297029);
#689 = AXIS2_PLACEMENT_3D('',#690,#691,#692);
#690 = CARTESIAN_POINT('',(1.828698072522,-20.90211461488,
    49.308797567822));
#691 = DIRECTION('',(8.715574274766E-02,-0.996194698092,0.));
#692 = DIRECTION('',(0.,-0.,-1.));
#693 = PCURVE('',#436,#694);
#694 = DEFINITIONAL_REPRESENTATION('',(#695),#699);
#695 = ( BOUNDED_CURVE() B_SPLINE_CURVE(2,(#696,#697,#698),
.UNSPECIFIED.,.F.,.F.) B_SPLINE_CURVE_WITH_KNOTS((3,3),(0.762909652067,
0.929085588136),.PIECEWISE_BEZIER_KNOTS.) CURVE() 
GEOMETRIC_REPRESENTATION_ITEM() RATIONAL_B_SPLINE_CURVE((1.,1.0034537915
,1.)) REPRESENTATION_ITEM('') );
#696 = CARTESIAN_POINT('',(6.222895307442,-17.66666666666));
#697 = CARTESIAN_POINT('',(3.952338473076,-15.92731922091));
#698 = CARTESIAN_POINT('',(1.406710160127,-13.71216569351));
#699 = ( GEOMETRIC_REPRESENTATION_CONTEXT(2) 
PARAMETRIC_REPRESENTATION_CONTEXT() REPRESENTATION_CONTEXT('2D SPACE',''
  ) );
#700 = PCURVE('',#701,#706);
#701 = CONICAL_SURFACE('',#702,27.39,0.698131700798);
#702 = AXIS2_PLACEMENT_3D('',#703,#704,#705);
#703 = CARTESIAN_POINT('',(0.,0.,16.666666666667));
#704 = DIRECTION('',(-0.,-0.,-1.));
#705 = DIRECTION('',(1.,0.,0.));
#706 = DEFINITIONAL_REPRESENTATION('',(#707),#714);
#707 = B_SPLINE_CURVE_WITH_KNOTS('',5,(#708,#709,#710,#711,#712,#713),
  .UNSPECIFIED.,.F.,.F.,(6,6),(0.762909652067,0.929085588136),
  .PIECEWISE_BEZIER_KNOTS.);
#708 = CARTESIAN_POINT('',(-5.497787143782,2.084817967448E-15));
#709 = CARTESIAN_POINT('',(-5.523246774263,0.697339278879));
#710 = CARTESIAN_POINT('',(-5.548026532826,1.439748246886));
#711 = CARTESIAN_POINT('',(-5.572116238827,2.228831767346));
#712 = CARTESIAN_POINT('',(-5.595513634706,3.06640149241));
#713 = CARTESIAN_POINT('',(-5.618222188699,3.954500973152));
#714 = ( GEOMETRIC_REPRESENTATION_CONTEXT(2) 
PARAMETRIC_REPRESENTATION_CONTEXT() REPRESENTATION_CONTEXT('2D SPACE',''
  ) );
#715 = ORIENTED_EDGE('',*,*,#451,.F.);
#716 = ADVANCED_FACE('',(#717),#411,.F.);
#717 = FACE_BOUND('',#718,.F.);
#718 = EDGE_LOOP('',(#719,#720,#721,#742));
#719 = ORIENTED_EDGE('',*,*,#665,.F.);
#720 = ORIENTED_EDGE('',*,*,#394,.T.);
#721 = ORIENTED_EDGE('',*,*,#722,.T.);
#722 = EDGE_CURVE('',#369,#723,#725,.T.);
#723 = VERTEX_POINT('',#724);
#724 = CARTESIAN_POINT('',(28.307079104948,-11.0571864661,
    13.091405888884));
#725 = SURFACE_CURVE('',#726,(#730,#736),.PCURVE_S1.);
#726 = LINE('',#727,#728);
#727 = CARTESIAN_POINT('',(28.307079104948,-11.0571864661,-1.));
#728 = VECTOR('',#729,1.);
#729 = DIRECTION('',(0.,0.,1.));
#730 = PCURVE('',#411,#731);
#731 = DEFINITIONAL_REPRESENTATION('',(#732),#735);
#732 = B_SPLINE_CURVE_WITH_KNOTS('',1,(#733,#734),.UNSPECIFIED.,.F.,.F.,
  (2,2),(-5.999999999062E-07,102.0000006),.PIECEWISE_BEZIER_KNOTS.);
#733 = CARTESIAN_POINT('',(5.910795022916,-5.999999999062E-07));
#734 = CARTESIAN_POINT('',(5.910795022916,102.0000006));
#735 = ( GEOMETRIC_REPRESENTATION_CONTEXT(2) 
PARAMETRIC_REPRESENTATION_CONTEXT() REPRESENTATION_CONTEXT('2D SPACE',''
  ) );
#736 = PCURVE('',#383,#737);
#737 = DEFINITIONAL_REPRESENTATION('',(#738),#741);
#738 = B_SPLINE_CURVE_WITH_KNOTS('',1,(#739,#740),.UNSPECIFIED.,.F.,.F.,
  (2,2),(-5.999999999062E-07,102.0000006),.PIECEWISE_BEZIER_KNOTS.);
#739 = CARTESIAN_POINT('',(4.378350133922,5.999999999062E-07));
#740 = CARTESIAN_POINT('',(4.378350133922,-102.0000006));
#741 = ( GEOMETRIC_REPRESENTATION_CONTEXT(2) 
PARAMETRIC_REPRESENTATION_CONTEXT() REPRESENTATION_CONTEXT('2D SPACE',''
  ) );
#742 = ORIENTED_EDGE('',*,*,#743,.F.);
#743 = EDGE_CURVE('',#666,#723,#744,.T.);
#744 = SURFACE_CURVE('',#745,(#750,#757),.PCURVE_S1.);
#745 = CIRCLE('',#746,30.39);
#746 = AXIS2_PLACEMENT_3D('',#747,#748,#749);
#747 = CARTESIAN_POINT('',(0.,0.,13.091405888884));
#748 = DIRECTION('',(0.,0.,1.));
#749 = DIRECTION('',(0.,-1.,0.));
#750 = PCURVE('',#411,#751);
#751 = DEFINITIONAL_REPRESENTATION('',(#752),#756);
#752 = LINE('',#753,#754);
#753 = CARTESIAN_POINT('',(4.712388980385,14.091405888884));
#754 = VECTOR('',#755,1.);
#755 = DIRECTION('',(1.,0.));
#756 = ( GEOMETRIC_REPRESENTATION_CONTEXT(2) 
PARAMETRIC_REPRESENTATION_CONTEXT() REPRESENTATION_CONTEXT('2D SPACE',''
  ) );
#757 = PCURVE('',#701,#758);
#758 = DEFINITIONAL_REPRESENTATION('',(#759),#763);
#759 = LINE('',#760,#761);
#760 = CARTESIAN_POINT('',(-4.712388980385,3.575260777783));
#761 = VECTOR('',#762,1.);
#762 = DIRECTION('',(-1.,0.));
#763 = ( GEOMETRIC_REPRESENTATION_CONTEXT(2) 
PARAMETRIC_REPRESENTATION_CONTEXT() REPRESENTATION_CONTEXT('2D SPACE',''
  ) );
#764 = ADVANCED_FACE('',(#765),#383,.F.);
#765 = FACE_BOUND('',#766,.F.);
#766 = EDGE_LOOP('',(#767,#768,#791,#816));
#767 = ORIENTED_EDGE('',*,*,#368,.T.);
#768 = ORIENTED_EDGE('',*,*,#769,.T.);
#769 = EDGE_CURVE('',#343,#770,#772,.T.);
#770 = VERTEX_POINT('',#771);
#771 = CARTESIAN_POINT('',(26.456708382058,-7.089053645358,
    16.666666666667));
#772 = SURFACE_CURVE('',#773,(#777,#784),.PCURVE_S1.);
#773 = LINE('',#774,#775);
#774 = CARTESIAN_POINT('',(26.456708382058,-7.089053645358,-1.));
#775 = VECTOR('',#776,1.);
#776 = DIRECTION('',(0.,0.,1.));
#777 = PCURVE('',#383,#778);
#778 = DEFINITIONAL_REPRESENTATION('',(#779),#783);
#779 = LINE('',#780,#781);
#780 = CARTESIAN_POINT('',(0.,0.));
#781 = VECTOR('',#782,1.);
#782 = DIRECTION('',(0.,-1.));
#783 = ( GEOMETRIC_REPRESENTATION_CONTEXT(2) 
PARAMETRIC_REPRESENTATION_CONTEXT() REPRESENTATION_CONTEXT('2D SPACE',''
  ) );
#784 = PCURVE('',#357,#785);
#785 = DEFINITIONAL_REPRESENTATION('',(#786),#790);
#786 = LINE('',#787,#788);
#787 = CARTESIAN_POINT('',(6.222895307442,0.));
#788 = VECTOR('',#789,1.);
#789 = DIRECTION('',(0.,-1.));
#790 = ( GEOMETRIC_REPRESENTATION_CONTEXT(2) 
PARAMETRIC_REPRESENTATION_CONTEXT() REPRESENTATION_CONTEXT('2D SPACE',''
  ) );
#791 = ORIENTED_EDGE('',*,*,#792,.F.);
#792 = EDGE_CURVE('',#723,#770,#793,.T.);
#793 = SURFACE_CURVE('',#794,(#799,#806),.PCURVE_S1.);
#794 = HYPERBOLA('',#795,25.005322988392,20.981957297029);
#795 = AXIS2_PLACEMENT_3D('',#796,#797,#798);
#796 = CARTESIAN_POINT('',(19.016111285568,8.867358320788,
    49.308797567822));
#797 = DIRECTION('',(0.906307787037,0.422618261741,0.));
#798 = DIRECTION('',(0.,0.,-1.));
#799 = PCURVE('',#383,#800);
#800 = DEFINITIONAL_REPRESENTATION('',(#801),#805);
#801 = ( BOUNDED_CURVE() B_SPLINE_CURVE(2,(#802,#803,#804),
.UNSPECIFIED.,.F.,.F.) B_SPLINE_CURVE_WITH_KNOTS((3,3),(-0.929085588136,
-0.762909652067),.PIECEWISE_BEZIER_KNOTS.) CURVE() 
GEOMETRIC_REPRESENTATION_ITEM() RATIONAL_B_SPLINE_CURVE((1.,1.0034537915
,1.)) REPRESENTATION_ITEM('') );
#802 = CARTESIAN_POINT('',(4.816185147315,-13.71216569351));
#803 = CARTESIAN_POINT('',(2.270556834366,-15.92731922091));
#804 = CARTESIAN_POINT('',(-3.552713678801E-15,-17.66666666666));
#805 = ( GEOMETRIC_REPRESENTATION_CONTEXT(2) 
PARAMETRIC_REPRESENTATION_CONTEXT() REPRESENTATION_CONTEXT('2D SPACE',''
  ) );
#806 = PCURVE('',#701,#807);
#807 = DEFINITIONAL_REPRESENTATION('',(#808),#815);
#808 = B_SPLINE_CURVE_WITH_KNOTS('',5,(#809,#810,#811,#812,#813,#814),
  .UNSPECIFIED.,.F.,.F.,(6,6),(-0.929085588136,-0.762909652067),
  .PIECEWISE_BEZIER_KNOTS.);
#809 = CARTESIAN_POINT('',(-5.900950874464,3.954500973152));
#810 = CARTESIAN_POINT('',(-5.923659428456,3.066401492409));
#811 = CARTESIAN_POINT('',(-5.947056824336,2.228831767345));
#812 = CARTESIAN_POINT('',(-5.971146530337,1.439748246886));
#813 = CARTESIAN_POINT('',(-5.995926288899,0.697339278879));
#814 = CARTESIAN_POINT('',(-6.02138591938,-3.354479798907E-16));
#815 = ( GEOMETRIC_REPRESENTATION_CONTEXT(2) 
PARAMETRIC_REPRESENTATION_CONTEXT() REPRESENTATION_CONTEXT('2D SPACE',''
  ) );
#816 = ORIENTED_EDGE('',*,*,#722,.F.);
#817 = ADVANCED_FACE('',(#818),#357,.F.);
#818 = FACE_BOUND('',#819,.F.);
#819 = EDGE_LOOP('',(#820,#821,#842,#872));
#820 = ORIENTED_EDGE('',*,*,#342,.T.);
#821 = ORIENTED_EDGE('',*,*,#822,.T.);
#822 = EDGE_CURVE('',#314,#823,#825,.T.);
#823 = VERTEX_POINT('',#824);
#824 = CARTESIAN_POINT('',(30.043242844873,-4.577735178446,
    13.091405888884));
#825 = SURFACE_CURVE('',#826,(#830,#836),.PCURVE_S1.);
#826 = LINE('',#827,#828);
#827 = CARTESIAN_POINT('',(30.043242844873,-4.577735178446,-1.));
#828 = VECTOR('',#829,1.);
#829 = DIRECTION('',(0.,0.,1.));
#830 = PCURVE('',#357,#831);
#831 = DEFINITIONAL_REPRESENTATION('',(#832),#835);
#832 = B_SPLINE_CURVE_WITH_KNOTS('',1,(#833,#834),.UNSPECIFIED.,.F.,.F.,
  (2,2),(-5.999999999062E-07,102.0000006),.PIECEWISE_BEZIER_KNOTS.);
#833 = CARTESIAN_POINT('',(1.844545173519,5.999999999062E-07));
#834 = CARTESIAN_POINT('',(1.844545173519,-102.0000006));
#835 = ( GEOMETRIC_REPRESENTATION_CONTEXT(2) 
PARAMETRIC_REPRESENTATION_CONTEXT() REPRESENTATION_CONTEXT('2D SPACE',''
  ) );
#836 = PCURVE('',#330,#837);
#837 = DEFINITIONAL_REPRESENTATION('',(#838),#841);
#838 = B_SPLINE_CURVE_WITH_KNOTS('',1,(#839,#840),.UNSPECIFIED.,.F.,.F.,
  (2,2),(-5.999999999062E-07,102.0000006),.PIECEWISE_BEZIER_KNOTS.);
#839 = CARTESIAN_POINT('',(6.131976815845,-5.999999999062E-07));
#840 = CARTESIAN_POINT('',(6.131976815845,102.0000006));
#841 = ( GEOMETRIC_REPRESENTATION_CONTEXT(2) 
PARAMETRIC_REPRESENTATION_CONTEXT() REPRESENTATION_CONTEXT('2D SPACE',''
  ) );
#842 = ORIENTED_EDGE('',*,*,#843,.F.);
#843 = EDGE_CURVE('',#770,#823,#844,.T.);
#844 = SURFACE_CURVE('',#845,(#850,#857),.PCURVE_S1.);
#845 = HYPERBOLA('',#846,25.005322988392,20.981957297029);
#846 = AXIS2_PLACEMENT_3D('',#847,#848,#849);
#847 = CARTESIAN_POINT('',(12.0347562941,-17.18741321304,49.308797567822
    ));
#848 = DIRECTION('',(0.573576436351,-0.819152044289,0.));
#849 = DIRECTION('',(0.,-0.,-1.));
#850 = PCURVE('',#357,#851);
#851 = DEFINITIONAL_REPRESENTATION('',(#852),#856);
#852 = ( BOUNDED_CURVE() B_SPLINE_CURVE(2,(#853,#854,#855),
.UNSPECIFIED.,.F.,.F.) B_SPLINE_CURVE_WITH_KNOTS((3,3),(0.762909652067,
0.929085588136),.PIECEWISE_BEZIER_KNOTS.) CURVE() 
GEOMETRIC_REPRESENTATION_ITEM() RATIONAL_B_SPLINE_CURVE((1.,1.0034537915
,1.)) REPRESENTATION_ITEM('') );
#853 = CARTESIAN_POINT('',(6.222895307442,-17.66666666666));
#854 = CARTESIAN_POINT('',(3.952338473076,-15.92731922091));
#855 = CARTESIAN_POINT('',(1.406710160127,-13.71216569351));
#856 = ( GEOMETRIC_REPRESENTATION_CONTEXT(2) 
PARAMETRIC_REPRESENTATION_CONTEXT() REPRESENTATION_CONTEXT('2D SPACE',''
  ) );
#857 = PCURVE('',#858,#863);
#858 = CONICAL_SURFACE('',#859,27.39,0.698131700798);
#859 = AXIS2_PLACEMENT_3D('',#860,#861,#862);
#860 = CARTESIAN_POINT('',(0.,0.,16.666666666667));
#861 = DIRECTION('',(-0.,-0.,-1.));
#862 = DIRECTION('',(1.,0.,0.));
#863 = DEFINITIONAL_REPRESENTATION('',(#864),#871);
#864 = B_SPLINE_CURVE_WITH_KNOTS('',5,(#865,#866,#867,#868,#869,#870),
  .UNSPECIFIED.,.F.,.F.,(6,6),(0.762909652067,0.914753173669),
  .PIECEWISE_BEZIER_KNOTS.);
#865 = CARTESIAN_POINT('',(-6.02138591938,-8.003823889903E-15));
#866 = CARTESIAN_POINT('',(-6.04464969657,0.63719485722));
#867 = CARTESIAN_POINT('',(-6.067345820193,1.312020287306));
#868 = CARTESIAN_POINT('',(-6.089466523137,2.025700687813));
#869 = CARTESIAN_POINT('',(-6.111009561692,2.779604614578));
#870 = CARTESIAN_POINT('',(-6.131976815875,3.5752607769));
#871 = ( GEOMETRIC_REPRESENTATION_CONTEXT(2) 
PARAMETRIC_REPRESENTATION_CONTEXT() REPRESENTATION_CONTEXT('2D SPACE',''
  ) );
#872 = ORIENTED_EDGE('',*,*,#769,.F.);
#873 = ADVANCED_FACE('',(#874),#330,.F.);
#874 = FACE_BOUND('',#875,.F.);
#875 = EDGE_LOOP('',(#876,#877,#878,#899));
#876 = ORIENTED_EDGE('',*,*,#822,.F.);
#877 = ORIENTED_EDGE('',*,*,#313,.T.);
#878 = ORIENTED_EDGE('',*,*,#879,.T.);
#879 = EDGE_CURVE('',#288,#880,#882,.T.);
#880 = VERTEX_POINT('',#881);
#881 = CARTESIAN_POINT('',(30.043242844873,4.577735178446,
    13.091405888884));
#882 = SURFACE_CURVE('',#883,(#887,#893),.PCURVE_S1.);
#883 = LINE('',#884,#885);
#884 = CARTESIAN_POINT('',(30.043242844873,4.577735178446,-1.));
#885 = VECTOR('',#886,1.);
#886 = DIRECTION('',(0.,0.,1.));
#887 = PCURVE('',#330,#888);
#888 = DEFINITIONAL_REPRESENTATION('',(#889),#892);
#889 = B_SPLINE_CURVE_WITH_KNOTS('',1,(#890,#891),.UNSPECIFIED.,.F.,.F.,
  (2,2),(-5.999999999062E-07,102.0000006),.PIECEWISE_BEZIER_KNOTS.);
#890 = CARTESIAN_POINT('',(6.434393798514,-5.999999999062E-07));
#891 = CARTESIAN_POINT('',(6.434393798514,102.0000006));
#892 = ( GEOMETRIC_REPRESENTATION_CONTEXT(2) 
PARAMETRIC_REPRESENTATION_CONTEXT() REPRESENTATION_CONTEXT('2D SPACE',''
  ) );
#893 = PCURVE('',#302,#894);
#894 = DEFINITIONAL_REPRESENTATION('',(#895),#898);
#895 = B_SPLINE_CURVE_WITH_KNOTS('',1,(#896,#897),.UNSPECIFIED.,.F.,.F.,
  (2,2),(-5.999999999062E-07,102.0000006),.PIECEWISE_BEZIER_KNOTS.);
#896 = CARTESIAN_POINT('',(4.378350133922,5.999999999062E-07));
#897 = CARTESIAN_POINT('',(4.378350133922,-102.0000006));
#898 = ( GEOMETRIC_REPRESENTATION_CONTEXT(2) 
PARAMETRIC_REPRESENTATION_CONTEXT() REPRESENTATION_CONTEXT('2D SPACE',''
  ) );
#899 = ORIENTED_EDGE('',*,*,#900,.T.);
#900 = EDGE_CURVE('',#880,#823,#901,.T.);
#901 = SURFACE_CURVE('',#902,(#907,#914),.PCURVE_S1.);
#902 = CIRCLE('',#903,30.39);
#903 = AXIS2_PLACEMENT_3D('',#904,#905,#906);
#904 = CARTESIAN_POINT('',(0.,0.,13.091405888884));
#905 = DIRECTION('',(-1.109335647967E-31,-3.880427264042E-16,-1.));
#906 = DIRECTION('',(0.988589761266,0.150632944338,-5.845201840738E-17)
  );
#907 = PCURVE('',#330,#908);
#908 = DEFINITIONAL_REPRESENTATION('',(#909),#913);
#909 = LINE('',#910,#911);
#910 = CARTESIAN_POINT('',(6.434393798514,14.091405888884));
#911 = VECTOR('',#912,1.);
#912 = DIRECTION('',(-1.,-0.));
#913 = ( GEOMETRIC_REPRESENTATION_CONTEXT(2) 
PARAMETRIC_REPRESENTATION_CONTEXT() REPRESENTATION_CONTEXT('2D SPACE',''
  ) );
#914 = PCURVE('',#858,#915);
#915 = DEFINITIONAL_REPRESENTATION('',(#916),#920);
#916 = LINE('',#917,#918);
#917 = CARTESIAN_POINT('',(-6.434393798514,3.575260777783));
#918 = VECTOR('',#919,1.);
#919 = DIRECTION('',(1.,-0.));
#920 = ( GEOMETRIC_REPRESENTATION_CONTEXT(2) 
PARAMETRIC_REPRESENTATION_CONTEXT() REPRESENTATION_CONTEXT('2D SPACE',''
  ) );
#921 = ADVANCED_FACE('',(#922),#302,.F.);
#922 = FACE_BOUND('',#923,.F.);
#923 = EDGE_LOOP('',(#924,#925,#948,#973));
#924 = ORIENTED_EDGE('',*,*,#287,.T.);
#925 = ORIENTED_EDGE('',*,*,#926,.T.);
#926 = EDGE_CURVE('',#262,#927,#929,.T.);
#927 = VERTEX_POINT('',#928);
#928 = CARTESIAN_POINT('',(26.456708382058,7.089053645358,
    16.666666666667));
#929 = SURFACE_CURVE('',#930,(#934,#941),.PCURVE_S1.);
#930 = LINE('',#931,#932);
#931 = CARTESIAN_POINT('',(26.456708382058,7.089053645358,-1.));
#932 = VECTOR('',#933,1.);
#933 = DIRECTION('',(0.,0.,1.));
#934 = PCURVE('',#302,#935);
#935 = DEFINITIONAL_REPRESENTATION('',(#936),#940);
#936 = LINE('',#937,#938);
#937 = CARTESIAN_POINT('',(0.,0.));
#938 = VECTOR('',#939,1.);
#939 = DIRECTION('',(0.,-1.));
#940 = ( GEOMETRIC_REPRESENTATION_CONTEXT(2) 
PARAMETRIC_REPRESENTATION_CONTEXT() REPRESENTATION_CONTEXT('2D SPACE',''
  ) );
#941 = PCURVE('',#276,#942);
#942 = DEFINITIONAL_REPRESENTATION('',(#943),#947);
#943 = LINE('',#944,#945);
#944 = CARTESIAN_POINT('',(6.222895307442,0.));
#945 = VECTOR('',#946,1.);
#946 = DIRECTION('',(0.,-1.));
#947 = ( GEOMETRIC_REPRESENTATION_CONTEXT(2) 
PARAMETRIC_REPRESENTATION_CONTEXT() REPRESENTATION_CONTEXT('2D SPACE',''
  ) );
#948 = ORIENTED_EDGE('',*,*,#949,.F.);
#949 = EDGE_CURVE('',#880,#927,#950,.T.);
#950 = SURFACE_CURVE('',#951,(#956,#963),.PCURVE_S1.);
#951 = HYPERBOLA('',#952,25.005322988392,20.981957297029);
#952 = AXIS2_PLACEMENT_3D('',#953,#954,#955);
#953 = CARTESIAN_POINT('',(12.0347562941,17.187413213045,49.308797567822
    ));
#954 = DIRECTION('',(0.573576436351,0.819152044289,0.));
#955 = DIRECTION('',(0.,0.,-1.));
#956 = PCURVE('',#302,#957);
#957 = DEFINITIONAL_REPRESENTATION('',(#958),#962);
#958 = ( BOUNDED_CURVE() B_SPLINE_CURVE(2,(#959,#960,#961),
.UNSPECIFIED.,.F.,.F.) B_SPLINE_CURVE_WITH_KNOTS((3,3),(-0.929085588136,
-0.762909652067),.PIECEWISE_BEZIER_KNOTS.) CURVE() 
GEOMETRIC_REPRESENTATION_ITEM() RATIONAL_B_SPLINE_CURVE((1.,1.0034537915
,1.)) REPRESENTATION_ITEM('') );
#959 = CARTESIAN_POINT('',(4.816185147315,-13.71216569351));
#960 = CARTESIAN_POINT('',(2.270556834366,-15.92731922091));
#961 = CARTESIAN_POINT('',(0.,-17.66666666666));
#962 = ( GEOMETRIC_REPRESENTATION_CONTEXT(2) 
PARAMETRIC_REPRESENTATION_CONTEXT() REPRESENTATION_CONTEXT('2D SPACE',''
  ) );
#963 = PCURVE('',#858,#964);
#964 = DEFINITIONAL_REPRESENTATION('',(#965),#972);
#965 = B_SPLINE_CURVE_WITH_KNOTS('',5,(#966,#967,#968,#969,#970,#971),
  .UNSPECIFIED.,.F.,.F.,(6,6),(-0.914753173669,-0.762909652067),
  .PIECEWISE_BEZIER_KNOTS.);
#966 = CARTESIAN_POINT('',(-6.434393798484,3.5752607769));
#967 = CARTESIAN_POINT('',(-6.455361052667,2.779604614578));
#968 = CARTESIAN_POINT('',(-6.476904091222,2.025700687813));
#969 = CARTESIAN_POINT('',(-6.499024794166,1.312020287306));
#970 = CARTESIAN_POINT('',(-6.521720917789,0.63719485722));
#971 = CARTESIAN_POINT('',(-6.544984694979,-2.084817967448E-15));
#972 = ( GEOMETRIC_REPRESENTATION_CONTEXT(2) 
PARAMETRIC_REPRESENTATION_CONTEXT() REPRESENTATION_CONTEXT('2D SPACE',''
  ) );
#973 = ORIENTED_EDGE('',*,*,#879,.F.);
#974 = ADVANCED_FACE('',(#975),#276,.F.);
#975 = FACE_BOUND('',#976,.F.);
#976 = EDGE_LOOP('',(#977,#978,#999,#1029));
#977 = ORIENTED_EDGE('',*,*,#261,.T.);
#978 = ORIENTED_EDGE('',*,*,#979,.T.);
#979 = EDGE_CURVE('',#233,#980,#982,.T.);
#980 = VERTEX_POINT('',#981);
#981 = CARTESIAN_POINT('',(28.307079104948,11.057186466105,
    13.091405888884));
#982 = SURFACE_CURVE('',#983,(#987,#993),.PCURVE_S1.);
#983 = LINE('',#984,#985);
#984 = CARTESIAN_POINT('',(28.307079104948,11.057186466105,-1.));
#985 = VECTOR('',#986,1.);
#986 = DIRECTION('',(0.,0.,1.));
#987 = PCURVE('',#276,#988);
#988 = DEFINITIONAL_REPRESENTATION('',(#989),#992);
#989 = B_SPLINE_CURVE_WITH_KNOTS('',1,(#990,#991),.UNSPECIFIED.,.F.,.F.,
  (2,2),(-5.999999999062E-07,102.0000006),.PIECEWISE_BEZIER_KNOTS.);
#990 = CARTESIAN_POINT('',(1.844545173519,5.999999999062E-07));
#991 = CARTESIAN_POINT('',(1.844545173519,-102.0000006));
#992 = ( GEOMETRIC_REPRESENTATION_CONTEXT(2) 
PARAMETRIC_REPRESENTATION_CONTEXT() REPRESENTATION_CONTEXT('2D SPACE',''
  ) );
#993 = PCURVE('',#249,#994);
#994 = DEFINITIONAL_REPRESENTATION('',(#995),#998);
#995 = B_SPLINE_CURVE_WITH_KNOTS('',1,(#996,#997),.UNSPECIFIED.,.F.,.F.,
  (2,2),(-5.999999999062E-07,102.0000006),.PIECEWISE_BEZIER_KNOTS.);
#996 = CARTESIAN_POINT('',(6.655575591444,-5.999999999062E-07));
#997 = CARTESIAN_POINT('',(6.655575591444,102.0000006));
#998 = ( GEOMETRIC_REPRESENTATION_CONTEXT(2) 
PARAMETRIC_REPRESENTATION_CONTEXT() REPRESENTATION_CONTEXT('2D SPACE',''
  ) );
#999 = ORIENTED_EDGE('',*,*,#1000,.F.);
#1000 = EDGE_CURVE('',#927,#980,#1001,.T.);
#1001 = SURFACE_CURVE('',#1002,(#1007,#1014),.PCURVE_S1.);
#1002 = HYPERBOLA('',#1003,25.005322988392,20.981957297029);
#1003 = AXIS2_PLACEMENT_3D('',#1004,#1005,#1006);
#1004 = CARTESIAN_POINT('',(19.016111285568,-8.867358320788,
    49.308797567822));
#1005 = DIRECTION('',(0.906307787037,-0.422618261741,0.));
#1006 = DIRECTION('',(0.,-0.,-1.));
#1007 = PCURVE('',#276,#1008);
#1008 = DEFINITIONAL_REPRESENTATION('',(#1009),#1013);
#1009 = ( BOUNDED_CURVE() B_SPLINE_CURVE(2,(#1010,#1011,#1012),
.UNSPECIFIED.,.F.,.F.) B_SPLINE_CURVE_WITH_KNOTS((3,3),(0.762909652067,
0.929085588136),.PIECEWISE_BEZIER_KNOTS.) CURVE() 
GEOMETRIC_REPRESENTATION_ITEM() RATIONAL_B_SPLINE_CURVE((1.,1.0034537915
,1.)) REPRESENTATION_ITEM('') );
#1010 = CARTESIAN_POINT('',(6.222895307442,-17.66666666666));
#1011 = CARTESIAN_POINT('',(3.952338473076,-15.92731922091));
#1012 = CARTESIAN_POINT('',(1.406710160127,-13.71216569351));
#1013 = ( GEOMETRIC_REPRESENTATION_CONTEXT(2) 
PARAMETRIC_REPRESENTATION_CONTEXT() REPRESENTATION_CONTEXT('2D SPACE',''
  ) );
#1014 = PCURVE('',#1015,#1020);
#1015 = CONICAL_SURFACE('',#1016,27.39,0.698131700798);
#1016 = AXIS2_PLACEMENT_3D('',#1017,#1018,#1019);
#1017 = CARTESIAN_POINT('',(0.,0.,16.666666666667));
#1018 = DIRECTION('',(-0.,-0.,-1.));
#1019 = DIRECTION('',(1.,0.,0.));
#1020 = DEFINITIONAL_REPRESENTATION('',(#1021),#1028);
#1021 = B_SPLINE_CURVE_WITH_KNOTS('',5,(#1022,#1023,#1024,#1025,#1026,
    #1027),.UNSPECIFIED.,.F.,.F.,(6,6),(0.762909652067,0.929085588136),
  .PIECEWISE_BEZIER_KNOTS.);
#1022 = CARTESIAN_POINT('',(-0.261799387799,5.583557942564E-15));
#1023 = CARTESIAN_POINT('',(-0.28725901828,0.697339278879));
#1024 = CARTESIAN_POINT('',(-0.312038776843,1.439748246886));
#1025 = CARTESIAN_POINT('',(-0.336128482844,2.228831767345));
#1026 = CARTESIAN_POINT('',(-0.359525878723,3.066401492409));
#1027 = CARTESIAN_POINT('',(-0.382234432716,3.954500973152));
#1028 = ( GEOMETRIC_REPRESENTATION_CONTEXT(2) 
PARAMETRIC_REPRESENTATION_CONTEXT() REPRESENTATION_CONTEXT('2D SPACE',''
  ) );
#1029 = ORIENTED_EDGE('',*,*,#926,.F.);
#1030 = ADVANCED_FACE('',(#1031),#249,.F.);
#1031 = FACE_BOUND('',#1032,.F.);
#1032 = EDGE_LOOP('',(#1033,#1034,#1035,#1056));
#1033 = ORIENTED_EDGE('',*,*,#979,.F.);
#1034 = ORIENTED_EDGE('',*,*,#232,.T.);
#1035 = ORIENTED_EDGE('',*,*,#1036,.T.);
#1036 = EDGE_CURVE('',#207,#1037,#1039,.T.);
#1037 = VERTEX_POINT('',#1038);
#1038 = CARTESIAN_POINT('',(23.729343926502,18.986056378768,
    13.091405888884));
#1039 = SURFACE_CURVE('',#1040,(#1044,#1050),.PCURVE_S1.);
#1040 = LINE('',#1041,#1042);
#1041 = CARTESIAN_POINT('',(23.729343926502,18.986056378768,-1.));
#1042 = VECTOR('',#1043,1.);
#1043 = DIRECTION('',(0.,0.,1.));
#1044 = PCURVE('',#249,#1045);
#1045 = DEFINITIONAL_REPRESENTATION('',(#1046),#1049);
#1046 = B_SPLINE_CURVE_WITH_KNOTS('',1,(#1047,#1048),.UNSPECIFIED.,.F.,
  .F.,(2,2),(0.,102.),.PIECEWISE_BEZIER_KNOTS.);
#1047 = CARTESIAN_POINT('',(6.957992574112,0.));
#1048 = CARTESIAN_POINT('',(6.957992574112,102.));
#1049 = ( GEOMETRIC_REPRESENTATION_CONTEXT(2) 
PARAMETRIC_REPRESENTATION_CONTEXT() REPRESENTATION_CONTEXT('2D SPACE',''
  ) );
#1050 = PCURVE('',#221,#1051);
#1051 = DEFINITIONAL_REPRESENTATION('',(#1052),#1055);
#1052 = B_SPLINE_CURVE_WITH_KNOTS('',1,(#1053,#1054),.UNSPECIFIED.,.F.,
  .F.,(2,2),(-5.999999999062E-07,102.0000006),.PIECEWISE_BEZIER_KNOTS.);
#1053 = CARTESIAN_POINT('',(4.378350133922,5.999999999062E-07));
#1054 = CARTESIAN_POINT('',(4.378350133922,-102.0000006));
#1055 = ( GEOMETRIC_REPRESENTATION_CONTEXT(2) 
PARAMETRIC_REPRESENTATION_CONTEXT() REPRESENTATION_CONTEXT('2D SPACE',''
  ) );
#1056 = ORIENTED_EDGE('',*,*,#1057,.F.);
#1057 = EDGE_CURVE('',#980,#1037,#1058,.T.);
#1058 = SURFACE_CURVE('',#1059,(#1064,#1071),.PCURVE_S1.);
#1059 = CIRCLE('',#1060,30.39);
#1060 = AXIS2_PLACEMENT_3D('',#1061,#1062,#1063);
#1061 = CARTESIAN_POINT('',(0.,0.,13.091405888884));
#1062 = DIRECTION('',(0.,0.,1.));
#1063 = DIRECTION('',(0.,-1.,0.));
#1064 = PCURVE('',#249,#1065);
#1065 = DEFINITIONAL_REPRESENTATION('',(#1066),#1070);
#1066 = LINE('',#1067,#1068);
#1067 = CARTESIAN_POINT('',(4.712388980385,14.091405888884));
#1068 = VECTOR('',#1069,1.);
#1069 = DIRECTION('',(1.,0.));
#1070 = ( GEOMETRIC_REPRESENTATION_CONTEXT(2) 
PARAMETRIC_REPRESENTATION_CONTEXT() REPRESENTATION_CONTEXT('2D SPACE',''
  ) );
#1071 = PCURVE('',#1015,#1072);
#1072 = DEFINITIONAL_REPRESENTATION('',(#1073),#1077);
#1073 = LINE('',#1074,#1075);
#1074 = CARTESIAN_POINT('',(1.570796326795,3.575260777783));
#1075 = VECTOR('',#1076,1.);
#1076 = DIRECTION('',(-1.,0.));
#1077 = ( GEOMETRIC_REPRESENTATION_CONTEXT(2) 
PARAMETRIC_REPRESENTATION_CONTEXT() REPRESENTATION_CONTEXT('2D SPACE',''
  ) );
#1078 = ADVANCED_FACE('',(#1079),#221,.F.);
#1079 = FACE_BOUND('',#1080,.F.);
#1080 = EDGE_LOOP('',(#1081,#1082,#1105,#1130));
#1081 = ORIENTED_EDGE('',*,*,#206,.T.);
#1082 = ORIENTED_EDGE('',*,*,#1083,.T.);
#1083 = EDGE_CURVE('',#179,#1084,#1086,.T.);
#1084 = VERTEX_POINT('',#1085);
#1085 = CARTESIAN_POINT('',(19.3676547367,19.3676547367,16.666666666667)
  );
#1086 = SURFACE_CURVE('',#1087,(#1091,#1098),.PCURVE_S1.);
#1087 = LINE('',#1088,#1089);
#1088 = CARTESIAN_POINT('',(19.3676547367,19.3676547367,-1.));
#1089 = VECTOR('',#1090,1.);
#1090 = DIRECTION('',(0.,0.,1.));
#1091 = PCURVE('',#221,#1092);
#1092 = DEFINITIONAL_REPRESENTATION('',(#1093),#1097);
#1093 = LINE('',#1094,#1095);
#1094 = CARTESIAN_POINT('',(0.,0.));
#1095 = VECTOR('',#1096,1.);
#1096 = DIRECTION('',(0.,-1.));
#1097 = ( GEOMETRIC_REPRESENTATION_CONTEXT(2) 
PARAMETRIC_REPRESENTATION_CONTEXT() REPRESENTATION_CONTEXT('2D SPACE',''
  ) );
#1098 = PCURVE('',#194,#1099);
#1099 = DEFINITIONAL_REPRESENTATION('',(#1100),#1104);
#1100 = LINE('',#1101,#1102);
#1101 = CARTESIAN_POINT('',(84.021744443752,1.));
#1102 = VECTOR('',#1103,1.);
#1103 = DIRECTION('',(0.,-1.));
#1104 = ( GEOMETRIC_REPRESENTATION_CONTEXT(2) 
PARAMETRIC_REPRESENTATION_CONTEXT() REPRESENTATION_CONTEXT('2D SPACE',''
  ) );
#1105 = ORIENTED_EDGE('',*,*,#1106,.F.);
#1106 = EDGE_CURVE('',#1037,#1084,#1107,.T.);
#1107 = SURFACE_CURVE('',#1108,(#1113,#1120),.PCURVE_S1.);
#1108 = HYPERBOLA('',#1109,25.005322988392,20.981957297029);
#1109 = AXIS2_PLACEMENT_3D('',#1110,#1111,#1112);
#1110 = CARTESIAN_POINT('',(1.828698072522,20.902114614888,
    49.308797567822));
#1111 = DIRECTION('',(8.715574274766E-02,0.996194698092,0.));
#1112 = DIRECTION('',(0.,0.,-1.));
#1113 = PCURVE('',#221,#1114);
#1114 = DEFINITIONAL_REPRESENTATION('',(#1115),#1119);
#1115 = ( BOUNDED_CURVE() B_SPLINE_CURVE(2,(#1116,#1117,#1118),
.UNSPECIFIED.,.F.,.F.) B_SPLINE_CURVE_WITH_KNOTS((3,3),(-0.929085588136,
-0.762909652067),.PIECEWISE_BEZIER_KNOTS.) CURVE() 
GEOMETRIC_REPRESENTATION_ITEM() RATIONAL_B_SPLINE_CURVE((1.,1.0034537915
,1.)) REPRESENTATION_ITEM('') );
#1116 = CARTESIAN_POINT('',(4.816185147315,-13.71216569351));
#1117 = CARTESIAN_POINT('',(2.270556834366,-15.92731922091));
#1118 = CARTESIAN_POINT('',(0.,-17.66666666666));
#1119 = ( GEOMETRIC_REPRESENTATION_CONTEXT(2) 
PARAMETRIC_REPRESENTATION_CONTEXT() REPRESENTATION_CONTEXT('2D SPACE',''
  ) );
#1120 = PCURVE('',#1015,#1121);
#1121 = DEFINITIONAL_REPRESENTATION('',(#1122),#1129);
#1122 = B_SPLINE_CURVE_WITH_KNOTS('',5,(#1123,#1124,#1125,#1126,#1127,
    #1128),.UNSPECIFIED.,.F.,.F.,(6,6),(-0.929085588136,-0.762909652067)
  ,.PIECEWISE_BEZIER_KNOTS.);
#1123 = CARTESIAN_POINT('',(-0.664963118481,3.954500973152));
#1124 = CARTESIAN_POINT('',(-0.687671672473,3.06640149241));
#1125 = CARTESIAN_POINT('',(-0.711069068353,2.228831767346));
#1126 = CARTESIAN_POINT('',(-0.735158774354,1.439748246886));
#1127 = CARTESIAN_POINT('',(-0.759938532916,0.697339278879));
#1128 = CARTESIAN_POINT('',(-0.785398163397,-5.583557942564E-15));
#1129 = ( GEOMETRIC_REPRESENTATION_CONTEXT(2) 
PARAMETRIC_REPRESENTATION_CONTEXT() REPRESENTATION_CONTEXT('2D SPACE',''
  ) );
#1130 = ORIENTED_EDGE('',*,*,#1036,.F.);
#1131 = ADVANCED_FACE('',(#1132),#194,.F.);
#1132 = FACE_BOUND('',#1133,.F.);
#1133 = EDGE_LOOP('',(#1134,#1135,#1156,#1179,#1207,#1235,#1263,#1291,
    #1317));
#1134 = ORIENTED_EDGE('',*,*,#178,.F.);
#1135 = ORIENTED_EDGE('',*,*,#1136,.T.);
#1136 = EDGE_CURVE('',#151,#1137,#1139,.T.);
#1137 = VERTEX_POINT('',#1138);
#1138 = CARTESIAN_POINT('',(35.39,35.39,100.));
#1139 = SURFACE_CURVE('',#1140,(#1144,#1150),.PCURVE_S1.);
#1140 = LINE('',#1141,#1142);
#1141 = CARTESIAN_POINT('',(35.39,35.39,0.));
#1142 = VECTOR('',#1143,1.);
#1143 = DIRECTION('',(0.,0.,1.));
#1144 = PCURVE('',#194,#1145);
#1145 = DEFINITIONAL_REPRESENTATION('',(#1146),#1149);
#1146 = B_SPLINE_CURVE_WITH_KNOTS('',1,(#1147,#1148),.UNSPECIFIED.,.F.,
  .F.,(2,2),(0.,100.),.PIECEWISE_BEZIER_KNOTS.);
#1147 = CARTESIAN_POINT('',(61.362726471369,0.));
#1148 = CARTESIAN_POINT('',(61.362726471369,-100.));
#1149 = ( GEOMETRIC_REPRESENTATION_CONTEXT(2) 
PARAMETRIC_REPRESENTATION_CONTEXT() REPRESENTATION_CONTEXT('2D SPACE',''
  ) );
#1150 = PCURVE('',#166,#1151);
#1151 = DEFINITIONAL_REPRESENTATION('',(#1152),#1155);
#1152 = B_SPLINE_CURVE_WITH_KNOTS('',1,(#1153,#1154),.UNSPECIFIED.,.F.,
  .F.,(2,2),(0.,100.),.PIECEWISE_BEZIER_KNOTS.);
#1153 = CARTESIAN_POINT('',(5.656854249492,0.));
#1154 = CARTESIAN_POINT('',(5.656854249492,-100.));
#1155 = ( GEOMETRIC_REPRESENTATION_CONTEXT(2) 
PARAMETRIC_REPRESENTATION_CONTEXT() REPRESENTATION_CONTEXT('2D SPACE',''
  ) );
#1156 = ORIENTED_EDGE('',*,*,#1157,.T.);
#1157 = EDGE_CURVE('',#1137,#1158,#1160,.T.);
#1158 = VERTEX_POINT('',#1159);
#1159 = CARTESIAN_POINT('',(19.3676547367,19.3676547367,100.));
#1160 = SURFACE_CURVE('',#1161,(#1165,#1172),.PCURVE_S1.);
#1161 = LINE('',#1162,#1163);
#1162 = CARTESIAN_POINT('',(78.78,78.78,100.));
#1163 = VECTOR('',#1164,1.);
#1164 = DIRECTION('',(-0.707106781187,-0.707106781187,0.));
#1165 = PCURVE('',#194,#1166);
#1166 = DEFINITIONAL_REPRESENTATION('',(#1167),#1171);
#1167 = LINE('',#1168,#1169);
#1168 = CARTESIAN_POINT('',(0.,-100.));
#1169 = VECTOR('',#1170,1.);
#1170 = DIRECTION('',(1.,0.));
#1171 = ( GEOMETRIC_REPRESENTATION_CONTEXT(2) 
PARAMETRIC_REPRESENTATION_CONTEXT() REPRESENTATION_CONTEXT('2D SPACE',''
  ) );
#1172 = PCURVE('',#630,#1173);
#1173 = DEFINITIONAL_REPRESENTATION('',(#1174),#1178);
#1174 = LINE('',#1175,#1176);
#1175 = CARTESIAN_POINT('',(78.78,78.78));
#1176 = VECTOR('',#1177,1.);
#1177 = DIRECTION('',(-0.707106781187,-0.707106781187));
#1178 = ( GEOMETRIC_REPRESENTATION_CONTEXT(2) 
PARAMETRIC_REPRESENTATION_CONTEXT() REPRESENTATION_CONTEXT('2D SPACE',''
  ) );
#1179 = ORIENTED_EDGE('',*,*,#1180,.F.);
#1180 = EDGE_CURVE('',#1181,#1158,#1183,.T.);
#1181 = VERTEX_POINT('',#1182);
#1182 = CARTESIAN_POINT('',(19.3676547367,19.3676547367,83.333333333333)
  );
#1183 = SURFACE_CURVE('',#1184,(#1188,#1195),.PCURVE_S1.);
#1184 = LINE('',#1185,#1186);
#1185 = CARTESIAN_POINT('',(19.3676547367,19.3676547367,-1.));
#1186 = VECTOR('',#1187,1.);
#1187 = DIRECTION('',(0.,0.,1.));
#1188 = PCURVE('',#194,#1189);
#1189 = DEFINITIONAL_REPRESENTATION('',(#1190),#1194);
#1190 = LINE('',#1191,#1192);
#1191 = CARTESIAN_POINT('',(84.021744443752,1.));
#1192 = VECTOR('',#1193,1.);
#1193 = DIRECTION('',(0.,-1.));
#1194 = ( GEOMETRIC_REPRESENTATION_CONTEXT(2) 
PARAMETRIC_REPRESENTATION_CONTEXT() REPRESENTATION_CONTEXT('2D SPACE',''
  ) );
#1195 = PCURVE('',#1196,#1201);
#1196 = PLANE('',#1197);
#1197 = AXIS2_PLACEMENT_3D('',#1198,#1199,#1200);
#1198 = CARTESIAN_POINT('',(19.3676547367,19.3676547367,-1.));
#1199 = DIRECTION('',(8.715574274766E-02,0.996194698092,0.));
#1200 = DIRECTION('',(0.996194698092,-8.715574274766E-02,0.));
#1201 = DEFINITIONAL_REPRESENTATION('',(#1202),#1206);
#1202 = LINE('',#1203,#1204);
#1203 = CARTESIAN_POINT('',(0.,0.));
#1204 = VECTOR('',#1205,1.);
#1205 = DIRECTION('',(0.,-1.));
#1206 = ( GEOMETRIC_REPRESENTATION_CONTEXT(2) 
PARAMETRIC_REPRESENTATION_CONTEXT() REPRESENTATION_CONTEXT('2D SPACE',''
  ) );
#1207 = ORIENTED_EDGE('',*,*,#1208,.F.);
#1208 = EDGE_CURVE('',#1209,#1181,#1211,.T.);
#1209 = VERTEX_POINT('',#1210);
#1210 = CARTESIAN_POINT('',(19.3676547367,19.3676547367,66.666666666667)
  );
#1211 = SURFACE_CURVE('',#1212,(#1216,#1223),.PCURVE_S1.);
#1212 = LINE('',#1213,#1214);
#1213 = CARTESIAN_POINT('',(19.3676547367,19.3676547367,-1.));
#1214 = VECTOR('',#1215,1.);
#1215 = DIRECTION('',(0.,0.,1.));
#1216 = PCURVE('',#194,#1217);
#1217 = DEFINITIONAL_REPRESENTATION('',(#1218),#1222);
#1218 = LINE('',#1219,#1220);
#1219 = CARTESIAN_POINT('',(84.021744443752,1.));
#1220 = VECTOR('',#1221,1.);
#1221 = DIRECTION('',(0.,-1.));
#1222 = ( GEOMETRIC_REPRESENTATION_CONTEXT(2) 
PARAMETRIC_REPRESENTATION_CONTEXT() REPRESENTATION_CONTEXT('2D SPACE',''
  ) );
#1223 = PCURVE('',#1224,#1229);
#1224 = PLANE('',#1225);
#1225 = AXIS2_PLACEMENT_3D('',#1226,#1227,#1228);
#1226 = CARTESIAN_POINT('',(19.3676547367,19.3676547367,-1.));
#1227 = DIRECTION('',(8.715574274766E-02,0.996194698092,0.));
#1228 = DIRECTION('',(0.996194698092,-8.715574274766E-02,0.));
#1229 = DEFINITIONAL_REPRESENTATION('',(#1230),#1234);
#1230 = LINE('',#1231,#1232);
#1231 = CARTESIAN_POINT('',(0.,0.));
#1232 = VECTOR('',#1233,1.);
#1233 = DIRECTION('',(0.,-1.));
#1234 = ( GEOMETRIC_REPRESENTATION_CONTEXT(2) 
PARAMETRIC_REPRESENTATION_CONTEXT() REPRESENTATION_CONTEXT('2D SPACE',''
  ) );
#1235 = ORIENTED_EDGE('',*,*,#1236,.F.);
#1236 = EDGE_CURVE('',#1237,#1209,#1239,.T.);
#1237 = VERTEX_POINT('',#1238);
#1238 = CARTESIAN_POINT('',(19.3676547367,19.3676547367,50.));
#1239 = SURFACE_CURVE('',#1240,(#1244,#1251),.PCURVE_S1.);
#1240 = LINE('',#1241,#1242);
#1241 = CARTESIAN_POINT('',(19.3676547367,19.3676547367,-1.));
#1242 = VECTOR('',#1243,1.);
#1243 = DIRECTION('',(0.,0.,1.));
#1244 = PCURVE('',#194,#1245);
#1245 = DEFINITIONAL_REPRESENTATION('',(#1246),#1250);
#1246 = LINE('',#1247,#1248);
#1247 = CARTESIAN_POINT('',(84.021744443752,1.));
#1248 = VECTOR('',#1249,1.);
#1249 = DIRECTION('',(0.,-1.));
#1250 = ( GEOMETRIC_REPRESENTATION_CONTEXT(2) 
PARAMETRIC_REPRESENTATION_CONTEXT() REPRESENTATION_CONTEXT('2D SPACE',''
  ) );
#1251 = PCURVE('',#1252,#1257);
#1252 = PLANE('',#1253);
#1253 = AXIS2_PLACEMENT_3D('',#1254,#1255,#1256);
#1254 = CARTESIAN_POINT('',(19.3676547367,19.3676547367,-1.));
#1255 = DIRECTION('',(8.715574274766E-02,0.996194698092,0.));
#1256 = DIRECTION('',(0.996194698092,-8.715574274766E-02,0.));
#1257 = DEFINITIONAL_REPRESENTATION('',(#1258),#1262);
#1258 = LINE('',#1259,#1260);
#1259 = CARTESIAN_POINT('',(0.,0.));
#1260 = VECTOR('',#1261,1.);
#1261 = DIRECTION('',(0.,-1.));
#1262 = ( GEOMETRIC_REPRESENTATION_CONTEXT(2) 
PARAMETRIC_REPRESENTATION_CONTEXT() REPRESENTATION_CONTEXT('2D SPACE',''
  ) );
#1263 = ORIENTED_EDGE('',*,*,#1264,.F.);
#1264 = EDGE_CURVE('',#1265,#1237,#1267,.T.);
#1265 = VERTEX_POINT('',#1266);
#1266 = CARTESIAN_POINT('',(19.3676547367,19.3676547367,33.333333333333)
  );
#1267 = SURFACE_CURVE('',#1268,(#1272,#1279),.PCURVE_S1.);
#1268 = LINE('',#1269,#1270);
#1269 = CARTESIAN_POINT('',(19.3676547367,19.3676547367,-1.));
#1270 = VECTOR('',#1271,1.);
#1271 = DIRECTION('',(0.,0.,1.));
#1272 = PCURVE('',#194,#1273);
#1273 = DEFINITIONAL_REPRESENTATION('',(#1274),#1278);
#1274 = LINE('',#1275,#1276);
#1275 = CARTESIAN_POINT('',(84.021744443752,1.));
#1276 = VECTOR('',#1277,1.);
#1277 = DIRECTION('',(0.,-1.));
#1278 = ( GEOMETRIC_REPRESENTATION_CONTEXT(2) 
PARAMETRIC_REPRESENTATION_CONTEXT() REPRESENTATION_CONTEXT('2D SPACE',''
  ) );
#1279 = PCURVE('',#1280,#1285);
#1280 = PLANE('',#1281);
#1281 = AXIS2_PLACEMENT_3D('',#1282,#1283,#1284);
#1282 = CARTESIAN_POINT('',(19.3676547367,19.3676547367,-1.));
#1283 = DIRECTION('',(8.715574274766E-02,0.996194698092,0.));
#1284 = DIRECTION('',(0.996194698092,-8.715574274766E-02,0.));
#1285 = DEFINITIONAL_REPRESENTATION('',(#1286),#1290);
#1286 = LINE('',#1287,#1288);
#1287 = CARTESIAN_POINT('',(0.,0.));
#1288 = VECTOR('',#1289,1.);
#1289 = DIRECTION('',(0.,-1.));
#1290 = ( GEOMETRIC_REPRESENTATION_CONTEXT(2) 
PARAMETRIC_REPRESENTATION_CONTEXT() REPRESENTATION_CONTEXT('2D SPACE',''
  ) );
#1291 = ORIENTED_EDGE('',*,*,#1292,.F.);
#1292 = EDGE_CURVE('',#1084,#1265,#1293,.T.);
#1293 = SURFACE_CURVE('',#1294,(#1298,#1305),.PCURVE_S1.);
#1294 = LINE('',#1295,#1296);
#1295 = CARTESIAN_POINT('',(19.3676547367,19.3676547367,-1.));
#1296 = VECTOR('',#1297,1.);
#1297 = DIRECTION('',(0.,0.,1.));
#1298 = PCURVE('',#194,#1299);
#1299 = DEFINITIONAL_REPRESENTATION('',(#1300),#1304);
#1300 = LINE('',#1301,#1302);
#1301 = CARTESIAN_POINT('',(84.021744443752,1.));
#1302 = VECTOR('',#1303,1.);
#1303 = DIRECTION('',(0.,-1.));
#1304 = ( GEOMETRIC_REPRESENTATION_CONTEXT(2) 
PARAMETRIC_REPRESENTATION_CONTEXT() REPRESENTATION_CONTEXT('2D SPACE',''
  ) );
#1305 = PCURVE('',#1306,#1311);
#1306 = PLANE('',#1307);
#1307 = AXIS2_PLACEMENT_3D('',#1308,#1309,#1310);
#1308 = CARTESIAN_POINT('',(19.3676547367,19.3676547367,-1.));
#1309 = DIRECTION('',(8.715574274766E-02,0.996194698092,0.));
#1310 = DIRECTION('',(0.996194698092,-8.715574274766E-02,0.));
#1311 = DEFINITIONAL_REPRESENTATION('',(#1312),#1316);
#1312 = LINE('',#1313,#1314);
#1313 = CARTESIAN_POINT('',(0.,0.));
#1314 = VECTOR('',#1315,1.);
#1315 = DIRECTION('',(0.,-1.));
#1316 = ( GEOMETRIC_REPRESENTATION_CONTEXT(2) 
PARAMETRIC_REPRESENTATION_CONTEXT() REPRESENTATION_CONTEXT('2D SPACE',''
  ) );
#1317 = ORIENTED_EDGE('',*,*,#1083,.F.);
#1318 = ADVANCED_FACE('',(#1319),#166,.F.);
#1319 = FACE_BOUND('',#1320,.F.);
#1320 = EDGE_LOOP('',(#1321,#1322,#1345,#1366));
#1321 = ORIENTED_EDGE('',*,*,#150,.F.);
#1322 = ORIENTED_EDGE('',*,*,#1323,.T.);
#1323 = EDGE_CURVE('',#123,#1324,#1326,.T.);
#1324 = VERTEX_POINT('',#1325);
#1325 = CARTESIAN_POINT('',(39.39,31.39,100.));
#1326 = SURFACE_CURVE('',#1327,(#1331,#1338),.PCURVE_S1.);
#1327 = LINE('',#1328,#1329);
#1328 = CARTESIAN_POINT('',(39.39,31.39,0.));
#1329 = VECTOR('',#1330,1.);
#1330 = DIRECTION('',(0.,0.,1.));
#1331 = PCURVE('',#166,#1332);
#1332 = DEFINITIONAL_REPRESENTATION('',(#1333),#1337);
#1333 = LINE('',#1334,#1335);
#1334 = CARTESIAN_POINT('',(0.,0.));
#1335 = VECTOR('',#1336,1.);
#1336 = DIRECTION('',(0.,-1.));
#1337 = ( GEOMETRIC_REPRESENTATION_CONTEXT(2) 
PARAMETRIC_REPRESENTATION_CONTEXT() REPRESENTATION_CONTEXT('2D SPACE',''
  ) );
#1338 = PCURVE('',#138,#1339);
#1339 = DEFINITIONAL_REPRESENTATION('',(#1340),#1344);
#1340 = LINE('',#1341,#1342);
#1341 = CARTESIAN_POINT('',(62.78,0.));
#1342 = VECTOR('',#1343,1.);
#1343 = DIRECTION('',(0.,-1.));
#1344 = ( GEOMETRIC_REPRESENTATION_CONTEXT(2) 
PARAMETRIC_REPRESENTATION_CONTEXT() REPRESENTATION_CONTEXT('2D SPACE',''
  ) );
#1345 = ORIENTED_EDGE('',*,*,#1346,.T.);
#1346 = EDGE_CURVE('',#1324,#1137,#1347,.T.);
#1347 = SURFACE_CURVE('',#1348,(#1352,#1359),.PCURVE_S1.);
#1348 = LINE('',#1349,#1350);
#1349 = CARTESIAN_POINT('',(35.39,35.39,100.));
#1350 = VECTOR('',#1351,1.);
#1351 = DIRECTION('',(-0.707106781187,0.707106781187,0.));
#1352 = PCURVE('',#166,#1353);
#1353 = DEFINITIONAL_REPRESENTATION('',(#1354),#1358);
#1354 = LINE('',#1355,#1356);
#1355 = CARTESIAN_POINT('',(5.656854249492,-100.));
#1356 = VECTOR('',#1357,1.);
#1357 = DIRECTION('',(1.,0.));
#1358 = ( GEOMETRIC_REPRESENTATION_CONTEXT(2) 
PARAMETRIC_REPRESENTATION_CONTEXT() REPRESENTATION_CONTEXT('2D SPACE',''
  ) );
#1359 = PCURVE('',#630,#1360);
#1360 = DEFINITIONAL_REPRESENTATION('',(#1361),#1365);
#1361 = LINE('',#1362,#1363);
#1362 = CARTESIAN_POINT('',(35.39,35.39));
#1363 = VECTOR('',#1364,1.);
#1364 = DIRECTION('',(-0.707106781187,0.707106781187));
#1365 = ( GEOMETRIC_REPRESENTATION_CONTEXT(2) 
PARAMETRIC_REPRESENTATION_CONTEXT() REPRESENTATION_CONTEXT('2D SPACE',''
  ) );
#1366 = ORIENTED_EDGE('',*,*,#1136,.F.);
#1367 = ADVANCED_FACE('',(#1368),#138,.F.);
#1368 = FACE_BOUND('',#1369,.F.);
#1369 = EDGE_LOOP('',(#1370,#1393,#1414,#1415));
#1370 = ORIENTED_EDGE('',*,*,#1371,.T.);
#1371 = EDGE_CURVE('',#95,#1372,#1374,.T.);
#1372 = VERTEX_POINT('',#1373);
#1373 = CARTESIAN_POINT('',(39.39,-31.39,100.));
#1374 = SURFACE_CURVE('',#1375,(#1379,#1386),.PCURVE_S1.);
#1375 = LINE('',#1376,#1377);
#1376 = CARTESIAN_POINT('',(39.39,-31.39,0.));
#1377 = VECTOR('',#1378,1.);
#1378 = DIRECTION('',(0.,0.,1.));
#1379 = PCURVE('',#138,#1380);
#1380 = DEFINITIONAL_REPRESENTATION('',(#1381),#1385);
#1381 = LINE('',#1382,#1383);
#1382 = CARTESIAN_POINT('',(0.,0.));
#1383 = VECTOR('',#1384,1.);
#1384 = DIRECTION('',(0.,-1.));
#1385 = ( GEOMETRIC_REPRESENTATION_CONTEXT(2) 
PARAMETRIC_REPRESENTATION_CONTEXT() REPRESENTATION_CONTEXT('2D SPACE',''
  ) );
#1386 = PCURVE('',#110,#1387);
#1387 = DEFINITIONAL_REPRESENTATION('',(#1388),#1392);
#1388 = LINE('',#1389,#1390);
#1389 = CARTESIAN_POINT('',(11.313708498985,0.));
#1390 = VECTOR('',#1391,1.);
#1391 = DIRECTION('',(0.,-1.));
#1392 = ( GEOMETRIC_REPRESENTATION_CONTEXT(2) 
PARAMETRIC_REPRESENTATION_CONTEXT() REPRESENTATION_CONTEXT('2D SPACE',''
  ) );
#1393 = ORIENTED_EDGE('',*,*,#1394,.T.);
#1394 = EDGE_CURVE('',#1372,#1324,#1395,.T.);
#1395 = SURFACE_CURVE('',#1396,(#1400,#1407),.PCURVE_S1.);
#1396 = LINE('',#1397,#1398);
#1397 = CARTESIAN_POINT('',(39.39,0.,100.));
#1398 = VECTOR('',#1399,1.);
#1399 = DIRECTION('',(-0.,1.,0.));
#1400 = PCURVE('',#138,#1401);
#1401 = DEFINITIONAL_REPRESENTATION('',(#1402),#1406);
#1402 = LINE('',#1403,#1404);
#1403 = CARTESIAN_POINT('',(31.39,-100.));
#1404 = VECTOR('',#1405,1.);
#1405 = DIRECTION('',(1.,0.));
#1406 = ( GEOMETRIC_REPRESENTATION_CONTEXT(2) 
PARAMETRIC_REPRESENTATION_CONTEXT() REPRESENTATION_CONTEXT('2D SPACE',''
  ) );
#1407 = PCURVE('',#630,#1408);
#1408 = DEFINITIONAL_REPRESENTATION('',(#1409),#1413);
#1409 = LINE('',#1410,#1411);
#1410 = CARTESIAN_POINT('',(39.39,0.));
#1411 = VECTOR('',#1412,1.);
#1412 = DIRECTION('',(0.,1.));
#1413 = ( GEOMETRIC_REPRESENTATION_CONTEXT(2) 
PARAMETRIC_REPRESENTATION_CONTEXT() REPRESENTATION_CONTEXT('2D SPACE',''
  ) );
#1414 = ORIENTED_EDGE('',*,*,#1323,.F.);
#1415 = ORIENTED_EDGE('',*,*,#122,.F.);
#1416 = ADVANCED_FACE('',(#1417),#110,.F.);
#1417 = FACE_BOUND('',#1418,.F.);
#1418 = EDGE_LOOP('',(#1419,#1420,#1421,#1442));
#1419 = ORIENTED_EDGE('',*,*,#94,.F.);
#1420 = ORIENTED_EDGE('',*,*,#642,.F.);
#1421 = ORIENTED_EDGE('',*,*,#1422,.T.);
#1422 = EDGE_CURVE('',#615,#1372,#1423,.T.);
#1423 = SURFACE_CURVE('',#1424,(#1428,#1435),.PCURVE_S1.);
#1424 = LINE('',#1425,#1426);
#1425 = CARTESIAN_POINT('',(35.39,-35.39,100.));
#1426 = VECTOR('',#1427,1.);
#1427 = DIRECTION('',(0.707106781187,0.707106781187,0.));
#1428 = PCURVE('',#110,#1429);
#1429 = DEFINITIONAL_REPRESENTATION('',(#1430),#1434);
#1430 = LINE('',#1431,#1432);
#1431 = CARTESIAN_POINT('',(5.656854249492,-100.));
#1432 = VECTOR('',#1433,1.);
#1433 = DIRECTION('',(1.,0.));
#1434 = ( GEOMETRIC_REPRESENTATION_CONTEXT(2) 
PARAMETRIC_REPRESENTATION_CONTEXT() REPRESENTATION_CONTEXT('2D SPACE',''
  ) );
#1435 = PCURVE('',#630,#1436);
#1436 = DEFINITIONAL_REPRESENTATION('',(#1437),#1441);
#1437 = LINE('',#1438,#1439);
#1438 = CARTESIAN_POINT('',(35.39,-35.39));
#1439 = VECTOR('',#1440,1.);
#1440 = DIRECTION('',(0.707106781187,0.707106781187));
#1441 = ( GEOMETRIC_REPRESENTATION_CONTEXT(2) 
PARAMETRIC_REPRESENTATION_CONTEXT() REPRESENTATION_CONTEXT('2D SPACE',''
  ) );
#1442 = ORIENTED_EDGE('',*,*,#1371,.F.);
#1443 = ADVANCED_FACE('',(#1444),#630,.T.);
#1444 = FACE_BOUND('',#1445,.T.);
#1445 = EDGE_LOOP('',(#1446,#1447,#1448,#1449,#1450,#1451,#1472,#1501,
    #1527,#1553,#1582,#1608,#1634,#1663));
#1446 = ORIENTED_EDGE('',*,*,#614,.T.);
#1447 = ORIENTED_EDGE('',*,*,#1422,.T.);
#1448 = ORIENTED_EDGE('',*,*,#1394,.T.);
#1449 = ORIENTED_EDGE('',*,*,#1346,.T.);
#1450 = ORIENTED_EDGE('',*,*,#1157,.T.);
#1451 = ORIENTED_EDGE('',*,*,#1452,.F.);
#1452 = EDGE_CURVE('',#1453,#1158,#1455,.T.);
#1453 = VERTEX_POINT('',#1454);
#1454 = CARTESIAN_POINT('',(23.729343926502,18.986056378768,100.));
#1455 = SURFACE_CURVE('',#1456,(#1460,#1466),.PCURVE_S1.);
#1456 = LINE('',#1457,#1458);
#1457 = CARTESIAN_POINT('',(10.598176404611,20.134884675794,100.));
#1458 = VECTOR('',#1459,1.);
#1459 = DIRECTION('',(-0.996194698092,8.715574274766E-02,0.));
#1460 = PCURVE('',#630,#1461);
#1461 = DEFINITIONAL_REPRESENTATION('',(#1462),#1465);
#1462 = B_SPLINE_CURVE_WITH_KNOTS('',1,(#1463,#1464),.UNSPECIFIED.,.F.,
  .F.,(2,2),(-13.18132644858,-8.802976314657),.PIECEWISE_BEZIER_KNOTS.);
#1463 = CARTESIAN_POINT('',(23.729343926503,18.986056378768));
#1464 = CARTESIAN_POINT('',(19.3676547367,19.3676547367));
#1465 = ( GEOMETRIC_REPRESENTATION_CONTEXT(2) 
PARAMETRIC_REPRESENTATION_CONTEXT() REPRESENTATION_CONTEXT('2D SPACE',''
  ) );
#1466 = PCURVE('',#1196,#1467);
#1467 = DEFINITIONAL_REPRESENTATION('',(#1468),#1471);
#1468 = B_SPLINE_CURVE_WITH_KNOTS('',1,(#1469,#1470),.UNSPECIFIED.,.F.,
  .F.,(2,2),(-13.18132644858,-8.802976314657),.PIECEWISE_BEZIER_KNOTS.);
#1469 = CARTESIAN_POINT('',(4.378350133923,-101.));
#1470 = CARTESIAN_POINT('',(0.,-101.));
#1471 = ( GEOMETRIC_REPRESENTATION_CONTEXT(2) 
PARAMETRIC_REPRESENTATION_CONTEXT() REPRESENTATION_CONTEXT('2D SPACE',''
  ) );
#1472 = ORIENTED_EDGE('',*,*,#1473,.F.);
#1473 = EDGE_CURVE('',#1474,#1453,#1476,.T.);
#1474 = VERTEX_POINT('',#1475);
#1475 = CARTESIAN_POINT('',(28.307079104948,11.057186466105,100.));
#1476 = SURFACE_CURVE('',#1477,(#1482,#1489),.PCURVE_S1.);
#1477 = CIRCLE('',#1478,30.39);
#1478 = AXIS2_PLACEMENT_3D('',#1479,#1480,#1481);
#1479 = CARTESIAN_POINT('',(0.,0.,100.));
#1480 = DIRECTION('',(0.,0.,1.));
#1481 = DIRECTION('',(1.,0.,-0.));
#1482 = PCURVE('',#630,#1483);
#1483 = DEFINITIONAL_REPRESENTATION('',(#1484),#1488);
#1484 = CIRCLE('',#1485,30.39);
#1485 = AXIS2_PLACEMENT_2D('',#1486,#1487);
#1486 = CARTESIAN_POINT('',(0.,0.));
#1487 = DIRECTION('',(1.,0.));
#1488 = ( GEOMETRIC_REPRESENTATION_CONTEXT(2) 
PARAMETRIC_REPRESENTATION_CONTEXT() REPRESENTATION_CONTEXT('2D SPACE',''
  ) );
#1489 = PCURVE('',#1490,#1495);
#1490 = CYLINDRICAL_SURFACE('',#1491,30.39);
#1491 = AXIS2_PLACEMENT_3D('',#1492,#1493,#1494);
#1492 = CARTESIAN_POINT('',(0.,0.,-1.));
#1493 = DIRECTION('',(0.,0.,1.));
#1494 = DIRECTION('',(1.,0.,-0.));
#1495 = DEFINITIONAL_REPRESENTATION('',(#1496),#1500);
#1496 = LINE('',#1497,#1498);
#1497 = CARTESIAN_POINT('',(6.28318530718,101.));
#1498 = VECTOR('',#1499,1.);
#1499 = DIRECTION('',(1.,0.));
#1500 = ( GEOMETRIC_REPRESENTATION_CONTEXT(2) 
PARAMETRIC_REPRESENTATION_CONTEXT() REPRESENTATION_CONTEXT('2D SPACE',''
  ) );
#1501 = ORIENTED_EDGE('',*,*,#1502,.F.);
#1502 = EDGE_CURVE('',#1503,#1474,#1505,.T.);
#1503 = VERTEX_POINT('',#1504);
#1504 = CARTESIAN_POINT('',(26.456708382058,7.089053645358,100.));
#1505 = SURFACE_CURVE('',#1506,(#1510,#1516),.PCURVE_S1.);
#1506 = LINE('',#1507,#1508);
#1507 = CARTESIAN_POINT('',(24.051364432725,1.930776899809,100.));
#1508 = VECTOR('',#1509,1.);
#1509 = DIRECTION('',(0.422618261741,0.906307787037,-0.));
#1510 = PCURVE('',#630,#1511);
#1511 = DEFINITIONAL_REPRESENTATION('',(#1512),#1515);
#1512 = B_SPLINE_CURVE_WITH_KNOTS('',1,(#1513,#1514),.UNSPECIFIED.,.F.,
  .F.,(2,2),(5.691528660936,10.069878794859),.PIECEWISE_BEZIER_KNOTS.);
#1513 = CARTESIAN_POINT('',(26.456708382058,7.089053645358));
#1514 = CARTESIAN_POINT('',(28.307079104948,11.057186466105));
#1515 = ( GEOMETRIC_REPRESENTATION_CONTEXT(2) 
PARAMETRIC_REPRESENTATION_CONTEXT() REPRESENTATION_CONTEXT('2D SPACE',''
  ) );
#1516 = PCURVE('',#1517,#1522);
#1517 = PLANE('',#1518);
#1518 = AXIS2_PLACEMENT_3D('',#1519,#1520,#1521);
#1519 = CARTESIAN_POINT('',(29.086617579883,12.728912120406,-1.));
#1520 = DIRECTION('',(0.906307787037,-0.422618261741,0.));
#1521 = DIRECTION('',(-0.422618261741,-0.906307787037,0.));
#1522 = DEFINITIONAL_REPRESENTATION('',(#1523),#1526);
#1523 = B_SPLINE_CURVE_WITH_KNOTS('',1,(#1524,#1525),.UNSPECIFIED.,.F.,
  .F.,(2,2),(5.691528660936,10.069878794859),.PIECEWISE_BEZIER_KNOTS.);
#1524 = CARTESIAN_POINT('',(6.222895307442,-101.));
#1525 = CARTESIAN_POINT('',(1.844545173519,-101.));
#1526 = ( GEOMETRIC_REPRESENTATION_CONTEXT(2) 
PARAMETRIC_REPRESENTATION_CONTEXT() REPRESENTATION_CONTEXT('2D SPACE',''
  ) );
#1527 = ORIENTED_EDGE('',*,*,#1528,.F.);
#1528 = EDGE_CURVE('',#1529,#1503,#1531,.T.);
#1529 = VERTEX_POINT('',#1530);
#1530 = CARTESIAN_POINT('',(30.043242844873,4.577735178446,100.));
#1531 = SURFACE_CURVE('',#1532,(#1536,#1542),.PCURVE_S1.);
#1532 = LINE('',#1533,#1534);
#1533 = CARTESIAN_POINT('',(19.245732338079,12.138233429202,100.));
#1534 = VECTOR('',#1535,1.);
#1535 = DIRECTION('',(-0.819152044289,0.573576436351,0.));
#1536 = PCURVE('',#630,#1537);
#1537 = DEFINITIONAL_REPRESENTATION('',(#1538),#1541);
#1538 = B_SPLINE_CURVE_WITH_KNOTS('',1,(#1539,#1540),.UNSPECIFIED.,.F.,
  .F.,(2,2),(-13.18132644858,-8.802976314657),.PIECEWISE_BEZIER_KNOTS.);
#1539 = CARTESIAN_POINT('',(30.043242844873,4.577735178446));
#1540 = CARTESIAN_POINT('',(26.456708382058,7.089053645358));
#1541 = ( GEOMETRIC_REPRESENTATION_CONTEXT(2) 
PARAMETRIC_REPRESENTATION_CONTEXT() REPRESENTATION_CONTEXT('2D SPACE',''
  ) );
#1542 = PCURVE('',#1543,#1548);
#1543 = PLANE('',#1544);
#1544 = AXIS2_PLACEMENT_3D('',#1545,#1546,#1547);
#1545 = CARTESIAN_POINT('',(26.456708382058,7.089053645358,-1.));
#1546 = DIRECTION('',(0.573576436351,0.819152044289,0.));
#1547 = DIRECTION('',(0.819152044289,-0.573576436351,0.));
#1548 = DEFINITIONAL_REPRESENTATION('',(#1549),#1552);
#1549 = B_SPLINE_CURVE_WITH_KNOTS('',1,(#1550,#1551),.UNSPECIFIED.,.F.,
  .F.,(2,2),(-13.18132644858,-8.802976314657),.PIECEWISE_BEZIER_KNOTS.);
#1550 = CARTESIAN_POINT('',(4.378350133922,-101.));
#1551 = CARTESIAN_POINT('',(-7.105427357601E-15,-101.));
#1552 = ( GEOMETRIC_REPRESENTATION_CONTEXT(2) 
PARAMETRIC_REPRESENTATION_CONTEXT() REPRESENTATION_CONTEXT('2D SPACE',''
  ) );
#1553 = ORIENTED_EDGE('',*,*,#1554,.F.);
#1554 = EDGE_CURVE('',#1555,#1529,#1557,.T.);
#1555 = VERTEX_POINT('',#1556);
#1556 = CARTESIAN_POINT('',(30.043242844873,-4.577735178446,100.));
#1557 = SURFACE_CURVE('',#1558,(#1563,#1570),.PCURVE_S1.);
#1558 = CIRCLE('',#1559,30.39);
#1559 = AXIS2_PLACEMENT_3D('',#1560,#1561,#1562);
#1560 = CARTESIAN_POINT('',(0.,0.,100.));
#1561 = DIRECTION('',(0.,0.,1.));
#1562 = DIRECTION('',(1.,0.,-0.));
#1563 = PCURVE('',#630,#1564);
#1564 = DEFINITIONAL_REPRESENTATION('',(#1565),#1569);
#1565 = CIRCLE('',#1566,30.39);
#1566 = AXIS2_PLACEMENT_2D('',#1567,#1568);
#1567 = CARTESIAN_POINT('',(0.,0.));
#1568 = DIRECTION('',(1.,0.));
#1569 = ( GEOMETRIC_REPRESENTATION_CONTEXT(2) 
PARAMETRIC_REPRESENTATION_CONTEXT() REPRESENTATION_CONTEXT('2D SPACE',''
  ) );
#1570 = PCURVE('',#1571,#1576);
#1571 = CYLINDRICAL_SURFACE('',#1572,30.39);
#1572 = AXIS2_PLACEMENT_3D('',#1573,#1574,#1575);
#1573 = CARTESIAN_POINT('',(0.,0.,-1.));
#1574 = DIRECTION('',(0.,0.,1.));
#1575 = DIRECTION('',(1.,0.,-0.));
#1576 = DEFINITIONAL_REPRESENTATION('',(#1577),#1581);
#1577 = LINE('',#1578,#1579);
#1578 = CARTESIAN_POINT('',(0.,101.));
#1579 = VECTOR('',#1580,1.);
#1580 = DIRECTION('',(1.,0.));
#1581 = ( GEOMETRIC_REPRESENTATION_CONTEXT(2) 
PARAMETRIC_REPRESENTATION_CONTEXT() REPRESENTATION_CONTEXT('2D SPACE',''
  ) );
#1582 = ORIENTED_EDGE('',*,*,#1583,.F.);
#1583 = EDGE_CURVE('',#1584,#1555,#1586,.T.);
#1584 = VERTEX_POINT('',#1585);
#1585 = CARTESIAN_POINT('',(26.456708382058,-7.089053645358,100.));
#1586 = SURFACE_CURVE('',#1587,(#1591,#1597),.PCURVE_S1.);
#1587 = LINE('',#1588,#1589);
#1588 = CARTESIAN_POINT('',(21.794481044322,-10.35358037208,100.));
#1589 = VECTOR('',#1590,1.);
#1590 = DIRECTION('',(0.819152044289,0.573576436351,-0.));
#1591 = PCURVE('',#630,#1592);
#1592 = DEFINITIONAL_REPRESENTATION('',(#1593),#1596);
#1593 = B_SPLINE_CURVE_WITH_KNOTS('',1,(#1594,#1595),.UNSPECIFIED.,.F.,
  .F.,(2,2),(5.691528660936,10.069878794859),.PIECEWISE_BEZIER_KNOTS.);
#1594 = CARTESIAN_POINT('',(26.456708382058,-7.089053645358));
#1595 = CARTESIAN_POINT('',(30.043242844873,-4.577735178446));
#1596 = ( GEOMETRIC_REPRESENTATION_CONTEXT(2) 
PARAMETRIC_REPRESENTATION_CONTEXT() REPRESENTATION_CONTEXT('2D SPACE',''
  ) );
#1597 = PCURVE('',#1598,#1603);
#1598 = PLANE('',#1599);
#1599 = AXIS2_PLACEMENT_3D('',#1600,#1601,#1602);
#1600 = CARTESIAN_POINT('',(31.554205794545,-3.51974753113,-1.));
#1601 = DIRECTION('',(0.573576436351,-0.819152044289,0.));
#1602 = DIRECTION('',(-0.819152044289,-0.573576436351,0.));
#1603 = DEFINITIONAL_REPRESENTATION('',(#1604),#1607);
#1604 = B_SPLINE_CURVE_WITH_KNOTS('',1,(#1605,#1606),.UNSPECIFIED.,.F.,
  .F.,(2,2),(5.691528660936,10.069878794859),.PIECEWISE_BEZIER_KNOTS.);
#1605 = CARTESIAN_POINT('',(6.222895307442,-101.));
#1606 = CARTESIAN_POINT('',(1.844545173519,-101.));
#1607 = ( GEOMETRIC_REPRESENTATION_CONTEXT(2) 
PARAMETRIC_REPRESENTATION_CONTEXT() REPRESENTATION_CONTEXT('2D SPACE',''
  ) );
#1608 = ORIENTED_EDGE('',*,*,#1609,.F.);
#1609 = EDGE_CURVE('',#1610,#1584,#1612,.T.);
#1610 = VERTEX_POINT('',#1611);
#1611 = CARTESIAN_POINT('',(28.307079104948,-11.0571864661,100.));
#1612 = SURFACE_CURVE('',#1613,(#1617,#1623),.PCURVE_S1.);
#1613 = LINE('',#1614,#1615);
#1614 = CARTESIAN_POINT('',(22.736409833813,0.889152337715,100.));
#1615 = VECTOR('',#1616,1.);
#1616 = DIRECTION('',(-0.422618261741,0.906307787037,0.));
#1617 = PCURVE('',#630,#1618);
#1618 = DEFINITIONAL_REPRESENTATION('',(#1619),#1622);
#1619 = B_SPLINE_CURVE_WITH_KNOTS('',1,(#1620,#1621),.UNSPECIFIED.,.F.,
  .F.,(2,2),(-13.18132644858,-8.802976314657),.PIECEWISE_BEZIER_KNOTS.);
#1620 = CARTESIAN_POINT('',(28.307079104948,-11.0571864661));
#1621 = CARTESIAN_POINT('',(26.456708382058,-7.089053645358));
#1622 = ( GEOMETRIC_REPRESENTATION_CONTEXT(2) 
PARAMETRIC_REPRESENTATION_CONTEXT() REPRESENTATION_CONTEXT('2D SPACE',''
  ) );
#1623 = PCURVE('',#1624,#1629);
#1624 = PLANE('',#1625);
#1625 = AXIS2_PLACEMENT_3D('',#1626,#1627,#1628);
#1626 = CARTESIAN_POINT('',(26.456708382058,-7.089053645358,-1.));
#1627 = DIRECTION('',(0.906307787037,0.422618261741,0.));
#1628 = DIRECTION('',(0.422618261741,-0.906307787037,0.));
#1629 = DEFINITIONAL_REPRESENTATION('',(#1630),#1633);
#1630 = B_SPLINE_CURVE_WITH_KNOTS('',1,(#1631,#1632),.UNSPECIFIED.,.F.,
  .F.,(2,2),(-13.18132644858,-8.802976314657),.PIECEWISE_BEZIER_KNOTS.);
#1631 = CARTESIAN_POINT('',(4.378350133922,-101.));
#1632 = CARTESIAN_POINT('',(-3.552713678801E-15,-101.));
#1633 = ( GEOMETRIC_REPRESENTATION_CONTEXT(2) 
PARAMETRIC_REPRESENTATION_CONTEXT() REPRESENTATION_CONTEXT('2D SPACE',''
  ) );
#1634 = ORIENTED_EDGE('',*,*,#1635,.F.);
#1635 = EDGE_CURVE('',#1636,#1610,#1638,.T.);
#1636 = VERTEX_POINT('',#1637);
#1637 = CARTESIAN_POINT('',(23.729343926502,-18.98605637876,100.));
#1638 = SURFACE_CURVE('',#1639,(#1644,#1651),.PCURVE_S1.);
#1639 = CIRCLE('',#1640,30.39);
#1640 = AXIS2_PLACEMENT_3D('',#1641,#1642,#1643);
#1641 = CARTESIAN_POINT('',(0.,0.,100.));
#1642 = DIRECTION('',(0.,0.,1.));
#1643 = DIRECTION('',(1.,0.,-0.));
#1644 = PCURVE('',#630,#1645);
#1645 = DEFINITIONAL_REPRESENTATION('',(#1646),#1650);
#1646 = CIRCLE('',#1647,30.39);
#1647 = AXIS2_PLACEMENT_2D('',#1648,#1649);
#1648 = CARTESIAN_POINT('',(0.,0.));
#1649 = DIRECTION('',(1.,0.));
#1650 = ( GEOMETRIC_REPRESENTATION_CONTEXT(2) 
PARAMETRIC_REPRESENTATION_CONTEXT() REPRESENTATION_CONTEXT('2D SPACE',''
  ) );
#1651 = PCURVE('',#1652,#1657);
#1652 = CYLINDRICAL_SURFACE('',#1653,30.39);
#1653 = AXIS2_PLACEMENT_3D('',#1654,#1655,#1656);
#1654 = CARTESIAN_POINT('',(0.,0.,-1.));
#1655 = DIRECTION('',(0.,0.,1.));
#1656 = DIRECTION('',(1.,0.,-0.));
#1657 = DEFINITIONAL_REPRESENTATION('',(#1658),#1662);
#1658 = LINE('',#1659,#1660);
#1659 = CARTESIAN_POINT('',(0.,101.));
#1660 = VECTOR('',#1661,1.);
#1661 = DIRECTION('',(1.,0.));
#1662 = ( GEOMETRIC_REPRESENTATION_CONTEXT(2) 
PARAMETRIC_REPRESENTATION_CONTEXT() REPRESENTATION_CONTEXT('2D SPACE',''
  ) );
#1663 = ORIENTED_EDGE('',*,*,#1664,.F.);
#1664 = EDGE_CURVE('',#587,#1636,#1665,.T.);
#1665 = SURFACE_CURVE('',#1666,(#1670,#1676),.PCURVE_S1.);
#1666 = LINE('',#1667,#1668);
#1667 = CARTESIAN_POINT('',(13.697784060638,-19.86370414451,100.));
#1668 = VECTOR('',#1669,1.);
#1669 = DIRECTION('',(0.996194698092,8.715574274766E-02,-0.));
#1670 = PCURVE('',#630,#1671);
#1671 = DEFINITIONAL_REPRESENTATION('',(#1672),#1675);
#1672 = B_SPLINE_CURVE_WITH_KNOTS('',1,(#1673,#1674),.UNSPECIFIED.,.F.,
  .F.,(2,2),(5.691528660936,10.069878794859),.PIECEWISE_BEZIER_KNOTS.);
#1673 = CARTESIAN_POINT('',(19.3676547367,-19.3676547367));
#1674 = CARTESIAN_POINT('',(23.729343926503,-18.98605637876));
#1675 = ( GEOMETRIC_REPRESENTATION_CONTEXT(2) 
PARAMETRIC_REPRESENTATION_CONTEXT() REPRESENTATION_CONTEXT('2D SPACE',''
  ) );
#1676 = PCURVE('',#602,#1677);
#1677 = DEFINITIONAL_REPRESENTATION('',(#1678),#1681);
#1678 = B_SPLINE_CURVE_WITH_KNOTS('',1,(#1679,#1680),.UNSPECIFIED.,.F.,
  .F.,(2,2),(5.691528660936,10.069878794859),.PIECEWISE_BEZIER_KNOTS.);
#1679 = CARTESIAN_POINT('',(6.222895307442,-101.));
#1680 = CARTESIAN_POINT('',(1.844545173519,-101.));
#1681 = ( GEOMETRIC_REPRESENTATION_CONTEXT(2) 
PARAMETRIC_REPRESENTATION_CONTEXT() REPRESENTATION_CONTEXT('2D SPACE',''
  ) );
#1682 = ADVANCED_FACE('',(#1683),#602,.F.);
#1683 = FACE_BOUND('',#1684,.F.);
#1684 = EDGE_LOOP('',(#1685,#1686,#1718,#1737));
#1685 = ORIENTED_EDGE('',*,*,#586,.F.);
#1686 = ORIENTED_EDGE('',*,*,#1687,.F.);
#1687 = EDGE_CURVE('',#1688,#559,#1690,.T.);
#1688 = VERTEX_POINT('',#1689);
#1689 = CARTESIAN_POINT('',(23.729343926502,-18.98605637876,
    86.908594111116));
#1690 = SURFACE_CURVE('',#1691,(#1696,#1703),.PCURVE_S1.);
#1691 = HYPERBOLA('',#1692,25.005322988392,20.981957297029);
#1692 = AXIS2_PLACEMENT_3D('',#1693,#1694,#1695);
#1693 = CARTESIAN_POINT('',(1.828698072522,-20.90211461488,
    50.691202432178));
#1694 = DIRECTION('',(8.715574274766E-02,-0.996194698092,0.));
#1695 = DIRECTION('',(-0.,0.,1.));
#1696 = PCURVE('',#602,#1697);
#1697 = DEFINITIONAL_REPRESENTATION('',(#1698),#1702);
#1698 = ( BOUNDED_CURVE() B_SPLINE_CURVE(2,(#1699,#1700,#1701),
.UNSPECIFIED.,.F.,.F.) B_SPLINE_CURVE_WITH_KNOTS((3,3),(-0.929085588136,
-0.762909652067),.PIECEWISE_BEZIER_KNOTS.) CURVE() 
GEOMETRIC_REPRESENTATION_ITEM() RATIONAL_B_SPLINE_CURVE((1.,1.0034537915
,1.)) REPRESENTATION_ITEM('') );
#1699 = CARTESIAN_POINT('',(1.406710160127,-88.28783430648));
#1700 = CARTESIAN_POINT('',(3.952338473076,-86.07268077908));
#1701 = CARTESIAN_POINT('',(6.222895307442,-84.33333333333));
#1702 = ( GEOMETRIC_REPRESENTATION_CONTEXT(2) 
PARAMETRIC_REPRESENTATION_CONTEXT() REPRESENTATION_CONTEXT('2D SPACE',''
  ) );
#1703 = PCURVE('',#1704,#1709);
#1704 = CONICAL_SURFACE('',#1705,31.39,0.698131700798);
#1705 = AXIS2_PLACEMENT_3D('',#1706,#1707,#1708);
#1706 = CARTESIAN_POINT('',(0.,0.,88.10034770371));
#1707 = DIRECTION('',(0.,0.,1.));
#1708 = DIRECTION('',(1.,0.,0.));
#1709 = DEFINITIONAL_REPRESENTATION('',(#1710),#1717);
#1710 = B_SPLINE_CURVE_WITH_KNOTS('',5,(#1711,#1712,#1713,#1714,#1715,
    #1716),.UNSPECIFIED.,.F.,.F.,(6,6),(-0.929085588136,-0.762909652067)
  ,.PIECEWISE_BEZIER_KNOTS.);
#1711 = CARTESIAN_POINT('',(5.618222188699,-0.812513397225));
#1712 = CARTESIAN_POINT('',(5.595513634706,-1.700612877967));
#1713 = CARTESIAN_POINT('',(5.572116238827,-2.538182603031));
#1714 = CARTESIAN_POINT('',(5.548026532826,-3.327266123491));
#1715 = CARTESIAN_POINT('',(5.523246774263,-4.069675091498));
#1716 = CARTESIAN_POINT('',(5.497787143782,-4.767014370377));
#1717 = ( GEOMETRIC_REPRESENTATION_CONTEXT(2) 
PARAMETRIC_REPRESENTATION_CONTEXT() REPRESENTATION_CONTEXT('2D SPACE',''
  ) );
#1718 = ORIENTED_EDGE('',*,*,#1719,.T.);
#1719 = EDGE_CURVE('',#1688,#1636,#1720,.T.);
#1720 = SURFACE_CURVE('',#1721,(#1725,#1731),.PCURVE_S1.);
#1721 = LINE('',#1722,#1723);
#1722 = CARTESIAN_POINT('',(23.729343926502,-18.98605637876,-1.));
#1723 = VECTOR('',#1724,1.);
#1724 = DIRECTION('',(0.,0.,1.));
#1725 = PCURVE('',#602,#1726);
#1726 = DEFINITIONAL_REPRESENTATION('',(#1727),#1730);
#1727 = B_SPLINE_CURVE_WITH_KNOTS('',1,(#1728,#1729),.UNSPECIFIED.,.F.,
  .F.,(2,2),(-5.999999999062E-07,102.0000006),.PIECEWISE_BEZIER_KNOTS.);
#1728 = CARTESIAN_POINT('',(1.844545173519,5.999999999062E-07));
#1729 = CARTESIAN_POINT('',(1.844545173519,-102.0000006));
#1730 = ( GEOMETRIC_REPRESENTATION_CONTEXT(2) 
PARAMETRIC_REPRESENTATION_CONTEXT() REPRESENTATION_CONTEXT('2D SPACE',''
  ) );
#1731 = PCURVE('',#1652,#1732);
#1732 = DEFINITIONAL_REPRESENTATION('',(#1733),#1736);
#1733 = B_SPLINE_CURVE_WITH_KNOTS('',1,(#1734,#1735),.UNSPECIFIED.,.F.,
  .F.,(2,2),(-5.999999999062E-07,102.0000006),.PIECEWISE_BEZIER_KNOTS.);
#1734 = CARTESIAN_POINT('',(5.608378040247,-5.999999999062E-07));
#1735 = CARTESIAN_POINT('',(5.608378040247,102.0000006));
#1736 = ( GEOMETRIC_REPRESENTATION_CONTEXT(2) 
PARAMETRIC_REPRESENTATION_CONTEXT() REPRESENTATION_CONTEXT('2D SPACE',''
  ) );
#1737 = ORIENTED_EDGE('',*,*,#1664,.F.);
#1738 = ADVANCED_FACE('',(#1739),#574,.F.);
#1739 = FACE_BOUND('',#1740,.F.);
#1740 = EDGE_LOOP('',(#1741,#1742,#1774,#1800));
#1741 = ORIENTED_EDGE('',*,*,#558,.F.);
#1742 = ORIENTED_EDGE('',*,*,#1743,.F.);
#1743 = EDGE_CURVE('',#1744,#531,#1746,.T.);
#1744 = VERTEX_POINT('',#1745);
#1745 = CARTESIAN_POINT('',(23.729343926502,-18.98605637876,
    70.241927444449));
#1746 = SURFACE_CURVE('',#1747,(#1752,#1759),.PCURVE_S1.);
#1747 = HYPERBOLA('',#1748,25.005322988392,20.981957297029);
#1748 = AXIS2_PLACEMENT_3D('',#1749,#1750,#1751);
#1749 = CARTESIAN_POINT('',(1.828698072522,-20.90211461488,
    34.024535765511));
#1750 = DIRECTION('',(8.715574274766E-02,-0.996194698092,0.));
#1751 = DIRECTION('',(-0.,0.,1.));
#1752 = PCURVE('',#574,#1753);
#1753 = DEFINITIONAL_REPRESENTATION('',(#1754),#1758);
#1754 = ( BOUNDED_CURVE() B_SPLINE_CURVE(2,(#1755,#1756,#1757),
.UNSPECIFIED.,.F.,.F.) B_SPLINE_CURVE_WITH_KNOTS((3,3),(-0.929085588136,
-0.762909652067),.PIECEWISE_BEZIER_KNOTS.) CURVE() 
GEOMETRIC_REPRESENTATION_ITEM() RATIONAL_B_SPLINE_CURVE((1.,1.0034537915
,1.)) REPRESENTATION_ITEM('') );
#1755 = CARTESIAN_POINT('',(1.406710160127,-71.62116763981));
#1756 = CARTESIAN_POINT('',(3.952338473076,-69.40601411241));
#1757 = CARTESIAN_POINT('',(6.222895307442,-67.66666666666));
#1758 = ( GEOMETRIC_REPRESENTATION_CONTEXT(2) 
PARAMETRIC_REPRESENTATION_CONTEXT() REPRESENTATION_CONTEXT('2D SPACE',''
  ) );
#1759 = PCURVE('',#1760,#1765);
#1760 = CONICAL_SURFACE('',#1761,31.39,0.698131700798);
#1761 = AXIS2_PLACEMENT_3D('',#1762,#1763,#1764);
#1762 = CARTESIAN_POINT('',(0.,0.,71.433681037044));
#1763 = DIRECTION('',(0.,0.,1.));
#1764 = DIRECTION('',(1.,0.,0.));
#1765 = DEFINITIONAL_REPRESENTATION('',(#1766),#1773);
#1766 = B_SPLINE_CURVE_WITH_KNOTS('',5,(#1767,#1768,#1769,#1770,#1771,
    #1772),.UNSPECIFIED.,.F.,.F.,(6,6),(-0.929085588136,-0.762909652067)
  ,.PIECEWISE_BEZIER_KNOTS.);
#1767 = CARTESIAN_POINT('',(5.618222188699,-0.812513397225));
#1768 = CARTESIAN_POINT('',(5.595513634706,-1.700612877967));
#1769 = CARTESIAN_POINT('',(5.572116238827,-2.538182603031));
#1770 = CARTESIAN_POINT('',(5.548026532826,-3.327266123491));
#1771 = CARTESIAN_POINT('',(5.523246774263,-4.069675091498));
#1772 = CARTESIAN_POINT('',(5.497787143782,-4.767014370377));
#1773 = ( GEOMETRIC_REPRESENTATION_CONTEXT(2) 
PARAMETRIC_REPRESENTATION_CONTEXT() REPRESENTATION_CONTEXT('2D SPACE',''
  ) );
#1774 = ORIENTED_EDGE('',*,*,#1775,.T.);
#1775 = EDGE_CURVE('',#1744,#1776,#1778,.T.);
#1776 = VERTEX_POINT('',#1777);
#1777 = CARTESIAN_POINT('',(23.729343926502,-18.98605637876,
    79.758072555551));
#1778 = SURFACE_CURVE('',#1779,(#1783,#1789),.PCURVE_S1.);
#1779 = LINE('',#1780,#1781);
#1780 = CARTESIAN_POINT('',(23.729343926502,-18.98605637876,-1.));
#1781 = VECTOR('',#1782,1.);
#1782 = DIRECTION('',(0.,0.,1.));
#1783 = PCURVE('',#574,#1784);
#1784 = DEFINITIONAL_REPRESENTATION('',(#1785),#1788);
#1785 = B_SPLINE_CURVE_WITH_KNOTS('',1,(#1786,#1787),.UNSPECIFIED.,.F.,
  .F.,(2,2),(-5.999999999062E-07,102.0000006),.PIECEWISE_BEZIER_KNOTS.);
#1786 = CARTESIAN_POINT('',(1.844545173519,5.999999999062E-07));
#1787 = CARTESIAN_POINT('',(1.844545173519,-102.0000006));
#1788 = ( GEOMETRIC_REPRESENTATION_CONTEXT(2) 
PARAMETRIC_REPRESENTATION_CONTEXT() REPRESENTATION_CONTEXT('2D SPACE',''
  ) );
#1789 = PCURVE('',#1790,#1795);
#1790 = CYLINDRICAL_SURFACE('',#1791,30.39);
#1791 = AXIS2_PLACEMENT_3D('',#1792,#1793,#1794);
#1792 = CARTESIAN_POINT('',(0.,0.,-1.));
#1793 = DIRECTION('',(0.,0.,1.));
#1794 = DIRECTION('',(1.,0.,-0.));
#1795 = DEFINITIONAL_REPRESENTATION('',(#1796),#1799);
#1796 = B_SPLINE_CURVE_WITH_KNOTS('',1,(#1797,#1798),.UNSPECIFIED.,.F.,
  .F.,(2,2),(-5.999999999062E-07,102.0000006),.PIECEWISE_BEZIER_KNOTS.);
#1797 = CARTESIAN_POINT('',(5.608378040247,-5.999999999062E-07));
#1798 = CARTESIAN_POINT('',(5.608378040247,102.0000006));
#1799 = ( GEOMETRIC_REPRESENTATION_CONTEXT(2) 
PARAMETRIC_REPRESENTATION_CONTEXT() REPRESENTATION_CONTEXT('2D SPACE',''
  ) );
#1800 = ORIENTED_EDGE('',*,*,#1801,.F.);
#1801 = EDGE_CURVE('',#559,#1776,#1802,.T.);
#1802 = SURFACE_CURVE('',#1803,(#1808,#1815),.PCURVE_S1.);
#1803 = HYPERBOLA('',#1804,25.005322988392,20.981957297029);
#1804 = AXIS2_PLACEMENT_3D('',#1805,#1806,#1807);
#1805 = CARTESIAN_POINT('',(1.828698072522,-20.90211461488,
    115.97546423448));
#1806 = DIRECTION('',(8.715574274766E-02,-0.996194698092,0.));
#1807 = DIRECTION('',(0.,-0.,-1.));
#1808 = PCURVE('',#574,#1809);
#1809 = DEFINITIONAL_REPRESENTATION('',(#1810),#1814);
#1810 = ( BOUNDED_CURVE() B_SPLINE_CURVE(2,(#1811,#1812,#1813),
.UNSPECIFIED.,.F.,.F.) B_SPLINE_CURVE_WITH_KNOTS((3,3),(0.762909652067,
0.929085588136),.PIECEWISE_BEZIER_KNOTS.) CURVE() 
GEOMETRIC_REPRESENTATION_ITEM() RATIONAL_B_SPLINE_CURVE((1.,1.0034537915
,1.)) REPRESENTATION_ITEM('') );
#1811 = CARTESIAN_POINT('',(6.222895307442,-84.33333333333));
#1812 = CARTESIAN_POINT('',(3.952338473076,-82.59398588758));
#1813 = CARTESIAN_POINT('',(1.406710160127,-80.37883236018));
#1814 = ( GEOMETRIC_REPRESENTATION_CONTEXT(2) 
PARAMETRIC_REPRESENTATION_CONTEXT() REPRESENTATION_CONTEXT('2D SPACE',''
  ) );
#1815 = PCURVE('',#1816,#1821);
#1816 = CONICAL_SURFACE('',#1817,27.39,0.698131700798);
#1817 = AXIS2_PLACEMENT_3D('',#1818,#1819,#1820);
#1818 = CARTESIAN_POINT('',(0.,0.,83.333333333333));
#1819 = DIRECTION('',(-0.,-0.,-1.));
#1820 = DIRECTION('',(1.,0.,0.));
#1821 = DEFINITIONAL_REPRESENTATION('',(#1822),#1829);
#1822 = B_SPLINE_CURVE_WITH_KNOTS('',5,(#1823,#1824,#1825,#1826,#1827,
    #1828),.UNSPECIFIED.,.F.,.F.,(6,6),(0.762909652067,0.929085588136),
  .PIECEWISE_BEZIER_KNOTS.);
#1823 = CARTESIAN_POINT('',(-5.497787143782,8.339271869793E-15));
#1824 = CARTESIAN_POINT('',(-5.523246774263,0.697339278879));
#1825 = CARTESIAN_POINT('',(-5.548026532826,1.439748246886));
#1826 = CARTESIAN_POINT('',(-5.572116238827,2.228831767346));
#1827 = CARTESIAN_POINT('',(-5.595513634706,3.06640149241));
#1828 = CARTESIAN_POINT('',(-5.618222188699,3.954500973152));
#1829 = ( GEOMETRIC_REPRESENTATION_CONTEXT(2) 
PARAMETRIC_REPRESENTATION_CONTEXT() REPRESENTATION_CONTEXT('2D SPACE',''
  ) );
#1830 = ADVANCED_FACE('',(#1831),#546,.F.);
#1831 = FACE_BOUND('',#1832,.F.);
#1832 = EDGE_LOOP('',(#1833,#1834,#1866,#1892));
#1833 = ORIENTED_EDGE('',*,*,#530,.F.);
#1834 = ORIENTED_EDGE('',*,*,#1835,.F.);
#1835 = EDGE_CURVE('',#1836,#503,#1838,.T.);
#1836 = VERTEX_POINT('',#1837);
#1837 = CARTESIAN_POINT('',(23.729343926502,-18.98605637876,
    53.575260777783));
#1838 = SURFACE_CURVE('',#1839,(#1844,#1851),.PCURVE_S1.);
#1839 = HYPERBOLA('',#1840,25.005322988392,20.981957297029);
#1840 = AXIS2_PLACEMENT_3D('',#1841,#1842,#1843);
#1841 = CARTESIAN_POINT('',(1.828698072522,-20.90211461488,
    17.357869098845));
#1842 = DIRECTION('',(8.715574274766E-02,-0.996194698092,0.));
#1843 = DIRECTION('',(-0.,0.,1.));
#1844 = PCURVE('',#546,#1845);
#1845 = DEFINITIONAL_REPRESENTATION('',(#1846),#1850);
#1846 = ( BOUNDED_CURVE() B_SPLINE_CURVE(2,(#1847,#1848,#1849),
.UNSPECIFIED.,.F.,.F.) B_SPLINE_CURVE_WITH_KNOTS((3,3),(-0.929085588136,
-0.762909652067),.PIECEWISE_BEZIER_KNOTS.) CURVE() 
GEOMETRIC_REPRESENTATION_ITEM() RATIONAL_B_SPLINE_CURVE((1.,1.0034537915
,1.)) REPRESENTATION_ITEM('') );
#1847 = CARTESIAN_POINT('',(1.406710160127,-54.95450097315));
#1848 = CARTESIAN_POINT('',(3.952338473076,-52.73934744575));
#1849 = CARTESIAN_POINT('',(6.222895307442,-51.));
#1850 = ( GEOMETRIC_REPRESENTATION_CONTEXT(2) 
PARAMETRIC_REPRESENTATION_CONTEXT() REPRESENTATION_CONTEXT('2D SPACE',''
  ) );
#1851 = PCURVE('',#1852,#1857);
#1852 = CONICAL_SURFACE('',#1853,31.39,0.698131700798);
#1853 = AXIS2_PLACEMENT_3D('',#1854,#1855,#1856);
#1854 = CARTESIAN_POINT('',(0.,0.,54.767014370377));
#1855 = DIRECTION('',(0.,0.,1.));
#1856 = DIRECTION('',(1.,0.,0.));
#1857 = DEFINITIONAL_REPRESENTATION('',(#1858),#1865);
#1858 = B_SPLINE_CURVE_WITH_KNOTS('',5,(#1859,#1860,#1861,#1862,#1863,
    #1864),.UNSPECIFIED.,.F.,.F.,(6,6),(-0.929085588136,-0.762909652067)
  ,.PIECEWISE_BEZIER_KNOTS.);
#1859 = CARTESIAN_POINT('',(5.618222188699,-0.812513397225));
#1860 = CARTESIAN_POINT('',(5.595513634706,-1.700612877967));
#1861 = CARTESIAN_POINT('',(5.572116238827,-2.538182603031));
#1862 = CARTESIAN_POINT('',(5.548026532826,-3.327266123491));
#1863 = CARTESIAN_POINT('',(5.523246774263,-4.069675091498));
#1864 = CARTESIAN_POINT('',(5.497787143782,-4.767014370377));
#1865 = ( GEOMETRIC_REPRESENTATION_CONTEXT(2) 
PARAMETRIC_REPRESENTATION_CONTEXT() REPRESENTATION_CONTEXT('2D SPACE',''
  ) );
#1866 = ORIENTED_EDGE('',*,*,#1867,.T.);
#1867 = EDGE_CURVE('',#1836,#1868,#1870,.T.);
#1868 = VERTEX_POINT('',#1869);
#1869 = CARTESIAN_POINT('',(23.729343926502,-18.98605637876,
    63.091405888884));
#1870 = SURFACE_CURVE('',#1871,(#1875,#1881),.PCURVE_S1.);
#1871 = LINE('',#1872,#1873);
#1872 = CARTESIAN_POINT('',(23.729343926502,-18.98605637876,-1.));
#1873 = VECTOR('',#1874,1.);
#1874 = DIRECTION('',(0.,0.,1.));
#1875 = PCURVE('',#546,#1876);
#1876 = DEFINITIONAL_REPRESENTATION('',(#1877),#1880);
#1877 = B_SPLINE_CURVE_WITH_KNOTS('',1,(#1878,#1879),.UNSPECIFIED.,.F.,
  .F.,(2,2),(-5.999999999062E-07,102.0000006),.PIECEWISE_BEZIER_KNOTS.);
#1878 = CARTESIAN_POINT('',(1.844545173519,5.999999999062E-07));
#1879 = CARTESIAN_POINT('',(1.844545173519,-102.0000006));
#1880 = ( GEOMETRIC_REPRESENTATION_CONTEXT(2) 
PARAMETRIC_REPRESENTATION_CONTEXT() REPRESENTATION_CONTEXT('2D SPACE',''
  ) );
#1881 = PCURVE('',#1882,#1887);
#1882 = CYLINDRICAL_SURFACE('',#1883,30.39);
#1883 = AXIS2_PLACEMENT_3D('',#1884,#1885,#1886);
#1884 = CARTESIAN_POINT('',(0.,0.,-1.));
#1885 = DIRECTION('',(0.,0.,1.));
#1886 = DIRECTION('',(1.,0.,-0.));
#1887 = DEFINITIONAL_REPRESENTATION('',(#1888),#1891);
#1888 = B_SPLINE_CURVE_WITH_KNOTS('',1,(#1889,#1890),.UNSPECIFIED.,.F.,
  .F.,(2,2),(-5.999999999062E-07,102.0000006),.PIECEWISE_BEZIER_KNOTS.);
#1889 = CARTESIAN_POINT('',(5.608378040247,-5.999999999062E-07));
#1890 = CARTESIAN_POINT('',(5.608378040247,102.0000006));
#1891 = ( GEOMETRIC_REPRESENTATION_CONTEXT(2) 
PARAMETRIC_REPRESENTATION_CONTEXT() REPRESENTATION_CONTEXT('2D SPACE',''
  ) );
#1892 = ORIENTED_EDGE('',*,*,#1893,.F.);
#1893 = EDGE_CURVE('',#531,#1868,#1894,.T.);
#1894 = SURFACE_CURVE('',#1895,(#1900,#1907),.PCURVE_S1.);
#1895 = HYPERBOLA('',#1896,25.005322988392,20.981957297029);
#1896 = AXIS2_PLACEMENT_3D('',#1897,#1898,#1899);
#1897 = CARTESIAN_POINT('',(1.828698072522,-20.90211461488,
    99.308797567822));
#1898 = DIRECTION('',(8.715574274766E-02,-0.996194698092,0.));
#1899 = DIRECTION('',(0.,-0.,-1.));
#1900 = PCURVE('',#546,#1901);
#1901 = DEFINITIONAL_REPRESENTATION('',(#1902),#1906);
#1902 = ( BOUNDED_CURVE() B_SPLINE_CURVE(2,(#1903,#1904,#1905),
.UNSPECIFIED.,.F.,.F.) B_SPLINE_CURVE_WITH_KNOTS((3,3),(0.762909652067,
0.929085588136),.PIECEWISE_BEZIER_KNOTS.) CURVE() 
GEOMETRIC_REPRESENTATION_ITEM() RATIONAL_B_SPLINE_CURVE((1.,1.0034537915
,1.)) REPRESENTATION_ITEM('') );
#1903 = CARTESIAN_POINT('',(6.222895307442,-67.66666666666));
#1904 = CARTESIAN_POINT('',(3.952338473076,-65.92731922091));
#1905 = CARTESIAN_POINT('',(1.406710160127,-63.71216569351));
#1906 = ( GEOMETRIC_REPRESENTATION_CONTEXT(2) 
PARAMETRIC_REPRESENTATION_CONTEXT() REPRESENTATION_CONTEXT('2D SPACE',''
  ) );
#1907 = PCURVE('',#1908,#1913);
#1908 = CONICAL_SURFACE('',#1909,27.39,0.698131700798);
#1909 = AXIS2_PLACEMENT_3D('',#1910,#1911,#1912);
#1910 = CARTESIAN_POINT('',(0.,0.,66.666666666667));
#1911 = DIRECTION('',(-0.,-0.,-1.));
#1912 = DIRECTION('',(1.,0.,0.));
#1913 = DEFINITIONAL_REPRESENTATION('',(#1914),#1921);
#1914 = B_SPLINE_CURVE_WITH_KNOTS('',5,(#1915,#1916,#1917,#1918,#1919,
    #1920),.UNSPECIFIED.,.F.,.F.,(6,6),(0.762909652067,0.929085588136),
  .PIECEWISE_BEZIER_KNOTS.);
#1915 = CARTESIAN_POINT('',(-5.497787143782,8.339271869793E-15));
#1916 = CARTESIAN_POINT('',(-5.523246774263,0.697339278879));
#1917 = CARTESIAN_POINT('',(-5.548026532826,1.439748246886));
#1918 = CARTESIAN_POINT('',(-5.572116238827,2.228831767346));
#1919 = CARTESIAN_POINT('',(-5.595513634706,3.06640149241));
#1920 = CARTESIAN_POINT('',(-5.618222188699,3.954500973152));
#1921 = ( GEOMETRIC_REPRESENTATION_CONTEXT(2) 
PARAMETRIC_REPRESENTATION_CONTEXT() REPRESENTATION_CONTEXT('2D SPACE',''
  ) );
#1922 = ADVANCED_FACE('',(#1923),#518,.F.);
#1923 = FACE_BOUND('',#1924,.F.);
#1924 = EDGE_LOOP('',(#1925,#1926,#1958,#1984));
#1925 = ORIENTED_EDGE('',*,*,#502,.F.);
#1926 = ORIENTED_EDGE('',*,*,#1927,.F.);
#1927 = EDGE_CURVE('',#1928,#475,#1930,.T.);
#1928 = VERTEX_POINT('',#1929);
#1929 = CARTESIAN_POINT('',(23.729343926502,-18.98605637876,
    36.908594111116));
#1930 = SURFACE_CURVE('',#1931,(#1936,#1943),.PCURVE_S1.);
#1931 = HYPERBOLA('',#1932,25.005322988392,20.981957297029);
#1932 = AXIS2_PLACEMENT_3D('',#1933,#1934,#1935);
#1933 = CARTESIAN_POINT('',(1.828698072522,-20.90211461488,
    0.691202432178));
#1934 = DIRECTION('',(8.715574274766E-02,-0.996194698092,0.));
#1935 = DIRECTION('',(-0.,0.,1.));
#1936 = PCURVE('',#518,#1937);
#1937 = DEFINITIONAL_REPRESENTATION('',(#1938),#1942);
#1938 = ( BOUNDED_CURVE() B_SPLINE_CURVE(2,(#1939,#1940,#1941),
.UNSPECIFIED.,.F.,.F.) B_SPLINE_CURVE_WITH_KNOTS((3,3),(-0.929085588136,
-0.762909652067),.PIECEWISE_BEZIER_KNOTS.) CURVE() 
GEOMETRIC_REPRESENTATION_ITEM() RATIONAL_B_SPLINE_CURVE((1.,1.0034537915
,1.)) REPRESENTATION_ITEM('') );
#1939 = CARTESIAN_POINT('',(1.406710160127,-38.28783430648));
#1940 = CARTESIAN_POINT('',(3.952338473076,-36.07268077908));
#1941 = CARTESIAN_POINT('',(6.222895307442,-34.33333333333));
#1942 = ( GEOMETRIC_REPRESENTATION_CONTEXT(2) 
PARAMETRIC_REPRESENTATION_CONTEXT() REPRESENTATION_CONTEXT('2D SPACE',''
  ) );
#1943 = PCURVE('',#1944,#1949);
#1944 = CONICAL_SURFACE('',#1945,31.39,0.698131700798);
#1945 = AXIS2_PLACEMENT_3D('',#1946,#1947,#1948);
#1946 = CARTESIAN_POINT('',(0.,0.,38.10034770371));
#1947 = DIRECTION('',(0.,0.,1.));
#1948 = DIRECTION('',(1.,0.,0.));
#1949 = DEFINITIONAL_REPRESENTATION('',(#1950),#1957);
#1950 = B_SPLINE_CURVE_WITH_KNOTS('',5,(#1951,#1952,#1953,#1954,#1955,
    #1956),.UNSPECIFIED.,.F.,.F.,(6,6),(-0.929085588136,-0.762909652067)
  ,.PIECEWISE_BEZIER_KNOTS.);
#1951 = CARTESIAN_POINT('',(5.618222188699,-0.812513397225));
#1952 = CARTESIAN_POINT('',(5.595513634706,-1.700612877967));
#1953 = CARTESIAN_POINT('',(5.572116238827,-2.538182603031));
#1954 = CARTESIAN_POINT('',(5.548026532826,-3.327266123491));
#1955 = CARTESIAN_POINT('',(5.523246774263,-4.069675091498));
#1956 = CARTESIAN_POINT('',(5.497787143782,-4.767014370377));
#1957 = ( GEOMETRIC_REPRESENTATION_CONTEXT(2) 
PARAMETRIC_REPRESENTATION_CONTEXT() REPRESENTATION_CONTEXT('2D SPACE',''
  ) );
#1958 = ORIENTED_EDGE('',*,*,#1959,.T.);
#1959 = EDGE_CURVE('',#1928,#1960,#1962,.T.);
#1960 = VERTEX_POINT('',#1961);
#1961 = CARTESIAN_POINT('',(23.729343926502,-18.98605637876,
    46.424739222217));
#1962 = SURFACE_CURVE('',#1963,(#1967,#1973),.PCURVE_S1.);
#1963 = LINE('',#1964,#1965);
#1964 = CARTESIAN_POINT('',(23.729343926502,-18.98605637876,-1.));
#1965 = VECTOR('',#1966,1.);
#1966 = DIRECTION('',(0.,0.,1.));
#1967 = PCURVE('',#518,#1968);
#1968 = DEFINITIONAL_REPRESENTATION('',(#1969),#1972);
#1969 = B_SPLINE_CURVE_WITH_KNOTS('',1,(#1970,#1971),.UNSPECIFIED.,.F.,
  .F.,(2,2),(-5.999999999062E-07,102.0000006),.PIECEWISE_BEZIER_KNOTS.);
#1970 = CARTESIAN_POINT('',(1.844545173519,5.999999999062E-07));
#1971 = CARTESIAN_POINT('',(1.844545173519,-102.0000006));
#1972 = ( GEOMETRIC_REPRESENTATION_CONTEXT(2) 
PARAMETRIC_REPRESENTATION_CONTEXT() REPRESENTATION_CONTEXT('2D SPACE',''
  ) );
#1973 = PCURVE('',#1974,#1979);
#1974 = CYLINDRICAL_SURFACE('',#1975,30.39);
#1975 = AXIS2_PLACEMENT_3D('',#1976,#1977,#1978);
#1976 = CARTESIAN_POINT('',(0.,0.,-1.));
#1977 = DIRECTION('',(0.,0.,1.));
#1978 = DIRECTION('',(1.,0.,-0.));
#1979 = DEFINITIONAL_REPRESENTATION('',(#1980),#1983);
#1980 = B_SPLINE_CURVE_WITH_KNOTS('',1,(#1981,#1982),.UNSPECIFIED.,.F.,
  .F.,(2,2),(-5.999999999062E-07,102.0000006),.PIECEWISE_BEZIER_KNOTS.);
#1981 = CARTESIAN_POINT('',(5.608378040247,-5.999999999062E-07));
#1982 = CARTESIAN_POINT('',(5.608378040247,102.0000006));
#1983 = ( GEOMETRIC_REPRESENTATION_CONTEXT(2) 
PARAMETRIC_REPRESENTATION_CONTEXT() REPRESENTATION_CONTEXT('2D SPACE',''
  ) );
#1984 = ORIENTED_EDGE('',*,*,#1985,.F.);
#1985 = EDGE_CURVE('',#503,#1960,#1986,.T.);
#1986 = SURFACE_CURVE('',#1987,(#1992,#1999),.PCURVE_S1.);
#1987 = HYPERBOLA('',#1988,25.005322988392,20.981957297029);
#1988 = AXIS2_PLACEMENT_3D('',#1989,#1990,#1991);
#1989 = CARTESIAN_POINT('',(1.828698072522,-20.90211461488,
    82.642130901155));
#1990 = DIRECTION('',(8.715574274766E-02,-0.996194698092,0.));
#1991 = DIRECTION('',(0.,-0.,-1.));
#1992 = PCURVE('',#518,#1993);
#1993 = DEFINITIONAL_REPRESENTATION('',(#1994),#1998);
#1994 = ( BOUNDED_CURVE() B_SPLINE_CURVE(2,(#1995,#1996,#1997),
.UNSPECIFIED.,.F.,.F.) B_SPLINE_CURVE_WITH_KNOTS((3,3),(0.762909652067,
0.929085588136),.PIECEWISE_BEZIER_KNOTS.) CURVE() 
GEOMETRIC_REPRESENTATION_ITEM() RATIONAL_B_SPLINE_CURVE((1.,1.0034537915
,1.)) REPRESENTATION_ITEM('') );
#1995 = CARTESIAN_POINT('',(6.222895307442,-51.));
#1996 = CARTESIAN_POINT('',(3.952338473076,-49.26065255424));
#1997 = CARTESIAN_POINT('',(1.406710160127,-47.04549902684));
#1998 = ( GEOMETRIC_REPRESENTATION_CONTEXT(2) 
PARAMETRIC_REPRESENTATION_CONTEXT() REPRESENTATION_CONTEXT('2D SPACE',''
  ) );
#1999 = PCURVE('',#2000,#2005);
#2000 = CONICAL_SURFACE('',#2001,27.39,0.698131700798);
#2001 = AXIS2_PLACEMENT_3D('',#2002,#2003,#2004);
#2002 = CARTESIAN_POINT('',(0.,0.,50.));
#2003 = DIRECTION('',(-0.,-0.,-1.));
#2004 = DIRECTION('',(1.,0.,0.));
#2005 = DEFINITIONAL_REPRESENTATION('',(#2006),#2013);
#2006 = B_SPLINE_CURVE_WITH_KNOTS('',5,(#2007,#2008,#2009,#2010,#2011,
    #2012),.UNSPECIFIED.,.F.,.F.,(6,6),(0.762909652067,0.929085588136),
  .PIECEWISE_BEZIER_KNOTS.);
#2007 = CARTESIAN_POINT('',(-5.497787143782,4.169635934897E-15));
#2008 = CARTESIAN_POINT('',(-5.523246774263,0.697339278879));
#2009 = CARTESIAN_POINT('',(-5.548026532826,1.439748246886));
#2010 = CARTESIAN_POINT('',(-5.572116238827,2.228831767346));
#2011 = CARTESIAN_POINT('',(-5.595513634706,3.06640149241));
#2012 = CARTESIAN_POINT('',(-5.618222188699,3.954500973152));
#2013 = ( GEOMETRIC_REPRESENTATION_CONTEXT(2) 
PARAMETRIC_REPRESENTATION_CONTEXT() REPRESENTATION_CONTEXT('2D SPACE',''
  ) );
#2014 = ADVANCED_FACE('',(#2015),#490,.F.);
#2015 = FACE_BOUND('',#2016,.F.);
#2016 = EDGE_LOOP('',(#2017,#2018,#2050,#2076));
#2017 = ORIENTED_EDGE('',*,*,#474,.F.);
#2018 = ORIENTED_EDGE('',*,*,#2019,.F.);
#2019 = EDGE_CURVE('',#2020,#452,#2022,.T.);
#2020 = VERTEX_POINT('',#2021);
#2021 = CARTESIAN_POINT('',(23.729343926502,-18.98605637876,
    20.241927444449));
#2022 = SURFACE_CURVE('',#2023,(#2028,#2035),.PCURVE_S1.);
#2023 = HYPERBOLA('',#2024,25.005322988392,20.981957297029);
#2024 = AXIS2_PLACEMENT_3D('',#2025,#2026,#2027);
#2025 = CARTESIAN_POINT('',(1.828698072522,-20.90211461488,
    -15.97546423448));
#2026 = DIRECTION('',(8.715574274766E-02,-0.996194698092,0.));
#2027 = DIRECTION('',(-0.,0.,1.));
#2028 = PCURVE('',#490,#2029);
#2029 = DEFINITIONAL_REPRESENTATION('',(#2030),#2034);
#2030 = ( BOUNDED_CURVE() B_SPLINE_CURVE(2,(#2031,#2032,#2033),
.UNSPECIFIED.,.F.,.F.) B_SPLINE_CURVE_WITH_KNOTS((3,3),(-0.929085588136,
-0.762909652067),.PIECEWISE_BEZIER_KNOTS.) CURVE() 
GEOMETRIC_REPRESENTATION_ITEM() RATIONAL_B_SPLINE_CURVE((1.,1.0034537915
,1.)) REPRESENTATION_ITEM('') );
#2031 = CARTESIAN_POINT('',(1.406710160127,-21.62116763981));
#2032 = CARTESIAN_POINT('',(3.952338473076,-19.40601411241));
#2033 = CARTESIAN_POINT('',(6.222895307442,-17.66666666666));
#2034 = ( GEOMETRIC_REPRESENTATION_CONTEXT(2) 
PARAMETRIC_REPRESENTATION_CONTEXT() REPRESENTATION_CONTEXT('2D SPACE',''
  ) );
#2035 = PCURVE('',#2036,#2041);
#2036 = CONICAL_SURFACE('',#2037,31.39,0.698131700798);
#2037 = AXIS2_PLACEMENT_3D('',#2038,#2039,#2040);
#2038 = CARTESIAN_POINT('',(0.,0.,21.433681037044));
#2039 = DIRECTION('',(0.,0.,1.));
#2040 = DIRECTION('',(1.,0.,0.));
#2041 = DEFINITIONAL_REPRESENTATION('',(#2042),#2049);
#2042 = B_SPLINE_CURVE_WITH_KNOTS('',5,(#2043,#2044,#2045,#2046,#2047,
    #2048),.UNSPECIFIED.,.F.,.F.,(6,6),(-0.929085588136,-0.762909652067)
  ,.PIECEWISE_BEZIER_KNOTS.);
#2043 = CARTESIAN_POINT('',(5.618222188699,-0.812513397225));
#2044 = CARTESIAN_POINT('',(5.595513634706,-1.700612877967));
#2045 = CARTESIAN_POINT('',(5.572116238827,-2.538182603031));
#2046 = CARTESIAN_POINT('',(5.548026532826,-3.327266123491));
#2047 = CARTESIAN_POINT('',(5.523246774263,-4.069675091498));
#2048 = CARTESIAN_POINT('',(5.497787143782,-4.767014370377));
#2049 = ( GEOMETRIC_REPRESENTATION_CONTEXT(2) 
PARAMETRIC_REPRESENTATION_CONTEXT() REPRESENTATION_CONTEXT('2D SPACE',''
  ) );
#2050 = ORIENTED_EDGE('',*,*,#2051,.T.);
#2051 = EDGE_CURVE('',#2020,#2052,#2054,.T.);
#2052 = VERTEX_POINT('',#2053);
#2053 = CARTESIAN_POINT('',(23.729343926502,-18.98605637876,
    29.758072555551));
#2054 = SURFACE_CURVE('',#2055,(#2059,#2065),.PCURVE_S1.);
#2055 = LINE('',#2056,#2057);
#2056 = CARTESIAN_POINT('',(23.729343926502,-18.98605637876,-1.));
#2057 = VECTOR('',#2058,1.);
#2058 = DIRECTION('',(0.,0.,1.));
#2059 = PCURVE('',#490,#2060);
#2060 = DEFINITIONAL_REPRESENTATION('',(#2061),#2064);
#2061 = B_SPLINE_CURVE_WITH_KNOTS('',1,(#2062,#2063),.UNSPECIFIED.,.F.,
  .F.,(2,2),(-5.999999999062E-07,102.0000006),.PIECEWISE_BEZIER_KNOTS.);
#2062 = CARTESIAN_POINT('',(1.844545173519,5.999999999062E-07));
#2063 = CARTESIAN_POINT('',(1.844545173519,-102.0000006));
#2064 = ( GEOMETRIC_REPRESENTATION_CONTEXT(2) 
PARAMETRIC_REPRESENTATION_CONTEXT() REPRESENTATION_CONTEXT('2D SPACE',''
  ) );
#2065 = PCURVE('',#2066,#2071);
#2066 = CYLINDRICAL_SURFACE('',#2067,30.39);
#2067 = AXIS2_PLACEMENT_3D('',#2068,#2069,#2070);
#2068 = CARTESIAN_POINT('',(0.,0.,-1.));
#2069 = DIRECTION('',(0.,0.,1.));
#2070 = DIRECTION('',(1.,0.,-0.));
#2071 = DEFINITIONAL_REPRESENTATION('',(#2072),#2075);
#2072 = B_SPLINE_CURVE_WITH_KNOTS('',1,(#2073,#2074),.UNSPECIFIED.,.F.,
  .F.,(2,2),(-5.999999999062E-07,102.0000006),.PIECEWISE_BEZIER_KNOTS.);
#2073 = CARTESIAN_POINT('',(5.608378040247,-5.999999999062E-07));
#2074 = CARTESIAN_POINT('',(5.608378040247,102.0000006));
#2075 = ( GEOMETRIC_REPRESENTATION_CONTEXT(2) 
PARAMETRIC_REPRESENTATION_CONTEXT() REPRESENTATION_CONTEXT('2D SPACE',''
  ) );
#2076 = ORIENTED_EDGE('',*,*,#2077,.F.);
#2077 = EDGE_CURVE('',#475,#2052,#2078,.T.);
#2078 = SURFACE_CURVE('',#2079,(#2084,#2091),.PCURVE_S1.);
#2079 = HYPERBOLA('',#2080,25.005322988392,20.981957297029);
#2080 = AXIS2_PLACEMENT_3D('',#2081,#2082,#2083);
#2081 = CARTESIAN_POINT('',(1.828698072522,-20.90211461488,
    65.975464234489));
#2082 = DIRECTION('',(8.715574274766E-02,-0.996194698092,0.));
#2083 = DIRECTION('',(0.,-0.,-1.));
#2084 = PCURVE('',#490,#2085);
#2085 = DEFINITIONAL_REPRESENTATION('',(#2086),#2090);
#2086 = ( BOUNDED_CURVE() B_SPLINE_CURVE(2,(#2087,#2088,#2089),
.UNSPECIFIED.,.F.,.F.) B_SPLINE_CURVE_WITH_KNOTS((3,3),(0.762909652067,
0.929085588136),.PIECEWISE_BEZIER_KNOTS.) CURVE() 
GEOMETRIC_REPRESENTATION_ITEM() RATIONAL_B_SPLINE_CURVE((1.,1.0034537915
,1.)) REPRESENTATION_ITEM('') );
#2087 = CARTESIAN_POINT('',(6.222895307442,-34.33333333333));
#2088 = CARTESIAN_POINT('',(3.952338473076,-32.59398588758));
#2089 = CARTESIAN_POINT('',(1.406710160127,-30.37883236018));
#2090 = ( GEOMETRIC_REPRESENTATION_CONTEXT(2) 
PARAMETRIC_REPRESENTATION_CONTEXT() REPRESENTATION_CONTEXT('2D SPACE',''
  ) );
#2091 = PCURVE('',#2092,#2097);
#2092 = CONICAL_SURFACE('',#2093,27.39,0.698131700798);
#2093 = AXIS2_PLACEMENT_3D('',#2094,#2095,#2096);
#2094 = CARTESIAN_POINT('',(0.,0.,33.333333333333));
#2095 = DIRECTION('',(-0.,-0.,-1.));
#2096 = DIRECTION('',(1.,0.,0.));
#2097 = DEFINITIONAL_REPRESENTATION('',(#2098),#2105);
#2098 = B_SPLINE_CURVE_WITH_KNOTS('',5,(#2099,#2100,#2101,#2102,#2103,
    #2104),.UNSPECIFIED.,.F.,.F.,(6,6),(0.762909652067,0.929085588136),
  .PIECEWISE_BEZIER_KNOTS.);
#2099 = CARTESIAN_POINT('',(-5.497787143782,0.));
#2100 = CARTESIAN_POINT('',(-5.523246774263,0.697339278879));
#2101 = CARTESIAN_POINT('',(-5.548026532826,1.439748246886));
#2102 = CARTESIAN_POINT('',(-5.572116238827,2.228831767346));
#2103 = CARTESIAN_POINT('',(-5.595513634706,3.06640149241));
#2104 = CARTESIAN_POINT('',(-5.618222188699,3.954500973152));
#2105 = ( GEOMETRIC_REPRESENTATION_CONTEXT(2) 
PARAMETRIC_REPRESENTATION_CONTEXT() REPRESENTATION_CONTEXT('2D SPACE',''
  ) );
#2106 = ADVANCED_FACE('',(#2107),#701,.F.);
#2107 = FACE_BOUND('',#2108,.T.);
#2108 = EDGE_LOOP('',(#2109,#2131,#2132,#2133));
#2109 = ORIENTED_EDGE('',*,*,#2110,.T.);
#2110 = EDGE_CURVE('',#452,#770,#2111,.T.);
#2111 = SURFACE_CURVE('',#2112,(#2117,#2124),.PCURVE_S1.);
#2112 = CIRCLE('',#2113,27.39);
#2113 = AXIS2_PLACEMENT_3D('',#2114,#2115,#2116);
#2114 = CARTESIAN_POINT('',(0.,0.,16.666666666667));
#2115 = DIRECTION('',(0.,0.,1.));
#2116 = DIRECTION('',(1.,0.,-0.));
#2117 = PCURVE('',#701,#2118);
#2118 = DEFINITIONAL_REPRESENTATION('',(#2119),#2123);
#2119 = LINE('',#2120,#2121);
#2120 = CARTESIAN_POINT('',(-0.,0.));
#2121 = VECTOR('',#2122,1.);
#2122 = DIRECTION('',(-1.,0.));
#2123 = ( GEOMETRIC_REPRESENTATION_CONTEXT(2) 
PARAMETRIC_REPRESENTATION_CONTEXT() REPRESENTATION_CONTEXT('2D SPACE',''
  ) );
#2124 = PCURVE('',#2036,#2125);
#2125 = DEFINITIONAL_REPRESENTATION('',(#2126),#2130);
#2126 = LINE('',#2127,#2128);
#2127 = CARTESIAN_POINT('',(0.,-4.767014370377));
#2128 = VECTOR('',#2129,1.);
#2129 = DIRECTION('',(1.,-0.));
#2130 = ( GEOMETRIC_REPRESENTATION_CONTEXT(2) 
PARAMETRIC_REPRESENTATION_CONTEXT() REPRESENTATION_CONTEXT('2D SPACE',''
  ) );
#2131 = ORIENTED_EDGE('',*,*,#792,.F.);
#2132 = ORIENTED_EDGE('',*,*,#743,.F.);
#2133 = ORIENTED_EDGE('',*,*,#686,.F.);
#2134 = ADVANCED_FACE('',(#2135),#858,.F.);
#2135 = FACE_BOUND('',#2136,.T.);
#2136 = EDGE_LOOP('',(#2137,#2138,#2139,#2166));
#2137 = ORIENTED_EDGE('',*,*,#900,.T.);
#2138 = ORIENTED_EDGE('',*,*,#843,.F.);
#2139 = ORIENTED_EDGE('',*,*,#2140,.F.);
#2140 = EDGE_CURVE('',#927,#770,#2141,.T.);
#2141 = SURFACE_CURVE('',#2142,(#2147,#2154),.PCURVE_S1.);
#2142 = CIRCLE('',#2143,27.39);
#2143 = AXIS2_PLACEMENT_3D('',#2144,#2145,#2146);
#2144 = CARTESIAN_POINT('',(0.,0.,16.666666666667));
#2145 = DIRECTION('',(0.,0.,-1.));
#2146 = DIRECTION('',(0.965925826289,0.258819045103,0.));
#2147 = PCURVE('',#858,#2148);
#2148 = DEFINITIONAL_REPRESENTATION('',(#2149),#2153);
#2149 = LINE('',#2150,#2151);
#2150 = CARTESIAN_POINT('',(-6.544984694979,0.));
#2151 = VECTOR('',#2152,1.);
#2152 = DIRECTION('',(1.,-0.));
#2153 = ( GEOMETRIC_REPRESENTATION_CONTEXT(2) 
PARAMETRIC_REPRESENTATION_CONTEXT() REPRESENTATION_CONTEXT('2D SPACE',''
  ) );
#2154 = PCURVE('',#2155,#2160);
#2155 = CONICAL_SURFACE('',#2156,31.39,0.698131700798);
#2156 = AXIS2_PLACEMENT_3D('',#2157,#2158,#2159);
#2157 = CARTESIAN_POINT('',(0.,0.,21.433681037044));
#2158 = DIRECTION('',(0.,0.,1.));
#2159 = DIRECTION('',(1.,0.,0.));
#2160 = DEFINITIONAL_REPRESENTATION('',(#2161),#2165);
#2161 = LINE('',#2162,#2163);
#2162 = CARTESIAN_POINT('',(6.544984694979,-4.767014370377));
#2163 = VECTOR('',#2164,1.);
#2164 = DIRECTION('',(-1.,-0.));
#2165 = ( GEOMETRIC_REPRESENTATION_CONTEXT(2) 
PARAMETRIC_REPRESENTATION_CONTEXT() REPRESENTATION_CONTEXT('2D SPACE',''
  ) );
#2166 = ORIENTED_EDGE('',*,*,#949,.F.);
#2167 = ADVANCED_FACE('',(#2168),#1015,.F.);
#2168 = FACE_BOUND('',#2169,.T.);
#2169 = EDGE_LOOP('',(#2170,#2171,#2198,#2199));
#2170 = ORIENTED_EDGE('',*,*,#1000,.F.);
#2171 = ORIENTED_EDGE('',*,*,#2172,.T.);
#2172 = EDGE_CURVE('',#927,#1084,#2173,.T.);
#2173 = SURFACE_CURVE('',#2174,(#2179,#2186),.PCURVE_S1.);
#2174 = CIRCLE('',#2175,27.39);
#2175 = AXIS2_PLACEMENT_3D('',#2176,#2177,#2178);
#2176 = CARTESIAN_POINT('',(0.,0.,16.666666666667));
#2177 = DIRECTION('',(0.,0.,1.));
#2178 = DIRECTION('',(1.,0.,-0.));
#2179 = PCURVE('',#1015,#2180);
#2180 = DEFINITIONAL_REPRESENTATION('',(#2181),#2185);
#2181 = LINE('',#2182,#2183);
#2182 = CARTESIAN_POINT('',(-0.,0.));
#2183 = VECTOR('',#2184,1.);
#2184 = DIRECTION('',(-1.,0.));
#2185 = ( GEOMETRIC_REPRESENTATION_CONTEXT(2) 
PARAMETRIC_REPRESENTATION_CONTEXT() REPRESENTATION_CONTEXT('2D SPACE',''
  ) );
#2186 = PCURVE('',#2187,#2192);
#2187 = CONICAL_SURFACE('',#2188,31.39,0.698131700798);
#2188 = AXIS2_PLACEMENT_3D('',#2189,#2190,#2191);
#2189 = CARTESIAN_POINT('',(0.,0.,21.433681037044));
#2190 = DIRECTION('',(0.,0.,1.));
#2191 = DIRECTION('',(1.,0.,0.));
#2192 = DEFINITIONAL_REPRESENTATION('',(#2193),#2197);
#2193 = LINE('',#2194,#2195);
#2194 = CARTESIAN_POINT('',(0.,-4.767014370377));
#2195 = VECTOR('',#2196,1.);
#2196 = DIRECTION('',(1.,-0.));
#2197 = ( GEOMETRIC_REPRESENTATION_CONTEXT(2) 
PARAMETRIC_REPRESENTATION_CONTEXT() REPRESENTATION_CONTEXT('2D SPACE',''
  ) );
#2198 = ORIENTED_EDGE('',*,*,#1106,.F.);
#2199 = ORIENTED_EDGE('',*,*,#1057,.F.);
#2200 = ADVANCED_FACE('',(#2201),#1306,.F.);
#2201 = FACE_BOUND('',#2202,.F.);
#2202 = EDGE_LOOP('',(#2203,#2230,#2231,#2263));
#2203 = ORIENTED_EDGE('',*,*,#2204,.F.);
#2204 = EDGE_CURVE('',#1084,#2205,#2207,.T.);
#2205 = VERTEX_POINT('',#2206);
#2206 = CARTESIAN_POINT('',(23.729343926502,18.986056378768,
    20.241927444449));
#2207 = SURFACE_CURVE('',#2208,(#2213,#2220),.PCURVE_S1.);
#2208 = HYPERBOLA('',#2209,25.005322988392,20.981957297029);
#2209 = AXIS2_PLACEMENT_3D('',#2210,#2211,#2212);
#2210 = CARTESIAN_POINT('',(1.828698072522,20.902114614888,
    -15.97546423448));
#2211 = DIRECTION('',(8.715574274766E-02,0.996194698092,0.));
#2212 = DIRECTION('',(0.,-0.,1.));
#2213 = PCURVE('',#1306,#2214);
#2214 = DEFINITIONAL_REPRESENTATION('',(#2215),#2219);
#2215 = ( BOUNDED_CURVE() B_SPLINE_CURVE(2,(#2216,#2217,#2218),
.UNSPECIFIED.,.F.,.F.) B_SPLINE_CURVE_WITH_KNOTS((3,3),(0.762909652067,
0.929085588136),.PIECEWISE_BEZIER_KNOTS.) CURVE() 
GEOMETRIC_REPRESENTATION_ITEM() RATIONAL_B_SPLINE_CURVE((1.,1.0034537915
,1.)) REPRESENTATION_ITEM('') );
#2216 = CARTESIAN_POINT('',(7.105427357601E-15,-17.66666666666));
#2217 = CARTESIAN_POINT('',(2.270556834366,-19.40601411241));
#2218 = CARTESIAN_POINT('',(4.816185147315,-21.62116763981));
#2219 = ( GEOMETRIC_REPRESENTATION_CONTEXT(2) 
PARAMETRIC_REPRESENTATION_CONTEXT() REPRESENTATION_CONTEXT('2D SPACE',''
  ) );
#2220 = PCURVE('',#2187,#2221);
#2221 = DEFINITIONAL_REPRESENTATION('',(#2222),#2229);
#2222 = B_SPLINE_CURVE_WITH_KNOTS('',5,(#2223,#2224,#2225,#2226,#2227,
    #2228),.UNSPECIFIED.,.F.,.F.,(6,6),(0.762909652067,0.929085588136),
  .PIECEWISE_BEZIER_KNOTS.);
#2223 = CARTESIAN_POINT('',(0.785398163397,-4.767014370377));
#2224 = CARTESIAN_POINT('',(0.759938532916,-4.069675091498));
#2225 = CARTESIAN_POINT('',(0.735158774354,-3.327266123491));
#2226 = CARTESIAN_POINT('',(0.711069068353,-2.538182603031));
#2227 = CARTESIAN_POINT('',(0.687671672473,-1.700612877967));
#2228 = CARTESIAN_POINT('',(0.664963118481,-0.812513397225));
#2229 = ( GEOMETRIC_REPRESENTATION_CONTEXT(2) 
PARAMETRIC_REPRESENTATION_CONTEXT() REPRESENTATION_CONTEXT('2D SPACE',''
  ) );
#2230 = ORIENTED_EDGE('',*,*,#1292,.T.);
#2231 = ORIENTED_EDGE('',*,*,#2232,.F.);
#2232 = EDGE_CURVE('',#2233,#1265,#2235,.T.);
#2233 = VERTEX_POINT('',#2234);
#2234 = CARTESIAN_POINT('',(23.729343926502,18.986056378768,
    29.758072555551));
#2235 = SURFACE_CURVE('',#2236,(#2241,#2248),.PCURVE_S1.);
#2236 = HYPERBOLA('',#2237,25.005322988392,20.981957297029);
#2237 = AXIS2_PLACEMENT_3D('',#2238,#2239,#2240);
#2238 = CARTESIAN_POINT('',(1.828698072522,20.902114614888,
    65.975464234489));
#2239 = DIRECTION('',(8.715574274766E-02,0.996194698092,0.));
#2240 = DIRECTION('',(0.,0.,-1.));
#2241 = PCURVE('',#1306,#2242);
#2242 = DEFINITIONAL_REPRESENTATION('',(#2243),#2247);
#2243 = ( BOUNDED_CURVE() B_SPLINE_CURVE(2,(#2244,#2245,#2246),
.UNSPECIFIED.,.F.,.F.) B_SPLINE_CURVE_WITH_KNOTS((3,3),(-0.929085588136,
-0.762909652067),.PIECEWISE_BEZIER_KNOTS.) CURVE() 
GEOMETRIC_REPRESENTATION_ITEM() RATIONAL_B_SPLINE_CURVE((1.,1.0034537915
,1.)) REPRESENTATION_ITEM('') );
#2244 = CARTESIAN_POINT('',(4.816185147315,-30.37883236018));
#2245 = CARTESIAN_POINT('',(2.270556834366,-32.59398588758));
#2246 = CARTESIAN_POINT('',(0.,-34.33333333333));
#2247 = ( GEOMETRIC_REPRESENTATION_CONTEXT(2) 
PARAMETRIC_REPRESENTATION_CONTEXT() REPRESENTATION_CONTEXT('2D SPACE',''
  ) );
#2248 = PCURVE('',#2249,#2254);
#2249 = CONICAL_SURFACE('',#2250,27.39,0.698131700798);
#2250 = AXIS2_PLACEMENT_3D('',#2251,#2252,#2253);
#2251 = CARTESIAN_POINT('',(0.,0.,33.333333333333));
#2252 = DIRECTION('',(-0.,-0.,-1.));
#2253 = DIRECTION('',(1.,0.,0.));
#2254 = DEFINITIONAL_REPRESENTATION('',(#2255),#2262);
#2255 = B_SPLINE_CURVE_WITH_KNOTS('',5,(#2256,#2257,#2258,#2259,#2260,
    #2261),.UNSPECIFIED.,.F.,.F.,(6,6),(-0.929085588136,-0.762909652067)
  ,.PIECEWISE_BEZIER_KNOTS.);
#2256 = CARTESIAN_POINT('',(-0.664963118481,3.954500973152));
#2257 = CARTESIAN_POINT('',(-0.687671672473,3.06640149241));
#2258 = CARTESIAN_POINT('',(-0.711069068353,2.228831767346));
#2259 = CARTESIAN_POINT('',(-0.735158774354,1.439748246886));
#2260 = CARTESIAN_POINT('',(-0.759938532916,0.697339278879));
#2261 = CARTESIAN_POINT('',(-0.785398163397,-7.668375910012E-15));
#2262 = ( GEOMETRIC_REPRESENTATION_CONTEXT(2) 
PARAMETRIC_REPRESENTATION_CONTEXT() REPRESENTATION_CONTEXT('2D SPACE',''
  ) );
#2263 = ORIENTED_EDGE('',*,*,#2264,.F.);
#2264 = EDGE_CURVE('',#2205,#2233,#2265,.T.);
#2265 = SURFACE_CURVE('',#2266,(#2270,#2276),.PCURVE_S1.);
#2266 = LINE('',#2267,#2268);
#2267 = CARTESIAN_POINT('',(23.729343926502,18.986056378768,-1.));
#2268 = VECTOR('',#2269,1.);
#2269 = DIRECTION('',(0.,0.,1.));
#2270 = PCURVE('',#1306,#2271);
#2271 = DEFINITIONAL_REPRESENTATION('',(#2272),#2275);
#2272 = B_SPLINE_CURVE_WITH_KNOTS('',1,(#2273,#2274),.UNSPECIFIED.,.F.,
  .F.,(2,2),(-5.999999999062E-07,102.0000006),.PIECEWISE_BEZIER_KNOTS.);
#2273 = CARTESIAN_POINT('',(4.378350133922,5.999999999062E-07));
#2274 = CARTESIAN_POINT('',(4.378350133922,-102.0000006));
#2275 = ( GEOMETRIC_REPRESENTATION_CONTEXT(2) 
PARAMETRIC_REPRESENTATION_CONTEXT() REPRESENTATION_CONTEXT('2D SPACE',''
  ) );
#2276 = PCURVE('',#2277,#2282);
#2277 = CYLINDRICAL_SURFACE('',#2278,30.39);
#2278 = AXIS2_PLACEMENT_3D('',#2279,#2280,#2281);
#2279 = CARTESIAN_POINT('',(0.,0.,-1.));
#2280 = DIRECTION('',(0.,0.,1.));
#2281 = DIRECTION('',(1.,0.,-0.));
#2282 = DEFINITIONAL_REPRESENTATION('',(#2283),#2286);
#2283 = B_SPLINE_CURVE_WITH_KNOTS('',1,(#2284,#2285),.UNSPECIFIED.,.F.,
  .F.,(2,2),(0.,102.),.PIECEWISE_BEZIER_KNOTS.);
#2284 = CARTESIAN_POINT('',(6.957992574112,0.));
#2285 = CARTESIAN_POINT('',(6.957992574112,102.));
#2286 = ( GEOMETRIC_REPRESENTATION_CONTEXT(2) 
PARAMETRIC_REPRESENTATION_CONTEXT() REPRESENTATION_CONTEXT('2D SPACE',''
  ) );
#2287 = ADVANCED_FACE('',(#2288),#1280,.F.);
#2288 = FACE_BOUND('',#2289,.F.);
#2289 = EDGE_LOOP('',(#2290,#2322,#2323,#2355));
#2290 = ORIENTED_EDGE('',*,*,#2291,.F.);
#2291 = EDGE_CURVE('',#1265,#2292,#2294,.T.);
#2292 = VERTEX_POINT('',#2293);
#2293 = CARTESIAN_POINT('',(23.729343926502,18.986056378768,
    36.908594111116));
#2294 = SURFACE_CURVE('',#2295,(#2300,#2307),.PCURVE_S1.);
#2295 = HYPERBOLA('',#2296,25.005322988392,20.981957297029);
#2296 = AXIS2_PLACEMENT_3D('',#2297,#2298,#2299);
#2297 = CARTESIAN_POINT('',(1.828698072522,20.902114614888,
    0.691202432178));
#2298 = DIRECTION('',(8.715574274766E-02,0.996194698092,0.));
#2299 = DIRECTION('',(0.,-0.,1.));
#2300 = PCURVE('',#1280,#2301);
#2301 = DEFINITIONAL_REPRESENTATION('',(#2302),#2306);
#2302 = ( BOUNDED_CURVE() B_SPLINE_CURVE(2,(#2303,#2304,#2305),
.UNSPECIFIED.,.F.,.F.) B_SPLINE_CURVE_WITH_KNOTS((3,3),(0.762909652067,
0.929085588136),.PIECEWISE_BEZIER_KNOTS.) CURVE() 
GEOMETRIC_REPRESENTATION_ITEM() RATIONAL_B_SPLINE_CURVE((1.,1.0034537915
,1.)) REPRESENTATION_ITEM('') );
#2303 = CARTESIAN_POINT('',(7.105427357601E-15,-34.33333333333));
#2304 = CARTESIAN_POINT('',(2.270556834366,-36.07268077908));
#2305 = CARTESIAN_POINT('',(4.816185147315,-38.28783430648));
#2306 = ( GEOMETRIC_REPRESENTATION_CONTEXT(2) 
PARAMETRIC_REPRESENTATION_CONTEXT() REPRESENTATION_CONTEXT('2D SPACE',''
  ) );
#2307 = PCURVE('',#2308,#2313);
#2308 = CONICAL_SURFACE('',#2309,31.39,0.698131700798);
#2309 = AXIS2_PLACEMENT_3D('',#2310,#2311,#2312);
#2310 = CARTESIAN_POINT('',(0.,0.,38.10034770371));
#2311 = DIRECTION('',(0.,0.,1.));
#2312 = DIRECTION('',(1.,0.,0.));
#2313 = DEFINITIONAL_REPRESENTATION('',(#2314),#2321);
#2314 = B_SPLINE_CURVE_WITH_KNOTS('',5,(#2315,#2316,#2317,#2318,#2319,
    #2320),.UNSPECIFIED.,.F.,.F.,(6,6),(0.762909652067,0.929085588136),
  .PIECEWISE_BEZIER_KNOTS.);
#2315 = CARTESIAN_POINT('',(0.785398163397,-4.767014370377));
#2316 = CARTESIAN_POINT('',(0.759938532916,-4.069675091498));
#2317 = CARTESIAN_POINT('',(0.735158774354,-3.327266123491));
#2318 = CARTESIAN_POINT('',(0.711069068353,-2.538182603031));
#2319 = CARTESIAN_POINT('',(0.687671672473,-1.700612877967));
#2320 = CARTESIAN_POINT('',(0.664963118481,-0.812513397225));
#2321 = ( GEOMETRIC_REPRESENTATION_CONTEXT(2) 
PARAMETRIC_REPRESENTATION_CONTEXT() REPRESENTATION_CONTEXT('2D SPACE',''
  ) );
#2322 = ORIENTED_EDGE('',*,*,#1264,.T.);
#2323 = ORIENTED_EDGE('',*,*,#2324,.F.);
#2324 = EDGE_CURVE('',#2325,#1237,#2327,.T.);
#2325 = VERTEX_POINT('',#2326);
#2326 = CARTESIAN_POINT('',(23.729343926502,18.986056378768,
    46.424739222217));
#2327 = SURFACE_CURVE('',#2328,(#2333,#2340),.PCURVE_S1.);
#2328 = HYPERBOLA('',#2329,25.005322988392,20.981957297029);
#2329 = AXIS2_PLACEMENT_3D('',#2330,#2331,#2332);
#2330 = CARTESIAN_POINT('',(1.828698072522,20.902114614888,
    82.642130901155));
#2331 = DIRECTION('',(8.715574274766E-02,0.996194698092,0.));
#2332 = DIRECTION('',(0.,0.,-1.));
#2333 = PCURVE('',#1280,#2334);
#2334 = DEFINITIONAL_REPRESENTATION('',(#2335),#2339);
#2335 = ( BOUNDED_CURVE() B_SPLINE_CURVE(2,(#2336,#2337,#2338),
.UNSPECIFIED.,.F.,.F.) B_SPLINE_CURVE_WITH_KNOTS((3,3),(-0.929085588136,
-0.762909652067),.PIECEWISE_BEZIER_KNOTS.) CURVE() 
GEOMETRIC_REPRESENTATION_ITEM() RATIONAL_B_SPLINE_CURVE((1.,1.0034537915
,1.)) REPRESENTATION_ITEM('') );
#2336 = CARTESIAN_POINT('',(4.816185147315,-47.04549902684));
#2337 = CARTESIAN_POINT('',(2.270556834366,-49.26065255424));
#2338 = CARTESIAN_POINT('',(0.,-51.));
#2339 = ( GEOMETRIC_REPRESENTATION_CONTEXT(2) 
PARAMETRIC_REPRESENTATION_CONTEXT() REPRESENTATION_CONTEXT('2D SPACE',''
  ) );
#2340 = PCURVE('',#2341,#2346);
#2341 = CONICAL_SURFACE('',#2342,27.39,0.698131700798);
#2342 = AXIS2_PLACEMENT_3D('',#2343,#2344,#2345);
#2343 = CARTESIAN_POINT('',(0.,0.,50.));
#2344 = DIRECTION('',(-0.,-0.,-1.));
#2345 = DIRECTION('',(1.,0.,0.));
#2346 = DEFINITIONAL_REPRESENTATION('',(#2347),#2354);
#2347 = B_SPLINE_CURVE_WITH_KNOTS('',5,(#2348,#2349,#2350,#2351,#2352,
    #2353),.UNSPECIFIED.,.F.,.F.,(6,6),(-0.929085588136,-0.762909652067)
  ,.PIECEWISE_BEZIER_KNOTS.);
#2348 = CARTESIAN_POINT('',(-0.664963118481,3.954500973152));
#2349 = CARTESIAN_POINT('',(-0.687671672473,3.06640149241));
#2350 = CARTESIAN_POINT('',(-0.711069068353,2.228831767346));
#2351 = CARTESIAN_POINT('',(-0.735158774354,1.439748246886));
#2352 = CARTESIAN_POINT('',(-0.759938532916,0.697339278879));
#2353 = CARTESIAN_POINT('',(-0.785398163397,-3.498739975115E-15));
#2354 = ( GEOMETRIC_REPRESENTATION_CONTEXT(2) 
PARAMETRIC_REPRESENTATION_CONTEXT() REPRESENTATION_CONTEXT('2D SPACE',''
  ) );
#2355 = ORIENTED_EDGE('',*,*,#2356,.F.);
#2356 = EDGE_CURVE('',#2292,#2325,#2357,.T.);
#2357 = SURFACE_CURVE('',#2358,(#2362,#2368),.PCURVE_S1.);
#2358 = LINE('',#2359,#2360);
#2359 = CARTESIAN_POINT('',(23.729343926502,18.986056378768,-1.));
#2360 = VECTOR('',#2361,1.);
#2361 = DIRECTION('',(0.,0.,1.));
#2362 = PCURVE('',#1280,#2363);
#2363 = DEFINITIONAL_REPRESENTATION('',(#2364),#2367);
#2364 = B_SPLINE_CURVE_WITH_KNOTS('',1,(#2365,#2366),.UNSPECIFIED.,.F.,
  .F.,(2,2),(-5.999999999062E-07,102.0000006),.PIECEWISE_BEZIER_KNOTS.);
#2365 = CARTESIAN_POINT('',(4.378350133922,5.999999999062E-07));
#2366 = CARTESIAN_POINT('',(4.378350133922,-102.0000006));
#2367 = ( GEOMETRIC_REPRESENTATION_CONTEXT(2) 
PARAMETRIC_REPRESENTATION_CONTEXT() REPRESENTATION_CONTEXT('2D SPACE',''
  ) );
#2368 = PCURVE('',#2369,#2374);
#2369 = CYLINDRICAL_SURFACE('',#2370,30.39);
#2370 = AXIS2_PLACEMENT_3D('',#2371,#2372,#2373);
#2371 = CARTESIAN_POINT('',(0.,0.,-1.));
#2372 = DIRECTION('',(0.,0.,1.));
#2373 = DIRECTION('',(1.,0.,-0.));
#2374 = DEFINITIONAL_REPRESENTATION('',(#2375),#2378);
#2375 = B_SPLINE_CURVE_WITH_KNOTS('',1,(#2376,#2377),.UNSPECIFIED.,.F.,
  .F.,(2,2),(0.,102.),.PIECEWISE_BEZIER_KNOTS.);
#2376 = CARTESIAN_POINT('',(6.957992574112,0.));
#2377 = CARTESIAN_POINT('',(6.957992574112,102.));
#2378 = ( GEOMETRIC_REPRESENTATION_CONTEXT(2) 
PARAMETRIC_REPRESENTATION_CONTEXT() REPRESENTATION_CONTEXT('2D SPACE',''
  ) );
#2379 = ADVANCED_FACE('',(#2380),#1252,.F.);
#2380 = FACE_BOUND('',#2381,.F.);
#2381 = EDGE_LOOP('',(#2382,#2414,#2415,#2447));
#2382 = ORIENTED_EDGE('',*,*,#2383,.F.);
#2383 = EDGE_CURVE('',#1237,#2384,#2386,.T.);
#2384 = VERTEX_POINT('',#2385);
#2385 = CARTESIAN_POINT('',(23.729343926502,18.986056378768,
    53.575260777783));
#2386 = SURFACE_CURVE('',#2387,(#2392,#2399),.PCURVE_S1.);
#2387 = HYPERBOLA('',#2388,25.005322988392,20.981957297029);
#2388 = AXIS2_PLACEMENT_3D('',#2389,#2390,#2391);
#2389 = CARTESIAN_POINT('',(1.828698072522,20.902114614888,
    17.357869098845));
#2390 = DIRECTION('',(8.715574274766E-02,0.996194698092,0.));
#2391 = DIRECTION('',(0.,-0.,1.));
#2392 = PCURVE('',#1252,#2393);
#2393 = DEFINITIONAL_REPRESENTATION('',(#2394),#2398);
#2394 = ( BOUNDED_CURVE() B_SPLINE_CURVE(2,(#2395,#2396,#2397),
.UNSPECIFIED.,.F.,.F.) B_SPLINE_CURVE_WITH_KNOTS((3,3),(0.762909652067,
0.929085588136),.PIECEWISE_BEZIER_KNOTS.) CURVE() 
GEOMETRIC_REPRESENTATION_ITEM() RATIONAL_B_SPLINE_CURVE((1.,1.0034537915
,1.)) REPRESENTATION_ITEM('') );
#2395 = CARTESIAN_POINT('',(7.105427357601E-15,-51.));
#2396 = CARTESIAN_POINT('',(2.270556834366,-52.73934744575));
#2397 = CARTESIAN_POINT('',(4.816185147315,-54.95450097315));
#2398 = ( GEOMETRIC_REPRESENTATION_CONTEXT(2) 
PARAMETRIC_REPRESENTATION_CONTEXT() REPRESENTATION_CONTEXT('2D SPACE',''
  ) );
#2399 = PCURVE('',#2400,#2405);
#2400 = CONICAL_SURFACE('',#2401,31.39,0.698131700798);
#2401 = AXIS2_PLACEMENT_3D('',#2402,#2403,#2404);
#2402 = CARTESIAN_POINT('',(0.,0.,54.767014370377));
#2403 = DIRECTION('',(0.,0.,1.));
#2404 = DIRECTION('',(1.,0.,0.));
#2405 = DEFINITIONAL_REPRESENTATION('',(#2406),#2413);
#2406 = B_SPLINE_CURVE_WITH_KNOTS('',5,(#2407,#2408,#2409,#2410,#2411,
    #2412),.UNSPECIFIED.,.F.,.F.,(6,6),(0.762909652067,0.929085588136),
  .PIECEWISE_BEZIER_KNOTS.);
#2407 = CARTESIAN_POINT('',(0.785398163397,-4.767014370377));
#2408 = CARTESIAN_POINT('',(0.759938532916,-4.069675091498));
#2409 = CARTESIAN_POINT('',(0.735158774354,-3.327266123491));
#2410 = CARTESIAN_POINT('',(0.711069068353,-2.538182603031));
#2411 = CARTESIAN_POINT('',(0.687671672473,-1.700612877967));
#2412 = CARTESIAN_POINT('',(0.664963118481,-0.812513397225));
#2413 = ( GEOMETRIC_REPRESENTATION_CONTEXT(2) 
PARAMETRIC_REPRESENTATION_CONTEXT() REPRESENTATION_CONTEXT('2D SPACE',''
  ) );
#2414 = ORIENTED_EDGE('',*,*,#1236,.T.);
#2415 = ORIENTED_EDGE('',*,*,#2416,.F.);
#2416 = EDGE_CURVE('',#2417,#1209,#2419,.T.);
#2417 = VERTEX_POINT('',#2418);
#2418 = CARTESIAN_POINT('',(23.729343926502,18.986056378768,
    63.091405888884));
#2419 = SURFACE_CURVE('',#2420,(#2425,#2432),.PCURVE_S1.);
#2420 = HYPERBOLA('',#2421,25.005322988392,20.981957297029);
#2421 = AXIS2_PLACEMENT_3D('',#2422,#2423,#2424);
#2422 = CARTESIAN_POINT('',(1.828698072522,20.902114614888,
    99.308797567822));
#2423 = DIRECTION('',(8.715574274766E-02,0.996194698092,0.));
#2424 = DIRECTION('',(0.,0.,-1.));
#2425 = PCURVE('',#1252,#2426);
#2426 = DEFINITIONAL_REPRESENTATION('',(#2427),#2431);
#2427 = ( BOUNDED_CURVE() B_SPLINE_CURVE(2,(#2428,#2429,#2430),
.UNSPECIFIED.,.F.,.F.) B_SPLINE_CURVE_WITH_KNOTS((3,3),(-0.929085588136,
-0.762909652067),.PIECEWISE_BEZIER_KNOTS.) CURVE() 
GEOMETRIC_REPRESENTATION_ITEM() RATIONAL_B_SPLINE_CURVE((1.,1.0034537915
,1.)) REPRESENTATION_ITEM('') );
#2428 = CARTESIAN_POINT('',(4.816185147315,-63.71216569351));
#2429 = CARTESIAN_POINT('',(2.270556834366,-65.92731922091));
#2430 = CARTESIAN_POINT('',(0.,-67.66666666666));
#2431 = ( GEOMETRIC_REPRESENTATION_CONTEXT(2) 
PARAMETRIC_REPRESENTATION_CONTEXT() REPRESENTATION_CONTEXT('2D SPACE',''
  ) );
#2432 = PCURVE('',#2433,#2438);
#2433 = CONICAL_SURFACE('',#2434,27.39,0.698131700798);
#2434 = AXIS2_PLACEMENT_3D('',#2435,#2436,#2437);
#2435 = CARTESIAN_POINT('',(0.,0.,66.666666666667));
#2436 = DIRECTION('',(-0.,-0.,-1.));
#2437 = DIRECTION('',(1.,0.,0.));
#2438 = DEFINITIONAL_REPRESENTATION('',(#2439),#2446);
#2439 = B_SPLINE_CURVE_WITH_KNOTS('',5,(#2440,#2441,#2442,#2443,#2444,
    #2445),.UNSPECIFIED.,.F.,.F.,(6,6),(-0.929085588136,-0.762909652067)
  ,.PIECEWISE_BEZIER_KNOTS.);
#2440 = CARTESIAN_POINT('',(-0.664963118481,3.954500973152));
#2441 = CARTESIAN_POINT('',(-0.687671672473,3.06640149241));
#2442 = CARTESIAN_POINT('',(-0.711069068353,2.228831767346));
#2443 = CARTESIAN_POINT('',(-0.735158774354,1.439748246886));
#2444 = CARTESIAN_POINT('',(-0.759938532916,0.697339278879));
#2445 = CARTESIAN_POINT('',(-0.785398163397,-3.498739975115E-15));
#2446 = ( GEOMETRIC_REPRESENTATION_CONTEXT(2) 
PARAMETRIC_REPRESENTATION_CONTEXT() REPRESENTATION_CONTEXT('2D SPACE',''
  ) );
#2447 = ORIENTED_EDGE('',*,*,#2448,.F.);
#2448 = EDGE_CURVE('',#2384,#2417,#2449,.T.);
#2449 = SURFACE_CURVE('',#2450,(#2454,#2460),.PCURVE_S1.);
#2450 = LINE('',#2451,#2452);
#2451 = CARTESIAN_POINT('',(23.729343926502,18.986056378768,-1.));
#2452 = VECTOR('',#2453,1.);
#2453 = DIRECTION('',(0.,0.,1.));
#2454 = PCURVE('',#1252,#2455);
#2455 = DEFINITIONAL_REPRESENTATION('',(#2456),#2459);
#2456 = B_SPLINE_CURVE_WITH_KNOTS('',1,(#2457,#2458),.UNSPECIFIED.,.F.,
  .F.,(2,2),(-5.999999999062E-07,102.0000006),.PIECEWISE_BEZIER_KNOTS.);
#2457 = CARTESIAN_POINT('',(4.378350133922,5.999999999062E-07));
#2458 = CARTESIAN_POINT('',(4.378350133922,-102.0000006));
#2459 = ( GEOMETRIC_REPRESENTATION_CONTEXT(2) 
PARAMETRIC_REPRESENTATION_CONTEXT() REPRESENTATION_CONTEXT('2D SPACE',''
  ) );
#2460 = PCURVE('',#2461,#2466);
#2461 = CYLINDRICAL_SURFACE('',#2462,30.39);
#2462 = AXIS2_PLACEMENT_3D('',#2463,#2464,#2465);
#2463 = CARTESIAN_POINT('',(0.,0.,-1.));
#2464 = DIRECTION('',(0.,0.,1.));
#2465 = DIRECTION('',(1.,0.,-0.));
#2466 = DEFINITIONAL_REPRESENTATION('',(#2467),#2470);
#2467 = B_SPLINE_CURVE_WITH_KNOTS('',1,(#2468,#2469),.UNSPECIFIED.,.F.,
  .F.,(2,2),(0.,102.),.PIECEWISE_BEZIER_KNOTS.);
#2468 = CARTESIAN_POINT('',(6.957992574112,0.));
#2469 = CARTESIAN_POINT('',(6.957992574112,102.));
#2470 = ( GEOMETRIC_REPRESENTATION_CONTEXT(2) 
PARAMETRIC_REPRESENTATION_CONTEXT() REPRESENTATION_CONTEXT('2D SPACE',''
  ) );
#2471 = ADVANCED_FACE('',(#2472),#1224,.F.);
#2472 = FACE_BOUND('',#2473,.F.);
#2473 = EDGE_LOOP('',(#2474,#2506,#2507,#2539));
#2474 = ORIENTED_EDGE('',*,*,#2475,.F.);
#2475 = EDGE_CURVE('',#1209,#2476,#2478,.T.);
#2476 = VERTEX_POINT('',#2477);
#2477 = CARTESIAN_POINT('',(23.729343926502,18.986056378768,
    70.241927444449));
#2478 = SURFACE_CURVE('',#2479,(#2484,#2491),.PCURVE_S1.);
#2479 = HYPERBOLA('',#2480,25.005322988392,20.981957297029);
#2480 = AXIS2_PLACEMENT_3D('',#2481,#2482,#2483);
#2481 = CARTESIAN_POINT('',(1.828698072522,20.902114614888,
    34.024535765511));
#2482 = DIRECTION('',(8.715574274766E-02,0.996194698092,0.));
#2483 = DIRECTION('',(0.,-0.,1.));
#2484 = PCURVE('',#1224,#2485);
#2485 = DEFINITIONAL_REPRESENTATION('',(#2486),#2490);
#2486 = ( BOUNDED_CURVE() B_SPLINE_CURVE(2,(#2487,#2488,#2489),
.UNSPECIFIED.,.F.,.F.) B_SPLINE_CURVE_WITH_KNOTS((3,3),(0.762909652067,
0.929085588136),.PIECEWISE_BEZIER_KNOTS.) CURVE() 
GEOMETRIC_REPRESENTATION_ITEM() RATIONAL_B_SPLINE_CURVE((1.,1.0034537915
,1.)) REPRESENTATION_ITEM('') );
#2487 = CARTESIAN_POINT('',(7.105427357601E-15,-67.66666666666));
#2488 = CARTESIAN_POINT('',(2.270556834366,-69.40601411241));
#2489 = CARTESIAN_POINT('',(4.816185147315,-71.62116763981));
#2490 = ( GEOMETRIC_REPRESENTATION_CONTEXT(2) 
PARAMETRIC_REPRESENTATION_CONTEXT() REPRESENTATION_CONTEXT('2D SPACE',''
  ) );
#2491 = PCURVE('',#2492,#2497);
#2492 = CONICAL_SURFACE('',#2493,31.39,0.698131700798);
#2493 = AXIS2_PLACEMENT_3D('',#2494,#2495,#2496);
#2494 = CARTESIAN_POINT('',(0.,0.,71.433681037044));
#2495 = DIRECTION('',(0.,0.,1.));
#2496 = DIRECTION('',(1.,0.,0.));
#2497 = DEFINITIONAL_REPRESENTATION('',(#2498),#2505);
#2498 = B_SPLINE_CURVE_WITH_KNOTS('',5,(#2499,#2500,#2501,#2502,#2503,
    #2504),.UNSPECIFIED.,.F.,.F.,(6,6),(0.762909652067,0.929085588136),
  .PIECEWISE_BEZIER_KNOTS.);
#2499 = CARTESIAN_POINT('',(0.785398163397,-4.767014370377));
#2500 = CARTESIAN_POINT('',(0.759938532916,-4.069675091498));
#2501 = CARTESIAN_POINT('',(0.735158774354,-3.327266123491));
#2502 = CARTESIAN_POINT('',(0.711069068353,-2.538182603031));
#2503 = CARTESIAN_POINT('',(0.687671672473,-1.700612877967));
#2504 = CARTESIAN_POINT('',(0.664963118481,-0.812513397225));
#2505 = ( GEOMETRIC_REPRESENTATION_CONTEXT(2) 
PARAMETRIC_REPRESENTATION_CONTEXT() REPRESENTATION_CONTEXT('2D SPACE',''
  ) );
#2506 = ORIENTED_EDGE('',*,*,#1208,.T.);
#2507 = ORIENTED_EDGE('',*,*,#2508,.F.);
#2508 = EDGE_CURVE('',#2509,#1181,#2511,.T.);
#2509 = VERTEX_POINT('',#2510);
#2510 = CARTESIAN_POINT('',(23.729343926502,18.986056378768,
    79.758072555551));
#2511 = SURFACE_CURVE('',#2512,(#2517,#2524),.PCURVE_S1.);
#2512 = HYPERBOLA('',#2513,25.005322988392,20.981957297029);
#2513 = AXIS2_PLACEMENT_3D('',#2514,#2515,#2516);
#2514 = CARTESIAN_POINT('',(1.828698072522,20.902114614888,
    115.97546423448));
#2515 = DIRECTION('',(8.715574274766E-02,0.996194698092,0.));
#2516 = DIRECTION('',(0.,0.,-1.));
#2517 = PCURVE('',#1224,#2518);
#2518 = DEFINITIONAL_REPRESENTATION('',(#2519),#2523);
#2519 = ( BOUNDED_CURVE() B_SPLINE_CURVE(2,(#2520,#2521,#2522),
.UNSPECIFIED.,.F.,.F.) B_SPLINE_CURVE_WITH_KNOTS((3,3),(-0.929085588136,
-0.762909652067),.PIECEWISE_BEZIER_KNOTS.) CURVE() 
GEOMETRIC_REPRESENTATION_ITEM() RATIONAL_B_SPLINE_CURVE((1.,1.0034537915
,1.)) REPRESENTATION_ITEM('') );
#2520 = CARTESIAN_POINT('',(4.816185147315,-80.37883236018));
#2521 = CARTESIAN_POINT('',(2.270556834366,-82.59398588758));
#2522 = CARTESIAN_POINT('',(0.,-84.33333333333));
#2523 = ( GEOMETRIC_REPRESENTATION_CONTEXT(2) 
PARAMETRIC_REPRESENTATION_CONTEXT() REPRESENTATION_CONTEXT('2D SPACE',''
  ) );
#2524 = PCURVE('',#2525,#2530);
#2525 = CONICAL_SURFACE('',#2526,27.39,0.698131700798);
#2526 = AXIS2_PLACEMENT_3D('',#2527,#2528,#2529);
#2527 = CARTESIAN_POINT('',(0.,0.,83.333333333333));
#2528 = DIRECTION('',(-0.,-0.,-1.));
#2529 = DIRECTION('',(1.,0.,0.));
#2530 = DEFINITIONAL_REPRESENTATION('',(#2531),#2538);
#2531 = B_SPLINE_CURVE_WITH_KNOTS('',5,(#2532,#2533,#2534,#2535,#2536,
    #2537),.UNSPECIFIED.,.F.,.F.,(6,6),(-0.929085588136,-0.762909652067)
  ,.PIECEWISE_BEZIER_KNOTS.);
#2532 = CARTESIAN_POINT('',(-0.664963118481,3.954500973152));
#2533 = CARTESIAN_POINT('',(-0.687671672473,3.06640149241));
#2534 = CARTESIAN_POINT('',(-0.711069068353,2.228831767346));
#2535 = CARTESIAN_POINT('',(-0.735158774354,1.439748246886));
#2536 = CARTESIAN_POINT('',(-0.759938532916,0.697339278879));
#2537 = CARTESIAN_POINT('',(-0.785398163397,-3.498739975115E-15));
#2538 = ( GEOMETRIC_REPRESENTATION_CONTEXT(2) 
PARAMETRIC_REPRESENTATION_CONTEXT() REPRESENTATION_CONTEXT('2D SPACE',''
  ) );
#2539 = ORIENTED_EDGE('',*,*,#2540,.F.);
#2540 = EDGE_CURVE('',#2476,#2509,#2541,.T.);
#2541 = SURFACE_CURVE('',#2542,(#2546,#2552),.PCURVE_S1.);
#2542 = LINE('',#2543,#2544);
#2543 = CARTESIAN_POINT('',(23.729343926502,18.986056378768,-1.));
#2544 = VECTOR('',#2545,1.);
#2545 = DIRECTION('',(0.,0.,1.));
#2546 = PCURVE('',#1224,#2547);
#2547 = DEFINITIONAL_REPRESENTATION('',(#2548),#2551);
#2548 = B_SPLINE_CURVE_WITH_KNOTS('',1,(#2549,#2550),.UNSPECIFIED.,.F.,
  .F.,(2,2),(-5.999999999062E-07,102.0000006),.PIECEWISE_BEZIER_KNOTS.);
#2549 = CARTESIAN_POINT('',(4.378350133922,5.999999999062E-07));
#2550 = CARTESIAN_POINT('',(4.378350133922,-102.0000006));
#2551 = ( GEOMETRIC_REPRESENTATION_CONTEXT(2) 
PARAMETRIC_REPRESENTATION_CONTEXT() REPRESENTATION_CONTEXT('2D SPACE',''
  ) );
#2552 = PCURVE('',#2553,#2558);
#2553 = CYLINDRICAL_SURFACE('',#2554,30.39);
#2554 = AXIS2_PLACEMENT_3D('',#2555,#2556,#2557);
#2555 = CARTESIAN_POINT('',(0.,0.,-1.));
#2556 = DIRECTION('',(0.,0.,1.));
#2557 = DIRECTION('',(1.,0.,-0.));
#2558 = DEFINITIONAL_REPRESENTATION('',(#2559),#2562);
#2559 = B_SPLINE_CURVE_WITH_KNOTS('',1,(#2560,#2561),.UNSPECIFIED.,.F.,
  .F.,(2,2),(0.,102.),.PIECEWISE_BEZIER_KNOTS.);
#2560 = CARTESIAN_POINT('',(6.957992574112,0.));
#2561 = CARTESIAN_POINT('',(6.957992574112,102.));
#2562 = ( GEOMETRIC_REPRESENTATION_CONTEXT(2) 
PARAMETRIC_REPRESENTATION_CONTEXT() REPRESENTATION_CONTEXT('2D SPACE',''
  ) );
#2563 = ADVANCED_FACE('',(#2564),#1196,.F.);
#2564 = FACE_BOUND('',#2565,.F.);
#2565 = EDGE_LOOP('',(#2566,#2598,#2599,#2600));
#2566 = ORIENTED_EDGE('',*,*,#2567,.F.);
#2567 = EDGE_CURVE('',#1181,#2568,#2570,.T.);
#2568 = VERTEX_POINT('',#2569);
#2569 = CARTESIAN_POINT('',(23.729343926502,18.986056378768,
    86.908594111116));
#2570 = SURFACE_CURVE('',#2571,(#2576,#2583),.PCURVE_S1.);
#2571 = HYPERBOLA('',#2572,25.005322988392,20.981957297029);
#2572 = AXIS2_PLACEMENT_3D('',#2573,#2574,#2575);
#2573 = CARTESIAN_POINT('',(1.828698072522,20.902114614888,
    50.691202432178));
#2574 = DIRECTION('',(8.715574274766E-02,0.996194698092,0.));
#2575 = DIRECTION('',(0.,-0.,1.));
#2576 = PCURVE('',#1196,#2577);
#2577 = DEFINITIONAL_REPRESENTATION('',(#2578),#2582);
#2578 = ( BOUNDED_CURVE() B_SPLINE_CURVE(2,(#2579,#2580,#2581),
.UNSPECIFIED.,.F.,.F.) B_SPLINE_CURVE_WITH_KNOTS((3,3),(0.762909652067,
0.929085588136),.PIECEWISE_BEZIER_KNOTS.) CURVE() 
GEOMETRIC_REPRESENTATION_ITEM() RATIONAL_B_SPLINE_CURVE((1.,1.0034537915
,1.)) REPRESENTATION_ITEM('') );
#2579 = CARTESIAN_POINT('',(7.105427357601E-15,-84.33333333333));
#2580 = CARTESIAN_POINT('',(2.270556834366,-86.07268077908));
#2581 = CARTESIAN_POINT('',(4.816185147315,-88.28783430648));
#2582 = ( GEOMETRIC_REPRESENTATION_CONTEXT(2) 
PARAMETRIC_REPRESENTATION_CONTEXT() REPRESENTATION_CONTEXT('2D SPACE',''
  ) );
#2583 = PCURVE('',#2584,#2589);
#2584 = CONICAL_SURFACE('',#2585,31.39,0.698131700798);
#2585 = AXIS2_PLACEMENT_3D('',#2586,#2587,#2588);
#2586 = CARTESIAN_POINT('',(0.,0.,88.10034770371));
#2587 = DIRECTION('',(0.,0.,1.));
#2588 = DIRECTION('',(1.,0.,0.));
#2589 = DEFINITIONAL_REPRESENTATION('',(#2590),#2597);
#2590 = B_SPLINE_CURVE_WITH_KNOTS('',5,(#2591,#2592,#2593,#2594,#2595,
    #2596),.UNSPECIFIED.,.F.,.F.,(6,6),(0.762909652067,0.929085588136),
  .PIECEWISE_BEZIER_KNOTS.);
#2591 = CARTESIAN_POINT('',(0.785398163397,-4.767014370377));
#2592 = CARTESIAN_POINT('',(0.759938532916,-4.069675091498));
#2593 = CARTESIAN_POINT('',(0.735158774354,-3.327266123491));
#2594 = CARTESIAN_POINT('',(0.711069068353,-2.538182603031));
#2595 = CARTESIAN_POINT('',(0.687671672473,-1.700612877967));
#2596 = CARTESIAN_POINT('',(0.664963118481,-0.812513397225));
#2597 = ( GEOMETRIC_REPRESENTATION_CONTEXT(2) 
PARAMETRIC_REPRESENTATION_CONTEXT() REPRESENTATION_CONTEXT('2D SPACE',''
  ) );
#2598 = ORIENTED_EDGE('',*,*,#1180,.T.);
#2599 = ORIENTED_EDGE('',*,*,#1452,.F.);
#2600 = ORIENTED_EDGE('',*,*,#2601,.F.);
#2601 = EDGE_CURVE('',#2568,#1453,#2602,.T.);
#2602 = SURFACE_CURVE('',#2603,(#2607,#2613),.PCURVE_S1.);
#2603 = LINE('',#2604,#2605);
#2604 = CARTESIAN_POINT('',(23.729343926502,18.986056378768,-1.));
#2605 = VECTOR('',#2606,1.);
#2606 = DIRECTION('',(0.,0.,1.));
#2607 = PCURVE('',#1196,#2608);
#2608 = DEFINITIONAL_REPRESENTATION('',(#2609),#2612);
#2609 = B_SPLINE_CURVE_WITH_KNOTS('',1,(#2610,#2611),.UNSPECIFIED.,.F.,
  .F.,(2,2),(-5.999999999062E-07,102.0000006),.PIECEWISE_BEZIER_KNOTS.);
#2610 = CARTESIAN_POINT('',(4.378350133922,5.999999999062E-07));
#2611 = CARTESIAN_POINT('',(4.378350133922,-102.0000006));
#2612 = ( GEOMETRIC_REPRESENTATION_CONTEXT(2) 
PARAMETRIC_REPRESENTATION_CONTEXT() REPRESENTATION_CONTEXT('2D SPACE',''
  ) );
#2613 = PCURVE('',#1490,#2614);
#2614 = DEFINITIONAL_REPRESENTATION('',(#2615),#2618);
#2615 = B_SPLINE_CURVE_WITH_KNOTS('',1,(#2616,#2617),.UNSPECIFIED.,.F.,
  .F.,(2,2),(0.,102.),.PIECEWISE_BEZIER_KNOTS.);
#2616 = CARTESIAN_POINT('',(6.957992574112,0.));
#2617 = CARTESIAN_POINT('',(6.957992574112,102.));
#2618 = ( GEOMETRIC_REPRESENTATION_CONTEXT(2) 
PARAMETRIC_REPRESENTATION_CONTEXT() REPRESENTATION_CONTEXT('2D SPACE',''
  ) );
#2619 = ADVANCED_FACE('',(#2620),#1652,.F.);
#2620 = FACE_BOUND('',#2621,.F.);
#2621 = EDGE_LOOP('',(#2622,#2623,#2647,#2666));
#2622 = ORIENTED_EDGE('',*,*,#1719,.F.);
#2623 = ORIENTED_EDGE('',*,*,#2624,.T.);
#2624 = EDGE_CURVE('',#1688,#2625,#2627,.T.);
#2625 = VERTEX_POINT('',#2626);
#2626 = CARTESIAN_POINT('',(28.307079104948,-11.0571864661,
    86.908594111116));
#2627 = SURFACE_CURVE('',#2628,(#2633,#2640),.PCURVE_S1.);
#2628 = CIRCLE('',#2629,30.39);
#2629 = AXIS2_PLACEMENT_3D('',#2630,#2631,#2632);
#2630 = CARTESIAN_POINT('',(0.,0.,86.908594111116));
#2631 = DIRECTION('',(0.,0.,1.));
#2632 = DIRECTION('',(0.,-1.,0.));
#2633 = PCURVE('',#1652,#2634);
#2634 = DEFINITIONAL_REPRESENTATION('',(#2635),#2639);
#2635 = LINE('',#2636,#2637);
#2636 = CARTESIAN_POINT('',(4.712388980385,87.908594111116));
#2637 = VECTOR('',#2638,1.);
#2638 = DIRECTION('',(1.,0.));
#2639 = ( GEOMETRIC_REPRESENTATION_CONTEXT(2) 
PARAMETRIC_REPRESENTATION_CONTEXT() REPRESENTATION_CONTEXT('2D SPACE',''
  ) );
#2640 = PCURVE('',#1704,#2641);
#2641 = DEFINITIONAL_REPRESENTATION('',(#2642),#2646);
#2642 = LINE('',#2643,#2644);
#2643 = CARTESIAN_POINT('',(4.712388980385,-1.191753592594));
#2644 = VECTOR('',#2645,1.);
#2645 = DIRECTION('',(1.,-0.));
#2646 = ( GEOMETRIC_REPRESENTATION_CONTEXT(2) 
PARAMETRIC_REPRESENTATION_CONTEXT() REPRESENTATION_CONTEXT('2D SPACE',''
  ) );
#2647 = ORIENTED_EDGE('',*,*,#2648,.T.);
#2648 = EDGE_CURVE('',#2625,#1610,#2649,.T.);
#2649 = SURFACE_CURVE('',#2650,(#2654,#2660),.PCURVE_S1.);
#2650 = LINE('',#2651,#2652);
#2651 = CARTESIAN_POINT('',(28.307079104948,-11.0571864661,-1.));
#2652 = VECTOR('',#2653,1.);
#2653 = DIRECTION('',(0.,0.,1.));
#2654 = PCURVE('',#1652,#2655);
#2655 = DEFINITIONAL_REPRESENTATION('',(#2656),#2659);
#2656 = B_SPLINE_CURVE_WITH_KNOTS('',1,(#2657,#2658),.UNSPECIFIED.,.F.,
  .F.,(2,2),(-5.999999999062E-07,102.0000006),.PIECEWISE_BEZIER_KNOTS.);
#2657 = CARTESIAN_POINT('',(5.910795022916,-5.999999999062E-07));
#2658 = CARTESIAN_POINT('',(5.910795022916,102.0000006));
#2659 = ( GEOMETRIC_REPRESENTATION_CONTEXT(2) 
PARAMETRIC_REPRESENTATION_CONTEXT() REPRESENTATION_CONTEXT('2D SPACE',''
  ) );
#2660 = PCURVE('',#1624,#2661);
#2661 = DEFINITIONAL_REPRESENTATION('',(#2662),#2665);
#2662 = B_SPLINE_CURVE_WITH_KNOTS('',1,(#2663,#2664),.UNSPECIFIED.,.F.,
  .F.,(2,2),(-5.999999999062E-07,102.0000006),.PIECEWISE_BEZIER_KNOTS.);
#2663 = CARTESIAN_POINT('',(4.378350133922,5.999999999062E-07));
#2664 = CARTESIAN_POINT('',(4.378350133922,-102.0000006));
#2665 = ( GEOMETRIC_REPRESENTATION_CONTEXT(2) 
PARAMETRIC_REPRESENTATION_CONTEXT() REPRESENTATION_CONTEXT('2D SPACE',''
  ) );
#2666 = ORIENTED_EDGE('',*,*,#1635,.F.);
#2667 = ADVANCED_FACE('',(#2668),#1624,.F.);
#2668 = FACE_BOUND('',#2669,.F.);
#2669 = EDGE_LOOP('',(#2670,#2697,#2718,#2719));
#2670 = ORIENTED_EDGE('',*,*,#2671,.F.);
#2671 = EDGE_CURVE('',#2672,#2625,#2674,.T.);
#2672 = VERTEX_POINT('',#2673);
#2673 = CARTESIAN_POINT('',(26.456708382058,-7.089053645358,
    83.333333333333));
#2674 = SURFACE_CURVE('',#2675,(#2680,#2687),.PCURVE_S1.);
#2675 = HYPERBOLA('',#2676,25.005322988392,20.981957297029);
#2676 = AXIS2_PLACEMENT_3D('',#2677,#2678,#2679);
#2677 = CARTESIAN_POINT('',(19.016111285568,8.867358320788,
    50.691202432178));
#2678 = DIRECTION('',(0.906307787037,0.422618261741,0.));
#2679 = DIRECTION('',(0.,-0.,1.));
#2680 = PCURVE('',#1624,#2681);
#2681 = DEFINITIONAL_REPRESENTATION('',(#2682),#2686);
#2682 = ( BOUNDED_CURVE() B_SPLINE_CURVE(2,(#2683,#2684,#2685),
.UNSPECIFIED.,.F.,.F.) B_SPLINE_CURVE_WITH_KNOTS((3,3),(0.762909652067,
0.929085588136),.PIECEWISE_BEZIER_KNOTS.) CURVE() 
GEOMETRIC_REPRESENTATION_ITEM() RATIONAL_B_SPLINE_CURVE((1.,1.0034537915
,1.)) REPRESENTATION_ITEM('') );
#2683 = CARTESIAN_POINT('',(-3.552713678801E-15,-84.33333333333));
#2684 = CARTESIAN_POINT('',(2.270556834366,-86.07268077908));
#2685 = CARTESIAN_POINT('',(4.816185147315,-88.28783430648));
#2686 = ( GEOMETRIC_REPRESENTATION_CONTEXT(2) 
PARAMETRIC_REPRESENTATION_CONTEXT() REPRESENTATION_CONTEXT('2D SPACE',''
  ) );
#2687 = PCURVE('',#1704,#2688);
#2688 = DEFINITIONAL_REPRESENTATION('',(#2689),#2696);
#2689 = B_SPLINE_CURVE_WITH_KNOTS('',5,(#2690,#2691,#2692,#2693,#2694,
    #2695),.UNSPECIFIED.,.F.,.F.,(6,6),(0.762909652067,0.929085588136),
  .PIECEWISE_BEZIER_KNOTS.);
#2690 = CARTESIAN_POINT('',(6.02138591938,-4.767014370377));
#2691 = CARTESIAN_POINT('',(5.995926288899,-4.069675091498));
#2692 = CARTESIAN_POINT('',(5.971146530337,-3.327266123491));
#2693 = CARTESIAN_POINT('',(5.947056824336,-2.538182603032));
#2694 = CARTESIAN_POINT('',(5.923659428456,-1.700612877967));
#2695 = CARTESIAN_POINT('',(5.900950874464,-0.812513397225));
#2696 = ( GEOMETRIC_REPRESENTATION_CONTEXT(2) 
PARAMETRIC_REPRESENTATION_CONTEXT() REPRESENTATION_CONTEXT('2D SPACE',''
  ) );
#2697 = ORIENTED_EDGE('',*,*,#2698,.T.);
#2698 = EDGE_CURVE('',#2672,#1584,#2699,.T.);
#2699 = SURFACE_CURVE('',#2700,(#2704,#2711),.PCURVE_S1.);
#2700 = LINE('',#2701,#2702);
#2701 = CARTESIAN_POINT('',(26.456708382058,-7.089053645358,-1.));
#2702 = VECTOR('',#2703,1.);
#2703 = DIRECTION('',(0.,0.,1.));
#2704 = PCURVE('',#1624,#2705);
#2705 = DEFINITIONAL_REPRESENTATION('',(#2706),#2710);
#2706 = LINE('',#2707,#2708);
#2707 = CARTESIAN_POINT('',(0.,0.));
#2708 = VECTOR('',#2709,1.);
#2709 = DIRECTION('',(0.,-1.));
#2710 = ( GEOMETRIC_REPRESENTATION_CONTEXT(2) 
PARAMETRIC_REPRESENTATION_CONTEXT() REPRESENTATION_CONTEXT('2D SPACE',''
  ) );
#2711 = PCURVE('',#1598,#2712);
#2712 = DEFINITIONAL_REPRESENTATION('',(#2713),#2717);
#2713 = LINE('',#2714,#2715);
#2714 = CARTESIAN_POINT('',(6.222895307442,0.));
#2715 = VECTOR('',#2716,1.);
#2716 = DIRECTION('',(0.,-1.));
#2717 = ( GEOMETRIC_REPRESENTATION_CONTEXT(2) 
PARAMETRIC_REPRESENTATION_CONTEXT() REPRESENTATION_CONTEXT('2D SPACE',''
  ) );
#2718 = ORIENTED_EDGE('',*,*,#1609,.F.);
#2719 = ORIENTED_EDGE('',*,*,#2648,.F.);
#2720 = ADVANCED_FACE('',(#2721),#1598,.F.);
#2721 = FACE_BOUND('',#2722,.F.);
#2722 = EDGE_LOOP('',(#2723,#2724,#2756,#2775));
#2723 = ORIENTED_EDGE('',*,*,#2698,.F.);
#2724 = ORIENTED_EDGE('',*,*,#2725,.F.);
#2725 = EDGE_CURVE('',#2726,#2672,#2728,.T.);
#2726 = VERTEX_POINT('',#2727);
#2727 = CARTESIAN_POINT('',(30.043242844873,-4.577735178446,
    86.908594111116));
#2728 = SURFACE_CURVE('',#2729,(#2734,#2741),.PCURVE_S1.);
#2729 = HYPERBOLA('',#2730,25.005322988392,20.981957297029);
#2730 = AXIS2_PLACEMENT_3D('',#2731,#2732,#2733);
#2731 = CARTESIAN_POINT('',(12.0347562941,-17.18741321304,
    50.691202432178));
#2732 = DIRECTION('',(0.573576436351,-0.819152044289,0.));
#2733 = DIRECTION('',(-0.,0.,1.));
#2734 = PCURVE('',#1598,#2735);
#2735 = DEFINITIONAL_REPRESENTATION('',(#2736),#2740);
#2736 = ( BOUNDED_CURVE() B_SPLINE_CURVE(2,(#2737,#2738,#2739),
.UNSPECIFIED.,.F.,.F.) B_SPLINE_CURVE_WITH_KNOTS((3,3),(-0.929085588136,
-0.762909652067),.PIECEWISE_BEZIER_KNOTS.) CURVE() 
GEOMETRIC_REPRESENTATION_ITEM() RATIONAL_B_SPLINE_CURVE((1.,1.0034537915
,1.)) REPRESENTATION_ITEM('') );
#2737 = CARTESIAN_POINT('',(1.406710160127,-88.28783430648));
#2738 = CARTESIAN_POINT('',(3.952338473076,-86.07268077908));
#2739 = CARTESIAN_POINT('',(6.222895307442,-84.33333333333));
#2740 = ( GEOMETRIC_REPRESENTATION_CONTEXT(2) 
PARAMETRIC_REPRESENTATION_CONTEXT() REPRESENTATION_CONTEXT('2D SPACE',''
  ) );
#2741 = PCURVE('',#2742,#2747);
#2742 = CONICAL_SURFACE('',#2743,31.39,0.698131700798);
#2743 = AXIS2_PLACEMENT_3D('',#2744,#2745,#2746);
#2744 = CARTESIAN_POINT('',(0.,0.,88.10034770371));
#2745 = DIRECTION('',(0.,0.,1.));
#2746 = DIRECTION('',(1.,0.,0.));
#2747 = DEFINITIONAL_REPRESENTATION('',(#2748),#2755);
#2748 = B_SPLINE_CURVE_WITH_KNOTS('',5,(#2749,#2750,#2751,#2752,#2753,
    #2754),.UNSPECIFIED.,.F.,.F.,(6,6),(-0.914753173669,-0.762909652067)
  ,.PIECEWISE_BEZIER_KNOTS.);
#2749 = CARTESIAN_POINT('',(6.131976815875,-1.191753593476));
#2750 = CARTESIAN_POINT('',(6.111009561692,-1.987409755799));
#2751 = CARTESIAN_POINT('',(6.089466523137,-2.741313682564));
#2752 = CARTESIAN_POINT('',(6.067345820193,-3.454994083071));
#2753 = CARTESIAN_POINT('',(6.04464969657,-4.129819513157));
#2754 = CARTESIAN_POINT('',(6.02138591938,-4.767014370377));
#2755 = ( GEOMETRIC_REPRESENTATION_CONTEXT(2) 
PARAMETRIC_REPRESENTATION_CONTEXT() REPRESENTATION_CONTEXT('2D SPACE',''
  ) );
#2756 = ORIENTED_EDGE('',*,*,#2757,.T.);
#2757 = EDGE_CURVE('',#2726,#1555,#2758,.T.);
#2758 = SURFACE_CURVE('',#2759,(#2763,#2769),.PCURVE_S1.);
#2759 = LINE('',#2760,#2761);
#2760 = CARTESIAN_POINT('',(30.043242844873,-4.577735178446,-1.));
#2761 = VECTOR('',#2762,1.);
#2762 = DIRECTION('',(0.,0.,1.));
#2763 = PCURVE('',#1598,#2764);
#2764 = DEFINITIONAL_REPRESENTATION('',(#2765),#2768);
#2765 = B_SPLINE_CURVE_WITH_KNOTS('',1,(#2766,#2767),.UNSPECIFIED.,.F.,
  .F.,(2,2),(-5.999999999062E-07,102.0000006),.PIECEWISE_BEZIER_KNOTS.);
#2766 = CARTESIAN_POINT('',(1.844545173519,5.999999999062E-07));
#2767 = CARTESIAN_POINT('',(1.844545173519,-102.0000006));
#2768 = ( GEOMETRIC_REPRESENTATION_CONTEXT(2) 
PARAMETRIC_REPRESENTATION_CONTEXT() REPRESENTATION_CONTEXT('2D SPACE',''
  ) );
#2769 = PCURVE('',#1571,#2770);
#2770 = DEFINITIONAL_REPRESENTATION('',(#2771),#2774);
#2771 = B_SPLINE_CURVE_WITH_KNOTS('',1,(#2772,#2773),.UNSPECIFIED.,.F.,
  .F.,(2,2),(-5.999999999062E-07,102.0000006),.PIECEWISE_BEZIER_KNOTS.);
#2772 = CARTESIAN_POINT('',(6.131976815845,-5.999999999062E-07));
#2773 = CARTESIAN_POINT('',(6.131976815845,102.0000006));
#2774 = ( GEOMETRIC_REPRESENTATION_CONTEXT(2) 
PARAMETRIC_REPRESENTATION_CONTEXT() REPRESENTATION_CONTEXT('2D SPACE',''
  ) );
#2775 = ORIENTED_EDGE('',*,*,#1583,.F.);
#2776 = ADVANCED_FACE('',(#2777),#1571,.F.);
#2777 = FACE_BOUND('',#2778,.F.);
#2778 = EDGE_LOOP('',(#2779,#2780,#2804,#2823));
#2779 = ORIENTED_EDGE('',*,*,#2757,.F.);
#2780 = ORIENTED_EDGE('',*,*,#2781,.F.);
#2781 = EDGE_CURVE('',#2782,#2726,#2784,.T.);
#2782 = VERTEX_POINT('',#2783);
#2783 = CARTESIAN_POINT('',(30.043242844873,4.577735178446,
    86.908594111116));
#2784 = SURFACE_CURVE('',#2785,(#2790,#2797),.PCURVE_S1.);
#2785 = CIRCLE('',#2786,30.39);
#2786 = AXIS2_PLACEMENT_3D('',#2787,#2788,#2789);
#2787 = CARTESIAN_POINT('',(0.,0.,86.908594111116));
#2788 = DIRECTION('',(0.,0.,-1.));
#2789 = DIRECTION('',(0.988589761266,0.150632944338,0.));
#2790 = PCURVE('',#1571,#2791);
#2791 = DEFINITIONAL_REPRESENTATION('',(#2792),#2796);
#2792 = LINE('',#2793,#2794);
#2793 = CARTESIAN_POINT('',(6.434393798514,87.908594111116));
#2794 = VECTOR('',#2795,1.);
#2795 = DIRECTION('',(-1.,-0.));
#2796 = ( GEOMETRIC_REPRESENTATION_CONTEXT(2) 
PARAMETRIC_REPRESENTATION_CONTEXT() REPRESENTATION_CONTEXT('2D SPACE',''
  ) );
#2797 = PCURVE('',#2742,#2798);
#2798 = DEFINITIONAL_REPRESENTATION('',(#2799),#2803);
#2799 = LINE('',#2800,#2801);
#2800 = CARTESIAN_POINT('',(6.434393798514,-1.191753592594));
#2801 = VECTOR('',#2802,1.);
#2802 = DIRECTION('',(-1.,-0.));
#2803 = ( GEOMETRIC_REPRESENTATION_CONTEXT(2) 
PARAMETRIC_REPRESENTATION_CONTEXT() REPRESENTATION_CONTEXT('2D SPACE',''
  ) );
#2804 = ORIENTED_EDGE('',*,*,#2805,.T.);
#2805 = EDGE_CURVE('',#2782,#1529,#2806,.T.);
#2806 = SURFACE_CURVE('',#2807,(#2811,#2817),.PCURVE_S1.);
#2807 = LINE('',#2808,#2809);
#2808 = CARTESIAN_POINT('',(30.043242844873,4.577735178446,-1.));
#2809 = VECTOR('',#2810,1.);
#2810 = DIRECTION('',(0.,0.,1.));
#2811 = PCURVE('',#1571,#2812);
#2812 = DEFINITIONAL_REPRESENTATION('',(#2813),#2816);
#2813 = B_SPLINE_CURVE_WITH_KNOTS('',1,(#2814,#2815),.UNSPECIFIED.,.F.,
  .F.,(2,2),(-5.999999999062E-07,102.0000006),.PIECEWISE_BEZIER_KNOTS.);
#2814 = CARTESIAN_POINT('',(6.434393798514,-5.999999999062E-07));
#2815 = CARTESIAN_POINT('',(6.434393798514,102.0000006));
#2816 = ( GEOMETRIC_REPRESENTATION_CONTEXT(2) 
PARAMETRIC_REPRESENTATION_CONTEXT() REPRESENTATION_CONTEXT('2D SPACE',''
  ) );
#2817 = PCURVE('',#1543,#2818);
#2818 = DEFINITIONAL_REPRESENTATION('',(#2819),#2822);
#2819 = B_SPLINE_CURVE_WITH_KNOTS('',1,(#2820,#2821),.UNSPECIFIED.,.F.,
  .F.,(2,2),(-5.999999999062E-07,102.0000006),.PIECEWISE_BEZIER_KNOTS.);
#2820 = CARTESIAN_POINT('',(4.378350133922,5.999999999062E-07));
#2821 = CARTESIAN_POINT('',(4.378350133922,-102.0000006));
#2822 = ( GEOMETRIC_REPRESENTATION_CONTEXT(2) 
PARAMETRIC_REPRESENTATION_CONTEXT() REPRESENTATION_CONTEXT('2D SPACE',''
  ) );
#2823 = ORIENTED_EDGE('',*,*,#1554,.F.);
#2824 = ADVANCED_FACE('',(#2825),#1543,.F.);
#2825 = FACE_BOUND('',#2826,.F.);
#2826 = EDGE_LOOP('',(#2827,#2854,#2875,#2876));
#2827 = ORIENTED_EDGE('',*,*,#2828,.F.);
#2828 = EDGE_CURVE('',#2829,#2782,#2831,.T.);
#2829 = VERTEX_POINT('',#2830);
#2830 = CARTESIAN_POINT('',(26.456708382058,7.089053645358,
    83.333333333333));
#2831 = SURFACE_CURVE('',#2832,(#2837,#2844),.PCURVE_S1.);
#2832 = HYPERBOLA('',#2833,25.005322988392,20.981957297029);
#2833 = AXIS2_PLACEMENT_3D('',#2834,#2835,#2836);
#2834 = CARTESIAN_POINT('',(12.0347562941,17.187413213045,
    50.691202432178));
#2835 = DIRECTION('',(0.573576436351,0.819152044289,0.));
#2836 = DIRECTION('',(0.,-0.,1.));
#2837 = PCURVE('',#1543,#2838);
#2838 = DEFINITIONAL_REPRESENTATION('',(#2839),#2843);
#2839 = ( BOUNDED_CURVE() B_SPLINE_CURVE(2,(#2840,#2841,#2842),
.UNSPECIFIED.,.F.,.F.) B_SPLINE_CURVE_WITH_KNOTS((3,3),(0.762909652067,
0.929085588136),.PIECEWISE_BEZIER_KNOTS.) CURVE() 
GEOMETRIC_REPRESENTATION_ITEM() RATIONAL_B_SPLINE_CURVE((1.,1.0034537915
,1.)) REPRESENTATION_ITEM('') );
#2840 = CARTESIAN_POINT('',(-7.105427357601E-15,-84.33333333333));
#2841 = CARTESIAN_POINT('',(2.270556834366,-86.07268077908));
#2842 = CARTESIAN_POINT('',(4.816185147315,-88.28783430648));
#2843 = ( GEOMETRIC_REPRESENTATION_CONTEXT(2) 
PARAMETRIC_REPRESENTATION_CONTEXT() REPRESENTATION_CONTEXT('2D SPACE',''
  ) );
#2844 = PCURVE('',#2742,#2845);
#2845 = DEFINITIONAL_REPRESENTATION('',(#2846),#2853);
#2846 = B_SPLINE_CURVE_WITH_KNOTS('',5,(#2847,#2848,#2849,#2850,#2851,
    #2852),.UNSPECIFIED.,.F.,.F.,(6,6),(0.762909652067,0.914753173669),
  .PIECEWISE_BEZIER_KNOTS.);
#2847 = CARTESIAN_POINT('',(6.544984694979,-4.767014370377));
#2848 = CARTESIAN_POINT('',(6.521720917789,-4.129819513157));
#2849 = CARTESIAN_POINT('',(6.499024794166,-3.454994083071));
#2850 = CARTESIAN_POINT('',(6.476904091222,-2.741313682564));
#2851 = CARTESIAN_POINT('',(6.455361052667,-1.987409755799));
#2852 = CARTESIAN_POINT('',(6.434393798484,-1.191753593476));
#2853 = ( GEOMETRIC_REPRESENTATION_CONTEXT(2) 
PARAMETRIC_REPRESENTATION_CONTEXT() REPRESENTATION_CONTEXT('2D SPACE',''
  ) );
#2854 = ORIENTED_EDGE('',*,*,#2855,.T.);
#2855 = EDGE_CURVE('',#2829,#1503,#2856,.T.);
#2856 = SURFACE_CURVE('',#2857,(#2861,#2868),.PCURVE_S1.);
#2857 = LINE('',#2858,#2859);
#2858 = CARTESIAN_POINT('',(26.456708382058,7.089053645358,-1.));
#2859 = VECTOR('',#2860,1.);
#2860 = DIRECTION('',(0.,0.,1.));
#2861 = PCURVE('',#1543,#2862);
#2862 = DEFINITIONAL_REPRESENTATION('',(#2863),#2867);
#2863 = LINE('',#2864,#2865);
#2864 = CARTESIAN_POINT('',(0.,0.));
#2865 = VECTOR('',#2866,1.);
#2866 = DIRECTION('',(0.,-1.));
#2867 = ( GEOMETRIC_REPRESENTATION_CONTEXT(2) 
PARAMETRIC_REPRESENTATION_CONTEXT() REPRESENTATION_CONTEXT('2D SPACE',''
  ) );
#2868 = PCURVE('',#1517,#2869);
#2869 = DEFINITIONAL_REPRESENTATION('',(#2870),#2874);
#2870 = LINE('',#2871,#2872);
#2871 = CARTESIAN_POINT('',(6.222895307442,0.));
#2872 = VECTOR('',#2873,1.);
#2873 = DIRECTION('',(0.,-1.));
#2874 = ( GEOMETRIC_REPRESENTATION_CONTEXT(2) 
PARAMETRIC_REPRESENTATION_CONTEXT() REPRESENTATION_CONTEXT('2D SPACE',''
  ) );
#2875 = ORIENTED_EDGE('',*,*,#1528,.F.);
#2876 = ORIENTED_EDGE('',*,*,#2805,.F.);
#2877 = ADVANCED_FACE('',(#2878),#1517,.F.);
#2878 = FACE_BOUND('',#2879,.F.);
#2879 = EDGE_LOOP('',(#2880,#2881,#2908,#2927));
#2880 = ORIENTED_EDGE('',*,*,#2855,.F.);
#2881 = ORIENTED_EDGE('',*,*,#2882,.F.);
#2882 = EDGE_CURVE('',#2883,#2829,#2885,.T.);
#2883 = VERTEX_POINT('',#2884);
#2884 = CARTESIAN_POINT('',(28.307079104948,11.057186466105,
    86.908594111116));
#2885 = SURFACE_CURVE('',#2886,(#2891,#2898),.PCURVE_S1.);
#2886 = HYPERBOLA('',#2887,25.005322988392,20.981957297029);
#2887 = AXIS2_PLACEMENT_3D('',#2888,#2889,#2890);
#2888 = CARTESIAN_POINT('',(19.016111285568,-8.867358320788,
    50.691202432178));
#2889 = DIRECTION('',(0.906307787037,-0.422618261741,0.));
#2890 = DIRECTION('',(-0.,0.,1.));
#2891 = PCURVE('',#1517,#2892);
#2892 = DEFINITIONAL_REPRESENTATION('',(#2893),#2897);
#2893 = ( BOUNDED_CURVE() B_SPLINE_CURVE(2,(#2894,#2895,#2896),
.UNSPECIFIED.,.F.,.F.) B_SPLINE_CURVE_WITH_KNOTS((3,3),(-0.929085588136,
-0.762909652067),.PIECEWISE_BEZIER_KNOTS.) CURVE() 
GEOMETRIC_REPRESENTATION_ITEM() RATIONAL_B_SPLINE_CURVE((1.,1.0034537915
,1.)) REPRESENTATION_ITEM('') );
#2894 = CARTESIAN_POINT('',(1.406710160127,-88.28783430648));
#2895 = CARTESIAN_POINT('',(3.952338473076,-86.07268077908));
#2896 = CARTESIAN_POINT('',(6.222895307442,-84.33333333333));
#2897 = ( GEOMETRIC_REPRESENTATION_CONTEXT(2) 
PARAMETRIC_REPRESENTATION_CONTEXT() REPRESENTATION_CONTEXT('2D SPACE',''
  ) );
#2898 = PCURVE('',#2584,#2899);
#2899 = DEFINITIONAL_REPRESENTATION('',(#2900),#2907);
#2900 = B_SPLINE_CURVE_WITH_KNOTS('',5,(#2901,#2902,#2903,#2904,#2905,
    #2906),.UNSPECIFIED.,.F.,.F.,(6,6),(-0.929085588136,-0.762909652067)
  ,.PIECEWISE_BEZIER_KNOTS.);
#2901 = CARTESIAN_POINT('',(0.382234432716,-0.812513397225));
#2902 = CARTESIAN_POINT('',(0.359525878723,-1.700612877967));
#2903 = CARTESIAN_POINT('',(0.336128482844,-2.538182603031));
#2904 = CARTESIAN_POINT('',(0.312038776843,-3.327266123491));
#2905 = CARTESIAN_POINT('',(0.28725901828,-4.069675091498));
#2906 = CARTESIAN_POINT('',(0.261799387799,-4.767014370377));
#2907 = ( GEOMETRIC_REPRESENTATION_CONTEXT(2) 
PARAMETRIC_REPRESENTATION_CONTEXT() REPRESENTATION_CONTEXT('2D SPACE',''
  ) );
#2908 = ORIENTED_EDGE('',*,*,#2909,.T.);
#2909 = EDGE_CURVE('',#2883,#1474,#2910,.T.);
#2910 = SURFACE_CURVE('',#2911,(#2915,#2921),.PCURVE_S1.);
#2911 = LINE('',#2912,#2913);
#2912 = CARTESIAN_POINT('',(28.307079104948,11.057186466105,-1.));
#2913 = VECTOR('',#2914,1.);
#2914 = DIRECTION('',(0.,0.,1.));
#2915 = PCURVE('',#1517,#2916);
#2916 = DEFINITIONAL_REPRESENTATION('',(#2917),#2920);
#2917 = B_SPLINE_CURVE_WITH_KNOTS('',1,(#2918,#2919),.UNSPECIFIED.,.F.,
  .F.,(2,2),(-5.999999999062E-07,102.0000006),.PIECEWISE_BEZIER_KNOTS.);
#2918 = CARTESIAN_POINT('',(1.844545173519,5.999999999062E-07));
#2919 = CARTESIAN_POINT('',(1.844545173519,-102.0000006));
#2920 = ( GEOMETRIC_REPRESENTATION_CONTEXT(2) 
PARAMETRIC_REPRESENTATION_CONTEXT() REPRESENTATION_CONTEXT('2D SPACE',''
  ) );
#2921 = PCURVE('',#1490,#2922);
#2922 = DEFINITIONAL_REPRESENTATION('',(#2923),#2926);
#2923 = B_SPLINE_CURVE_WITH_KNOTS('',1,(#2924,#2925),.UNSPECIFIED.,.F.,
  .F.,(2,2),(-5.999999999062E-07,102.0000006),.PIECEWISE_BEZIER_KNOTS.);
#2924 = CARTESIAN_POINT('',(6.655575591444,-5.999999999062E-07));
#2925 = CARTESIAN_POINT('',(6.655575591444,102.0000006));
#2926 = ( GEOMETRIC_REPRESENTATION_CONTEXT(2) 
PARAMETRIC_REPRESENTATION_CONTEXT() REPRESENTATION_CONTEXT('2D SPACE',''
  ) );
#2927 = ORIENTED_EDGE('',*,*,#1502,.F.);
#2928 = ADVANCED_FACE('',(#2929),#1490,.F.);
#2929 = FACE_BOUND('',#2930,.F.);
#2930 = EDGE_LOOP('',(#2931,#2932,#2954,#2955));
#2931 = ORIENTED_EDGE('',*,*,#2909,.F.);
#2932 = ORIENTED_EDGE('',*,*,#2933,.T.);
#2933 = EDGE_CURVE('',#2883,#2568,#2934,.T.);
#2934 = SURFACE_CURVE('',#2935,(#2940,#2947),.PCURVE_S1.);
#2935 = CIRCLE('',#2936,30.39);
#2936 = AXIS2_PLACEMENT_3D('',#2937,#2938,#2939);
#2937 = CARTESIAN_POINT('',(0.,0.,86.908594111116));
#2938 = DIRECTION('',(0.,0.,1.));
#2939 = DIRECTION('',(0.,-1.,0.));
#2940 = PCURVE('',#1490,#2941);
#2941 = DEFINITIONAL_REPRESENTATION('',(#2942),#2946);
#2942 = LINE('',#2943,#2944);
#2943 = CARTESIAN_POINT('',(4.712388980385,87.908594111116));
#2944 = VECTOR('',#2945,1.);
#2945 = DIRECTION('',(1.,0.));
#2946 = ( GEOMETRIC_REPRESENTATION_CONTEXT(2) 
PARAMETRIC_REPRESENTATION_CONTEXT() REPRESENTATION_CONTEXT('2D SPACE',''
  ) );
#2947 = PCURVE('',#2584,#2948);
#2948 = DEFINITIONAL_REPRESENTATION('',(#2949),#2953);
#2949 = LINE('',#2950,#2951);
#2950 = CARTESIAN_POINT('',(-1.570796326795,-1.191753592594));
#2951 = VECTOR('',#2952,1.);
#2952 = DIRECTION('',(1.,-0.));
#2953 = ( GEOMETRIC_REPRESENTATION_CONTEXT(2) 
PARAMETRIC_REPRESENTATION_CONTEXT() REPRESENTATION_CONTEXT('2D SPACE',''
  ) );
#2954 = ORIENTED_EDGE('',*,*,#2601,.T.);
#2955 = ORIENTED_EDGE('',*,*,#1473,.F.);
#2956 = ADVANCED_FACE('',(#2957),#1704,.F.);
#2957 = FACE_BOUND('',#2958,.T.);
#2958 = EDGE_LOOP('',(#2959,#2960,#2982,#2983));
#2959 = ORIENTED_EDGE('',*,*,#2671,.F.);
#2960 = ORIENTED_EDGE('',*,*,#2961,.F.);
#2961 = EDGE_CURVE('',#559,#2672,#2962,.T.);
#2962 = SURFACE_CURVE('',#2963,(#2968,#2975),.PCURVE_S1.);
#2963 = CIRCLE('',#2964,27.39);
#2964 = AXIS2_PLACEMENT_3D('',#2965,#2966,#2967);
#2965 = CARTESIAN_POINT('',(0.,0.,83.333333333333));
#2966 = DIRECTION('',(0.,0.,1.));
#2967 = DIRECTION('',(1.,0.,-0.));
#2968 = PCURVE('',#1704,#2969);
#2969 = DEFINITIONAL_REPRESENTATION('',(#2970),#2974);
#2970 = LINE('',#2971,#2972);
#2971 = CARTESIAN_POINT('',(0.,-4.767014370377));
#2972 = VECTOR('',#2973,1.);
#2973 = DIRECTION('',(1.,-0.));
#2974 = ( GEOMETRIC_REPRESENTATION_CONTEXT(2) 
PARAMETRIC_REPRESENTATION_CONTEXT() REPRESENTATION_CONTEXT('2D SPACE',''
  ) );
#2975 = PCURVE('',#1816,#2976);
#2976 = DEFINITIONAL_REPRESENTATION('',(#2977),#2981);
#2977 = LINE('',#2978,#2979);
#2978 = CARTESIAN_POINT('',(-0.,0.));
#2979 = VECTOR('',#2980,1.);
#2980 = DIRECTION('',(-1.,0.));
#2981 = ( GEOMETRIC_REPRESENTATION_CONTEXT(2) 
PARAMETRIC_REPRESENTATION_CONTEXT() REPRESENTATION_CONTEXT('2D SPACE',''
  ) );
#2982 = ORIENTED_EDGE('',*,*,#1687,.F.);
#2983 = ORIENTED_EDGE('',*,*,#2624,.T.);
#2984 = ADVANCED_FACE('',(#2985),#1816,.F.);
#2985 = FACE_BOUND('',#2986,.T.);
#2986 = EDGE_LOOP('',(#2987,#2988,#3020,#3042));
#2987 = ORIENTED_EDGE('',*,*,#2961,.T.);
#2988 = ORIENTED_EDGE('',*,*,#2989,.F.);
#2989 = EDGE_CURVE('',#2990,#2672,#2992,.T.);
#2990 = VERTEX_POINT('',#2991);
#2991 = CARTESIAN_POINT('',(28.307079104948,-11.0571864661,
    79.758072555551));
#2992 = SURFACE_CURVE('',#2993,(#2998,#3008),.PCURVE_S1.);
#2993 = HYPERBOLA('',#2994,25.005322988392,20.981957297029);
#2994 = AXIS2_PLACEMENT_3D('',#2995,#2996,#2997);
#2995 = CARTESIAN_POINT('',(19.016111285568,8.867358320788,
    115.97546423448));
#2996 = DIRECTION('',(0.906307787037,0.422618261741,0.));
#2997 = DIRECTION('',(0.,0.,-1.));
#2998 = PCURVE('',#1816,#2999);
#2999 = DEFINITIONAL_REPRESENTATION('',(#3000),#3007);
#3000 = B_SPLINE_CURVE_WITH_KNOTS('',5,(#3001,#3002,#3003,#3004,#3005,
    #3006),.UNSPECIFIED.,.F.,.F.,(6,6),(-0.929085588136,-0.762909652067)
  ,.PIECEWISE_BEZIER_KNOTS.);
#3001 = CARTESIAN_POINT('',(-5.900950874464,3.954500973152));
#3002 = CARTESIAN_POINT('',(-5.923659428456,3.066401492409));
#3003 = CARTESIAN_POINT('',(-5.947056824336,2.228831767345));
#3004 = CARTESIAN_POINT('',(-5.971146530337,1.439748246886));
#3005 = CARTESIAN_POINT('',(-5.995926288899,0.697339278879));
#3006 = CARTESIAN_POINT('',(-6.02138591938,1.749369987558E-15));
#3007 = ( GEOMETRIC_REPRESENTATION_CONTEXT(2) 
PARAMETRIC_REPRESENTATION_CONTEXT() REPRESENTATION_CONTEXT('2D SPACE',''
  ) );
#3008 = PCURVE('',#3009,#3014);
#3009 = PLANE('',#3010);
#3010 = AXIS2_PLACEMENT_3D('',#3011,#3012,#3013);
#3011 = CARTESIAN_POINT('',(26.456708382058,-7.089053645358,-1.));
#3012 = DIRECTION('',(0.906307787037,0.422618261741,0.));
#3013 = DIRECTION('',(0.422618261741,-0.906307787037,0.));
#3014 = DEFINITIONAL_REPRESENTATION('',(#3015),#3019);
#3015 = ( BOUNDED_CURVE() B_SPLINE_CURVE(2,(#3016,#3017,#3018),
.UNSPECIFIED.,.F.,.F.) B_SPLINE_CURVE_WITH_KNOTS((3,3),(-0.929085588136,
-0.762909652067),.PIECEWISE_BEZIER_KNOTS.) CURVE() 
GEOMETRIC_REPRESENTATION_ITEM() RATIONAL_B_SPLINE_CURVE((1.,1.0034537915
,1.)) REPRESENTATION_ITEM('') );
#3016 = CARTESIAN_POINT('',(4.816185147315,-80.37883236018));
#3017 = CARTESIAN_POINT('',(2.270556834366,-82.59398588758));
#3018 = CARTESIAN_POINT('',(-3.552713678801E-15,-84.33333333333));
#3019 = ( GEOMETRIC_REPRESENTATION_CONTEXT(2) 
PARAMETRIC_REPRESENTATION_CONTEXT() REPRESENTATION_CONTEXT('2D SPACE',''
  ) );
#3020 = ORIENTED_EDGE('',*,*,#3021,.F.);
#3021 = EDGE_CURVE('',#1776,#2990,#3022,.T.);
#3022 = SURFACE_CURVE('',#3023,(#3028,#3035),.PCURVE_S1.);
#3023 = CIRCLE('',#3024,30.39);
#3024 = AXIS2_PLACEMENT_3D('',#3025,#3026,#3027);
#3025 = CARTESIAN_POINT('',(0.,0.,79.758072555551));
#3026 = DIRECTION('',(0.,0.,1.));
#3027 = DIRECTION('',(0.,-1.,0.));
#3028 = PCURVE('',#1816,#3029);
#3029 = DEFINITIONAL_REPRESENTATION('',(#3030),#3034);
#3030 = LINE('',#3031,#3032);
#3031 = CARTESIAN_POINT('',(-4.712388980385,3.575260777783));
#3032 = VECTOR('',#3033,1.);
#3033 = DIRECTION('',(-1.,0.));
#3034 = ( GEOMETRIC_REPRESENTATION_CONTEXT(2) 
PARAMETRIC_REPRESENTATION_CONTEXT() REPRESENTATION_CONTEXT('2D SPACE',''
  ) );
#3035 = PCURVE('',#1790,#3036);
#3036 = DEFINITIONAL_REPRESENTATION('',(#3037),#3041);
#3037 = LINE('',#3038,#3039);
#3038 = CARTESIAN_POINT('',(4.712388980385,80.758072555551));
#3039 = VECTOR('',#3040,1.);
#3040 = DIRECTION('',(1.,0.));
#3041 = ( GEOMETRIC_REPRESENTATION_CONTEXT(2) 
PARAMETRIC_REPRESENTATION_CONTEXT() REPRESENTATION_CONTEXT('2D SPACE',''
  ) );
#3042 = ORIENTED_EDGE('',*,*,#1801,.F.);
#3043 = ADVANCED_FACE('',(#3044),#1790,.F.);
#3044 = FACE_BOUND('',#3045,.F.);
#3045 = EDGE_LOOP('',(#3046,#3047,#3071,#3090));
#3046 = ORIENTED_EDGE('',*,*,#1775,.F.);
#3047 = ORIENTED_EDGE('',*,*,#3048,.T.);
#3048 = EDGE_CURVE('',#1744,#3049,#3051,.T.);
#3049 = VERTEX_POINT('',#3050);
#3050 = CARTESIAN_POINT('',(28.307079104948,-11.0571864661,
    70.241927444449));
#3051 = SURFACE_CURVE('',#3052,(#3057,#3064),.PCURVE_S1.);
#3052 = CIRCLE('',#3053,30.39);
#3053 = AXIS2_PLACEMENT_3D('',#3054,#3055,#3056);
#3054 = CARTESIAN_POINT('',(0.,0.,70.241927444449));
#3055 = DIRECTION('',(0.,0.,1.));
#3056 = DIRECTION('',(0.,-1.,0.));
#3057 = PCURVE('',#1790,#3058);
#3058 = DEFINITIONAL_REPRESENTATION('',(#3059),#3063);
#3059 = LINE('',#3060,#3061);
#3060 = CARTESIAN_POINT('',(4.712388980385,71.241927444449));
#3061 = VECTOR('',#3062,1.);
#3062 = DIRECTION('',(1.,0.));
#3063 = ( GEOMETRIC_REPRESENTATION_CONTEXT(2) 
PARAMETRIC_REPRESENTATION_CONTEXT() REPRESENTATION_CONTEXT('2D SPACE',''
  ) );
#3064 = PCURVE('',#1760,#3065);
#3065 = DEFINITIONAL_REPRESENTATION('',(#3066),#3070);
#3066 = LINE('',#3067,#3068);
#3067 = CARTESIAN_POINT('',(4.712388980385,-1.191753592594));
#3068 = VECTOR('',#3069,1.);
#3069 = DIRECTION('',(1.,-0.));
#3070 = ( GEOMETRIC_REPRESENTATION_CONTEXT(2) 
PARAMETRIC_REPRESENTATION_CONTEXT() REPRESENTATION_CONTEXT('2D SPACE',''
  ) );
#3071 = ORIENTED_EDGE('',*,*,#3072,.T.);
#3072 = EDGE_CURVE('',#3049,#2990,#3073,.T.);
#3073 = SURFACE_CURVE('',#3074,(#3078,#3084),.PCURVE_S1.);
#3074 = LINE('',#3075,#3076);
#3075 = CARTESIAN_POINT('',(28.307079104948,-11.0571864661,-1.));
#3076 = VECTOR('',#3077,1.);
#3077 = DIRECTION('',(0.,0.,1.));
#3078 = PCURVE('',#1790,#3079);
#3079 = DEFINITIONAL_REPRESENTATION('',(#3080),#3083);
#3080 = B_SPLINE_CURVE_WITH_KNOTS('',1,(#3081,#3082),.UNSPECIFIED.,.F.,
  .F.,(2,2),(-5.999999999062E-07,102.0000006),.PIECEWISE_BEZIER_KNOTS.);
#3081 = CARTESIAN_POINT('',(5.910795022916,-5.999999999062E-07));
#3082 = CARTESIAN_POINT('',(5.910795022916,102.0000006));
#3083 = ( GEOMETRIC_REPRESENTATION_CONTEXT(2) 
PARAMETRIC_REPRESENTATION_CONTEXT() REPRESENTATION_CONTEXT('2D SPACE',''
  ) );
#3084 = PCURVE('',#3009,#3085);
#3085 = DEFINITIONAL_REPRESENTATION('',(#3086),#3089);
#3086 = B_SPLINE_CURVE_WITH_KNOTS('',1,(#3087,#3088),.UNSPECIFIED.,.F.,
  .F.,(2,2),(-5.999999999062E-07,102.0000006),.PIECEWISE_BEZIER_KNOTS.);
#3087 = CARTESIAN_POINT('',(4.378350133922,5.999999999062E-07));
#3088 = CARTESIAN_POINT('',(4.378350133922,-102.0000006));
#3089 = ( GEOMETRIC_REPRESENTATION_CONTEXT(2) 
PARAMETRIC_REPRESENTATION_CONTEXT() REPRESENTATION_CONTEXT('2D SPACE',''
  ) );
#3090 = ORIENTED_EDGE('',*,*,#3021,.F.);
#3091 = ADVANCED_FACE('',(#3092),#1760,.F.);
#3092 = FACE_BOUND('',#3093,.T.);
#3093 = EDGE_LOOP('',(#3094,#3121,#3143,#3144));
#3094 = ORIENTED_EDGE('',*,*,#3095,.F.);
#3095 = EDGE_CURVE('',#3096,#3049,#3098,.T.);
#3096 = VERTEX_POINT('',#3097);
#3097 = CARTESIAN_POINT('',(26.456708382058,-7.089053645358,
    66.666666666667));
#3098 = SURFACE_CURVE('',#3099,(#3104,#3114),.PCURVE_S1.);
#3099 = HYPERBOLA('',#3100,25.005322988392,20.981957297029);
#3100 = AXIS2_PLACEMENT_3D('',#3101,#3102,#3103);
#3101 = CARTESIAN_POINT('',(19.016111285568,8.867358320788,
    34.024535765511));
#3102 = DIRECTION('',(0.906307787037,0.422618261741,0.));
#3103 = DIRECTION('',(0.,-0.,1.));
#3104 = PCURVE('',#1760,#3105);
#3105 = DEFINITIONAL_REPRESENTATION('',(#3106),#3113);
#3106 = B_SPLINE_CURVE_WITH_KNOTS('',5,(#3107,#3108,#3109,#3110,#3111,
    #3112),.UNSPECIFIED.,.F.,.F.,(6,6),(0.762909652067,0.929085588136),
  .PIECEWISE_BEZIER_KNOTS.);
#3107 = CARTESIAN_POINT('',(6.02138591938,-4.767014370377));
#3108 = CARTESIAN_POINT('',(5.995926288899,-4.069675091498));
#3109 = CARTESIAN_POINT('',(5.971146530337,-3.327266123491));
#3110 = CARTESIAN_POINT('',(5.947056824336,-2.538182603032));
#3111 = CARTESIAN_POINT('',(5.923659428456,-1.700612877967));
#3112 = CARTESIAN_POINT('',(5.900950874464,-0.812513397225));
#3113 = ( GEOMETRIC_REPRESENTATION_CONTEXT(2) 
PARAMETRIC_REPRESENTATION_CONTEXT() REPRESENTATION_CONTEXT('2D SPACE',''
  ) );
#3114 = PCURVE('',#3009,#3115);
#3115 = DEFINITIONAL_REPRESENTATION('',(#3116),#3120);
#3116 = ( BOUNDED_CURVE() B_SPLINE_CURVE(2,(#3117,#3118,#3119),
.UNSPECIFIED.,.F.,.F.) B_SPLINE_CURVE_WITH_KNOTS((3,3),(0.762909652067,
0.929085588136),.PIECEWISE_BEZIER_KNOTS.) CURVE() 
GEOMETRIC_REPRESENTATION_ITEM() RATIONAL_B_SPLINE_CURVE((1.,1.0034537915
,1.)) REPRESENTATION_ITEM('') );
#3117 = CARTESIAN_POINT('',(-3.552713678801E-15,-67.66666666666));
#3118 = CARTESIAN_POINT('',(2.270556834366,-69.40601411241));
#3119 = CARTESIAN_POINT('',(4.816185147315,-71.62116763981));
#3120 = ( GEOMETRIC_REPRESENTATION_CONTEXT(2) 
PARAMETRIC_REPRESENTATION_CONTEXT() REPRESENTATION_CONTEXT('2D SPACE',''
  ) );
#3121 = ORIENTED_EDGE('',*,*,#3122,.F.);
#3122 = EDGE_CURVE('',#531,#3096,#3123,.T.);
#3123 = SURFACE_CURVE('',#3124,(#3129,#3136),.PCURVE_S1.);
#3124 = CIRCLE('',#3125,27.39);
#3125 = AXIS2_PLACEMENT_3D('',#3126,#3127,#3128);
#3126 = CARTESIAN_POINT('',(0.,0.,66.666666666667));
#3127 = DIRECTION('',(0.,0.,1.));
#3128 = DIRECTION('',(1.,0.,-0.));
#3129 = PCURVE('',#1760,#3130);
#3130 = DEFINITIONAL_REPRESENTATION('',(#3131),#3135);
#3131 = LINE('',#3132,#3133);
#3132 = CARTESIAN_POINT('',(0.,-4.767014370377));
#3133 = VECTOR('',#3134,1.);
#3134 = DIRECTION('',(1.,-0.));
#3135 = ( GEOMETRIC_REPRESENTATION_CONTEXT(2) 
PARAMETRIC_REPRESENTATION_CONTEXT() REPRESENTATION_CONTEXT('2D SPACE',''
  ) );
#3136 = PCURVE('',#1908,#3137);
#3137 = DEFINITIONAL_REPRESENTATION('',(#3138),#3142);
#3138 = LINE('',#3139,#3140);
#3139 = CARTESIAN_POINT('',(-0.,0.));
#3140 = VECTOR('',#3141,1.);
#3141 = DIRECTION('',(-1.,0.));
#3142 = ( GEOMETRIC_REPRESENTATION_CONTEXT(2) 
PARAMETRIC_REPRESENTATION_CONTEXT() REPRESENTATION_CONTEXT('2D SPACE',''
  ) );
#3143 = ORIENTED_EDGE('',*,*,#1743,.F.);
#3144 = ORIENTED_EDGE('',*,*,#3048,.T.);
#3145 = ADVANCED_FACE('',(#3146),#1908,.F.);
#3146 = FACE_BOUND('',#3147,.T.);
#3147 = EDGE_LOOP('',(#3148,#3149,#3181,#3203));
#3148 = ORIENTED_EDGE('',*,*,#3122,.T.);
#3149 = ORIENTED_EDGE('',*,*,#3150,.F.);
#3150 = EDGE_CURVE('',#3151,#3096,#3153,.T.);
#3151 = VERTEX_POINT('',#3152);
#3152 = CARTESIAN_POINT('',(28.307079104948,-11.0571864661,
    63.091405888884));
#3153 = SURFACE_CURVE('',#3154,(#3159,#3169),.PCURVE_S1.);
#3154 = HYPERBOLA('',#3155,25.005322988392,20.981957297029);
#3155 = AXIS2_PLACEMENT_3D('',#3156,#3157,#3158);
#3156 = CARTESIAN_POINT('',(19.016111285568,8.867358320788,
    99.308797567822));
#3157 = DIRECTION('',(0.906307787037,0.422618261741,0.));
#3158 = DIRECTION('',(0.,0.,-1.));
#3159 = PCURVE('',#1908,#3160);
#3160 = DEFINITIONAL_REPRESENTATION('',(#3161),#3168);
#3161 = B_SPLINE_CURVE_WITH_KNOTS('',5,(#3162,#3163,#3164,#3165,#3166,
    #3167),.UNSPECIFIED.,.F.,.F.,(6,6),(-0.929085588136,-0.762909652067)
  ,.PIECEWISE_BEZIER_KNOTS.);
#3162 = CARTESIAN_POINT('',(-5.900950874464,3.954500973152));
#3163 = CARTESIAN_POINT('',(-5.923659428456,3.066401492409));
#3164 = CARTESIAN_POINT('',(-5.947056824336,2.228831767345));
#3165 = CARTESIAN_POINT('',(-5.971146530337,1.439748246886));
#3166 = CARTESIAN_POINT('',(-5.995926288899,0.697339278879));
#3167 = CARTESIAN_POINT('',(-6.02138591938,1.749369987558E-15));
#3168 = ( GEOMETRIC_REPRESENTATION_CONTEXT(2) 
PARAMETRIC_REPRESENTATION_CONTEXT() REPRESENTATION_CONTEXT('2D SPACE',''
  ) );
#3169 = PCURVE('',#3170,#3175);
#3170 = PLANE('',#3171);
#3171 = AXIS2_PLACEMENT_3D('',#3172,#3173,#3174);
#3172 = CARTESIAN_POINT('',(26.456708382058,-7.089053645358,-1.));
#3173 = DIRECTION('',(0.906307787037,0.422618261741,0.));
#3174 = DIRECTION('',(0.422618261741,-0.906307787037,0.));
#3175 = DEFINITIONAL_REPRESENTATION('',(#3176),#3180);
#3176 = ( BOUNDED_CURVE() B_SPLINE_CURVE(2,(#3177,#3178,#3179),
.UNSPECIFIED.,.F.,.F.) B_SPLINE_CURVE_WITH_KNOTS((3,3),(-0.929085588136,
-0.762909652067),.PIECEWISE_BEZIER_KNOTS.) CURVE() 
GEOMETRIC_REPRESENTATION_ITEM() RATIONAL_B_SPLINE_CURVE((1.,1.0034537915
,1.)) REPRESENTATION_ITEM('') );
#3177 = CARTESIAN_POINT('',(4.816185147315,-63.71216569351));
#3178 = CARTESIAN_POINT('',(2.270556834366,-65.92731922091));
#3179 = CARTESIAN_POINT('',(-3.552713678801E-15,-67.66666666666));
#3180 = ( GEOMETRIC_REPRESENTATION_CONTEXT(2) 
PARAMETRIC_REPRESENTATION_CONTEXT() REPRESENTATION_CONTEXT('2D SPACE',''
  ) );
#3181 = ORIENTED_EDGE('',*,*,#3182,.F.);
#3182 = EDGE_CURVE('',#1868,#3151,#3183,.T.);
#3183 = SURFACE_CURVE('',#3184,(#3189,#3196),.PCURVE_S1.);
#3184 = CIRCLE('',#3185,30.39);
#3185 = AXIS2_PLACEMENT_3D('',#3186,#3187,#3188);
#3186 = CARTESIAN_POINT('',(0.,0.,63.091405888884));
#3187 = DIRECTION('',(0.,0.,1.));
#3188 = DIRECTION('',(0.,-1.,0.));
#3189 = PCURVE('',#1908,#3190);
#3190 = DEFINITIONAL_REPRESENTATION('',(#3191),#3195);
#3191 = LINE('',#3192,#3193);
#3192 = CARTESIAN_POINT('',(-4.712388980385,3.575260777783));
#3193 = VECTOR('',#3194,1.);
#3194 = DIRECTION('',(-1.,0.));
#3195 = ( GEOMETRIC_REPRESENTATION_CONTEXT(2) 
PARAMETRIC_REPRESENTATION_CONTEXT() REPRESENTATION_CONTEXT('2D SPACE',''
  ) );
#3196 = PCURVE('',#1882,#3197);
#3197 = DEFINITIONAL_REPRESENTATION('',(#3198),#3202);
#3198 = LINE('',#3199,#3200);
#3199 = CARTESIAN_POINT('',(4.712388980385,64.091405888884));
#3200 = VECTOR('',#3201,1.);
#3201 = DIRECTION('',(1.,0.));
#3202 = ( GEOMETRIC_REPRESENTATION_CONTEXT(2) 
PARAMETRIC_REPRESENTATION_CONTEXT() REPRESENTATION_CONTEXT('2D SPACE',''
  ) );
#3203 = ORIENTED_EDGE('',*,*,#1893,.F.);
#3204 = ADVANCED_FACE('',(#3205),#1882,.F.);
#3205 = FACE_BOUND('',#3206,.F.);
#3206 = EDGE_LOOP('',(#3207,#3208,#3232,#3251));
#3207 = ORIENTED_EDGE('',*,*,#1867,.F.);
#3208 = ORIENTED_EDGE('',*,*,#3209,.T.);
#3209 = EDGE_CURVE('',#1836,#3210,#3212,.T.);
#3210 = VERTEX_POINT('',#3211);
#3211 = CARTESIAN_POINT('',(28.307079104948,-11.0571864661,
    53.575260777783));
#3212 = SURFACE_CURVE('',#3213,(#3218,#3225),.PCURVE_S1.);
#3213 = CIRCLE('',#3214,30.39);
#3214 = AXIS2_PLACEMENT_3D('',#3215,#3216,#3217);
#3215 = CARTESIAN_POINT('',(0.,0.,53.575260777783));
#3216 = DIRECTION('',(0.,0.,1.));
#3217 = DIRECTION('',(0.,-1.,0.));
#3218 = PCURVE('',#1882,#3219);
#3219 = DEFINITIONAL_REPRESENTATION('',(#3220),#3224);
#3220 = LINE('',#3221,#3222);
#3221 = CARTESIAN_POINT('',(4.712388980385,54.575260777783));
#3222 = VECTOR('',#3223,1.);
#3223 = DIRECTION('',(1.,0.));
#3224 = ( GEOMETRIC_REPRESENTATION_CONTEXT(2) 
PARAMETRIC_REPRESENTATION_CONTEXT() REPRESENTATION_CONTEXT('2D SPACE',''
  ) );
#3225 = PCURVE('',#1852,#3226);
#3226 = DEFINITIONAL_REPRESENTATION('',(#3227),#3231);
#3227 = LINE('',#3228,#3229);
#3228 = CARTESIAN_POINT('',(4.712388980385,-1.191753592594));
#3229 = VECTOR('',#3230,1.);
#3230 = DIRECTION('',(1.,-0.));
#3231 = ( GEOMETRIC_REPRESENTATION_CONTEXT(2) 
PARAMETRIC_REPRESENTATION_CONTEXT() REPRESENTATION_CONTEXT('2D SPACE',''
  ) );
#3232 = ORIENTED_EDGE('',*,*,#3233,.T.);
#3233 = EDGE_CURVE('',#3210,#3151,#3234,.T.);
#3234 = SURFACE_CURVE('',#3235,(#3239,#3245),.PCURVE_S1.);
#3235 = LINE('',#3236,#3237);
#3236 = CARTESIAN_POINT('',(28.307079104948,-11.0571864661,-1.));
#3237 = VECTOR('',#3238,1.);
#3238 = DIRECTION('',(0.,0.,1.));
#3239 = PCURVE('',#1882,#3240);
#3240 = DEFINITIONAL_REPRESENTATION('',(#3241),#3244);
#3241 = B_SPLINE_CURVE_WITH_KNOTS('',1,(#3242,#3243),.UNSPECIFIED.,.F.,
  .F.,(2,2),(-5.999999999062E-07,102.0000006),.PIECEWISE_BEZIER_KNOTS.);
#3242 = CARTESIAN_POINT('',(5.910795022916,-5.999999999062E-07));
#3243 = CARTESIAN_POINT('',(5.910795022916,102.0000006));
#3244 = ( GEOMETRIC_REPRESENTATION_CONTEXT(2) 
PARAMETRIC_REPRESENTATION_CONTEXT() REPRESENTATION_CONTEXT('2D SPACE',''
  ) );
#3245 = PCURVE('',#3170,#3246);
#3246 = DEFINITIONAL_REPRESENTATION('',(#3247),#3250);
#3247 = B_SPLINE_CURVE_WITH_KNOTS('',1,(#3248,#3249),.UNSPECIFIED.,.F.,
  .F.,(2,2),(-5.999999999062E-07,102.0000006),.PIECEWISE_BEZIER_KNOTS.);
#3248 = CARTESIAN_POINT('',(4.378350133922,5.999999999062E-07));
#3249 = CARTESIAN_POINT('',(4.378350133922,-102.0000006));
#3250 = ( GEOMETRIC_REPRESENTATION_CONTEXT(2) 
PARAMETRIC_REPRESENTATION_CONTEXT() REPRESENTATION_CONTEXT('2D SPACE',''
  ) );
#3251 = ORIENTED_EDGE('',*,*,#3182,.F.);
#3252 = ADVANCED_FACE('',(#3253),#1852,.F.);
#3253 = FACE_BOUND('',#3254,.T.);
#3254 = EDGE_LOOP('',(#3255,#3282,#3304,#3305));
#3255 = ORIENTED_EDGE('',*,*,#3256,.F.);
#3256 = EDGE_CURVE('',#3257,#3210,#3259,.T.);
#3257 = VERTEX_POINT('',#3258);
#3258 = CARTESIAN_POINT('',(26.456708382058,-7.089053645358,50.));
#3259 = SURFACE_CURVE('',#3260,(#3265,#3275),.PCURVE_S1.);
#3260 = HYPERBOLA('',#3261,25.005322988392,20.981957297029);
#3261 = AXIS2_PLACEMENT_3D('',#3262,#3263,#3264);
#3262 = CARTESIAN_POINT('',(19.016111285568,8.867358320788,
    17.357869098845));
#3263 = DIRECTION('',(0.906307787037,0.422618261741,0.));
#3264 = DIRECTION('',(0.,-0.,1.));
#3265 = PCURVE('',#1852,#3266);
#3266 = DEFINITIONAL_REPRESENTATION('',(#3267),#3274);
#3267 = B_SPLINE_CURVE_WITH_KNOTS('',5,(#3268,#3269,#3270,#3271,#3272,
    #3273),.UNSPECIFIED.,.F.,.F.,(6,6),(0.762909652067,0.929085588136),
  .PIECEWISE_BEZIER_KNOTS.);
#3268 = CARTESIAN_POINT('',(6.02138591938,-4.767014370377));
#3269 = CARTESIAN_POINT('',(5.995926288899,-4.069675091498));
#3270 = CARTESIAN_POINT('',(5.971146530337,-3.327266123491));
#3271 = CARTESIAN_POINT('',(5.947056824336,-2.538182603032));
#3272 = CARTESIAN_POINT('',(5.923659428456,-1.700612877967));
#3273 = CARTESIAN_POINT('',(5.900950874464,-0.812513397225));
#3274 = ( GEOMETRIC_REPRESENTATION_CONTEXT(2) 
PARAMETRIC_REPRESENTATION_CONTEXT() REPRESENTATION_CONTEXT('2D SPACE',''
  ) );
#3275 = PCURVE('',#3170,#3276);
#3276 = DEFINITIONAL_REPRESENTATION('',(#3277),#3281);
#3277 = ( BOUNDED_CURVE() B_SPLINE_CURVE(2,(#3278,#3279,#3280),
.UNSPECIFIED.,.F.,.F.) B_SPLINE_CURVE_WITH_KNOTS((3,3),(0.762909652067,
0.929085588136),.PIECEWISE_BEZIER_KNOTS.) CURVE() 
GEOMETRIC_REPRESENTATION_ITEM() RATIONAL_B_SPLINE_CURVE((1.,1.0034537915
,1.)) REPRESENTATION_ITEM('') );
#3278 = CARTESIAN_POINT('',(-3.552713678801E-15,-51.));
#3279 = CARTESIAN_POINT('',(2.270556834366,-52.73934744575));
#3280 = CARTESIAN_POINT('',(4.816185147315,-54.95450097315));
#3281 = ( GEOMETRIC_REPRESENTATION_CONTEXT(2) 
PARAMETRIC_REPRESENTATION_CONTEXT() REPRESENTATION_CONTEXT('2D SPACE',''
  ) );
#3282 = ORIENTED_EDGE('',*,*,#3283,.F.);
#3283 = EDGE_CURVE('',#503,#3257,#3284,.T.);
#3284 = SURFACE_CURVE('',#3285,(#3290,#3297),.PCURVE_S1.);
#3285 = CIRCLE('',#3286,27.39);
#3286 = AXIS2_PLACEMENT_3D('',#3287,#3288,#3289);
#3287 = CARTESIAN_POINT('',(0.,0.,50.));
#3288 = DIRECTION('',(0.,0.,1.));
#3289 = DIRECTION('',(1.,0.,-0.));
#3290 = PCURVE('',#1852,#3291);
#3291 = DEFINITIONAL_REPRESENTATION('',(#3292),#3296);
#3292 = LINE('',#3293,#3294);
#3293 = CARTESIAN_POINT('',(0.,-4.767014370377));
#3294 = VECTOR('',#3295,1.);
#3295 = DIRECTION('',(1.,-0.));
#3296 = ( GEOMETRIC_REPRESENTATION_CONTEXT(2) 
PARAMETRIC_REPRESENTATION_CONTEXT() REPRESENTATION_CONTEXT('2D SPACE',''
  ) );
#3297 = PCURVE('',#2000,#3298);
#3298 = DEFINITIONAL_REPRESENTATION('',(#3299),#3303);
#3299 = LINE('',#3300,#3301);
#3300 = CARTESIAN_POINT('',(-0.,0.));
#3301 = VECTOR('',#3302,1.);
#3302 = DIRECTION('',(-1.,0.));
#3303 = ( GEOMETRIC_REPRESENTATION_CONTEXT(2) 
PARAMETRIC_REPRESENTATION_CONTEXT() REPRESENTATION_CONTEXT('2D SPACE',''
  ) );
#3304 = ORIENTED_EDGE('',*,*,#1835,.F.);
#3305 = ORIENTED_EDGE('',*,*,#3209,.T.);
#3306 = ADVANCED_FACE('',(#3307),#2000,.F.);
#3307 = FACE_BOUND('',#3308,.T.);
#3308 = EDGE_LOOP('',(#3309,#3310,#3342,#3364));
#3309 = ORIENTED_EDGE('',*,*,#3283,.T.);
#3310 = ORIENTED_EDGE('',*,*,#3311,.F.);
#3311 = EDGE_CURVE('',#3312,#3257,#3314,.T.);
#3312 = VERTEX_POINT('',#3313);
#3313 = CARTESIAN_POINT('',(28.307079104948,-11.0571864661,
    46.424739222217));
#3314 = SURFACE_CURVE('',#3315,(#3320,#3330),.PCURVE_S1.);
#3315 = HYPERBOLA('',#3316,25.005322988392,20.981957297029);
#3316 = AXIS2_PLACEMENT_3D('',#3317,#3318,#3319);
#3317 = CARTESIAN_POINT('',(19.016111285568,8.867358320788,
    82.642130901155));
#3318 = DIRECTION('',(0.906307787037,0.422618261741,0.));
#3319 = DIRECTION('',(0.,0.,-1.));
#3320 = PCURVE('',#2000,#3321);
#3321 = DEFINITIONAL_REPRESENTATION('',(#3322),#3329);
#3322 = B_SPLINE_CURVE_WITH_KNOTS('',5,(#3323,#3324,#3325,#3326,#3327,
    #3328),.UNSPECIFIED.,.F.,.F.,(6,6),(-0.929085588136,-0.762909652067)
  ,.PIECEWISE_BEZIER_KNOTS.);
#3323 = CARTESIAN_POINT('',(-5.900950874464,3.954500973152));
#3324 = CARTESIAN_POINT('',(-5.923659428456,3.066401492409));
#3325 = CARTESIAN_POINT('',(-5.947056824336,2.228831767345));
#3326 = CARTESIAN_POINT('',(-5.971146530337,1.439748246886));
#3327 = CARTESIAN_POINT('',(-5.995926288899,0.697339278879));
#3328 = CARTESIAN_POINT('',(-6.02138591938,1.749369987558E-15));
#3329 = ( GEOMETRIC_REPRESENTATION_CONTEXT(2) 
PARAMETRIC_REPRESENTATION_CONTEXT() REPRESENTATION_CONTEXT('2D SPACE',''
  ) );
#3330 = PCURVE('',#3331,#3336);
#3331 = PLANE('',#3332);
#3332 = AXIS2_PLACEMENT_3D('',#3333,#3334,#3335);
#3333 = CARTESIAN_POINT('',(26.456708382058,-7.089053645358,-1.));
#3334 = DIRECTION('',(0.906307787037,0.422618261741,0.));
#3335 = DIRECTION('',(0.422618261741,-0.906307787037,0.));
#3336 = DEFINITIONAL_REPRESENTATION('',(#3337),#3341);
#3337 = ( BOUNDED_CURVE() B_SPLINE_CURVE(2,(#3338,#3339,#3340),
.UNSPECIFIED.,.F.,.F.) B_SPLINE_CURVE_WITH_KNOTS((3,3),(-0.929085588136,
-0.762909652067),.PIECEWISE_BEZIER_KNOTS.) CURVE() 
GEOMETRIC_REPRESENTATION_ITEM() RATIONAL_B_SPLINE_CURVE((1.,1.0034537915
,1.)) REPRESENTATION_ITEM('') );
#3338 = CARTESIAN_POINT('',(4.816185147315,-47.04549902684));
#3339 = CARTESIAN_POINT('',(2.270556834366,-49.26065255424));
#3340 = CARTESIAN_POINT('',(-3.552713678801E-15,-51.));
#3341 = ( GEOMETRIC_REPRESENTATION_CONTEXT(2) 
PARAMETRIC_REPRESENTATION_CONTEXT() REPRESENTATION_CONTEXT('2D SPACE',''
  ) );
#3342 = ORIENTED_EDGE('',*,*,#3343,.F.);
#3343 = EDGE_CURVE('',#1960,#3312,#3344,.T.);
#3344 = SURFACE_CURVE('',#3345,(#3350,#3357),.PCURVE_S1.);
#3345 = CIRCLE('',#3346,30.39);
#3346 = AXIS2_PLACEMENT_3D('',#3347,#3348,#3349);
#3347 = CARTESIAN_POINT('',(0.,0.,46.424739222217));
#3348 = DIRECTION('',(0.,0.,1.));
#3349 = DIRECTION('',(0.,-1.,0.));
#3350 = PCURVE('',#2000,#3351);
#3351 = DEFINITIONAL_REPRESENTATION('',(#3352),#3356);
#3352 = LINE('',#3353,#3354);
#3353 = CARTESIAN_POINT('',(-4.712388980385,3.575260777783));
#3354 = VECTOR('',#3355,1.);
#3355 = DIRECTION('',(-1.,0.));
#3356 = ( GEOMETRIC_REPRESENTATION_CONTEXT(2) 
PARAMETRIC_REPRESENTATION_CONTEXT() REPRESENTATION_CONTEXT('2D SPACE',''
  ) );
#3357 = PCURVE('',#1974,#3358);
#3358 = DEFINITIONAL_REPRESENTATION('',(#3359),#3363);
#3359 = LINE('',#3360,#3361);
#3360 = CARTESIAN_POINT('',(4.712388980385,47.424739222217));
#3361 = VECTOR('',#3362,1.);
#3362 = DIRECTION('',(1.,0.));
#3363 = ( GEOMETRIC_REPRESENTATION_CONTEXT(2) 
PARAMETRIC_REPRESENTATION_CONTEXT() REPRESENTATION_CONTEXT('2D SPACE',''
  ) );
#3364 = ORIENTED_EDGE('',*,*,#1985,.F.);
#3365 = ADVANCED_FACE('',(#3366),#1974,.F.);
#3366 = FACE_BOUND('',#3367,.F.);
#3367 = EDGE_LOOP('',(#3368,#3369,#3393,#3412));
#3368 = ORIENTED_EDGE('',*,*,#1959,.F.);
#3369 = ORIENTED_EDGE('',*,*,#3370,.T.);
#3370 = EDGE_CURVE('',#1928,#3371,#3373,.T.);
#3371 = VERTEX_POINT('',#3372);
#3372 = CARTESIAN_POINT('',(28.307079104948,-11.0571864661,
    36.908594111116));
#3373 = SURFACE_CURVE('',#3374,(#3379,#3386),.PCURVE_S1.);
#3374 = CIRCLE('',#3375,30.39);
#3375 = AXIS2_PLACEMENT_3D('',#3376,#3377,#3378);
#3376 = CARTESIAN_POINT('',(0.,0.,36.908594111116));
#3377 = DIRECTION('',(0.,0.,1.));
#3378 = DIRECTION('',(0.,-1.,0.));
#3379 = PCURVE('',#1974,#3380);
#3380 = DEFINITIONAL_REPRESENTATION('',(#3381),#3385);
#3381 = LINE('',#3382,#3383);
#3382 = CARTESIAN_POINT('',(4.712388980385,37.908594111116));
#3383 = VECTOR('',#3384,1.);
#3384 = DIRECTION('',(1.,0.));
#3385 = ( GEOMETRIC_REPRESENTATION_CONTEXT(2) 
PARAMETRIC_REPRESENTATION_CONTEXT() REPRESENTATION_CONTEXT('2D SPACE',''
  ) );
#3386 = PCURVE('',#1944,#3387);
#3387 = DEFINITIONAL_REPRESENTATION('',(#3388),#3392);
#3388 = LINE('',#3389,#3390);
#3389 = CARTESIAN_POINT('',(4.712388980385,-1.191753592594));
#3390 = VECTOR('',#3391,1.);
#3391 = DIRECTION('',(1.,-0.));
#3392 = ( GEOMETRIC_REPRESENTATION_CONTEXT(2) 
PARAMETRIC_REPRESENTATION_CONTEXT() REPRESENTATION_CONTEXT('2D SPACE',''
  ) );
#3393 = ORIENTED_EDGE('',*,*,#3394,.T.);
#3394 = EDGE_CURVE('',#3371,#3312,#3395,.T.);
#3395 = SURFACE_CURVE('',#3396,(#3400,#3406),.PCURVE_S1.);
#3396 = LINE('',#3397,#3398);
#3397 = CARTESIAN_POINT('',(28.307079104948,-11.0571864661,-1.));
#3398 = VECTOR('',#3399,1.);
#3399 = DIRECTION('',(0.,0.,1.));
#3400 = PCURVE('',#1974,#3401);
#3401 = DEFINITIONAL_REPRESENTATION('',(#3402),#3405);
#3402 = B_SPLINE_CURVE_WITH_KNOTS('',1,(#3403,#3404),.UNSPECIFIED.,.F.,
  .F.,(2,2),(-5.999999999062E-07,102.0000006),.PIECEWISE_BEZIER_KNOTS.);
#3403 = CARTESIAN_POINT('',(5.910795022916,-5.999999999062E-07));
#3404 = CARTESIAN_POINT('',(5.910795022916,102.0000006));
#3405 = ( GEOMETRIC_REPRESENTATION_CONTEXT(2) 
PARAMETRIC_REPRESENTATION_CONTEXT() REPRESENTATION_CONTEXT('2D SPACE',''
  ) );
#3406 = PCURVE('',#3331,#3407);
#3407 = DEFINITIONAL_REPRESENTATION('',(#3408),#3411);
#3408 = B_SPLINE_CURVE_WITH_KNOTS('',1,(#3409,#3410),.UNSPECIFIED.,.F.,
  .F.,(2,2),(-5.999999999062E-07,102.0000006),.PIECEWISE_BEZIER_KNOTS.);
#3409 = CARTESIAN_POINT('',(4.378350133922,5.999999999062E-07));
#3410 = CARTESIAN_POINT('',(4.378350133922,-102.0000006));
#3411 = ( GEOMETRIC_REPRESENTATION_CONTEXT(2) 
PARAMETRIC_REPRESENTATION_CONTEXT() REPRESENTATION_CONTEXT('2D SPACE',''
  ) );
#3412 = ORIENTED_EDGE('',*,*,#3343,.F.);
#3413 = ADVANCED_FACE('',(#3414),#1944,.F.);
#3414 = FACE_BOUND('',#3415,.T.);
#3415 = EDGE_LOOP('',(#3416,#3443,#3465,#3466));
#3416 = ORIENTED_EDGE('',*,*,#3417,.F.);
#3417 = EDGE_CURVE('',#3418,#3371,#3420,.T.);
#3418 = VERTEX_POINT('',#3419);
#3419 = CARTESIAN_POINT('',(26.456708382058,-7.089053645358,
    33.333333333333));
#3420 = SURFACE_CURVE('',#3421,(#3426,#3436),.PCURVE_S1.);
#3421 = HYPERBOLA('',#3422,25.005322988392,20.981957297029);
#3422 = AXIS2_PLACEMENT_3D('',#3423,#3424,#3425);
#3423 = CARTESIAN_POINT('',(19.016111285568,8.867358320788,
    0.691202432178));
#3424 = DIRECTION('',(0.906307787037,0.422618261741,0.));
#3425 = DIRECTION('',(0.,-0.,1.));
#3426 = PCURVE('',#1944,#3427);
#3427 = DEFINITIONAL_REPRESENTATION('',(#3428),#3435);
#3428 = B_SPLINE_CURVE_WITH_KNOTS('',5,(#3429,#3430,#3431,#3432,#3433,
    #3434),.UNSPECIFIED.,.F.,.F.,(6,6),(0.762909652067,0.929085588136),
  .PIECEWISE_BEZIER_KNOTS.);
#3429 = CARTESIAN_POINT('',(6.02138591938,-4.767014370377));
#3430 = CARTESIAN_POINT('',(5.995926288899,-4.069675091498));
#3431 = CARTESIAN_POINT('',(5.971146530337,-3.327266123491));
#3432 = CARTESIAN_POINT('',(5.947056824336,-2.538182603032));
#3433 = CARTESIAN_POINT('',(5.923659428456,-1.700612877967));
#3434 = CARTESIAN_POINT('',(5.900950874464,-0.812513397225));
#3435 = ( GEOMETRIC_REPRESENTATION_CONTEXT(2) 
PARAMETRIC_REPRESENTATION_CONTEXT() REPRESENTATION_CONTEXT('2D SPACE',''
  ) );
#3436 = PCURVE('',#3331,#3437);
#3437 = DEFINITIONAL_REPRESENTATION('',(#3438),#3442);
#3438 = ( BOUNDED_CURVE() B_SPLINE_CURVE(2,(#3439,#3440,#3441),
.UNSPECIFIED.,.F.,.F.) B_SPLINE_CURVE_WITH_KNOTS((3,3),(0.762909652067,
0.929085588136),.PIECEWISE_BEZIER_KNOTS.) CURVE() 
GEOMETRIC_REPRESENTATION_ITEM() RATIONAL_B_SPLINE_CURVE((1.,1.0034537915
,1.)) REPRESENTATION_ITEM('') );
#3439 = CARTESIAN_POINT('',(-3.552713678801E-15,-34.33333333333));
#3440 = CARTESIAN_POINT('',(2.270556834366,-36.07268077908));
#3441 = CARTESIAN_POINT('',(4.816185147315,-38.28783430648));
#3442 = ( GEOMETRIC_REPRESENTATION_CONTEXT(2) 
PARAMETRIC_REPRESENTATION_CONTEXT() REPRESENTATION_CONTEXT('2D SPACE',''
  ) );
#3443 = ORIENTED_EDGE('',*,*,#3444,.F.);
#3444 = EDGE_CURVE('',#475,#3418,#3445,.T.);
#3445 = SURFACE_CURVE('',#3446,(#3451,#3458),.PCURVE_S1.);
#3446 = CIRCLE('',#3447,27.39);
#3447 = AXIS2_PLACEMENT_3D('',#3448,#3449,#3450);
#3448 = CARTESIAN_POINT('',(0.,0.,33.333333333333));
#3449 = DIRECTION('',(0.,0.,1.));
#3450 = DIRECTION('',(1.,0.,-0.));
#3451 = PCURVE('',#1944,#3452);
#3452 = DEFINITIONAL_REPRESENTATION('',(#3453),#3457);
#3453 = LINE('',#3454,#3455);
#3454 = CARTESIAN_POINT('',(0.,-4.767014370377));
#3455 = VECTOR('',#3456,1.);
#3456 = DIRECTION('',(1.,-0.));
#3457 = ( GEOMETRIC_REPRESENTATION_CONTEXT(2) 
PARAMETRIC_REPRESENTATION_CONTEXT() REPRESENTATION_CONTEXT('2D SPACE',''
  ) );
#3458 = PCURVE('',#2092,#3459);
#3459 = DEFINITIONAL_REPRESENTATION('',(#3460),#3464);
#3460 = LINE('',#3461,#3462);
#3461 = CARTESIAN_POINT('',(-0.,0.));
#3462 = VECTOR('',#3463,1.);
#3463 = DIRECTION('',(-1.,0.));
#3464 = ( GEOMETRIC_REPRESENTATION_CONTEXT(2) 
PARAMETRIC_REPRESENTATION_CONTEXT() REPRESENTATION_CONTEXT('2D SPACE',''
  ) );
#3465 = ORIENTED_EDGE('',*,*,#1927,.F.);
#3466 = ORIENTED_EDGE('',*,*,#3370,.T.);
#3467 = ADVANCED_FACE('',(#3468),#2092,.F.);
#3468 = FACE_BOUND('',#3469,.T.);
#3469 = EDGE_LOOP('',(#3470,#3471,#3503,#3525));
#3470 = ORIENTED_EDGE('',*,*,#3444,.T.);
#3471 = ORIENTED_EDGE('',*,*,#3472,.F.);
#3472 = EDGE_CURVE('',#3473,#3418,#3475,.T.);
#3473 = VERTEX_POINT('',#3474);
#3474 = CARTESIAN_POINT('',(28.307079104948,-11.0571864661,
    29.758072555551));
#3475 = SURFACE_CURVE('',#3476,(#3481,#3491),.PCURVE_S1.);
#3476 = HYPERBOLA('',#3477,25.005322988392,20.981957297029);
#3477 = AXIS2_PLACEMENT_3D('',#3478,#3479,#3480);
#3478 = CARTESIAN_POINT('',(19.016111285568,8.867358320788,
    65.975464234489));
#3479 = DIRECTION('',(0.906307787037,0.422618261741,0.));
#3480 = DIRECTION('',(0.,0.,-1.));
#3481 = PCURVE('',#2092,#3482);
#3482 = DEFINITIONAL_REPRESENTATION('',(#3483),#3490);
#3483 = B_SPLINE_CURVE_WITH_KNOTS('',5,(#3484,#3485,#3486,#3487,#3488,
    #3489),.UNSPECIFIED.,.F.,.F.,(6,6),(-0.929085588136,-0.762909652067)
  ,.PIECEWISE_BEZIER_KNOTS.);
#3484 = CARTESIAN_POINT('',(-5.900950874464,3.954500973152));
#3485 = CARTESIAN_POINT('',(-5.923659428456,3.066401492409));
#3486 = CARTESIAN_POINT('',(-5.947056824336,2.228831767345));
#3487 = CARTESIAN_POINT('',(-5.971146530337,1.439748246886));
#3488 = CARTESIAN_POINT('',(-5.995926288899,0.697339278879));
#3489 = CARTESIAN_POINT('',(-6.02138591938,-2.420265947339E-15));
#3490 = ( GEOMETRIC_REPRESENTATION_CONTEXT(2) 
PARAMETRIC_REPRESENTATION_CONTEXT() REPRESENTATION_CONTEXT('2D SPACE',''
  ) );
#3491 = PCURVE('',#3492,#3497);
#3492 = PLANE('',#3493);
#3493 = AXIS2_PLACEMENT_3D('',#3494,#3495,#3496);
#3494 = CARTESIAN_POINT('',(26.456708382058,-7.089053645358,-1.));
#3495 = DIRECTION('',(0.906307787037,0.422618261741,0.));
#3496 = DIRECTION('',(0.422618261741,-0.906307787037,0.));
#3497 = DEFINITIONAL_REPRESENTATION('',(#3498),#3502);
#3498 = ( BOUNDED_CURVE() B_SPLINE_CURVE(2,(#3499,#3500,#3501),
.UNSPECIFIED.,.F.,.F.) B_SPLINE_CURVE_WITH_KNOTS((3,3),(-0.929085588136,
-0.762909652067),.PIECEWISE_BEZIER_KNOTS.) CURVE() 
GEOMETRIC_REPRESENTATION_ITEM() RATIONAL_B_SPLINE_CURVE((1.,1.0034537915
,1.)) REPRESENTATION_ITEM('') );
#3499 = CARTESIAN_POINT('',(4.816185147315,-30.37883236018));
#3500 = CARTESIAN_POINT('',(2.270556834366,-32.59398588758));
#3501 = CARTESIAN_POINT('',(-3.552713678801E-15,-34.33333333333));
#3502 = ( GEOMETRIC_REPRESENTATION_CONTEXT(2) 
PARAMETRIC_REPRESENTATION_CONTEXT() REPRESENTATION_CONTEXT('2D SPACE',''
  ) );
#3503 = ORIENTED_EDGE('',*,*,#3504,.F.);
#3504 = EDGE_CURVE('',#2052,#3473,#3505,.T.);
#3505 = SURFACE_CURVE('',#3506,(#3511,#3518),.PCURVE_S1.);
#3506 = CIRCLE('',#3507,30.39);
#3507 = AXIS2_PLACEMENT_3D('',#3508,#3509,#3510);
#3508 = CARTESIAN_POINT('',(0.,0.,29.758072555551));
#3509 = DIRECTION('',(0.,0.,1.));
#3510 = DIRECTION('',(0.,-1.,0.));
#3511 = PCURVE('',#2092,#3512);
#3512 = DEFINITIONAL_REPRESENTATION('',(#3513),#3517);
#3513 = LINE('',#3514,#3515);
#3514 = CARTESIAN_POINT('',(-4.712388980385,3.575260777783));
#3515 = VECTOR('',#3516,1.);
#3516 = DIRECTION('',(-1.,0.));
#3517 = ( GEOMETRIC_REPRESENTATION_CONTEXT(2) 
PARAMETRIC_REPRESENTATION_CONTEXT() REPRESENTATION_CONTEXT('2D SPACE',''
  ) );
#3518 = PCURVE('',#2066,#3519);
#3519 = DEFINITIONAL_REPRESENTATION('',(#3520),#3524);
#3520 = LINE('',#3521,#3522);
#3521 = CARTESIAN_POINT('',(4.712388980385,30.758072555551));
#3522 = VECTOR('',#3523,1.);
#3523 = DIRECTION('',(1.,0.));
#3524 = ( GEOMETRIC_REPRESENTATION_CONTEXT(2) 
PARAMETRIC_REPRESENTATION_CONTEXT() REPRESENTATION_CONTEXT('2D SPACE',''
  ) );
#3525 = ORIENTED_EDGE('',*,*,#2077,.F.);
#3526 = ADVANCED_FACE('',(#3527),#2066,.F.);
#3527 = FACE_BOUND('',#3528,.F.);
#3528 = EDGE_LOOP('',(#3529,#3530,#3554,#3573));
#3529 = ORIENTED_EDGE('',*,*,#2051,.F.);
#3530 = ORIENTED_EDGE('',*,*,#3531,.T.);
#3531 = EDGE_CURVE('',#2020,#3532,#3534,.T.);
#3532 = VERTEX_POINT('',#3533);
#3533 = CARTESIAN_POINT('',(28.307079104948,-11.0571864661,
    20.241927444449));
#3534 = SURFACE_CURVE('',#3535,(#3540,#3547),.PCURVE_S1.);
#3535 = CIRCLE('',#3536,30.39);
#3536 = AXIS2_PLACEMENT_3D('',#3537,#3538,#3539);
#3537 = CARTESIAN_POINT('',(0.,0.,20.241927444449));
#3538 = DIRECTION('',(0.,0.,1.));
#3539 = DIRECTION('',(0.,-1.,0.));
#3540 = PCURVE('',#2066,#3541);
#3541 = DEFINITIONAL_REPRESENTATION('',(#3542),#3546);
#3542 = LINE('',#3543,#3544);
#3543 = CARTESIAN_POINT('',(4.712388980385,21.241927444449));
#3544 = VECTOR('',#3545,1.);
#3545 = DIRECTION('',(1.,0.));
#3546 = ( GEOMETRIC_REPRESENTATION_CONTEXT(2) 
PARAMETRIC_REPRESENTATION_CONTEXT() REPRESENTATION_CONTEXT('2D SPACE',''
  ) );
#3547 = PCURVE('',#2036,#3548);
#3548 = DEFINITIONAL_REPRESENTATION('',(#3549),#3553);
#3549 = LINE('',#3550,#3551);
#3550 = CARTESIAN_POINT('',(4.712388980385,-1.191753592594));
#3551 = VECTOR('',#3552,1.);
#3552 = DIRECTION('',(1.,-0.));
#3553 = ( GEOMETRIC_REPRESENTATION_CONTEXT(2) 
PARAMETRIC_REPRESENTATION_CONTEXT() REPRESENTATION_CONTEXT('2D SPACE',''
  ) );
#3554 = ORIENTED_EDGE('',*,*,#3555,.T.);
#3555 = EDGE_CURVE('',#3532,#3473,#3556,.T.);
#3556 = SURFACE_CURVE('',#3557,(#3561,#3567),.PCURVE_S1.);
#3557 = LINE('',#3558,#3559);
#3558 = CARTESIAN_POINT('',(28.307079104948,-11.0571864661,-1.));
#3559 = VECTOR('',#3560,1.);
#3560 = DIRECTION('',(0.,0.,1.));
#3561 = PCURVE('',#2066,#3562);
#3562 = DEFINITIONAL_REPRESENTATION('',(#3563),#3566);
#3563 = B_SPLINE_CURVE_WITH_KNOTS('',1,(#3564,#3565),.UNSPECIFIED.,.F.,
  .F.,(2,2),(-5.999999999062E-07,102.0000006),.PIECEWISE_BEZIER_KNOTS.);
#3564 = CARTESIAN_POINT('',(5.910795022916,-5.999999999062E-07));
#3565 = CARTESIAN_POINT('',(5.910795022916,102.0000006));
#3566 = ( GEOMETRIC_REPRESENTATION_CONTEXT(2) 
PARAMETRIC_REPRESENTATION_CONTEXT() REPRESENTATION_CONTEXT('2D SPACE',''
  ) );
#3567 = PCURVE('',#3492,#3568);
#3568 = DEFINITIONAL_REPRESENTATION('',(#3569),#3572);
#3569 = B_SPLINE_CURVE_WITH_KNOTS('',1,(#3570,#3571),.UNSPECIFIED.,.F.,
  .F.,(2,2),(-5.999999999062E-07,102.0000006),.PIECEWISE_BEZIER_KNOTS.);
#3570 = CARTESIAN_POINT('',(4.378350133922,5.999999999062E-07));
#3571 = CARTESIAN_POINT('',(4.378350133922,-102.0000006));
#3572 = ( GEOMETRIC_REPRESENTATION_CONTEXT(2) 
PARAMETRIC_REPRESENTATION_CONTEXT() REPRESENTATION_CONTEXT('2D SPACE',''
  ) );
#3573 = ORIENTED_EDGE('',*,*,#3504,.F.);
#3574 = ADVANCED_FACE('',(#3575),#2036,.F.);
#3575 = FACE_BOUND('',#3576,.T.);
#3576 = EDGE_LOOP('',(#3577,#3602,#3603,#3604));
#3577 = ORIENTED_EDGE('',*,*,#3578,.F.);
#3578 = EDGE_CURVE('',#770,#3532,#3579,.T.);
#3579 = SURFACE_CURVE('',#3580,(#3585,#3595),.PCURVE_S1.);
#3580 = HYPERBOLA('',#3581,25.005322988392,20.981957297029);
#3581 = AXIS2_PLACEMENT_3D('',#3582,#3583,#3584);
#3582 = CARTESIAN_POINT('',(19.016111285568,8.867358320788,
    -15.97546423448));
#3583 = DIRECTION('',(0.906307787037,0.422618261741,0.));
#3584 = DIRECTION('',(0.,-0.,1.));
#3585 = PCURVE('',#2036,#3586);
#3586 = DEFINITIONAL_REPRESENTATION('',(#3587),#3594);
#3587 = B_SPLINE_CURVE_WITH_KNOTS('',5,(#3588,#3589,#3590,#3591,#3592,
    #3593),.UNSPECIFIED.,.F.,.F.,(6,6),(0.762909652067,0.929085588136),
  .PIECEWISE_BEZIER_KNOTS.);
#3588 = CARTESIAN_POINT('',(6.02138591938,-4.767014370377));
#3589 = CARTESIAN_POINT('',(5.995926288899,-4.069675091498));
#3590 = CARTESIAN_POINT('',(5.971146530337,-3.327266123491));
#3591 = CARTESIAN_POINT('',(5.947056824336,-2.538182603032));
#3592 = CARTESIAN_POINT('',(5.923659428456,-1.700612877967));
#3593 = CARTESIAN_POINT('',(5.900950874464,-0.812513397225));
#3594 = ( GEOMETRIC_REPRESENTATION_CONTEXT(2) 
PARAMETRIC_REPRESENTATION_CONTEXT() REPRESENTATION_CONTEXT('2D SPACE',''
  ) );
#3595 = PCURVE('',#3492,#3596);
#3596 = DEFINITIONAL_REPRESENTATION('',(#3597),#3601);
#3597 = ( BOUNDED_CURVE() B_SPLINE_CURVE(2,(#3598,#3599,#3600),
.UNSPECIFIED.,.F.,.F.) B_SPLINE_CURVE_WITH_KNOTS((3,3),(0.762909652067,
0.929085588136),.PIECEWISE_BEZIER_KNOTS.) CURVE() 
GEOMETRIC_REPRESENTATION_ITEM() RATIONAL_B_SPLINE_CURVE((1.,1.0034537915
,1.)) REPRESENTATION_ITEM('') );
#3598 = CARTESIAN_POINT('',(-3.552713678801E-15,-17.66666666666));
#3599 = CARTESIAN_POINT('',(2.270556834366,-19.40601411241));
#3600 = CARTESIAN_POINT('',(4.816185147315,-21.62116763981));
#3601 = ( GEOMETRIC_REPRESENTATION_CONTEXT(2) 
PARAMETRIC_REPRESENTATION_CONTEXT() REPRESENTATION_CONTEXT('2D SPACE',''
  ) );
#3602 = ORIENTED_EDGE('',*,*,#2110,.F.);
#3603 = ORIENTED_EDGE('',*,*,#2019,.F.);
#3604 = ORIENTED_EDGE('',*,*,#3531,.T.);
#3605 = ADVANCED_FACE('',(#3606),#2155,.F.);
#3606 = FACE_BOUND('',#3607,.T.);
#3607 = EDGE_LOOP('',(#3608,#3609,#3641,#3670));
#3608 = ORIENTED_EDGE('',*,*,#2140,.T.);
#3609 = ORIENTED_EDGE('',*,*,#3610,.F.);
#3610 = EDGE_CURVE('',#3611,#770,#3613,.T.);
#3611 = VERTEX_POINT('',#3612);
#3612 = CARTESIAN_POINT('',(30.043242844873,-4.577735178446,
    20.241927444449));
#3613 = SURFACE_CURVE('',#3614,(#3619,#3629),.PCURVE_S1.);
#3614 = HYPERBOLA('',#3615,25.005322988392,20.981957297029);
#3615 = AXIS2_PLACEMENT_3D('',#3616,#3617,#3618);
#3616 = CARTESIAN_POINT('',(12.0347562941,-17.18741321304,
    -15.97546423448));
#3617 = DIRECTION('',(0.573576436351,-0.819152044289,0.));
#3618 = DIRECTION('',(-0.,0.,1.));
#3619 = PCURVE('',#2155,#3620);
#3620 = DEFINITIONAL_REPRESENTATION('',(#3621),#3628);
#3621 = B_SPLINE_CURVE_WITH_KNOTS('',5,(#3622,#3623,#3624,#3625,#3626,
    #3627),.UNSPECIFIED.,.F.,.F.,(6,6),(-0.914753173669,-0.762909652067)
  ,.PIECEWISE_BEZIER_KNOTS.);
#3622 = CARTESIAN_POINT('',(6.131976815875,-1.191753593476));
#3623 = CARTESIAN_POINT('',(6.111009561692,-1.987409755799));
#3624 = CARTESIAN_POINT('',(6.089466523137,-2.741313682564));
#3625 = CARTESIAN_POINT('',(6.067345820193,-3.454994083071));
#3626 = CARTESIAN_POINT('',(6.04464969657,-4.129819513157));
#3627 = CARTESIAN_POINT('',(6.02138591938,-4.767014370377));
#3628 = ( GEOMETRIC_REPRESENTATION_CONTEXT(2) 
PARAMETRIC_REPRESENTATION_CONTEXT() REPRESENTATION_CONTEXT('2D SPACE',''
  ) );
#3629 = PCURVE('',#3630,#3635);
#3630 = PLANE('',#3631);
#3631 = AXIS2_PLACEMENT_3D('',#3632,#3633,#3634);
#3632 = CARTESIAN_POINT('',(31.554205794545,-3.51974753113,-1.));
#3633 = DIRECTION('',(0.573576436351,-0.819152044289,0.));
#3634 = DIRECTION('',(-0.819152044289,-0.573576436351,0.));
#3635 = DEFINITIONAL_REPRESENTATION('',(#3636),#3640);
#3636 = ( BOUNDED_CURVE() B_SPLINE_CURVE(2,(#3637,#3638,#3639),
.UNSPECIFIED.,.F.,.F.) B_SPLINE_CURVE_WITH_KNOTS((3,3),(-0.929085588136,
-0.762909652067),.PIECEWISE_BEZIER_KNOTS.) CURVE() 
GEOMETRIC_REPRESENTATION_ITEM() RATIONAL_B_SPLINE_CURVE((1.,1.0034537915
,1.)) REPRESENTATION_ITEM('') );
#3637 = CARTESIAN_POINT('',(1.406710160127,-21.62116763981));
#3638 = CARTESIAN_POINT('',(3.952338473076,-19.40601411241));
#3639 = CARTESIAN_POINT('',(6.222895307442,-17.66666666666));
#3640 = ( GEOMETRIC_REPRESENTATION_CONTEXT(2) 
PARAMETRIC_REPRESENTATION_CONTEXT() REPRESENTATION_CONTEXT('2D SPACE',''
  ) );
#3641 = ORIENTED_EDGE('',*,*,#3642,.F.);
#3642 = EDGE_CURVE('',#3643,#3611,#3645,.T.);
#3643 = VERTEX_POINT('',#3644);
#3644 = CARTESIAN_POINT('',(30.043242844873,4.577735178446,
    20.241927444449));
#3645 = SURFACE_CURVE('',#3646,(#3651,#3658),.PCURVE_S1.);
#3646 = CIRCLE('',#3647,30.39);
#3647 = AXIS2_PLACEMENT_3D('',#3648,#3649,#3650);
#3648 = CARTESIAN_POINT('',(0.,0.,20.241927444449));
#3649 = DIRECTION('',(0.,0.,-1.));
#3650 = DIRECTION('',(0.988589761266,0.150632944338,0.));
#3651 = PCURVE('',#2155,#3652);
#3652 = DEFINITIONAL_REPRESENTATION('',(#3653),#3657);
#3653 = LINE('',#3654,#3655);
#3654 = CARTESIAN_POINT('',(6.434393798514,-1.191753592594));
#3655 = VECTOR('',#3656,1.);
#3656 = DIRECTION('',(-1.,-0.));
#3657 = ( GEOMETRIC_REPRESENTATION_CONTEXT(2) 
PARAMETRIC_REPRESENTATION_CONTEXT() REPRESENTATION_CONTEXT('2D SPACE',''
  ) );
#3658 = PCURVE('',#3659,#3664);
#3659 = CYLINDRICAL_SURFACE('',#3660,30.39);
#3660 = AXIS2_PLACEMENT_3D('',#3661,#3662,#3663);
#3661 = CARTESIAN_POINT('',(0.,0.,-1.));
#3662 = DIRECTION('',(0.,0.,1.));
#3663 = DIRECTION('',(1.,0.,-0.));
#3664 = DEFINITIONAL_REPRESENTATION('',(#3665),#3669);
#3665 = LINE('',#3666,#3667);
#3666 = CARTESIAN_POINT('',(6.434393798514,21.241927444449));
#3667 = VECTOR('',#3668,1.);
#3668 = DIRECTION('',(-1.,-0.));
#3669 = ( GEOMETRIC_REPRESENTATION_CONTEXT(2) 
PARAMETRIC_REPRESENTATION_CONTEXT() REPRESENTATION_CONTEXT('2D SPACE',''
  ) );
#3670 = ORIENTED_EDGE('',*,*,#3671,.F.);
#3671 = EDGE_CURVE('',#927,#3643,#3672,.T.);
#3672 = SURFACE_CURVE('',#3673,(#3678,#3688),.PCURVE_S1.);
#3673 = HYPERBOLA('',#3674,25.005322988392,20.981957297029);
#3674 = AXIS2_PLACEMENT_3D('',#3675,#3676,#3677);
#3675 = CARTESIAN_POINT('',(12.0347562941,17.187413213045,
    -15.97546423448));
#3676 = DIRECTION('',(0.573576436351,0.819152044289,0.));
#3677 = DIRECTION('',(0.,-0.,1.));
#3678 = PCURVE('',#2155,#3679);
#3679 = DEFINITIONAL_REPRESENTATION('',(#3680),#3687);
#3680 = B_SPLINE_CURVE_WITH_KNOTS('',5,(#3681,#3682,#3683,#3684,#3685,
    #3686),.UNSPECIFIED.,.F.,.F.,(6,6),(0.762909652067,0.914753173669),
  .PIECEWISE_BEZIER_KNOTS.);
#3681 = CARTESIAN_POINT('',(6.544984694979,-4.767014370377));
#3682 = CARTESIAN_POINT('',(6.521720917789,-4.129819513157));
#3683 = CARTESIAN_POINT('',(6.499024794166,-3.454994083071));
#3684 = CARTESIAN_POINT('',(6.476904091222,-2.741313682564));
#3685 = CARTESIAN_POINT('',(6.455361052667,-1.987409755799));
#3686 = CARTESIAN_POINT('',(6.434393798484,-1.191753593476));
#3687 = ( GEOMETRIC_REPRESENTATION_CONTEXT(2) 
PARAMETRIC_REPRESENTATION_CONTEXT() REPRESENTATION_CONTEXT('2D SPACE',''
  ) );
#3688 = PCURVE('',#3689,#3694);
#3689 = PLANE('',#3690);
#3690 = AXIS2_PLACEMENT_3D('',#3691,#3692,#3693);
#3691 = CARTESIAN_POINT('',(26.456708382058,7.089053645358,-1.));
#3692 = DIRECTION('',(0.573576436351,0.819152044289,0.));
#3693 = DIRECTION('',(0.819152044289,-0.573576436351,0.));
#3694 = DEFINITIONAL_REPRESENTATION('',(#3695),#3699);
#3695 = ( BOUNDED_CURVE() B_SPLINE_CURVE(2,(#3696,#3697,#3698),
.UNSPECIFIED.,.F.,.F.) B_SPLINE_CURVE_WITH_KNOTS((3,3),(0.762909652067,
0.929085588136),.PIECEWISE_BEZIER_KNOTS.) CURVE() 
GEOMETRIC_REPRESENTATION_ITEM() RATIONAL_B_SPLINE_CURVE((1.,1.0034537915
,1.)) REPRESENTATION_ITEM('') );
#3696 = CARTESIAN_POINT('',(-7.105427357601E-15,-17.66666666666));
#3697 = CARTESIAN_POINT('',(2.270556834366,-19.40601411241));
#3698 = CARTESIAN_POINT('',(4.816185147315,-21.62116763981));
#3699 = ( GEOMETRIC_REPRESENTATION_CONTEXT(2) 
PARAMETRIC_REPRESENTATION_CONTEXT() REPRESENTATION_CONTEXT('2D SPACE',''
  ) );
#3700 = ADVANCED_FACE('',(#3701),#2187,.F.);
#3701 = FACE_BOUND('',#3702,.T.);
#3702 = EDGE_LOOP('',(#3703,#3704,#3736,#3758));
#3703 = ORIENTED_EDGE('',*,*,#2172,.F.);
#3704 = ORIENTED_EDGE('',*,*,#3705,.F.);
#3705 = EDGE_CURVE('',#3706,#927,#3708,.T.);
#3706 = VERTEX_POINT('',#3707);
#3707 = CARTESIAN_POINT('',(28.307079104948,11.057186466105,
    20.241927444449));
#3708 = SURFACE_CURVE('',#3709,(#3714,#3724),.PCURVE_S1.);
#3709 = HYPERBOLA('',#3710,25.005322988392,20.981957297029);
#3710 = AXIS2_PLACEMENT_3D('',#3711,#3712,#3713);
#3711 = CARTESIAN_POINT('',(19.016111285568,-8.867358320788,
    -15.97546423448));
#3712 = DIRECTION('',(0.906307787037,-0.422618261741,0.));
#3713 = DIRECTION('',(-0.,0.,1.));
#3714 = PCURVE('',#2187,#3715);
#3715 = DEFINITIONAL_REPRESENTATION('',(#3716),#3723);
#3716 = B_SPLINE_CURVE_WITH_KNOTS('',5,(#3717,#3718,#3719,#3720,#3721,
    #3722),.UNSPECIFIED.,.F.,.F.,(6,6),(-0.929085588136,-0.762909652067)
  ,.PIECEWISE_BEZIER_KNOTS.);
#3717 = CARTESIAN_POINT('',(0.382234432716,-0.812513397225));
#3718 = CARTESIAN_POINT('',(0.359525878723,-1.700612877967));
#3719 = CARTESIAN_POINT('',(0.336128482844,-2.538182603031));
#3720 = CARTESIAN_POINT('',(0.312038776843,-3.327266123491));
#3721 = CARTESIAN_POINT('',(0.28725901828,-4.069675091498));
#3722 = CARTESIAN_POINT('',(0.261799387799,-4.767014370377));
#3723 = ( GEOMETRIC_REPRESENTATION_CONTEXT(2) 
PARAMETRIC_REPRESENTATION_CONTEXT() REPRESENTATION_CONTEXT('2D SPACE',''
  ) );
#3724 = PCURVE('',#3725,#3730);
#3725 = PLANE('',#3726);
#3726 = AXIS2_PLACEMENT_3D('',#3727,#3728,#3729);
#3727 = CARTESIAN_POINT('',(29.086617579883,12.728912120406,-1.));
#3728 = DIRECTION('',(0.906307787037,-0.422618261741,0.));
#3729 = DIRECTION('',(-0.422618261741,-0.906307787037,0.));
#3730 = DEFINITIONAL_REPRESENTATION('',(#3731),#3735);
#3731 = ( BOUNDED_CURVE() B_SPLINE_CURVE(2,(#3732,#3733,#3734),
.UNSPECIFIED.,.F.,.F.) B_SPLINE_CURVE_WITH_KNOTS((3,3),(-0.929085588136,
-0.762909652067),.PIECEWISE_BEZIER_KNOTS.) CURVE() 
GEOMETRIC_REPRESENTATION_ITEM() RATIONAL_B_SPLINE_CURVE((1.,1.0034537915
,1.)) REPRESENTATION_ITEM('') );
#3732 = CARTESIAN_POINT('',(1.406710160127,-21.62116763981));
#3733 = CARTESIAN_POINT('',(3.952338473076,-19.40601411241));
#3734 = CARTESIAN_POINT('',(6.222895307442,-17.66666666666));
#3735 = ( GEOMETRIC_REPRESENTATION_CONTEXT(2) 
PARAMETRIC_REPRESENTATION_CONTEXT() REPRESENTATION_CONTEXT('2D SPACE',''
  ) );
#3736 = ORIENTED_EDGE('',*,*,#3737,.T.);
#3737 = EDGE_CURVE('',#3706,#2205,#3738,.T.);
#3738 = SURFACE_CURVE('',#3739,(#3744,#3751),.PCURVE_S1.);
#3739 = CIRCLE('',#3740,30.39);
#3740 = AXIS2_PLACEMENT_3D('',#3741,#3742,#3743);
#3741 = CARTESIAN_POINT('',(0.,0.,20.241927444449));
#3742 = DIRECTION('',(0.,0.,1.));
#3743 = DIRECTION('',(0.,-1.,0.));
#3744 = PCURVE('',#2187,#3745);
#3745 = DEFINITIONAL_REPRESENTATION('',(#3746),#3750);
#3746 = LINE('',#3747,#3748);
#3747 = CARTESIAN_POINT('',(-1.570796326795,-1.191753592594));
#3748 = VECTOR('',#3749,1.);
#3749 = DIRECTION('',(1.,-0.));
#3750 = ( GEOMETRIC_REPRESENTATION_CONTEXT(2) 
PARAMETRIC_REPRESENTATION_CONTEXT() REPRESENTATION_CONTEXT('2D SPACE',''
  ) );
#3751 = PCURVE('',#2277,#3752);
#3752 = DEFINITIONAL_REPRESENTATION('',(#3753),#3757);
#3753 = LINE('',#3754,#3755);
#3754 = CARTESIAN_POINT('',(4.712388980385,21.241927444449));
#3755 = VECTOR('',#3756,1.);
#3756 = DIRECTION('',(1.,0.));
#3757 = ( GEOMETRIC_REPRESENTATION_CONTEXT(2) 
PARAMETRIC_REPRESENTATION_CONTEXT() REPRESENTATION_CONTEXT('2D SPACE',''
  ) );
#3758 = ORIENTED_EDGE('',*,*,#2204,.F.);
#3759 = ADVANCED_FACE('',(#3760),#2277,.F.);
#3760 = FACE_BOUND('',#3761,.F.);
#3761 = EDGE_LOOP('',(#3762,#3783,#3784,#3785));
#3762 = ORIENTED_EDGE('',*,*,#3763,.F.);
#3763 = EDGE_CURVE('',#3706,#3764,#3766,.T.);
#3764 = VERTEX_POINT('',#3765);
#3765 = CARTESIAN_POINT('',(28.307079104948,11.057186466105,
    29.758072555551));
#3766 = SURFACE_CURVE('',#3767,(#3771,#3777),.PCURVE_S1.);
#3767 = LINE('',#3768,#3769);
#3768 = CARTESIAN_POINT('',(28.307079104948,11.057186466105,-1.));
#3769 = VECTOR('',#3770,1.);
#3770 = DIRECTION('',(0.,0.,1.));
#3771 = PCURVE('',#2277,#3772);
#3772 = DEFINITIONAL_REPRESENTATION('',(#3773),#3776);
#3773 = B_SPLINE_CURVE_WITH_KNOTS('',1,(#3774,#3775),.UNSPECIFIED.,.F.,
  .F.,(2,2),(-5.999999999062E-07,102.0000006),.PIECEWISE_BEZIER_KNOTS.);
#3774 = CARTESIAN_POINT('',(6.655575591444,-5.999999999062E-07));
#3775 = CARTESIAN_POINT('',(6.655575591444,102.0000006));
#3776 = ( GEOMETRIC_REPRESENTATION_CONTEXT(2) 
PARAMETRIC_REPRESENTATION_CONTEXT() REPRESENTATION_CONTEXT('2D SPACE',''
  ) );
#3777 = PCURVE('',#3725,#3778);
#3778 = DEFINITIONAL_REPRESENTATION('',(#3779),#3782);
#3779 = B_SPLINE_CURVE_WITH_KNOTS('',1,(#3780,#3781),.UNSPECIFIED.,.F.,
  .F.,(2,2),(-5.999999999062E-07,102.0000006),.PIECEWISE_BEZIER_KNOTS.);
#3780 = CARTESIAN_POINT('',(1.844545173519,5.999999999062E-07));
#3781 = CARTESIAN_POINT('',(1.844545173519,-102.0000006));
#3782 = ( GEOMETRIC_REPRESENTATION_CONTEXT(2) 
PARAMETRIC_REPRESENTATION_CONTEXT() REPRESENTATION_CONTEXT('2D SPACE',''
  ) );
#3783 = ORIENTED_EDGE('',*,*,#3737,.T.);
#3784 = ORIENTED_EDGE('',*,*,#2264,.T.);
#3785 = ORIENTED_EDGE('',*,*,#3786,.F.);
#3786 = EDGE_CURVE('',#3764,#2233,#3787,.T.);
#3787 = SURFACE_CURVE('',#3788,(#3793,#3800),.PCURVE_S1.);
#3788 = CIRCLE('',#3789,30.39);
#3789 = AXIS2_PLACEMENT_3D('',#3790,#3791,#3792);
#3790 = CARTESIAN_POINT('',(0.,0.,29.758072555551));
#3791 = DIRECTION('',(0.,0.,1.));
#3792 = DIRECTION('',(0.,-1.,0.));
#3793 = PCURVE('',#2277,#3794);
#3794 = DEFINITIONAL_REPRESENTATION('',(#3795),#3799);
#3795 = LINE('',#3796,#3797);
#3796 = CARTESIAN_POINT('',(4.712388980385,30.758072555551));
#3797 = VECTOR('',#3798,1.);
#3798 = DIRECTION('',(1.,0.));
#3799 = ( GEOMETRIC_REPRESENTATION_CONTEXT(2) 
PARAMETRIC_REPRESENTATION_CONTEXT() REPRESENTATION_CONTEXT('2D SPACE',''
  ) );
#3800 = PCURVE('',#2249,#3801);
#3801 = DEFINITIONAL_REPRESENTATION('',(#3802),#3806);
#3802 = LINE('',#3803,#3804);
#3803 = CARTESIAN_POINT('',(1.570796326795,3.575260777783));
#3804 = VECTOR('',#3805,1.);
#3805 = DIRECTION('',(-1.,0.));
#3806 = ( GEOMETRIC_REPRESENTATION_CONTEXT(2) 
PARAMETRIC_REPRESENTATION_CONTEXT() REPRESENTATION_CONTEXT('2D SPACE',''
  ) );
#3807 = ADVANCED_FACE('',(#3808),#2249,.F.);
#3808 = FACE_BOUND('',#3809,.T.);
#3809 = EDGE_LOOP('',(#3810,#3837,#3859,#3860));
#3810 = ORIENTED_EDGE('',*,*,#3811,.F.);
#3811 = EDGE_CURVE('',#3812,#3764,#3814,.T.);
#3812 = VERTEX_POINT('',#3813);
#3813 = CARTESIAN_POINT('',(26.456708382058,7.089053645358,
    33.333333333333));
#3814 = SURFACE_CURVE('',#3815,(#3820,#3830),.PCURVE_S1.);
#3815 = HYPERBOLA('',#3816,25.005322988392,20.981957297029);
#3816 = AXIS2_PLACEMENT_3D('',#3817,#3818,#3819);
#3817 = CARTESIAN_POINT('',(19.016111285568,-8.867358320788,
    65.975464234489));
#3818 = DIRECTION('',(0.906307787037,-0.422618261741,0.));
#3819 = DIRECTION('',(0.,-0.,-1.));
#3820 = PCURVE('',#2249,#3821);
#3821 = DEFINITIONAL_REPRESENTATION('',(#3822),#3829);
#3822 = B_SPLINE_CURVE_WITH_KNOTS('',5,(#3823,#3824,#3825,#3826,#3827,
    #3828),.UNSPECIFIED.,.F.,.F.,(6,6),(0.762909652067,0.929085588136),
  .PIECEWISE_BEZIER_KNOTS.);
#3823 = CARTESIAN_POINT('',(-0.261799387799,3.498739975115E-15));
#3824 = CARTESIAN_POINT('',(-0.28725901828,0.697339278879));
#3825 = CARTESIAN_POINT('',(-0.312038776843,1.439748246886));
#3826 = CARTESIAN_POINT('',(-0.336128482844,2.228831767345));
#3827 = CARTESIAN_POINT('',(-0.359525878723,3.066401492409));
#3828 = CARTESIAN_POINT('',(-0.382234432716,3.954500973152));
#3829 = ( GEOMETRIC_REPRESENTATION_CONTEXT(2) 
PARAMETRIC_REPRESENTATION_CONTEXT() REPRESENTATION_CONTEXT('2D SPACE',''
  ) );
#3830 = PCURVE('',#3725,#3831);
#3831 = DEFINITIONAL_REPRESENTATION('',(#3832),#3836);
#3832 = ( BOUNDED_CURVE() B_SPLINE_CURVE(2,(#3833,#3834,#3835),
.UNSPECIFIED.,.F.,.F.) B_SPLINE_CURVE_WITH_KNOTS((3,3),(0.762909652067,
0.929085588136),.PIECEWISE_BEZIER_KNOTS.) CURVE() 
GEOMETRIC_REPRESENTATION_ITEM() RATIONAL_B_SPLINE_CURVE((1.,1.0034537915
,1.)) REPRESENTATION_ITEM('') );
#3833 = CARTESIAN_POINT('',(6.222895307442,-34.33333333333));
#3834 = CARTESIAN_POINT('',(3.952338473076,-32.59398588758));
#3835 = CARTESIAN_POINT('',(1.406710160127,-30.37883236018));
#3836 = ( GEOMETRIC_REPRESENTATION_CONTEXT(2) 
PARAMETRIC_REPRESENTATION_CONTEXT() REPRESENTATION_CONTEXT('2D SPACE',''
  ) );
#3837 = ORIENTED_EDGE('',*,*,#3838,.T.);
#3838 = EDGE_CURVE('',#3812,#1265,#3839,.T.);
#3839 = SURFACE_CURVE('',#3840,(#3845,#3852),.PCURVE_S1.);
#3840 = CIRCLE('',#3841,27.39);
#3841 = AXIS2_PLACEMENT_3D('',#3842,#3843,#3844);
#3842 = CARTESIAN_POINT('',(0.,0.,33.333333333333));
#3843 = DIRECTION('',(0.,0.,1.));
#3844 = DIRECTION('',(1.,0.,-0.));
#3845 = PCURVE('',#2249,#3846);
#3846 = DEFINITIONAL_REPRESENTATION('',(#3847),#3851);
#3847 = LINE('',#3848,#3849);
#3848 = CARTESIAN_POINT('',(-0.,0.));
#3849 = VECTOR('',#3850,1.);
#3850 = DIRECTION('',(-1.,0.));
#3851 = ( GEOMETRIC_REPRESENTATION_CONTEXT(2) 
PARAMETRIC_REPRESENTATION_CONTEXT() REPRESENTATION_CONTEXT('2D SPACE',''
  ) );
#3852 = PCURVE('',#2308,#3853);
#3853 = DEFINITIONAL_REPRESENTATION('',(#3854),#3858);
#3854 = LINE('',#3855,#3856);
#3855 = CARTESIAN_POINT('',(0.,-4.767014370377));
#3856 = VECTOR('',#3857,1.);
#3857 = DIRECTION('',(1.,-0.));
#3858 = ( GEOMETRIC_REPRESENTATION_CONTEXT(2) 
PARAMETRIC_REPRESENTATION_CONTEXT() REPRESENTATION_CONTEXT('2D SPACE',''
  ) );
#3859 = ORIENTED_EDGE('',*,*,#2232,.F.);
#3860 = ORIENTED_EDGE('',*,*,#3786,.F.);
#3861 = ADVANCED_FACE('',(#3862),#2308,.F.);
#3862 = FACE_BOUND('',#3863,.T.);
#3863 = EDGE_LOOP('',(#3864,#3865,#3897,#3919));
#3864 = ORIENTED_EDGE('',*,*,#3838,.F.);
#3865 = ORIENTED_EDGE('',*,*,#3866,.F.);
#3866 = EDGE_CURVE('',#3867,#3812,#3869,.T.);
#3867 = VERTEX_POINT('',#3868);
#3868 = CARTESIAN_POINT('',(28.307079104948,11.057186466105,
    36.908594111116));
#3869 = SURFACE_CURVE('',#3870,(#3875,#3885),.PCURVE_S1.);
#3870 = HYPERBOLA('',#3871,25.005322988392,20.981957297029);
#3871 = AXIS2_PLACEMENT_3D('',#3872,#3873,#3874);
#3872 = CARTESIAN_POINT('',(19.016111285568,-8.867358320788,
    0.691202432178));
#3873 = DIRECTION('',(0.906307787037,-0.422618261741,0.));
#3874 = DIRECTION('',(-0.,0.,1.));
#3875 = PCURVE('',#2308,#3876);
#3876 = DEFINITIONAL_REPRESENTATION('',(#3877),#3884);
#3877 = B_SPLINE_CURVE_WITH_KNOTS('',5,(#3878,#3879,#3880,#3881,#3882,
    #3883),.UNSPECIFIED.,.F.,.F.,(6,6),(-0.929085588136,-0.762909652067)
  ,.PIECEWISE_BEZIER_KNOTS.);
#3878 = CARTESIAN_POINT('',(0.382234432716,-0.812513397225));
#3879 = CARTESIAN_POINT('',(0.359525878723,-1.700612877967));
#3880 = CARTESIAN_POINT('',(0.336128482844,-2.538182603031));
#3881 = CARTESIAN_POINT('',(0.312038776843,-3.327266123491));
#3882 = CARTESIAN_POINT('',(0.28725901828,-4.069675091498));
#3883 = CARTESIAN_POINT('',(0.261799387799,-4.767014370377));
#3884 = ( GEOMETRIC_REPRESENTATION_CONTEXT(2) 
PARAMETRIC_REPRESENTATION_CONTEXT() REPRESENTATION_CONTEXT('2D SPACE',''
  ) );
#3885 = PCURVE('',#3886,#3891);
#3886 = PLANE('',#3887);
#3887 = AXIS2_PLACEMENT_3D('',#3888,#3889,#3890);
#3888 = CARTESIAN_POINT('',(29.086617579883,12.728912120406,-1.));
#3889 = DIRECTION('',(0.906307787037,-0.422618261741,0.));
#3890 = DIRECTION('',(-0.422618261741,-0.906307787037,0.));
#3891 = DEFINITIONAL_REPRESENTATION('',(#3892),#3896);
#3892 = ( BOUNDED_CURVE() B_SPLINE_CURVE(2,(#3893,#3894,#3895),
.UNSPECIFIED.,.F.,.F.) B_SPLINE_CURVE_WITH_KNOTS((3,3),(-0.929085588136,
-0.762909652067),.PIECEWISE_BEZIER_KNOTS.) CURVE() 
GEOMETRIC_REPRESENTATION_ITEM() RATIONAL_B_SPLINE_CURVE((1.,1.0034537915
,1.)) REPRESENTATION_ITEM('') );
#3893 = CARTESIAN_POINT('',(1.406710160127,-38.28783430648));
#3894 = CARTESIAN_POINT('',(3.952338473076,-36.07268077908));
#3895 = CARTESIAN_POINT('',(6.222895307442,-34.33333333333));
#3896 = ( GEOMETRIC_REPRESENTATION_CONTEXT(2) 
PARAMETRIC_REPRESENTATION_CONTEXT() REPRESENTATION_CONTEXT('2D SPACE',''
  ) );
#3897 = ORIENTED_EDGE('',*,*,#3898,.T.);
#3898 = EDGE_CURVE('',#3867,#2292,#3899,.T.);
#3899 = SURFACE_CURVE('',#3900,(#3905,#3912),.PCURVE_S1.);
#3900 = CIRCLE('',#3901,30.39);
#3901 = AXIS2_PLACEMENT_3D('',#3902,#3903,#3904);
#3902 = CARTESIAN_POINT('',(0.,0.,36.908594111116));
#3903 = DIRECTION('',(0.,0.,1.));
#3904 = DIRECTION('',(0.,-1.,0.));
#3905 = PCURVE('',#2308,#3906);
#3906 = DEFINITIONAL_REPRESENTATION('',(#3907),#3911);
#3907 = LINE('',#3908,#3909);
#3908 = CARTESIAN_POINT('',(-1.570796326795,-1.191753592594));
#3909 = VECTOR('',#3910,1.);
#3910 = DIRECTION('',(1.,-0.));
#3911 = ( GEOMETRIC_REPRESENTATION_CONTEXT(2) 
PARAMETRIC_REPRESENTATION_CONTEXT() REPRESENTATION_CONTEXT('2D SPACE',''
  ) );
#3912 = PCURVE('',#2369,#3913);
#3913 = DEFINITIONAL_REPRESENTATION('',(#3914),#3918);
#3914 = LINE('',#3915,#3916);
#3915 = CARTESIAN_POINT('',(4.712388980385,37.908594111116));
#3916 = VECTOR('',#3917,1.);
#3917 = DIRECTION('',(1.,0.));
#3918 = ( GEOMETRIC_REPRESENTATION_CONTEXT(2) 
PARAMETRIC_REPRESENTATION_CONTEXT() REPRESENTATION_CONTEXT('2D SPACE',''
  ) );
#3919 = ORIENTED_EDGE('',*,*,#2291,.F.);
#3920 = ADVANCED_FACE('',(#3921),#2369,.F.);
#3921 = FACE_BOUND('',#3922,.F.);
#3922 = EDGE_LOOP('',(#3923,#3944,#3945,#3946));
#3923 = ORIENTED_EDGE('',*,*,#3924,.F.);
#3924 = EDGE_CURVE('',#3867,#3925,#3927,.T.);
#3925 = VERTEX_POINT('',#3926);
#3926 = CARTESIAN_POINT('',(28.307079104948,11.057186466105,
    46.424739222217));
#3927 = SURFACE_CURVE('',#3928,(#3932,#3938),.PCURVE_S1.);
#3928 = LINE('',#3929,#3930);
#3929 = CARTESIAN_POINT('',(28.307079104948,11.057186466105,-1.));
#3930 = VECTOR('',#3931,1.);
#3931 = DIRECTION('',(0.,0.,1.));
#3932 = PCURVE('',#2369,#3933);
#3933 = DEFINITIONAL_REPRESENTATION('',(#3934),#3937);
#3934 = B_SPLINE_CURVE_WITH_KNOTS('',1,(#3935,#3936),.UNSPECIFIED.,.F.,
  .F.,(2,2),(-5.999999999062E-07,102.0000006),.PIECEWISE_BEZIER_KNOTS.);
#3935 = CARTESIAN_POINT('',(6.655575591444,-5.999999999062E-07));
#3936 = CARTESIAN_POINT('',(6.655575591444,102.0000006));
#3937 = ( GEOMETRIC_REPRESENTATION_CONTEXT(2) 
PARAMETRIC_REPRESENTATION_CONTEXT() REPRESENTATION_CONTEXT('2D SPACE',''
  ) );
#3938 = PCURVE('',#3886,#3939);
#3939 = DEFINITIONAL_REPRESENTATION('',(#3940),#3943);
#3940 = B_SPLINE_CURVE_WITH_KNOTS('',1,(#3941,#3942),.UNSPECIFIED.,.F.,
  .F.,(2,2),(-5.999999999062E-07,102.0000006),.PIECEWISE_BEZIER_KNOTS.);
#3941 = CARTESIAN_POINT('',(1.844545173519,5.999999999062E-07));
#3942 = CARTESIAN_POINT('',(1.844545173519,-102.0000006));
#3943 = ( GEOMETRIC_REPRESENTATION_CONTEXT(2) 
PARAMETRIC_REPRESENTATION_CONTEXT() REPRESENTATION_CONTEXT('2D SPACE',''
  ) );
#3944 = ORIENTED_EDGE('',*,*,#3898,.T.);
#3945 = ORIENTED_EDGE('',*,*,#2356,.T.);
#3946 = ORIENTED_EDGE('',*,*,#3947,.F.);
#3947 = EDGE_CURVE('',#3925,#2325,#3948,.T.);
#3948 = SURFACE_CURVE('',#3949,(#3954,#3961),.PCURVE_S1.);
#3949 = CIRCLE('',#3950,30.39);
#3950 = AXIS2_PLACEMENT_3D('',#3951,#3952,#3953);
#3951 = CARTESIAN_POINT('',(0.,0.,46.424739222217));
#3952 = DIRECTION('',(0.,0.,1.));
#3953 = DIRECTION('',(0.,-1.,0.));
#3954 = PCURVE('',#2369,#3955);
#3955 = DEFINITIONAL_REPRESENTATION('',(#3956),#3960);
#3956 = LINE('',#3957,#3958);
#3957 = CARTESIAN_POINT('',(4.712388980385,47.424739222217));
#3958 = VECTOR('',#3959,1.);
#3959 = DIRECTION('',(1.,0.));
#3960 = ( GEOMETRIC_REPRESENTATION_CONTEXT(2) 
PARAMETRIC_REPRESENTATION_CONTEXT() REPRESENTATION_CONTEXT('2D SPACE',''
  ) );
#3961 = PCURVE('',#2341,#3962);
#3962 = DEFINITIONAL_REPRESENTATION('',(#3963),#3967);
#3963 = LINE('',#3964,#3965);
#3964 = CARTESIAN_POINT('',(1.570796326795,3.575260777783));
#3965 = VECTOR('',#3966,1.);
#3966 = DIRECTION('',(-1.,0.));
#3967 = ( GEOMETRIC_REPRESENTATION_CONTEXT(2) 
PARAMETRIC_REPRESENTATION_CONTEXT() REPRESENTATION_CONTEXT('2D SPACE',''
  ) );
#3968 = ADVANCED_FACE('',(#3969),#2341,.F.);
#3969 = FACE_BOUND('',#3970,.T.);
#3970 = EDGE_LOOP('',(#3971,#3998,#4020,#4021));
#3971 = ORIENTED_EDGE('',*,*,#3972,.F.);
#3972 = EDGE_CURVE('',#3973,#3925,#3975,.T.);
#3973 = VERTEX_POINT('',#3974);
#3974 = CARTESIAN_POINT('',(26.456708382058,7.089053645358,50.));
#3975 = SURFACE_CURVE('',#3976,(#3981,#3991),.PCURVE_S1.);
#3976 = HYPERBOLA('',#3977,25.005322988392,20.981957297029);
#3977 = AXIS2_PLACEMENT_3D('',#3978,#3979,#3980);
#3978 = CARTESIAN_POINT('',(19.016111285568,-8.867358320788,
    82.642130901155));
#3979 = DIRECTION('',(0.906307787037,-0.422618261741,0.));
#3980 = DIRECTION('',(0.,-0.,-1.));
#3981 = PCURVE('',#2341,#3982);
#3982 = DEFINITIONAL_REPRESENTATION('',(#3983),#3990);
#3983 = B_SPLINE_CURVE_WITH_KNOTS('',5,(#3984,#3985,#3986,#3987,#3988,
    #3989),.UNSPECIFIED.,.F.,.F.,(6,6),(0.762909652067,0.929085588136),
  .PIECEWISE_BEZIER_KNOTS.);
#3984 = CARTESIAN_POINT('',(-0.261799387799,7.668375910012E-15));
#3985 = CARTESIAN_POINT('',(-0.28725901828,0.697339278879));
#3986 = CARTESIAN_POINT('',(-0.312038776843,1.439748246886));
#3987 = CARTESIAN_POINT('',(-0.336128482844,2.228831767345));
#3988 = CARTESIAN_POINT('',(-0.359525878723,3.066401492409));
#3989 = CARTESIAN_POINT('',(-0.382234432716,3.954500973152));
#3990 = ( GEOMETRIC_REPRESENTATION_CONTEXT(2) 
PARAMETRIC_REPRESENTATION_CONTEXT() REPRESENTATION_CONTEXT('2D SPACE',''
  ) );
#3991 = PCURVE('',#3886,#3992);
#3992 = DEFINITIONAL_REPRESENTATION('',(#3993),#3997);
#3993 = ( BOUNDED_CURVE() B_SPLINE_CURVE(2,(#3994,#3995,#3996),
.UNSPECIFIED.,.F.,.F.) B_SPLINE_CURVE_WITH_KNOTS((3,3),(0.762909652067,
0.929085588136),.PIECEWISE_BEZIER_KNOTS.) CURVE() 
GEOMETRIC_REPRESENTATION_ITEM() RATIONAL_B_SPLINE_CURVE((1.,1.0034537915
,1.)) REPRESENTATION_ITEM('') );
#3994 = CARTESIAN_POINT('',(6.222895307442,-51.));
#3995 = CARTESIAN_POINT('',(3.952338473076,-49.26065255424));
#3996 = CARTESIAN_POINT('',(1.406710160127,-47.04549902684));
#3997 = ( GEOMETRIC_REPRESENTATION_CONTEXT(2) 
PARAMETRIC_REPRESENTATION_CONTEXT() REPRESENTATION_CONTEXT('2D SPACE',''
  ) );
#3998 = ORIENTED_EDGE('',*,*,#3999,.T.);
#3999 = EDGE_CURVE('',#3973,#1237,#4000,.T.);
#4000 = SURFACE_CURVE('',#4001,(#4006,#4013),.PCURVE_S1.);
#4001 = CIRCLE('',#4002,27.39);
#4002 = AXIS2_PLACEMENT_3D('',#4003,#4004,#4005);
#4003 = CARTESIAN_POINT('',(0.,0.,50.));
#4004 = DIRECTION('',(0.,0.,1.));
#4005 = DIRECTION('',(1.,0.,-0.));
#4006 = PCURVE('',#2341,#4007);
#4007 = DEFINITIONAL_REPRESENTATION('',(#4008),#4012);
#4008 = LINE('',#4009,#4010);
#4009 = CARTESIAN_POINT('',(-0.,0.));
#4010 = VECTOR('',#4011,1.);
#4011 = DIRECTION('',(-1.,0.));
#4012 = ( GEOMETRIC_REPRESENTATION_CONTEXT(2) 
PARAMETRIC_REPRESENTATION_CONTEXT() REPRESENTATION_CONTEXT('2D SPACE',''
  ) );
#4013 = PCURVE('',#2400,#4014);
#4014 = DEFINITIONAL_REPRESENTATION('',(#4015),#4019);
#4015 = LINE('',#4016,#4017);
#4016 = CARTESIAN_POINT('',(0.,-4.767014370377));
#4017 = VECTOR('',#4018,1.);
#4018 = DIRECTION('',(1.,-0.));
#4019 = ( GEOMETRIC_REPRESENTATION_CONTEXT(2) 
PARAMETRIC_REPRESENTATION_CONTEXT() REPRESENTATION_CONTEXT('2D SPACE',''
  ) );
#4020 = ORIENTED_EDGE('',*,*,#2324,.F.);
#4021 = ORIENTED_EDGE('',*,*,#3947,.F.);
#4022 = ADVANCED_FACE('',(#4023),#2400,.F.);
#4023 = FACE_BOUND('',#4024,.T.);
#4024 = EDGE_LOOP('',(#4025,#4026,#4058,#4080));
#4025 = ORIENTED_EDGE('',*,*,#3999,.F.);
#4026 = ORIENTED_EDGE('',*,*,#4027,.F.);
#4027 = EDGE_CURVE('',#4028,#3973,#4030,.T.);
#4028 = VERTEX_POINT('',#4029);
#4029 = CARTESIAN_POINT('',(28.307079104948,11.057186466105,
    53.575260777783));
#4030 = SURFACE_CURVE('',#4031,(#4036,#4046),.PCURVE_S1.);
#4031 = HYPERBOLA('',#4032,25.005322988392,20.981957297029);
#4032 = AXIS2_PLACEMENT_3D('',#4033,#4034,#4035);
#4033 = CARTESIAN_POINT('',(19.016111285568,-8.867358320788,
    17.357869098845));
#4034 = DIRECTION('',(0.906307787037,-0.422618261741,0.));
#4035 = DIRECTION('',(-0.,0.,1.));
#4036 = PCURVE('',#2400,#4037);
#4037 = DEFINITIONAL_REPRESENTATION('',(#4038),#4045);
#4038 = B_SPLINE_CURVE_WITH_KNOTS('',5,(#4039,#4040,#4041,#4042,#4043,
    #4044),.UNSPECIFIED.,.F.,.F.,(6,6),(-0.929085588136,-0.762909652067)
  ,.PIECEWISE_BEZIER_KNOTS.);
#4039 = CARTESIAN_POINT('',(0.382234432716,-0.812513397225));
#4040 = CARTESIAN_POINT('',(0.359525878723,-1.700612877967));
#4041 = CARTESIAN_POINT('',(0.336128482844,-2.538182603031));
#4042 = CARTESIAN_POINT('',(0.312038776843,-3.327266123491));
#4043 = CARTESIAN_POINT('',(0.28725901828,-4.069675091498));
#4044 = CARTESIAN_POINT('',(0.261799387799,-4.767014370377));
#4045 = ( GEOMETRIC_REPRESENTATION_CONTEXT(2) 
PARAMETRIC_REPRESENTATION_CONTEXT() REPRESENTATION_CONTEXT('2D SPACE',''
  ) );
#4046 = PCURVE('',#4047,#4052);
#4047 = PLANE('',#4048);
#4048 = AXIS2_PLACEMENT_3D('',#4049,#4050,#4051);
#4049 = CARTESIAN_POINT('',(29.086617579883,12.728912120406,-1.));
#4050 = DIRECTION('',(0.906307787037,-0.422618261741,0.));
#4051 = DIRECTION('',(-0.422618261741,-0.906307787037,0.));
#4052 = DEFINITIONAL_REPRESENTATION('',(#4053),#4057);
#4053 = ( BOUNDED_CURVE() B_SPLINE_CURVE(2,(#4054,#4055,#4056),
.UNSPECIFIED.,.F.,.F.) B_SPLINE_CURVE_WITH_KNOTS((3,3),(-0.929085588136,
-0.762909652067),.PIECEWISE_BEZIER_KNOTS.) CURVE() 
GEOMETRIC_REPRESENTATION_ITEM() RATIONAL_B_SPLINE_CURVE((1.,1.0034537915
,1.)) REPRESENTATION_ITEM('') );
#4054 = CARTESIAN_POINT('',(1.406710160127,-54.95450097315));
#4055 = CARTESIAN_POINT('',(3.952338473076,-52.73934744575));
#4056 = CARTESIAN_POINT('',(6.222895307442,-51.));
#4057 = ( GEOMETRIC_REPRESENTATION_CONTEXT(2) 
PARAMETRIC_REPRESENTATION_CONTEXT() REPRESENTATION_CONTEXT('2D SPACE',''
  ) );
#4058 = ORIENTED_EDGE('',*,*,#4059,.T.);
#4059 = EDGE_CURVE('',#4028,#2384,#4060,.T.);
#4060 = SURFACE_CURVE('',#4061,(#4066,#4073),.PCURVE_S1.);
#4061 = CIRCLE('',#4062,30.39);
#4062 = AXIS2_PLACEMENT_3D('',#4063,#4064,#4065);
#4063 = CARTESIAN_POINT('',(0.,0.,53.575260777783));
#4064 = DIRECTION('',(0.,0.,1.));
#4065 = DIRECTION('',(0.,-1.,0.));
#4066 = PCURVE('',#2400,#4067);
#4067 = DEFINITIONAL_REPRESENTATION('',(#4068),#4072);
#4068 = LINE('',#4069,#4070);
#4069 = CARTESIAN_POINT('',(-1.570796326795,-1.191753592594));
#4070 = VECTOR('',#4071,1.);
#4071 = DIRECTION('',(1.,-0.));
#4072 = ( GEOMETRIC_REPRESENTATION_CONTEXT(2) 
PARAMETRIC_REPRESENTATION_CONTEXT() REPRESENTATION_CONTEXT('2D SPACE',''
  ) );
#4073 = PCURVE('',#2461,#4074);
#4074 = DEFINITIONAL_REPRESENTATION('',(#4075),#4079);
#4075 = LINE('',#4076,#4077);
#4076 = CARTESIAN_POINT('',(4.712388980385,54.575260777783));
#4077 = VECTOR('',#4078,1.);
#4078 = DIRECTION('',(1.,0.));
#4079 = ( GEOMETRIC_REPRESENTATION_CONTEXT(2) 
PARAMETRIC_REPRESENTATION_CONTEXT() REPRESENTATION_CONTEXT('2D SPACE',''
  ) );
#4080 = ORIENTED_EDGE('',*,*,#2383,.F.);
#4081 = ADVANCED_FACE('',(#4082),#2461,.F.);
#4082 = FACE_BOUND('',#4083,.F.);
#4083 = EDGE_LOOP('',(#4084,#4105,#4106,#4107));
#4084 = ORIENTED_EDGE('',*,*,#4085,.F.);
#4085 = EDGE_CURVE('',#4028,#4086,#4088,.T.);
#4086 = VERTEX_POINT('',#4087);
#4087 = CARTESIAN_POINT('',(28.307079104948,11.057186466105,
    63.091405888884));
#4088 = SURFACE_CURVE('',#4089,(#4093,#4099),.PCURVE_S1.);
#4089 = LINE('',#4090,#4091);
#4090 = CARTESIAN_POINT('',(28.307079104948,11.057186466105,-1.));
#4091 = VECTOR('',#4092,1.);
#4092 = DIRECTION('',(0.,0.,1.));
#4093 = PCURVE('',#2461,#4094);
#4094 = DEFINITIONAL_REPRESENTATION('',(#4095),#4098);
#4095 = B_SPLINE_CURVE_WITH_KNOTS('',1,(#4096,#4097),.UNSPECIFIED.,.F.,
  .F.,(2,2),(-5.999999999062E-07,102.0000006),.PIECEWISE_BEZIER_KNOTS.);
#4096 = CARTESIAN_POINT('',(6.655575591444,-5.999999999062E-07));
#4097 = CARTESIAN_POINT('',(6.655575591444,102.0000006));
#4098 = ( GEOMETRIC_REPRESENTATION_CONTEXT(2) 
PARAMETRIC_REPRESENTATION_CONTEXT() REPRESENTATION_CONTEXT('2D SPACE',''
  ) );
#4099 = PCURVE('',#4047,#4100);
#4100 = DEFINITIONAL_REPRESENTATION('',(#4101),#4104);
#4101 = B_SPLINE_CURVE_WITH_KNOTS('',1,(#4102,#4103),.UNSPECIFIED.,.F.,
  .F.,(2,2),(-5.999999999062E-07,102.0000006),.PIECEWISE_BEZIER_KNOTS.);
#4102 = CARTESIAN_POINT('',(1.844545173519,5.999999999062E-07));
#4103 = CARTESIAN_POINT('',(1.844545173519,-102.0000006));
#4104 = ( GEOMETRIC_REPRESENTATION_CONTEXT(2) 
PARAMETRIC_REPRESENTATION_CONTEXT() REPRESENTATION_CONTEXT('2D SPACE',''
  ) );
#4105 = ORIENTED_EDGE('',*,*,#4059,.T.);
#4106 = ORIENTED_EDGE('',*,*,#2448,.T.);
#4107 = ORIENTED_EDGE('',*,*,#4108,.F.);
#4108 = EDGE_CURVE('',#4086,#2417,#4109,.T.);
#4109 = SURFACE_CURVE('',#4110,(#4115,#4122),.PCURVE_S1.);
#4110 = CIRCLE('',#4111,30.39);
#4111 = AXIS2_PLACEMENT_3D('',#4112,#4113,#4114);
#4112 = CARTESIAN_POINT('',(0.,0.,63.091405888884));
#4113 = DIRECTION('',(0.,0.,1.));
#4114 = DIRECTION('',(0.,-1.,0.));
#4115 = PCURVE('',#2461,#4116);
#4116 = DEFINITIONAL_REPRESENTATION('',(#4117),#4121);
#4117 = LINE('',#4118,#4119);
#4118 = CARTESIAN_POINT('',(4.712388980385,64.091405888884));
#4119 = VECTOR('',#4120,1.);
#4120 = DIRECTION('',(1.,0.));
#4121 = ( GEOMETRIC_REPRESENTATION_CONTEXT(2) 
PARAMETRIC_REPRESENTATION_CONTEXT() REPRESENTATION_CONTEXT('2D SPACE',''
  ) );
#4122 = PCURVE('',#2433,#4123);
#4123 = DEFINITIONAL_REPRESENTATION('',(#4124),#4128);
#4124 = LINE('',#4125,#4126);
#4125 = CARTESIAN_POINT('',(1.570796326795,3.575260777783));
#4126 = VECTOR('',#4127,1.);
#4127 = DIRECTION('',(-1.,0.));
#4128 = ( GEOMETRIC_REPRESENTATION_CONTEXT(2) 
PARAMETRIC_REPRESENTATION_CONTEXT() REPRESENTATION_CONTEXT('2D SPACE',''
  ) );
#4129 = ADVANCED_FACE('',(#4130),#2433,.F.);
#4130 = FACE_BOUND('',#4131,.T.);
#4131 = EDGE_LOOP('',(#4132,#4159,#4181,#4182));
#4132 = ORIENTED_EDGE('',*,*,#4133,.F.);
#4133 = EDGE_CURVE('',#4134,#4086,#4136,.T.);
#4134 = VERTEX_POINT('',#4135);
#4135 = CARTESIAN_POINT('',(26.456708382058,7.089053645358,
    66.666666666667));
#4136 = SURFACE_CURVE('',#4137,(#4142,#4152),.PCURVE_S1.);
#4137 = HYPERBOLA('',#4138,25.005322988392,20.981957297029);
#4138 = AXIS2_PLACEMENT_3D('',#4139,#4140,#4141);
#4139 = CARTESIAN_POINT('',(19.016111285568,-8.867358320788,
    99.308797567822));
#4140 = DIRECTION('',(0.906307787037,-0.422618261741,0.));
#4141 = DIRECTION('',(0.,-0.,-1.));
#4142 = PCURVE('',#2433,#4143);
#4143 = DEFINITIONAL_REPRESENTATION('',(#4144),#4151);
#4144 = B_SPLINE_CURVE_WITH_KNOTS('',5,(#4145,#4146,#4147,#4148,#4149,
    #4150),.UNSPECIFIED.,.F.,.F.,(6,6),(0.762909652067,0.929085588136),
  .PIECEWISE_BEZIER_KNOTS.);
#4145 = CARTESIAN_POINT('',(-0.261799387799,1.183801184491E-14));
#4146 = CARTESIAN_POINT('',(-0.28725901828,0.697339278879));
#4147 = CARTESIAN_POINT('',(-0.312038776843,1.439748246886));
#4148 = CARTESIAN_POINT('',(-0.336128482844,2.228831767345));
#4149 = CARTESIAN_POINT('',(-0.359525878723,3.066401492409));
#4150 = CARTESIAN_POINT('',(-0.382234432716,3.954500973152));
#4151 = ( GEOMETRIC_REPRESENTATION_CONTEXT(2) 
PARAMETRIC_REPRESENTATION_CONTEXT() REPRESENTATION_CONTEXT('2D SPACE',''
  ) );
#4152 = PCURVE('',#4047,#4153);
#4153 = DEFINITIONAL_REPRESENTATION('',(#4154),#4158);
#4154 = ( BOUNDED_CURVE() B_SPLINE_CURVE(2,(#4155,#4156,#4157),
.UNSPECIFIED.,.F.,.F.) B_SPLINE_CURVE_WITH_KNOTS((3,3),(0.762909652067,
0.929085588136),.PIECEWISE_BEZIER_KNOTS.) CURVE() 
GEOMETRIC_REPRESENTATION_ITEM() RATIONAL_B_SPLINE_CURVE((1.,1.0034537915
,1.)) REPRESENTATION_ITEM('') );
#4155 = CARTESIAN_POINT('',(6.222895307442,-67.66666666666));
#4156 = CARTESIAN_POINT('',(3.952338473076,-65.92731922091));
#4157 = CARTESIAN_POINT('',(1.406710160127,-63.71216569351));
#4158 = ( GEOMETRIC_REPRESENTATION_CONTEXT(2) 
PARAMETRIC_REPRESENTATION_CONTEXT() REPRESENTATION_CONTEXT('2D SPACE',''
  ) );
#4159 = ORIENTED_EDGE('',*,*,#4160,.T.);
#4160 = EDGE_CURVE('',#4134,#1209,#4161,.T.);
#4161 = SURFACE_CURVE('',#4162,(#4167,#4174),.PCURVE_S1.);
#4162 = CIRCLE('',#4163,27.39);
#4163 = AXIS2_PLACEMENT_3D('',#4164,#4165,#4166);
#4164 = CARTESIAN_POINT('',(0.,0.,66.666666666667));
#4165 = DIRECTION('',(0.,0.,1.));
#4166 = DIRECTION('',(1.,0.,-0.));
#4167 = PCURVE('',#2433,#4168);
#4168 = DEFINITIONAL_REPRESENTATION('',(#4169),#4173);
#4169 = LINE('',#4170,#4171);
#4170 = CARTESIAN_POINT('',(-0.,0.));
#4171 = VECTOR('',#4172,1.);
#4172 = DIRECTION('',(-1.,0.));
#4173 = ( GEOMETRIC_REPRESENTATION_CONTEXT(2) 
PARAMETRIC_REPRESENTATION_CONTEXT() REPRESENTATION_CONTEXT('2D SPACE',''
  ) );
#4174 = PCURVE('',#2492,#4175);
#4175 = DEFINITIONAL_REPRESENTATION('',(#4176),#4180);
#4176 = LINE('',#4177,#4178);
#4177 = CARTESIAN_POINT('',(0.,-4.767014370377));
#4178 = VECTOR('',#4179,1.);
#4179 = DIRECTION('',(1.,-0.));
#4180 = ( GEOMETRIC_REPRESENTATION_CONTEXT(2) 
PARAMETRIC_REPRESENTATION_CONTEXT() REPRESENTATION_CONTEXT('2D SPACE',''
  ) );
#4181 = ORIENTED_EDGE('',*,*,#2416,.F.);
#4182 = ORIENTED_EDGE('',*,*,#4108,.F.);
#4183 = ADVANCED_FACE('',(#4184),#2492,.F.);
#4184 = FACE_BOUND('',#4185,.T.);
#4185 = EDGE_LOOP('',(#4186,#4187,#4219,#4241));
#4186 = ORIENTED_EDGE('',*,*,#4160,.F.);
#4187 = ORIENTED_EDGE('',*,*,#4188,.F.);
#4188 = EDGE_CURVE('',#4189,#4134,#4191,.T.);
#4189 = VERTEX_POINT('',#4190);
#4190 = CARTESIAN_POINT('',(28.307079104948,11.057186466105,
    70.241927444449));
#4191 = SURFACE_CURVE('',#4192,(#4197,#4207),.PCURVE_S1.);
#4192 = HYPERBOLA('',#4193,25.005322988392,20.981957297029);
#4193 = AXIS2_PLACEMENT_3D('',#4194,#4195,#4196);
#4194 = CARTESIAN_POINT('',(19.016111285568,-8.867358320788,
    34.024535765511));
#4195 = DIRECTION('',(0.906307787037,-0.422618261741,0.));
#4196 = DIRECTION('',(-0.,0.,1.));
#4197 = PCURVE('',#2492,#4198);
#4198 = DEFINITIONAL_REPRESENTATION('',(#4199),#4206);
#4199 = B_SPLINE_CURVE_WITH_KNOTS('',5,(#4200,#4201,#4202,#4203,#4204,
    #4205),.UNSPECIFIED.,.F.,.F.,(6,6),(-0.929085588136,-0.762909652067)
  ,.PIECEWISE_BEZIER_KNOTS.);
#4200 = CARTESIAN_POINT('',(0.382234432716,-0.812513397225));
#4201 = CARTESIAN_POINT('',(0.359525878723,-1.700612877967));
#4202 = CARTESIAN_POINT('',(0.336128482844,-2.538182603031));
#4203 = CARTESIAN_POINT('',(0.312038776843,-3.327266123491));
#4204 = CARTESIAN_POINT('',(0.28725901828,-4.069675091498));
#4205 = CARTESIAN_POINT('',(0.261799387799,-4.767014370377));
#4206 = ( GEOMETRIC_REPRESENTATION_CONTEXT(2) 
PARAMETRIC_REPRESENTATION_CONTEXT() REPRESENTATION_CONTEXT('2D SPACE',''
  ) );
#4207 = PCURVE('',#4208,#4213);
#4208 = PLANE('',#4209);
#4209 = AXIS2_PLACEMENT_3D('',#4210,#4211,#4212);
#4210 = CARTESIAN_POINT('',(29.086617579883,12.728912120406,-1.));
#4211 = DIRECTION('',(0.906307787037,-0.422618261741,0.));
#4212 = DIRECTION('',(-0.422618261741,-0.906307787037,0.));
#4213 = DEFINITIONAL_REPRESENTATION('',(#4214),#4218);
#4214 = ( BOUNDED_CURVE() B_SPLINE_CURVE(2,(#4215,#4216,#4217),
.UNSPECIFIED.,.F.,.F.) B_SPLINE_CURVE_WITH_KNOTS((3,3),(-0.929085588136,
-0.762909652067),.PIECEWISE_BEZIER_KNOTS.) CURVE() 
GEOMETRIC_REPRESENTATION_ITEM() RATIONAL_B_SPLINE_CURVE((1.,1.0034537915
,1.)) REPRESENTATION_ITEM('') );
#4215 = CARTESIAN_POINT('',(1.406710160127,-71.62116763981));
#4216 = CARTESIAN_POINT('',(3.952338473076,-69.40601411241));
#4217 = CARTESIAN_POINT('',(6.222895307442,-67.66666666666));
#4218 = ( GEOMETRIC_REPRESENTATION_CONTEXT(2) 
PARAMETRIC_REPRESENTATION_CONTEXT() REPRESENTATION_CONTEXT('2D SPACE',''
  ) );
#4219 = ORIENTED_EDGE('',*,*,#4220,.T.);
#4220 = EDGE_CURVE('',#4189,#2476,#4221,.T.);
#4221 = SURFACE_CURVE('',#4222,(#4227,#4234),.PCURVE_S1.);
#4222 = CIRCLE('',#4223,30.39);
#4223 = AXIS2_PLACEMENT_3D('',#4224,#4225,#4226);
#4224 = CARTESIAN_POINT('',(0.,0.,70.241927444449));
#4225 = DIRECTION('',(0.,0.,1.));
#4226 = DIRECTION('',(0.,-1.,0.));
#4227 = PCURVE('',#2492,#4228);
#4228 = DEFINITIONAL_REPRESENTATION('',(#4229),#4233);
#4229 = LINE('',#4230,#4231);
#4230 = CARTESIAN_POINT('',(-1.570796326795,-1.191753592594));
#4231 = VECTOR('',#4232,1.);
#4232 = DIRECTION('',(1.,-0.));
#4233 = ( GEOMETRIC_REPRESENTATION_CONTEXT(2) 
PARAMETRIC_REPRESENTATION_CONTEXT() REPRESENTATION_CONTEXT('2D SPACE',''
  ) );
#4234 = PCURVE('',#2553,#4235);
#4235 = DEFINITIONAL_REPRESENTATION('',(#4236),#4240);
#4236 = LINE('',#4237,#4238);
#4237 = CARTESIAN_POINT('',(4.712388980385,71.241927444449));
#4238 = VECTOR('',#4239,1.);
#4239 = DIRECTION('',(1.,0.));
#4240 = ( GEOMETRIC_REPRESENTATION_CONTEXT(2) 
PARAMETRIC_REPRESENTATION_CONTEXT() REPRESENTATION_CONTEXT('2D SPACE',''
  ) );
#4241 = ORIENTED_EDGE('',*,*,#2475,.F.);
#4242 = ADVANCED_FACE('',(#4243),#2553,.F.);
#4243 = FACE_BOUND('',#4244,.F.);
#4244 = EDGE_LOOP('',(#4245,#4266,#4267,#4268));
#4245 = ORIENTED_EDGE('',*,*,#4246,.F.);
#4246 = EDGE_CURVE('',#4189,#4247,#4249,.T.);
#4247 = VERTEX_POINT('',#4248);
#4248 = CARTESIAN_POINT('',(28.307079104948,11.057186466105,
    79.758072555551));
#4249 = SURFACE_CURVE('',#4250,(#4254,#4260),.PCURVE_S1.);
#4250 = LINE('',#4251,#4252);
#4251 = CARTESIAN_POINT('',(28.307079104948,11.057186466105,-1.));
#4252 = VECTOR('',#4253,1.);
#4253 = DIRECTION('',(0.,0.,1.));
#4254 = PCURVE('',#2553,#4255);
#4255 = DEFINITIONAL_REPRESENTATION('',(#4256),#4259);
#4256 = B_SPLINE_CURVE_WITH_KNOTS('',1,(#4257,#4258),.UNSPECIFIED.,.F.,
  .F.,(2,2),(-5.999999999062E-07,102.0000006),.PIECEWISE_BEZIER_KNOTS.);
#4257 = CARTESIAN_POINT('',(6.655575591444,-5.999999999062E-07));
#4258 = CARTESIAN_POINT('',(6.655575591444,102.0000006));
#4259 = ( GEOMETRIC_REPRESENTATION_CONTEXT(2) 
PARAMETRIC_REPRESENTATION_CONTEXT() REPRESENTATION_CONTEXT('2D SPACE',''
  ) );
#4260 = PCURVE('',#4208,#4261);
#4261 = DEFINITIONAL_REPRESENTATION('',(#4262),#4265);
#4262 = B_SPLINE_CURVE_WITH_KNOTS('',1,(#4263,#4264),.UNSPECIFIED.,.F.,
  .F.,(2,2),(-5.999999999062E-07,102.0000006),.PIECEWISE_BEZIER_KNOTS.);
#4263 = CARTESIAN_POINT('',(1.844545173519,5.999999999062E-07));
#4264 = CARTESIAN_POINT('',(1.844545173519,-102.0000006));
#4265 = ( GEOMETRIC_REPRESENTATION_CONTEXT(2) 
PARAMETRIC_REPRESENTATION_CONTEXT() REPRESENTATION_CONTEXT('2D SPACE',''
  ) );
#4266 = ORIENTED_EDGE('',*,*,#4220,.T.);
#4267 = ORIENTED_EDGE('',*,*,#2540,.T.);
#4268 = ORIENTED_EDGE('',*,*,#4269,.F.);
#4269 = EDGE_CURVE('',#4247,#2509,#4270,.T.);
#4270 = SURFACE_CURVE('',#4271,(#4276,#4283),.PCURVE_S1.);
#4271 = CIRCLE('',#4272,30.39);
#4272 = AXIS2_PLACEMENT_3D('',#4273,#4274,#4275);
#4273 = CARTESIAN_POINT('',(0.,0.,79.758072555551));
#4274 = DIRECTION('',(0.,0.,1.));
#4275 = DIRECTION('',(0.,-1.,0.));
#4276 = PCURVE('',#2553,#4277);
#4277 = DEFINITIONAL_REPRESENTATION('',(#4278),#4282);
#4278 = LINE('',#4279,#4280);
#4279 = CARTESIAN_POINT('',(4.712388980385,80.758072555551));
#4280 = VECTOR('',#4281,1.);
#4281 = DIRECTION('',(1.,0.));
#4282 = ( GEOMETRIC_REPRESENTATION_CONTEXT(2) 
PARAMETRIC_REPRESENTATION_CONTEXT() REPRESENTATION_CONTEXT('2D SPACE',''
  ) );
#4283 = PCURVE('',#2525,#4284);
#4284 = DEFINITIONAL_REPRESENTATION('',(#4285),#4289);
#4285 = LINE('',#4286,#4287);
#4286 = CARTESIAN_POINT('',(1.570796326795,3.575260777783));
#4287 = VECTOR('',#4288,1.);
#4288 = DIRECTION('',(-1.,0.));
#4289 = ( GEOMETRIC_REPRESENTATION_CONTEXT(2) 
PARAMETRIC_REPRESENTATION_CONTEXT() REPRESENTATION_CONTEXT('2D SPACE',''
  ) );
#4290 = ADVANCED_FACE('',(#4291),#2525,.F.);
#4291 = FACE_BOUND('',#4292,.T.);
#4292 = EDGE_LOOP('',(#4293,#4318,#4340,#4341));
#4293 = ORIENTED_EDGE('',*,*,#4294,.F.);
#4294 = EDGE_CURVE('',#2829,#4247,#4295,.T.);
#4295 = SURFACE_CURVE('',#4296,(#4301,#4311),.PCURVE_S1.);
#4296 = HYPERBOLA('',#4297,25.005322988392,20.981957297029);
#4297 = AXIS2_PLACEMENT_3D('',#4298,#4299,#4300);
#4298 = CARTESIAN_POINT('',(19.016111285568,-8.867358320788,
    115.97546423448));
#4299 = DIRECTION('',(0.906307787037,-0.422618261741,0.));
#4300 = DIRECTION('',(0.,-0.,-1.));
#4301 = PCURVE('',#2525,#4302);
#4302 = DEFINITIONAL_REPRESENTATION('',(#4303),#4310);
#4303 = B_SPLINE_CURVE_WITH_KNOTS('',5,(#4304,#4305,#4306,#4307,#4308,
    #4309),.UNSPECIFIED.,.F.,.F.,(6,6),(0.762909652067,0.929085588136),
  .PIECEWISE_BEZIER_KNOTS.);
#4304 = CARTESIAN_POINT('',(-0.261799387799,1.183801184491E-14));
#4305 = CARTESIAN_POINT('',(-0.28725901828,0.697339278879));
#4306 = CARTESIAN_POINT('',(-0.312038776843,1.439748246886));
#4307 = CARTESIAN_POINT('',(-0.336128482844,2.228831767345));
#4308 = CARTESIAN_POINT('',(-0.359525878723,3.066401492409));
#4309 = CARTESIAN_POINT('',(-0.382234432716,3.954500973152));
#4310 = ( GEOMETRIC_REPRESENTATION_CONTEXT(2) 
PARAMETRIC_REPRESENTATION_CONTEXT() REPRESENTATION_CONTEXT('2D SPACE',''
  ) );
#4311 = PCURVE('',#4208,#4312);
#4312 = DEFINITIONAL_REPRESENTATION('',(#4313),#4317);
#4313 = ( BOUNDED_CURVE() B_SPLINE_CURVE(2,(#4314,#4315,#4316),
.UNSPECIFIED.,.F.,.F.) B_SPLINE_CURVE_WITH_KNOTS((3,3),(0.762909652067,
0.929085588136),.PIECEWISE_BEZIER_KNOTS.) CURVE() 
GEOMETRIC_REPRESENTATION_ITEM() RATIONAL_B_SPLINE_CURVE((1.,1.0034537915
,1.)) REPRESENTATION_ITEM('') );
#4314 = CARTESIAN_POINT('',(6.222895307442,-84.33333333333));
#4315 = CARTESIAN_POINT('',(3.952338473076,-82.59398588758));
#4316 = CARTESIAN_POINT('',(1.406710160127,-80.37883236018));
#4317 = ( GEOMETRIC_REPRESENTATION_CONTEXT(2) 
PARAMETRIC_REPRESENTATION_CONTEXT() REPRESENTATION_CONTEXT('2D SPACE',''
  ) );
#4318 = ORIENTED_EDGE('',*,*,#4319,.T.);
#4319 = EDGE_CURVE('',#2829,#1181,#4320,.T.);
#4320 = SURFACE_CURVE('',#4321,(#4326,#4333),.PCURVE_S1.);
#4321 = CIRCLE('',#4322,27.39);
#4322 = AXIS2_PLACEMENT_3D('',#4323,#4324,#4325);
#4323 = CARTESIAN_POINT('',(0.,0.,83.333333333333));
#4324 = DIRECTION('',(0.,0.,1.));
#4325 = DIRECTION('',(1.,0.,-0.));
#4326 = PCURVE('',#2525,#4327);
#4327 = DEFINITIONAL_REPRESENTATION('',(#4328),#4332);
#4328 = LINE('',#4329,#4330);
#4329 = CARTESIAN_POINT('',(-0.,0.));
#4330 = VECTOR('',#4331,1.);
#4331 = DIRECTION('',(-1.,0.));
#4332 = ( GEOMETRIC_REPRESENTATION_CONTEXT(2) 
PARAMETRIC_REPRESENTATION_CONTEXT() REPRESENTATION_CONTEXT('2D SPACE',''
  ) );
#4333 = PCURVE('',#2584,#4334);
#4334 = DEFINITIONAL_REPRESENTATION('',(#4335),#4339);
#4335 = LINE('',#4336,#4337);
#4336 = CARTESIAN_POINT('',(0.,-4.767014370377));
#4337 = VECTOR('',#4338,1.);
#4338 = DIRECTION('',(1.,-0.));
#4339 = ( GEOMETRIC_REPRESENTATION_CONTEXT(2) 
PARAMETRIC_REPRESENTATION_CONTEXT() REPRESENTATION_CONTEXT('2D SPACE',''
  ) );
#4340 = ORIENTED_EDGE('',*,*,#2508,.F.);
#4341 = ORIENTED_EDGE('',*,*,#4269,.F.);
#4342 = ADVANCED_FACE('',(#4343),#2584,.F.);
#4343 = FACE_BOUND('',#4344,.T.);
#4344 = EDGE_LOOP('',(#4345,#4346,#4347,#4348));
#4345 = ORIENTED_EDGE('',*,*,#4319,.F.);
#4346 = ORIENTED_EDGE('',*,*,#2882,.F.);
#4347 = ORIENTED_EDGE('',*,*,#2933,.T.);
#4348 = ORIENTED_EDGE('',*,*,#2567,.F.);
#4349 = ADVANCED_FACE('',(#4350),#2742,.F.);
#4350 = FACE_BOUND('',#4351,.T.);
#4351 = EDGE_LOOP('',(#4352,#4379,#4380,#4381));
#4352 = ORIENTED_EDGE('',*,*,#4353,.T.);
#4353 = EDGE_CURVE('',#2829,#2672,#4354,.T.);
#4354 = SURFACE_CURVE('',#4355,(#4360,#4367),.PCURVE_S1.);
#4355 = CIRCLE('',#4356,27.39);
#4356 = AXIS2_PLACEMENT_3D('',#4357,#4358,#4359);
#4357 = CARTESIAN_POINT('',(0.,0.,83.333333333333));
#4358 = DIRECTION('',(0.,0.,-1.));
#4359 = DIRECTION('',(0.965925826289,0.258819045103,0.));
#4360 = PCURVE('',#2742,#4361);
#4361 = DEFINITIONAL_REPRESENTATION('',(#4362),#4366);
#4362 = LINE('',#4363,#4364);
#4363 = CARTESIAN_POINT('',(6.544984694979,-4.767014370377));
#4364 = VECTOR('',#4365,1.);
#4365 = DIRECTION('',(-1.,-0.));
#4366 = ( GEOMETRIC_REPRESENTATION_CONTEXT(2) 
PARAMETRIC_REPRESENTATION_CONTEXT() REPRESENTATION_CONTEXT('2D SPACE',''
  ) );
#4367 = PCURVE('',#4368,#4373);
#4368 = CONICAL_SURFACE('',#4369,27.39,0.698131700798);
#4369 = AXIS2_PLACEMENT_3D('',#4370,#4371,#4372);
#4370 = CARTESIAN_POINT('',(0.,0.,83.333333333333));
#4371 = DIRECTION('',(-0.,-0.,-1.));
#4372 = DIRECTION('',(1.,0.,0.));
#4373 = DEFINITIONAL_REPRESENTATION('',(#4374),#4378);
#4374 = LINE('',#4375,#4376);
#4375 = CARTESIAN_POINT('',(-6.544984694979,0.));
#4376 = VECTOR('',#4377,1.);
#4377 = DIRECTION('',(1.,-0.));
#4378 = ( GEOMETRIC_REPRESENTATION_CONTEXT(2) 
PARAMETRIC_REPRESENTATION_CONTEXT() REPRESENTATION_CONTEXT('2D SPACE',''
  ) );
#4379 = ORIENTED_EDGE('',*,*,#2725,.F.);
#4380 = ORIENTED_EDGE('',*,*,#2781,.F.);
#4381 = ORIENTED_EDGE('',*,*,#2828,.F.);
#4382 = ADVANCED_FACE('',(#4383),#3009,.F.);
#4383 = FACE_BOUND('',#4384,.F.);
#4384 = EDGE_LOOP('',(#4385,#4386,#4412,#4413));
#4385 = ORIENTED_EDGE('',*,*,#3095,.F.);
#4386 = ORIENTED_EDGE('',*,*,#4387,.T.);
#4387 = EDGE_CURVE('',#3096,#2672,#4388,.T.);
#4388 = SURFACE_CURVE('',#4389,(#4393,#4400),.PCURVE_S1.);
#4389 = LINE('',#4390,#4391);
#4390 = CARTESIAN_POINT('',(26.456708382058,-7.089053645358,-1.));
#4391 = VECTOR('',#4392,1.);
#4392 = DIRECTION('',(0.,0.,1.));
#4393 = PCURVE('',#3009,#4394);
#4394 = DEFINITIONAL_REPRESENTATION('',(#4395),#4399);
#4395 = LINE('',#4396,#4397);
#4396 = CARTESIAN_POINT('',(0.,0.));
#4397 = VECTOR('',#4398,1.);
#4398 = DIRECTION('',(0.,-1.));
#4399 = ( GEOMETRIC_REPRESENTATION_CONTEXT(2) 
PARAMETRIC_REPRESENTATION_CONTEXT() REPRESENTATION_CONTEXT('2D SPACE',''
  ) );
#4400 = PCURVE('',#4401,#4406);
#4401 = PLANE('',#4402);
#4402 = AXIS2_PLACEMENT_3D('',#4403,#4404,#4405);
#4403 = CARTESIAN_POINT('',(31.554205794545,-3.51974753113,-1.));
#4404 = DIRECTION('',(0.573576436351,-0.819152044289,0.));
#4405 = DIRECTION('',(-0.819152044289,-0.573576436351,0.));
#4406 = DEFINITIONAL_REPRESENTATION('',(#4407),#4411);
#4407 = LINE('',#4408,#4409);
#4408 = CARTESIAN_POINT('',(6.222895307442,0.));
#4409 = VECTOR('',#4410,1.);
#4410 = DIRECTION('',(0.,-1.));
#4411 = ( GEOMETRIC_REPRESENTATION_CONTEXT(2) 
PARAMETRIC_REPRESENTATION_CONTEXT() REPRESENTATION_CONTEXT('2D SPACE',''
  ) );
#4412 = ORIENTED_EDGE('',*,*,#2989,.F.);
#4413 = ORIENTED_EDGE('',*,*,#3072,.F.);
#4414 = ADVANCED_FACE('',(#4415),#3170,.F.);
#4415 = FACE_BOUND('',#4416,.F.);
#4416 = EDGE_LOOP('',(#4417,#4418,#4444,#4445));
#4417 = ORIENTED_EDGE('',*,*,#3256,.F.);
#4418 = ORIENTED_EDGE('',*,*,#4419,.T.);
#4419 = EDGE_CURVE('',#3257,#3096,#4420,.T.);
#4420 = SURFACE_CURVE('',#4421,(#4425,#4432),.PCURVE_S1.);
#4421 = LINE('',#4422,#4423);
#4422 = CARTESIAN_POINT('',(26.456708382058,-7.089053645358,-1.));
#4423 = VECTOR('',#4424,1.);
#4424 = DIRECTION('',(0.,0.,1.));
#4425 = PCURVE('',#3170,#4426);
#4426 = DEFINITIONAL_REPRESENTATION('',(#4427),#4431);
#4427 = LINE('',#4428,#4429);
#4428 = CARTESIAN_POINT('',(0.,0.));
#4429 = VECTOR('',#4430,1.);
#4430 = DIRECTION('',(0.,-1.));
#4431 = ( GEOMETRIC_REPRESENTATION_CONTEXT(2) 
PARAMETRIC_REPRESENTATION_CONTEXT() REPRESENTATION_CONTEXT('2D SPACE',''
  ) );
#4432 = PCURVE('',#4433,#4438);
#4433 = PLANE('',#4434);
#4434 = AXIS2_PLACEMENT_3D('',#4435,#4436,#4437);
#4435 = CARTESIAN_POINT('',(31.554205794545,-3.51974753113,-1.));
#4436 = DIRECTION('',(0.573576436351,-0.819152044289,0.));
#4437 = DIRECTION('',(-0.819152044289,-0.573576436351,0.));
#4438 = DEFINITIONAL_REPRESENTATION('',(#4439),#4443);
#4439 = LINE('',#4440,#4441);
#4440 = CARTESIAN_POINT('',(6.222895307442,0.));
#4441 = VECTOR('',#4442,1.);
#4442 = DIRECTION('',(0.,-1.));
#4443 = ( GEOMETRIC_REPRESENTATION_CONTEXT(2) 
PARAMETRIC_REPRESENTATION_CONTEXT() REPRESENTATION_CONTEXT('2D SPACE',''
  ) );
#4444 = ORIENTED_EDGE('',*,*,#3150,.F.);
#4445 = ORIENTED_EDGE('',*,*,#3233,.F.);
#4446 = ADVANCED_FACE('',(#4447),#3331,.F.);
#4447 = FACE_BOUND('',#4448,.F.);
#4448 = EDGE_LOOP('',(#4449,#4450,#4476,#4477));
#4449 = ORIENTED_EDGE('',*,*,#3417,.F.);
#4450 = ORIENTED_EDGE('',*,*,#4451,.T.);
#4451 = EDGE_CURVE('',#3418,#3257,#4452,.T.);
#4452 = SURFACE_CURVE('',#4453,(#4457,#4464),.PCURVE_S1.);
#4453 = LINE('',#4454,#4455);
#4454 = CARTESIAN_POINT('',(26.456708382058,-7.089053645358,-1.));
#4455 = VECTOR('',#4456,1.);
#4456 = DIRECTION('',(0.,0.,1.));
#4457 = PCURVE('',#3331,#4458);
#4458 = DEFINITIONAL_REPRESENTATION('',(#4459),#4463);
#4459 = LINE('',#4460,#4461);
#4460 = CARTESIAN_POINT('',(0.,0.));
#4461 = VECTOR('',#4462,1.);
#4462 = DIRECTION('',(0.,-1.));
#4463 = ( GEOMETRIC_REPRESENTATION_CONTEXT(2) 
PARAMETRIC_REPRESENTATION_CONTEXT() REPRESENTATION_CONTEXT('2D SPACE',''
  ) );
#4464 = PCURVE('',#4465,#4470);
#4465 = PLANE('',#4466);
#4466 = AXIS2_PLACEMENT_3D('',#4467,#4468,#4469);
#4467 = CARTESIAN_POINT('',(31.554205794545,-3.51974753113,-1.));
#4468 = DIRECTION('',(0.573576436351,-0.819152044289,0.));
#4469 = DIRECTION('',(-0.819152044289,-0.573576436351,0.));
#4470 = DEFINITIONAL_REPRESENTATION('',(#4471),#4475);
#4471 = LINE('',#4472,#4473);
#4472 = CARTESIAN_POINT('',(6.222895307442,0.));
#4473 = VECTOR('',#4474,1.);
#4474 = DIRECTION('',(0.,-1.));
#4475 = ( GEOMETRIC_REPRESENTATION_CONTEXT(2) 
PARAMETRIC_REPRESENTATION_CONTEXT() REPRESENTATION_CONTEXT('2D SPACE',''
  ) );
#4476 = ORIENTED_EDGE('',*,*,#3311,.F.);
#4477 = ORIENTED_EDGE('',*,*,#3394,.F.);
#4478 = ADVANCED_FACE('',(#4479),#3492,.F.);
#4479 = FACE_BOUND('',#4480,.F.);
#4480 = EDGE_LOOP('',(#4481,#4482,#4503,#4504));
#4481 = ORIENTED_EDGE('',*,*,#3578,.F.);
#4482 = ORIENTED_EDGE('',*,*,#4483,.T.);
#4483 = EDGE_CURVE('',#770,#3418,#4484,.T.);
#4484 = SURFACE_CURVE('',#4485,(#4489,#4496),.PCURVE_S1.);
#4485 = LINE('',#4486,#4487);
#4486 = CARTESIAN_POINT('',(26.456708382058,-7.089053645358,-1.));
#4487 = VECTOR('',#4488,1.);
#4488 = DIRECTION('',(0.,0.,1.));
#4489 = PCURVE('',#3492,#4490);
#4490 = DEFINITIONAL_REPRESENTATION('',(#4491),#4495);
#4491 = LINE('',#4492,#4493);
#4492 = CARTESIAN_POINT('',(0.,0.));
#4493 = VECTOR('',#4494,1.);
#4494 = DIRECTION('',(0.,-1.));
#4495 = ( GEOMETRIC_REPRESENTATION_CONTEXT(2) 
PARAMETRIC_REPRESENTATION_CONTEXT() REPRESENTATION_CONTEXT('2D SPACE',''
  ) );
#4496 = PCURVE('',#3630,#4497);
#4497 = DEFINITIONAL_REPRESENTATION('',(#4498),#4502);
#4498 = LINE('',#4499,#4500);
#4499 = CARTESIAN_POINT('',(6.222895307442,0.));
#4500 = VECTOR('',#4501,1.);
#4501 = DIRECTION('',(0.,-1.));
#4502 = ( GEOMETRIC_REPRESENTATION_CONTEXT(2) 
PARAMETRIC_REPRESENTATION_CONTEXT() REPRESENTATION_CONTEXT('2D SPACE',''
  ) );
#4503 = ORIENTED_EDGE('',*,*,#3472,.F.);
#4504 = ORIENTED_EDGE('',*,*,#3555,.F.);
#4505 = ADVANCED_FACE('',(#4506),#3630,.F.);
#4506 = FACE_BOUND('',#4507,.F.);
#4507 = EDGE_LOOP('',(#4508,#4509,#4510,#4531));
#4508 = ORIENTED_EDGE('',*,*,#4483,.F.);
#4509 = ORIENTED_EDGE('',*,*,#3610,.F.);
#4510 = ORIENTED_EDGE('',*,*,#4511,.T.);
#4511 = EDGE_CURVE('',#3611,#4512,#4514,.T.);
#4512 = VERTEX_POINT('',#4513);
#4513 = CARTESIAN_POINT('',(30.043242844873,-4.577735178446,
    29.758072555551));
#4514 = SURFACE_CURVE('',#4515,(#4519,#4525),.PCURVE_S1.);
#4515 = LINE('',#4516,#4517);
#4516 = CARTESIAN_POINT('',(30.043242844873,-4.577735178446,-1.));
#4517 = VECTOR('',#4518,1.);
#4518 = DIRECTION('',(0.,0.,1.));
#4519 = PCURVE('',#3630,#4520);
#4520 = DEFINITIONAL_REPRESENTATION('',(#4521),#4524);
#4521 = B_SPLINE_CURVE_WITH_KNOTS('',1,(#4522,#4523),.UNSPECIFIED.,.F.,
  .F.,(2,2),(-5.999999999062E-07,102.0000006),.PIECEWISE_BEZIER_KNOTS.);
#4522 = CARTESIAN_POINT('',(1.844545173519,5.999999999062E-07));
#4523 = CARTESIAN_POINT('',(1.844545173519,-102.0000006));
#4524 = ( GEOMETRIC_REPRESENTATION_CONTEXT(2) 
PARAMETRIC_REPRESENTATION_CONTEXT() REPRESENTATION_CONTEXT('2D SPACE',''
  ) );
#4525 = PCURVE('',#3659,#4526);
#4526 = DEFINITIONAL_REPRESENTATION('',(#4527),#4530);
#4527 = B_SPLINE_CURVE_WITH_KNOTS('',1,(#4528,#4529),.UNSPECIFIED.,.F.,
  .F.,(2,2),(-5.999999999062E-07,102.0000006),.PIECEWISE_BEZIER_KNOTS.);
#4528 = CARTESIAN_POINT('',(6.131976815845,-5.999999999062E-07));
#4529 = CARTESIAN_POINT('',(6.131976815845,102.0000006));
#4530 = ( GEOMETRIC_REPRESENTATION_CONTEXT(2) 
PARAMETRIC_REPRESENTATION_CONTEXT() REPRESENTATION_CONTEXT('2D SPACE',''
  ) );
#4531 = ORIENTED_EDGE('',*,*,#4532,.F.);
#4532 = EDGE_CURVE('',#3418,#4512,#4533,.T.);
#4533 = SURFACE_CURVE('',#4534,(#4539,#4546),.PCURVE_S1.);
#4534 = HYPERBOLA('',#4535,25.005322988392,20.981957297029);
#4535 = AXIS2_PLACEMENT_3D('',#4536,#4537,#4538);
#4536 = CARTESIAN_POINT('',(12.0347562941,-17.18741321304,
    65.975464234489));
#4537 = DIRECTION('',(0.573576436351,-0.819152044289,0.));
#4538 = DIRECTION('',(0.,-0.,-1.));
#4539 = PCURVE('',#3630,#4540);
#4540 = DEFINITIONAL_REPRESENTATION('',(#4541),#4545);
#4541 = ( BOUNDED_CURVE() B_SPLINE_CURVE(2,(#4542,#4543,#4544),
.UNSPECIFIED.,.F.,.F.) B_SPLINE_CURVE_WITH_KNOTS((3,3),(0.762909652067,
0.929085588136),.PIECEWISE_BEZIER_KNOTS.) CURVE() 
GEOMETRIC_REPRESENTATION_ITEM() RATIONAL_B_SPLINE_CURVE((1.,1.0034537915
,1.)) REPRESENTATION_ITEM('') );
#4542 = CARTESIAN_POINT('',(6.222895307442,-34.33333333333));
#4543 = CARTESIAN_POINT('',(3.952338473076,-32.59398588758));
#4544 = CARTESIAN_POINT('',(1.406710160127,-30.37883236018));
#4545 = ( GEOMETRIC_REPRESENTATION_CONTEXT(2) 
PARAMETRIC_REPRESENTATION_CONTEXT() REPRESENTATION_CONTEXT('2D SPACE',''
  ) );
#4546 = PCURVE('',#4547,#4552);
#4547 = CONICAL_SURFACE('',#4548,27.39,0.698131700798);
#4548 = AXIS2_PLACEMENT_3D('',#4549,#4550,#4551);
#4549 = CARTESIAN_POINT('',(0.,0.,33.333333333333));
#4550 = DIRECTION('',(-0.,-0.,-1.));
#4551 = DIRECTION('',(1.,0.,0.));
#4552 = DEFINITIONAL_REPRESENTATION('',(#4553),#4560);
#4553 = B_SPLINE_CURVE_WITH_KNOTS('',5,(#4554,#4555,#4556,#4557,#4558,
    #4559),.UNSPECIFIED.,.F.,.F.,(6,6),(0.762909652067,0.914753173669),
  .PIECEWISE_BEZIER_KNOTS.);
#4554 = CARTESIAN_POINT('',(-6.02138591938,-1.008864185735E-14));
#4555 = CARTESIAN_POINT('',(-6.04464969657,0.63719485722));
#4556 = CARTESIAN_POINT('',(-6.067345820193,1.312020287306));
#4557 = CARTESIAN_POINT('',(-6.089466523137,2.025700687813));
#4558 = CARTESIAN_POINT('',(-6.111009561692,2.779604614578));
#4559 = CARTESIAN_POINT('',(-6.131976815875,3.5752607769));
#4560 = ( GEOMETRIC_REPRESENTATION_CONTEXT(2) 
PARAMETRIC_REPRESENTATION_CONTEXT() REPRESENTATION_CONTEXT('2D SPACE',''
  ) );
#4561 = ADVANCED_FACE('',(#4562),#3659,.F.);
#4562 = FACE_BOUND('',#4563,.F.);
#4563 = EDGE_LOOP('',(#4564,#4565,#4566,#4587));
#4564 = ORIENTED_EDGE('',*,*,#4511,.F.);
#4565 = ORIENTED_EDGE('',*,*,#3642,.F.);
#4566 = ORIENTED_EDGE('',*,*,#4567,.T.);
#4567 = EDGE_CURVE('',#3643,#4568,#4570,.T.);
#4568 = VERTEX_POINT('',#4569);
#4569 = CARTESIAN_POINT('',(30.043242844873,4.577735178446,
    29.758072555551));
#4570 = SURFACE_CURVE('',#4571,(#4575,#4581),.PCURVE_S1.);
#4571 = LINE('',#4572,#4573);
#4572 = CARTESIAN_POINT('',(30.043242844873,4.577735178446,-1.));
#4573 = VECTOR('',#4574,1.);
#4574 = DIRECTION('',(0.,0.,1.));
#4575 = PCURVE('',#3659,#4576);
#4576 = DEFINITIONAL_REPRESENTATION('',(#4577),#4580);
#4577 = B_SPLINE_CURVE_WITH_KNOTS('',1,(#4578,#4579),.UNSPECIFIED.,.F.,
  .F.,(2,2),(-5.999999999062E-07,102.0000006),.PIECEWISE_BEZIER_KNOTS.);
#4578 = CARTESIAN_POINT('',(6.434393798514,-5.999999999062E-07));
#4579 = CARTESIAN_POINT('',(6.434393798514,102.0000006));
#4580 = ( GEOMETRIC_REPRESENTATION_CONTEXT(2) 
PARAMETRIC_REPRESENTATION_CONTEXT() REPRESENTATION_CONTEXT('2D SPACE',''
  ) );
#4581 = PCURVE('',#3689,#4582);
#4582 = DEFINITIONAL_REPRESENTATION('',(#4583),#4586);
#4583 = B_SPLINE_CURVE_WITH_KNOTS('',1,(#4584,#4585),.UNSPECIFIED.,.F.,
  .F.,(2,2),(-5.999999999062E-07,102.0000006),.PIECEWISE_BEZIER_KNOTS.);
#4584 = CARTESIAN_POINT('',(4.378350133922,5.999999999062E-07));
#4585 = CARTESIAN_POINT('',(4.378350133922,-102.0000006));
#4586 = ( GEOMETRIC_REPRESENTATION_CONTEXT(2) 
PARAMETRIC_REPRESENTATION_CONTEXT() REPRESENTATION_CONTEXT('2D SPACE',''
  ) );
#4587 = ORIENTED_EDGE('',*,*,#4588,.T.);
#4588 = EDGE_CURVE('',#4568,#4512,#4589,.T.);
#4589 = SURFACE_CURVE('',#4590,(#4595,#4602),.PCURVE_S1.);
#4590 = CIRCLE('',#4591,30.39);
#4591 = AXIS2_PLACEMENT_3D('',#4592,#4593,#4594);
#4592 = CARTESIAN_POINT('',(0.,0.,29.758072555551));
#4593 = DIRECTION('',(-4.437342591868E-31,-1.552170905617E-15,-1.));
#4594 = DIRECTION('',(0.988589761266,0.150632944338,-2.338080736295E-16)
  );
#4595 = PCURVE('',#3659,#4596);
#4596 = DEFINITIONAL_REPRESENTATION('',(#4597),#4601);
#4597 = LINE('',#4598,#4599);
#4598 = CARTESIAN_POINT('',(6.434393798514,30.758072555551));
#4599 = VECTOR('',#4600,1.);
#4600 = DIRECTION('',(-1.,-0.));
#4601 = ( GEOMETRIC_REPRESENTATION_CONTEXT(2) 
PARAMETRIC_REPRESENTATION_CONTEXT() REPRESENTATION_CONTEXT('2D SPACE',''
  ) );
#4602 = PCURVE('',#4547,#4603);
#4603 = DEFINITIONAL_REPRESENTATION('',(#4604),#4608);
#4604 = LINE('',#4605,#4606);
#4605 = CARTESIAN_POINT('',(-6.434393798514,3.575260777783));
#4606 = VECTOR('',#4607,1.);
#4607 = DIRECTION('',(1.,-0.));
#4608 = ( GEOMETRIC_REPRESENTATION_CONTEXT(2) 
PARAMETRIC_REPRESENTATION_CONTEXT() REPRESENTATION_CONTEXT('2D SPACE',''
  ) );
#4609 = ADVANCED_FACE('',(#4610),#3689,.F.);
#4610 = FACE_BOUND('',#4611,.F.);
#4611 = EDGE_LOOP('',(#4612,#4613,#4634,#4659));
#4612 = ORIENTED_EDGE('',*,*,#3671,.F.);
#4613 = ORIENTED_EDGE('',*,*,#4614,.T.);
#4614 = EDGE_CURVE('',#927,#3812,#4615,.T.);
#4615 = SURFACE_CURVE('',#4616,(#4620,#4627),.PCURVE_S1.);
#4616 = LINE('',#4617,#4618);
#4617 = CARTESIAN_POINT('',(26.456708382058,7.089053645358,-1.));
#4618 = VECTOR('',#4619,1.);
#4619 = DIRECTION('',(0.,0.,1.));
#4620 = PCURVE('',#3689,#4621);
#4621 = DEFINITIONAL_REPRESENTATION('',(#4622),#4626);
#4622 = LINE('',#4623,#4624);
#4623 = CARTESIAN_POINT('',(0.,0.));
#4624 = VECTOR('',#4625,1.);
#4625 = DIRECTION('',(0.,-1.));
#4626 = ( GEOMETRIC_REPRESENTATION_CONTEXT(2) 
PARAMETRIC_REPRESENTATION_CONTEXT() REPRESENTATION_CONTEXT('2D SPACE',''
  ) );
#4627 = PCURVE('',#3725,#4628);
#4628 = DEFINITIONAL_REPRESENTATION('',(#4629),#4633);
#4629 = LINE('',#4630,#4631);
#4630 = CARTESIAN_POINT('',(6.222895307442,0.));
#4631 = VECTOR('',#4632,1.);
#4632 = DIRECTION('',(0.,-1.));
#4633 = ( GEOMETRIC_REPRESENTATION_CONTEXT(2) 
PARAMETRIC_REPRESENTATION_CONTEXT() REPRESENTATION_CONTEXT('2D SPACE',''
  ) );
#4634 = ORIENTED_EDGE('',*,*,#4635,.F.);
#4635 = EDGE_CURVE('',#4568,#3812,#4636,.T.);
#4636 = SURFACE_CURVE('',#4637,(#4642,#4649),.PCURVE_S1.);
#4637 = HYPERBOLA('',#4638,25.005322988392,20.981957297029);
#4638 = AXIS2_PLACEMENT_3D('',#4639,#4640,#4641);
#4639 = CARTESIAN_POINT('',(12.0347562941,17.187413213045,
    65.975464234489));
#4640 = DIRECTION('',(0.573576436351,0.819152044289,0.));
#4641 = DIRECTION('',(0.,0.,-1.));
#4642 = PCURVE('',#3689,#4643);
#4643 = DEFINITIONAL_REPRESENTATION('',(#4644),#4648);
#4644 = ( BOUNDED_CURVE() B_SPLINE_CURVE(2,(#4645,#4646,#4647),
.UNSPECIFIED.,.F.,.F.) B_SPLINE_CURVE_WITH_KNOTS((3,3),(-0.929085588136,
-0.762909652067),.PIECEWISE_BEZIER_KNOTS.) CURVE() 
GEOMETRIC_REPRESENTATION_ITEM() RATIONAL_B_SPLINE_CURVE((1.,1.0034537915
,1.)) REPRESENTATION_ITEM('') );
#4645 = CARTESIAN_POINT('',(4.816185147315,-30.37883236018));
#4646 = CARTESIAN_POINT('',(2.270556834366,-32.59398588758));
#4647 = CARTESIAN_POINT('',(0.,-34.33333333333));
#4648 = ( GEOMETRIC_REPRESENTATION_CONTEXT(2) 
PARAMETRIC_REPRESENTATION_CONTEXT() REPRESENTATION_CONTEXT('2D SPACE',''
  ) );
#4649 = PCURVE('',#4547,#4650);
#4650 = DEFINITIONAL_REPRESENTATION('',(#4651),#4658);
#4651 = B_SPLINE_CURVE_WITH_KNOTS('',5,(#4652,#4653,#4654,#4655,#4656,
    #4657),.UNSPECIFIED.,.F.,.F.,(6,6),(-0.914753173669,-0.762909652067)
  ,.PIECEWISE_BEZIER_KNOTS.);
#4652 = CARTESIAN_POINT('',(-6.434393798484,3.5752607769));
#4653 = CARTESIAN_POINT('',(-6.455361052667,2.779604614578));
#4654 = CARTESIAN_POINT('',(-6.476904091222,2.025700687813));
#4655 = CARTESIAN_POINT('',(-6.499024794166,1.312020287306));
#4656 = CARTESIAN_POINT('',(-6.521720917789,0.63719485722));
#4657 = CARTESIAN_POINT('',(-6.544984694979,-4.169635934897E-15));
#4658 = ( GEOMETRIC_REPRESENTATION_CONTEXT(2) 
PARAMETRIC_REPRESENTATION_CONTEXT() REPRESENTATION_CONTEXT('2D SPACE',''
  ) );
#4659 = ORIENTED_EDGE('',*,*,#4567,.F.);
#4660 = ADVANCED_FACE('',(#4661),#3725,.F.);
#4661 = FACE_BOUND('',#4662,.F.);
#4662 = EDGE_LOOP('',(#4663,#4664,#4665,#4666));
#4663 = ORIENTED_EDGE('',*,*,#4614,.F.);
#4664 = ORIENTED_EDGE('',*,*,#3705,.F.);
#4665 = ORIENTED_EDGE('',*,*,#3763,.T.);
#4666 = ORIENTED_EDGE('',*,*,#3811,.F.);
#4667 = ADVANCED_FACE('',(#4668),#3886,.F.);
#4668 = FACE_BOUND('',#4669,.F.);
#4669 = EDGE_LOOP('',(#4670,#4696,#4697,#4698));
#4670 = ORIENTED_EDGE('',*,*,#4671,.F.);
#4671 = EDGE_CURVE('',#3812,#3973,#4672,.T.);
#4672 = SURFACE_CURVE('',#4673,(#4677,#4684),.PCURVE_S1.);
#4673 = LINE('',#4674,#4675);
#4674 = CARTESIAN_POINT('',(26.456708382058,7.089053645358,-1.));
#4675 = VECTOR('',#4676,1.);
#4676 = DIRECTION('',(0.,0.,1.));
#4677 = PCURVE('',#3886,#4678);
#4678 = DEFINITIONAL_REPRESENTATION('',(#4679),#4683);
#4679 = LINE('',#4680,#4681);
#4680 = CARTESIAN_POINT('',(6.222895307442,0.));
#4681 = VECTOR('',#4682,1.);
#4682 = DIRECTION('',(0.,-1.));
#4683 = ( GEOMETRIC_REPRESENTATION_CONTEXT(2) 
PARAMETRIC_REPRESENTATION_CONTEXT() REPRESENTATION_CONTEXT('2D SPACE',''
  ) );
#4684 = PCURVE('',#4685,#4690);
#4685 = PLANE('',#4686);
#4686 = AXIS2_PLACEMENT_3D('',#4687,#4688,#4689);
#4687 = CARTESIAN_POINT('',(26.456708382058,7.089053645358,-1.));
#4688 = DIRECTION('',(0.573576436351,0.819152044289,0.));
#4689 = DIRECTION('',(0.819152044289,-0.573576436351,0.));
#4690 = DEFINITIONAL_REPRESENTATION('',(#4691),#4695);
#4691 = LINE('',#4692,#4693);
#4692 = CARTESIAN_POINT('',(0.,0.));
#4693 = VECTOR('',#4694,1.);
#4694 = DIRECTION('',(0.,-1.));
#4695 = ( GEOMETRIC_REPRESENTATION_CONTEXT(2) 
PARAMETRIC_REPRESENTATION_CONTEXT() REPRESENTATION_CONTEXT('2D SPACE',''
  ) );
#4696 = ORIENTED_EDGE('',*,*,#3866,.F.);
#4697 = ORIENTED_EDGE('',*,*,#3924,.T.);
#4698 = ORIENTED_EDGE('',*,*,#3972,.F.);
#4699 = ADVANCED_FACE('',(#4700),#4047,.F.);
#4700 = FACE_BOUND('',#4701,.F.);
#4701 = EDGE_LOOP('',(#4702,#4728,#4729,#4730));
#4702 = ORIENTED_EDGE('',*,*,#4703,.F.);
#4703 = EDGE_CURVE('',#3973,#4134,#4704,.T.);
#4704 = SURFACE_CURVE('',#4705,(#4709,#4716),.PCURVE_S1.);
#4705 = LINE('',#4706,#4707);
#4706 = CARTESIAN_POINT('',(26.456708382058,7.089053645358,-1.));
#4707 = VECTOR('',#4708,1.);
#4708 = DIRECTION('',(0.,0.,1.));
#4709 = PCURVE('',#4047,#4710);
#4710 = DEFINITIONAL_REPRESENTATION('',(#4711),#4715);
#4711 = LINE('',#4712,#4713);
#4712 = CARTESIAN_POINT('',(6.222895307442,0.));
#4713 = VECTOR('',#4714,1.);
#4714 = DIRECTION('',(0.,-1.));
#4715 = ( GEOMETRIC_REPRESENTATION_CONTEXT(2) 
PARAMETRIC_REPRESENTATION_CONTEXT() REPRESENTATION_CONTEXT('2D SPACE',''
  ) );
#4716 = PCURVE('',#4717,#4722);
#4717 = PLANE('',#4718);
#4718 = AXIS2_PLACEMENT_3D('',#4719,#4720,#4721);
#4719 = CARTESIAN_POINT('',(26.456708382058,7.089053645358,-1.));
#4720 = DIRECTION('',(0.573576436351,0.819152044289,0.));
#4721 = DIRECTION('',(0.819152044289,-0.573576436351,0.));
#4722 = DEFINITIONAL_REPRESENTATION('',(#4723),#4727);
#4723 = LINE('',#4724,#4725);
#4724 = CARTESIAN_POINT('',(0.,0.));
#4725 = VECTOR('',#4726,1.);
#4726 = DIRECTION('',(0.,-1.));
#4727 = ( GEOMETRIC_REPRESENTATION_CONTEXT(2) 
PARAMETRIC_REPRESENTATION_CONTEXT() REPRESENTATION_CONTEXT('2D SPACE',''
  ) );
#4728 = ORIENTED_EDGE('',*,*,#4027,.F.);
#4729 = ORIENTED_EDGE('',*,*,#4085,.T.);
#4730 = ORIENTED_EDGE('',*,*,#4133,.F.);
#4731 = ADVANCED_FACE('',(#4732),#4208,.F.);
#4732 = FACE_BOUND('',#4733,.F.);
#4733 = EDGE_LOOP('',(#4734,#4760,#4761,#4762));
#4734 = ORIENTED_EDGE('',*,*,#4735,.F.);
#4735 = EDGE_CURVE('',#4134,#2829,#4736,.T.);
#4736 = SURFACE_CURVE('',#4737,(#4741,#4748),.PCURVE_S1.);
#4737 = LINE('',#4738,#4739);
#4738 = CARTESIAN_POINT('',(26.456708382058,7.089053645358,-1.));
#4739 = VECTOR('',#4740,1.);
#4740 = DIRECTION('',(0.,0.,1.));
#4741 = PCURVE('',#4208,#4742);
#4742 = DEFINITIONAL_REPRESENTATION('',(#4743),#4747);
#4743 = LINE('',#4744,#4745);
#4744 = CARTESIAN_POINT('',(6.222895307442,0.));
#4745 = VECTOR('',#4746,1.);
#4746 = DIRECTION('',(0.,-1.));
#4747 = ( GEOMETRIC_REPRESENTATION_CONTEXT(2) 
PARAMETRIC_REPRESENTATION_CONTEXT() REPRESENTATION_CONTEXT('2D SPACE',''
  ) );
#4748 = PCURVE('',#4749,#4754);
#4749 = PLANE('',#4750);
#4750 = AXIS2_PLACEMENT_3D('',#4751,#4752,#4753);
#4751 = CARTESIAN_POINT('',(26.456708382058,7.089053645358,-1.));
#4752 = DIRECTION('',(0.573576436351,0.819152044289,0.));
#4753 = DIRECTION('',(0.819152044289,-0.573576436351,0.));
#4754 = DEFINITIONAL_REPRESENTATION('',(#4755),#4759);
#4755 = LINE('',#4756,#4757);
#4756 = CARTESIAN_POINT('',(0.,0.));
#4757 = VECTOR('',#4758,1.);
#4758 = DIRECTION('',(0.,-1.));
#4759 = ( GEOMETRIC_REPRESENTATION_CONTEXT(2) 
PARAMETRIC_REPRESENTATION_CONTEXT() REPRESENTATION_CONTEXT('2D SPACE',''
  ) );
#4760 = ORIENTED_EDGE('',*,*,#4188,.F.);
#4761 = ORIENTED_EDGE('',*,*,#4246,.T.);
#4762 = ORIENTED_EDGE('',*,*,#4294,.F.);
#4763 = ADVANCED_FACE('',(#4764),#4368,.F.);
#4764 = FACE_BOUND('',#4765,.T.);
#4765 = EDGE_LOOP('',(#4766,#4797,#4822,#4823));
#4766 = ORIENTED_EDGE('',*,*,#4767,.T.);
#4767 = EDGE_CURVE('',#4768,#4770,#4772,.T.);
#4768 = VERTEX_POINT('',#4769);
#4769 = CARTESIAN_POINT('',(30.043242844873,4.577735178446,
    79.758072555551));
#4770 = VERTEX_POINT('',#4771);
#4771 = CARTESIAN_POINT('',(30.043242844873,-4.577735178446,
    79.758072555551));
#4772 = SURFACE_CURVE('',#4773,(#4778,#4785),.PCURVE_S1.);
#4773 = CIRCLE('',#4774,30.39);
#4774 = AXIS2_PLACEMENT_3D('',#4775,#4776,#4777);
#4775 = CARTESIAN_POINT('',(0.,0.,79.758072555551));
#4776 = DIRECTION('',(0.,0.,-1.));
#4777 = DIRECTION('',(0.988589761266,0.150632944338,0.));
#4778 = PCURVE('',#4368,#4779);
#4779 = DEFINITIONAL_REPRESENTATION('',(#4780),#4784);
#4780 = LINE('',#4781,#4782);
#4781 = CARTESIAN_POINT('',(-6.434393798514,3.575260777783));
#4782 = VECTOR('',#4783,1.);
#4783 = DIRECTION('',(1.,-0.));
#4784 = ( GEOMETRIC_REPRESENTATION_CONTEXT(2) 
PARAMETRIC_REPRESENTATION_CONTEXT() REPRESENTATION_CONTEXT('2D SPACE',''
  ) );
#4785 = PCURVE('',#4786,#4791);
#4786 = CYLINDRICAL_SURFACE('',#4787,30.39);
#4787 = AXIS2_PLACEMENT_3D('',#4788,#4789,#4790);
#4788 = CARTESIAN_POINT('',(0.,0.,-1.));
#4789 = DIRECTION('',(0.,0.,1.));
#4790 = DIRECTION('',(1.,0.,-0.));
#4791 = DEFINITIONAL_REPRESENTATION('',(#4792),#4796);
#4792 = LINE('',#4793,#4794);
#4793 = CARTESIAN_POINT('',(6.434393798514,80.758072555551));
#4794 = VECTOR('',#4795,1.);
#4795 = DIRECTION('',(-1.,-0.));
#4796 = ( GEOMETRIC_REPRESENTATION_CONTEXT(2) 
PARAMETRIC_REPRESENTATION_CONTEXT() REPRESENTATION_CONTEXT('2D SPACE',''
  ) );
#4797 = ORIENTED_EDGE('',*,*,#4798,.F.);
#4798 = EDGE_CURVE('',#2672,#4770,#4799,.T.);
#4799 = SURFACE_CURVE('',#4800,(#4805,#4815),.PCURVE_S1.);
#4800 = HYPERBOLA('',#4801,25.005322988392,20.981957297029);
#4801 = AXIS2_PLACEMENT_3D('',#4802,#4803,#4804);
#4802 = CARTESIAN_POINT('',(12.0347562941,-17.18741321304,
    115.97546423448));
#4803 = DIRECTION('',(0.573576436351,-0.819152044289,0.));
#4804 = DIRECTION('',(0.,-0.,-1.));
#4805 = PCURVE('',#4368,#4806);
#4806 = DEFINITIONAL_REPRESENTATION('',(#4807),#4814);
#4807 = B_SPLINE_CURVE_WITH_KNOTS('',5,(#4808,#4809,#4810,#4811,#4812,
    #4813),.UNSPECIFIED.,.F.,.F.,(6,6),(0.762909652067,0.914753173669),
  .PIECEWISE_BEZIER_KNOTS.);
#4808 = CARTESIAN_POINT('',(-6.02138591938,-1.008864185735E-14));
#4809 = CARTESIAN_POINT('',(-6.04464969657,0.63719485722));
#4810 = CARTESIAN_POINT('',(-6.067345820193,1.312020287306));
#4811 = CARTESIAN_POINT('',(-6.089466523137,2.025700687813));
#4812 = CARTESIAN_POINT('',(-6.111009561692,2.779604614578));
#4813 = CARTESIAN_POINT('',(-6.131976815875,3.5752607769));
#4814 = ( GEOMETRIC_REPRESENTATION_CONTEXT(2) 
PARAMETRIC_REPRESENTATION_CONTEXT() REPRESENTATION_CONTEXT('2D SPACE',''
  ) );
#4815 = PCURVE('',#4401,#4816);
#4816 = DEFINITIONAL_REPRESENTATION('',(#4817),#4821);
#4817 = ( BOUNDED_CURVE() B_SPLINE_CURVE(2,(#4818,#4819,#4820),
.UNSPECIFIED.,.F.,.F.) B_SPLINE_CURVE_WITH_KNOTS((3,3),(0.762909652067,
0.929085588136),.PIECEWISE_BEZIER_KNOTS.) CURVE() 
GEOMETRIC_REPRESENTATION_ITEM() RATIONAL_B_SPLINE_CURVE((1.,1.0034537915
,1.)) REPRESENTATION_ITEM('') );
#4818 = CARTESIAN_POINT('',(6.222895307442,-84.33333333333));
#4819 = CARTESIAN_POINT('',(3.952338473076,-82.59398588758));
#4820 = CARTESIAN_POINT('',(1.406710160127,-80.37883236018));
#4821 = ( GEOMETRIC_REPRESENTATION_CONTEXT(2) 
PARAMETRIC_REPRESENTATION_CONTEXT() REPRESENTATION_CONTEXT('2D SPACE',''
  ) );
#4822 = ORIENTED_EDGE('',*,*,#4353,.F.);
#4823 = ORIENTED_EDGE('',*,*,#4824,.F.);
#4824 = EDGE_CURVE('',#4768,#2829,#4825,.T.);
#4825 = SURFACE_CURVE('',#4826,(#4831,#4841),.PCURVE_S1.);
#4826 = HYPERBOLA('',#4827,25.005322988392,20.981957297029);
#4827 = AXIS2_PLACEMENT_3D('',#4828,#4829,#4830);
#4828 = CARTESIAN_POINT('',(12.0347562941,17.187413213045,
    115.97546423448));
#4829 = DIRECTION('',(0.573576436351,0.819152044289,0.));
#4830 = DIRECTION('',(0.,0.,-1.));
#4831 = PCURVE('',#4368,#4832);
#4832 = DEFINITIONAL_REPRESENTATION('',(#4833),#4840);
#4833 = B_SPLINE_CURVE_WITH_KNOTS('',5,(#4834,#4835,#4836,#4837,#4838,
    #4839),.UNSPECIFIED.,.F.,.F.,(6,6),(-0.914753173669,-0.762909652067)
  ,.PIECEWISE_BEZIER_KNOTS.);
#4834 = CARTESIAN_POINT('',(-6.434393798484,3.5752607769));
#4835 = CARTESIAN_POINT('',(-6.455361052667,2.779604614578));
#4836 = CARTESIAN_POINT('',(-6.476904091222,2.025700687813));
#4837 = CARTESIAN_POINT('',(-6.499024794166,1.312020287306));
#4838 = CARTESIAN_POINT('',(-6.521720917789,0.63719485722));
#4839 = CARTESIAN_POINT('',(-6.544984694979,0.));
#4840 = ( GEOMETRIC_REPRESENTATION_CONTEXT(2) 
PARAMETRIC_REPRESENTATION_CONTEXT() REPRESENTATION_CONTEXT('2D SPACE',''
  ) );
#4841 = PCURVE('',#4749,#4842);
#4842 = DEFINITIONAL_REPRESENTATION('',(#4843),#4847);
#4843 = ( BOUNDED_CURVE() B_SPLINE_CURVE(2,(#4844,#4845,#4846),
.UNSPECIFIED.,.F.,.F.) B_SPLINE_CURVE_WITH_KNOTS((3,3),(-0.929085588136,
-0.762909652067),.PIECEWISE_BEZIER_KNOTS.) CURVE() 
GEOMETRIC_REPRESENTATION_ITEM() RATIONAL_B_SPLINE_CURVE((1.,1.0034537915
,1.)) REPRESENTATION_ITEM('') );
#4844 = CARTESIAN_POINT('',(4.816185147315,-80.37883236018));
#4845 = CARTESIAN_POINT('',(2.270556834366,-82.59398588758));
#4846 = CARTESIAN_POINT('',(0.,-84.33333333333));
#4847 = ( GEOMETRIC_REPRESENTATION_CONTEXT(2) 
PARAMETRIC_REPRESENTATION_CONTEXT() REPRESENTATION_CONTEXT('2D SPACE',''
  ) );
#4848 = ADVANCED_FACE('',(#4849),#4401,.F.);
#4849 = FACE_BOUND('',#4850,.F.);
#4850 = EDGE_LOOP('',(#4851,#4852,#4884,#4903));
#4851 = ORIENTED_EDGE('',*,*,#4387,.F.);
#4852 = ORIENTED_EDGE('',*,*,#4853,.F.);
#4853 = EDGE_CURVE('',#4854,#3096,#4856,.T.);
#4854 = VERTEX_POINT('',#4855);
#4855 = CARTESIAN_POINT('',(30.043242844873,-4.577735178446,
    70.241927444449));
#4856 = SURFACE_CURVE('',#4857,(#4862,#4869),.PCURVE_S1.);
#4857 = HYPERBOLA('',#4858,25.005322988392,20.981957297029);
#4858 = AXIS2_PLACEMENT_3D('',#4859,#4860,#4861);
#4859 = CARTESIAN_POINT('',(12.0347562941,-17.18741321304,
    34.024535765511));
#4860 = DIRECTION('',(0.573576436351,-0.819152044289,0.));
#4861 = DIRECTION('',(-0.,0.,1.));
#4862 = PCURVE('',#4401,#4863);
#4863 = DEFINITIONAL_REPRESENTATION('',(#4864),#4868);
#4864 = ( BOUNDED_CURVE() B_SPLINE_CURVE(2,(#4865,#4866,#4867),
.UNSPECIFIED.,.F.,.F.) B_SPLINE_CURVE_WITH_KNOTS((3,3),(-0.929085588136,
-0.762909652067),.PIECEWISE_BEZIER_KNOTS.) CURVE() 
GEOMETRIC_REPRESENTATION_ITEM() RATIONAL_B_SPLINE_CURVE((1.,1.0034537915
,1.)) REPRESENTATION_ITEM('') );
#4865 = CARTESIAN_POINT('',(1.406710160127,-71.62116763981));
#4866 = CARTESIAN_POINT('',(3.952338473076,-69.40601411241));
#4867 = CARTESIAN_POINT('',(6.222895307442,-67.66666666666));
#4868 = ( GEOMETRIC_REPRESENTATION_CONTEXT(2) 
PARAMETRIC_REPRESENTATION_CONTEXT() REPRESENTATION_CONTEXT('2D SPACE',''
  ) );
#4869 = PCURVE('',#4870,#4875);
#4870 = CONICAL_SURFACE('',#4871,31.39,0.698131700798);
#4871 = AXIS2_PLACEMENT_3D('',#4872,#4873,#4874);
#4872 = CARTESIAN_POINT('',(0.,0.,71.433681037044));
#4873 = DIRECTION('',(0.,0.,1.));
#4874 = DIRECTION('',(1.,0.,0.));
#4875 = DEFINITIONAL_REPRESENTATION('',(#4876),#4883);
#4876 = B_SPLINE_CURVE_WITH_KNOTS('',5,(#4877,#4878,#4879,#4880,#4881,
    #4882),.UNSPECIFIED.,.F.,.F.,(6,6),(-0.914753173669,-0.762909652067)
  ,.PIECEWISE_BEZIER_KNOTS.);
#4877 = CARTESIAN_POINT('',(6.131976815875,-1.191753593476));
#4878 = CARTESIAN_POINT('',(6.111009561692,-1.987409755799));
#4879 = CARTESIAN_POINT('',(6.089466523137,-2.741313682564));
#4880 = CARTESIAN_POINT('',(6.067345820193,-3.454994083071));
#4881 = CARTESIAN_POINT('',(6.04464969657,-4.129819513157));
#4882 = CARTESIAN_POINT('',(6.02138591938,-4.767014370377));
#4883 = ( GEOMETRIC_REPRESENTATION_CONTEXT(2) 
PARAMETRIC_REPRESENTATION_CONTEXT() REPRESENTATION_CONTEXT('2D SPACE',''
  ) );
#4884 = ORIENTED_EDGE('',*,*,#4885,.T.);
#4885 = EDGE_CURVE('',#4854,#4770,#4886,.T.);
#4886 = SURFACE_CURVE('',#4887,(#4891,#4897),.PCURVE_S1.);
#4887 = LINE('',#4888,#4889);
#4888 = CARTESIAN_POINT('',(30.043242844873,-4.577735178446,-1.));
#4889 = VECTOR('',#4890,1.);
#4890 = DIRECTION('',(0.,0.,1.));
#4891 = PCURVE('',#4401,#4892);
#4892 = DEFINITIONAL_REPRESENTATION('',(#4893),#4896);
#4893 = B_SPLINE_CURVE_WITH_KNOTS('',1,(#4894,#4895),.UNSPECIFIED.,.F.,
  .F.,(2,2),(-5.999999999062E-07,102.0000006),.PIECEWISE_BEZIER_KNOTS.);
#4894 = CARTESIAN_POINT('',(1.844545173519,5.999999999062E-07));
#4895 = CARTESIAN_POINT('',(1.844545173519,-102.0000006));
#4896 = ( GEOMETRIC_REPRESENTATION_CONTEXT(2) 
PARAMETRIC_REPRESENTATION_CONTEXT() REPRESENTATION_CONTEXT('2D SPACE',''
  ) );
#4897 = PCURVE('',#4786,#4898);
#4898 = DEFINITIONAL_REPRESENTATION('',(#4899),#4902);
#4899 = B_SPLINE_CURVE_WITH_KNOTS('',1,(#4900,#4901),.UNSPECIFIED.,.F.,
  .F.,(2,2),(-5.999999999062E-07,102.0000006),.PIECEWISE_BEZIER_KNOTS.);
#4900 = CARTESIAN_POINT('',(6.131976815845,-5.999999999062E-07));
#4901 = CARTESIAN_POINT('',(6.131976815845,102.0000006));
#4902 = ( GEOMETRIC_REPRESENTATION_CONTEXT(2) 
PARAMETRIC_REPRESENTATION_CONTEXT() REPRESENTATION_CONTEXT('2D SPACE',''
  ) );
#4903 = ORIENTED_EDGE('',*,*,#4798,.F.);
#4904 = ADVANCED_FACE('',(#4905),#4433,.F.);
#4905 = FACE_BOUND('',#4906,.F.);
#4906 = EDGE_LOOP('',(#4907,#4908,#4940,#4966));
#4907 = ORIENTED_EDGE('',*,*,#4419,.F.);
#4908 = ORIENTED_EDGE('',*,*,#4909,.F.);
#4909 = EDGE_CURVE('',#4910,#3257,#4912,.T.);
#4910 = VERTEX_POINT('',#4911);
#4911 = CARTESIAN_POINT('',(30.043242844873,-4.577735178446,
    53.575260777783));
#4912 = SURFACE_CURVE('',#4913,(#4918,#4925),.PCURVE_S1.);
#4913 = HYPERBOLA('',#4914,25.005322988392,20.981957297029);
#4914 = AXIS2_PLACEMENT_3D('',#4915,#4916,#4917);
#4915 = CARTESIAN_POINT('',(12.0347562941,-17.18741321304,
    17.357869098845));
#4916 = DIRECTION('',(0.573576436351,-0.819152044289,0.));
#4917 = DIRECTION('',(-0.,0.,1.));
#4918 = PCURVE('',#4433,#4919);
#4919 = DEFINITIONAL_REPRESENTATION('',(#4920),#4924);
#4920 = ( BOUNDED_CURVE() B_SPLINE_CURVE(2,(#4921,#4922,#4923),
.UNSPECIFIED.,.F.,.F.) B_SPLINE_CURVE_WITH_KNOTS((3,3),(-0.929085588136,
-0.762909652067),.PIECEWISE_BEZIER_KNOTS.) CURVE() 
GEOMETRIC_REPRESENTATION_ITEM() RATIONAL_B_SPLINE_CURVE((1.,1.0034537915
,1.)) REPRESENTATION_ITEM('') );
#4921 = CARTESIAN_POINT('',(1.406710160127,-54.95450097315));
#4922 = CARTESIAN_POINT('',(3.952338473076,-52.73934744575));
#4923 = CARTESIAN_POINT('',(6.222895307442,-51.));
#4924 = ( GEOMETRIC_REPRESENTATION_CONTEXT(2) 
PARAMETRIC_REPRESENTATION_CONTEXT() REPRESENTATION_CONTEXT('2D SPACE',''
  ) );
#4925 = PCURVE('',#4926,#4931);
#4926 = CONICAL_SURFACE('',#4927,31.39,0.698131700798);
#4927 = AXIS2_PLACEMENT_3D('',#4928,#4929,#4930);
#4928 = CARTESIAN_POINT('',(0.,0.,54.767014370377));
#4929 = DIRECTION('',(0.,0.,1.));
#4930 = DIRECTION('',(1.,0.,0.));
#4931 = DEFINITIONAL_REPRESENTATION('',(#4932),#4939);
#4932 = B_SPLINE_CURVE_WITH_KNOTS('',5,(#4933,#4934,#4935,#4936,#4937,
    #4938),.UNSPECIFIED.,.F.,.F.,(6,6),(-0.914753173669,-0.762909652067)
  ,.PIECEWISE_BEZIER_KNOTS.);
#4933 = CARTESIAN_POINT('',(6.131976815875,-1.191753593476));
#4934 = CARTESIAN_POINT('',(6.111009561692,-1.987409755799));
#4935 = CARTESIAN_POINT('',(6.089466523137,-2.741313682564));
#4936 = CARTESIAN_POINT('',(6.067345820193,-3.454994083071));
#4937 = CARTESIAN_POINT('',(6.04464969657,-4.129819513157));
#4938 = CARTESIAN_POINT('',(6.02138591938,-4.767014370377));
#4939 = ( GEOMETRIC_REPRESENTATION_CONTEXT(2) 
PARAMETRIC_REPRESENTATION_CONTEXT() REPRESENTATION_CONTEXT('2D SPACE',''
  ) );
#4940 = ORIENTED_EDGE('',*,*,#4941,.T.);
#4941 = EDGE_CURVE('',#4910,#4942,#4944,.T.);
#4942 = VERTEX_POINT('',#4943);
#4943 = CARTESIAN_POINT('',(30.043242844873,-4.577735178446,
    63.091405888884));
#4944 = SURFACE_CURVE('',#4945,(#4949,#4955),.PCURVE_S1.);
#4945 = LINE('',#4946,#4947);
#4946 = CARTESIAN_POINT('',(30.043242844873,-4.577735178446,-1.));
#4947 = VECTOR('',#4948,1.);
#4948 = DIRECTION('',(0.,0.,1.));
#4949 = PCURVE('',#4433,#4950);
#4950 = DEFINITIONAL_REPRESENTATION('',(#4951),#4954);
#4951 = B_SPLINE_CURVE_WITH_KNOTS('',1,(#4952,#4953),.UNSPECIFIED.,.F.,
  .F.,(2,2),(-5.999999999062E-07,102.0000006),.PIECEWISE_BEZIER_KNOTS.);
#4952 = CARTESIAN_POINT('',(1.844545173519,5.999999999062E-07));
#4953 = CARTESIAN_POINT('',(1.844545173519,-102.0000006));
#4954 = ( GEOMETRIC_REPRESENTATION_CONTEXT(2) 
PARAMETRIC_REPRESENTATION_CONTEXT() REPRESENTATION_CONTEXT('2D SPACE',''
  ) );
#4955 = PCURVE('',#4956,#4961);
#4956 = CYLINDRICAL_SURFACE('',#4957,30.39);
#4957 = AXIS2_PLACEMENT_3D('',#4958,#4959,#4960);
#4958 = CARTESIAN_POINT('',(0.,0.,-1.));
#4959 = DIRECTION('',(0.,0.,1.));
#4960 = DIRECTION('',(1.,0.,-0.));
#4961 = DEFINITIONAL_REPRESENTATION('',(#4962),#4965);
#4962 = B_SPLINE_CURVE_WITH_KNOTS('',1,(#4963,#4964),.UNSPECIFIED.,.F.,
  .F.,(2,2),(-5.999999999062E-07,102.0000006),.PIECEWISE_BEZIER_KNOTS.);
#4963 = CARTESIAN_POINT('',(6.131976815845,-5.999999999062E-07));
#4964 = CARTESIAN_POINT('',(6.131976815845,102.0000006));
#4965 = ( GEOMETRIC_REPRESENTATION_CONTEXT(2) 
PARAMETRIC_REPRESENTATION_CONTEXT() REPRESENTATION_CONTEXT('2D SPACE',''
  ) );
#4966 = ORIENTED_EDGE('',*,*,#4967,.F.);
#4967 = EDGE_CURVE('',#3096,#4942,#4968,.T.);
#4968 = SURFACE_CURVE('',#4969,(#4974,#4981),.PCURVE_S1.);
#4969 = HYPERBOLA('',#4970,25.005322988392,20.981957297029);
#4970 = AXIS2_PLACEMENT_3D('',#4971,#4972,#4973);
#4971 = CARTESIAN_POINT('',(12.0347562941,-17.18741321304,
    99.308797567822));
#4972 = DIRECTION('',(0.573576436351,-0.819152044289,0.));
#4973 = DIRECTION('',(0.,-0.,-1.));
#4974 = PCURVE('',#4433,#4975);
#4975 = DEFINITIONAL_REPRESENTATION('',(#4976),#4980);
#4976 = ( BOUNDED_CURVE() B_SPLINE_CURVE(2,(#4977,#4978,#4979),
.UNSPECIFIED.,.F.,.F.) B_SPLINE_CURVE_WITH_KNOTS((3,3),(0.762909652067,
0.929085588136),.PIECEWISE_BEZIER_KNOTS.) CURVE() 
GEOMETRIC_REPRESENTATION_ITEM() RATIONAL_B_SPLINE_CURVE((1.,1.0034537915
,1.)) REPRESENTATION_ITEM('') );
#4977 = CARTESIAN_POINT('',(6.222895307442,-67.66666666666));
#4978 = CARTESIAN_POINT('',(3.952338473076,-65.92731922091));
#4979 = CARTESIAN_POINT('',(1.406710160127,-63.71216569351));
#4980 = ( GEOMETRIC_REPRESENTATION_CONTEXT(2) 
PARAMETRIC_REPRESENTATION_CONTEXT() REPRESENTATION_CONTEXT('2D SPACE',''
  ) );
#4981 = PCURVE('',#4982,#4987);
#4982 = CONICAL_SURFACE('',#4983,27.39,0.698131700798);
#4983 = AXIS2_PLACEMENT_3D('',#4984,#4985,#4986);
#4984 = CARTESIAN_POINT('',(0.,0.,66.666666666667));
#4985 = DIRECTION('',(-0.,-0.,-1.));
#4986 = DIRECTION('',(1.,0.,0.));
#4987 = DEFINITIONAL_REPRESENTATION('',(#4988),#4995);
#4988 = B_SPLINE_CURVE_WITH_KNOTS('',5,(#4989,#4990,#4991,#4992,#4993,
    #4994),.UNSPECIFIED.,.F.,.F.,(6,6),(0.762909652067,0.914753173669),
  .PIECEWISE_BEZIER_KNOTS.);
#4989 = CARTESIAN_POINT('',(-6.02138591938,-1.008864185735E-14));
#4990 = CARTESIAN_POINT('',(-6.04464969657,0.63719485722));
#4991 = CARTESIAN_POINT('',(-6.067345820193,1.312020287306));
#4992 = CARTESIAN_POINT('',(-6.089466523137,2.025700687813));
#4993 = CARTESIAN_POINT('',(-6.111009561692,2.779604614578));
#4994 = CARTESIAN_POINT('',(-6.131976815875,3.5752607769));
#4995 = ( GEOMETRIC_REPRESENTATION_CONTEXT(2) 
PARAMETRIC_REPRESENTATION_CONTEXT() REPRESENTATION_CONTEXT('2D SPACE',''
  ) );
#4996 = ADVANCED_FACE('',(#4997),#4465,.F.);
#4997 = FACE_BOUND('',#4998,.F.);
#4998 = EDGE_LOOP('',(#4999,#5000,#5032,#5058));
#4999 = ORIENTED_EDGE('',*,*,#4451,.F.);
#5000 = ORIENTED_EDGE('',*,*,#5001,.F.);
#5001 = EDGE_CURVE('',#5002,#3418,#5004,.T.);
#5002 = VERTEX_POINT('',#5003);
#5003 = CARTESIAN_POINT('',(30.043242844873,-4.577735178446,
    36.908594111116));
#5004 = SURFACE_CURVE('',#5005,(#5010,#5017),.PCURVE_S1.);
#5005 = HYPERBOLA('',#5006,25.005322988392,20.981957297029);
#5006 = AXIS2_PLACEMENT_3D('',#5007,#5008,#5009);
#5007 = CARTESIAN_POINT('',(12.0347562941,-17.18741321304,0.691202432178
    ));
#5008 = DIRECTION('',(0.573576436351,-0.819152044289,0.));
#5009 = DIRECTION('',(-0.,0.,1.));
#5010 = PCURVE('',#4465,#5011);
#5011 = DEFINITIONAL_REPRESENTATION('',(#5012),#5016);
#5012 = ( BOUNDED_CURVE() B_SPLINE_CURVE(2,(#5013,#5014,#5015),
.UNSPECIFIED.,.F.,.F.) B_SPLINE_CURVE_WITH_KNOTS((3,3),(-0.929085588136,
-0.762909652067),.PIECEWISE_BEZIER_KNOTS.) CURVE() 
GEOMETRIC_REPRESENTATION_ITEM() RATIONAL_B_SPLINE_CURVE((1.,1.0034537915
,1.)) REPRESENTATION_ITEM('') );
#5013 = CARTESIAN_POINT('',(1.406710160127,-38.28783430648));
#5014 = CARTESIAN_POINT('',(3.952338473076,-36.07268077908));
#5015 = CARTESIAN_POINT('',(6.222895307442,-34.33333333333));
#5016 = ( GEOMETRIC_REPRESENTATION_CONTEXT(2) 
PARAMETRIC_REPRESENTATION_CONTEXT() REPRESENTATION_CONTEXT('2D SPACE',''
  ) );
#5017 = PCURVE('',#5018,#5023);
#5018 = CONICAL_SURFACE('',#5019,31.39,0.698131700798);
#5019 = AXIS2_PLACEMENT_3D('',#5020,#5021,#5022);
#5020 = CARTESIAN_POINT('',(0.,0.,38.10034770371));
#5021 = DIRECTION('',(0.,0.,1.));
#5022 = DIRECTION('',(1.,0.,0.));
#5023 = DEFINITIONAL_REPRESENTATION('',(#5024),#5031);
#5024 = B_SPLINE_CURVE_WITH_KNOTS('',5,(#5025,#5026,#5027,#5028,#5029,
    #5030),.UNSPECIFIED.,.F.,.F.,(6,6),(-0.914753173669,-0.762909652067)
  ,.PIECEWISE_BEZIER_KNOTS.);
#5025 = CARTESIAN_POINT('',(6.131976815875,-1.191753593476));
#5026 = CARTESIAN_POINT('',(6.111009561692,-1.987409755799));
#5027 = CARTESIAN_POINT('',(6.089466523137,-2.741313682564));
#5028 = CARTESIAN_POINT('',(6.067345820193,-3.454994083071));
#5029 = CARTESIAN_POINT('',(6.04464969657,-4.129819513157));
#5030 = CARTESIAN_POINT('',(6.02138591938,-4.767014370377));
#5031 = ( GEOMETRIC_REPRESENTATION_CONTEXT(2) 
PARAMETRIC_REPRESENTATION_CONTEXT() REPRESENTATION_CONTEXT('2D SPACE',''
  ) );
#5032 = ORIENTED_EDGE('',*,*,#5033,.T.);
#5033 = EDGE_CURVE('',#5002,#5034,#5036,.T.);
#5034 = VERTEX_POINT('',#5035);
#5035 = CARTESIAN_POINT('',(30.043242844873,-4.577735178446,
    46.424739222217));
#5036 = SURFACE_CURVE('',#5037,(#5041,#5047),.PCURVE_S1.);
#5037 = LINE('',#5038,#5039);
#5038 = CARTESIAN_POINT('',(30.043242844873,-4.577735178446,-1.));
#5039 = VECTOR('',#5040,1.);
#5040 = DIRECTION('',(0.,0.,1.));
#5041 = PCURVE('',#4465,#5042);
#5042 = DEFINITIONAL_REPRESENTATION('',(#5043),#5046);
#5043 = B_SPLINE_CURVE_WITH_KNOTS('',1,(#5044,#5045),.UNSPECIFIED.,.F.,
  .F.,(2,2),(-5.999999999062E-07,102.0000006),.PIECEWISE_BEZIER_KNOTS.);
#5044 = CARTESIAN_POINT('',(1.844545173519,5.999999999062E-07));
#5045 = CARTESIAN_POINT('',(1.844545173519,-102.0000006));
#5046 = ( GEOMETRIC_REPRESENTATION_CONTEXT(2) 
PARAMETRIC_REPRESENTATION_CONTEXT() REPRESENTATION_CONTEXT('2D SPACE',''
  ) );
#5047 = PCURVE('',#5048,#5053);
#5048 = CYLINDRICAL_SURFACE('',#5049,30.39);
#5049 = AXIS2_PLACEMENT_3D('',#5050,#5051,#5052);
#5050 = CARTESIAN_POINT('',(0.,0.,-1.));
#5051 = DIRECTION('',(0.,0.,1.));
#5052 = DIRECTION('',(1.,0.,-0.));
#5053 = DEFINITIONAL_REPRESENTATION('',(#5054),#5057);
#5054 = B_SPLINE_CURVE_WITH_KNOTS('',1,(#5055,#5056),.UNSPECIFIED.,.F.,
  .F.,(2,2),(-5.999999999062E-07,102.0000006),.PIECEWISE_BEZIER_KNOTS.);
#5055 = CARTESIAN_POINT('',(6.131976815845,-5.999999999062E-07));
#5056 = CARTESIAN_POINT('',(6.131976815845,102.0000006));
#5057 = ( GEOMETRIC_REPRESENTATION_CONTEXT(2) 
PARAMETRIC_REPRESENTATION_CONTEXT() REPRESENTATION_CONTEXT('2D SPACE',''
  ) );
#5058 = ORIENTED_EDGE('',*,*,#5059,.F.);
#5059 = EDGE_CURVE('',#3257,#5034,#5060,.T.);
#5060 = SURFACE_CURVE('',#5061,(#5066,#5073),.PCURVE_S1.);
#5061 = HYPERBOLA('',#5062,25.005322988392,20.981957297029);
#5062 = AXIS2_PLACEMENT_3D('',#5063,#5064,#5065);
#5063 = CARTESIAN_POINT('',(12.0347562941,-17.18741321304,
    82.642130901155));
#5064 = DIRECTION('',(0.573576436351,-0.819152044289,0.));
#5065 = DIRECTION('',(0.,-0.,-1.));
#5066 = PCURVE('',#4465,#5067);
#5067 = DEFINITIONAL_REPRESENTATION('',(#5068),#5072);
#5068 = ( BOUNDED_CURVE() B_SPLINE_CURVE(2,(#5069,#5070,#5071),
.UNSPECIFIED.,.F.,.F.) B_SPLINE_CURVE_WITH_KNOTS((3,3),(0.762909652067,
0.929085588136),.PIECEWISE_BEZIER_KNOTS.) CURVE() 
GEOMETRIC_REPRESENTATION_ITEM() RATIONAL_B_SPLINE_CURVE((1.,1.0034537915
,1.)) REPRESENTATION_ITEM('') );
#5069 = CARTESIAN_POINT('',(6.222895307442,-51.));
#5070 = CARTESIAN_POINT('',(3.952338473076,-49.26065255424));
#5071 = CARTESIAN_POINT('',(1.406710160127,-47.04549902684));
#5072 = ( GEOMETRIC_REPRESENTATION_CONTEXT(2) 
PARAMETRIC_REPRESENTATION_CONTEXT() REPRESENTATION_CONTEXT('2D SPACE',''
  ) );
#5073 = PCURVE('',#5074,#5079);
#5074 = CONICAL_SURFACE('',#5075,27.39,0.698131700798);
#5075 = AXIS2_PLACEMENT_3D('',#5076,#5077,#5078);
#5076 = CARTESIAN_POINT('',(0.,0.,50.));
#5077 = DIRECTION('',(-0.,-0.,-1.));
#5078 = DIRECTION('',(1.,0.,0.));
#5079 = DEFINITIONAL_REPRESENTATION('',(#5080),#5087);
#5080 = B_SPLINE_CURVE_WITH_KNOTS('',5,(#5081,#5082,#5083,#5084,#5085,
    #5086),.UNSPECIFIED.,.F.,.F.,(6,6),(0.762909652067,0.914753173669),
  .PIECEWISE_BEZIER_KNOTS.);
#5081 = CARTESIAN_POINT('',(-6.02138591938,-5.919005922454E-15));
#5082 = CARTESIAN_POINT('',(-6.04464969657,0.63719485722));
#5083 = CARTESIAN_POINT('',(-6.067345820193,1.312020287306));
#5084 = CARTESIAN_POINT('',(-6.089466523137,2.025700687813));
#5085 = CARTESIAN_POINT('',(-6.111009561692,2.779604614578));
#5086 = CARTESIAN_POINT('',(-6.131976815875,3.5752607769));
#5087 = ( GEOMETRIC_REPRESENTATION_CONTEXT(2) 
PARAMETRIC_REPRESENTATION_CONTEXT() REPRESENTATION_CONTEXT('2D SPACE',''
  ) );
#5088 = ADVANCED_FACE('',(#5089),#4547,.F.);
#5089 = FACE_BOUND('',#5090,.T.);
#5090 = EDGE_LOOP('',(#5091,#5113,#5114,#5115));
#5091 = ORIENTED_EDGE('',*,*,#5092,.F.);
#5092 = EDGE_CURVE('',#3812,#3418,#5093,.T.);
#5093 = SURFACE_CURVE('',#5094,(#5099,#5106),.PCURVE_S1.);
#5094 = CIRCLE('',#5095,27.39);
#5095 = AXIS2_PLACEMENT_3D('',#5096,#5097,#5098);
#5096 = CARTESIAN_POINT('',(0.,0.,33.333333333333));
#5097 = DIRECTION('',(0.,0.,-1.));
#5098 = DIRECTION('',(0.965925826289,0.258819045103,0.));
#5099 = PCURVE('',#4547,#5100);
#5100 = DEFINITIONAL_REPRESENTATION('',(#5101),#5105);
#5101 = LINE('',#5102,#5103);
#5102 = CARTESIAN_POINT('',(-6.544984694979,0.));
#5103 = VECTOR('',#5104,1.);
#5104 = DIRECTION('',(1.,-0.));
#5105 = ( GEOMETRIC_REPRESENTATION_CONTEXT(2) 
PARAMETRIC_REPRESENTATION_CONTEXT() REPRESENTATION_CONTEXT('2D SPACE',''
  ) );
#5106 = PCURVE('',#5018,#5107);
#5107 = DEFINITIONAL_REPRESENTATION('',(#5108),#5112);
#5108 = LINE('',#5109,#5110);
#5109 = CARTESIAN_POINT('',(6.544984694979,-4.767014370377));
#5110 = VECTOR('',#5111,1.);
#5111 = DIRECTION('',(-1.,-0.));
#5112 = ( GEOMETRIC_REPRESENTATION_CONTEXT(2) 
PARAMETRIC_REPRESENTATION_CONTEXT() REPRESENTATION_CONTEXT('2D SPACE',''
  ) );
#5113 = ORIENTED_EDGE('',*,*,#4635,.F.);
#5114 = ORIENTED_EDGE('',*,*,#4588,.T.);
#5115 = ORIENTED_EDGE('',*,*,#4532,.F.);
#5116 = ADVANCED_FACE('',(#5117),#4685,.F.);
#5117 = FACE_BOUND('',#5118,.F.);
#5118 = EDGE_LOOP('',(#5119,#5146,#5147,#5174));
#5119 = ORIENTED_EDGE('',*,*,#5120,.F.);
#5120 = EDGE_CURVE('',#3812,#5121,#5123,.T.);
#5121 = VERTEX_POINT('',#5122);
#5122 = CARTESIAN_POINT('',(30.043242844873,4.577735178446,
    36.908594111116));
#5123 = SURFACE_CURVE('',#5124,(#5129,#5136),.PCURVE_S1.);
#5124 = HYPERBOLA('',#5125,25.005322988392,20.981957297029);
#5125 = AXIS2_PLACEMENT_3D('',#5126,#5127,#5128);
#5126 = CARTESIAN_POINT('',(12.0347562941,17.187413213045,0.691202432178
    ));
#5127 = DIRECTION('',(0.573576436351,0.819152044289,0.));
#5128 = DIRECTION('',(0.,-0.,1.));
#5129 = PCURVE('',#4685,#5130);
#5130 = DEFINITIONAL_REPRESENTATION('',(#5131),#5135);
#5131 = ( BOUNDED_CURVE() B_SPLINE_CURVE(2,(#5132,#5133,#5134),
.UNSPECIFIED.,.F.,.F.) B_SPLINE_CURVE_WITH_KNOTS((3,3),(0.762909652067,
0.929085588136),.PIECEWISE_BEZIER_KNOTS.) CURVE() 
GEOMETRIC_REPRESENTATION_ITEM() RATIONAL_B_SPLINE_CURVE((1.,1.0034537915
,1.)) REPRESENTATION_ITEM('') );
#5132 = CARTESIAN_POINT('',(-7.105427357601E-15,-34.33333333333));
#5133 = CARTESIAN_POINT('',(2.270556834366,-36.07268077908));
#5134 = CARTESIAN_POINT('',(4.816185147315,-38.28783430648));
#5135 = ( GEOMETRIC_REPRESENTATION_CONTEXT(2) 
PARAMETRIC_REPRESENTATION_CONTEXT() REPRESENTATION_CONTEXT('2D SPACE',''
  ) );
#5136 = PCURVE('',#5018,#5137);
#5137 = DEFINITIONAL_REPRESENTATION('',(#5138),#5145);
#5138 = B_SPLINE_CURVE_WITH_KNOTS('',5,(#5139,#5140,#5141,#5142,#5143,
    #5144),.UNSPECIFIED.,.F.,.F.,(6,6),(0.762909652067,0.914753173669),
  .PIECEWISE_BEZIER_KNOTS.);
#5139 = CARTESIAN_POINT('',(6.544984694979,-4.767014370377));
#5140 = CARTESIAN_POINT('',(6.521720917789,-4.129819513157));
#5141 = CARTESIAN_POINT('',(6.499024794166,-3.454994083071));
#5142 = CARTESIAN_POINT('',(6.476904091222,-2.741313682564));
#5143 = CARTESIAN_POINT('',(6.455361052667,-1.987409755799));
#5144 = CARTESIAN_POINT('',(6.434393798484,-1.191753593476));
#5145 = ( GEOMETRIC_REPRESENTATION_CONTEXT(2) 
PARAMETRIC_REPRESENTATION_CONTEXT() REPRESENTATION_CONTEXT('2D SPACE',''
  ) );
#5146 = ORIENTED_EDGE('',*,*,#4671,.T.);
#5147 = ORIENTED_EDGE('',*,*,#5148,.F.);
#5148 = EDGE_CURVE('',#5149,#3973,#5151,.T.);
#5149 = VERTEX_POINT('',#5150);
#5150 = CARTESIAN_POINT('',(30.043242844873,4.577735178446,
    46.424739222217));
#5151 = SURFACE_CURVE('',#5152,(#5157,#5164),.PCURVE_S1.);
#5152 = HYPERBOLA('',#5153,25.005322988392,20.981957297029);
#5153 = AXIS2_PLACEMENT_3D('',#5154,#5155,#5156);
#5154 = CARTESIAN_POINT('',(12.0347562941,17.187413213045,
    82.642130901155));
#5155 = DIRECTION('',(0.573576436351,0.819152044289,0.));
#5156 = DIRECTION('',(0.,0.,-1.));
#5157 = PCURVE('',#4685,#5158);
#5158 = DEFINITIONAL_REPRESENTATION('',(#5159),#5163);
#5159 = ( BOUNDED_CURVE() B_SPLINE_CURVE(2,(#5160,#5161,#5162),
.UNSPECIFIED.,.F.,.F.) B_SPLINE_CURVE_WITH_KNOTS((3,3),(-0.929085588136,
-0.762909652067),.PIECEWISE_BEZIER_KNOTS.) CURVE() 
GEOMETRIC_REPRESENTATION_ITEM() RATIONAL_B_SPLINE_CURVE((1.,1.0034537915
,1.)) REPRESENTATION_ITEM('') );
#5160 = CARTESIAN_POINT('',(4.816185147315,-47.04549902684));
#5161 = CARTESIAN_POINT('',(2.270556834366,-49.26065255424));
#5162 = CARTESIAN_POINT('',(0.,-51.));
#5163 = ( GEOMETRIC_REPRESENTATION_CONTEXT(2) 
PARAMETRIC_REPRESENTATION_CONTEXT() REPRESENTATION_CONTEXT('2D SPACE',''
  ) );
#5164 = PCURVE('',#5074,#5165);
#5165 = DEFINITIONAL_REPRESENTATION('',(#5166),#5173);
#5166 = B_SPLINE_CURVE_WITH_KNOTS('',5,(#5167,#5168,#5169,#5170,#5171,
    #5172),.UNSPECIFIED.,.F.,.F.,(6,6),(-0.914753173669,-0.762909652067)
  ,.PIECEWISE_BEZIER_KNOTS.);
#5167 = CARTESIAN_POINT('',(-6.434393798484,3.5752607769));
#5168 = CARTESIAN_POINT('',(-6.455361052667,2.779604614578));
#5169 = CARTESIAN_POINT('',(-6.476904091222,2.025700687813));
#5170 = CARTESIAN_POINT('',(-6.499024794166,1.312020287306));
#5171 = CARTESIAN_POINT('',(-6.521720917789,0.63719485722));
#5172 = CARTESIAN_POINT('',(-6.544984694979,0.));
#5173 = ( GEOMETRIC_REPRESENTATION_CONTEXT(2) 
PARAMETRIC_REPRESENTATION_CONTEXT() REPRESENTATION_CONTEXT('2D SPACE',''
  ) );
#5174 = ORIENTED_EDGE('',*,*,#5175,.F.);
#5175 = EDGE_CURVE('',#5121,#5149,#5176,.T.);
#5176 = SURFACE_CURVE('',#5177,(#5181,#5187),.PCURVE_S1.);
#5177 = LINE('',#5178,#5179);
#5178 = CARTESIAN_POINT('',(30.043242844873,4.577735178446,-1.));
#5179 = VECTOR('',#5180,1.);
#5180 = DIRECTION('',(0.,0.,1.));
#5181 = PCURVE('',#4685,#5182);
#5182 = DEFINITIONAL_REPRESENTATION('',(#5183),#5186);
#5183 = B_SPLINE_CURVE_WITH_KNOTS('',1,(#5184,#5185),.UNSPECIFIED.,.F.,
  .F.,(2,2),(-5.999999999062E-07,102.0000006),.PIECEWISE_BEZIER_KNOTS.);
#5184 = CARTESIAN_POINT('',(4.378350133922,5.999999999062E-07));
#5185 = CARTESIAN_POINT('',(4.378350133922,-102.0000006));
#5186 = ( GEOMETRIC_REPRESENTATION_CONTEXT(2) 
PARAMETRIC_REPRESENTATION_CONTEXT() REPRESENTATION_CONTEXT('2D SPACE',''
  ) );
#5187 = PCURVE('',#5048,#5188);
#5188 = DEFINITIONAL_REPRESENTATION('',(#5189),#5192);
#5189 = B_SPLINE_CURVE_WITH_KNOTS('',1,(#5190,#5191),.UNSPECIFIED.,.F.,
  .F.,(2,2),(-5.999999999062E-07,102.0000006),.PIECEWISE_BEZIER_KNOTS.);
#5190 = CARTESIAN_POINT('',(6.434393798514,-5.999999999062E-07));
#5191 = CARTESIAN_POINT('',(6.434393798514,102.0000006));
#5192 = ( GEOMETRIC_REPRESENTATION_CONTEXT(2) 
PARAMETRIC_REPRESENTATION_CONTEXT() REPRESENTATION_CONTEXT('2D SPACE',''
  ) );
#5193 = ADVANCED_FACE('',(#5194),#4717,.F.);
#5194 = FACE_BOUND('',#5195,.F.);
#5195 = EDGE_LOOP('',(#5196,#5223,#5224,#5251));
#5196 = ORIENTED_EDGE('',*,*,#5197,.F.);
#5197 = EDGE_CURVE('',#3973,#5198,#5200,.T.);
#5198 = VERTEX_POINT('',#5199);
#5199 = CARTESIAN_POINT('',(30.043242844873,4.577735178446,
    53.575260777783));
#5200 = SURFACE_CURVE('',#5201,(#5206,#5213),.PCURVE_S1.);
#5201 = HYPERBOLA('',#5202,25.005322988392,20.981957297029);
#5202 = AXIS2_PLACEMENT_3D('',#5203,#5204,#5205);
#5203 = CARTESIAN_POINT('',(12.0347562941,17.187413213045,
    17.357869098845));
#5204 = DIRECTION('',(0.573576436351,0.819152044289,0.));
#5205 = DIRECTION('',(0.,-0.,1.));
#5206 = PCURVE('',#4717,#5207);
#5207 = DEFINITIONAL_REPRESENTATION('',(#5208),#5212);
#5208 = ( BOUNDED_CURVE() B_SPLINE_CURVE(2,(#5209,#5210,#5211),
.UNSPECIFIED.,.F.,.F.) B_SPLINE_CURVE_WITH_KNOTS((3,3),(0.762909652067,
0.929085588136),.PIECEWISE_BEZIER_KNOTS.) CURVE() 
GEOMETRIC_REPRESENTATION_ITEM() RATIONAL_B_SPLINE_CURVE((1.,1.0034537915
,1.)) REPRESENTATION_ITEM('') );
#5209 = CARTESIAN_POINT('',(-7.105427357601E-15,-51.));
#5210 = CARTESIAN_POINT('',(2.270556834366,-52.73934744575));
#5211 = CARTESIAN_POINT('',(4.816185147315,-54.95450097315));
#5212 = ( GEOMETRIC_REPRESENTATION_CONTEXT(2) 
PARAMETRIC_REPRESENTATION_CONTEXT() REPRESENTATION_CONTEXT('2D SPACE',''
  ) );
#5213 = PCURVE('',#4926,#5214);
#5214 = DEFINITIONAL_REPRESENTATION('',(#5215),#5222);
#5215 = B_SPLINE_CURVE_WITH_KNOTS('',5,(#5216,#5217,#5218,#5219,#5220,
    #5221),.UNSPECIFIED.,.F.,.F.,(6,6),(0.762909652067,0.914753173669),
  .PIECEWISE_BEZIER_KNOTS.);
#5216 = CARTESIAN_POINT('',(6.544984694979,-4.767014370377));
#5217 = CARTESIAN_POINT('',(6.521720917789,-4.129819513157));
#5218 = CARTESIAN_POINT('',(6.499024794166,-3.454994083071));
#5219 = CARTESIAN_POINT('',(6.476904091222,-2.741313682564));
#5220 = CARTESIAN_POINT('',(6.455361052667,-1.987409755799));
#5221 = CARTESIAN_POINT('',(6.434393798484,-1.191753593476));
#5222 = ( GEOMETRIC_REPRESENTATION_CONTEXT(2) 
PARAMETRIC_REPRESENTATION_CONTEXT() REPRESENTATION_CONTEXT('2D SPACE',''
  ) );
#5223 = ORIENTED_EDGE('',*,*,#4703,.T.);
#5224 = ORIENTED_EDGE('',*,*,#5225,.F.);
#5225 = EDGE_CURVE('',#5226,#4134,#5228,.T.);
#5226 = VERTEX_POINT('',#5227);
#5227 = CARTESIAN_POINT('',(30.043242844873,4.577735178446,
    63.091405888884));
#5228 = SURFACE_CURVE('',#5229,(#5234,#5241),.PCURVE_S1.);
#5229 = HYPERBOLA('',#5230,25.005322988392,20.981957297029);
#5230 = AXIS2_PLACEMENT_3D('',#5231,#5232,#5233);
#5231 = CARTESIAN_POINT('',(12.0347562941,17.187413213045,
    99.308797567822));
#5232 = DIRECTION('',(0.573576436351,0.819152044289,0.));
#5233 = DIRECTION('',(0.,0.,-1.));
#5234 = PCURVE('',#4717,#5235);
#5235 = DEFINITIONAL_REPRESENTATION('',(#5236),#5240);
#5236 = ( BOUNDED_CURVE() B_SPLINE_CURVE(2,(#5237,#5238,#5239),
.UNSPECIFIED.,.F.,.F.) B_SPLINE_CURVE_WITH_KNOTS((3,3),(-0.929085588136,
-0.762909652067),.PIECEWISE_BEZIER_KNOTS.) CURVE() 
GEOMETRIC_REPRESENTATION_ITEM() RATIONAL_B_SPLINE_CURVE((1.,1.0034537915
,1.)) REPRESENTATION_ITEM('') );
#5237 = CARTESIAN_POINT('',(4.816185147315,-63.71216569351));
#5238 = CARTESIAN_POINT('',(2.270556834366,-65.92731922091));
#5239 = CARTESIAN_POINT('',(0.,-67.66666666666));
#5240 = ( GEOMETRIC_REPRESENTATION_CONTEXT(2) 
PARAMETRIC_REPRESENTATION_CONTEXT() REPRESENTATION_CONTEXT('2D SPACE',''
  ) );
#5241 = PCURVE('',#4982,#5242);
#5242 = DEFINITIONAL_REPRESENTATION('',(#5243),#5250);
#5243 = B_SPLINE_CURVE_WITH_KNOTS('',5,(#5244,#5245,#5246,#5247,#5248,
    #5249),.UNSPECIFIED.,.F.,.F.,(6,6),(-0.914753173669,-0.762909652067)
  ,.PIECEWISE_BEZIER_KNOTS.);
#5244 = CARTESIAN_POINT('',(-6.434393798484,3.5752607769));
#5245 = CARTESIAN_POINT('',(-6.455361052667,2.779604614578));
#5246 = CARTESIAN_POINT('',(-6.476904091222,2.025700687813));
#5247 = CARTESIAN_POINT('',(-6.499024794166,1.312020287306));
#5248 = CARTESIAN_POINT('',(-6.521720917789,0.63719485722));
#5249 = CARTESIAN_POINT('',(-6.544984694979,0.));
#5250 = ( GEOMETRIC_REPRESENTATION_CONTEXT(2) 
PARAMETRIC_REPRESENTATION_CONTEXT() REPRESENTATION_CONTEXT('2D SPACE',''
  ) );
#5251 = ORIENTED_EDGE('',*,*,#5252,.F.);
#5252 = EDGE_CURVE('',#5198,#5226,#5253,.T.);
#5253 = SURFACE_CURVE('',#5254,(#5258,#5264),.PCURVE_S1.);
#5254 = LINE('',#5255,#5256);
#5255 = CARTESIAN_POINT('',(30.043242844873,4.577735178446,-1.));
#5256 = VECTOR('',#5257,1.);
#5257 = DIRECTION('',(0.,0.,1.));
#5258 = PCURVE('',#4717,#5259);
#5259 = DEFINITIONAL_REPRESENTATION('',(#5260),#5263);
#5260 = B_SPLINE_CURVE_WITH_KNOTS('',1,(#5261,#5262),.UNSPECIFIED.,.F.,
  .F.,(2,2),(-5.999999999062E-07,102.0000006),.PIECEWISE_BEZIER_KNOTS.);
#5261 = CARTESIAN_POINT('',(4.378350133922,5.999999999062E-07));
#5262 = CARTESIAN_POINT('',(4.378350133922,-102.0000006));
#5263 = ( GEOMETRIC_REPRESENTATION_CONTEXT(2) 
PARAMETRIC_REPRESENTATION_CONTEXT() REPRESENTATION_CONTEXT('2D SPACE',''
  ) );
#5264 = PCURVE('',#4956,#5265);
#5265 = DEFINITIONAL_REPRESENTATION('',(#5266),#5269);
#5266 = B_SPLINE_CURVE_WITH_KNOTS('',1,(#5267,#5268),.UNSPECIFIED.,.F.,
  .F.,(2,2),(-5.999999999062E-07,102.0000006),.PIECEWISE_BEZIER_KNOTS.);
#5267 = CARTESIAN_POINT('',(6.434393798514,-5.999999999062E-07));
#5268 = CARTESIAN_POINT('',(6.434393798514,102.0000006));
#5269 = ( GEOMETRIC_REPRESENTATION_CONTEXT(2) 
PARAMETRIC_REPRESENTATION_CONTEXT() REPRESENTATION_CONTEXT('2D SPACE',''
  ) );
#5270 = ADVANCED_FACE('',(#5271),#4749,.F.);
#5271 = FACE_BOUND('',#5272,.F.);
#5272 = EDGE_LOOP('',(#5273,#5300,#5301,#5302));
#5273 = ORIENTED_EDGE('',*,*,#5274,.F.);
#5274 = EDGE_CURVE('',#4134,#5275,#5277,.T.);
#5275 = VERTEX_POINT('',#5276);
#5276 = CARTESIAN_POINT('',(30.043242844873,4.577735178446,
    70.241927444449));
#5277 = SURFACE_CURVE('',#5278,(#5283,#5290),.PCURVE_S1.);
#5278 = HYPERBOLA('',#5279,25.005322988392,20.981957297029);
#5279 = AXIS2_PLACEMENT_3D('',#5280,#5281,#5282);
#5280 = CARTESIAN_POINT('',(12.0347562941,17.187413213045,
    34.024535765511));
#5281 = DIRECTION('',(0.573576436351,0.819152044289,0.));
#5282 = DIRECTION('',(0.,-0.,1.));
#5283 = PCURVE('',#4749,#5284);
#5284 = DEFINITIONAL_REPRESENTATION('',(#5285),#5289);
#5285 = ( BOUNDED_CURVE() B_SPLINE_CURVE(2,(#5286,#5287,#5288),
.UNSPECIFIED.,.F.,.F.) B_SPLINE_CURVE_WITH_KNOTS((3,3),(0.762909652067,
0.929085588136),.PIECEWISE_BEZIER_KNOTS.) CURVE() 
GEOMETRIC_REPRESENTATION_ITEM() RATIONAL_B_SPLINE_CURVE((1.,1.0034537915
,1.)) REPRESENTATION_ITEM('') );
#5286 = CARTESIAN_POINT('',(-7.105427357601E-15,-67.66666666666));
#5287 = CARTESIAN_POINT('',(2.270556834366,-69.40601411241));
#5288 = CARTESIAN_POINT('',(4.816185147315,-71.62116763981));
#5289 = ( GEOMETRIC_REPRESENTATION_CONTEXT(2) 
PARAMETRIC_REPRESENTATION_CONTEXT() REPRESENTATION_CONTEXT('2D SPACE',''
  ) );
#5290 = PCURVE('',#4870,#5291);
#5291 = DEFINITIONAL_REPRESENTATION('',(#5292),#5299);
#5292 = B_SPLINE_CURVE_WITH_KNOTS('',5,(#5293,#5294,#5295,#5296,#5297,
    #5298),.UNSPECIFIED.,.F.,.F.,(6,6),(0.762909652067,0.914753173669),
  .PIECEWISE_BEZIER_KNOTS.);
#5293 = CARTESIAN_POINT('',(6.544984694979,-4.767014370377));
#5294 = CARTESIAN_POINT('',(6.521720917789,-4.129819513157));
#5295 = CARTESIAN_POINT('',(6.499024794166,-3.454994083071));
#5296 = CARTESIAN_POINT('',(6.476904091222,-2.741313682564));
#5297 = CARTESIAN_POINT('',(6.455361052667,-1.987409755799));
#5298 = CARTESIAN_POINT('',(6.434393798484,-1.191753593476));
#5299 = ( GEOMETRIC_REPRESENTATION_CONTEXT(2) 
PARAMETRIC_REPRESENTATION_CONTEXT() REPRESENTATION_CONTEXT('2D SPACE',''
  ) );
#5300 = ORIENTED_EDGE('',*,*,#4735,.T.);
#5301 = ORIENTED_EDGE('',*,*,#4824,.F.);
#5302 = ORIENTED_EDGE('',*,*,#5303,.F.);
#5303 = EDGE_CURVE('',#5275,#4768,#5304,.T.);
#5304 = SURFACE_CURVE('',#5305,(#5309,#5315),.PCURVE_S1.);
#5305 = LINE('',#5306,#5307);
#5306 = CARTESIAN_POINT('',(30.043242844873,4.577735178446,-1.));
#5307 = VECTOR('',#5308,1.);
#5308 = DIRECTION('',(0.,0.,1.));
#5309 = PCURVE('',#4749,#5310);
#5310 = DEFINITIONAL_REPRESENTATION('',(#5311),#5314);
#5311 = B_SPLINE_CURVE_WITH_KNOTS('',1,(#5312,#5313),.UNSPECIFIED.,.F.,
  .F.,(2,2),(-5.999999999062E-07,102.0000006),.PIECEWISE_BEZIER_KNOTS.);
#5312 = CARTESIAN_POINT('',(4.378350133922,5.999999999062E-07));
#5313 = CARTESIAN_POINT('',(4.378350133922,-102.0000006));
#5314 = ( GEOMETRIC_REPRESENTATION_CONTEXT(2) 
PARAMETRIC_REPRESENTATION_CONTEXT() REPRESENTATION_CONTEXT('2D SPACE',''
  ) );
#5315 = PCURVE('',#4786,#5316);
#5316 = DEFINITIONAL_REPRESENTATION('',(#5317),#5320);
#5317 = B_SPLINE_CURVE_WITH_KNOTS('',1,(#5318,#5319),.UNSPECIFIED.,.F.,
  .F.,(2,2),(-5.999999999062E-07,102.0000006),.PIECEWISE_BEZIER_KNOTS.);
#5318 = CARTESIAN_POINT('',(6.434393798514,-5.999999999062E-07));
#5319 = CARTESIAN_POINT('',(6.434393798514,102.0000006));
#5320 = ( GEOMETRIC_REPRESENTATION_CONTEXT(2) 
PARAMETRIC_REPRESENTATION_CONTEXT() REPRESENTATION_CONTEXT('2D SPACE',''
  ) );
#5321 = ADVANCED_FACE('',(#5322),#4786,.F.);
#5322 = FACE_BOUND('',#5323,.F.);
#5323 = EDGE_LOOP('',(#5324,#5325,#5347,#5348));
#5324 = ORIENTED_EDGE('',*,*,#4885,.F.);
#5325 = ORIENTED_EDGE('',*,*,#5326,.F.);
#5326 = EDGE_CURVE('',#5275,#4854,#5327,.T.);
#5327 = SURFACE_CURVE('',#5328,(#5333,#5340),.PCURVE_S1.);
#5328 = CIRCLE('',#5329,30.39);
#5329 = AXIS2_PLACEMENT_3D('',#5330,#5331,#5332);
#5330 = CARTESIAN_POINT('',(0.,0.,70.241927444449));
#5331 = DIRECTION('',(-8.874685183736E-31,-3.104341811233E-15,-1.));
#5332 = DIRECTION('',(0.988589761266,0.150632944338,-4.67616147259E-16)
  );
#5333 = PCURVE('',#4786,#5334);
#5334 = DEFINITIONAL_REPRESENTATION('',(#5335),#5339);
#5335 = LINE('',#5336,#5337);
#5336 = CARTESIAN_POINT('',(6.434393798514,71.241927444449));
#5337 = VECTOR('',#5338,1.);
#5338 = DIRECTION('',(-1.,-0.));
#5339 = ( GEOMETRIC_REPRESENTATION_CONTEXT(2) 
PARAMETRIC_REPRESENTATION_CONTEXT() REPRESENTATION_CONTEXT('2D SPACE',''
  ) );
#5340 = PCURVE('',#4870,#5341);
#5341 = DEFINITIONAL_REPRESENTATION('',(#5342),#5346);
#5342 = LINE('',#5343,#5344);
#5343 = CARTESIAN_POINT('',(6.434393798514,-1.191753592594));
#5344 = VECTOR('',#5345,1.);
#5345 = DIRECTION('',(-1.,-0.));
#5346 = ( GEOMETRIC_REPRESENTATION_CONTEXT(2) 
PARAMETRIC_REPRESENTATION_CONTEXT() REPRESENTATION_CONTEXT('2D SPACE',''
  ) );
#5347 = ORIENTED_EDGE('',*,*,#5303,.T.);
#5348 = ORIENTED_EDGE('',*,*,#4767,.T.);
#5349 = ADVANCED_FACE('',(#5350),#4870,.F.);
#5350 = FACE_BOUND('',#5351,.T.);
#5351 = EDGE_LOOP('',(#5352,#5374,#5375,#5376));
#5352 = ORIENTED_EDGE('',*,*,#5353,.T.);
#5353 = EDGE_CURVE('',#4134,#3096,#5354,.T.);
#5354 = SURFACE_CURVE('',#5355,(#5360,#5367),.PCURVE_S1.);
#5355 = CIRCLE('',#5356,27.39);
#5356 = AXIS2_PLACEMENT_3D('',#5357,#5358,#5359);
#5357 = CARTESIAN_POINT('',(0.,0.,66.666666666667));
#5358 = DIRECTION('',(0.,0.,-1.));
#5359 = DIRECTION('',(0.965925826289,0.258819045103,0.));
#5360 = PCURVE('',#4870,#5361);
#5361 = DEFINITIONAL_REPRESENTATION('',(#5362),#5366);
#5362 = LINE('',#5363,#5364);
#5363 = CARTESIAN_POINT('',(6.544984694979,-4.767014370377));
#5364 = VECTOR('',#5365,1.);
#5365 = DIRECTION('',(-1.,-0.));
#5366 = ( GEOMETRIC_REPRESENTATION_CONTEXT(2) 
PARAMETRIC_REPRESENTATION_CONTEXT() REPRESENTATION_CONTEXT('2D SPACE',''
  ) );
#5367 = PCURVE('',#4982,#5368);
#5368 = DEFINITIONAL_REPRESENTATION('',(#5369),#5373);
#5369 = LINE('',#5370,#5371);
#5370 = CARTESIAN_POINT('',(-6.544984694979,0.));
#5371 = VECTOR('',#5372,1.);
#5372 = DIRECTION('',(1.,-0.));
#5373 = ( GEOMETRIC_REPRESENTATION_CONTEXT(2) 
PARAMETRIC_REPRESENTATION_CONTEXT() REPRESENTATION_CONTEXT('2D SPACE',''
  ) );
#5374 = ORIENTED_EDGE('',*,*,#4853,.F.);
#5375 = ORIENTED_EDGE('',*,*,#5326,.F.);
#5376 = ORIENTED_EDGE('',*,*,#5274,.F.);
#5377 = ADVANCED_FACE('',(#5378),#4982,.F.);
#5378 = FACE_BOUND('',#5379,.T.);
#5379 = EDGE_LOOP('',(#5380,#5402,#5403,#5404));
#5380 = ORIENTED_EDGE('',*,*,#5381,.T.);
#5381 = EDGE_CURVE('',#5226,#4942,#5382,.T.);
#5382 = SURFACE_CURVE('',#5383,(#5388,#5395),.PCURVE_S1.);
#5383 = CIRCLE('',#5384,30.39);
#5384 = AXIS2_PLACEMENT_3D('',#5385,#5386,#5387);
#5385 = CARTESIAN_POINT('',(0.,0.,63.091405888884));
#5386 = DIRECTION('',(0.,0.,-1.));
#5387 = DIRECTION('',(0.988589761266,0.150632944338,0.));
#5388 = PCURVE('',#4982,#5389);
#5389 = DEFINITIONAL_REPRESENTATION('',(#5390),#5394);
#5390 = LINE('',#5391,#5392);
#5391 = CARTESIAN_POINT('',(-6.434393798514,3.575260777783));
#5392 = VECTOR('',#5393,1.);
#5393 = DIRECTION('',(1.,-0.));
#5394 = ( GEOMETRIC_REPRESENTATION_CONTEXT(2) 
PARAMETRIC_REPRESENTATION_CONTEXT() REPRESENTATION_CONTEXT('2D SPACE',''
  ) );
#5395 = PCURVE('',#4956,#5396);
#5396 = DEFINITIONAL_REPRESENTATION('',(#5397),#5401);
#5397 = LINE('',#5398,#5399);
#5398 = CARTESIAN_POINT('',(6.434393798514,64.091405888884));
#5399 = VECTOR('',#5400,1.);
#5400 = DIRECTION('',(-1.,-0.));
#5401 = ( GEOMETRIC_REPRESENTATION_CONTEXT(2) 
PARAMETRIC_REPRESENTATION_CONTEXT() REPRESENTATION_CONTEXT('2D SPACE',''
  ) );
#5402 = ORIENTED_EDGE('',*,*,#4967,.F.);
#5403 = ORIENTED_EDGE('',*,*,#5353,.F.);
#5404 = ORIENTED_EDGE('',*,*,#5225,.F.);
#5405 = ADVANCED_FACE('',(#5406),#4956,.F.);
#5406 = FACE_BOUND('',#5407,.F.);
#5407 = EDGE_LOOP('',(#5408,#5409,#5431,#5432));
#5408 = ORIENTED_EDGE('',*,*,#4941,.F.);
#5409 = ORIENTED_EDGE('',*,*,#5410,.F.);
#5410 = EDGE_CURVE('',#5198,#4910,#5411,.T.);
#5411 = SURFACE_CURVE('',#5412,(#5417,#5424),.PCURVE_S1.);
#5412 = CIRCLE('',#5413,30.39);
#5413 = AXIS2_PLACEMENT_3D('',#5414,#5415,#5416);
#5414 = CARTESIAN_POINT('',(0.,0.,53.575260777783));
#5415 = DIRECTION('',(0.,0.,-1.));
#5416 = DIRECTION('',(0.988589761266,0.150632944338,0.));
#5417 = PCURVE('',#4956,#5418);
#5418 = DEFINITIONAL_REPRESENTATION('',(#5419),#5423);
#5419 = LINE('',#5420,#5421);
#5420 = CARTESIAN_POINT('',(6.434393798514,54.575260777783));
#5421 = VECTOR('',#5422,1.);
#5422 = DIRECTION('',(-1.,-0.));
#5423 = ( GEOMETRIC_REPRESENTATION_CONTEXT(2) 
PARAMETRIC_REPRESENTATION_CONTEXT() REPRESENTATION_CONTEXT('2D SPACE',''
  ) );
#5424 = PCURVE('',#4926,#5425);
#5425 = DEFINITIONAL_REPRESENTATION('',(#5426),#5430);
#5426 = LINE('',#5427,#5428);
#5427 = CARTESIAN_POINT('',(6.434393798514,-1.191753592594));
#5428 = VECTOR('',#5429,1.);
#5429 = DIRECTION('',(-1.,-0.));
#5430 = ( GEOMETRIC_REPRESENTATION_CONTEXT(2) 
PARAMETRIC_REPRESENTATION_CONTEXT() REPRESENTATION_CONTEXT('2D SPACE',''
  ) );
#5431 = ORIENTED_EDGE('',*,*,#5252,.T.);
#5432 = ORIENTED_EDGE('',*,*,#5381,.T.);
#5433 = ADVANCED_FACE('',(#5434),#4926,.F.);
#5434 = FACE_BOUND('',#5435,.T.);
#5435 = EDGE_LOOP('',(#5436,#5458,#5459,#5460));
#5436 = ORIENTED_EDGE('',*,*,#5437,.T.);
#5437 = EDGE_CURVE('',#3973,#3257,#5438,.T.);
#5438 = SURFACE_CURVE('',#5439,(#5444,#5451),.PCURVE_S1.);
#5439 = CIRCLE('',#5440,27.39);
#5440 = AXIS2_PLACEMENT_3D('',#5441,#5442,#5443);
#5441 = CARTESIAN_POINT('',(0.,0.,50.));
#5442 = DIRECTION('',(0.,0.,-1.));
#5443 = DIRECTION('',(0.965925826289,0.258819045103,0.));
#5444 = PCURVE('',#4926,#5445);
#5445 = DEFINITIONAL_REPRESENTATION('',(#5446),#5450);
#5446 = LINE('',#5447,#5448);
#5447 = CARTESIAN_POINT('',(6.544984694979,-4.767014370377));
#5448 = VECTOR('',#5449,1.);
#5449 = DIRECTION('',(-1.,-0.));
#5450 = ( GEOMETRIC_REPRESENTATION_CONTEXT(2) 
PARAMETRIC_REPRESENTATION_CONTEXT() REPRESENTATION_CONTEXT('2D SPACE',''
  ) );
#5451 = PCURVE('',#5074,#5452);
#5452 = DEFINITIONAL_REPRESENTATION('',(#5453),#5457);
#5453 = LINE('',#5454,#5455);
#5454 = CARTESIAN_POINT('',(-6.544984694979,0.));
#5455 = VECTOR('',#5456,1.);
#5456 = DIRECTION('',(1.,-0.));
#5457 = ( GEOMETRIC_REPRESENTATION_CONTEXT(2) 
PARAMETRIC_REPRESENTATION_CONTEXT() REPRESENTATION_CONTEXT('2D SPACE',''
  ) );
#5458 = ORIENTED_EDGE('',*,*,#4909,.F.);
#5459 = ORIENTED_EDGE('',*,*,#5410,.F.);
#5460 = ORIENTED_EDGE('',*,*,#5197,.F.);
#5461 = ADVANCED_FACE('',(#5462),#5074,.F.);
#5462 = FACE_BOUND('',#5463,.T.);
#5463 = EDGE_LOOP('',(#5464,#5486,#5487,#5488));
#5464 = ORIENTED_EDGE('',*,*,#5465,.T.);
#5465 = EDGE_CURVE('',#5149,#5034,#5466,.T.);
#5466 = SURFACE_CURVE('',#5467,(#5472,#5479),.PCURVE_S1.);
#5467 = CIRCLE('',#5468,30.39);
#5468 = AXIS2_PLACEMENT_3D('',#5469,#5470,#5471);
#5469 = CARTESIAN_POINT('',(0.,0.,46.424739222217));
#5470 = DIRECTION('',(0.,0.,-1.));
#5471 = DIRECTION('',(0.988589761266,0.150632944338,0.));
#5472 = PCURVE('',#5074,#5473);
#5473 = DEFINITIONAL_REPRESENTATION('',(#5474),#5478);
#5474 = LINE('',#5475,#5476);
#5475 = CARTESIAN_POINT('',(-6.434393798514,3.575260777783));
#5476 = VECTOR('',#5477,1.);
#5477 = DIRECTION('',(1.,-0.));
#5478 = ( GEOMETRIC_REPRESENTATION_CONTEXT(2) 
PARAMETRIC_REPRESENTATION_CONTEXT() REPRESENTATION_CONTEXT('2D SPACE',''
  ) );
#5479 = PCURVE('',#5048,#5480);
#5480 = DEFINITIONAL_REPRESENTATION('',(#5481),#5485);
#5481 = LINE('',#5482,#5483);
#5482 = CARTESIAN_POINT('',(6.434393798514,47.424739222217));
#5483 = VECTOR('',#5484,1.);
#5484 = DIRECTION('',(-1.,-0.));
#5485 = ( GEOMETRIC_REPRESENTATION_CONTEXT(2) 
PARAMETRIC_REPRESENTATION_CONTEXT() REPRESENTATION_CONTEXT('2D SPACE',''
  ) );
#5486 = ORIENTED_EDGE('',*,*,#5059,.F.);
#5487 = ORIENTED_EDGE('',*,*,#5437,.F.);
#5488 = ORIENTED_EDGE('',*,*,#5148,.F.);
#5489 = ADVANCED_FACE('',(#5490),#5048,.F.);
#5490 = FACE_BOUND('',#5491,.F.);
#5491 = EDGE_LOOP('',(#5492,#5493,#5515,#5516));
#5492 = ORIENTED_EDGE('',*,*,#5033,.F.);
#5493 = ORIENTED_EDGE('',*,*,#5494,.F.);
#5494 = EDGE_CURVE('',#5121,#5002,#5495,.T.);
#5495 = SURFACE_CURVE('',#5496,(#5501,#5508),.PCURVE_S1.);
#5496 = CIRCLE('',#5497,30.39);
#5497 = AXIS2_PLACEMENT_3D('',#5498,#5499,#5500);
#5498 = CARTESIAN_POINT('',(0.,0.,36.908594111116));
#5499 = DIRECTION('',(0.,0.,-1.));
#5500 = DIRECTION('',(0.988589761266,0.150632944338,0.));
#5501 = PCURVE('',#5048,#5502);
#5502 = DEFINITIONAL_REPRESENTATION('',(#5503),#5507);
#5503 = LINE('',#5504,#5505);
#5504 = CARTESIAN_POINT('',(6.434393798514,37.908594111116));
#5505 = VECTOR('',#5506,1.);
#5506 = DIRECTION('',(-1.,-0.));
#5507 = ( GEOMETRIC_REPRESENTATION_CONTEXT(2) 
PARAMETRIC_REPRESENTATION_CONTEXT() REPRESENTATION_CONTEXT('2D SPACE',''
  ) );
#5508 = PCURVE('',#5018,#5509);
#5509 = DEFINITIONAL_REPRESENTATION('',(#5510),#5514);
#5510 = LINE('',#5511,#5512);
#5511 = CARTESIAN_POINT('',(6.434393798514,-1.191753592594));
#5512 = VECTOR('',#5513,1.);
#5513 = DIRECTION('',(-1.,-0.));
#5514 = ( GEOMETRIC_REPRESENTATION_CONTEXT(2) 
PARAMETRIC_REPRESENTATION_CONTEXT() REPRESENTATION_CONTEXT('2D SPACE',''
  ) );
#5515 = ORIENTED_EDGE('',*,*,#5175,.T.);
#5516 = ORIENTED_EDGE('',*,*,#5465,.T.);
#5517 = ADVANCED_FACE('',(#5518),#5018,.F.);
#5518 = FACE_BOUND('',#5519,.T.);
#5519 = EDGE_LOOP('',(#5520,#5521,#5522,#5523));
#5520 = ORIENTED_EDGE('',*,*,#5494,.F.);
#5521 = ORIENTED_EDGE('',*,*,#5120,.F.);
#5522 = ORIENTED_EDGE('',*,*,#5092,.T.);
#5523 = ORIENTED_EDGE('',*,*,#5001,.F.);
#5524 = ( GEOMETRIC_REPRESENTATION_CONTEXT(3) 
GLOBAL_UNCERTAINTY_ASSIGNED_CONTEXT((#5528)) 
GLOBAL_UNIT_ASSIGNED_CONTEXT((#5525,#5526,#5527)) REPRESENTATION_CONTEXT
('Context #1','3D Context with UNIT and UNCERTAINTY') );
#5525 = ( LENGTH_UNIT() NAMED_UNIT(*) SI_UNIT(.MILLI.,.METRE.) );
#5526 = ( NAMED_UNIT(*) PLANE_ANGLE_UNIT() SI_UNIT($,.RADIAN.) );
#5527 = ( NAMED_UNIT(*) SI_UNIT($,.STERADIAN.) SOLID_ANGLE_UNIT() );
#5528 = UNCERTAINTY_MEASURE_WITH_UNIT(LENGTH_MEASURE(1.E-07),#5525,
  'distance_accuracy_value','confusion accuracy');
#5529 = CONTEXT_DEPENDENT_SHAPE_REPRESENTATION(#5530,#5532);
#5530 = ( REPRESENTATION_RELATIONSHIP('','',#52,#10) 
REPRESENTATION_RELATIONSHIP_WITH_TRANSFORMATION(#5531) 
SHAPE_REPRESENTATION_RELATIONSHIP() );
#5531 = ITEM_DEFINED_TRANSFORMATION('','',#11,#15);
#5532 = PRODUCT_DEFINITION_SHAPE('Placement','Placement of an item',
  #5533);
#5533 = NEXT_ASSEMBLY_USAGE_OCCURRENCE('1','=>[0:1:1:2]','',#5,#47,$);
#5534 = PRODUCT_RELATED_PRODUCT_CATEGORY('part',$,(#49));
#5535 = CONTEXT_DEPENDENT_SHAPE_REPRESENTATION(#5536,#5538);
#5536 = ( REPRESENTATION_RELATIONSHIP('','',#52,#10) 
REPRESENTATION_RELATIONSHIP_WITH_TRANSFORMATION(#5537) 
SHAPE_REPRESENTATION_RELATIONSHIP() );
#5537 = ITEM_DEFINED_TRANSFORMATION('','',#11,#19);
#5538 = PRODUCT_DEFINITION_SHAPE('Placement','Placement of an item',
  #5539);
#5539 = NEXT_ASSEMBLY_USAGE_OCCURRENCE('2','=>[0:1:1:2]','',#5,#47,$);
#5540 = CONTEXT_DEPENDENT_SHAPE_REPRESENTATION(#5541,#5543);
#5541 = ( REPRESENTATION_RELATIONSHIP('','',#52,#10) 
REPRESENTATION_RELATIONSHIP_WITH_TRANSFORMATION(#5542) 
SHAPE_REPRESENTATION_RELATIONSHIP() );
#5542 = ITEM_DEFINED_TRANSFORMATION('','',#11,#23);
#5543 = PRODUCT_DEFINITION_SHAPE('Placement','Placement of an item',
  #5544);
#5544 = NEXT_ASSEMBLY_USAGE_OCCURRENCE('3','=>[0:1:1:2]','',#5,#47,$);
#5545 = CONTEXT_DEPENDENT_SHAPE_REPRESENTATION(#5546,#5548);
#5546 = ( REPRESENTATION_RELATIONSHIP('','',#52,#10) 
REPRESENTATION_RELATIONSHIP_WITH_TRANSFORMATION(#5547) 
SHAPE_REPRESENTATION_RELATIONSHIP() );
#5547 = ITEM_DEFINED_TRANSFORMATION('','',#11,#27);
#5548 = PRODUCT_DEFINITION_SHAPE('Placement','Placement of an item',
  #5549);
#5549 = NEXT_ASSEMBLY_USAGE_OCCURRENCE('4','=>[0:1:1:2]','',#5,#47,$);
#5550 = SHAPE_DEFINITION_REPRESENTATION(#5551,#5557);
#5551 = PRODUCT_DEFINITION_SHAPE('','',#5552);
#5552 = PRODUCT_DEFINITION('design','',#5553,#5556);
#5553 = PRODUCT_DEFINITION_FORMATION('','',#5554);
#5554 = PRODUCT('COMPOUND','COMPOUND','',(#5555));
#5555 = PRODUCT_CONTEXT('',#2,'mechanical');
#5556 = PRODUCT_DEFINITION_CONTEXT('part definition',#2,'design');
#5557 = ADVANCED_BREP_SHAPE_REPRESENTATION('',(#11,#5558),#6876);
#5558 = MANIFOLD_SOLID_BREP('',#5559);
#5559 = CLOSED_SHELL('',(#5560,#5680,#5758,#5836,#5912,#5988,#6066,#6139
    ,#6186,#6306,#6382,#6468,#6544,#6630,#6706,#6787,#6834,#6855));
#5560 = ADVANCED_FACE('',(#5561),#5575,.T.);
#5561 = FACE_BOUND('',#5562,.T.);
#5562 = EDGE_LOOP('',(#5563,#5598,#5626,#5654));
#5563 = ORIENTED_EDGE('',*,*,#5564,.T.);
#5564 = EDGE_CURVE('',#5565,#5567,#5569,.T.);
#5565 = VERTEX_POINT('',#5566);
#5566 = CARTESIAN_POINT('',(-44.45,-34.93,0.));
#5567 = VERTEX_POINT('',#5568);
#5568 = CARTESIAN_POINT('',(-44.45,-34.93,100.));
#5569 = SURFACE_CURVE('',#5570,(#5574,#5586),.PCURVE_S1.);
#5570 = LINE('',#5571,#5572);
#5571 = CARTESIAN_POINT('',(-44.45,-34.93,0.));
#5572 = VECTOR('',#5573,1.);
#5573 = DIRECTION('',(0.,0.,1.));
#5574 = PCURVE('',#5575,#5580);
#5575 = PLANE('',#5576);
#5576 = AXIS2_PLACEMENT_3D('',#5577,#5578,#5579);
#5577 = CARTESIAN_POINT('',(-44.45,-34.93,0.));
#5578 = DIRECTION('',(-1.,0.,0.));
#5579 = DIRECTION('',(0.,1.,0.));
#5580 = DEFINITIONAL_REPRESENTATION('',(#5581),#5585);
#5581 = LINE('',#5582,#5583);
#5582 = CARTESIAN_POINT('',(0.,0.));
#5583 = VECTOR('',#5584,1.);
#5584 = DIRECTION('',(0.,-1.));
#5585 = ( GEOMETRIC_REPRESENTATION_CONTEXT(2) 
PARAMETRIC_REPRESENTATION_CONTEXT() REPRESENTATION_CONTEXT('2D SPACE',''
  ) );
#5586 = PCURVE('',#5587,#5592);
#5587 = CYLINDRICAL_SURFACE('',#5588,9.52);
#5588 = AXIS2_PLACEMENT_3D('',#5589,#5590,#5591);
#5589 = CARTESIAN_POINT('',(-34.93,-34.93,0.));
#5590 = DIRECTION('',(-0.,-0.,-1.));
#5591 = DIRECTION('',(1.,0.,0.));
#5592 = DEFINITIONAL_REPRESENTATION('',(#5593),#5597);
#5593 = LINE('',#5594,#5595);
#5594 = CARTESIAN_POINT('',(-3.14159265359,0.));
#5595 = VECTOR('',#5596,1.);
#5596 = DIRECTION('',(-0.,-1.));
#5597 = ( GEOMETRIC_REPRESENTATION_CONTEXT(2) 
PARAMETRIC_REPRESENTATION_CONTEXT() REPRESENTATION_CONTEXT('2D SPACE',''
  ) );
#5598 = ORIENTED_EDGE('',*,*,#5599,.T.);
#5599 = EDGE_CURVE('',#5567,#5600,#5602,.T.);
#5600 = VERTEX_POINT('',#5601);
#5601 = CARTESIAN_POINT('',(-44.45,34.93,100.));
#5602 = SURFACE_CURVE('',#5603,(#5607,#5614),.PCURVE_S1.);
#5603 = LINE('',#5604,#5605);
#5604 = CARTESIAN_POINT('',(-44.45,0.,100.));
#5605 = VECTOR('',#5606,1.);
#5606 = DIRECTION('',(0.,1.,0.));
#5607 = PCURVE('',#5575,#5608);
#5608 = DEFINITIONAL_REPRESENTATION('',(#5609),#5613);
#5609 = LINE('',#5610,#5611);
#5610 = CARTESIAN_POINT('',(34.93,-100.));
#5611 = VECTOR('',#5612,1.);
#5612 = DIRECTION('',(1.,0.));
#5613 = ( GEOMETRIC_REPRESENTATION_CONTEXT(2) 
PARAMETRIC_REPRESENTATION_CONTEXT() REPRESENTATION_CONTEXT('2D SPACE',''
  ) );
#5614 = PCURVE('',#5615,#5620);
#5615 = PLANE('',#5616);
#5616 = AXIS2_PLACEMENT_3D('',#5617,#5618,#5619);
#5617 = CARTESIAN_POINT('',(9.653686248942E-16,2.896105874683E-15,100.)
  );
#5618 = DIRECTION('',(0.,0.,1.));
#5619 = DIRECTION('',(1.,0.,-0.));
#5620 = DEFINITIONAL_REPRESENTATION('',(#5621),#5625);
#5621 = LINE('',#5622,#5623);
#5622 = CARTESIAN_POINT('',(-44.45,-2.896105874683E-15));
#5623 = VECTOR('',#5624,1.);
#5624 = DIRECTION('',(0.,1.));
#5625 = ( GEOMETRIC_REPRESENTATION_CONTEXT(2) 
PARAMETRIC_REPRESENTATION_CONTEXT() REPRESENTATION_CONTEXT('2D SPACE',''
  ) );
#5626 = ORIENTED_EDGE('',*,*,#5627,.F.);
#5627 = EDGE_CURVE('',#5628,#5600,#5630,.T.);
#5628 = VERTEX_POINT('',#5629);
#5629 = CARTESIAN_POINT('',(-44.45,34.93,0.));
#5630 = SURFACE_CURVE('',#5631,(#5635,#5642),.PCURVE_S1.);
#5631 = LINE('',#5632,#5633);
#5632 = CARTESIAN_POINT('',(-44.45,34.93,0.));
#5633 = VECTOR('',#5634,1.);
#5634 = DIRECTION('',(0.,0.,1.));
#5635 = PCURVE('',#5575,#5636);
#5636 = DEFINITIONAL_REPRESENTATION('',(#5637),#5641);
#5637 = LINE('',#5638,#5639);
#5638 = CARTESIAN_POINT('',(69.86,0.));
#5639 = VECTOR('',#5640,1.);
#5640 = DIRECTION('',(0.,-1.));
#5641 = ( GEOMETRIC_REPRESENTATION_CONTEXT(2) 
PARAMETRIC_REPRESENTATION_CONTEXT() REPRESENTATION_CONTEXT('2D SPACE',''
  ) );
#5642 = PCURVE('',#5643,#5648);
#5643 = CYLINDRICAL_SURFACE('',#5644,9.52);
#5644 = AXIS2_PLACEMENT_3D('',#5645,#5646,#5647);
#5645 = CARTESIAN_POINT('',(-34.93,34.93,0.));
#5646 = DIRECTION('',(-0.,-0.,-1.));
#5647 = DIRECTION('',(1.,0.,0.));
#5648 = DEFINITIONAL_REPRESENTATION('',(#5649),#5653);
#5649 = LINE('',#5650,#5651);
#5650 = CARTESIAN_POINT('',(-3.14159265359,0.));
#5651 = VECTOR('',#5652,1.);
#5652 = DIRECTION('',(-0.,-1.));
#5653 = ( GEOMETRIC_REPRESENTATION_CONTEXT(2) 
PARAMETRIC_REPRESENTATION_CONTEXT() REPRESENTATION_CONTEXT('2D SPACE',''
  ) );
#5654 = ORIENTED_EDGE('',*,*,#5655,.F.);
#5655 = EDGE_CURVE('',#5565,#5628,#5656,.T.);
#5656 = SURFACE_CURVE('',#5657,(#5661,#5668),.PCURVE_S1.);
#5657 = LINE('',#5658,#5659);
#5658 = CARTESIAN_POINT('',(-44.45,0.,0.));
#5659 = VECTOR('',#5660,1.);
#5660 = DIRECTION('',(0.,1.,0.));
#5661 = PCURVE('',#5575,#5662);
#5662 = DEFINITIONAL_REPRESENTATION('',(#5663),#5667);
#5663 = LINE('',#5664,#5665);
#5664 = CARTESIAN_POINT('',(34.93,0.));
#5665 = VECTOR('',#5666,1.);
#5666 = DIRECTION('',(1.,0.));
#5667 = ( GEOMETRIC_REPRESENTATION_CONTEXT(2) 
PARAMETRIC_REPRESENTATION_CONTEXT() REPRESENTATION_CONTEXT('2D SPACE',''
  ) );
#5668 = PCURVE('',#5669,#5674);
#5669 = PLANE('',#5670);
#5670 = AXIS2_PLACEMENT_3D('',#5671,#5672,#5673);
#5671 = CARTESIAN_POINT('',(9.653686248942E-16,2.896105874683E-15,0.));
#5672 = DIRECTION('',(0.,0.,1.));
#5673 = DIRECTION('',(1.,0.,-0.));
#5674 = DEFINITIONAL_REPRESENTATION('',(#5675),#5679);
#5675 = LINE('',#5676,#5677);
#5676 = CARTESIAN_POINT('',(-44.45,-2.896105874683E-15));
#5677 = VECTOR('',#5678,1.);
#5678 = DIRECTION('',(0.,1.));
#5679 = ( GEOMETRIC_REPRESENTATION_CONTEXT(2) 
PARAMETRIC_REPRESENTATION_CONTEXT() REPRESENTATION_CONTEXT('2D SPACE',''
  ) );
#5680 = ADVANCED_FACE('',(#5681),#5587,.T.);
#5681 = FACE_BOUND('',#5682,.F.);
#5682 = EDGE_LOOP('',(#5683,#5684,#5708,#5736));
#5683 = ORIENTED_EDGE('',*,*,#5564,.T.);
#5684 = ORIENTED_EDGE('',*,*,#5685,.T.);
#5685 = EDGE_CURVE('',#5567,#5686,#5688,.T.);
#5686 = VERTEX_POINT('',#5687);
#5687 = CARTESIAN_POINT('',(-34.93,-44.45,100.));
#5688 = SURFACE_CURVE('',#5689,(#5694,#5701),.PCURVE_S1.);
#5689 = CIRCLE('',#5690,9.52);
#5690 = AXIS2_PLACEMENT_3D('',#5691,#5692,#5693);
#5691 = CARTESIAN_POINT('',(-34.93,-34.93,100.));
#5692 = DIRECTION('',(0.,0.,1.));
#5693 = DIRECTION('',(1.,0.,0.));
#5694 = PCURVE('',#5587,#5695);
#5695 = DEFINITIONAL_REPRESENTATION('',(#5696),#5700);
#5696 = LINE('',#5697,#5698);
#5697 = CARTESIAN_POINT('',(-0.,-100.));
#5698 = VECTOR('',#5699,1.);
#5699 = DIRECTION('',(-1.,0.));
#5700 = ( GEOMETRIC_REPRESENTATION_CONTEXT(2) 
PARAMETRIC_REPRESENTATION_CONTEXT() REPRESENTATION_CONTEXT('2D SPACE',''
  ) );
#5701 = PCURVE('',#5615,#5702);
#5702 = DEFINITIONAL_REPRESENTATION('',(#5703),#5707);
#5703 = CIRCLE('',#5704,9.52);
#5704 = AXIS2_PLACEMENT_2D('',#5705,#5706);
#5705 = CARTESIAN_POINT('',(-34.93,-34.93));
#5706 = DIRECTION('',(1.,0.));
#5707 = ( GEOMETRIC_REPRESENTATION_CONTEXT(2) 
PARAMETRIC_REPRESENTATION_CONTEXT() REPRESENTATION_CONTEXT('2D SPACE',''
  ) );
#5708 = ORIENTED_EDGE('',*,*,#5709,.F.);
#5709 = EDGE_CURVE('',#5710,#5686,#5712,.T.);
#5710 = VERTEX_POINT('',#5711);
#5711 = CARTESIAN_POINT('',(-34.93,-44.45,0.));
#5712 = SURFACE_CURVE('',#5713,(#5717,#5724),.PCURVE_S1.);
#5713 = LINE('',#5714,#5715);
#5714 = CARTESIAN_POINT('',(-34.93,-44.45,0.));
#5715 = VECTOR('',#5716,1.);
#5716 = DIRECTION('',(0.,0.,1.));
#5717 = PCURVE('',#5587,#5718);
#5718 = DEFINITIONAL_REPRESENTATION('',(#5719),#5723);
#5719 = LINE('',#5720,#5721);
#5720 = CARTESIAN_POINT('',(-4.712388980385,0.));
#5721 = VECTOR('',#5722,1.);
#5722 = DIRECTION('',(-0.,-1.));
#5723 = ( GEOMETRIC_REPRESENTATION_CONTEXT(2) 
PARAMETRIC_REPRESENTATION_CONTEXT() REPRESENTATION_CONTEXT('2D SPACE',''
  ) );
#5724 = PCURVE('',#5725,#5730);
#5725 = PLANE('',#5726);
#5726 = AXIS2_PLACEMENT_3D('',#5727,#5728,#5729);
#5727 = CARTESIAN_POINT('',(-34.93,-44.45,0.));
#5728 = DIRECTION('',(0.,1.,0.));
#5729 = DIRECTION('',(1.,0.,0.));
#5730 = DEFINITIONAL_REPRESENTATION('',(#5731),#5735);
#5731 = LINE('',#5732,#5733);
#5732 = CARTESIAN_POINT('',(0.,0.));
#5733 = VECTOR('',#5734,1.);
#5734 = DIRECTION('',(0.,-1.));
#5735 = ( GEOMETRIC_REPRESENTATION_CONTEXT(2) 
PARAMETRIC_REPRESENTATION_CONTEXT() REPRESENTATION_CONTEXT('2D SPACE',''
  ) );
#5736 = ORIENTED_EDGE('',*,*,#5737,.F.);
#5737 = EDGE_CURVE('',#5565,#5710,#5738,.T.);
#5738 = SURFACE_CURVE('',#5739,(#5744,#5751),.PCURVE_S1.);
#5739 = CIRCLE('',#5740,9.52);
#5740 = AXIS2_PLACEMENT_3D('',#5741,#5742,#5743);
#5741 = CARTESIAN_POINT('',(-34.93,-34.93,0.));
#5742 = DIRECTION('',(0.,0.,1.));
#5743 = DIRECTION('',(1.,0.,0.));
#5744 = PCURVE('',#5587,#5745);
#5745 = DEFINITIONAL_REPRESENTATION('',(#5746),#5750);
#5746 = LINE('',#5747,#5748);
#5747 = CARTESIAN_POINT('',(-0.,0.));
#5748 = VECTOR('',#5749,1.);
#5749 = DIRECTION('',(-1.,0.));
#5750 = ( GEOMETRIC_REPRESENTATION_CONTEXT(2) 
PARAMETRIC_REPRESENTATION_CONTEXT() REPRESENTATION_CONTEXT('2D SPACE',''
  ) );
#5751 = PCURVE('',#5669,#5752);
#5752 = DEFINITIONAL_REPRESENTATION('',(#5753),#5757);
#5753 = CIRCLE('',#5754,9.52);
#5754 = AXIS2_PLACEMENT_2D('',#5755,#5756);
#5755 = CARTESIAN_POINT('',(-34.93,-34.93));
#5756 = DIRECTION('',(1.,0.));
#5757 = ( GEOMETRIC_REPRESENTATION_CONTEXT(2) 
PARAMETRIC_REPRESENTATION_CONTEXT() REPRESENTATION_CONTEXT('2D SPACE',''
  ) );
#5758 = ADVANCED_FACE('',(#5759),#5643,.T.);
#5759 = FACE_BOUND('',#5760,.F.);
#5760 = EDGE_LOOP('',(#5761,#5791,#5813,#5814));
#5761 = ORIENTED_EDGE('',*,*,#5762,.T.);
#5762 = EDGE_CURVE('',#5763,#5765,#5767,.T.);
#5763 = VERTEX_POINT('',#5764);
#5764 = CARTESIAN_POINT('',(-34.93,44.45,0.));
#5765 = VERTEX_POINT('',#5766);
#5766 = CARTESIAN_POINT('',(-34.93,44.45,100.));
#5767 = SURFACE_CURVE('',#5768,(#5772,#5779),.PCURVE_S1.);
#5768 = LINE('',#5769,#5770);
#5769 = CARTESIAN_POINT('',(-34.93,44.45,0.));
#5770 = VECTOR('',#5771,1.);
#5771 = DIRECTION('',(0.,0.,1.));
#5772 = PCURVE('',#5643,#5773);
#5773 = DEFINITIONAL_REPRESENTATION('',(#5774),#5778);
#5774 = LINE('',#5775,#5776);
#5775 = CARTESIAN_POINT('',(-1.570796326795,0.));
#5776 = VECTOR('',#5777,1.);
#5777 = DIRECTION('',(-0.,-1.));
#5778 = ( GEOMETRIC_REPRESENTATION_CONTEXT(2) 
PARAMETRIC_REPRESENTATION_CONTEXT() REPRESENTATION_CONTEXT('2D SPACE',''
  ) );
#5779 = PCURVE('',#5780,#5785);
#5780 = PLANE('',#5781);
#5781 = AXIS2_PLACEMENT_3D('',#5782,#5783,#5784);
#5782 = CARTESIAN_POINT('',(-34.93,44.45,0.));
#5783 = DIRECTION('',(0.,1.,0.));
#5784 = DIRECTION('',(1.,0.,0.));
#5785 = DEFINITIONAL_REPRESENTATION('',(#5786),#5790);
#5786 = LINE('',#5787,#5788);
#5787 = CARTESIAN_POINT('',(0.,0.));
#5788 = VECTOR('',#5789,1.);
#5789 = DIRECTION('',(0.,-1.));
#5790 = ( GEOMETRIC_REPRESENTATION_CONTEXT(2) 
PARAMETRIC_REPRESENTATION_CONTEXT() REPRESENTATION_CONTEXT('2D SPACE',''
  ) );
#5791 = ORIENTED_EDGE('',*,*,#5792,.T.);
#5792 = EDGE_CURVE('',#5765,#5600,#5793,.T.);
#5793 = SURFACE_CURVE('',#5794,(#5799,#5806),.PCURVE_S1.);
#5794 = CIRCLE('',#5795,9.52);
#5795 = AXIS2_PLACEMENT_3D('',#5796,#5797,#5798);
#5796 = CARTESIAN_POINT('',(-34.93,34.93,100.));
#5797 = DIRECTION('',(0.,0.,1.));
#5798 = DIRECTION('',(1.,0.,0.));
#5799 = PCURVE('',#5643,#5800);
#5800 = DEFINITIONAL_REPRESENTATION('',(#5801),#5805);
#5801 = LINE('',#5802,#5803);
#5802 = CARTESIAN_POINT('',(-0.,-100.));
#5803 = VECTOR('',#5804,1.);
#5804 = DIRECTION('',(-1.,0.));
#5805 = ( GEOMETRIC_REPRESENTATION_CONTEXT(2) 
PARAMETRIC_REPRESENTATION_CONTEXT() REPRESENTATION_CONTEXT('2D SPACE',''
  ) );
#5806 = PCURVE('',#5615,#5807);
#5807 = DEFINITIONAL_REPRESENTATION('',(#5808),#5812);
#5808 = CIRCLE('',#5809,9.52);
#5809 = AXIS2_PLACEMENT_2D('',#5810,#5811);
#5810 = CARTESIAN_POINT('',(-34.93,34.93));
#5811 = DIRECTION('',(1.,0.));
#5812 = ( GEOMETRIC_REPRESENTATION_CONTEXT(2) 
PARAMETRIC_REPRESENTATION_CONTEXT() REPRESENTATION_CONTEXT('2D SPACE',''
  ) );
#5813 = ORIENTED_EDGE('',*,*,#5627,.F.);
#5814 = ORIENTED_EDGE('',*,*,#5815,.F.);
#5815 = EDGE_CURVE('',#5763,#5628,#5816,.T.);
#5816 = SURFACE_CURVE('',#5817,(#5822,#5829),.PCURVE_S1.);
#5817 = CIRCLE('',#5818,9.52);
#5818 = AXIS2_PLACEMENT_3D('',#5819,#5820,#5821);
#5819 = CARTESIAN_POINT('',(-34.93,34.93,0.));
#5820 = DIRECTION('',(0.,0.,1.));
#5821 = DIRECTION('',(1.,0.,0.));
#5822 = PCURVE('',#5643,#5823);
#5823 = DEFINITIONAL_REPRESENTATION('',(#5824),#5828);
#5824 = LINE('',#5825,#5826);
#5825 = CARTESIAN_POINT('',(-0.,0.));
#5826 = VECTOR('',#5827,1.);
#5827 = DIRECTION('',(-1.,0.));
#5828 = ( GEOMETRIC_REPRESENTATION_CONTEXT(2) 
PARAMETRIC_REPRESENTATION_CONTEXT() REPRESENTATION_CONTEXT('2D SPACE',''
  ) );
#5829 = PCURVE('',#5669,#5830);
#5830 = DEFINITIONAL_REPRESENTATION('',(#5831),#5835);
#5831 = CIRCLE('',#5832,9.52);
#5832 = AXIS2_PLACEMENT_2D('',#5833,#5834);
#5833 = CARTESIAN_POINT('',(-34.93,34.93));
#5834 = DIRECTION('',(1.,0.));
#5835 = ( GEOMETRIC_REPRESENTATION_CONTEXT(2) 
PARAMETRIC_REPRESENTATION_CONTEXT() REPRESENTATION_CONTEXT('2D SPACE',''
  ) );
#5836 = ADVANCED_FACE('',(#5837),#5725,.F.);
#5837 = FACE_BOUND('',#5838,.F.);
#5838 = EDGE_LOOP('',(#5839,#5840,#5863,#5891));
#5839 = ORIENTED_EDGE('',*,*,#5709,.T.);
#5840 = ORIENTED_EDGE('',*,*,#5841,.T.);
#5841 = EDGE_CURVE('',#5686,#5842,#5844,.T.);
#5842 = VERTEX_POINT('',#5843);
#5843 = CARTESIAN_POINT('',(34.93,-44.45,100.));
#5844 = SURFACE_CURVE('',#5845,(#5849,#5856),.PCURVE_S1.);
#5845 = LINE('',#5846,#5847);
#5846 = CARTESIAN_POINT('',(0.,-44.45,100.));
#5847 = VECTOR('',#5848,1.);
#5848 = DIRECTION('',(1.,0.,0.));
#5849 = PCURVE('',#5725,#5850);
#5850 = DEFINITIONAL_REPRESENTATION('',(#5851),#5855);
#5851 = LINE('',#5852,#5853);
#5852 = CARTESIAN_POINT('',(34.93,-100.));
#5853 = VECTOR('',#5854,1.);
#5854 = DIRECTION('',(1.,0.));
#5855 = ( GEOMETRIC_REPRESENTATION_CONTEXT(2) 
PARAMETRIC_REPRESENTATION_CONTEXT() REPRESENTATION_CONTEXT('2D SPACE',''
  ) );
#5856 = PCURVE('',#5615,#5857);
#5857 = DEFINITIONAL_REPRESENTATION('',(#5858),#5862);
#5858 = LINE('',#5859,#5860);
#5859 = CARTESIAN_POINT('',(-9.653686248942E-16,-44.45));
#5860 = VECTOR('',#5861,1.);
#5861 = DIRECTION('',(1.,0.));
#5862 = ( GEOMETRIC_REPRESENTATION_CONTEXT(2) 
PARAMETRIC_REPRESENTATION_CONTEXT() REPRESENTATION_CONTEXT('2D SPACE',''
  ) );
#5863 = ORIENTED_EDGE('',*,*,#5864,.F.);
#5864 = EDGE_CURVE('',#5865,#5842,#5867,.T.);
#5865 = VERTEX_POINT('',#5866);
#5866 = CARTESIAN_POINT('',(34.93,-44.45,0.));
#5867 = SURFACE_CURVE('',#5868,(#5872,#5879),.PCURVE_S1.);
#5868 = LINE('',#5869,#5870);
#5869 = CARTESIAN_POINT('',(34.93,-44.45,0.));
#5870 = VECTOR('',#5871,1.);
#5871 = DIRECTION('',(0.,0.,1.));
#5872 = PCURVE('',#5725,#5873);
#5873 = DEFINITIONAL_REPRESENTATION('',(#5874),#5878);
#5874 = LINE('',#5875,#5876);
#5875 = CARTESIAN_POINT('',(69.86,0.));
#5876 = VECTOR('',#5877,1.);
#5877 = DIRECTION('',(0.,-1.));
#5878 = ( GEOMETRIC_REPRESENTATION_CONTEXT(2) 
PARAMETRIC_REPRESENTATION_CONTEXT() REPRESENTATION_CONTEXT('2D SPACE',''
  ) );
#5879 = PCURVE('',#5880,#5885);
#5880 = CYLINDRICAL_SURFACE('',#5881,9.52);
#5881 = AXIS2_PLACEMENT_3D('',#5882,#5883,#5884);
#5882 = CARTESIAN_POINT('',(34.93,-34.93,0.));
#5883 = DIRECTION('',(-0.,-0.,-1.));
#5884 = DIRECTION('',(1.,0.,0.));
#5885 = DEFINITIONAL_REPRESENTATION('',(#5886),#5890);
#5886 = LINE('',#5887,#5888);
#5887 = CARTESIAN_POINT('',(-4.712388980385,0.));
#5888 = VECTOR('',#5889,1.);
#5889 = DIRECTION('',(-0.,-1.));
#5890 = ( GEOMETRIC_REPRESENTATION_CONTEXT(2) 
PARAMETRIC_REPRESENTATION_CONTEXT() REPRESENTATION_CONTEXT('2D SPACE',''
  ) );
#5891 = ORIENTED_EDGE('',*,*,#5892,.F.);
#5892 = EDGE_CURVE('',#5710,#5865,#5893,.T.);
#5893 = SURFACE_CURVE('',#5894,(#5898,#5905),.PCURVE_S1.);
#5894 = LINE('',#5895,#5896);
#5895 = CARTESIAN_POINT('',(0.,-44.45,0.));
#5896 = VECTOR('',#5897,1.);
#5897 = DIRECTION('',(1.,0.,0.));
#5898 = PCURVE('',#5725,#5899);
#5899 = DEFINITIONAL_REPRESENTATION('',(#5900),#5904);
#5900 = LINE('',#5901,#5902);
#5901 = CARTESIAN_POINT('',(34.93,0.));
#5902 = VECTOR('',#5903,1.);
#5903 = DIRECTION('',(1.,0.));
#5904 = ( GEOMETRIC_REPRESENTATION_CONTEXT(2) 
PARAMETRIC_REPRESENTATION_CONTEXT() REPRESENTATION_CONTEXT('2D SPACE',''
  ) );
#5905 = PCURVE('',#5669,#5906);
#5906 = DEFINITIONAL_REPRESENTATION('',(#5907),#5911);
#5907 = LINE('',#5908,#5909);
#5908 = CARTESIAN_POINT('',(-9.653686248942E-16,-44.45));
#5909 = VECTOR('',#5910,1.);
#5910 = DIRECTION('',(1.,0.));
#5911 = ( GEOMETRIC_REPRESENTATION_CONTEXT(2) 
PARAMETRIC_REPRESENTATION_CONTEXT() REPRESENTATION_CONTEXT('2D SPACE',''
  ) );
#5912 = ADVANCED_FACE('',(#5913),#5780,.T.);
#5913 = FACE_BOUND('',#5914,.T.);
#5914 = EDGE_LOOP('',(#5915,#5916,#5939,#5967));
#5915 = ORIENTED_EDGE('',*,*,#5762,.T.);
#5916 = ORIENTED_EDGE('',*,*,#5917,.T.);
#5917 = EDGE_CURVE('',#5765,#5918,#5920,.T.);
#5918 = VERTEX_POINT('',#5919);
#5919 = CARTESIAN_POINT('',(34.93,44.45,100.));
#5920 = SURFACE_CURVE('',#5921,(#5925,#5932),.PCURVE_S1.);
#5921 = LINE('',#5922,#5923);
#5922 = CARTESIAN_POINT('',(0.,44.45,100.));
#5923 = VECTOR('',#5924,1.);
#5924 = DIRECTION('',(1.,0.,0.));
#5925 = PCURVE('',#5780,#5926);
#5926 = DEFINITIONAL_REPRESENTATION('',(#5927),#5931);
#5927 = LINE('',#5928,#5929);
#5928 = CARTESIAN_POINT('',(34.93,-100.));
#5929 = VECTOR('',#5930,1.);
#5930 = DIRECTION('',(1.,0.));
#5931 = ( GEOMETRIC_REPRESENTATION_CONTEXT(2) 
PARAMETRIC_REPRESENTATION_CONTEXT() REPRESENTATION_CONTEXT('2D SPACE',''
  ) );
#5932 = PCURVE('',#5615,#5933);
#5933 = DEFINITIONAL_REPRESENTATION('',(#5934),#5938);
#5934 = LINE('',#5935,#5936);
#5935 = CARTESIAN_POINT('',(-9.653686248942E-16,44.45));
#5936 = VECTOR('',#5937,1.);
#5937 = DIRECTION('',(1.,0.));
#5938 = ( GEOMETRIC_REPRESENTATION_CONTEXT(2) 
PARAMETRIC_REPRESENTATION_CONTEXT() REPRESENTATION_CONTEXT('2D SPACE',''
  ) );
#5939 = ORIENTED_EDGE('',*,*,#5940,.F.);
#5940 = EDGE_CURVE('',#5941,#5918,#5943,.T.);
#5941 = VERTEX_POINT('',#5942);
#5942 = CARTESIAN_POINT('',(34.93,44.45,0.));
#5943 = SURFACE_CURVE('',#5944,(#5948,#5955),.PCURVE_S1.);
#5944 = LINE('',#5945,#5946);
#5945 = CARTESIAN_POINT('',(34.93,44.45,0.));
#5946 = VECTOR('',#5947,1.);
#5947 = DIRECTION('',(0.,0.,1.));
#5948 = PCURVE('',#5780,#5949);
#5949 = DEFINITIONAL_REPRESENTATION('',(#5950),#5954);
#5950 = LINE('',#5951,#5952);
#5951 = CARTESIAN_POINT('',(69.86,0.));
#5952 = VECTOR('',#5953,1.);
#5953 = DIRECTION('',(0.,-1.));
#5954 = ( GEOMETRIC_REPRESENTATION_CONTEXT(2) 
PARAMETRIC_REPRESENTATION_CONTEXT() REPRESENTATION_CONTEXT('2D SPACE',''
  ) );
#5955 = PCURVE('',#5956,#5961);
#5956 = CYLINDRICAL_SURFACE('',#5957,9.52);
#5957 = AXIS2_PLACEMENT_3D('',#5958,#5959,#5960);
#5958 = CARTESIAN_POINT('',(34.93,34.93,0.));
#5959 = DIRECTION('',(-0.,-0.,-1.));
#5960 = DIRECTION('',(1.,0.,0.));
#5961 = DEFINITIONAL_REPRESENTATION('',(#5962),#5966);
#5962 = LINE('',#5963,#5964);
#5963 = CARTESIAN_POINT('',(-1.570796326795,0.));
#5964 = VECTOR('',#5965,1.);
#5965 = DIRECTION('',(-0.,-1.));
#5966 = ( GEOMETRIC_REPRESENTATION_CONTEXT(2) 
PARAMETRIC_REPRESENTATION_CONTEXT() REPRESENTATION_CONTEXT('2D SPACE',''
  ) );
#5967 = ORIENTED_EDGE('',*,*,#5968,.F.);
#5968 = EDGE_CURVE('',#5763,#5941,#5969,.T.);
#5969 = SURFACE_CURVE('',#5970,(#5974,#5981),.PCURVE_S1.);
#5970 = LINE('',#5971,#5972);
#5971 = CARTESIAN_POINT('',(0.,44.45,0.));
#5972 = VECTOR('',#5973,1.);
#5973 = DIRECTION('',(1.,0.,0.));
#5974 = PCURVE('',#5780,#5975);
#5975 = DEFINITIONAL_REPRESENTATION('',(#5976),#5980);
#5976 = LINE('',#5977,#5978);
#5977 = CARTESIAN_POINT('',(34.93,0.));
#5978 = VECTOR('',#5979,1.);
#5979 = DIRECTION('',(1.,0.));
#5980 = ( GEOMETRIC_REPRESENTATION_CONTEXT(2) 
PARAMETRIC_REPRESENTATION_CONTEXT() REPRESENTATION_CONTEXT('2D SPACE',''
  ) );
#5981 = PCURVE('',#5669,#5982);
#5982 = DEFINITIONAL_REPRESENTATION('',(#5983),#5987);
#5983 = LINE('',#5984,#5985);
#5984 = CARTESIAN_POINT('',(-9.653686248942E-16,44.45));
#5985 = VECTOR('',#5986,1.);
#5986 = DIRECTION('',(1.,0.));
#5987 = ( GEOMETRIC_REPRESENTATION_CONTEXT(2) 
PARAMETRIC_REPRESENTATION_CONTEXT() REPRESENTATION_CONTEXT('2D SPACE',''
  ) );
#5988 = ADVANCED_FACE('',(#5989),#5880,.T.);
#5989 = FACE_BOUND('',#5990,.F.);
#5990 = EDGE_LOOP('',(#5991,#5992,#6016,#6044));
#5991 = ORIENTED_EDGE('',*,*,#5864,.T.);
#5992 = ORIENTED_EDGE('',*,*,#5993,.T.);
#5993 = EDGE_CURVE('',#5842,#5994,#5996,.T.);
#5994 = VERTEX_POINT('',#5995);
#5995 = CARTESIAN_POINT('',(44.45,-34.93,100.));
#5996 = SURFACE_CURVE('',#5997,(#6002,#6009),.PCURVE_S1.);
#5997 = CIRCLE('',#5998,9.52);
#5998 = AXIS2_PLACEMENT_3D('',#5999,#6000,#6001);
#5999 = CARTESIAN_POINT('',(34.93,-34.93,100.));
#6000 = DIRECTION('',(0.,0.,1.));
#6001 = DIRECTION('',(1.,0.,0.));
#6002 = PCURVE('',#5880,#6003);
#6003 = DEFINITIONAL_REPRESENTATION('',(#6004),#6008);
#6004 = LINE('',#6005,#6006);
#6005 = CARTESIAN_POINT('',(-0.,-100.));
#6006 = VECTOR('',#6007,1.);
#6007 = DIRECTION('',(-1.,0.));
#6008 = ( GEOMETRIC_REPRESENTATION_CONTEXT(2) 
PARAMETRIC_REPRESENTATION_CONTEXT() REPRESENTATION_CONTEXT('2D SPACE',''
  ) );
#6009 = PCURVE('',#5615,#6010);
#6010 = DEFINITIONAL_REPRESENTATION('',(#6011),#6015);
#6011 = CIRCLE('',#6012,9.52);
#6012 = AXIS2_PLACEMENT_2D('',#6013,#6014);
#6013 = CARTESIAN_POINT('',(34.93,-34.93));
#6014 = DIRECTION('',(1.,0.));
#6015 = ( GEOMETRIC_REPRESENTATION_CONTEXT(2) 
PARAMETRIC_REPRESENTATION_CONTEXT() REPRESENTATION_CONTEXT('2D SPACE',''
  ) );
#6016 = ORIENTED_EDGE('',*,*,#6017,.F.);
#6017 = EDGE_CURVE('',#6018,#5994,#6020,.T.);
#6018 = VERTEX_POINT('',#6019);
#6019 = CARTESIAN_POINT('',(44.45,-34.93,0.));
#6020 = SURFACE_CURVE('',#6021,(#6025,#6032),.PCURVE_S1.);
#6021 = LINE('',#6022,#6023);
#6022 = CARTESIAN_POINT('',(44.45,-34.93,0.));
#6023 = VECTOR('',#6024,1.);
#6024 = DIRECTION('',(0.,0.,1.));
#6025 = PCURVE('',#5880,#6026);
#6026 = DEFINITIONAL_REPRESENTATION('',(#6027),#6031);
#6027 = LINE('',#6028,#6029);
#6028 = CARTESIAN_POINT('',(-6.28318530718,0.));
#6029 = VECTOR('',#6030,1.);
#6030 = DIRECTION('',(-0.,-1.));
#6031 = ( GEOMETRIC_REPRESENTATION_CONTEXT(2) 
PARAMETRIC_REPRESENTATION_CONTEXT() REPRESENTATION_CONTEXT('2D SPACE',''
  ) );
#6032 = PCURVE('',#6033,#6038);
#6033 = PLANE('',#6034);
#6034 = AXIS2_PLACEMENT_3D('',#6035,#6036,#6037);
#6035 = CARTESIAN_POINT('',(44.45,-34.93,0.));
#6036 = DIRECTION('',(-1.,0.,0.));
#6037 = DIRECTION('',(0.,1.,0.));
#6038 = DEFINITIONAL_REPRESENTATION('',(#6039),#6043);
#6039 = LINE('',#6040,#6041);
#6040 = CARTESIAN_POINT('',(0.,0.));
#6041 = VECTOR('',#6042,1.);
#6042 = DIRECTION('',(0.,-1.));
#6043 = ( GEOMETRIC_REPRESENTATION_CONTEXT(2) 
PARAMETRIC_REPRESENTATION_CONTEXT() REPRESENTATION_CONTEXT('2D SPACE',''
  ) );
#6044 = ORIENTED_EDGE('',*,*,#6045,.F.);
#6045 = EDGE_CURVE('',#5865,#6018,#6046,.T.);
#6046 = SURFACE_CURVE('',#6047,(#6052,#6059),.PCURVE_S1.);
#6047 = CIRCLE('',#6048,9.52);
#6048 = AXIS2_PLACEMENT_3D('',#6049,#6050,#6051);
#6049 = CARTESIAN_POINT('',(34.93,-34.93,0.));
#6050 = DIRECTION('',(0.,0.,1.));
#6051 = DIRECTION('',(1.,0.,0.));
#6052 = PCURVE('',#5880,#6053);
#6053 = DEFINITIONAL_REPRESENTATION('',(#6054),#6058);
#6054 = LINE('',#6055,#6056);
#6055 = CARTESIAN_POINT('',(-0.,0.));
#6056 = VECTOR('',#6057,1.);
#6057 = DIRECTION('',(-1.,0.));
#6058 = ( GEOMETRIC_REPRESENTATION_CONTEXT(2) 
PARAMETRIC_REPRESENTATION_CONTEXT() REPRESENTATION_CONTEXT('2D SPACE',''
  ) );
#6059 = PCURVE('',#5669,#6060);
#6060 = DEFINITIONAL_REPRESENTATION('',(#6061),#6065);
#6061 = CIRCLE('',#6062,9.52);
#6062 = AXIS2_PLACEMENT_2D('',#6063,#6064);
#6063 = CARTESIAN_POINT('',(34.93,-34.93));
#6064 = DIRECTION('',(1.,0.));
#6065 = ( GEOMETRIC_REPRESENTATION_CONTEXT(2) 
PARAMETRIC_REPRESENTATION_CONTEXT() REPRESENTATION_CONTEXT('2D SPACE',''
  ) );
#6066 = ADVANCED_FACE('',(#6067),#5956,.T.);
#6067 = FACE_BOUND('',#6068,.F.);
#6068 = EDGE_LOOP('',(#6069,#6094,#6116,#6117));
#6069 = ORIENTED_EDGE('',*,*,#6070,.T.);
#6070 = EDGE_CURVE('',#6071,#6073,#6075,.T.);
#6071 = VERTEX_POINT('',#6072);
#6072 = CARTESIAN_POINT('',(44.45,34.93,0.));
#6073 = VERTEX_POINT('',#6074);
#6074 = CARTESIAN_POINT('',(44.45,34.93,100.));
#6075 = SURFACE_CURVE('',#6076,(#6080,#6087),.PCURVE_S1.);
#6076 = LINE('',#6077,#6078);
#6077 = CARTESIAN_POINT('',(44.45,34.93,0.));
#6078 = VECTOR('',#6079,1.);
#6079 = DIRECTION('',(0.,0.,1.));
#6080 = PCURVE('',#5956,#6081);
#6081 = DEFINITIONAL_REPRESENTATION('',(#6082),#6086);
#6082 = LINE('',#6083,#6084);
#6083 = CARTESIAN_POINT('',(-0.,0.));
#6084 = VECTOR('',#6085,1.);
#6085 = DIRECTION('',(-0.,-1.));
#6086 = ( GEOMETRIC_REPRESENTATION_CONTEXT(2) 
PARAMETRIC_REPRESENTATION_CONTEXT() REPRESENTATION_CONTEXT('2D SPACE',''
  ) );
#6087 = PCURVE('',#6033,#6088);
#6088 = DEFINITIONAL_REPRESENTATION('',(#6089),#6093);
#6089 = LINE('',#6090,#6091);
#6090 = CARTESIAN_POINT('',(69.86,0.));
#6091 = VECTOR('',#6092,1.);
#6092 = DIRECTION('',(0.,-1.));
#6093 = ( GEOMETRIC_REPRESENTATION_CONTEXT(2) 
PARAMETRIC_REPRESENTATION_CONTEXT() REPRESENTATION_CONTEXT('2D SPACE',''
  ) );
#6094 = ORIENTED_EDGE('',*,*,#6095,.T.);
#6095 = EDGE_CURVE('',#6073,#5918,#6096,.T.);
#6096 = SURFACE_CURVE('',#6097,(#6102,#6109),.PCURVE_S1.);
#6097 = CIRCLE('',#6098,9.52);
#6098 = AXIS2_PLACEMENT_3D('',#6099,#6100,#6101);
#6099 = CARTESIAN_POINT('',(34.93,34.93,100.));
#6100 = DIRECTION('',(0.,0.,1.));
#6101 = DIRECTION('',(1.,0.,0.));
#6102 = PCURVE('',#5956,#6103);
#6103 = DEFINITIONAL_REPRESENTATION('',(#6104),#6108);
#6104 = LINE('',#6105,#6106);
#6105 = CARTESIAN_POINT('',(-0.,-100.));
#6106 = VECTOR('',#6107,1.);
#6107 = DIRECTION('',(-1.,0.));
#6108 = ( GEOMETRIC_REPRESENTATION_CONTEXT(2) 
PARAMETRIC_REPRESENTATION_CONTEXT() REPRESENTATION_CONTEXT('2D SPACE',''
  ) );
#6109 = PCURVE('',#5615,#6110);
#6110 = DEFINITIONAL_REPRESENTATION('',(#6111),#6115);
#6111 = CIRCLE('',#6112,9.52);
#6112 = AXIS2_PLACEMENT_2D('',#6113,#6114);
#6113 = CARTESIAN_POINT('',(34.93,34.93));
#6114 = DIRECTION('',(1.,0.));
#6115 = ( GEOMETRIC_REPRESENTATION_CONTEXT(2) 
PARAMETRIC_REPRESENTATION_CONTEXT() REPRESENTATION_CONTEXT('2D SPACE',''
  ) );
#6116 = ORIENTED_EDGE('',*,*,#5940,.F.);
#6117 = ORIENTED_EDGE('',*,*,#6118,.F.);
#6118 = EDGE_CURVE('',#6071,#5941,#6119,.T.);
#6119 = SURFACE_CURVE('',#6120,(#6125,#6132),.PCURVE_S1.);
#6120 = CIRCLE('',#6121,9.52);
#6121 = AXIS2_PLACEMENT_3D('',#6122,#6123,#6124);
#6122 = CARTESIAN_POINT('',(34.93,34.93,0.));
#6123 = DIRECTION('',(0.,0.,1.));
#6124 = DIRECTION('',(1.,0.,0.));
#6125 = PCURVE('',#5956,#6126);
#6126 = DEFINITIONAL_REPRESENTATION('',(#6127),#6131);
#6127 = LINE('',#6128,#6129);
#6128 = CARTESIAN_POINT('',(-0.,0.));
#6129 = VECTOR('',#6130,1.);
#6130 = DIRECTION('',(-1.,0.));
#6131 = ( GEOMETRIC_REPRESENTATION_CONTEXT(2) 
PARAMETRIC_REPRESENTATION_CONTEXT() REPRESENTATION_CONTEXT('2D SPACE',''
  ) );
#6132 = PCURVE('',#5669,#6133);
#6133 = DEFINITIONAL_REPRESENTATION('',(#6134),#6138);
#6134 = CIRCLE('',#6135,9.52);
#6135 = AXIS2_PLACEMENT_2D('',#6136,#6137);
#6136 = CARTESIAN_POINT('',(34.93,34.93));
#6137 = DIRECTION('',(1.,0.));
#6138 = ( GEOMETRIC_REPRESENTATION_CONTEXT(2) 
PARAMETRIC_REPRESENTATION_CONTEXT() REPRESENTATION_CONTEXT('2D SPACE',''
  ) );
#6139 = ADVANCED_FACE('',(#6140),#6033,.F.);
#6140 = FACE_BOUND('',#6141,.F.);
#6141 = EDGE_LOOP('',(#6142,#6143,#6164,#6165));
#6142 = ORIENTED_EDGE('',*,*,#6017,.T.);
#6143 = ORIENTED_EDGE('',*,*,#6144,.T.);
#6144 = EDGE_CURVE('',#5994,#6073,#6145,.T.);
#6145 = SURFACE_CURVE('',#6146,(#6150,#6157),.PCURVE_S1.);
#6146 = LINE('',#6147,#6148);
#6147 = CARTESIAN_POINT('',(44.45,0.,100.));
#6148 = VECTOR('',#6149,1.);
#6149 = DIRECTION('',(0.,1.,0.));
#6150 = PCURVE('',#6033,#6151);
#6151 = DEFINITIONAL_REPRESENTATION('',(#6152),#6156);
#6152 = LINE('',#6153,#6154);
#6153 = CARTESIAN_POINT('',(34.93,-100.));
#6154 = VECTOR('',#6155,1.);
#6155 = DIRECTION('',(1.,0.));
#6156 = ( GEOMETRIC_REPRESENTATION_CONTEXT(2) 
PARAMETRIC_REPRESENTATION_CONTEXT() REPRESENTATION_CONTEXT('2D SPACE',''
  ) );
#6157 = PCURVE('',#5615,#6158);
#6158 = DEFINITIONAL_REPRESENTATION('',(#6159),#6163);
#6159 = LINE('',#6160,#6161);
#6160 = CARTESIAN_POINT('',(44.45,-2.896105874683E-15));
#6161 = VECTOR('',#6162,1.);
#6162 = DIRECTION('',(0.,1.));
#6163 = ( GEOMETRIC_REPRESENTATION_CONTEXT(2) 
PARAMETRIC_REPRESENTATION_CONTEXT() REPRESENTATION_CONTEXT('2D SPACE',''
  ) );
#6164 = ORIENTED_EDGE('',*,*,#6070,.F.);
#6165 = ORIENTED_EDGE('',*,*,#6166,.F.);
#6166 = EDGE_CURVE('',#6018,#6071,#6167,.T.);
#6167 = SURFACE_CURVE('',#6168,(#6172,#6179),.PCURVE_S1.);
#6168 = LINE('',#6169,#6170);
#6169 = CARTESIAN_POINT('',(44.45,0.,0.));
#6170 = VECTOR('',#6171,1.);
#6171 = DIRECTION('',(0.,1.,0.));
#6172 = PCURVE('',#6033,#6173);
#6173 = DEFINITIONAL_REPRESENTATION('',(#6174),#6178);
#6174 = LINE('',#6175,#6176);
#6175 = CARTESIAN_POINT('',(34.93,0.));
#6176 = VECTOR('',#6177,1.);
#6177 = DIRECTION('',(1.,0.));
#6178 = ( GEOMETRIC_REPRESENTATION_CONTEXT(2) 
PARAMETRIC_REPRESENTATION_CONTEXT() REPRESENTATION_CONTEXT('2D SPACE',''
  ) );
#6179 = PCURVE('',#5669,#6180);
#6180 = DEFINITIONAL_REPRESENTATION('',(#6181),#6185);
#6181 = LINE('',#6182,#6183);
#6182 = CARTESIAN_POINT('',(44.45,-2.896105874683E-15));
#6183 = VECTOR('',#6184,1.);
#6184 = DIRECTION('',(0.,1.));
#6185 = ( GEOMETRIC_REPRESENTATION_CONTEXT(2) 
PARAMETRIC_REPRESENTATION_CONTEXT() REPRESENTATION_CONTEXT('2D SPACE',''
  ) );
#6186 = ADVANCED_FACE('',(#6187),#6201,.F.);
#6187 = FACE_BOUND('',#6188,.F.);
#6188 = EDGE_LOOP('',(#6189,#6224,#6252,#6280));
#6189 = ORIENTED_EDGE('',*,*,#6190,.T.);
#6190 = EDGE_CURVE('',#6191,#6193,#6195,.T.);
#6191 = VERTEX_POINT('',#6192);
#6192 = CARTESIAN_POINT('',(-34.93,-39.69,0.));
#6193 = VERTEX_POINT('',#6194);
#6194 = CARTESIAN_POINT('',(-34.93,-39.69,100.));
#6195 = SURFACE_CURVE('',#6196,(#6200,#6212),.PCURVE_S1.);
#6196 = LINE('',#6197,#6198);
#6197 = CARTESIAN_POINT('',(-34.93,-39.69,0.));
#6198 = VECTOR('',#6199,1.);
#6199 = DIRECTION('',(0.,0.,1.));
#6200 = PCURVE('',#6201,#6206);
#6201 = CYLINDRICAL_SURFACE('',#6202,4.76);
#6202 = AXIS2_PLACEMENT_3D('',#6203,#6204,#6205);
#6203 = CARTESIAN_POINT('',(-34.93,-34.93,0.));
#6204 = DIRECTION('',(0.,0.,-1.));
#6205 = DIRECTION('',(-1.,0.,0.));
#6206 = DEFINITIONAL_REPRESENTATION('',(#6207),#6211);
#6207 = LINE('',#6208,#6209);
#6208 = CARTESIAN_POINT('',(4.712388980385,0.));
#6209 = VECTOR('',#6210,1.);
#6210 = DIRECTION('',(0.,-1.));
#6211 = ( GEOMETRIC_REPRESENTATION_CONTEXT(2) 
PARAMETRIC_REPRESENTATION_CONTEXT() REPRESENTATION_CONTEXT('2D SPACE',''
  ) );
#6212 = PCURVE('',#6213,#6218);
#6213 = PLANE('',#6214);
#6214 = AXIS2_PLACEMENT_3D('',#6215,#6216,#6217);
#6215 = CARTESIAN_POINT('',(-34.93,-39.69,0.));
#6216 = DIRECTION('',(0.,1.,0.));
#6217 = DIRECTION('',(1.,0.,0.));
#6218 = DEFINITIONAL_REPRESENTATION('',(#6219),#6223);
#6219 = LINE('',#6220,#6221);
#6220 = CARTESIAN_POINT('',(0.,0.));
#6221 = VECTOR('',#6222,1.);
#6222 = DIRECTION('',(0.,-1.));
#6223 = ( GEOMETRIC_REPRESENTATION_CONTEXT(2) 
PARAMETRIC_REPRESENTATION_CONTEXT() REPRESENTATION_CONTEXT('2D SPACE',''
  ) );
#6224 = ORIENTED_EDGE('',*,*,#6225,.T.);
#6225 = EDGE_CURVE('',#6193,#6226,#6228,.T.);
#6226 = VERTEX_POINT('',#6227);
#6227 = CARTESIAN_POINT('',(-39.69,-34.93,100.));
#6228 = SURFACE_CURVE('',#6229,(#6234,#6241),.PCURVE_S1.);
#6229 = CIRCLE('',#6230,4.76);
#6230 = AXIS2_PLACEMENT_3D('',#6231,#6232,#6233);
#6231 = CARTESIAN_POINT('',(-34.93,-34.93,100.));
#6232 = DIRECTION('',(0.,0.,-1.));
#6233 = DIRECTION('',(-1.,0.,0.));
#6234 = PCURVE('',#6201,#6235);
#6235 = DEFINITIONAL_REPRESENTATION('',(#6236),#6240);
#6236 = LINE('',#6237,#6238);
#6237 = CARTESIAN_POINT('',(0.,-100.));
#6238 = VECTOR('',#6239,1.);
#6239 = DIRECTION('',(1.,0.));
#6240 = ( GEOMETRIC_REPRESENTATION_CONTEXT(2) 
PARAMETRIC_REPRESENTATION_CONTEXT() REPRESENTATION_CONTEXT('2D SPACE',''
  ) );
#6241 = PCURVE('',#5615,#6242);
#6242 = DEFINITIONAL_REPRESENTATION('',(#6243),#6251);
#6243 = ( BOUNDED_CURVE() B_SPLINE_CURVE(2,(#6244,#6245,#6246,#6247,
#6248,#6249,#6250),.UNSPECIFIED.,.T.,.F.) B_SPLINE_CURVE_WITH_KNOTS((1,2
    ,2,2,2,1),(-2.094395102393,0.,2.094395102393,4.188790204786,
6.28318530718,8.377580409573),.UNSPECIFIED.) CURVE() 
GEOMETRIC_REPRESENTATION_ITEM() RATIONAL_B_SPLINE_CURVE((1.,0.5,1.,0.5,
1.,0.5,1.)) REPRESENTATION_ITEM('') );
#6244 = CARTESIAN_POINT('',(-39.69,-34.93));
#6245 = CARTESIAN_POINT('',(-39.69,-26.68543815597));
#6246 = CARTESIAN_POINT('',(-32.55,-30.80771907798));
#6247 = CARTESIAN_POINT('',(-25.41,-34.93));
#6248 = CARTESIAN_POINT('',(-32.55,-39.05228092201));
#6249 = CARTESIAN_POINT('',(-39.69,-43.17456184402));
#6250 = CARTESIAN_POINT('',(-39.69,-34.93));
#6251 = ( GEOMETRIC_REPRESENTATION_CONTEXT(2) 
PARAMETRIC_REPRESENTATION_CONTEXT() REPRESENTATION_CONTEXT('2D SPACE',''
  ) );
#6252 = ORIENTED_EDGE('',*,*,#6253,.F.);
#6253 = EDGE_CURVE('',#6254,#6226,#6256,.T.);
#6254 = VERTEX_POINT('',#6255);
#6255 = CARTESIAN_POINT('',(-39.69,-34.93,0.));
#6256 = SURFACE_CURVE('',#6257,(#6261,#6268),.PCURVE_S1.);
#6257 = LINE('',#6258,#6259);
#6258 = CARTESIAN_POINT('',(-39.69,-34.93,0.));
#6259 = VECTOR('',#6260,1.);
#6260 = DIRECTION('',(0.,0.,1.));
#6261 = PCURVE('',#6201,#6262);
#6262 = DEFINITIONAL_REPRESENTATION('',(#6263),#6267);
#6263 = LINE('',#6264,#6265);
#6264 = CARTESIAN_POINT('',(6.28318530718,0.));
#6265 = VECTOR('',#6266,1.);
#6266 = DIRECTION('',(0.,-1.));
#6267 = ( GEOMETRIC_REPRESENTATION_CONTEXT(2) 
PARAMETRIC_REPRESENTATION_CONTEXT() REPRESENTATION_CONTEXT('2D SPACE',''
  ) );
#6268 = PCURVE('',#6269,#6274);
#6269 = PLANE('',#6270);
#6270 = AXIS2_PLACEMENT_3D('',#6271,#6272,#6273);
#6271 = CARTESIAN_POINT('',(-39.69,-34.93,0.));
#6272 = DIRECTION('',(-1.,0.,0.));
#6273 = DIRECTION('',(0.,1.,0.));
#6274 = DEFINITIONAL_REPRESENTATION('',(#6275),#6279);
#6275 = LINE('',#6276,#6277);
#6276 = CARTESIAN_POINT('',(0.,0.));
#6277 = VECTOR('',#6278,1.);
#6278 = DIRECTION('',(0.,-1.));
#6279 = ( GEOMETRIC_REPRESENTATION_CONTEXT(2) 
PARAMETRIC_REPRESENTATION_CONTEXT() REPRESENTATION_CONTEXT('2D SPACE',''
  ) );
#6280 = ORIENTED_EDGE('',*,*,#6281,.F.);
#6281 = EDGE_CURVE('',#6191,#6254,#6282,.T.);
#6282 = SURFACE_CURVE('',#6283,(#6288,#6295),.PCURVE_S1.);
#6283 = CIRCLE('',#6284,4.76);
#6284 = AXIS2_PLACEMENT_3D('',#6285,#6286,#6287);
#6285 = CARTESIAN_POINT('',(-34.93,-34.93,0.));
#6286 = DIRECTION('',(0.,0.,-1.));
#6287 = DIRECTION('',(-1.,0.,0.));
#6288 = PCURVE('',#6201,#6289);
#6289 = DEFINITIONAL_REPRESENTATION('',(#6290),#6294);
#6290 = LINE('',#6291,#6292);
#6291 = CARTESIAN_POINT('',(0.,0.));
#6292 = VECTOR('',#6293,1.);
#6293 = DIRECTION('',(1.,0.));
#6294 = ( GEOMETRIC_REPRESENTATION_CONTEXT(2) 
PARAMETRIC_REPRESENTATION_CONTEXT() REPRESENTATION_CONTEXT('2D SPACE',''
  ) );
#6295 = PCURVE('',#5669,#6296);
#6296 = DEFINITIONAL_REPRESENTATION('',(#6297),#6305);
#6297 = ( BOUNDED_CURVE() B_SPLINE_CURVE(2,(#6298,#6299,#6300,#6301,
#6302,#6303,#6304),.UNSPECIFIED.,.T.,.F.) B_SPLINE_CURVE_WITH_KNOTS((1,2
    ,2,2,2,1),(-2.094395102393,0.,2.094395102393,4.188790204786,
6.28318530718,8.377580409573),.UNSPECIFIED.) CURVE() 
GEOMETRIC_REPRESENTATION_ITEM() RATIONAL_B_SPLINE_CURVE((1.,0.5,1.,0.5,
1.,0.5,1.)) REPRESENTATION_ITEM('') );
#6298 = CARTESIAN_POINT('',(-39.69,-34.93));
#6299 = CARTESIAN_POINT('',(-39.69,-26.68543815597));
#6300 = CARTESIAN_POINT('',(-32.55,-30.80771907798));
#6301 = CARTESIAN_POINT('',(-25.41,-34.93));
#6302 = CARTESIAN_POINT('',(-32.55,-39.05228092201));
#6303 = CARTESIAN_POINT('',(-39.69,-43.17456184402));
#6304 = CARTESIAN_POINT('',(-39.69,-34.93));
#6305 = ( GEOMETRIC_REPRESENTATION_CONTEXT(2) 
PARAMETRIC_REPRESENTATION_CONTEXT() REPRESENTATION_CONTEXT('2D SPACE',''
  ) );
#6306 = ADVANCED_FACE('',(#6307),#6213,.T.);
#6307 = FACE_BOUND('',#6308,.T.);
#6308 = EDGE_LOOP('',(#6309,#6310,#6333,#6361));
#6309 = ORIENTED_EDGE('',*,*,#6190,.T.);
#6310 = ORIENTED_EDGE('',*,*,#6311,.T.);
#6311 = EDGE_CURVE('',#6193,#6312,#6314,.T.);
#6312 = VERTEX_POINT('',#6313);
#6313 = CARTESIAN_POINT('',(34.93,-39.69,100.));
#6314 = SURFACE_CURVE('',#6315,(#6319,#6326),.PCURVE_S1.);
#6315 = LINE('',#6316,#6317);
#6316 = CARTESIAN_POINT('',(0.,-39.69,100.));
#6317 = VECTOR('',#6318,1.);
#6318 = DIRECTION('',(1.,0.,0.));
#6319 = PCURVE('',#6213,#6320);
#6320 = DEFINITIONAL_REPRESENTATION('',(#6321),#6325);
#6321 = LINE('',#6322,#6323);
#6322 = CARTESIAN_POINT('',(34.93,-100.));
#6323 = VECTOR('',#6324,1.);
#6324 = DIRECTION('',(1.,0.));
#6325 = ( GEOMETRIC_REPRESENTATION_CONTEXT(2) 
PARAMETRIC_REPRESENTATION_CONTEXT() REPRESENTATION_CONTEXT('2D SPACE',''
  ) );
#6326 = PCURVE('',#5615,#6327);
#6327 = DEFINITIONAL_REPRESENTATION('',(#6328),#6332);
#6328 = LINE('',#6329,#6330);
#6329 = CARTESIAN_POINT('',(-9.653686248942E-16,-39.69));
#6330 = VECTOR('',#6331,1.);
#6331 = DIRECTION('',(1.,0.));
#6332 = ( GEOMETRIC_REPRESENTATION_CONTEXT(2) 
PARAMETRIC_REPRESENTATION_CONTEXT() REPRESENTATION_CONTEXT('2D SPACE',''
  ) );
#6333 = ORIENTED_EDGE('',*,*,#6334,.F.);
#6334 = EDGE_CURVE('',#6335,#6312,#6337,.T.);
#6335 = VERTEX_POINT('',#6336);
#6336 = CARTESIAN_POINT('',(34.93,-39.69,0.));
#6337 = SURFACE_CURVE('',#6338,(#6342,#6349),.PCURVE_S1.);
#6338 = LINE('',#6339,#6340);
#6339 = CARTESIAN_POINT('',(34.93,-39.69,0.));
#6340 = VECTOR('',#6341,1.);
#6341 = DIRECTION('',(0.,0.,1.));
#6342 = PCURVE('',#6213,#6343);
#6343 = DEFINITIONAL_REPRESENTATION('',(#6344),#6348);
#6344 = LINE('',#6345,#6346);
#6345 = CARTESIAN_POINT('',(69.86,0.));
#6346 = VECTOR('',#6347,1.);
#6347 = DIRECTION('',(0.,-1.));
#6348 = ( GEOMETRIC_REPRESENTATION_CONTEXT(2) 
PARAMETRIC_REPRESENTATION_CONTEXT() REPRESENTATION_CONTEXT('2D SPACE',''
  ) );
#6349 = PCURVE('',#6350,#6355);
#6350 = CYLINDRICAL_SURFACE('',#6351,4.76);
#6351 = AXIS2_PLACEMENT_3D('',#6352,#6353,#6354);
#6352 = CARTESIAN_POINT('',(34.93,-34.93,0.));
#6353 = DIRECTION('',(0.,0.,-1.));
#6354 = DIRECTION('',(-1.,0.,0.));
#6355 = DEFINITIONAL_REPRESENTATION('',(#6356),#6360);
#6356 = LINE('',#6357,#6358);
#6357 = CARTESIAN_POINT('',(4.712388980385,0.));
#6358 = VECTOR('',#6359,1.);
#6359 = DIRECTION('',(0.,-1.));
#6360 = ( GEOMETRIC_REPRESENTATION_CONTEXT(2) 
PARAMETRIC_REPRESENTATION_CONTEXT() REPRESENTATION_CONTEXT('2D SPACE',''
  ) );
#6361 = ORIENTED_EDGE('',*,*,#6362,.F.);
#6362 = EDGE_CURVE('',#6191,#6335,#6363,.T.);
#6363 = SURFACE_CURVE('',#6364,(#6368,#6375),.PCURVE_S1.);
#6364 = LINE('',#6365,#6366);
#6365 = CARTESIAN_POINT('',(0.,-39.69,0.));
#6366 = VECTOR('',#6367,1.);
#6367 = DIRECTION('',(1.,0.,0.));
#6368 = PCURVE('',#6213,#6369);
#6369 = DEFINITIONAL_REPRESENTATION('',(#6370),#6374);
#6370 = LINE('',#6371,#6372);
#6371 = CARTESIAN_POINT('',(34.93,0.));
#6372 = VECTOR('',#6373,1.);
#6373 = DIRECTION('',(1.,0.));
#6374 = ( GEOMETRIC_REPRESENTATION_CONTEXT(2) 
PARAMETRIC_REPRESENTATION_CONTEXT() REPRESENTATION_CONTEXT('2D SPACE',''
  ) );
#6375 = PCURVE('',#5669,#6376);
#6376 = DEFINITIONAL_REPRESENTATION('',(#6377),#6381);
#6377 = LINE('',#6378,#6379);
#6378 = CARTESIAN_POINT('',(-9.653686248942E-16,-39.69));
#6379 = VECTOR('',#6380,1.);
#6380 = DIRECTION('',(1.,0.));
#6381 = ( GEOMETRIC_REPRESENTATION_CONTEXT(2) 
PARAMETRIC_REPRESENTATION_CONTEXT() REPRESENTATION_CONTEXT('2D SPACE',''
  ) );
#6382 = ADVANCED_FACE('',(#6383),#6350,.F.);
#6383 = FACE_BOUND('',#6384,.F.);
#6384 = EDGE_LOOP('',(#6385,#6415,#6441,#6442));
#6385 = ORIENTED_EDGE('',*,*,#6386,.T.);
#6386 = EDGE_CURVE('',#6387,#6389,#6391,.T.);
#6387 = VERTEX_POINT('',#6388);
#6388 = CARTESIAN_POINT('',(39.69,-34.93,0.));
#6389 = VERTEX_POINT('',#6390);
#6390 = CARTESIAN_POINT('',(39.69,-34.93,100.));
#6391 = SURFACE_CURVE('',#6392,(#6396,#6403),.PCURVE_S1.);
#6392 = LINE('',#6393,#6394);
#6393 = CARTESIAN_POINT('',(39.69,-34.93,0.));
#6394 = VECTOR('',#6395,1.);
#6395 = DIRECTION('',(0.,0.,1.));
#6396 = PCURVE('',#6350,#6397);
#6397 = DEFINITIONAL_REPRESENTATION('',(#6398),#6402);
#6398 = LINE('',#6399,#6400);
#6399 = CARTESIAN_POINT('',(3.14159265359,0.));
#6400 = VECTOR('',#6401,1.);
#6401 = DIRECTION('',(0.,-1.));
#6402 = ( GEOMETRIC_REPRESENTATION_CONTEXT(2) 
PARAMETRIC_REPRESENTATION_CONTEXT() REPRESENTATION_CONTEXT('2D SPACE',''
  ) );
#6403 = PCURVE('',#6404,#6409);
#6404 = PLANE('',#6405);
#6405 = AXIS2_PLACEMENT_3D('',#6406,#6407,#6408);
#6406 = CARTESIAN_POINT('',(39.69,-34.93,0.));
#6407 = DIRECTION('',(-1.,0.,0.));
#6408 = DIRECTION('',(0.,1.,0.));
#6409 = DEFINITIONAL_REPRESENTATION('',(#6410),#6414);
#6410 = LINE('',#6411,#6412);
#6411 = CARTESIAN_POINT('',(0.,0.));
#6412 = VECTOR('',#6413,1.);
#6413 = DIRECTION('',(0.,-1.));
#6414 = ( GEOMETRIC_REPRESENTATION_CONTEXT(2) 
PARAMETRIC_REPRESENTATION_CONTEXT() REPRESENTATION_CONTEXT('2D SPACE',''
  ) );
#6415 = ORIENTED_EDGE('',*,*,#6416,.T.);
#6416 = EDGE_CURVE('',#6389,#6312,#6417,.T.);
#6417 = SURFACE_CURVE('',#6418,(#6423,#6430),.PCURVE_S1.);
#6418 = CIRCLE('',#6419,4.76);
#6419 = AXIS2_PLACEMENT_3D('',#6420,#6421,#6422);
#6420 = CARTESIAN_POINT('',(34.93,-34.93,100.));
#6421 = DIRECTION('',(0.,0.,-1.));
#6422 = DIRECTION('',(-1.,0.,0.));
#6423 = PCURVE('',#6350,#6424);
#6424 = DEFINITIONAL_REPRESENTATION('',(#6425),#6429);
#6425 = LINE('',#6426,#6427);
#6426 = CARTESIAN_POINT('',(0.,-100.));
#6427 = VECTOR('',#6428,1.);
#6428 = DIRECTION('',(1.,0.));
#6429 = ( GEOMETRIC_REPRESENTATION_CONTEXT(2) 
PARAMETRIC_REPRESENTATION_CONTEXT() REPRESENTATION_CONTEXT('2D SPACE',''
  ) );
#6430 = PCURVE('',#5615,#6431);
#6431 = DEFINITIONAL_REPRESENTATION('',(#6432),#6440);
#6432 = ( BOUNDED_CURVE() B_SPLINE_CURVE(2,(#6433,#6434,#6435,#6436,
#6437,#6438,#6439),.UNSPECIFIED.,.T.,.F.) B_SPLINE_CURVE_WITH_KNOTS((1,2
    ,2,2,2,1),(-2.094395102393,0.,2.094395102393,4.188790204786,
6.28318530718,8.377580409573),.UNSPECIFIED.) CURVE() 
GEOMETRIC_REPRESENTATION_ITEM() RATIONAL_B_SPLINE_CURVE((1.,0.5,1.,0.5,
1.,0.5,1.)) REPRESENTATION_ITEM('') );
#6433 = CARTESIAN_POINT('',(30.17,-34.93));
#6434 = CARTESIAN_POINT('',(30.17,-26.68543815597));
#6435 = CARTESIAN_POINT('',(37.31,-30.80771907798));
#6436 = CARTESIAN_POINT('',(44.45,-34.93));
#6437 = CARTESIAN_POINT('',(37.31,-39.05228092201));
#6438 = CARTESIAN_POINT('',(30.17,-43.17456184402));
#6439 = CARTESIAN_POINT('',(30.17,-34.93));
#6440 = ( GEOMETRIC_REPRESENTATION_CONTEXT(2) 
PARAMETRIC_REPRESENTATION_CONTEXT() REPRESENTATION_CONTEXT('2D SPACE',''
  ) );
#6441 = ORIENTED_EDGE('',*,*,#6334,.F.);
#6442 = ORIENTED_EDGE('',*,*,#6443,.F.);
#6443 = EDGE_CURVE('',#6387,#6335,#6444,.T.);
#6444 = SURFACE_CURVE('',#6445,(#6450,#6457),.PCURVE_S1.);
#6445 = CIRCLE('',#6446,4.76);
#6446 = AXIS2_PLACEMENT_3D('',#6447,#6448,#6449);
#6447 = CARTESIAN_POINT('',(34.93,-34.93,0.));
#6448 = DIRECTION('',(0.,0.,-1.));
#6449 = DIRECTION('',(-1.,0.,0.));
#6450 = PCURVE('',#6350,#6451);
#6451 = DEFINITIONAL_REPRESENTATION('',(#6452),#6456);
#6452 = LINE('',#6453,#6454);
#6453 = CARTESIAN_POINT('',(0.,0.));
#6454 = VECTOR('',#6455,1.);
#6455 = DIRECTION('',(1.,0.));
#6456 = ( GEOMETRIC_REPRESENTATION_CONTEXT(2) 
PARAMETRIC_REPRESENTATION_CONTEXT() REPRESENTATION_CONTEXT('2D SPACE',''
  ) );
#6457 = PCURVE('',#5669,#6458);
#6458 = DEFINITIONAL_REPRESENTATION('',(#6459),#6467);
#6459 = ( BOUNDED_CURVE() B_SPLINE_CURVE(2,(#6460,#6461,#6462,#6463,
#6464,#6465,#6466),.UNSPECIFIED.,.T.,.F.) B_SPLINE_CURVE_WITH_KNOTS((1,2
    ,2,2,2,1),(-2.094395102393,0.,2.094395102393,4.188790204786,
6.28318530718,8.377580409573),.UNSPECIFIED.) CURVE() 
GEOMETRIC_REPRESENTATION_ITEM() RATIONAL_B_SPLINE_CURVE((1.,0.5,1.,0.5,
1.,0.5,1.)) REPRESENTATION_ITEM('') );
#6460 = CARTESIAN_POINT('',(30.17,-34.93));
#6461 = CARTESIAN_POINT('',(30.17,-26.68543815597));
#6462 = CARTESIAN_POINT('',(37.31,-30.80771907798));
#6463 = CARTESIAN_POINT('',(44.45,-34.93));
#6464 = CARTESIAN_POINT('',(37.31,-39.05228092201));
#6465 = CARTESIAN_POINT('',(30.17,-43.17456184402));
#6466 = CARTESIAN_POINT('',(30.17,-34.93));
#6467 = ( GEOMETRIC_REPRESENTATION_CONTEXT(2) 
PARAMETRIC_REPRESENTATION_CONTEXT() REPRESENTATION_CONTEXT('2D SPACE',''
  ) );
#6468 = ADVANCED_FACE('',(#6469),#6404,.T.);
#6469 = FACE_BOUND('',#6470,.T.);
#6470 = EDGE_LOOP('',(#6471,#6472,#6495,#6523));
#6471 = ORIENTED_EDGE('',*,*,#6386,.T.);
#6472 = ORIENTED_EDGE('',*,*,#6473,.T.);
#6473 = EDGE_CURVE('',#6389,#6474,#6476,.T.);
#6474 = VERTEX_POINT('',#6475);
#6475 = CARTESIAN_POINT('',(39.69,34.93,100.));
#6476 = SURFACE_CURVE('',#6477,(#6481,#6488),.PCURVE_S1.);
#6477 = LINE('',#6478,#6479);
#6478 = CARTESIAN_POINT('',(39.69,0.,100.));
#6479 = VECTOR('',#6480,1.);
#6480 = DIRECTION('',(0.,1.,0.));
#6481 = PCURVE('',#6404,#6482);
#6482 = DEFINITIONAL_REPRESENTATION('',(#6483),#6487);
#6483 = LINE('',#6484,#6485);
#6484 = CARTESIAN_POINT('',(34.93,-100.));
#6485 = VECTOR('',#6486,1.);
#6486 = DIRECTION('',(1.,0.));
#6487 = ( GEOMETRIC_REPRESENTATION_CONTEXT(2) 
PARAMETRIC_REPRESENTATION_CONTEXT() REPRESENTATION_CONTEXT('2D SPACE',''
  ) );
#6488 = PCURVE('',#5615,#6489);
#6489 = DEFINITIONAL_REPRESENTATION('',(#6490),#6494);
#6490 = LINE('',#6491,#6492);
#6491 = CARTESIAN_POINT('',(39.69,-2.896105874683E-15));
#6492 = VECTOR('',#6493,1.);
#6493 = DIRECTION('',(0.,1.));
#6494 = ( GEOMETRIC_REPRESENTATION_CONTEXT(2) 
PARAMETRIC_REPRESENTATION_CONTEXT() REPRESENTATION_CONTEXT('2D SPACE',''
  ) );
#6495 = ORIENTED_EDGE('',*,*,#6496,.F.);
#6496 = EDGE_CURVE('',#6497,#6474,#6499,.T.);
#6497 = VERTEX_POINT('',#6498);
#6498 = CARTESIAN_POINT('',(39.69,34.93,0.));
#6499 = SURFACE_CURVE('',#6500,(#6504,#6511),.PCURVE_S1.);
#6500 = LINE('',#6501,#6502);
#6501 = CARTESIAN_POINT('',(39.69,34.93,0.));
#6502 = VECTOR('',#6503,1.);
#6503 = DIRECTION('',(0.,0.,1.));
#6504 = PCURVE('',#6404,#6505);
#6505 = DEFINITIONAL_REPRESENTATION('',(#6506),#6510);
#6506 = LINE('',#6507,#6508);
#6507 = CARTESIAN_POINT('',(69.86,0.));
#6508 = VECTOR('',#6509,1.);
#6509 = DIRECTION('',(0.,-1.));
#6510 = ( GEOMETRIC_REPRESENTATION_CONTEXT(2) 
PARAMETRIC_REPRESENTATION_CONTEXT() REPRESENTATION_CONTEXT('2D SPACE',''
  ) );
#6511 = PCURVE('',#6512,#6517);
#6512 = CYLINDRICAL_SURFACE('',#6513,4.76);
#6513 = AXIS2_PLACEMENT_3D('',#6514,#6515,#6516);
#6514 = CARTESIAN_POINT('',(34.93,34.93,0.));
#6515 = DIRECTION('',(0.,0.,-1.));
#6516 = DIRECTION('',(-1.,0.,0.));
#6517 = DEFINITIONAL_REPRESENTATION('',(#6518),#6522);
#6518 = LINE('',#6519,#6520);
#6519 = CARTESIAN_POINT('',(3.14159265359,0.));
#6520 = VECTOR('',#6521,1.);
#6521 = DIRECTION('',(0.,-1.));
#6522 = ( GEOMETRIC_REPRESENTATION_CONTEXT(2) 
PARAMETRIC_REPRESENTATION_CONTEXT() REPRESENTATION_CONTEXT('2D SPACE',''
  ) );
#6523 = ORIENTED_EDGE('',*,*,#6524,.F.);
#6524 = EDGE_CURVE('',#6387,#6497,#6525,.T.);
#6525 = SURFACE_CURVE('',#6526,(#6530,#6537),.PCURVE_S1.);
#6526 = LINE('',#6527,#6528);
#6527 = CARTESIAN_POINT('',(39.69,0.,0.));
#6528 = VECTOR('',#6529,1.);
#6529 = DIRECTION('',(0.,1.,0.));
#6530 = PCURVE('',#6404,#6531);
#6531 = DEFINITIONAL_REPRESENTATION('',(#6532),#6536);
#6532 = LINE('',#6533,#6534);
#6533 = CARTESIAN_POINT('',(34.93,0.));
#6534 = VECTOR('',#6535,1.);
#6535 = DIRECTION('',(1.,0.));
#6536 = ( GEOMETRIC_REPRESENTATION_CONTEXT(2) 
PARAMETRIC_REPRESENTATION_CONTEXT() REPRESENTATION_CONTEXT('2D SPACE',''
  ) );
#6537 = PCURVE('',#5669,#6538);
#6538 = DEFINITIONAL_REPRESENTATION('',(#6539),#6543);
#6539 = LINE('',#6540,#6541);
#6540 = CARTESIAN_POINT('',(39.69,-2.896105874683E-15));
#6541 = VECTOR('',#6542,1.);
#6542 = DIRECTION('',(0.,1.));
#6543 = ( GEOMETRIC_REPRESENTATION_CONTEXT(2) 
PARAMETRIC_REPRESENTATION_CONTEXT() REPRESENTATION_CONTEXT('2D SPACE',''
  ) );
#6544 = ADVANCED_FACE('',(#6545),#6512,.F.);
#6545 = FACE_BOUND('',#6546,.F.);
#6546 = EDGE_LOOP('',(#6547,#6577,#6603,#6604));
#6547 = ORIENTED_EDGE('',*,*,#6548,.T.);
#6548 = EDGE_CURVE('',#6549,#6551,#6553,.T.);
#6549 = VERTEX_POINT('',#6550);
#6550 = CARTESIAN_POINT('',(34.93,39.69,0.));
#6551 = VERTEX_POINT('',#6552);
#6552 = CARTESIAN_POINT('',(34.93,39.69,100.));
#6553 = SURFACE_CURVE('',#6554,(#6558,#6565),.PCURVE_S1.);
#6554 = LINE('',#6555,#6556);
#6555 = CARTESIAN_POINT('',(34.93,39.69,0.));
#6556 = VECTOR('',#6557,1.);
#6557 = DIRECTION('',(0.,0.,1.));
#6558 = PCURVE('',#6512,#6559);
#6559 = DEFINITIONAL_REPRESENTATION('',(#6560),#6564);
#6560 = LINE('',#6561,#6562);
#6561 = CARTESIAN_POINT('',(1.570796326795,0.));
#6562 = VECTOR('',#6563,1.);
#6563 = DIRECTION('',(0.,-1.));
#6564 = ( GEOMETRIC_REPRESENTATION_CONTEXT(2) 
PARAMETRIC_REPRESENTATION_CONTEXT() REPRESENTATION_CONTEXT('2D SPACE',''
  ) );
#6565 = PCURVE('',#6566,#6571);
#6566 = PLANE('',#6567);
#6567 = AXIS2_PLACEMENT_3D('',#6568,#6569,#6570);
#6568 = CARTESIAN_POINT('',(-34.93,39.69,0.));
#6569 = DIRECTION('',(0.,1.,0.));
#6570 = DIRECTION('',(1.,0.,0.));
#6571 = DEFINITIONAL_REPRESENTATION('',(#6572),#6576);
#6572 = LINE('',#6573,#6574);
#6573 = CARTESIAN_POINT('',(69.86,0.));
#6574 = VECTOR('',#6575,1.);
#6575 = DIRECTION('',(0.,-1.));
#6576 = ( GEOMETRIC_REPRESENTATION_CONTEXT(2) 
PARAMETRIC_REPRESENTATION_CONTEXT() REPRESENTATION_CONTEXT('2D SPACE',''
  ) );
#6577 = ORIENTED_EDGE('',*,*,#6578,.T.);
#6578 = EDGE_CURVE('',#6551,#6474,#6579,.T.);
#6579 = SURFACE_CURVE('',#6580,(#6585,#6592),.PCURVE_S1.);
#6580 = CIRCLE('',#6581,4.76);
#6581 = AXIS2_PLACEMENT_3D('',#6582,#6583,#6584);
#6582 = CARTESIAN_POINT('',(34.93,34.93,100.));
#6583 = DIRECTION('',(0.,0.,-1.));
#6584 = DIRECTION('',(-1.,0.,0.));
#6585 = PCURVE('',#6512,#6586);
#6586 = DEFINITIONAL_REPRESENTATION('',(#6587),#6591);
#6587 = LINE('',#6588,#6589);
#6588 = CARTESIAN_POINT('',(0.,-100.));
#6589 = VECTOR('',#6590,1.);
#6590 = DIRECTION('',(1.,0.));
#6591 = ( GEOMETRIC_REPRESENTATION_CONTEXT(2) 
PARAMETRIC_REPRESENTATION_CONTEXT() REPRESENTATION_CONTEXT('2D SPACE',''
  ) );
#6592 = PCURVE('',#5615,#6593);
#6593 = DEFINITIONAL_REPRESENTATION('',(#6594),#6602);
#6594 = ( BOUNDED_CURVE() B_SPLINE_CURVE(2,(#6595,#6596,#6597,#6598,
#6599,#6600,#6601),.UNSPECIFIED.,.T.,.F.) B_SPLINE_CURVE_WITH_KNOTS((1,2
    ,2,2,2,1),(-2.094395102393,0.,2.094395102393,4.188790204786,
6.28318530718,8.377580409573),.UNSPECIFIED.) CURVE() 
GEOMETRIC_REPRESENTATION_ITEM() RATIONAL_B_SPLINE_CURVE((1.,0.5,1.,0.5,
1.,0.5,1.)) REPRESENTATION_ITEM('') );
#6595 = CARTESIAN_POINT('',(30.17,34.93));
#6596 = CARTESIAN_POINT('',(30.17,43.174561844028));
#6597 = CARTESIAN_POINT('',(37.31,39.052280922014));
#6598 = CARTESIAN_POINT('',(44.45,34.93));
#6599 = CARTESIAN_POINT('',(37.31,30.807719077986));
#6600 = CARTESIAN_POINT('',(30.17,26.685438155972));
#6601 = CARTESIAN_POINT('',(30.17,34.93));
#6602 = ( GEOMETRIC_REPRESENTATION_CONTEXT(2) 
PARAMETRIC_REPRESENTATION_CONTEXT() REPRESENTATION_CONTEXT('2D SPACE',''
  ) );
#6603 = ORIENTED_EDGE('',*,*,#6496,.F.);
#6604 = ORIENTED_EDGE('',*,*,#6605,.F.);
#6605 = EDGE_CURVE('',#6549,#6497,#6606,.T.);
#6606 = SURFACE_CURVE('',#6607,(#6612,#6619),.PCURVE_S1.);
#6607 = CIRCLE('',#6608,4.76);
#6608 = AXIS2_PLACEMENT_3D('',#6609,#6610,#6611);
#6609 = CARTESIAN_POINT('',(34.93,34.93,0.));
#6610 = DIRECTION('',(0.,0.,-1.));
#6611 = DIRECTION('',(-1.,0.,0.));
#6612 = PCURVE('',#6512,#6613);
#6613 = DEFINITIONAL_REPRESENTATION('',(#6614),#6618);
#6614 = LINE('',#6615,#6616);
#6615 = CARTESIAN_POINT('',(0.,0.));
#6616 = VECTOR('',#6617,1.);
#6617 = DIRECTION('',(1.,0.));
#6618 = ( GEOMETRIC_REPRESENTATION_CONTEXT(2) 
PARAMETRIC_REPRESENTATION_CONTEXT() REPRESENTATION_CONTEXT('2D SPACE',''
  ) );
#6619 = PCURVE('',#5669,#6620);
#6620 = DEFINITIONAL_REPRESENTATION('',(#6621),#6629);
#6621 = ( BOUNDED_CURVE() B_SPLINE_CURVE(2,(#6622,#6623,#6624,#6625,
#6626,#6627,#6628),.UNSPECIFIED.,.T.,.F.) B_SPLINE_CURVE_WITH_KNOTS((1,2
    ,2,2,2,1),(-2.094395102393,0.,2.094395102393,4.188790204786,
6.28318530718,8.377580409573),.UNSPECIFIED.) CURVE() 
GEOMETRIC_REPRESENTATION_ITEM() RATIONAL_B_SPLINE_CURVE((1.,0.5,1.,0.5,
1.,0.5,1.)) REPRESENTATION_ITEM('') );
#6622 = CARTESIAN_POINT('',(30.17,34.93));
#6623 = CARTESIAN_POINT('',(30.17,43.174561844028));
#6624 = CARTESIAN_POINT('',(37.31,39.052280922014));
#6625 = CARTESIAN_POINT('',(44.45,34.93));
#6626 = CARTESIAN_POINT('',(37.31,30.807719077986));
#6627 = CARTESIAN_POINT('',(30.17,26.685438155972));
#6628 = CARTESIAN_POINT('',(30.17,34.93));
#6629 = ( GEOMETRIC_REPRESENTATION_CONTEXT(2) 
PARAMETRIC_REPRESENTATION_CONTEXT() REPRESENTATION_CONTEXT('2D SPACE',''
  ) );
#6630 = ADVANCED_FACE('',(#6631),#6566,.F.);
#6631 = FACE_BOUND('',#6632,.F.);
#6632 = EDGE_LOOP('',(#6633,#6663,#6684,#6685));
#6633 = ORIENTED_EDGE('',*,*,#6634,.T.);
#6634 = EDGE_CURVE('',#6635,#6637,#6639,.T.);
#6635 = VERTEX_POINT('',#6636);
#6636 = CARTESIAN_POINT('',(-34.93,39.69,0.));
#6637 = VERTEX_POINT('',#6638);
#6638 = CARTESIAN_POINT('',(-34.93,39.69,100.));
#6639 = SURFACE_CURVE('',#6640,(#6644,#6651),.PCURVE_S1.);
#6640 = LINE('',#6641,#6642);
#6641 = CARTESIAN_POINT('',(-34.93,39.69,0.));
#6642 = VECTOR('',#6643,1.);
#6643 = DIRECTION('',(0.,0.,1.));
#6644 = PCURVE('',#6566,#6645);
#6645 = DEFINITIONAL_REPRESENTATION('',(#6646),#6650);
#6646 = LINE('',#6647,#6648);
#6647 = CARTESIAN_POINT('',(0.,0.));
#6648 = VECTOR('',#6649,1.);
#6649 = DIRECTION('',(0.,-1.));
#6650 = ( GEOMETRIC_REPRESENTATION_CONTEXT(2) 
PARAMETRIC_REPRESENTATION_CONTEXT() REPRESENTATION_CONTEXT('2D SPACE',''
  ) );
#6651 = PCURVE('',#6652,#6657);
#6652 = CYLINDRICAL_SURFACE('',#6653,4.76);
#6653 = AXIS2_PLACEMENT_3D('',#6654,#6655,#6656);
#6654 = CARTESIAN_POINT('',(-34.93,34.93,0.));
#6655 = DIRECTION('',(0.,0.,-1.));
#6656 = DIRECTION('',(-1.,0.,0.));
#6657 = DEFINITIONAL_REPRESENTATION('',(#6658),#6662);
#6658 = LINE('',#6659,#6660);
#6659 = CARTESIAN_POINT('',(1.570796326795,0.));
#6660 = VECTOR('',#6661,1.);
#6661 = DIRECTION('',(0.,-1.));
#6662 = ( GEOMETRIC_REPRESENTATION_CONTEXT(2) 
PARAMETRIC_REPRESENTATION_CONTEXT() REPRESENTATION_CONTEXT('2D SPACE',''
  ) );
#6663 = ORIENTED_EDGE('',*,*,#6664,.T.);
#6664 = EDGE_CURVE('',#6637,#6551,#6665,.T.);
#6665 = SURFACE_CURVE('',#6666,(#6670,#6677),.PCURVE_S1.);
#6666 = LINE('',#6667,#6668);
#6667 = CARTESIAN_POINT('',(0.,39.69,100.));
#6668 = VECTOR('',#6669,1.);
#6669 = DIRECTION('',(1.,0.,0.));
#6670 = PCURVE('',#6566,#6671);
#6671 = DEFINITIONAL_REPRESENTATION('',(#6672),#6676);
#6672 = LINE('',#6673,#6674);
#6673 = CARTESIAN_POINT('',(34.93,-100.));
#6674 = VECTOR('',#6675,1.);
#6675 = DIRECTION('',(1.,0.));
#6676 = ( GEOMETRIC_REPRESENTATION_CONTEXT(2) 
PARAMETRIC_REPRESENTATION_CONTEXT() REPRESENTATION_CONTEXT('2D SPACE',''
  ) );
#6677 = PCURVE('',#5615,#6678);
#6678 = DEFINITIONAL_REPRESENTATION('',(#6679),#6683);
#6679 = LINE('',#6680,#6681);
#6680 = CARTESIAN_POINT('',(-9.653686248942E-16,39.69));
#6681 = VECTOR('',#6682,1.);
#6682 = DIRECTION('',(1.,0.));
#6683 = ( GEOMETRIC_REPRESENTATION_CONTEXT(2) 
PARAMETRIC_REPRESENTATION_CONTEXT() REPRESENTATION_CONTEXT('2D SPACE',''
  ) );
#6684 = ORIENTED_EDGE('',*,*,#6548,.F.);
#6685 = ORIENTED_EDGE('',*,*,#6686,.F.);
#6686 = EDGE_CURVE('',#6635,#6549,#6687,.T.);
#6687 = SURFACE_CURVE('',#6688,(#6692,#6699),.PCURVE_S1.);
#6688 = LINE('',#6689,#6690);
#6689 = CARTESIAN_POINT('',(0.,39.69,0.));
#6690 = VECTOR('',#6691,1.);
#6691 = DIRECTION('',(1.,0.,0.));
#6692 = PCURVE('',#6566,#6693);
#6693 = DEFINITIONAL_REPRESENTATION('',(#6694),#6698);
#6694 = LINE('',#6695,#6696);
#6695 = CARTESIAN_POINT('',(34.93,0.));
#6696 = VECTOR('',#6697,1.);
#6697 = DIRECTION('',(1.,0.));
#6698 = ( GEOMETRIC_REPRESENTATION_CONTEXT(2) 
PARAMETRIC_REPRESENTATION_CONTEXT() REPRESENTATION_CONTEXT('2D SPACE',''
  ) );
#6699 = PCURVE('',#5669,#6700);
#6700 = DEFINITIONAL_REPRESENTATION('',(#6701),#6705);
#6701 = LINE('',#6702,#6703);
#6702 = CARTESIAN_POINT('',(-9.653686248942E-16,39.69));
#6703 = VECTOR('',#6704,1.);
#6704 = DIRECTION('',(1.,0.));
#6705 = ( GEOMETRIC_REPRESENTATION_CONTEXT(2) 
PARAMETRIC_REPRESENTATION_CONTEXT() REPRESENTATION_CONTEXT('2D SPACE',''
  ) );
#6706 = ADVANCED_FACE('',(#6707),#6652,.F.);
#6707 = FACE_BOUND('',#6708,.F.);
#6708 = EDGE_LOOP('',(#6709,#6734,#6760,#6761));
#6709 = ORIENTED_EDGE('',*,*,#6710,.T.);
#6710 = EDGE_CURVE('',#6711,#6713,#6715,.T.);
#6711 = VERTEX_POINT('',#6712);
#6712 = CARTESIAN_POINT('',(-39.69,34.93,0.));
#6713 = VERTEX_POINT('',#6714);
#6714 = CARTESIAN_POINT('',(-39.69,34.93,100.));
#6715 = SURFACE_CURVE('',#6716,(#6720,#6727),.PCURVE_S1.);
#6716 = LINE('',#6717,#6718);
#6717 = CARTESIAN_POINT('',(-39.69,34.93,0.));
#6718 = VECTOR('',#6719,1.);
#6719 = DIRECTION('',(0.,0.,1.));
#6720 = PCURVE('',#6652,#6721);
#6721 = DEFINITIONAL_REPRESENTATION('',(#6722),#6726);
#6722 = LINE('',#6723,#6724);
#6723 = CARTESIAN_POINT('',(0.,0.));
#6724 = VECTOR('',#6725,1.);
#6725 = DIRECTION('',(0.,-1.));
#6726 = ( GEOMETRIC_REPRESENTATION_CONTEXT(2) 
PARAMETRIC_REPRESENTATION_CONTEXT() REPRESENTATION_CONTEXT('2D SPACE',''
  ) );
#6727 = PCURVE('',#6269,#6728);
#6728 = DEFINITIONAL_REPRESENTATION('',(#6729),#6733);
#6729 = LINE('',#6730,#6731);
#6730 = CARTESIAN_POINT('',(69.86,0.));
#6731 = VECTOR('',#6732,1.);
#6732 = DIRECTION('',(0.,-1.));
#6733 = ( GEOMETRIC_REPRESENTATION_CONTEXT(2) 
PARAMETRIC_REPRESENTATION_CONTEXT() REPRESENTATION_CONTEXT('2D SPACE',''
  ) );
#6734 = ORIENTED_EDGE('',*,*,#6735,.T.);
#6735 = EDGE_CURVE('',#6713,#6637,#6736,.T.);
#6736 = SURFACE_CURVE('',#6737,(#6742,#6749),.PCURVE_S1.);
#6737 = CIRCLE('',#6738,4.76);
#6738 = AXIS2_PLACEMENT_3D('',#6739,#6740,#6741);
#6739 = CARTESIAN_POINT('',(-34.93,34.93,100.));
#6740 = DIRECTION('',(0.,0.,-1.));
#6741 = DIRECTION('',(-1.,0.,0.));
#6742 = PCURVE('',#6652,#6743);
#6743 = DEFINITIONAL_REPRESENTATION('',(#6744),#6748);
#6744 = LINE('',#6745,#6746);
#6745 = CARTESIAN_POINT('',(0.,-100.));
#6746 = VECTOR('',#6747,1.);
#6747 = DIRECTION('',(1.,0.));
#6748 = ( GEOMETRIC_REPRESENTATION_CONTEXT(2) 
PARAMETRIC_REPRESENTATION_CONTEXT() REPRESENTATION_CONTEXT('2D SPACE',''
  ) );
#6749 = PCURVE('',#5615,#6750);
#6750 = DEFINITIONAL_REPRESENTATION('',(#6751),#6759);
#6751 = ( BOUNDED_CURVE() B_SPLINE_CURVE(2,(#6752,#6753,#6754,#6755,
#6756,#6757,#6758),.UNSPECIFIED.,.T.,.F.) B_SPLINE_CURVE_WITH_KNOTS((1,2
    ,2,2,2,1),(-2.094395102393,0.,2.094395102393,4.188790204786,
6.28318530718,8.377580409573),.UNSPECIFIED.) CURVE() 
GEOMETRIC_REPRESENTATION_ITEM() RATIONAL_B_SPLINE_CURVE((1.,0.5,1.,0.5,
1.,0.5,1.)) REPRESENTATION_ITEM('') );
#6752 = CARTESIAN_POINT('',(-39.69,34.93));
#6753 = CARTESIAN_POINT('',(-39.69,43.174561844028));
#6754 = CARTESIAN_POINT('',(-32.55,39.052280922014));
#6755 = CARTESIAN_POINT('',(-25.41,34.93));
#6756 = CARTESIAN_POINT('',(-32.55,30.807719077986));
#6757 = CARTESIAN_POINT('',(-39.69,26.685438155972));
#6758 = CARTESIAN_POINT('',(-39.69,34.93));
#6759 = ( GEOMETRIC_REPRESENTATION_CONTEXT(2) 
PARAMETRIC_REPRESENTATION_CONTEXT() REPRESENTATION_CONTEXT('2D SPACE',''
  ) );
#6760 = ORIENTED_EDGE('',*,*,#6634,.F.);
#6761 = ORIENTED_EDGE('',*,*,#6762,.F.);
#6762 = EDGE_CURVE('',#6711,#6635,#6763,.T.);
#6763 = SURFACE_CURVE('',#6764,(#6769,#6776),.PCURVE_S1.);
#6764 = CIRCLE('',#6765,4.76);
#6765 = AXIS2_PLACEMENT_3D('',#6766,#6767,#6768);
#6766 = CARTESIAN_POINT('',(-34.93,34.93,0.));
#6767 = DIRECTION('',(0.,0.,-1.));
#6768 = DIRECTION('',(-1.,0.,0.));
#6769 = PCURVE('',#6652,#6770);
#6770 = DEFINITIONAL_REPRESENTATION('',(#6771),#6775);
#6771 = LINE('',#6772,#6773);
#6772 = CARTESIAN_POINT('',(0.,0.));
#6773 = VECTOR('',#6774,1.);
#6774 = DIRECTION('',(1.,0.));
#6775 = ( GEOMETRIC_REPRESENTATION_CONTEXT(2) 
PARAMETRIC_REPRESENTATION_CONTEXT() REPRESENTATION_CONTEXT('2D SPACE',''
  ) );
#6776 = PCURVE('',#5669,#6777);
#6777 = DEFINITIONAL_REPRESENTATION('',(#6778),#6786);
#6778 = ( BOUNDED_CURVE() B_SPLINE_CURVE(2,(#6779,#6780,#6781,#6782,
#6783,#6784,#6785),.UNSPECIFIED.,.T.,.F.) B_SPLINE_CURVE_WITH_KNOTS((1,2
    ,2,2,2,1),(-2.094395102393,0.,2.094395102393,4.188790204786,
6.28318530718,8.377580409573),.UNSPECIFIED.) CURVE() 
GEOMETRIC_REPRESENTATION_ITEM() RATIONAL_B_SPLINE_CURVE((1.,0.5,1.,0.5,
1.,0.5,1.)) REPRESENTATION_ITEM('') );
#6779 = CARTESIAN_POINT('',(-39.69,34.93));
#6780 = CARTESIAN_POINT('',(-39.69,43.174561844028));
#6781 = CARTESIAN_POINT('',(-32.55,39.052280922014));
#6782 = CARTESIAN_POINT('',(-25.41,34.93));
#6783 = CARTESIAN_POINT('',(-32.55,30.807719077986));
#6784 = CARTESIAN_POINT('',(-39.69,26.685438155972));
#6785 = CARTESIAN_POINT('',(-39.69,34.93));
#6786 = ( GEOMETRIC_REPRESENTATION_CONTEXT(2) 
PARAMETRIC_REPRESENTATION_CONTEXT() REPRESENTATION_CONTEXT('2D SPACE',''
  ) );
#6787 = ADVANCED_FACE('',(#6788),#6269,.F.);
#6788 = FACE_BOUND('',#6789,.F.);
#6789 = EDGE_LOOP('',(#6790,#6791,#6812,#6813));
#6790 = ORIENTED_EDGE('',*,*,#6253,.T.);
#6791 = ORIENTED_EDGE('',*,*,#6792,.T.);
#6792 = EDGE_CURVE('',#6226,#6713,#6793,.T.);
#6793 = SURFACE_CURVE('',#6794,(#6798,#6805),.PCURVE_S1.);
#6794 = LINE('',#6795,#6796);
#6795 = CARTESIAN_POINT('',(-39.69,0.,100.));
#6796 = VECTOR('',#6797,1.);
#6797 = DIRECTION('',(0.,1.,0.));
#6798 = PCURVE('',#6269,#6799);
#6799 = DEFINITIONAL_REPRESENTATION('',(#6800),#6804);
#6800 = LINE('',#6801,#6802);
#6801 = CARTESIAN_POINT('',(34.93,-100.));
#6802 = VECTOR('',#6803,1.);
#6803 = DIRECTION('',(1.,0.));
#6804 = ( GEOMETRIC_REPRESENTATION_CONTEXT(2) 
PARAMETRIC_REPRESENTATION_CONTEXT() REPRESENTATION_CONTEXT('2D SPACE',''
  ) );
#6805 = PCURVE('',#5615,#6806);
#6806 = DEFINITIONAL_REPRESENTATION('',(#6807),#6811);
#6807 = LINE('',#6808,#6809);
#6808 = CARTESIAN_POINT('',(-39.69,-2.896105874683E-15));
#6809 = VECTOR('',#6810,1.);
#6810 = DIRECTION('',(0.,1.));
#6811 = ( GEOMETRIC_REPRESENTATION_CONTEXT(2) 
PARAMETRIC_REPRESENTATION_CONTEXT() REPRESENTATION_CONTEXT('2D SPACE',''
  ) );
#6812 = ORIENTED_EDGE('',*,*,#6710,.F.);
#6813 = ORIENTED_EDGE('',*,*,#6814,.F.);
#6814 = EDGE_CURVE('',#6254,#6711,#6815,.T.);
#6815 = SURFACE_CURVE('',#6816,(#6820,#6827),.PCURVE_S1.);
#6816 = LINE('',#6817,#6818);
#6817 = CARTESIAN_POINT('',(-39.69,0.,0.));
#6818 = VECTOR('',#6819,1.);
#6819 = DIRECTION('',(0.,1.,0.));
#6820 = PCURVE('',#6269,#6821);
#6821 = DEFINITIONAL_REPRESENTATION('',(#6822),#6826);
#6822 = LINE('',#6823,#6824);
#6823 = CARTESIAN_POINT('',(34.93,0.));
#6824 = VECTOR('',#6825,1.);
#6825 = DIRECTION('',(1.,0.));
#6826 = ( GEOMETRIC_REPRESENTATION_CONTEXT(2) 
PARAMETRIC_REPRESENTATION_CONTEXT() REPRESENTATION_CONTEXT('2D SPACE',''
  ) );
#6827 = PCURVE('',#5669,#6828);
#6828 = DEFINITIONAL_REPRESENTATION('',(#6829),#6833);
#6829 = LINE('',#6830,#6831);
#6830 = CARTESIAN_POINT('',(-39.69,-2.896105874683E-15));
#6831 = VECTOR('',#6832,1.);
#6832 = DIRECTION('',(0.,1.));
#6833 = ( GEOMETRIC_REPRESENTATION_CONTEXT(2) 
PARAMETRIC_REPRESENTATION_CONTEXT() REPRESENTATION_CONTEXT('2D SPACE',''
  ) );
#6834 = ADVANCED_FACE('',(#6835,#6845),#5669,.F.);
#6835 = FACE_BOUND('',#6836,.F.);
#6836 = EDGE_LOOP('',(#6837,#6838,#6839,#6840,#6841,#6842,#6843,#6844));
#6837 = ORIENTED_EDGE('',*,*,#5655,.F.);
#6838 = ORIENTED_EDGE('',*,*,#5737,.T.);
#6839 = ORIENTED_EDGE('',*,*,#5892,.T.);
#6840 = ORIENTED_EDGE('',*,*,#6045,.T.);
#6841 = ORIENTED_EDGE('',*,*,#6166,.T.);
#6842 = ORIENTED_EDGE('',*,*,#6118,.T.);
#6843 = ORIENTED_EDGE('',*,*,#5968,.F.);
#6844 = ORIENTED_EDGE('',*,*,#5815,.T.);
#6845 = FACE_BOUND('',#6846,.F.);
#6846 = EDGE_LOOP('',(#6847,#6848,#6849,#6850,#6851,#6852,#6853,#6854));
#6847 = ORIENTED_EDGE('',*,*,#6281,.T.);
#6848 = ORIENTED_EDGE('',*,*,#6814,.T.);
#6849 = ORIENTED_EDGE('',*,*,#6762,.T.);
#6850 = ORIENTED_EDGE('',*,*,#6686,.T.);
#6851 = ORIENTED_EDGE('',*,*,#6605,.T.);
#6852 = ORIENTED_EDGE('',*,*,#6524,.F.);
#6853 = ORIENTED_EDGE('',*,*,#6443,.T.);
#6854 = ORIENTED_EDGE('',*,*,#6362,.F.);
#6855 = ADVANCED_FACE('',(#6856,#6866),#5615,.T.);
#6856 = FACE_BOUND('',#6857,.T.);
#6857 = EDGE_LOOP('',(#6858,#6859,#6860,#6861,#6862,#6863,#6864,#6865));
#6858 = ORIENTED_EDGE('',*,*,#5599,.F.);
#6859 = ORIENTED_EDGE('',*,*,#5685,.T.);
#6860 = ORIENTED_EDGE('',*,*,#5841,.T.);
#6861 = ORIENTED_EDGE('',*,*,#5993,.T.);
#6862 = ORIENTED_EDGE('',*,*,#6144,.T.);
#6863 = ORIENTED_EDGE('',*,*,#6095,.T.);
#6864 = ORIENTED_EDGE('',*,*,#5917,.F.);
#6865 = ORIENTED_EDGE('',*,*,#5792,.T.);
#6866 = FACE_BOUND('',#6867,.T.);
#6867 = EDGE_LOOP('',(#6868,#6869,#6870,#6871,#6872,#6873,#6874,#6875));
#6868 = ORIENTED_EDGE('',*,*,#6225,.T.);
#6869 = ORIENTED_EDGE('',*,*,#6792,.T.);
#6870 = ORIENTED_EDGE('',*,*,#6735,.T.);
#6871 = ORIENTED_EDGE('',*,*,#6664,.T.);
#6872 = ORIENTED_EDGE('',*,*,#6578,.T.);
#6873 = ORIENTED_EDGE('',*,*,#6473,.F.);
#6874 = ORIENTED_EDGE('',*,*,#6416,.T.);
#6875 = ORIENTED_EDGE('',*,*,#6311,.F.);
#6876 = ( GEOMETRIC_REPRESENTATION_CONTEXT(3) 
GLOBAL_UNCERTAINTY_ASSIGNED_CONTEXT((#6880)) 
GLOBAL_UNIT_ASSIGNED_CONTEXT((#6877,#6878,#6879)) REPRESENTATION_CONTEXT
('Context #1','3D Context with UNIT and UNCERTAINTY') );
#6877 = ( LENGTH_UNIT() NAMED_UNIT(*) SI_UNIT(.MILLI.,.METRE.) );
#6878 = ( NAMED_UNIT(*) PLANE_ANGLE_UNIT() SI_UNIT($,.RADIAN.) );
#6879 = ( NAMED_UNIT(*) SI_UNIT($,.STERADIAN.) SOLID_ANGLE_UNIT() );
#6880 = UNCERTAINTY_MEASURE_WITH_UNIT(LENGTH_MEASURE(1.E-07),#6877,
  'distance_accuracy_value','confusion accuracy');
#6881 = CONTEXT_DEPENDENT_SHAPE_REPRESENTATION(#6882,#6884);
#6882 = ( REPRESENTATION_RELATIONSHIP('','',#5557,#10) 
REPRESENTATION_RELATIONSHIP_WITH_TRANSFORMATION(#6883) 
SHAPE_REPRESENTATION_RELATIONSHIP() );
#6883 = ITEM_DEFINED_TRANSFORMATION('','',#11,#31);
#6884 = PRODUCT_DEFINITION_SHAPE('Placement','Placement of an item',
  #6885);
#6885 = NEXT_ASSEMBLY_USAGE_OCCURRENCE('5','=>[0:1:1:3]','',#5,#5552,$);
#6886 = PRODUCT_RELATED_PRODUCT_CATEGORY('part',$,(#5554));
#6887 = SHAPE_DEFINITION_REPRESENTATION(#6888,#6894);
#6888 = PRODUCT_DEFINITION_SHAPE('','',#6889);
#6889 = PRODUCT_DEFINITION('design','',#6890,#6893);
#6890 = PRODUCT_DEFINITION_FORMATION('','',#6891);
#6891 = PRODUCT('COMPOUND','COMPOUND','',(#6892));
#6892 = PRODUCT_CONTEXT('',#2,'mechanical');
#6893 = PRODUCT_DEFINITION_CONTEXT('part definition',#2,'design');
#6894 = ADVANCED_BREP_SHAPE_REPRESENTATION('',(#11,#6895),#7225);
#6895 = MANIFOLD_SOLID_BREP('',#6896);
#6896 = CLOSED_SHELL('',(#6897,#7017,#7093,#7164,#7211,#7218));
#6897 = ADVANCED_FACE('',(#6898),#6912,.T.);
#6898 = FACE_BOUND('',#6899,.T.);
#6899 = EDGE_LOOP('',(#6900,#6935,#6963,#6991));
#6900 = ORIENTED_EDGE('',*,*,#6901,.T.);
#6901 = EDGE_CURVE('',#6902,#6904,#6906,.T.);
#6902 = VERTEX_POINT('',#6903);
#6903 = CARTESIAN_POINT('',(-59.45,-59.45,0.));
#6904 = VERTEX_POINT('',#6905);
#6905 = CARTESIAN_POINT('',(-59.45,-59.45,6.35));
#6906 = SURFACE_CURVE('',#6907,(#6911,#6923),.PCURVE_S1.);
#6907 = LINE('',#6908,#6909);
#6908 = CARTESIAN_POINT('',(-59.45,-59.45,0.));
#6909 = VECTOR('',#6910,1.);
#6910 = DIRECTION('',(0.,0.,1.));
#6911 = PCURVE('',#6912,#6917);
#6912 = PLANE('',#6913);
#6913 = AXIS2_PLACEMENT_3D('',#6914,#6915,#6916);
#6914 = CARTESIAN_POINT('',(-59.45,-59.45,0.));
#6915 = DIRECTION('',(-1.,-0.,0.));
#6916 = DIRECTION('',(-0.,1.,0.));
#6917 = DEFINITIONAL_REPRESENTATION('',(#6918),#6922);
#6918 = LINE('',#6919,#6920);
#6919 = CARTESIAN_POINT('',(0.,0.));
#6920 = VECTOR('',#6921,1.);
#6921 = DIRECTION('',(0.,-1.));
#6922 = ( GEOMETRIC_REPRESENTATION_CONTEXT(2) 
PARAMETRIC_REPRESENTATION_CONTEXT() REPRESENTATION_CONTEXT('2D SPACE',''
  ) );
#6923 = PCURVE('',#6924,#6929);
#6924 = PLANE('',#6925);
#6925 = AXIS2_PLACEMENT_3D('',#6926,#6927,#6928);
#6926 = CARTESIAN_POINT('',(-59.45,-59.45,0.));
#6927 = DIRECTION('',(-0.,1.,0.));
#6928 = DIRECTION('',(1.,0.,-0.));
#6929 = DEFINITIONAL_REPRESENTATION('',(#6930),#6934);
#6930 = LINE('',#6931,#6932);
#6931 = CARTESIAN_POINT('',(0.,0.));
#6932 = VECTOR('',#6933,1.);
#6933 = DIRECTION('',(0.,-1.));
#6934 = ( GEOMETRIC_REPRESENTATION_CONTEXT(2) 
PARAMETRIC_REPRESENTATION_CONTEXT() REPRESENTATION_CONTEXT('2D SPACE',''
  ) );
#6935 = ORIENTED_EDGE('',*,*,#6936,.T.);
#6936 = EDGE_CURVE('',#6904,#6937,#6939,.T.);
#6937 = VERTEX_POINT('',#6938);
#6938 = CARTESIAN_POINT('',(-59.45,59.45,6.35));
#6939 = SURFACE_CURVE('',#6940,(#6944,#6951),.PCURVE_S1.);
#6940 = LINE('',#6941,#6942);
#6941 = CARTESIAN_POINT('',(-59.45,0.,6.35));
#6942 = VECTOR('',#6943,1.);
#6943 = DIRECTION('',(-0.,1.,0.));
#6944 = PCURVE('',#6912,#6945);
#6945 = DEFINITIONAL_REPRESENTATION('',(#6946),#6950);
#6946 = LINE('',#6947,#6948);
#6947 = CARTESIAN_POINT('',(59.45,-6.35));
#6948 = VECTOR('',#6949,1.);
#6949 = DIRECTION('',(1.,0.));
#6950 = ( GEOMETRIC_REPRESENTATION_CONTEXT(2) 
PARAMETRIC_REPRESENTATION_CONTEXT() REPRESENTATION_CONTEXT('2D SPACE',''
  ) );
#6951 = PCURVE('',#6952,#6957);
#6952 = PLANE('',#6953);
#6953 = AXIS2_PLACEMENT_3D('',#6954,#6955,#6956);
#6954 = CARTESIAN_POINT('',(0.,0.,6.35));
#6955 = DIRECTION('',(0.,0.,1.));
#6956 = DIRECTION('',(1.,0.,-0.));
#6957 = DEFINITIONAL_REPRESENTATION('',(#6958),#6962);
#6958 = LINE('',#6959,#6960);
#6959 = CARTESIAN_POINT('',(-59.45,0.));
#6960 = VECTOR('',#6961,1.);
#6961 = DIRECTION('',(0.,1.));
#6962 = ( GEOMETRIC_REPRESENTATION_CONTEXT(2) 
PARAMETRIC_REPRESENTATION_CONTEXT() REPRESENTATION_CONTEXT('2D SPACE',''
  ) );
#6963 = ORIENTED_EDGE('',*,*,#6964,.F.);
#6964 = EDGE_CURVE('',#6965,#6937,#6967,.T.);
#6965 = VERTEX_POINT('',#6966);
#6966 = CARTESIAN_POINT('',(-59.45,59.45,0.));
#6967 = SURFACE_CURVE('',#6968,(#6972,#6979),.PCURVE_S1.);
#6968 = LINE('',#6969,#6970);
#6969 = CARTESIAN_POINT('',(-59.45,59.45,0.));
#6970 = VECTOR('',#6971,1.);
#6971 = DIRECTION('',(0.,0.,1.));
#6972 = PCURVE('',#6912,#6973);
#6973 = DEFINITIONAL_REPRESENTATION('',(#6974),#6978);
#6974 = LINE('',#6975,#6976);
#6975 = CARTESIAN_POINT('',(118.9,0.));
#6976 = VECTOR('',#6977,1.);
#6977 = DIRECTION('',(0.,-1.));
#6978 = ( GEOMETRIC_REPRESENTATION_CONTEXT(2) 
PARAMETRIC_REPRESENTATION_CONTEXT() REPRESENTATION_CONTEXT('2D SPACE',''
  ) );
#6979 = PCURVE('',#6980,#6985);
#6980 = PLANE('',#6981);
#6981 = AXIS2_PLACEMENT_3D('',#6982,#6983,#6984);
#6982 = CARTESIAN_POINT('',(-59.45,59.45,0.));
#6983 = DIRECTION('',(-0.,1.,0.));
#6984 = DIRECTION('',(1.,0.,-0.));
#6985 = DEFINITIONAL_REPRESENTATION('',(#6986),#6990);
#6986 = LINE('',#6987,#6988);
#6987 = CARTESIAN_POINT('',(0.,0.));
#6988 = VECTOR('',#6989,1.);
#6989 = DIRECTION('',(0.,-1.));
#6990 = ( GEOMETRIC_REPRESENTATION_CONTEXT(2) 
PARAMETRIC_REPRESENTATION_CONTEXT() REPRESENTATION_CONTEXT('2D SPACE',''
  ) );
#6991 = ORIENTED_EDGE('',*,*,#6992,.F.);
#6992 = EDGE_CURVE('',#6902,#6965,#6993,.T.);
#6993 = SURFACE_CURVE('',#6994,(#6998,#7005),.PCURVE_S1.);
#6994 = LINE('',#6995,#6996);
#6995 = CARTESIAN_POINT('',(-59.45,0.,0.));
#6996 = VECTOR('',#6997,1.);
#6997 = DIRECTION('',(-0.,1.,0.));
#6998 = PCURVE('',#6912,#6999);
#6999 = DEFINITIONAL_REPRESENTATION('',(#7000),#7004);
#7000 = LINE('',#7001,#7002);
#7001 = CARTESIAN_POINT('',(59.45,0.));
#7002 = VECTOR('',#7003,1.);
#7003 = DIRECTION('',(1.,0.));
#7004 = ( GEOMETRIC_REPRESENTATION_CONTEXT(2) 
PARAMETRIC_REPRESENTATION_CONTEXT() REPRESENTATION_CONTEXT('2D SPACE',''
  ) );
#7005 = PCURVE('',#7006,#7011);
#7006 = PLANE('',#7007);
#7007 = AXIS2_PLACEMENT_3D('',#7008,#7009,#7010);
#7008 = CARTESIAN_POINT('',(0.,0.,0.));
#7009 = DIRECTION('',(0.,0.,1.));
#7010 = DIRECTION('',(1.,0.,-0.));
#7011 = DEFINITIONAL_REPRESENTATION('',(#7012),#7016);
#7012 = LINE('',#7013,#7014);
#7013 = CARTESIAN_POINT('',(-59.45,0.));
#7014 = VECTOR('',#7015,1.);
#7015 = DIRECTION('',(0.,1.));
#7016 = ( GEOMETRIC_REPRESENTATION_CONTEXT(2) 
PARAMETRIC_REPRESENTATION_CONTEXT() REPRESENTATION_CONTEXT('2D SPACE',''
  ) );
#7017 = ADVANCED_FACE('',(#7018),#6924,.F.);
#7018 = FACE_BOUND('',#7019,.F.);
#7019 = EDGE_LOOP('',(#7020,#7021,#7044,#7072));
#7020 = ORIENTED_EDGE('',*,*,#6901,.T.);
#7021 = ORIENTED_EDGE('',*,*,#7022,.T.);
#7022 = EDGE_CURVE('',#6904,#7023,#7025,.T.);
#7023 = VERTEX_POINT('',#7024);
#7024 = CARTESIAN_POINT('',(59.45,-59.45,6.35));
#7025 = SURFACE_CURVE('',#7026,(#7030,#7037),.PCURVE_S1.);
#7026 = LINE('',#7027,#7028);
#7027 = CARTESIAN_POINT('',(0.,-59.45,6.35));
#7028 = VECTOR('',#7029,1.);
#7029 = DIRECTION('',(1.,0.,-0.));
#7030 = PCURVE('',#6924,#7031);
#7031 = DEFINITIONAL_REPRESENTATION('',(#7032),#7036);
#7032 = LINE('',#7033,#7034);
#7033 = CARTESIAN_POINT('',(59.45,-6.35));
#7034 = VECTOR('',#7035,1.);
#7035 = DIRECTION('',(1.,0.));
#7036 = ( GEOMETRIC_REPRESENTATION_CONTEXT(2) 
PARAMETRIC_REPRESENTATION_CONTEXT() REPRESENTATION_CONTEXT('2D SPACE',''
  ) );
#7037 = PCURVE('',#6952,#7038);
#7038 = DEFINITIONAL_REPRESENTATION('',(#7039),#7043);
#7039 = LINE('',#7040,#7041);
#7040 = CARTESIAN_POINT('',(0.,-59.45));
#7041 = VECTOR('',#7042,1.);
#7042 = DIRECTION('',(1.,0.));
#7043 = ( GEOMETRIC_REPRESENTATION_CONTEXT(2) 
PARAMETRIC_REPRESENTATION_CONTEXT() REPRESENTATION_CONTEXT('2D SPACE',''
  ) );
#7044 = ORIENTED_EDGE('',*,*,#7045,.F.);
#7045 = EDGE_CURVE('',#7046,#7023,#7048,.T.);
#7046 = VERTEX_POINT('',#7047);
#7047 = CARTESIAN_POINT('',(59.45,-59.45,0.));
#7048 = SURFACE_CURVE('',#7049,(#7053,#7060),.PCURVE_S1.);
#7049 = LINE('',#7050,#7051);
#7050 = CARTESIAN_POINT('',(59.45,-59.45,0.));
#7051 = VECTOR('',#7052,1.);
#7052 = DIRECTION('',(0.,0.,1.));
#7053 = PCURVE('',#6924,#7054);
#7054 = DEFINITIONAL_REPRESENTATION('',(#7055),#7059);
#7055 = LINE('',#7056,#7057);
#7056 = CARTESIAN_POINT('',(118.9,0.));
#7057 = VECTOR('',#7058,1.);
#7058 = DIRECTION('',(0.,-1.));
#7059 = ( GEOMETRIC_REPRESENTATION_CONTEXT(2) 
PARAMETRIC_REPRESENTATION_CONTEXT() REPRESENTATION_CONTEXT('2D SPACE',''
  ) );
#7060 = PCURVE('',#7061,#7066);
#7061 = PLANE('',#7062);
#7062 = AXIS2_PLACEMENT_3D('',#7063,#7064,#7065);
#7063 = CARTESIAN_POINT('',(59.45,-59.45,0.));
#7064 = DIRECTION('',(-1.,-0.,0.));
#7065 = DIRECTION('',(-0.,1.,0.));
#7066 = DEFINITIONAL_REPRESENTATION('',(#7067),#7071);
#7067 = LINE('',#7068,#7069);
#7068 = CARTESIAN_POINT('',(0.,0.));
#7069 = VECTOR('',#7070,1.);
#7070 = DIRECTION('',(0.,-1.));
#7071 = ( GEOMETRIC_REPRESENTATION_CONTEXT(2) 
PARAMETRIC_REPRESENTATION_CONTEXT() REPRESENTATION_CONTEXT('2D SPACE',''
  ) );
#7072 = ORIENTED_EDGE('',*,*,#7073,.F.);
#7073 = EDGE_CURVE('',#6902,#7046,#7074,.T.);
#7074 = SURFACE_CURVE('',#7075,(#7079,#7086),.PCURVE_S1.);
#7075 = LINE('',#7076,#7077);
#7076 = CARTESIAN_POINT('',(0.,-59.45,0.));
#7077 = VECTOR('',#7078,1.);
#7078 = DIRECTION('',(1.,0.,-0.));
#7079 = PCURVE('',#6924,#7080);
#7080 = DEFINITIONAL_REPRESENTATION('',(#7081),#7085);
#7081 = LINE('',#7082,#7083);
#7082 = CARTESIAN_POINT('',(59.45,0.));
#7083 = VECTOR('',#7084,1.);
#7084 = DIRECTION('',(1.,0.));
#7085 = ( GEOMETRIC_REPRESENTATION_CONTEXT(2) 
PARAMETRIC_REPRESENTATION_CONTEXT() REPRESENTATION_CONTEXT('2D SPACE',''
  ) );
#7086 = PCURVE('',#7006,#7087);
#7087 = DEFINITIONAL_REPRESENTATION('',(#7088),#7092);
#7088 = LINE('',#7089,#7090);
#7089 = CARTESIAN_POINT('',(0.,-59.45));
#7090 = VECTOR('',#7091,1.);
#7091 = DIRECTION('',(1.,0.));
#7092 = ( GEOMETRIC_REPRESENTATION_CONTEXT(2) 
PARAMETRIC_REPRESENTATION_CONTEXT() REPRESENTATION_CONTEXT('2D SPACE',''
  ) );
#7093 = ADVANCED_FACE('',(#7094),#7061,.F.);
#7094 = FACE_BOUND('',#7095,.F.);
#7095 = EDGE_LOOP('',(#7096,#7097,#7120,#7143));
#7096 = ORIENTED_EDGE('',*,*,#7045,.T.);
#7097 = ORIENTED_EDGE('',*,*,#7098,.T.);
#7098 = EDGE_CURVE('',#7023,#7099,#7101,.T.);
#7099 = VERTEX_POINT('',#7100);
#7100 = CARTESIAN_POINT('',(59.45,59.45,6.35));
#7101 = SURFACE_CURVE('',#7102,(#7106,#7113),.PCURVE_S1.);
#7102 = LINE('',#7103,#7104);
#7103 = CARTESIAN_POINT('',(59.45,0.,6.35));
#7104 = VECTOR('',#7105,1.);
#7105 = DIRECTION('',(-0.,1.,0.));
#7106 = PCURVE('',#7061,#7107);
#7107 = DEFINITIONAL_REPRESENTATION('',(#7108),#7112);
#7108 = LINE('',#7109,#7110);
#7109 = CARTESIAN_POINT('',(59.45,-6.35));
#7110 = VECTOR('',#7111,1.);
#7111 = DIRECTION('',(1.,0.));
#7112 = ( GEOMETRIC_REPRESENTATION_CONTEXT(2) 
PARAMETRIC_REPRESENTATION_CONTEXT() REPRESENTATION_CONTEXT('2D SPACE',''
  ) );
#7113 = PCURVE('',#6952,#7114);
#7114 = DEFINITIONAL_REPRESENTATION('',(#7115),#7119);
#7115 = LINE('',#7116,#7117);
#7116 = CARTESIAN_POINT('',(59.45,0.));
#7117 = VECTOR('',#7118,1.);
#7118 = DIRECTION('',(0.,1.));
#7119 = ( GEOMETRIC_REPRESENTATION_CONTEXT(2) 
PARAMETRIC_REPRESENTATION_CONTEXT() REPRESENTATION_CONTEXT('2D SPACE',''
  ) );
#7120 = ORIENTED_EDGE('',*,*,#7121,.F.);
#7121 = EDGE_CURVE('',#7122,#7099,#7124,.T.);
#7122 = VERTEX_POINT('',#7123);
#7123 = CARTESIAN_POINT('',(59.45,59.45,0.));
#7124 = SURFACE_CURVE('',#7125,(#7129,#7136),.PCURVE_S1.);
#7125 = LINE('',#7126,#7127);
#7126 = CARTESIAN_POINT('',(59.45,59.45,0.));
#7127 = VECTOR('',#7128,1.);
#7128 = DIRECTION('',(0.,0.,1.));
#7129 = PCURVE('',#7061,#7130);
#7130 = DEFINITIONAL_REPRESENTATION('',(#7131),#7135);
#7131 = LINE('',#7132,#7133);
#7132 = CARTESIAN_POINT('',(118.9,0.));
#7133 = VECTOR('',#7134,1.);
#7134 = DIRECTION('',(0.,-1.));
#7135 = ( GEOMETRIC_REPRESENTATION_CONTEXT(2) 
PARAMETRIC_REPRESENTATION_CONTEXT() REPRESENTATION_CONTEXT('2D SPACE',''
  ) );
#7136 = PCURVE('',#6980,#7137);
#7137 = DEFINITIONAL_REPRESENTATION('',(#7138),#7142);
#7138 = LINE('',#7139,#7140);
#7139 = CARTESIAN_POINT('',(118.9,0.));
#7140 = VECTOR('',#7141,1.);
#7141 = DIRECTION('',(0.,-1.));
#7142 = ( GEOMETRIC_REPRESENTATION_CONTEXT(2) 
PARAMETRIC_REPRESENTATION_CONTEXT() REPRESENTATION_CONTEXT('2D SPACE',''
  ) );
#7143 = ORIENTED_EDGE('',*,*,#7144,.F.);
#7144 = EDGE_CURVE('',#7046,#7122,#7145,.T.);
#7145 = SURFACE_CURVE('',#7146,(#7150,#7157),.PCURVE_S1.);
#7146 = LINE('',#7147,#7148);
#7147 = CARTESIAN_POINT('',(59.45,0.,0.));
#7148 = VECTOR('',#7149,1.);
#7149 = DIRECTION('',(-0.,1.,0.));
#7150 = PCURVE('',#7061,#7151);
#7151 = DEFINITIONAL_REPRESENTATION('',(#7152),#7156);
#7152 = LINE('',#7153,#7154);
#7153 = CARTESIAN_POINT('',(59.45,0.));
#7154 = VECTOR('',#7155,1.);
#7155 = DIRECTION('',(1.,0.));
#7156 = ( GEOMETRIC_REPRESENTATION_CONTEXT(2) 
PARAMETRIC_REPRESENTATION_CONTEXT() REPRESENTATION_CONTEXT('2D SPACE',''
  ) );
#7157 = PCURVE('',#7006,#7158);
#7158 = DEFINITIONAL_REPRESENTATION('',(#7159),#7163);
#7159 = LINE('',#7160,#7161);
#7160 = CARTESIAN_POINT('',(59.45,0.));
#7161 = VECTOR('',#7162,1.);
#7162 = DIRECTION('',(0.,1.));
#7163 = ( GEOMETRIC_REPRESENTATION_CONTEXT(2) 
PARAMETRIC_REPRESENTATION_CONTEXT() REPRESENTATION_CONTEXT('2D SPACE',''
  ) );
#7164 = ADVANCED_FACE('',(#7165),#6980,.T.);
#7165 = FACE_BOUND('',#7166,.T.);
#7166 = EDGE_LOOP('',(#7167,#7168,#7189,#7190));
#7167 = ORIENTED_EDGE('',*,*,#6964,.T.);
#7168 = ORIENTED_EDGE('',*,*,#7169,.T.);
#7169 = EDGE_CURVE('',#6937,#7099,#7170,.T.);
#7170 = SURFACE_CURVE('',#7171,(#7175,#7182),.PCURVE_S1.);
#7171 = LINE('',#7172,#7173);
#7172 = CARTESIAN_POINT('',(0.,59.45,6.35));
#7173 = VECTOR('',#7174,1.);
#7174 = DIRECTION('',(1.,0.,-0.));
#7175 = PCURVE('',#6980,#7176);
#7176 = DEFINITIONAL_REPRESENTATION('',(#7177),#7181);
#7177 = LINE('',#7178,#7179);
#7178 = CARTESIAN_POINT('',(59.45,-6.35));
#7179 = VECTOR('',#7180,1.);
#7180 = DIRECTION('',(1.,0.));
#7181 = ( GEOMETRIC_REPRESENTATION_CONTEXT(2) 
PARAMETRIC_REPRESENTATION_CONTEXT() REPRESENTATION_CONTEXT('2D SPACE',''
  ) );
#7182 = PCURVE('',#6952,#7183);
#7183 = DEFINITIONAL_REPRESENTATION('',(#7184),#7188);
#7184 = LINE('',#7185,#7186);
#7185 = CARTESIAN_POINT('',(0.,59.45));
#7186 = VECTOR('',#7187,1.);
#7187 = DIRECTION('',(1.,0.));
#7188 = ( GEOMETRIC_REPRESENTATION_CONTEXT(2) 
PARAMETRIC_REPRESENTATION_CONTEXT() REPRESENTATION_CONTEXT('2D SPACE',''
  ) );
#7189 = ORIENTED_EDGE('',*,*,#7121,.F.);
#7190 = ORIENTED_EDGE('',*,*,#7191,.F.);
#7191 = EDGE_CURVE('',#6965,#7122,#7192,.T.);
#7192 = SURFACE_CURVE('',#7193,(#7197,#7204),.PCURVE_S1.);
#7193 = LINE('',#7194,#7195);
#7194 = CARTESIAN_POINT('',(0.,59.45,0.));
#7195 = VECTOR('',#7196,1.);
#7196 = DIRECTION('',(1.,0.,-0.));
#7197 = PCURVE('',#6980,#7198);
#7198 = DEFINITIONAL_REPRESENTATION('',(#7199),#7203);
#7199 = LINE('',#7200,#7201);
#7200 = CARTESIAN_POINT('',(59.45,0.));
#7201 = VECTOR('',#7202,1.);
#7202 = DIRECTION('',(1.,0.));
#7203 = ( GEOMETRIC_REPRESENTATION_CONTEXT(2) 
PARAMETRIC_REPRESENTATION_CONTEXT() REPRESENTATION_CONTEXT('2D SPACE',''
  ) );
#7204 = PCURVE('',#7006,#7205);
#7205 = DEFINITIONAL_REPRESENTATION('',(#7206),#7210);
#7206 = LINE('',#7207,#7208);
#7207 = CARTESIAN_POINT('',(0.,59.45));
#7208 = VECTOR('',#7209,1.);
#7209 = DIRECTION('',(1.,0.));
#7210 = ( GEOMETRIC_REPRESENTATION_CONTEXT(2) 
PARAMETRIC_REPRESENTATION_CONTEXT() REPRESENTATION_CONTEXT('2D SPACE',''
  ) );
#7211 = ADVANCED_FACE('',(#7212),#7006,.F.);
#7212 = FACE_BOUND('',#7213,.F.);
#7213 = EDGE_LOOP('',(#7214,#7215,#7216,#7217));
#7214 = ORIENTED_EDGE('',*,*,#6992,.F.);
#7215 = ORIENTED_EDGE('',*,*,#7073,.T.);
#7216 = ORIENTED_EDGE('',*,*,#7144,.T.);
#7217 = ORIENTED_EDGE('',*,*,#7191,.F.);
#7218 = ADVANCED_FACE('',(#7219),#6952,.T.);
#7219 = FACE_BOUND('',#7220,.T.);
#7220 = EDGE_LOOP('',(#7221,#7222,#7223,#7224));
#7221 = ORIENTED_EDGE('',*,*,#6936,.F.);
#7222 = ORIENTED_EDGE('',*,*,#7022,.T.);
#7223 = ORIENTED_EDGE('',*,*,#7098,.T.);
#7224 = ORIENTED_EDGE('',*,*,#7169,.F.);
#7225 = ( GEOMETRIC_REPRESENTATION_CONTEXT(3) 
GLOBAL_UNCERTAINTY_ASSIGNED_CONTEXT((#7229)) 
GLOBAL_UNIT_ASSIGNED_CONTEXT((#7226,#7227,#7228)) REPRESENTATION_CONTEXT
('Context #1','3D Context with UNIT and UNCERTAINTY') );
#7226 = ( LENGTH_UNIT() NAMED_UNIT(*) SI_UNIT(.MILLI.,.METRE.) );
#7227 = ( NAMED_UNIT(*) PLANE_ANGLE_UNIT() SI_UNIT($,.RADIAN.) );
#7228 = ( NAMED_UNIT(*) SI_UNIT($,.STERADIAN.) SOLID_ANGLE_UNIT() );
#7229 = UNCERTAINTY_MEASURE_WITH_UNIT(LENGTH_MEASURE(1.E-07),#7226,
  'distance_accuracy_value','confusion accuracy');
#7230 = CONTEXT_DEPENDENT_SHAPE_REPRESENTATION(#7231,#7233);
#7231 = ( REPRESENTATION_RELATIONSHIP('','',#6894,#10) 
REPRESENTATION_RELATIONSHIP_WITH_TRANSFORMATION(#7232) 
SHAPE_REPRESENTATION_RELATIONSHIP() );
#7232 = ITEM_DEFINED_TRANSFORMATION('','',#11,#35);
#7233 = PRODUCT_DEFINITION_SHAPE('Placement','Placement of an item',
  #7234);
#7234 = NEXT_ASSEMBLY_USAGE_OCCURRENCE('6','=>[0:1:1:4]','',#5,#6889,$);
#7235 = PRODUCT_RELATED_PRODUCT_CATEGORY('part',$,(#6891));
ENDSEC;
END-ISO-10303-21;
