ISO-10303-21;
HEADER;
FILE_DESCRIPTION(('Open CASCADE Model'),'2;1');
FILE_NAME('Open CASCADE Shape Model','2026-10-08T02:18:29',('Author'),(
    'Open CASCADE'),'Open CASCADE STEP processor 8.0','build123d',
  'Unknown');
FILE_SCHEMA(('AUTOMOTIVE_DESIGN { 1 0 10303 214 1 1 1 1 }'));
ENDSEC;
DATA;
#1 = APPLICATION_PROTOCOL_DEFINITION('international standard',
  'automotive_design',2000,#2);
#2 = APPLICATION_CONTEXT(
  'core data for automotive mechanical design processes');
#3 = SHAPE_DEFINITION_REPRESENTATION(#4,#10);
#4 = PRODUCT_DEFINITION_SHAPE('','',#5);
#5 = PRODUCT_DEFINITION('design','',#6,#9);
#6 = PRODUCT_DEFINITION_FORMATION('','',#7);
#7 = PRODUCT('SOLID','SOLID','',(#8));
#8 = PRODUCT_CONTEXT('',#2,'mechanical');
#9 = PRODUCT_DEFINITION_CONTEXT('part definition',#2,'design');
#10 = ADVANCED_BREP_SHAPE_REPRESENTATION('',(#11,#15),#5486);
#11 = AXIS2_PLACEMENT_3D('',#12,#13,#14);
#12 = CARTESIAN_POINT('',(0.,0.,0.));
#13 = DIRECTION('',(0.,0.,1.));
#14 = DIRECTION('',(1.,0.,-0.));
#15 = MANIFOLD_SOLID_BREP('',#16);
#16 = CLOSED_SHELL('',(#17,#408,#622,#678,#726,#779,#835,#883,#936,#992,
    #1040,#1093,#1280,#1329,#1378,#1405,#1644,#1700,#1792,#1884,#1976,
    #2068,#2096,#2129,#2162,#2249,#2341,#2433,#2525,#2581,#2629,#2682,
    #2738,#2786,#2839,#2890,#2918,#2946,#3005,#3053,#3107,#3166,#3214,
    #3268,#3327,#3375,#3429,#3488,#3536,#3567,#3662,#3721,#3769,#3823,
    #3882,#3930,#3984,#4043,#4091,#4145,#4204,#4252,#4304,#4311,#4344,
    #4376,#4408,#4440,#4467,#4523,#4571,#4622,#4629,#4661,#4693,#4725,
    #4810,#4866,#4958,#5050,#5078,#5155,#5232,#5283,#5311,#5339,#5367,
    #5395,#5423,#5451,#5479));
#17 = ADVANCED_FACE('',(#18),#32,.F.);
#18 = FACE_BOUND('',#19,.F.);
#19 = EDGE_LOOP('',(#20,#55,#83,#111,#139,#167,#193,#222,#248,#274,#303,
    #329,#355,#384));
#20 = ORIENTED_EDGE('',*,*,#21,.T.);
#21 = EDGE_CURVE('',#22,#24,#26,.T.);
#22 = VERTEX_POINT('',#23);
#23 = CARTESIAN_POINT('',(19.3676547367,-19.3676547367,0.));
#24 = VERTEX_POINT('',#25);
#25 = CARTESIAN_POINT('',(35.39,-35.39,0.));
#26 = SURFACE_CURVE('',#27,(#31,#43),.PCURVE_S1.);
#27 = LINE('',#28,#29);
#28 = CARTESIAN_POINT('',(0.,0.,0.));
#29 = VECTOR('',#30,1.);
#30 = DIRECTION('',(0.707106781187,-0.707106781187,0.));
#31 = PCURVE('',#32,#37);
#32 = PLANE('',#33);
#33 = AXIS2_PLACEMENT_3D('',#34,#35,#36);
#34 = CARTESIAN_POINT('',(0.,0.,0.));
#35 = DIRECTION('',(0.,0.,1.));
#36 = DIRECTION('',(1.,0.,-0.));
#37 = DEFINITIONAL_REPRESENTATION('',(#38),#42);
#38 = LINE('',#39,#40);
#39 = CARTESIAN_POINT('',(0.,0.));
#40 = VECTOR('',#41,1.);
#41 = DIRECTION('',(0.707106781187,-0.707106781187));
#42 = ( GEOMETRIC_REPRESENTATION_CONTEXT(2) 
PARAMETRIC_REPRESENTATION_CONTEXT() REPRESENTATION_CONTEXT('2D SPACE',''
  ) );
#43 = PCURVE('',#44,#49);
#44 = PLANE('',#45);
#45 = AXIS2_PLACEMENT_3D('',#46,#47,#48);
#46 = CARTESIAN_POINT('',(0.,0.,0.));
#47 = DIRECTION('',(0.707106781187,0.707106781187,-0.));
#48 = DIRECTION('',(0.707106781187,-0.707106781187,0.));
#49 = DEFINITIONAL_REPRESENTATION('',(#50),#54);
#50 = LINE('',#51,#52);
#51 = CARTESIAN_POINT('',(0.,0.));
#52 = VECTOR('',#53,1.);
#53 = DIRECTION('',(1.,0.));
#54 = ( GEOMETRIC_REPRESENTATION_CONTEXT(2) 
PARAMETRIC_REPRESENTATION_CONTEXT() REPRESENTATION_CONTEXT('2D SPACE',''
  ) );
#55 = ORIENTED_EDGE('',*,*,#56,.T.);
#56 = EDGE_CURVE('',#24,#57,#59,.T.);
#57 = VERTEX_POINT('',#58);
#58 = CARTESIAN_POINT('',(39.39,-31.39,0.));
#59 = SURFACE_CURVE('',#60,(#64,#71),.PCURVE_S1.);
#60 = LINE('',#61,#62);
#61 = CARTESIAN_POINT('',(35.39,-35.39,0.));
#62 = VECTOR('',#63,1.);
#63 = DIRECTION('',(0.707106781187,0.707106781187,0.));
#64 = PCURVE('',#32,#65);
#65 = DEFINITIONAL_REPRESENTATION('',(#66),#70);
#66 = LINE('',#67,#68);
#67 = CARTESIAN_POINT('',(35.39,-35.39));
#68 = VECTOR('',#69,1.);
#69 = DIRECTION('',(0.707106781187,0.707106781187));
#70 = ( GEOMETRIC_REPRESENTATION_CONTEXT(2) 
PARAMETRIC_REPRESENTATION_CONTEXT() REPRESENTATION_CONTEXT('2D SPACE',''
  ) );
#71 = PCURVE('',#72,#77);
#72 = PLANE('',#73);
#73 = AXIS2_PLACEMENT_3D('',#74,#75,#76);
#74 = CARTESIAN_POINT('',(31.39,-39.39,0.));
#75 = DIRECTION('',(-0.707106781187,0.707106781187,0.));
#76 = DIRECTION('',(0.707106781187,0.707106781187,0.));
#77 = DEFINITIONAL_REPRESENTATION('',(#78),#82);
#78 = LINE('',#79,#80);
#79 = CARTESIAN_POINT('',(5.656854249492,0.));
#80 = VECTOR('',#81,1.);
#81 = DIRECTION('',(1.,0.));
#82 = ( GEOMETRIC_REPRESENTATION_CONTEXT(2) 
PARAMETRIC_REPRESENTATION_CONTEXT() REPRESENTATION_CONTEXT('2D SPACE',''
  ) );
#83 = ORIENTED_EDGE('',*,*,#84,.T.);
#84 = EDGE_CURVE('',#57,#85,#87,.T.);
#85 = VERTEX_POINT('',#86);
#86 = CARTESIAN_POINT('',(39.39,31.39,0.));
#87 = SURFACE_CURVE('',#88,(#92,#99),.PCURVE_S1.);
#88 = LINE('',#89,#90);
#89 = CARTESIAN_POINT('',(39.39,0.,0.));
#90 = VECTOR('',#91,1.);
#91 = DIRECTION('',(-0.,1.,0.));
#92 = PCURVE('',#32,#93);
#93 = DEFINITIONAL_REPRESENTATION('',(#94),#98);
#94 = LINE('',#95,#96);
#95 = CARTESIAN_POINT('',(39.39,0.));
#96 = VECTOR('',#97,1.);
#97 = DIRECTION('',(0.,1.));
#98 = ( GEOMETRIC_REPRESENTATION_CONTEXT(2) 
PARAMETRIC_REPRESENTATION_CONTEXT() REPRESENTATION_CONTEXT('2D SPACE',''
  ) );
#99 = PCURVE('',#100,#105);
#100 = PLANE('',#101);
#101 = AXIS2_PLACEMENT_3D('',#102,#103,#104);
#102 = CARTESIAN_POINT('',(39.39,-31.39,0.));
#103 = DIRECTION('',(-1.,-0.,0.));
#104 = DIRECTION('',(-0.,1.,0.));
#105 = DEFINITIONAL_REPRESENTATION('',(#106),#110);
#106 = LINE('',#107,#108);
#107 = CARTESIAN_POINT('',(31.39,0.));
#108 = VECTOR('',#109,1.);
#109 = DIRECTION('',(1.,0.));
#110 = ( GEOMETRIC_REPRESENTATION_CONTEXT(2) 
PARAMETRIC_REPRESENTATION_CONTEXT() REPRESENTATION_CONTEXT('2D SPACE',''
  ) );
#111 = ORIENTED_EDGE('',*,*,#112,.T.);
#112 = EDGE_CURVE('',#85,#113,#115,.T.);
#113 = VERTEX_POINT('',#114);
#114 = CARTESIAN_POINT('',(35.39,35.39,0.));
#115 = SURFACE_CURVE('',#116,(#120,#127),.PCURVE_S1.);
#116 = LINE('',#117,#118);
#117 = CARTESIAN_POINT('',(35.39,35.39,0.));
#118 = VECTOR('',#119,1.);
#119 = DIRECTION('',(-0.707106781187,0.707106781187,0.));
#120 = PCURVE('',#32,#121);
#121 = DEFINITIONAL_REPRESENTATION('',(#122),#126);
#122 = LINE('',#123,#124);
#123 = CARTESIAN_POINT('',(35.39,35.39));
#124 = VECTOR('',#125,1.);
#125 = DIRECTION('',(-0.707106781187,0.707106781187));
#126 = ( GEOMETRIC_REPRESENTATION_CONTEXT(2) 
PARAMETRIC_REPRESENTATION_CONTEXT() REPRESENTATION_CONTEXT('2D SPACE',''
  ) );
#127 = PCURVE('',#128,#133);
#128 = PLANE('',#129);
#129 = AXIS2_PLACEMENT_3D('',#130,#131,#132);
#130 = CARTESIAN_POINT('',(39.39,31.39,0.));
#131 = DIRECTION('',(-0.707106781187,-0.707106781187,0.));
#132 = DIRECTION('',(-0.707106781187,0.707106781187,0.));
#133 = DEFINITIONAL_REPRESENTATION('',(#134),#138);
#134 = LINE('',#135,#136);
#135 = CARTESIAN_POINT('',(5.656854249492,0.));
#136 = VECTOR('',#137,1.);
#137 = DIRECTION('',(1.,0.));
#138 = ( GEOMETRIC_REPRESENTATION_CONTEXT(2) 
PARAMETRIC_REPRESENTATION_CONTEXT() REPRESENTATION_CONTEXT('2D SPACE',''
  ) );
#139 = ORIENTED_EDGE('',*,*,#140,.T.);
#140 = EDGE_CURVE('',#113,#141,#143,.T.);
#141 = VERTEX_POINT('',#142);
#142 = CARTESIAN_POINT('',(19.3676547367,19.3676547367,0.));
#143 = SURFACE_CURVE('',#144,(#148,#155),.PCURVE_S1.);
#144 = LINE('',#145,#146);
#145 = CARTESIAN_POINT('',(78.78,78.78,0.));
#146 = VECTOR('',#147,1.);
#147 = DIRECTION('',(-0.707106781187,-0.707106781187,0.));
#148 = PCURVE('',#32,#149);
#149 = DEFINITIONAL_REPRESENTATION('',(#150),#154);
#150 = LINE('',#151,#152);
#151 = CARTESIAN_POINT('',(78.78,78.78));
#152 = VECTOR('',#153,1.);
#153 = DIRECTION('',(-0.707106781187,-0.707106781187));
#154 = ( GEOMETRIC_REPRESENTATION_CONTEXT(2) 
PARAMETRIC_REPRESENTATION_CONTEXT() REPRESENTATION_CONTEXT('2D SPACE',''
  ) );
#155 = PCURVE('',#156,#161);
#156 = PLANE('',#157);
#157 = AXIS2_PLACEMENT_3D('',#158,#159,#160);
#158 = CARTESIAN_POINT('',(78.78,78.78,0.));
#159 = DIRECTION('',(0.707106781187,-0.707106781187,0.));
#160 = DIRECTION('',(-0.707106781187,-0.707106781187,0.));
#161 = DEFINITIONAL_REPRESENTATION('',(#162),#166);
#162 = LINE('',#163,#164);
#163 = CARTESIAN_POINT('',(0.,0.));
#164 = VECTOR('',#165,1.);
#165 = DIRECTION('',(1.,0.));
#166 = ( GEOMETRIC_REPRESENTATION_CONTEXT(2) 
PARAMETRIC_REPRESENTATION_CONTEXT() REPRESENTATION_CONTEXT('2D SPACE',''
  ) );
#167 = ORIENTED_EDGE('',*,*,#168,.F.);
#168 = EDGE_CURVE('',#169,#141,#171,.T.);
#169 = VERTEX_POINT('',#170);
#170 = CARTESIAN_POINT('',(23.729343926502,18.986056378768,0.));
#171 = SURFACE_CURVE('',#172,(#176,#182),.PCURVE_S1.);
#172 = LINE('',#173,#174);
#173 = CARTESIAN_POINT('',(10.598176404611,20.134884675794,0.));
#174 = VECTOR('',#175,1.);
#175 = DIRECTION('',(-0.996194698092,8.715574274766E-02,0.));
#176 = PCURVE('',#32,#177);
#177 = DEFINITIONAL_REPRESENTATION('',(#178),#181);
#178 = B_SPLINE_CURVE_WITH_KNOTS('',1,(#179,#180),.UNSPECIFIED.,.F.,.F.,
  (2,2),(-13.18132644858,-8.802976314657),.PIECEWISE_BEZIER_KNOTS.);
#179 = CARTESIAN_POINT('',(23.729343926503,18.986056378768));
#180 = CARTESIAN_POINT('',(19.3676547367,19.3676547367));
#181 = ( GEOMETRIC_REPRESENTATION_CONTEXT(2) 
PARAMETRIC_REPRESENTATION_CONTEXT() REPRESENTATION_CONTEXT('2D SPACE',''
  ) );
#182 = PCURVE('',#183,#188);
#183 = PLANE('',#184);
#184 = AXIS2_PLACEMENT_3D('',#185,#186,#187);
#185 = CARTESIAN_POINT('',(19.3676547367,19.3676547367,-1.));
#186 = DIRECTION('',(8.715574274766E-02,0.996194698092,0.));
#187 = DIRECTION('',(0.996194698092,-8.715574274766E-02,0.));
#188 = DEFINITIONAL_REPRESENTATION('',(#189),#192);
#189 = B_SPLINE_CURVE_WITH_KNOTS('',1,(#190,#191),.UNSPECIFIED.,.F.,.F.,
  (2,2),(-13.18132644858,-8.802976314657),.PIECEWISE_BEZIER_KNOTS.);
#190 = CARTESIAN_POINT('',(4.378350133923,-1.));
#191 = CARTESIAN_POINT('',(0.,-1.));
#192 = ( GEOMETRIC_REPRESENTATION_CONTEXT(2) 
PARAMETRIC_REPRESENTATION_CONTEXT() REPRESENTATION_CONTEXT('2D SPACE',''
  ) );
#193 = ORIENTED_EDGE('',*,*,#194,.F.);
#194 = EDGE_CURVE('',#195,#169,#197,.T.);
#195 = VERTEX_POINT('',#196);
#196 = CARTESIAN_POINT('',(28.307079104948,11.057186466105,0.));
#197 = SURFACE_CURVE('',#198,(#203,#210),.PCURVE_S1.);
#198 = CIRCLE('',#199,30.39);
#199 = AXIS2_PLACEMENT_3D('',#200,#201,#202);
#200 = CARTESIAN_POINT('',(0.,0.,0.));
#201 = DIRECTION('',(0.,0.,1.));
#202 = DIRECTION('',(1.,0.,-0.));
#203 = PCURVE('',#32,#204);
#204 = DEFINITIONAL_REPRESENTATION('',(#205),#209);
#205 = CIRCLE('',#206,30.39);
#206 = AXIS2_PLACEMENT_2D('',#207,#208);
#207 = CARTESIAN_POINT('',(0.,0.));
#208 = DIRECTION('',(1.,0.));
#209 = ( GEOMETRIC_REPRESENTATION_CONTEXT(2) 
PARAMETRIC_REPRESENTATION_CONTEXT() REPRESENTATION_CONTEXT('2D SPACE',''
  ) );
#210 = PCURVE('',#211,#216);
#211 = CYLINDRICAL_SURFACE('',#212,30.39);
#212 = AXIS2_PLACEMENT_3D('',#213,#214,#215);
#213 = CARTESIAN_POINT('',(0.,0.,-1.));
#214 = DIRECTION('',(0.,0.,1.));
#215 = DIRECTION('',(1.,0.,-0.));
#216 = DEFINITIONAL_REPRESENTATION('',(#217),#221);
#217 = LINE('',#218,#219);
#218 = CARTESIAN_POINT('',(6.28318530718,1.));
#219 = VECTOR('',#220,1.);
#220 = DIRECTION('',(1.,0.));
#221 = ( GEOMETRIC_REPRESENTATION_CONTEXT(2) 
PARAMETRIC_REPRESENTATION_CONTEXT() REPRESENTATION_CONTEXT('2D SPACE',''
  ) );
#222 = ORIENTED_EDGE('',*,*,#223,.F.);
#223 = EDGE_CURVE('',#224,#195,#226,.T.);
#224 = VERTEX_POINT('',#225);
#225 = CARTESIAN_POINT('',(26.456708382058,7.089053645358,0.));
#226 = SURFACE_CURVE('',#227,(#231,#237),.PCURVE_S1.);
#227 = LINE('',#228,#229);
#228 = CARTESIAN_POINT('',(24.051364432725,1.930776899809,
    1.110223024625E-16));
#229 = VECTOR('',#230,1.);
#230 = DIRECTION('',(0.422618261741,0.906307787037,-0.));
#231 = PCURVE('',#32,#232);
#232 = DEFINITIONAL_REPRESENTATION('',(#233),#236);
#233 = B_SPLINE_CURVE_WITH_KNOTS('',1,(#234,#235),.UNSPECIFIED.,.F.,.F.,
  (2,2),(5.691528660936,10.069878794859),.PIECEWISE_BEZIER_KNOTS.);
#234 = CARTESIAN_POINT('',(26.456708382058,7.089053645358));
#235 = CARTESIAN_POINT('',(28.307079104948,11.057186466105));
#236 = ( GEOMETRIC_REPRESENTATION_CONTEXT(2) 
PARAMETRIC_REPRESENTATION_CONTEXT() REPRESENTATION_CONTEXT('2D SPACE',''
  ) );
#237 = PCURVE('',#238,#243);
#238 = PLANE('',#239);
#239 = AXIS2_PLACEMENT_3D('',#240,#241,#242);
#240 = CARTESIAN_POINT('',(29.086617579883,12.728912120406,-1.));
#241 = DIRECTION('',(0.906307787037,-0.422618261741,0.));
#242 = DIRECTION('',(-0.422618261741,-0.906307787037,0.));
#243 = DEFINITIONAL_REPRESENTATION('',(#244),#247);
#244 = B_SPLINE_CURVE_WITH_KNOTS('',1,(#245,#246),.UNSPECIFIED.,.F.,.F.,
  (2,2),(5.691528660936,10.069878794859),.PIECEWISE_BEZIER_KNOTS.);
#245 = CARTESIAN_POINT('',(6.222895307442,-1.));
#246 = CARTESIAN_POINT('',(1.844545173519,-1.));
#247 = ( GEOMETRIC_REPRESENTATION_CONTEXT(2) 
PARAMETRIC_REPRESENTATION_CONTEXT() REPRESENTATION_CONTEXT('2D SPACE',''
  ) );
#248 = ORIENTED_EDGE('',*,*,#249,.F.);
#249 = EDGE_CURVE('',#250,#224,#252,.T.);
#250 = VERTEX_POINT('',#251);
#251 = CARTESIAN_POINT('',(30.043242844873,4.577735178446,0.));
#252 = SURFACE_CURVE('',#253,(#257,#263),.PCURVE_S1.);
#253 = LINE('',#254,#255);
#254 = CARTESIAN_POINT('',(19.245732338079,12.138233429202,0.));
#255 = VECTOR('',#256,1.);
#256 = DIRECTION('',(-0.819152044289,0.573576436351,0.));
#257 = PCURVE('',#32,#258);
#258 = DEFINITIONAL_REPRESENTATION('',(#259),#262);
#259 = B_SPLINE_CURVE_WITH_KNOTS('',1,(#260,#261),.UNSPECIFIED.,.F.,.F.,
  (2,2),(-13.18132644858,-8.802976314657),.PIECEWISE_BEZIER_KNOTS.);
#260 = CARTESIAN_POINT('',(30.043242844873,4.577735178446));
#261 = CARTESIAN_POINT('',(26.456708382058,7.089053645358));
#262 = ( GEOMETRIC_REPRESENTATION_CONTEXT(2) 
PARAMETRIC_REPRESENTATION_CONTEXT() REPRESENTATION_CONTEXT('2D SPACE',''
  ) );
#263 = PCURVE('',#264,#269);
#264 = PLANE('',#265);
#265 = AXIS2_PLACEMENT_3D('',#266,#267,#268);
#266 = CARTESIAN_POINT('',(26.456708382058,7.089053645358,-1.));
#267 = DIRECTION('',(0.573576436351,0.819152044289,0.));
#268 = DIRECTION('',(0.819152044289,-0.573576436351,0.));
#269 = DEFINITIONAL_REPRESENTATION('',(#270),#273);
#270 = B_SPLINE_CURVE_WITH_KNOTS('',1,(#271,#272),.UNSPECIFIED.,.F.,.F.,
  (2,2),(-13.18132644858,-8.802976314657),.PIECEWISE_BEZIER_KNOTS.);
#271 = CARTESIAN_POINT('',(4.378350133922,-1.));
#272 = CARTESIAN_POINT('',(0.,-1.));
#273 = ( GEOMETRIC_REPRESENTATION_CONTEXT(2) 
PARAMETRIC_REPRESENTATION_CONTEXT() REPRESENTATION_CONTEXT('2D SPACE',''
  ) );
#274 = ORIENTED_EDGE('',*,*,#275,.F.);
#275 = EDGE_CURVE('',#276,#250,#278,.T.);
#276 = VERTEX_POINT('',#277);
#277 = CARTESIAN_POINT('',(30.043242844873,-4.577735178446,0.));
#278 = SURFACE_CURVE('',#279,(#284,#291),.PCURVE_S1.);
#279 = CIRCLE('',#280,30.39);
#280 = AXIS2_PLACEMENT_3D('',#281,#282,#283);
#281 = CARTESIAN_POINT('',(0.,0.,0.));
#282 = DIRECTION('',(0.,0.,1.));
#283 = DIRECTION('',(1.,0.,-0.));
#284 = PCURVE('',#32,#285);
#285 = DEFINITIONAL_REPRESENTATION('',(#286),#290);
#286 = CIRCLE('',#287,30.39);
#287 = AXIS2_PLACEMENT_2D('',#288,#289);
#288 = CARTESIAN_POINT('',(0.,0.));
#289 = DIRECTION('',(1.,0.));
#290 = ( GEOMETRIC_REPRESENTATION_CONTEXT(2) 
PARAMETRIC_REPRESENTATION_CONTEXT() REPRESENTATION_CONTEXT('2D SPACE',''
  ) );
#291 = PCURVE('',#292,#297);
#292 = CYLINDRICAL_SURFACE('',#293,30.39);
#293 = AXIS2_PLACEMENT_3D('',#294,#295,#296);
#294 = CARTESIAN_POINT('',(0.,0.,-1.));
#295 = DIRECTION('',(0.,0.,1.));
#296 = DIRECTION('',(1.,0.,-0.));
#297 = DEFINITIONAL_REPRESENTATION('',(#298),#302);
#298 = LINE('',#299,#300);
#299 = CARTESIAN_POINT('',(0.,1.));
#300 = VECTOR('',#301,1.);
#301 = DIRECTION('',(1.,0.));
#302 = ( GEOMETRIC_REPRESENTATION_CONTEXT(2) 
PARAMETRIC_REPRESENTATION_CONTEXT() REPRESENTATION_CONTEXT('2D SPACE',''
  ) );
#303 = ORIENTED_EDGE('',*,*,#304,.F.);
#304 = EDGE_CURVE('',#305,#276,#307,.T.);
#305 = VERTEX_POINT('',#306);
#306 = CARTESIAN_POINT('',(26.456708382058,-7.089053645358,0.));
#307 = SURFACE_CURVE('',#308,(#312,#318),.PCURVE_S1.);
#308 = LINE('',#309,#310);
#309 = CARTESIAN_POINT('',(21.794481044322,-10.35358037208,
    1.110223024625E-16));
#310 = VECTOR('',#311,1.);
#311 = DIRECTION('',(0.819152044289,0.573576436351,-0.));
#312 = PCURVE('',#32,#313);
#313 = DEFINITIONAL_REPRESENTATION('',(#314),#317);
#314 = B_SPLINE_CURVE_WITH_KNOTS('',1,(#315,#316),.UNSPECIFIED.,.F.,.F.,
  (2,2),(5.691528660936,10.069878794859),.PIECEWISE_BEZIER_KNOTS.);
#315 = CARTESIAN_POINT('',(26.456708382058,-7.089053645358));
#316 = CARTESIAN_POINT('',(30.043242844873,-4.577735178446));
#317 = ( GEOMETRIC_REPRESENTATION_CONTEXT(2) 
PARAMETRIC_REPRESENTATION_CONTEXT() REPRESENTATION_CONTEXT('2D SPACE',''
  ) );
#318 = PCURVE('',#319,#324);
#319 = PLANE('',#320);
#320 = AXIS2_PLACEMENT_3D('',#321,#322,#323);
#321 = CARTESIAN_POINT('',(31.554205794545,-3.51974753113,-1.));
#322 = DIRECTION('',(0.573576436351,-0.819152044289,0.));
#323 = DIRECTION('',(-0.819152044289,-0.573576436351,0.));
#324 = DEFINITIONAL_REPRESENTATION('',(#325),#328);
#325 = B_SPLINE_CURVE_WITH_KNOTS('',1,(#326,#327),.UNSPECIFIED.,.F.,.F.,
  (2,2),(5.691528660936,10.069878794859),.PIECEWISE_BEZIER_KNOTS.);
#326 = CARTESIAN_POINT('',(6.222895307442,-1.));
#327 = CARTESIAN_POINT('',(1.844545173519,-1.));
#328 = ( GEOMETRIC_REPRESENTATION_CONTEXT(2) 
PARAMETRIC_REPRESENTATION_CONTEXT() REPRESENTATION_CONTEXT('2D SPACE',''
  ) );
#329 = ORIENTED_EDGE('',*,*,#330,.F.);
#330 = EDGE_CURVE('',#331,#305,#333,.T.);
#331 = VERTEX_POINT('',#332);
#332 = CARTESIAN_POINT('',(28.307079104948,-11.0571864661,0.));
#333 = SURFACE_CURVE('',#334,(#338,#344),.PCURVE_S1.);
#334 = LINE('',#335,#336);
#335 = CARTESIAN_POINT('',(22.736409833813,0.889152337715,0.));
#336 = VECTOR('',#337,1.);
#337 = DIRECTION('',(-0.422618261741,0.906307787037,0.));
#338 = PCURVE('',#32,#339);
#339 = DEFINITIONAL_REPRESENTATION('',(#340),#343);
#340 = B_SPLINE_CURVE_WITH_KNOTS('',1,(#341,#342),.UNSPECIFIED.,.F.,.F.,
  (2,2),(-13.18132644858,-8.802976314657),.PIECEWISE_BEZIER_KNOTS.);
#341 = CARTESIAN_POINT('',(28.307079104948,-11.0571864661));
#342 = CARTESIAN_POINT('',(26.456708382058,-7.089053645358));
#343 = ( GEOMETRIC_REPRESENTATION_CONTEXT(2) 
PARAMETRIC_REPRESENTATION_CONTEXT() REPRESENTATION_CONTEXT('2D SPACE',''
  ) );
#344 = PCURVE('',#345,#350);
#345 = PLANE('',#346);
#346 = AXIS2_PLACEMENT_3D('',#347,#348,#349);
#347 = CARTESIAN_POINT('',(26.456708382058,-7.089053645358,-1.));
#348 = DIRECTION('',(0.906307787037,0.422618261741,0.));
#349 = DIRECTION('',(0.422618261741,-0.906307787037,0.));
#350 = DEFINITIONAL_REPRESENTATION('',(#351),#354);
#351 = B_SPLINE_CURVE_WITH_KNOTS('',1,(#352,#353),.UNSPECIFIED.,.F.,.F.,
  (2,2),(-13.18132644858,-8.802976314657),.PIECEWISE_BEZIER_KNOTS.);
#352 = CARTESIAN_POINT('',(4.378350133922,-1.));
#353 = CARTESIAN_POINT('',(-3.552713678801E-15,-1.));
#354 = ( GEOMETRIC_REPRESENTATION_CONTEXT(2) 
PARAMETRIC_REPRESENTATION_CONTEXT() REPRESENTATION_CONTEXT('2D SPACE',''
  ) );
#355 = ORIENTED_EDGE('',*,*,#356,.F.);
#356 = EDGE_CURVE('',#357,#331,#359,.T.);
#357 = VERTEX_POINT('',#358);
#358 = CARTESIAN_POINT('',(23.729343926502,-18.98605637876,0.));
#359 = SURFACE_CURVE('',#360,(#365,#372),.PCURVE_S1.);
#360 = CIRCLE('',#361,30.39);
#361 = AXIS2_PLACEMENT_3D('',#362,#363,#364);
#362 = CARTESIAN_POINT('',(0.,0.,0.));
#363 = DIRECTION('',(0.,0.,1.));
#364 = DIRECTION('',(1.,0.,-0.));
#365 = PCURVE('',#32,#366);
#366 = DEFINITIONAL_REPRESENTATION('',(#367),#371);
#367 = CIRCLE('',#368,30.39);
#368 = AXIS2_PLACEMENT_2D('',#369,#370);
#369 = CARTESIAN_POINT('',(0.,0.));
#370 = DIRECTION('',(1.,0.));
#371 = ( GEOMETRIC_REPRESENTATION_CONTEXT(2) 
PARAMETRIC_REPRESENTATION_CONTEXT() REPRESENTATION_CONTEXT('2D SPACE',''
  ) );
#372 = PCURVE('',#373,#378);
#373 = CYLINDRICAL_SURFACE('',#374,30.39);
#374 = AXIS2_PLACEMENT_3D('',#375,#376,#377);
#375 = CARTESIAN_POINT('',(0.,0.,-1.));
#376 = DIRECTION('',(0.,0.,1.));
#377 = DIRECTION('',(1.,0.,-0.));
#378 = DEFINITIONAL_REPRESENTATION('',(#379),#383);
#379 = LINE('',#380,#381);
#380 = CARTESIAN_POINT('',(0.,1.));
#381 = VECTOR('',#382,1.);
#382 = DIRECTION('',(1.,0.));
#383 = ( GEOMETRIC_REPRESENTATION_CONTEXT(2) 
PARAMETRIC_REPRESENTATION_CONTEXT() REPRESENTATION_CONTEXT('2D SPACE',''
  ) );
#384 = ORIENTED_EDGE('',*,*,#385,.F.);
#385 = EDGE_CURVE('',#22,#357,#386,.T.);
#386 = SURFACE_CURVE('',#387,(#391,#397),.PCURVE_S1.);
#387 = LINE('',#388,#389);
#388 = CARTESIAN_POINT('',(13.697784060638,-19.86370414451,0.));
#389 = VECTOR('',#390,1.);
#390 = DIRECTION('',(0.996194698092,8.715574274766E-02,-0.));
#391 = PCURVE('',#32,#392);
#392 = DEFINITIONAL_REPRESENTATION('',(#393),#396);
#393 = B_SPLINE_CURVE_WITH_KNOTS('',1,(#394,#395),.UNSPECIFIED.,.F.,.F.,
  (2,2),(5.691528660936,10.069878794859),.PIECEWISE_BEZIER_KNOTS.);
#394 = CARTESIAN_POINT('',(19.3676547367,-19.3676547367));
#395 = CARTESIAN_POINT('',(23.729343926503,-18.98605637876));
#396 = ( GEOMETRIC_REPRESENTATION_CONTEXT(2) 
PARAMETRIC_REPRESENTATION_CONTEXT() REPRESENTATION_CONTEXT('2D SPACE',''
  ) );
#397 = PCURVE('',#398,#403);
#398 = PLANE('',#399);
#399 = AXIS2_PLACEMENT_3D('',#400,#401,#402);
#400 = CARTESIAN_POINT('',(25.566870048753,-18.82529367413,-1.));
#401 = DIRECTION('',(8.715574274766E-02,-0.996194698092,0.));
#402 = DIRECTION('',(-0.996194698092,-8.715574274766E-02,0.));
#403 = DEFINITIONAL_REPRESENTATION('',(#404),#407);
#404 = B_SPLINE_CURVE_WITH_KNOTS('',1,(#405,#406),.UNSPECIFIED.,.F.,.F.,
  (2,2),(5.691528660936,10.069878794859),.PIECEWISE_BEZIER_KNOTS.);
#405 = CARTESIAN_POINT('',(6.222895307442,-1.));
#406 = CARTESIAN_POINT('',(1.844545173519,-1.));
#407 = ( GEOMETRIC_REPRESENTATION_CONTEXT(2) 
PARAMETRIC_REPRESENTATION_CONTEXT() REPRESENTATION_CONTEXT('2D SPACE',''
  ) );
#408 = ADVANCED_FACE('',(#409),#44,.F.);
#409 = FACE_BOUND('',#410,.F.);
#410 = EDGE_LOOP('',(#411,#412,#435,#463,#491,#519,#547,#575,#603));
#411 = ORIENTED_EDGE('',*,*,#21,.F.);
#412 = ORIENTED_EDGE('',*,*,#413,.T.);
#413 = EDGE_CURVE('',#22,#414,#416,.T.);
#414 = VERTEX_POINT('',#415);
#415 = CARTESIAN_POINT('',(19.3676547367,-19.3676547367,16.666666666667)
  );
#416 = SURFACE_CURVE('',#417,(#421,#428),.PCURVE_S1.);
#417 = LINE('',#418,#419);
#418 = CARTESIAN_POINT('',(19.3676547367,-19.3676547367,-1.));
#419 = VECTOR('',#420,1.);
#420 = DIRECTION('',(0.,0.,1.));
#421 = PCURVE('',#44,#422);
#422 = DEFINITIONAL_REPRESENTATION('',(#423),#427);
#423 = LINE('',#424,#425);
#424 = CARTESIAN_POINT('',(27.39,1.));
#425 = VECTOR('',#426,1.);
#426 = DIRECTION('',(0.,-1.));
#427 = ( GEOMETRIC_REPRESENTATION_CONTEXT(2) 
PARAMETRIC_REPRESENTATION_CONTEXT() REPRESENTATION_CONTEXT('2D SPACE',''
  ) );
#428 = PCURVE('',#398,#429);
#429 = DEFINITIONAL_REPRESENTATION('',(#430),#434);
#430 = LINE('',#431,#432);
#431 = CARTESIAN_POINT('',(6.222895307442,0.));
#432 = VECTOR('',#433,1.);
#433 = DIRECTION('',(0.,-1.));
#434 = ( GEOMETRIC_REPRESENTATION_CONTEXT(2) 
PARAMETRIC_REPRESENTATION_CONTEXT() REPRESENTATION_CONTEXT('2D SPACE',''
  ) );
#435 = ORIENTED_EDGE('',*,*,#436,.T.);
#436 = EDGE_CURVE('',#414,#437,#439,.T.);
#437 = VERTEX_POINT('',#438);
#438 = CARTESIAN_POINT('',(19.3676547367,-19.3676547367,33.333333333333)
  );
#439 = SURFACE_CURVE('',#440,(#444,#451),.PCURVE_S1.);
#440 = LINE('',#441,#442);
#441 = CARTESIAN_POINT('',(19.3676547367,-19.3676547367,-1.));
#442 = VECTOR('',#443,1.);
#443 = DIRECTION('',(0.,0.,1.));
#444 = PCURVE('',#44,#445);
#445 = DEFINITIONAL_REPRESENTATION('',(#446),#450);
#446 = LINE('',#447,#448);
#447 = CARTESIAN_POINT('',(27.39,1.));
#448 = VECTOR('',#449,1.);
#449 = DIRECTION('',(0.,-1.));
#450 = ( GEOMETRIC_REPRESENTATION_CONTEXT(2) 
PARAMETRIC_REPRESENTATION_CONTEXT() REPRESENTATION_CONTEXT('2D SPACE',''
  ) );
#451 = PCURVE('',#452,#457);
#452 = PLANE('',#453);
#453 = AXIS2_PLACEMENT_3D('',#454,#455,#456);
#454 = CARTESIAN_POINT('',(25.566870048753,-18.82529367413,-1.));
#455 = DIRECTION('',(8.715574274766E-02,-0.996194698092,0.));
#456 = DIRECTION('',(-0.996194698092,-8.715574274766E-02,0.));
#457 = DEFINITIONAL_REPRESENTATION('',(#458),#462);
#458 = LINE('',#459,#460);
#459 = CARTESIAN_POINT('',(6.222895307442,0.));
#460 = VECTOR('',#461,1.);
#461 = DIRECTION('',(0.,-1.));
#462 = ( GEOMETRIC_REPRESENTATION_CONTEXT(2) 
PARAMETRIC_REPRESENTATION_CONTEXT() REPRESENTATION_CONTEXT('2D SPACE',''
  ) );
#463 = ORIENTED_EDGE('',*,*,#464,.T.);
#464 = EDGE_CURVE('',#437,#465,#467,.T.);
#465 = VERTEX_POINT('',#466);
#466 = CARTESIAN_POINT('',(19.3676547367,-19.3676547367,50.));
#467 = SURFACE_CURVE('',#468,(#472,#479),.PCURVE_S1.);
#468 = LINE('',#469,#470);
#469 = CARTESIAN_POINT('',(19.3676547367,-19.3676547367,-1.));
#470 = VECTOR('',#471,1.);
#471 = DIRECTION('',(0.,0.,1.));
#472 = PCURVE('',#44,#473);
#473 = DEFINITIONAL_REPRESENTATION('',(#474),#478);
#474 = LINE('',#475,#476);
#475 = CARTESIAN_POINT('',(27.39,1.));
#476 = VECTOR('',#477,1.);
#477 = DIRECTION('',(0.,-1.));
#478 = ( GEOMETRIC_REPRESENTATION_CONTEXT(2) 
PARAMETRIC_REPRESENTATION_CONTEXT() REPRESENTATION_CONTEXT('2D SPACE',''
  ) );
#479 = PCURVE('',#480,#485);
#480 = PLANE('',#481);
#481 = AXIS2_PLACEMENT_3D('',#482,#483,#484);
#482 = CARTESIAN_POINT('',(25.566870048753,-18.82529367413,-1.));
#483 = DIRECTION('',(8.715574274766E-02,-0.996194698092,0.));
#484 = DIRECTION('',(-0.996194698092,-8.715574274766E-02,0.));
#485 = DEFINITIONAL_REPRESENTATION('',(#486),#490);
#486 = LINE('',#487,#488);
#487 = CARTESIAN_POINT('',(6.222895307442,0.));
#488 = VECTOR('',#489,1.);
#489 = DIRECTION('',(0.,-1.));
#490 = ( GEOMETRIC_REPRESENTATION_CONTEXT(2) 
PARAMETRIC_REPRESENTATION_CONTEXT() REPRESENTATION_CONTEXT('2D SPACE',''
  ) );
#491 = ORIENTED_EDGE('',*,*,#492,.T.);
#492 = EDGE_CURVE('',#465,#493,#495,.T.);
#493 = VERTEX_POINT('',#494);
#494 = CARTESIAN_POINT('',(19.3676547367,-19.3676547367,66.666666666667)
  );
#495 = SURFACE_CURVE('',#496,(#500,#507),.PCURVE_S1.);
#496 = LINE('',#497,#498);
#497 = CARTESIAN_POINT('',(19.3676547367,-19.3676547367,-1.));
#498 = VECTOR('',#499,1.);
#499 = DIRECTION('',(0.,0.,1.));
#500 = PCURVE('',#44,#501);
#501 = DEFINITIONAL_REPRESENTATION('',(#502),#506);
#502 = LINE('',#503,#504);
#503 = CARTESIAN_POINT('',(27.39,1.));
#504 = VECTOR('',#505,1.);
#505 = DIRECTION('',(0.,-1.));
#506 = ( GEOMETRIC_REPRESENTATION_CONTEXT(2) 
PARAMETRIC_REPRESENTATION_CONTEXT() REPRESENTATION_CONTEXT('2D SPACE',''
  ) );
#507 = PCURVE('',#508,#513);
#508 = PLANE('',#509);
#509 = AXIS2_PLACEMENT_3D('',#510,#511,#512);
#510 = CARTESIAN_POINT('',(25.566870048753,-18.82529367413,-1.));
#511 = DIRECTION('',(8.715574274766E-02,-0.996194698092,0.));
#512 = DIRECTION('',(-0.996194698092,-8.715574274766E-02,0.));
#513 = DEFINITIONAL_REPRESENTATION('',(#514),#518);
#514 = LINE('',#515,#516);
#515 = CARTESIAN_POINT('',(6.222895307442,0.));
#516 = VECTOR('',#517,1.);
#517 = DIRECTION('',(0.,-1.));
#518 = ( GEOMETRIC_REPRESENTATION_CONTEXT(2) 
PARAMETRIC_REPRESENTATION_CONTEXT() REPRESENTATION_CONTEXT('2D SPACE',''
  ) );
#519 = ORIENTED_EDGE('',*,*,#520,.T.);
#520 = EDGE_CURVE('',#493,#521,#523,.T.);
#521 = VERTEX_POINT('',#522);
#522 = CARTESIAN_POINT('',(19.3676547367,-19.3676547367,83.333333333333)
  );
#523 = SURFACE_CURVE('',#524,(#528,#535),.PCURVE_S1.);
#524 = LINE('',#525,#526);
#525 = CARTESIAN_POINT('',(19.3676547367,-19.3676547367,-1.));
#526 = VECTOR('',#527,1.);
#527 = DIRECTION('',(0.,0.,1.));
#528 = PCURVE('',#44,#529);
#529 = DEFINITIONAL_REPRESENTATION('',(#530),#534);
#530 = LINE('',#531,#532);
#531 = CARTESIAN_POINT('',(27.39,1.));
#532 = VECTOR('',#533,1.);
#533 = DIRECTION('',(0.,-1.));
#534 = ( GEOMETRIC_REPRESENTATION_CONTEXT(2) 
PARAMETRIC_REPRESENTATION_CONTEXT() REPRESENTATION_CONTEXT('2D SPACE',''
  ) );
#535 = PCURVE('',#536,#541);
#536 = PLANE('',#537);
#537 = AXIS2_PLACEMENT_3D('',#538,#539,#540);
#538 = CARTESIAN_POINT('',(25.566870048753,-18.82529367413,-1.));
#539 = DIRECTION('',(8.715574274766E-02,-0.996194698092,0.));
#540 = DIRECTION('',(-0.996194698092,-8.715574274766E-02,0.));
#541 = DEFINITIONAL_REPRESENTATION('',(#542),#546);
#542 = LINE('',#543,#544);
#543 = CARTESIAN_POINT('',(6.222895307442,0.));
#544 = VECTOR('',#545,1.);
#545 = DIRECTION('',(0.,-1.));
#546 = ( GEOMETRIC_REPRESENTATION_CONTEXT(2) 
PARAMETRIC_REPRESENTATION_CONTEXT() REPRESENTATION_CONTEXT('2D SPACE',''
  ) );
#547 = ORIENTED_EDGE('',*,*,#548,.T.);
#548 = EDGE_CURVE('',#521,#549,#551,.T.);
#549 = VERTEX_POINT('',#550);
#550 = CARTESIAN_POINT('',(19.3676547367,-19.3676547367,100.));
#551 = SURFACE_CURVE('',#552,(#556,#563),.PCURVE_S1.);
#552 = LINE('',#553,#554);
#553 = CARTESIAN_POINT('',(19.3676547367,-19.3676547367,-1.));
#554 = VECTOR('',#555,1.);
#555 = DIRECTION('',(0.,0.,1.));
#556 = PCURVE('',#44,#557);
#557 = DEFINITIONAL_REPRESENTATION('',(#558),#562);
#558 = LINE('',#559,#560);
#559 = CARTESIAN_POINT('',(27.39,1.));
#560 = VECTOR('',#561,1.);
#561 = DIRECTION('',(0.,-1.));
#562 = ( GEOMETRIC_REPRESENTATION_CONTEXT(2) 
PARAMETRIC_REPRESENTATION_CONTEXT() REPRESENTATION_CONTEXT('2D SPACE',''
  ) );
#563 = PCURVE('',#564,#569);
#564 = PLANE('',#565);
#565 = AXIS2_PLACEMENT_3D('',#566,#567,#568);
#566 = CARTESIAN_POINT('',(25.566870048753,-18.82529367413,-1.));
#567 = DIRECTION('',(8.715574274766E-02,-0.996194698092,0.));
#568 = DIRECTION('',(-0.996194698092,-8.715574274766E-02,0.));
#569 = DEFINITIONAL_REPRESENTATION('',(#570),#574);
#570 = LINE('',#571,#572);
#571 = CARTESIAN_POINT('',(6.222895307442,0.));
#572 = VECTOR('',#573,1.);
#573 = DIRECTION('',(0.,-1.));
#574 = ( GEOMETRIC_REPRESENTATION_CONTEXT(2) 
PARAMETRIC_REPRESENTATION_CONTEXT() REPRESENTATION_CONTEXT('2D SPACE',''
  ) );
#575 = ORIENTED_EDGE('',*,*,#576,.T.);
#576 = EDGE_CURVE('',#549,#577,#579,.T.);
#577 = VERTEX_POINT('',#578);
#578 = CARTESIAN_POINT('',(35.39,-35.39,100.));
#579 = SURFACE_CURVE('',#580,(#584,#591),.PCURVE_S1.);
#580 = LINE('',#581,#582);
#581 = CARTESIAN_POINT('',(0.,0.,100.));
#582 = VECTOR('',#583,1.);
#583 = DIRECTION('',(0.707106781187,-0.707106781187,0.));
#584 = PCURVE('',#44,#585);
#585 = DEFINITIONAL_REPRESENTATION('',(#586),#590);
#586 = LINE('',#587,#588);
#587 = CARTESIAN_POINT('',(0.,-100.));
#588 = VECTOR('',#589,1.);
#589 = DIRECTION('',(1.,0.));
#590 = ( GEOMETRIC_REPRESENTATION_CONTEXT(2) 
PARAMETRIC_REPRESENTATION_CONTEXT() REPRESENTATION_CONTEXT('2D SPACE',''
  ) );
#591 = PCURVE('',#592,#597);
#592 = PLANE('',#593);
#593 = AXIS2_PLACEMENT_3D('',#594,#595,#596);
#594 = CARTESIAN_POINT('',(0.,0.,100.));
#595 = DIRECTION('',(0.,0.,1.));
#596 = DIRECTION('',(1.,0.,-0.));
#597 = DEFINITIONAL_REPRESENTATION('',(#598),#602);
#598 = LINE('',#599,#600);
#599 = CARTESIAN_POINT('',(0.,0.));
#600 = VECTOR('',#601,1.);
#601 = DIRECTION('',(0.707106781187,-0.707106781187));
#602 = ( GEOMETRIC_REPRESENTATION_CONTEXT(2) 
PARAMETRIC_REPRESENTATION_CONTEXT() REPRESENTATION_CONTEXT('2D SPACE',''
  ) );
#603 = ORIENTED_EDGE('',*,*,#604,.T.);
#604 = EDGE_CURVE('',#577,#24,#605,.T.);
#605 = SURFACE_CURVE('',#606,(#610,#616),.PCURVE_S1.);
#606 = LINE('',#607,#608);
#607 = CARTESIAN_POINT('',(35.39,-35.39,0.));
#608 = VECTOR('',#609,1.);
#609 = DIRECTION('',(-0.,0.,-1.));
#610 = PCURVE('',#44,#611);
#611 = DEFINITIONAL_REPRESENTATION('',(#612),#615);
#612 = B_SPLINE_CURVE_WITH_KNOTS('',1,(#613,#614),.UNSPECIFIED.,.F.,.F.,
  (2,2),(-100.,0.),.PIECEWISE_BEZIER_KNOTS.);
#613 = CARTESIAN_POINT('',(50.049017972384,-100.));
#614 = CARTESIAN_POINT('',(50.049017972384,0.));
#615 = ( GEOMETRIC_REPRESENTATION_CONTEXT(2) 
PARAMETRIC_REPRESENTATION_CONTEXT() REPRESENTATION_CONTEXT('2D SPACE',''
  ) );
#616 = PCURVE('',#72,#617);
#617 = DEFINITIONAL_REPRESENTATION('',(#618),#621);
#618 = B_SPLINE_CURVE_WITH_KNOTS('',1,(#619,#620),.UNSPECIFIED.,.F.,.F.,
  (2,2),(-100.,0.),.PIECEWISE_BEZIER_KNOTS.);
#619 = CARTESIAN_POINT('',(5.656854249492,-100.));
#620 = CARTESIAN_POINT('',(5.656854249492,0.));
#621 = ( GEOMETRIC_REPRESENTATION_CONTEXT(2) 
PARAMETRIC_REPRESENTATION_CONTEXT() REPRESENTATION_CONTEXT('2D SPACE',''
  ) );
#622 = ADVANCED_FACE('',(#623),#398,.F.);
#623 = FACE_BOUND('',#624,.F.);
#624 = EDGE_LOOP('',(#625,#626,#647,#677));
#625 = ORIENTED_EDGE('',*,*,#385,.T.);
#626 = ORIENTED_EDGE('',*,*,#627,.T.);
#627 = EDGE_CURVE('',#357,#628,#630,.T.);
#628 = VERTEX_POINT('',#629);
#629 = CARTESIAN_POINT('',(23.729343926502,-18.98605637876,
    13.091405888884));
#630 = SURFACE_CURVE('',#631,(#635,#641),.PCURVE_S1.);
#631 = LINE('',#632,#633);
#632 = CARTESIAN_POINT('',(23.729343926502,-18.98605637876,-1.));
#633 = VECTOR('',#634,1.);
#634 = DIRECTION('',(0.,0.,1.));
#635 = PCURVE('',#398,#636);
#636 = DEFINITIONAL_REPRESENTATION('',(#637),#640);
#637 = B_SPLINE_CURVE_WITH_KNOTS('',1,(#638,#639),.UNSPECIFIED.,.F.,.F.,
  (2,2),(-5.999999999062E-07,102.0000006),.PIECEWISE_BEZIER_KNOTS.);
#638 = CARTESIAN_POINT('',(1.844545173519,5.999999999062E-07));
#639 = CARTESIAN_POINT('',(1.844545173519,-102.0000006));
#640 = ( GEOMETRIC_REPRESENTATION_CONTEXT(2) 
PARAMETRIC_REPRESENTATION_CONTEXT() REPRESENTATION_CONTEXT('2D SPACE',''
  ) );
#641 = PCURVE('',#373,#642);
#642 = DEFINITIONAL_REPRESENTATION('',(#643),#646);
#643 = B_SPLINE_CURVE_WITH_KNOTS('',1,(#644,#645),.UNSPECIFIED.,.F.,.F.,
  (2,2),(-5.999999999062E-07,102.0000006),.PIECEWISE_BEZIER_KNOTS.);
#644 = CARTESIAN_POINT('',(5.608378040247,-5.999999999062E-07));
#645 = CARTESIAN_POINT('',(5.608378040247,102.0000006));
#646 = ( GEOMETRIC_REPRESENTATION_CONTEXT(2) 
PARAMETRIC_REPRESENTATION_CONTEXT() REPRESENTATION_CONTEXT('2D SPACE',''
  ) );
#647 = ORIENTED_EDGE('',*,*,#648,.F.);
#648 = EDGE_CURVE('',#414,#628,#649,.T.);
#649 = SURFACE_CURVE('',#650,(#655,#662),.PCURVE_S1.);
#650 = HYPERBOLA('',#651,25.005322988392,20.981957297029);
#651 = AXIS2_PLACEMENT_3D('',#652,#653,#654);
#652 = CARTESIAN_POINT('',(1.828698072522,-20.90211461488,
    49.308797567822));
#653 = DIRECTION('',(8.715574274766E-02,-0.996194698092,0.));
#654 = DIRECTION('',(0.,-0.,-1.));
#655 = PCURVE('',#398,#656);
#656 = DEFINITIONAL_REPRESENTATION('',(#657),#661);
#657 = ( BOUNDED_CURVE() B_SPLINE_CURVE(2,(#658,#659,#660),
.UNSPECIFIED.,.F.,.F.) B_SPLINE_CURVE_WITH_KNOTS((3,3),(0.762909652067,
0.929085588136),.PIECEWISE_BEZIER_KNOTS.) CURVE() 
GEOMETRIC_REPRESENTATION_ITEM() RATIONAL_B_SPLINE_CURVE((1.,1.0034537915
,1.)) REPRESENTATION_ITEM('') );
#658 = CARTESIAN_POINT('',(6.222895307442,-17.66666666666));
#659 = CARTESIAN_POINT('',(3.952338473076,-15.92731922091));
#660 = CARTESIAN_POINT('',(1.406710160127,-13.71216569351));
#661 = ( GEOMETRIC_REPRESENTATION_CONTEXT(2) 
PARAMETRIC_REPRESENTATION_CONTEXT() REPRESENTATION_CONTEXT('2D SPACE',''
  ) );
#662 = PCURVE('',#663,#668);
#663 = CONICAL_SURFACE('',#664,27.39,0.698131700798);
#664 = AXIS2_PLACEMENT_3D('',#665,#666,#667);
#665 = CARTESIAN_POINT('',(0.,0.,16.666666666667));
#666 = DIRECTION('',(-0.,-0.,-1.));
#667 = DIRECTION('',(1.,0.,0.));
#668 = DEFINITIONAL_REPRESENTATION('',(#669),#676);
#669 = B_SPLINE_CURVE_WITH_KNOTS('',5,(#670,#671,#672,#673,#674,#675),
  .UNSPECIFIED.,.F.,.F.,(6,6),(0.762909652067,0.929085588136),
  .PIECEWISE_BEZIER_KNOTS.);
#670 = CARTESIAN_POINT('',(-5.497787143782,2.084817967448E-15));
#671 = CARTESIAN_POINT('',(-5.523246774263,0.697339278879));
#672 = CARTESIAN_POINT('',(-5.548026532826,1.439748246886));
#673 = CARTESIAN_POINT('',(-5.572116238827,2.228831767346));
#674 = CARTESIAN_POINT('',(-5.595513634706,3.06640149241));
#675 = CARTESIAN_POINT('',(-5.618222188699,3.954500973152));
#676 = ( GEOMETRIC_REPRESENTATION_CONTEXT(2) 
PARAMETRIC_REPRESENTATION_CONTEXT() REPRESENTATION_CONTEXT('2D SPACE',''
  ) );
#677 = ORIENTED_EDGE('',*,*,#413,.F.);
#678 = ADVANCED_FACE('',(#679),#373,.F.);
#679 = FACE_BOUND('',#680,.F.);
#680 = EDGE_LOOP('',(#681,#682,#683,#704));
#681 = ORIENTED_EDGE('',*,*,#627,.F.);
#682 = ORIENTED_EDGE('',*,*,#356,.T.);
#683 = ORIENTED_EDGE('',*,*,#684,.T.);
#684 = EDGE_CURVE('',#331,#685,#687,.T.);
#685 = VERTEX_POINT('',#686);
#686 = CARTESIAN_POINT('',(28.307079104948,-11.0571864661,
    13.091405888884));
#687 = SURFACE_CURVE('',#688,(#692,#698),.PCURVE_S1.);
#688 = LINE('',#689,#690);
#689 = CARTESIAN_POINT('',(28.307079104948,-11.0571864661,-1.));
#690 = VECTOR('',#691,1.);
#691 = DIRECTION('',(0.,0.,1.));
#692 = PCURVE('',#373,#693);
#693 = DEFINITIONAL_REPRESENTATION('',(#694),#697);
#694 = B_SPLINE_CURVE_WITH_KNOTS('',1,(#695,#696),.UNSPECIFIED.,.F.,.F.,
  (2,2),(-5.999999999062E-07,102.0000006),.PIECEWISE_BEZIER_KNOTS.);
#695 = CARTESIAN_POINT('',(5.910795022916,-5.999999999062E-07));
#696 = CARTESIAN_POINT('',(5.910795022916,102.0000006));
#697 = ( GEOMETRIC_REPRESENTATION_CONTEXT(2) 
PARAMETRIC_REPRESENTATION_CONTEXT() REPRESENTATION_CONTEXT('2D SPACE',''
  ) );
#698 = PCURVE('',#345,#699);
#699 = DEFINITIONAL_REPRESENTATION('',(#700),#703);
#700 = B_SPLINE_CURVE_WITH_KNOTS('',1,(#701,#702),.UNSPECIFIED.,.F.,.F.,
  (2,2),(-5.999999999062E-07,102.0000006),.PIECEWISE_BEZIER_KNOTS.);
#701 = CARTESIAN_POINT('',(4.378350133922,5.999999999062E-07));
#702 = CARTESIAN_POINT('',(4.378350133922,-102.0000006));
#703 = ( GEOMETRIC_REPRESENTATION_CONTEXT(2) 
PARAMETRIC_REPRESENTATION_CONTEXT() REPRESENTATION_CONTEXT('2D SPACE',''
  ) );
#704 = ORIENTED_EDGE('',*,*,#705,.F.);
#705 = EDGE_CURVE('',#628,#685,#706,.T.);
#706 = SURFACE_CURVE('',#707,(#712,#719),.PCURVE_S1.);
#707 = CIRCLE('',#708,30.39);
#708 = AXIS2_PLACEMENT_3D('',#709,#710,#711);
#709 = CARTESIAN_POINT('',(0.,0.,13.091405888884));
#710 = DIRECTION('',(0.,0.,1.));
#711 = DIRECTION('',(0.,-1.,0.));
#712 = PCURVE('',#373,#713);
#713 = DEFINITIONAL_REPRESENTATION('',(#714),#718);
#714 = LINE('',#715,#716);
#715 = CARTESIAN_POINT('',(4.712388980385,14.091405888884));
#716 = VECTOR('',#717,1.);
#717 = DIRECTION('',(1.,0.));
#718 = ( GEOMETRIC_REPRESENTATION_CONTEXT(2) 
PARAMETRIC_REPRESENTATION_CONTEXT() REPRESENTATION_CONTEXT('2D SPACE',''
  ) );
#719 = PCURVE('',#663,#720);
#720 = DEFINITIONAL_REPRESENTATION('',(#721),#725);
#721 = LINE('',#722,#723);
#722 = CARTESIAN_POINT('',(-4.712388980385,3.575260777783));
#723 = VECTOR('',#724,1.);
#724 = DIRECTION('',(-1.,0.));
#725 = ( GEOMETRIC_REPRESENTATION_CONTEXT(2) 
PARAMETRIC_REPRESENTATION_CONTEXT() REPRESENTATION_CONTEXT('2D SPACE',''
  ) );
#726 = ADVANCED_FACE('',(#727),#345,.F.);
#727 = FACE_BOUND('',#728,.F.);
#728 = EDGE_LOOP('',(#729,#730,#753,#778));
#729 = ORIENTED_EDGE('',*,*,#330,.T.);
#730 = ORIENTED_EDGE('',*,*,#731,.T.);
#731 = EDGE_CURVE('',#305,#732,#734,.T.);
#732 = VERTEX_POINT('',#733);
#733 = CARTESIAN_POINT('',(26.456708382058,-7.089053645358,
    16.666666666667));
#734 = SURFACE_CURVE('',#735,(#739,#746),.PCURVE_S1.);
#735 = LINE('',#736,#737);
#736 = CARTESIAN_POINT('',(26.456708382058,-7.089053645358,-1.));
#737 = VECTOR('',#738,1.);
#738 = DIRECTION('',(0.,0.,1.));
#739 = PCURVE('',#345,#740);
#740 = DEFINITIONAL_REPRESENTATION('',(#741),#745);
#741 = LINE('',#742,#743);
#742 = CARTESIAN_POINT('',(0.,0.));
#743 = VECTOR('',#744,1.);
#744 = DIRECTION('',(0.,-1.));
#745 = ( GEOMETRIC_REPRESENTATION_CONTEXT(2) 
PARAMETRIC_REPRESENTATION_CONTEXT() REPRESENTATION_CONTEXT('2D SPACE',''
  ) );
#746 = PCURVE('',#319,#747);
#747 = DEFINITIONAL_REPRESENTATION('',(#748),#752);
#748 = LINE('',#749,#750);
#749 = CARTESIAN_POINT('',(6.222895307442,0.));
#750 = VECTOR('',#751,1.);
#751 = DIRECTION('',(0.,-1.));
#752 = ( GEOMETRIC_REPRESENTATION_CONTEXT(2) 
PARAMETRIC_REPRESENTATION_CONTEXT() REPRESENTATION_CONTEXT('2D SPACE',''
  ) );
#753 = ORIENTED_EDGE('',*,*,#754,.F.);
#754 = EDGE_CURVE('',#685,#732,#755,.T.);
#755 = SURFACE_CURVE('',#756,(#761,#768),.PCURVE_S1.);
#756 = HYPERBOLA('',#757,25.005322988392,20.981957297029);
#757 = AXIS2_PLACEMENT_3D('',#758,#759,#760);
#758 = CARTESIAN_POINT('',(19.016111285568,8.867358320788,
    49.308797567822));
#759 = DIRECTION('',(0.906307787037,0.422618261741,0.));
#760 = DIRECTION('',(0.,0.,-1.));
#761 = PCURVE('',#345,#762);
#762 = DEFINITIONAL_REPRESENTATION('',(#763),#767);
#763 = ( BOUNDED_CURVE() B_SPLINE_CURVE(2,(#764,#765,#766),
.UNSPECIFIED.,.F.,.F.) B_SPLINE_CURVE_WITH_KNOTS((3,3),(-0.929085588136,
-0.762909652067),.PIECEWISE_BEZIER_KNOTS.) CURVE() 
GEOMETRIC_REPRESENTATION_ITEM() RATIONAL_B_SPLINE_CURVE((1.,1.0034537915
,1.)) REPRESENTATION_ITEM('') );
#764 = CARTESIAN_POINT('',(4.816185147315,-13.71216569351));
#765 = CARTESIAN_POINT('',(2.270556834366,-15.92731922091));
#766 = CARTESIAN_POINT('',(-3.552713678801E-15,-17.66666666666));
#767 = ( GEOMETRIC_REPRESENTATION_CONTEXT(2) 
PARAMETRIC_REPRESENTATION_CONTEXT() REPRESENTATION_CONTEXT('2D SPACE',''
  ) );
#768 = PCURVE('',#663,#769);
#769 = DEFINITIONAL_REPRESENTATION('',(#770),#777);
#770 = B_SPLINE_CURVE_WITH_KNOTS('',5,(#771,#772,#773,#774,#775,#776),
  .UNSPECIFIED.,.F.,.F.,(6,6),(-0.929085588136,-0.762909652067),
  .PIECEWISE_BEZIER_KNOTS.);
#771 = CARTESIAN_POINT('',(-5.900950874464,3.954500973152));
#772 = CARTESIAN_POINT('',(-5.923659428456,3.066401492409));
#773 = CARTESIAN_POINT('',(-5.947056824336,2.228831767345));
#774 = CARTESIAN_POINT('',(-5.971146530337,1.439748246886));
#775 = CARTESIAN_POINT('',(-5.995926288899,0.697339278879));
#776 = CARTESIAN_POINT('',(-6.02138591938,-3.354479798907E-16));
#777 = ( GEOMETRIC_REPRESENTATION_CONTEXT(2) 
PARAMETRIC_REPRESENTATION_CONTEXT() REPRESENTATION_CONTEXT('2D SPACE',''
  ) );
#778 = ORIENTED_EDGE('',*,*,#684,.F.);
#779 = ADVANCED_FACE('',(#780),#319,.F.);
#780 = FACE_BOUND('',#781,.F.);
#781 = EDGE_LOOP('',(#782,#783,#804,#834));
#782 = ORIENTED_EDGE('',*,*,#304,.T.);
#783 = ORIENTED_EDGE('',*,*,#784,.T.);
#784 = EDGE_CURVE('',#276,#785,#787,.T.);
#785 = VERTEX_POINT('',#786);
#786 = CARTESIAN_POINT('',(30.043242844873,-4.577735178446,
    13.091405888884));
#787 = SURFACE_CURVE('',#788,(#792,#798),.PCURVE_S1.);
#788 = LINE('',#789,#790);
#789 = CARTESIAN_POINT('',(30.043242844873,-4.577735178446,-1.));
#790 = VECTOR('',#791,1.);
#791 = DIRECTION('',(0.,0.,1.));
#792 = PCURVE('',#319,#793);
#793 = DEFINITIONAL_REPRESENTATION('',(#794),#797);
#794 = B_SPLINE_CURVE_WITH_KNOTS('',1,(#795,#796),.UNSPECIFIED.,.F.,.F.,
  (2,2),(-5.999999999062E-07,102.0000006),.PIECEWISE_BEZIER_KNOTS.);
#795 = CARTESIAN_POINT('',(1.844545173519,5.999999999062E-07));
#796 = CARTESIAN_POINT('',(1.844545173519,-102.0000006));
#797 = ( GEOMETRIC_REPRESENTATION_CONTEXT(2) 
PARAMETRIC_REPRESENTATION_CONTEXT() REPRESENTATION_CONTEXT('2D SPACE',''
  ) );
#798 = PCURVE('',#292,#799);
#799 = DEFINITIONAL_REPRESENTATION('',(#800),#803);
#800 = B_SPLINE_CURVE_WITH_KNOTS('',1,(#801,#802),.UNSPECIFIED.,.F.,.F.,
  (2,2),(-5.999999999062E-07,102.0000006),.PIECEWISE_BEZIER_KNOTS.);
#801 = CARTESIAN_POINT('',(6.131976815845,-5.999999999062E-07));
#802 = CARTESIAN_POINT('',(6.131976815845,102.0000006));
#803 = ( GEOMETRIC_REPRESENTATION_CONTEXT(2) 
PARAMETRIC_REPRESENTATION_CONTEXT() REPRESENTATION_CONTEXT('2D SPACE',''
  ) );
#804 = ORIENTED_EDGE('',*,*,#805,.F.);
#805 = EDGE_CURVE('',#732,#785,#806,.T.);
#806 = SURFACE_CURVE('',#807,(#812,#819),.PCURVE_S1.);
#807 = HYPERBOLA('',#808,25.005322988392,20.981957297029);
#808 = AXIS2_PLACEMENT_3D('',#809,#810,#811);
#809 = CARTESIAN_POINT('',(12.0347562941,-17.18741321304,49.308797567822
    ));
#810 = DIRECTION('',(0.573576436351,-0.819152044289,0.));
#811 = DIRECTION('',(0.,-0.,-1.));
#812 = PCURVE('',#319,#813);
#813 = DEFINITIONAL_REPRESENTATION('',(#814),#818);
#814 = ( BOUNDED_CURVE() B_SPLINE_CURVE(2,(#815,#816,#817),
.UNSPECIFIED.,.F.,.F.) B_SPLINE_CURVE_WITH_KNOTS((3,3),(0.762909652067,
0.929085588136),.PIECEWISE_BEZIER_KNOTS.) CURVE() 
GEOMETRIC_REPRESENTATION_ITEM() RATIONAL_B_SPLINE_CURVE((1.,1.0034537915
,1.)) REPRESENTATION_ITEM('') );
#815 = CARTESIAN_POINT('',(6.222895307442,-17.66666666666));
#816 = CARTESIAN_POINT('',(3.952338473076,-15.92731922091));
#817 = CARTESIAN_POINT('',(1.406710160127,-13.71216569351));
#818 = ( GEOMETRIC_REPRESENTATION_CONTEXT(2) 
PARAMETRIC_REPRESENTATION_CONTEXT() REPRESENTATION_CONTEXT('2D SPACE',''
  ) );
#819 = PCURVE('',#820,#825);
#820 = CONICAL_SURFACE('',#821,27.39,0.698131700798);
#821 = AXIS2_PLACEMENT_3D('',#822,#823,#824);
#822 = CARTESIAN_POINT('',(0.,0.,16.666666666667));
#823 = DIRECTION('',(-0.,-0.,-1.));
#824 = DIRECTION('',(1.,0.,0.));
#825 = DEFINITIONAL_REPRESENTATION('',(#826),#833);
#826 = B_SPLINE_CURVE_WITH_KNOTS('',5,(#827,#828,#829,#830,#831,#832),
  .UNSPECIFIED.,.F.,.F.,(6,6),(0.762909652067,0.914753173669),
  .PIECEWISE_BEZIER_KNOTS.);
#827 = CARTESIAN_POINT('',(-6.02138591938,-8.003823889903E-15));
#828 = CARTESIAN_POINT('',(-6.04464969657,0.63719485722));
#829 = CARTESIAN_POINT('',(-6.067345820193,1.312020287306));
#830 = CARTESIAN_POINT('',(-6.089466523137,2.025700687813));
#831 = CARTESIAN_POINT('',(-6.111009561692,2.779604614578));
#832 = CARTESIAN_POINT('',(-6.131976815875,3.5752607769));
#833 = ( GEOMETRIC_REPRESENTATION_CONTEXT(2) 
PARAMETRIC_REPRESENTATION_CONTEXT() REPRESENTATION_CONTEXT('2D SPACE',''
  ) );
#834 = ORIENTED_EDGE('',*,*,#731,.F.);
#835 = ADVANCED_FACE('',(#836),#292,.F.);
#836 = FACE_BOUND('',#837,.F.);
#837 = EDGE_LOOP('',(#838,#839,#840,#861));
#838 = ORIENTED_EDGE('',*,*,#784,.F.);
#839 = ORIENTED_EDGE('',*,*,#275,.T.);
#840 = ORIENTED_EDGE('',*,*,#841,.T.);
#841 = EDGE_CURVE('',#250,#842,#844,.T.);
#842 = VERTEX_POINT('',#843);
#843 = CARTESIAN_POINT('',(30.043242844873,4.577735178446,
    13.091405888884));
#844 = SURFACE_CURVE('',#845,(#849,#855),.PCURVE_S1.);
#845 = LINE('',#846,#847);
#846 = CARTESIAN_POINT('',(30.043242844873,4.577735178446,-1.));
#847 = VECTOR('',#848,1.);
#848 = DIRECTION('',(0.,0.,1.));
#849 = PCURVE('',#292,#850);
#850 = DEFINITIONAL_REPRESENTATION('',(#851),#854);
#851 = B_SPLINE_CURVE_WITH_KNOTS('',1,(#852,#853),.UNSPECIFIED.,.F.,.F.,
  (2,2),(-5.999999999062E-07,102.0000006),.PIECEWISE_BEZIER_KNOTS.);
#852 = CARTESIAN_POINT('',(6.434393798514,-5.999999999062E-07));
#853 = CARTESIAN_POINT('',(6.434393798514,102.0000006));
#854 = ( GEOMETRIC_REPRESENTATION_CONTEXT(2) 
PARAMETRIC_REPRESENTATION_CONTEXT() REPRESENTATION_CONTEXT('2D SPACE',''
  ) );
#855 = PCURVE('',#264,#856);
#856 = DEFINITIONAL_REPRESENTATION('',(#857),#860);
#857 = B_SPLINE_CURVE_WITH_KNOTS('',1,(#858,#859),.UNSPECIFIED.,.F.,.F.,
  (2,2),(-5.999999999062E-07,102.0000006),.PIECEWISE_BEZIER_KNOTS.);
#858 = CARTESIAN_POINT('',(4.378350133922,5.999999999062E-07));
#859 = CARTESIAN_POINT('',(4.378350133922,-102.0000006));
#860 = ( GEOMETRIC_REPRESENTATION_CONTEXT(2) 
PARAMETRIC_REPRESENTATION_CONTEXT() REPRESENTATION_CONTEXT('2D SPACE',''
  ) );
#861 = ORIENTED_EDGE('',*,*,#862,.T.);
#862 = EDGE_CURVE('',#842,#785,#863,.T.);
#863 = SURFACE_CURVE('',#864,(#869,#876),.PCURVE_S1.);
#864 = CIRCLE('',#865,30.39);
#865 = AXIS2_PLACEMENT_3D('',#866,#867,#868);
#866 = CARTESIAN_POINT('',(0.,0.,13.091405888884));
#867 = DIRECTION('',(-1.109335647967E-31,-3.880427264042E-16,-1.));
#868 = DIRECTION('',(0.988589761266,0.150632944338,-5.845201840738E-17)
  );
#869 = PCURVE('',#292,#870);
#870 = DEFINITIONAL_REPRESENTATION('',(#871),#875);
#871 = LINE('',#872,#873);
#872 = CARTESIAN_POINT('',(6.434393798514,14.091405888884));
#873 = VECTOR('',#874,1.);
#874 = DIRECTION('',(-1.,-0.));
#875 = ( GEOMETRIC_REPRESENTATION_CONTEXT(2) 
PARAMETRIC_REPRESENTATION_CONTEXT() REPRESENTATION_CONTEXT('2D SPACE',''
  ) );
#876 = PCURVE('',#820,#877);
#877 = DEFINITIONAL_REPRESENTATION('',(#878),#882);
#878 = LINE('',#879,#880);
#879 = CARTESIAN_POINT('',(-6.434393798514,3.575260777783));
#880 = VECTOR('',#881,1.);
#881 = DIRECTION('',(1.,-0.));
#882 = ( GEOMETRIC_REPRESENTATION_CONTEXT(2) 
PARAMETRIC_REPRESENTATION_CONTEXT() REPRESENTATION_CONTEXT('2D SPACE',''
  ) );
#883 = ADVANCED_FACE('',(#884),#264,.F.);
#884 = FACE_BOUND('',#885,.F.);
#885 = EDGE_LOOP('',(#886,#887,#910,#935));
#886 = ORIENTED_EDGE('',*,*,#249,.T.);
#887 = ORIENTED_EDGE('',*,*,#888,.T.);
#888 = EDGE_CURVE('',#224,#889,#891,.T.);
#889 = VERTEX_POINT('',#890);
#890 = CARTESIAN_POINT('',(26.456708382058,7.089053645358,
    16.666666666667));
#891 = SURFACE_CURVE('',#892,(#896,#903),.PCURVE_S1.);
#892 = LINE('',#893,#894);
#893 = CARTESIAN_POINT('',(26.456708382058,7.089053645358,-1.));
#894 = VECTOR('',#895,1.);
#895 = DIRECTION('',(0.,0.,1.));
#896 = PCURVE('',#264,#897);
#897 = DEFINITIONAL_REPRESENTATION('',(#898),#902);
#898 = LINE('',#899,#900);
#899 = CARTESIAN_POINT('',(0.,0.));
#900 = VECTOR('',#901,1.);
#901 = DIRECTION('',(0.,-1.));
#902 = ( GEOMETRIC_REPRESENTATION_CONTEXT(2) 
PARAMETRIC_REPRESENTATION_CONTEXT() REPRESENTATION_CONTEXT('2D SPACE',''
  ) );
#903 = PCURVE('',#238,#904);
#904 = DEFINITIONAL_REPRESENTATION('',(#905),#909);
#905 = LINE('',#906,#907);
#906 = CARTESIAN_POINT('',(6.222895307442,0.));
#907 = VECTOR('',#908,1.);
#908 = DIRECTION('',(0.,-1.));
#909 = ( GEOMETRIC_REPRESENTATION_CONTEXT(2) 
PARAMETRIC_REPRESENTATION_CONTEXT() REPRESENTATION_CONTEXT('2D SPACE',''
  ) );
#910 = ORIENTED_EDGE('',*,*,#911,.F.);
#911 = EDGE_CURVE('',#842,#889,#912,.T.);
#912 = SURFACE_CURVE('',#913,(#918,#925),.PCURVE_S1.);
#913 = HYPERBOLA('',#914,25.005322988392,20.981957297029);
#914 = AXIS2_PLACEMENT_3D('',#915,#916,#917);
#915 = CARTESIAN_POINT('',(12.0347562941,17.187413213045,49.308797567822
    ));
#916 = DIRECTION('',(0.573576436351,0.819152044289,0.));
#917 = DIRECTION('',(0.,0.,-1.));
#918 = PCURVE('',#264,#919);
#919 = DEFINITIONAL_REPRESENTATION('',(#920),#924);
#920 = ( BOUNDED_CURVE() B_SPLINE_CURVE(2,(#921,#922,#923),
.UNSPECIFIED.,.F.,.F.) B_SPLINE_CURVE_WITH_KNOTS((3,3),(-0.929085588136,
-0.762909652067),.PIECEWISE_BEZIER_KNOTS.) CURVE() 
GEOMETRIC_REPRESENTATION_ITEM() RATIONAL_B_SPLINE_CURVE((1.,1.0034537915
,1.)) REPRESENTATION_ITEM('') );
#921 = CARTESIAN_POINT('',(4.816185147315,-13.71216569351));
#922 = CARTESIAN_POINT('',(2.270556834366,-15.92731922091));
#923 = CARTESIAN_POINT('',(0.,-17.66666666666));
#924 = ( GEOMETRIC_REPRESENTATION_CONTEXT(2) 
PARAMETRIC_REPRESENTATION_CONTEXT() REPRESENTATION_CONTEXT('2D SPACE',''
  ) );
#925 = PCURVE('',#820,#926);
#926 = DEFINITIONAL_REPRESENTATION('',(#927),#934);
#927 = B_SPLINE_CURVE_WITH_KNOTS('',5,(#928,#929,#930,#931,#932,#933),
  .UNSPECIFIED.,.F.,.F.,(6,6),(-0.914753173669,-0.762909652067),
  .PIECEWISE_BEZIER_KNOTS.);
#928 = CARTESIAN_POINT('',(-6.434393798484,3.5752607769));
#929 = CARTESIAN_POINT('',(-6.455361052667,2.779604614578));
#930 = CARTESIAN_POINT('',(-6.476904091222,2.025700687813));
#931 = CARTESIAN_POINT('',(-6.499024794166,1.312020287306));
#932 = CARTESIAN_POINT('',(-6.521720917789,0.63719485722));
#933 = CARTESIAN_POINT('',(-6.544984694979,-2.084817967448E-15));
#934 = ( GEOMETRIC_REPRESENTATION_CONTEXT(2) 
PARAMETRIC_REPRESENTATION_CONTEXT() REPRESENTATION_CONTEXT('2D SPACE',''
  ) );
#935 = ORIENTED_EDGE('',*,*,#841,.F.);
#936 = ADVANCED_FACE('',(#937),#238,.F.);
#937 = FACE_BOUND('',#938,.F.);
#938 = EDGE_LOOP('',(#939,#940,#961,#991));
#939 = ORIENTED_EDGE('',*,*,#223,.T.);
#940 = ORIENTED_EDGE('',*,*,#941,.T.);
#941 = EDGE_CURVE('',#195,#942,#944,.T.);
#942 = VERTEX_POINT('',#943);
#943 = CARTESIAN_POINT('',(28.307079104948,11.057186466105,
    13.091405888884));
#944 = SURFACE_CURVE('',#945,(#949,#955),.PCURVE_S1.);
#945 = LINE('',#946,#947);
#946 = CARTESIAN_POINT('',(28.307079104948,11.057186466105,-1.));
#947 = VECTOR('',#948,1.);
#948 = DIRECTION('',(0.,0.,1.));
#949 = PCURVE('',#238,#950);
#950 = DEFINITIONAL_REPRESENTATION('',(#951),#954);
#951 = B_SPLINE_CURVE_WITH_KNOTS('',1,(#952,#953),.UNSPECIFIED.,.F.,.F.,
  (2,2),(-5.999999999062E-07,102.0000006),.PIECEWISE_BEZIER_KNOTS.);
#952 = CARTESIAN_POINT('',(1.844545173519,5.999999999062E-07));
#953 = CARTESIAN_POINT('',(1.844545173519,-102.0000006));
#954 = ( GEOMETRIC_REPRESENTATION_CONTEXT(2) 
PARAMETRIC_REPRESENTATION_CONTEXT() REPRESENTATION_CONTEXT('2D SPACE',''
  ) );
#955 = PCURVE('',#211,#956);
#956 = DEFINITIONAL_REPRESENTATION('',(#957),#960);
#957 = B_SPLINE_CURVE_WITH_KNOTS('',1,(#958,#959),.UNSPECIFIED.,.F.,.F.,
  (2,2),(-5.999999999062E-07,102.0000006),.PIECEWISE_BEZIER_KNOTS.);
#958 = CARTESIAN_POINT('',(6.655575591444,-5.999999999062E-07));
#959 = CARTESIAN_POINT('',(6.655575591444,102.0000006));
#960 = ( GEOMETRIC_REPRESENTATION_CONTEXT(2) 
PARAMETRIC_REPRESENTATION_CONTEXT() REPRESENTATION_CONTEXT('2D SPACE',''
  ) );
#961 = ORIENTED_EDGE('',*,*,#962,.F.);
#962 = EDGE_CURVE('',#889,#942,#963,.T.);
#963 = SURFACE_CURVE('',#964,(#969,#976),.PCURVE_S1.);
#964 = HYPERBOLA('',#965,25.005322988392,20.981957297029);
#965 = AXIS2_PLACEMENT_3D('',#966,#967,#968);
#966 = CARTESIAN_POINT('',(19.016111285568,-8.867358320788,
    49.308797567822));
#967 = DIRECTION('',(0.906307787037,-0.422618261741,0.));
#968 = DIRECTION('',(0.,-0.,-1.));
#969 = PCURVE('',#238,#970);
#970 = DEFINITIONAL_REPRESENTATION('',(#971),#975);
#971 = ( BOUNDED_CURVE() B_SPLINE_CURVE(2,(#972,#973,#974),
.UNSPECIFIED.,.F.,.F.) B_SPLINE_CURVE_WITH_KNOTS((3,3),(0.762909652067,
0.929085588136),.PIECEWISE_BEZIER_KNOTS.) CURVE() 
GEOMETRIC_REPRESENTATION_ITEM() RATIONAL_B_SPLINE_CURVE((1.,1.0034537915
,1.)) REPRESENTATION_ITEM('') );
#972 = CARTESIAN_POINT('',(6.222895307442,-17.66666666666));
#973 = CARTESIAN_POINT('',(3.952338473076,-15.92731922091));
#974 = CARTESIAN_POINT('',(1.406710160127,-13.71216569351));
#975 = ( GEOMETRIC_REPRESENTATION_CONTEXT(2) 
PARAMETRIC_REPRESENTATION_CONTEXT() REPRESENTATION_CONTEXT('2D SPACE',''
  ) );
#976 = PCURVE('',#977,#982);
#977 = CONICAL_SURFACE('',#978,27.39,0.698131700798);
#978 = AXIS2_PLACEMENT_3D('',#979,#980,#981);
#979 = CARTESIAN_POINT('',(0.,0.,16.666666666667));
#980 = DIRECTION('',(-0.,-0.,-1.));
#981 = DIRECTION('',(1.,0.,0.));
#982 = DEFINITIONAL_REPRESENTATION('',(#983),#990);
#983 = B_SPLINE_CURVE_WITH_KNOTS('',5,(#984,#985,#986,#987,#988,#989),
  .UNSPECIFIED.,.F.,.F.,(6,6),(0.762909652067,0.929085588136),
  .PIECEWISE_BEZIER_KNOTS.);
#984 = CARTESIAN_POINT('',(-0.261799387799,5.583557942564E-15));
#985 = CARTESIAN_POINT('',(-0.28725901828,0.697339278879));
#986 = CARTESIAN_POINT('',(-0.312038776843,1.439748246886));
#987 = CARTESIAN_POINT('',(-0.336128482844,2.228831767345));
#988 = CARTESIAN_POINT('',(-0.359525878723,3.066401492409));
#989 = CARTESIAN_POINT('',(-0.382234432716,3.954500973152));
#990 = ( GEOMETRIC_REPRESENTATION_CONTEXT(2) 
PARAMETRIC_REPRESENTATION_CONTEXT() REPRESENTATION_CONTEXT('2D SPACE',''
  ) );
#991 = ORIENTED_EDGE('',*,*,#888,.F.);
#992 = ADVANCED_FACE('',(#993),#211,.F.);
#993 = FACE_BOUND('',#994,.F.);
#994 = EDGE_LOOP('',(#995,#996,#997,#1018));
#995 = ORIENTED_EDGE('',*,*,#941,.F.);
#996 = ORIENTED_EDGE('',*,*,#194,.T.);
#997 = ORIENTED_EDGE('',*,*,#998,.T.);
#998 = EDGE_CURVE('',#169,#999,#1001,.T.);
#999 = VERTEX_POINT('',#1000);
#1000 = CARTESIAN_POINT('',(23.729343926502,18.986056378768,
    13.091405888884));
#1001 = SURFACE_CURVE('',#1002,(#1006,#1012),.PCURVE_S1.);
#1002 = LINE('',#1003,#1004);
#1003 = CARTESIAN_POINT('',(23.729343926502,18.986056378768,-1.));
#1004 = VECTOR('',#1005,1.);
#1005 = DIRECTION('',(0.,0.,1.));
#1006 = PCURVE('',#211,#1007);
#1007 = DEFINITIONAL_REPRESENTATION('',(#1008),#1011);
#1008 = B_SPLINE_CURVE_WITH_KNOTS('',1,(#1009,#1010),.UNSPECIFIED.,.F.,
  .F.,(2,2),(0.,102.),.PIECEWISE_BEZIER_KNOTS.);
#1009 = CARTESIAN_POINT('',(6.957992574112,0.));
#1010 = CARTESIAN_POINT('',(6.957992574112,102.));
#1011 = ( GEOMETRIC_REPRESENTATION_CONTEXT(2) 
PARAMETRIC_REPRESENTATION_CONTEXT() REPRESENTATION_CONTEXT('2D SPACE',''
  ) );
#1012 = PCURVE('',#183,#1013);
#1013 = DEFINITIONAL_REPRESENTATION('',(#1014),#1017);
#1014 = B_SPLINE_CURVE_WITH_KNOTS('',1,(#1015,#1016),.UNSPECIFIED.,.F.,
  .F.,(2,2),(-5.999999999062E-07,102.0000006),.PIECEWISE_BEZIER_KNOTS.);
#1015 = CARTESIAN_POINT('',(4.378350133922,5.999999999062E-07));
#1016 = CARTESIAN_POINT('',(4.378350133922,-102.0000006));
#1017 = ( GEOMETRIC_REPRESENTATION_CONTEXT(2) 
PARAMETRIC_REPRESENTATION_CONTEXT() REPRESENTATION_CONTEXT('2D SPACE',''
  ) );
#1018 = ORIENTED_EDGE('',*,*,#1019,.F.);
#1019 = EDGE_CURVE('',#942,#999,#1020,.T.);
#1020 = SURFACE_CURVE('',#1021,(#1026,#1033),.PCURVE_S1.);
#1021 = CIRCLE('',#1022,30.39);
#1022 = AXIS2_PLACEMENT_3D('',#1023,#1024,#1025);
#1023 = CARTESIAN_POINT('',(0.,0.,13.091405888884));
#1024 = DIRECTION('',(0.,0.,1.));
#1025 = DIRECTION('',(0.,-1.,0.));
#1026 = PCURVE('',#211,#1027);
#1027 = DEFINITIONAL_REPRESENTATION('',(#1028),#1032);
#1028 = LINE('',#1029,#1030);
#1029 = CARTESIAN_POINT('',(4.712388980385,14.091405888884));
#1030 = VECTOR('',#1031,1.);
#1031 = DIRECTION('',(1.,0.));
#1032 = ( GEOMETRIC_REPRESENTATION_CONTEXT(2) 
PARAMETRIC_REPRESENTATION_CONTEXT() REPRESENTATION_CONTEXT('2D SPACE',''
  ) );
#1033 = PCURVE('',#977,#1034);
#1034 = DEFINITIONAL_REPRESENTATION('',(#1035),#1039);
#1035 = LINE('',#1036,#1037);
#1036 = CARTESIAN_POINT('',(1.570796326795,3.575260777783));
#1037 = VECTOR('',#1038,1.);
#1038 = DIRECTION('',(-1.,0.));
#1039 = ( GEOMETRIC_REPRESENTATION_CONTEXT(2) 
PARAMETRIC_REPRESENTATION_CONTEXT() REPRESENTATION_CONTEXT('2D SPACE',''
  ) );
#1040 = ADVANCED_FACE('',(#1041),#183,.F.);
#1041 = FACE_BOUND('',#1042,.F.);
#1042 = EDGE_LOOP('',(#1043,#1044,#1067,#1092));
#1043 = ORIENTED_EDGE('',*,*,#168,.T.);
#1044 = ORIENTED_EDGE('',*,*,#1045,.T.);
#1045 = EDGE_CURVE('',#141,#1046,#1048,.T.);
#1046 = VERTEX_POINT('',#1047);
#1047 = CARTESIAN_POINT('',(19.3676547367,19.3676547367,16.666666666667)
  );
#1048 = SURFACE_CURVE('',#1049,(#1053,#1060),.PCURVE_S1.);
#1049 = LINE('',#1050,#1051);
#1050 = CARTESIAN_POINT('',(19.3676547367,19.3676547367,-1.));
#1051 = VECTOR('',#1052,1.);
#1052 = DIRECTION('',(0.,0.,1.));
#1053 = PCURVE('',#183,#1054);
#1054 = DEFINITIONAL_REPRESENTATION('',(#1055),#1059);
#1055 = LINE('',#1056,#1057);
#1056 = CARTESIAN_POINT('',(0.,0.));
#1057 = VECTOR('',#1058,1.);
#1058 = DIRECTION('',(0.,-1.));
#1059 = ( GEOMETRIC_REPRESENTATION_CONTEXT(2) 
PARAMETRIC_REPRESENTATION_CONTEXT() REPRESENTATION_CONTEXT('2D SPACE',''
  ) );
#1060 = PCURVE('',#156,#1061);
#1061 = DEFINITIONAL_REPRESENTATION('',(#1062),#1066);
#1062 = LINE('',#1063,#1064);
#1063 = CARTESIAN_POINT('',(84.021744443752,1.));
#1064 = VECTOR('',#1065,1.);
#1065 = DIRECTION('',(0.,-1.));
#1066 = ( GEOMETRIC_REPRESENTATION_CONTEXT(2) 
PARAMETRIC_REPRESENTATION_CONTEXT() REPRESENTATION_CONTEXT('2D SPACE',''
  ) );
#1067 = ORIENTED_EDGE('',*,*,#1068,.F.);
#1068 = EDGE_CURVE('',#999,#1046,#1069,.T.);
#1069 = SURFACE_CURVE('',#1070,(#1075,#1082),.PCURVE_S1.);
#1070 = HYPERBOLA('',#1071,25.005322988392,20.981957297029);
#1071 = AXIS2_PLACEMENT_3D('',#1072,#1073,#1074);
#1072 = CARTESIAN_POINT('',(1.828698072522,20.902114614888,
    49.308797567822));
#1073 = DIRECTION('',(8.715574274766E-02,0.996194698092,0.));
#1074 = DIRECTION('',(0.,0.,-1.));
#1075 = PCURVE('',#183,#1076);
#1076 = DEFINITIONAL_REPRESENTATION('',(#1077),#1081);
#1077 = ( BOUNDED_CURVE() B_SPLINE_CURVE(2,(#1078,#1079,#1080),
.UNSPECIFIED.,.F.,.F.) B_SPLINE_CURVE_WITH_KNOTS((3,3),(-0.929085588136,
-0.762909652067),.PIECEWISE_BEZIER_KNOTS.) CURVE() 
GEOMETRIC_REPRESENTATION_ITEM() RATIONAL_B_SPLINE_CURVE((1.,1.0034537915
,1.)) REPRESENTATION_ITEM('') );
#1078 = CARTESIAN_POINT('',(4.816185147315,-13.71216569351));
#1079 = CARTESIAN_POINT('',(2.270556834366,-15.92731922091));
#1080 = CARTESIAN_POINT('',(0.,-17.66666666666));
#1081 = ( GEOMETRIC_REPRESENTATION_CONTEXT(2) 
PARAMETRIC_REPRESENTATION_CONTEXT() REPRESENTATION_CONTEXT('2D SPACE',''
  ) );
#1082 = PCURVE('',#977,#1083);
#1083 = DEFINITIONAL_REPRESENTATION('',(#1084),#1091);
#1084 = B_SPLINE_CURVE_WITH_KNOTS('',5,(#1085,#1086,#1087,#1088,#1089,
    #1090),.UNSPECIFIED.,.F.,.F.,(6,6),(-0.929085588136,-0.762909652067)
  ,.PIECEWISE_BEZIER_KNOTS.);
#1085 = CARTESIAN_POINT('',(-0.664963118481,3.954500973152));
#1086 = CARTESIAN_POINT('',(-0.687671672473,3.06640149241));
#1087 = CARTESIAN_POINT('',(-0.711069068353,2.228831767346));
#1088 = CARTESIAN_POINT('',(-0.735158774354,1.439748246886));
#1089 = CARTESIAN_POINT('',(-0.759938532916,0.697339278879));
#1090 = CARTESIAN_POINT('',(-0.785398163397,-5.583557942564E-15));
#1091 = ( GEOMETRIC_REPRESENTATION_CONTEXT(2) 
PARAMETRIC_REPRESENTATION_CONTEXT() REPRESENTATION_CONTEXT('2D SPACE',''
  ) );
#1092 = ORIENTED_EDGE('',*,*,#998,.F.);
#1093 = ADVANCED_FACE('',(#1094),#156,.F.);
#1094 = FACE_BOUND('',#1095,.F.);
#1095 = EDGE_LOOP('',(#1096,#1097,#1118,#1141,#1169,#1197,#1225,#1253,
    #1279));
#1096 = ORIENTED_EDGE('',*,*,#140,.F.);
#1097 = ORIENTED_EDGE('',*,*,#1098,.T.);
#1098 = EDGE_CURVE('',#113,#1099,#1101,.T.);
#1099 = VERTEX_POINT('',#1100);
#1100 = CARTESIAN_POINT('',(35.39,35.39,100.));
#1101 = SURFACE_CURVE('',#1102,(#1106,#1112),.PCURVE_S1.);
#1102 = LINE('',#1103,#1104);
#1103 = CARTESIAN_POINT('',(35.39,35.39,0.));
#1104 = VECTOR('',#1105,1.);
#1105 = DIRECTION('',(0.,0.,1.));
#1106 = PCURVE('',#156,#1107);
#1107 = DEFINITIONAL_REPRESENTATION('',(#1108),#1111);
#1108 = B_SPLINE_CURVE_WITH_KNOTS('',1,(#1109,#1110),.UNSPECIFIED.,.F.,
  .F.,(2,2),(0.,100.),.PIECEWISE_BEZIER_KNOTS.);
#1109 = CARTESIAN_POINT('',(61.362726471369,0.));
#1110 = CARTESIAN_POINT('',(61.362726471369,-100.));
#1111 = ( GEOMETRIC_REPRESENTATION_CONTEXT(2) 
PARAMETRIC_REPRESENTATION_CONTEXT() REPRESENTATION_CONTEXT('2D SPACE',''
  ) );
#1112 = PCURVE('',#128,#1113);
#1113 = DEFINITIONAL_REPRESENTATION('',(#1114),#1117);
#1114 = B_SPLINE_CURVE_WITH_KNOTS('',1,(#1115,#1116),.UNSPECIFIED.,.F.,
  .F.,(2,2),(0.,100.),.PIECEWISE_BEZIER_KNOTS.);
#1115 = CARTESIAN_POINT('',(5.656854249492,0.));
#1116 = CARTESIAN_POINT('',(5.656854249492,-100.));
#1117 = ( GEOMETRIC_REPRESENTATION_CONTEXT(2) 
PARAMETRIC_REPRESENTATION_CONTEXT() REPRESENTATION_CONTEXT('2D SPACE',''
  ) );
#1118 = ORIENTED_EDGE('',*,*,#1119,.T.);
#1119 = EDGE_CURVE('',#1099,#1120,#1122,.T.);
#1120 = VERTEX_POINT('',#1121);
#1121 = CARTESIAN_POINT('',(19.3676547367,19.3676547367,100.));
#1122 = SURFACE_CURVE('',#1123,(#1127,#1134),.PCURVE_S1.);
#1123 = LINE('',#1124,#1125);
#1124 = CARTESIAN_POINT('',(78.78,78.78,100.));
#1125 = VECTOR('',#1126,1.);
#1126 = DIRECTION('',(-0.707106781187,-0.707106781187,0.));
#1127 = PCURVE('',#156,#1128);
#1128 = DEFINITIONAL_REPRESENTATION('',(#1129),#1133);
#1129 = LINE('',#1130,#1131);
#1130 = CARTESIAN_POINT('',(0.,-100.));
#1131 = VECTOR('',#1132,1.);
#1132 = DIRECTION('',(1.,0.));
#1133 = ( GEOMETRIC_REPRESENTATION_CONTEXT(2) 
PARAMETRIC_REPRESENTATION_CONTEXT() REPRESENTATION_CONTEXT('2D SPACE',''
  ) );
#1134 = PCURVE('',#592,#1135);
#1135 = DEFINITIONAL_REPRESENTATION('',(#1136),#1140);
#1136 = LINE('',#1137,#1138);
#1137 = CARTESIAN_POINT('',(78.78,78.78));
#1138 = VECTOR('',#1139,1.);
#1139 = DIRECTION('',(-0.707106781187,-0.707106781187));
#1140 = ( GEOMETRIC_REPRESENTATION_CONTEXT(2) 
PARAMETRIC_REPRESENTATION_CONTEXT() REPRESENTATION_CONTEXT('2D SPACE',''
  ) );
#1141 = ORIENTED_EDGE('',*,*,#1142,.F.);
#1142 = EDGE_CURVE('',#1143,#1120,#1145,.T.);
#1143 = VERTEX_POINT('',#1144);
#1144 = CARTESIAN_POINT('',(19.3676547367,19.3676547367,83.333333333333)
  );
#1145 = SURFACE_CURVE('',#1146,(#1150,#1157),.PCURVE_S1.);
#1146 = LINE('',#1147,#1148);
#1147 = CARTESIAN_POINT('',(19.3676547367,19.3676547367,-1.));
#1148 = VECTOR('',#1149,1.);
#1149 = DIRECTION('',(0.,0.,1.));
#1150 = PCURVE('',#156,#1151);
#1151 = DEFINITIONAL_REPRESENTATION('',(#1152),#1156);
#1152 = LINE('',#1153,#1154);
#1153 = CARTESIAN_POINT('',(84.021744443752,1.));
#1154 = VECTOR('',#1155,1.);
#1155 = DIRECTION('',(0.,-1.));
#1156 = ( GEOMETRIC_REPRESENTATION_CONTEXT(2) 
PARAMETRIC_REPRESENTATION_CONTEXT() REPRESENTATION_CONTEXT('2D SPACE',''
  ) );
#1157 = PCURVE('',#1158,#1163);
#1158 = PLANE('',#1159);
#1159 = AXIS2_PLACEMENT_3D('',#1160,#1161,#1162);
#1160 = CARTESIAN_POINT('',(19.3676547367,19.3676547367,-1.));
#1161 = DIRECTION('',(8.715574274766E-02,0.996194698092,0.));
#1162 = DIRECTION('',(0.996194698092,-8.715574274766E-02,0.));
#1163 = DEFINITIONAL_REPRESENTATION('',(#1164),#1168);
#1164 = LINE('',#1165,#1166);
#1165 = CARTESIAN_POINT('',(0.,0.));
#1166 = VECTOR('',#1167,1.);
#1167 = DIRECTION('',(0.,-1.));
#1168 = ( GEOMETRIC_REPRESENTATION_CONTEXT(2) 
PARAMETRIC_REPRESENTATION_CONTEXT() REPRESENTATION_CONTEXT('2D SPACE',''
  ) );
#1169 = ORIENTED_EDGE('',*,*,#1170,.F.);
#1170 = EDGE_CURVE('',#1171,#1143,#1173,.T.);
#1171 = VERTEX_POINT('',#1172);
#1172 = CARTESIAN_POINT('',(19.3676547367,19.3676547367,66.666666666667)
  );
#1173 = SURFACE_CURVE('',#1174,(#1178,#1185),.PCURVE_S1.);
#1174 = LINE('',#1175,#1176);
#1175 = CARTESIAN_POINT('',(19.3676547367,19.3676547367,-1.));
#1176 = VECTOR('',#1177,1.);
#1177 = DIRECTION('',(0.,0.,1.));
#1178 = PCURVE('',#156,#1179);
#1179 = DEFINITIONAL_REPRESENTATION('',(#1180),#1184);
#1180 = LINE('',#1181,#1182);
#1181 = CARTESIAN_POINT('',(84.021744443752,1.));
#1182 = VECTOR('',#1183,1.);
#1183 = DIRECTION('',(0.,-1.));
#1184 = ( GEOMETRIC_REPRESENTATION_CONTEXT(2) 
PARAMETRIC_REPRESENTATION_CONTEXT() REPRESENTATION_CONTEXT('2D SPACE',''
  ) );
#1185 = PCURVE('',#1186,#1191);
#1186 = PLANE('',#1187);
#1187 = AXIS2_PLACEMENT_3D('',#1188,#1189,#1190);
#1188 = CARTESIAN_POINT('',(19.3676547367,19.3676547367,-1.));
#1189 = DIRECTION('',(8.715574274766E-02,0.996194698092,0.));
#1190 = DIRECTION('',(0.996194698092,-8.715574274766E-02,0.));
#1191 = DEFINITIONAL_REPRESENTATION('',(#1192),#1196);
#1192 = LINE('',#1193,#1194);
#1193 = CARTESIAN_POINT('',(0.,0.));
#1194 = VECTOR('',#1195,1.);
#1195 = DIRECTION('',(0.,-1.));
#1196 = ( GEOMETRIC_REPRESENTATION_CONTEXT(2) 
PARAMETRIC_REPRESENTATION_CONTEXT() REPRESENTATION_CONTEXT('2D SPACE',''
  ) );
#1197 = ORIENTED_EDGE('',*,*,#1198,.F.);
#1198 = EDGE_CURVE('',#1199,#1171,#1201,.T.);
#1199 = VERTEX_POINT('',#1200);
#1200 = CARTESIAN_POINT('',(19.3676547367,19.3676547367,50.));
#1201 = SURFACE_CURVE('',#1202,(#1206,#1213),.PCURVE_S1.);
#1202 = LINE('',#1203,#1204);
#1203 = CARTESIAN_POINT('',(19.3676547367,19.3676547367,-1.));
#1204 = VECTOR('',#1205,1.);
#1205 = DIRECTION('',(0.,0.,1.));
#1206 = PCURVE('',#156,#1207);
#1207 = DEFINITIONAL_REPRESENTATION('',(#1208),#1212);
#1208 = LINE('',#1209,#1210);
#1209 = CARTESIAN_POINT('',(84.021744443752,1.));
#1210 = VECTOR('',#1211,1.);
#1211 = DIRECTION('',(0.,-1.));
#1212 = ( GEOMETRIC_REPRESENTATION_CONTEXT(2) 
PARAMETRIC_REPRESENTATION_CONTEXT() REPRESENTATION_CONTEXT('2D SPACE',''
  ) );
#1213 = PCURVE('',#1214,#1219);
#1214 = PLANE('',#1215);
#1215 = AXIS2_PLACEMENT_3D('',#1216,#1217,#1218);
#1216 = CARTESIAN_POINT('',(19.3676547367,19.3676547367,-1.));
#1217 = DIRECTION('',(8.715574274766E-02,0.996194698092,0.));
#1218 = DIRECTION('',(0.996194698092,-8.715574274766E-02,0.));
#1219 = DEFINITIONAL_REPRESENTATION('',(#1220),#1224);
#1220 = LINE('',#1221,#1222);
#1221 = CARTESIAN_POINT('',(0.,0.));
#1222 = VECTOR('',#1223,1.);
#1223 = DIRECTION('',(0.,-1.));
#1224 = ( GEOMETRIC_REPRESENTATION_CONTEXT(2) 
PARAMETRIC_REPRESENTATION_CONTEXT() REPRESENTATION_CONTEXT('2D SPACE',''
  ) );
#1225 = ORIENTED_EDGE('',*,*,#1226,.F.);
#1226 = EDGE_CURVE('',#1227,#1199,#1229,.T.);
#1227 = VERTEX_POINT('',#1228);
#1228 = CARTESIAN_POINT('',(19.3676547367,19.3676547367,33.333333333333)
  );
#1229 = SURFACE_CURVE('',#1230,(#1234,#1241),.PCURVE_S1.);
#1230 = LINE('',#1231,#1232);
#1231 = CARTESIAN_POINT('',(19.3676547367,19.3676547367,-1.));
#1232 = VECTOR('',#1233,1.);
#1233 = DIRECTION('',(0.,0.,1.));
#1234 = PCURVE('',#156,#1235);
#1235 = DEFINITIONAL_REPRESENTATION('',(#1236),#1240);
#1236 = LINE('',#1237,#1238);
#1237 = CARTESIAN_POINT('',(84.021744443752,1.));
#1238 = VECTOR('',#1239,1.);
#1239 = DIRECTION('',(0.,-1.));
#1240 = ( GEOMETRIC_REPRESENTATION_CONTEXT(2) 
PARAMETRIC_REPRESENTATION_CONTEXT() REPRESENTATION_CONTEXT('2D SPACE',''
  ) );
#1241 = PCURVE('',#1242,#1247);
#1242 = PLANE('',#1243);
#1243 = AXIS2_PLACEMENT_3D('',#1244,#1245,#1246);
#1244 = CARTESIAN_POINT('',(19.3676547367,19.3676547367,-1.));
#1245 = DIRECTION('',(8.715574274766E-02,0.996194698092,0.));
#1246 = DIRECTION('',(0.996194698092,-8.715574274766E-02,0.));
#1247 = DEFINITIONAL_REPRESENTATION('',(#1248),#1252);
#1248 = LINE('',#1249,#1250);
#1249 = CARTESIAN_POINT('',(0.,0.));
#1250 = VECTOR('',#1251,1.);
#1251 = DIRECTION('',(0.,-1.));
#1252 = ( GEOMETRIC_REPRESENTATION_CONTEXT(2) 
PARAMETRIC_REPRESENTATION_CONTEXT() REPRESENTATION_CONTEXT('2D SPACE',''
  ) );
#1253 = ORIENTED_EDGE('',*,*,#1254,.F.);
#1254 = EDGE_CURVE('',#1046,#1227,#1255,.T.);
#1255 = SURFACE_CURVE('',#1256,(#1260,#1267),.PCURVE_S1.);
#1256 = LINE('',#1257,#1258);
#1257 = CARTESIAN_POINT('',(19.3676547367,19.3676547367,-1.));
#1258 = VECTOR('',#1259,1.);
#1259 = DIRECTION('',(0.,0.,1.));
#1260 = PCURVE('',#156,#1261);
#1261 = DEFINITIONAL_REPRESENTATION('',(#1262),#1266);
#1262 = LINE('',#1263,#1264);
#1263 = CARTESIAN_POINT('',(84.021744443752,1.));
#1264 = VECTOR('',#1265,1.);
#1265 = DIRECTION('',(0.,-1.));
#1266 = ( GEOMETRIC_REPRESENTATION_CONTEXT(2) 
PARAMETRIC_REPRESENTATION_CONTEXT() REPRESENTATION_CONTEXT('2D SPACE',''
  ) );
#1267 = PCURVE('',#1268,#1273);
#1268 = PLANE('',#1269);
#1269 = AXIS2_PLACEMENT_3D('',#1270,#1271,#1272);
#1270 = CARTESIAN_POINT('',(19.3676547367,19.3676547367,-1.));
#1271 = DIRECTION('',(8.715574274766E-02,0.996194698092,0.));
#1272 = DIRECTION('',(0.996194698092,-8.715574274766E-02,0.));
#1273 = DEFINITIONAL_REPRESENTATION('',(#1274),#1278);
#1274 = LINE('',#1275,#1276);
#1275 = CARTESIAN_POINT('',(0.,0.));
#1276 = VECTOR('',#1277,1.);
#1277 = DIRECTION('',(0.,-1.));
#1278 = ( GEOMETRIC_REPRESENTATION_CONTEXT(2) 
PARAMETRIC_REPRESENTATION_CONTEXT() REPRESENTATION_CONTEXT('2D SPACE',''
  ) );
#1279 = ORIENTED_EDGE('',*,*,#1045,.F.);
#1280 = ADVANCED_FACE('',(#1281),#128,.F.);
#1281 = FACE_BOUND('',#1282,.F.);
#1282 = EDGE_LOOP('',(#1283,#1284,#1307,#1328));
#1283 = ORIENTED_EDGE('',*,*,#112,.F.);
#1284 = ORIENTED_EDGE('',*,*,#1285,.T.);
#1285 = EDGE_CURVE('',#85,#1286,#1288,.T.);
#1286 = VERTEX_POINT('',#1287);
#1287 = CARTESIAN_POINT('',(39.39,31.39,100.));
#1288 = SURFACE_CURVE('',#1289,(#1293,#1300),.PCURVE_S1.);
#1289 = LINE('',#1290,#1291);
#1290 = CARTESIAN_POINT('',(39.39,31.39,0.));
#1291 = VECTOR('',#1292,1.);
#1292 = DIRECTION('',(0.,0.,1.));
#1293 = PCURVE('',#128,#1294);
#1294 = DEFINITIONAL_REPRESENTATION('',(#1295),#1299);
#1295 = LINE('',#1296,#1297);
#1296 = CARTESIAN_POINT('',(0.,0.));
#1297 = VECTOR('',#1298,1.);
#1298 = DIRECTION('',(0.,-1.));
#1299 = ( GEOMETRIC_REPRESENTATION_CONTEXT(2) 
PARAMETRIC_REPRESENTATION_CONTEXT() REPRESENTATION_CONTEXT('2D SPACE',''
  ) );
#1300 = PCURVE('',#100,#1301);
#1301 = DEFINITIONAL_REPRESENTATION('',(#1302),#1306);
#1302 = LINE('',#1303,#1304);
#1303 = CARTESIAN_POINT('',(62.78,0.));
#1304 = VECTOR('',#1305,1.);
#1305 = DIRECTION('',(0.,-1.));
#1306 = ( GEOMETRIC_REPRESENTATION_CONTEXT(2) 
PARAMETRIC_REPRESENTATION_CONTEXT() REPRESENTATION_CONTEXT('2D SPACE',''
  ) );
#1307 = ORIENTED_EDGE('',*,*,#1308,.T.);
#1308 = EDGE_CURVE('',#1286,#1099,#1309,.T.);
#1309 = SURFACE_CURVE('',#1310,(#1314,#1321),.PCURVE_S1.);
#1310 = LINE('',#1311,#1312);
#1311 = CARTESIAN_POINT('',(35.39,35.39,100.));
#1312 = VECTOR('',#1313,1.);
#1313 = DIRECTION('',(-0.707106781187,0.707106781187,0.));
#1314 = PCURVE('',#128,#1315);
#1315 = DEFINITIONAL_REPRESENTATION('',(#1316),#1320);
#1316 = LINE('',#1317,#1318);
#1317 = CARTESIAN_POINT('',(5.656854249492,-100.));
#1318 = VECTOR('',#1319,1.);
#1319 = DIRECTION('',(1.,0.));
#1320 = ( GEOMETRIC_REPRESENTATION_CONTEXT(2) 
PARAMETRIC_REPRESENTATION_CONTEXT() REPRESENTATION_CONTEXT('2D SPACE',''
  ) );
#1321 = PCURVE('',#592,#1322);
#1322 = DEFINITIONAL_REPRESENTATION('',(#1323),#1327);
#1323 = LINE('',#1324,#1325);
#1324 = CARTESIAN_POINT('',(35.39,35.39));
#1325 = VECTOR('',#1326,1.);
#1326 = DIRECTION('',(-0.707106781187,0.707106781187));
#1327 = ( GEOMETRIC_REPRESENTATION_CONTEXT(2) 
PARAMETRIC_REPRESENTATION_CONTEXT() REPRESENTATION_CONTEXT('2D SPACE',''
  ) );
#1328 = ORIENTED_EDGE('',*,*,#1098,.F.);
#1329 = ADVANCED_FACE('',(#1330),#100,.F.);
#1330 = FACE_BOUND('',#1331,.F.);
#1331 = EDGE_LOOP('',(#1332,#1355,#1376,#1377));
#1332 = ORIENTED_EDGE('',*,*,#1333,.T.);
#1333 = EDGE_CURVE('',#57,#1334,#1336,.T.);
#1334 = VERTEX_POINT('',#1335);
#1335 = CARTESIAN_POINT('',(39.39,-31.39,100.));
#1336 = SURFACE_CURVE('',#1337,(#1341,#1348),.PCURVE_S1.);
#1337 = LINE('',#1338,#1339);
#1338 = CARTESIAN_POINT('',(39.39,-31.39,0.));
#1339 = VECTOR('',#1340,1.);
#1340 = DIRECTION('',(0.,0.,1.));
#1341 = PCURVE('',#100,#1342);
#1342 = DEFINITIONAL_REPRESENTATION('',(#1343),#1347);
#1343 = LINE('',#1344,#1345);
#1344 = CARTESIAN_POINT('',(0.,0.));
#1345 = VECTOR('',#1346,1.);
#1346 = DIRECTION('',(0.,-1.));
#1347 = ( GEOMETRIC_REPRESENTATION_CONTEXT(2) 
PARAMETRIC_REPRESENTATION_CONTEXT() REPRESENTATION_CONTEXT('2D SPACE',''
  ) );
#1348 = PCURVE('',#72,#1349);
#1349 = DEFINITIONAL_REPRESENTATION('',(#1350),#1354);
#1350 = LINE('',#1351,#1352);
#1351 = CARTESIAN_POINT('',(11.313708498985,0.));
#1352 = VECTOR('',#1353,1.);
#1353 = DIRECTION('',(0.,-1.));
#1354 = ( GEOMETRIC_REPRESENTATION_CONTEXT(2) 
PARAMETRIC_REPRESENTATION_CONTEXT() REPRESENTATION_CONTEXT('2D SPACE',''
  ) );
#1355 = ORIENTED_EDGE('',*,*,#1356,.T.);
#1356 = EDGE_CURVE('',#1334,#1286,#1357,.T.);
#1357 = SURFACE_CURVE('',#1358,(#1362,#1369),.PCURVE_S1.);
#1358 = LINE('',#1359,#1360);
#1359 = CARTESIAN_POINT('',(39.39,0.,100.));
#1360 = VECTOR('',#1361,1.);
#1361 = DIRECTION('',(-0.,1.,0.));
#1362 = PCURVE('',#100,#1363);
#1363 = DEFINITIONAL_REPRESENTATION('',(#1364),#1368);
#1364 = LINE('',#1365,#1366);
#1365 = CARTESIAN_POINT('',(31.39,-100.));
#1366 = VECTOR('',#1367,1.);
#1367 = DIRECTION('',(1.,0.));
#1368 = ( GEOMETRIC_REPRESENTATION_CONTEXT(2) 
PARAMETRIC_REPRESENTATION_CONTEXT() REPRESENTATION_CONTEXT('2D SPACE',''
  ) );
#1369 = PCURVE('',#592,#1370);
#1370 = DEFINITIONAL_REPRESENTATION('',(#1371),#1375);
#1371 = LINE('',#1372,#1373);
#1372 = CARTESIAN_POINT('',(39.39,0.));
#1373 = VECTOR('',#1374,1.);
#1374 = DIRECTION('',(0.,1.));
#1375 = ( GEOMETRIC_REPRESENTATION_CONTEXT(2) 
PARAMETRIC_REPRESENTATION_CONTEXT() REPRESENTATION_CONTEXT('2D SPACE',''
  ) );
#1376 = ORIENTED_EDGE('',*,*,#1285,.F.);
#1377 = ORIENTED_EDGE('',*,*,#84,.F.);
#1378 = ADVANCED_FACE('',(#1379),#72,.F.);
#1379 = FACE_BOUND('',#1380,.F.);
#1380 = EDGE_LOOP('',(#1381,#1382,#1383,#1404));
#1381 = ORIENTED_EDGE('',*,*,#56,.F.);
#1382 = ORIENTED_EDGE('',*,*,#604,.F.);
#1383 = ORIENTED_EDGE('',*,*,#1384,.T.);
#1384 = EDGE_CURVE('',#577,#1334,#1385,.T.);
#1385 = SURFACE_CURVE('',#1386,(#1390,#1397),.PCURVE_S1.);
#1386 = LINE('',#1387,#1388);
#1387 = CARTESIAN_POINT('',(35.39,-35.39,100.));
#1388 = VECTOR('',#1389,1.);
#1389 = DIRECTION('',(0.707106781187,0.707106781187,0.));
#1390 = PCURVE('',#72,#1391);
#1391 = DEFINITIONAL_REPRESENTATION('',(#1392),#1396);
#1392 = LINE('',#1393,#1394);
#1393 = CARTESIAN_POINT('',(5.656854249492,-100.));
#1394 = VECTOR('',#1395,1.);
#1395 = DIRECTION('',(1.,0.));
#1396 = ( GEOMETRIC_REPRESENTATION_CONTEXT(2) 
PARAMETRIC_REPRESENTATION_CONTEXT() REPRESENTATION_CONTEXT('2D SPACE',''
  ) );
#1397 = PCURVE('',#592,#1398);
#1398 = DEFINITIONAL_REPRESENTATION('',(#1399),#1403);
#1399 = LINE('',#1400,#1401);
#1400 = CARTESIAN_POINT('',(35.39,-35.39));
#1401 = VECTOR('',#1402,1.);
#1402 = DIRECTION('',(0.707106781187,0.707106781187));
#1403 = ( GEOMETRIC_REPRESENTATION_CONTEXT(2) 
PARAMETRIC_REPRESENTATION_CONTEXT() REPRESENTATION_CONTEXT('2D SPACE',''
  ) );
#1404 = ORIENTED_EDGE('',*,*,#1333,.F.);
#1405 = ADVANCED_FACE('',(#1406),#592,.T.);
#1406 = FACE_BOUND('',#1407,.T.);
#1407 = EDGE_LOOP('',(#1408,#1409,#1410,#1411,#1412,#1413,#1434,#1463,
    #1489,#1515,#1544,#1570,#1596,#1625));
#1408 = ORIENTED_EDGE('',*,*,#576,.T.);
#1409 = ORIENTED_EDGE('',*,*,#1384,.T.);
#1410 = ORIENTED_EDGE('',*,*,#1356,.T.);
#1411 = ORIENTED_EDGE('',*,*,#1308,.T.);
#1412 = ORIENTED_EDGE('',*,*,#1119,.T.);
#1413 = ORIENTED_EDGE('',*,*,#1414,.F.);
#1414 = EDGE_CURVE('',#1415,#1120,#1417,.T.);
#1415 = VERTEX_POINT('',#1416);
#1416 = CARTESIAN_POINT('',(23.729343926502,18.986056378768,100.));
#1417 = SURFACE_CURVE('',#1418,(#1422,#1428),.PCURVE_S1.);
#1418 = LINE('',#1419,#1420);
#1419 = CARTESIAN_POINT('',(10.598176404611,20.134884675794,100.));
#1420 = VECTOR('',#1421,1.);
#1421 = DIRECTION('',(-0.996194698092,8.715574274766E-02,0.));
#1422 = PCURVE('',#592,#1423);
#1423 = DEFINITIONAL_REPRESENTATION('',(#1424),#1427);
#1424 = B_SPLINE_CURVE_WITH_KNOTS('',1,(#1425,#1426),.UNSPECIFIED.,.F.,
  .F.,(2,2),(-13.18132644858,-8.802976314657),.PIECEWISE_BEZIER_KNOTS.);
#1425 = CARTESIAN_POINT('',(23.729343926503,18.986056378768));
#1426 = CARTESIAN_POINT('',(19.3676547367,19.3676547367));
#1427 = ( GEOMETRIC_REPRESENTATION_CONTEXT(2) 
PARAMETRIC_REPRESENTATION_CONTEXT() REPRESENTATION_CONTEXT('2D SPACE',''
  ) );
#1428 = PCURVE('',#1158,#1429);
#1429 = DEFINITIONAL_REPRESENTATION('',(#1430),#1433);
#1430 = B_SPLINE_CURVE_WITH_KNOTS('',1,(#1431,#1432),.UNSPECIFIED.,.F.,
  .F.,(2,2),(-13.18132644858,-8.802976314657),.PIECEWISE_BEZIER_KNOTS.);
#1431 = CARTESIAN_POINT('',(4.378350133923,-101.));
#1432 = CARTESIAN_POINT('',(0.,-101.));
#1433 = ( GEOMETRIC_REPRESENTATION_CONTEXT(2) 
PARAMETRIC_REPRESENTATION_CONTEXT() REPRESENTATION_CONTEXT('2D SPACE',''
  ) );
#1434 = ORIENTED_EDGE('',*,*,#1435,.F.);
#1435 = EDGE_CURVE('',#1436,#1415,#1438,.T.);
#1436 = VERTEX_POINT('',#1437);
#1437 = CARTESIAN_POINT('',(28.307079104948,11.057186466105,100.));
#1438 = SURFACE_CURVE('',#1439,(#1444,#1451),.PCURVE_S1.);
#1439 = CIRCLE('',#1440,30.39);
#1440 = AXIS2_PLACEMENT_3D('',#1441,#1442,#1443);
#1441 = CARTESIAN_POINT('',(0.,0.,100.));
#1442 = DIRECTION('',(0.,0.,1.));
#1443 = DIRECTION('',(1.,0.,-0.));
#1444 = PCURVE('',#592,#1445);
#1445 = DEFINITIONAL_REPRESENTATION('',(#1446),#1450);
#1446 = CIRCLE('',#1447,30.39);
#1447 = AXIS2_PLACEMENT_2D('',#1448,#1449);
#1448 = CARTESIAN_POINT('',(0.,0.));
#1449 = DIRECTION('',(1.,0.));
#1450 = ( GEOMETRIC_REPRESENTATION_CONTEXT(2) 
PARAMETRIC_REPRESENTATION_CONTEXT() REPRESENTATION_CONTEXT('2D SPACE',''
  ) );
#1451 = PCURVE('',#1452,#1457);
#1452 = CYLINDRICAL_SURFACE('',#1453,30.39);
#1453 = AXIS2_PLACEMENT_3D('',#1454,#1455,#1456);
#1454 = CARTESIAN_POINT('',(0.,0.,-1.));
#1455 = DIRECTION('',(0.,0.,1.));
#1456 = DIRECTION('',(1.,0.,-0.));
#1457 = DEFINITIONAL_REPRESENTATION('',(#1458),#1462);
#1458 = LINE('',#1459,#1460);
#1459 = CARTESIAN_POINT('',(6.28318530718,101.));
#1460 = VECTOR('',#1461,1.);
#1461 = DIRECTION('',(1.,0.));
#1462 = ( GEOMETRIC_REPRESENTATION_CONTEXT(2) 
PARAMETRIC_REPRESENTATION_CONTEXT() REPRESENTATION_CONTEXT('2D SPACE',''
  ) );
#1463 = ORIENTED_EDGE('',*,*,#1464,.F.);
#1464 = EDGE_CURVE('',#1465,#1436,#1467,.T.);
#1465 = VERTEX_POINT('',#1466);
#1466 = CARTESIAN_POINT('',(26.456708382058,7.089053645358,100.));
#1467 = SURFACE_CURVE('',#1468,(#1472,#1478),.PCURVE_S1.);
#1468 = LINE('',#1469,#1470);
#1469 = CARTESIAN_POINT('',(24.051364432725,1.930776899809,100.));
#1470 = VECTOR('',#1471,1.);
#1471 = DIRECTION('',(0.422618261741,0.906307787037,-0.));
#1472 = PCURVE('',#592,#1473);
#1473 = DEFINITIONAL_REPRESENTATION('',(#1474),#1477);
#1474 = B_SPLINE_CURVE_WITH_KNOTS('',1,(#1475,#1476),.UNSPECIFIED.,.F.,
  .F.,(2,2),(5.691528660936,10.069878794859),.PIECEWISE_BEZIER_KNOTS.);
#1475 = CARTESIAN_POINT('',(26.456708382058,7.089053645358));
#1476 = CARTESIAN_POINT('',(28.307079104948,11.057186466105));
#1477 = ( GEOMETRIC_REPRESENTATION_CONTEXT(2) 
PARAMETRIC_REPRESENTATION_CONTEXT() REPRESENTATION_CONTEXT('2D SPACE',''
  ) );
#1478 = PCURVE('',#1479,#1484);
#1479 = PLANE('',#1480);
#1480 = AXIS2_PLACEMENT_3D('',#1481,#1482,#1483);
#1481 = CARTESIAN_POINT('',(29.086617579883,12.728912120406,-1.));
#1482 = DIRECTION('',(0.906307787037,-0.422618261741,0.));
#1483 = DIRECTION('',(-0.422618261741,-0.906307787037,0.));
#1484 = DEFINITIONAL_REPRESENTATION('',(#1485),#1488);
#1485 = B_SPLINE_CURVE_WITH_KNOTS('',1,(#1486,#1487),.UNSPECIFIED.,.F.,
  .F.,(2,2),(5.691528660936,10.069878794859),.PIECEWISE_BEZIER_KNOTS.);
#1486 = CARTESIAN_POINT('',(6.222895307442,-101.));
#1487 = CARTESIAN_POINT('',(1.844545173519,-101.));
#1488 = ( GEOMETRIC_REPRESENTATION_CONTEXT(2) 
PARAMETRIC_REPRESENTATION_CONTEXT() REPRESENTATION_CONTEXT('2D SPACE',''
  ) );
#1489 = ORIENTED_EDGE('',*,*,#1490,.F.);
#1490 = EDGE_CURVE('',#1491,#1465,#1493,.T.);
#1491 = VERTEX_POINT('',#1492);
#1492 = CARTESIAN_POINT('',(30.043242844873,4.577735178446,100.));
#1493 = SURFACE_CURVE('',#1494,(#1498,#1504),.PCURVE_S1.);
#1494 = LINE('',#1495,#1496);
#1495 = CARTESIAN_POINT('',(19.245732338079,12.138233429202,100.));
#1496 = VECTOR('',#1497,1.);
#1497 = DIRECTION('',(-0.819152044289,0.573576436351,0.));
#1498 = PCURVE('',#592,#1499);
#1499 = DEFINITIONAL_REPRESENTATION('',(#1500),#1503);
#1500 = B_SPLINE_CURVE_WITH_KNOTS('',1,(#1501,#1502),.UNSPECIFIED.,.F.,
  .F.,(2,2),(-13.18132644858,-8.802976314657),.PIECEWISE_BEZIER_KNOTS.);
#1501 = CARTESIAN_POINT('',(30.043242844873,4.577735178446));
#1502 = CARTESIAN_POINT('',(26.456708382058,7.089053645358));
#1503 = ( GEOMETRIC_REPRESENTATION_CONTEXT(2) 
PARAMETRIC_REPRESENTATION_CONTEXT() REPRESENTATION_CONTEXT('2D SPACE',''
  ) );
#1504 = PCURVE('',#1505,#1510);
#1505 = PLANE('',#1506);
#1506 = AXIS2_PLACEMENT_3D('',#1507,#1508,#1509);
#1507 = CARTESIAN_POINT('',(26.456708382058,7.089053645358,-1.));
#1508 = DIRECTION('',(0.573576436351,0.819152044289,0.));
#1509 = DIRECTION('',(0.819152044289,-0.573576436351,0.));
#1510 = DEFINITIONAL_REPRESENTATION('',(#1511),#1514);
#1511 = B_SPLINE_CURVE_WITH_KNOTS('',1,(#1512,#1513),.UNSPECIFIED.,.F.,
  .F.,(2,2),(-13.18132644858,-8.802976314657),.PIECEWISE_BEZIER_KNOTS.);
#1512 = CARTESIAN_POINT('',(4.378350133922,-101.));
#1513 = CARTESIAN_POINT('',(-7.105427357601E-15,-101.));
#1514 = ( GEOMETRIC_REPRESENTATION_CONTEXT(2) 
PARAMETRIC_REPRESENTATION_CONTEXT() REPRESENTATION_CONTEXT('2D SPACE',''
  ) );
#1515 = ORIENTED_EDGE('',*,*,#1516,.F.);
#1516 = EDGE_CURVE('',#1517,#1491,#1519,.T.);
#1517 = VERTEX_POINT('',#1518);
#1518 = CARTESIAN_POINT('',(30.043242844873,-4.577735178446,100.));
#1519 = SURFACE_CURVE('',#1520,(#1525,#1532),.PCURVE_S1.);
#1520 = CIRCLE('',#1521,30.39);
#1521 = AXIS2_PLACEMENT_3D('',#1522,#1523,#1524);
#1522 = CARTESIAN_POINT('',(0.,0.,100.));
#1523 = DIRECTION('',(0.,0.,1.));
#1524 = DIRECTION('',(1.,0.,-0.));
#1525 = PCURVE('',#592,#1526);
#1526 = DEFINITIONAL_REPRESENTATION('',(#1527),#1531);
#1527 = CIRCLE('',#1528,30.39);
#1528 = AXIS2_PLACEMENT_2D('',#1529,#1530);
#1529 = CARTESIAN_POINT('',(0.,0.));
#1530 = DIRECTION('',(1.,0.));
#1531 = ( GEOMETRIC_REPRESENTATION_CONTEXT(2) 
PARAMETRIC_REPRESENTATION_CONTEXT() REPRESENTATION_CONTEXT('2D SPACE',''
  ) );
#1532 = PCURVE('',#1533,#1538);
#1533 = CYLINDRICAL_SURFACE('',#1534,30.39);
#1534 = AXIS2_PLACEMENT_3D('',#1535,#1536,#1537);
#1535 = CARTESIAN_POINT('',(0.,0.,-1.));
#1536 = DIRECTION('',(0.,0.,1.));
#1537 = DIRECTION('',(1.,0.,-0.));
#1538 = DEFINITIONAL_REPRESENTATION('',(#1539),#1543);
#1539 = LINE('',#1540,#1541);
#1540 = CARTESIAN_POINT('',(0.,101.));
#1541 = VECTOR('',#1542,1.);
#1542 = DIRECTION('',(1.,0.));
#1543 = ( GEOMETRIC_REPRESENTATION_CONTEXT(2) 
PARAMETRIC_REPRESENTATION_CONTEXT() REPRESENTATION_CONTEXT('2D SPACE',''
  ) );
#1544 = ORIENTED_EDGE('',*,*,#1545,.F.);
#1545 = EDGE_CURVE('',#1546,#1517,#1548,.T.);
#1546 = VERTEX_POINT('',#1547);
#1547 = CARTESIAN_POINT('',(26.456708382058,-7.089053645358,100.));
#1548 = SURFACE_CURVE('',#1549,(#1553,#1559),.PCURVE_S1.);
#1549 = LINE('',#1550,#1551);
#1550 = CARTESIAN_POINT('',(21.794481044322,-10.35358037208,100.));
#1551 = VECTOR('',#1552,1.);
#1552 = DIRECTION('',(0.819152044289,0.573576436351,-0.));
#1553 = PCURVE('',#592,#1554);
#1554 = DEFINITIONAL_REPRESENTATION('',(#1555),#1558);
#1555 = B_SPLINE_CURVE_WITH_KNOTS('',1,(#1556,#1557),.UNSPECIFIED.,.F.,
  .F.,(2,2),(5.691528660936,10.069878794859),.PIECEWISE_BEZIER_KNOTS.);
#1556 = CARTESIAN_POINT('',(26.456708382058,-7.089053645358));
#1557 = CARTESIAN_POINT('',(30.043242844873,-4.577735178446));
#1558 = ( GEOMETRIC_REPRESENTATION_CONTEXT(2) 
PARAMETRIC_REPRESENTATION_CONTEXT() REPRESENTATION_CONTEXT('2D SPACE',''
  ) );
#1559 = PCURVE('',#1560,#1565);
#1560 = PLANE('',#1561);
#1561 = AXIS2_PLACEMENT_3D('',#1562,#1563,#1564);
#1562 = CARTESIAN_POINT('',(31.554205794545,-3.51974753113,-1.));
#1563 = DIRECTION('',(0.573576436351,-0.819152044289,0.));
#1564 = DIRECTION('',(-0.819152044289,-0.573576436351,0.));
#1565 = DEFINITIONAL_REPRESENTATION('',(#1566),#1569);
#1566 = B_SPLINE_CURVE_WITH_KNOTS('',1,(#1567,#1568),.UNSPECIFIED.,.F.,
  .F.,(2,2),(5.691528660936,10.069878794859),.PIECEWISE_BEZIER_KNOTS.);
#1567 = CARTESIAN_POINT('',(6.222895307442,-101.));
#1568 = CARTESIAN_POINT('',(1.844545173519,-101.));
#1569 = ( GEOMETRIC_REPRESENTATION_CONTEXT(2) 
PARAMETRIC_REPRESENTATION_CONTEXT() REPRESENTATION_CONTEXT('2D SPACE',''
  ) );
#1570 = ORIENTED_EDGE('',*,*,#1571,.F.);
#1571 = EDGE_CURVE('',#1572,#1546,#1574,.T.);
#1572 = VERTEX_POINT('',#1573);
#1573 = CARTESIAN_POINT('',(28.307079104948,-11.0571864661,100.));
#1574 = SURFACE_CURVE('',#1575,(#1579,#1585),.PCURVE_S1.);
#1575 = LINE('',#1576,#1577);
#1576 = CARTESIAN_POINT('',(22.736409833813,0.889152337715,100.));
#1577 = VECTOR('',#1578,1.);
#1578 = DIRECTION('',(-0.422618261741,0.906307787037,0.));
#1579 = PCURVE('',#592,#1580);
#1580 = DEFINITIONAL_REPRESENTATION('',(#1581),#1584);
#1581 = B_SPLINE_CURVE_WITH_KNOTS('',1,(#1582,#1583),.UNSPECIFIED.,.F.,
  .F.,(2,2),(-13.18132644858,-8.802976314657),.PIECEWISE_BEZIER_KNOTS.);
#1582 = CARTESIAN_POINT('',(28.307079104948,-11.0571864661));
#1583 = CARTESIAN_POINT('',(26.456708382058,-7.089053645358));
#1584 = ( GEOMETRIC_REPRESENTATION_CONTEXT(2) 
PARAMETRIC_REPRESENTATION_CONTEXT() REPRESENTATION_CONTEXT('2D SPACE',''
  ) );
#1585 = PCURVE('',#1586,#1591);
#1586 = PLANE('',#1587);
#1587 = AXIS2_PLACEMENT_3D('',#1588,#1589,#1590);
#1588 = CARTESIAN_POINT('',(26.456708382058,-7.089053645358,-1.));
#1589 = DIRECTION('',(0.906307787037,0.422618261741,0.));
#1590 = DIRECTION('',(0.422618261741,-0.906307787037,0.));
#1591 = DEFINITIONAL_REPRESENTATION('',(#1592),#1595);
#1592 = B_SPLINE_CURVE_WITH_KNOTS('',1,(#1593,#1594),.UNSPECIFIED.,.F.,
  .F.,(2,2),(-13.18132644858,-8.802976314657),.PIECEWISE_BEZIER_KNOTS.);
#1593 = CARTESIAN_POINT('',(4.378350133922,-101.));
#1594 = CARTESIAN_POINT('',(-3.552713678801E-15,-101.));
#1595 = ( GEOMETRIC_REPRESENTATION_CONTEXT(2) 
PARAMETRIC_REPRESENTATION_CONTEXT() REPRESENTATION_CONTEXT('2D SPACE',''
  ) );
#1596 = ORIENTED_EDGE('',*,*,#1597,.F.);
#1597 = EDGE_CURVE('',#1598,#1572,#1600,.T.);
#1598 = VERTEX_POINT('',#1599);
#1599 = CARTESIAN_POINT('',(23.729343926502,-18.98605637876,100.));
#1600 = SURFACE_CURVE('',#1601,(#1606,#1613),.PCURVE_S1.);
#1601 = CIRCLE('',#1602,30.39);
#1602 = AXIS2_PLACEMENT_3D('',#1603,#1604,#1605);
#1603 = CARTESIAN_POINT('',(0.,0.,100.));
#1604 = DIRECTION('',(0.,0.,1.));
#1605 = DIRECTION('',(1.,0.,-0.));
#1606 = PCURVE('',#592,#1607);
#1607 = DEFINITIONAL_REPRESENTATION('',(#1608),#1612);
#1608 = CIRCLE('',#1609,30.39);
#1609 = AXIS2_PLACEMENT_2D('',#1610,#1611);
#1610 = CARTESIAN_POINT('',(0.,0.));
#1611 = DIRECTION('',(1.,0.));
#1612 = ( GEOMETRIC_REPRESENTATION_CONTEXT(2) 
PARAMETRIC_REPRESENTATION_CONTEXT() REPRESENTATION_CONTEXT('2D SPACE',''
  ) );
#1613 = PCURVE('',#1614,#1619);
#1614 = CYLINDRICAL_SURFACE('',#1615,30.39);
#1615 = AXIS2_PLACEMENT_3D('',#1616,#1617,#1618);
#1616 = CARTESIAN_POINT('',(0.,0.,-1.));
#1617 = DIRECTION('',(0.,0.,1.));
#1618 = DIRECTION('',(1.,0.,-0.));
#1619 = DEFINITIONAL_REPRESENTATION('',(#1620),#1624);
#1620 = LINE('',#1621,#1622);
#1621 = CARTESIAN_POINT('',(0.,101.));
#1622 = VECTOR('',#1623,1.);
#1623 = DIRECTION('',(1.,0.));
#1624 = ( GEOMETRIC_REPRESENTATION_CONTEXT(2) 
PARAMETRIC_REPRESENTATION_CONTEXT() REPRESENTATION_CONTEXT('2D SPACE',''
  ) );
#1625 = ORIENTED_EDGE('',*,*,#1626,.F.);
#1626 = EDGE_CURVE('',#549,#1598,#1627,.T.);
#1627 = SURFACE_CURVE('',#1628,(#1632,#1638),.PCURVE_S1.);
#1628 = LINE('',#1629,#1630);
#1629 = CARTESIAN_POINT('',(13.697784060638,-19.86370414451,100.));
#1630 = VECTOR('',#1631,1.);
#1631 = DIRECTION('',(0.996194698092,8.715574274766E-02,-0.));
#1632 = PCURVE('',#592,#1633);
#1633 = DEFINITIONAL_REPRESENTATION('',(#1634),#1637);
#1634 = B_SPLINE_CURVE_WITH_KNOTS('',1,(#1635,#1636),.UNSPECIFIED.,.F.,
  .F.,(2,2),(5.691528660936,10.069878794859),.PIECEWISE_BEZIER_KNOTS.);
#1635 = CARTESIAN_POINT('',(19.3676547367,-19.3676547367));
#1636 = CARTESIAN_POINT('',(23.729343926503,-18.98605637876));
#1637 = ( GEOMETRIC_REPRESENTATION_CONTEXT(2) 
PARAMETRIC_REPRESENTATION_CONTEXT() REPRESENTATION_CONTEXT('2D SPACE',''
  ) );
#1638 = PCURVE('',#564,#1639);
#1639 = DEFINITIONAL_REPRESENTATION('',(#1640),#1643);
#1640 = B_SPLINE_CURVE_WITH_KNOTS('',1,(#1641,#1642),.UNSPECIFIED.,.F.,
  .F.,(2,2),(5.691528660936,10.069878794859),.PIECEWISE_BEZIER_KNOTS.);
#1641 = CARTESIAN_POINT('',(6.222895307442,-101.));
#1642 = CARTESIAN_POINT('',(1.844545173519,-101.));
#1643 = ( GEOMETRIC_REPRESENTATION_CONTEXT(2) 
PARAMETRIC_REPRESENTATION_CONTEXT() REPRESENTATION_CONTEXT('2D SPACE',''
  ) );
#1644 = ADVANCED_FACE('',(#1645),#564,.F.);
#1645 = FACE_BOUND('',#1646,.F.);
#1646 = EDGE_LOOP('',(#1647,#1648,#1680,#1699));
#1647 = ORIENTED_EDGE('',*,*,#548,.F.);
#1648 = ORIENTED_EDGE('',*,*,#1649,.F.);
#1649 = EDGE_CURVE('',#1650,#521,#1652,.T.);
#1650 = VERTEX_POINT('',#1651);
#1651 = CARTESIAN_POINT('',(23.729343926502,-18.98605637876,
    86.908594111116));
#1652 = SURFACE_CURVE('',#1653,(#1658,#1665),.PCURVE_S1.);
#1653 = HYPERBOLA('',#1654,25.005322988392,20.981957297029);
#1654 = AXIS2_PLACEMENT_3D('',#1655,#1656,#1657);
#1655 = CARTESIAN_POINT('',(1.828698072522,-20.90211461488,
    50.691202432178));
#1656 = DIRECTION('',(8.715574274766E-02,-0.996194698092,0.));
#1657 = DIRECTION('',(-0.,0.,1.));
#1658 = PCURVE('',#564,#1659);
#1659 = DEFINITIONAL_REPRESENTATION('',(#1660),#1664);
#1660 = ( BOUNDED_CURVE() B_SPLINE_CURVE(2,(#1661,#1662,#1663),
.UNSPECIFIED.,.F.,.F.) B_SPLINE_CURVE_WITH_KNOTS((3,3),(-0.929085588136,
-0.762909652067),.PIECEWISE_BEZIER_KNOTS.) CURVE() 
GEOMETRIC_REPRESENTATION_ITEM() RATIONAL_B_SPLINE_CURVE((1.,1.0034537915
,1.)) REPRESENTATION_ITEM('') );
#1661 = CARTESIAN_POINT('',(1.406710160127,-88.28783430648));
#1662 = CARTESIAN_POINT('',(3.952338473076,-86.07268077908));
#1663 = CARTESIAN_POINT('',(6.222895307442,-84.33333333333));
#1664 = ( GEOMETRIC_REPRESENTATION_CONTEXT(2) 
PARAMETRIC_REPRESENTATION_CONTEXT() REPRESENTATION_CONTEXT('2D SPACE',''
  ) );
#1665 = PCURVE('',#1666,#1671);
#1666 = CONICAL_SURFACE('',#1667,31.39,0.698131700798);
#1667 = AXIS2_PLACEMENT_3D('',#1668,#1669,#1670);
#1668 = CARTESIAN_POINT('',(0.,0.,88.10034770371));
#1669 = DIRECTION('',(0.,0.,1.));
#1670 = DIRECTION('',(1.,0.,0.));
#1671 = DEFINITIONAL_REPRESENTATION('',(#1672),#1679);
#1672 = B_SPLINE_CURVE_WITH_KNOTS('',5,(#1673,#1674,#1675,#1676,#1677,
    #1678),.UNSPECIFIED.,.F.,.F.,(6,6),(-0.929085588136,-0.762909652067)
  ,.PIECEWISE_BEZIER_KNOTS.);
#1673 = CARTESIAN_POINT('',(5.618222188699,-0.812513397225));
#1674 = CARTESIAN_POINT('',(5.595513634706,-1.700612877967));
#1675 = CARTESIAN_POINT('',(5.572116238827,-2.538182603031));
#1676 = CARTESIAN_POINT('',(5.548026532826,-3.327266123491));
#1677 = CARTESIAN_POINT('',(5.523246774263,-4.069675091498));
#1678 = CARTESIAN_POINT('',(5.497787143782,-4.767014370377));
#1679 = ( GEOMETRIC_REPRESENTATION_CONTEXT(2) 
PARAMETRIC_REPRESENTATION_CONTEXT() REPRESENTATION_CONTEXT('2D SPACE',''
  ) );
#1680 = ORIENTED_EDGE('',*,*,#1681,.T.);
#1681 = EDGE_CURVE('',#1650,#1598,#1682,.T.);
#1682 = SURFACE_CURVE('',#1683,(#1687,#1693),.PCURVE_S1.);
#1683 = LINE('',#1684,#1685);
#1684 = CARTESIAN_POINT('',(23.729343926502,-18.98605637876,-1.));
#1685 = VECTOR('',#1686,1.);
#1686 = DIRECTION('',(0.,0.,1.));
#1687 = PCURVE('',#564,#1688);
#1688 = DEFINITIONAL_REPRESENTATION('',(#1689),#1692);
#1689 = B_SPLINE_CURVE_WITH_KNOTS('',1,(#1690,#1691),.UNSPECIFIED.,.F.,
  .F.,(2,2),(-5.999999999062E-07,102.0000006),.PIECEWISE_BEZIER_KNOTS.);
#1690 = CARTESIAN_POINT('',(1.844545173519,5.999999999062E-07));
#1691 = CARTESIAN_POINT('',(1.844545173519,-102.0000006));
#1692 = ( GEOMETRIC_REPRESENTATION_CONTEXT(2) 
PARAMETRIC_REPRESENTATION_CONTEXT() REPRESENTATION_CONTEXT('2D SPACE',''
  ) );
#1693 = PCURVE('',#1614,#1694);
#1694 = DEFINITIONAL_REPRESENTATION('',(#1695),#1698);
#1695 = B_SPLINE_CURVE_WITH_KNOTS('',1,(#1696,#1697),.UNSPECIFIED.,.F.,
  .F.,(2,2),(-5.999999999062E-07,102.0000006),.PIECEWISE_BEZIER_KNOTS.);
#1696 = CARTESIAN_POINT('',(5.608378040247,-5.999999999062E-07));
#1697 = CARTESIAN_POINT('',(5.608378040247,102.0000006));
#1698 = ( GEOMETRIC_REPRESENTATION_CONTEXT(2) 
PARAMETRIC_REPRESENTATION_CONTEXT() REPRESENTATION_CONTEXT('2D SPACE',''
  ) );
#1699 = ORIENTED_EDGE('',*,*,#1626,.F.);
#1700 = ADVANCED_FACE('',(#1701),#536,.F.);
#1701 = FACE_BOUND('',#1702,.F.);
#1702 = EDGE_LOOP('',(#1703,#1704,#1736,#1762));
#1703 = ORIENTED_EDGE('',*,*,#520,.F.);
#1704 = ORIENTED_EDGE('',*,*,#1705,.F.);
#1705 = EDGE_CURVE('',#1706,#493,#1708,.T.);
#1706 = VERTEX_POINT('',#1707);
#1707 = CARTESIAN_POINT('',(23.729343926502,-18.98605637876,
    70.241927444449));
#1708 = SURFACE_CURVE('',#1709,(#1714,#1721),.PCURVE_S1.);
#1709 = HYPERBOLA('',#1710,25.005322988392,20.981957297029);
#1710 = AXIS2_PLACEMENT_3D('',#1711,#1712,#1713);
#1711 = CARTESIAN_POINT('',(1.828698072522,-20.90211461488,
    34.024535765511));
#1712 = DIRECTION('',(8.715574274766E-02,-0.996194698092,0.));
#1713 = DIRECTION('',(-0.,0.,1.));
#1714 = PCURVE('',#536,#1715);
#1715 = DEFINITIONAL_REPRESENTATION('',(#1716),#1720);
#1716 = ( BOUNDED_CURVE() B_SPLINE_CURVE(2,(#1717,#1718,#1719),
.UNSPECIFIED.,.F.,.F.) B_SPLINE_CURVE_WITH_KNOTS((3,3),(-0.929085588136,
-0.762909652067),.PIECEWISE_BEZIER_KNOTS.) CURVE() 
GEOMETRIC_REPRESENTATION_ITEM() RATIONAL_B_SPLINE_CURVE((1.,1.0034537915
,1.)) REPRESENTATION_ITEM('') );
#1717 = CARTESIAN_POINT('',(1.406710160127,-71.62116763981));
#1718 = CARTESIAN_POINT('',(3.952338473076,-69.40601411241));
#1719 = CARTESIAN_POINT('',(6.222895307442,-67.66666666666));
#1720 = ( GEOMETRIC_REPRESENTATION_CONTEXT(2) 
PARAMETRIC_REPRESENTATION_CONTEXT() REPRESENTATION_CONTEXT('2D SPACE',''
  ) );
#1721 = PCURVE('',#1722,#1727);
#1722 = CONICAL_SURFACE('',#1723,31.39,0.698131700798);
#1723 = AXIS2_PLACEMENT_3D('',#1724,#1725,#1726);
#1724 = CARTESIAN_POINT('',(0.,0.,71.433681037044));
#1725 = DIRECTION('',(0.,0.,1.));
#1726 = DIRECTION('',(1.,0.,0.));
#1727 = DEFINITIONAL_REPRESENTATION('',(#1728),#1735);
#1728 = B_SPLINE_CURVE_WITH_KNOTS('',5,(#1729,#1730,#1731,#1732,#1733,
    #1734),.UNSPECIFIED.,.F.,.F.,(6,6),(-0.929085588136,-0.762909652067)
  ,.PIECEWISE_BEZIER_KNOTS.);
#1729 = CARTESIAN_POINT('',(5.618222188699,-0.812513397225));
#1730 = CARTESIAN_POINT('',(5.595513634706,-1.700612877967));
#1731 = CARTESIAN_POINT('',(5.572116238827,-2.538182603031));
#1732 = CARTESIAN_POINT('',(5.548026532826,-3.327266123491));
#1733 = CARTESIAN_POINT('',(5.523246774263,-4.069675091498));
#1734 = CARTESIAN_POINT('',(5.497787143782,-4.767014370377));
#1735 = ( GEOMETRIC_REPRESENTATION_CONTEXT(2) 
PARAMETRIC_REPRESENTATION_CONTEXT() REPRESENTATION_CONTEXT('2D SPACE',''
  ) );
#1736 = ORIENTED_EDGE('',*,*,#1737,.T.);
#1737 = EDGE_CURVE('',#1706,#1738,#1740,.T.);
#1738 = VERTEX_POINT('',#1739);
#1739 = CARTESIAN_POINT('',(23.729343926502,-18.98605637876,
    79.758072555551));
#1740 = SURFACE_CURVE('',#1741,(#1745,#1751),.PCURVE_S1.);
#1741 = LINE('',#1742,#1743);
#1742 = CARTESIAN_POINT('',(23.729343926502,-18.98605637876,-1.));
#1743 = VECTOR('',#1744,1.);
#1744 = DIRECTION('',(0.,0.,1.));
#1745 = PCURVE('',#536,#1746);
#1746 = DEFINITIONAL_REPRESENTATION('',(#1747),#1750);
#1747 = B_SPLINE_CURVE_WITH_KNOTS('',1,(#1748,#1749),.UNSPECIFIED.,.F.,
  .F.,(2,2),(-5.999999999062E-07,102.0000006),.PIECEWISE_BEZIER_KNOTS.);
#1748 = CARTESIAN_POINT('',(1.844545173519,5.999999999062E-07));
#1749 = CARTESIAN_POINT('',(1.844545173519,-102.0000006));
#1750 = ( GEOMETRIC_REPRESENTATION_CONTEXT(2) 
PARAMETRIC_REPRESENTATION_CONTEXT() REPRESENTATION_CONTEXT('2D SPACE',''
  ) );
#1751 = PCURVE('',#1752,#1757);
#1752 = CYLINDRICAL_SURFACE('',#1753,30.39);
#1753 = AXIS2_PLACEMENT_3D('',#1754,#1755,#1756);
#1754 = CARTESIAN_POINT('',(0.,0.,-1.));
#1755 = DIRECTION('',(0.,0.,1.));
#1756 = DIRECTION('',(1.,0.,-0.));
#1757 = DEFINITIONAL_REPRESENTATION('',(#1758),#1761);
#1758 = B_SPLINE_CURVE_WITH_KNOTS('',1,(#1759,#1760),.UNSPECIFIED.,.F.,
  .F.,(2,2),(-5.999999999062E-07,102.0000006),.PIECEWISE_BEZIER_KNOTS.);
#1759 = CARTESIAN_POINT('',(5.608378040247,-5.999999999062E-07));
#1760 = CARTESIAN_POINT('',(5.608378040247,102.0000006));
#1761 = ( GEOMETRIC_REPRESENTATION_CONTEXT(2) 
PARAMETRIC_REPRESENTATION_CONTEXT() REPRESENTATION_CONTEXT('2D SPACE',''
  ) );
#1762 = ORIENTED_EDGE('',*,*,#1763,.F.);
#1763 = EDGE_CURVE('',#521,#1738,#1764,.T.);
#1764 = SURFACE_CURVE('',#1765,(#1770,#1777),.PCURVE_S1.);
#1765 = HYPERBOLA('',#1766,25.005322988392,20.981957297029);
#1766 = AXIS2_PLACEMENT_3D('',#1767,#1768,#1769);
#1767 = CARTESIAN_POINT('',(1.828698072522,-20.90211461488,
    115.97546423448));
#1768 = DIRECTION('',(8.715574274766E-02,-0.996194698092,0.));
#1769 = DIRECTION('',(0.,-0.,-1.));
#1770 = PCURVE('',#536,#1771);
#1771 = DEFINITIONAL_REPRESENTATION('',(#1772),#1776);
#1772 = ( BOUNDED_CURVE() B_SPLINE_CURVE(2,(#1773,#1774,#1775),
.UNSPECIFIED.,.F.,.F.) B_SPLINE_CURVE_WITH_KNOTS((3,3),(0.762909652067,
0.929085588136),.PIECEWISE_BEZIER_KNOTS.) CURVE() 
GEOMETRIC_REPRESENTATION_ITEM() RATIONAL_B_SPLINE_CURVE((1.,1.0034537915
,1.)) REPRESENTATION_ITEM('') );
#1773 = CARTESIAN_POINT('',(6.222895307442,-84.33333333333));
#1774 = CARTESIAN_POINT('',(3.952338473076,-82.59398588758));
#1775 = CARTESIAN_POINT('',(1.406710160127,-80.37883236018));
#1776 = ( GEOMETRIC_REPRESENTATION_CONTEXT(2) 
PARAMETRIC_REPRESENTATION_CONTEXT() REPRESENTATION_CONTEXT('2D SPACE',''
  ) );
#1777 = PCURVE('',#1778,#1783);
#1778 = CONICAL_SURFACE('',#1779,27.39,0.698131700798);
#1779 = AXIS2_PLACEMENT_3D('',#1780,#1781,#1782);
#1780 = CARTESIAN_POINT('',(0.,0.,83.333333333333));
#1781 = DIRECTION('',(-0.,-0.,-1.));
#1782 = DIRECTION('',(1.,0.,0.));
#1783 = DEFINITIONAL_REPRESENTATION('',(#1784),#1791);
#1784 = B_SPLINE_CURVE_WITH_KNOTS('',5,(#1785,#1786,#1787,#1788,#1789,
    #1790),.UNSPECIFIED.,.F.,.F.,(6,6),(0.762909652067,0.929085588136),
  .PIECEWISE_BEZIER_KNOTS.);
#1785 = CARTESIAN_POINT('',(-5.497787143782,8.339271869793E-15));
#1786 = CARTESIAN_POINT('',(-5.523246774263,0.697339278879));
#1787 = CARTESIAN_POINT('',(-5.548026532826,1.439748246886));
#1788 = CARTESIAN_POINT('',(-5.572116238827,2.228831767346));
#1789 = CARTESIAN_POINT('',(-5.595513634706,3.06640149241));
#1790 = CARTESIAN_POINT('',(-5.618222188699,3.954500973152));
#1791 = ( GEOMETRIC_REPRESENTATION_CONTEXT(2) 
PARAMETRIC_REPRESENTATION_CONTEXT() REPRESENTATION_CONTEXT('2D SPACE',''
  ) );
#1792 = ADVANCED_FACE('',(#1793),#508,.F.);
#1793 = FACE_BOUND('',#1794,.F.);
#1794 = EDGE_LOOP('',(#1795,#1796,#1828,#1854));
#1795 = ORIENTED_EDGE('',*,*,#492,.F.);
#1796 = ORIENTED_EDGE('',*,*,#1797,.F.);
#1797 = EDGE_CURVE('',#1798,#465,#1800,.T.);
#1798 = VERTEX_POINT('',#1799);
#1799 = CARTESIAN_POINT('',(23.729343926502,-18.98605637876,
    53.575260777783));
#1800 = SURFACE_CURVE('',#1801,(#1806,#1813),.PCURVE_S1.);
#1801 = HYPERBOLA('',#1802,25.005322988392,20.981957297029);
#1802 = AXIS2_PLACEMENT_3D('',#1803,#1804,#1805);
#1803 = CARTESIAN_POINT('',(1.828698072522,-20.90211461488,
    17.357869098845));
#1804 = DIRECTION('',(8.715574274766E-02,-0.996194698092,0.));
#1805 = DIRECTION('',(-0.,0.,1.));
#1806 = PCURVE('',#508,#1807);
#1807 = DEFINITIONAL_REPRESENTATION('',(#1808),#1812);
#1808 = ( BOUNDED_CURVE() B_SPLINE_CURVE(2,(#1809,#1810,#1811),
.UNSPECIFIED.,.F.,.F.) B_SPLINE_CURVE_WITH_KNOTS((3,3),(-0.929085588136,
-0.762909652067),.PIECEWISE_BEZIER_KNOTS.) CURVE() 
GEOMETRIC_REPRESENTATION_ITEM() RATIONAL_B_SPLINE_CURVE((1.,1.0034537915
,1.)) REPRESENTATION_ITEM('') );
#1809 = CARTESIAN_POINT('',(1.406710160127,-54.95450097315));
#1810 = CARTESIAN_POINT('',(3.952338473076,-52.73934744575));
#1811 = CARTESIAN_POINT('',(6.222895307442,-51.));
#1812 = ( GEOMETRIC_REPRESENTATION_CONTEXT(2) 
PARAMETRIC_REPRESENTATION_CONTEXT() REPRESENTATION_CONTEXT('2D SPACE',''
  ) );
#1813 = PCURVE('',#1814,#1819);
#1814 = CONICAL_SURFACE('',#1815,31.39,0.698131700798);
#1815 = AXIS2_PLACEMENT_3D('',#1816,#1817,#1818);
#1816 = CARTESIAN_POINT('',(0.,0.,54.767014370377));
#1817 = DIRECTION('',(0.,0.,1.));
#1818 = DIRECTION('',(1.,0.,0.));
#1819 = DEFINITIONAL_REPRESENTATION('',(#1820),#1827);
#1820 = B_SPLINE_CURVE_WITH_KNOTS('',5,(#1821,#1822,#1823,#1824,#1825,
    #1826),.UNSPECIFIED.,.F.,.F.,(6,6),(-0.929085588136,-0.762909652067)
  ,.PIECEWISE_BEZIER_KNOTS.);
#1821 = CARTESIAN_POINT('',(5.618222188699,-0.812513397225));
#1822 = CARTESIAN_POINT('',(5.595513634706,-1.700612877967));
#1823 = CARTESIAN_POINT('',(5.572116238827,-2.538182603031));
#1824 = CARTESIAN_POINT('',(5.548026532826,-3.327266123491));
#1825 = CARTESIAN_POINT('',(5.523246774263,-4.069675091498));
#1826 = CARTESIAN_POINT('',(5.497787143782,-4.767014370377));
#1827 = ( GEOMETRIC_REPRESENTATION_CONTEXT(2) 
PARAMETRIC_REPRESENTATION_CONTEXT() REPRESENTATION_CONTEXT('2D SPACE',''
  ) );
#1828 = ORIENTED_EDGE('',*,*,#1829,.T.);
#1829 = EDGE_CURVE('',#1798,#1830,#1832,.T.);
#1830 = VERTEX_POINT('',#1831);
#1831 = CARTESIAN_POINT('',(23.729343926502,-18.98605637876,
    63.091405888884));
#1832 = SURFACE_CURVE('',#1833,(#1837,#1843),.PCURVE_S1.);
#1833 = LINE('',#1834,#1835);
#1834 = CARTESIAN_POINT('',(23.729343926502,-18.98605637876,-1.));
#1835 = VECTOR('',#1836,1.);
#1836 = DIRECTION('',(0.,0.,1.));
#1837 = PCURVE('',#508,#1838);
#1838 = DEFINITIONAL_REPRESENTATION('',(#1839),#1842);
#1839 = B_SPLINE_CURVE_WITH_KNOTS('',1,(#1840,#1841),.UNSPECIFIED.,.F.,
  .F.,(2,2),(-5.999999999062E-07,102.0000006),.PIECEWISE_BEZIER_KNOTS.);
#1840 = CARTESIAN_POINT('',(1.844545173519,5.999999999062E-07));
#1841 = CARTESIAN_POINT('',(1.844545173519,-102.0000006));
#1842 = ( GEOMETRIC_REPRESENTATION_CONTEXT(2) 
PARAMETRIC_REPRESENTATION_CONTEXT() REPRESENTATION_CONTEXT('2D SPACE',''
  ) );
#1843 = PCURVE('',#1844,#1849);
#1844 = CYLINDRICAL_SURFACE('',#1845,30.39);
#1845 = AXIS2_PLACEMENT_3D('',#1846,#1847,#1848);
#1846 = CARTESIAN_POINT('',(0.,0.,-1.));
#1847 = DIRECTION('',(0.,0.,1.));
#1848 = DIRECTION('',(1.,0.,-0.));
#1849 = DEFINITIONAL_REPRESENTATION('',(#1850),#1853);
#1850 = B_SPLINE_CURVE_WITH_KNOTS('',1,(#1851,#1852),.UNSPECIFIED.,.F.,
  .F.,(2,2),(-5.999999999062E-07,102.0000006),.PIECEWISE_BEZIER_KNOTS.);
#1851 = CARTESIAN_POINT('',(5.608378040247,-5.999999999062E-07));
#1852 = CARTESIAN_POINT('',(5.608378040247,102.0000006));
#1853 = ( GEOMETRIC_REPRESENTATION_CONTEXT(2) 
PARAMETRIC_REPRESENTATION_CONTEXT() REPRESENTATION_CONTEXT('2D SPACE',''
  ) );
#1854 = ORIENTED_EDGE('',*,*,#1855,.F.);
#1855 = EDGE_CURVE('',#493,#1830,#1856,.T.);
#1856 = SURFACE_CURVE('',#1857,(#1862,#1869),.PCURVE_S1.);
#1857 = HYPERBOLA('',#1858,25.005322988392,20.981957297029);
#1858 = AXIS2_PLACEMENT_3D('',#1859,#1860,#1861);
#1859 = CARTESIAN_POINT('',(1.828698072522,-20.90211461488,
    99.308797567822));
#1860 = DIRECTION('',(8.715574274766E-02,-0.996194698092,0.));
#1861 = DIRECTION('',(0.,-0.,-1.));
#1862 = PCURVE('',#508,#1863);
#1863 = DEFINITIONAL_REPRESENTATION('',(#1864),#1868);
#1864 = ( BOUNDED_CURVE() B_SPLINE_CURVE(2,(#1865,#1866,#1867),
.UNSPECIFIED.,.F.,.F.) B_SPLINE_CURVE_WITH_KNOTS((3,3),(0.762909652067,
0.929085588136),.PIECEWISE_BEZIER_KNOTS.) CURVE() 
GEOMETRIC_REPRESENTATION_ITEM() RATIONAL_B_SPLINE_CURVE((1.,1.0034537915
,1.)) REPRESENTATION_ITEM('') );
#1865 = CARTESIAN_POINT('',(6.222895307442,-67.66666666666));
#1866 = CARTESIAN_POINT('',(3.952338473076,-65.92731922091));
#1867 = CARTESIAN_POINT('',(1.406710160127,-63.71216569351));
#1868 = ( GEOMETRIC_REPRESENTATION_CONTEXT(2) 
PARAMETRIC_REPRESENTATION_CONTEXT() REPRESENTATION_CONTEXT('2D SPACE',''
  ) );
#1869 = PCURVE('',#1870,#1875);
#1870 = CONICAL_SURFACE('',#1871,27.39,0.698131700798);
#1871 = AXIS2_PLACEMENT_3D('',#1872,#1873,#1874);
#1872 = CARTESIAN_POINT('',(0.,0.,66.666666666667));
#1873 = DIRECTION('',(-0.,-0.,-1.));
#1874 = DIRECTION('',(1.,0.,0.));
#1875 = DEFINITIONAL_REPRESENTATION('',(#1876),#1883);
#1876 = B_SPLINE_CURVE_WITH_KNOTS('',5,(#1877,#1878,#1879,#1880,#1881,
    #1882),.UNSPECIFIED.,.F.,.F.,(6,6),(0.762909652067,0.929085588136),
  .PIECEWISE_BEZIER_KNOTS.);
#1877 = CARTESIAN_POINT('',(-5.497787143782,8.339271869793E-15));
#1878 = CARTESIAN_POINT('',(-5.523246774263,0.697339278879));
#1879 = CARTESIAN_POINT('',(-5.548026532826,1.439748246886));
#1880 = CARTESIAN_POINT('',(-5.572116238827,2.228831767346));
#1881 = CARTESIAN_POINT('',(-5.595513634706,3.06640149241));
#1882 = CARTESIAN_POINT('',(-5.618222188699,3.954500973152));
#1883 = ( GEOMETRIC_REPRESENTATION_CONTEXT(2) 
PARAMETRIC_REPRESENTATION_CONTEXT() REPRESENTATION_CONTEXT('2D SPACE',''
  ) );
#1884 = ADVANCED_FACE('',(#1885),#480,.F.);
#1885 = FACE_BOUND('',#1886,.F.);
#1886 = EDGE_LOOP('',(#1887,#1888,#1920,#1946));
#1887 = ORIENTED_EDGE('',*,*,#464,.F.);
#1888 = ORIENTED_EDGE('',*,*,#1889,.F.);
#1889 = EDGE_CURVE('',#1890,#437,#1892,.T.);
#1890 = VERTEX_POINT('',#1891);
#1891 = CARTESIAN_POINT('',(23.729343926502,-18.98605637876,
    36.908594111116));
#1892 = SURFACE_CURVE('',#1893,(#1898,#1905),.PCURVE_S1.);
#1893 = HYPERBOLA('',#1894,25.005322988392,20.981957297029);
#1894 = AXIS2_PLACEMENT_3D('',#1895,#1896,#1897);
#1895 = CARTESIAN_POINT('',(1.828698072522,-20.90211461488,
    0.691202432178));
#1896 = DIRECTION('',(8.715574274766E-02,-0.996194698092,0.));
#1897 = DIRECTION('',(-0.,0.,1.));
#1898 = PCURVE('',#480,#1899);
#1899 = DEFINITIONAL_REPRESENTATION('',(#1900),#1904);
#1900 = ( BOUNDED_CURVE() B_SPLINE_CURVE(2,(#1901,#1902,#1903),
.UNSPECIFIED.,.F.,.F.) B_SPLINE_CURVE_WITH_KNOTS((3,3),(-0.929085588136,
-0.762909652067),.PIECEWISE_BEZIER_KNOTS.) CURVE() 
GEOMETRIC_REPRESENTATION_ITEM() RATIONAL_B_SPLINE_CURVE((1.,1.0034537915
,1.)) REPRESENTATION_ITEM('') );
#1901 = CARTESIAN_POINT('',(1.406710160127,-38.28783430648));
#1902 = CARTESIAN_POINT('',(3.952338473076,-36.07268077908));
#1903 = CARTESIAN_POINT('',(6.222895307442,-34.33333333333));
#1904 = ( GEOMETRIC_REPRESENTATION_CONTEXT(2) 
PARAMETRIC_REPRESENTATION_CONTEXT() REPRESENTATION_CONTEXT('2D SPACE',''
  ) );
#1905 = PCURVE('',#1906,#1911);
#1906 = CONICAL_SURFACE('',#1907,31.39,0.698131700798);
#1907 = AXIS2_PLACEMENT_3D('',#1908,#1909,#1910);
#1908 = CARTESIAN_POINT('',(0.,0.,38.10034770371));
#1909 = DIRECTION('',(0.,0.,1.));
#1910 = DIRECTION('',(1.,0.,0.));
#1911 = DEFINITIONAL_REPRESENTATION('',(#1912),#1919);
#1912 = B_SPLINE_CURVE_WITH_KNOTS('',5,(#1913,#1914,#1915,#1916,#1917,
    #1918),.UNSPECIFIED.,.F.,.F.,(6,6),(-0.929085588136,-0.762909652067)
  ,.PIECEWISE_BEZIER_KNOTS.);
#1913 = CARTESIAN_POINT('',(5.618222188699,-0.812513397225));
#1914 = CARTESIAN_POINT('',(5.595513634706,-1.700612877967));
#1915 = CARTESIAN_POINT('',(5.572116238827,-2.538182603031));
#1916 = CARTESIAN_POINT('',(5.548026532826,-3.327266123491));
#1917 = CARTESIAN_POINT('',(5.523246774263,-4.069675091498));
#1918 = CARTESIAN_POINT('',(5.497787143782,-4.767014370377));
#1919 = ( GEOMETRIC_REPRESENTATION_CONTEXT(2) 
PARAMETRIC_REPRESENTATION_CONTEXT() REPRESENTATION_CONTEXT('2D SPACE',''
  ) );
#1920 = ORIENTED_EDGE('',*,*,#1921,.T.);
#1921 = EDGE_CURVE('',#1890,#1922,#1924,.T.);
#1922 = VERTEX_POINT('',#1923);
#1923 = CARTESIAN_POINT('',(23.729343926502,-18.98605637876,
    46.424739222217));
#1924 = SURFACE_CURVE('',#1925,(#1929,#1935),.PCURVE_S1.);
#1925 = LINE('',#1926,#1927);
#1926 = CARTESIAN_POINT('',(23.729343926502,-18.98605637876,-1.));
#1927 = VECTOR('',#1928,1.);
#1928 = DIRECTION('',(0.,0.,1.));
#1929 = PCURVE('',#480,#1930);
#1930 = DEFINITIONAL_REPRESENTATION('',(#1931),#1934);
#1931 = B_SPLINE_CURVE_WITH_KNOTS('',1,(#1932,#1933),.UNSPECIFIED.,.F.,
  .F.,(2,2),(-5.999999999062E-07,102.0000006),.PIECEWISE_BEZIER_KNOTS.);
#1932 = CARTESIAN_POINT('',(1.844545173519,5.999999999062E-07));
#1933 = CARTESIAN_POINT('',(1.844545173519,-102.0000006));
#1934 = ( GEOMETRIC_REPRESENTATION_CONTEXT(2) 
PARAMETRIC_REPRESENTATION_CONTEXT() REPRESENTATION_CONTEXT('2D SPACE',''
  ) );
#1935 = PCURVE('',#1936,#1941);
#1936 = CYLINDRICAL_SURFACE('',#1937,30.39);
#1937 = AXIS2_PLACEMENT_3D('',#1938,#1939,#1940);
#1938 = CARTESIAN_POINT('',(0.,0.,-1.));
#1939 = DIRECTION('',(0.,0.,1.));
#1940 = DIRECTION('',(1.,0.,-0.));
#1941 = DEFINITIONAL_REPRESENTATION('',(#1942),#1945);
#1942 = B_SPLINE_CURVE_WITH_KNOTS('',1,(#1943,#1944),.UNSPECIFIED.,.F.,
  .F.,(2,2),(-5.999999999062E-07,102.0000006),.PIECEWISE_BEZIER_KNOTS.);
#1943 = CARTESIAN_POINT('',(5.608378040247,-5.999999999062E-07));
#1944 = CARTESIAN_POINT('',(5.608378040247,102.0000006));
#1945 = ( GEOMETRIC_REPRESENTATION_CONTEXT(2) 
PARAMETRIC_REPRESENTATION_CONTEXT() REPRESENTATION_CONTEXT('2D SPACE',''
  ) );
#1946 = ORIENTED_EDGE('',*,*,#1947,.F.);
#1947 = EDGE_CURVE('',#465,#1922,#1948,.T.);
#1948 = SURFACE_CURVE('',#1949,(#1954,#1961),.PCURVE_S1.);
#1949 = HYPERBOLA('',#1950,25.005322988392,20.981957297029);
#1950 = AXIS2_PLACEMENT_3D('',#1951,#1952,#1953);
#1951 = CARTESIAN_POINT('',(1.828698072522,-20.90211461488,
    82.642130901155));
#1952 = DIRECTION('',(8.715574274766E-02,-0.996194698092,0.));
#1953 = DIRECTION('',(0.,-0.,-1.));
#1954 = PCURVE('',#480,#1955);
#1955 = DEFINITIONAL_REPRESENTATION('',(#1956),#1960);
#1956 = ( BOUNDED_CURVE() B_SPLINE_CURVE(2,(#1957,#1958,#1959),
.UNSPECIFIED.,.F.,.F.) B_SPLINE_CURVE_WITH_KNOTS((3,3),(0.762909652067,
0.929085588136),.PIECEWISE_BEZIER_KNOTS.) CURVE() 
GEOMETRIC_REPRESENTATION_ITEM() RATIONAL_B_SPLINE_CURVE((1.,1.0034537915
,1.)) REPRESENTATION_ITEM('') );
#1957 = CARTESIAN_POINT('',(6.222895307442,-51.));
#1958 = CARTESIAN_POINT('',(3.952338473076,-49.26065255424));
#1959 = CARTESIAN_POINT('',(1.406710160127,-47.04549902684));
#1960 = ( GEOMETRIC_REPRESENTATION_CONTEXT(2) 
PARAMETRIC_REPRESENTATION_CONTEXT() REPRESENTATION_CONTEXT('2D SPACE',''
  ) );
#1961 = PCURVE('',#1962,#1967);
#1962 = CONICAL_SURFACE('',#1963,27.39,0.698131700798);
#1963 = AXIS2_PLACEMENT_3D('',#1964,#1965,#1966);
#1964 = CARTESIAN_POINT('',(0.,0.,50.));
#1965 = DIRECTION('',(-0.,-0.,-1.));
#1966 = DIRECTION('',(1.,0.,0.));
#1967 = DEFINITIONAL_REPRESENTATION('',(#1968),#1975);
#1968 = B_SPLINE_CURVE_WITH_KNOTS('',5,(#1969,#1970,#1971,#1972,#1973,
    #1974),.UNSPECIFIED.,.F.,.F.,(6,6),(0.762909652067,0.929085588136),
  .PIECEWISE_BEZIER_KNOTS.);
#1969 = CARTESIAN_POINT('',(-5.497787143782,4.169635934897E-15));
#1970 = CARTESIAN_POINT('',(-5.523246774263,0.697339278879));
#1971 = CARTESIAN_POINT('',(-5.548026532826,1.439748246886));
#1972 = CARTESIAN_POINT('',(-5.572116238827,2.228831767346));
#1973 = CARTESIAN_POINT('',(-5.595513634706,3.06640149241));
#1974 = CARTESIAN_POINT('',(-5.618222188699,3.954500973152));
#1975 = ( GEOMETRIC_REPRESENTATION_CONTEXT(2) 
PARAMETRIC_REPRESENTATION_CONTEXT() REPRESENTATION_CONTEXT('2D SPACE',''
  ) );
#1976 = ADVANCED_FACE('',(#1977),#452,.F.);
#1977 = FACE_BOUND('',#1978,.F.);
#1978 = EDGE_LOOP('',(#1979,#1980,#2012,#2038));
#1979 = ORIENTED_EDGE('',*,*,#436,.F.);
#1980 = ORIENTED_EDGE('',*,*,#1981,.F.);
#1981 = EDGE_CURVE('',#1982,#414,#1984,.T.);
#1982 = VERTEX_POINT('',#1983);
#1983 = CARTESIAN_POINT('',(23.729343926502,-18.98605637876,
    20.241927444449));
#1984 = SURFACE_CURVE('',#1985,(#1990,#1997),.PCURVE_S1.);
#1985 = HYPERBOLA('',#1986,25.005322988392,20.981957297029);
#1986 = AXIS2_PLACEMENT_3D('',#1987,#1988,#1989);
#1987 = CARTESIAN_POINT('',(1.828698072522,-20.90211461488,
    -15.97546423448));
#1988 = DIRECTION('',(8.715574274766E-02,-0.996194698092,0.));
#1989 = DIRECTION('',(-0.,0.,1.));
#1990 = PCURVE('',#452,#1991);
#1991 = DEFINITIONAL_REPRESENTATION('',(#1992),#1996);
#1992 = ( BOUNDED_CURVE() B_SPLINE_CURVE(2,(#1993,#1994,#1995),
.UNSPECIFIED.,.F.,.F.) B_SPLINE_CURVE_WITH_KNOTS((3,3),(-0.929085588136,
-0.762909652067),.PIECEWISE_BEZIER_KNOTS.) CURVE() 
GEOMETRIC_REPRESENTATION_ITEM() RATIONAL_B_SPLINE_CURVE((1.,1.0034537915
,1.)) REPRESENTATION_ITEM('') );
#1993 = CARTESIAN_POINT('',(1.406710160127,-21.62116763981));
#1994 = CARTESIAN_POINT('',(3.952338473076,-19.40601411241));
#1995 = CARTESIAN_POINT('',(6.222895307442,-17.66666666666));
#1996 = ( GEOMETRIC_REPRESENTATION_CONTEXT(2) 
PARAMETRIC_REPRESENTATION_CONTEXT() REPRESENTATION_CONTEXT('2D SPACE',''
  ) );
#1997 = PCURVE('',#1998,#2003);
#1998 = CONICAL_SURFACE('',#1999,31.39,0.698131700798);
#1999 = AXIS2_PLACEMENT_3D('',#2000,#2001,#2002);
#2000 = CARTESIAN_POINT('',(0.,0.,21.433681037044));
#2001 = DIRECTION('',(0.,0.,1.));
#2002 = DIRECTION('',(1.,0.,0.));
#2003 = DEFINITIONAL_REPRESENTATION('',(#2004),#2011);
#2004 = B_SPLINE_CURVE_WITH_KNOTS('',5,(#2005,#2006,#2007,#2008,#2009,
    #2010),.UNSPECIFIED.,.F.,.F.,(6,6),(-0.929085588136,-0.762909652067)
  ,.PIECEWISE_BEZIER_KNOTS.);
#2005 = CARTESIAN_POINT('',(5.618222188699,-0.812513397225));
#2006 = CARTESIAN_POINT('',(5.595513634706,-1.700612877967));
#2007 = CARTESIAN_POINT('',(5.572116238827,-2.538182603031));
#2008 = CARTESIAN_POINT('',(5.548026532826,-3.327266123491));
#2009 = CARTESIAN_POINT('',(5.523246774263,-4.069675091498));
#2010 = CARTESIAN_POINT('',(5.497787143782,-4.767014370377));
#2011 = ( GEOMETRIC_REPRESENTATION_CONTEXT(2) 
PARAMETRIC_REPRESENTATION_CONTEXT() REPRESENTATION_CONTEXT('2D SPACE',''
  ) );
#2012 = ORIENTED_EDGE('',*,*,#2013,.T.);
#2013 = EDGE_CURVE('',#1982,#2014,#2016,.T.);
#2014 = VERTEX_POINT('',#2015);
#2015 = CARTESIAN_POINT('',(23.729343926502,-18.98605637876,
    29.758072555551));
#2016 = SURFACE_CURVE('',#2017,(#2021,#2027),.PCURVE_S1.);
#2017 = LINE('',#2018,#2019);
#2018 = CARTESIAN_POINT('',(23.729343926502,-18.98605637876,-1.));
#2019 = VECTOR('',#2020,1.);
#2020 = DIRECTION('',(0.,0.,1.));
#2021 = PCURVE('',#452,#2022);
#2022 = DEFINITIONAL_REPRESENTATION('',(#2023),#2026);
#2023 = B_SPLINE_CURVE_WITH_KNOTS('',1,(#2024,#2025),.UNSPECIFIED.,.F.,
  .F.,(2,2),(-5.999999999062E-07,102.0000006),.PIECEWISE_BEZIER_KNOTS.);
#2024 = CARTESIAN_POINT('',(1.844545173519,5.999999999062E-07));
#2025 = CARTESIAN_POINT('',(1.844545173519,-102.0000006));
#2026 = ( GEOMETRIC_REPRESENTATION_CONTEXT(2) 
PARAMETRIC_REPRESENTATION_CONTEXT() REPRESENTATION_CONTEXT('2D SPACE',''
  ) );
#2027 = PCURVE('',#2028,#2033);
#2028 = CYLINDRICAL_SURFACE('',#2029,30.39);
#2029 = AXIS2_PLACEMENT_3D('',#2030,#2031,#2032);
#2030 = CARTESIAN_POINT('',(0.,0.,-1.));
#2031 = DIRECTION('',(0.,0.,1.));
#2032 = DIRECTION('',(1.,0.,-0.));
#2033 = DEFINITIONAL_REPRESENTATION('',(#2034),#2037);
#2034 = B_SPLINE_CURVE_WITH_KNOTS('',1,(#2035,#2036),.UNSPECIFIED.,.F.,
  .F.,(2,2),(-5.999999999062E-07,102.0000006),.PIECEWISE_BEZIER_KNOTS.);
#2035 = CARTESIAN_POINT('',(5.608378040247,-5.999999999062E-07));
#2036 = CARTESIAN_POINT('',(5.608378040247,102.0000006));
#2037 = ( GEOMETRIC_REPRESENTATION_CONTEXT(2) 
PARAMETRIC_REPRESENTATION_CONTEXT() REPRESENTATION_CONTEXT('2D SPACE',''
  ) );
#2038 = ORIENTED_EDGE('',*,*,#2039,.F.);
#2039 = EDGE_CURVE('',#437,#2014,#2040,.T.);
#2040 = SURFACE_CURVE('',#2041,(#2046,#2053),.PCURVE_S1.);
#2041 = HYPERBOLA('',#2042,25.005322988392,20.981957297029);
#2042 = AXIS2_PLACEMENT_3D('',#2043,#2044,#2045);
#2043 = CARTESIAN_POINT('',(1.828698072522,-20.90211461488,
    65.975464234489));
#2044 = DIRECTION('',(8.715574274766E-02,-0.996194698092,0.));
#2045 = DIRECTION('',(0.,-0.,-1.));
#2046 = PCURVE('',#452,#2047);
#2047 = DEFINITIONAL_REPRESENTATION('',(#2048),#2052);
#2048 = ( BOUNDED_CURVE() B_SPLINE_CURVE(2,(#2049,#2050,#2051),
.UNSPECIFIED.,.F.,.F.) B_SPLINE_CURVE_WITH_KNOTS((3,3),(0.762909652067,
0.929085588136),.PIECEWISE_BEZIER_KNOTS.) CURVE() 
GEOMETRIC_REPRESENTATION_ITEM() RATIONAL_B_SPLINE_CURVE((1.,1.0034537915
,1.)) REPRESENTATION_ITEM('') );
#2049 = CARTESIAN_POINT('',(6.222895307442,-34.33333333333));
#2050 = CARTESIAN_POINT('',(3.952338473076,-32.59398588758));
#2051 = CARTESIAN_POINT('',(1.406710160127,-30.37883236018));
#2052 = ( GEOMETRIC_REPRESENTATION_CONTEXT(2) 
PARAMETRIC_REPRESENTATION_CONTEXT() REPRESENTATION_CONTEXT('2D SPACE',''
  ) );
#2053 = PCURVE('',#2054,#2059);
#2054 = CONICAL_SURFACE('',#2055,27.39,0.698131700798);
#2055 = AXIS2_PLACEMENT_3D('',#2056,#2057,#2058);
#2056 = CARTESIAN_POINT('',(0.,0.,33.333333333333));
#2057 = DIRECTION('',(-0.,-0.,-1.));
#2058 = DIRECTION('',(1.,0.,0.));
#2059 = DEFINITIONAL_REPRESENTATION('',(#2060),#2067);
#2060 = B_SPLINE_CURVE_WITH_KNOTS('',5,(#2061,#2062,#2063,#2064,#2065,
    #2066),.UNSPECIFIED.,.F.,.F.,(6,6),(0.762909652067,0.929085588136),
  .PIECEWISE_BEZIER_KNOTS.);
#2061 = CARTESIAN_POINT('',(-5.497787143782,0.));
#2062 = CARTESIAN_POINT('',(-5.523246774263,0.697339278879));
#2063 = CARTESIAN_POINT('',(-5.548026532826,1.439748246886));
#2064 = CARTESIAN_POINT('',(-5.572116238827,2.228831767346));
#2065 = CARTESIAN_POINT('',(-5.595513634706,3.06640149241));
#2066 = CARTESIAN_POINT('',(-5.618222188699,3.954500973152));
#2067 = ( GEOMETRIC_REPRESENTATION_CONTEXT(2) 
PARAMETRIC_REPRESENTATION_CONTEXT() REPRESENTATION_CONTEXT('2D SPACE',''
  ) );
#2068 = ADVANCED_FACE('',(#2069),#663,.F.);
#2069 = FACE_BOUND('',#2070,.T.);
#2070 = EDGE_LOOP('',(#2071,#2093,#2094,#2095));
#2071 = ORIENTED_EDGE('',*,*,#2072,.T.);
#2072 = EDGE_CURVE('',#414,#732,#2073,.T.);
#2073 = SURFACE_CURVE('',#2074,(#2079,#2086),.PCURVE_S1.);
#2074 = CIRCLE('',#2075,27.39);
#2075 = AXIS2_PLACEMENT_3D('',#2076,#2077,#2078);
#2076 = CARTESIAN_POINT('',(0.,0.,16.666666666667));
#2077 = DIRECTION('',(0.,0.,1.));
#2078 = DIRECTION('',(1.,0.,-0.));
#2079 = PCURVE('',#663,#2080);
#2080 = DEFINITIONAL_REPRESENTATION('',(#2081),#2085);
#2081 = LINE('',#2082,#2083);
#2082 = CARTESIAN_POINT('',(-0.,0.));
#2083 = VECTOR('',#2084,1.);
#2084 = DIRECTION('',(-1.,0.));
#2085 = ( GEOMETRIC_REPRESENTATION_CONTEXT(2) 
PARAMETRIC_REPRESENTATION_CONTEXT() REPRESENTATION_CONTEXT('2D SPACE',''
  ) );
#2086 = PCURVE('',#1998,#2087);
#2087 = DEFINITIONAL_REPRESENTATION('',(#2088),#2092);
#2088 = LINE('',#2089,#2090);
#2089 = CARTESIAN_POINT('',(0.,-4.767014370377));
#2090 = VECTOR('',#2091,1.);
#2091 = DIRECTION('',(1.,-0.));
#2092 = ( GEOMETRIC_REPRESENTATION_CONTEXT(2) 
PARAMETRIC_REPRESENTATION_CONTEXT() REPRESENTATION_CONTEXT('2D SPACE',''
  ) );
#2093 = ORIENTED_EDGE('',*,*,#754,.F.);
#2094 = ORIENTED_EDGE('',*,*,#705,.F.);
#2095 = ORIENTED_EDGE('',*,*,#648,.F.);
#2096 = ADVANCED_FACE('',(#2097),#820,.F.);
#2097 = FACE_BOUND('',#2098,.T.);
#2098 = EDGE_LOOP('',(#2099,#2100,#2101,#2128));
#2099 = ORIENTED_EDGE('',*,*,#862,.T.);
#2100 = ORIENTED_EDGE('',*,*,#805,.F.);
#2101 = ORIENTED_EDGE('',*,*,#2102,.F.);
#2102 = EDGE_CURVE('',#889,#732,#2103,.T.);
#2103 = SURFACE_CURVE('',#2104,(#2109,#2116),.PCURVE_S1.);
#2104 = CIRCLE('',#2105,27.39);
#2105 = AXIS2_PLACEMENT_3D('',#2106,#2107,#2108);
#2106 = CARTESIAN_POINT('',(0.,0.,16.666666666667));
#2107 = DIRECTION('',(0.,0.,-1.));
#2108 = DIRECTION('',(0.965925826289,0.258819045103,0.));
#2109 = PCURVE('',#820,#2110);
#2110 = DEFINITIONAL_REPRESENTATION('',(#2111),#2115);
#2111 = LINE('',#2112,#2113);
#2112 = CARTESIAN_POINT('',(-6.544984694979,0.));
#2113 = VECTOR('',#2114,1.);
#2114 = DIRECTION('',(1.,-0.));
#2115 = ( GEOMETRIC_REPRESENTATION_CONTEXT(2) 
PARAMETRIC_REPRESENTATION_CONTEXT() REPRESENTATION_CONTEXT('2D SPACE',''
  ) );
#2116 = PCURVE('',#2117,#2122);
#2117 = CONICAL_SURFACE('',#2118,31.39,0.698131700798);
#2118 = AXIS2_PLACEMENT_3D('',#2119,#2120,#2121);
#2119 = CARTESIAN_POINT('',(0.,0.,21.433681037044));
#2120 = DIRECTION('',(0.,0.,1.));
#2121 = DIRECTION('',(1.,0.,0.));
#2122 = DEFINITIONAL_REPRESENTATION('',(#2123),#2127);
#2123 = LINE('',#2124,#2125);
#2124 = CARTESIAN_POINT('',(6.544984694979,-4.767014370377));
#2125 = VECTOR('',#2126,1.);
#2126 = DIRECTION('',(-1.,-0.));
#2127 = ( GEOMETRIC_REPRESENTATION_CONTEXT(2) 
PARAMETRIC_REPRESENTATION_CONTEXT() REPRESENTATION_CONTEXT('2D SPACE',''
  ) );
#2128 = ORIENTED_EDGE('',*,*,#911,.F.);
#2129 = ADVANCED_FACE('',(#2130),#977,.F.);
#2130 = FACE_BOUND('',#2131,.T.);
#2131 = EDGE_LOOP('',(#2132,#2133,#2160,#2161));
#2132 = ORIENTED_EDGE('',*,*,#962,.F.);
#2133 = ORIENTED_EDGE('',*,*,#2134,.T.);
#2134 = EDGE_CURVE('',#889,#1046,#2135,.T.);
#2135 = SURFACE_CURVE('',#2136,(#2141,#2148),.PCURVE_S1.);
#2136 = CIRCLE('',#2137,27.39);
#2137 = AXIS2_PLACEMENT_3D('',#2138,#2139,#2140);
#2138 = CARTESIAN_POINT('',(0.,0.,16.666666666667));
#2139 = DIRECTION('',(0.,0.,1.));
#2140 = DIRECTION('',(1.,0.,-0.));
#2141 = PCURVE('',#977,#2142);
#2142 = DEFINITIONAL_REPRESENTATION('',(#2143),#2147);
#2143 = LINE('',#2144,#2145);
#2144 = CARTESIAN_POINT('',(-0.,0.));
#2145 = VECTOR('',#2146,1.);
#2146 = DIRECTION('',(-1.,0.));
#2147 = ( GEOMETRIC_REPRESENTATION_CONTEXT(2) 
PARAMETRIC_REPRESENTATION_CONTEXT() REPRESENTATION_CONTEXT('2D SPACE',''
  ) );
#2148 = PCURVE('',#2149,#2154);
#2149 = CONICAL_SURFACE('',#2150,31.39,0.698131700798);
#2150 = AXIS2_PLACEMENT_3D('',#2151,#2152,#2153);
#2151 = CARTESIAN_POINT('',(0.,0.,21.433681037044));
#2152 = DIRECTION('',(0.,0.,1.));
#2153 = DIRECTION('',(1.,0.,0.));
#2154 = DEFINITIONAL_REPRESENTATION('',(#2155),#2159);
#2155 = LINE('',#2156,#2157);
#2156 = CARTESIAN_POINT('',(0.,-4.767014370377));
#2157 = VECTOR('',#2158,1.);
#2158 = DIRECTION('',(1.,-0.));
#2159 = ( GEOMETRIC_REPRESENTATION_CONTEXT(2) 
PARAMETRIC_REPRESENTATION_CONTEXT() REPRESENTATION_CONTEXT('2D SPACE',''
  ) );
#2160 = ORIENTED_EDGE('',*,*,#1068,.F.);
#2161 = ORIENTED_EDGE('',*,*,#1019,.F.);
#2162 = ADVANCED_FACE('',(#2163),#1268,.F.);
#2163 = FACE_BOUND('',#2164,.F.);
#2164 = EDGE_LOOP('',(#2165,#2192,#2193,#2225));
#2165 = ORIENTED_EDGE('',*,*,#2166,.F.);
#2166 = EDGE_CURVE('',#1046,#2167,#2169,.T.);
#2167 = VERTEX_POINT('',#2168);
#2168 = CARTESIAN_POINT('',(23.729343926502,18.986056378768,
    20.241927444449));
#2169 = SURFACE_CURVE('',#2170,(#2175,#2182),.PCURVE_S1.);
#2170 = HYPERBOLA('',#2171,25.005322988392,20.981957297029);
#2171 = AXIS2_PLACEMENT_3D('',#2172,#2173,#2174);
#2172 = CARTESIAN_POINT('',(1.828698072522,20.902114614888,
    -15.97546423448));
#2173 = DIRECTION('',(8.715574274766E-02,0.996194698092,0.));
#2174 = DIRECTION('',(0.,-0.,1.));
#2175 = PCURVE('',#1268,#2176);
#2176 = DEFINITIONAL_REPRESENTATION('',(#2177),#2181);
#2177 = ( BOUNDED_CURVE() B_SPLINE_CURVE(2,(#2178,#2179,#2180),
.UNSPECIFIED.,.F.,.F.) B_SPLINE_CURVE_WITH_KNOTS((3,3),(0.762909652067,
0.929085588136),.PIECEWISE_BEZIER_KNOTS.) CURVE() 
GEOMETRIC_REPRESENTATION_ITEM() RATIONAL_B_SPLINE_CURVE((1.,1.0034537915
,1.)) REPRESENTATION_ITEM('') );
#2178 = CARTESIAN_POINT('',(7.105427357601E-15,-17.66666666666));
#2179 = CARTESIAN_POINT('',(2.270556834366,-19.40601411241));
#2180 = CARTESIAN_POINT('',(4.816185147315,-21.62116763981));
#2181 = ( GEOMETRIC_REPRESENTATION_CONTEXT(2) 
PARAMETRIC_REPRESENTATION_CONTEXT() REPRESENTATION_CONTEXT('2D SPACE',''
  ) );
#2182 = PCURVE('',#2149,#2183);
#2183 = DEFINITIONAL_REPRESENTATION('',(#2184),#2191);
#2184 = B_SPLINE_CURVE_WITH_KNOTS('',5,(#2185,#2186,#2187,#2188,#2189,
    #2190),.UNSPECIFIED.,.F.,.F.,(6,6),(0.762909652067,0.929085588136),
  .PIECEWISE_BEZIER_KNOTS.);
#2185 = CARTESIAN_POINT('',(0.785398163397,-4.767014370377));
#2186 = CARTESIAN_POINT('',(0.759938532916,-4.069675091498));
#2187 = CARTESIAN_POINT('',(0.735158774354,-3.327266123491));
#2188 = CARTESIAN_POINT('',(0.711069068353,-2.538182603031));
#2189 = CARTESIAN_POINT('',(0.687671672473,-1.700612877967));
#2190 = CARTESIAN_POINT('',(0.664963118481,-0.812513397225));
#2191 = ( GEOMETRIC_REPRESENTATION_CONTEXT(2) 
PARAMETRIC_REPRESENTATION_CONTEXT() REPRESENTATION_CONTEXT('2D SPACE',''
  ) );
#2192 = ORIENTED_EDGE('',*,*,#1254,.T.);
#2193 = ORIENTED_EDGE('',*,*,#2194,.F.);
#2194 = EDGE_CURVE('',#2195,#1227,#2197,.T.);
#2195 = VERTEX_POINT('',#2196);
#2196 = CARTESIAN_POINT('',(23.729343926502,18.986056378768,
    29.758072555551));
#2197 = SURFACE_CURVE('',#2198,(#2203,#2210),.PCURVE_S1.);
#2198 = HYPERBOLA('',#2199,25.005322988392,20.981957297029);
#2199 = AXIS2_PLACEMENT_3D('',#2200,#2201,#2202);
#2200 = CARTESIAN_POINT('',(1.828698072522,20.902114614888,
    65.975464234489));
#2201 = DIRECTION('',(8.715574274766E-02,0.996194698092,0.));
#2202 = DIRECTION('',(0.,0.,-1.));
#2203 = PCURVE('',#1268,#2204);
#2204 = DEFINITIONAL_REPRESENTATION('',(#2205),#2209);
#2205 = ( BOUNDED_CURVE() B_SPLINE_CURVE(2,(#2206,#2207,#2208),
.UNSPECIFIED.,.F.,.F.) B_SPLINE_CURVE_WITH_KNOTS((3,3),(-0.929085588136,
-0.762909652067),.PIECEWISE_BEZIER_KNOTS.) CURVE() 
GEOMETRIC_REPRESENTATION_ITEM() RATIONAL_B_SPLINE_CURVE((1.,1.0034537915
,1.)) REPRESENTATION_ITEM('') );
#2206 = CARTESIAN_POINT('',(4.816185147315,-30.37883236018));
#2207 = CARTESIAN_POINT('',(2.270556834366,-32.59398588758));
#2208 = CARTESIAN_POINT('',(0.,-34.33333333333));
#2209 = ( GEOMETRIC_REPRESENTATION_CONTEXT(2) 
PARAMETRIC_REPRESENTATION_CONTEXT() REPRESENTATION_CONTEXT('2D SPACE',''
  ) );
#2210 = PCURVE('',#2211,#2216);
#2211 = CONICAL_SURFACE('',#2212,27.39,0.698131700798);
#2212 = AXIS2_PLACEMENT_3D('',#2213,#2214,#2215);
#2213 = CARTESIAN_POINT('',(0.,0.,33.333333333333));
#2214 = DIRECTION('',(-0.,-0.,-1.));
#2215 = DIRECTION('',(1.,0.,0.));
#2216 = DEFINITIONAL_REPRESENTATION('',(#2217),#2224);
#2217 = B_SPLINE_CURVE_WITH_KNOTS('',5,(#2218,#2219,#2220,#2221,#2222,
    #2223),.UNSPECIFIED.,.F.,.F.,(6,6),(-0.929085588136,-0.762909652067)
  ,.PIECEWISE_BEZIER_KNOTS.);
#2218 = CARTESIAN_POINT('',(-0.664963118481,3.954500973152));
#2219 = CARTESIAN_POINT('',(-0.687671672473,3.06640149241));
#2220 = CARTESIAN_POINT('',(-0.711069068353,2.228831767346));
#2221 = CARTESIAN_POINT('',(-0.735158774354,1.439748246886));
#2222 = CARTESIAN_POINT('',(-0.759938532916,0.697339278879));
#2223 = CARTESIAN_POINT('',(-0.785398163397,-7.668375910012E-15));
#2224 = ( GEOMETRIC_REPRESENTATION_CONTEXT(2) 
PARAMETRIC_REPRESENTATION_CONTEXT() REPRESENTATION_CONTEXT('2D SPACE',''
  ) );
#2225 = ORIENTED_EDGE('',*,*,#2226,.F.);
#2226 = EDGE_CURVE('',#2167,#2195,#2227,.T.);
#2227 = SURFACE_CURVE('',#2228,(#2232,#2238),.PCURVE_S1.);
#2228 = LINE('',#2229,#2230);
#2229 = CARTESIAN_POINT('',(23.729343926502,18.986056378768,-1.));
#2230 = VECTOR('',#2231,1.);
#2231 = DIRECTION('',(0.,0.,1.));
#2232 = PCURVE('',#1268,#2233);
#2233 = DEFINITIONAL_REPRESENTATION('',(#2234),#2237);
#2234 = B_SPLINE_CURVE_WITH_KNOTS('',1,(#2235,#2236),.UNSPECIFIED.,.F.,
  .F.,(2,2),(-5.999999999062E-07,102.0000006),.PIECEWISE_BEZIER_KNOTS.);
#2235 = CARTESIAN_POINT('',(4.378350133922,5.999999999062E-07));
#2236 = CARTESIAN_POINT('',(4.378350133922,-102.0000006));
#2237 = ( GEOMETRIC_REPRESENTATION_CONTEXT(2) 
PARAMETRIC_REPRESENTATION_CONTEXT() REPRESENTATION_CONTEXT('2D SPACE',''
  ) );
#2238 = PCURVE('',#2239,#2244);
#2239 = CYLINDRICAL_SURFACE('',#2240,30.39);
#2240 = AXIS2_PLACEMENT_3D('',#2241,#2242,#2243);
#2241 = CARTESIAN_POINT('',(0.,0.,-1.));
#2242 = DIRECTION('',(0.,0.,1.));
#2243 = DIRECTION('',(1.,0.,-0.));
#2244 = DEFINITIONAL_REPRESENTATION('',(#2245),#2248);
#2245 = B_SPLINE_CURVE_WITH_KNOTS('',1,(#2246,#2247),.UNSPECIFIED.,.F.,
  .F.,(2,2),(0.,102.),.PIECEWISE_BEZIER_KNOTS.);
#2246 = CARTESIAN_POINT('',(6.957992574112,0.));
#2247 = CARTESIAN_POINT('',(6.957992574112,102.));
#2248 = ( GEOMETRIC_REPRESENTATION_CONTEXT(2) 
PARAMETRIC_REPRESENTATION_CONTEXT() REPRESENTATION_CONTEXT('2D SPACE',''
  ) );
#2249 = ADVANCED_FACE('',(#2250),#1242,.F.);
#2250 = FACE_BOUND('',#2251,.F.);
#2251 = EDGE_LOOP('',(#2252,#2284,#2285,#2317));
#2252 = ORIENTED_EDGE('',*,*,#2253,.F.);
#2253 = EDGE_CURVE('',#1227,#2254,#2256,.T.);
#2254 = VERTEX_POINT('',#2255);
#2255 = CARTESIAN_POINT('',(23.729343926502,18.986056378768,
    36.908594111116));
#2256 = SURFACE_CURVE('',#2257,(#2262,#2269),.PCURVE_S1.);
#2257 = HYPERBOLA('',#2258,25.005322988392,20.981957297029);
#2258 = AXIS2_PLACEMENT_3D('',#2259,#2260,#2261);
#2259 = CARTESIAN_POINT('',(1.828698072522,20.902114614888,
    0.691202432178));
#2260 = DIRECTION('',(8.715574274766E-02,0.996194698092,0.));
#2261 = DIRECTION('',(0.,-0.,1.));
#2262 = PCURVE('',#1242,#2263);
#2263 = DEFINITIONAL_REPRESENTATION('',(#2264),#2268);
#2264 = ( BOUNDED_CURVE() B_SPLINE_CURVE(2,(#2265,#2266,#2267),
.UNSPECIFIED.,.F.,.F.) B_SPLINE_CURVE_WITH_KNOTS((3,3),(0.762909652067,
0.929085588136),.PIECEWISE_BEZIER_KNOTS.) CURVE() 
GEOMETRIC_REPRESENTATION_ITEM() RATIONAL_B_SPLINE_CURVE((1.,1.0034537915
,1.)) REPRESENTATION_ITEM('') );
#2265 = CARTESIAN_POINT('',(7.105427357601E-15,-34.33333333333));
#2266 = CARTESIAN_POINT('',(2.270556834366,-36.07268077908));
#2267 = CARTESIAN_POINT('',(4.816185147315,-38.28783430648));
#2268 = ( GEOMETRIC_REPRESENTATION_CONTEXT(2) 
PARAMETRIC_REPRESENTATION_CONTEXT() REPRESENTATION_CONTEXT('2D SPACE',''
  ) );
#2269 = PCURVE('',#2270,#2275);
#2270 = CONICAL_SURFACE('',#2271,31.39,0.698131700798);
#2271 = AXIS2_PLACEMENT_3D('',#2272,#2273,#2274);
#2272 = CARTESIAN_POINT('',(0.,0.,38.10034770371));
#2273 = DIRECTION('',(0.,0.,1.));
#2274 = DIRECTION('',(1.,0.,0.));
#2275 = DEFINITIONAL_REPRESENTATION('',(#2276),#2283);
#2276 = B_SPLINE_CURVE_WITH_KNOTS('',5,(#2277,#2278,#2279,#2280,#2281,
    #2282),.UNSPECIFIED.,.F.,.F.,(6,6),(0.762909652067,0.929085588136),
  .PIECEWISE_BEZIER_KNOTS.);
#2277 = CARTESIAN_POINT('',(0.785398163397,-4.767014370377));
#2278 = CARTESIAN_POINT('',(0.759938532916,-4.069675091498));
#2279 = CARTESIAN_POINT('',(0.735158774354,-3.327266123491));
#2280 = CARTESIAN_POINT('',(0.711069068353,-2.538182603031));
#2281 = CARTESIAN_POINT('',(0.687671672473,-1.700612877967));
#2282 = CARTESIAN_POINT('',(0.664963118481,-0.812513397225));
#2283 = ( GEOMETRIC_REPRESENTATION_CONTEXT(2) 
PARAMETRIC_REPRESENTATION_CONTEXT() REPRESENTATION_CONTEXT('2D SPACE',''
  ) );
#2284 = ORIENTED_EDGE('',*,*,#1226,.T.);
#2285 = ORIENTED_EDGE('',*,*,#2286,.F.);
#2286 = EDGE_CURVE('',#2287,#1199,#2289,.T.);
#2287 = VERTEX_POINT('',#2288);
#2288 = CARTESIAN_POINT('',(23.729343926502,18.986056378768,
    46.424739222217));
#2289 = SURFACE_CURVE('',#2290,(#2295,#2302),.PCURVE_S1.);
#2290 = HYPERBOLA('',#2291,25.005322988392,20.981957297029);
#2291 = AXIS2_PLACEMENT_3D('',#2292,#2293,#2294);
#2292 = CARTESIAN_POINT('',(1.828698072522,20.902114614888,
    82.642130901155));
#2293 = DIRECTION('',(8.715574274766E-02,0.996194698092,0.));
#2294 = DIRECTION('',(0.,0.,-1.));
#2295 = PCURVE('',#1242,#2296);
#2296 = DEFINITIONAL_REPRESENTATION('',(#2297),#2301);
#2297 = ( BOUNDED_CURVE() B_SPLINE_CURVE(2,(#2298,#2299,#2300),
.UNSPECIFIED.,.F.,.F.) B_SPLINE_CURVE_WITH_KNOTS((3,3),(-0.929085588136,
-0.762909652067),.PIECEWISE_BEZIER_KNOTS.) CURVE() 
GEOMETRIC_REPRESENTATION_ITEM() RATIONAL_B_SPLINE_CURVE((1.,1.0034537915
,1.)) REPRESENTATION_ITEM('') );
#2298 = CARTESIAN_POINT('',(4.816185147315,-47.04549902684));
#2299 = CARTESIAN_POINT('',(2.270556834366,-49.26065255424));
#2300 = CARTESIAN_POINT('',(0.,-51.));
#2301 = ( GEOMETRIC_REPRESENTATION_CONTEXT(2) 
PARAMETRIC_REPRESENTATION_CONTEXT() REPRESENTATION_CONTEXT('2D SPACE',''
  ) );
#2302 = PCURVE('',#2303,#2308);
#2303 = CONICAL_SURFACE('',#2304,27.39,0.698131700798);
#2304 = AXIS2_PLACEMENT_3D('',#2305,#2306,#2307);
#2305 = CARTESIAN_POINT('',(0.,0.,50.));
#2306 = DIRECTION('',(-0.,-0.,-1.));
#2307 = DIRECTION('',(1.,0.,0.));
#2308 = DEFINITIONAL_REPRESENTATION('',(#2309),#2316);
#2309 = B_SPLINE_CURVE_WITH_KNOTS('',5,(#2310,#2311,#2312,#2313,#2314,
    #2315),.UNSPECIFIED.,.F.,.F.,(6,6),(-0.929085588136,-0.762909652067)
  ,.PIECEWISE_BEZIER_KNOTS.);
#2310 = CARTESIAN_POINT('',(-0.664963118481,3.954500973152));
#2311 = CARTESIAN_POINT('',(-0.687671672473,3.06640149241));
#2312 = CARTESIAN_POINT('',(-0.711069068353,2.228831767346));
#2313 = CARTESIAN_POINT('',(-0.735158774354,1.439748246886));
#2314 = CARTESIAN_POINT('',(-0.759938532916,0.697339278879));
#2315 = CARTESIAN_POINT('',(-0.785398163397,-3.498739975115E-15));
#2316 = ( GEOMETRIC_REPRESENTATION_CONTEXT(2) 
PARAMETRIC_REPRESENTATION_CONTEXT() REPRESENTATION_CONTEXT('2D SPACE',''
  ) );
#2317 = ORIENTED_EDGE('',*,*,#2318,.F.);
#2318 = EDGE_CURVE('',#2254,#2287,#2319,.T.);
#2319 = SURFACE_CURVE('',#2320,(#2324,#2330),.PCURVE_S1.);
#2320 = LINE('',#2321,#2322);
#2321 = CARTESIAN_POINT('',(23.729343926502,18.986056378768,-1.));
#2322 = VECTOR('',#2323,1.);
#2323 = DIRECTION('',(0.,0.,1.));
#2324 = PCURVE('',#1242,#2325);
#2325 = DEFINITIONAL_REPRESENTATION('',(#2326),#2329);
#2326 = B_SPLINE_CURVE_WITH_KNOTS('',1,(#2327,#2328),.UNSPECIFIED.,.F.,
  .F.,(2,2),(-5.999999999062E-07,102.0000006),.PIECEWISE_BEZIER_KNOTS.);
#2327 = CARTESIAN_POINT('',(4.378350133922,5.999999999062E-07));
#2328 = CARTESIAN_POINT('',(4.378350133922,-102.0000006));
#2329 = ( GEOMETRIC_REPRESENTATION_CONTEXT(2) 
PARAMETRIC_REPRESENTATION_CONTEXT() REPRESENTATION_CONTEXT('2D SPACE',''
  ) );
#2330 = PCURVE('',#2331,#2336);
#2331 = CYLINDRICAL_SURFACE('',#2332,30.39);
#2332 = AXIS2_PLACEMENT_3D('',#2333,#2334,#2335);
#2333 = CARTESIAN_POINT('',(0.,0.,-1.));
#2334 = DIRECTION('',(0.,0.,1.));
#2335 = DIRECTION('',(1.,0.,-0.));
#2336 = DEFINITIONAL_REPRESENTATION('',(#2337),#2340);
#2337 = B_SPLINE_CURVE_WITH_KNOTS('',1,(#2338,#2339),.UNSPECIFIED.,.F.,
  .F.,(2,2),(0.,102.),.PIECEWISE_BEZIER_KNOTS.);
#2338 = CARTESIAN_POINT('',(6.957992574112,0.));
#2339 = CARTESIAN_POINT('',(6.957992574112,102.));
#2340 = ( GEOMETRIC_REPRESENTATION_CONTEXT(2) 
PARAMETRIC_REPRESENTATION_CONTEXT() REPRESENTATION_CONTEXT('2D SPACE',''
  ) );
#2341 = ADVANCED_FACE('',(#2342),#1214,.F.);
#2342 = FACE_BOUND('',#2343,.F.);
#2343 = EDGE_LOOP('',(#2344,#2376,#2377,#2409));
#2344 = ORIENTED_EDGE('',*,*,#2345,.F.);
#2345 = EDGE_CURVE('',#1199,#2346,#2348,.T.);
#2346 = VERTEX_POINT('',#2347);
#2347 = CARTESIAN_POINT('',(23.729343926502,18.986056378768,
    53.575260777783));
#2348 = SURFACE_CURVE('',#2349,(#2354,#2361),.PCURVE_S1.);
#2349 = HYPERBOLA('',#2350,25.005322988392,20.981957297029);
#2350 = AXIS2_PLACEMENT_3D('',#2351,#2352,#2353);
#2351 = CARTESIAN_POINT('',(1.828698072522,20.902114614888,
    17.357869098845));
#2352 = DIRECTION('',(8.715574274766E-02,0.996194698092,0.));
#2353 = DIRECTION('',(0.,-0.,1.));
#2354 = PCURVE('',#1214,#2355);
#2355 = DEFINITIONAL_REPRESENTATION('',(#2356),#2360);
#2356 = ( BOUNDED_CURVE() B_SPLINE_CURVE(2,(#2357,#2358,#2359),
.UNSPECIFIED.,.F.,.F.) B_SPLINE_CURVE_WITH_KNOTS((3,3),(0.762909652067,
0.929085588136),.PIECEWISE_BEZIER_KNOTS.) CURVE() 
GEOMETRIC_REPRESENTATION_ITEM() RATIONAL_B_SPLINE_CURVE((1.,1.0034537915
,1.)) REPRESENTATION_ITEM('') );
#2357 = CARTESIAN_POINT('',(7.105427357601E-15,-51.));
#2358 = CARTESIAN_POINT('',(2.270556834366,-52.73934744575));
#2359 = CARTESIAN_POINT('',(4.816185147315,-54.95450097315));
#2360 = ( GEOMETRIC_REPRESENTATION_CONTEXT(2) 
PARAMETRIC_REPRESENTATION_CONTEXT() REPRESENTATION_CONTEXT('2D SPACE',''
  ) );
#2361 = PCURVE('',#2362,#2367);
#2362 = CONICAL_SURFACE('',#2363,31.39,0.698131700798);
#2363 = AXIS2_PLACEMENT_3D('',#2364,#2365,#2366);
#2364 = CARTESIAN_POINT('',(0.,0.,54.767014370377));
#2365 = DIRECTION('',(0.,0.,1.));
#2366 = DIRECTION('',(1.,0.,0.));
#2367 = DEFINITIONAL_REPRESENTATION('',(#2368),#2375);
#2368 = B_SPLINE_CURVE_WITH_KNOTS('',5,(#2369,#2370,#2371,#2372,#2373,
    #2374),.UNSPECIFIED.,.F.,.F.,(6,6),(0.762909652067,0.929085588136),
  .PIECEWISE_BEZIER_KNOTS.);
#2369 = CARTESIAN_POINT('',(0.785398163397,-4.767014370377));
#2370 = CARTESIAN_POINT('',(0.759938532916,-4.069675091498));
#2371 = CARTESIAN_POINT('',(0.735158774354,-3.327266123491));
#2372 = CARTESIAN_POINT('',(0.711069068353,-2.538182603031));
#2373 = CARTESIAN_POINT('',(0.687671672473,-1.700612877967));
#2374 = CARTESIAN_POINT('',(0.664963118481,-0.812513397225));
#2375 = ( GEOMETRIC_REPRESENTATION_CONTEXT(2) 
PARAMETRIC_REPRESENTATION_CONTEXT() REPRESENTATION_CONTEXT('2D SPACE',''
  ) );
#2376 = ORIENTED_EDGE('',*,*,#1198,.T.);
#2377 = ORIENTED_EDGE('',*,*,#2378,.F.);
#2378 = EDGE_CURVE('',#2379,#1171,#2381,.T.);
#2379 = VERTEX_POINT('',#2380);
#2380 = CARTESIAN_POINT('',(23.729343926502,18.986056378768,
    63.091405888884));
#2381 = SURFACE_CURVE('',#2382,(#2387,#2394),.PCURVE_S1.);
#2382 = HYPERBOLA('',#2383,25.005322988392,20.981957297029);
#2383 = AXIS2_PLACEMENT_3D('',#2384,#2385,#2386);
#2384 = CARTESIAN_POINT('',(1.828698072522,20.902114614888,
    99.308797567822));
#2385 = DIRECTION('',(8.715574274766E-02,0.996194698092,0.));
#2386 = DIRECTION('',(0.,0.,-1.));
#2387 = PCURVE('',#1214,#2388);
#2388 = DEFINITIONAL_REPRESENTATION('',(#2389),#2393);
#2389 = ( BOUNDED_CURVE() B_SPLINE_CURVE(2,(#2390,#2391,#2392),
.UNSPECIFIED.,.F.,.F.) B_SPLINE_CURVE_WITH_KNOTS((3,3),(-0.929085588136,
-0.762909652067),.PIECEWISE_BEZIER_KNOTS.) CURVE() 
GEOMETRIC_REPRESENTATION_ITEM() RATIONAL_B_SPLINE_CURVE((1.,1.0034537915
,1.)) REPRESENTATION_ITEM('') );
#2390 = CARTESIAN_POINT('',(4.816185147315,-63.71216569351));
#2391 = CARTESIAN_POINT('',(2.270556834366,-65.92731922091));
#2392 = CARTESIAN_POINT('',(0.,-67.66666666666));
#2393 = ( GEOMETRIC_REPRESENTATION_CONTEXT(2) 
PARAMETRIC_REPRESENTATION_CONTEXT() REPRESENTATION_CONTEXT('2D SPACE',''
  ) );
#2394 = PCURVE('',#2395,#2400);
#2395 = CONICAL_SURFACE('',#2396,27.39,0.698131700798);
#2396 = AXIS2_PLACEMENT_3D('',#2397,#2398,#2399);
#2397 = CARTESIAN_POINT('',(0.,0.,66.666666666667));
#2398 = DIRECTION('',(-0.,-0.,-1.));
#2399 = DIRECTION('',(1.,0.,0.));
#2400 = DEFINITIONAL_REPRESENTATION('',(#2401),#2408);
#2401 = B_SPLINE_CURVE_WITH_KNOTS('',5,(#2402,#2403,#2404,#2405,#2406,
    #2407),.UNSPECIFIED.,.F.,.F.,(6,6),(-0.929085588136,-0.762909652067)
  ,.PIECEWISE_BEZIER_KNOTS.);
#2402 = CARTESIAN_POINT('',(-0.664963118481,3.954500973152));
#2403 = CARTESIAN_POINT('',(-0.687671672473,3.06640149241));
#2404 = CARTESIAN_POINT('',(-0.711069068353,2.228831767346));
#2405 = CARTESIAN_POINT('',(-0.735158774354,1.439748246886));
#2406 = CARTESIAN_POINT('',(-0.759938532916,0.697339278879));
#2407 = CARTESIAN_POINT('',(-0.785398163397,-3.498739975115E-15));
#2408 = ( GEOMETRIC_REPRESENTATION_CONTEXT(2) 
PARAMETRIC_REPRESENTATION_CONTEXT() REPRESENTATION_CONTEXT('2D SPACE',''
  ) );
#2409 = ORIENTED_EDGE('',*,*,#2410,.F.);
#2410 = EDGE_CURVE('',#2346,#2379,#2411,.T.);
#2411 = SURFACE_CURVE('',#2412,(#2416,#2422),.PCURVE_S1.);
#2412 = LINE('',#2413,#2414);
#2413 = CARTESIAN_POINT('',(23.729343926502,18.986056378768,-1.));
#2414 = VECTOR('',#2415,1.);
#2415 = DIRECTION('',(0.,0.,1.));
#2416 = PCURVE('',#1214,#2417);
#2417 = DEFINITIONAL_REPRESENTATION('',(#2418),#2421);
#2418 = B_SPLINE_CURVE_WITH_KNOTS('',1,(#2419,#2420),.UNSPECIFIED.,.F.,
  .F.,(2,2),(-5.999999999062E-07,102.0000006),.PIECEWISE_BEZIER_KNOTS.);
#2419 = CARTESIAN_POINT('',(4.378350133922,5.999999999062E-07));
#2420 = CARTESIAN_POINT('',(4.378350133922,-102.0000006));
#2421 = ( GEOMETRIC_REPRESENTATION_CONTEXT(2) 
PARAMETRIC_REPRESENTATION_CONTEXT() REPRESENTATION_CONTEXT('2D SPACE',''
  ) );
#2422 = PCURVE('',#2423,#2428);
#2423 = CYLINDRICAL_SURFACE('',#2424,30.39);
#2424 = AXIS2_PLACEMENT_3D('',#2425,#2426,#2427);
#2425 = CARTESIAN_POINT('',(0.,0.,-1.));
#2426 = DIRECTION('',(0.,0.,1.));
#2427 = DIRECTION('',(1.,0.,-0.));
#2428 = DEFINITIONAL_REPRESENTATION('',(#2429),#2432);
#2429 = B_SPLINE_CURVE_WITH_KNOTS('',1,(#2430,#2431),.UNSPECIFIED.,.F.,
  .F.,(2,2),(0.,102.),.PIECEWISE_BEZIER_KNOTS.);
#2430 = CARTESIAN_POINT('',(6.957992574112,0.));
#2431 = CARTESIAN_POINT('',(6.957992574112,102.));
#2432 = ( GEOMETRIC_REPRESENTATION_CONTEXT(2) 
PARAMETRIC_REPRESENTATION_CONTEXT() REPRESENTATION_CONTEXT('2D SPACE',''
  ) );
#2433 = ADVANCED_FACE('',(#2434),#1186,.F.);
#2434 = FACE_BOUND('',#2435,.F.);
#2435 = EDGE_LOOP('',(#2436,#2468,#2469,#2501));
#2436 = ORIENTED_EDGE('',*,*,#2437,.F.);
#2437 = EDGE_CURVE('',#1171,#2438,#2440,.T.);
#2438 = VERTEX_POINT('',#2439);
#2439 = CARTESIAN_POINT('',(23.729343926502,18.986056378768,
    70.241927444449));
#2440 = SURFACE_CURVE('',#2441,(#2446,#2453),.PCURVE_S1.);
#2441 = HYPERBOLA('',#2442,25.005322988392,20.981957297029);
#2442 = AXIS2_PLACEMENT_3D('',#2443,#2444,#2445);
#2443 = CARTESIAN_POINT('',(1.828698072522,20.902114614888,
    34.024535765511));
#2444 = DIRECTION('',(8.715574274766E-02,0.996194698092,0.));
#2445 = DIRECTION('',(0.,-0.,1.));
#2446 = PCURVE('',#1186,#2447);
#2447 = DEFINITIONAL_REPRESENTATION('',(#2448),#2452);
#2448 = ( BOUNDED_CURVE() B_SPLINE_CURVE(2,(#2449,#2450,#2451),
.UNSPECIFIED.,.F.,.F.) B_SPLINE_CURVE_WITH_KNOTS((3,3),(0.762909652067,
0.929085588136),.PIECEWISE_BEZIER_KNOTS.) CURVE() 
GEOMETRIC_REPRESENTATION_ITEM() RATIONAL_B_SPLINE_CURVE((1.,1.0034537915
,1.)) REPRESENTATION_ITEM('') );
#2449 = CARTESIAN_POINT('',(7.105427357601E-15,-67.66666666666));
#2450 = CARTESIAN_POINT('',(2.270556834366,-69.40601411241));
#2451 = CARTESIAN_POINT('',(4.816185147315,-71.62116763981));
#2452 = ( GEOMETRIC_REPRESENTATION_CONTEXT(2) 
PARAMETRIC_REPRESENTATION_CONTEXT() REPRESENTATION_CONTEXT('2D SPACE',''
  ) );
#2453 = PCURVE('',#2454,#2459);
#2454 = CONICAL_SURFACE('',#2455,31.39,0.698131700798);
#2455 = AXIS2_PLACEMENT_3D('',#2456,#2457,#2458);
#2456 = CARTESIAN_POINT('',(0.,0.,71.433681037044));
#2457 = DIRECTION('',(0.,0.,1.));
#2458 = DIRECTION('',(1.,0.,0.));
#2459 = DEFINITIONAL_REPRESENTATION('',(#2460),#2467);
#2460 = B_SPLINE_CURVE_WITH_KNOTS('',5,(#2461,#2462,#2463,#2464,#2465,
    #2466),.UNSPECIFIED.,.F.,.F.,(6,6),(0.762909652067,0.929085588136),
  .PIECEWISE_BEZIER_KNOTS.);
#2461 = CARTESIAN_POINT('',(0.785398163397,-4.767014370377));
#2462 = CARTESIAN_POINT('',(0.759938532916,-4.069675091498));
#2463 = CARTESIAN_POINT('',(0.735158774354,-3.327266123491));
#2464 = CARTESIAN_POINT('',(0.711069068353,-2.538182603031));
#2465 = CARTESIAN_POINT('',(0.687671672473,-1.700612877967));
#2466 = CARTESIAN_POINT('',(0.664963118481,-0.812513397225));
#2467 = ( GEOMETRIC_REPRESENTATION_CONTEXT(2) 
PARAMETRIC_REPRESENTATION_CONTEXT() REPRESENTATION_CONTEXT('2D SPACE',''
  ) );
#2468 = ORIENTED_EDGE('',*,*,#1170,.T.);
#2469 = ORIENTED_EDGE('',*,*,#2470,.F.);
#2470 = EDGE_CURVE('',#2471,#1143,#2473,.T.);
#2471 = VERTEX_POINT('',#2472);
#2472 = CARTESIAN_POINT('',(23.729343926502,18.986056378768,
    79.758072555551));
#2473 = SURFACE_CURVE('',#2474,(#2479,#2486),.PCURVE_S1.);
#2474 = HYPERBOLA('',#2475,25.005322988392,20.981957297029);
#2475 = AXIS2_PLACEMENT_3D('',#2476,#2477,#2478);
#2476 = CARTESIAN_POINT('',(1.828698072522,20.902114614888,
    115.97546423448));
#2477 = DIRECTION('',(8.715574274766E-02,0.996194698092,0.));
#2478 = DIRECTION('',(0.,0.,-1.));
#2479 = PCURVE('',#1186,#2480);
#2480 = DEFINITIONAL_REPRESENTATION('',(#2481),#2485);
#2481 = ( BOUNDED_CURVE() B_SPLINE_CURVE(2,(#2482,#2483,#2484),
.UNSPECIFIED.,.F.,.F.) B_SPLINE_CURVE_WITH_KNOTS((3,3),(-0.929085588136,
-0.762909652067),.PIECEWISE_BEZIER_KNOTS.) CURVE() 
GEOMETRIC_REPRESENTATION_ITEM() RATIONAL_B_SPLINE_CURVE((1.,1.0034537915
,1.)) REPRESENTATION_ITEM('') );
#2482 = CARTESIAN_POINT('',(4.816185147315,-80.37883236018));
#2483 = CARTESIAN_POINT('',(2.270556834366,-82.59398588758));
#2484 = CARTESIAN_POINT('',(0.,-84.33333333333));
#2485 = ( GEOMETRIC_REPRESENTATION_CONTEXT(2) 
PARAMETRIC_REPRESENTATION_CONTEXT() REPRESENTATION_CONTEXT('2D SPACE',''
  ) );
#2486 = PCURVE('',#2487,#2492);
#2487 = CONICAL_SURFACE('',#2488,27.39,0.698131700798);
#2488 = AXIS2_PLACEMENT_3D('',#2489,#2490,#2491);
#2489 = CARTESIAN_POINT('',(0.,0.,83.333333333333));
#2490 = DIRECTION('',(-0.,-0.,-1.));
#2491 = DIRECTION('',(1.,0.,0.));
#2492 = DEFINITIONAL_REPRESENTATION('',(#2493),#2500);
#2493 = B_SPLINE_CURVE_WITH_KNOTS('',5,(#2494,#2495,#2496,#2497,#2498,
    #2499),.UNSPECIFIED.,.F.,.F.,(6,6),(-0.929085588136,-0.762909652067)
  ,.PIECEWISE_BEZIER_KNOTS.);
#2494 = CARTESIAN_POINT('',(-0.664963118481,3.954500973152));
#2495 = CARTESIAN_POINT('',(-0.687671672473,3.06640149241));
#2496 = CARTESIAN_POINT('',(-0.711069068353,2.228831767346));
#2497 = CARTESIAN_POINT('',(-0.735158774354,1.439748246886));
#2498 = CARTESIAN_POINT('',(-0.759938532916,0.697339278879));
#2499 = CARTESIAN_POINT('',(-0.785398163397,-3.498739975115E-15));
#2500 = ( GEOMETRIC_REPRESENTATION_CONTEXT(2) 
PARAMETRIC_REPRESENTATION_CONTEXT() REPRESENTATION_CONTEXT('2D SPACE',''
  ) );
#2501 = ORIENTED_EDGE('',*,*,#2502,.F.);
#2502 = EDGE_CURVE('',#2438,#2471,#2503,.T.);
#2503 = SURFACE_CURVE('',#2504,(#2508,#2514),.PCURVE_S1.);
#2504 = LINE('',#2505,#2506);
#2505 = CARTESIAN_POINT('',(23.729343926502,18.986056378768,-1.));
#2506 = VECTOR('',#2507,1.);
#2507 = DIRECTION('',(0.,0.,1.));
#2508 = PCURVE('',#1186,#2509);
#2509 = DEFINITIONAL_REPRESENTATION('',(#2510),#2513);
#2510 = B_SPLINE_CURVE_WITH_KNOTS('',1,(#2511,#2512),.UNSPECIFIED.,.F.,
  .F.,(2,2),(-5.999999999062E-07,102.0000006),.PIECEWISE_BEZIER_KNOTS.);
#2511 = CARTESIAN_POINT('',(4.378350133922,5.999999999062E-07));
#2512 = CARTESIAN_POINT('',(4.378350133922,-102.0000006));
#2513 = ( GEOMETRIC_REPRESENTATION_CONTEXT(2) 
PARAMETRIC_REPRESENTATION_CONTEXT() REPRESENTATION_CONTEXT('2D SPACE',''
  ) );
#2514 = PCURVE('',#2515,#2520);
#2515 = CYLINDRICAL_SURFACE('',#2516,30.39);
#2516 = AXIS2_PLACEMENT_3D('',#2517,#2518,#2519);
#2517 = CARTESIAN_POINT('',(0.,0.,-1.));
#2518 = DIRECTION('',(0.,0.,1.));
#2519 = DIRECTION('',(1.,0.,-0.));
#2520 = DEFINITIONAL_REPRESENTATION('',(#2521),#2524);
#2521 = B_SPLINE_CURVE_WITH_KNOTS('',1,(#2522,#2523),.UNSPECIFIED.,.F.,
  .F.,(2,2),(0.,102.),.PIECEWISE_BEZIER_KNOTS.);
#2522 = CARTESIAN_POINT('',(6.957992574112,0.));
#2523 = CARTESIAN_POINT('',(6.957992574112,102.));
#2524 = ( GEOMETRIC_REPRESENTATION_CONTEXT(2) 
PARAMETRIC_REPRESENTATION_CONTEXT() REPRESENTATION_CONTEXT('2D SPACE',''
  ) );
#2525 = ADVANCED_FACE('',(#2526),#1158,.F.);
#2526 = FACE_BOUND('',#2527,.F.);
#2527 = EDGE_LOOP('',(#2528,#2560,#2561,#2562));
#2528 = ORIENTED_EDGE('',*,*,#2529,.F.);
#2529 = EDGE_CURVE('',#1143,#2530,#2532,.T.);
#2530 = VERTEX_POINT('',#2531);
#2531 = CARTESIAN_POINT('',(23.729343926502,18.986056378768,
    86.908594111116));
#2532 = SURFACE_CURVE('',#2533,(#2538,#2545),.PCURVE_S1.);
#2533 = HYPERBOLA('',#2534,25.005322988392,20.981957297029);
#2534 = AXIS2_PLACEMENT_3D('',#2535,#2536,#2537);
#2535 = CARTESIAN_POINT('',(1.828698072522,20.902114614888,
    50.691202432178));
#2536 = DIRECTION('',(8.715574274766E-02,0.996194698092,0.));
#2537 = DIRECTION('',(0.,-0.,1.));
#2538 = PCURVE('',#1158,#2539);
#2539 = DEFINITIONAL_REPRESENTATION('',(#2540),#2544);
#2540 = ( BOUNDED_CURVE() B_SPLINE_CURVE(2,(#2541,#2542,#2543),
.UNSPECIFIED.,.F.,.F.) B_SPLINE_CURVE_WITH_KNOTS((3,3),(0.762909652067,
0.929085588136),.PIECEWISE_BEZIER_KNOTS.) CURVE() 
GEOMETRIC_REPRESENTATION_ITEM() RATIONAL_B_SPLINE_CURVE((1.,1.0034537915
,1.)) REPRESENTATION_ITEM('') );
#2541 = CARTESIAN_POINT('',(7.105427357601E-15,-84.33333333333));
#2542 = CARTESIAN_POINT('',(2.270556834366,-86.07268077908));
#2543 = CARTESIAN_POINT('',(4.816185147315,-88.28783430648));
#2544 = ( GEOMETRIC_REPRESENTATION_CONTEXT(2) 
PARAMETRIC_REPRESENTATION_CONTEXT() REPRESENTATION_CONTEXT('2D SPACE',''
  ) );
#2545 = PCURVE('',#2546,#2551);
#2546 = CONICAL_SURFACE('',#2547,31.39,0.698131700798);
#2547 = AXIS2_PLACEMENT_3D('',#2548,#2549,#2550);
#2548 = CARTESIAN_POINT('',(0.,0.,88.10034770371));
#2549 = DIRECTION('',(0.,0.,1.));
#2550 = DIRECTION('',(1.,0.,0.));
#2551 = DEFINITIONAL_REPRESENTATION('',(#2552),#2559);
#2552 = B_SPLINE_CURVE_WITH_KNOTS('',5,(#2553,#2554,#2555,#2556,#2557,
    #2558),.UNSPECIFIED.,.F.,.F.,(6,6),(0.762909652067,0.929085588136),
  .PIECEWISE_BEZIER_KNOTS.);
#2553 = CARTESIAN_POINT('',(0.785398163397,-4.767014370377));
#2554 = CARTESIAN_POINT('',(0.759938532916,-4.069675091498));
#2555 = CARTESIAN_POINT('',(0.735158774354,-3.327266123491));
#2556 = CARTESIAN_POINT('',(0.711069068353,-2.538182603031));
#2557 = CARTESIAN_POINT('',(0.687671672473,-1.700612877967));
#2558 = CARTESIAN_POINT('',(0.664963118481,-0.812513397225));
#2559 = ( GEOMETRIC_REPRESENTATION_CONTEXT(2) 
PARAMETRIC_REPRESENTATION_CONTEXT() REPRESENTATION_CONTEXT('2D SPACE',''
  ) );
#2560 = ORIENTED_EDGE('',*,*,#1142,.T.);
#2561 = ORIENTED_EDGE('',*,*,#1414,.F.);
#2562 = ORIENTED_EDGE('',*,*,#2563,.F.);
#2563 = EDGE_CURVE('',#2530,#1415,#2564,.T.);
#2564 = SURFACE_CURVE('',#2565,(#2569,#2575),.PCURVE_S1.);
#2565 = LINE('',#2566,#2567);
#2566 = CARTESIAN_POINT('',(23.729343926502,18.986056378768,-1.));
#2567 = VECTOR('',#2568,1.);
#2568 = DIRECTION('',(0.,0.,1.));
#2569 = PCURVE('',#1158,#2570);
#2570 = DEFINITIONAL_REPRESENTATION('',(#2571),#2574);
#2571 = B_SPLINE_CURVE_WITH_KNOTS('',1,(#2572,#2573),.UNSPECIFIED.,.F.,
  .F.,(2,2),(-5.999999999062E-07,102.0000006),.PIECEWISE_BEZIER_KNOTS.);
#2572 = CARTESIAN_POINT('',(4.378350133922,5.999999999062E-07));
#2573 = CARTESIAN_POINT('',(4.378350133922,-102.0000006));
#2574 = ( GEOMETRIC_REPRESENTATION_CONTEXT(2) 
PARAMETRIC_REPRESENTATION_CONTEXT() REPRESENTATION_CONTEXT('2D SPACE',''
  ) );
#2575 = PCURVE('',#1452,#2576);
#2576 = DEFINITIONAL_REPRESENTATION('',(#2577),#2580);
#2577 = B_SPLINE_CURVE_WITH_KNOTS('',1,(#2578,#2579),.UNSPECIFIED.,.F.,
  .F.,(2,2),(0.,102.),.PIECEWISE_BEZIER_KNOTS.);
#2578 = CARTESIAN_POINT('',(6.957992574112,0.));
#2579 = CARTESIAN_POINT('',(6.957992574112,102.));
#2580 = ( GEOMETRIC_REPRESENTATION_CONTEXT(2) 
PARAMETRIC_REPRESENTATION_CONTEXT() REPRESENTATION_CONTEXT('2D SPACE',''
  ) );
#2581 = ADVANCED_FACE('',(#2582),#1614,.F.);
#2582 = FACE_BOUND('',#2583,.F.);
#2583 = EDGE_LOOP('',(#2584,#2585,#2609,#2628));
#2584 = ORIENTED_EDGE('',*,*,#1681,.F.);
#2585 = ORIENTED_EDGE('',*,*,#2586,.T.);
#2586 = EDGE_CURVE('',#1650,#2587,#2589,.T.);
#2587 = VERTEX_POINT('',#2588);
#2588 = CARTESIAN_POINT('',(28.307079104948,-11.0571864661,
    86.908594111116));
#2589 = SURFACE_CURVE('',#2590,(#2595,#2602),.PCURVE_S1.);
#2590 = CIRCLE('',#2591,30.39);
#2591 = AXIS2_PLACEMENT_3D('',#2592,#2593,#2594);
#2592 = CARTESIAN_POINT('',(0.,0.,86.908594111116));
#2593 = DIRECTION('',(0.,0.,1.));
#2594 = DIRECTION('',(0.,-1.,0.));
#2595 = PCURVE('',#1614,#2596);
#2596 = DEFINITIONAL_REPRESENTATION('',(#2597),#2601);
#2597 = LINE('',#2598,#2599);
#2598 = CARTESIAN_POINT('',(4.712388980385,87.908594111116));
#2599 = VECTOR('',#2600,1.);
#2600 = DIRECTION('',(1.,0.));
#2601 = ( GEOMETRIC_REPRESENTATION_CONTEXT(2) 
PARAMETRIC_REPRESENTATION_CONTEXT() REPRESENTATION_CONTEXT('2D SPACE',''
  ) );
#2602 = PCURVE('',#1666,#2603);
#2603 = DEFINITIONAL_REPRESENTATION('',(#2604),#2608);
#2604 = LINE('',#2605,#2606);
#2605 = CARTESIAN_POINT('',(4.712388980385,-1.191753592594));
#2606 = VECTOR('',#2607,1.);
#2607 = DIRECTION('',(1.,-0.));
#2608 = ( GEOMETRIC_REPRESENTATION_CONTEXT(2) 
PARAMETRIC_REPRESENTATION_CONTEXT() REPRESENTATION_CONTEXT('2D SPACE',''
  ) );
#2609 = ORIENTED_EDGE('',*,*,#2610,.T.);
#2610 = EDGE_CURVE('',#2587,#1572,#2611,.T.);
#2611 = SURFACE_CURVE('',#2612,(#2616,#2622),.PCURVE_S1.);
#2612 = LINE('',#2613,#2614);
#2613 = CARTESIAN_POINT('',(28.307079104948,-11.0571864661,-1.));
#2614 = VECTOR('',#2615,1.);
#2615 = DIRECTION('',(0.,0.,1.));
#2616 = PCURVE('',#1614,#2617);
#2617 = DEFINITIONAL_REPRESENTATION('',(#2618),#2621);
#2618 = B_SPLINE_CURVE_WITH_KNOTS('',1,(#2619,#2620),.UNSPECIFIED.,.F.,
  .F.,(2,2),(-5.999999999062E-07,102.0000006),.PIECEWISE_BEZIER_KNOTS.);
#2619 = CARTESIAN_POINT('',(5.910795022916,-5.999999999062E-07));
#2620 = CARTESIAN_POINT('',(5.910795022916,102.0000006));
#2621 = ( GEOMETRIC_REPRESENTATION_CONTEXT(2) 
PARAMETRIC_REPRESENTATION_CONTEXT() REPRESENTATION_CONTEXT('2D SPACE',''
  ) );
#2622 = PCURVE('',#1586,#2623);
#2623 = DEFINITIONAL_REPRESENTATION('',(#2624),#2627);
#2624 = B_SPLINE_CURVE_WITH_KNOTS('',1,(#2625,#2626),.UNSPECIFIED.,.F.,
  .F.,(2,2),(-5.999999999062E-07,102.0000006),.PIECEWISE_BEZIER_KNOTS.);
#2625 = CARTESIAN_POINT('',(4.378350133922,5.999999999062E-07));
#2626 = CARTESIAN_POINT('',(4.378350133922,-102.0000006));
#2627 = ( GEOMETRIC_REPRESENTATION_CONTEXT(2) 
PARAMETRIC_REPRESENTATION_CONTEXT() REPRESENTATION_CONTEXT('2D SPACE',''
  ) );
#2628 = ORIENTED_EDGE('',*,*,#1597,.F.);
#2629 = ADVANCED_FACE('',(#2630),#1586,.F.);
#2630 = FACE_BOUND('',#2631,.F.);
#2631 = EDGE_LOOP('',(#2632,#2659,#2680,#2681));
#2632 = ORIENTED_EDGE('',*,*,#2633,.F.);
#2633 = EDGE_CURVE('',#2634,#2587,#2636,.T.);
#2634 = VERTEX_POINT('',#2635);
#2635 = CARTESIAN_POINT('',(26.456708382058,-7.089053645358,
    83.333333333333));
#2636 = SURFACE_CURVE('',#2637,(#2642,#2649),.PCURVE_S1.);
#2637 = HYPERBOLA('',#2638,25.005322988392,20.981957297029);
#2638 = AXIS2_PLACEMENT_3D('',#2639,#2640,#2641);
#2639 = CARTESIAN_POINT('',(19.016111285568,8.867358320788,
    50.691202432178));
#2640 = DIRECTION('',(0.906307787037,0.422618261741,0.));
#2641 = DIRECTION('',(0.,-0.,1.));
#2642 = PCURVE('',#1586,#2643);
#2643 = DEFINITIONAL_REPRESENTATION('',(#2644),#2648);
#2644 = ( BOUNDED_CURVE() B_SPLINE_CURVE(2,(#2645,#2646,#2647),
.UNSPECIFIED.,.F.,.F.) B_SPLINE_CURVE_WITH_KNOTS((3,3),(0.762909652067,
0.929085588136),.PIECEWISE_BEZIER_KNOTS.) CURVE() 
GEOMETRIC_REPRESENTATION_ITEM() RATIONAL_B_SPLINE_CURVE((1.,1.0034537915
,1.)) REPRESENTATION_ITEM('') );
#2645 = CARTESIAN_POINT('',(-3.552713678801E-15,-84.33333333333));
#2646 = CARTESIAN_POINT('',(2.270556834366,-86.07268077908));
#2647 = CARTESIAN_POINT('',(4.816185147315,-88.28783430648));
#2648 = ( GEOMETRIC_REPRESENTATION_CONTEXT(2) 
PARAMETRIC_REPRESENTATION_CONTEXT() REPRESENTATION_CONTEXT('2D SPACE',''
  ) );
#2649 = PCURVE('',#1666,#2650);
#2650 = DEFINITIONAL_REPRESENTATION('',(#2651),#2658);
#2651 = B_SPLINE_CURVE_WITH_KNOTS('',5,(#2652,#2653,#2654,#2655,#2656,
    #2657),.UNSPECIFIED.,.F.,.F.,(6,6),(0.762909652067,0.929085588136),
  .PIECEWISE_BEZIER_KNOTS.);
#2652 = CARTESIAN_POINT('',(6.02138591938,-4.767014370377));
#2653 = CARTESIAN_POINT('',(5.995926288899,-4.069675091498));
#2654 = CARTESIAN_POINT('',(5.971146530337,-3.327266123491));
#2655 = CARTESIAN_POINT('',(5.947056824336,-2.538182603032));
#2656 = CARTESIAN_POINT('',(5.923659428456,-1.700612877967));
#2657 = CARTESIAN_POINT('',(5.900950874464,-0.812513397225));
#2658 = ( GEOMETRIC_REPRESENTATION_CONTEXT(2) 
PARAMETRIC_REPRESENTATION_CONTEXT() REPRESENTATION_CONTEXT('2D SPACE',''
  ) );
#2659 = ORIENTED_EDGE('',*,*,#2660,.T.);
#2660 = EDGE_CURVE('',#2634,#1546,#2661,.T.);
#2661 = SURFACE_CURVE('',#2662,(#2666,#2673),.PCURVE_S1.);
#2662 = LINE('',#2663,#2664);
#2663 = CARTESIAN_POINT('',(26.456708382058,-7.089053645358,-1.));
#2664 = VECTOR('',#2665,1.);
#2665 = DIRECTION('',(0.,0.,1.));
#2666 = PCURVE('',#1586,#2667);
#2667 = DEFINITIONAL_REPRESENTATION('',(#2668),#2672);
#2668 = LINE('',#2669,#2670);
#2669 = CARTESIAN_POINT('',(0.,0.));
#2670 = VECTOR('',#2671,1.);
#2671 = DIRECTION('',(0.,-1.));
#2672 = ( GEOMETRIC_REPRESENTATION_CONTEXT(2) 
PARAMETRIC_REPRESENTATION_CONTEXT() REPRESENTATION_CONTEXT('2D SPACE',''
  ) );
#2673 = PCURVE('',#1560,#2674);
#2674 = DEFINITIONAL_REPRESENTATION('',(#2675),#2679);
#2675 = LINE('',#2676,#2677);
#2676 = CARTESIAN_POINT('',(6.222895307442,0.));
#2677 = VECTOR('',#2678,1.);
#2678 = DIRECTION('',(0.,-1.));
#2679 = ( GEOMETRIC_REPRESENTATION_CONTEXT(2) 
PARAMETRIC_REPRESENTATION_CONTEXT() REPRESENTATION_CONTEXT('2D SPACE',''
  ) );
#2680 = ORIENTED_EDGE('',*,*,#1571,.F.);
#2681 = ORIENTED_EDGE('',*,*,#2610,.F.);
#2682 = ADVANCED_FACE('',(#2683),#1560,.F.);
#2683 = FACE_BOUND('',#2684,.F.);
#2684 = EDGE_LOOP('',(#2685,#2686,#2718,#2737));
#2685 = ORIENTED_EDGE('',*,*,#2660,.F.);
#2686 = ORIENTED_EDGE('',*,*,#2687,.F.);
#2687 = EDGE_CURVE('',#2688,#2634,#2690,.T.);
#2688 = VERTEX_POINT('',#2689);
#2689 = CARTESIAN_POINT('',(30.043242844873,-4.577735178446,
    86.908594111116));
#2690 = SURFACE_CURVE('',#2691,(#2696,#2703),.PCURVE_S1.);
#2691 = HYPERBOLA('',#2692,25.005322988392,20.981957297029);
#2692 = AXIS2_PLACEMENT_3D('',#2693,#2694,#2695);
#2693 = CARTESIAN_POINT('',(12.0347562941,-17.18741321304,
    50.691202432178));
#2694 = DIRECTION('',(0.573576436351,-0.819152044289,0.));
#2695 = DIRECTION('',(-0.,0.,1.));
#2696 = PCURVE('',#1560,#2697);
#2697 = DEFINITIONAL_REPRESENTATION('',(#2698),#2702);
#2698 = ( BOUNDED_CURVE() B_SPLINE_CURVE(2,(#2699,#2700,#2701),
.UNSPECIFIED.,.F.,.F.) B_SPLINE_CURVE_WITH_KNOTS((3,3),(-0.929085588136,
-0.762909652067),.PIECEWISE_BEZIER_KNOTS.) CURVE() 
GEOMETRIC_REPRESENTATION_ITEM() RATIONAL_B_SPLINE_CURVE((1.,1.0034537915
,1.)) REPRESENTATION_ITEM('') );
#2699 = CARTESIAN_POINT('',(1.406710160127,-88.28783430648));
#2700 = CARTESIAN_POINT('',(3.952338473076,-86.07268077908));
#2701 = CARTESIAN_POINT('',(6.222895307442,-84.33333333333));
#2702 = ( GEOMETRIC_REPRESENTATION_CONTEXT(2) 
PARAMETRIC_REPRESENTATION_CONTEXT() REPRESENTATION_CONTEXT('2D SPACE',''
  ) );
#2703 = PCURVE('',#2704,#2709);
#2704 = CONICAL_SURFACE('',#2705,31.39,0.698131700798);
#2705 = AXIS2_PLACEMENT_3D('',#2706,#2707,#2708);
#2706 = CARTESIAN_POINT('',(0.,0.,88.10034770371));
#2707 = DIRECTION('',(0.,0.,1.));
#2708 = DIRECTION('',(1.,0.,0.));
#2709 = DEFINITIONAL_REPRESENTATION('',(#2710),#2717);
#2710 = B_SPLINE_CURVE_WITH_KNOTS('',5,(#2711,#2712,#2713,#2714,#2715,
    #2716),.UNSPECIFIED.,.F.,.F.,(6,6),(-0.914753173669,-0.762909652067)
  ,.PIECEWISE_BEZIER_KNOTS.);
#2711 = CARTESIAN_POINT('',(6.131976815875,-1.191753593476));
#2712 = CARTESIAN_POINT('',(6.111009561692,-1.987409755799));
#2713 = CARTESIAN_POINT('',(6.089466523137,-2.741313682564));
#2714 = CARTESIAN_POINT('',(6.067345820193,-3.454994083071));
#2715 = CARTESIAN_POINT('',(6.04464969657,-4.129819513157));
#2716 = CARTESIAN_POINT('',(6.02138591938,-4.767014370377));
#2717 = ( GEOMETRIC_REPRESENTATION_CONTEXT(2) 
PARAMETRIC_REPRESENTATION_CONTEXT() REPRESENTATION_CONTEXT('2D SPACE',''
  ) );
#2718 = ORIENTED_EDGE('',*,*,#2719,.T.);
#2719 = EDGE_CURVE('',#2688,#1517,#2720,.T.);
#2720 = SURFACE_CURVE('',#2721,(#2725,#2731),.PCURVE_S1.);
#2721 = LINE('',#2722,#2723);
#2722 = CARTESIAN_POINT('',(30.043242844873,-4.577735178446,-1.));
#2723 = VECTOR('',#2724,1.);
#2724 = DIRECTION('',(0.,0.,1.));
#2725 = PCURVE('',#1560,#2726);
#2726 = DEFINITIONAL_REPRESENTATION('',(#2727),#2730);
#2727 = B_SPLINE_CURVE_WITH_KNOTS('',1,(#2728,#2729),.UNSPECIFIED.,.F.,
  .F.,(2,2),(-5.999999999062E-07,102.0000006),.PIECEWISE_BEZIER_KNOTS.);
#2728 = CARTESIAN_POINT('',(1.844545173519,5.999999999062E-07));
#2729 = CARTESIAN_POINT('',(1.844545173519,-102.0000006));
#2730 = ( GEOMETRIC_REPRESENTATION_CONTEXT(2) 
PARAMETRIC_REPRESENTATION_CONTEXT() REPRESENTATION_CONTEXT('2D SPACE',''
  ) );
#2731 = PCURVE('',#1533,#2732);
#2732 = DEFINITIONAL_REPRESENTATION('',(#2733),#2736);
#2733 = B_SPLINE_CURVE_WITH_KNOTS('',1,(#2734,#2735),.UNSPECIFIED.,.F.,
  .F.,(2,2),(-5.999999999062E-07,102.0000006),.PIECEWISE_BEZIER_KNOTS.);
#2734 = CARTESIAN_POINT('',(6.131976815845,-5.999999999062E-07));
#2735 = CARTESIAN_POINT('',(6.131976815845,102.0000006));
#2736 = ( GEOMETRIC_REPRESENTATION_CONTEXT(2) 
PARAMETRIC_REPRESENTATION_CONTEXT() REPRESENTATION_CONTEXT('2D SPACE',''
  ) );
#2737 = ORIENTED_EDGE('',*,*,#1545,.F.);
#2738 = ADVANCED_FACE('',(#2739),#1533,.F.);
#2739 = FACE_BOUND('',#2740,.F.);
#2740 = EDGE_LOOP('',(#2741,#2742,#2766,#2785));
#2741 = ORIENTED_EDGE('',*,*,#2719,.F.);
#2742 = ORIENTED_EDGE('',*,*,#2743,.F.);
#2743 = EDGE_CURVE('',#2744,#2688,#2746,.T.);
#2744 = VERTEX_POINT('',#2745);
#2745 = CARTESIAN_POINT('',(30.043242844873,4.577735178446,
    86.908594111116));
#2746 = SURFACE_CURVE('',#2747,(#2752,#2759),.PCURVE_S1.);
#2747 = CIRCLE('',#2748,30.39);
#2748 = AXIS2_PLACEMENT_3D('',#2749,#2750,#2751);
#2749 = CARTESIAN_POINT('',(0.,0.,86.908594111116));
#2750 = DIRECTION('',(0.,0.,-1.));
#2751 = DIRECTION('',(0.988589761266,0.150632944338,0.));
#2752 = PCURVE('',#1533,#2753);
#2753 = DEFINITIONAL_REPRESENTATION('',(#2754),#2758);
#2754 = LINE('',#2755,#2756);
#2755 = CARTESIAN_POINT('',(6.434393798514,87.908594111116));
#2756 = VECTOR('',#2757,1.);
#2757 = DIRECTION('',(-1.,-0.));
#2758 = ( GEOMETRIC_REPRESENTATION_CONTEXT(2) 
PARAMETRIC_REPRESENTATION_CONTEXT() REPRESENTATION_CONTEXT('2D SPACE',''
  ) );
#2759 = PCURVE('',#2704,#2760);
#2760 = DEFINITIONAL_REPRESENTATION('',(#2761),#2765);
#2761 = LINE('',#2762,#2763);
#2762 = CARTESIAN_POINT('',(6.434393798514,-1.191753592594));
#2763 = VECTOR('',#2764,1.);
#2764 = DIRECTION('',(-1.,-0.));
#2765 = ( GEOMETRIC_REPRESENTATION_CONTEXT(2) 
PARAMETRIC_REPRESENTATION_CONTEXT() REPRESENTATION_CONTEXT('2D SPACE',''
  ) );
#2766 = ORIENTED_EDGE('',*,*,#2767,.T.);
#2767 = EDGE_CURVE('',#2744,#1491,#2768,.T.);
#2768 = SURFACE_CURVE('',#2769,(#2773,#2779),.PCURVE_S1.);
#2769 = LINE('',#2770,#2771);
#2770 = CARTESIAN_POINT('',(30.043242844873,4.577735178446,-1.));
#2771 = VECTOR('',#2772,1.);
#2772 = DIRECTION('',(0.,0.,1.));
#2773 = PCURVE('',#1533,#2774);
#2774 = DEFINITIONAL_REPRESENTATION('',(#2775),#2778);
#2775 = B_SPLINE_CURVE_WITH_KNOTS('',1,(#2776,#2777),.UNSPECIFIED.,.F.,
  .F.,(2,2),(-5.999999999062E-07,102.0000006),.PIECEWISE_BEZIER_KNOTS.);
#2776 = CARTESIAN_POINT('',(6.434393798514,-5.999999999062E-07));
#2777 = CARTESIAN_POINT('',(6.434393798514,102.0000006));
#2778 = ( GEOMETRIC_REPRESENTATION_CONTEXT(2) 
PARAMETRIC_REPRESENTATION_CONTEXT() REPRESENTATION_CONTEXT('2D SPACE',''
  ) );
#2779 = PCURVE('',#1505,#2780);
#2780 = DEFINITIONAL_REPRESENTATION('',(#2781),#2784);
#2781 = B_SPLINE_CURVE_WITH_KNOTS('',1,(#2782,#2783),.UNSPECIFIED.,.F.,
  .F.,(2,2),(-5.999999999062E-07,102.0000006),.PIECEWISE_BEZIER_KNOTS.);
#2782 = CARTESIAN_POINT('',(4.378350133922,5.999999999062E-07));
#2783 = CARTESIAN_POINT('',(4.378350133922,-102.0000006));
#2784 = ( GEOMETRIC_REPRESENTATION_CONTEXT(2) 
PARAMETRIC_REPRESENTATION_CONTEXT() REPRESENTATION_CONTEXT('2D SPACE',''
  ) );
#2785 = ORIENTED_EDGE('',*,*,#1516,.F.);
#2786 = ADVANCED_FACE('',(#2787),#1505,.F.);
#2787 = FACE_BOUND('',#2788,.F.);
#2788 = EDGE_LOOP('',(#2789,#2816,#2837,#2838));
#2789 = ORIENTED_EDGE('',*,*,#2790,.F.);
#2790 = EDGE_CURVE('',#2791,#2744,#2793,.T.);
#2791 = VERTEX_POINT('',#2792);
#2792 = CARTESIAN_POINT('',(26.456708382058,7.089053645358,
    83.333333333333));
#2793 = SURFACE_CURVE('',#2794,(#2799,#2806),.PCURVE_S1.);
#2794 = HYPERBOLA('',#2795,25.005322988392,20.981957297029);
#2795 = AXIS2_PLACEMENT_3D('',#2796,#2797,#2798);
#2796 = CARTESIAN_POINT('',(12.0347562941,17.187413213045,
    50.691202432178));
#2797 = DIRECTION('',(0.573576436351,0.819152044289,0.));
#2798 = DIRECTION('',(0.,-0.,1.));
#2799 = PCURVE('',#1505,#2800);
#2800 = DEFINITIONAL_REPRESENTATION('',(#2801),#2805);
#2801 = ( BOUNDED_CURVE() B_SPLINE_CURVE(2,(#2802,#2803,#2804),
.UNSPECIFIED.,.F.,.F.) B_SPLINE_CURVE_WITH_KNOTS((3,3),(0.762909652067,
0.929085588136),.PIECEWISE_BEZIER_KNOTS.) CURVE() 
GEOMETRIC_REPRESENTATION_ITEM() RATIONAL_B_SPLINE_CURVE((1.,1.0034537915
,1.)) REPRESENTATION_ITEM('') );
#2802 = CARTESIAN_POINT('',(-7.105427357601E-15,-84.33333333333));
#2803 = CARTESIAN_POINT('',(2.270556834366,-86.07268077908));
#2804 = CARTESIAN_POINT('',(4.816185147315,-88.28783430648));
#2805 = ( GEOMETRIC_REPRESENTATION_CONTEXT(2) 
PARAMETRIC_REPRESENTATION_CONTEXT() REPRESENTATION_CONTEXT('2D SPACE',''
  ) );
#2806 = PCURVE('',#2704,#2807);
#2807 = DEFINITIONAL_REPRESENTATION('',(#2808),#2815);
#2808 = B_SPLINE_CURVE_WITH_KNOTS('',5,(#2809,#2810,#2811,#2812,#2813,
    #2814),.UNSPECIFIED.,.F.,.F.,(6,6),(0.762909652067,0.914753173669),
  .PIECEWISE_BEZIER_KNOTS.);
#2809 = CARTESIAN_POINT('',(6.544984694979,-4.767014370377));
#2810 = CARTESIAN_POINT('',(6.521720917789,-4.129819513157));
#2811 = CARTESIAN_POINT('',(6.499024794166,-3.454994083071));
#2812 = CARTESIAN_POINT('',(6.476904091222,-2.741313682564));
#2813 = CARTESIAN_POINT('',(6.455361052667,-1.987409755799));
#2814 = CARTESIAN_POINT('',(6.434393798484,-1.191753593476));
#2815 = ( GEOMETRIC_REPRESENTATION_CONTEXT(2) 
PARAMETRIC_REPRESENTATION_CONTEXT() REPRESENTATION_CONTEXT('2D SPACE',''
  ) );
#2816 = ORIENTED_EDGE('',*,*,#2817,.T.);
#2817 = EDGE_CURVE('',#2791,#1465,#2818,.T.);
#2818 = SURFACE_CURVE('',#2819,(#2823,#2830),.PCURVE_S1.);
#2819 = LINE('',#2820,#2821);
#2820 = CARTESIAN_POINT('',(26.456708382058,7.089053645358,-1.));
#2821 = VECTOR('',#2822,1.);
#2822 = DIRECTION('',(0.,0.,1.));
#2823 = PCURVE('',#1505,#2824);
#2824 = DEFINITIONAL_REPRESENTATION('',(#2825),#2829);
#2825 = LINE('',#2826,#2827);
#2826 = CARTESIAN_POINT('',(0.,0.));
#2827 = VECTOR('',#2828,1.);
#2828 = DIRECTION('',(0.,-1.));
#2829 = ( GEOMETRIC_REPRESENTATION_CONTEXT(2) 
PARAMETRIC_REPRESENTATION_CONTEXT() REPRESENTATION_CONTEXT('2D SPACE',''
  ) );
#2830 = PCURVE('',#1479,#2831);
#2831 = DEFINITIONAL_REPRESENTATION('',(#2832),#2836);
#2832 = LINE('',#2833,#2834);
#2833 = CARTESIAN_POINT('',(6.222895307442,0.));
#2834 = VECTOR('',#2835,1.);
#2835 = DIRECTION('',(0.,-1.));
#2836 = ( GEOMETRIC_REPRESENTATION_CONTEXT(2) 
PARAMETRIC_REPRESENTATION_CONTEXT() REPRESENTATION_CONTEXT('2D SPACE',''
  ) );
#2837 = ORIENTED_EDGE('',*,*,#1490,.F.);
#2838 = ORIENTED_EDGE('',*,*,#2767,.F.);
#2839 = ADVANCED_FACE('',(#2840),#1479,.F.);
#2840 = FACE_BOUND('',#2841,.F.);
#2841 = EDGE_LOOP('',(#2842,#2843,#2870,#2889));
#2842 = ORIENTED_EDGE('',*,*,#2817,.F.);
#2843 = ORIENTED_EDGE('',*,*,#2844,.F.);
#2844 = EDGE_CURVE('',#2845,#2791,#2847,.T.);
#2845 = VERTEX_POINT('',#2846);
#2846 = CARTESIAN_POINT('',(28.307079104948,11.057186466105,
    86.908594111116));
#2847 = SURFACE_CURVE('',#2848,(#2853,#2860),.PCURVE_S1.);
#2848 = HYPERBOLA('',#2849,25.005322988392,20.981957297029);
#2849 = AXIS2_PLACEMENT_3D('',#2850,#2851,#2852);
#2850 = CARTESIAN_POINT('',(19.016111285568,-8.867358320788,
    50.691202432178));
#2851 = DIRECTION('',(0.906307787037,-0.422618261741,0.));
#2852 = DIRECTION('',(-0.,0.,1.));
#2853 = PCURVE('',#1479,#2854);
#2854 = DEFINITIONAL_REPRESENTATION('',(#2855),#2859);
#2855 = ( BOUNDED_CURVE() B_SPLINE_CURVE(2,(#2856,#2857,#2858),
.UNSPECIFIED.,.F.,.F.) B_SPLINE_CURVE_WITH_KNOTS((3,3),(-0.929085588136,
-0.762909652067),.PIECEWISE_BEZIER_KNOTS.) CURVE() 
GEOMETRIC_REPRESENTATION_ITEM() RATIONAL_B_SPLINE_CURVE((1.,1.0034537915
,1.)) REPRESENTATION_ITEM('') );
#2856 = CARTESIAN_POINT('',(1.406710160127,-88.28783430648));
#2857 = CARTESIAN_POINT('',(3.952338473076,-86.07268077908));
#2858 = CARTESIAN_POINT('',(6.222895307442,-84.33333333333));
#2859 = ( GEOMETRIC_REPRESENTATION_CONTEXT(2) 
PARAMETRIC_REPRESENTATION_CONTEXT() REPRESENTATION_CONTEXT('2D SPACE',''
  ) );
#2860 = PCURVE('',#2546,#2861);
#2861 = DEFINITIONAL_REPRESENTATION('',(#2862),#2869);
#2862 = B_SPLINE_CURVE_WITH_KNOTS('',5,(#2863,#2864,#2865,#2866,#2867,
    #2868),.UNSPECIFIED.,.F.,.F.,(6,6),(-0.929085588136,-0.762909652067)
  ,.PIECEWISE_BEZIER_KNOTS.);
#2863 = CARTESIAN_POINT('',(0.382234432716,-0.812513397225));
#2864 = CARTESIAN_POINT('',(0.359525878723,-1.700612877967));
#2865 = CARTESIAN_POINT('',(0.336128482844,-2.538182603031));
#2866 = CARTESIAN_POINT('',(0.312038776843,-3.327266123491));
#2867 = CARTESIAN_POINT('',(0.28725901828,-4.069675091498));
#2868 = CARTESIAN_POINT('',(0.261799387799,-4.767014370377));
#2869 = ( GEOMETRIC_REPRESENTATION_CONTEXT(2) 
PARAMETRIC_REPRESENTATION_CONTEXT() REPRESENTATION_CONTEXT('2D SPACE',''
  ) );
#2870 = ORIENTED_EDGE('',*,*,#2871,.T.);
#2871 = EDGE_CURVE('',#2845,#1436,#2872,.T.);
#2872 = SURFACE_CURVE('',#2873,(#2877,#2883),.PCURVE_S1.);
#2873 = LINE('',#2874,#2875);
#2874 = CARTESIAN_POINT('',(28.307079104948,11.057186466105,-1.));
#2875 = VECTOR('',#2876,1.);
#2876 = DIRECTION('',(0.,0.,1.));
#2877 = PCURVE('',#1479,#2878);
#2878 = DEFINITIONAL_REPRESENTATION('',(#2879),#2882);
#2879 = B_SPLINE_CURVE_WITH_KNOTS('',1,(#2880,#2881),.UNSPECIFIED.,.F.,
  .F.,(2,2),(-5.999999999062E-07,102.0000006),.PIECEWISE_BEZIER_KNOTS.);
#2880 = CARTESIAN_POINT('',(1.844545173519,5.999999999062E-07));
#2881 = CARTESIAN_POINT('',(1.844545173519,-102.0000006));
#2882 = ( GEOMETRIC_REPRESENTATION_CONTEXT(2) 
PARAMETRIC_REPRESENTATION_CONTEXT() REPRESENTATION_CONTEXT('2D SPACE',''
  ) );
#2883 = PCURVE('',#1452,#2884);
#2884 = DEFINITIONAL_REPRESENTATION('',(#2885),#2888);
#2885 = B_SPLINE_CURVE_WITH_KNOTS('',1,(#2886,#2887),.UNSPECIFIED.,.F.,
  .F.,(2,2),(-5.999999999062E-07,102.0000006),.PIECEWISE_BEZIER_KNOTS.);
#2886 = CARTESIAN_POINT('',(6.655575591444,-5.999999999062E-07));
#2887 = CARTESIAN_POINT('',(6.655575591444,102.0000006));
#2888 = ( GEOMETRIC_REPRESENTATION_CONTEXT(2) 
PARAMETRIC_REPRESENTATION_CONTEXT() REPRESENTATION_CONTEXT('2D SPACE',''
  ) );
#2889 = ORIENTED_EDGE('',*,*,#1464,.F.);
#2890 = ADVANCED_FACE('',(#2891),#1452,.F.);
#2891 = FACE_BOUND('',#2892,.F.);
#2892 = EDGE_LOOP('',(#2893,#2894,#2916,#2917));
#2893 = ORIENTED_EDGE('',*,*,#2871,.F.);
#2894 = ORIENTED_EDGE('',*,*,#2895,.T.);
#2895 = EDGE_CURVE('',#2845,#2530,#2896,.T.);
#2896 = SURFACE_CURVE('',#2897,(#2902,#2909),.PCURVE_S1.);
#2897 = CIRCLE('',#2898,30.39);
#2898 = AXIS2_PLACEMENT_3D('',#2899,#2900,#2901);
#2899 = CARTESIAN_POINT('',(0.,0.,86.908594111116));
#2900 = DIRECTION('',(0.,0.,1.));
#2901 = DIRECTION('',(0.,-1.,0.));
#2902 = PCURVE('',#1452,#2903);
#2903 = DEFINITIONAL_REPRESENTATION('',(#2904),#2908);
#2904 = LINE('',#2905,#2906);
#2905 = CARTESIAN_POINT('',(4.712388980385,87.908594111116));
#2906 = VECTOR('',#2907,1.);
#2907 = DIRECTION('',(1.,0.));
#2908 = ( GEOMETRIC_REPRESENTATION_CONTEXT(2) 
PARAMETRIC_REPRESENTATION_CONTEXT() REPRESENTATION_CONTEXT('2D SPACE',''
  ) );
#2909 = PCURVE('',#2546,#2910);
#2910 = DEFINITIONAL_REPRESENTATION('',(#2911),#2915);
#2911 = LINE('',#2912,#2913);
#2912 = CARTESIAN_POINT('',(-1.570796326795,-1.191753592594));
#2913 = VECTOR('',#2914,1.);
#2914 = DIRECTION('',(1.,-0.));
#2915 = ( GEOMETRIC_REPRESENTATION_CONTEXT(2) 
PARAMETRIC_REPRESENTATION_CONTEXT() REPRESENTATION_CONTEXT('2D SPACE',''
  ) );
#2916 = ORIENTED_EDGE('',*,*,#2563,.T.);
#2917 = ORIENTED_EDGE('',*,*,#1435,.F.);
#2918 = ADVANCED_FACE('',(#2919),#1666,.F.);
#2919 = FACE_BOUND('',#2920,.T.);
#2920 = EDGE_LOOP('',(#2921,#2922,#2944,#2945));
#2921 = ORIENTED_EDGE('',*,*,#2633,.F.);
#2922 = ORIENTED_EDGE('',*,*,#2923,.F.);
#2923 = EDGE_CURVE('',#521,#2634,#2924,.T.);
#2924 = SURFACE_CURVE('',#2925,(#2930,#2937),.PCURVE_S1.);
#2925 = CIRCLE('',#2926,27.39);
#2926 = AXIS2_PLACEMENT_3D('',#2927,#2928,#2929);
#2927 = CARTESIAN_POINT('',(0.,0.,83.333333333333));
#2928 = DIRECTION('',(0.,0.,1.));
#2929 = DIRECTION('',(1.,0.,-0.));
#2930 = PCURVE('',#1666,#2931);
#2931 = DEFINITIONAL_REPRESENTATION('',(#2932),#2936);
#2932 = LINE('',#2933,#2934);
#2933 = CARTESIAN_POINT('',(0.,-4.767014370377));
#2934 = VECTOR('',#2935,1.);
#2935 = DIRECTION('',(1.,-0.));
#2936 = ( GEOMETRIC_REPRESENTATION_CONTEXT(2) 
PARAMETRIC_REPRESENTATION_CONTEXT() REPRESENTATION_CONTEXT('2D SPACE',''
  ) );
#2937 = PCURVE('',#1778,#2938);
#2938 = DEFINITIONAL_REPRESENTATION('',(#2939),#2943);
#2939 = LINE('',#2940,#2941);
#2940 = CARTESIAN_POINT('',(-0.,0.));
#2941 = VECTOR('',#2942,1.);
#2942 = DIRECTION('',(-1.,0.));
#2943 = ( GEOMETRIC_REPRESENTATION_CONTEXT(2) 
PARAMETRIC_REPRESENTATION_CONTEXT() REPRESENTATION_CONTEXT('2D SPACE',''
  ) );
#2944 = ORIENTED_EDGE('',*,*,#1649,.F.);
#2945 = ORIENTED_EDGE('',*,*,#2586,.T.);
#2946 = ADVANCED_FACE('',(#2947),#1778,.F.);
#2947 = FACE_BOUND('',#2948,.T.);
#2948 = EDGE_LOOP('',(#2949,#2950,#2982,#3004));
#2949 = ORIENTED_EDGE('',*,*,#2923,.T.);
#2950 = ORIENTED_EDGE('',*,*,#2951,.F.);
#2951 = EDGE_CURVE('',#2952,#2634,#2954,.T.);
#2952 = VERTEX_POINT('',#2953);
#2953 = CARTESIAN_POINT('',(28.307079104948,-11.0571864661,
    79.758072555551));
#2954 = SURFACE_CURVE('',#2955,(#2960,#2970),.PCURVE_S1.);
#2955 = HYPERBOLA('',#2956,25.005322988392,20.981957297029);
#2956 = AXIS2_PLACEMENT_3D('',#2957,#2958,#2959);
#2957 = CARTESIAN_POINT('',(19.016111285568,8.867358320788,
    115.97546423448));
#2958 = DIRECTION('',(0.906307787037,0.422618261741,0.));
#2959 = DIRECTION('',(0.,0.,-1.));
#2960 = PCURVE('',#1778,#2961);
#2961 = DEFINITIONAL_REPRESENTATION('',(#2962),#2969);
#2962 = B_SPLINE_CURVE_WITH_KNOTS('',5,(#2963,#2964,#2965,#2966,#2967,
    #2968),.UNSPECIFIED.,.F.,.F.,(6,6),(-0.929085588136,-0.762909652067)
  ,.PIECEWISE_BEZIER_KNOTS.);
#2963 = CARTESIAN_POINT('',(-5.900950874464,3.954500973152));
#2964 = CARTESIAN_POINT('',(-5.923659428456,3.066401492409));
#2965 = CARTESIAN_POINT('',(-5.947056824336,2.228831767345));
#2966 = CARTESIAN_POINT('',(-5.971146530337,1.439748246886));
#2967 = CARTESIAN_POINT('',(-5.995926288899,0.697339278879));
#2968 = CARTESIAN_POINT('',(-6.02138591938,1.749369987558E-15));
#2969 = ( GEOMETRIC_REPRESENTATION_CONTEXT(2) 
PARAMETRIC_REPRESENTATION_CONTEXT() REPRESENTATION_CONTEXT('2D SPACE',''
  ) );
#2970 = PCURVE('',#2971,#2976);
#2971 = PLANE('',#2972);
#2972 = AXIS2_PLACEMENT_3D('',#2973,#2974,#2975);
#2973 = CARTESIAN_POINT('',(26.456708382058,-7.089053645358,-1.));
#2974 = DIRECTION('',(0.906307787037,0.422618261741,0.));
#2975 = DIRECTION('',(0.422618261741,-0.906307787037,0.));
#2976 = DEFINITIONAL_REPRESENTATION('',(#2977),#2981);
#2977 = ( BOUNDED_CURVE() B_SPLINE_CURVE(2,(#2978,#2979,#2980),
.UNSPECIFIED.,.F.,.F.) B_SPLINE_CURVE_WITH_KNOTS((3,3),(-0.929085588136,
-0.762909652067),.PIECEWISE_BEZIER_KNOTS.) CURVE() 
GEOMETRIC_REPRESENTATION_ITEM() RATIONAL_B_SPLINE_CURVE((1.,1.0034537915
,1.)) REPRESENTATION_ITEM('') );
#2978 = CARTESIAN_POINT('',(4.816185147315,-80.37883236018));
#2979 = CARTESIAN_POINT('',(2.270556834366,-82.59398588758));
#2980 = CARTESIAN_POINT('',(-3.552713678801E-15,-84.33333333333));
#2981 = ( GEOMETRIC_REPRESENTATION_CONTEXT(2) 
PARAMETRIC_REPRESENTATION_CONTEXT() REPRESENTATION_CONTEXT('2D SPACE',''
  ) );
#2982 = ORIENTED_EDGE('',*,*,#2983,.F.);
#2983 = EDGE_CURVE('',#1738,#2952,#2984,.T.);
#2984 = SURFACE_CURVE('',#2985,(#2990,#2997),.PCURVE_S1.);
#2985 = CIRCLE('',#2986,30.39);
#2986 = AXIS2_PLACEMENT_3D('',#2987,#2988,#2989);
#2987 = CARTESIAN_POINT('',(0.,0.,79.758072555551));
#2988 = DIRECTION('',(0.,0.,1.));
#2989 = DIRECTION('',(0.,-1.,0.));
#2990 = PCURVE('',#1778,#2991);
#2991 = DEFINITIONAL_REPRESENTATION('',(#2992),#2996);
#2992 = LINE('',#2993,#2994);
#2993 = CARTESIAN_POINT('',(-4.712388980385,3.575260777783));
#2994 = VECTOR('',#2995,1.);
#2995 = DIRECTION('',(-1.,0.));
#2996 = ( GEOMETRIC_REPRESENTATION_CONTEXT(2) 
PARAMETRIC_REPRESENTATION_CONTEXT() REPRESENTATION_CONTEXT('2D SPACE',''
  ) );
#2997 = PCURVE('',#1752,#2998);
#2998 = DEFINITIONAL_REPRESENTATION('',(#2999),#3003);
#2999 = LINE('',#3000,#3001);
#3000 = CARTESIAN_POINT('',(4.712388980385,80.758072555551));
#3001 = VECTOR('',#3002,1.);
#3002 = DIRECTION('',(1.,0.));
#3003 = ( GEOMETRIC_REPRESENTATION_CONTEXT(2) 
PARAMETRIC_REPRESENTATION_CONTEXT() REPRESENTATION_CONTEXT('2D SPACE',''
  ) );
#3004 = ORIENTED_EDGE('',*,*,#1763,.F.);
#3005 = ADVANCED_FACE('',(#3006),#1752,.F.);
#3006 = FACE_BOUND('',#3007,.F.);
#3007 = EDGE_LOOP('',(#3008,#3009,#3033,#3052));
#3008 = ORIENTED_EDGE('',*,*,#1737,.F.);
#3009 = ORIENTED_EDGE('',*,*,#3010,.T.);
#3010 = EDGE_CURVE('',#1706,#3011,#3013,.T.);
#3011 = VERTEX_POINT('',#3012);
#3012 = CARTESIAN_POINT('',(28.307079104948,-11.0571864661,
    70.241927444449));
#3013 = SURFACE_CURVE('',#3014,(#3019,#3026),.PCURVE_S1.);
#3014 = CIRCLE('',#3015,30.39);
#3015 = AXIS2_PLACEMENT_3D('',#3016,#3017,#3018);
#3016 = CARTESIAN_POINT('',(0.,0.,70.241927444449));
#3017 = DIRECTION('',(0.,0.,1.));
#3018 = DIRECTION('',(0.,-1.,0.));
#3019 = PCURVE('',#1752,#3020);
#3020 = DEFINITIONAL_REPRESENTATION('',(#3021),#3025);
#3021 = LINE('',#3022,#3023);
#3022 = CARTESIAN_POINT('',(4.712388980385,71.241927444449));
#3023 = VECTOR('',#3024,1.);
#3024 = DIRECTION('',(1.,0.));
#3025 = ( GEOMETRIC_REPRESENTATION_CONTEXT(2) 
PARAMETRIC_REPRESENTATION_CONTEXT() REPRESENTATION_CONTEXT('2D SPACE',''
  ) );
#3026 = PCURVE('',#1722,#3027);
#3027 = DEFINITIONAL_REPRESENTATION('',(#3028),#3032);
#3028 = LINE('',#3029,#3030);
#3029 = CARTESIAN_POINT('',(4.712388980385,-1.191753592594));
#3030 = VECTOR('',#3031,1.);
#3031 = DIRECTION('',(1.,-0.));
#3032 = ( GEOMETRIC_REPRESENTATION_CONTEXT(2) 
PARAMETRIC_REPRESENTATION_CONTEXT() REPRESENTATION_CONTEXT('2D SPACE',''
  ) );
#3033 = ORIENTED_EDGE('',*,*,#3034,.T.);
#3034 = EDGE_CURVE('',#3011,#2952,#3035,.T.);
#3035 = SURFACE_CURVE('',#3036,(#3040,#3046),.PCURVE_S1.);
#3036 = LINE('',#3037,#3038);
#3037 = CARTESIAN_POINT('',(28.307079104948,-11.0571864661,-1.));
#3038 = VECTOR('',#3039,1.);
#3039 = DIRECTION('',(0.,0.,1.));
#3040 = PCURVE('',#1752,#3041);
#3041 = DEFINITIONAL_REPRESENTATION('',(#3042),#3045);
#3042 = B_SPLINE_CURVE_WITH_KNOTS('',1,(#3043,#3044),.UNSPECIFIED.,.F.,
  .F.,(2,2),(-5.999999999062E-07,102.0000006),.PIECEWISE_BEZIER_KNOTS.);
#3043 = CARTESIAN_POINT('',(5.910795022916,-5.999999999062E-07));
#3044 = CARTESIAN_POINT('',(5.910795022916,102.0000006));
#3045 = ( GEOMETRIC_REPRESENTATION_CONTEXT(2) 
PARAMETRIC_REPRESENTATION_CONTEXT() REPRESENTATION_CONTEXT('2D SPACE',''
  ) );
#3046 = PCURVE('',#2971,#3047);
#3047 = DEFINITIONAL_REPRESENTATION('',(#3048),#3051);
#3048 = B_SPLINE_CURVE_WITH_KNOTS('',1,(#3049,#3050),.UNSPECIFIED.,.F.,
  .F.,(2,2),(-5.999999999062E-07,102.0000006),.PIECEWISE_BEZIER_KNOTS.);
#3049 = CARTESIAN_POINT('',(4.378350133922,5.999999999062E-07));
#3050 = CARTESIAN_POINT('',(4.378350133922,-102.0000006));
#3051 = ( GEOMETRIC_REPRESENTATION_CONTEXT(2) 
PARAMETRIC_REPRESENTATION_CONTEXT() REPRESENTATION_CONTEXT('2D SPACE',''
  ) );
#3052 = ORIENTED_EDGE('',*,*,#2983,.F.);
#3053 = ADVANCED_FACE('',(#3054),#1722,.F.);
#3054 = FACE_BOUND('',#3055,.T.);
#3055 = EDGE_LOOP('',(#3056,#3083,#3105,#3106));
#3056 = ORIENTED_EDGE('',*,*,#3057,.F.);
#3057 = EDGE_CURVE('',#3058,#3011,#3060,.T.);
#3058 = VERTEX_POINT('',#3059);
#3059 = CARTESIAN_POINT('',(26.456708382058,-7.089053645358,
    66.666666666667));
#3060 = SURFACE_CURVE('',#3061,(#3066,#3076),.PCURVE_S1.);
#3061 = HYPERBOLA('',#3062,25.005322988392,20.981957297029);
#3062 = AXIS2_PLACEMENT_3D('',#3063,#3064,#3065);
#3063 = CARTESIAN_POINT('',(19.016111285568,8.867358320788,
    34.024535765511));
#3064 = DIRECTION('',(0.906307787037,0.422618261741,0.));
#3065 = DIRECTION('',(0.,-0.,1.));
#3066 = PCURVE('',#1722,#3067);
#3067 = DEFINITIONAL_REPRESENTATION('',(#3068),#3075);
#3068 = B_SPLINE_CURVE_WITH_KNOTS('',5,(#3069,#3070,#3071,#3072,#3073,
    #3074),.UNSPECIFIED.,.F.,.F.,(6,6),(0.762909652067,0.929085588136),
  .PIECEWISE_BEZIER_KNOTS.);
#3069 = CARTESIAN_POINT('',(6.02138591938,-4.767014370377));
#3070 = CARTESIAN_POINT('',(5.995926288899,-4.069675091498));
#3071 = CARTESIAN_POINT('',(5.971146530337,-3.327266123491));
#3072 = CARTESIAN_POINT('',(5.947056824336,-2.538182603032));
#3073 = CARTESIAN_POINT('',(5.923659428456,-1.700612877967));
#3074 = CARTESIAN_POINT('',(5.900950874464,-0.812513397225));
#3075 = ( GEOMETRIC_REPRESENTATION_CONTEXT(2) 
PARAMETRIC_REPRESENTATION_CONTEXT() REPRESENTATION_CONTEXT('2D SPACE',''
  ) );
#3076 = PCURVE('',#2971,#3077);
#3077 = DEFINITIONAL_REPRESENTATION('',(#3078),#3082);
#3078 = ( BOUNDED_CURVE() B_SPLINE_CURVE(2,(#3079,#3080,#3081),
.UNSPECIFIED.,.F.,.F.) B_SPLINE_CURVE_WITH_KNOTS((3,3),(0.762909652067,
0.929085588136),.PIECEWISE_BEZIER_KNOTS.) CURVE() 
GEOMETRIC_REPRESENTATION_ITEM() RATIONAL_B_SPLINE_CURVE((1.,1.0034537915
,1.)) REPRESENTATION_ITEM('') );
#3079 = CARTESIAN_POINT('',(-3.552713678801E-15,-67.66666666666));
#3080 = CARTESIAN_POINT('',(2.270556834366,-69.40601411241));
#3081 = CARTESIAN_POINT('',(4.816185147315,-71.62116763981));
#3082 = ( GEOMETRIC_REPRESENTATION_CONTEXT(2) 
PARAMETRIC_REPRESENTATION_CONTEXT() REPRESENTATION_CONTEXT('2D SPACE',''
  ) );
#3083 = ORIENTED_EDGE('',*,*,#3084,.F.);
#3084 = EDGE_CURVE('',#493,#3058,#3085,.T.);
#3085 = SURFACE_CURVE('',#3086,(#3091,#3098),.PCURVE_S1.);
#3086 = CIRCLE('',#3087,27.39);
#3087 = AXIS2_PLACEMENT_3D('',#3088,#3089,#3090);
#3088 = CARTESIAN_POINT('',(0.,0.,66.666666666667));
#3089 = DIRECTION('',(0.,0.,1.));
#3090 = DIRECTION('',(1.,0.,-0.));
#3091 = PCURVE('',#1722,#3092);
#3092 = DEFINITIONAL_REPRESENTATION('',(#3093),#3097);
#3093 = LINE('',#3094,#3095);
#3094 = CARTESIAN_POINT('',(0.,-4.767014370377));
#3095 = VECTOR('',#3096,1.);
#3096 = DIRECTION('',(1.,-0.));
#3097 = ( GEOMETRIC_REPRESENTATION_CONTEXT(2) 
PARAMETRIC_REPRESENTATION_CONTEXT() REPRESENTATION_CONTEXT('2D SPACE',''
  ) );
#3098 = PCURVE('',#1870,#3099);
#3099 = DEFINITIONAL_REPRESENTATION('',(#3100),#3104);
#3100 = LINE('',#3101,#3102);
#3101 = CARTESIAN_POINT('',(-0.,0.));
#3102 = VECTOR('',#3103,1.);
#3103 = DIRECTION('',(-1.,0.));
#3104 = ( GEOMETRIC_REPRESENTATION_CONTEXT(2) 
PARAMETRIC_REPRESENTATION_CONTEXT() REPRESENTATION_CONTEXT('2D SPACE',''
  ) );
#3105 = ORIENTED_EDGE('',*,*,#1705,.F.);
#3106 = ORIENTED_EDGE('',*,*,#3010,.T.);
#3107 = ADVANCED_FACE('',(#3108),#1870,.F.);
#3108 = FACE_BOUND('',#3109,.T.);
#3109 = EDGE_LOOP('',(#3110,#3111,#3143,#3165));
#3110 = ORIENTED_EDGE('',*,*,#3084,.T.);
#3111 = ORIENTED_EDGE('',*,*,#3112,.F.);
#3112 = EDGE_CURVE('',#3113,#3058,#3115,.T.);
#3113 = VERTEX_POINT('',#3114);
#3114 = CARTESIAN_POINT('',(28.307079104948,-11.0571864661,
    63.091405888884));
#3115 = SURFACE_CURVE('',#3116,(#3121,#3131),.PCURVE_S1.);
#3116 = HYPERBOLA('',#3117,25.005322988392,20.981957297029);
#3117 = AXIS2_PLACEMENT_3D('',#3118,#3119,#3120);
#3118 = CARTESIAN_POINT('',(19.016111285568,8.867358320788,
    99.308797567822));
#3119 = DIRECTION('',(0.906307787037,0.422618261741,0.));
#3120 = DIRECTION('',(0.,0.,-1.));
#3121 = PCURVE('',#1870,#3122);
#3122 = DEFINITIONAL_REPRESENTATION('',(#3123),#3130);
#3123 = B_SPLINE_CURVE_WITH_KNOTS('',5,(#3124,#3125,#3126,#3127,#3128,
    #3129),.UNSPECIFIED.,.F.,.F.,(6,6),(-0.929085588136,-0.762909652067)
  ,.PIECEWISE_BEZIER_KNOTS.);
#3124 = CARTESIAN_POINT('',(-5.900950874464,3.954500973152));
#3125 = CARTESIAN_POINT('',(-5.923659428456,3.066401492409));
#3126 = CARTESIAN_POINT('',(-5.947056824336,2.228831767345));
#3127 = CARTESIAN_POINT('',(-5.971146530337,1.439748246886));
#3128 = CARTESIAN_POINT('',(-5.995926288899,0.697339278879));
#3129 = CARTESIAN_POINT('',(-6.02138591938,1.749369987558E-15));
#3130 = ( GEOMETRIC_REPRESENTATION_CONTEXT(2) 
PARAMETRIC_REPRESENTATION_CONTEXT() REPRESENTATION_CONTEXT('2D SPACE',''
  ) );
#3131 = PCURVE('',#3132,#3137);
#3132 = PLANE('',#3133);
#3133 = AXIS2_PLACEMENT_3D('',#3134,#3135,#3136);
#3134 = CARTESIAN_POINT('',(26.456708382058,-7.089053645358,-1.));
#3135 = DIRECTION('',(0.906307787037,0.422618261741,0.));
#3136 = DIRECTION('',(0.422618261741,-0.906307787037,0.));
#3137 = DEFINITIONAL_REPRESENTATION('',(#3138),#3142);
#3138 = ( BOUNDED_CURVE() B_SPLINE_CURVE(2,(#3139,#3140,#3141),
.UNSPECIFIED.,.F.,.F.) B_SPLINE_CURVE_WITH_KNOTS((3,3),(-0.929085588136,
-0.762909652067),.PIECEWISE_BEZIER_KNOTS.) CURVE() 
GEOMETRIC_REPRESENTATION_ITEM() RATIONAL_B_SPLINE_CURVE((1.,1.0034537915
,1.)) REPRESENTATION_ITEM('') );
#3139 = CARTESIAN_POINT('',(4.816185147315,-63.71216569351));
#3140 = CARTESIAN_POINT('',(2.270556834366,-65.92731922091));
#3141 = CARTESIAN_POINT('',(-3.552713678801E-15,-67.66666666666));
#3142 = ( GEOMETRIC_REPRESENTATION_CONTEXT(2) 
PARAMETRIC_REPRESENTATION_CONTEXT() REPRESENTATION_CONTEXT('2D SPACE',''
  ) );
#3143 = ORIENTED_EDGE('',*,*,#3144,.F.);
#3144 = EDGE_CURVE('',#1830,#3113,#3145,.T.);
#3145 = SURFACE_CURVE('',#3146,(#3151,#3158),.PCURVE_S1.);
#3146 = CIRCLE('',#3147,30.39);
#3147 = AXIS2_PLACEMENT_3D('',#3148,#3149,#3150);
#3148 = CARTESIAN_POINT('',(0.,0.,63.091405888884));
#3149 = DIRECTION('',(0.,0.,1.));
#3150 = DIRECTION('',(0.,-1.,0.));
#3151 = PCURVE('',#1870,#3152);
#3152 = DEFINITIONAL_REPRESENTATION('',(#3153),#3157);
#3153 = LINE('',#3154,#3155);
#3154 = CARTESIAN_POINT('',(-4.712388980385,3.575260777783));
#3155 = VECTOR('',#3156,1.);
#3156 = DIRECTION('',(-1.,0.));
#3157 = ( GEOMETRIC_REPRESENTATION_CONTEXT(2) 
PARAMETRIC_REPRESENTATION_CONTEXT() REPRESENTATION_CONTEXT('2D SPACE',''
  ) );
#3158 = PCURVE('',#1844,#3159);
#3159 = DEFINITIONAL_REPRESENTATION('',(#3160),#3164);
#3160 = LINE('',#3161,#3162);
#3161 = CARTESIAN_POINT('',(4.712388980385,64.091405888884));
#3162 = VECTOR('',#3163,1.);
#3163 = DIRECTION('',(1.,0.));
#3164 = ( GEOMETRIC_REPRESENTATION_CONTEXT(2) 
PARAMETRIC_REPRESENTATION_CONTEXT() REPRESENTATION_CONTEXT('2D SPACE',''
  ) );
#3165 = ORIENTED_EDGE('',*,*,#1855,.F.);
#3166 = ADVANCED_FACE('',(#3167),#1844,.F.);
#3167 = FACE_BOUND('',#3168,.F.);
#3168 = EDGE_LOOP('',(#3169,#3170,#3194,#3213));
#3169 = ORIENTED_EDGE('',*,*,#1829,.F.);
#3170 = ORIENTED_EDGE('',*,*,#3171,.T.);
#3171 = EDGE_CURVE('',#1798,#3172,#3174,.T.);
#3172 = VERTEX_POINT('',#3173);
#3173 = CARTESIAN_POINT('',(28.307079104948,-11.0571864661,
    53.575260777783));
#3174 = SURFACE_CURVE('',#3175,(#3180,#3187),.PCURVE_S1.);
#3175 = CIRCLE('',#3176,30.39);
#3176 = AXIS2_PLACEMENT_3D('',#3177,#3178,#3179);
#3177 = CARTESIAN_POINT('',(0.,0.,53.575260777783));
#3178 = DIRECTION('',(0.,0.,1.));
#3179 = DIRECTION('',(0.,-1.,0.));
#3180 = PCURVE('',#1844,#3181);
#3181 = DEFINITIONAL_REPRESENTATION('',(#3182),#3186);
#3182 = LINE('',#3183,#3184);
#3183 = CARTESIAN_POINT('',(4.712388980385,54.575260777783));
#3184 = VECTOR('',#3185,1.);
#3185 = DIRECTION('',(1.,0.));
#3186 = ( GEOMETRIC_REPRESENTATION_CONTEXT(2) 
PARAMETRIC_REPRESENTATION_CONTEXT() REPRESENTATION_CONTEXT('2D SPACE',''
  ) );
#3187 = PCURVE('',#1814,#3188);
#3188 = DEFINITIONAL_REPRESENTATION('',(#3189),#3193);
#3189 = LINE('',#3190,#3191);
#3190 = CARTESIAN_POINT('',(4.712388980385,-1.191753592594));
#3191 = VECTOR('',#3192,1.);
#3192 = DIRECTION('',(1.,-0.));
#3193 = ( GEOMETRIC_REPRESENTATION_CONTEXT(2) 
PARAMETRIC_REPRESENTATION_CONTEXT() REPRESENTATION_CONTEXT('2D SPACE',''
  ) );
#3194 = ORIENTED_EDGE('',*,*,#3195,.T.);
#3195 = EDGE_CURVE('',#3172,#3113,#3196,.T.);
#3196 = SURFACE_CURVE('',#3197,(#3201,#3207),.PCURVE_S1.);
#3197 = LINE('',#3198,#3199);
#3198 = CARTESIAN_POINT('',(28.307079104948,-11.0571864661,-1.));
#3199 = VECTOR('',#3200,1.);
#3200 = DIRECTION('',(0.,0.,1.));
#3201 = PCURVE('',#1844,#3202);
#3202 = DEFINITIONAL_REPRESENTATION('',(#3203),#3206);
#3203 = B_SPLINE_CURVE_WITH_KNOTS('',1,(#3204,#3205),.UNSPECIFIED.,.F.,
  .F.,(2,2),(-5.999999999062E-07,102.0000006),.PIECEWISE_BEZIER_KNOTS.);
#3204 = CARTESIAN_POINT('',(5.910795022916,-5.999999999062E-07));
#3205 = CARTESIAN_POINT('',(5.910795022916,102.0000006));
#3206 = ( GEOMETRIC_REPRESENTATION_CONTEXT(2) 
PARAMETRIC_REPRESENTATION_CONTEXT() REPRESENTATION_CONTEXT('2D SPACE',''
  ) );
#3207 = PCURVE('',#3132,#3208);
#3208 = DEFINITIONAL_REPRESENTATION('',(#3209),#3212);
#3209 = B_SPLINE_CURVE_WITH_KNOTS('',1,(#3210,#3211),.UNSPECIFIED.,.F.,
  .F.,(2,2),(-5.999999999062E-07,102.0000006),.PIECEWISE_BEZIER_KNOTS.);
#3210 = CARTESIAN_POINT('',(4.378350133922,5.999999999062E-07));
#3211 = CARTESIAN_POINT('',(4.378350133922,-102.0000006));
#3212 = ( GEOMETRIC_REPRESENTATION_CONTEXT(2) 
PARAMETRIC_REPRESENTATION_CONTEXT() REPRESENTATION_CONTEXT('2D SPACE',''
  ) );
#3213 = ORIENTED_EDGE('',*,*,#3144,.F.);
#3214 = ADVANCED_FACE('',(#3215),#1814,.F.);
#3215 = FACE_BOUND('',#3216,.T.);
#3216 = EDGE_LOOP('',(#3217,#3244,#3266,#3267));
#3217 = ORIENTED_EDGE('',*,*,#3218,.F.);
#3218 = EDGE_CURVE('',#3219,#3172,#3221,.T.);
#3219 = VERTEX_POINT('',#3220);
#3220 = CARTESIAN_POINT('',(26.456708382058,-7.089053645358,50.));
#3221 = SURFACE_CURVE('',#3222,(#3227,#3237),.PCURVE_S1.);
#3222 = HYPERBOLA('',#3223,25.005322988392,20.981957297029);
#3223 = AXIS2_PLACEMENT_3D('',#3224,#3225,#3226);
#3224 = CARTESIAN_POINT('',(19.016111285568,8.867358320788,
    17.357869098845));
#3225 = DIRECTION('',(0.906307787037,0.422618261741,0.));
#3226 = DIRECTION('',(0.,-0.,1.));
#3227 = PCURVE('',#1814,#3228);
#3228 = DEFINITIONAL_REPRESENTATION('',(#3229),#3236);
#3229 = B_SPLINE_CURVE_WITH_KNOTS('',5,(#3230,#3231,#3232,#3233,#3234,
    #3235),.UNSPECIFIED.,.F.,.F.,(6,6),(0.762909652067,0.929085588136),
  .PIECEWISE_BEZIER_KNOTS.);
#3230 = CARTESIAN_POINT('',(6.02138591938,-4.767014370377));
#3231 = CARTESIAN_POINT('',(5.995926288899,-4.069675091498));
#3232 = CARTESIAN_POINT('',(5.971146530337,-3.327266123491));
#3233 = CARTESIAN_POINT('',(5.947056824336,-2.538182603032));
#3234 = CARTESIAN_POINT('',(5.923659428456,-1.700612877967));
#3235 = CARTESIAN_POINT('',(5.900950874464,-0.812513397225));
#3236 = ( GEOMETRIC_REPRESENTATION_CONTEXT(2) 
PARAMETRIC_REPRESENTATION_CONTEXT() REPRESENTATION_CONTEXT('2D SPACE',''
  ) );
#3237 = PCURVE('',#3132,#3238);
#3238 = DEFINITIONAL_REPRESENTATION('',(#3239),#3243);
#3239 = ( BOUNDED_CURVE() B_SPLINE_CURVE(2,(#3240,#3241,#3242),
.UNSPECIFIED.,.F.,.F.) B_SPLINE_CURVE_WITH_KNOTS((3,3),(0.762909652067,
0.929085588136),.PIECEWISE_BEZIER_KNOTS.) CURVE() 
GEOMETRIC_REPRESENTATION_ITEM() RATIONAL_B_SPLINE_CURVE((1.,1.0034537915
,1.)) REPRESENTATION_ITEM('') );
#3240 = CARTESIAN_POINT('',(-3.552713678801E-15,-51.));
#3241 = CARTESIAN_POINT('',(2.270556834366,-52.73934744575));
#3242 = CARTESIAN_POINT('',(4.816185147315,-54.95450097315));
#3243 = ( GEOMETRIC_REPRESENTATION_CONTEXT(2) 
PARAMETRIC_REPRESENTATION_CONTEXT() REPRESENTATION_CONTEXT('2D SPACE',''
  ) );
#3244 = ORIENTED_EDGE('',*,*,#3245,.F.);
#3245 = EDGE_CURVE('',#465,#3219,#3246,.T.);
#3246 = SURFACE_CURVE('',#3247,(#3252,#3259),.PCURVE_S1.);
#3247 = CIRCLE('',#3248,27.39);
#3248 = AXIS2_PLACEMENT_3D('',#3249,#3250,#3251);
#3249 = CARTESIAN_POINT('',(0.,0.,50.));
#3250 = DIRECTION('',(0.,0.,1.));
#3251 = DIRECTION('',(1.,0.,-0.));
#3252 = PCURVE('',#1814,#3253);
#3253 = DEFINITIONAL_REPRESENTATION('',(#3254),#3258);
#3254 = LINE('',#3255,#3256);
#3255 = CARTESIAN_POINT('',(0.,-4.767014370377));
#3256 = VECTOR('',#3257,1.);
#3257 = DIRECTION('',(1.,-0.));
#3258 = ( GEOMETRIC_REPRESENTATION_CONTEXT(2) 
PARAMETRIC_REPRESENTATION_CONTEXT() REPRESENTATION_CONTEXT('2D SPACE',''
  ) );
#3259 = PCURVE('',#1962,#3260);
#3260 = DEFINITIONAL_REPRESENTATION('',(#3261),#3265);
#3261 = LINE('',#3262,#3263);
#3262 = CARTESIAN_POINT('',(-0.,0.));
#3263 = VECTOR('',#3264,1.);
#3264 = DIRECTION('',(-1.,0.));
#3265 = ( GEOMETRIC_REPRESENTATION_CONTEXT(2) 
PARAMETRIC_REPRESENTATION_CONTEXT() REPRESENTATION_CONTEXT('2D SPACE',''
  ) );
#3266 = ORIENTED_EDGE('',*,*,#1797,.F.);
#3267 = ORIENTED_EDGE('',*,*,#3171,.T.);
#3268 = ADVANCED_FACE('',(#3269),#1962,.F.);
#3269 = FACE_BOUND('',#3270,.T.);
#3270 = EDGE_LOOP('',(#3271,#3272,#3304,#3326));
#3271 = ORIENTED_EDGE('',*,*,#3245,.T.);
#3272 = ORIENTED_EDGE('',*,*,#3273,.F.);
#3273 = EDGE_CURVE('',#3274,#3219,#3276,.T.);
#3274 = VERTEX_POINT('',#3275);
#3275 = CARTESIAN_POINT('',(28.307079104948,-11.0571864661,
    46.424739222217));
#3276 = SURFACE_CURVE('',#3277,(#3282,#3292),.PCURVE_S1.);
#3277 = HYPERBOLA('',#3278,25.005322988392,20.981957297029);
#3278 = AXIS2_PLACEMENT_3D('',#3279,#3280,#3281);
#3279 = CARTESIAN_POINT('',(19.016111285568,8.867358320788,
    82.642130901155));
#3280 = DIRECTION('',(0.906307787037,0.422618261741,0.));
#3281 = DIRECTION('',(0.,0.,-1.));
#3282 = PCURVE('',#1962,#3283);
#3283 = DEFINITIONAL_REPRESENTATION('',(#3284),#3291);
#3284 = B_SPLINE_CURVE_WITH_KNOTS('',5,(#3285,#3286,#3287,#3288,#3289,
    #3290),.UNSPECIFIED.,.F.,.F.,(6,6),(-0.929085588136,-0.762909652067)
  ,.PIECEWISE_BEZIER_KNOTS.);
#3285 = CARTESIAN_POINT('',(-5.900950874464,3.954500973152));
#3286 = CARTESIAN_POINT('',(-5.923659428456,3.066401492409));
#3287 = CARTESIAN_POINT('',(-5.947056824336,2.228831767345));
#3288 = CARTESIAN_POINT('',(-5.971146530337,1.439748246886));
#3289 = CARTESIAN_POINT('',(-5.995926288899,0.697339278879));
#3290 = CARTESIAN_POINT('',(-6.02138591938,1.749369987558E-15));
#3291 = ( GEOMETRIC_REPRESENTATION_CONTEXT(2) 
PARAMETRIC_REPRESENTATION_CONTEXT() REPRESENTATION_CONTEXT('2D SPACE',''
  ) );
#3292 = PCURVE('',#3293,#3298);
#3293 = PLANE('',#3294);
#3294 = AXIS2_PLACEMENT_3D('',#3295,#3296,#3297);
#3295 = CARTESIAN_POINT('',(26.456708382058,-7.089053645358,-1.));
#3296 = DIRECTION('',(0.906307787037,0.422618261741,0.));
#3297 = DIRECTION('',(0.422618261741,-0.906307787037,0.));
#3298 = DEFINITIONAL_REPRESENTATION('',(#3299),#3303);
#3299 = ( BOUNDED_CURVE() B_SPLINE_CURVE(2,(#3300,#3301,#3302),
.UNSPECIFIED.,.F.,.F.) B_SPLINE_CURVE_WITH_KNOTS((3,3),(-0.929085588136,
-0.762909652067),.PIECEWISE_BEZIER_KNOTS.) CURVE() 
GEOMETRIC_REPRESENTATION_ITEM() RATIONAL_B_SPLINE_CURVE((1.,1.0034537915
,1.)) REPRESENTATION_ITEM('') );
#3300 = CARTESIAN_POINT('',(4.816185147315,-47.04549902684));
#3301 = CARTESIAN_POINT('',(2.270556834366,-49.26065255424));
#3302 = CARTESIAN_POINT('',(-3.552713678801E-15,-51.));
#3303 = ( GEOMETRIC_REPRESENTATION_CONTEXT(2) 
PARAMETRIC_REPRESENTATION_CONTEXT() REPRESENTATION_CONTEXT('2D SPACE',''
  ) );
#3304 = ORIENTED_EDGE('',*,*,#3305,.F.);
#3305 = EDGE_CURVE('',#1922,#3274,#3306,.T.);
#3306 = SURFACE_CURVE('',#3307,(#3312,#3319),.PCURVE_S1.);
#3307 = CIRCLE('',#3308,30.39);
#3308 = AXIS2_PLACEMENT_3D('',#3309,#3310,#3311);
#3309 = CARTESIAN_POINT('',(0.,0.,46.424739222217));
#3310 = DIRECTION('',(0.,0.,1.));
#3311 = DIRECTION('',(0.,-1.,0.));
#3312 = PCURVE('',#1962,#3313);
#3313 = DEFINITIONAL_REPRESENTATION('',(#3314),#3318);
#3314 = LINE('',#3315,#3316);
#3315 = CARTESIAN_POINT('',(-4.712388980385,3.575260777783));
#3316 = VECTOR('',#3317,1.);
#3317 = DIRECTION('',(-1.,0.));
#3318 = ( GEOMETRIC_REPRESENTATION_CONTEXT(2) 
PARAMETRIC_REPRESENTATION_CONTEXT() REPRESENTATION_CONTEXT('2D SPACE',''
  ) );
#3319 = PCURVE('',#1936,#3320);
#3320 = DEFINITIONAL_REPRESENTATION('',(#3321),#3325);
#3321 = LINE('',#3322,#3323);
#3322 = CARTESIAN_POINT('',(4.712388980385,47.424739222217));
#3323 = VECTOR('',#3324,1.);
#3324 = DIRECTION('',(1.,0.));
#3325 = ( GEOMETRIC_REPRESENTATION_CONTEXT(2) 
PARAMETRIC_REPRESENTATION_CONTEXT() REPRESENTATION_CONTEXT('2D SPACE',''
  ) );
#3326 = ORIENTED_EDGE('',*,*,#1947,.F.);
#3327 = ADVANCED_FACE('',(#3328),#1936,.F.);
#3328 = FACE_BOUND('',#3329,.F.);
#3329 = EDGE_LOOP('',(#3330,#3331,#3355,#3374));
#3330 = ORIENTED_EDGE('',*,*,#1921,.F.);
#3331 = ORIENTED_EDGE('',*,*,#3332,.T.);
#3332 = EDGE_CURVE('',#1890,#3333,#3335,.T.);
#3333 = VERTEX_POINT('',#3334);
#3334 = CARTESIAN_POINT('',(28.307079104948,-11.0571864661,
    36.908594111116));
#3335 = SURFACE_CURVE('',#3336,(#3341,#3348),.PCURVE_S1.);
#3336 = CIRCLE('',#3337,30.39);
#3337 = AXIS2_PLACEMENT_3D('',#3338,#3339,#3340);
#3338 = CARTESIAN_POINT('',(0.,0.,36.908594111116));
#3339 = DIRECTION('',(0.,0.,1.));
#3340 = DIRECTION('',(0.,-1.,0.));
#3341 = PCURVE('',#1936,#3342);
#3342 = DEFINITIONAL_REPRESENTATION('',(#3343),#3347);
#3343 = LINE('',#3344,#3345);
#3344 = CARTESIAN_POINT('',(4.712388980385,37.908594111116));
#3345 = VECTOR('',#3346,1.);
#3346 = DIRECTION('',(1.,0.));
#3347 = ( GEOMETRIC_REPRESENTATION_CONTEXT(2) 
PARAMETRIC_REPRESENTATION_CONTEXT() REPRESENTATION_CONTEXT('2D SPACE',''
  ) );
#3348 = PCURVE('',#1906,#3349);
#3349 = DEFINITIONAL_REPRESENTATION('',(#3350),#3354);
#3350 = LINE('',#3351,#3352);
#3351 = CARTESIAN_POINT('',(4.712388980385,-1.191753592594));
#3352 = VECTOR('',#3353,1.);
#3353 = DIRECTION('',(1.,-0.));
#3354 = ( GEOMETRIC_REPRESENTATION_CONTEXT(2) 
PARAMETRIC_REPRESENTATION_CONTEXT() REPRESENTATION_CONTEXT('2D SPACE',''
  ) );
#3355 = ORIENTED_EDGE('',*,*,#3356,.T.);
#3356 = EDGE_CURVE('',#3333,#3274,#3357,.T.);
#3357 = SURFACE_CURVE('',#3358,(#3362,#3368),.PCURVE_S1.);
#3358 = LINE('',#3359,#3360);
#3359 = CARTESIAN_POINT('',(28.307079104948,-11.0571864661,-1.));
#3360 = VECTOR('',#3361,1.);
#3361 = DIRECTION('',(0.,0.,1.));
#3362 = PCURVE('',#1936,#3363);
#3363 = DEFINITIONAL_REPRESENTATION('',(#3364),#3367);
#3364 = B_SPLINE_CURVE_WITH_KNOTS('',1,(#3365,#3366),.UNSPECIFIED.,.F.,
  .F.,(2,2),(-5.999999999062E-07,102.0000006),.PIECEWISE_BEZIER_KNOTS.);
#3365 = CARTESIAN_POINT('',(5.910795022916,-5.999999999062E-07));
#3366 = CARTESIAN_POINT('',(5.910795022916,102.0000006));
#3367 = ( GEOMETRIC_REPRESENTATION_CONTEXT(2) 
PARAMETRIC_REPRESENTATION_CONTEXT() REPRESENTATION_CONTEXT('2D SPACE',''
  ) );
#3368 = PCURVE('',#3293,#3369);
#3369 = DEFINITIONAL_REPRESENTATION('',(#3370),#3373);
#3370 = B_SPLINE_CURVE_WITH_KNOTS('',1,(#3371,#3372),.UNSPECIFIED.,.F.,
  .F.,(2,2),(-5.999999999062E-07,102.0000006),.PIECEWISE_BEZIER_KNOTS.);
#3371 = CARTESIAN_POINT('',(4.378350133922,5.999999999062E-07));
#3372 = CARTESIAN_POINT('',(4.378350133922,-102.0000006));
#3373 = ( GEOMETRIC_REPRESENTATION_CONTEXT(2) 
PARAMETRIC_REPRESENTATION_CONTEXT() REPRESENTATION_CONTEXT('2D SPACE',''
  ) );
#3374 = ORIENTED_EDGE('',*,*,#3305,.F.);
#3375 = ADVANCED_FACE('',(#3376),#1906,.F.);
#3376 = FACE_BOUND('',#3377,.T.);
#3377 = EDGE_LOOP('',(#3378,#3405,#3427,#3428));
#3378 = ORIENTED_EDGE('',*,*,#3379,.F.);
#3379 = EDGE_CURVE('',#3380,#3333,#3382,.T.);
#3380 = VERTEX_POINT('',#3381);
#3381 = CARTESIAN_POINT('',(26.456708382058,-7.089053645358,
    33.333333333333));
#3382 = SURFACE_CURVE('',#3383,(#3388,#3398),.PCURVE_S1.);
#3383 = HYPERBOLA('',#3384,25.005322988392,20.981957297029);
#3384 = AXIS2_PLACEMENT_3D('',#3385,#3386,#3387);
#3385 = CARTESIAN_POINT('',(19.016111285568,8.867358320788,
    0.691202432178));
#3386 = DIRECTION('',(0.906307787037,0.422618261741,0.));
#3387 = DIRECTION('',(0.,-0.,1.));
#3388 = PCURVE('',#1906,#3389);
#3389 = DEFINITIONAL_REPRESENTATION('',(#3390),#3397);
#3390 = B_SPLINE_CURVE_WITH_KNOTS('',5,(#3391,#3392,#3393,#3394,#3395,
    #3396),.UNSPECIFIED.,.F.,.F.,(6,6),(0.762909652067,0.929085588136),
  .PIECEWISE_BEZIER_KNOTS.);
#3391 = CARTESIAN_POINT('',(6.02138591938,-4.767014370377));
#3392 = CARTESIAN_POINT('',(5.995926288899,-4.069675091498));
#3393 = CARTESIAN_POINT('',(5.971146530337,-3.327266123491));
#3394 = CARTESIAN_POINT('',(5.947056824336,-2.538182603032));
#3395 = CARTESIAN_POINT('',(5.923659428456,-1.700612877967));
#3396 = CARTESIAN_POINT('',(5.900950874464,-0.812513397225));
#3397 = ( GEOMETRIC_REPRESENTATION_CONTEXT(2) 
PARAMETRIC_REPRESENTATION_CONTEXT() REPRESENTATION_CONTEXT('2D SPACE',''
  ) );
#3398 = PCURVE('',#3293,#3399);
#3399 = DEFINITIONAL_REPRESENTATION('',(#3400),#3404);
#3400 = ( BOUNDED_CURVE() B_SPLINE_CURVE(2,(#3401,#3402,#3403),
.UNSPECIFIED.,.F.,.F.) B_SPLINE_CURVE_WITH_KNOTS((3,3),(0.762909652067,
0.929085588136),.PIECEWISE_BEZIER_KNOTS.) CURVE() 
GEOMETRIC_REPRESENTATION_ITEM() RATIONAL_B_SPLINE_CURVE((1.,1.0034537915
,1.)) REPRESENTATION_ITEM('') );
#3401 = CARTESIAN_POINT('',(-3.552713678801E-15,-34.33333333333));
#3402 = CARTESIAN_POINT('',(2.270556834366,-36.07268077908));
#3403 = CARTESIAN_POINT('',(4.816185147315,-38.28783430648));
#3404 = ( GEOMETRIC_REPRESENTATION_CONTEXT(2) 
PARAMETRIC_REPRESENTATION_CONTEXT() REPRESENTATION_CONTEXT('2D SPACE',''
  ) );
#3405 = ORIENTED_EDGE('',*,*,#3406,.F.);
#3406 = EDGE_CURVE('',#437,#3380,#3407,.T.);
#3407 = SURFACE_CURVE('',#3408,(#3413,#3420),.PCURVE_S1.);
#3408 = CIRCLE('',#3409,27.39);
#3409 = AXIS2_PLACEMENT_3D('',#3410,#3411,#3412);
#3410 = CARTESIAN_POINT('',(0.,0.,33.333333333333));
#3411 = DIRECTION('',(0.,0.,1.));
#3412 = DIRECTION('',(1.,0.,-0.));
#3413 = PCURVE('',#1906,#3414);
#3414 = DEFINITIONAL_REPRESENTATION('',(#3415),#3419);
#3415 = LINE('',#3416,#3417);
#3416 = CARTESIAN_POINT('',(0.,-4.767014370377));
#3417 = VECTOR('',#3418,1.);
#3418 = DIRECTION('',(1.,-0.));
#3419 = ( GEOMETRIC_REPRESENTATION_CONTEXT(2) 
PARAMETRIC_REPRESENTATION_CONTEXT() REPRESENTATION_CONTEXT('2D SPACE',''
  ) );
#3420 = PCURVE('',#2054,#3421);
#3421 = DEFINITIONAL_REPRESENTATION('',(#3422),#3426);
#3422 = LINE('',#3423,#3424);
#3423 = CARTESIAN_POINT('',(-0.,0.));
#3424 = VECTOR('',#3425,1.);
#3425 = DIRECTION('',(-1.,0.));
#3426 = ( GEOMETRIC_REPRESENTATION_CONTEXT(2) 
PARAMETRIC_REPRESENTATION_CONTEXT() REPRESENTATION_CONTEXT('2D SPACE',''
  ) );
#3427 = ORIENTED_EDGE('',*,*,#1889,.F.);
#3428 = ORIENTED_EDGE('',*,*,#3332,.T.);
#3429 = ADVANCED_FACE('',(#3430),#2054,.F.);
#3430 = FACE_BOUND('',#3431,.T.);
#3431 = EDGE_LOOP('',(#3432,#3433,#3465,#3487));
#3432 = ORIENTED_EDGE('',*,*,#3406,.T.);
#3433 = ORIENTED_EDGE('',*,*,#3434,.F.);
#3434 = EDGE_CURVE('',#3435,#3380,#3437,.T.);
#3435 = VERTEX_POINT('',#3436);
#3436 = CARTESIAN_POINT('',(28.307079104948,-11.0571864661,
    29.758072555551));
#3437 = SURFACE_CURVE('',#3438,(#3443,#3453),.PCURVE_S1.);
#3438 = HYPERBOLA('',#3439,25.005322988392,20.981957297029);
#3439 = AXIS2_PLACEMENT_3D('',#3440,#3441,#3442);
#3440 = CARTESIAN_POINT('',(19.016111285568,8.867358320788,
    65.975464234489));
#3441 = DIRECTION('',(0.906307787037,0.422618261741,0.));
#3442 = DIRECTION('',(0.,0.,-1.));
#3443 = PCURVE('',#2054,#3444);
#3444 = DEFINITIONAL_REPRESENTATION('',(#3445),#3452);
#3445 = B_SPLINE_CURVE_WITH_KNOTS('',5,(#3446,#3447,#3448,#3449,#3450,
    #3451),.UNSPECIFIED.,.F.,.F.,(6,6),(-0.929085588136,-0.762909652067)
  ,.PIECEWISE_BEZIER_KNOTS.);
#3446 = CARTESIAN_POINT('',(-5.900950874464,3.954500973152));
#3447 = CARTESIAN_POINT('',(-5.923659428456,3.066401492409));
#3448 = CARTESIAN_POINT('',(-5.947056824336,2.228831767345));
#3449 = CARTESIAN_POINT('',(-5.971146530337,1.439748246886));
#3450 = CARTESIAN_POINT('',(-5.995926288899,0.697339278879));
#3451 = CARTESIAN_POINT('',(-6.02138591938,-2.420265947339E-15));
#3452 = ( GEOMETRIC_REPRESENTATION_CONTEXT(2) 
PARAMETRIC_REPRESENTATION_CONTEXT() REPRESENTATION_CONTEXT('2D SPACE',''
  ) );
#3453 = PCURVE('',#3454,#3459);
#3454 = PLANE('',#3455);
#3455 = AXIS2_PLACEMENT_3D('',#3456,#3457,#3458);
#3456 = CARTESIAN_POINT('',(26.456708382058,-7.089053645358,-1.));
#3457 = DIRECTION('',(0.906307787037,0.422618261741,0.));
#3458 = DIRECTION('',(0.422618261741,-0.906307787037,0.));
#3459 = DEFINITIONAL_REPRESENTATION('',(#3460),#3464);
#3460 = ( BOUNDED_CURVE() B_SPLINE_CURVE(2,(#3461,#3462,#3463),
.UNSPECIFIED.,.F.,.F.) B_SPLINE_CURVE_WITH_KNOTS((3,3),(-0.929085588136,
-0.762909652067),.PIECEWISE_BEZIER_KNOTS.) CURVE() 
GEOMETRIC_REPRESENTATION_ITEM() RATIONAL_B_SPLINE_CURVE((1.,1.0034537915
,1.)) REPRESENTATION_ITEM('') );
#3461 = CARTESIAN_POINT('',(4.816185147315,-30.37883236018));
#3462 = CARTESIAN_POINT('',(2.270556834366,-32.59398588758));
#3463 = CARTESIAN_POINT('',(-3.552713678801E-15,-34.33333333333));
#3464 = ( GEOMETRIC_REPRESENTATION_CONTEXT(2) 
PARAMETRIC_REPRESENTATION_CONTEXT() REPRESENTATION_CONTEXT('2D SPACE',''
  ) );
#3465 = ORIENTED_EDGE('',*,*,#3466,.F.);
#3466 = EDGE_CURVE('',#2014,#3435,#3467,.T.);
#3467 = SURFACE_CURVE('',#3468,(#3473,#3480),.PCURVE_S1.);
#3468 = CIRCLE('',#3469,30.39);
#3469 = AXIS2_PLACEMENT_3D('',#3470,#3471,#3472);
#3470 = CARTESIAN_POINT('',(0.,0.,29.758072555551));
#3471 = DIRECTION('',(0.,0.,1.));
#3472 = DIRECTION('',(0.,-1.,0.));
#3473 = PCURVE('',#2054,#3474);
#3474 = DEFINITIONAL_REPRESENTATION('',(#3475),#3479);
#3475 = LINE('',#3476,#3477);
#3476 = CARTESIAN_POINT('',(-4.712388980385,3.575260777783));
#3477 = VECTOR('',#3478,1.);
#3478 = DIRECTION('',(-1.,0.));
#3479 = ( GEOMETRIC_REPRESENTATION_CONTEXT(2) 
PARAMETRIC_REPRESENTATION_CONTEXT() REPRESENTATION_CONTEXT('2D SPACE',''
  ) );
#3480 = PCURVE('',#2028,#3481);
#3481 = DEFINITIONAL_REPRESENTATION('',(#3482),#3486);
#3482 = LINE('',#3483,#3484);
#3483 = CARTESIAN_POINT('',(4.712388980385,30.758072555551));
#3484 = VECTOR('',#3485,1.);
#3485 = DIRECTION('',(1.,0.));
#3486 = ( GEOMETRIC_REPRESENTATION_CONTEXT(2) 
PARAMETRIC_REPRESENTATION_CONTEXT() REPRESENTATION_CONTEXT('2D SPACE',''
  ) );
#3487 = ORIENTED_EDGE('',*,*,#2039,.F.);
#3488 = ADVANCED_FACE('',(#3489),#2028,.F.);
#3489 = FACE_BOUND('',#3490,.F.);
#3490 = EDGE_LOOP('',(#3491,#3492,#3516,#3535));
#3491 = ORIENTED_EDGE('',*,*,#2013,.F.);
#3492 = ORIENTED_EDGE('',*,*,#3493,.T.);
#3493 = EDGE_CURVE('',#1982,#3494,#3496,.T.);
#3494 = VERTEX_POINT('',#3495);
#3495 = CARTESIAN_POINT('',(28.307079104948,-11.0571864661,
    20.241927444449));
#3496 = SURFACE_CURVE('',#3497,(#3502,#3509),.PCURVE_S1.);
#3497 = CIRCLE('',#3498,30.39);
#3498 = AXIS2_PLACEMENT_3D('',#3499,#3500,#3501);
#3499 = CARTESIAN_POINT('',(0.,0.,20.241927444449));
#3500 = DIRECTION('',(0.,0.,1.));
#3501 = DIRECTION('',(0.,-1.,0.));
#3502 = PCURVE('',#2028,#3503);
#3503 = DEFINITIONAL_REPRESENTATION('',(#3504),#3508);
#3504 = LINE('',#3505,#3506);
#3505 = CARTESIAN_POINT('',(4.712388980385,21.241927444449));
#3506 = VECTOR('',#3507,1.);
#3507 = DIRECTION('',(1.,0.));
#3508 = ( GEOMETRIC_REPRESENTATION_CONTEXT(2) 
PARAMETRIC_REPRESENTATION_CONTEXT() REPRESENTATION_CONTEXT('2D SPACE',''
  ) );
#3509 = PCURVE('',#1998,#3510);
#3510 = DEFINITIONAL_REPRESENTATION('',(#3511),#3515);
#3511 = LINE('',#3512,#3513);
#3512 = CARTESIAN_POINT('',(4.712388980385,-1.191753592594));
#3513 = VECTOR('',#3514,1.);
#3514 = DIRECTION('',(1.,-0.));
#3515 = ( GEOMETRIC_REPRESENTATION_CONTEXT(2) 
PARAMETRIC_REPRESENTATION_CONTEXT() REPRESENTATION_CONTEXT('2D SPACE',''
  ) );
#3516 = ORIENTED_EDGE('',*,*,#3517,.T.);
#3517 = EDGE_CURVE('',#3494,#3435,#3518,.T.);
#3518 = SURFACE_CURVE('',#3519,(#3523,#3529),.PCURVE_S1.);
#3519 = LINE('',#3520,#3521);
#3520 = CARTESIAN_POINT('',(28.307079104948,-11.0571864661,-1.));
#3521 = VECTOR('',#3522,1.);
#3522 = DIRECTION('',(0.,0.,1.));
#3523 = PCURVE('',#2028,#3524);
#3524 = DEFINITIONAL_REPRESENTATION('',(#3525),#3528);
#3525 = B_SPLINE_CURVE_WITH_KNOTS('',1,(#3526,#3527),.UNSPECIFIED.,.F.,
  .F.,(2,2),(-5.999999999062E-07,102.0000006),.PIECEWISE_BEZIER_KNOTS.);
#3526 = CARTESIAN_POINT('',(5.910795022916,-5.999999999062E-07));
#3527 = CARTESIAN_POINT('',(5.910795022916,102.0000006));
#3528 = ( GEOMETRIC_REPRESENTATION_CONTEXT(2) 
PARAMETRIC_REPRESENTATION_CONTEXT() REPRESENTATION_CONTEXT('2D SPACE',''
  ) );
#3529 = PCURVE('',#3454,#3530);
#3530 = DEFINITIONAL_REPRESENTATION('',(#3531),#3534);
#3531 = B_SPLINE_CURVE_WITH_KNOTS('',1,(#3532,#3533),.UNSPECIFIED.,.F.,
  .F.,(2,2),(-5.999999999062E-07,102.0000006),.PIECEWISE_BEZIER_KNOTS.);
#3532 = CARTESIAN_POINT('',(4.378350133922,5.999999999062E-07));
#3533 = CARTESIAN_POINT('',(4.378350133922,-102.0000006));
#3534 = ( GEOMETRIC_REPRESENTATION_CONTEXT(2) 
PARAMETRIC_REPRESENTATION_CONTEXT() REPRESENTATION_CONTEXT('2D SPACE',''
  ) );
#3535 = ORIENTED_EDGE('',*,*,#3466,.F.);
#3536 = ADVANCED_FACE('',(#3537),#1998,.F.);
#3537 = FACE_BOUND('',#3538,.T.);
#3538 = EDGE_LOOP('',(#3539,#3564,#3565,#3566));
#3539 = ORIENTED_EDGE('',*,*,#3540,.F.);
#3540 = EDGE_CURVE('',#732,#3494,#3541,.T.);
#3541 = SURFACE_CURVE('',#3542,(#3547,#3557),.PCURVE_S1.);
#3542 = HYPERBOLA('',#3543,25.005322988392,20.981957297029);
#3543 = AXIS2_PLACEMENT_3D('',#3544,#3545,#3546);
#3544 = CARTESIAN_POINT('',(19.016111285568,8.867358320788,
    -15.97546423448));
#3545 = DIRECTION('',(0.906307787037,0.422618261741,0.));
#3546 = DIRECTION('',(0.,-0.,1.));
#3547 = PCURVE('',#1998,#3548);
#3548 = DEFINITIONAL_REPRESENTATION('',(#3549),#3556);
#3549 = B_SPLINE_CURVE_WITH_KNOTS('',5,(#3550,#3551,#3552,#3553,#3554,
    #3555),.UNSPECIFIED.,.F.,.F.,(6,6),(0.762909652067,0.929085588136),
  .PIECEWISE_BEZIER_KNOTS.);
#3550 = CARTESIAN_POINT('',(6.02138591938,-4.767014370377));
#3551 = CARTESIAN_POINT('',(5.995926288899,-4.069675091498));
#3552 = CARTESIAN_POINT('',(5.971146530337,-3.327266123491));
#3553 = CARTESIAN_POINT('',(5.947056824336,-2.538182603032));
#3554 = CARTESIAN_POINT('',(5.923659428456,-1.700612877967));
#3555 = CARTESIAN_POINT('',(5.900950874464,-0.812513397225));
#3556 = ( GEOMETRIC_REPRESENTATION_CONTEXT(2) 
PARAMETRIC_REPRESENTATION_CONTEXT() REPRESENTATION_CONTEXT('2D SPACE',''
  ) );
#3557 = PCURVE('',#3454,#3558);
#3558 = DEFINITIONAL_REPRESENTATION('',(#3559),#3563);
#3559 = ( BOUNDED_CURVE() B_SPLINE_CURVE(2,(#3560,#3561,#3562),
.UNSPECIFIED.,.F.,.F.) B_SPLINE_CURVE_WITH_KNOTS((3,3),(0.762909652067,
0.929085588136),.PIECEWISE_BEZIER_KNOTS.) CURVE() 
GEOMETRIC_REPRESENTATION_ITEM() RATIONAL_B_SPLINE_CURVE((1.,1.0034537915
,1.)) REPRESENTATION_ITEM('') );
#3560 = CARTESIAN_POINT('',(-3.552713678801E-15,-17.66666666666));
#3561 = CARTESIAN_POINT('',(2.270556834366,-19.40601411241));
#3562 = CARTESIAN_POINT('',(4.816185147315,-21.62116763981));
#3563 = ( GEOMETRIC_REPRESENTATION_CONTEXT(2) 
PARAMETRIC_REPRESENTATION_CONTEXT() REPRESENTATION_CONTEXT('2D SPACE',''
  ) );
#3564 = ORIENTED_EDGE('',*,*,#2072,.F.);
#3565 = ORIENTED_EDGE('',*,*,#1981,.F.);
#3566 = ORIENTED_EDGE('',*,*,#3493,.T.);
#3567 = ADVANCED_FACE('',(#3568),#2117,.F.);
#3568 = FACE_BOUND('',#3569,.T.);
#3569 = EDGE_LOOP('',(#3570,#3571,#3603,#3632));
#3570 = ORIENTED_EDGE('',*,*,#2102,.T.);
#3571 = ORIENTED_EDGE('',*,*,#3572,.F.);
#3572 = EDGE_CURVE('',#3573,#732,#3575,.T.);
#3573 = VERTEX_POINT('',#3574);
#3574 = CARTESIAN_POINT('',(30.043242844873,-4.577735178446,
    20.241927444449));
#3575 = SURFACE_CURVE('',#3576,(#3581,#3591),.PCURVE_S1.);
#3576 = HYPERBOLA('',#3577,25.005322988392,20.981957297029);
#3577 = AXIS2_PLACEMENT_3D('',#3578,#3579,#3580);
#3578 = CARTESIAN_POINT('',(12.0347562941,-17.18741321304,
    -15.97546423448));
#3579 = DIRECTION('',(0.573576436351,-0.819152044289,0.));
#3580 = DIRECTION('',(-0.,0.,1.));
#3581 = PCURVE('',#2117,#3582);
#3582 = DEFINITIONAL_REPRESENTATION('',(#3583),#3590);
#3583 = B_SPLINE_CURVE_WITH_KNOTS('',5,(#3584,#3585,#3586,#3587,#3588,
    #3589),.UNSPECIFIED.,.F.,.F.,(6,6),(-0.914753173669,-0.762909652067)
  ,.PIECEWISE_BEZIER_KNOTS.);
#3584 = CARTESIAN_POINT('',(6.131976815875,-1.191753593476));
#3585 = CARTESIAN_POINT('',(6.111009561692,-1.987409755799));
#3586 = CARTESIAN_POINT('',(6.089466523137,-2.741313682564));
#3587 = CARTESIAN_POINT('',(6.067345820193,-3.454994083071));
#3588 = CARTESIAN_POINT('',(6.04464969657,-4.129819513157));
#3589 = CARTESIAN_POINT('',(6.02138591938,-4.767014370377));
#3590 = ( GEOMETRIC_REPRESENTATION_CONTEXT(2) 
PARAMETRIC_REPRESENTATION_CONTEXT() REPRESENTATION_CONTEXT('2D SPACE',''
  ) );
#3591 = PCURVE('',#3592,#3597);
#3592 = PLANE('',#3593);
#3593 = AXIS2_PLACEMENT_3D('',#3594,#3595,#3596);
#3594 = CARTESIAN_POINT('',(31.554205794545,-3.51974753113,-1.));
#3595 = DIRECTION('',(0.573576436351,-0.819152044289,0.));
#3596 = DIRECTION('',(-0.819152044289,-0.573576436351,0.));
#3597 = DEFINITIONAL_REPRESENTATION('',(#3598),#3602);
#3598 = ( BOUNDED_CURVE() B_SPLINE_CURVE(2,(#3599,#3600,#3601),
.UNSPECIFIED.,.F.,.F.) B_SPLINE_CURVE_WITH_KNOTS((3,3),(-0.929085588136,
-0.762909652067),.PIECEWISE_BEZIER_KNOTS.) CURVE() 
GEOMETRIC_REPRESENTATION_ITEM() RATIONAL_B_SPLINE_CURVE((1.,1.0034537915
,1.)) REPRESENTATION_ITEM('') );
#3599 = CARTESIAN_POINT('',(1.406710160127,-21.62116763981));
#3600 = CARTESIAN_POINT('',(3.952338473076,-19.40601411241));
#3601 = CARTESIAN_POINT('',(6.222895307442,-17.66666666666));
#3602 = ( GEOMETRIC_REPRESENTATION_CONTEXT(2) 
PARAMETRIC_REPRESENTATION_CONTEXT() REPRESENTATION_CONTEXT('2D SPACE',''
  ) );
#3603 = ORIENTED_EDGE('',*,*,#3604,.F.);
#3604 = EDGE_CURVE('',#3605,#3573,#3607,.T.);
#3605 = VERTEX_POINT('',#3606);
#3606 = CARTESIAN_POINT('',(30.043242844873,4.577735178446,
    20.241927444449));
#3607 = SURFACE_CURVE('',#3608,(#3613,#3620),.PCURVE_S1.);
#3608 = CIRCLE('',#3609,30.39);
#3609 = AXIS2_PLACEMENT_3D('',#3610,#3611,#3612);
#3610 = CARTESIAN_POINT('',(0.,0.,20.241927444449));
#3611 = DIRECTION('',(0.,0.,-1.));
#3612 = DIRECTION('',(0.988589761266,0.150632944338,0.));
#3613 = PCURVE('',#2117,#3614);
#3614 = DEFINITIONAL_REPRESENTATION('',(#3615),#3619);
#3615 = LINE('',#3616,#3617);
#3616 = CARTESIAN_POINT('',(6.434393798514,-1.191753592594));
#3617 = VECTOR('',#3618,1.);
#3618 = DIRECTION('',(-1.,-0.));
#3619 = ( GEOMETRIC_REPRESENTATION_CONTEXT(2) 
PARAMETRIC_REPRESENTATION_CONTEXT() REPRESENTATION_CONTEXT('2D SPACE',''
  ) );
#3620 = PCURVE('',#3621,#3626);
#3621 = CYLINDRICAL_SURFACE('',#3622,30.39);
#3622 = AXIS2_PLACEMENT_3D('',#3623,#3624,#3625);
#3623 = CARTESIAN_POINT('',(0.,0.,-1.));
#3624 = DIRECTION('',(0.,0.,1.));
#3625 = DIRECTION('',(1.,0.,-0.));
#3626 = DEFINITIONAL_REPRESENTATION('',(#3627),#3631);
#3627 = LINE('',#3628,#3629);
#3628 = CARTESIAN_POINT('',(6.434393798514,21.241927444449));
#3629 = VECTOR('',#3630,1.);
#3630 = DIRECTION('',(-1.,-0.));
#3631 = ( GEOMETRIC_REPRESENTATION_CONTEXT(2) 
PARAMETRIC_REPRESENTATION_CONTEXT() REPRESENTATION_CONTEXT('2D SPACE',''
  ) );
#3632 = ORIENTED_EDGE('',*,*,#3633,.F.);
#3633 = EDGE_CURVE('',#889,#3605,#3634,.T.);
#3634 = SURFACE_CURVE('',#3635,(#3640,#3650),.PCURVE_S1.);
#3635 = HYPERBOLA('',#3636,25.005322988392,20.981957297029);
#3636 = AXIS2_PLACEMENT_3D('',#3637,#3638,#3639);
#3637 = CARTESIAN_POINT('',(12.0347562941,17.187413213045,
    -15.97546423448));
#3638 = DIRECTION('',(0.573576436351,0.819152044289,0.));
#3639 = DIRECTION('',(0.,-0.,1.));
#3640 = PCURVE('',#2117,#3641);
#3641 = DEFINITIONAL_REPRESENTATION('',(#3642),#3649);
#3642 = B_SPLINE_CURVE_WITH_KNOTS('',5,(#3643,#3644,#3645,#3646,#3647,
    #3648),.UNSPECIFIED.,.F.,.F.,(6,6),(0.762909652067,0.914753173669),
  .PIECEWISE_BEZIER_KNOTS.);
#3643 = CARTESIAN_POINT('',(6.544984694979,-4.767014370377));
#3644 = CARTESIAN_POINT('',(6.521720917789,-4.129819513157));
#3645 = CARTESIAN_POINT('',(6.499024794166,-3.454994083071));
#3646 = CARTESIAN_POINT('',(6.476904091222,-2.741313682564));
#3647 = CARTESIAN_POINT('',(6.455361052667,-1.987409755799));
#3648 = CARTESIAN_POINT('',(6.434393798484,-1.191753593476));
#3649 = ( GEOMETRIC_REPRESENTATION_CONTEXT(2) 
PARAMETRIC_REPRESENTATION_CONTEXT() REPRESENTATION_CONTEXT('2D SPACE',''
  ) );
#3650 = PCURVE('',#3651,#3656);
#3651 = PLANE('',#3652);
#3652 = AXIS2_PLACEMENT_3D('',#3653,#3654,#3655);
#3653 = CARTESIAN_POINT('',(26.456708382058,7.089053645358,-1.));
#3654 = DIRECTION('',(0.573576436351,0.819152044289,0.));
#3655 = DIRECTION('',(0.819152044289,-0.573576436351,0.));
#3656 = DEFINITIONAL_REPRESENTATION('',(#3657),#3661);
#3657 = ( BOUNDED_CURVE() B_SPLINE_CURVE(2,(#3658,#3659,#3660),
.UNSPECIFIED.,.F.,.F.) B_SPLINE_CURVE_WITH_KNOTS((3,3),(0.762909652067,
0.929085588136),.PIECEWISE_BEZIER_KNOTS.) CURVE() 
GEOMETRIC_REPRESENTATION_ITEM() RATIONAL_B_SPLINE_CURVE((1.,1.0034537915
,1.)) REPRESENTATION_ITEM('') );
#3658 = CARTESIAN_POINT('',(-7.105427357601E-15,-17.66666666666));
#3659 = CARTESIAN_POINT('',(2.270556834366,-19.40601411241));
#3660 = CARTESIAN_POINT('',(4.816185147315,-21.62116763981));
#3661 = ( GEOMETRIC_REPRESENTATION_CONTEXT(2) 
PARAMETRIC_REPRESENTATION_CONTEXT() REPRESENTATION_CONTEXT('2D SPACE',''
  ) );
#3662 = ADVANCED_FACE('',(#3663),#2149,.F.);
#3663 = FACE_BOUND('',#3664,.T.);
#3664 = EDGE_LOOP('',(#3665,#3666,#3698,#3720));
#3665 = ORIENTED_EDGE('',*,*,#2134,.F.);
#3666 = ORIENTED_EDGE('',*,*,#3667,.F.);
#3667 = EDGE_CURVE('',#3668,#889,#3670,.T.);
#3668 = VERTEX_POINT('',#3669);
#3669 = CARTESIAN_POINT('',(28.307079104948,11.057186466105,
    20.241927444449));
#3670 = SURFACE_CURVE('',#3671,(#3676,#3686),.PCURVE_S1.);
#3671 = HYPERBOLA('',#3672,25.005322988392,20.981957297029);
#3672 = AXIS2_PLACEMENT_3D('',#3673,#3674,#3675);
#3673 = CARTESIAN_POINT('',(19.016111285568,-8.867358320788,
    -15.97546423448));
#3674 = DIRECTION('',(0.906307787037,-0.422618261741,0.));
#3675 = DIRECTION('',(-0.,0.,1.));
#3676 = PCURVE('',#2149,#3677);
#3677 = DEFINITIONAL_REPRESENTATION('',(#3678),#3685);
#3678 = B_SPLINE_CURVE_WITH_KNOTS('',5,(#3679,#3680,#3681,#3682,#3683,
    #3684),.UNSPECIFIED.,.F.,.F.,(6,6),(-0.929085588136,-0.762909652067)
  ,.PIECEWISE_BEZIER_KNOTS.);
#3679 = CARTESIAN_POINT('',(0.382234432716,-0.812513397225));
#3680 = CARTESIAN_POINT('',(0.359525878723,-1.700612877967));
#3681 = CARTESIAN_POINT('',(0.336128482844,-2.538182603031));
#3682 = CARTESIAN_POINT('',(0.312038776843,-3.327266123491));
#3683 = CARTESIAN_POINT('',(0.28725901828,-4.069675091498));
#3684 = CARTESIAN_POINT('',(0.261799387799,-4.767014370377));
#3685 = ( GEOMETRIC_REPRESENTATION_CONTEXT(2) 
PARAMETRIC_REPRESENTATION_CONTEXT() REPRESENTATION_CONTEXT('2D SPACE',''
  ) );
#3686 = PCURVE('',#3687,#3692);
#3687 = PLANE('',#3688);
#3688 = AXIS2_PLACEMENT_3D('',#3689,#3690,#3691);
#3689 = CARTESIAN_POINT('',(29.086617579883,12.728912120406,-1.));
#3690 = DIRECTION('',(0.906307787037,-0.422618261741,0.));
#3691 = DIRECTION('',(-0.422618261741,-0.906307787037,0.));
#3692 = DEFINITIONAL_REPRESENTATION('',(#3693),#3697);
#3693 = ( BOUNDED_CURVE() B_SPLINE_CURVE(2,(#3694,#3695,#3696),
.UNSPECIFIED.,.F.,.F.) B_SPLINE_CURVE_WITH_KNOTS((3,3),(-0.929085588136,
-0.762909652067),.PIECEWISE_BEZIER_KNOTS.) CURVE() 
GEOMETRIC_REPRESENTATION_ITEM() RATIONAL_B_SPLINE_CURVE((1.,1.0034537915
,1.)) REPRESENTATION_ITEM('') );
#3694 = CARTESIAN_POINT('',(1.406710160127,-21.62116763981));
#3695 = CARTESIAN_POINT('',(3.952338473076,-19.40601411241));
#3696 = CARTESIAN_POINT('',(6.222895307442,-17.66666666666));
#3697 = ( GEOMETRIC_REPRESENTATION_CONTEXT(2) 
PARAMETRIC_REPRESENTATION_CONTEXT() REPRESENTATION_CONTEXT('2D SPACE',''
  ) );
#3698 = ORIENTED_EDGE('',*,*,#3699,.T.);
#3699 = EDGE_CURVE('',#3668,#2167,#3700,.T.);
#3700 = SURFACE_CURVE('',#3701,(#3706,#3713),.PCURVE_S1.);
#3701 = CIRCLE('',#3702,30.39);
#3702 = AXIS2_PLACEMENT_3D('',#3703,#3704,#3705);
#3703 = CARTESIAN_POINT('',(0.,0.,20.241927444449));
#3704 = DIRECTION('',(0.,0.,1.));
#3705 = DIRECTION('',(0.,-1.,0.));
#3706 = PCURVE('',#2149,#3707);
#3707 = DEFINITIONAL_REPRESENTATION('',(#3708),#3712);
#3708 = LINE('',#3709,#3710);
#3709 = CARTESIAN_POINT('',(-1.570796326795,-1.191753592594));
#3710 = VECTOR('',#3711,1.);
#3711 = DIRECTION('',(1.,-0.));
#3712 = ( GEOMETRIC_REPRESENTATION_CONTEXT(2) 
PARAMETRIC_REPRESENTATION_CONTEXT() REPRESENTATION_CONTEXT('2D SPACE',''
  ) );
#3713 = PCURVE('',#2239,#3714);
#3714 = DEFINITIONAL_REPRESENTATION('',(#3715),#3719);
#3715 = LINE('',#3716,#3717);
#3716 = CARTESIAN_POINT('',(4.712388980385,21.241927444449));
#3717 = VECTOR('',#3718,1.);
#3718 = DIRECTION('',(1.,0.));
#3719 = ( GEOMETRIC_REPRESENTATION_CONTEXT(2) 
PARAMETRIC_REPRESENTATION_CONTEXT() REPRESENTATION_CONTEXT('2D SPACE',''
  ) );
#3720 = ORIENTED_EDGE('',*,*,#2166,.F.);
#3721 = ADVANCED_FACE('',(#3722),#2239,.F.);
#3722 = FACE_BOUND('',#3723,.F.);
#3723 = EDGE_LOOP('',(#3724,#3745,#3746,#3747));
#3724 = ORIENTED_EDGE('',*,*,#3725,.F.);
#3725 = EDGE_CURVE('',#3668,#3726,#3728,.T.);
#3726 = VERTEX_POINT('',#3727);
#3727 = CARTESIAN_POINT('',(28.307079104948,11.057186466105,
    29.758072555551));
#3728 = SURFACE_CURVE('',#3729,(#3733,#3739),.PCURVE_S1.);
#3729 = LINE('',#3730,#3731);
#3730 = CARTESIAN_POINT('',(28.307079104948,11.057186466105,-1.));
#3731 = VECTOR('',#3732,1.);
#3732 = DIRECTION('',(0.,0.,1.));
#3733 = PCURVE('',#2239,#3734);
#3734 = DEFINITIONAL_REPRESENTATION('',(#3735),#3738);
#3735 = B_SPLINE_CURVE_WITH_KNOTS('',1,(#3736,#3737),.UNSPECIFIED.,.F.,
  .F.,(2,2),(-5.999999999062E-07,102.0000006),.PIECEWISE_BEZIER_KNOTS.);
#3736 = CARTESIAN_POINT('',(6.655575591444,-5.999999999062E-07));
#3737 = CARTESIAN_POINT('',(6.655575591444,102.0000006));
#3738 = ( GEOMETRIC_REPRESENTATION_CONTEXT(2) 
PARAMETRIC_REPRESENTATION_CONTEXT() REPRESENTATION_CONTEXT('2D SPACE',''
  ) );
#3739 = PCURVE('',#3687,#3740);
#3740 = DEFINITIONAL_REPRESENTATION('',(#3741),#3744);
#3741 = B_SPLINE_CURVE_WITH_KNOTS('',1,(#3742,#3743),.UNSPECIFIED.,.F.,
  .F.,(2,2),(-5.999999999062E-07,102.0000006),.PIECEWISE_BEZIER_KNOTS.);
#3742 = CARTESIAN_POINT('',(1.844545173519,5.999999999062E-07));
#3743 = CARTESIAN_POINT('',(1.844545173519,-102.0000006));
#3744 = ( GEOMETRIC_REPRESENTATION_CONTEXT(2) 
PARAMETRIC_REPRESENTATION_CONTEXT() REPRESENTATION_CONTEXT('2D SPACE',''
  ) );
#3745 = ORIENTED_EDGE('',*,*,#3699,.T.);
#3746 = ORIENTED_EDGE('',*,*,#2226,.T.);
#3747 = ORIENTED_EDGE('',*,*,#3748,.F.);
#3748 = EDGE_CURVE('',#3726,#2195,#3749,.T.);
#3749 = SURFACE_CURVE('',#3750,(#3755,#3762),.PCURVE_S1.);
#3750 = CIRCLE('',#3751,30.39);
#3751 = AXIS2_PLACEMENT_3D('',#3752,#3753,#3754);
#3752 = CARTESIAN_POINT('',(0.,0.,29.758072555551));
#3753 = DIRECTION('',(0.,0.,1.));
#3754 = DIRECTION('',(0.,-1.,0.));
#3755 = PCURVE('',#2239,#3756);
#3756 = DEFINITIONAL_REPRESENTATION('',(#3757),#3761);
#3757 = LINE('',#3758,#3759);
#3758 = CARTESIAN_POINT('',(4.712388980385,30.758072555551));
#3759 = VECTOR('',#3760,1.);
#3760 = DIRECTION('',(1.,0.));
#3761 = ( GEOMETRIC_REPRESENTATION_CONTEXT(2) 
PARAMETRIC_REPRESENTATION_CONTEXT() REPRESENTATION_CONTEXT('2D SPACE',''
  ) );
#3762 = PCURVE('',#2211,#3763);
#3763 = DEFINITIONAL_REPRESENTATION('',(#3764),#3768);
#3764 = LINE('',#3765,#3766);
#3765 = CARTESIAN_POINT('',(1.570796326795,3.575260777783));
#3766 = VECTOR('',#3767,1.);
#3767 = DIRECTION('',(-1.,0.));
#3768 = ( GEOMETRIC_REPRESENTATION_CONTEXT(2) 
PARAMETRIC_REPRESENTATION_CONTEXT() REPRESENTATION_CONTEXT('2D SPACE',''
  ) );
#3769 = ADVANCED_FACE('',(#3770),#2211,.F.);
#3770 = FACE_BOUND('',#3771,.T.);
#3771 = EDGE_LOOP('',(#3772,#3799,#3821,#3822));
#3772 = ORIENTED_EDGE('',*,*,#3773,.F.);
#3773 = EDGE_CURVE('',#3774,#3726,#3776,.T.);
#3774 = VERTEX_POINT('',#3775);
#3775 = CARTESIAN_POINT('',(26.456708382058,7.089053645358,
    33.333333333333));
#3776 = SURFACE_CURVE('',#3777,(#3782,#3792),.PCURVE_S1.);
#3777 = HYPERBOLA('',#3778,25.005322988392,20.981957297029);
#3778 = AXIS2_PLACEMENT_3D('',#3779,#3780,#3781);
#3779 = CARTESIAN_POINT('',(19.016111285568,-8.867358320788,
    65.975464234489));
#3780 = DIRECTION('',(0.906307787037,-0.422618261741,0.));
#3781 = DIRECTION('',(0.,-0.,-1.));
#3782 = PCURVE('',#2211,#3783);
#3783 = DEFINITIONAL_REPRESENTATION('',(#3784),#3791);
#3784 = B_SPLINE_CURVE_WITH_KNOTS('',5,(#3785,#3786,#3787,#3788,#3789,
    #3790),.UNSPECIFIED.,.F.,.F.,(6,6),(0.762909652067,0.929085588136),
  .PIECEWISE_BEZIER_KNOTS.);
#3785 = CARTESIAN_POINT('',(-0.261799387799,3.498739975115E-15));
#3786 = CARTESIAN_POINT('',(-0.28725901828,0.697339278879));
#3787 = CARTESIAN_POINT('',(-0.312038776843,1.439748246886));
#3788 = CARTESIAN_POINT('',(-0.336128482844,2.228831767345));
#3789 = CARTESIAN_POINT('',(-0.359525878723,3.066401492409));
#3790 = CARTESIAN_POINT('',(-0.382234432716,3.954500973152));
#3791 = ( GEOMETRIC_REPRESENTATION_CONTEXT(2) 
PARAMETRIC_REPRESENTATION_CONTEXT() REPRESENTATION_CONTEXT('2D SPACE',''
  ) );
#3792 = PCURVE('',#3687,#3793);
#3793 = DEFINITIONAL_REPRESENTATION('',(#3794),#3798);
#3794 = ( BOUNDED_CURVE() B_SPLINE_CURVE(2,(#3795,#3796,#3797),
.UNSPECIFIED.,.F.,.F.) B_SPLINE_CURVE_WITH_KNOTS((3,3),(0.762909652067,
0.929085588136),.PIECEWISE_BEZIER_KNOTS.) CURVE() 
GEOMETRIC_REPRESENTATION_ITEM() RATIONAL_B_SPLINE_CURVE((1.,1.0034537915
,1.)) REPRESENTATION_ITEM('') );
#3795 = CARTESIAN_POINT('',(6.222895307442,-34.33333333333));
#3796 = CARTESIAN_POINT('',(3.952338473076,-32.59398588758));
#3797 = CARTESIAN_POINT('',(1.406710160127,-30.37883236018));
#3798 = ( GEOMETRIC_REPRESENTATION_CONTEXT(2) 
PARAMETRIC_REPRESENTATION_CONTEXT() REPRESENTATION_CONTEXT('2D SPACE',''
  ) );
#3799 = ORIENTED_EDGE('',*,*,#3800,.T.);
#3800 = EDGE_CURVE('',#3774,#1227,#3801,.T.);
#3801 = SURFACE_CURVE('',#3802,(#3807,#3814),.PCURVE_S1.);
#3802 = CIRCLE('',#3803,27.39);
#3803 = AXIS2_PLACEMENT_3D('',#3804,#3805,#3806);
#3804 = CARTESIAN_POINT('',(0.,0.,33.333333333333));
#3805 = DIRECTION('',(0.,0.,1.));
#3806 = DIRECTION('',(1.,0.,-0.));
#3807 = PCURVE('',#2211,#3808);
#3808 = DEFINITIONAL_REPRESENTATION('',(#3809),#3813);
#3809 = LINE('',#3810,#3811);
#3810 = CARTESIAN_POINT('',(-0.,0.));
#3811 = VECTOR('',#3812,1.);
#3812 = DIRECTION('',(-1.,0.));
#3813 = ( GEOMETRIC_REPRESENTATION_CONTEXT(2) 
PARAMETRIC_REPRESENTATION_CONTEXT() REPRESENTATION_CONTEXT('2D SPACE',''
  ) );
#3814 = PCURVE('',#2270,#3815);
#3815 = DEFINITIONAL_REPRESENTATION('',(#3816),#3820);
#3816 = LINE('',#3817,#3818);
#3817 = CARTESIAN_POINT('',(0.,-4.767014370377));
#3818 = VECTOR('',#3819,1.);
#3819 = DIRECTION('',(1.,-0.));
#3820 = ( GEOMETRIC_REPRESENTATION_CONTEXT(2) 
PARAMETRIC_REPRESENTATION_CONTEXT() REPRESENTATION_CONTEXT('2D SPACE',''
  ) );
#3821 = ORIENTED_EDGE('',*,*,#2194,.F.);
#3822 = ORIENTED_EDGE('',*,*,#3748,.F.);
#3823 = ADVANCED_FACE('',(#3824),#2270,.F.);
#3824 = FACE_BOUND('',#3825,.T.);
#3825 = EDGE_LOOP('',(#3826,#3827,#3859,#3881));
#3826 = ORIENTED_EDGE('',*,*,#3800,.F.);
#3827 = ORIENTED_EDGE('',*,*,#3828,.F.);
#3828 = EDGE_CURVE('',#3829,#3774,#3831,.T.);
#3829 = VERTEX_POINT('',#3830);
#3830 = CARTESIAN_POINT('',(28.307079104948,11.057186466105,
    36.908594111116));
#3831 = SURFACE_CURVE('',#3832,(#3837,#3847),.PCURVE_S1.);
#3832 = HYPERBOLA('',#3833,25.005322988392,20.981957297029);
#3833 = AXIS2_PLACEMENT_3D('',#3834,#3835,#3836);
#3834 = CARTESIAN_POINT('',(19.016111285568,-8.867358320788,
    0.691202432178));
#3835 = DIRECTION('',(0.906307787037,-0.422618261741,0.));
#3836 = DIRECTION('',(-0.,0.,1.));
#3837 = PCURVE('',#2270,#3838);
#3838 = DEFINITIONAL_REPRESENTATION('',(#3839),#3846);
#3839 = B_SPLINE_CURVE_WITH_KNOTS('',5,(#3840,#3841,#3842,#3843,#3844,
    #3845),.UNSPECIFIED.,.F.,.F.,(6,6),(-0.929085588136,-0.762909652067)
  ,.PIECEWISE_BEZIER_KNOTS.);
#3840 = CARTESIAN_POINT('',(0.382234432716,-0.812513397225));
#3841 = CARTESIAN_POINT('',(0.359525878723,-1.700612877967));
#3842 = CARTESIAN_POINT('',(0.336128482844,-2.538182603031));
#3843 = CARTESIAN_POINT('',(0.312038776843,-3.327266123491));
#3844 = CARTESIAN_POINT('',(0.28725901828,-4.069675091498));
#3845 = CARTESIAN_POINT('',(0.261799387799,-4.767014370377));
#3846 = ( GEOMETRIC_REPRESENTATION_CONTEXT(2) 
PARAMETRIC_REPRESENTATION_CONTEXT() REPRESENTATION_CONTEXT('2D SPACE',''
  ) );
#3847 = PCURVE('',#3848,#3853);
#3848 = PLANE('',#3849);
#3849 = AXIS2_PLACEMENT_3D('',#3850,#3851,#3852);
#3850 = CARTESIAN_POINT('',(29.086617579883,12.728912120406,-1.));
#3851 = DIRECTION('',(0.906307787037,-0.422618261741,0.));
#3852 = DIRECTION('',(-0.422618261741,-0.906307787037,0.));
#3853 = DEFINITIONAL_REPRESENTATION('',(#3854),#3858);
#3854 = ( BOUNDED_CURVE() B_SPLINE_CURVE(2,(#3855,#3856,#3857),
.UNSPECIFIED.,.F.,.F.) B_SPLINE_CURVE_WITH_KNOTS((3,3),(-0.929085588136,
-0.762909652067),.PIECEWISE_BEZIER_KNOTS.) CURVE() 
GEOMETRIC_REPRESENTATION_ITEM() RATIONAL_B_SPLINE_CURVE((1.,1.0034537915
,1.)) REPRESENTATION_ITEM('') );
#3855 = CARTESIAN_POINT('',(1.406710160127,-38.28783430648));
#3856 = CARTESIAN_POINT('',(3.952338473076,-36.07268077908));
#3857 = CARTESIAN_POINT('',(6.222895307442,-34.33333333333));
#3858 = ( GEOMETRIC_REPRESENTATION_CONTEXT(2) 
PARAMETRIC_REPRESENTATION_CONTEXT() REPRESENTATION_CONTEXT('2D SPACE',''
  ) );
#3859 = ORIENTED_EDGE('',*,*,#3860,.T.);
#3860 = EDGE_CURVE('',#3829,#2254,#3861,.T.);
#3861 = SURFACE_CURVE('',#3862,(#3867,#3874),.PCURVE_S1.);
#3862 = CIRCLE('',#3863,30.39);
#3863 = AXIS2_PLACEMENT_3D('',#3864,#3865,#3866);
#3864 = CARTESIAN_POINT('',(0.,0.,36.908594111116));
#3865 = DIRECTION('',(0.,0.,1.));
#3866 = DIRECTION('',(0.,-1.,0.));
#3867 = PCURVE('',#2270,#3868);
#3868 = DEFINITIONAL_REPRESENTATION('',(#3869),#3873);
#3869 = LINE('',#3870,#3871);
#3870 = CARTESIAN_POINT('',(-1.570796326795,-1.191753592594));
#3871 = VECTOR('',#3872,1.);
#3872 = DIRECTION('',(1.,-0.));
#3873 = ( GEOMETRIC_REPRESENTATION_CONTEXT(2) 
PARAMETRIC_REPRESENTATION_CONTEXT() REPRESENTATION_CONTEXT('2D SPACE',''
  ) );
#3874 = PCURVE('',#2331,#3875);
#3875 = DEFINITIONAL_REPRESENTATION('',(#3876),#3880);
#3876 = LINE('',#3877,#3878);
#3877 = CARTESIAN_POINT('',(4.712388980385,37.908594111116));
#3878 = VECTOR('',#3879,1.);
#3879 = DIRECTION('',(1.,0.));
#3880 = ( GEOMETRIC_REPRESENTATION_CONTEXT(2) 
PARAMETRIC_REPRESENTATION_CONTEXT() REPRESENTATION_CONTEXT('2D SPACE',''
  ) );
#3881 = ORIENTED_EDGE('',*,*,#2253,.F.);
#3882 = ADVANCED_FACE('',(#3883),#2331,.F.);
#3883 = FACE_BOUND('',#3884,.F.);
#3884 = EDGE_LOOP('',(#3885,#3906,#3907,#3908));
#3885 = ORIENTED_EDGE('',*,*,#3886,.F.);
#3886 = EDGE_CURVE('',#3829,#3887,#3889,.T.);
#3887 = VERTEX_POINT('',#3888);
#3888 = CARTESIAN_POINT('',(28.307079104948,11.057186466105,
    46.424739222217));
#3889 = SURFACE_CURVE('',#3890,(#3894,#3900),.PCURVE_S1.);
#3890 = LINE('',#3891,#3892);
#3891 = CARTESIAN_POINT('',(28.307079104948,11.057186466105,-1.));
#3892 = VECTOR('',#3893,1.);
#3893 = DIRECTION('',(0.,0.,1.));
#3894 = PCURVE('',#2331,#3895);
#3895 = DEFINITIONAL_REPRESENTATION('',(#3896),#3899);
#3896 = B_SPLINE_CURVE_WITH_KNOTS('',1,(#3897,#3898),.UNSPECIFIED.,.F.,
  .F.,(2,2),(-5.999999999062E-07,102.0000006),.PIECEWISE_BEZIER_KNOTS.);
#3897 = CARTESIAN_POINT('',(6.655575591444,-5.999999999062E-07));
#3898 = CARTESIAN_POINT('',(6.655575591444,102.0000006));
#3899 = ( GEOMETRIC_REPRESENTATION_CONTEXT(2) 
PARAMETRIC_REPRESENTATION_CONTEXT() REPRESENTATION_CONTEXT('2D SPACE',''
  ) );
#3900 = PCURVE('',#3848,#3901);
#3901 = DEFINITIONAL_REPRESENTATION('',(#3902),#3905);
#3902 = B_SPLINE_CURVE_WITH_KNOTS('',1,(#3903,#3904),.UNSPECIFIED.,.F.,
  .F.,(2,2),(-5.999999999062E-07,102.0000006),.PIECEWISE_BEZIER_KNOTS.);
#3903 = CARTESIAN_POINT('',(1.844545173519,5.999999999062E-07));
#3904 = CARTESIAN_POINT('',(1.844545173519,-102.0000006));
#3905 = ( GEOMETRIC_REPRESENTATION_CONTEXT(2) 
PARAMETRIC_REPRESENTATION_CONTEXT() REPRESENTATION_CONTEXT('2D SPACE',''
  ) );
#3906 = ORIENTED_EDGE('',*,*,#3860,.T.);
#3907 = ORIENTED_EDGE('',*,*,#2318,.T.);
#3908 = ORIENTED_EDGE('',*,*,#3909,.F.);
#3909 = EDGE_CURVE('',#3887,#2287,#3910,.T.);
#3910 = SURFACE_CURVE('',#3911,(#3916,#3923),.PCURVE_S1.);
#3911 = CIRCLE('',#3912,30.39);
#3912 = AXIS2_PLACEMENT_3D('',#3913,#3914,#3915);
#3913 = CARTESIAN_POINT('',(0.,0.,46.424739222217));
#3914 = DIRECTION('',(0.,0.,1.));
#3915 = DIRECTION('',(0.,-1.,0.));
#3916 = PCURVE('',#2331,#3917);
#3917 = DEFINITIONAL_REPRESENTATION('',(#3918),#3922);
#3918 = LINE('',#3919,#3920);
#3919 = CARTESIAN_POINT('',(4.712388980385,47.424739222217));
#3920 = VECTOR('',#3921,1.);
#3921 = DIRECTION('',(1.,0.));
#3922 = ( GEOMETRIC_REPRESENTATION_CONTEXT(2) 
PARAMETRIC_REPRESENTATION_CONTEXT() REPRESENTATION_CONTEXT('2D SPACE',''
  ) );
#3923 = PCURVE('',#2303,#3924);
#3924 = DEFINITIONAL_REPRESENTATION('',(#3925),#3929);
#3925 = LINE('',#3926,#3927);
#3926 = CARTESIAN_POINT('',(1.570796326795,3.575260777783));
#3927 = VECTOR('',#3928,1.);
#3928 = DIRECTION('',(-1.,0.));
#3929 = ( GEOMETRIC_REPRESENTATION_CONTEXT(2) 
PARAMETRIC_REPRESENTATION_CONTEXT() REPRESENTATION_CONTEXT('2D SPACE',''
  ) );
#3930 = ADVANCED_FACE('',(#3931),#2303,.F.);
#3931 = FACE_BOUND('',#3932,.T.);
#3932 = EDGE_LOOP('',(#3933,#3960,#3982,#3983));
#3933 = ORIENTED_EDGE('',*,*,#3934,.F.);
#3934 = EDGE_CURVE('',#3935,#3887,#3937,.T.);
#3935 = VERTEX_POINT('',#3936);
#3936 = CARTESIAN_POINT('',(26.456708382058,7.089053645358,50.));
#3937 = SURFACE_CURVE('',#3938,(#3943,#3953),.PCURVE_S1.);
#3938 = HYPERBOLA('',#3939,25.005322988392,20.981957297029);
#3939 = AXIS2_PLACEMENT_3D('',#3940,#3941,#3942);
#3940 = CARTESIAN_POINT('',(19.016111285568,-8.867358320788,
    82.642130901155));
#3941 = DIRECTION('',(0.906307787037,-0.422618261741,0.));
#3942 = DIRECTION('',(0.,-0.,-1.));
#3943 = PCURVE('',#2303,#3944);
#3944 = DEFINITIONAL_REPRESENTATION('',(#3945),#3952);
#3945 = B_SPLINE_CURVE_WITH_KNOTS('',5,(#3946,#3947,#3948,#3949,#3950,
    #3951),.UNSPECIFIED.,.F.,.F.,(6,6),(0.762909652067,0.929085588136),
  .PIECEWISE_BEZIER_KNOTS.);
#3946 = CARTESIAN_POINT('',(-0.261799387799,7.668375910012E-15));
#3947 = CARTESIAN_POINT('',(-0.28725901828,0.697339278879));
#3948 = CARTESIAN_POINT('',(-0.312038776843,1.439748246886));
#3949 = CARTESIAN_POINT('',(-0.336128482844,2.228831767345));
#3950 = CARTESIAN_POINT('',(-0.359525878723,3.066401492409));
#3951 = CARTESIAN_POINT('',(-0.382234432716,3.954500973152));
#3952 = ( GEOMETRIC_REPRESENTATION_CONTEXT(2) 
PARAMETRIC_REPRESENTATION_CONTEXT() REPRESENTATION_CONTEXT('2D SPACE',''
  ) );
#3953 = PCURVE('',#3848,#3954);
#3954 = DEFINITIONAL_REPRESENTATION('',(#3955),#3959);
#3955 = ( BOUNDED_CURVE() B_SPLINE_CURVE(2,(#3956,#3957,#3958),
.UNSPECIFIED.,.F.,.F.) B_SPLINE_CURVE_WITH_KNOTS((3,3),(0.762909652067,
0.929085588136),.PIECEWISE_BEZIER_KNOTS.) CURVE() 
GEOMETRIC_REPRESENTATION_ITEM() RATIONAL_B_SPLINE_CURVE((1.,1.0034537915
,1.)) REPRESENTATION_ITEM('') );
#3956 = CARTESIAN_POINT('',(6.222895307442,-51.));
#3957 = CARTESIAN_POINT('',(3.952338473076,-49.26065255424));
#3958 = CARTESIAN_POINT('',(1.406710160127,-47.04549902684));
#3959 = ( GEOMETRIC_REPRESENTATION_CONTEXT(2) 
PARAMETRIC_REPRESENTATION_CONTEXT() REPRESENTATION_CONTEXT('2D SPACE',''
  ) );
#3960 = ORIENTED_EDGE('',*,*,#3961,.T.);
#3961 = EDGE_CURVE('',#3935,#1199,#3962,.T.);
#3962 = SURFACE_CURVE('',#3963,(#3968,#3975),.PCURVE_S1.);
#3963 = CIRCLE('',#3964,27.39);
#3964 = AXIS2_PLACEMENT_3D('',#3965,#3966,#3967);
#3965 = CARTESIAN_POINT('',(0.,0.,50.));
#3966 = DIRECTION('',(0.,0.,1.));
#3967 = DIRECTION('',(1.,0.,-0.));
#3968 = PCURVE('',#2303,#3969);
#3969 = DEFINITIONAL_REPRESENTATION('',(#3970),#3974);
#3970 = LINE('',#3971,#3972);
#3971 = CARTESIAN_POINT('',(-0.,0.));
#3972 = VECTOR('',#3973,1.);
#3973 = DIRECTION('',(-1.,0.));
#3974 = ( GEOMETRIC_REPRESENTATION_CONTEXT(2) 
PARAMETRIC_REPRESENTATION_CONTEXT() REPRESENTATION_CONTEXT('2D SPACE',''
  ) );
#3975 = PCURVE('',#2362,#3976);
#3976 = DEFINITIONAL_REPRESENTATION('',(#3977),#3981);
#3977 = LINE('',#3978,#3979);
#3978 = CARTESIAN_POINT('',(0.,-4.767014370377));
#3979 = VECTOR('',#3980,1.);
#3980 = DIRECTION('',(1.,-0.));
#3981 = ( GEOMETRIC_REPRESENTATION_CONTEXT(2) 
PARAMETRIC_REPRESENTATION_CONTEXT() REPRESENTATION_CONTEXT('2D SPACE',''
  ) );
#3982 = ORIENTED_EDGE('',*,*,#2286,.F.);
#3983 = ORIENTED_EDGE('',*,*,#3909,.F.);
#3984 = ADVANCED_FACE('',(#3985),#2362,.F.);
#3985 = FACE_BOUND('',#3986,.T.);
#3986 = EDGE_LOOP('',(#3987,#3988,#4020,#4042));
#3987 = ORIENTED_EDGE('',*,*,#3961,.F.);
#3988 = ORIENTED_EDGE('',*,*,#3989,.F.);
#3989 = EDGE_CURVE('',#3990,#3935,#3992,.T.);
#3990 = VERTEX_POINT('',#3991);
#3991 = CARTESIAN_POINT('',(28.307079104948,11.057186466105,
    53.575260777783));
#3992 = SURFACE_CURVE('',#3993,(#3998,#4008),.PCURVE_S1.);
#3993 = HYPERBOLA('',#3994,25.005322988392,20.981957297029);
#3994 = AXIS2_PLACEMENT_3D('',#3995,#3996,#3997);
#3995 = CARTESIAN_POINT('',(19.016111285568,-8.867358320788,
    17.357869098845));
#3996 = DIRECTION('',(0.906307787037,-0.422618261741,0.));
#3997 = DIRECTION('',(-0.,0.,1.));
#3998 = PCURVE('',#2362,#3999);
#3999 = DEFINITIONAL_REPRESENTATION('',(#4000),#4007);
#4000 = B_SPLINE_CURVE_WITH_KNOTS('',5,(#4001,#4002,#4003,#4004,#4005,
    #4006),.UNSPECIFIED.,.F.,.F.,(6,6),(-0.929085588136,-0.762909652067)
  ,.PIECEWISE_BEZIER_KNOTS.);
#4001 = CARTESIAN_POINT('',(0.382234432716,-0.812513397225));
#4002 = CARTESIAN_POINT('',(0.359525878723,-1.700612877967));
#4003 = CARTESIAN_POINT('',(0.336128482844,-2.538182603031));
#4004 = CARTESIAN_POINT('',(0.312038776843,-3.327266123491));
#4005 = CARTESIAN_POINT('',(0.28725901828,-4.069675091498));
#4006 = CARTESIAN_POINT('',(0.261799387799,-4.767014370377));
#4007 = ( GEOMETRIC_REPRESENTATION_CONTEXT(2) 
PARAMETRIC_REPRESENTATION_CONTEXT() REPRESENTATION_CONTEXT('2D SPACE',''
  ) );
#4008 = PCURVE('',#4009,#4014);
#4009 = PLANE('',#4010);
#4010 = AXIS2_PLACEMENT_3D('',#4011,#4012,#4013);
#4011 = CARTESIAN_POINT('',(29.086617579883,12.728912120406,-1.));
#4012 = DIRECTION('',(0.906307787037,-0.422618261741,0.));
#4013 = DIRECTION('',(-0.422618261741,-0.906307787037,0.));
#4014 = DEFINITIONAL_REPRESENTATION('',(#4015),#4019);
#4015 = ( BOUNDED_CURVE() B_SPLINE_CURVE(2,(#4016,#4017,#4018),
.UNSPECIFIED.,.F.,.F.) B_SPLINE_CURVE_WITH_KNOTS((3,3),(-0.929085588136,
-0.762909652067),.PIECEWISE_BEZIER_KNOTS.) CURVE() 
GEOMETRIC_REPRESENTATION_ITEM() RATIONAL_B_SPLINE_CURVE((1.,1.0034537915
,1.)) REPRESENTATION_ITEM('') );
#4016 = CARTESIAN_POINT('',(1.406710160127,-54.95450097315));
#4017 = CARTESIAN_POINT('',(3.952338473076,-52.73934744575));
#4018 = CARTESIAN_POINT('',(6.222895307442,-51.));
#4019 = ( GEOMETRIC_REPRESENTATION_CONTEXT(2) 
PARAMETRIC_REPRESENTATION_CONTEXT() REPRESENTATION_CONTEXT('2D SPACE',''
  ) );
#4020 = ORIENTED_EDGE('',*,*,#4021,.T.);
#4021 = EDGE_CURVE('',#3990,#2346,#4022,.T.);
#4022 = SURFACE_CURVE('',#4023,(#4028,#4035),.PCURVE_S1.);
#4023 = CIRCLE('',#4024,30.39);
#4024 = AXIS2_PLACEMENT_3D('',#4025,#4026,#4027);
#4025 = CARTESIAN_POINT('',(0.,0.,53.575260777783));
#4026 = DIRECTION('',(0.,0.,1.));
#4027 = DIRECTION('',(0.,-1.,0.));
#4028 = PCURVE('',#2362,#4029);
#4029 = DEFINITIONAL_REPRESENTATION('',(#4030),#4034);
#4030 = LINE('',#4031,#4032);
#4031 = CARTESIAN_POINT('',(-1.570796326795,-1.191753592594));
#4032 = VECTOR('',#4033,1.);
#4033 = DIRECTION('',(1.,-0.));
#4034 = ( GEOMETRIC_REPRESENTATION_CONTEXT(2) 
PARAMETRIC_REPRESENTATION_CONTEXT() REPRESENTATION_CONTEXT('2D SPACE',''
  ) );
#4035 = PCURVE('',#2423,#4036);
#4036 = DEFINITIONAL_REPRESENTATION('',(#4037),#4041);
#4037 = LINE('',#4038,#4039);
#4038 = CARTESIAN_POINT('',(4.712388980385,54.575260777783));
#4039 = VECTOR('',#4040,1.);
#4040 = DIRECTION('',(1.,0.));
#4041 = ( GEOMETRIC_REPRESENTATION_CONTEXT(2) 
PARAMETRIC_REPRESENTATION_CONTEXT() REPRESENTATION_CONTEXT('2D SPACE',''
  ) );
#4042 = ORIENTED_EDGE('',*,*,#2345,.F.);
#4043 = ADVANCED_FACE('',(#4044),#2423,.F.);
#4044 = FACE_BOUND('',#4045,.F.);
#4045 = EDGE_LOOP('',(#4046,#4067,#4068,#4069));
#4046 = ORIENTED_EDGE('',*,*,#4047,.F.);
#4047 = EDGE_CURVE('',#3990,#4048,#4050,.T.);
#4048 = VERTEX_POINT('',#4049);
#4049 = CARTESIAN_POINT('',(28.307079104948,11.057186466105,
    63.091405888884));
#4050 = SURFACE_CURVE('',#4051,(#4055,#4061),.PCURVE_S1.);
#4051 = LINE('',#4052,#4053);
#4052 = CARTESIAN_POINT('',(28.307079104948,11.057186466105,-1.));
#4053 = VECTOR('',#4054,1.);
#4054 = DIRECTION('',(0.,0.,1.));
#4055 = PCURVE('',#2423,#4056);
#4056 = DEFINITIONAL_REPRESENTATION('',(#4057),#4060);
#4057 = B_SPLINE_CURVE_WITH_KNOTS('',1,(#4058,#4059),.UNSPECIFIED.,.F.,
  .F.,(2,2),(-5.999999999062E-07,102.0000006),.PIECEWISE_BEZIER_KNOTS.);
#4058 = CARTESIAN_POINT('',(6.655575591444,-5.999999999062E-07));
#4059 = CARTESIAN_POINT('',(6.655575591444,102.0000006));
#4060 = ( GEOMETRIC_REPRESENTATION_CONTEXT(2) 
PARAMETRIC_REPRESENTATION_CONTEXT() REPRESENTATION_CONTEXT('2D SPACE',''
  ) );
#4061 = PCURVE('',#4009,#4062);
#4062 = DEFINITIONAL_REPRESENTATION('',(#4063),#4066);
#4063 = B_SPLINE_CURVE_WITH_KNOTS('',1,(#4064,#4065),.UNSPECIFIED.,.F.,
  .F.,(2,2),(-5.999999999062E-07,102.0000006),.PIECEWISE_BEZIER_KNOTS.);
#4064 = CARTESIAN_POINT('',(1.844545173519,5.999999999062E-07));
#4065 = CARTESIAN_POINT('',(1.844545173519,-102.0000006));
#4066 = ( GEOMETRIC_REPRESENTATION_CONTEXT(2) 
PARAMETRIC_REPRESENTATION_CONTEXT() REPRESENTATION_CONTEXT('2D SPACE',''
  ) );
#4067 = ORIENTED_EDGE('',*,*,#4021,.T.);
#4068 = ORIENTED_EDGE('',*,*,#2410,.T.);
#4069 = ORIENTED_EDGE('',*,*,#4070,.F.);
#4070 = EDGE_CURVE('',#4048,#2379,#4071,.T.);
#4071 = SURFACE_CURVE('',#4072,(#4077,#4084),.PCURVE_S1.);
#4072 = CIRCLE('',#4073,30.39);
#4073 = AXIS2_PLACEMENT_3D('',#4074,#4075,#4076);
#4074 = CARTESIAN_POINT('',(0.,0.,63.091405888884));
#4075 = DIRECTION('',(0.,0.,1.));
#4076 = DIRECTION('',(0.,-1.,0.));
#4077 = PCURVE('',#2423,#4078);
#4078 = DEFINITIONAL_REPRESENTATION('',(#4079),#4083);
#4079 = LINE('',#4080,#4081);
#4080 = CARTESIAN_POINT('',(4.712388980385,64.091405888884));
#4081 = VECTOR('',#4082,1.);
#4082 = DIRECTION('',(1.,0.));
#4083 = ( GEOMETRIC_REPRESENTATION_CONTEXT(2) 
PARAMETRIC_REPRESENTATION_CONTEXT() REPRESENTATION_CONTEXT('2D SPACE',''
  ) );
#4084 = PCURVE('',#2395,#4085);
#4085 = DEFINITIONAL_REPRESENTATION('',(#4086),#4090);
#4086 = LINE('',#4087,#4088);
#4087 = CARTESIAN_POINT('',(1.570796326795,3.575260777783));
#4088 = VECTOR('',#4089,1.);
#4089 = DIRECTION('',(-1.,0.));
#4090 = ( GEOMETRIC_REPRESENTATION_CONTEXT(2) 
PARAMETRIC_REPRESENTATION_CONTEXT() REPRESENTATION_CONTEXT('2D SPACE',''
  ) );
#4091 = ADVANCED_FACE('',(#4092),#2395,.F.);
#4092 = FACE_BOUND('',#4093,.T.);
#4093 = EDGE_LOOP('',(#4094,#4121,#4143,#4144));
#4094 = ORIENTED_EDGE('',*,*,#4095,.F.);
#4095 = EDGE_CURVE('',#4096,#4048,#4098,.T.);
#4096 = VERTEX_POINT('',#4097);
#4097 = CARTESIAN_POINT('',(26.456708382058,7.089053645358,
    66.666666666667));
#4098 = SURFACE_CURVE('',#4099,(#4104,#4114),.PCURVE_S1.);
#4099 = HYPERBOLA('',#4100,25.005322988392,20.981957297029);
#4100 = AXIS2_PLACEMENT_3D('',#4101,#4102,#4103);
#4101 = CARTESIAN_POINT('',(19.016111285568,-8.867358320788,
    99.308797567822));
#4102 = DIRECTION('',(0.906307787037,-0.422618261741,0.));
#4103 = DIRECTION('',(0.,-0.,-1.));
#4104 = PCURVE('',#2395,#4105);
#4105 = DEFINITIONAL_REPRESENTATION('',(#4106),#4113);
#4106 = B_SPLINE_CURVE_WITH_KNOTS('',5,(#4107,#4108,#4109,#4110,#4111,
    #4112),.UNSPECIFIED.,.F.,.F.,(6,6),(0.762909652067,0.929085588136),
  .PIECEWISE_BEZIER_KNOTS.);
#4107 = CARTESIAN_POINT('',(-0.261799387799,1.183801184491E-14));
#4108 = CARTESIAN_POINT('',(-0.28725901828,0.697339278879));
#4109 = CARTESIAN_POINT('',(-0.312038776843,1.439748246886));
#4110 = CARTESIAN_POINT('',(-0.336128482844,2.228831767345));
#4111 = CARTESIAN_POINT('',(-0.359525878723,3.066401492409));
#4112 = CARTESIAN_POINT('',(-0.382234432716,3.954500973152));
#4113 = ( GEOMETRIC_REPRESENTATION_CONTEXT(2) 
PARAMETRIC_REPRESENTATION_CONTEXT() REPRESENTATION_CONTEXT('2D SPACE',''
  ) );
#4114 = PCURVE('',#4009,#4115);
#4115 = DEFINITIONAL_REPRESENTATION('',(#4116),#4120);
#4116 = ( BOUNDED_CURVE() B_SPLINE_CURVE(2,(#4117,#4118,#4119),
.UNSPECIFIED.,.F.,.F.) B_SPLINE_CURVE_WITH_KNOTS((3,3),(0.762909652067,
0.929085588136),.PIECEWISE_BEZIER_KNOTS.) CURVE() 
GEOMETRIC_REPRESENTATION_ITEM() RATIONAL_B_SPLINE_CURVE((1.,1.0034537915
,1.)) REPRESENTATION_ITEM('') );
#4117 = CARTESIAN_POINT('',(6.222895307442,-67.66666666666));
#4118 = CARTESIAN_POINT('',(3.952338473076,-65.92731922091));
#4119 = CARTESIAN_POINT('',(1.406710160127,-63.71216569351));
#4120 = ( GEOMETRIC_REPRESENTATION_CONTEXT(2) 
PARAMETRIC_REPRESENTATION_CONTEXT() REPRESENTATION_CONTEXT('2D SPACE',''
  ) );
#4121 = ORIENTED_EDGE('',*,*,#4122,.T.);
#4122 = EDGE_CURVE('',#4096,#1171,#4123,.T.);
#4123 = SURFACE_CURVE('',#4124,(#4129,#4136),.PCURVE_S1.);
#4124 = CIRCLE('',#4125,27.39);
#4125 = AXIS2_PLACEMENT_3D('',#4126,#4127,#4128);
#4126 = CARTESIAN_POINT('',(0.,0.,66.666666666667));
#4127 = DIRECTION('',(0.,0.,1.));
#4128 = DIRECTION('',(1.,0.,-0.));
#4129 = PCURVE('',#2395,#4130);
#4130 = DEFINITIONAL_REPRESENTATION('',(#4131),#4135);
#4131 = LINE('',#4132,#4133);
#4132 = CARTESIAN_POINT('',(-0.,0.));
#4133 = VECTOR('',#4134,1.);
#4134 = DIRECTION('',(-1.,0.));
#4135 = ( GEOMETRIC_REPRESENTATION_CONTEXT(2) 
PARAMETRIC_REPRESENTATION_CONTEXT() REPRESENTATION_CONTEXT('2D SPACE',''
  ) );
#4136 = PCURVE('',#2454,#4137);
#4137 = DEFINITIONAL_REPRESENTATION('',(#4138),#4142);
#4138 = LINE('',#4139,#4140);
#4139 = CARTESIAN_POINT('',(0.,-4.767014370377));
#4140 = VECTOR('',#4141,1.);
#4141 = DIRECTION('',(1.,-0.));
#4142 = ( GEOMETRIC_REPRESENTATION_CONTEXT(2) 
PARAMETRIC_REPRESENTATION_CONTEXT() REPRESENTATION_CONTEXT('2D SPACE',''
  ) );
#4143 = ORIENTED_EDGE('',*,*,#2378,.F.);
#4144 = ORIENTED_EDGE('',*,*,#4070,.F.);
#4145 = ADVANCED_FACE('',(#4146),#2454,.F.);
#4146 = FACE_BOUND('',#4147,.T.);
#4147 = EDGE_LOOP('',(#4148,#4149,#4181,#4203));
#4148 = ORIENTED_EDGE('',*,*,#4122,.F.);
#4149 = ORIENTED_EDGE('',*,*,#4150,.F.);
#4150 = EDGE_CURVE('',#4151,#4096,#4153,.T.);
#4151 = VERTEX_POINT('',#4152);
#4152 = CARTESIAN_POINT('',(28.307079104948,11.057186466105,
    70.241927444449));
#4153 = SURFACE_CURVE('',#4154,(#4159,#4169),.PCURVE_S1.);
#4154 = HYPERBOLA('',#4155,25.005322988392,20.981957297029);
#4155 = AXIS2_PLACEMENT_3D('',#4156,#4157,#4158);
#4156 = CARTESIAN_POINT('',(19.016111285568,-8.867358320788,
    34.024535765511));
#4157 = DIRECTION('',(0.906307787037,-0.422618261741,0.));
#4158 = DIRECTION('',(-0.,0.,1.));
#4159 = PCURVE('',#2454,#4160);
#4160 = DEFINITIONAL_REPRESENTATION('',(#4161),#4168);
#4161 = B_SPLINE_CURVE_WITH_KNOTS('',5,(#4162,#4163,#4164,#4165,#4166,
    #4167),.UNSPECIFIED.,.F.,.F.,(6,6),(-0.929085588136,-0.762909652067)
  ,.PIECEWISE_BEZIER_KNOTS.);
#4162 = CARTESIAN_POINT('',(0.382234432716,-0.812513397225));
#4163 = CARTESIAN_POINT('',(0.359525878723,-1.700612877967));
#4164 = CARTESIAN_POINT('',(0.336128482844,-2.538182603031));
#4165 = CARTESIAN_POINT('',(0.312038776843,-3.327266123491));
#4166 = CARTESIAN_POINT('',(0.28725901828,-4.069675091498));
#4167 = CARTESIAN_POINT('',(0.261799387799,-4.767014370377));
#4168 = ( GEOMETRIC_REPRESENTATION_CONTEXT(2) 
PARAMETRIC_REPRESENTATION_CONTEXT() REPRESENTATION_CONTEXT('2D SPACE',''
  ) );
#4169 = PCURVE('',#4170,#4175);
#4170 = PLANE('',#4171);
#4171 = AXIS2_PLACEMENT_3D('',#4172,#4173,#4174);
#4172 = CARTESIAN_POINT('',(29.086617579883,12.728912120406,-1.));
#4173 = DIRECTION('',(0.906307787037,-0.422618261741,0.));
#4174 = DIRECTION('',(-0.422618261741,-0.906307787037,0.));
#4175 = DEFINITIONAL_REPRESENTATION('',(#4176),#4180);
#4176 = ( BOUNDED_CURVE() B_SPLINE_CURVE(2,(#4177,#4178,#4179),
.UNSPECIFIED.,.F.,.F.) B_SPLINE_CURVE_WITH_KNOTS((3,3),(-0.929085588136,
-0.762909652067),.PIECEWISE_BEZIER_KNOTS.) CURVE() 
GEOMETRIC_REPRESENTATION_ITEM() RATIONAL_B_SPLINE_CURVE((1.,1.0034537915
,1.)) REPRESENTATION_ITEM('') );
#4177 = CARTESIAN_POINT('',(1.406710160127,-71.62116763981));
#4178 = CARTESIAN_POINT('',(3.952338473076,-69.40601411241));
#4179 = CARTESIAN_POINT('',(6.222895307442,-67.66666666666));
#4180 = ( GEOMETRIC_REPRESENTATION_CONTEXT(2) 
PARAMETRIC_REPRESENTATION_CONTEXT() REPRESENTATION_CONTEXT('2D SPACE',''
  ) );
#4181 = ORIENTED_EDGE('',*,*,#4182,.T.);
#4182 = EDGE_CURVE('',#4151,#2438,#4183,.T.);
#4183 = SURFACE_CURVE('',#4184,(#4189,#4196),.PCURVE_S1.);
#4184 = CIRCLE('',#4185,30.39);
#4185 = AXIS2_PLACEMENT_3D('',#4186,#4187,#4188);
#4186 = CARTESIAN_POINT('',(0.,0.,70.241927444449));
#4187 = DIRECTION('',(0.,0.,1.));
#4188 = DIRECTION('',(0.,-1.,0.));
#4189 = PCURVE('',#2454,#4190);
#4190 = DEFINITIONAL_REPRESENTATION('',(#4191),#4195);
#4191 = LINE('',#4192,#4193);
#4192 = CARTESIAN_POINT('',(-1.570796326795,-1.191753592594));
#4193 = VECTOR('',#4194,1.);
#4194 = DIRECTION('',(1.,-0.));
#4195 = ( GEOMETRIC_REPRESENTATION_CONTEXT(2) 
PARAMETRIC_REPRESENTATION_CONTEXT() REPRESENTATION_CONTEXT('2D SPACE',''
  ) );
#4196 = PCURVE('',#2515,#4197);
#4197 = DEFINITIONAL_REPRESENTATION('',(#4198),#4202);
#4198 = LINE('',#4199,#4200);
#4199 = CARTESIAN_POINT('',(4.712388980385,71.241927444449));
#4200 = VECTOR('',#4201,1.);
#4201 = DIRECTION('',(1.,0.));
#4202 = ( GEOMETRIC_REPRESENTATION_CONTEXT(2) 
PARAMETRIC_REPRESENTATION_CONTEXT() REPRESENTATION_CONTEXT('2D SPACE',''
  ) );
#4203 = ORIENTED_EDGE('',*,*,#2437,.F.);
#4204 = ADVANCED_FACE('',(#4205),#2515,.F.);
#4205 = FACE_BOUND('',#4206,.F.);
#4206 = EDGE_LOOP('',(#4207,#4228,#4229,#4230));
#4207 = ORIENTED_EDGE('',*,*,#4208,.F.);
#4208 = EDGE_CURVE('',#4151,#4209,#4211,.T.);
#4209 = VERTEX_POINT('',#4210);
#4210 = CARTESIAN_POINT('',(28.307079104948,11.057186466105,
    79.758072555551));
#4211 = SURFACE_CURVE('',#4212,(#4216,#4222),.PCURVE_S1.);
#4212 = LINE('',#4213,#4214);
#4213 = CARTESIAN_POINT('',(28.307079104948,11.057186466105,-1.));
#4214 = VECTOR('',#4215,1.);
#4215 = DIRECTION('',(0.,0.,1.));
#4216 = PCURVE('',#2515,#4217);
#4217 = DEFINITIONAL_REPRESENTATION('',(#4218),#4221);
#4218 = B_SPLINE_CURVE_WITH_KNOTS('',1,(#4219,#4220),.UNSPECIFIED.,.F.,
  .F.,(2,2),(-5.999999999062E-07,102.0000006),.PIECEWISE_BEZIER_KNOTS.);
#4219 = CARTESIAN_POINT('',(6.655575591444,-5.999999999062E-07));
#4220 = CARTESIAN_POINT('',(6.655575591444,102.0000006));
#4221 = ( GEOMETRIC_REPRESENTATION_CONTEXT(2) 
PARAMETRIC_REPRESENTATION_CONTEXT() REPRESENTATION_CONTEXT('2D SPACE',''
  ) );
#4222 = PCURVE('',#4170,#4223);
#4223 = DEFINITIONAL_REPRESENTATION('',(#4224),#4227);
#4224 = B_SPLINE_CURVE_WITH_KNOTS('',1,(#4225,#4226),.UNSPECIFIED.,.F.,
  .F.,(2,2),(-5.999999999062E-07,102.0000006),.PIECEWISE_BEZIER_KNOTS.);
#4225 = CARTESIAN_POINT('',(1.844545173519,5.999999999062E-07));
#4226 = CARTESIAN_POINT('',(1.844545173519,-102.0000006));
#4227 = ( GEOMETRIC_REPRESENTATION_CONTEXT(2) 
PARAMETRIC_REPRESENTATION_CONTEXT() REPRESENTATION_CONTEXT('2D SPACE',''
  ) );
#4228 = ORIENTED_EDGE('',*,*,#4182,.T.);
#4229 = ORIENTED_EDGE('',*,*,#2502,.T.);
#4230 = ORIENTED_EDGE('',*,*,#4231,.F.);
#4231 = EDGE_CURVE('',#4209,#2471,#4232,.T.);
#4232 = SURFACE_CURVE('',#4233,(#4238,#4245),.PCURVE_S1.);
#4233 = CIRCLE('',#4234,30.39);
#4234 = AXIS2_PLACEMENT_3D('',#4235,#4236,#4237);
#4235 = CARTESIAN_POINT('',(0.,0.,79.758072555551));
#4236 = DIRECTION('',(0.,0.,1.));
#4237 = DIRECTION('',(0.,-1.,0.));
#4238 = PCURVE('',#2515,#4239);
#4239 = DEFINITIONAL_REPRESENTATION('',(#4240),#4244);
#4240 = LINE('',#4241,#4242);
#4241 = CARTESIAN_POINT('',(4.712388980385,80.758072555551));
#4242 = VECTOR('',#4243,1.);
#4243 = DIRECTION('',(1.,0.));
#4244 = ( GEOMETRIC_REPRESENTATION_CONTEXT(2) 
PARAMETRIC_REPRESENTATION_CONTEXT() REPRESENTATION_CONTEXT('2D SPACE',''
  ) );
#4245 = PCURVE('',#2487,#4246);
#4246 = DEFINITIONAL_REPRESENTATION('',(#4247),#4251);
#4247 = LINE('',#4248,#4249);
#4248 = CARTESIAN_POINT('',(1.570796326795,3.575260777783));
#4249 = VECTOR('',#4250,1.);
#4250 = DIRECTION('',(-1.,0.));
#4251 = ( GEOMETRIC_REPRESENTATION_CONTEXT(2) 
PARAMETRIC_REPRESENTATION_CONTEXT() REPRESENTATION_CONTEXT('2D SPACE',''
  ) );
#4252 = ADVANCED_FACE('',(#4253),#2487,.F.);
#4253 = FACE_BOUND('',#4254,.T.);
#4254 = EDGE_LOOP('',(#4255,#4280,#4302,#4303));
#4255 = ORIENTED_EDGE('',*,*,#4256,.F.);
#4256 = EDGE_CURVE('',#2791,#4209,#4257,.T.);
#4257 = SURFACE_CURVE('',#4258,(#4263,#4273),.PCURVE_S1.);
#4258 = HYPERBOLA('',#4259,25.005322988392,20.981957297029);
#4259 = AXIS2_PLACEMENT_3D('',#4260,#4261,#4262);
#4260 = CARTESIAN_POINT('',(19.016111285568,-8.867358320788,
    115.97546423448));
#4261 = DIRECTION('',(0.906307787037,-0.422618261741,0.));
#4262 = DIRECTION('',(0.,-0.,-1.));
#4263 = PCURVE('',#2487,#4264);
#4264 = DEFINITIONAL_REPRESENTATION('',(#4265),#4272);
#4265 = B_SPLINE_CURVE_WITH_KNOTS('',5,(#4266,#4267,#4268,#4269,#4270,
    #4271),.UNSPECIFIED.,.F.,.F.,(6,6),(0.762909652067,0.929085588136),
  .PIECEWISE_BEZIER_KNOTS.);
#4266 = CARTESIAN_POINT('',(-0.261799387799,1.183801184491E-14));
#4267 = CARTESIAN_POINT('',(-0.28725901828,0.697339278879));
#4268 = CARTESIAN_POINT('',(-0.312038776843,1.439748246886));
#4269 = CARTESIAN_POINT('',(-0.336128482844,2.228831767345));
#4270 = CARTESIAN_POINT('',(-0.359525878723,3.066401492409));
#4271 = CARTESIAN_POINT('',(-0.382234432716,3.954500973152));
#4272 = ( GEOMETRIC_REPRESENTATION_CONTEXT(2) 
PARAMETRIC_REPRESENTATION_CONTEXT() REPRESENTATION_CONTEXT('2D SPACE',''
  ) );
#4273 = PCURVE('',#4170,#4274);
#4274 = DEFINITIONAL_REPRESENTATION('',(#4275),#4279);
#4275 = ( BOUNDED_CURVE() B_SPLINE_CURVE(2,(#4276,#4277,#4278),
.UNSPECIFIED.,.F.,.F.) B_SPLINE_CURVE_WITH_KNOTS((3,3),(0.762909652067,
0.929085588136),.PIECEWISE_BEZIER_KNOTS.) CURVE() 
GEOMETRIC_REPRESENTATION_ITEM() RATIONAL_B_SPLINE_CURVE((1.,1.0034537915
,1.)) REPRESENTATION_ITEM('') );
#4276 = CARTESIAN_POINT('',(6.222895307442,-84.33333333333));
#4277 = CARTESIAN_POINT('',(3.952338473076,-82.59398588758));
#4278 = CARTESIAN_POINT('',(1.406710160127,-80.37883236018));
#4279 = ( GEOMETRIC_REPRESENTATION_CONTEXT(2) 
PARAMETRIC_REPRESENTATION_CONTEXT() REPRESENTATION_CONTEXT('2D SPACE',''
  ) );
#4280 = ORIENTED_EDGE('',*,*,#4281,.T.);
#4281 = EDGE_CURVE('',#2791,#1143,#4282,.T.);
#4282 = SURFACE_CURVE('',#4283,(#4288,#4295),.PCURVE_S1.);
#4283 = CIRCLE('',#4284,27.39);
#4284 = AXIS2_PLACEMENT_3D('',#4285,#4286,#4287);
#4285 = CARTESIAN_POINT('',(0.,0.,83.333333333333));
#4286 = DIRECTION('',(0.,0.,1.));
#4287 = DIRECTION('',(1.,0.,-0.));
#4288 = PCURVE('',#2487,#4289);
#4289 = DEFINITIONAL_REPRESENTATION('',(#4290),#4294);
#4290 = LINE('',#4291,#4292);
#4291 = CARTESIAN_POINT('',(-0.,0.));
#4292 = VECTOR('',#4293,1.);
#4293 = DIRECTION('',(-1.,0.));
#4294 = ( GEOMETRIC_REPRESENTATION_CONTEXT(2) 
PARAMETRIC_REPRESENTATION_CONTEXT() REPRESENTATION_CONTEXT('2D SPACE',''
  ) );
#4295 = PCURVE('',#2546,#4296);
#4296 = DEFINITIONAL_REPRESENTATION('',(#4297),#4301);
#4297 = LINE('',#4298,#4299);
#4298 = CARTESIAN_POINT('',(0.,-4.767014370377));
#4299 = VECTOR('',#4300,1.);
#4300 = DIRECTION('',(1.,-0.));
#4301 = ( GEOMETRIC_REPRESENTATION_CONTEXT(2) 
PARAMETRIC_REPRESENTATION_CONTEXT() REPRESENTATION_CONTEXT('2D SPACE',''
  ) );
#4302 = ORIENTED_EDGE('',*,*,#2470,.F.);
#4303 = ORIENTED_EDGE('',*,*,#4231,.F.);
#4304 = ADVANCED_FACE('',(#4305),#2546,.F.);
#4305 = FACE_BOUND('',#4306,.T.);
#4306 = EDGE_LOOP('',(#4307,#4308,#4309,#4310));
#4307 = ORIENTED_EDGE('',*,*,#4281,.F.);
#4308 = ORIENTED_EDGE('',*,*,#2844,.F.);
#4309 = ORIENTED_EDGE('',*,*,#2895,.T.);
#4310 = ORIENTED_EDGE('',*,*,#2529,.F.);
#4311 = ADVANCED_FACE('',(#4312),#2704,.F.);
#4312 = FACE_BOUND('',#4313,.T.);
#4313 = EDGE_LOOP('',(#4314,#4341,#4342,#4343));
#4314 = ORIENTED_EDGE('',*,*,#4315,.T.);
#4315 = EDGE_CURVE('',#2791,#2634,#4316,.T.);
#4316 = SURFACE_CURVE('',#4317,(#4322,#4329),.PCURVE_S1.);
#4317 = CIRCLE('',#4318,27.39);
#4318 = AXIS2_PLACEMENT_3D('',#4319,#4320,#4321);
#4319 = CARTESIAN_POINT('',(0.,0.,83.333333333333));
#4320 = DIRECTION('',(0.,0.,-1.));
#4321 = DIRECTION('',(0.965925826289,0.258819045103,0.));
#4322 = PCURVE('',#2704,#4323);
#4323 = DEFINITIONAL_REPRESENTATION('',(#4324),#4328);
#4324 = LINE('',#4325,#4326);
#4325 = CARTESIAN_POINT('',(6.544984694979,-4.767014370377));
#4326 = VECTOR('',#4327,1.);
#4327 = DIRECTION('',(-1.,-0.));
#4328 = ( GEOMETRIC_REPRESENTATION_CONTEXT(2) 
PARAMETRIC_REPRESENTATION_CONTEXT() REPRESENTATION_CONTEXT('2D SPACE',''
  ) );
#4329 = PCURVE('',#4330,#4335);
#4330 = CONICAL_SURFACE('',#4331,27.39,0.698131700798);
#4331 = AXIS2_PLACEMENT_3D('',#4332,#4333,#4334);
#4332 = CARTESIAN_POINT('',(0.,0.,83.333333333333));
#4333 = DIRECTION('',(-0.,-0.,-1.));
#4334 = DIRECTION('',(1.,0.,0.));
#4335 = DEFINITIONAL_REPRESENTATION('',(#4336),#4340);
#4336 = LINE('',#4337,#4338);
#4337 = CARTESIAN_POINT('',(-6.544984694979,0.));
#4338 = VECTOR('',#4339,1.);
#4339 = DIRECTION('',(1.,-0.));
#4340 = ( GEOMETRIC_REPRESENTATION_CONTEXT(2) 
PARAMETRIC_REPRESENTATION_CONTEXT() REPRESENTATION_CONTEXT('2D SPACE',''
  ) );
#4341 = ORIENTED_EDGE('',*,*,#2687,.F.);
#4342 = ORIENTED_EDGE('',*,*,#2743,.F.);
#4343 = ORIENTED_EDGE('',*,*,#2790,.F.);
#4344 = ADVANCED_FACE('',(#4345),#2971,.F.);
#4345 = FACE_BOUND('',#4346,.F.);
#4346 = EDGE_LOOP('',(#4347,#4348,#4374,#4375));
#4347 = ORIENTED_EDGE('',*,*,#3057,.F.);
#4348 = ORIENTED_EDGE('',*,*,#4349,.T.);
#4349 = EDGE_CURVE('',#3058,#2634,#4350,.T.);
#4350 = SURFACE_CURVE('',#4351,(#4355,#4362),.PCURVE_S1.);
#4351 = LINE('',#4352,#4353);
#4352 = CARTESIAN_POINT('',(26.456708382058,-7.089053645358,-1.));
#4353 = VECTOR('',#4354,1.);
#4354 = DIRECTION('',(0.,0.,1.));
#4355 = PCURVE('',#2971,#4356);
#4356 = DEFINITIONAL_REPRESENTATION('',(#4357),#4361);
#4357 = LINE('',#4358,#4359);
#4358 = CARTESIAN_POINT('',(0.,0.));
#4359 = VECTOR('',#4360,1.);
#4360 = DIRECTION('',(0.,-1.));
#4361 = ( GEOMETRIC_REPRESENTATION_CONTEXT(2) 
PARAMETRIC_REPRESENTATION_CONTEXT() REPRESENTATION_CONTEXT('2D SPACE',''
  ) );
#4362 = PCURVE('',#4363,#4368);
#4363 = PLANE('',#4364);
#4364 = AXIS2_PLACEMENT_3D('',#4365,#4366,#4367);
#4365 = CARTESIAN_POINT('',(31.554205794545,-3.51974753113,-1.));
#4366 = DIRECTION('',(0.573576436351,-0.819152044289,0.));
#4367 = DIRECTION('',(-0.819152044289,-0.573576436351,0.));
#4368 = DEFINITIONAL_REPRESENTATION('',(#4369),#4373);
#4369 = LINE('',#4370,#4371);
#4370 = CARTESIAN_POINT('',(6.222895307442,0.));
#4371 = VECTOR('',#4372,1.);
#4372 = DIRECTION('',(0.,-1.));
#4373 = ( GEOMETRIC_REPRESENTATION_CONTEXT(2) 
PARAMETRIC_REPRESENTATION_CONTEXT() REPRESENTATION_CONTEXT('2D SPACE',''
  ) );
#4374 = ORIENTED_EDGE('',*,*,#2951,.F.);
#4375 = ORIENTED_EDGE('',*,*,#3034,.F.);
#4376 = ADVANCED_FACE('',(#4377),#3132,.F.);
#4377 = FACE_BOUND('',#4378,.F.);
#4378 = EDGE_LOOP('',(#4379,#4380,#4406,#4407));
#4379 = ORIENTED_EDGE('',*,*,#3218,.F.);
#4380 = ORIENTED_EDGE('',*,*,#4381,.T.);
#4381 = EDGE_CURVE('',#3219,#3058,#4382,.T.);
#4382 = SURFACE_CURVE('',#4383,(#4387,#4394),.PCURVE_S1.);
#4383 = LINE('',#4384,#4385);
#4384 = CARTESIAN_POINT('',(26.456708382058,-7.089053645358,-1.));
#4385 = VECTOR('',#4386,1.);
#4386 = DIRECTION('',(0.,0.,1.));
#4387 = PCURVE('',#3132,#4388);
#4388 = DEFINITIONAL_REPRESENTATION('',(#4389),#4393);
#4389 = LINE('',#4390,#4391);
#4390 = CARTESIAN_POINT('',(0.,0.));
#4391 = VECTOR('',#4392,1.);
#4392 = DIRECTION('',(0.,-1.));
#4393 = ( GEOMETRIC_REPRESENTATION_CONTEXT(2) 
PARAMETRIC_REPRESENTATION_CONTEXT() REPRESENTATION_CONTEXT('2D SPACE',''
  ) );
#4394 = PCURVE('',#4395,#4400);
#4395 = PLANE('',#4396);
#4396 = AXIS2_PLACEMENT_3D('',#4397,#4398,#4399);
#4397 = CARTESIAN_POINT('',(31.554205794545,-3.51974753113,-1.));
#4398 = DIRECTION('',(0.573576436351,-0.819152044289,0.));
#4399 = DIRECTION('',(-0.819152044289,-0.573576436351,0.));
#4400 = DEFINITIONAL_REPRESENTATION('',(#4401),#4405);
#4401 = LINE('',#4402,#4403);
#4402 = CARTESIAN_POINT('',(6.222895307442,0.));
#4403 = VECTOR('',#4404,1.);
#4404 = DIRECTION('',(0.,-1.));
#4405 = ( GEOMETRIC_REPRESENTATION_CONTEXT(2) 
PARAMETRIC_REPRESENTATION_CONTEXT() REPRESENTATION_CONTEXT('2D SPACE',''
  ) );
#4406 = ORIENTED_EDGE('',*,*,#3112,.F.);
#4407 = ORIENTED_EDGE('',*,*,#3195,.F.);
#4408 = ADVANCED_FACE('',(#4409),#3293,.F.);
#4409 = FACE_BOUND('',#4410,.F.);
#4410 = EDGE_LOOP('',(#4411,#4412,#4438,#4439));
#4411 = ORIENTED_EDGE('',*,*,#3379,.F.);
#4412 = ORIENTED_EDGE('',*,*,#4413,.T.);
#4413 = EDGE_CURVE('',#3380,#3219,#4414,.T.);
#4414 = SURFACE_CURVE('',#4415,(#4419,#4426),.PCURVE_S1.);
#4415 = LINE('',#4416,#4417);
#4416 = CARTESIAN_POINT('',(26.456708382058,-7.089053645358,-1.));
#4417 = VECTOR('',#4418,1.);
#4418 = DIRECTION('',(0.,0.,1.));
#4419 = PCURVE('',#3293,#4420);
#4420 = DEFINITIONAL_REPRESENTATION('',(#4421),#4425);
#4421 = LINE('',#4422,#4423);
#4422 = CARTESIAN_POINT('',(0.,0.));
#4423 = VECTOR('',#4424,1.);
#4424 = DIRECTION('',(0.,-1.));
#4425 = ( GEOMETRIC_REPRESENTATION_CONTEXT(2) 
PARAMETRIC_REPRESENTATION_CONTEXT() REPRESENTATION_CONTEXT('2D SPACE',''
  ) );
#4426 = PCURVE('',#4427,#4432);
#4427 = PLANE('',#4428);
#4428 = AXIS2_PLACEMENT_3D('',#4429,#4430,#4431);
#4429 = CARTESIAN_POINT('',(31.554205794545,-3.51974753113,-1.));
#4430 = DIRECTION('',(0.573576436351,-0.819152044289,0.));
#4431 = DIRECTION('',(-0.819152044289,-0.573576436351,0.));
#4432 = DEFINITIONAL_REPRESENTATION('',(#4433),#4437);
#4433 = LINE('',#4434,#4435);
#4434 = CARTESIAN_POINT('',(6.222895307442,0.));
#4435 = VECTOR('',#4436,1.);
#4436 = DIRECTION('',(0.,-1.));
#4437 = ( GEOMETRIC_REPRESENTATION_CONTEXT(2) 
PARAMETRIC_REPRESENTATION_CONTEXT() REPRESENTATION_CONTEXT('2D SPACE',''
  ) );
#4438 = ORIENTED_EDGE('',*,*,#3273,.F.);
#4439 = ORIENTED_EDGE('',*,*,#3356,.F.);
#4440 = ADVANCED_FACE('',(#4441),#3454,.F.);
#4441 = FACE_BOUND('',#4442,.F.);
#4442 = EDGE_LOOP('',(#4443,#4444,#4465,#4466));
#4443 = ORIENTED_EDGE('',*,*,#3540,.F.);
#4444 = ORIENTED_EDGE('',*,*,#4445,.T.);
#4445 = EDGE_CURVE('',#732,#3380,#4446,.T.);
#4446 = SURFACE_CURVE('',#4447,(#4451,#4458),.PCURVE_S1.);
#4447 = LINE('',#4448,#4449);
#4448 = CARTESIAN_POINT('',(26.456708382058,-7.089053645358,-1.));
#4449 = VECTOR('',#4450,1.);
#4450 = DIRECTION('',(0.,0.,1.));
#4451 = PCURVE('',#3454,#4452);
#4452 = DEFINITIONAL_REPRESENTATION('',(#4453),#4457);
#4453 = LINE('',#4454,#4455);
#4454 = CARTESIAN_POINT('',(0.,0.));
#4455 = VECTOR('',#4456,1.);
#4456 = DIRECTION('',(0.,-1.));
#4457 = ( GEOMETRIC_REPRESENTATION_CONTEXT(2) 
PARAMETRIC_REPRESENTATION_CONTEXT() REPRESENTATION_CONTEXT('2D SPACE',''
  ) );
#4458 = PCURVE('',#3592,#4459);
#4459 = DEFINITIONAL_REPRESENTATION('',(#4460),#4464);
#4460 = LINE('',#4461,#4462);
#4461 = CARTESIAN_POINT('',(6.222895307442,0.));
#4462 = VECTOR('',#4463,1.);
#4463 = DIRECTION('',(0.,-1.));
#4464 = ( GEOMETRIC_REPRESENTATION_CONTEXT(2) 
PARAMETRIC_REPRESENTATION_CONTEXT() REPRESENTATION_CONTEXT('2D SPACE',''
  ) );
#4465 = ORIENTED_EDGE('',*,*,#3434,.F.);
#4466 = ORIENTED_EDGE('',*,*,#3517,.F.);
#4467 = ADVANCED_FACE('',(#4468),#3592,.F.);
#4468 = FACE_BOUND('',#4469,.F.);
#4469 = EDGE_LOOP('',(#4470,#4471,#4472,#4493));
#4470 = ORIENTED_EDGE('',*,*,#4445,.F.);
#4471 = ORIENTED_EDGE('',*,*,#3572,.F.);
#4472 = ORIENTED_EDGE('',*,*,#4473,.T.);
#4473 = EDGE_CURVE('',#3573,#4474,#4476,.T.);
#4474 = VERTEX_POINT('',#4475);
#4475 = CARTESIAN_POINT('',(30.043242844873,-4.577735178446,
    29.758072555551));
#4476 = SURFACE_CURVE('',#4477,(#4481,#4487),.PCURVE_S1.);
#4477 = LINE('',#4478,#4479);
#4478 = CARTESIAN_POINT('',(30.043242844873,-4.577735178446,-1.));
#4479 = VECTOR('',#4480,1.);
#4480 = DIRECTION('',(0.,0.,1.));
#4481 = PCURVE('',#3592,#4482);
#4482 = DEFINITIONAL_REPRESENTATION('',(#4483),#4486);
#4483 = B_SPLINE_CURVE_WITH_KNOTS('',1,(#4484,#4485),.UNSPECIFIED.,.F.,
  .F.,(2,2),(-5.999999999062E-07,102.0000006),.PIECEWISE_BEZIER_KNOTS.);
#4484 = CARTESIAN_POINT('',(1.844545173519,5.999999999062E-07));
#4485 = CARTESIAN_POINT('',(1.844545173519,-102.0000006));
#4486 = ( GEOMETRIC_REPRESENTATION_CONTEXT(2) 
PARAMETRIC_REPRESENTATION_CONTEXT() REPRESENTATION_CONTEXT('2D SPACE',''
  ) );
#4487 = PCURVE('',#3621,#4488);
#4488 = DEFINITIONAL_REPRESENTATION('',(#4489),#4492);
#4489 = B_SPLINE_CURVE_WITH_KNOTS('',1,(#4490,#4491),.UNSPECIFIED.,.F.,
  .F.,(2,2),(-5.999999999062E-07,102.0000006),.PIECEWISE_BEZIER_KNOTS.);
#4490 = CARTESIAN_POINT('',(6.131976815845,-5.999999999062E-07));
#4491 = CARTESIAN_POINT('',(6.131976815845,102.0000006));
#4492 = ( GEOMETRIC_REPRESENTATION_CONTEXT(2) 
PARAMETRIC_REPRESENTATION_CONTEXT() REPRESENTATION_CONTEXT('2D SPACE',''
  ) );
#4493 = ORIENTED_EDGE('',*,*,#4494,.F.);
#4494 = EDGE_CURVE('',#3380,#4474,#4495,.T.);
#4495 = SURFACE_CURVE('',#4496,(#4501,#4508),.PCURVE_S1.);
#4496 = HYPERBOLA('',#4497,25.005322988392,20.981957297029);
#4497 = AXIS2_PLACEMENT_3D('',#4498,#4499,#4500);
#4498 = CARTESIAN_POINT('',(12.0347562941,-17.18741321304,
    65.975464234489));
#4499 = DIRECTION('',(0.573576436351,-0.819152044289,0.));
#4500 = DIRECTION('',(0.,-0.,-1.));
#4501 = PCURVE('',#3592,#4502);
#4502 = DEFINITIONAL_REPRESENTATION('',(#4503),#4507);
#4503 = ( BOUNDED_CURVE() B_SPLINE_CURVE(2,(#4504,#4505,#4506),
.UNSPECIFIED.,.F.,.F.) B_SPLINE_CURVE_WITH_KNOTS((3,3),(0.762909652067,
0.929085588136),.PIECEWISE_BEZIER_KNOTS.) CURVE() 
GEOMETRIC_REPRESENTATION_ITEM() RATIONAL_B_SPLINE_CURVE((1.,1.0034537915
,1.)) REPRESENTATION_ITEM('') );
#4504 = CARTESIAN_POINT('',(6.222895307442,-34.33333333333));
#4505 = CARTESIAN_POINT('',(3.952338473076,-32.59398588758));
#4506 = CARTESIAN_POINT('',(1.406710160127,-30.37883236018));
#4507 = ( GEOMETRIC_REPRESENTATION_CONTEXT(2) 
PARAMETRIC_REPRESENTATION_CONTEXT() REPRESENTATION_CONTEXT('2D SPACE',''
  ) );
#4508 = PCURVE('',#4509,#4514);
#4509 = CONICAL_SURFACE('',#4510,27.39,0.698131700798);
#4510 = AXIS2_PLACEMENT_3D('',#4511,#4512,#4513);
#4511 = CARTESIAN_POINT('',(0.,0.,33.333333333333));
#4512 = DIRECTION('',(-0.,-0.,-1.));
#4513 = DIRECTION('',(1.,0.,0.));
#4514 = DEFINITIONAL_REPRESENTATION('',(#4515),#4522);
#4515 = B_SPLINE_CURVE_WITH_KNOTS('',5,(#4516,#4517,#4518,#4519,#4520,
    #4521),.UNSPECIFIED.,.F.,.F.,(6,6),(0.762909652067,0.914753173669),
  .PIECEWISE_BEZIER_KNOTS.);
#4516 = CARTESIAN_POINT('',(-6.02138591938,-1.008864185735E-14));
#4517 = CARTESIAN_POINT('',(-6.04464969657,0.63719485722));
#4518 = CARTESIAN_POINT('',(-6.067345820193,1.312020287306));
#4519 = CARTESIAN_POINT('',(-6.089466523137,2.025700687813));
#4520 = CARTESIAN_POINT('',(-6.111009561692,2.779604614578));
#4521 = CARTESIAN_POINT('',(-6.131976815875,3.5752607769));
#4522 = ( GEOMETRIC_REPRESENTATION_CONTEXT(2) 
PARAMETRIC_REPRESENTATION_CONTEXT() REPRESENTATION_CONTEXT('2D SPACE',''
  ) );
#4523 = ADVANCED_FACE('',(#4524),#3621,.F.);
#4524 = FACE_BOUND('',#4525,.F.);
#4525 = EDGE_LOOP('',(#4526,#4527,#4528,#4549));
#4526 = ORIENTED_EDGE('',*,*,#4473,.F.);
#4527 = ORIENTED_EDGE('',*,*,#3604,.F.);
#4528 = ORIENTED_EDGE('',*,*,#4529,.T.);
#4529 = EDGE_CURVE('',#3605,#4530,#4532,.T.);
#4530 = VERTEX_POINT('',#4531);
#4531 = CARTESIAN_POINT('',(30.043242844873,4.577735178446,
    29.758072555551));
#4532 = SURFACE_CURVE('',#4533,(#4537,#4543),.PCURVE_S1.);
#4533 = LINE('',#4534,#4535);
#4534 = CARTESIAN_POINT('',(30.043242844873,4.577735178446,-1.));
#4535 = VECTOR('',#4536,1.);
#4536 = DIRECTION('',(0.,0.,1.));
#4537 = PCURVE('',#3621,#4538);
#4538 = DEFINITIONAL_REPRESENTATION('',(#4539),#4542);
#4539 = B_SPLINE_CURVE_WITH_KNOTS('',1,(#4540,#4541),.UNSPECIFIED.,.F.,
  .F.,(2,2),(-5.999999999062E-07,102.0000006),.PIECEWISE_BEZIER_KNOTS.);
#4540 = CARTESIAN_POINT('',(6.434393798514,-5.999999999062E-07));
#4541 = CARTESIAN_POINT('',(6.434393798514,102.0000006));
#4542 = ( GEOMETRIC_REPRESENTATION_CONTEXT(2) 
PARAMETRIC_REPRESENTATION_CONTEXT() REPRESENTATION_CONTEXT('2D SPACE',''
  ) );
#4543 = PCURVE('',#3651,#4544);
#4544 = DEFINITIONAL_REPRESENTATION('',(#4545),#4548);
#4545 = B_SPLINE_CURVE_WITH_KNOTS('',1,(#4546,#4547),.UNSPECIFIED.,.F.,
  .F.,(2,2),(-5.999999999062E-07,102.0000006),.PIECEWISE_BEZIER_KNOTS.);
#4546 = CARTESIAN_POINT('',(4.378350133922,5.999999999062E-07));
#4547 = CARTESIAN_POINT('',(4.378350133922,-102.0000006));
#4548 = ( GEOMETRIC_REPRESENTATION_CONTEXT(2) 
PARAMETRIC_REPRESENTATION_CONTEXT() REPRESENTATION_CONTEXT('2D SPACE',''
  ) );
#4549 = ORIENTED_EDGE('',*,*,#4550,.T.);
#4550 = EDGE_CURVE('',#4530,#4474,#4551,.T.);
#4551 = SURFACE_CURVE('',#4552,(#4557,#4564),.PCURVE_S1.);
#4552 = CIRCLE('',#4553,30.39);
#4553 = AXIS2_PLACEMENT_3D('',#4554,#4555,#4556);
#4554 = CARTESIAN_POINT('',(0.,0.,29.758072555551));
#4555 = DIRECTION('',(-4.437342591868E-31,-1.552170905617E-15,-1.));
#4556 = DIRECTION('',(0.988589761266,0.150632944338,-2.338080736295E-16)
  );
#4557 = PCURVE('',#3621,#4558);
#4558 = DEFINITIONAL_REPRESENTATION('',(#4559),#4563);
#4559 = LINE('',#4560,#4561);
#4560 = CARTESIAN_POINT('',(6.434393798514,30.758072555551));
#4561 = VECTOR('',#4562,1.);
#4562 = DIRECTION('',(-1.,-0.));
#4563 = ( GEOMETRIC_REPRESENTATION_CONTEXT(2) 
PARAMETRIC_REPRESENTATION_CONTEXT() REPRESENTATION_CONTEXT('2D SPACE',''
  ) );
#4564 = PCURVE('',#4509,#4565);
#4565 = DEFINITIONAL_REPRESENTATION('',(#4566),#4570);
#4566 = LINE('',#4567,#4568);
#4567 = CARTESIAN_POINT('',(-6.434393798514,3.575260777783));
#4568 = VECTOR('',#4569,1.);
#4569 = DIRECTION('',(1.,-0.));
#4570 = ( GEOMETRIC_REPRESENTATION_CONTEXT(2) 
PARAMETRIC_REPRESENTATION_CONTEXT() REPRESENTATION_CONTEXT('2D SPACE',''
  ) );
#4571 = ADVANCED_FACE('',(#4572),#3651,.F.);
#4572 = FACE_BOUND('',#4573,.F.);
#4573 = EDGE_LOOP('',(#4574,#4575,#4596,#4621));
#4574 = ORIENTED_EDGE('',*,*,#3633,.F.);
#4575 = ORIENTED_EDGE('',*,*,#4576,.T.);
#4576 = EDGE_CURVE('',#889,#3774,#4577,.T.);
#4577 = SURFACE_CURVE('',#4578,(#4582,#4589),.PCURVE_S1.);
#4578 = LINE('',#4579,#4580);
#4579 = CARTESIAN_POINT('',(26.456708382058,7.089053645358,-1.));
#4580 = VECTOR('',#4581,1.);
#4581 = DIRECTION('',(0.,0.,1.));
#4582 = PCURVE('',#3651,#4583);
#4583 = DEFINITIONAL_REPRESENTATION('',(#4584),#4588);
#4584 = LINE('',#4585,#4586);
#4585 = CARTESIAN_POINT('',(0.,0.));
#4586 = VECTOR('',#4587,1.);
#4587 = DIRECTION('',(0.,-1.));
#4588 = ( GEOMETRIC_REPRESENTATION_CONTEXT(2) 
PARAMETRIC_REPRESENTATION_CONTEXT() REPRESENTATION_CONTEXT('2D SPACE',''
  ) );
#4589 = PCURVE('',#3687,#4590);
#4590 = DEFINITIONAL_REPRESENTATION('',(#4591),#4595);
#4591 = LINE('',#4592,#4593);
#4592 = CARTESIAN_POINT('',(6.222895307442,0.));
#4593 = VECTOR('',#4594,1.);
#4594 = DIRECTION('',(0.,-1.));
#4595 = ( GEOMETRIC_REPRESENTATION_CONTEXT(2) 
PARAMETRIC_REPRESENTATION_CONTEXT() REPRESENTATION_CONTEXT('2D SPACE',''
  ) );
#4596 = ORIENTED_EDGE('',*,*,#4597,.F.);
#4597 = EDGE_CURVE('',#4530,#3774,#4598,.T.);
#4598 = SURFACE_CURVE('',#4599,(#4604,#4611),.PCURVE_S1.);
#4599 = HYPERBOLA('',#4600,25.005322988392,20.981957297029);
#4600 = AXIS2_PLACEMENT_3D('',#4601,#4602,#4603);
#4601 = CARTESIAN_POINT('',(12.0347562941,17.187413213045,
    65.975464234489));
#4602 = DIRECTION('',(0.573576436351,0.819152044289,0.));
#4603 = DIRECTION('',(0.,0.,-1.));
#4604 = PCURVE('',#3651,#4605);
#4605 = DEFINITIONAL_REPRESENTATION('',(#4606),#4610);
#4606 = ( BOUNDED_CURVE() B_SPLINE_CURVE(2,(#4607,#4608,#4609),
.UNSPECIFIED.,.F.,.F.) B_SPLINE_CURVE_WITH_KNOTS((3,3),(-0.929085588136,
-0.762909652067),.PIECEWISE_BEZIER_KNOTS.) CURVE() 
GEOMETRIC_REPRESENTATION_ITEM() RATIONAL_B_SPLINE_CURVE((1.,1.0034537915
,1.)) REPRESENTATION_ITEM('') );
#4607 = CARTESIAN_POINT('',(4.816185147315,-30.37883236018));
#4608 = CARTESIAN_POINT('',(2.270556834366,-32.59398588758));
#4609 = CARTESIAN_POINT('',(0.,-34.33333333333));
#4610 = ( GEOMETRIC_REPRESENTATION_CONTEXT(2) 
PARAMETRIC_REPRESENTATION_CONTEXT() REPRESENTATION_CONTEXT('2D SPACE',''
  ) );
#4611 = PCURVE('',#4509,#4612);
#4612 = DEFINITIONAL_REPRESENTATION('',(#4613),#4620);
#4613 = B_SPLINE_CURVE_WITH_KNOTS('',5,(#4614,#4615,#4616,#4617,#4618,
    #4619),.UNSPECIFIED.,.F.,.F.,(6,6),(-0.914753173669,-0.762909652067)
  ,.PIECEWISE_BEZIER_KNOTS.);
#4614 = CARTESIAN_POINT('',(-6.434393798484,3.5752607769));
#4615 = CARTESIAN_POINT('',(-6.455361052667,2.779604614578));
#4616 = CARTESIAN_POINT('',(-6.476904091222,2.025700687813));
#4617 = CARTESIAN_POINT('',(-6.499024794166,1.312020287306));
#4618 = CARTESIAN_POINT('',(-6.521720917789,0.63719485722));
#4619 = CARTESIAN_POINT('',(-6.544984694979,-4.169635934897E-15));
#4620 = ( GEOMETRIC_REPRESENTATION_CONTEXT(2) 
PARAMETRIC_REPRESENTATION_CONTEXT() REPRESENTATION_CONTEXT('2D SPACE',''
  ) );
#4621 = ORIENTED_EDGE('',*,*,#4529,.F.);
#4622 = ADVANCED_FACE('',(#4623),#3687,.F.);
#4623 = FACE_BOUND('',#4624,.F.);
#4624 = EDGE_LOOP('',(#4625,#4626,#4627,#4628));
#4625 = ORIENTED_EDGE('',*,*,#4576,.F.);
#4626 = ORIENTED_EDGE('',*,*,#3667,.F.);
#4627 = ORIENTED_EDGE('',*,*,#3725,.T.);
#4628 = ORIENTED_EDGE('',*,*,#3773,.F.);
#4629 = ADVANCED_FACE('',(#4630),#3848,.F.);
#4630 = FACE_BOUND('',#4631,.F.);
#4631 = EDGE_LOOP('',(#4632,#4658,#4659,#4660));
#4632 = ORIENTED_EDGE('',*,*,#4633,.F.);
#4633 = EDGE_CURVE('',#3774,#3935,#4634,.T.);
#4634 = SURFACE_CURVE('',#4635,(#4639,#4646),.PCURVE_S1.);
#4635 = LINE('',#4636,#4637);
#4636 = CARTESIAN_POINT('',(26.456708382058,7.089053645358,-1.));
#4637 = VECTOR('',#4638,1.);
#4638 = DIRECTION('',(0.,0.,1.));
#4639 = PCURVE('',#3848,#4640);
#4640 = DEFINITIONAL_REPRESENTATION('',(#4641),#4645);
#4641 = LINE('',#4642,#4643);
#4642 = CARTESIAN_POINT('',(6.222895307442,0.));
#4643 = VECTOR('',#4644,1.);
#4644 = DIRECTION('',(0.,-1.));
#4645 = ( GEOMETRIC_REPRESENTATION_CONTEXT(2) 
PARAMETRIC_REPRESENTATION_CONTEXT() REPRESENTATION_CONTEXT('2D SPACE',''
  ) );
#4646 = PCURVE('',#4647,#4652);
#4647 = PLANE('',#4648);
#4648 = AXIS2_PLACEMENT_3D('',#4649,#4650,#4651);
#4649 = CARTESIAN_POINT('',(26.456708382058,7.089053645358,-1.));
#4650 = DIRECTION('',(0.573576436351,0.819152044289,0.));
#4651 = DIRECTION('',(0.819152044289,-0.573576436351,0.));
#4652 = DEFINITIONAL_REPRESENTATION('',(#4653),#4657);
#4653 = LINE('',#4654,#4655);
#4654 = CARTESIAN_POINT('',(0.,0.));
#4655 = VECTOR('',#4656,1.);
#4656 = DIRECTION('',(0.,-1.));
#4657 = ( GEOMETRIC_REPRESENTATION_CONTEXT(2) 
PARAMETRIC_REPRESENTATION_CONTEXT() REPRESENTATION_CONTEXT('2D SPACE',''
  ) );
#4658 = ORIENTED_EDGE('',*,*,#3828,.F.);
#4659 = ORIENTED_EDGE('',*,*,#3886,.T.);
#4660 = ORIENTED_EDGE('',*,*,#3934,.F.);
#4661 = ADVANCED_FACE('',(#4662),#4009,.F.);
#4662 = FACE_BOUND('',#4663,.F.);
#4663 = EDGE_LOOP('',(#4664,#4690,#4691,#4692));
#4664 = ORIENTED_EDGE('',*,*,#4665,.F.);
#4665 = EDGE_CURVE('',#3935,#4096,#4666,.T.);
#4666 = SURFACE_CURVE('',#4667,(#4671,#4678),.PCURVE_S1.);
#4667 = LINE('',#4668,#4669);
#4668 = CARTESIAN_POINT('',(26.456708382058,7.089053645358,-1.));
#4669 = VECTOR('',#4670,1.);
#4670 = DIRECTION('',(0.,0.,1.));
#4671 = PCURVE('',#4009,#4672);
#4672 = DEFINITIONAL_REPRESENTATION('',(#4673),#4677);
#4673 = LINE('',#4674,#4675);
#4674 = CARTESIAN_POINT('',(6.222895307442,0.));
#4675 = VECTOR('',#4676,1.);
#4676 = DIRECTION('',(0.,-1.));
#4677 = ( GEOMETRIC_REPRESENTATION_CONTEXT(2) 
PARAMETRIC_REPRESENTATION_CONTEXT() REPRESENTATION_CONTEXT('2D SPACE',''
  ) );
#4678 = PCURVE('',#4679,#4684);
#4679 = PLANE('',#4680);
#4680 = AXIS2_PLACEMENT_3D('',#4681,#4682,#4683);
#4681 = CARTESIAN_POINT('',(26.456708382058,7.089053645358,-1.));
#4682 = DIRECTION('',(0.573576436351,0.819152044289,0.));
#4683 = DIRECTION('',(0.819152044289,-0.573576436351,0.));
#4684 = DEFINITIONAL_REPRESENTATION('',(#4685),#4689);
#4685 = LINE('',#4686,#4687);
#4686 = CARTESIAN_POINT('',(0.,0.));
#4687 = VECTOR('',#4688,1.);
#4688 = DIRECTION('',(0.,-1.));
#4689 = ( GEOMETRIC_REPRESENTATION_CONTEXT(2) 
PARAMETRIC_REPRESENTATION_CONTEXT() REPRESENTATION_CONTEXT('2D SPACE',''
  ) );
#4690 = ORIENTED_EDGE('',*,*,#3989,.F.);
#4691 = ORIENTED_EDGE('',*,*,#4047,.T.);
#4692 = ORIENTED_EDGE('',*,*,#4095,.F.);
#4693 = ADVANCED_FACE('',(#4694),#4170,.F.);
#4694 = FACE_BOUND('',#4695,.F.);
#4695 = EDGE_LOOP('',(#4696,#4722,#4723,#4724));
#4696 = ORIENTED_EDGE('',*,*,#4697,.F.);
#4697 = EDGE_CURVE('',#4096,#2791,#4698,.T.);
#4698 = SURFACE_CURVE('',#4699,(#4703,#4710),.PCURVE_S1.);
#4699 = LINE('',#4700,#4701);
#4700 = CARTESIAN_POINT('',(26.456708382058,7.089053645358,-1.));
#4701 = VECTOR('',#4702,1.);
#4702 = DIRECTION('',(0.,0.,1.));
#4703 = PCURVE('',#4170,#4704);
#4704 = DEFINITIONAL_REPRESENTATION('',(#4705),#4709);
#4705 = LINE('',#4706,#4707);
#4706 = CARTESIAN_POINT('',(6.222895307442,0.));
#4707 = VECTOR('',#4708,1.);
#4708 = DIRECTION('',(0.,-1.));
#4709 = ( GEOMETRIC_REPRESENTATION_CONTEXT(2) 
PARAMETRIC_REPRESENTATION_CONTEXT() REPRESENTATION_CONTEXT('2D SPACE',''
  ) );
#4710 = PCURVE('',#4711,#4716);
#4711 = PLANE('',#4712);
#4712 = AXIS2_PLACEMENT_3D('',#4713,#4714,#4715);
#4713 = CARTESIAN_POINT('',(26.456708382058,7.089053645358,-1.));
#4714 = DIRECTION('',(0.573576436351,0.819152044289,0.));
#4715 = DIRECTION('',(0.819152044289,-0.573576436351,0.));
#4716 = DEFINITIONAL_REPRESENTATION('',(#4717),#4721);
#4717 = LINE('',#4718,#4719);
#4718 = CARTESIAN_POINT('',(0.,0.));
#4719 = VECTOR('',#4720,1.);
#4720 = DIRECTION('',(0.,-1.));
#4721 = ( GEOMETRIC_REPRESENTATION_CONTEXT(2) 
PARAMETRIC_REPRESENTATION_CONTEXT() REPRESENTATION_CONTEXT('2D SPACE',''
  ) );
#4722 = ORIENTED_EDGE('',*,*,#4150,.F.);
#4723 = ORIENTED_EDGE('',*,*,#4208,.T.);
#4724 = ORIENTED_EDGE('',*,*,#4256,.F.);
#4725 = ADVANCED_FACE('',(#4726),#4330,.F.);
#4726 = FACE_BOUND('',#4727,.T.);
#4727 = EDGE_LOOP('',(#4728,#4759,#4784,#4785));
#4728 = ORIENTED_EDGE('',*,*,#4729,.T.);
#4729 = EDGE_CURVE('',#4730,#4732,#4734,.T.);
#4730 = VERTEX_POINT('',#4731);
#4731 = CARTESIAN_POINT('',(30.043242844873,4.577735178446,
    79.758072555551));
#4732 = VERTEX_POINT('',#4733);
#4733 = CARTESIAN_POINT('',(30.043242844873,-4.577735178446,
    79.758072555551));
#4734 = SURFACE_CURVE('',#4735,(#4740,#4747),.PCURVE_S1.);
#4735 = CIRCLE('',#4736,30.39);
#4736 = AXIS2_PLACEMENT_3D('',#4737,#4738,#4739);
#4737 = CARTESIAN_POINT('',(0.,0.,79.758072555551));
#4738 = DIRECTION('',(0.,0.,-1.));
#4739 = DIRECTION('',(0.988589761266,0.150632944338,0.));
#4740 = PCURVE('',#4330,#4741);
#4741 = DEFINITIONAL_REPRESENTATION('',(#4742),#4746);
#4742 = LINE('',#4743,#4744);
#4743 = CARTESIAN_POINT('',(-6.434393798514,3.575260777783));
#4744 = VECTOR('',#4745,1.);
#4745 = DIRECTION('',(1.,-0.));
#4746 = ( GEOMETRIC_REPRESENTATION_CONTEXT(2) 
PARAMETRIC_REPRESENTATION_CONTEXT() REPRESENTATION_CONTEXT('2D SPACE',''
  ) );
#4747 = PCURVE('',#4748,#4753);
#4748 = CYLINDRICAL_SURFACE('',#4749,30.39);
#4749 = AXIS2_PLACEMENT_3D('',#4750,#4751,#4752);
#4750 = CARTESIAN_POINT('',(0.,0.,-1.));
#4751 = DIRECTION('',(0.,0.,1.));
#4752 = DIRECTION('',(1.,0.,-0.));
#4753 = DEFINITIONAL_REPRESENTATION('',(#4754),#4758);
#4754 = LINE('',#4755,#4756);
#4755 = CARTESIAN_POINT('',(6.434393798514,80.758072555551));
#4756 = VECTOR('',#4757,1.);
#4757 = DIRECTION('',(-1.,-0.));
#4758 = ( GEOMETRIC_REPRESENTATION_CONTEXT(2) 
PARAMETRIC_REPRESENTATION_CONTEXT() REPRESENTATION_CONTEXT('2D SPACE',''
  ) );
#4759 = ORIENTED_EDGE('',*,*,#4760,.F.);
#4760 = EDGE_CURVE('',#2634,#4732,#4761,.T.);
#4761 = SURFACE_CURVE('',#4762,(#4767,#4777),.PCURVE_S1.);
#4762 = HYPERBOLA('',#4763,25.005322988392,20.981957297029);
#4763 = AXIS2_PLACEMENT_3D('',#4764,#4765,#4766);
#4764 = CARTESIAN_POINT('',(12.0347562941,-17.18741321304,
    115.97546423448));
#4765 = DIRECTION('',(0.573576436351,-0.819152044289,0.));
#4766 = DIRECTION('',(0.,-0.,-1.));
#4767 = PCURVE('',#4330,#4768);
#4768 = DEFINITIONAL_REPRESENTATION('',(#4769),#4776);
#4769 = B_SPLINE_CURVE_WITH_KNOTS('',5,(#4770,#4771,#4772,#4773,#4774,
    #4775),.UNSPECIFIED.,.F.,.F.,(6,6),(0.762909652067,0.914753173669),
  .PIECEWISE_BEZIER_KNOTS.);
#4770 = CARTESIAN_POINT('',(-6.02138591938,-1.008864185735E-14));
#4771 = CARTESIAN_POINT('',(-6.04464969657,0.63719485722));
#4772 = CARTESIAN_POINT('',(-6.067345820193,1.312020287306));
#4773 = CARTESIAN_POINT('',(-6.089466523137,2.025700687813));
#4774 = CARTESIAN_POINT('',(-6.111009561692,2.779604614578));
#4775 = CARTESIAN_POINT('',(-6.131976815875,3.5752607769));
#4776 = ( GEOMETRIC_REPRESENTATION_CONTEXT(2) 
PARAMETRIC_REPRESENTATION_CONTEXT() REPRESENTATION_CONTEXT('2D SPACE',''
  ) );
#4777 = PCURVE('',#4363,#4778);
#4778 = DEFINITIONAL_REPRESENTATION('',(#4779),#4783);
#4779 = ( BOUNDED_CURVE() B_SPLINE_CURVE(2,(#4780,#4781,#4782),
.UNSPECIFIED.,.F.,.F.) B_SPLINE_CURVE_WITH_KNOTS((3,3),(0.762909652067,
0.929085588136),.PIECEWISE_BEZIER_KNOTS.) CURVE() 
GEOMETRIC_REPRESENTATION_ITEM() RATIONAL_B_SPLINE_CURVE((1.,1.0034537915
,1.)) REPRESENTATION_ITEM('') );
#4780 = CARTESIAN_POINT('',(6.222895307442,-84.33333333333));
#4781 = CARTESIAN_POINT('',(3.952338473076,-82.59398588758));
#4782 = CARTESIAN_POINT('',(1.406710160127,-80.37883236018));
#4783 = ( GEOMETRIC_REPRESENTATION_CONTEXT(2) 
PARAMETRIC_REPRESENTATION_CONTEXT() REPRESENTATION_CONTEXT('2D SPACE',''
  ) );
#4784 = ORIENTED_EDGE('',*,*,#4315,.F.);
#4785 = ORIENTED_EDGE('',*,*,#4786,.F.);
#4786 = EDGE_CURVE('',#4730,#2791,#4787,.T.);
#4787 = SURFACE_CURVE('',#4788,(#4793,#4803),.PCURVE_S1.);
#4788 = HYPERBOLA('',#4789,25.005322988392,20.981957297029);
#4789 = AXIS2_PLACEMENT_3D('',#4790,#4791,#4792);
#4790 = CARTESIAN_POINT('',(12.0347562941,17.187413213045,
    115.97546423448));
#4791 = DIRECTION('',(0.573576436351,0.819152044289,0.));
#4792 = DIRECTION('',(0.,0.,-1.));
#4793 = PCURVE('',#4330,#4794);
#4794 = DEFINITIONAL_REPRESENTATION('',(#4795),#4802);
#4795 = B_SPLINE_CURVE_WITH_KNOTS('',5,(#4796,#4797,#4798,#4799,#4800,
    #4801),.UNSPECIFIED.,.F.,.F.,(6,6),(-0.914753173669,-0.762909652067)
  ,.PIECEWISE_BEZIER_KNOTS.);
#4796 = CARTESIAN_POINT('',(-6.434393798484,3.5752607769));
#4797 = CARTESIAN_POINT('',(-6.455361052667,2.779604614578));
#4798 = CARTESIAN_POINT('',(-6.476904091222,2.025700687813));
#4799 = CARTESIAN_POINT('',(-6.499024794166,1.312020287306));
#4800 = CARTESIAN_POINT('',(-6.521720917789,0.63719485722));
#4801 = CARTESIAN_POINT('',(-6.544984694979,0.));
#4802 = ( GEOMETRIC_REPRESENTATION_CONTEXT(2) 
PARAMETRIC_REPRESENTATION_CONTEXT() REPRESENTATION_CONTEXT('2D SPACE',''
  ) );
#4803 = PCURVE('',#4711,#4804);
#4804 = DEFINITIONAL_REPRESENTATION('',(#4805),#4809);
#4805 = ( BOUNDED_CURVE() B_SPLINE_CURVE(2,(#4806,#4807,#4808),
.UNSPECIFIED.,.F.,.F.) B_SPLINE_CURVE_WITH_KNOTS((3,3),(-0.929085588136,
-0.762909652067),.PIECEWISE_BEZIER_KNOTS.) CURVE() 
GEOMETRIC_REPRESENTATION_ITEM() RATIONAL_B_SPLINE_CURVE((1.,1.0034537915
,1.)) REPRESENTATION_ITEM('') );
#4806 = CARTESIAN_POINT('',(4.816185147315,-80.37883236018));
#4807 = CARTESIAN_POINT('',(2.270556834366,-82.59398588758));
#4808 = CARTESIAN_POINT('',(0.,-84.33333333333));
#4809 = ( GEOMETRIC_REPRESENTATION_CONTEXT(2) 
PARAMETRIC_REPRESENTATION_CONTEXT() REPRESENTATION_CONTEXT('2D SPACE',''
  ) );
#4810 = ADVANCED_FACE('',(#4811),#4363,.F.);
#4811 = FACE_BOUND('',#4812,.F.);
#4812 = EDGE_LOOP('',(#4813,#4814,#4846,#4865));
#4813 = ORIENTED_EDGE('',*,*,#4349,.F.);
#4814 = ORIENTED_EDGE('',*,*,#4815,.F.);
#4815 = EDGE_CURVE('',#4816,#3058,#4818,.T.);
#4816 = VERTEX_POINT('',#4817);
#4817 = CARTESIAN_POINT('',(30.043242844873,-4.577735178446,
    70.241927444449));
#4818 = SURFACE_CURVE('',#4819,(#4824,#4831),.PCURVE_S1.);
#4819 = HYPERBOLA('',#4820,25.005322988392,20.981957297029);
#4820 = AXIS2_PLACEMENT_3D('',#4821,#4822,#4823);
#4821 = CARTESIAN_POINT('',(12.0347562941,-17.18741321304,
    34.024535765511));
#4822 = DIRECTION('',(0.573576436351,-0.819152044289,0.));
#4823 = DIRECTION('',(-0.,0.,1.));
#4824 = PCURVE('',#4363,#4825);
#4825 = DEFINITIONAL_REPRESENTATION('',(#4826),#4830);
#4826 = ( BOUNDED_CURVE() B_SPLINE_CURVE(2,(#4827,#4828,#4829),
.UNSPECIFIED.,.F.,.F.) B_SPLINE_CURVE_WITH_KNOTS((3,3),(-0.929085588136,
-0.762909652067),.PIECEWISE_BEZIER_KNOTS.) CURVE() 
GEOMETRIC_REPRESENTATION_ITEM() RATIONAL_B_SPLINE_CURVE((1.,1.0034537915
,1.)) REPRESENTATION_ITEM('') );
#4827 = CARTESIAN_POINT('',(1.406710160127,-71.62116763981));
#4828 = CARTESIAN_POINT('',(3.952338473076,-69.40601411241));
#4829 = CARTESIAN_POINT('',(6.222895307442,-67.66666666666));
#4830 = ( GEOMETRIC_REPRESENTATION_CONTEXT(2) 
PARAMETRIC_REPRESENTATION_CONTEXT() REPRESENTATION_CONTEXT('2D SPACE',''
  ) );
#4831 = PCURVE('',#4832,#4837);
#4832 = CONICAL_SURFACE('',#4833,31.39,0.698131700798);
#4833 = AXIS2_PLACEMENT_3D('',#4834,#4835,#4836);
#4834 = CARTESIAN_POINT('',(0.,0.,71.433681037044));
#4835 = DIRECTION('',(0.,0.,1.));
#4836 = DIRECTION('',(1.,0.,0.));
#4837 = DEFINITIONAL_REPRESENTATION('',(#4838),#4845);
#4838 = B_SPLINE_CURVE_WITH_KNOTS('',5,(#4839,#4840,#4841,#4842,#4843,
    #4844),.UNSPECIFIED.,.F.,.F.,(6,6),(-0.914753173669,-0.762909652067)
  ,.PIECEWISE_BEZIER_KNOTS.);
#4839 = CARTESIAN_POINT('',(6.131976815875,-1.191753593476));
#4840 = CARTESIAN_POINT('',(6.111009561692,-1.987409755799));
#4841 = CARTESIAN_POINT('',(6.089466523137,-2.741313682564));
#4842 = CARTESIAN_POINT('',(6.067345820193,-3.454994083071));
#4843 = CARTESIAN_POINT('',(6.04464969657,-4.129819513157));
#4844 = CARTESIAN_POINT('',(6.02138591938,-4.767014370377));
#4845 = ( GEOMETRIC_REPRESENTATION_CONTEXT(2) 
PARAMETRIC_REPRESENTATION_CONTEXT() REPRESENTATION_CONTEXT('2D SPACE',''
  ) );
#4846 = ORIENTED_EDGE('',*,*,#4847,.T.);
#4847 = EDGE_CURVE('',#4816,#4732,#4848,.T.);
#4848 = SURFACE_CURVE('',#4849,(#4853,#4859),.PCURVE_S1.);
#4849 = LINE('',#4850,#4851);
#4850 = CARTESIAN_POINT('',(30.043242844873,-4.577735178446,-1.));
#4851 = VECTOR('',#4852,1.);
#4852 = DIRECTION('',(0.,0.,1.));
#4853 = PCURVE('',#4363,#4854);
#4854 = DEFINITIONAL_REPRESENTATION('',(#4855),#4858);
#4855 = B_SPLINE_CURVE_WITH_KNOTS('',1,(#4856,#4857),.UNSPECIFIED.,.F.,
  .F.,(2,2),(-5.999999999062E-07,102.0000006),.PIECEWISE_BEZIER_KNOTS.);
#4856 = CARTESIAN_POINT('',(1.844545173519,5.999999999062E-07));
#4857 = CARTESIAN_POINT('',(1.844545173519,-102.0000006));
#4858 = ( GEOMETRIC_REPRESENTATION_CONTEXT(2) 
PARAMETRIC_REPRESENTATION_CONTEXT() REPRESENTATION_CONTEXT('2D SPACE',''
  ) );
#4859 = PCURVE('',#4748,#4860);
#4860 = DEFINITIONAL_REPRESENTATION('',(#4861),#4864);
#4861 = B_SPLINE_CURVE_WITH_KNOTS('',1,(#4862,#4863),.UNSPECIFIED.,.F.,
  .F.,(2,2),(-5.999999999062E-07,102.0000006),.PIECEWISE_BEZIER_KNOTS.);
#4862 = CARTESIAN_POINT('',(6.131976815845,-5.999999999062E-07));
#4863 = CARTESIAN_POINT('',(6.131976815845,102.0000006));
#4864 = ( GEOMETRIC_REPRESENTATION_CONTEXT(2) 
PARAMETRIC_REPRESENTATION_CONTEXT() REPRESENTATION_CONTEXT('2D SPACE',''
  ) );
#4865 = ORIENTED_EDGE('',*,*,#4760,.F.);
#4866 = ADVANCED_FACE('',(#4867),#4395,.F.);
#4867 = FACE_BOUND('',#4868,.F.);
#4868 = EDGE_LOOP('',(#4869,#4870,#4902,#4928));
#4869 = ORIENTED_EDGE('',*,*,#4381,.F.);
#4870 = ORIENTED_EDGE('',*,*,#4871,.F.);
#4871 = EDGE_CURVE('',#4872,#3219,#4874,.T.);
#4872 = VERTEX_POINT('',#4873);
#4873 = CARTESIAN_POINT('',(30.043242844873,-4.577735178446,
    53.575260777783));
#4874 = SURFACE_CURVE('',#4875,(#4880,#4887),.PCURVE_S1.);
#4875 = HYPERBOLA('',#4876,25.005322988392,20.981957297029);
#4876 = AXIS2_PLACEMENT_3D('',#4877,#4878,#4879);
#4877 = CARTESIAN_POINT('',(12.0347562941,-17.18741321304,
    17.357869098845));
#4878 = DIRECTION('',(0.573576436351,-0.819152044289,0.));
#4879 = DIRECTION('',(-0.,0.,1.));
#4880 = PCURVE('',#4395,#4881);
#4881 = DEFINITIONAL_REPRESENTATION('',(#4882),#4886);
#4882 = ( BOUNDED_CURVE() B_SPLINE_CURVE(2,(#4883,#4884,#4885),
.UNSPECIFIED.,.F.,.F.) B_SPLINE_CURVE_WITH_KNOTS((3,3),(-0.929085588136,
-0.762909652067),.PIECEWISE_BEZIER_KNOTS.) CURVE() 
GEOMETRIC_REPRESENTATION_ITEM() RATIONAL_B_SPLINE_CURVE((1.,1.0034537915
,1.)) REPRESENTATION_ITEM('') );
#4883 = CARTESIAN_POINT('',(1.406710160127,-54.95450097315));
#4884 = CARTESIAN_POINT('',(3.952338473076,-52.73934744575));
#4885 = CARTESIAN_POINT('',(6.222895307442,-51.));
#4886 = ( GEOMETRIC_REPRESENTATION_CONTEXT(2) 
PARAMETRIC_REPRESENTATION_CONTEXT() REPRESENTATION_CONTEXT('2D SPACE',''
  ) );
#4887 = PCURVE('',#4888,#4893);
#4888 = CONICAL_SURFACE('',#4889,31.39,0.698131700798);
#4889 = AXIS2_PLACEMENT_3D('',#4890,#4891,#4892);
#4890 = CARTESIAN_POINT('',(0.,0.,54.767014370377));
#4891 = DIRECTION('',(0.,0.,1.));
#4892 = DIRECTION('',(1.,0.,0.));
#4893 = DEFINITIONAL_REPRESENTATION('',(#4894),#4901);
#4894 = B_SPLINE_CURVE_WITH_KNOTS('',5,(#4895,#4896,#4897,#4898,#4899,
    #4900),.UNSPECIFIED.,.F.,.F.,(6,6),(-0.914753173669,-0.762909652067)
  ,.PIECEWISE_BEZIER_KNOTS.);
#4895 = CARTESIAN_POINT('',(6.131976815875,-1.191753593476));
#4896 = CARTESIAN_POINT('',(6.111009561692,-1.987409755799));
#4897 = CARTESIAN_POINT('',(6.089466523137,-2.741313682564));
#4898 = CARTESIAN_POINT('',(6.067345820193,-3.454994083071));
#4899 = CARTESIAN_POINT('',(6.04464969657,-4.129819513157));
#4900 = CARTESIAN_POINT('',(6.02138591938,-4.767014370377));
#4901 = ( GEOMETRIC_REPRESENTATION_CONTEXT(2) 
PARAMETRIC_REPRESENTATION_CONTEXT() REPRESENTATION_CONTEXT('2D SPACE',''
  ) );
#4902 = ORIENTED_EDGE('',*,*,#4903,.T.);
#4903 = EDGE_CURVE('',#4872,#4904,#4906,.T.);
#4904 = VERTEX_POINT('',#4905);
#4905 = CARTESIAN_POINT('',(30.043242844873,-4.577735178446,
    63.091405888884));
#4906 = SURFACE_CURVE('',#4907,(#4911,#4917),.PCURVE_S1.);
#4907 = LINE('',#4908,#4909);
#4908 = CARTESIAN_POINT('',(30.043242844873,-4.577735178446,-1.));
#4909 = VECTOR('',#4910,1.);
#4910 = DIRECTION('',(0.,0.,1.));
#4911 = PCURVE('',#4395,#4912);
#4912 = DEFINITIONAL_REPRESENTATION('',(#4913),#4916);
#4913 = B_SPLINE_CURVE_WITH_KNOTS('',1,(#4914,#4915),.UNSPECIFIED.,.F.,
  .F.,(2,2),(-5.999999999062E-07,102.0000006),.PIECEWISE_BEZIER_KNOTS.);
#4914 = CARTESIAN_POINT('',(1.844545173519,5.999999999062E-07));
#4915 = CARTESIAN_POINT('',(1.844545173519,-102.0000006));
#4916 = ( GEOMETRIC_REPRESENTATION_CONTEXT(2) 
PARAMETRIC_REPRESENTATION_CONTEXT() REPRESENTATION_CONTEXT('2D SPACE',''
  ) );
#4917 = PCURVE('',#4918,#4923);
#4918 = CYLINDRICAL_SURFACE('',#4919,30.39);
#4919 = AXIS2_PLACEMENT_3D('',#4920,#4921,#4922);
#4920 = CARTESIAN_POINT('',(0.,0.,-1.));
#4921 = DIRECTION('',(0.,0.,1.));
#4922 = DIRECTION('',(1.,0.,-0.));
#4923 = DEFINITIONAL_REPRESENTATION('',(#4924),#4927);
#4924 = B_SPLINE_CURVE_WITH_KNOTS('',1,(#4925,#4926),.UNSPECIFIED.,.F.,
  .F.,(2,2),(-5.999999999062E-07,102.0000006),.PIECEWISE_BEZIER_KNOTS.);
#4925 = CARTESIAN_POINT('',(6.131976815845,-5.999999999062E-07));
#4926 = CARTESIAN_POINT('',(6.131976815845,102.0000006));
#4927 = ( GEOMETRIC_REPRESENTATION_CONTEXT(2) 
PARAMETRIC_REPRESENTATION_CONTEXT() REPRESENTATION_CONTEXT('2D SPACE',''
  ) );
#4928 = ORIENTED_EDGE('',*,*,#4929,.F.);
#4929 = EDGE_CURVE('',#3058,#4904,#4930,.T.);
#4930 = SURFACE_CURVE('',#4931,(#4936,#4943),.PCURVE_S1.);
#4931 = HYPERBOLA('',#4932,25.005322988392,20.981957297029);
#4932 = AXIS2_PLACEMENT_3D('',#4933,#4934,#4935);
#4933 = CARTESIAN_POINT('',(12.0347562941,-17.18741321304,
    99.308797567822));
#4934 = DIRECTION('',(0.573576436351,-0.819152044289,0.));
#4935 = DIRECTION('',(0.,-0.,-1.));
#4936 = PCURVE('',#4395,#4937);
#4937 = DEFINITIONAL_REPRESENTATION('',(#4938),#4942);
#4938 = ( BOUNDED_CURVE() B_SPLINE_CURVE(2,(#4939,#4940,#4941),
.UNSPECIFIED.,.F.,.F.) B_SPLINE_CURVE_WITH_KNOTS((3,3),(0.762909652067,
0.929085588136),.PIECEWISE_BEZIER_KNOTS.) CURVE() 
GEOMETRIC_REPRESENTATION_ITEM() RATIONAL_B_SPLINE_CURVE((1.,1.0034537915
,1.)) REPRESENTATION_ITEM('') );
#4939 = CARTESIAN_POINT('',(6.222895307442,-67.66666666666));
#4940 = CARTESIAN_POINT('',(3.952338473076,-65.92731922091));
#4941 = CARTESIAN_POINT('',(1.406710160127,-63.71216569351));
#4942 = ( GEOMETRIC_REPRESENTATION_CONTEXT(2) 
PARAMETRIC_REPRESENTATION_CONTEXT() REPRESENTATION_CONTEXT('2D SPACE',''
  ) );
#4943 = PCURVE('',#4944,#4949);
#4944 = CONICAL_SURFACE('',#4945,27.39,0.698131700798);
#4945 = AXIS2_PLACEMENT_3D('',#4946,#4947,#4948);
#4946 = CARTESIAN_POINT('',(0.,0.,66.666666666667));
#4947 = DIRECTION('',(-0.,-0.,-1.));
#4948 = DIRECTION('',(1.,0.,0.));
#4949 = DEFINITIONAL_REPRESENTATION('',(#4950),#4957);
#4950 = B_SPLINE_CURVE_WITH_KNOTS('',5,(#4951,#4952,#4953,#4954,#4955,
    #4956),.UNSPECIFIED.,.F.,.F.,(6,6),(0.762909652067,0.914753173669),
  .PIECEWISE_BEZIER_KNOTS.);
#4951 = CARTESIAN_POINT('',(-6.02138591938,-1.008864185735E-14));
#4952 = CARTESIAN_POINT('',(-6.04464969657,0.63719485722));
#4953 = CARTESIAN_POINT('',(-6.067345820193,1.312020287306));
#4954 = CARTESIAN_POINT('',(-6.089466523137,2.025700687813));
#4955 = CARTESIAN_POINT('',(-6.111009561692,2.779604614578));
#4956 = CARTESIAN_POINT('',(-6.131976815875,3.5752607769));
#4957 = ( GEOMETRIC_REPRESENTATION_CONTEXT(2) 
PARAMETRIC_REPRESENTATION_CONTEXT() REPRESENTATION_CONTEXT('2D SPACE',''
  ) );
#4958 = ADVANCED_FACE('',(#4959),#4427,.F.);
#4959 = FACE_BOUND('',#4960,.F.);
#4960 = EDGE_LOOP('',(#4961,#4962,#4994,#5020));
#4961 = ORIENTED_EDGE('',*,*,#4413,.F.);
#4962 = ORIENTED_EDGE('',*,*,#4963,.F.);
#4963 = EDGE_CURVE('',#4964,#3380,#4966,.T.);
#4964 = VERTEX_POINT('',#4965);
#4965 = CARTESIAN_POINT('',(30.043242844873,-4.577735178446,
    36.908594111116));
#4966 = SURFACE_CURVE('',#4967,(#4972,#4979),.PCURVE_S1.);
#4967 = HYPERBOLA('',#4968,25.005322988392,20.981957297029);
#4968 = AXIS2_PLACEMENT_3D('',#4969,#4970,#4971);
#4969 = CARTESIAN_POINT('',(12.0347562941,-17.18741321304,0.691202432178
    ));
#4970 = DIRECTION('',(0.573576436351,-0.819152044289,0.));
#4971 = DIRECTION('',(-0.,0.,1.));
#4972 = PCURVE('',#4427,#4973);
#4973 = DEFINITIONAL_REPRESENTATION('',(#4974),#4978);
#4974 = ( BOUNDED_CURVE() B_SPLINE_CURVE(2,(#4975,#4976,#4977),
.UNSPECIFIED.,.F.,.F.) B_SPLINE_CURVE_WITH_KNOTS((3,3),(-0.929085588136,
-0.762909652067),.PIECEWISE_BEZIER_KNOTS.) CURVE() 
GEOMETRIC_REPRESENTATION_ITEM() RATIONAL_B_SPLINE_CURVE((1.,1.0034537915
,1.)) REPRESENTATION_ITEM('') );
#4975 = CARTESIAN_POINT('',(1.406710160127,-38.28783430648));
#4976 = CARTESIAN_POINT('',(3.952338473076,-36.07268077908));
#4977 = CARTESIAN_POINT('',(6.222895307442,-34.33333333333));
#4978 = ( GEOMETRIC_REPRESENTATION_CONTEXT(2) 
PARAMETRIC_REPRESENTATION_CONTEXT() REPRESENTATION_CONTEXT('2D SPACE',''
  ) );
#4979 = PCURVE('',#4980,#4985);
#4980 = CONICAL_SURFACE('',#4981,31.39,0.698131700798);
#4981 = AXIS2_PLACEMENT_3D('',#4982,#4983,#4984);
#4982 = CARTESIAN_POINT('',(0.,0.,38.10034770371));
#4983 = DIRECTION('',(0.,0.,1.));
#4984 = DIRECTION('',(1.,0.,0.));
#4985 = DEFINITIONAL_REPRESENTATION('',(#4986),#4993);
#4986 = B_SPLINE_CURVE_WITH_KNOTS('',5,(#4987,#4988,#4989,#4990,#4991,
    #4992),.UNSPECIFIED.,.F.,.F.,(6,6),(-0.914753173669,-0.762909652067)
  ,.PIECEWISE_BEZIER_KNOTS.);
#4987 = CARTESIAN_POINT('',(6.131976815875,-1.191753593476));
#4988 = CARTESIAN_POINT('',(6.111009561692,-1.987409755799));
#4989 = CARTESIAN_POINT('',(6.089466523137,-2.741313682564));
#4990 = CARTESIAN_POINT('',(6.067345820193,-3.454994083071));
#4991 = CARTESIAN_POINT('',(6.04464969657,-4.129819513157));
#4992 = CARTESIAN_POINT('',(6.02138591938,-4.767014370377));
#4993 = ( GEOMETRIC_REPRESENTATION_CONTEXT(2) 
PARAMETRIC_REPRESENTATION_CONTEXT() REPRESENTATION_CONTEXT('2D SPACE',''
  ) );
#4994 = ORIENTED_EDGE('',*,*,#4995,.T.);
#4995 = EDGE_CURVE('',#4964,#4996,#4998,.T.);
#4996 = VERTEX_POINT('',#4997);
#4997 = CARTESIAN_POINT('',(30.043242844873,-4.577735178446,
    46.424739222217));
#4998 = SURFACE_CURVE('',#4999,(#5003,#5009),.PCURVE_S1.);
#4999 = LINE('',#5000,#5001);
#5000 = CARTESIAN_POINT('',(30.043242844873,-4.577735178446,-1.));
#5001 = VECTOR('',#5002,1.);
#5002 = DIRECTION('',(0.,0.,1.));
#5003 = PCURVE('',#4427,#5004);
#5004 = DEFINITIONAL_REPRESENTATION('',(#5005),#5008);
#5005 = B_SPLINE_CURVE_WITH_KNOTS('',1,(#5006,#5007),.UNSPECIFIED.,.F.,
  .F.,(2,2),(-5.999999999062E-07,102.0000006),.PIECEWISE_BEZIER_KNOTS.);
#5006 = CARTESIAN_POINT('',(1.844545173519,5.999999999062E-07));
#5007 = CARTESIAN_POINT('',(1.844545173519,-102.0000006));
#5008 = ( GEOMETRIC_REPRESENTATION_CONTEXT(2) 
PARAMETRIC_REPRESENTATION_CONTEXT() REPRESENTATION_CONTEXT('2D SPACE',''
  ) );
#5009 = PCURVE('',#5010,#5015);
#5010 = CYLINDRICAL_SURFACE('',#5011,30.39);
#5011 = AXIS2_PLACEMENT_3D('',#5012,#5013,#5014);
#5012 = CARTESIAN_POINT('',(0.,0.,-1.));
#5013 = DIRECTION('',(0.,0.,1.));
#5014 = DIRECTION('',(1.,0.,-0.));
#5015 = DEFINITIONAL_REPRESENTATION('',(#5016),#5019);
#5016 = B_SPLINE_CURVE_WITH_KNOTS('',1,(#5017,#5018),.UNSPECIFIED.,.F.,
  .F.,(2,2),(-5.999999999062E-07,102.0000006),.PIECEWISE_BEZIER_KNOTS.);
#5017 = CARTESIAN_POINT('',(6.131976815845,-5.999999999062E-07));
#5018 = CARTESIAN_POINT('',(6.131976815845,102.0000006));
#5019 = ( GEOMETRIC_REPRESENTATION_CONTEXT(2) 
PARAMETRIC_REPRESENTATION_CONTEXT() REPRESENTATION_CONTEXT('2D SPACE',''
  ) );
#5020 = ORIENTED_EDGE('',*,*,#5021,.F.);
#5021 = EDGE_CURVE('',#3219,#4996,#5022,.T.);
#5022 = SURFACE_CURVE('',#5023,(#5028,#5035),.PCURVE_S1.);
#5023 = HYPERBOLA('',#5024,25.005322988392,20.981957297029);
#5024 = AXIS2_PLACEMENT_3D('',#5025,#5026,#5027);
#5025 = CARTESIAN_POINT('',(12.0347562941,-17.18741321304,
    82.642130901155));
#5026 = DIRECTION('',(0.573576436351,-0.819152044289,0.));
#5027 = DIRECTION('',(0.,-0.,-1.));
#5028 = PCURVE('',#4427,#5029);
#5029 = DEFINITIONAL_REPRESENTATION('',(#5030),#5034);
#5030 = ( BOUNDED_CURVE() B_SPLINE_CURVE(2,(#5031,#5032,#5033),
.UNSPECIFIED.,.F.,.F.) B_SPLINE_CURVE_WITH_KNOTS((3,3),(0.762909652067,
0.929085588136),.PIECEWISE_BEZIER_KNOTS.) CURVE() 
GEOMETRIC_REPRESENTATION_ITEM() RATIONAL_B_SPLINE_CURVE((1.,1.0034537915
,1.)) REPRESENTATION_ITEM('') );
#5031 = CARTESIAN_POINT('',(6.222895307442,-51.));
#5032 = CARTESIAN_POINT('',(3.952338473076,-49.26065255424));
#5033 = CARTESIAN_POINT('',(1.406710160127,-47.04549902684));
#5034 = ( GEOMETRIC_REPRESENTATION_CONTEXT(2) 
PARAMETRIC_REPRESENTATION_CONTEXT() REPRESENTATION_CONTEXT('2D SPACE',''
  ) );
#5035 = PCURVE('',#5036,#5041);
#5036 = CONICAL_SURFACE('',#5037,27.39,0.698131700798);
#5037 = AXIS2_PLACEMENT_3D('',#5038,#5039,#5040);
#5038 = CARTESIAN_POINT('',(0.,0.,50.));
#5039 = DIRECTION('',(-0.,-0.,-1.));
#5040 = DIRECTION('',(1.,0.,0.));
#5041 = DEFINITIONAL_REPRESENTATION('',(#5042),#5049);
#5042 = B_SPLINE_CURVE_WITH_KNOTS('',5,(#5043,#5044,#5045,#5046,#5047,
    #5048),.UNSPECIFIED.,.F.,.F.,(6,6),(0.762909652067,0.914753173669),
  .PIECEWISE_BEZIER_KNOTS.);
#5043 = CARTESIAN_POINT('',(-6.02138591938,-5.919005922454E-15));
#5044 = CARTESIAN_POINT('',(-6.04464969657,0.63719485722));
#5045 = CARTESIAN_POINT('',(-6.067345820193,1.312020287306));
#5046 = CARTESIAN_POINT('',(-6.089466523137,2.025700687813));
#5047 = CARTESIAN_POINT('',(-6.111009561692,2.779604614578));
#5048 = CARTESIAN_POINT('',(-6.131976815875,3.5752607769));
#5049 = ( GEOMETRIC_REPRESENTATION_CONTEXT(2) 
PARAMETRIC_REPRESENTATION_CONTEXT() REPRESENTATION_CONTEXT('2D SPACE',''
  ) );
#5050 = ADVANCED_FACE('',(#5051),#4509,.F.);
#5051 = FACE_BOUND('',#5052,.T.);
#5052 = EDGE_LOOP('',(#5053,#5075,#5076,#5077));
#5053 = ORIENTED_EDGE('',*,*,#5054,.F.);
#5054 = EDGE_CURVE('',#3774,#3380,#5055,.T.);
#5055 = SURFACE_CURVE('',#5056,(#5061,#5068),.PCURVE_S1.);
#5056 = CIRCLE('',#5057,27.39);
#5057 = AXIS2_PLACEMENT_3D('',#5058,#5059,#5060);
#5058 = CARTESIAN_POINT('',(0.,0.,33.333333333333));
#5059 = DIRECTION('',(0.,0.,-1.));
#5060 = DIRECTION('',(0.965925826289,0.258819045103,0.));
#5061 = PCURVE('',#4509,#5062);
#5062 = DEFINITIONAL_REPRESENTATION('',(#5063),#5067);
#5063 = LINE('',#5064,#5065);
#5064 = CARTESIAN_POINT('',(-6.544984694979,0.));
#5065 = VECTOR('',#5066,1.);
#5066 = DIRECTION('',(1.,-0.));
#5067 = ( GEOMETRIC_REPRESENTATION_CONTEXT(2) 
PARAMETRIC_REPRESENTATION_CONTEXT() REPRESENTATION_CONTEXT('2D SPACE',''
  ) );
#5068 = PCURVE('',#4980,#5069);
#5069 = DEFINITIONAL_REPRESENTATION('',(#5070),#5074);
#5070 = LINE('',#5071,#5072);
#5071 = CARTESIAN_POINT('',(6.544984694979,-4.767014370377));
#5072 = VECTOR('',#5073,1.);
#5073 = DIRECTION('',(-1.,-0.));
#5074 = ( GEOMETRIC_REPRESENTATION_CONTEXT(2) 
PARAMETRIC_REPRESENTATION_CONTEXT() REPRESENTATION_CONTEXT('2D SPACE',''
  ) );
#5075 = ORIENTED_EDGE('',*,*,#4597,.F.);
#5076 = ORIENTED_EDGE('',*,*,#4550,.T.);
#5077 = ORIENTED_EDGE('',*,*,#4494,.F.);
#5078 = ADVANCED_FACE('',(#5079),#4647,.F.);
#5079 = FACE_BOUND('',#5080,.F.);
#5080 = EDGE_LOOP('',(#5081,#5108,#5109,#5136));
#5081 = ORIENTED_EDGE('',*,*,#5082,.F.);
#5082 = EDGE_CURVE('',#3774,#5083,#5085,.T.);
#5083 = VERTEX_POINT('',#5084);
#5084 = CARTESIAN_POINT('',(30.043242844873,4.577735178446,
    36.908594111116));
#5085 = SURFACE_CURVE('',#5086,(#5091,#5098),.PCURVE_S1.);
#5086 = HYPERBOLA('',#5087,25.005322988392,20.981957297029);
#5087 = AXIS2_PLACEMENT_3D('',#5088,#5089,#5090);
#5088 = CARTESIAN_POINT('',(12.0347562941,17.187413213045,0.691202432178
    ));
#5089 = DIRECTION('',(0.573576436351,0.819152044289,0.));
#5090 = DIRECTION('',(0.,-0.,1.));
#5091 = PCURVE('',#4647,#5092);
#5092 = DEFINITIONAL_REPRESENTATION('',(#5093),#5097);
#5093 = ( BOUNDED_CURVE() B_SPLINE_CURVE(2,(#5094,#5095,#5096),
.UNSPECIFIED.,.F.,.F.) B_SPLINE_CURVE_WITH_KNOTS((3,3),(0.762909652067,
0.929085588136),.PIECEWISE_BEZIER_KNOTS.) CURVE() 
GEOMETRIC_REPRESENTATION_ITEM() RATIONAL_B_SPLINE_CURVE((1.,1.0034537915
,1.)) REPRESENTATION_ITEM('') );
#5094 = CARTESIAN_POINT('',(-7.105427357601E-15,-34.33333333333));
#5095 = CARTESIAN_POINT('',(2.270556834366,-36.07268077908));
#5096 = CARTESIAN_POINT('',(4.816185147315,-38.28783430648));
#5097 = ( GEOMETRIC_REPRESENTATION_CONTEXT(2) 
PARAMETRIC_REPRESENTATION_CONTEXT() REPRESENTATION_CONTEXT('2D SPACE',''
  ) );
#5098 = PCURVE('',#4980,#5099);
#5099 = DEFINITIONAL_REPRESENTATION('',(#5100),#5107);
#5100 = B_SPLINE_CURVE_WITH_KNOTS('',5,(#5101,#5102,#5103,#5104,#5105,
    #5106),.UNSPECIFIED.,.F.,.F.,(6,6),(0.762909652067,0.914753173669),
  .PIECEWISE_BEZIER_KNOTS.);
#5101 = CARTESIAN_POINT('',(6.544984694979,-4.767014370377));
#5102 = CARTESIAN_POINT('',(6.521720917789,-4.129819513157));
#5103 = CARTESIAN_POINT('',(6.499024794166,-3.454994083071));
#5104 = CARTESIAN_POINT('',(6.476904091222,-2.741313682564));
#5105 = CARTESIAN_POINT('',(6.455361052667,-1.987409755799));
#5106 = CARTESIAN_POINT('',(6.434393798484,-1.191753593476));
#5107 = ( GEOMETRIC_REPRESENTATION_CONTEXT(2) 
PARAMETRIC_REPRESENTATION_CONTEXT() REPRESENTATION_CONTEXT('2D SPACE',''
  ) );
#5108 = ORIENTED_EDGE('',*,*,#4633,.T.);
#5109 = ORIENTED_EDGE('',*,*,#5110,.F.);
#5110 = EDGE_CURVE('',#5111,#3935,#5113,.T.);
#5111 = VERTEX_POINT('',#5112);
#5112 = CARTESIAN_POINT('',(30.043242844873,4.577735178446,
    46.424739222217));
#5113 = SURFACE_CURVE('',#5114,(#5119,#5126),.PCURVE_S1.);
#5114 = HYPERBOLA('',#5115,25.005322988392,20.981957297029);
#5115 = AXIS2_PLACEMENT_3D('',#5116,#5117,#5118);
#5116 = CARTESIAN_POINT('',(12.0347562941,17.187413213045,
    82.642130901155));
#5117 = DIRECTION('',(0.573576436351,0.819152044289,0.));
#5118 = DIRECTION('',(0.,0.,-1.));
#5119 = PCURVE('',#4647,#5120);
#5120 = DEFINITIONAL_REPRESENTATION('',(#5121),#5125);
#5121 = ( BOUNDED_CURVE() B_SPLINE_CURVE(2,(#5122,#5123,#5124),
.UNSPECIFIED.,.F.,.F.) B_SPLINE_CURVE_WITH_KNOTS((3,3),(-0.929085588136,
-0.762909652067),.PIECEWISE_BEZIER_KNOTS.) CURVE() 
GEOMETRIC_REPRESENTATION_ITEM() RATIONAL_B_SPLINE_CURVE((1.,1.0034537915
,1.)) REPRESENTATION_ITEM('') );
#5122 = CARTESIAN_POINT('',(4.816185147315,-47.04549902684));
#5123 = CARTESIAN_POINT('',(2.270556834366,-49.26065255424));
#5124 = CARTESIAN_POINT('',(0.,-51.));
#5125 = ( GEOMETRIC_REPRESENTATION_CONTEXT(2) 
PARAMETRIC_REPRESENTATION_CONTEXT() REPRESENTATION_CONTEXT('2D SPACE',''
  ) );
#5126 = PCURVE('',#5036,#5127);
#5127 = DEFINITIONAL_REPRESENTATION('',(#5128),#5135);
#5128 = B_SPLINE_CURVE_WITH_KNOTS('',5,(#5129,#5130,#5131,#5132,#5133,
    #5134),.UNSPECIFIED.,.F.,.F.,(6,6),(-0.914753173669,-0.762909652067)
  ,.PIECEWISE_BEZIER_KNOTS.);
#5129 = CARTESIAN_POINT('',(-6.434393798484,3.5752607769));
#5130 = CARTESIAN_POINT('',(-6.455361052667,2.779604614578));
#5131 = CARTESIAN_POINT('',(-6.476904091222,2.025700687813));
#5132 = CARTESIAN_POINT('',(-6.499024794166,1.312020287306));
#5133 = CARTESIAN_POINT('',(-6.521720917789,0.63719485722));
#5134 = CARTESIAN_POINT('',(-6.544984694979,0.));
#5135 = ( GEOMETRIC_REPRESENTATION_CONTEXT(2) 
PARAMETRIC_REPRESENTATION_CONTEXT() REPRESENTATION_CONTEXT('2D SPACE',''
  ) );
#5136 = ORIENTED_EDGE('',*,*,#5137,.F.);
#5137 = EDGE_CURVE('',#5083,#5111,#5138,.T.);
#5138 = SURFACE_CURVE('',#5139,(#5143,#5149),.PCURVE_S1.);
#5139 = LINE('',#5140,#5141);
#5140 = CARTESIAN_POINT('',(30.043242844873,4.577735178446,-1.));
#5141 = VECTOR('',#5142,1.);
#5142 = DIRECTION('',(0.,0.,1.));
#5143 = PCURVE('',#4647,#5144);
#5144 = DEFINITIONAL_REPRESENTATION('',(#5145),#5148);
#5145 = B_SPLINE_CURVE_WITH_KNOTS('',1,(#5146,#5147),.UNSPECIFIED.,.F.,
  .F.,(2,2),(-5.999999999062E-07,102.0000006),.PIECEWISE_BEZIER_KNOTS.);
#5146 = CARTESIAN_POINT('',(4.378350133922,5.999999999062E-07));
#5147 = CARTESIAN_POINT('',(4.378350133922,-102.0000006));
#5148 = ( GEOMETRIC_REPRESENTATION_CONTEXT(2) 
PARAMETRIC_REPRESENTATION_CONTEXT() REPRESENTATION_CONTEXT('2D SPACE',''
  ) );
#5149 = PCURVE('',#5010,#5150);
#5150 = DEFINITIONAL_REPRESENTATION('',(#5151),#5154);
#5151 = B_SPLINE_CURVE_WITH_KNOTS('',1,(#5152,#5153),.UNSPECIFIED.,.F.,
  .F.,(2,2),(-5.999999999062E-07,102.0000006),.PIECEWISE_BEZIER_KNOTS.);
#5152 = CARTESIAN_POINT('',(6.434393798514,-5.999999999062E-07));
#5153 = CARTESIAN_POINT('',(6.434393798514,102.0000006));
#5154 = ( GEOMETRIC_REPRESENTATION_CONTEXT(2) 
PARAMETRIC_REPRESENTATION_CONTEXT() REPRESENTATION_CONTEXT('2D SPACE',''
  ) );
#5155 = ADVANCED_FACE('',(#5156),#4679,.F.);
#5156 = FACE_BOUND('',#5157,.F.);
#5157 = EDGE_LOOP('',(#5158,#5185,#5186,#5213));
#5158 = ORIENTED_EDGE('',*,*,#5159,.F.);
#5159 = EDGE_CURVE('',#3935,#5160,#5162,.T.);
#5160 = VERTEX_POINT('',#5161);
#5161 = CARTESIAN_POINT('',(30.043242844873,4.577735178446,
    53.575260777783));
#5162 = SURFACE_CURVE('',#5163,(#5168,#5175),.PCURVE_S1.);
#5163 = HYPERBOLA('',#5164,25.005322988392,20.981957297029);
#5164 = AXIS2_PLACEMENT_3D('',#5165,#5166,#5167);
#5165 = CARTESIAN_POINT('',(12.0347562941,17.187413213045,
    17.357869098845));
#5166 = DIRECTION('',(0.573576436351,0.819152044289,0.));
#5167 = DIRECTION('',(0.,-0.,1.));
#5168 = PCURVE('',#4679,#5169);
#5169 = DEFINITIONAL_REPRESENTATION('',(#5170),#5174);
#5170 = ( BOUNDED_CURVE() B_SPLINE_CURVE(2,(#5171,#5172,#5173),
.UNSPECIFIED.,.F.,.F.) B_SPLINE_CURVE_WITH_KNOTS((3,3),(0.762909652067,
0.929085588136),.PIECEWISE_BEZIER_KNOTS.) CURVE() 
GEOMETRIC_REPRESENTATION_ITEM() RATIONAL_B_SPLINE_CURVE((1.,1.0034537915
,1.)) REPRESENTATION_ITEM('') );
#5171 = CARTESIAN_POINT('',(-7.105427357601E-15,-51.));
#5172 = CARTESIAN_POINT('',(2.270556834366,-52.73934744575));
#5173 = CARTESIAN_POINT('',(4.816185147315,-54.95450097315));
#5174 = ( GEOMETRIC_REPRESENTATION_CONTEXT(2) 
PARAMETRIC_REPRESENTATION_CONTEXT() REPRESENTATION_CONTEXT('2D SPACE',''
  ) );
#5175 = PCURVE('',#4888,#5176);
#5176 = DEFINITIONAL_REPRESENTATION('',(#5177),#5184);
#5177 = B_SPLINE_CURVE_WITH_KNOTS('',5,(#5178,#5179,#5180,#5181,#5182,
    #5183),.UNSPECIFIED.,.F.,.F.,(6,6),(0.762909652067,0.914753173669),
  .PIECEWISE_BEZIER_KNOTS.);
#5178 = CARTESIAN_POINT('',(6.544984694979,-4.767014370377));
#5179 = CARTESIAN_POINT('',(6.521720917789,-4.129819513157));
#5180 = CARTESIAN_POINT('',(6.499024794166,-3.454994083071));
#5181 = CARTESIAN_POINT('',(6.476904091222,-2.741313682564));
#5182 = CARTESIAN_POINT('',(6.455361052667,-1.987409755799));
#5183 = CARTESIAN_POINT('',(6.434393798484,-1.191753593476));
#5184 = ( GEOMETRIC_REPRESENTATION_CONTEXT(2) 
PARAMETRIC_REPRESENTATION_CONTEXT() REPRESENTATION_CONTEXT('2D SPACE',''
  ) );
#5185 = ORIENTED_EDGE('',*,*,#4665,.T.);
#5186 = ORIENTED_EDGE('',*,*,#5187,.F.);
#5187 = EDGE_CURVE('',#5188,#4096,#5190,.T.);
#5188 = VERTEX_POINT('',#5189);
#5189 = CARTESIAN_POINT('',(30.043242844873,4.577735178446,
    63.091405888884));
#5190 = SURFACE_CURVE('',#5191,(#5196,#5203),.PCURVE_S1.);
#5191 = HYPERBOLA('',#5192,25.005322988392,20.981957297029);
#5192 = AXIS2_PLACEMENT_3D('',#5193,#5194,#5195);
#5193 = CARTESIAN_POINT('',(12.0347562941,17.187413213045,
    99.308797567822));
#5194 = DIRECTION('',(0.573576436351,0.819152044289,0.));
#5195 = DIRECTION('',(0.,0.,-1.));
#5196 = PCURVE('',#4679,#5197);
#5197 = DEFINITIONAL_REPRESENTATION('',(#5198),#5202);
#5198 = ( BOUNDED_CURVE() B_SPLINE_CURVE(2,(#5199,#5200,#5201),
.UNSPECIFIED.,.F.,.F.) B_SPLINE_CURVE_WITH_KNOTS((3,3),(-0.929085588136,
-0.762909652067),.PIECEWISE_BEZIER_KNOTS.) CURVE() 
GEOMETRIC_REPRESENTATION_ITEM() RATIONAL_B_SPLINE_CURVE((1.,1.0034537915
,1.)) REPRESENTATION_ITEM('') );
#5199 = CARTESIAN_POINT('',(4.816185147315,-63.71216569351));
#5200 = CARTESIAN_POINT('',(2.270556834366,-65.92731922091));
#5201 = CARTESIAN_POINT('',(0.,-67.66666666666));
#5202 = ( GEOMETRIC_REPRESENTATION_CONTEXT(2) 
PARAMETRIC_REPRESENTATION_CONTEXT() REPRESENTATION_CONTEXT('2D SPACE',''
  ) );
#5203 = PCURVE('',#4944,#5204);
#5204 = DEFINITIONAL_REPRESENTATION('',(#5205),#5212);
#5205 = B_SPLINE_CURVE_WITH_KNOTS('',5,(#5206,#5207,#5208,#5209,#5210,
    #5211),.UNSPECIFIED.,.F.,.F.,(6,6),(-0.914753173669,-0.762909652067)
  ,.PIECEWISE_BEZIER_KNOTS.);
#5206 = CARTESIAN_POINT('',(-6.434393798484,3.5752607769));
#5207 = CARTESIAN_POINT('',(-6.455361052667,2.779604614578));
#5208 = CARTESIAN_POINT('',(-6.476904091222,2.025700687813));
#5209 = CARTESIAN_POINT('',(-6.499024794166,1.312020287306));
#5210 = CARTESIAN_POINT('',(-6.521720917789,0.63719485722));
#5211 = CARTESIAN_POINT('',(-6.544984694979,0.));
#5212 = ( GEOMETRIC_REPRESENTATION_CONTEXT(2) 
PARAMETRIC_REPRESENTATION_CONTEXT() REPRESENTATION_CONTEXT('2D SPACE',''
  ) );
#5213 = ORIENTED_EDGE('',*,*,#5214,.F.);
#5214 = EDGE_CURVE('',#5160,#5188,#5215,.T.);
#5215 = SURFACE_CURVE('',#5216,(#5220,#5226),.PCURVE_S1.);
#5216 = LINE('',#5217,#5218);
#5217 = CARTESIAN_POINT('',(30.043242844873,4.577735178446,-1.));
#5218 = VECTOR('',#5219,1.);
#5219 = DIRECTION('',(0.,0.,1.));
#5220 = PCURVE('',#4679,#5221);
#5221 = DEFINITIONAL_REPRESENTATION('',(#5222),#5225);
#5222 = B_SPLINE_CURVE_WITH_KNOTS('',1,(#5223,#5224),.UNSPECIFIED.,.F.,
  .F.,(2,2),(-5.999999999062E-07,102.0000006),.PIECEWISE_BEZIER_KNOTS.);
#5223 = CARTESIAN_POINT('',(4.378350133922,5.999999999062E-07));
#5224 = CARTESIAN_POINT('',(4.378350133922,-102.0000006));
#5225 = ( GEOMETRIC_REPRESENTATION_CONTEXT(2) 
PARAMETRIC_REPRESENTATION_CONTEXT() REPRESENTATION_CONTEXT('2D SPACE',''
  ) );
#5226 = PCURVE('',#4918,#5227);
#5227 = DEFINITIONAL_REPRESENTATION('',(#5228),#5231);
#5228 = B_SPLINE_CURVE_WITH_KNOTS('',1,(#5229,#5230),.UNSPECIFIED.,.F.,
  .F.,(2,2),(-5.999999999062E-07,102.0000006),.PIECEWISE_BEZIER_KNOTS.);
#5229 = CARTESIAN_POINT('',(6.434393798514,-5.999999999062E-07));
#5230 = CARTESIAN_POINT('',(6.434393798514,102.0000006));
#5231 = ( GEOMETRIC_REPRESENTATION_CONTEXT(2) 
PARAMETRIC_REPRESENTATION_CONTEXT() REPRESENTATION_CONTEXT('2D SPACE',''
  ) );
#5232 = ADVANCED_FACE('',(#5233),#4711,.F.);
#5233 = FACE_BOUND('',#5234,.F.);
#5234 = EDGE_LOOP('',(#5235,#5262,#5263,#5264));
#5235 = ORIENTED_EDGE('',*,*,#5236,.F.);
#5236 = EDGE_CURVE('',#4096,#5237,#5239,.T.);
#5237 = VERTEX_POINT('',#5238);
#5238 = CARTESIAN_POINT('',(30.043242844873,4.577735178446,
    70.241927444449));
#5239 = SURFACE_CURVE('',#5240,(#5245,#5252),.PCURVE_S1.);
#5240 = HYPERBOLA('',#5241,25.005322988392,20.981957297029);
#5241 = AXIS2_PLACEMENT_3D('',#5242,#5243,#5244);
#5242 = CARTESIAN_POINT('',(12.0347562941,17.187413213045,
    34.024535765511));
#5243 = DIRECTION('',(0.573576436351,0.819152044289,0.));
#5244 = DIRECTION('',(0.,-0.,1.));
#5245 = PCURVE('',#4711,#5246);
#5246 = DEFINITIONAL_REPRESENTATION('',(#5247),#5251);
#5247 = ( BOUNDED_CURVE() B_SPLINE_CURVE(2,(#5248,#5249,#5250),
.UNSPECIFIED.,.F.,.F.) B_SPLINE_CURVE_WITH_KNOTS((3,3),(0.762909652067,
0.929085588136),.PIECEWISE_BEZIER_KNOTS.) CURVE() 
GEOMETRIC_REPRESENTATION_ITEM() RATIONAL_B_SPLINE_CURVE((1.,1.0034537915
,1.)) REPRESENTATION_ITEM('') );
#5248 = CARTESIAN_POINT('',(-7.105427357601E-15,-67.66666666666));
#5249 = CARTESIAN_POINT('',(2.270556834366,-69.40601411241));
#5250 = CARTESIAN_POINT('',(4.816185147315,-71.62116763981));
#5251 = ( GEOMETRIC_REPRESENTATION_CONTEXT(2) 
PARAMETRIC_REPRESENTATION_CONTEXT() REPRESENTATION_CONTEXT('2D SPACE',''
  ) );
#5252 = PCURVE('',#4832,#5253);
#5253 = DEFINITIONAL_REPRESENTATION('',(#5254),#5261);
#5254 = B_SPLINE_CURVE_WITH_KNOTS('',5,(#5255,#5256,#5257,#5258,#5259,
    #5260),.UNSPECIFIED.,.F.,.F.,(6,6),(0.762909652067,0.914753173669),
  .PIECEWISE_BEZIER_KNOTS.);
#5255 = CARTESIAN_POINT('',(6.544984694979,-4.767014370377));
#5256 = CARTESIAN_POINT('',(6.521720917789,-4.129819513157));
#5257 = CARTESIAN_POINT('',(6.499024794166,-3.454994083071));
#5258 = CARTESIAN_POINT('',(6.476904091222,-2.741313682564));
#5259 = CARTESIAN_POINT('',(6.455361052667,-1.987409755799));
#5260 = CARTESIAN_POINT('',(6.434393798484,-1.191753593476));
#5261 = ( GEOMETRIC_REPRESENTATION_CONTEXT(2) 
PARAMETRIC_REPRESENTATION_CONTEXT() REPRESENTATION_CONTEXT('2D SPACE',''
  ) );
#5262 = ORIENTED_EDGE('',*,*,#4697,.T.);
#5263 = ORIENTED_EDGE('',*,*,#4786,.F.);
#5264 = ORIENTED_EDGE('',*,*,#5265,.F.);
#5265 = EDGE_CURVE('',#5237,#4730,#5266,.T.);
#5266 = SURFACE_CURVE('',#5267,(#5271,#5277),.PCURVE_S1.);
#5267 = LINE('',#5268,#5269);
#5268 = CARTESIAN_POINT('',(30.043242844873,4.577735178446,-1.));
#5269 = VECTOR('',#5270,1.);
#5270 = DIRECTION('',(0.,0.,1.));
#5271 = PCURVE('',#4711,#5272);
#5272 = DEFINITIONAL_REPRESENTATION('',(#5273),#5276);
#5273 = B_SPLINE_CURVE_WITH_KNOTS('',1,(#5274,#5275),.UNSPECIFIED.,.F.,
  .F.,(2,2),(-5.999999999062E-07,102.0000006),.PIECEWISE_BEZIER_KNOTS.);
#5274 = CARTESIAN_POINT('',(4.378350133922,5.999999999062E-07));
#5275 = CARTESIAN_POINT('',(4.378350133922,-102.0000006));
#5276 = ( GEOMETRIC_REPRESENTATION_CONTEXT(2) 
PARAMETRIC_REPRESENTATION_CONTEXT() REPRESENTATION_CONTEXT('2D SPACE',''
  ) );
#5277 = PCURVE('',#4748,#5278);
#5278 = DEFINITIONAL_REPRESENTATION('',(#5279),#5282);
#5279 = B_SPLINE_CURVE_WITH_KNOTS('',1,(#5280,#5281),.UNSPECIFIED.,.F.,
  .F.,(2,2),(-5.999999999062E-07,102.0000006),.PIECEWISE_BEZIER_KNOTS.);
#5280 = CARTESIAN_POINT('',(6.434393798514,-5.999999999062E-07));
#5281 = CARTESIAN_POINT('',(6.434393798514,102.0000006));
#5282 = ( GEOMETRIC_REPRESENTATION_CONTEXT(2) 
PARAMETRIC_REPRESENTATION_CONTEXT() REPRESENTATION_CONTEXT('2D SPACE',''
  ) );
#5283 = ADVANCED_FACE('',(#5284),#4748,.F.);
#5284 = FACE_BOUND('',#5285,.F.);
#5285 = EDGE_LOOP('',(#5286,#5287,#5309,#5310));
#5286 = ORIENTED_EDGE('',*,*,#4847,.F.);
#5287 = ORIENTED_EDGE('',*,*,#5288,.F.);
#5288 = EDGE_CURVE('',#5237,#4816,#5289,.T.);
#5289 = SURFACE_CURVE('',#5290,(#5295,#5302),.PCURVE_S1.);
#5290 = CIRCLE('',#5291,30.39);
#5291 = AXIS2_PLACEMENT_3D('',#5292,#5293,#5294);
#5292 = CARTESIAN_POINT('',(0.,0.,70.241927444449));
#5293 = DIRECTION('',(-8.874685183736E-31,-3.104341811233E-15,-1.));
#5294 = DIRECTION('',(0.988589761266,0.150632944338,-4.67616147259E-16)
  );
#5295 = PCURVE('',#4748,#5296);
#5296 = DEFINITIONAL_REPRESENTATION('',(#5297),#5301);
#5297 = LINE('',#5298,#5299);
#5298 = CARTESIAN_POINT('',(6.434393798514,71.241927444449));
#5299 = VECTOR('',#5300,1.);
#5300 = DIRECTION('',(-1.,-0.));
#5301 = ( GEOMETRIC_REPRESENTATION_CONTEXT(2) 
PARAMETRIC_REPRESENTATION_CONTEXT() REPRESENTATION_CONTEXT('2D SPACE',''
  ) );
#5302 = PCURVE('',#4832,#5303);
#5303 = DEFINITIONAL_REPRESENTATION('',(#5304),#5308);
#5304 = LINE('',#5305,#5306);
#5305 = CARTESIAN_POINT('',(6.434393798514,-1.191753592594));
#5306 = VECTOR('',#5307,1.);
#5307 = DIRECTION('',(-1.,-0.));
#5308 = ( GEOMETRIC_REPRESENTATION_CONTEXT(2) 
PARAMETRIC_REPRESENTATION_CONTEXT() REPRESENTATION_CONTEXT('2D SPACE',''
  ) );
#5309 = ORIENTED_EDGE('',*,*,#5265,.T.);
#5310 = ORIENTED_EDGE('',*,*,#4729,.T.);
#5311 = ADVANCED_FACE('',(#5312),#4832,.F.);
#5312 = FACE_BOUND('',#5313,.T.);
#5313 = EDGE_LOOP('',(#5314,#5336,#5337,#5338));
#5314 = ORIENTED_EDGE('',*,*,#5315,.T.);
#5315 = EDGE_CURVE('',#4096,#3058,#5316,.T.);
#5316 = SURFACE_CURVE('',#5317,(#5322,#5329),.PCURVE_S1.);
#5317 = CIRCLE('',#5318,27.39);
#5318 = AXIS2_PLACEMENT_3D('',#5319,#5320,#5321);
#5319 = CARTESIAN_POINT('',(0.,0.,66.666666666667));
#5320 = DIRECTION('',(0.,0.,-1.));
#5321 = DIRECTION('',(0.965925826289,0.258819045103,0.));
#5322 = PCURVE('',#4832,#5323);
#5323 = DEFINITIONAL_REPRESENTATION('',(#5324),#5328);
#5324 = LINE('',#5325,#5326);
#5325 = CARTESIAN_POINT('',(6.544984694979,-4.767014370377));
#5326 = VECTOR('',#5327,1.);
#5327 = DIRECTION('',(-1.,-0.));
#5328 = ( GEOMETRIC_REPRESENTATION_CONTEXT(2) 
PARAMETRIC_REPRESENTATION_CONTEXT() REPRESENTATION_CONTEXT('2D SPACE',''
  ) );
#5329 = PCURVE('',#4944,#5330);
#5330 = DEFINITIONAL_REPRESENTATION('',(#5331),#5335);
#5331 = LINE('',#5332,#5333);
#5332 = CARTESIAN_POINT('',(-6.544984694979,0.));
#5333 = VECTOR('',#5334,1.);
#5334 = DIRECTION('',(1.,-0.));
#5335 = ( GEOMETRIC_REPRESENTATION_CONTEXT(2) 
PARAMETRIC_REPRESENTATION_CONTEXT() REPRESENTATION_CONTEXT('2D SPACE',''
  ) );
#5336 = ORIENTED_EDGE('',*,*,#4815,.F.);
#5337 = ORIENTED_EDGE('',*,*,#5288,.F.);
#5338 = ORIENTED_EDGE('',*,*,#5236,.F.);
#5339 = ADVANCED_FACE('',(#5340),#4944,.F.);
#5340 = FACE_BOUND('',#5341,.T.);
#5341 = EDGE_LOOP('',(#5342,#5364,#5365,#5366));
#5342 = ORIENTED_EDGE('',*,*,#5343,.T.);
#5343 = EDGE_CURVE('',#5188,#4904,#5344,.T.);
#5344 = SURFACE_CURVE('',#5345,(#5350,#5357),.PCURVE_S1.);
#5345 = CIRCLE('',#5346,30.39);
#5346 = AXIS2_PLACEMENT_3D('',#5347,#5348,#5349);
#5347 = CARTESIAN_POINT('',(0.,0.,63.091405888884));
#5348 = DIRECTION('',(0.,0.,-1.));
#5349 = DIRECTION('',(0.988589761266,0.150632944338,0.));
#5350 = PCURVE('',#4944,#5351);
#5351 = DEFINITIONAL_REPRESENTATION('',(#5352),#5356);
#5352 = LINE('',#5353,#5354);
#5353 = CARTESIAN_POINT('',(-6.434393798514,3.575260777783));
#5354 = VECTOR('',#5355,1.);
#5355 = DIRECTION('',(1.,-0.));
#5356 = ( GEOMETRIC_REPRESENTATION_CONTEXT(2) 
PARAMETRIC_REPRESENTATION_CONTEXT() REPRESENTATION_CONTEXT('2D SPACE',''
  ) );
#5357 = PCURVE('',#4918,#5358);
#5358 = DEFINITIONAL_REPRESENTATION('',(#5359),#5363);
#5359 = LINE('',#5360,#5361);
#5360 = CARTESIAN_POINT('',(6.434393798514,64.091405888884));
#5361 = VECTOR('',#5362,1.);
#5362 = DIRECTION('',(-1.,-0.));
#5363 = ( GEOMETRIC_REPRESENTATION_CONTEXT(2) 
PARAMETRIC_REPRESENTATION_CONTEXT() REPRESENTATION_CONTEXT('2D SPACE',''
  ) );
#5364 = ORIENTED_EDGE('',*,*,#4929,.F.);
#5365 = ORIENTED_EDGE('',*,*,#5315,.F.);
#5366 = ORIENTED_EDGE('',*,*,#5187,.F.);
#5367 = ADVANCED_FACE('',(#5368),#4918,.F.);
#5368 = FACE_BOUND('',#5369,.F.);
#5369 = EDGE_LOOP('',(#5370,#5371,#5393,#5394));
#5370 = ORIENTED_EDGE('',*,*,#4903,.F.);
#5371 = ORIENTED_EDGE('',*,*,#5372,.F.);
#5372 = EDGE_CURVE('',#5160,#4872,#5373,.T.);
#5373 = SURFACE_CURVE('',#5374,(#5379,#5386),.PCURVE_S1.);
#5374 = CIRCLE('',#5375,30.39);
#5375 = AXIS2_PLACEMENT_3D('',#5376,#5377,#5378);
#5376 = CARTESIAN_POINT('',(0.,0.,53.575260777783));
#5377 = DIRECTION('',(0.,0.,-1.));
#5378 = DIRECTION('',(0.988589761266,0.150632944338,0.));
#5379 = PCURVE('',#4918,#5380);
#5380 = DEFINITIONAL_REPRESENTATION('',(#5381),#5385);
#5381 = LINE('',#5382,#5383);
#5382 = CARTESIAN_POINT('',(6.434393798514,54.575260777783));
#5383 = VECTOR('',#5384,1.);
#5384 = DIRECTION('',(-1.,-0.));
#5385 = ( GEOMETRIC_REPRESENTATION_CONTEXT(2) 
PARAMETRIC_REPRESENTATION_CONTEXT() REPRESENTATION_CONTEXT('2D SPACE',''
  ) );
#5386 = PCURVE('',#4888,#5387);
#5387 = DEFINITIONAL_REPRESENTATION('',(#5388),#5392);
#5388 = LINE('',#5389,#5390);
#5389 = CARTESIAN_POINT('',(6.434393798514,-1.191753592594));
#5390 = VECTOR('',#5391,1.);
#5391 = DIRECTION('',(-1.,-0.));
#5392 = ( GEOMETRIC_REPRESENTATION_CONTEXT(2) 
PARAMETRIC_REPRESENTATION_CONTEXT() REPRESENTATION_CONTEXT('2D SPACE',''
  ) );
#5393 = ORIENTED_EDGE('',*,*,#5214,.T.);
#5394 = ORIENTED_EDGE('',*,*,#5343,.T.);
#5395 = ADVANCED_FACE('',(#5396),#4888,.F.);
#5396 = FACE_BOUND('',#5397,.T.);
#5397 = EDGE_LOOP('',(#5398,#5420,#5421,#5422));
#5398 = ORIENTED_EDGE('',*,*,#5399,.T.);
#5399 = EDGE_CURVE('',#3935,#3219,#5400,.T.);
#5400 = SURFACE_CURVE('',#5401,(#5406,#5413),.PCURVE_S1.);
#5401 = CIRCLE('',#5402,27.39);
#5402 = AXIS2_PLACEMENT_3D('',#5403,#5404,#5405);
#5403 = CARTESIAN_POINT('',(0.,0.,50.));
#5404 = DIRECTION('',(0.,0.,-1.));
#5405 = DIRECTION('',(0.965925826289,0.258819045103,0.));
#5406 = PCURVE('',#4888,#5407);
#5407 = DEFINITIONAL_REPRESENTATION('',(#5408),#5412);
#5408 = LINE('',#5409,#5410);
#5409 = CARTESIAN_POINT('',(6.544984694979,-4.767014370377));
#5410 = VECTOR('',#5411,1.);
#5411 = DIRECTION('',(-1.,-0.));
#5412 = ( GEOMETRIC_REPRESENTATION_CONTEXT(2) 
PARAMETRIC_REPRESENTATION_CONTEXT() REPRESENTATION_CONTEXT('2D SPACE',''
  ) );
#5413 = PCURVE('',#5036,#5414);
#5414 = DEFINITIONAL_REPRESENTATION('',(#5415),#5419);
#5415 = LINE('',#5416,#5417);
#5416 = CARTESIAN_POINT('',(-6.544984694979,0.));
#5417 = VECTOR('',#5418,1.);
#5418 = DIRECTION('',(1.,-0.));
#5419 = ( GEOMETRIC_REPRESENTATION_CONTEXT(2) 
PARAMETRIC_REPRESENTATION_CONTEXT() REPRESENTATION_CONTEXT('2D SPACE',''
  ) );
#5420 = ORIENTED_EDGE('',*,*,#4871,.F.);
#5421 = ORIENTED_EDGE('',*,*,#5372,.F.);
#5422 = ORIENTED_EDGE('',*,*,#5159,.F.);
#5423 = ADVANCED_FACE('',(#5424),#5036,.F.);
#5424 = FACE_BOUND('',#5425,.T.);
#5425 = EDGE_LOOP('',(#5426,#5448,#5449,#5450));
#5426 = ORIENTED_EDGE('',*,*,#5427,.T.);
#5427 = EDGE_CURVE('',#5111,#4996,#5428,.T.);
#5428 = SURFACE_CURVE('',#5429,(#5434,#5441),.PCURVE_S1.);
#5429 = CIRCLE('',#5430,30.39);
#5430 = AXIS2_PLACEMENT_3D('',#5431,#5432,#5433);
#5431 = CARTESIAN_POINT('',(0.,0.,46.424739222217));
#5432 = DIRECTION('',(0.,0.,-1.));
#5433 = DIRECTION('',(0.988589761266,0.150632944338,0.));
#5434 = PCURVE('',#5036,#5435);
#5435 = DEFINITIONAL_REPRESENTATION('',(#5436),#5440);
#5436 = LINE('',#5437,#5438);
#5437 = CARTESIAN_POINT('',(-6.434393798514,3.575260777783));
#5438 = VECTOR('',#5439,1.);
#5439 = DIRECTION('',(1.,-0.));
#5440 = ( GEOMETRIC_REPRESENTATION_CONTEXT(2) 
PARAMETRIC_REPRESENTATION_CONTEXT() REPRESENTATION_CONTEXT('2D SPACE',''
  ) );
#5441 = PCURVE('',#5010,#5442);
#5442 = DEFINITIONAL_REPRESENTATION('',(#5443),#5447);
#5443 = LINE('',#5444,#5445);
#5444 = CARTESIAN_POINT('',(6.434393798514,47.424739222217));
#5445 = VECTOR('',#5446,1.);
#5446 = DIRECTION('',(-1.,-0.));
#5447 = ( GEOMETRIC_REPRESENTATION_CONTEXT(2) 
PARAMETRIC_REPRESENTATION_CONTEXT() REPRESENTATION_CONTEXT('2D SPACE',''
  ) );
#5448 = ORIENTED_EDGE('',*,*,#5021,.F.);
#5449 = ORIENTED_EDGE('',*,*,#5399,.F.);
#5450 = ORIENTED_EDGE('',*,*,#5110,.F.);
#5451 = ADVANCED_FACE('',(#5452),#5010,.F.);
#5452 = FACE_BOUND('',#5453,.F.);
#5453 = EDGE_LOOP('',(#5454,#5455,#5477,#5478));
#5454 = ORIENTED_EDGE('',*,*,#4995,.F.);
#5455 = ORIENTED_EDGE('',*,*,#5456,.F.);
#5456 = EDGE_CURVE('',#5083,#4964,#5457,.T.);
#5457 = SURFACE_CURVE('',#5458,(#5463,#5470),.PCURVE_S1.);
#5458 = CIRCLE('',#5459,30.39);
#5459 = AXIS2_PLACEMENT_3D('',#5460,#5461,#5462);
#5460 = CARTESIAN_POINT('',(0.,0.,36.908594111116));
#5461 = DIRECTION('',(0.,0.,-1.));
#5462 = DIRECTION('',(0.988589761266,0.150632944338,0.));
#5463 = PCURVE('',#5010,#5464);
#5464 = DEFINITIONAL_REPRESENTATION('',(#5465),#5469);
#5465 = LINE('',#5466,#5467);
#5466 = CARTESIAN_POINT('',(6.434393798514,37.908594111116));
#5467 = VECTOR('',#5468,1.);
#5468 = DIRECTION('',(-1.,-0.));
#5469 = ( GEOMETRIC_REPRESENTATION_CONTEXT(2) 
PARAMETRIC_REPRESENTATION_CONTEXT() REPRESENTATION_CONTEXT('2D SPACE',''
  ) );
#5470 = PCURVE('',#4980,#5471);
#5471 = DEFINITIONAL_REPRESENTATION('',(#5472),#5476);
#5472 = LINE('',#5473,#5474);
#5473 = CARTESIAN_POINT('',(6.434393798514,-1.191753592594));
#5474 = VECTOR('',#5475,1.);
#5475 = DIRECTION('',(-1.,-0.));
#5476 = ( GEOMETRIC_REPRESENTATION_CONTEXT(2) 
PARAMETRIC_REPRESENTATION_CONTEXT() REPRESENTATION_CONTEXT('2D SPACE',''
  ) );
#5477 = ORIENTED_EDGE('',*,*,#5137,.T.);
#5478 = ORIENTED_EDGE('',*,*,#5427,.T.);
#5479 = ADVANCED_FACE('',(#5480),#4980,.F.);
#5480 = FACE_BOUND('',#5481,.T.);
#5481 = EDGE_LOOP('',(#5482,#5483,#5484,#5485));
#5482 = ORIENTED_EDGE('',*,*,#5456,.F.);
#5483 = ORIENTED_EDGE('',*,*,#5082,.F.);
#5484 = ORIENTED_EDGE('',*,*,#5054,.T.);
#5485 = ORIENTED_EDGE('',*,*,#4963,.F.);
#5486 = ( GEOMETRIC_REPRESENTATION_CONTEXT(3) 
GLOBAL_UNCERTAINTY_ASSIGNED_CONTEXT((#5490)) 
GLOBAL_UNIT_ASSIGNED_CONTEXT((#5487,#5488,#5489)) REPRESENTATION_CONTEXT
('Context #1','3D Context with UNIT and UNCERTAINTY') );
#5487 = ( LENGTH_UNIT() NAMED_UNIT(*) SI_UNIT(.MILLI.,.METRE.) );
#5488 = ( NAMED_UNIT(*) PLANE_ANGLE_UNIT() SI_UNIT($,.RADIAN.) );
#5489 = ( NAMED_UNIT(*) SI_UNIT($,.STERADIAN.) SOLID_ANGLE_UNIT() );
#5490 = UNCERTAINTY_MEASURE_WITH_UNIT(LENGTH_MEASURE(1.E-07),#5487,
  'distance_accuracy_value','confusion accuracy');
#5491 = PRODUCT_RELATED_PRODUCT_CATEGORY('part',$,(#7));
ENDSEC;
END-ISO-10303-21;
