ISO-10303-21;
HEADER;
FILE_DESCRIPTION(('Open CASCADE Model'),'2;1');
FILE_NAME('Open CASCADE Shape Model','2026-10-08T02:18:28',('Author'),(
    'Open CASCADE'),'Open CASCADE STEP processor 8.0','build123d',
  'Unknown');
FILE_SCHEMA(('AUTOMOTIVE_DESIGN { 1 0 10303 214 1 1 1 1 }'));
ENDSEC;
DATA;
#1 = APPLICATION_PROTOCOL_DEFINITION('international standard',
  'automotive_design',2000,#2);
#2 = APPLICATION_CONTEXT(
  'core data for automotive mechanical design processes');
#3 = SHAPE_DEFINITION_REPRESENTATION(#4,#10);
#4 = PRODUCT_DEFINITION_SHAPE('','',#5);
#5 = PRODUCT_DEFINITION('design','',#6,#9);
#6 = PRODUCT_DEFINITION_FORMATION('','',#7);
#7 = PRODUCT('COMPOUND','COMPOUND','',(#8));
#8 = PRODUCT_CONTEXT('',#2,'mechanical');
#9 = PRODUCT_DEFINITION_CONTEXT('part definition',#2,'design');
#10 = ADVANCED_BREP_SHAPE_REPRESENTATION('',(#11,#15),#2596);
#11 = AXIS2_PLACEMENT_3D('',#12,#13,#14);
#12 = CARTESIAN_POINT('',(0.,0.,0.));
#13 = DIRECTION('',(0.,0.,1.));
#14 = DIRECTION('',(1.,0.,-0.));
#15 = MANIFOLD_SOLID_BREP('',#16);
#16 = CLOSED_SHELL('',(#17,#137,#208,#294,#1704,#1757,#1807,#1857,#2071,
    #2128,#2161,#2353,#2360,#2415,#2470,#2525,#2580,#2584,#2588,#2592));
#17 = ADVANCED_FACE('',(#18),#32,.T.);
#18 = FACE_BOUND('',#19,.T.);
#19 = EDGE_LOOP('',(#20,#55,#84,#110));
#20 = ORIENTED_EDGE('',*,*,#21,.T.);
#21 = EDGE_CURVE('',#22,#24,#26,.T.);
#22 = VERTEX_POINT('',#23);
#23 = CARTESIAN_POINT('',(3.52337213573E-14,75.451147208648,-20.));
#24 = VERTEX_POINT('',#25);
#25 = CARTESIAN_POINT('',(3.52337213573E-14,75.451147208648,181.2600001)
  );
#26 = SURFACE_CURVE('',#27,(#31,#43),.PCURVE_S1.);
#27 = LINE('',#28,#29);
#28 = CARTESIAN_POINT('',(3.52337213573E-14,75.451147208648,-20.));
#29 = VECTOR('',#30,1.);
#30 = DIRECTION('',(0.,0.,1.));
#31 = PCURVE('',#32,#37);
#32 = CYLINDRICAL_SURFACE('',#33,75.451147208648);
#33 = AXIS2_PLACEMENT_3D('',#34,#35,#36);
#34 = CARTESIAN_POINT('',(0.,0.,-20.));
#35 = DIRECTION('',(0.,0.,1.));
#36 = DIRECTION('',(2.22044604925E-16,1.,0.));
#37 = DEFINITIONAL_REPRESENTATION('',(#38),#42);
#38 = LINE('',#39,#40);
#39 = CARTESIAN_POINT('',(6.28318530718,-0.));
#40 = VECTOR('',#41,1.);
#41 = DIRECTION('',(0.,1.));
#42 = ( GEOMETRIC_REPRESENTATION_CONTEXT(2) 
PARAMETRIC_REPRESENTATION_CONTEXT() REPRESENTATION_CONTEXT('2D SPACE',''
  ) );
#43 = PCURVE('',#44,#49);
#44 = CYLINDRICAL_SURFACE('',#45,75.451147208648);
#45 = AXIS2_PLACEMENT_3D('',#46,#47,#48);
#46 = CARTESIAN_POINT('',(0.,0.,-20.));
#47 = DIRECTION('',(0.,0.,1.));
#48 = DIRECTION('',(2.22044604925E-16,1.,0.));
#49 = DEFINITIONAL_REPRESENTATION('',(#50),#54);
#50 = LINE('',#51,#52);
#51 = CARTESIAN_POINT('',(0.,-0.));
#52 = VECTOR('',#53,1.);
#53 = DIRECTION('',(0.,1.));
#54 = ( GEOMETRIC_REPRESENTATION_CONTEXT(2) 
PARAMETRIC_REPRESENTATION_CONTEXT() REPRESENTATION_CONTEXT('2D SPACE',''
  ) );
#55 = ORIENTED_EDGE('',*,*,#56,.F.);
#56 = EDGE_CURVE('',#57,#24,#59,.T.);
#57 = VERTEX_POINT('',#58);
#58 = CARTESIAN_POINT('',(75.451147208648,-3.061367106124E-14,
    181.2600001));
#59 = SURFACE_CURVE('',#60,(#65,#72),.PCURVE_S1.);
#60 = CIRCLE('',#61,75.451147208648);
#61 = AXIS2_PLACEMENT_3D('',#62,#63,#64);
#62 = CARTESIAN_POINT('',(0.,0.,181.2600001));
#63 = DIRECTION('',(0.,-0.,1.));
#64 = DIRECTION('',(2.22044604925E-16,1.,0.));
#65 = PCURVE('',#32,#66);
#66 = DEFINITIONAL_REPRESENTATION('',(#67),#71);
#67 = LINE('',#68,#69);
#68 = CARTESIAN_POINT('',(0.,201.2600001));
#69 = VECTOR('',#70,1.);
#70 = DIRECTION('',(1.,0.));
#71 = ( GEOMETRIC_REPRESENTATION_CONTEXT(2) 
PARAMETRIC_REPRESENTATION_CONTEXT() REPRESENTATION_CONTEXT('2D SPACE',''
  ) );
#72 = PCURVE('',#73,#78);
#73 = PLANE('',#74);
#74 = AXIS2_PLACEMENT_3D('',#75,#76,#77);
#75 = CARTESIAN_POINT('',(0.,0.,181.2600001));
#76 = DIRECTION('',(0.,0.,1.));
#77 = DIRECTION('',(2.22044604925E-16,1.,0.));
#78 = DEFINITIONAL_REPRESENTATION('',(#79),#83);
#79 = CIRCLE('',#80,75.451147208648);
#80 = AXIS2_PLACEMENT_2D('',#81,#82);
#81 = CARTESIAN_POINT('',(0.,0.));
#82 = DIRECTION('',(1.,0.));
#83 = ( GEOMETRIC_REPRESENTATION_CONTEXT(2) 
PARAMETRIC_REPRESENTATION_CONTEXT() REPRESENTATION_CONTEXT('2D SPACE',''
  ) );
#84 = ORIENTED_EDGE('',*,*,#85,.F.);
#85 = EDGE_CURVE('',#86,#57,#88,.T.);
#86 = VERTEX_POINT('',#87);
#87 = CARTESIAN_POINT('',(75.451147208648,-3.061367106124E-14,-20.));
#88 = SURFACE_CURVE('',#89,(#93,#99),.PCURVE_S1.);
#89 = LINE('',#90,#91);
#90 = CARTESIAN_POINT('',(75.451147208648,0.,-20.));
#91 = VECTOR('',#92,1.);
#92 = DIRECTION('',(0.,0.,1.));
#93 = PCURVE('',#32,#94);
#94 = DEFINITIONAL_REPRESENTATION('',(#95),#98);
#95 = B_SPLINE_CURVE_WITH_KNOTS('',1,(#96,#97),.UNSPECIFIED.,.F.,.F.,(2,
    2),(-5.999999999062E-07,201.2600007),.PIECEWISE_BEZIER_KNOTS.);
#96 = CARTESIAN_POINT('',(4.712388980385,-5.999999999062E-07));
#97 = CARTESIAN_POINT('',(4.712388980385,201.2600007));
#98 = ( GEOMETRIC_REPRESENTATION_CONTEXT(2) 
PARAMETRIC_REPRESENTATION_CONTEXT() REPRESENTATION_CONTEXT('2D SPACE',''
  ) );
#99 = PCURVE('',#100,#105);
#100 = PLANE('',#101);
#101 = AXIS2_PLACEMENT_3D('',#102,#103,#104);
#102 = CARTESIAN_POINT('',(0.,0.,0.));
#103 = DIRECTION('',(0.,-1.,0.));
#104 = DIRECTION('',(1.,0.,0.));
#105 = DEFINITIONAL_REPRESENTATION('',(#106),#109);
#106 = B_SPLINE_CURVE_WITH_KNOTS('',1,(#107,#108),.UNSPECIFIED.,.F.,.F.,
  (2,2),(-5.999999999062E-07,201.2600007),.PIECEWISE_BEZIER_KNOTS.);
#107 = CARTESIAN_POINT('',(75.451147208648,-20.0000006));
#108 = CARTESIAN_POINT('',(75.451147208648,181.2600007));
#109 = ( GEOMETRIC_REPRESENTATION_CONTEXT(2) 
PARAMETRIC_REPRESENTATION_CONTEXT() REPRESENTATION_CONTEXT('2D SPACE',''
  ) );
#110 = ORIENTED_EDGE('',*,*,#111,.T.);
#111 = EDGE_CURVE('',#86,#22,#112,.T.);
#112 = SURFACE_CURVE('',#113,(#118,#125),.PCURVE_S1.);
#113 = CIRCLE('',#114,75.451147208648);
#114 = AXIS2_PLACEMENT_3D('',#115,#116,#117);
#115 = CARTESIAN_POINT('',(0.,0.,-20.));
#116 = DIRECTION('',(0.,-0.,1.));
#117 = DIRECTION('',(2.22044604925E-16,1.,0.));
#118 = PCURVE('',#32,#119);
#119 = DEFINITIONAL_REPRESENTATION('',(#120),#124);
#120 = LINE('',#121,#122);
#121 = CARTESIAN_POINT('',(0.,0.));
#122 = VECTOR('',#123,1.);
#123 = DIRECTION('',(1.,0.));
#124 = ( GEOMETRIC_REPRESENTATION_CONTEXT(2) 
PARAMETRIC_REPRESENTATION_CONTEXT() REPRESENTATION_CONTEXT('2D SPACE',''
  ) );
#125 = PCURVE('',#126,#131);
#126 = PLANE('',#127);
#127 = AXIS2_PLACEMENT_3D('',#128,#129,#130);
#128 = CARTESIAN_POINT('',(0.,0.,-20.));
#129 = DIRECTION('',(0.,0.,1.));
#130 = DIRECTION('',(2.22044604925E-16,1.,0.));
#131 = DEFINITIONAL_REPRESENTATION('',(#132),#136);
#132 = CIRCLE('',#133,75.451147208648);
#133 = AXIS2_PLACEMENT_2D('',#134,#135);
#134 = CARTESIAN_POINT('',(0.,0.));
#135 = DIRECTION('',(1.,0.));
#136 = ( GEOMETRIC_REPRESENTATION_CONTEXT(2) 
PARAMETRIC_REPRESENTATION_CONTEXT() REPRESENTATION_CONTEXT('2D SPACE',''
  ) );
#137 = ADVANCED_FACE('',(#138),#44,.T.);
#138 = FACE_BOUND('',#139,.T.);
#139 = EDGE_LOOP('',(#140,#164,#165,#189));
#140 = ORIENTED_EDGE('',*,*,#141,.F.);
#141 = EDGE_CURVE('',#24,#142,#144,.T.);
#142 = VERTEX_POINT('',#143);
#143 = CARTESIAN_POINT('',(-75.45114720864,4.620050296053E-15,
    181.2600001));
#144 = SURFACE_CURVE('',#145,(#150,#157),.PCURVE_S1.);
#145 = CIRCLE('',#146,75.451147208648);
#146 = AXIS2_PLACEMENT_3D('',#147,#148,#149);
#147 = CARTESIAN_POINT('',(0.,0.,181.2600001));
#148 = DIRECTION('',(0.,-0.,1.));
#149 = DIRECTION('',(2.22044604925E-16,1.,0.));
#150 = PCURVE('',#44,#151);
#151 = DEFINITIONAL_REPRESENTATION('',(#152),#156);
#152 = LINE('',#153,#154);
#153 = CARTESIAN_POINT('',(0.,201.2600001));
#154 = VECTOR('',#155,1.);
#155 = DIRECTION('',(1.,0.));
#156 = ( GEOMETRIC_REPRESENTATION_CONTEXT(2) 
PARAMETRIC_REPRESENTATION_CONTEXT() REPRESENTATION_CONTEXT('2D SPACE',''
  ) );
#157 = PCURVE('',#73,#158);
#158 = DEFINITIONAL_REPRESENTATION('',(#159),#163);
#159 = CIRCLE('',#160,75.451147208648);
#160 = AXIS2_PLACEMENT_2D('',#161,#162);
#161 = CARTESIAN_POINT('',(0.,0.));
#162 = DIRECTION('',(1.,0.));
#163 = ( GEOMETRIC_REPRESENTATION_CONTEXT(2) 
PARAMETRIC_REPRESENTATION_CONTEXT() REPRESENTATION_CONTEXT('2D SPACE',''
  ) );
#164 = ORIENTED_EDGE('',*,*,#21,.F.);
#165 = ORIENTED_EDGE('',*,*,#166,.T.);
#166 = EDGE_CURVE('',#22,#167,#169,.T.);
#167 = VERTEX_POINT('',#168);
#168 = CARTESIAN_POINT('',(-75.45114720864,4.620050296053E-15,-20.));
#169 = SURFACE_CURVE('',#170,(#175,#182),.PCURVE_S1.);
#170 = CIRCLE('',#171,75.451147208648);
#171 = AXIS2_PLACEMENT_3D('',#172,#173,#174);
#172 = CARTESIAN_POINT('',(0.,0.,-20.));
#173 = DIRECTION('',(0.,-0.,1.));
#174 = DIRECTION('',(2.22044604925E-16,1.,0.));
#175 = PCURVE('',#44,#176);
#176 = DEFINITIONAL_REPRESENTATION('',(#177),#181);
#177 = LINE('',#178,#179);
#178 = CARTESIAN_POINT('',(0.,0.));
#179 = VECTOR('',#180,1.);
#180 = DIRECTION('',(1.,0.));
#181 = ( GEOMETRIC_REPRESENTATION_CONTEXT(2) 
PARAMETRIC_REPRESENTATION_CONTEXT() REPRESENTATION_CONTEXT('2D SPACE',''
  ) );
#182 = PCURVE('',#126,#183);
#183 = DEFINITIONAL_REPRESENTATION('',(#184),#188);
#184 = CIRCLE('',#185,75.451147208648);
#185 = AXIS2_PLACEMENT_2D('',#186,#187);
#186 = CARTESIAN_POINT('',(0.,0.));
#187 = DIRECTION('',(1.,0.));
#188 = ( GEOMETRIC_REPRESENTATION_CONTEXT(2) 
PARAMETRIC_REPRESENTATION_CONTEXT() REPRESENTATION_CONTEXT('2D SPACE',''
  ) );
#189 = ORIENTED_EDGE('',*,*,#190,.T.);
#190 = EDGE_CURVE('',#167,#142,#191,.T.);
#191 = SURFACE_CURVE('',#192,(#196,#202),.PCURVE_S1.);
#192 = LINE('',#193,#194);
#193 = CARTESIAN_POINT('',(-75.45114720864,0.,-20.));
#194 = VECTOR('',#195,1.);
#195 = DIRECTION('',(0.,0.,1.));
#196 = PCURVE('',#44,#197);
#197 = DEFINITIONAL_REPRESENTATION('',(#198),#201);
#198 = B_SPLINE_CURVE_WITH_KNOTS('',1,(#199,#200),.UNSPECIFIED.,.F.,.F.,
  (2,2),(-5.999999999062E-07,201.2600007),.PIECEWISE_BEZIER_KNOTS.);
#199 = CARTESIAN_POINT('',(1.570796326795,-5.999999999062E-07));
#200 = CARTESIAN_POINT('',(1.570796326795,201.2600007));
#201 = ( GEOMETRIC_REPRESENTATION_CONTEXT(2) 
PARAMETRIC_REPRESENTATION_CONTEXT() REPRESENTATION_CONTEXT('2D SPACE',''
  ) );
#202 = PCURVE('',#100,#203);
#203 = DEFINITIONAL_REPRESENTATION('',(#204),#207);
#204 = B_SPLINE_CURVE_WITH_KNOTS('',1,(#205,#206),.UNSPECIFIED.,.F.,.F.,
  (2,2),(-5.999999999062E-07,201.2600007),.PIECEWISE_BEZIER_KNOTS.);
#205 = CARTESIAN_POINT('',(-75.45114720864,-20.0000006));
#206 = CARTESIAN_POINT('',(-75.45114720864,181.2600007));
#207 = ( GEOMETRIC_REPRESENTATION_CONTEXT(2) 
PARAMETRIC_REPRESENTATION_CONTEXT() REPRESENTATION_CONTEXT('2D SPACE',''
  ) );
#208 = ADVANCED_FACE('',(#209,#232,#263),#126,.F.);
#209 = FACE_BOUND('',#210,.F.);
#210 = EDGE_LOOP('',(#211,#212,#213));
#211 = ORIENTED_EDGE('',*,*,#111,.T.);
#212 = ORIENTED_EDGE('',*,*,#166,.T.);
#213 = ORIENTED_EDGE('',*,*,#214,.T.);
#214 = EDGE_CURVE('',#167,#86,#215,.T.);
#215 = SURFACE_CURVE('',#216,(#220,#226),.PCURVE_S1.);
#216 = LINE('',#217,#218);
#217 = CARTESIAN_POINT('',(0.,0.,-20.));
#218 = VECTOR('',#219,1.);
#219 = DIRECTION('',(1.,0.,-0.));
#220 = PCURVE('',#126,#221);
#221 = DEFINITIONAL_REPRESENTATION('',(#222),#225);
#222 = B_SPLINE_CURVE_WITH_KNOTS('',1,(#223,#224),.UNSPECIFIED.,.F.,.F.,
  (2,2),(-75.45114720864,75.451147208648),.PIECEWISE_BEZIER_KNOTS.);
#223 = CARTESIAN_POINT('',(-1.675352017308E-14,75.451147208648));
#224 = CARTESIAN_POINT('',(1.675352017308E-14,-75.45114720864));
#225 = ( GEOMETRIC_REPRESENTATION_CONTEXT(2) 
PARAMETRIC_REPRESENTATION_CONTEXT() REPRESENTATION_CONTEXT('2D SPACE',''
  ) );
#226 = PCURVE('',#100,#227);
#227 = DEFINITIONAL_REPRESENTATION('',(#228),#231);
#228 = B_SPLINE_CURVE_WITH_KNOTS('',1,(#229,#230),.UNSPECIFIED.,.F.,.F.,
  (2,2),(-75.45114720864,75.451147208648),.PIECEWISE_BEZIER_KNOTS.);
#229 = CARTESIAN_POINT('',(-75.45114720864,-20.));
#230 = CARTESIAN_POINT('',(75.451147208648,-20.));
#231 = ( GEOMETRIC_REPRESENTATION_CONTEXT(2) 
PARAMETRIC_REPRESENTATION_CONTEXT() REPRESENTATION_CONTEXT('2D SPACE',''
  ) );
#232 = FACE_BOUND('',#233,.F.);
#233 = EDGE_LOOP('',(#234));
#234 = ORIENTED_EDGE('',*,*,#235,.F.);
#235 = EDGE_CURVE('',#236,#236,#238,.T.);
#236 = VERTEX_POINT('',#237);
#237 = CARTESIAN_POINT('',(14.201815436063,14.201815436063,-20.));
#238 = SURFACE_CURVE('',#239,(#244,#251),.PCURVE_S1.);
#239 = CIRCLE('',#240,0.75);
#240 = AXIS2_PLACEMENT_3D('',#241,#242,#243);
#241 = CARTESIAN_POINT('',(13.671485350173,13.671485350173,-20.));
#242 = DIRECTION('',(0.,0.,1.));
#243 = DIRECTION('',(0.707106781187,0.707106781187,-0.));
#244 = PCURVE('',#126,#245);
#245 = DEFINITIONAL_REPRESENTATION('',(#246),#250);
#246 = CIRCLE('',#247,0.75);
#247 = AXIS2_PLACEMENT_2D('',#248,#249);
#248 = CARTESIAN_POINT('',(13.671485350173,-13.67148535017));
#249 = DIRECTION('',(0.707106781187,-0.707106781187));
#250 = ( GEOMETRIC_REPRESENTATION_CONTEXT(2) 
PARAMETRIC_REPRESENTATION_CONTEXT() REPRESENTATION_CONTEXT('2D SPACE',''
  ) );
#251 = PCURVE('',#252,#257);
#252 = CYLINDRICAL_SURFACE('',#253,0.75);
#253 = AXIS2_PLACEMENT_3D('',#254,#255,#256);
#254 = CARTESIAN_POINT('',(13.671485350173,13.671485350173,-21.));
#255 = DIRECTION('',(0.,0.,1.));
#256 = DIRECTION('',(0.707106781187,0.707106781187,0.));
#257 = DEFINITIONAL_REPRESENTATION('',(#258),#262);
#258 = LINE('',#259,#260);
#259 = CARTESIAN_POINT('',(0.,1.));
#260 = VECTOR('',#261,1.);
#261 = DIRECTION('',(1.,0.));
#262 = ( GEOMETRIC_REPRESENTATION_CONTEXT(2) 
PARAMETRIC_REPRESENTATION_CONTEXT() REPRESENTATION_CONTEXT('2D SPACE',''
  ) );
#263 = FACE_BOUND('',#264,.F.);
#264 = EDGE_LOOP('',(#265));
#265 = ORIENTED_EDGE('',*,*,#266,.F.);
#266 = EDGE_CURVE('',#267,#267,#269,.T.);
#267 = VERTEX_POINT('',#268);
#268 = CARTESIAN_POINT('',(-14.20181543606,14.201815436063,-20.));
#269 = SURFACE_CURVE('',#270,(#275,#282),.PCURVE_S1.);
#270 = CIRCLE('',#271,0.75);
#271 = AXIS2_PLACEMENT_3D('',#272,#273,#274);
#272 = CARTESIAN_POINT('',(-13.67148535017,13.671485350173,-20.));
#273 = DIRECTION('',(0.,0.,1.));
#274 = DIRECTION('',(-0.707106781187,0.707106781187,0.));
#275 = PCURVE('',#126,#276);
#276 = DEFINITIONAL_REPRESENTATION('',(#277),#281);
#277 = CIRCLE('',#278,0.75);
#278 = AXIS2_PLACEMENT_2D('',#279,#280);
#279 = CARTESIAN_POINT('',(13.671485350173,13.671485350173));
#280 = DIRECTION('',(0.707106781187,0.707106781187));
#281 = ( GEOMETRIC_REPRESENTATION_CONTEXT(2) 
PARAMETRIC_REPRESENTATION_CONTEXT() REPRESENTATION_CONTEXT('2D SPACE',''
  ) );
#282 = PCURVE('',#283,#288);
#283 = CYLINDRICAL_SURFACE('',#284,0.75);
#284 = AXIS2_PLACEMENT_3D('',#285,#286,#287);
#285 = CARTESIAN_POINT('',(-13.67148535017,13.671485350173,-21.));
#286 = DIRECTION('',(0.,0.,1.));
#287 = DIRECTION('',(-0.707106781187,0.707106781187,0.));
#288 = DEFINITIONAL_REPRESENTATION('',(#289),#293);
#289 = LINE('',#290,#291);
#290 = CARTESIAN_POINT('',(0.,1.));
#291 = VECTOR('',#292,1.);
#292 = DIRECTION('',(1.,0.));
#293 = ( GEOMETRIC_REPRESENTATION_CONTEXT(2) 
PARAMETRIC_REPRESENTATION_CONTEXT() REPRESENTATION_CONTEXT('2D SPACE',''
  ) );
#294 = ADVANCED_FACE('',(#295,#1580,#1611,#1642,#1673),#100,.T.);
#295 = FACE_BOUND('',#296,.T.);
#296 = EDGE_LOOP('',(#297,#298,#299,#300,#321,#347,#928,#954,#1535,#1561
    ));
#297 = ORIENTED_EDGE('',*,*,#190,.F.);
#298 = ORIENTED_EDGE('',*,*,#214,.T.);
#299 = ORIENTED_EDGE('',*,*,#85,.T.);
#300 = ORIENTED_EDGE('',*,*,#301,.F.);
#301 = EDGE_CURVE('',#302,#57,#304,.T.);
#302 = VERTEX_POINT('',#303);
#303 = CARTESIAN_POINT('',(31.189,-1.26546755358E-14,181.2600001));
#304 = SURFACE_CURVE('',#305,(#309,#315),.PCURVE_S1.);
#305 = LINE('',#306,#307);
#306 = CARTESIAN_POINT('',(0.,0.,181.2600001));
#307 = VECTOR('',#308,1.);
#308 = DIRECTION('',(1.,0.,-0.));
#309 = PCURVE('',#100,#310);
#310 = DEFINITIONAL_REPRESENTATION('',(#311),#314);
#311 = B_SPLINE_CURVE_WITH_KNOTS('',1,(#312,#313),.UNSPECIFIED.,.F.,.F.,
  (2,2),(-75.45114720864,75.451147208648),.PIECEWISE_BEZIER_KNOTS.);
#312 = CARTESIAN_POINT('',(-75.45114720864,181.2600001));
#313 = CARTESIAN_POINT('',(75.451147208648,181.2600001));
#314 = ( GEOMETRIC_REPRESENTATION_CONTEXT(2) 
PARAMETRIC_REPRESENTATION_CONTEXT() REPRESENTATION_CONTEXT('2D SPACE',''
  ) );
#315 = PCURVE('',#73,#316);
#316 = DEFINITIONAL_REPRESENTATION('',(#317),#320);
#317 = B_SPLINE_CURVE_WITH_KNOTS('',1,(#318,#319),.UNSPECIFIED.,.F.,.F.,
  (2,2),(-75.45114720864,75.451147208648),.PIECEWISE_BEZIER_KNOTS.);
#318 = CARTESIAN_POINT('',(-1.675352017308E-14,75.451147208648));
#319 = CARTESIAN_POINT('',(1.675352017308E-14,-75.45114720864));
#320 = ( GEOMETRIC_REPRESENTATION_CONTEXT(2) 
PARAMETRIC_REPRESENTATION_CONTEXT() REPRESENTATION_CONTEXT('2D SPACE',''
  ) );
#321 = ORIENTED_EDGE('',*,*,#322,.F.);
#322 = EDGE_CURVE('',#323,#302,#325,.T.);
#323 = VERTEX_POINT('',#324);
#324 = CARTESIAN_POINT('',(26.95754407647,2.227384943154E-15,
    177.02854417865));
#325 = SURFACE_CURVE('',#326,(#330,#336),.PCURVE_S1.);
#326 = LINE('',#327,#328);
#327 = CARTESIAN_POINT('',(0.,0.,150.0710001));
#328 = VECTOR('',#329,1.);
#329 = DIRECTION('',(0.707106781187,0.,0.707106781187));
#330 = PCURVE('',#100,#331);
#331 = DEFINITIONAL_REPRESENTATION('',(#332),#335);
#332 = B_SPLINE_CURVE_WITH_KNOTS('',1,(#333,#334),.UNSPECIFIED.,.F.,.F.,
  (2,2),(38.12372443405,44.107906796854),.PIECEWISE_BEZIER_KNOTS.);
#333 = CARTESIAN_POINT('',(26.957544071404,177.0285441714));
#334 = CARTESIAN_POINT('',(31.189,181.2600001));
#335 = ( GEOMETRIC_REPRESENTATION_CONTEXT(2) 
PARAMETRIC_REPRESENTATION_CONTEXT() REPRESENTATION_CONTEXT('2D SPACE',''
  ) );
#336 = PCURVE('',#337,#342);
#337 = CONICAL_SURFACE('',#338,26.189,0.785398163397);
#338 = AXIS2_PLACEMENT_3D('',#339,#340,#341);
#339 = CARTESIAN_POINT('',(0.,0.,176.2600001));
#340 = DIRECTION('',(0.,0.,1.));
#341 = DIRECTION('',(2.22044604925E-16,1.,0.));
#342 = DEFINITIONAL_REPRESENTATION('',(#343),#346);
#343 = B_SPLINE_CURVE_WITH_KNOTS('',1,(#344,#345),.UNSPECIFIED.,.F.,.F.,
  (2,2),(38.12372443405,44.107906796854),.PIECEWISE_BEZIER_KNOTS.);
#344 = CARTESIAN_POINT('',(4.712388980385,0.768544071404));
#345 = CARTESIAN_POINT('',(4.712388980385,5.));
#346 = ( GEOMETRIC_REPRESENTATION_CONTEXT(2) 
PARAMETRIC_REPRESENTATION_CONTEXT() REPRESENTATION_CONTEXT('2D SPACE',''
  ) );
#347 = ORIENTED_EDGE('',*,*,#348,.F.);
#348 = EDGE_CURVE('',#349,#323,#351,.T.);
#349 = VERTEX_POINT('',#350);
#350 = CARTESIAN_POINT('',(32.224,-1.307461811746E-14,0.));
#351 = SURFACE_CURVE('',#352,(#537,#725),.PCURVE_S1.);
#352 = B_SPLINE_CURVE_WITH_KNOTS('',8,(#353,#354,#355,#356,#357,#358,
    #359,#360,#361,#362,#363,#364,#365,#366,#367,#368,#369,#370,#371,
    #372,#373,#374,#375,#376,#377,#378,#379,#380,#381,#382,#383,#384,
    #385,#386,#387,#388,#389,#390,#391,#392,#393,#394,#395,#396,#397,
    #398,#399,#400,#401,#402,#403,#404,#405,#406,#407,#408,#409,#410,
    #411,#412,#413,#414,#415,#416,#417,#418,#419,#420,#421,#422,#423,
    #424,#425,#426,#427,#428,#429,#430,#431,#432,#433,#434,#435,#436,
    #437,#438,#439,#440,#441,#442,#443,#444,#445,#446,#447,#448,#449,
    #450,#451,#452,#453,#454,#455,#456,#457,#458,#459,#460,#461,#462,
    #463,#464,#465,#466,#467,#468,#469,#470,#471,#472,#473,#474,#475,
    #476,#477,#478,#479,#480,#481,#482,#483,#484,#485,#486,#487,#488,
    #489,#490,#491,#492,#493,#494,#495,#496,#497,#498,#499,#500,#501,
    #502,#503,#504,#505,#506,#507,#508,#509,#510,#511,#512,#513,#514,
    #515,#516,#517,#518,#519,#520,#521,#522,#523,#524,#525,#526,#527,
    #528,#529,#530,#531,#532,#533,#534,#535,#536),.UNSPECIFIED.,.F.,.F.,
  (9,7,7,7,7,7,7,7,7,7,7,7,7,7,7,7,7,7,7,7,7,7,7,7,7,7,9),(0.,
    2.679381428498E-02,4.115918690556E-02,5.150073186568E-02,
    8.510094034125E-02,0.166011040387,0.179989561203,0.186980049125,
    0.194968790111,0.329633309458,0.39656323073,0.413589042468,
    0.464763273271,0.622601130489,0.635488874325,0.732799700498,
    0.775826314241,0.802981645408,0.816096544281,0.823165609096,
    0.830238674676,0.85451801924,0.915631091389,0.942314360624,
    0.949230398508,0.971052837539,1.),.UNSPECIFIED.);
#353 = CARTESIAN_POINT('',(32.224,0.,0.));
#354 = CARTESIAN_POINT('',(32.862741258319,0.,0.));
#355 = CARTESIAN_POINT('',(33.493848494273,0.,7.532853514768E-02));
#356 = CARTESIAN_POINT('',(34.111639270706,0.,0.222520613031));
#357 = CARTESIAN_POINT('',(34.712519236046,0.,0.434271211803));
#358 = CARTESIAN_POINT('',(35.294432952087,0.,0.701857900538));
#359 = CARTESIAN_POINT('',(35.856508325205,0.,1.016628904069));
#360 = CARTESIAN_POINT('',(36.398827877696,0.,1.370816568651));
#361 = CARTESIAN_POINT('',(37.202895722321,0.,1.965488475644));
#362 = CARTESIAN_POINT('',(37.478153230104,0.,2.182544933089));
#363 = CARTESIAN_POINT('',(37.74817504716,0.,2.408121218523));
#364 = CARTESIAN_POINT('',(38.013116278006,0.,2.641302110367));
#365 = CARTESIAN_POINT('',(38.273143317696,0.,2.881241355976));
#366 = CARTESIAN_POINT('',(38.528432763014,0.,3.127159615257));
#367 = CARTESIAN_POINT('',(38.779170620913,0.,3.378340496011));
#368 = CARTESIAN_POINT('',(39.202920146742,0.,3.818262170439));
#369 = CARTESIAN_POINT('',(39.378139811422,0.,4.004909871296));
#370 = CARTESIAN_POINT('',(39.551212721978,0.,4.193715340187));
#371 = CARTESIAN_POINT('',(39.722120571592,0.,4.384396988482));
#372 = CARTESIAN_POINT('',(39.890853358826,0.,4.576647271922));
#373 = CARTESIAN_POINT('',(40.057415607977,0.,4.770111613467));
#374 = CARTESIAN_POINT('',(40.221810283868,0.,4.964443059391));
#375 = CARTESIAN_POINT('',(40.910964386806,0.,5.792963881355));
#376 = CARTESIAN_POINT('',(41.417956268883,0.,6.437872267281));
#377 = CARTESIAN_POINT('',(41.905017394653,0.,7.093638855731));
#378 = CARTESIAN_POINT('',(42.372313613082,0.,7.759719387334));
#379 = CARTESIAN_POINT('',(42.82012352774,0.,8.435550285562));
#380 = CARTESIAN_POINT('',(43.248826749793,0.,9.120554628292));
#381 = CARTESIAN_POINT('',(43.658892150987,0.,9.814148119365));
#382 = CARTESIAN_POINT('',(44.994748735677,0.,12.205207157125));
#383 = CARTESIAN_POINT('',(45.833567012079,0.,13.940792350545));
#384 = CARTESIAN_POINT('',(46.575286705387,0.,15.714796084192));
#385 = CARTESIAN_POINT('',(47.230404689925,0.,17.519758698776));
#386 = CARTESIAN_POINT('',(47.810837778843,0.,19.348855186747));
#387 = CARTESIAN_POINT('',(48.329123352899,0.,21.196177213902));
#388 = CARTESIAN_POINT('',(48.797973400967,0.,23.056891293991));
#389 = CARTESIAN_POINT('',(49.304901748129,0.,25.250392754026));
#390 = CARTESIAN_POINT('',(49.378485782232,0.,25.573809262991));
#391 = CARTESIAN_POINT('',(49.451041423317,0.,25.897484945596));
#392 = CARTESIAN_POINT('',(49.522634422418,0.,26.221398631759));
#393 = CARTESIAN_POINT('',(49.593330539851,0.,26.545529565079));
#394 = CARTESIAN_POINT('',(49.663195545215,0.,26.86985740283));
#395 = CARTESIAN_POINT('',(49.732295217389,0.,27.194362215963));
#396 = CARTESIAN_POINT('',(49.834901414623,0.,27.681384135678));
#397 = CARTESIAN_POINT('',(49.868933041517,0.,27.843785550845));
#398 = CARTESIAN_POINT('',(49.90279834354,0.,28.006225813237));
#399 = CARTESIAN_POINT('',(49.936505439008,0.,28.168702001479));
#400 = CARTESIAN_POINT('',(49.970062446241,0.,28.331211194198));
#401 = CARTESIAN_POINT('',(50.003477483557,0.,28.493750470019));
#402 = CARTESIAN_POINT('',(50.036758669273,0.,28.65631690757));
#403 = CARTESIAN_POINT('',(50.10780422677,0.,29.004716477082));
#404 = CARTESIAN_POINT('',(50.145529943054,0.,29.190557996568));
#405 = CARTESIAN_POINT('',(50.183104063667,0.,29.376428477248));
#406 = CARTESIAN_POINT('',(50.220539115705,0.,29.562324342898));
#407 = CARTESIAN_POINT('',(50.257847360257,0.,29.748242107762));
#408 = CARTESIAN_POINT('',(50.295040792401,0.,29.934178376547));
#409 = CARTESIAN_POINT('',(50.332131141208,0.,30.120129844428));
#410 = CARTESIAN_POINT('',(50.992809621386,0.,33.440839936871));
#411 = CARTESIAN_POINT('',(51.589367350061,0.,36.579262489939));
#412 = CARTESIAN_POINT('',(52.154392234925,0.,39.722257206468));
#413 = CARTESIAN_POINT('',(52.683441352718,0.,42.870605872856));
#414 = CARTESIAN_POINT('',(53.172054962715,0.,46.024973514336));
#415 = CARTESIAN_POINT('',(53.615780294362,0.,49.185904320114));
#416 = CARTESIAN_POINT('',(54.01020383759,0.,52.35381579099));
#417 = CARTESIAN_POINT('',(54.520368108622,0.,57.107092268684));
#418 = CARTESIAN_POINT('',(54.67649420502,0.,58.686980334403));
#419 = CARTESIAN_POINT('',(54.818838263521,0.,60.268685851572));
#420 = CARTESIAN_POINT('',(54.946872736167,0.,61.852228491136));
#421 = CARTESIAN_POINT('',(55.060076370958,0.,63.43761680651));
#422 = CARTESIAN_POINT('',(55.157935894295,0.,65.024847990064));
#423 = CARTESIAN_POINT('',(55.239947693428,0.,66.613907629612));
#424 = CARTESIAN_POINT('',(55.322325267785,0.,68.609457138136));
#425 = CARTESIAN_POINT('',(55.337973887273,0.,69.014261966422));
#426 = CARTESIAN_POINT('',(55.352555565744,0.,69.419179103364));
#427 = CARTESIAN_POINT('',(55.366068297155,0.,69.824223885784));
#428 = CARTESIAN_POINT('',(55.378490974321,0.,70.22936138132));
#429 = CARTESIAN_POINT('',(55.389833960351,0.,70.634639247103));
#430 = CARTESIAN_POINT('',(55.400074491827,0.,71.040017344377));
#431 = CARTESIAN_POINT('',(55.436647850236,0.,72.664236731985));
#432 = CARTESIAN_POINT('',(55.454057959982,0.,73.883874747744));
#433 = CARTESIAN_POINT('',(55.461138071962,0.,75.104181301928));
#434 = CARTESIAN_POINT('',(55.457585785885,0.,76.324923270317));
#435 = CARTESIAN_POINT('',(55.44309321669,0.,77.545862624859));
#436 = CARTESIAN_POINT('',(55.417346798426,0.,78.766756026708));
#437 = CARTESIAN_POINT('',(55.380027088115,0.,79.987354419263));
#438 = CARTESIAN_POINT('',(55.179002760887,0.,84.970425355049));
#439 = CARTESIAN_POINT('',(54.914015896281,0.,88.727893151218));
#440 = CARTESIAN_POINT('',(54.526314608949,0.,92.472756261858));
#441 = CARTESIAN_POINT('',(54.0057727968,0.,96.19685126561));
#442 = CARTESIAN_POINT('',(53.341763226296,0.,99.890813229624));
#443 = CARTESIAN_POINT('',(52.523317521793,0.,103.54405701851));
#444 = CARTESIAN_POINT('',(51.539412997677,0.,107.14484038812));
#445 = CARTESIAN_POINT('',(50.284731308157,0.,110.96910803436));
#446 = CARTESIAN_POINT('',(50.188842933695,0.,111.25735616791));
#447 = CARTESIAN_POINT('',(50.091785501032,0.,111.54516485327));
#448 = CARTESIAN_POINT('',(49.993589431162,0.,111.8325456798));
#449 = CARTESIAN_POINT('',(49.894252849764,0.,112.11949398016));
#450 = CARTESIAN_POINT('',(49.793804250622,0.,112.40602051645));
#451 = CARTESIAN_POINT('',(49.692252238632,0.,112.69212628784));
#452 = CARTESIAN_POINT('',(48.814631478457,0.,115.13496512956));
#453 = CARTESIAN_POINT('',(47.977758542018,0.,117.26832622029));
#454 = CARTESIAN_POINT('',(47.085590189102,0.,119.37996797249));
#455 = CARTESIAN_POINT('',(46.144893913246,0.,121.47234731793));
#456 = CARTESIAN_POINT('',(45.162447058084,0.,123.54823150472));
#457 = CARTESIAN_POINT('',(44.144916952327,0.,125.61064206445));
#458 = CARTESIAN_POINT('',(43.098784147674,0.,127.66282141888));
#459 = CARTESIAN_POINT('',(41.557875427966,0.,130.61260933207));
#460 = CARTESIAN_POINT('',(41.081083692919,0.,131.51565283605));
#461 = CARTESIAN_POINT('',(40.600479853193,0.,132.41764210822));
#462 = CARTESIAN_POINT('',(40.116605494811,0.,133.3188675825));
#463 = CARTESIAN_POINT('',(39.629997268239,0.,134.21962056315));
#464 = CARTESIAN_POINT('',(39.141186665523,0.,135.12019313136));
#465 = CARTESIAN_POINT('',(38.650699797418,0.,136.02087805177));
#466 = CARTESIAN_POINT('',(37.84876739431,0.,137.49067284291));
#467 = CARTESIAN_POINT('',(37.538017668159,0.,138.05953785091));
#468 = CARTESIAN_POINT('',(37.226939068795,0.,138.62863711595));
#469 = CARTESIAN_POINT('',(36.915662071446,0.,139.19804363022));
#470 = CARTESIAN_POINT('',(36.604316549845,0.,139.76782996518));
#471 = CARTESIAN_POINT('',(36.293031776222,0.,140.33806827157));
#472 = CARTESIAN_POINT('',(35.981936421313,0.,140.90883027937));
#473 = CARTESIAN_POINT('',(35.521065731984,0.,141.75612904466));
#474 = CARTESIAN_POINT('',(35.371046981155,0.,142.03220953968));
#475 = CARTESIAN_POINT('',(35.221116737475,0.,142.30843679754));
#476 = CARTESIAN_POINT('',(35.071289410533,0.,142.58481879416));
#477 = CARTESIAN_POINT('',(34.921579383897,0.,142.86136346675));
#478 = CARTESIAN_POINT('',(34.772001015111,0.,143.13807871378));
#479 = CARTESIAN_POINT('',(34.622568635697,0.,143.41497239503));
#480 = CARTESIAN_POINT('',(34.392837368748,0.,143.84140125516));
#481 = CARTESIAN_POINT('',(34.312412037783,0.,143.99082790141));
#482 = CARTESIAN_POINT('',(34.232022790371,0.,144.14033358766));
#483 = CARTESIAN_POINT('',(34.15167185863,0.,144.28991963124));
#484 = CARTESIAN_POINT('',(34.071361474672,0.,144.43958734952));
#485 = CARTESIAN_POINT('',(33.991093870614,0.,144.58933805985));
#486 = CARTESIAN_POINT('',(33.910871278569,0.,144.73917307957));
#487 = CARTESIAN_POINT('',(33.750475207179,0.,145.03909922071));
#488 = CARTESIAN_POINT('',(33.670314898326,0.,145.18916636056));
#489 = CARTESIAN_POINT('',(33.590216933715,0.,145.33929630287));
#490 = CARTESIAN_POINT('',(33.5101834045,0.,145.48949022847));
#491 = CARTESIAN_POINT('',(33.430216563361,0.,145.63974934172));
#492 = CARTESIAN_POINT('',(33.350318824507,0.,145.79007487053));
#493 = CARTESIAN_POINT('',(33.270492763678,0.,145.94046806635));
#494 = CARTESIAN_POINT('',(32.91698178993,0.,146.60741376382));
#495 = CARTESIAN_POINT('',(32.64412831309,0.,147.12471296073));
#496 = CARTESIAN_POINT('',(32.372609980324,0.,147.64293711205));
#497 = CARTESIAN_POINT('',(32.102857151068,0.,148.16219242411));
#498 = CARTESIAN_POINT('',(31.835302704112,0.,148.68258232288));
#499 = CARTESIAN_POINT('',(31.570383490238,0.,149.20420778464));
#500 = CARTESIAN_POINT('',(31.308541784848,0.,149.72716766643));
#501 = CARTESIAN_POINT('',(30.40002690118,0.,151.57149448873));
#502 = CARTESIAN_POINT('',(29.772287770782,0.,152.90026207251));
#503 = CARTESIAN_POINT('',(29.174012999948,0.,154.23969378003));
#504 = CARTESIAN_POINT('',(28.612684219606,0.,155.59117565592));
#505 = CARTESIAN_POINT('',(28.096359327136,0.,156.95565808409));
#506 = CARTESIAN_POINT('',(27.633663454689,0.,158.33364562939));
#507 = CARTESIAN_POINT('',(27.233638357059,0.,159.72515860381));
#508 = CARTESIAN_POINT('',(26.762107063954,0.,161.74289311417));
#509 = CARTESIAN_POINT('',(26.632499391497,0.,162.35854826634));
#510 = CARTESIAN_POINT('',(26.517356186119,0.,162.9765462054));
#511 = CARTESIAN_POINT('',(26.417443046445,0.,163.59677198766));
#512 = CARTESIAN_POINT('',(26.33351849061,0.,164.219072377));
#513 = CARTESIAN_POINT('',(26.266322293455,0.,164.84325452577));
#514 = CARTESIAN_POINT('',(26.216561592964,0.,165.46908446299));
#515 = CARTESIAN_POINT('',(26.176687039468,0.,166.25884962972));
#516 = CARTESIAN_POINT('',(26.169703248449,0.,166.42153588298));
#517 = CARTESIAN_POINT('',(26.163912146214,0.,166.58434181188));
#518 = CARTESIAN_POINT('',(26.159282029293,0.,166.74726503567));
#519 = CARTESIAN_POINT('',(26.155780737422,0.,166.91030313078));
#520 = CARTESIAN_POINT('',(26.15337565354,0.,167.07345363089));
#521 = CARTESIAN_POINT('',(26.152033703792,0.,167.23671402688));
#522 = CARTESIAN_POINT('',(26.150735799401,0.,167.91556224926));
#523 = CARTESIAN_POINT('',(26.160008334708,0.,168.43158345411));
#524 = CARTESIAN_POINT('',(26.178476416317,0.,168.94800081532));
#525 = CARTESIAN_POINT('',(26.205079341647,0.,169.46469943993));
#526 = CARTESIAN_POINT('',(26.238765906919,0.,169.98159428123));
#527 = CARTESIAN_POINT('',(26.27849899891,0.,170.49863027972));
#528 = CARTESIAN_POINT('',(26.323257124183,0.,171.01578247174));
#529 = CARTESIAN_POINT('',(26.436733233279,0.,172.21921230875));
#530 = CARTESIAN_POINT('',(26.508497635159,0.,172.905527107));
#531 = CARTESIAN_POINT('',(26.584974805208,0.,173.59203139547));
#532 = CARTESIAN_POINT('',(26.663850763445,0.,174.27875682528));
#533 = CARTESIAN_POINT('',(26.742834109875,0.,174.96573606277));
#534 = CARTESIAN_POINT('',(26.819641308215,0.,175.65300308812));
#535 = CARTESIAN_POINT('',(26.891981969624,0.,176.34059349416));
#536 = CARTESIAN_POINT('',(26.957544136435,0.,177.02854478499));
#537 = PCURVE('',#100,#538);
#538 = DEFINITIONAL_REPRESENTATION('',(#539),#724);
#539 = B_SPLINE_CURVE_WITH_KNOTS('',8,(#540,#541,#542,#543,#544,#545,
    #546,#547,#548,#549,#550,#551,#552,#553,#554,#555,#556,#557,#558,
    #559,#560,#561,#562,#563,#564,#565,#566,#567,#568,#569,#570,#571,
    #572,#573,#574,#575,#576,#577,#578,#579,#580,#581,#582,#583,#584,
    #585,#586,#587,#588,#589,#590,#591,#592,#593,#594,#595,#596,#597,
    #598,#599,#600,#601,#602,#603,#604,#605,#606,#607,#608,#609,#610,
    #611,#612,#613,#614,#615,#616,#617,#618,#619,#620,#621,#622,#623,
    #624,#625,#626,#627,#628,#629,#630,#631,#632,#633,#634,#635,#636,
    #637,#638,#639,#640,#641,#642,#643,#644,#645,#646,#647,#648,#649,
    #650,#651,#652,#653,#654,#655,#656,#657,#658,#659,#660,#661,#662,
    #663,#664,#665,#666,#667,#668,#669,#670,#671,#672,#673,#674,#675,
    #676,#677,#678,#679,#680,#681,#682,#683,#684,#685,#686,#687,#688,
    #689,#690,#691,#692,#693,#694,#695,#696,#697,#698,#699,#700,#701,
    #702,#703,#704,#705,#706,#707,#708,#709,#710,#711,#712,#713,#714,
    #715,#716,#717,#718,#719,#720,#721,#722,#723),.UNSPECIFIED.,.F.,.F.,
  (9,7,7,7,7,7,7,7,7,7,7,7,7,7,7,7,7,7,7,7,7,7,7,7,7,7,9),(0.,
    2.679381428498E-02,4.115918690556E-02,5.150073186568E-02,
    8.510094034125E-02,0.166011040387,0.179989561203,0.186980049125,
    0.194968790111,0.329633309458,0.39656323073,0.413589042468,
    0.464763273271,0.622601130489,0.635488874325,0.732799700498,
    0.775826314241,0.802981645408,0.816096544281,0.823165609096,
    0.830238674676,0.85451801924,0.915631091389,0.942314360624,
    0.949230398508,0.971052837539,1.),.UNSPECIFIED.);
#540 = CARTESIAN_POINT('',(32.224,0.));
#541 = CARTESIAN_POINT('',(32.862741258319,0.));
#542 = CARTESIAN_POINT('',(33.493848494273,7.532853514768E-02));
#543 = CARTESIAN_POINT('',(34.111639270706,0.222520613031));
#544 = CARTESIAN_POINT('',(34.712519236046,0.434271211803));
#545 = CARTESIAN_POINT('',(35.294432952087,0.701857900538));
#546 = CARTESIAN_POINT('',(35.856508325205,1.016628904069));
#547 = CARTESIAN_POINT('',(36.398827877696,1.370816568651));
#548 = CARTESIAN_POINT('',(37.202895722321,1.965488475644));
#549 = CARTESIAN_POINT('',(37.478153230104,2.182544933089));
#550 = CARTESIAN_POINT('',(37.74817504716,2.408121218523));
#551 = CARTESIAN_POINT('',(38.013116278006,2.641302110367));
#552 = CARTESIAN_POINT('',(38.273143317696,2.881241355976));
#553 = CARTESIAN_POINT('',(38.528432763014,3.127159615257));
#554 = CARTESIAN_POINT('',(38.779170620913,3.378340496011));
#555 = CARTESIAN_POINT('',(39.202920146742,3.818262170439));
#556 = CARTESIAN_POINT('',(39.378139811422,4.004909871296));
#557 = CARTESIAN_POINT('',(39.551212721978,4.193715340187));
#558 = CARTESIAN_POINT('',(39.722120571592,4.384396988482));
#559 = CARTESIAN_POINT('',(39.890853358826,4.576647271922));
#560 = CARTESIAN_POINT('',(40.057415607977,4.770111613467));
#561 = CARTESIAN_POINT('',(40.221810283868,4.964443059391));
#562 = CARTESIAN_POINT('',(40.910964386806,5.792963881355));
#563 = CARTESIAN_POINT('',(41.417956268883,6.437872267281));
#564 = CARTESIAN_POINT('',(41.905017394653,7.093638855731));
#565 = CARTESIAN_POINT('',(42.372313613082,7.759719387334));
#566 = CARTESIAN_POINT('',(42.82012352774,8.435550285562));
#567 = CARTESIAN_POINT('',(43.248826749793,9.120554628292));
#568 = CARTESIAN_POINT('',(43.658892150987,9.814148119365));
#569 = CARTESIAN_POINT('',(44.994748735677,12.205207157125));
#570 = CARTESIAN_POINT('',(45.833567012079,13.940792350545));
#571 = CARTESIAN_POINT('',(46.575286705387,15.714796084192));
#572 = CARTESIAN_POINT('',(47.230404689925,17.519758698776));
#573 = CARTESIAN_POINT('',(47.810837778843,19.348855186747));
#574 = CARTESIAN_POINT('',(48.329123352899,21.196177213902));
#575 = CARTESIAN_POINT('',(48.797973400967,23.056891293991));
#576 = CARTESIAN_POINT('',(49.304901748129,25.250392754026));
#577 = CARTESIAN_POINT('',(49.378485782232,25.573809262991));
#578 = CARTESIAN_POINT('',(49.451041423317,25.897484945596));
#579 = CARTESIAN_POINT('',(49.522634422418,26.221398631759));
#580 = CARTESIAN_POINT('',(49.593330539851,26.545529565079));
#581 = CARTESIAN_POINT('',(49.663195545215,26.86985740283));
#582 = CARTESIAN_POINT('',(49.732295217389,27.194362215963));
#583 = CARTESIAN_POINT('',(49.834901414623,27.681384135678));
#584 = CARTESIAN_POINT('',(49.868933041517,27.843785550845));
#585 = CARTESIAN_POINT('',(49.90279834354,28.006225813237));
#586 = CARTESIAN_POINT('',(49.936505439008,28.168702001479));
#587 = CARTESIAN_POINT('',(49.970062446241,28.331211194198));
#588 = CARTESIAN_POINT('',(50.003477483557,28.493750470019));
#589 = CARTESIAN_POINT('',(50.036758669273,28.65631690757));
#590 = CARTESIAN_POINT('',(50.10780422677,29.004716477082));
#591 = CARTESIAN_POINT('',(50.145529943054,29.190557996568));
#592 = CARTESIAN_POINT('',(50.183104063667,29.376428477248));
#593 = CARTESIAN_POINT('',(50.220539115705,29.562324342898));
#594 = CARTESIAN_POINT('',(50.257847360257,29.748242107762));
#595 = CARTESIAN_POINT('',(50.295040792401,29.934178376547));
#596 = CARTESIAN_POINT('',(50.332131141208,30.120129844428));
#597 = CARTESIAN_POINT('',(50.992809621386,33.440839936871));
#598 = CARTESIAN_POINT('',(51.589367350061,36.579262489939));
#599 = CARTESIAN_POINT('',(52.154392234925,39.722257206468));
#600 = CARTESIAN_POINT('',(52.683441352718,42.870605872856));
#601 = CARTESIAN_POINT('',(53.172054962715,46.024973514336));
#602 = CARTESIAN_POINT('',(53.615780294362,49.185904320114));
#603 = CARTESIAN_POINT('',(54.01020383759,52.35381579099));
#604 = CARTESIAN_POINT('',(54.520368108622,57.107092268684));
#605 = CARTESIAN_POINT('',(54.67649420502,58.686980334403));
#606 = CARTESIAN_POINT('',(54.818838263521,60.268685851572));
#607 = CARTESIAN_POINT('',(54.946872736167,61.852228491136));
#608 = CARTESIAN_POINT('',(55.060076370958,63.43761680651));
#609 = CARTESIAN_POINT('',(55.157935894295,65.024847990064));
#610 = CARTESIAN_POINT('',(55.239947693428,66.613907629612));
#611 = CARTESIAN_POINT('',(55.322325267785,68.609457138136));
#612 = CARTESIAN_POINT('',(55.337973887273,69.014261966422));
#613 = CARTESIAN_POINT('',(55.352555565744,69.419179103364));
#614 = CARTESIAN_POINT('',(55.366068297155,69.824223885784));
#615 = CARTESIAN_POINT('',(55.378490974321,70.22936138132));
#616 = CARTESIAN_POINT('',(55.389833960351,70.634639247103));
#617 = CARTESIAN_POINT('',(55.400074491827,71.040017344377));
#618 = CARTESIAN_POINT('',(55.436647850236,72.664236731985));
#619 = CARTESIAN_POINT('',(55.454057959982,73.883874747744));
#620 = CARTESIAN_POINT('',(55.461138071962,75.104181301928));
#621 = CARTESIAN_POINT('',(55.457585785885,76.324923270317));
#622 = CARTESIAN_POINT('',(55.44309321669,77.545862624859));
#623 = CARTESIAN_POINT('',(55.417346798426,78.766756026708));
#624 = CARTESIAN_POINT('',(55.380027088115,79.987354419263));
#625 = CARTESIAN_POINT('',(55.179002760887,84.970425355049));
#626 = CARTESIAN_POINT('',(54.914015896281,88.727893151218));
#627 = CARTESIAN_POINT('',(54.526314608949,92.472756261858));
#628 = CARTESIAN_POINT('',(54.0057727968,96.19685126561));
#629 = CARTESIAN_POINT('',(53.341763226296,99.890813229624));
#630 = CARTESIAN_POINT('',(52.523317521793,103.54405701851));
#631 = CARTESIAN_POINT('',(51.539412997677,107.14484038812));
#632 = CARTESIAN_POINT('',(50.284731308157,110.96910803436));
#633 = CARTESIAN_POINT('',(50.188842933695,111.25735616791));
#634 = CARTESIAN_POINT('',(50.091785501032,111.54516485327));
#635 = CARTESIAN_POINT('',(49.993589431162,111.8325456798));
#636 = CARTESIAN_POINT('',(49.894252849764,112.11949398016));
#637 = CARTESIAN_POINT('',(49.793804250622,112.40602051645));
#638 = CARTESIAN_POINT('',(49.692252238632,112.69212628784));
#639 = CARTESIAN_POINT('',(48.814631478457,115.13496512956));
#640 = CARTESIAN_POINT('',(47.977758542018,117.26832622029));
#641 = CARTESIAN_POINT('',(47.085590189102,119.37996797249));
#642 = CARTESIAN_POINT('',(46.144893913246,121.47234731793));
#643 = CARTESIAN_POINT('',(45.162447058084,123.54823150472));
#644 = CARTESIAN_POINT('',(44.144916952327,125.61064206445));
#645 = CARTESIAN_POINT('',(43.098784147674,127.66282141888));
#646 = CARTESIAN_POINT('',(41.557875427966,130.61260933207));
#647 = CARTESIAN_POINT('',(41.081083692919,131.51565283605));
#648 = CARTESIAN_POINT('',(40.600479853193,132.41764210822));
#649 = CARTESIAN_POINT('',(40.116605494811,133.3188675825));
#650 = CARTESIAN_POINT('',(39.629997268239,134.21962056315));
#651 = CARTESIAN_POINT('',(39.141186665523,135.12019313136));
#652 = CARTESIAN_POINT('',(38.650699797418,136.02087805177));
#653 = CARTESIAN_POINT('',(37.84876739431,137.49067284291));
#654 = CARTESIAN_POINT('',(37.538017668159,138.05953785091));
#655 = CARTESIAN_POINT('',(37.226939068795,138.62863711595));
#656 = CARTESIAN_POINT('',(36.915662071446,139.19804363022));
#657 = CARTESIAN_POINT('',(36.604316549845,139.76782996518));
#658 = CARTESIAN_POINT('',(36.293031776222,140.33806827157));
#659 = CARTESIAN_POINT('',(35.981936421313,140.90883027937));
#660 = CARTESIAN_POINT('',(35.521065731984,141.75612904466));
#661 = CARTESIAN_POINT('',(35.371046981155,142.03220953968));
#662 = CARTESIAN_POINT('',(35.221116737475,142.30843679754));
#663 = CARTESIAN_POINT('',(35.071289410533,142.58481879416));
#664 = CARTESIAN_POINT('',(34.921579383897,142.86136346675));
#665 = CARTESIAN_POINT('',(34.772001015111,143.13807871378));
#666 = CARTESIAN_POINT('',(34.622568635697,143.41497239503));
#667 = CARTESIAN_POINT('',(34.392837368748,143.84140125516));
#668 = CARTESIAN_POINT('',(34.312412037783,143.99082790141));
#669 = CARTESIAN_POINT('',(34.232022790371,144.14033358766));
#670 = CARTESIAN_POINT('',(34.15167185863,144.28991963124));
#671 = CARTESIAN_POINT('',(34.071361474672,144.43958734952));
#672 = CARTESIAN_POINT('',(33.991093870614,144.58933805985));
#673 = CARTESIAN_POINT('',(33.910871278569,144.73917307957));
#674 = CARTESIAN_POINT('',(33.750475207179,145.03909922071));
#675 = CARTESIAN_POINT('',(33.670314898326,145.18916636056));
#676 = CARTESIAN_POINT('',(33.590216933715,145.33929630287));
#677 = CARTESIAN_POINT('',(33.5101834045,145.48949022847));
#678 = CARTESIAN_POINT('',(33.430216563361,145.63974934172));
#679 = CARTESIAN_POINT('',(33.350318824507,145.79007487053));
#680 = CARTESIAN_POINT('',(33.270492763678,145.94046806635));
#681 = CARTESIAN_POINT('',(32.91698178993,146.60741376382));
#682 = CARTESIAN_POINT('',(32.64412831309,147.12471296073));
#683 = CARTESIAN_POINT('',(32.372609980324,147.64293711205));
#684 = CARTESIAN_POINT('',(32.102857151068,148.16219242411));
#685 = CARTESIAN_POINT('',(31.835302704112,148.68258232288));
#686 = CARTESIAN_POINT('',(31.570383490238,149.20420778464));
#687 = CARTESIAN_POINT('',(31.308541784848,149.72716766643));
#688 = CARTESIAN_POINT('',(30.40002690118,151.57149448873));
#689 = CARTESIAN_POINT('',(29.772287770782,152.90026207251));
#690 = CARTESIAN_POINT('',(29.174012999948,154.23969378003));
#691 = CARTESIAN_POINT('',(28.612684219606,155.59117565592));
#692 = CARTESIAN_POINT('',(28.096359327136,156.95565808409));
#693 = CARTESIAN_POINT('',(27.633663454689,158.33364562939));
#694 = CARTESIAN_POINT('',(27.233638357059,159.72515860381));
#695 = CARTESIAN_POINT('',(26.762107063954,161.74289311417));
#696 = CARTESIAN_POINT('',(26.632499391497,162.35854826634));
#697 = CARTESIAN_POINT('',(26.517356186119,162.9765462054));
#698 = CARTESIAN_POINT('',(26.417443046445,163.59677198766));
#699 = CARTESIAN_POINT('',(26.33351849061,164.219072377));
#700 = CARTESIAN_POINT('',(26.266322293455,164.84325452577));
#701 = CARTESIAN_POINT('',(26.216561592964,165.46908446299));
#702 = CARTESIAN_POINT('',(26.176687039468,166.25884962972));
#703 = CARTESIAN_POINT('',(26.169703248449,166.42153588298));
#704 = CARTESIAN_POINT('',(26.163912146214,166.58434181188));
#705 = CARTESIAN_POINT('',(26.159282029293,166.74726503567));
#706 = CARTESIAN_POINT('',(26.155780737422,166.91030313078));
#707 = CARTESIAN_POINT('',(26.15337565354,167.07345363089));
#708 = CARTESIAN_POINT('',(26.152033703792,167.23671402688));
#709 = CARTESIAN_POINT('',(26.150735799401,167.91556224926));
#710 = CARTESIAN_POINT('',(26.160008334708,168.43158345411));
#711 = CARTESIAN_POINT('',(26.178476416317,168.94800081532));
#712 = CARTESIAN_POINT('',(26.205079341647,169.46469943993));
#713 = CARTESIAN_POINT('',(26.238765906919,169.98159428123));
#714 = CARTESIAN_POINT('',(26.27849899891,170.49863027972));
#715 = CARTESIAN_POINT('',(26.323257124183,171.01578247174));
#716 = CARTESIAN_POINT('',(26.436733233279,172.21921230875));
#717 = CARTESIAN_POINT('',(26.508497635159,172.905527107));
#718 = CARTESIAN_POINT('',(26.584974805208,173.59203139547));
#719 = CARTESIAN_POINT('',(26.663850763445,174.27875682528));
#720 = CARTESIAN_POINT('',(26.742834109875,174.96573606277));
#721 = CARTESIAN_POINT('',(26.819641308215,175.65300308812));
#722 = CARTESIAN_POINT('',(26.891981969624,176.34059349416));
#723 = CARTESIAN_POINT('',(26.957544136435,177.02854478499));
#724 = ( GEOMETRIC_REPRESENTATION_CONTEXT(2) 
PARAMETRIC_REPRESENTATION_CONTEXT() REPRESENTATION_CONTEXT('2D SPACE',''
  ) );
#725 = PCURVE('',#726,#741);
#726 = SURFACE_OF_REVOLUTION('',#727,#738);
#727 = B_SPLINE_CURVE_WITH_KNOTS('',3,(#728,#729,#730,#731,#732,#733,
    #734,#735,#736,#737),.UNSPECIFIED.,.F.,.F.,(4,1,1,1,1,1,1,4),(0.,
    9.500018999981,36.614323803903,77.207791566586,117.80125932927,
    156.98378331637,178.32173075749,193.46026021051),.UNSPECIFIED.);
#728 = CARTESIAN_POINT('',(7.155165349104E-15,32.224,0.));
#729 = CARTESIAN_POINT('',(7.858308004315E-15,35.390672999994,0.));
#730 = CARTESIAN_POINT('',(1.017035058018E-14,45.803187083104,
    9.365790714046));
#731 = CARTESIAN_POINT('',(1.147097054093E-14,51.660658653721,
    34.592666559567));
#732 = CARTESIAN_POINT('',(1.265744999988E-14,57.004087102912,
    70.193615055789));
#733 = CARTESIAN_POINT('',(1.184407544641E-14,53.340973766988,
    111.51935315068));
#734 = CARTESIAN_POINT('',(7.956437511626E-15,35.832609012555,
    140.19467751613));
#735 = CARTESIAN_POINT('',(5.370844281611E-15,24.18813230533,
    163.91693589227));
#736 = CARTESIAN_POINT('',(6.037170763307E-15,27.189,176.21382351565));
#737 = CARTESIAN_POINT('',(6.037170763307E-15,27.189,181.26));
#738 = AXIS1_PLACEMENT('',#739,#740);
#739 = CARTESIAN_POINT('',(0.,0.,0.));
#740 = DIRECTION('',(0.,0.,1.));
#741 = DEFINITIONAL_REPRESENTATION('',(#742),#927);
#742 = B_SPLINE_CURVE_WITH_KNOTS('',8,(#743,#744,#745,#746,#747,#748,
    #749,#750,#751,#752,#753,#754,#755,#756,#757,#758,#759,#760,#761,
    #762,#763,#764,#765,#766,#767,#768,#769,#770,#771,#772,#773,#774,
    #775,#776,#777,#778,#779,#780,#781,#782,#783,#784,#785,#786,#787,
    #788,#789,#790,#791,#792,#793,#794,#795,#796,#797,#798,#799,#800,
    #801,#802,#803,#804,#805,#806,#807,#808,#809,#810,#811,#812,#813,
    #814,#815,#816,#817,#818,#819,#820,#821,#822,#823,#824,#825,#826,
    #827,#828,#829,#830,#831,#832,#833,#834,#835,#836,#837,#838,#839,
    #840,#841,#842,#843,#844,#845,#846,#847,#848,#849,#850,#851,#852,
    #853,#854,#855,#856,#857,#858,#859,#860,#861,#862,#863,#864,#865,
    #866,#867,#868,#869,#870,#871,#872,#873,#874,#875,#876,#877,#878,
    #879,#880,#881,#882,#883,#884,#885,#886,#887,#888,#889,#890,#891,
    #892,#893,#894,#895,#896,#897,#898,#899,#900,#901,#902,#903,#904,
    #905,#906,#907,#908,#909,#910,#911,#912,#913,#914,#915,#916,#917,
    #918,#919,#920,#921,#922,#923,#924,#925,#926),.UNSPECIFIED.,.F.,.F.,
  (9,7,7,7,7,7,7,7,7,7,7,7,7,7,7,7,7,7,7,7,7,7,7,7,7,7,9),(0.,
    2.679381428498E-02,4.115918690556E-02,5.150073186568E-02,
    8.510094034125E-02,0.166011040387,0.179989561203,0.186980049125,
    0.194968790111,0.329633309458,0.39656323073,0.413589042468,
    0.464763273271,0.622601130489,0.635488874325,0.732799700498,
    0.775826314241,0.802981645408,0.816096544281,0.823165609096,
    0.830238674676,0.85451801924,0.915631091389,0.942314360624,
    0.949230398508,0.971052837539,1.),.UNSPECIFIED.);
#743 = CARTESIAN_POINT('',(4.712388980385,0.));
#744 = CARTESIAN_POINT('',(4.712388980385,0.638741258319));
#745 = CARTESIAN_POINT('',(4.712388980385,1.28426354127));
#746 = CARTESIAN_POINT('',(4.712388980385,1.931556646295));
#747 = CARTESIAN_POINT('',(4.712388980385,2.5770830123));
#748 = CARTESIAN_POINT('',(4.712388980385,3.218475584183));
#749 = CARTESIAN_POINT('',(4.712388980385,3.854390418481));
#750 = CARTESIAN_POINT('',(4.712388980385,4.484475652412));
#751 = CARTESIAN_POINT('',(4.712388980385,5.444478490837));
#752 = CARTESIAN_POINT('',(4.712388980385,5.778121343119));
#753 = CARTESIAN_POINT('',(4.712388980385,6.110466365179));
#754 = CARTESIAN_POINT('',(4.712388980385,6.441657804381));
#755 = CARTESIAN_POINT('',(4.712388980385,6.771866070033));
#756 = CARTESIAN_POINT('',(4.712388980385,7.101290128048));
#757 = CARTESIAN_POINT('',(4.712388980385,7.430161025954));
#758 = CARTESIAN_POINT('',(4.712388980385,7.995293280608));
#759 = CARTESIAN_POINT('',(4.712388980385,8.231835469824));
#760 = CARTESIAN_POINT('',(4.712388980385,8.468393576882));
#761 = CARTESIAN_POINT('',(4.712388980385,8.704942665939));
#762 = CARTESIAN_POINT('',(4.712388980385,8.941475752246));
#763 = CARTESIAN_POINT('',(4.712388980385,9.178017687036));
#764 = CARTESIAN_POINT('',(4.712388980385,9.414589579403));
#765 = CARTESIAN_POINT('',(4.712388980385,10.419635389326));
#766 = CARTESIAN_POINT('',(4.712388980385,11.192481488083));
#767 = CARTESIAN_POINT('',(4.712388980385,11.969199780125));
#768 = CARTESIAN_POINT('',(4.712388980385,12.74934482558));
#769 = CARTESIAN_POINT('',(4.712388980385,13.532489724827));
#770 = CARTESIAN_POINT('',(4.712388980385,14.318227827308));
#771 = CARTESIAN_POINT('',(4.712388980385,15.106174440337));
#772 = CARTESIAN_POINT('',(4.712388980385,17.797811483243));
#773 = CARTESIAN_POINT('',(4.712388980385,19.710045739749));
#774 = CARTESIAN_POINT('',(4.712388980385,21.628186372183));
#775 = CARTESIAN_POINT('',(4.712388980385,23.548797702564));
#776 = CARTESIAN_POINT('',(4.712388980385,25.46949570655));
#777 = CARTESIAN_POINT('',(4.712388980385,27.388955472522));
#778 = CARTESIAN_POINT('',(4.712388980385,29.306922162477));
#779 = CARTESIAN_POINT('',(4.712388980385,31.555468621453));
#780 = CARTESIAN_POINT('',(4.712388980385,31.88668597195));
#781 = CARTESIAN_POINT('',(4.712388980385,32.217877902813));
#782 = CARTESIAN_POINT('',(4.712388980385,32.549046750549));
#783 = CARTESIAN_POINT('',(4.712388980385,32.880195250608));
#784 = CARTESIAN_POINT('',(4.712388980385,33.211326537387));
#785 = CARTESIAN_POINT('',(4.712388980385,33.542444144227));
#786 = CARTESIAN_POINT('',(4.712388980385,34.039135009014));
#787 = CARTESIAN_POINT('',(4.712388980385,34.204718014618));
#788 = CARTESIAN_POINT('',(4.712388980385,34.370301020221));
#789 = CARTESIAN_POINT('',(4.712388980385,34.535884025824));
#790 = CARTESIAN_POINT('',(4.712388980385,34.701467031428));
#791 = CARTESIAN_POINT('',(4.712388980385,34.867050037031));
#792 = CARTESIAN_POINT('',(4.712388980385,35.032633042634));
#793 = CARTESIAN_POINT('',(4.712388980385,35.38744457681));
#794 = CARTESIAN_POINT('',(4.712388980385,35.576673966201));
#795 = CARTESIAN_POINT('',(4.712388980385,35.765905102275));
#796 = CARTESIAN_POINT('',(4.712388980385,35.955138868406));
#797 = CARTESIAN_POINT('',(4.712388980385,36.144376145476));
#798 = CARTESIAN_POINT('',(4.712388980385,36.333617811875));
#799 = CARTESIAN_POINT('',(4.712388980385,36.522864743499));
#800 = CARTESIAN_POINT('',(4.712388980385,39.902316843249));
#801 = CARTESIAN_POINT('',(4.712388980385,43.094152549013));
#802 = CARTESIAN_POINT('',(4.712388980385,46.287412499611));
#803 = CARTESIAN_POINT('',(4.712388980385,49.481763706556));
#804 = CARTESIAN_POINT('',(4.712388980385,52.676752574242));
#805 = CARTESIAN_POINT('',(4.712388980385,55.871805245564));
#806 = CARTESIAN_POINT('',(4.712388980385,59.066228343242));
#807 = CARTESIAN_POINT('',(4.712388980385,63.846161288136));
#808 = CARTESIAN_POINT('',(4.712388980385,65.43274896037));
#809 = CARTESIAN_POINT('',(4.712388980385,67.018869278102));
#810 = CARTESIAN_POINT('',(4.712388980385,68.604408463943));
#811 = CARTESIAN_POINT('',(4.712388980385,70.189242927666));
#812 = CARTESIAN_POINT('',(4.712388980385,71.773239385336));
#813 = CARTESIAN_POINT('',(4.712388980385,73.356254978442));
#814 = CARTESIAN_POINT('',(4.712388980385,75.340540857293));
#815 = CARTESIAN_POINT('',(4.712388980385,75.742870370461));
#816 = CARTESIAN_POINT('',(4.712388980385,76.145127921844));
#817 = CARTESIAN_POINT('',(4.712388980385,76.547294831421));
#818 = CARTESIAN_POINT('',(4.712388980385,76.949403549255));
#819 = CARTESIAN_POINT('',(4.712388980385,77.351402276018));
#820 = CARTESIAN_POINT('',(4.712388980385,77.753328517775));
#821 = CARTESIAN_POINT('',(4.712388980385,79.363013634425));
#822 = CARTESIAN_POINT('',(4.712388980385,80.570169448346));
#823 = CARTESIAN_POINT('',(4.712388980385,81.77678774284));
#824 = CARTESIAN_POINT('',(4.712388980385,82.983003102399));
#825 = CARTESIAN_POINT('',(4.712388980385,84.188943450982));
#826 = CARTESIAN_POINT('',(4.712388980385,85.394730463322));
#827 = CARTESIAN_POINT('',(4.712388980385,86.60047997623));
#828 = CARTESIAN_POINT('',(4.712388980385,91.525448238595));
#829 = CARTESIAN_POINT('',(4.712388980385,95.244970419086));
#830 = CARTESIAN_POINT('',(4.712388980385,98.968536130332));
#831 = CARTESIAN_POINT('',(4.712388980385,102.69875713884));
#832 = CARTESIAN_POINT('',(4.712388980385,106.43729731865));
#833 = CARTESIAN_POINT('',(4.712388980385,110.18492158692));
#834 = CARTESIAN_POINT('',(4.712388980385,113.94148518799));
#835 = CARTESIAN_POINT('',(4.712388980385,118.01323040202));
#836 = CARTESIAN_POINT('',(4.712388980385,118.32064814509));
#837 = CARTESIAN_POINT('',(4.712388980385,118.62811256235));
#838 = CARTESIAN_POINT('',(4.712388980385,118.93561595754));
#839 = CARTESIAN_POINT('',(4.712388980385,119.24315725011));
#840 = CARTESIAN_POINT('',(4.712388980385,119.55072931596));
#841 = CARTESIAN_POINT('',(4.712388980385,119.8583293243));
#842 = CARTESIAN_POINT('',(4.712388980385,122.48870820831));
#843 = CARTESIAN_POINT('',(4.712388980385,124.81268652971));
#844 = CARTESIAN_POINT('',(4.712388980385,127.13624839401));
#845 = CARTESIAN_POINT('',(4.712388980385,129.45804961506));
#846 = CARTESIAN_POINT('',(4.712388980385,131.77704510298));
#847 = CARTESIAN_POINT('',(4.712388980385,134.09249047393));
#848 = CARTESIAN_POINT('',(4.712388980385,136.40394119516));
#849 = CARTESIAN_POINT('',(4.712388980385,139.73144051259));
#850 = CARTESIAN_POINT('',(4.712388980385,140.75080104935));
#851 = CARTESIAN_POINT('',(4.712388980385,141.7693078566));
#852 = CARTESIAN_POINT('',(4.712388980385,142.78694137597));
#853 = CARTESIAN_POINT('',(4.712388980385,143.80368548696));
#854 = CARTESIAN_POINT('',(4.712388980385,144.81952748424));
#855 = CARTESIAN_POINT('',(4.712388980385,145.83445805474));
#856 = CARTESIAN_POINT('',(4.712388980385,147.48844409659));
#857 = CARTESIAN_POINT('',(4.712388980385,148.12805067407));
#858 = CARTESIAN_POINT('',(4.712388980385,148.76728909838));
#859 = CARTESIAN_POINT('',(4.712388980385,149.40615743632));
#860 = CARTESIAN_POINT('',(4.712388980385,150.04465371048));
#861 = CARTESIAN_POINT('',(4.712388980385,150.68277589928));
#862 = CARTESIAN_POINT('',(4.712388980385,151.32052193697));
#863 = CARTESIAN_POINT('',(4.712388980385,152.2657119193));
#864 = CARTESIAN_POINT('',(4.712388980385,152.5734458557));
#865 = CARTESIAN_POINT('',(4.712388980385,152.88109126536));
#866 = CARTESIAN_POINT('',(4.712388980385,153.18864787195));
#867 = CARTESIAN_POINT('',(4.712388980385,153.49611538034));
#868 = CARTESIAN_POINT('',(4.712388980385,153.80349347658));
#869 = CARTESIAN_POINT('',(4.712388980385,154.11078182787));
#870 = CARTESIAN_POINT('',(4.712388980385,154.58356308819));
#871 = CARTESIAN_POINT('',(4.712388980385,154.74914609379));
#872 = CARTESIAN_POINT('',(4.712388980385,154.91472909939));
#873 = CARTESIAN_POINT('',(4.712388980385,155.080312105));
#874 = CARTESIAN_POINT('',(4.712388980385,155.2458951106));
#875 = CARTESIAN_POINT('',(4.712388980385,155.4114781162));
#876 = CARTESIAN_POINT('',(4.712388980385,155.57706112181));
#877 = CARTESIAN_POINT('',(4.712388980385,155.90832084538));
#878 = CARTESIAN_POINT('',(4.712388980385,156.07397099851));
#879 = CARTESIAN_POINT('',(4.712388980385,156.2395944194));
#880 = CARTESIAN_POINT('',(4.712388980385,156.40519099052));
#881 = CARTESIAN_POINT('',(4.712388980385,156.5707606442));
#882 = CARTESIAN_POINT('',(4.712388980385,156.73630336268));
#883 = CARTESIAN_POINT('',(4.712388980385,156.90181917803));
#884 = CARTESIAN_POINT('',(4.712388980385,157.63537364066));
#885 = CARTESIAN_POINT('',(4.712388980385,158.20313044417));
#886 = CARTESIAN_POINT('',(4.712388980385,158.77068801486));
#887 = CARTESIAN_POINT('',(4.712388980385,159.33815113182));
#888 = CARTESIAN_POINT('',(4.712388980385,159.90562030827));
#889 = CARTESIAN_POINT('',(4.712388980385,160.4731921787));
#890 = CARTESIAN_POINT('',(4.712388980385,161.04095988604));
#891 = CARTESIAN_POINT('',(4.712388980385,163.03885023784));
#892 = CARTESIAN_POINT('',(4.712388980385,164.47024110512));
#893 = CARTESIAN_POINT('',(4.712388980385,165.90493455531));
#894 = CARTESIAN_POINT('',(4.712388980385,167.34413912981));
#895 = CARTESIAN_POINT('',(4.712388980385,168.78855569027));
#896 = CARTESIAN_POINT('',(4.712388980385,170.23838814212));
#897 = CARTESIAN_POINT('',(4.712388980385,171.69332878172));
#898 = CARTESIAN_POINT('',(4.712388980385,173.78962597128));
#899 = CARTESIAN_POINT('',(4.712388980385,174.4274893787));
#900 = CARTESIAN_POINT('',(4.712388980385,175.06599912276));
#901 = CARTESIAN_POINT('',(4.712388980385,175.70501250955));
#902 = CARTESIAN_POINT('',(4.712388980385,176.34434948059));
#903 = CARTESIAN_POINT('',(4.712388980385,176.98379227841));
#904 = CARTESIAN_POINT('',(4.712388980385,177.62308497877));
#905 = CARTESIAN_POINT('',(4.712388980385,178.42751591132));
#906 = CARTESIAN_POINT('',(4.712388980385,178.59309889866));
#907 = CARTESIAN_POINT('',(4.712388980385,178.75868188493));
#908 = CARTESIAN_POINT('',(4.712388980385,178.92426488877));
#909 = CARTESIAN_POINT('',(4.712388980385,179.08984791402));
#910 = CARTESIAN_POINT('',(4.712388980385,179.25543094969));
#911 = CARTESIAN_POINT('',(4.712388980385,179.42101396998));
#912 = CARTESIAN_POINT('',(4.712388980385,180.10906719878));
#913 = CARTESIAN_POINT('',(4.712388980385,180.63100134816));
#914 = CARTESIAN_POINT('',(4.712388980385,181.1523350088));
#915 = CARTESIAN_POINT('',(4.712388980385,181.67303394312));
#916 = CARTESIAN_POINT('',(4.712388980385,182.19309348989));
#917 = CARTESIAN_POINT('',(4.712388980385,182.71253820828));
#918 = CARTESIAN_POINT('',(4.712388980385,183.23142172572));
#919 = CARTESIAN_POINT('',(4.712388980385,184.43748391061));
#920 = CARTESIAN_POINT('',(4.712388980385,185.12424398788));
#921 = CARTESIAN_POINT('',(4.712388980385,185.81031923811));
#922 = CARTESIAN_POINT('',(4.712388980385,186.4959188866));
#923 = CARTESIAN_POINT('',(4.712388980385,187.18125058539));
#924 = CARTESIAN_POINT('',(4.712388980385,187.86652183157));
#925 = CARTESIAN_POINT('',(4.712388980385,188.55194138556));
#926 = CARTESIAN_POINT('',(4.712388980385,189.23772068944));
#927 = ( GEOMETRIC_REPRESENTATION_CONTEXT(2) 
PARAMETRIC_REPRESENTATION_CONTEXT() REPRESENTATION_CONTEXT('2D SPACE',''
  ) );
#928 = ORIENTED_EDGE('',*,*,#929,.T.);
#929 = EDGE_CURVE('',#349,#930,#932,.T.);
#930 = VERTEX_POINT('',#931);
#931 = CARTESIAN_POINT('',(-32.224,1.973150922786E-15,0.));
#932 = SURFACE_CURVE('',#933,(#937,#943),.PCURVE_S1.);
#933 = LINE('',#934,#935);
#934 = CARTESIAN_POINT('',(0.,0.,0.));
#935 = VECTOR('',#936,1.);
#936 = DIRECTION('',(-1.,0.,0.));
#937 = PCURVE('',#100,#938);
#938 = DEFINITIONAL_REPRESENTATION('',(#939),#942);
#939 = B_SPLINE_CURVE_WITH_KNOTS('',1,(#940,#941),.UNSPECIFIED.,.F.,.F.,
  (2,2),(-32.224,32.224),.PIECEWISE_BEZIER_KNOTS.);
#940 = CARTESIAN_POINT('',(32.224,0.));
#941 = CARTESIAN_POINT('',(-32.224,0.));
#942 = ( GEOMETRIC_REPRESENTATION_CONTEXT(2) 
PARAMETRIC_REPRESENTATION_CONTEXT() REPRESENTATION_CONTEXT('2D SPACE',''
  ) );
#943 = PCURVE('',#944,#949);
#944 = PLANE('',#945);
#945 = AXIS2_PLACEMENT_3D('',#946,#947,#948);
#946 = CARTESIAN_POINT('',(0.,0.,0.));
#947 = DIRECTION('',(0.,0.,1.));
#948 = DIRECTION('',(2.22044604925E-16,1.,0.));
#949 = DEFINITIONAL_REPRESENTATION('',(#950),#953);
#950 = B_SPLINE_CURVE_WITH_KNOTS('',1,(#951,#952),.UNSPECIFIED.,.F.,.F.,
  (2,2),(-32.224,32.224),.PIECEWISE_BEZIER_KNOTS.);
#951 = CARTESIAN_POINT('',(7.155165349104E-15,-32.224));
#952 = CARTESIAN_POINT('',(-7.155165349104E-15,32.224));
#953 = ( GEOMETRIC_REPRESENTATION_CONTEXT(2) 
PARAMETRIC_REPRESENTATION_CONTEXT() REPRESENTATION_CONTEXT('2D SPACE',''
  ) );
#954 = ORIENTED_EDGE('',*,*,#955,.T.);
#955 = EDGE_CURVE('',#930,#956,#958,.T.);
#956 = VERTEX_POINT('',#957);
#957 = CARTESIAN_POINT('',(-26.95754407864,-9.154262036601E-15,
    177.02854417864));
#958 = SURFACE_CURVE('',#959,(#1144,#1332),.PCURVE_S1.);
#959 = B_SPLINE_CURVE_WITH_KNOTS('',8,(#960,#961,#962,#963,#964,#965,
    #966,#967,#968,#969,#970,#971,#972,#973,#974,#975,#976,#977,#978,
    #979,#980,#981,#982,#983,#984,#985,#986,#987,#988,#989,#990,#991,
    #992,#993,#994,#995,#996,#997,#998,#999,#1000,#1001,#1002,#1003,
    #1004,#1005,#1006,#1007,#1008,#1009,#1010,#1011,#1012,#1013,#1014,
    #1015,#1016,#1017,#1018,#1019,#1020,#1021,#1022,#1023,#1024,#1025,
    #1026,#1027,#1028,#1029,#1030,#1031,#1032,#1033,#1034,#1035,#1036,
    #1037,#1038,#1039,#1040,#1041,#1042,#1043,#1044,#1045,#1046,#1047,
    #1048,#1049,#1050,#1051,#1052,#1053,#1054,#1055,#1056,#1057,#1058,
    #1059,#1060,#1061,#1062,#1063,#1064,#1065,#1066,#1067,#1068,#1069,
    #1070,#1071,#1072,#1073,#1074,#1075,#1076,#1077,#1078,#1079,#1080,
    #1081,#1082,#1083,#1084,#1085,#1086,#1087,#1088,#1089,#1090,#1091,
    #1092,#1093,#1094,#1095,#1096,#1097,#1098,#1099,#1100,#1101,#1102,
    #1103,#1104,#1105,#1106,#1107,#1108,#1109,#1110,#1111,#1112,#1113,
    #1114,#1115,#1116,#1117,#1118,#1119,#1120,#1121,#1122,#1123,#1124,
    #1125,#1126,#1127,#1128,#1129,#1130,#1131,#1132,#1133,#1134,#1135,
    #1136,#1137,#1138,#1139,#1140,#1141,#1142,#1143),.UNSPECIFIED.,.F.,
  .F.,(9,7,7,7,7,7,7,7,7,7,7,7,7,7,7,7,7,7,7,7,7,7,7,7,7,7,9),(0.,
    2.679381428488E-02,4.115918690541E-02,5.150073186549E-02,
    8.510094034095E-02,0.166011040387,0.179989561202,0.186980049124,
    0.19496879011,0.329633309457,0.396563230728,0.413589042466,
    0.464763273266,0.622601130477,0.635488874313,0.732799700489,
    0.775826314233,0.802981645401,0.816096544274,0.823165609089,
    0.83023867467,0.854518019235,0.915631091385,0.94231436062,
    0.949230398506,0.971052837537,1.),.UNSPECIFIED.);
#960 = CARTESIAN_POINT('',(-32.224,0.,0.));
#961 = CARTESIAN_POINT('',(-32.86274125831,0.,0.));
#962 = CARTESIAN_POINT('',(-33.49384849427,0.,7.53285351478E-02));
#963 = CARTESIAN_POINT('',(-34.1116392707,0.,0.222520613031));
#964 = CARTESIAN_POINT('',(-34.71251923604,0.,0.434271211803));
#965 = CARTESIAN_POINT('',(-35.29443295208,0.,0.701857900538));
#966 = CARTESIAN_POINT('',(-35.8565083252,0.,1.016628904068));
#967 = CARTESIAN_POINT('',(-36.39882787769,0.,1.370816568651));
#968 = CARTESIAN_POINT('',(-37.20289572232,0.,1.965488475644));
#969 = CARTESIAN_POINT('',(-37.4781532301,0.,2.182544933089));
#970 = CARTESIAN_POINT('',(-37.74817504716,0.,2.408121218523));
#971 = CARTESIAN_POINT('',(-38.013116278,0.,2.641302110367));
#972 = CARTESIAN_POINT('',(-38.27314331769,0.,2.881241355976));
#973 = CARTESIAN_POINT('',(-38.52843276301,0.,3.127159615258));
#974 = CARTESIAN_POINT('',(-38.77917062091,0.,3.378340496011));
#975 = CARTESIAN_POINT('',(-39.20292014674,0.,3.818262170439));
#976 = CARTESIAN_POINT('',(-39.37813981142,0.,4.004909871296));
#977 = CARTESIAN_POINT('',(-39.55121272197,0.,4.193715340187));
#978 = CARTESIAN_POINT('',(-39.72212057159,0.,4.384396988482));
#979 = CARTESIAN_POINT('',(-39.89085335882,0.,4.576647271922));
#980 = CARTESIAN_POINT('',(-40.05741560797,0.,4.770111613467));
#981 = CARTESIAN_POINT('',(-40.22181028386,0.,4.964443059391));
#982 = CARTESIAN_POINT('',(-40.9109643868,0.,5.792963881355));
#983 = CARTESIAN_POINT('',(-41.41795626888,0.,6.437872267282));
#984 = CARTESIAN_POINT('',(-41.90501739465,0.,7.093638855732));
#985 = CARTESIAN_POINT('',(-42.37231361308,0.,7.759719387334));
#986 = CARTESIAN_POINT('',(-42.82012352774,0.,8.435550285562));
#987 = CARTESIAN_POINT('',(-43.24882674979,0.,9.120554628292));
#988 = CARTESIAN_POINT('',(-43.65889215098,0.,9.814148119365));
#989 = CARTESIAN_POINT('',(-44.99474873567,0.,12.205207157125));
#990 = CARTESIAN_POINT('',(-45.83356701207,0.,13.940792350543));
#991 = CARTESIAN_POINT('',(-46.57528670538,0.,15.714796084196));
#992 = CARTESIAN_POINT('',(-47.23040468992,0.,17.519758698775));
#993 = CARTESIAN_POINT('',(-47.81083777884,0.,19.348855186742));
#994 = CARTESIAN_POINT('',(-48.3291233529,0.,21.196177213907));
#995 = CARTESIAN_POINT('',(-48.79797340096,0.,23.056891293988));
#996 = CARTESIAN_POINT('',(-49.30490174812,0.,25.250392754026));
#997 = CARTESIAN_POINT('',(-49.37848578223,0.,25.573809262991));
#998 = CARTESIAN_POINT('',(-49.45104142331,0.,25.897484945596));
#999 = CARTESIAN_POINT('',(-49.52263442241,0.,26.221398631759));
#1000 = CARTESIAN_POINT('',(-49.59333053985,0.,26.545529565079));
#1001 = CARTESIAN_POINT('',(-49.66319554521,0.,26.86985740283));
#1002 = CARTESIAN_POINT('',(-49.73229521738,0.,27.194362215963));
#1003 = CARTESIAN_POINT('',(-49.83490141462,0.,27.681384135678));
#1004 = CARTESIAN_POINT('',(-49.86893304151,0.,27.843785550845));
#1005 = CARTESIAN_POINT('',(-49.90279834354,0.,28.006225813237));
#1006 = CARTESIAN_POINT('',(-49.936505439,0.,28.168702001479));
#1007 = CARTESIAN_POINT('',(-49.97006244624,0.,28.331211194198));
#1008 = CARTESIAN_POINT('',(-50.00347748355,0.,28.493750470019));
#1009 = CARTESIAN_POINT('',(-50.03675866927,0.,28.65631690757));
#1010 = CARTESIAN_POINT('',(-50.10780422677,0.,29.004716477082));
#1011 = CARTESIAN_POINT('',(-50.14552994305,0.,29.190557996568));
#1012 = CARTESIAN_POINT('',(-50.18310406366,0.,29.376428477248));
#1013 = CARTESIAN_POINT('',(-50.2205391157,0.,29.562324342898));
#1014 = CARTESIAN_POINT('',(-50.25784736025,0.,29.748242107762));
#1015 = CARTESIAN_POINT('',(-50.2950407924,0.,29.934178376547));
#1016 = CARTESIAN_POINT('',(-50.3321311412,0.,30.120129844428));
#1017 = CARTESIAN_POINT('',(-50.99280962138,0.,33.440839936873));
#1018 = CARTESIAN_POINT('',(-51.58936735006,0.,36.579262489936));
#1019 = CARTESIAN_POINT('',(-52.15439223492,0.,39.722257206467));
#1020 = CARTESIAN_POINT('',(-52.68344135271,0.,42.870605872858));
#1021 = CARTESIAN_POINT('',(-53.17205496271,0.,46.024973514336));
#1022 = CARTESIAN_POINT('',(-53.61578029436,0.,49.185904320112));
#1023 = CARTESIAN_POINT('',(-54.01020383759,0.,52.353815790991));
#1024 = CARTESIAN_POINT('',(-54.52036810862,0.,57.107092268685));
#1025 = CARTESIAN_POINT('',(-54.67649420502,0.,58.686980334402));
#1026 = CARTESIAN_POINT('',(-54.81883826352,0.,60.268685851571));
#1027 = CARTESIAN_POINT('',(-54.94687273616,0.,61.852228491136));
#1028 = CARTESIAN_POINT('',(-55.06007637095,0.,63.43761680651));
#1029 = CARTESIAN_POINT('',(-55.15793589429,0.,65.024847990064));
#1030 = CARTESIAN_POINT('',(-55.23994769342,0.,66.613907629611));
#1031 = CARTESIAN_POINT('',(-55.32232526778,0.,68.609457138121));
#1032 = CARTESIAN_POINT('',(-55.33797388727,0.,69.014261966482));
#1033 = CARTESIAN_POINT('',(-55.35255556573,0.,69.419179103243));
#1034 = CARTESIAN_POINT('',(-55.36606829715,0.,69.824223885924));
#1035 = CARTESIAN_POINT('',(-55.37849097431,0.,70.229361381225));
#1036 = CARTESIAN_POINT('',(-55.38983396035,0.,70.634639247137));
#1037 = CARTESIAN_POINT('',(-55.40007449182,0.,71.040017344372));
#1038 = CARTESIAN_POINT('',(-55.43664785023,0.,72.664236731985));
#1039 = CARTESIAN_POINT('',(-55.45405795998,0.,73.883874747745));
#1040 = CARTESIAN_POINT('',(-55.46113807196,0.,75.104181301928));
#1041 = CARTESIAN_POINT('',(-55.45758578588,0.,76.324923270317));
#1042 = CARTESIAN_POINT('',(-55.44309321669,0.,77.545862624858));
#1043 = CARTESIAN_POINT('',(-55.41734679842,0.,78.766756026708));
#1044 = CARTESIAN_POINT('',(-55.38002708811,0.,79.987354419263));
#1045 = CARTESIAN_POINT('',(-55.17900276088,0.,84.97042535506));
#1046 = CARTESIAN_POINT('',(-54.91401589628,0.,88.727893151183));
#1047 = CARTESIAN_POINT('',(-54.52631460894,0.,92.472756261894));
#1048 = CARTESIAN_POINT('',(-54.0057727968,0.,96.196851265616));
#1049 = CARTESIAN_POINT('',(-53.34176322629,0.,99.890813229587));
#1050 = CARTESIAN_POINT('',(-52.52331752179,0.,103.54405701854));
#1051 = CARTESIAN_POINT('',(-51.53941299767,0.,107.14484038811));
#1052 = CARTESIAN_POINT('',(-50.28473130815,0.,110.96910803438));
#1053 = CARTESIAN_POINT('',(-50.18884293371,0.,111.25735616787));
#1054 = CARTESIAN_POINT('',(-50.09178550099,0.,111.54516485334));
#1055 = CARTESIAN_POINT('',(-49.9935894312,0.,111.83254567972));
#1056 = CARTESIAN_POINT('',(-49.89425284972,0.,112.11949398023));
#1057 = CARTESIAN_POINT('',(-49.79380425063,0.,112.40602051641));
#1058 = CARTESIAN_POINT('',(-49.69225223862,0.,112.69212628785));
#1059 = CARTESIAN_POINT('',(-48.81463147845,0.,115.13496512956));
#1060 = CARTESIAN_POINT('',(-47.97775854201,0.,117.26832622029));
#1061 = CARTESIAN_POINT('',(-47.0855901891,0.,119.37996797249));
#1062 = CARTESIAN_POINT('',(-46.14489391324,0.,121.47234731792));
#1063 = CARTESIAN_POINT('',(-45.16244705808,0.,123.54823150472));
#1064 = CARTESIAN_POINT('',(-44.14491695232,0.,125.61064206446));
#1065 = CARTESIAN_POINT('',(-43.09878414767,0.,127.66282141887));
#1066 = CARTESIAN_POINT('',(-41.55787542796,0.,130.61260933207));
#1067 = CARTESIAN_POINT('',(-41.08108369291,0.,131.51565283605));
#1068 = CARTESIAN_POINT('',(-40.60047985319,0.,132.41764210822));
#1069 = CARTESIAN_POINT('',(-40.11660549481,0.,133.3188675825));
#1070 = CARTESIAN_POINT('',(-39.62999726823,0.,134.21962056315));
#1071 = CARTESIAN_POINT('',(-39.14118666552,0.,135.12019313136));
#1072 = CARTESIAN_POINT('',(-38.65069979741,0.,136.02087805177));
#1073 = CARTESIAN_POINT('',(-37.84876739431,0.,137.49067284291));
#1074 = CARTESIAN_POINT('',(-37.53801766815,0.,138.05953785091));
#1075 = CARTESIAN_POINT('',(-37.22693906879,0.,138.62863711595));
#1076 = CARTESIAN_POINT('',(-36.91566207144,0.,139.19804363022));
#1077 = CARTESIAN_POINT('',(-36.60431654984,0.,139.76782996518));
#1078 = CARTESIAN_POINT('',(-36.29303177622,0.,140.33806827157));
#1079 = CARTESIAN_POINT('',(-35.98193642131,0.,140.90883027937));
#1080 = CARTESIAN_POINT('',(-35.52106573198,0.,141.75612904466));
#1081 = CARTESIAN_POINT('',(-35.37104698115,0.,142.03220953968));
#1082 = CARTESIAN_POINT('',(-35.22111673747,0.,142.30843679754));
#1083 = CARTESIAN_POINT('',(-35.07128941053,0.,142.58481879416));
#1084 = CARTESIAN_POINT('',(-34.92157938389,0.,142.86136346675));
#1085 = CARTESIAN_POINT('',(-34.77200101511,0.,143.13807871378));
#1086 = CARTESIAN_POINT('',(-34.62256863569,0.,143.41497239503));
#1087 = CARTESIAN_POINT('',(-34.39283736874,0.,143.84140125516));
#1088 = CARTESIAN_POINT('',(-34.31241203778,0.,143.99082790141));
#1089 = CARTESIAN_POINT('',(-34.23202279037,0.,144.14033358766));
#1090 = CARTESIAN_POINT('',(-34.15167185863,0.,144.28991963124));
#1091 = CARTESIAN_POINT('',(-34.07136147467,0.,144.43958734952));
#1092 = CARTESIAN_POINT('',(-33.99109387061,0.,144.58933805985));
#1093 = CARTESIAN_POINT('',(-33.91087127856,0.,144.73917307957));
#1094 = CARTESIAN_POINT('',(-33.75047520717,0.,145.03909922071));
#1095 = CARTESIAN_POINT('',(-33.67031489832,0.,145.18916636056));
#1096 = CARTESIAN_POINT('',(-33.59021693371,0.,145.33929630287));
#1097 = CARTESIAN_POINT('',(-33.5101834045,0.,145.48949022847));
#1098 = CARTESIAN_POINT('',(-33.43021656336,0.,145.63974934172));
#1099 = CARTESIAN_POINT('',(-33.3503188245,0.,145.79007487053));
#1100 = CARTESIAN_POINT('',(-33.27049276367,0.,145.94046806635));
#1101 = CARTESIAN_POINT('',(-32.91698178993,0.,146.60741376382));
#1102 = CARTESIAN_POINT('',(-32.64412831309,0.,147.12471296073));
#1103 = CARTESIAN_POINT('',(-32.37260998032,0.,147.64293711205));
#1104 = CARTESIAN_POINT('',(-32.10285715106,0.,148.16219242411));
#1105 = CARTESIAN_POINT('',(-31.83530270411,0.,148.68258232288));
#1106 = CARTESIAN_POINT('',(-31.57038349023,0.,149.20420778464));
#1107 = CARTESIAN_POINT('',(-31.30854178484,0.,149.72716766643));
#1108 = CARTESIAN_POINT('',(-30.40002690118,0.,151.57149448872));
#1109 = CARTESIAN_POINT('',(-29.77228777077,0.,152.90026207253));
#1110 = CARTESIAN_POINT('',(-29.17401299995,0.,154.23969378));
#1111 = CARTESIAN_POINT('',(-28.6126842196,0.,155.59117565592));
#1112 = CARTESIAN_POINT('',(-28.09635932712,0.,156.95565808412));
#1113 = CARTESIAN_POINT('',(-27.63366345469,0.,158.33364562937));
#1114 = CARTESIAN_POINT('',(-27.23363835705,0.,159.72515860382));
#1115 = CARTESIAN_POINT('',(-26.76210706395,0.,161.74289311417));
#1116 = CARTESIAN_POINT('',(-26.63249939149,0.,162.35854826633));
#1117 = CARTESIAN_POINT('',(-26.51735618611,0.,162.9765462054));
#1118 = CARTESIAN_POINT('',(-26.41744304644,0.,163.59677198767));
#1119 = CARTESIAN_POINT('',(-26.33351849061,0.,164.219072377));
#1120 = CARTESIAN_POINT('',(-26.26632229345,0.,164.84325452576));
#1121 = CARTESIAN_POINT('',(-26.21656159296,0.,165.46908446299));
#1122 = CARTESIAN_POINT('',(-26.17668703946,0.,166.25884962972));
#1123 = CARTESIAN_POINT('',(-26.16970324844,0.,166.42153588298));
#1124 = CARTESIAN_POINT('',(-26.16391214621,0.,166.58434181188));
#1125 = CARTESIAN_POINT('',(-26.15928202929,0.,166.74726503567));
#1126 = CARTESIAN_POINT('',(-26.15578073742,0.,166.91030313078));
#1127 = CARTESIAN_POINT('',(-26.15337565354,0.,167.07345363089));
#1128 = CARTESIAN_POINT('',(-26.15203370379,0.,167.23671402688));
#1129 = CARTESIAN_POINT('',(-26.1507357994,0.,167.91556224927));
#1130 = CARTESIAN_POINT('',(-26.1600083347,0.,168.43158345411));
#1131 = CARTESIAN_POINT('',(-26.17847641631,0.,168.94800081532));
#1132 = CARTESIAN_POINT('',(-26.20507934164,0.,169.46469943993));
#1133 = CARTESIAN_POINT('',(-26.23876590691,0.,169.98159428123));
#1134 = CARTESIAN_POINT('',(-26.27849899891,0.,170.49863027971));
#1135 = CARTESIAN_POINT('',(-26.32325712418,0.,171.01578247175));
#1136 = CARTESIAN_POINT('',(-26.43673323327,0.,172.21921230874));
#1137 = CARTESIAN_POINT('',(-26.50849763515,0.,172.905527107));
#1138 = CARTESIAN_POINT('',(-26.5849748052,0.,173.59203139547));
#1139 = CARTESIAN_POINT('',(-26.66385076344,0.,174.27875682528));
#1140 = CARTESIAN_POINT('',(-26.74283410987,0.,174.96573606276));
#1141 = CARTESIAN_POINT('',(-26.81964130821,0.,175.65300308812));
#1142 = CARTESIAN_POINT('',(-26.89198196962,0.,176.34059349416));
#1143 = CARTESIAN_POINT('',(-26.95754413643,0.,177.02854478499));
#1144 = PCURVE('',#100,#1145);
#1145 = DEFINITIONAL_REPRESENTATION('',(#1146),#1331);
#1146 = B_SPLINE_CURVE_WITH_KNOTS('',8,(#1147,#1148,#1149,#1150,#1151,
    #1152,#1153,#1154,#1155,#1156,#1157,#1158,#1159,#1160,#1161,#1162,
    #1163,#1164,#1165,#1166,#1167,#1168,#1169,#1170,#1171,#1172,#1173,
    #1174,#1175,#1176,#1177,#1178,#1179,#1180,#1181,#1182,#1183,#1184,
    #1185,#1186,#1187,#1188,#1189,#1190,#1191,#1192,#1193,#1194,#1195,
    #1196,#1197,#1198,#1199,#1200,#1201,#1202,#1203,#1204,#1205,#1206,
    #1207,#1208,#1209,#1210,#1211,#1212,#1213,#1214,#1215,#1216,#1217,
    #1218,#1219,#1220,#1221,#1222,#1223,#1224,#1225,#1226,#1227,#1228,
    #1229,#1230,#1231,#1232,#1233,#1234,#1235,#1236,#1237,#1238,#1239,
    #1240,#1241,#1242,#1243,#1244,#1245,#1246,#1247,#1248,#1249,#1250,
    #1251,#1252,#1253,#1254,#1255,#1256,#1257,#1258,#1259,#1260,#1261,
    #1262,#1263,#1264,#1265,#1266,#1267,#1268,#1269,#1270,#1271,#1272,
    #1273,#1274,#1275,#1276,#1277,#1278,#1279,#1280,#1281,#1282,#1283,
    #1284,#1285,#1286,#1287,#1288,#1289,#1290,#1291,#1292,#1293,#1294,
    #1295,#1296,#1297,#1298,#1299,#1300,#1301,#1302,#1303,#1304,#1305,
    #1306,#1307,#1308,#1309,#1310,#1311,#1312,#1313,#1314,#1315,#1316,
    #1317,#1318,#1319,#1320,#1321,#1322,#1323,#1324,#1325,#1326,#1327,
    #1328,#1329,#1330),.UNSPECIFIED.,.F.,.F.,(9,7,7,7,7,7,7,7,7,7,7,7,7,
    7,7,7,7,7,7,7,7,7,7,7,7,7,9),(0.,2.679381428488E-02,
    4.115918690541E-02,5.150073186549E-02,8.510094034095E-02,
    0.166011040387,0.179989561202,0.186980049124,0.19496879011,
    0.329633309457,0.396563230728,0.413589042466,0.464763273266,
    0.622601130477,0.635488874313,0.732799700489,0.775826314233,
    0.802981645401,0.816096544274,0.823165609089,0.83023867467,
    0.854518019235,0.915631091385,0.94231436062,0.949230398506,
    0.971052837537,1.),.UNSPECIFIED.);
#1147 = CARTESIAN_POINT('',(-32.224,0.));
#1148 = CARTESIAN_POINT('',(-32.86274125831,0.));
#1149 = CARTESIAN_POINT('',(-33.49384849427,7.53285351478E-02));
#1150 = CARTESIAN_POINT('',(-34.1116392707,0.222520613031));
#1151 = CARTESIAN_POINT('',(-34.71251923604,0.434271211803));
#1152 = CARTESIAN_POINT('',(-35.29443295208,0.701857900538));
#1153 = CARTESIAN_POINT('',(-35.8565083252,1.016628904068));
#1154 = CARTESIAN_POINT('',(-36.39882787769,1.370816568651));
#1155 = CARTESIAN_POINT('',(-37.20289572232,1.965488475644));
#1156 = CARTESIAN_POINT('',(-37.4781532301,2.182544933089));
#1157 = CARTESIAN_POINT('',(-37.74817504716,2.408121218523));
#1158 = CARTESIAN_POINT('',(-38.013116278,2.641302110367));
#1159 = CARTESIAN_POINT('',(-38.27314331769,2.881241355976));
#1160 = CARTESIAN_POINT('',(-38.52843276301,3.127159615258));
#1161 = CARTESIAN_POINT('',(-38.77917062091,3.378340496011));
#1162 = CARTESIAN_POINT('',(-39.20292014674,3.818262170439));
#1163 = CARTESIAN_POINT('',(-39.37813981142,4.004909871296));
#1164 = CARTESIAN_POINT('',(-39.55121272197,4.193715340187));
#1165 = CARTESIAN_POINT('',(-39.72212057159,4.384396988482));
#1166 = CARTESIAN_POINT('',(-39.89085335882,4.576647271922));
#1167 = CARTESIAN_POINT('',(-40.05741560797,4.770111613467));
#1168 = CARTESIAN_POINT('',(-40.22181028386,4.964443059391));
#1169 = CARTESIAN_POINT('',(-40.9109643868,5.792963881355));
#1170 = CARTESIAN_POINT('',(-41.41795626888,6.437872267282));
#1171 = CARTESIAN_POINT('',(-41.90501739465,7.093638855732));
#1172 = CARTESIAN_POINT('',(-42.37231361308,7.759719387334));
#1173 = CARTESIAN_POINT('',(-42.82012352774,8.435550285562));
#1174 = CARTESIAN_POINT('',(-43.24882674979,9.120554628292));
#1175 = CARTESIAN_POINT('',(-43.65889215098,9.814148119365));
#1176 = CARTESIAN_POINT('',(-44.99474873567,12.205207157125));
#1177 = CARTESIAN_POINT('',(-45.83356701207,13.940792350543));
#1178 = CARTESIAN_POINT('',(-46.57528670538,15.714796084196));
#1179 = CARTESIAN_POINT('',(-47.23040468992,17.519758698775));
#1180 = CARTESIAN_POINT('',(-47.81083777884,19.348855186742));
#1181 = CARTESIAN_POINT('',(-48.3291233529,21.196177213907));
#1182 = CARTESIAN_POINT('',(-48.79797340096,23.056891293988));
#1183 = CARTESIAN_POINT('',(-49.30490174812,25.250392754026));
#1184 = CARTESIAN_POINT('',(-49.37848578223,25.573809262991));
#1185 = CARTESIAN_POINT('',(-49.45104142331,25.897484945596));
#1186 = CARTESIAN_POINT('',(-49.52263442241,26.221398631759));
#1187 = CARTESIAN_POINT('',(-49.59333053985,26.545529565079));
#1188 = CARTESIAN_POINT('',(-49.66319554521,26.86985740283));
#1189 = CARTESIAN_POINT('',(-49.73229521738,27.194362215963));
#1190 = CARTESIAN_POINT('',(-49.83490141462,27.681384135678));
#1191 = CARTESIAN_POINT('',(-49.86893304151,27.843785550845));
#1192 = CARTESIAN_POINT('',(-49.90279834354,28.006225813237));
#1193 = CARTESIAN_POINT('',(-49.936505439,28.168702001479));
#1194 = CARTESIAN_POINT('',(-49.97006244624,28.331211194198));
#1195 = CARTESIAN_POINT('',(-50.00347748355,28.493750470019));
#1196 = CARTESIAN_POINT('',(-50.03675866927,28.65631690757));
#1197 = CARTESIAN_POINT('',(-50.10780422677,29.004716477082));
#1198 = CARTESIAN_POINT('',(-50.14552994305,29.190557996568));
#1199 = CARTESIAN_POINT('',(-50.18310406366,29.376428477248));
#1200 = CARTESIAN_POINT('',(-50.2205391157,29.562324342898));
#1201 = CARTESIAN_POINT('',(-50.25784736025,29.748242107762));
#1202 = CARTESIAN_POINT('',(-50.2950407924,29.934178376547));
#1203 = CARTESIAN_POINT('',(-50.3321311412,30.120129844428));
#1204 = CARTESIAN_POINT('',(-50.99280962138,33.440839936873));
#1205 = CARTESIAN_POINT('',(-51.58936735006,36.579262489936));
#1206 = CARTESIAN_POINT('',(-52.15439223492,39.722257206467));
#1207 = CARTESIAN_POINT('',(-52.68344135271,42.870605872858));
#1208 = CARTESIAN_POINT('',(-53.17205496271,46.024973514336));
#1209 = CARTESIAN_POINT('',(-53.61578029436,49.185904320112));
#1210 = CARTESIAN_POINT('',(-54.01020383759,52.353815790991));
#1211 = CARTESIAN_POINT('',(-54.52036810862,57.107092268685));
#1212 = CARTESIAN_POINT('',(-54.67649420502,58.686980334402));
#1213 = CARTESIAN_POINT('',(-54.81883826352,60.268685851571));
#1214 = CARTESIAN_POINT('',(-54.94687273616,61.852228491136));
#1215 = CARTESIAN_POINT('',(-55.06007637095,63.43761680651));
#1216 = CARTESIAN_POINT('',(-55.15793589429,65.024847990064));
#1217 = CARTESIAN_POINT('',(-55.23994769342,66.613907629611));
#1218 = CARTESIAN_POINT('',(-55.32232526778,68.609457138121));
#1219 = CARTESIAN_POINT('',(-55.33797388727,69.014261966482));
#1220 = CARTESIAN_POINT('',(-55.35255556573,69.419179103243));
#1221 = CARTESIAN_POINT('',(-55.36606829715,69.824223885924));
#1222 = CARTESIAN_POINT('',(-55.37849097431,70.229361381225));
#1223 = CARTESIAN_POINT('',(-55.38983396035,70.634639247137));
#1224 = CARTESIAN_POINT('',(-55.40007449182,71.040017344372));
#1225 = CARTESIAN_POINT('',(-55.43664785023,72.664236731985));
#1226 = CARTESIAN_POINT('',(-55.45405795998,73.883874747745));
#1227 = CARTESIAN_POINT('',(-55.46113807196,75.104181301928));
#1228 = CARTESIAN_POINT('',(-55.45758578588,76.324923270317));
#1229 = CARTESIAN_POINT('',(-55.44309321669,77.545862624858));
#1230 = CARTESIAN_POINT('',(-55.41734679842,78.766756026708));
#1231 = CARTESIAN_POINT('',(-55.38002708811,79.987354419263));
#1232 = CARTESIAN_POINT('',(-55.17900276088,84.97042535506));
#1233 = CARTESIAN_POINT('',(-54.91401589628,88.727893151183));
#1234 = CARTESIAN_POINT('',(-54.52631460894,92.472756261894));
#1235 = CARTESIAN_POINT('',(-54.0057727968,96.196851265616));
#1236 = CARTESIAN_POINT('',(-53.34176322629,99.890813229587));
#1237 = CARTESIAN_POINT('',(-52.52331752179,103.54405701854));
#1238 = CARTESIAN_POINT('',(-51.53941299767,107.14484038811));
#1239 = CARTESIAN_POINT('',(-50.28473130815,110.96910803438));
#1240 = CARTESIAN_POINT('',(-50.18884293371,111.25735616787));
#1241 = CARTESIAN_POINT('',(-50.09178550099,111.54516485334));
#1242 = CARTESIAN_POINT('',(-49.9935894312,111.83254567972));
#1243 = CARTESIAN_POINT('',(-49.89425284972,112.11949398023));
#1244 = CARTESIAN_POINT('',(-49.79380425063,112.40602051641));
#1245 = CARTESIAN_POINT('',(-49.69225223862,112.69212628785));
#1246 = CARTESIAN_POINT('',(-48.81463147845,115.13496512956));
#1247 = CARTESIAN_POINT('',(-47.97775854201,117.26832622029));
#1248 = CARTESIAN_POINT('',(-47.0855901891,119.37996797249));
#1249 = CARTESIAN_POINT('',(-46.14489391324,121.47234731792));
#1250 = CARTESIAN_POINT('',(-45.16244705808,123.54823150472));
#1251 = CARTESIAN_POINT('',(-44.14491695232,125.61064206446));
#1252 = CARTESIAN_POINT('',(-43.09878414767,127.66282141887));
#1253 = CARTESIAN_POINT('',(-41.55787542796,130.61260933207));
#1254 = CARTESIAN_POINT('',(-41.08108369291,131.51565283605));
#1255 = CARTESIAN_POINT('',(-40.60047985319,132.41764210822));
#1256 = CARTESIAN_POINT('',(-40.11660549481,133.3188675825));
#1257 = CARTESIAN_POINT('',(-39.62999726823,134.21962056315));
#1258 = CARTESIAN_POINT('',(-39.14118666552,135.12019313136));
#1259 = CARTESIAN_POINT('',(-38.65069979741,136.02087805177));
#1260 = CARTESIAN_POINT('',(-37.84876739431,137.49067284291));
#1261 = CARTESIAN_POINT('',(-37.53801766815,138.05953785091));
#1262 = CARTESIAN_POINT('',(-37.22693906879,138.62863711595));
#1263 = CARTESIAN_POINT('',(-36.91566207144,139.19804363022));
#1264 = CARTESIAN_POINT('',(-36.60431654984,139.76782996518));
#1265 = CARTESIAN_POINT('',(-36.29303177622,140.33806827157));
#1266 = CARTESIAN_POINT('',(-35.98193642131,140.90883027937));
#1267 = CARTESIAN_POINT('',(-35.52106573198,141.75612904466));
#1268 = CARTESIAN_POINT('',(-35.37104698115,142.03220953968));
#1269 = CARTESIAN_POINT('',(-35.22111673747,142.30843679754));
#1270 = CARTESIAN_POINT('',(-35.07128941053,142.58481879416));
#1271 = CARTESIAN_POINT('',(-34.92157938389,142.86136346675));
#1272 = CARTESIAN_POINT('',(-34.77200101511,143.13807871378));
#1273 = CARTESIAN_POINT('',(-34.62256863569,143.41497239503));
#1274 = CARTESIAN_POINT('',(-34.39283736874,143.84140125516));
#1275 = CARTESIAN_POINT('',(-34.31241203778,143.99082790141));
#1276 = CARTESIAN_POINT('',(-34.23202279037,144.14033358766));
#1277 = CARTESIAN_POINT('',(-34.15167185863,144.28991963124));
#1278 = CARTESIAN_POINT('',(-34.07136147467,144.43958734952));
#1279 = CARTESIAN_POINT('',(-33.99109387061,144.58933805985));
#1280 = CARTESIAN_POINT('',(-33.91087127856,144.73917307957));
#1281 = CARTESIAN_POINT('',(-33.75047520717,145.03909922071));
#1282 = CARTESIAN_POINT('',(-33.67031489832,145.18916636056));
#1283 = CARTESIAN_POINT('',(-33.59021693371,145.33929630287));
#1284 = CARTESIAN_POINT('',(-33.5101834045,145.48949022847));
#1285 = CARTESIAN_POINT('',(-33.43021656336,145.63974934172));
#1286 = CARTESIAN_POINT('',(-33.3503188245,145.79007487053));
#1287 = CARTESIAN_POINT('',(-33.27049276367,145.94046806635));
#1288 = CARTESIAN_POINT('',(-32.91698178993,146.60741376382));
#1289 = CARTESIAN_POINT('',(-32.64412831309,147.12471296073));
#1290 = CARTESIAN_POINT('',(-32.37260998032,147.64293711205));
#1291 = CARTESIAN_POINT('',(-32.10285715106,148.16219242411));
#1292 = CARTESIAN_POINT('',(-31.83530270411,148.68258232288));
#1293 = CARTESIAN_POINT('',(-31.57038349023,149.20420778464));
#1294 = CARTESIAN_POINT('',(-31.30854178484,149.72716766643));
#1295 = CARTESIAN_POINT('',(-30.40002690118,151.57149448872));
#1296 = CARTESIAN_POINT('',(-29.77228777077,152.90026207253));
#1297 = CARTESIAN_POINT('',(-29.17401299995,154.23969378));
#1298 = CARTESIAN_POINT('',(-28.6126842196,155.59117565592));
#1299 = CARTESIAN_POINT('',(-28.09635932712,156.95565808412));
#1300 = CARTESIAN_POINT('',(-27.63366345469,158.33364562937));
#1301 = CARTESIAN_POINT('',(-27.23363835705,159.72515860382));
#1302 = CARTESIAN_POINT('',(-26.76210706395,161.74289311417));
#1303 = CARTESIAN_POINT('',(-26.63249939149,162.35854826633));
#1304 = CARTESIAN_POINT('',(-26.51735618611,162.9765462054));
#1305 = CARTESIAN_POINT('',(-26.41744304644,163.59677198767));
#1306 = CARTESIAN_POINT('',(-26.33351849061,164.219072377));
#1307 = CARTESIAN_POINT('',(-26.26632229345,164.84325452576));
#1308 = CARTESIAN_POINT('',(-26.21656159296,165.46908446299));
#1309 = CARTESIAN_POINT('',(-26.17668703946,166.25884962972));
#1310 = CARTESIAN_POINT('',(-26.16970324844,166.42153588298));
#1311 = CARTESIAN_POINT('',(-26.16391214621,166.58434181188));
#1312 = CARTESIAN_POINT('',(-26.15928202929,166.74726503567));
#1313 = CARTESIAN_POINT('',(-26.15578073742,166.91030313078));
#1314 = CARTESIAN_POINT('',(-26.15337565354,167.07345363089));
#1315 = CARTESIAN_POINT('',(-26.15203370379,167.23671402688));
#1316 = CARTESIAN_POINT('',(-26.1507357994,167.91556224927));
#1317 = CARTESIAN_POINT('',(-26.1600083347,168.43158345411));
#1318 = CARTESIAN_POINT('',(-26.17847641631,168.94800081532));
#1319 = CARTESIAN_POINT('',(-26.20507934164,169.46469943993));
#1320 = CARTESIAN_POINT('',(-26.23876590691,169.98159428123));
#1321 = CARTESIAN_POINT('',(-26.27849899891,170.49863027971));
#1322 = CARTESIAN_POINT('',(-26.32325712418,171.01578247175));
#1323 = CARTESIAN_POINT('',(-26.43673323327,172.21921230874));
#1324 = CARTESIAN_POINT('',(-26.50849763515,172.905527107));
#1325 = CARTESIAN_POINT('',(-26.5849748052,173.59203139547));
#1326 = CARTESIAN_POINT('',(-26.66385076344,174.27875682528));
#1327 = CARTESIAN_POINT('',(-26.74283410987,174.96573606276));
#1328 = CARTESIAN_POINT('',(-26.81964130821,175.65300308812));
#1329 = CARTESIAN_POINT('',(-26.89198196962,176.34059349416));
#1330 = CARTESIAN_POINT('',(-26.95754413643,177.02854478499));
#1331 = ( GEOMETRIC_REPRESENTATION_CONTEXT(2) 
PARAMETRIC_REPRESENTATION_CONTEXT() REPRESENTATION_CONTEXT('2D SPACE',''
  ) );
#1332 = PCURVE('',#1333,#1348);
#1333 = SURFACE_OF_REVOLUTION('',#1334,#1345);
#1334 = B_SPLINE_CURVE_WITH_KNOTS('',3,(#1335,#1336,#1337,#1338,#1339,
    #1340,#1341,#1342,#1343,#1344),.UNSPECIFIED.,.F.,.F.,(4,1,1,1,1,1,1,
    4),(0.,9.500018999981,36.614323803903,77.207791566586,
    117.80125932927,156.98378331637,178.32173075749,193.46026021051),
  .UNSPECIFIED.);
#1335 = CARTESIAN_POINT('',(7.155165349104E-15,32.224,0.));
#1336 = CARTESIAN_POINT('',(7.858308004315E-15,35.390672999994,0.));
#1337 = CARTESIAN_POINT('',(1.017035058018E-14,45.803187083104,
    9.365790714046));
#1338 = CARTESIAN_POINT('',(1.147097054093E-14,51.660658653721,
    34.592666559567));
#1339 = CARTESIAN_POINT('',(1.265744999988E-14,57.004087102912,
    70.193615055789));
#1340 = CARTESIAN_POINT('',(1.184407544641E-14,53.340973766988,
    111.51935315068));
#1341 = CARTESIAN_POINT('',(7.956437511626E-15,35.832609012555,
    140.19467751613));
#1342 = CARTESIAN_POINT('',(5.370844281611E-15,24.18813230533,
    163.91693589227));
#1343 = CARTESIAN_POINT('',(6.037170763307E-15,27.189,176.21382351565));
#1344 = CARTESIAN_POINT('',(6.037170763307E-15,27.189,181.26));
#1345 = AXIS1_PLACEMENT('',#1346,#1347);
#1346 = CARTESIAN_POINT('',(0.,0.,0.));
#1347 = DIRECTION('',(0.,0.,1.));
#1348 = DEFINITIONAL_REPRESENTATION('',(#1349),#1534);
#1349 = B_SPLINE_CURVE_WITH_KNOTS('',8,(#1350,#1351,#1352,#1353,#1354,
    #1355,#1356,#1357,#1358,#1359,#1360,#1361,#1362,#1363,#1364,#1365,
    #1366,#1367,#1368,#1369,#1370,#1371,#1372,#1373,#1374,#1375,#1376,
    #1377,#1378,#1379,#1380,#1381,#1382,#1383,#1384,#1385,#1386,#1387,
    #1388,#1389,#1390,#1391,#1392,#1393,#1394,#1395,#1396,#1397,#1398,
    #1399,#1400,#1401,#1402,#1403,#1404,#1405,#1406,#1407,#1408,#1409,
    #1410,#1411,#1412,#1413,#1414,#1415,#1416,#1417,#1418,#1419,#1420,
    #1421,#1422,#1423,#1424,#1425,#1426,#1427,#1428,#1429,#1430,#1431,
    #1432,#1433,#1434,#1435,#1436,#1437,#1438,#1439,#1440,#1441,#1442,
    #1443,#1444,#1445,#1446,#1447,#1448,#1449,#1450,#1451,#1452,#1453,
    #1454,#1455,#1456,#1457,#1458,#1459,#1460,#1461,#1462,#1463,#1464,
    #1465,#1466,#1467,#1468,#1469,#1470,#1471,#1472,#1473,#1474,#1475,
    #1476,#1477,#1478,#1479,#1480,#1481,#1482,#1483,#1484,#1485,#1486,
    #1487,#1488,#1489,#1490,#1491,#1492,#1493,#1494,#1495,#1496,#1497,
    #1498,#1499,#1500,#1501,#1502,#1503,#1504,#1505,#1506,#1507,#1508,
    #1509,#1510,#1511,#1512,#1513,#1514,#1515,#1516,#1517,#1518,#1519,
    #1520,#1521,#1522,#1523,#1524,#1525,#1526,#1527,#1528,#1529,#1530,
    #1531,#1532,#1533),.UNSPECIFIED.,.F.,.F.,(9,7,7,7,7,7,7,7,7,7,7,7,7,
    7,7,7,7,7,7,7,7,7,7,7,7,7,9),(0.,2.679381428488E-02,
    4.115918690541E-02,5.150073186549E-02,8.510094034095E-02,
    0.166011040387,0.179989561202,0.186980049124,0.19496879011,
    0.329633309457,0.396563230728,0.413589042466,0.464763273266,
    0.622601130477,0.635488874313,0.732799700489,0.775826314233,
    0.802981645401,0.816096544274,0.823165609089,0.83023867467,
    0.854518019235,0.915631091385,0.94231436062,0.949230398506,
    0.971052837537,1.),.UNSPECIFIED.);
#1350 = CARTESIAN_POINT('',(1.570796326795,0.));
#1351 = CARTESIAN_POINT('',(1.570796326795,0.638741258319));
#1352 = CARTESIAN_POINT('',(1.570796326795,1.284263541271));
#1353 = CARTESIAN_POINT('',(1.570796326795,1.931556646295));
#1354 = CARTESIAN_POINT('',(1.570796326795,2.5770830123));
#1355 = CARTESIAN_POINT('',(1.570796326795,3.218475584184));
#1356 = CARTESIAN_POINT('',(1.570796326795,3.85439041848));
#1357 = CARTESIAN_POINT('',(1.570796326795,4.484475652412));
#1358 = CARTESIAN_POINT('',(1.570796326795,5.444478490837));
#1359 = CARTESIAN_POINT('',(1.570796326795,5.778121343119));
#1360 = CARTESIAN_POINT('',(1.570796326795,6.110466365179));
#1361 = CARTESIAN_POINT('',(1.570796326795,6.44165780438));
#1362 = CARTESIAN_POINT('',(1.570796326795,6.771866070033));
#1363 = CARTESIAN_POINT('',(1.570796326795,7.101290128048));
#1364 = CARTESIAN_POINT('',(1.570796326795,7.430161025954));
#1365 = CARTESIAN_POINT('',(1.570796326795,7.995293280608));
#1366 = CARTESIAN_POINT('',(1.570796326795,8.231835469823));
#1367 = CARTESIAN_POINT('',(1.570796326795,8.468393576882));
#1368 = CARTESIAN_POINT('',(1.570796326795,8.704942665939));
#1369 = CARTESIAN_POINT('',(1.570796326795,8.941475752246));
#1370 = CARTESIAN_POINT('',(1.570796326795,9.178017687036));
#1371 = CARTESIAN_POINT('',(1.570796326795,9.414589579403));
#1372 = CARTESIAN_POINT('',(1.570796326795,10.419635389326));
#1373 = CARTESIAN_POINT('',(1.570796326795,11.192481488083));
#1374 = CARTESIAN_POINT('',(1.570796326795,11.969199780125));
#1375 = CARTESIAN_POINT('',(1.570796326795,12.74934482558));
#1376 = CARTESIAN_POINT('',(1.570796326795,13.532489724827));
#1377 = CARTESIAN_POINT('',(1.570796326795,14.318227827308));
#1378 = CARTESIAN_POINT('',(1.570796326795,15.106174440337));
#1379 = CARTESIAN_POINT('',(1.570796326795,17.797811483243));
#1380 = CARTESIAN_POINT('',(1.570796326795,19.710045739747));
#1381 = CARTESIAN_POINT('',(1.570796326795,21.628186372187));
#1382 = CARTESIAN_POINT('',(1.570796326795,23.548797702563));
#1383 = CARTESIAN_POINT('',(1.570796326795,25.469495706546));
#1384 = CARTESIAN_POINT('',(1.570796326795,27.388955472528));
#1385 = CARTESIAN_POINT('',(1.570796326795,29.306922162475));
#1386 = CARTESIAN_POINT('',(1.570796326795,31.555468621453));
#1387 = CARTESIAN_POINT('',(1.570796326795,31.88668597195));
#1388 = CARTESIAN_POINT('',(1.570796326795,32.217877902813));
#1389 = CARTESIAN_POINT('',(1.570796326795,32.549046750549));
#1390 = CARTESIAN_POINT('',(1.570796326795,32.880195250608));
#1391 = CARTESIAN_POINT('',(1.570796326795,33.211326537387));
#1392 = CARTESIAN_POINT('',(1.570796326795,33.542444144227));
#1393 = CARTESIAN_POINT('',(1.570796326795,34.039135009014));
#1394 = CARTESIAN_POINT('',(1.570796326795,34.204718014618));
#1395 = CARTESIAN_POINT('',(1.570796326795,34.370301020221));
#1396 = CARTESIAN_POINT('',(1.570796326795,34.535884025824));
#1397 = CARTESIAN_POINT('',(1.570796326795,34.701467031428));
#1398 = CARTESIAN_POINT('',(1.570796326795,34.867050037031));
#1399 = CARTESIAN_POINT('',(1.570796326795,35.032633042634));
#1400 = CARTESIAN_POINT('',(1.570796326795,35.38744457681));
#1401 = CARTESIAN_POINT('',(1.570796326795,35.576673966201));
#1402 = CARTESIAN_POINT('',(1.570796326795,35.765905102275));
#1403 = CARTESIAN_POINT('',(1.570796326795,35.955138868406));
#1404 = CARTESIAN_POINT('',(1.570796326795,36.144376145476));
#1405 = CARTESIAN_POINT('',(1.570796326795,36.333617811875));
#1406 = CARTESIAN_POINT('',(1.570796326795,36.522864743499));
#1407 = CARTESIAN_POINT('',(1.570796326795,39.902316843251));
#1408 = CARTESIAN_POINT('',(1.570796326795,43.09415254901));
#1409 = CARTESIAN_POINT('',(1.570796326795,46.28741249961));
#1410 = CARTESIAN_POINT('',(1.570796326795,49.481763706559));
#1411 = CARTESIAN_POINT('',(1.570796326795,52.676752574243));
#1412 = CARTESIAN_POINT('',(1.570796326795,55.871805245562));
#1413 = CARTESIAN_POINT('',(1.570796326795,59.066228343243));
#1414 = CARTESIAN_POINT('',(1.570796326795,63.846161288138));
#1415 = CARTESIAN_POINT('',(1.570796326795,65.432748960369));
#1416 = CARTESIAN_POINT('',(1.570796326795,67.018869278101));
#1417 = CARTESIAN_POINT('',(1.570796326795,68.604408463943));
#1418 = CARTESIAN_POINT('',(1.570796326795,70.189242927666));
#1419 = CARTESIAN_POINT('',(1.570796326795,71.773239385336));
#1420 = CARTESIAN_POINT('',(1.570796326795,73.356254978441));
#1421 = CARTESIAN_POINT('',(1.570796326795,75.340540857279));
#1422 = CARTESIAN_POINT('',(1.570796326795,75.742870370513));
#1423 = CARTESIAN_POINT('',(1.570796326795,76.145127921749));
#1424 = CARTESIAN_POINT('',(1.570796326795,76.547294831522));
#1425 = CARTESIAN_POINT('',(1.570796326795,76.94940354919));
#1426 = CARTESIAN_POINT('',(1.570796326795,77.351402276043));
#1427 = CARTESIAN_POINT('',(1.570796326795,77.75332851777));
#1428 = CARTESIAN_POINT('',(1.570796326795,79.363013634424));
#1429 = CARTESIAN_POINT('',(1.570796326795,80.570169448346));
#1430 = CARTESIAN_POINT('',(1.570796326795,81.77678774284));
#1431 = CARTESIAN_POINT('',(1.570796326795,82.983003102399));
#1432 = CARTESIAN_POINT('',(1.570796326795,84.188943450982));
#1433 = CARTESIAN_POINT('',(1.570796326795,85.394730463322));
#1434 = CARTESIAN_POINT('',(1.570796326795,86.60047997623));
#1435 = CARTESIAN_POINT('',(1.570796326795,91.525448238606));
#1436 = CARTESIAN_POINT('',(1.570796326795,95.244970419058));
#1437 = CARTESIAN_POINT('',(1.570796326795,98.968536130356));
#1438 = CARTESIAN_POINT('',(1.570796326795,102.69875713885));
#1439 = CARTESIAN_POINT('',(1.570796326795,106.43729731863));
#1440 = CARTESIAN_POINT('',(1.570796326795,110.18492158693));
#1441 = CARTESIAN_POINT('',(1.570796326795,113.94148518799));
#1442 = CARTESIAN_POINT('',(1.570796326795,118.01323040203));
#1443 = CARTESIAN_POINT('',(1.570796326795,118.32064814503));
#1444 = CARTESIAN_POINT('',(1.570796326795,118.62811256247));
#1445 = CARTESIAN_POINT('',(1.570796326795,118.93561595739));
#1446 = CARTESIAN_POINT('',(1.570796326795,119.24315725023));
#1447 = CARTESIAN_POINT('',(1.570796326795,119.5507293159));
#1448 = CARTESIAN_POINT('',(1.570796326795,119.85832932431));
#1449 = CARTESIAN_POINT('',(1.570796326795,122.48870820831));
#1450 = CARTESIAN_POINT('',(1.570796326795,124.81268652971));
#1451 = CARTESIAN_POINT('',(1.570796326795,127.13624839401));
#1452 = CARTESIAN_POINT('',(1.570796326795,129.45804961506));
#1453 = CARTESIAN_POINT('',(1.570796326795,131.77704510298));
#1454 = CARTESIAN_POINT('',(1.570796326795,134.09249047393));
#1455 = CARTESIAN_POINT('',(1.570796326795,136.40394119515));
#1456 = CARTESIAN_POINT('',(1.570796326795,139.73144051259));
#1457 = CARTESIAN_POINT('',(1.570796326795,140.75080104935));
#1458 = CARTESIAN_POINT('',(1.570796326795,141.7693078566));
#1459 = CARTESIAN_POINT('',(1.570796326795,142.78694137597));
#1460 = CARTESIAN_POINT('',(1.570796326795,143.80368548697));
#1461 = CARTESIAN_POINT('',(1.570796326795,144.81952748424));
#1462 = CARTESIAN_POINT('',(1.570796326795,145.83445805474));
#1463 = CARTESIAN_POINT('',(1.570796326795,147.48844409659));
#1464 = CARTESIAN_POINT('',(1.570796326795,148.12805067407));
#1465 = CARTESIAN_POINT('',(1.570796326795,148.76728909838));
#1466 = CARTESIAN_POINT('',(1.570796326795,149.40615743632));
#1467 = CARTESIAN_POINT('',(1.570796326795,150.04465371048));
#1468 = CARTESIAN_POINT('',(1.570796326795,150.68277589928));
#1469 = CARTESIAN_POINT('',(1.570796326795,151.32052193697));
#1470 = CARTESIAN_POINT('',(1.570796326795,152.2657119193));
#1471 = CARTESIAN_POINT('',(1.570796326795,152.5734458557));
#1472 = CARTESIAN_POINT('',(1.570796326795,152.88109126536));
#1473 = CARTESIAN_POINT('',(1.570796326795,153.18864787195));
#1474 = CARTESIAN_POINT('',(1.570796326795,153.49611538034));
#1475 = CARTESIAN_POINT('',(1.570796326795,153.80349347658));
#1476 = CARTESIAN_POINT('',(1.570796326795,154.11078182787));
#1477 = CARTESIAN_POINT('',(1.570796326795,154.58356308819));
#1478 = CARTESIAN_POINT('',(1.570796326795,154.74914609379));
#1479 = CARTESIAN_POINT('',(1.570796326795,154.91472909939));
#1480 = CARTESIAN_POINT('',(1.570796326795,155.080312105));
#1481 = CARTESIAN_POINT('',(1.570796326795,155.2458951106));
#1482 = CARTESIAN_POINT('',(1.570796326795,155.4114781162));
#1483 = CARTESIAN_POINT('',(1.570796326795,155.57706112181));
#1484 = CARTESIAN_POINT('',(1.570796326795,155.90832084538));
#1485 = CARTESIAN_POINT('',(1.570796326795,156.07397099851));
#1486 = CARTESIAN_POINT('',(1.570796326795,156.2395944194));
#1487 = CARTESIAN_POINT('',(1.570796326795,156.40519099052));
#1488 = CARTESIAN_POINT('',(1.570796326795,156.5707606442));
#1489 = CARTESIAN_POINT('',(1.570796326795,156.73630336268));
#1490 = CARTESIAN_POINT('',(1.570796326795,156.90181917803));
#1491 = CARTESIAN_POINT('',(1.570796326795,157.63537364066));
#1492 = CARTESIAN_POINT('',(1.570796326795,158.20313044417));
#1493 = CARTESIAN_POINT('',(1.570796326795,158.77068801486));
#1494 = CARTESIAN_POINT('',(1.570796326795,159.33815113182));
#1495 = CARTESIAN_POINT('',(1.570796326795,159.90562030827));
#1496 = CARTESIAN_POINT('',(1.570796326795,160.47319217871));
#1497 = CARTESIAN_POINT('',(1.570796326795,161.04095988604));
#1498 = CARTESIAN_POINT('',(1.570796326795,163.03885023783));
#1499 = CARTESIAN_POINT('',(1.570796326795,164.47024110515));
#1500 = CARTESIAN_POINT('',(1.570796326795,165.90493455527));
#1501 = CARTESIAN_POINT('',(1.570796326795,167.3441391298));
#1502 = CARTESIAN_POINT('',(1.570796326795,168.7885556903));
#1503 = CARTESIAN_POINT('',(1.570796326795,170.23838814209));
#1504 = CARTESIAN_POINT('',(1.570796326795,171.69332878173));
#1505 = CARTESIAN_POINT('',(1.570796326795,173.78962597129));
#1506 = CARTESIAN_POINT('',(1.570796326795,174.42748937869));
#1507 = CARTESIAN_POINT('',(1.570796326795,175.06599912276));
#1508 = CARTESIAN_POINT('',(1.570796326795,175.70501250956));
#1509 = CARTESIAN_POINT('',(1.570796326795,176.34434948059));
#1510 = CARTESIAN_POINT('',(1.570796326795,176.9837922784));
#1511 = CARTESIAN_POINT('',(1.570796326795,177.62308497877));
#1512 = CARTESIAN_POINT('',(1.570796326795,178.42751591132));
#1513 = CARTESIAN_POINT('',(1.570796326795,178.59309889866));
#1514 = CARTESIAN_POINT('',(1.570796326795,178.75868188493));
#1515 = CARTESIAN_POINT('',(1.570796326795,178.92426488877));
#1516 = CARTESIAN_POINT('',(1.570796326795,179.08984791402));
#1517 = CARTESIAN_POINT('',(1.570796326795,179.25543094969));
#1518 = CARTESIAN_POINT('',(1.570796326795,179.42101396998));
#1519 = CARTESIAN_POINT('',(1.570796326795,180.10906719878));
#1520 = CARTESIAN_POINT('',(1.570796326795,180.63100134816));
#1521 = CARTESIAN_POINT('',(1.570796326795,181.1523350088));
#1522 = CARTESIAN_POINT('',(1.570796326795,181.67303394313));
#1523 = CARTESIAN_POINT('',(1.570796326795,182.19309348989));
#1524 = CARTESIAN_POINT('',(1.570796326795,182.71253820827));
#1525 = CARTESIAN_POINT('',(1.570796326795,183.23142172572));
#1526 = CARTESIAN_POINT('',(1.570796326795,184.43748391061));
#1527 = CARTESIAN_POINT('',(1.570796326795,185.12424398788));
#1528 = CARTESIAN_POINT('',(1.570796326795,185.81031923811));
#1529 = CARTESIAN_POINT('',(1.570796326795,186.4959188866));
#1530 = CARTESIAN_POINT('',(1.570796326795,187.18125058539));
#1531 = CARTESIAN_POINT('',(1.570796326795,187.86652183157));
#1532 = CARTESIAN_POINT('',(1.570796326795,188.55194138556));
#1533 = CARTESIAN_POINT('',(1.570796326795,189.23772068944));
#1534 = ( GEOMETRIC_REPRESENTATION_CONTEXT(2) 
PARAMETRIC_REPRESENTATION_CONTEXT() REPRESENTATION_CONTEXT('2D SPACE',''
  ) );
#1535 = ORIENTED_EDGE('',*,*,#1536,.T.);
#1536 = EDGE_CURVE('',#956,#1537,#1539,.T.);
#1537 = VERTEX_POINT('',#1538);
#1538 = CARTESIAN_POINT('',(-31.189,1.90977545093E-15,181.2600001));
#1539 = SURFACE_CURVE('',#1540,(#1544,#1550),.PCURVE_S1.);
#1540 = LINE('',#1541,#1542);
#1541 = CARTESIAN_POINT('',(0.,0.,150.0710001));
#1542 = VECTOR('',#1543,1.);
#1543 = DIRECTION('',(-0.707106781187,0.,0.707106781187));
#1544 = PCURVE('',#100,#1545);
#1545 = DEFINITIONAL_REPRESENTATION('',(#1546),#1549);
#1546 = B_SPLINE_CURVE_WITH_KNOTS('',1,(#1547,#1548),.UNSPECIFIED.,.F.,
  .F.,(2,2),(38.12372443405,44.107906796854),.PIECEWISE_BEZIER_KNOTS.);
#1547 = CARTESIAN_POINT('',(-26.9575440714,177.0285441714));
#1548 = CARTESIAN_POINT('',(-31.189,181.2600001));
#1549 = ( GEOMETRIC_REPRESENTATION_CONTEXT(2) 
PARAMETRIC_REPRESENTATION_CONTEXT() REPRESENTATION_CONTEXT('2D SPACE',''
  ) );
#1550 = PCURVE('',#1551,#1556);
#1551 = CONICAL_SURFACE('',#1552,26.189,0.785398163397);
#1552 = AXIS2_PLACEMENT_3D('',#1553,#1554,#1555);
#1553 = CARTESIAN_POINT('',(0.,0.,176.2600001));
#1554 = DIRECTION('',(0.,0.,1.));
#1555 = DIRECTION('',(2.22044604925E-16,1.,0.));
#1556 = DEFINITIONAL_REPRESENTATION('',(#1557),#1560);
#1557 = B_SPLINE_CURVE_WITH_KNOTS('',1,(#1558,#1559),.UNSPECIFIED.,.F.,
  .F.,(2,2),(38.12372443405,44.107906796854),.PIECEWISE_BEZIER_KNOTS.);
#1558 = CARTESIAN_POINT('',(1.570796326795,0.768544071404));
#1559 = CARTESIAN_POINT('',(1.570796326795,5.));
#1560 = ( GEOMETRIC_REPRESENTATION_CONTEXT(2) 
PARAMETRIC_REPRESENTATION_CONTEXT() REPRESENTATION_CONTEXT('2D SPACE',''
  ) );
#1561 = ORIENTED_EDGE('',*,*,#1562,.F.);
#1562 = EDGE_CURVE('',#142,#1537,#1563,.T.);
#1563 = SURFACE_CURVE('',#1564,(#1568,#1574),.PCURVE_S1.);
#1564 = LINE('',#1565,#1566);
#1565 = CARTESIAN_POINT('',(0.,0.,181.2600001));
#1566 = VECTOR('',#1567,1.);
#1567 = DIRECTION('',(1.,0.,-0.));
#1568 = PCURVE('',#100,#1569);
#1569 = DEFINITIONAL_REPRESENTATION('',(#1570),#1573);
#1570 = B_SPLINE_CURVE_WITH_KNOTS('',1,(#1571,#1572),.UNSPECIFIED.,.F.,
  .F.,(2,2),(-75.45114720864,75.451147208648),.PIECEWISE_BEZIER_KNOTS.);
#1571 = CARTESIAN_POINT('',(-75.45114720864,181.2600001));
#1572 = CARTESIAN_POINT('',(75.451147208648,181.2600001));
#1573 = ( GEOMETRIC_REPRESENTATION_CONTEXT(2) 
PARAMETRIC_REPRESENTATION_CONTEXT() REPRESENTATION_CONTEXT('2D SPACE',''
  ) );
#1574 = PCURVE('',#73,#1575);
#1575 = DEFINITIONAL_REPRESENTATION('',(#1576),#1579);
#1576 = B_SPLINE_CURVE_WITH_KNOTS('',1,(#1577,#1578),.UNSPECIFIED.,.F.,
  .F.,(2,2),(-75.45114720864,75.451147208648),.PIECEWISE_BEZIER_KNOTS.);
#1577 = CARTESIAN_POINT('',(-1.675352017308E-14,75.451147208648));
#1578 = CARTESIAN_POINT('',(1.675352017308E-14,-75.45114720864));
#1579 = ( GEOMETRIC_REPRESENTATION_CONTEXT(2) 
PARAMETRIC_REPRESENTATION_CONTEXT() REPRESENTATION_CONTEXT('2D SPACE',''
  ) );
#1580 = FACE_BOUND('',#1581,.T.);
#1581 = EDGE_LOOP('',(#1582));
#1582 = ORIENTED_EDGE('',*,*,#1583,.F.);
#1583 = EDGE_CURVE('',#1584,#1584,#1586,.T.);
#1584 = VERTEX_POINT('',#1585);
#1585 = CARTESIAN_POINT('',(-62.42614720864,0.,30.315000025));
#1586 = SURFACE_CURVE('',#1587,(#1592,#1599),.PCURVE_S1.);
#1587 = CIRCLE('',#1588,3.025);
#1588 = AXIS2_PLACEMENT_3D('',#1589,#1590,#1591);
#1589 = CARTESIAN_POINT('',(-65.45114720864,0.,30.315000025));
#1590 = DIRECTION('',(0.,-1.,2.22044604925E-16));
#1591 = DIRECTION('',(1.,0.,0.));
#1592 = PCURVE('',#100,#1593);
#1593 = DEFINITIONAL_REPRESENTATION('',(#1594),#1598);
#1594 = CIRCLE('',#1595,3.025);
#1595 = AXIS2_PLACEMENT_2D('',#1596,#1597);
#1596 = CARTESIAN_POINT('',(-65.45114720864,30.315000025));
#1597 = DIRECTION('',(1.,0.));
#1598 = ( GEOMETRIC_REPRESENTATION_CONTEXT(2) 
PARAMETRIC_REPRESENTATION_CONTEXT() REPRESENTATION_CONTEXT('2D SPACE',''
  ) );
#1599 = PCURVE('',#1600,#1605);
#1600 = CYLINDRICAL_SURFACE('',#1601,3.025);
#1601 = AXIS2_PLACEMENT_3D('',#1602,#1603,#1604);
#1602 = CARTESIAN_POINT('',(-65.45114720864,10.,30.315000025));
#1603 = DIRECTION('',(0.,-1.,2.22044604925E-16));
#1604 = DIRECTION('',(1.,0.,0.));
#1605 = DEFINITIONAL_REPRESENTATION('',(#1606),#1610);
#1606 = LINE('',#1607,#1608);
#1607 = CARTESIAN_POINT('',(0.,10.));
#1608 = VECTOR('',#1609,1.);
#1609 = DIRECTION('',(1.,0.));
#1610 = ( GEOMETRIC_REPRESENTATION_CONTEXT(2) 
PARAMETRIC_REPRESENTATION_CONTEXT() REPRESENTATION_CONTEXT('2D SPACE',''
  ) );
#1611 = FACE_BOUND('',#1612,.T.);
#1612 = EDGE_LOOP('',(#1613));
#1613 = ORIENTED_EDGE('',*,*,#1614,.F.);
#1614 = EDGE_CURVE('',#1615,#1615,#1617,.T.);
#1615 = VERTEX_POINT('',#1616);
#1616 = CARTESIAN_POINT('',(68.476147208648,0.,30.315000025));
#1617 = SURFACE_CURVE('',#1618,(#1623,#1630),.PCURVE_S1.);
#1618 = CIRCLE('',#1619,3.025);
#1619 = AXIS2_PLACEMENT_3D('',#1620,#1621,#1622);
#1620 = CARTESIAN_POINT('',(65.451147208648,0.,30.315000025));
#1621 = DIRECTION('',(0.,-1.,2.22044604925E-16));
#1622 = DIRECTION('',(1.,0.,0.));
#1623 = PCURVE('',#100,#1624);
#1624 = DEFINITIONAL_REPRESENTATION('',(#1625),#1629);
#1625 = CIRCLE('',#1626,3.025);
#1626 = AXIS2_PLACEMENT_2D('',#1627,#1628);
#1627 = CARTESIAN_POINT('',(65.451147208648,30.315000025));
#1628 = DIRECTION('',(1.,0.));
#1629 = ( GEOMETRIC_REPRESENTATION_CONTEXT(2) 
PARAMETRIC_REPRESENTATION_CONTEXT() REPRESENTATION_CONTEXT('2D SPACE',''
  ) );
#1630 = PCURVE('',#1631,#1636);
#1631 = CYLINDRICAL_SURFACE('',#1632,3.025);
#1632 = AXIS2_PLACEMENT_3D('',#1633,#1634,#1635);
#1633 = CARTESIAN_POINT('',(65.451147208648,10.,30.315000025));
#1634 = DIRECTION('',(0.,-1.,2.22044604925E-16));
#1635 = DIRECTION('',(1.,0.,0.));
#1636 = DEFINITIONAL_REPRESENTATION('',(#1637),#1641);
#1637 = LINE('',#1638,#1639);
#1638 = CARTESIAN_POINT('',(0.,10.));
#1639 = VECTOR('',#1640,1.);
#1640 = DIRECTION('',(1.,0.));
#1641 = ( GEOMETRIC_REPRESENTATION_CONTEXT(2) 
PARAMETRIC_REPRESENTATION_CONTEXT() REPRESENTATION_CONTEXT('2D SPACE',''
  ) );
#1642 = FACE_BOUND('',#1643,.T.);
#1643 = EDGE_LOOP('',(#1644));
#1644 = ORIENTED_EDGE('',*,*,#1645,.F.);
#1645 = EDGE_CURVE('',#1646,#1646,#1648,.T.);
#1646 = VERTEX_POINT('',#1647);
#1647 = CARTESIAN_POINT('',(-62.42614720864,0.,130.945000075));
#1648 = SURFACE_CURVE('',#1649,(#1654,#1661),.PCURVE_S1.);
#1649 = CIRCLE('',#1650,3.025);
#1650 = AXIS2_PLACEMENT_3D('',#1651,#1652,#1653);
#1651 = CARTESIAN_POINT('',(-65.45114720864,0.,130.945000075));
#1652 = DIRECTION('',(0.,-1.,2.22044604925E-16));
#1653 = DIRECTION('',(1.,0.,0.));
#1654 = PCURVE('',#100,#1655);
#1655 = DEFINITIONAL_REPRESENTATION('',(#1656),#1660);
#1656 = CIRCLE('',#1657,3.025);
#1657 = AXIS2_PLACEMENT_2D('',#1658,#1659);
#1658 = CARTESIAN_POINT('',(-65.45114720864,130.945000075));
#1659 = DIRECTION('',(1.,0.));
#1660 = ( GEOMETRIC_REPRESENTATION_CONTEXT(2) 
PARAMETRIC_REPRESENTATION_CONTEXT() REPRESENTATION_CONTEXT('2D SPACE',''
  ) );
#1661 = PCURVE('',#1662,#1667);
#1662 = CYLINDRICAL_SURFACE('',#1663,3.025);
#1663 = AXIS2_PLACEMENT_3D('',#1664,#1665,#1666);
#1664 = CARTESIAN_POINT('',(-65.45114720864,10.,130.945000075));
#1665 = DIRECTION('',(0.,-1.,2.22044604925E-16));
#1666 = DIRECTION('',(1.,0.,0.));
#1667 = DEFINITIONAL_REPRESENTATION('',(#1668),#1672);
#1668 = LINE('',#1669,#1670);
#1669 = CARTESIAN_POINT('',(0.,10.));
#1670 = VECTOR('',#1671,1.);
#1671 = DIRECTION('',(1.,0.));
#1672 = ( GEOMETRIC_REPRESENTATION_CONTEXT(2) 
PARAMETRIC_REPRESENTATION_CONTEXT() REPRESENTATION_CONTEXT('2D SPACE',''
  ) );
#1673 = FACE_BOUND('',#1674,.T.);
#1674 = EDGE_LOOP('',(#1675));
#1675 = ORIENTED_EDGE('',*,*,#1676,.F.);
#1676 = EDGE_CURVE('',#1677,#1677,#1679,.T.);
#1677 = VERTEX_POINT('',#1678);
#1678 = CARTESIAN_POINT('',(68.476147208648,0.,130.945000075));
#1679 = SURFACE_CURVE('',#1680,(#1685,#1692),.PCURVE_S1.);
#1680 = CIRCLE('',#1681,3.025);
#1681 = AXIS2_PLACEMENT_3D('',#1682,#1683,#1684);
#1682 = CARTESIAN_POINT('',(65.451147208648,0.,130.945000075));
#1683 = DIRECTION('',(0.,-1.,2.22044604925E-16));
#1684 = DIRECTION('',(1.,0.,0.));
#1685 = PCURVE('',#100,#1686);
#1686 = DEFINITIONAL_REPRESENTATION('',(#1687),#1691);
#1687 = CIRCLE('',#1688,3.025);
#1688 = AXIS2_PLACEMENT_2D('',#1689,#1690);
#1689 = CARTESIAN_POINT('',(65.451147208648,130.945000075));
#1690 = DIRECTION('',(1.,0.));
#1691 = ( GEOMETRIC_REPRESENTATION_CONTEXT(2) 
PARAMETRIC_REPRESENTATION_CONTEXT() REPRESENTATION_CONTEXT('2D SPACE',''
  ) );
#1692 = PCURVE('',#1693,#1698);
#1693 = CYLINDRICAL_SURFACE('',#1694,3.025);
#1694 = AXIS2_PLACEMENT_3D('',#1695,#1696,#1697);
#1695 = CARTESIAN_POINT('',(65.451147208648,10.,130.945000075));
#1696 = DIRECTION('',(0.,-1.,2.22044604925E-16));
#1697 = DIRECTION('',(1.,0.,0.));
#1698 = DEFINITIONAL_REPRESENTATION('',(#1699),#1703);
#1699 = LINE('',#1700,#1701);
#1700 = CARTESIAN_POINT('',(0.,10.));
#1701 = VECTOR('',#1702,1.);
#1702 = DIRECTION('',(1.,0.));
#1703 = ( GEOMETRIC_REPRESENTATION_CONTEXT(2) 
PARAMETRIC_REPRESENTATION_CONTEXT() REPRESENTATION_CONTEXT('2D SPACE',''
  ) );
#1704 = ADVANCED_FACE('',(#1705),#73,.T.);
#1705 = FACE_BOUND('',#1706,.T.);
#1706 = EDGE_LOOP('',(#1707,#1708,#1709,#1710,#1734,#1756));
#1707 = ORIENTED_EDGE('',*,*,#56,.T.);
#1708 = ORIENTED_EDGE('',*,*,#141,.T.);
#1709 = ORIENTED_EDGE('',*,*,#1562,.T.);
#1710 = ORIENTED_EDGE('',*,*,#1711,.F.);
#1711 = EDGE_CURVE('',#1712,#1537,#1714,.T.);
#1712 = VERTEX_POINT('',#1713);
#1713 = CARTESIAN_POINT('',(1.456445098673E-14,31.189,181.2600001));
#1714 = SURFACE_CURVE('',#1715,(#1720,#1727),.PCURVE_S1.);
#1715 = CIRCLE('',#1716,31.189);
#1716 = AXIS2_PLACEMENT_3D('',#1717,#1718,#1719);
#1717 = CARTESIAN_POINT('',(0.,0.,181.2600001));
#1718 = DIRECTION('',(0.,0.,1.));
#1719 = DIRECTION('',(2.22044604925E-16,1.,-0.));
#1720 = PCURVE('',#73,#1721);
#1721 = DEFINITIONAL_REPRESENTATION('',(#1722),#1726);
#1722 = CIRCLE('',#1723,31.189);
#1723 = AXIS2_PLACEMENT_2D('',#1724,#1725);
#1724 = CARTESIAN_POINT('',(0.,0.));
#1725 = DIRECTION('',(1.,0.));
#1726 = ( GEOMETRIC_REPRESENTATION_CONTEXT(2) 
PARAMETRIC_REPRESENTATION_CONTEXT() REPRESENTATION_CONTEXT('2D SPACE',''
  ) );
#1727 = PCURVE('',#1551,#1728);
#1728 = DEFINITIONAL_REPRESENTATION('',(#1729),#1733);
#1729 = LINE('',#1730,#1731);
#1730 = CARTESIAN_POINT('',(0.,5.));
#1731 = VECTOR('',#1732,1.);
#1732 = DIRECTION('',(1.,0.));
#1733 = ( GEOMETRIC_REPRESENTATION_CONTEXT(2) 
PARAMETRIC_REPRESENTATION_CONTEXT() REPRESENTATION_CONTEXT('2D SPACE',''
  ) );
#1734 = ORIENTED_EDGE('',*,*,#1735,.F.);
#1735 = EDGE_CURVE('',#302,#1712,#1736,.T.);
#1736 = SURFACE_CURVE('',#1737,(#1742,#1749),.PCURVE_S1.);
#1737 = CIRCLE('',#1738,31.189);
#1738 = AXIS2_PLACEMENT_3D('',#1739,#1740,#1741);
#1739 = CARTESIAN_POINT('',(0.,0.,181.2600001));
#1740 = DIRECTION('',(0.,0.,1.));
#1741 = DIRECTION('',(2.22044604925E-16,1.,-0.));
#1742 = PCURVE('',#73,#1743);
#1743 = DEFINITIONAL_REPRESENTATION('',(#1744),#1748);
#1744 = CIRCLE('',#1745,31.189);
#1745 = AXIS2_PLACEMENT_2D('',#1746,#1747);
#1746 = CARTESIAN_POINT('',(0.,0.));
#1747 = DIRECTION('',(1.,0.));
#1748 = ( GEOMETRIC_REPRESENTATION_CONTEXT(2) 
PARAMETRIC_REPRESENTATION_CONTEXT() REPRESENTATION_CONTEXT('2D SPACE',''
  ) );
#1749 = PCURVE('',#337,#1750);
#1750 = DEFINITIONAL_REPRESENTATION('',(#1751),#1755);
#1751 = LINE('',#1752,#1753);
#1752 = CARTESIAN_POINT('',(0.,5.));
#1753 = VECTOR('',#1754,1.);
#1754 = DIRECTION('',(1.,0.));
#1755 = ( GEOMETRIC_REPRESENTATION_CONTEXT(2) 
PARAMETRIC_REPRESENTATION_CONTEXT() REPRESENTATION_CONTEXT('2D SPACE',''
  ) );
#1756 = ORIENTED_EDGE('',*,*,#301,.T.);
#1757 = ADVANCED_FACE('',(#1758),#252,.F.);
#1758 = FACE_BOUND('',#1759,.F.);
#1759 = EDGE_LOOP('',(#1760,#1784,#1805,#1806));
#1760 = ORIENTED_EDGE('',*,*,#1761,.F.);
#1761 = EDGE_CURVE('',#1762,#1762,#1764,.T.);
#1762 = VERTEX_POINT('',#1763);
#1763 = CARTESIAN_POINT('',(14.201815436063,14.201815436063,0.));
#1764 = SURFACE_CURVE('',#1765,(#1770,#1777),.PCURVE_S1.);
#1765 = CIRCLE('',#1766,0.75);
#1766 = AXIS2_PLACEMENT_3D('',#1767,#1768,#1769);
#1767 = CARTESIAN_POINT('',(13.671485350173,13.671485350173,0.));
#1768 = DIRECTION('',(0.,0.,1.));
#1769 = DIRECTION('',(0.707106781187,0.707106781187,-0.));
#1770 = PCURVE('',#252,#1771);
#1771 = DEFINITIONAL_REPRESENTATION('',(#1772),#1776);
#1772 = LINE('',#1773,#1774);
#1773 = CARTESIAN_POINT('',(0.,21.));
#1774 = VECTOR('',#1775,1.);
#1775 = DIRECTION('',(1.,0.));
#1776 = ( GEOMETRIC_REPRESENTATION_CONTEXT(2) 
PARAMETRIC_REPRESENTATION_CONTEXT() REPRESENTATION_CONTEXT('2D SPACE',''
  ) );
#1777 = PCURVE('',#944,#1778);
#1778 = DEFINITIONAL_REPRESENTATION('',(#1779),#1783);
#1779 = CIRCLE('',#1780,0.75);
#1780 = AXIS2_PLACEMENT_2D('',#1781,#1782);
#1781 = CARTESIAN_POINT('',(13.671485350173,-13.67148535017));
#1782 = DIRECTION('',(0.707106781187,-0.707106781187));
#1783 = ( GEOMETRIC_REPRESENTATION_CONTEXT(2) 
PARAMETRIC_REPRESENTATION_CONTEXT() REPRESENTATION_CONTEXT('2D SPACE',''
  ) );
#1784 = ORIENTED_EDGE('',*,*,#1785,.F.);
#1785 = EDGE_CURVE('',#236,#1762,#1786,.T.);
#1786 = SEAM_CURVE('',#1787,(#1791,#1798),.PCURVE_S1.);
#1787 = LINE('',#1788,#1789);
#1788 = CARTESIAN_POINT('',(14.201815436063,14.201815436063,-21.));
#1789 = VECTOR('',#1790,1.);
#1790 = DIRECTION('',(0.,0.,1.));
#1791 = PCURVE('',#252,#1792);
#1792 = DEFINITIONAL_REPRESENTATION('',(#1793),#1797);
#1793 = LINE('',#1794,#1795);
#1794 = CARTESIAN_POINT('',(6.28318530718,-0.));
#1795 = VECTOR('',#1796,1.);
#1796 = DIRECTION('',(0.,1.));
#1797 = ( GEOMETRIC_REPRESENTATION_CONTEXT(2) 
PARAMETRIC_REPRESENTATION_CONTEXT() REPRESENTATION_CONTEXT('2D SPACE',''
  ) );
#1798 = PCURVE('',#252,#1799);
#1799 = DEFINITIONAL_REPRESENTATION('',(#1800),#1804);
#1800 = LINE('',#1801,#1802);
#1801 = CARTESIAN_POINT('',(0.,-0.));
#1802 = VECTOR('',#1803,1.);
#1803 = DIRECTION('',(0.,1.));
#1804 = ( GEOMETRIC_REPRESENTATION_CONTEXT(2) 
PARAMETRIC_REPRESENTATION_CONTEXT() REPRESENTATION_CONTEXT('2D SPACE',''
  ) );
#1805 = ORIENTED_EDGE('',*,*,#235,.T.);
#1806 = ORIENTED_EDGE('',*,*,#1785,.T.);
#1807 = ADVANCED_FACE('',(#1808),#283,.F.);
#1808 = FACE_BOUND('',#1809,.F.);
#1809 = EDGE_LOOP('',(#1810,#1834,#1855,#1856));
#1810 = ORIENTED_EDGE('',*,*,#1811,.F.);
#1811 = EDGE_CURVE('',#1812,#1812,#1814,.T.);
#1812 = VERTEX_POINT('',#1813);
#1813 = CARTESIAN_POINT('',(-14.20181543606,14.201815436063,0.));
#1814 = SURFACE_CURVE('',#1815,(#1820,#1827),.PCURVE_S1.);
#1815 = CIRCLE('',#1816,0.75);
#1816 = AXIS2_PLACEMENT_3D('',#1817,#1818,#1819);
#1817 = CARTESIAN_POINT('',(-13.67148535017,13.671485350173,0.));
#1818 = DIRECTION('',(0.,0.,1.));
#1819 = DIRECTION('',(-0.707106781187,0.707106781187,0.));
#1820 = PCURVE('',#283,#1821);
#1821 = DEFINITIONAL_REPRESENTATION('',(#1822),#1826);
#1822 = LINE('',#1823,#1824);
#1823 = CARTESIAN_POINT('',(0.,21.));
#1824 = VECTOR('',#1825,1.);
#1825 = DIRECTION('',(1.,0.));
#1826 = ( GEOMETRIC_REPRESENTATION_CONTEXT(2) 
PARAMETRIC_REPRESENTATION_CONTEXT() REPRESENTATION_CONTEXT('2D SPACE',''
  ) );
#1827 = PCURVE('',#944,#1828);
#1828 = DEFINITIONAL_REPRESENTATION('',(#1829),#1833);
#1829 = CIRCLE('',#1830,0.75);
#1830 = AXIS2_PLACEMENT_2D('',#1831,#1832);
#1831 = CARTESIAN_POINT('',(13.671485350173,13.671485350173));
#1832 = DIRECTION('',(0.707106781187,0.707106781187));
#1833 = ( GEOMETRIC_REPRESENTATION_CONTEXT(2) 
PARAMETRIC_REPRESENTATION_CONTEXT() REPRESENTATION_CONTEXT('2D SPACE',''
  ) );
#1834 = ORIENTED_EDGE('',*,*,#1835,.F.);
#1835 = EDGE_CURVE('',#267,#1812,#1836,.T.);
#1836 = SEAM_CURVE('',#1837,(#1841,#1848),.PCURVE_S1.);
#1837 = LINE('',#1838,#1839);
#1838 = CARTESIAN_POINT('',(-14.20181543606,14.201815436063,-21.));
#1839 = VECTOR('',#1840,1.);
#1840 = DIRECTION('',(0.,0.,1.));
#1841 = PCURVE('',#283,#1842);
#1842 = DEFINITIONAL_REPRESENTATION('',(#1843),#1847);
#1843 = LINE('',#1844,#1845);
#1844 = CARTESIAN_POINT('',(6.28318530718,-0.));
#1845 = VECTOR('',#1846,1.);
#1846 = DIRECTION('',(0.,1.));
#1847 = ( GEOMETRIC_REPRESENTATION_CONTEXT(2) 
PARAMETRIC_REPRESENTATION_CONTEXT() REPRESENTATION_CONTEXT('2D SPACE',''
  ) );
#1848 = PCURVE('',#283,#1849);
#1849 = DEFINITIONAL_REPRESENTATION('',(#1850),#1854);
#1850 = LINE('',#1851,#1852);
#1851 = CARTESIAN_POINT('',(0.,-0.));
#1852 = VECTOR('',#1853,1.);
#1853 = DIRECTION('',(0.,1.));
#1854 = ( GEOMETRIC_REPRESENTATION_CONTEXT(2) 
PARAMETRIC_REPRESENTATION_CONTEXT() REPRESENTATION_CONTEXT('2D SPACE',''
  ) );
#1855 = ORIENTED_EDGE('',*,*,#266,.T.);
#1856 = ORIENTED_EDGE('',*,*,#1835,.T.);
#1857 = ADVANCED_FACE('',(#1858),#1551,.F.);
#1858 = FACE_BOUND('',#1859,.F.);
#1859 = EDGE_LOOP('',(#1860,#1861,#1884,#2070));
#1860 = ORIENTED_EDGE('',*,*,#1711,.F.);
#1861 = ORIENTED_EDGE('',*,*,#1862,.F.);
#1862 = EDGE_CURVE('',#1863,#1712,#1865,.T.);
#1863 = VERTEX_POINT('',#1864);
#1864 = CARTESIAN_POINT('',(9.287124231572E-15,26.957544078649,
    177.02854417864));
#1865 = SURFACE_CURVE('',#1866,(#1870,#1877),.PCURVE_S1.);
#1866 = LINE('',#1867,#1868);
#1867 = CARTESIAN_POINT('',(1.222958116296E-14,26.189,176.2600001));
#1868 = VECTOR('',#1869,1.);
#1869 = DIRECTION('',(3.302004571155E-16,0.707106781187,0.707106781187)
  );
#1870 = PCURVE('',#1551,#1871);
#1871 = DEFINITIONAL_REPRESENTATION('',(#1872),#1876);
#1872 = LINE('',#1873,#1874);
#1873 = CARTESIAN_POINT('',(0.,-0.));
#1874 = VECTOR('',#1875,1.);
#1875 = DIRECTION('',(0.,1.));
#1876 = ( GEOMETRIC_REPRESENTATION_CONTEXT(2) 
PARAMETRIC_REPRESENTATION_CONTEXT() REPRESENTATION_CONTEXT('2D SPACE',''
  ) );
#1877 = PCURVE('',#337,#1878);
#1878 = DEFINITIONAL_REPRESENTATION('',(#1879),#1883);
#1879 = LINE('',#1880,#1881);
#1880 = CARTESIAN_POINT('',(6.28318530718,-0.));
#1881 = VECTOR('',#1882,1.);
#1882 = DIRECTION('',(0.,1.));
#1883 = ( GEOMETRIC_REPRESENTATION_CONTEXT(2) 
PARAMETRIC_REPRESENTATION_CONTEXT() REPRESENTATION_CONTEXT('2D SPACE',''
  ) );
#1884 = ORIENTED_EDGE('',*,*,#1885,.F.);
#1885 = EDGE_CURVE('',#956,#1863,#1886,.T.);
#1886 = SURFACE_CURVE('',#1887,(#1946,#2008),.PCURVE_S1.);
#1887 = B_SPLINE_CURVE_WITH_KNOTS('',8,(#1888,#1889,#1890,#1891,#1892,
    #1893,#1894,#1895,#1896,#1897,#1898,#1899,#1900,#1901,#1902,#1903,
    #1904,#1905,#1906,#1907,#1908,#1909,#1910,#1911,#1912,#1913,#1914,
    #1915,#1916,#1917,#1918,#1919,#1920,#1921,#1922,#1923,#1924,#1925,
    #1926,#1927,#1928,#1929,#1930,#1931,#1932,#1933,#1934,#1935,#1936,
    #1937,#1938,#1939,#1940,#1941,#1942,#1943,#1944,#1945),
  .UNSPECIFIED.,.T.,.F.,(9,7,7,7,7,7,7,7,9),(0.,0.125999042617,
    0.251998085281,0.375999024108,0.500999033386,0.624999972214,
    0.749999981491,0.87499999077,1.),.UNSPECIFIED.);
#1888 = CARTESIAN_POINT('',(1.06581410364E-14,26.957544078649,
    177.02854417864));
#1889 = CARTESIAN_POINT('',(2.667053662482,26.957544076885,
    177.02854417772));
#1890 = CARTESIAN_POINT('',(5.33589637336,26.655982687185,
    177.02854418162));
#1891 = CARTESIAN_POINT('',(7.963953322874,26.052156118161,
    177.02854417388));
#1892 = CARTESIAN_POINT('',(10.511580163511,25.15340022143,
    177.02854418309));
#1893 = CARTESIAN_POINT('',(12.941166994954,23.972183629839,
    177.02854417626));
#1894 = CARTESIAN_POINT('',(15.217415261306,22.52650606899,
    177.02854417924));
#1895 = CARTESIAN_POINT('',(17.307249208343,20.839421364742,
    177.02854417864));
#1896 = CARTESIAN_POINT('',(21.055259556165,17.044013699972,
    177.02854417864));
#1897 = CARTESIAN_POINT('',(22.715950115781,14.933144785405,
    177.02854417864));
#1898 = CARTESIAN_POINT('',(24.132910113586,12.638909797048,
    177.02854417864));
#1899 = CARTESIAN_POINT('',(25.283503140124,10.194671586235,
    177.02854417864));
#1900 = CARTESIAN_POINT('',(26.150174514198,7.63595208771,
    177.02854417864));
#1901 = CARTESIAN_POINT('',(26.720929123879,5.000514933566,
    177.02854417864));
#1902 = CARTESIAN_POINT('',(26.988929926967,2.32809350749,
    177.02854417864));
#1903 = CARTESIAN_POINT('',(26.922432794363,-2.963301624787,
    177.02854417864));
#1904 = CARTESIAN_POINT('',(26.59737945185,-5.585835605535,
    177.02854417864));
#1905 = CARTESIAN_POINT('',(25.980124609718,-8.16585422072,
    177.02854417864));
#1906 = CARTESIAN_POINT('',(25.077991332607,-10.66564415572,
    177.02854417864));
#1907 = CARTESIAN_POINT('',(23.903137812079,-13.04944644907,
    177.02854417864));
#1908 = CARTESIAN_POINT('',(22.472887980938,-15.28369912403,
    177.02854417864));
#1909 = CARTESIAN_POINT('',(20.809327412137,-17.33696734555,
    177.02854417864));
#1910 = CARTESIAN_POINT('',(17.059060397513,-21.04040076283,
    177.02854417864));
#1911 = CARTESIAN_POINT('',(14.966634462975,-22.68957286389,
    177.02854417864));
#1912 = CARTESIAN_POINT('',(12.693514193876,-24.09911601986,
    177.02854417864));
#1913 = CARTESIAN_POINT('',(10.272228552027,-25.24687023265,
    177.02854417864));
#1914 = CARTESIAN_POINT('',(7.737419524157,-26.11560902288,
    177.02854417864));
#1915 = CARTESIAN_POINT('',(5.125915505257,-26.6934796182,
    177.02854417864));
#1916 = CARTESIAN_POINT('',(2.47647650972,-26.97363657358,
    177.02854417864));
#1917 = CARTESIAN_POINT('',(-2.794085610593,-26.94052021931,
    177.02854417864));
#1918 = CARTESIAN_POINT('',(-5.41861018174,-26.63195105161,
    177.02854417864));
#1919 = CARTESIAN_POINT('',(-8.00245617054,-26.030919022,177.02854417864
    ));
#1920 = CARTESIAN_POINT('',(-10.50786499518,-25.14451009218,
    177.02854417864));
#1921 = CARTESIAN_POINT('',(-12.89900200802,-23.98465753536,
    177.02854417864));
#1922 = CARTESIAN_POINT('',(-15.14219704641,-22.56847406726,
    177.02854417864));
#1923 = CARTESIAN_POINT('',(-17.2058771287,-20.91784731559,
    177.02854417864));
#1924 = CARTESIAN_POINT('',(-20.93280091094,-17.19092353335,
    177.02854417864));
#1925 = CARTESIAN_POINT('',(-22.59508747213,-15.10890088725,
    177.02854417864));
#1926 = CARTESIAN_POINT('',(-24.01888514685,-12.84468185015,
    177.02854417864));
#1927 = CARTESIAN_POINT('',(-25.1818299902,-10.4306555074,
    177.02854417864));
#1928 = CARTESIAN_POINT('',(-26.06647820233,-7.901354925348,
    177.02854417864));
#1929 = CARTESIAN_POINT('',(-26.66074584669,-5.293533299458,
    177.02854417864));
#1930 = CARTESIAN_POINT('',(-26.95754407864,-2.645906868061,
    177.02854417864));
#1931 = CARTESIAN_POINT('',(-26.95754407865,2.645906868061,
    177.02854417864));
#1932 = CARTESIAN_POINT('',(-26.66074584669,5.293533299422,
    177.02854417864));
#1933 = CARTESIAN_POINT('',(-26.06647820232,7.901354925407,
    177.02854417864));
#1934 = CARTESIAN_POINT('',(-25.18182999023,10.43065550731,
    177.02854417864));
#1935 = CARTESIAN_POINT('',(-24.01888514682,12.844681850211,
    177.02854417864));
#1936 = CARTESIAN_POINT('',(-22.59508747215,15.108900887219,
    177.02854417864));
#1937 = CARTESIAN_POINT('',(-20.93280091094,17.19092353335,
    177.02854417864));
#1938 = CARTESIAN_POINT('',(-17.19092353406,20.932800910229,
    177.02854417864));
#1939 = CARTESIAN_POINT('',(-15.10890088628,22.595087474256,
    177.02854417924));
#1940 = CARTESIAN_POINT('',(-12.84468185237,24.018885140797,
    177.02854417628));
#1941 = CARTESIAN_POINT('',(-10.43065550412,25.181830000368,
    177.02854418306));
#1942 = CARTESIAN_POINT('',(-7.901354927361,26.066478192677,
    177.02854417392));
#1943 = CARTESIAN_POINT('',(-5.293533297784,26.660745852285,
    177.0285441816));
#1944 = CARTESIAN_POINT('',(-2.645906869646,26.957544076899,
    177.02854417773));
#1945 = CARTESIAN_POINT('',(7.105427357601E-15,26.957544078649,
    177.02854417864));
#1946 = PCURVE('',#1551,#1947);
#1947 = DEFINITIONAL_REPRESENTATION('',(#1948),#2007);
#1948 = B_SPLINE_CURVE_WITH_KNOTS('',8,(#1949,#1950,#1951,#1952,#1953,
    #1954,#1955,#1956,#1957,#1958,#1959,#1960,#1961,#1962,#1963,#1964,
    #1965,#1966,#1967,#1968,#1969,#1970,#1971,#1972,#1973,#1974,#1975,
    #1976,#1977,#1978,#1979,#1980,#1981,#1982,#1983,#1984,#1985,#1986,
    #1987,#1988,#1989,#1990,#1991,#1992,#1993,#1994,#1995,#1996,#1997,
    #1998,#1999,#2000,#2001,#2002,#2003,#2004,#2005,#2006),
  .UNSPECIFIED.,.F.,.F.,(9,7,7,7,7,7,7,7,9),(0.,0.125999042617,
    0.251998085281,0.375999024108,0.500999033386,0.624999972214,
    0.749999981491,0.87499999077,1.),.UNSPECIFIED.);
#1949 = CARTESIAN_POINT('',(6.28318530718,0.768544078649));
#1950 = CARTESIAN_POINT('',(6.184249971872,0.768544077241));
#1951 = CARTESIAN_POINT('',(6.085248357826,0.768544083178));
#1952 = CARTESIAN_POINT('',(5.986283445127,0.768544071404));
#1953 = CARTESIAN_POINT('',(5.887344632974,0.768544085412));
#1954 = CARTESIAN_POINT('',(5.788405820334,0.768544075027));
#1955 = CARTESIAN_POINT('',(5.689440907945,0.768544079555));
#1956 = CARTESIAN_POINT('',(5.590439293685,0.768544078649));
#1957 = CARTESIAN_POINT('',(5.392568623227,0.768544078649));
#1958 = CARTESIAN_POINT('',(5.293567009055,0.768544078649));
#1959 = CARTESIAN_POINT('',(5.194602096513,0.768544078649));
#1960 = CARTESIAN_POINT('',(5.09566328412,0.768544078649));
#1961 = CARTESIAN_POINT('',(4.996724471737,0.768544078649));
#1962 = CARTESIAN_POINT('',(4.897759559188,0.768544078649));
#1963 = CARTESIAN_POINT('',(4.798757945018,0.768544078649));
#1964 = CARTESIAN_POINT('',(4.602456199721,0.768544078649));
#1965 = CARTESIAN_POINT('',(4.505028573893,0.768544078649));
#1966 = CARTESIAN_POINT('',(4.407634652577,0.768544078649));
#1967 = CARTESIAN_POINT('',(4.310265120724,0.768544078649));
#1968 = CARTESIAN_POINT('',(4.212895588875,0.768544078649));
#1969 = CARTESIAN_POINT('',(4.115501667558,0.768544078649));
#1970 = CARTESIAN_POINT('',(4.01807404173,0.768544078649));
#1971 = CARTESIAN_POINT('',(3.82255674448,0.768544078649));
#1972 = CARTESIAN_POINT('',(3.724342150297,0.768544078649));
#1973 = CARTESIAN_POINT('',(3.6261627326,0.768544078649));
#1974 = CARTESIAN_POINT('',(3.528008549986,0.768544078649));
#1975 = CARTESIAN_POINT('',(3.429854367357,0.768544078649));
#1976 = CARTESIAN_POINT('',(3.331674949669,0.768544078649));
#1977 = CARTESIAN_POINT('',(3.233460355483,0.768544078649));
#1978 = CARTESIAN_POINT('',(3.037943058233,0.768544078649));
#1979 = CARTESIAN_POINT('',(2.940515432404,0.768544078649));
#1980 = CARTESIAN_POINT('',(2.843121511091,0.768544078649));
#1981 = CARTESIAN_POINT('',(2.745751979234,0.768544078649));
#1982 = CARTESIAN_POINT('',(2.64838244739,0.768544078649));
#1983 = CARTESIAN_POINT('',(2.550988526068,0.768544078649));
#1984 = CARTESIAN_POINT('',(2.453560900243,0.768544078649));
#1985 = CARTESIAN_POINT('',(2.258043602992,0.768544078649));
#1986 = CARTESIAN_POINT('',(2.159829008809,0.768544078649));
#1987 = CARTESIAN_POINT('',(2.061649591114,0.768544078649));
#1988 = CARTESIAN_POINT('',(1.963495408495,0.768544078649));
#1989 = CARTESIAN_POINT('',(1.865341225871,0.768544078649));
#1990 = CARTESIAN_POINT('',(1.76716180818,0.768544078649));
#1991 = CARTESIAN_POINT('',(1.668947213995,0.768544078649));
#1992 = CARTESIAN_POINT('',(1.472645439595,0.768544078649));
#1993 = CARTESIAN_POINT('',(1.374430845411,0.768544078649));
#1994 = CARTESIAN_POINT('',(1.276251427717,0.768544078649));
#1995 = CARTESIAN_POINT('',(1.178097245098,0.768544078649));
#1996 = CARTESIAN_POINT('',(1.079943062474,0.768544078649));
#1997 = CARTESIAN_POINT('',(0.981763644783,0.768544078649));
#1998 = CARTESIAN_POINT('',(0.883549050598,0.768544078649));
#1999 = CARTESIAN_POINT('',(0.687247276235,0.768544078649));
#2000 = CARTESIAN_POINT('',(0.58903268196,0.768544079548));
#2001 = CARTESIAN_POINT('',(0.490853264426,0.768544075055));
#2002 = CARTESIAN_POINT('',(0.392699081551,0.768544085358));
#2003 = CARTESIAN_POINT('',(0.294544899166,0.768544071462));
#2004 = CARTESIAN_POINT('',(0.19636548132,0.768544083142));
#2005 = CARTESIAN_POINT('',(9.815088725913E-02,0.768544077252));
#2006 = CARTESIAN_POINT('',(0.,0.768544078649));
#2007 = ( GEOMETRIC_REPRESENTATION_CONTEXT(2) 
PARAMETRIC_REPRESENTATION_CONTEXT() REPRESENTATION_CONTEXT('2D SPACE',''
  ) );
#2008 = PCURVE('',#1333,#2009);
#2009 = DEFINITIONAL_REPRESENTATION('',(#2010),#2069);
#2010 = B_SPLINE_CURVE_WITH_KNOTS('',8,(#2011,#2012,#2013,#2014,#2015,
    #2016,#2017,#2018,#2019,#2020,#2021,#2022,#2023,#2024,#2025,#2026,
    #2027,#2028,#2029,#2030,#2031,#2032,#2033,#2034,#2035,#2036,#2037,
    #2038,#2039,#2040,#2041,#2042,#2043,#2044,#2045,#2046,#2047,#2048,
    #2049,#2050,#2051,#2052,#2053,#2054,#2055,#2056,#2057,#2058,#2059,
    #2060,#2061,#2062,#2063,#2064,#2065,#2066,#2067,#2068),
  .UNSPECIFIED.,.F.,.F.,(9,7,7,7,7,7,7,7,9),(0.,0.125999042617,
    0.251998085281,0.375999024108,0.500999033386,0.624999972214,
    0.749999981491,0.87499999077,1.),.UNSPECIFIED.);
#2011 = CARTESIAN_POINT('',(6.283185306551,189.23772008501));
#2012 = CARTESIAN_POINT('',(6.184249971244,189.23772008409));
#2013 = CARTESIAN_POINT('',(6.085248362372,189.23772008798));
#2014 = CARTESIAN_POINT('',(5.986283436505,189.23772008026));
#2015 = CARTESIAN_POINT('',(5.887344641652,189.23772008944));
#2016 = CARTESIAN_POINT('',(5.788405815482,189.23772008264));
#2017 = CARTESIAN_POINT('',(5.689440909192,189.23772008561));
#2018 = CARTESIAN_POINT('',(5.590439293685,189.23772008501));
#2019 = CARTESIAN_POINT('',(5.392568623227,189.23772008501));
#2020 = CARTESIAN_POINT('',(5.293567009056,189.23772008501));
#2021 = CARTESIAN_POINT('',(5.194602096512,189.23772008501));
#2022 = CARTESIAN_POINT('',(5.095663284121,189.23772008501));
#2023 = CARTESIAN_POINT('',(4.996724471736,189.23772008501));
#2024 = CARTESIAN_POINT('',(4.897759559189,189.23772008501));
#2025 = CARTESIAN_POINT('',(4.798757945018,189.23772008501));
#2026 = CARTESIAN_POINT('',(4.602456199721,189.23772008501));
#2027 = CARTESIAN_POINT('',(4.505028573893,189.23772008501));
#2028 = CARTESIAN_POINT('',(4.407634652576,189.23772008501));
#2029 = CARTESIAN_POINT('',(4.310265120726,189.23772008501));
#2030 = CARTESIAN_POINT('',(4.212895588873,189.23772008501));
#2031 = CARTESIAN_POINT('',(4.115501667558,189.23772008501));
#2032 = CARTESIAN_POINT('',(4.01807404173,189.23772008501));
#2033 = CARTESIAN_POINT('',(3.82255674448,189.23772008501));
#2034 = CARTESIAN_POINT('',(3.724342150297,189.23772008501));
#2035 = CARTESIAN_POINT('',(3.626162732599,189.23772008501));
#2036 = CARTESIAN_POINT('',(3.528008549987,189.23772008501));
#2037 = CARTESIAN_POINT('',(3.429854367356,189.23772008501));
#2038 = CARTESIAN_POINT('',(3.331674949669,189.23772008501));
#2039 = CARTESIAN_POINT('',(3.233460355483,189.23772008501));
#2040 = CARTESIAN_POINT('',(3.037943058233,189.23772008501));
#2041 = CARTESIAN_POINT('',(2.940515432404,189.23772008501));
#2042 = CARTESIAN_POINT('',(2.843121511093,189.23772008501));
#2043 = CARTESIAN_POINT('',(2.745751979232,189.23772008501));
#2044 = CARTESIAN_POINT('',(2.648382447391,189.23772008501));
#2045 = CARTESIAN_POINT('',(2.550988526068,189.23772008501));
#2046 = CARTESIAN_POINT('',(2.453560900243,189.23772008501));
#2047 = CARTESIAN_POINT('',(2.258043602992,189.23772008501));
#2048 = CARTESIAN_POINT('',(2.159829008809,189.23772008501));
#2049 = CARTESIAN_POINT('',(2.061649591112,189.23772008501));
#2050 = CARTESIAN_POINT('',(1.963495408498,189.23772008501));
#2051 = CARTESIAN_POINT('',(1.865341225869,189.23772008501));
#2052 = CARTESIAN_POINT('',(1.767161808181,189.23772008501));
#2053 = CARTESIAN_POINT('',(1.668947213995,189.23772008501));
#2054 = CARTESIAN_POINT('',(1.472645439595,189.23772008501));
#2055 = CARTESIAN_POINT('',(1.374430845411,189.23772008501));
#2056 = CARTESIAN_POINT('',(1.276251427717,189.23772008501));
#2057 = CARTESIAN_POINT('',(1.178097245098,189.23772008501));
#2058 = CARTESIAN_POINT('',(1.079943062474,189.23772008501));
#2059 = CARTESIAN_POINT('',(0.981763644783,189.23772008501));
#2060 = CARTESIAN_POINT('',(0.883549050598,189.23772008501));
#2061 = CARTESIAN_POINT('',(0.687247276235,189.23772008501));
#2062 = CARTESIAN_POINT('',(0.589032680715,189.2377200856));
#2063 = CARTESIAN_POINT('',(0.490853269273,189.23772008266));
#2064 = CARTESIAN_POINT('',(0.392699072881,189.23772008941));
#2065 = CARTESIAN_POINT('',(0.294544907782,189.2377200803));
#2066 = CARTESIAN_POINT('',(0.196365476776,189.23772008796));
#2067 = CARTESIAN_POINT('',(9.815088788744E-02,189.2377200841));
#2068 = CARTESIAN_POINT('',(6.283183148482E-10,189.23772008501));
#2069 = ( GEOMETRIC_REPRESENTATION_CONTEXT(2) 
PARAMETRIC_REPRESENTATION_CONTEXT() REPRESENTATION_CONTEXT('2D SPACE',''
  ) );
#2070 = ORIENTED_EDGE('',*,*,#1536,.T.);
#2071 = ADVANCED_FACE('',(#2072),#1333,.F.);
#2072 = FACE_BOUND('',#2073,.F.);
#2073 = EDGE_LOOP('',(#2074,#2104,#2126,#2127));
#2074 = ORIENTED_EDGE('',*,*,#2075,.F.);
#2075 = EDGE_CURVE('',#2076,#1863,#2078,.T.);
#2076 = VERTEX_POINT('',#2077);
#2077 = CARTESIAN_POINT('',(7.155165349104E-15,32.224,0.));
#2078 = SURFACE_CURVE('',#2079,(#2090,#2097),.PCURVE_S1.);
#2079 = B_SPLINE_CURVE_WITH_KNOTS('',3,(#2080,#2081,#2082,#2083,#2084,
    #2085,#2086,#2087,#2088,#2089),.UNSPECIFIED.,.F.,.F.,(4,1,1,1,1,1,1,
    4),(0.,9.500018999981,36.614323803903,77.207791566586,
    117.80125932927,156.98378331637,178.32173075749,193.46026021051),
  .UNSPECIFIED.);
#2080 = CARTESIAN_POINT('',(7.155165349104E-15,32.224,0.));
#2081 = CARTESIAN_POINT('',(7.858308004315E-15,35.390672999994,0.));
#2082 = CARTESIAN_POINT('',(1.017035058018E-14,45.803187083104,
    9.365790714046));
#2083 = CARTESIAN_POINT('',(1.147097054093E-14,51.660658653721,
    34.592666559567));
#2084 = CARTESIAN_POINT('',(1.265744999988E-14,57.004087102912,
    70.193615055789));
#2085 = CARTESIAN_POINT('',(1.184407544641E-14,53.340973766988,
    111.51935315068));
#2086 = CARTESIAN_POINT('',(7.956437511626E-15,35.832609012555,
    140.19467751613));
#2087 = CARTESIAN_POINT('',(5.370844281611E-15,24.18813230533,
    163.91693589227));
#2088 = CARTESIAN_POINT('',(6.037170763307E-15,27.189,176.21382351565));
#2089 = CARTESIAN_POINT('',(6.037170763307E-15,27.189,181.26));
#2090 = PCURVE('',#1333,#2091);
#2091 = DEFINITIONAL_REPRESENTATION('',(#2092),#2096);
#2092 = LINE('',#2093,#2094);
#2093 = CARTESIAN_POINT('',(0.,0.));
#2094 = VECTOR('',#2095,1.);
#2095 = DIRECTION('',(0.,1.));
#2096 = ( GEOMETRIC_REPRESENTATION_CONTEXT(2) 
PARAMETRIC_REPRESENTATION_CONTEXT() REPRESENTATION_CONTEXT('2D SPACE',''
  ) );
#2097 = PCURVE('',#726,#2098);
#2098 = DEFINITIONAL_REPRESENTATION('',(#2099),#2103);
#2099 = LINE('',#2100,#2101);
#2100 = CARTESIAN_POINT('',(6.28318530718,0.));
#2101 = VECTOR('',#2102,1.);
#2102 = DIRECTION('',(0.,1.));
#2103 = ( GEOMETRIC_REPRESENTATION_CONTEXT(2) 
PARAMETRIC_REPRESENTATION_CONTEXT() REPRESENTATION_CONTEXT('2D SPACE',''
  ) );
#2104 = ORIENTED_EDGE('',*,*,#2105,.T.);
#2105 = EDGE_CURVE('',#2076,#930,#2106,.T.);
#2106 = SURFACE_CURVE('',#2107,(#2112,#2119),.PCURVE_S1.);
#2107 = CIRCLE('',#2108,32.224);
#2108 = AXIS2_PLACEMENT_3D('',#2109,#2110,#2111);
#2109 = CARTESIAN_POINT('',(0.,0.,0.));
#2110 = DIRECTION('',(0.,-0.,1.));
#2111 = DIRECTION('',(2.22044604925E-16,1.,0.));
#2112 = PCURVE('',#1333,#2113);
#2113 = DEFINITIONAL_REPRESENTATION('',(#2114),#2118);
#2114 = LINE('',#2115,#2116);
#2115 = CARTESIAN_POINT('',(0.,0.));
#2116 = VECTOR('',#2117,1.);
#2117 = DIRECTION('',(1.,0.));
#2118 = ( GEOMETRIC_REPRESENTATION_CONTEXT(2) 
PARAMETRIC_REPRESENTATION_CONTEXT() REPRESENTATION_CONTEXT('2D SPACE',''
  ) );
#2119 = PCURVE('',#944,#2120);
#2120 = DEFINITIONAL_REPRESENTATION('',(#2121),#2125);
#2121 = CIRCLE('',#2122,32.224);
#2122 = AXIS2_PLACEMENT_2D('',#2123,#2124);
#2123 = CARTESIAN_POINT('',(0.,0.));
#2124 = DIRECTION('',(1.,-0.));
#2125 = ( GEOMETRIC_REPRESENTATION_CONTEXT(2) 
PARAMETRIC_REPRESENTATION_CONTEXT() REPRESENTATION_CONTEXT('2D SPACE',''
  ) );
#2126 = ORIENTED_EDGE('',*,*,#955,.T.);
#2127 = ORIENTED_EDGE('',*,*,#1885,.T.);
#2128 = ADVANCED_FACE('',(#2129,#2155,#2158),#944,.T.);
#2129 = FACE_BOUND('',#2130,.F.);
#2130 = EDGE_LOOP('',(#2131,#2132,#2154));
#2131 = ORIENTED_EDGE('',*,*,#2105,.F.);
#2132 = ORIENTED_EDGE('',*,*,#2133,.F.);
#2133 = EDGE_CURVE('',#349,#2076,#2134,.T.);
#2134 = SURFACE_CURVE('',#2135,(#2140,#2147),.PCURVE_S1.);
#2135 = CIRCLE('',#2136,32.224);
#2136 = AXIS2_PLACEMENT_3D('',#2137,#2138,#2139);
#2137 = CARTESIAN_POINT('',(0.,0.,0.));
#2138 = DIRECTION('',(0.,-0.,1.));
#2139 = DIRECTION('',(2.22044604925E-16,1.,0.));
#2140 = PCURVE('',#944,#2141);
#2141 = DEFINITIONAL_REPRESENTATION('',(#2142),#2146);
#2142 = CIRCLE('',#2143,32.224);
#2143 = AXIS2_PLACEMENT_2D('',#2144,#2145);
#2144 = CARTESIAN_POINT('',(0.,0.));
#2145 = DIRECTION('',(1.,-0.));
#2146 = ( GEOMETRIC_REPRESENTATION_CONTEXT(2) 
PARAMETRIC_REPRESENTATION_CONTEXT() REPRESENTATION_CONTEXT('2D SPACE',''
  ) );
#2147 = PCURVE('',#726,#2148);
#2148 = DEFINITIONAL_REPRESENTATION('',(#2149),#2153);
#2149 = LINE('',#2150,#2151);
#2150 = CARTESIAN_POINT('',(0.,0.));
#2151 = VECTOR('',#2152,1.);
#2152 = DIRECTION('',(1.,0.));
#2153 = ( GEOMETRIC_REPRESENTATION_CONTEXT(2) 
PARAMETRIC_REPRESENTATION_CONTEXT() REPRESENTATION_CONTEXT('2D SPACE',''
  ) );
#2154 = ORIENTED_EDGE('',*,*,#929,.T.);
#2155 = FACE_BOUND('',#2156,.F.);
#2156 = EDGE_LOOP('',(#2157));
#2157 = ORIENTED_EDGE('',*,*,#1761,.T.);
#2158 = FACE_BOUND('',#2159,.F.);
#2159 = EDGE_LOOP('',(#2160));
#2160 = ORIENTED_EDGE('',*,*,#1811,.T.);
#2161 = ADVANCED_FACE('',(#2162),#726,.F.);
#2162 = FACE_BOUND('',#2163,.F.);
#2163 = EDGE_LOOP('',(#2164,#2165,#2166,#2352));
#2164 = ORIENTED_EDGE('',*,*,#2133,.T.);
#2165 = ORIENTED_EDGE('',*,*,#2075,.T.);
#2166 = ORIENTED_EDGE('',*,*,#2167,.T.);
#2167 = EDGE_CURVE('',#1863,#323,#2168,.T.);
#2168 = SURFACE_CURVE('',#2169,(#2228,#2290),.PCURVE_S1.);
#2169 = B_SPLINE_CURVE_WITH_KNOTS('',8,(#2170,#2171,#2172,#2173,#2174,
    #2175,#2176,#2177,#2178,#2179,#2180,#2181,#2182,#2183,#2184,#2185,
    #2186,#2187,#2188,#2189,#2190,#2191,#2192,#2193,#2194,#2195,#2196,
    #2197,#2198,#2199,#2200,#2201,#2202,#2203,#2204,#2205,#2206,#2207,
    #2208,#2209,#2210,#2211,#2212,#2213,#2214,#2215,#2216,#2217,#2218,
    #2219,#2220,#2221,#2222,#2223,#2224,#2225,#2226,#2227),
  .UNSPECIFIED.,.T.,.F.,(9,7,7,7,7,7,7,7,9),(0.,0.125999042617,
    0.251998085281,0.375999024108,0.500999033386,0.624999972214,
    0.749999981491,0.87499999077,1.),.UNSPECIFIED.);
#2170 = CARTESIAN_POINT('',(1.06581410364E-14,26.957544078649,
    177.02854417864));
#2171 = CARTESIAN_POINT('',(2.667053662482,26.957544076885,
    177.02854417772));
#2172 = CARTESIAN_POINT('',(5.33589637336,26.655982687185,
    177.02854418162));
#2173 = CARTESIAN_POINT('',(7.963953322874,26.052156118161,
    177.02854417388));
#2174 = CARTESIAN_POINT('',(10.511580163511,25.15340022143,
    177.02854418309));
#2175 = CARTESIAN_POINT('',(12.941166994954,23.972183629839,
    177.02854417626));
#2176 = CARTESIAN_POINT('',(15.217415261306,22.52650606899,
    177.02854417924));
#2177 = CARTESIAN_POINT('',(17.307249208343,20.839421364742,
    177.02854417864));
#2178 = CARTESIAN_POINT('',(21.055259556165,17.044013699972,
    177.02854417864));
#2179 = CARTESIAN_POINT('',(22.715950115781,14.933144785405,
    177.02854417864));
#2180 = CARTESIAN_POINT('',(24.132910113586,12.638909797048,
    177.02854417864));
#2181 = CARTESIAN_POINT('',(25.283503140124,10.194671586235,
    177.02854417864));
#2182 = CARTESIAN_POINT('',(26.150174514198,7.63595208771,
    177.02854417864));
#2183 = CARTESIAN_POINT('',(26.720929123879,5.000514933566,
    177.02854417864));
#2184 = CARTESIAN_POINT('',(26.988929926967,2.32809350749,
    177.02854417864));
#2185 = CARTESIAN_POINT('',(26.922432794363,-2.963301624787,
    177.02854417864));
#2186 = CARTESIAN_POINT('',(26.59737945185,-5.585835605535,
    177.02854417864));
#2187 = CARTESIAN_POINT('',(25.980124609718,-8.16585422072,
    177.02854417864));
#2188 = CARTESIAN_POINT('',(25.077991332607,-10.66564415572,
    177.02854417864));
#2189 = CARTESIAN_POINT('',(23.903137812079,-13.04944644907,
    177.02854417864));
#2190 = CARTESIAN_POINT('',(22.472887980938,-15.28369912403,
    177.02854417864));
#2191 = CARTESIAN_POINT('',(20.809327412137,-17.33696734555,
    177.02854417864));
#2192 = CARTESIAN_POINT('',(17.059060397513,-21.04040076283,
    177.02854417864));
#2193 = CARTESIAN_POINT('',(14.966634462975,-22.68957286389,
    177.02854417864));
#2194 = CARTESIAN_POINT('',(12.693514193876,-24.09911601986,
    177.02854417864));
#2195 = CARTESIAN_POINT('',(10.272228552027,-25.24687023265,
    177.02854417864));
#2196 = CARTESIAN_POINT('',(7.737419524157,-26.11560902288,
    177.02854417864));
#2197 = CARTESIAN_POINT('',(5.125915505257,-26.6934796182,
    177.02854417864));
#2198 = CARTESIAN_POINT('',(2.47647650972,-26.97363657358,
    177.02854417864));
#2199 = CARTESIAN_POINT('',(-2.794085610593,-26.94052021931,
    177.02854417864));
#2200 = CARTESIAN_POINT('',(-5.41861018174,-26.63195105161,
    177.02854417864));
#2201 = CARTESIAN_POINT('',(-8.00245617054,-26.030919022,177.02854417864
    ));
#2202 = CARTESIAN_POINT('',(-10.50786499518,-25.14451009218,
    177.02854417864));
#2203 = CARTESIAN_POINT('',(-12.89900200802,-23.98465753536,
    177.02854417864));
#2204 = CARTESIAN_POINT('',(-15.14219704641,-22.56847406726,
    177.02854417864));
#2205 = CARTESIAN_POINT('',(-17.2058771287,-20.91784731559,
    177.02854417864));
#2206 = CARTESIAN_POINT('',(-20.93280091094,-17.19092353335,
    177.02854417864));
#2207 = CARTESIAN_POINT('',(-22.59508747213,-15.10890088725,
    177.02854417864));
#2208 = CARTESIAN_POINT('',(-24.01888514685,-12.84468185015,
    177.02854417864));
#2209 = CARTESIAN_POINT('',(-25.1818299902,-10.4306555074,
    177.02854417864));
#2210 = CARTESIAN_POINT('',(-26.06647820233,-7.901354925348,
    177.02854417864));
#2211 = CARTESIAN_POINT('',(-26.66074584669,-5.293533299458,
    177.02854417864));
#2212 = CARTESIAN_POINT('',(-26.95754407864,-2.645906868061,
    177.02854417864));
#2213 = CARTESIAN_POINT('',(-26.95754407865,2.645906868061,
    177.02854417864));
#2214 = CARTESIAN_POINT('',(-26.66074584669,5.293533299422,
    177.02854417864));
#2215 = CARTESIAN_POINT('',(-26.06647820232,7.901354925407,
    177.02854417864));
#2216 = CARTESIAN_POINT('',(-25.18182999023,10.43065550731,
    177.02854417864));
#2217 = CARTESIAN_POINT('',(-24.01888514682,12.844681850211,
    177.02854417864));
#2218 = CARTESIAN_POINT('',(-22.59508747215,15.108900887219,
    177.02854417864));
#2219 = CARTESIAN_POINT('',(-20.93280091094,17.19092353335,
    177.02854417864));
#2220 = CARTESIAN_POINT('',(-17.19092353406,20.932800910229,
    177.02854417864));
#2221 = CARTESIAN_POINT('',(-15.10890088628,22.595087474256,
    177.02854417924));
#2222 = CARTESIAN_POINT('',(-12.84468185237,24.018885140797,
    177.02854417628));
#2223 = CARTESIAN_POINT('',(-10.43065550412,25.181830000368,
    177.02854418306));
#2224 = CARTESIAN_POINT('',(-7.901354927361,26.066478192677,
    177.02854417392));
#2225 = CARTESIAN_POINT('',(-5.293533297784,26.660745852285,
    177.0285441816));
#2226 = CARTESIAN_POINT('',(-2.645906869646,26.957544076899,
    177.02854417773));
#2227 = CARTESIAN_POINT('',(7.105427357601E-15,26.957544078649,
    177.02854417864));
#2228 = PCURVE('',#726,#2229);
#2229 = DEFINITIONAL_REPRESENTATION('',(#2230),#2289);
#2230 = B_SPLINE_CURVE_WITH_KNOTS('',8,(#2231,#2232,#2233,#2234,#2235,
    #2236,#2237,#2238,#2239,#2240,#2241,#2242,#2243,#2244,#2245,#2246,
    #2247,#2248,#2249,#2250,#2251,#2252,#2253,#2254,#2255,#2256,#2257,
    #2258,#2259,#2260,#2261,#2262,#2263,#2264,#2265,#2266,#2267,#2268,
    #2269,#2270,#2271,#2272,#2273,#2274,#2275,#2276,#2277,#2278,#2279,
    #2280,#2281,#2282,#2283,#2284,#2285,#2286,#2287,#2288),
  .UNSPECIFIED.,.F.,.F.,(9,7,7,7,7,7,7,7,9),(0.,0.125999042617,
    0.251998085281,0.375999024108,0.500999033386,0.624999972214,
    0.749999981491,0.87499999077,1.),.UNSPECIFIED.);
#2231 = CARTESIAN_POINT('',(6.283185306551,189.23772008501));
#2232 = CARTESIAN_POINT('',(6.184249971244,189.23772008409));
#2233 = CARTESIAN_POINT('',(6.085248362372,189.23772008798));
#2234 = CARTESIAN_POINT('',(5.986283436505,189.23772008026));
#2235 = CARTESIAN_POINT('',(5.887344641652,189.23772008944));
#2236 = CARTESIAN_POINT('',(5.788405815482,189.23772008264));
#2237 = CARTESIAN_POINT('',(5.689440909192,189.23772008561));
#2238 = CARTESIAN_POINT('',(5.590439293685,189.23772008501));
#2239 = CARTESIAN_POINT('',(5.392568623227,189.23772008501));
#2240 = CARTESIAN_POINT('',(5.293567009056,189.23772008501));
#2241 = CARTESIAN_POINT('',(5.194602096512,189.23772008501));
#2242 = CARTESIAN_POINT('',(5.095663284121,189.23772008501));
#2243 = CARTESIAN_POINT('',(4.996724471736,189.23772008501));
#2244 = CARTESIAN_POINT('',(4.897759559189,189.23772008501));
#2245 = CARTESIAN_POINT('',(4.798757945018,189.23772008501));
#2246 = CARTESIAN_POINT('',(4.602456199721,189.23772008501));
#2247 = CARTESIAN_POINT('',(4.505028573893,189.23772008501));
#2248 = CARTESIAN_POINT('',(4.407634652576,189.23772008501));
#2249 = CARTESIAN_POINT('',(4.310265120726,189.23772008501));
#2250 = CARTESIAN_POINT('',(4.212895588873,189.23772008501));
#2251 = CARTESIAN_POINT('',(4.115501667558,189.23772008501));
#2252 = CARTESIAN_POINT('',(4.01807404173,189.23772008501));
#2253 = CARTESIAN_POINT('',(3.82255674448,189.23772008501));
#2254 = CARTESIAN_POINT('',(3.724342150297,189.23772008501));
#2255 = CARTESIAN_POINT('',(3.626162732599,189.23772008501));
#2256 = CARTESIAN_POINT('',(3.528008549987,189.23772008501));
#2257 = CARTESIAN_POINT('',(3.429854367356,189.23772008501));
#2258 = CARTESIAN_POINT('',(3.331674949669,189.23772008501));
#2259 = CARTESIAN_POINT('',(3.233460355483,189.23772008501));
#2260 = CARTESIAN_POINT('',(3.037943058233,189.23772008501));
#2261 = CARTESIAN_POINT('',(2.940515432404,189.23772008501));
#2262 = CARTESIAN_POINT('',(2.843121511093,189.23772008501));
#2263 = CARTESIAN_POINT('',(2.745751979232,189.23772008501));
#2264 = CARTESIAN_POINT('',(2.648382447391,189.23772008501));
#2265 = CARTESIAN_POINT('',(2.550988526068,189.23772008501));
#2266 = CARTESIAN_POINT('',(2.453560900243,189.23772008501));
#2267 = CARTESIAN_POINT('',(2.258043602992,189.23772008501));
#2268 = CARTESIAN_POINT('',(2.159829008809,189.23772008501));
#2269 = CARTESIAN_POINT('',(2.061649591112,189.23772008501));
#2270 = CARTESIAN_POINT('',(1.963495408498,189.23772008501));
#2271 = CARTESIAN_POINT('',(1.865341225869,189.23772008501));
#2272 = CARTESIAN_POINT('',(1.767161808181,189.23772008501));
#2273 = CARTESIAN_POINT('',(1.668947213995,189.23772008501));
#2274 = CARTESIAN_POINT('',(1.472645439595,189.23772008501));
#2275 = CARTESIAN_POINT('',(1.374430845411,189.23772008501));
#2276 = CARTESIAN_POINT('',(1.276251427717,189.23772008501));
#2277 = CARTESIAN_POINT('',(1.178097245098,189.23772008501));
#2278 = CARTESIAN_POINT('',(1.079943062474,189.23772008501));
#2279 = CARTESIAN_POINT('',(0.981763644783,189.23772008501));
#2280 = CARTESIAN_POINT('',(0.883549050598,189.23772008501));
#2281 = CARTESIAN_POINT('',(0.687247276235,189.23772008501));
#2282 = CARTESIAN_POINT('',(0.589032680715,189.2377200856));
#2283 = CARTESIAN_POINT('',(0.490853269273,189.23772008266));
#2284 = CARTESIAN_POINT('',(0.392699072881,189.23772008941));
#2285 = CARTESIAN_POINT('',(0.294544907782,189.2377200803));
#2286 = CARTESIAN_POINT('',(0.196365476776,189.23772008796));
#2287 = CARTESIAN_POINT('',(9.815088788744E-02,189.2377200841));
#2288 = CARTESIAN_POINT('',(6.283183148482E-10,189.23772008501));
#2289 = ( GEOMETRIC_REPRESENTATION_CONTEXT(2) 
PARAMETRIC_REPRESENTATION_CONTEXT() REPRESENTATION_CONTEXT('2D SPACE',''
  ) );
#2290 = PCURVE('',#337,#2291);
#2291 = DEFINITIONAL_REPRESENTATION('',(#2292),#2351);
#2292 = B_SPLINE_CURVE_WITH_KNOTS('',8,(#2293,#2294,#2295,#2296,#2297,
    #2298,#2299,#2300,#2301,#2302,#2303,#2304,#2305,#2306,#2307,#2308,
    #2309,#2310,#2311,#2312,#2313,#2314,#2315,#2316,#2317,#2318,#2319,
    #2320,#2321,#2322,#2323,#2324,#2325,#2326,#2327,#2328,#2329,#2330,
    #2331,#2332,#2333,#2334,#2335,#2336,#2337,#2338,#2339,#2340,#2341,
    #2342,#2343,#2344,#2345,#2346,#2347,#2348,#2349,#2350),
  .UNSPECIFIED.,.F.,.F.,(9,7,7,7,7,7,7,7,9),(0.,0.125999042617,
    0.251998085281,0.375999024108,0.500999033386,0.624999972214,
    0.749999981491,0.87499999077,1.),.UNSPECIFIED.);
#2293 = CARTESIAN_POINT('',(6.28318530718,0.768544078649));
#2294 = CARTESIAN_POINT('',(6.184249971872,0.768544077241));
#2295 = CARTESIAN_POINT('',(6.085248357826,0.768544083178));
#2296 = CARTESIAN_POINT('',(5.986283445127,0.768544071404));
#2297 = CARTESIAN_POINT('',(5.887344632974,0.768544085412));
#2298 = CARTESIAN_POINT('',(5.788405820334,0.768544075027));
#2299 = CARTESIAN_POINT('',(5.689440907945,0.768544079555));
#2300 = CARTESIAN_POINT('',(5.590439293685,0.768544078649));
#2301 = CARTESIAN_POINT('',(5.392568623227,0.768544078649));
#2302 = CARTESIAN_POINT('',(5.293567009055,0.768544078649));
#2303 = CARTESIAN_POINT('',(5.194602096513,0.768544078649));
#2304 = CARTESIAN_POINT('',(5.09566328412,0.768544078649));
#2305 = CARTESIAN_POINT('',(4.996724471737,0.768544078649));
#2306 = CARTESIAN_POINT('',(4.897759559188,0.768544078649));
#2307 = CARTESIAN_POINT('',(4.798757945018,0.768544078649));
#2308 = CARTESIAN_POINT('',(4.602456199721,0.768544078649));
#2309 = CARTESIAN_POINT('',(4.505028573893,0.768544078649));
#2310 = CARTESIAN_POINT('',(4.407634652577,0.768544078649));
#2311 = CARTESIAN_POINT('',(4.310265120724,0.768544078649));
#2312 = CARTESIAN_POINT('',(4.212895588875,0.768544078649));
#2313 = CARTESIAN_POINT('',(4.115501667558,0.768544078649));
#2314 = CARTESIAN_POINT('',(4.01807404173,0.768544078649));
#2315 = CARTESIAN_POINT('',(3.82255674448,0.768544078649));
#2316 = CARTESIAN_POINT('',(3.724342150297,0.768544078649));
#2317 = CARTESIAN_POINT('',(3.6261627326,0.768544078649));
#2318 = CARTESIAN_POINT('',(3.528008549986,0.768544078649));
#2319 = CARTESIAN_POINT('',(3.429854367357,0.768544078649));
#2320 = CARTESIAN_POINT('',(3.331674949669,0.768544078649));
#2321 = CARTESIAN_POINT('',(3.233460355483,0.768544078649));
#2322 = CARTESIAN_POINT('',(3.037943058233,0.768544078649));
#2323 = CARTESIAN_POINT('',(2.940515432404,0.768544078649));
#2324 = CARTESIAN_POINT('',(2.843121511091,0.768544078649));
#2325 = CARTESIAN_POINT('',(2.745751979234,0.768544078649));
#2326 = CARTESIAN_POINT('',(2.64838244739,0.768544078649));
#2327 = CARTESIAN_POINT('',(2.550988526068,0.768544078649));
#2328 = CARTESIAN_POINT('',(2.453560900243,0.768544078649));
#2329 = CARTESIAN_POINT('',(2.258043602992,0.768544078649));
#2330 = CARTESIAN_POINT('',(2.159829008809,0.768544078649));
#2331 = CARTESIAN_POINT('',(2.061649591114,0.768544078649));
#2332 = CARTESIAN_POINT('',(1.963495408495,0.768544078649));
#2333 = CARTESIAN_POINT('',(1.865341225871,0.768544078649));
#2334 = CARTESIAN_POINT('',(1.76716180818,0.768544078649));
#2335 = CARTESIAN_POINT('',(1.668947213995,0.768544078649));
#2336 = CARTESIAN_POINT('',(1.472645439595,0.768544078649));
#2337 = CARTESIAN_POINT('',(1.374430845411,0.768544078649));
#2338 = CARTESIAN_POINT('',(1.276251427717,0.768544078649));
#2339 = CARTESIAN_POINT('',(1.178097245098,0.768544078649));
#2340 = CARTESIAN_POINT('',(1.079943062474,0.768544078649));
#2341 = CARTESIAN_POINT('',(0.981763644783,0.768544078649));
#2342 = CARTESIAN_POINT('',(0.883549050598,0.768544078649));
#2343 = CARTESIAN_POINT('',(0.687247276235,0.768544078649));
#2344 = CARTESIAN_POINT('',(0.58903268196,0.768544079548));
#2345 = CARTESIAN_POINT('',(0.490853264426,0.768544075055));
#2346 = CARTESIAN_POINT('',(0.392699081551,0.768544085358));
#2347 = CARTESIAN_POINT('',(0.294544899166,0.768544071462));
#2348 = CARTESIAN_POINT('',(0.19636548132,0.768544083142));
#2349 = CARTESIAN_POINT('',(9.815088725913E-02,0.768544077252));
#2350 = CARTESIAN_POINT('',(0.,0.768544078649));
#2351 = ( GEOMETRIC_REPRESENTATION_CONTEXT(2) 
PARAMETRIC_REPRESENTATION_CONTEXT() REPRESENTATION_CONTEXT('2D SPACE',''
  ) );
#2352 = ORIENTED_EDGE('',*,*,#348,.F.);
#2353 = ADVANCED_FACE('',(#2354),#337,.F.);
#2354 = FACE_BOUND('',#2355,.F.);
#2355 = EDGE_LOOP('',(#2356,#2357,#2358,#2359));
#2356 = ORIENTED_EDGE('',*,*,#1862,.T.);
#2357 = ORIENTED_EDGE('',*,*,#1735,.F.);
#2358 = ORIENTED_EDGE('',*,*,#322,.F.);
#2359 = ORIENTED_EDGE('',*,*,#2167,.F.);
#2360 = ADVANCED_FACE('',(#2361),#1600,.F.);
#2361 = FACE_BOUND('',#2362,.F.);
#2362 = EDGE_LOOP('',(#2363,#2364,#2387,#2414));
#2363 = ORIENTED_EDGE('',*,*,#1583,.F.);
#2364 = ORIENTED_EDGE('',*,*,#2365,.F.);
#2365 = EDGE_CURVE('',#2366,#1584,#2368,.T.);
#2366 = VERTEX_POINT('',#2367);
#2367 = CARTESIAN_POINT('',(-62.42614720864,10.,30.315000025));
#2368 = SEAM_CURVE('',#2369,(#2373,#2380),.PCURVE_S1.);
#2369 = LINE('',#2370,#2371);
#2370 = CARTESIAN_POINT('',(-62.42614720864,10.,30.315000025));
#2371 = VECTOR('',#2372,1.);
#2372 = DIRECTION('',(0.,-1.,2.22044604925E-16));
#2373 = PCURVE('',#1600,#2374);
#2374 = DEFINITIONAL_REPRESENTATION('',(#2375),#2379);
#2375 = LINE('',#2376,#2377);
#2376 = CARTESIAN_POINT('',(6.28318530718,-0.));
#2377 = VECTOR('',#2378,1.);
#2378 = DIRECTION('',(0.,1.));
#2379 = ( GEOMETRIC_REPRESENTATION_CONTEXT(2) 
PARAMETRIC_REPRESENTATION_CONTEXT() REPRESENTATION_CONTEXT('2D SPACE',''
  ) );
#2380 = PCURVE('',#1600,#2381);
#2381 = DEFINITIONAL_REPRESENTATION('',(#2382),#2386);
#2382 = LINE('',#2383,#2384);
#2383 = CARTESIAN_POINT('',(0.,-0.));
#2384 = VECTOR('',#2385,1.);
#2385 = DIRECTION('',(0.,1.));
#2386 = ( GEOMETRIC_REPRESENTATION_CONTEXT(2) 
PARAMETRIC_REPRESENTATION_CONTEXT() REPRESENTATION_CONTEXT('2D SPACE',''
  ) );
#2387 = ORIENTED_EDGE('',*,*,#2388,.T.);
#2388 = EDGE_CURVE('',#2366,#2366,#2389,.T.);
#2389 = SURFACE_CURVE('',#2390,(#2395,#2402),.PCURVE_S1.);
#2390 = CIRCLE('',#2391,3.025);
#2391 = AXIS2_PLACEMENT_3D('',#2392,#2393,#2394);
#2392 = CARTESIAN_POINT('',(-65.45114720864,10.,30.315000025));
#2393 = DIRECTION('',(0.,-1.,2.22044604925E-16));
#2394 = DIRECTION('',(1.,0.,0.));
#2395 = PCURVE('',#1600,#2396);
#2396 = DEFINITIONAL_REPRESENTATION('',(#2397),#2401);
#2397 = LINE('',#2398,#2399);
#2398 = CARTESIAN_POINT('',(0.,0.));
#2399 = VECTOR('',#2400,1.);
#2400 = DIRECTION('',(1.,0.));
#2401 = ( GEOMETRIC_REPRESENTATION_CONTEXT(2) 
PARAMETRIC_REPRESENTATION_CONTEXT() REPRESENTATION_CONTEXT('2D SPACE',''
  ) );
#2402 = PCURVE('',#2403,#2408);
#2403 = PLANE('',#2404);
#2404 = AXIS2_PLACEMENT_3D('',#2405,#2406,#2407);
#2405 = CARTESIAN_POINT('',(-65.45114720864,10.,30.315000025));
#2406 = DIRECTION('',(0.,-1.,2.22044604925E-16));
#2407 = DIRECTION('',(1.,0.,0.));
#2408 = DEFINITIONAL_REPRESENTATION('',(#2409),#2413);
#2409 = CIRCLE('',#2410,3.025);
#2410 = AXIS2_PLACEMENT_2D('',#2411,#2412);
#2411 = CARTESIAN_POINT('',(0.,0.));
#2412 = DIRECTION('',(1.,0.));
#2413 = ( GEOMETRIC_REPRESENTATION_CONTEXT(2) 
PARAMETRIC_REPRESENTATION_CONTEXT() REPRESENTATION_CONTEXT('2D SPACE',''
  ) );
#2414 = ORIENTED_EDGE('',*,*,#2365,.T.);
#2415 = ADVANCED_FACE('',(#2416),#1631,.F.);
#2416 = FACE_BOUND('',#2417,.F.);
#2417 = EDGE_LOOP('',(#2418,#2419,#2442,#2469));
#2418 = ORIENTED_EDGE('',*,*,#1614,.F.);
#2419 = ORIENTED_EDGE('',*,*,#2420,.F.);
#2420 = EDGE_CURVE('',#2421,#1615,#2423,.T.);
#2421 = VERTEX_POINT('',#2422);
#2422 = CARTESIAN_POINT('',(68.476147208648,10.,30.315000025));
#2423 = SEAM_CURVE('',#2424,(#2428,#2435),.PCURVE_S1.);
#2424 = LINE('',#2425,#2426);
#2425 = CARTESIAN_POINT('',(68.476147208648,10.,30.315000025));
#2426 = VECTOR('',#2427,1.);
#2427 = DIRECTION('',(0.,-1.,2.22044604925E-16));
#2428 = PCURVE('',#1631,#2429);
#2429 = DEFINITIONAL_REPRESENTATION('',(#2430),#2434);
#2430 = LINE('',#2431,#2432);
#2431 = CARTESIAN_POINT('',(6.28318530718,-0.));
#2432 = VECTOR('',#2433,1.);
#2433 = DIRECTION('',(0.,1.));
#2434 = ( GEOMETRIC_REPRESENTATION_CONTEXT(2) 
PARAMETRIC_REPRESENTATION_CONTEXT() REPRESENTATION_CONTEXT('2D SPACE',''
  ) );
#2435 = PCURVE('',#1631,#2436);
#2436 = DEFINITIONAL_REPRESENTATION('',(#2437),#2441);
#2437 = LINE('',#2438,#2439);
#2438 = CARTESIAN_POINT('',(0.,-0.));
#2439 = VECTOR('',#2440,1.);
#2440 = DIRECTION('',(0.,1.));
#2441 = ( GEOMETRIC_REPRESENTATION_CONTEXT(2) 
PARAMETRIC_REPRESENTATION_CONTEXT() REPRESENTATION_CONTEXT('2D SPACE',''
  ) );
#2442 = ORIENTED_EDGE('',*,*,#2443,.T.);
#2443 = EDGE_CURVE('',#2421,#2421,#2444,.T.);
#2444 = SURFACE_CURVE('',#2445,(#2450,#2457),.PCURVE_S1.);
#2445 = CIRCLE('',#2446,3.025);
#2446 = AXIS2_PLACEMENT_3D('',#2447,#2448,#2449);
#2447 = CARTESIAN_POINT('',(65.451147208648,10.,30.315000025));
#2448 = DIRECTION('',(0.,-1.,2.22044604925E-16));
#2449 = DIRECTION('',(1.,0.,0.));
#2450 = PCURVE('',#1631,#2451);
#2451 = DEFINITIONAL_REPRESENTATION('',(#2452),#2456);
#2452 = LINE('',#2453,#2454);
#2453 = CARTESIAN_POINT('',(0.,0.));
#2454 = VECTOR('',#2455,1.);
#2455 = DIRECTION('',(1.,0.));
#2456 = ( GEOMETRIC_REPRESENTATION_CONTEXT(2) 
PARAMETRIC_REPRESENTATION_CONTEXT() REPRESENTATION_CONTEXT('2D SPACE',''
  ) );
#2457 = PCURVE('',#2458,#2463);
#2458 = PLANE('',#2459);
#2459 = AXIS2_PLACEMENT_3D('',#2460,#2461,#2462);
#2460 = CARTESIAN_POINT('',(65.451147208648,10.,30.315000025));
#2461 = DIRECTION('',(0.,-1.,2.22044604925E-16));
#2462 = DIRECTION('',(1.,0.,0.));
#2463 = DEFINITIONAL_REPRESENTATION('',(#2464),#2468);
#2464 = CIRCLE('',#2465,3.025);
#2465 = AXIS2_PLACEMENT_2D('',#2466,#2467);
#2466 = CARTESIAN_POINT('',(0.,0.));
#2467 = DIRECTION('',(1.,0.));
#2468 = ( GEOMETRIC_REPRESENTATION_CONTEXT(2) 
PARAMETRIC_REPRESENTATION_CONTEXT() REPRESENTATION_CONTEXT('2D SPACE',''
  ) );
#2469 = ORIENTED_EDGE('',*,*,#2420,.T.);
#2470 = ADVANCED_FACE('',(#2471),#1662,.F.);
#2471 = FACE_BOUND('',#2472,.F.);
#2472 = EDGE_LOOP('',(#2473,#2474,#2497,#2524));
#2473 = ORIENTED_EDGE('',*,*,#1645,.F.);
#2474 = ORIENTED_EDGE('',*,*,#2475,.F.);
#2475 = EDGE_CURVE('',#2476,#1646,#2478,.T.);
#2476 = VERTEX_POINT('',#2477);
#2477 = CARTESIAN_POINT('',(-62.42614720864,10.,130.945000075));
#2478 = SEAM_CURVE('',#2479,(#2483,#2490),.PCURVE_S1.);
#2479 = LINE('',#2480,#2481);
#2480 = CARTESIAN_POINT('',(-62.42614720864,10.,130.945000075));
#2481 = VECTOR('',#2482,1.);
#2482 = DIRECTION('',(0.,-1.,2.22044604925E-16));
#2483 = PCURVE('',#1662,#2484);
#2484 = DEFINITIONAL_REPRESENTATION('',(#2485),#2489);
#2485 = LINE('',#2486,#2487);
#2486 = CARTESIAN_POINT('',(6.28318530718,-0.));
#2487 = VECTOR('',#2488,1.);
#2488 = DIRECTION('',(0.,1.));
#2489 = ( GEOMETRIC_REPRESENTATION_CONTEXT(2) 
PARAMETRIC_REPRESENTATION_CONTEXT() REPRESENTATION_CONTEXT('2D SPACE',''
  ) );
#2490 = PCURVE('',#1662,#2491);
#2491 = DEFINITIONAL_REPRESENTATION('',(#2492),#2496);
#2492 = LINE('',#2493,#2494);
#2493 = CARTESIAN_POINT('',(0.,-0.));
#2494 = VECTOR('',#2495,1.);
#2495 = DIRECTION('',(0.,1.));
#2496 = ( GEOMETRIC_REPRESENTATION_CONTEXT(2) 
PARAMETRIC_REPRESENTATION_CONTEXT() REPRESENTATION_CONTEXT('2D SPACE',''
  ) );
#2497 = ORIENTED_EDGE('',*,*,#2498,.T.);
#2498 = EDGE_CURVE('',#2476,#2476,#2499,.T.);
#2499 = SURFACE_CURVE('',#2500,(#2505,#2512),.PCURVE_S1.);
#2500 = CIRCLE('',#2501,3.025);
#2501 = AXIS2_PLACEMENT_3D('',#2502,#2503,#2504);
#2502 = CARTESIAN_POINT('',(-65.45114720864,10.,130.945000075));
#2503 = DIRECTION('',(0.,-1.,2.22044604925E-16));
#2504 = DIRECTION('',(1.,0.,0.));
#2505 = PCURVE('',#1662,#2506);
#2506 = DEFINITIONAL_REPRESENTATION('',(#2507),#2511);
#2507 = LINE('',#2508,#2509);
#2508 = CARTESIAN_POINT('',(0.,0.));
#2509 = VECTOR('',#2510,1.);
#2510 = DIRECTION('',(1.,0.));
#2511 = ( GEOMETRIC_REPRESENTATION_CONTEXT(2) 
PARAMETRIC_REPRESENTATION_CONTEXT() REPRESENTATION_CONTEXT('2D SPACE',''
  ) );
#2512 = PCURVE('',#2513,#2518);
#2513 = PLANE('',#2514);
#2514 = AXIS2_PLACEMENT_3D('',#2515,#2516,#2517);
#2515 = CARTESIAN_POINT('',(-65.45114720864,10.,130.945000075));
#2516 = DIRECTION('',(0.,-1.,2.22044604925E-16));
#2517 = DIRECTION('',(1.,0.,0.));
#2518 = DEFINITIONAL_REPRESENTATION('',(#2519),#2523);
#2519 = CIRCLE('',#2520,3.025);
#2520 = AXIS2_PLACEMENT_2D('',#2521,#2522);
#2521 = CARTESIAN_POINT('',(0.,0.));
#2522 = DIRECTION('',(1.,0.));
#2523 = ( GEOMETRIC_REPRESENTATION_CONTEXT(2) 
PARAMETRIC_REPRESENTATION_CONTEXT() REPRESENTATION_CONTEXT('2D SPACE',''
  ) );
#2524 = ORIENTED_EDGE('',*,*,#2475,.T.);
#2525 = ADVANCED_FACE('',(#2526),#1693,.F.);
#2526 = FACE_BOUND('',#2527,.F.);
#2527 = EDGE_LOOP('',(#2528,#2529,#2552,#2579));
#2528 = ORIENTED_EDGE('',*,*,#1676,.F.);
#2529 = ORIENTED_EDGE('',*,*,#2530,.F.);
#2530 = EDGE_CURVE('',#2531,#1677,#2533,.T.);
#2531 = VERTEX_POINT('',#2532);
#2532 = CARTESIAN_POINT('',(68.476147208648,10.,130.945000075));
#2533 = SEAM_CURVE('',#2534,(#2538,#2545),.PCURVE_S1.);
#2534 = LINE('',#2535,#2536);
#2535 = CARTESIAN_POINT('',(68.476147208648,10.,130.945000075));
#2536 = VECTOR('',#2537,1.);
#2537 = DIRECTION('',(0.,-1.,2.22044604925E-16));
#2538 = PCURVE('',#1693,#2539);
#2539 = DEFINITIONAL_REPRESENTATION('',(#2540),#2544);
#2540 = LINE('',#2541,#2542);
#2541 = CARTESIAN_POINT('',(6.28318530718,-0.));
#2542 = VECTOR('',#2543,1.);
#2543 = DIRECTION('',(0.,1.));
#2544 = ( GEOMETRIC_REPRESENTATION_CONTEXT(2) 
PARAMETRIC_REPRESENTATION_CONTEXT() REPRESENTATION_CONTEXT('2D SPACE',''
  ) );
#2545 = PCURVE('',#1693,#2546);
#2546 = DEFINITIONAL_REPRESENTATION('',(#2547),#2551);
#2547 = LINE('',#2548,#2549);
#2548 = CARTESIAN_POINT('',(0.,-0.));
#2549 = VECTOR('',#2550,1.);
#2550 = DIRECTION('',(0.,1.));
#2551 = ( GEOMETRIC_REPRESENTATION_CONTEXT(2) 
PARAMETRIC_REPRESENTATION_CONTEXT() REPRESENTATION_CONTEXT('2D SPACE',''
  ) );
#2552 = ORIENTED_EDGE('',*,*,#2553,.T.);
#2553 = EDGE_CURVE('',#2531,#2531,#2554,.T.);
#2554 = SURFACE_CURVE('',#2555,(#2560,#2567),.PCURVE_S1.);
#2555 = CIRCLE('',#2556,3.025);
#2556 = AXIS2_PLACEMENT_3D('',#2557,#2558,#2559);
#2557 = CARTESIAN_POINT('',(65.451147208648,10.,130.945000075));
#2558 = DIRECTION('',(0.,-1.,2.22044604925E-16));
#2559 = DIRECTION('',(1.,0.,0.));
#2560 = PCURVE('',#1693,#2561);
#2561 = DEFINITIONAL_REPRESENTATION('',(#2562),#2566);
#2562 = LINE('',#2563,#2564);
#2563 = CARTESIAN_POINT('',(0.,0.));
#2564 = VECTOR('',#2565,1.);
#2565 = DIRECTION('',(1.,0.));
#2566 = ( GEOMETRIC_REPRESENTATION_CONTEXT(2) 
PARAMETRIC_REPRESENTATION_CONTEXT() REPRESENTATION_CONTEXT('2D SPACE',''
  ) );
#2567 = PCURVE('',#2568,#2573);
#2568 = PLANE('',#2569);
#2569 = AXIS2_PLACEMENT_3D('',#2570,#2571,#2572);
#2570 = CARTESIAN_POINT('',(65.451147208648,10.,130.945000075));
#2571 = DIRECTION('',(0.,-1.,2.22044604925E-16));
#2572 = DIRECTION('',(1.,0.,0.));
#2573 = DEFINITIONAL_REPRESENTATION('',(#2574),#2578);
#2574 = CIRCLE('',#2575,3.025);
#2575 = AXIS2_PLACEMENT_2D('',#2576,#2577);
#2576 = CARTESIAN_POINT('',(0.,0.));
#2577 = DIRECTION('',(1.,0.));
#2578 = ( GEOMETRIC_REPRESENTATION_CONTEXT(2) 
PARAMETRIC_REPRESENTATION_CONTEXT() REPRESENTATION_CONTEXT('2D SPACE',''
  ) );
#2579 = ORIENTED_EDGE('',*,*,#2530,.T.);
#2580 = ADVANCED_FACE('',(#2581),#2403,.T.);
#2581 = FACE_BOUND('',#2582,.F.);
#2582 = EDGE_LOOP('',(#2583));
#2583 = ORIENTED_EDGE('',*,*,#2388,.F.);
#2584 = ADVANCED_FACE('',(#2585),#2458,.T.);
#2585 = FACE_BOUND('',#2586,.F.);
#2586 = EDGE_LOOP('',(#2587));
#2587 = ORIENTED_EDGE('',*,*,#2443,.F.);
#2588 = ADVANCED_FACE('',(#2589),#2513,.T.);
#2589 = FACE_BOUND('',#2590,.F.);
#2590 = EDGE_LOOP('',(#2591));
#2591 = ORIENTED_EDGE('',*,*,#2498,.F.);
#2592 = ADVANCED_FACE('',(#2593),#2568,.T.);
#2593 = FACE_BOUND('',#2594,.F.);
#2594 = EDGE_LOOP('',(#2595));
#2595 = ORIENTED_EDGE('',*,*,#2553,.F.);
#2596 = ( GEOMETRIC_REPRESENTATION_CONTEXT(3) 
GLOBAL_UNCERTAINTY_ASSIGNED_CONTEXT((#2600)) 
GLOBAL_UNIT_ASSIGNED_CONTEXT((#2597,#2598,#2599)) REPRESENTATION_CONTEXT
('Context #1','3D Context with UNIT and UNCERTAINTY') );
#2597 = ( LENGTH_UNIT() NAMED_UNIT(*) SI_UNIT(.MILLI.,.METRE.) );
#2598 = ( NAMED_UNIT(*) PLANE_ANGLE_UNIT() SI_UNIT($,.RADIAN.) );
#2599 = ( NAMED_UNIT(*) SI_UNIT($,.STERADIAN.) SOLID_ANGLE_UNIT() );
#2600 = UNCERTAINTY_MEASURE_WITH_UNIT(LENGTH_MEASURE(1.E-06),#2597,
  'distance_accuracy_value','confusion accuracy');
#2601 = PRODUCT_RELATED_PRODUCT_CATEGORY('part',$,(#7));
ENDSEC;
END-ISO-10303-21;
