ISO-10303-21;
HEADER;
FILE_DESCRIPTION(('Open CASCADE Model'),'2;1');
FILE_NAME('Open CASCADE Shape Model','2026-10-08T02:19:27',('Author'),(
    'Open CASCADE'),'Open CASCADE STEP processor 8.0','build123d',
  'Unknown');
FILE_SCHEMA(('AUTOMOTIVE_DESIGN { 1 0 10303 214 1 1 1 1 }'));
ENDSEC;
DATA;
#1 = APPLICATION_PROTOCOL_DEFINITION('international standard',
  'automotive_design',2000,#2);
#2 = APPLICATION_CONTEXT(
  'core data for automotive mechanical design processes');
#3 = SHAPE_DEFINITION_REPRESENTATION(#4,#10);
#4 = PRODUCT_DEFINITION_SHAPE('','',#5);
#5 = PRODUCT_DEFINITION('design','',#6,#9);
#6 = PRODUCT_DEFINITION_FORMATION('','',#7);
#7 = PRODUCT('COMPOUND','COMPOUND','',(#8));
#8 = PRODUCT_CONTEXT('',#2,'mechanical');
#9 = PRODUCT_DEFINITION_CONTEXT('part definition',#2,'design');
#10 = ADVANCED_BREP_SHAPE_REPRESENTATION('',(#11,#15),#2872);
#11 = AXIS2_PLACEMENT_3D('',#12,#13,#14);
#12 = CARTESIAN_POINT('',(0.,0.,0.));
#13 = DIRECTION('',(0.,0.,1.));
#14 = DIRECTION('',(1.,0.,-0.));
#15 = MANIFOLD_SOLID_BREP('',#16);
#16 = CLOSED_SHELL('',(#17,#105,#2535,#2570,#2815,#2865));
#17 = ADVANCED_FACE('',(#18),#31,.T.);
#18 = FACE_BOUND('',#19,.T.);
#19 = EDGE_LOOP('',(#20,#54,#77,#104));
#20 = ORIENTED_EDGE('',*,*,#21,.F.);
#21 = EDGE_CURVE('',#22,#22,#24,.T.);
#22 = VERTEX_POINT('',#23);
#23 = CARTESIAN_POINT('',(2.668756208572E-14,57.15,100.));
#24 = SURFACE_CURVE('',#25,(#30,#42),.PCURVE_S1.);
#25 = CIRCLE('',#26,57.15);
#26 = AXIS2_PLACEMENT_3D('',#27,#28,#29);
#27 = CARTESIAN_POINT('',(0.,0.,100.));
#28 = DIRECTION('',(0.,-0.,1.));
#29 = DIRECTION('',(2.22044604925E-16,1.,0.));
#30 = PCURVE('',#31,#36);
#31 = CYLINDRICAL_SURFACE('',#32,57.15);
#32 = AXIS2_PLACEMENT_3D('',#33,#34,#35);
#33 = CARTESIAN_POINT('',(0.,0.,-15.));
#34 = DIRECTION('',(0.,0.,1.));
#35 = DIRECTION('',(2.22044604925E-16,1.,0.));
#36 = DEFINITIONAL_REPRESENTATION('',(#37),#41);
#37 = LINE('',#38,#39);
#38 = CARTESIAN_POINT('',(0.,115.));
#39 = VECTOR('',#40,1.);
#40 = DIRECTION('',(1.,0.));
#41 = ( GEOMETRIC_REPRESENTATION_CONTEXT(2) 
PARAMETRIC_REPRESENTATION_CONTEXT() REPRESENTATION_CONTEXT('2D SPACE',''
  ) );
#42 = PCURVE('',#43,#48);
#43 = PLANE('',#44);
#44 = AXIS2_PLACEMENT_3D('',#45,#46,#47);
#45 = CARTESIAN_POINT('',(0.,0.,100.));
#46 = DIRECTION('',(0.,0.,1.));
#47 = DIRECTION('',(2.22044604925E-16,1.,0.));
#48 = DEFINITIONAL_REPRESENTATION('',(#49),#53);
#49 = CIRCLE('',#50,57.15);
#50 = AXIS2_PLACEMENT_2D('',#51,#52);
#51 = CARTESIAN_POINT('',(0.,0.));
#52 = DIRECTION('',(1.,0.));
#53 = ( GEOMETRIC_REPRESENTATION_CONTEXT(2) 
PARAMETRIC_REPRESENTATION_CONTEXT() REPRESENTATION_CONTEXT('2D SPACE',''
  ) );
#54 = ORIENTED_EDGE('',*,*,#55,.F.);
#55 = EDGE_CURVE('',#56,#22,#58,.T.);
#56 = VERTEX_POINT('',#57);
#57 = CARTESIAN_POINT('',(2.668756208572E-14,57.15,-15.));
#58 = SEAM_CURVE('',#59,(#63,#70),.PCURVE_S1.);
#59 = LINE('',#60,#61);
#60 = CARTESIAN_POINT('',(2.668756208572E-14,57.15,-15.));
#61 = VECTOR('',#62,1.);
#62 = DIRECTION('',(0.,0.,1.));
#63 = PCURVE('',#31,#64);
#64 = DEFINITIONAL_REPRESENTATION('',(#65),#69);
#65 = LINE('',#66,#67);
#66 = CARTESIAN_POINT('',(6.28318530718,-0.));
#67 = VECTOR('',#68,1.);
#68 = DIRECTION('',(0.,1.));
#69 = ( GEOMETRIC_REPRESENTATION_CONTEXT(2) 
PARAMETRIC_REPRESENTATION_CONTEXT() REPRESENTATION_CONTEXT('2D SPACE',''
  ) );
#70 = PCURVE('',#31,#71);
#71 = DEFINITIONAL_REPRESENTATION('',(#72),#76);
#72 = LINE('',#73,#74);
#73 = CARTESIAN_POINT('',(0.,-0.));
#74 = VECTOR('',#75,1.);
#75 = DIRECTION('',(0.,1.));
#76 = ( GEOMETRIC_REPRESENTATION_CONTEXT(2) 
PARAMETRIC_REPRESENTATION_CONTEXT() REPRESENTATION_CONTEXT('2D SPACE',''
  ) );
#77 = ORIENTED_EDGE('',*,*,#78,.T.);
#78 = EDGE_CURVE('',#56,#56,#79,.T.);
#79 = SURFACE_CURVE('',#80,(#85,#92),.PCURVE_S1.);
#80 = CIRCLE('',#81,57.15);
#81 = AXIS2_PLACEMENT_3D('',#82,#83,#84);
#82 = CARTESIAN_POINT('',(0.,0.,-15.));
#83 = DIRECTION('',(0.,-0.,1.));
#84 = DIRECTION('',(2.22044604925E-16,1.,0.));
#85 = PCURVE('',#31,#86);
#86 = DEFINITIONAL_REPRESENTATION('',(#87),#91);
#87 = LINE('',#88,#89);
#88 = CARTESIAN_POINT('',(0.,0.));
#89 = VECTOR('',#90,1.);
#90 = DIRECTION('',(1.,0.));
#91 = ( GEOMETRIC_REPRESENTATION_CONTEXT(2) 
PARAMETRIC_REPRESENTATION_CONTEXT() REPRESENTATION_CONTEXT('2D SPACE',''
  ) );
#92 = PCURVE('',#93,#98);
#93 = PLANE('',#94);
#94 = AXIS2_PLACEMENT_3D('',#95,#96,#97);
#95 = CARTESIAN_POINT('',(0.,0.,-15.));
#96 = DIRECTION('',(0.,0.,1.));
#97 = DIRECTION('',(2.22044604925E-16,1.,0.));
#98 = DEFINITIONAL_REPRESENTATION('',(#99),#103);
#99 = CIRCLE('',#100,57.15);
#100 = AXIS2_PLACEMENT_2D('',#101,#102);
#101 = CARTESIAN_POINT('',(0.,0.));
#102 = DIRECTION('',(1.,0.));
#103 = ( GEOMETRIC_REPRESENTATION_CONTEXT(2) 
PARAMETRIC_REPRESENTATION_CONTEXT() REPRESENTATION_CONTEXT('2D SPACE',''
  ) );
#104 = ORIENTED_EDGE('',*,*,#55,.T.);
#105 = ADVANCED_FACE('',(#106,#109),#43,.T.);
#106 = FACE_BOUND('',#107,.T.);
#107 = EDGE_LOOP('',(#108));
#108 = ORIENTED_EDGE('',*,*,#21,.T.);
#109 = FACE_BOUND('',#110,.T.);
#110 = EDGE_LOOP('',(#111));
#111 = ORIENTED_EDGE('',*,*,#112,.T.);
#112 = EDGE_CURVE('',#113,#113,#115,.T.);
#113 = VERTEX_POINT('',#114);
#114 = CARTESIAN_POINT('',(41.079127571612,1.643565458024E-16,100.));
#115 = SURFACE_CURVE('',#116,(#854,#1595),.PCURVE_S1.);
#116 = B_SPLINE_CURVE_WITH_KNOTS('',8,(#117,#118,#119,#120,#121,#122,
    #123,#124,#125,#126,#127,#128,#129,#130,#131,#132,#133,#134,#135,
    #136,#137,#138,#139,#140,#141,#142,#143,#144,#145,#146,#147,#148,
    #149,#150,#151,#152,#153,#154,#155,#156,#157,#158,#159,#160,#161,
    #162,#163,#164,#165,#166,#167,#168,#169,#170,#171,#172,#173,#174,
    #175,#176,#177,#178,#179,#180,#181,#182,#183,#184,#185,#186,#187,
    #188,#189,#190,#191,#192,#193,#194,#195,#196,#197,#198,#199,#200,
    #201,#202,#203,#204,#205,#206,#207,#208,#209,#210,#211,#212,#213,
    #214,#215,#216,#217,#218,#219,#220,#221,#222,#223,#224,#225,#226,
    #227,#228,#229,#230,#231,#232,#233,#234,#235,#236,#237,#238,#239,
    #240,#241,#242,#243,#244,#245,#246,#247,#248,#249,#250,#251,#252,
    #253,#254,#255,#256,#257,#258,#259,#260,#261,#262,#263,#264,#265,
    #266,#267,#268,#269,#270,#271,#272,#273,#274,#275,#276,#277,#278,
    #279,#280,#281,#282,#283,#284,#285,#286,#287,#288,#289,#290,#291,
    #292,#293,#294,#295,#296,#297,#298,#299,#300,#301,#302,#303,#304,
    #305,#306,#307,#308,#309,#310,#311,#312,#313,#314,#315,#316,#317,
    #318,#319,#320,#321,#322,#323,#324,#325,#326,#327,#328,#329,#330,
    #331,#332,#333,#334,#335,#336,#337,#338,#339,#340,#341,#342,#343,
    #344,#345,#346,#347,#348,#349,#350,#351,#352,#353,#354,#355,#356,
    #357,#358,#359,#360,#361,#362,#363,#364,#365,#366,#367,#368,#369,
    #370,#371,#372,#373,#374,#375,#376,#377,#378,#379,#380,#381,#382,
    #383,#384,#385,#386,#387,#388,#389,#390,#391,#392,#393,#394,#395,
    #396,#397,#398,#399,#400,#401,#402,#403,#404,#405,#406,#407,#408,
    #409,#410,#411,#412,#413,#414,#415,#416,#417,#418,#419,#420,#421,
    #422,#423,#424,#425,#426,#427,#428,#429,#430,#431,#432,#433,#434,
    #435,#436,#437,#438,#439,#440,#441,#442,#443,#444,#445,#446,#447,
    #448,#449,#450,#451,#452,#453,#454,#455,#456,#457,#458,#459,#460,
    #461,#462,#463,#464,#465,#466,#467,#468,#469,#470,#471,#472,#473,
    #474,#475,#476,#477,#478,#479,#480,#481,#482,#483,#484,#485,#486,
    #487,#488,#489,#490,#491,#492,#493,#494,#495,#496,#497,#498,#499,
    #500,#501,#502,#503,#504,#505,#506,#507,#508,#509,#510,#511,#512,
    #513,#514,#515,#516,#517,#518,#519,#520,#521,#522,#523,#524,#525,
    #526,#527,#528,#529,#530,#531,#532,#533,#534,#535,#536,#537,#538,
    #539,#540,#541,#542,#543,#544,#545,#546,#547,#548,#549,#550,#551,
    #552,#553,#554,#555,#556,#557,#558,#559,#560,#561,#562,#563,#564,
    #565,#566,#567,#568,#569,#570,#571,#572,#573,#574,#575,#576,#577,
    #578,#579,#580,#581,#582,#583,#584,#585,#586,#587,#588,#589,#590,
    #591,#592,#593,#594,#595,#596,#597,#598,#599,#600,#601,#602,#603,
    #604,#605,#606,#607,#608,#609,#610,#611,#612,#613,#614,#615,#616,
    #617,#618,#619,#620,#621,#622,#623,#624,#625,#626,#627,#628,#629,
    #630,#631,#632,#633,#634,#635,#636,#637,#638,#639,#640,#641,#642,
    #643,#644,#645,#646,#647,#648,#649,#650,#651,#652,#653,#654,#655,
    #656,#657,#658,#659,#660,#661,#662,#663,#664,#665,#666,#667,#668,
    #669,#670,#671,#672,#673,#674,#675,#676,#677,#678,#679,#680,#681,
    #682,#683,#684,#685,#686,#687,#688,#689,#690,#691,#692,#693,#694,
    #695,#696,#697,#698,#699,#700,#701,#702,#703,#704,#705,#706,#707,
    #708,#709,#710,#711,#712,#713,#714,#715,#716,#717,#718,#719,#720,
    #721,#722,#723,#724,#725,#726,#727,#728,#729,#730,#731,#732,#733,
    #734,#735,#736,#737,#738,#739,#740,#741,#742,#743,#744,#745,#746,
    #747,#748,#749,#750,#751,#752,#753,#754,#755,#756,#757,#758,#759,
    #760,#761,#762,#763,#764,#765,#766,#767,#768,#769,#770,#771,#772,
    #773,#774,#775,#776,#777,#778,#779,#780,#781,#782,#783,#784,#785,
    #786,#787,#788,#789,#790,#791,#792,#793,#794,#795,#796,#797,#798,
    #799,#800,#801,#802,#803,#804,#805,#806,#807,#808,#809,#810,#811,
    #812,#813,#814,#815,#816,#817,#818,#819,#820,#821,#822,#823,#824,
    #825,#826,#827,#828,#829,#830,#831,#832,#833,#834,#835,#836,#837,
    #838,#839,#840,#841,#842,#843,#844,#845,#846,#847,#848,#849,#850,
    #851,#852,#853),.UNSPECIFIED.,.T.,.F.,(9,7,7,7,7,7,7,7,7,7,7,7,7,7,7
    ,7,7,7,7,7,7,7,7,7,7,7,7,7,7,7,7,7,7,7,7,7,7,7,7,7,7,7,7,7,7,7,7,7,7
    ,7,7,7,7,7,7,7,7,7,7,7,7,7,7,7,7,7,7,7,7,7,7,7,7,7,7,7,7,7,7,7,7,7,7
    ,7,7,7,7,7,7,7,7,7,7,7,7,7,7,7,7,7,7,7,7,7,7,9),(0.,
    7.029305657165E-03,1.807403870112E-02,2.910196153404E-02,
    3.911437233794E-02,5.013033936957E-02,5.714008451552E-02,
    6.715281452317E-02,7.81682971376E-02,8.617629458865E-02,
    9.418409203616E-02,0.103192326996,0.112205938755,0.119215087231,
    0.130229895656,0.141242153985,0.148247828422,0.15824782457,
    0.1692470177,0.178248979888,0.188250314881,0.20024551912,
    0.206246164817,0.213244995886,0.225245415198,0.237258867692,
    0.244266566654,0.255279097181,0.266289078139,0.273293303779,
    0.283291231895,0.294288150356,0.303288250908,0.313287517593,
    0.325280241183,0.331279645927,0.338277029614,0.350274967199,
    0.362285935272,0.369292185019,0.380302438118,0.391310142177,
    0.39831291932,0.408308779832,0.419303424095,0.428301663398,
    0.438298862201,0.450289105658,0.456287269706,0.463283206311,
    0.475278662684,0.487287146849,0.49429194768,0.505299923822,
    0.51630535145,0.523306680395,0.533300473729,0.544292844262,
    0.553289222698,0.563284354047,0.575272117881,0.581269041487,
    0.588263531308,0.600256506979,0.612262507748,0.619265859962,
    0.630271559618,0.641274711286,0.648274592333,0.658266318917,
    0.66925641619,0.678250934145,0.688243998467,0.700229283191,
    0.706224966613,0.71321800995,0.725208505434,0.737212023322,
    0.744213927219,0.755217350859,0.766218227038,0.773216660486,
    0.783206320747,0.794194145231,0.803186803089,0.813177800812,
    0.825160606938,0.831155050433,0.838146647585,0.850134663394,
    0.862135698915,0.869136154795,0.88013730289,0.891135904048,
    0.898132890326,0.908120485105,0.919106039425,0.928096843344,
    0.93808578183,0.950066080601,0.956059281542,0.963049513471,
    0.972036323922,0.979027271357,0.989014163128,1.),.UNSPECIFIED.);
#117 = CARTESIAN_POINT('',(41.079127571612,-2.015971294702E-15,100.));
#118 = CARTESIAN_POINT('',(41.07789415749,-0.23420640647,100.));
#119 = CARTESIAN_POINT('',(41.068778120297,-0.466446366112,100.));
#120 = CARTESIAN_POINT('',(41.051945757109,-0.696719943376,100.));
#121 = CARTESIAN_POINT('',(41.027563365004,-0.925027202718,100.));
#122 = CARTESIAN_POINT('',(40.995797241058,-1.151368208588,100.));
#123 = CARTESIAN_POINT('',(40.956813682347,-1.375743025442,100.));
#124 = CARTESIAN_POINT('',(40.910778985948,-1.598151717731,100.));
#125 = CARTESIAN_POINT('',(40.774710104239,-2.16496284527,100.));
#126 = CARTESIAN_POINT('',(40.674557092434,-2.506588123091,100.));
#127 = CARTESIAN_POINT('',(40.558096932682,-2.843321375275,100.));
#128 = CARTESIAN_POINT('',(40.425388954302,-3.175207078411,100.));
#129 = CARTESIAN_POINT('',(40.278250488748,-3.502071878701,100.));
#130 = CARTESIAN_POINT('',(40.118604789565,-3.823609027285,100.));
#131 = CARTESIAN_POINT('',(39.946953022626,-4.139542446939,100.));
#132 = CARTESIAN_POINT('',(39.583607034291,-4.758894885657,100.));
#133 = CARTESIAN_POINT('',(39.391815106062,-5.062410848213,100.));
#134 = CARTESIAN_POINT('',(39.190998494801,-5.360004408674,100.));
#135 = CARTESIAN_POINT('',(38.982357572877,-5.65136002683,100.));
#136 = CARTESIAN_POINT('',(38.76660122124,-5.93717848801,100.));
#137 = CARTESIAN_POINT('',(38.544442934572,-6.21827056379,100.));
#138 = CARTESIAN_POINT('',(38.31698228686,-6.494698210236,100.));
#139 = CARTESIAN_POINT('',(37.87419248836,-7.014705730832,100.));
#140 = CARTESIAN_POINT('',(37.659718399452,-7.258915853958,100.));
#141 = CARTESIAN_POINT('',(37.442093061546,-7.500266113414,100.));
#142 = CARTESIAN_POINT('',(37.221910152861,-7.739196169411,100.));
#143 = CARTESIAN_POINT('',(36.999748047072,-7.976215143408,100.));
#144 = CARTESIAN_POINT('',(36.776171244869,-8.211890043597,100.));
#145 = CARTESIAN_POINT('',(36.551728650901,-8.446808126864,100.));
#146 = CARTESIAN_POINT('',(36.079638770534,-8.939743044915,100.));
#147 = CARTESIAN_POINT('',(35.83190306813,-9.197557511958,100.));
#148 = CARTESIAN_POINT('',(35.585047193909,-9.456194884686,100.));
#149 = CARTESIAN_POINT('',(35.338496505643,-9.715357241668,100.));
#150 = CARTESIAN_POINT('',(35.093812487883,-9.976353442898,100.));
#151 = CARTESIAN_POINT('',(34.853172822733,-10.24094984831,100.));
#152 = CARTESIAN_POINT('',(34.617303007238,-10.50976561731,100.));
#153 = CARTESIAN_POINT('',(34.24183880036,-10.95858334221,100.));
#154 = CARTESIAN_POINT('',(34.098460332466,-11.13522166551,100.));
#155 = CARTESIAN_POINT('',(33.958019206868,-11.31440837878,100.));
#156 = CARTESIAN_POINT('',(33.820857607464,-11.49646093357,100.));
#157 = CARTESIAN_POINT('',(33.687352658727,-11.68157026511,100.));
#158 = CARTESIAN_POINT('',(33.557916425696,-11.86980079225,100.));
#159 = CARTESIAN_POINT('',(33.432995913983,-12.06109041751,100.));
#160 = CARTESIAN_POINT('',(33.141775107311,-12.53258910566,100.));
#161 = CARTESIAN_POINT('',(32.980896102585,-12.81627361215,100.));
#162 = CARTESIAN_POINT('',(32.830184234081,-13.10552632358,100.));
#163 = CARTESIAN_POINT('',(32.692806145262,-13.40092596426,100.));
#164 = CARTESIAN_POINT('',(32.570799068781,-13.7027470757,100.));
#165 = CARTESIAN_POINT('',(32.463380100167,-14.01026636557,100.));
#166 = CARTESIAN_POINT('',(32.368112620986,-14.3220360357,100.));
#167 = CARTESIAN_POINT('',(32.193416554889,-14.9837675097,100.));
#168 = CARTESIAN_POINT('',(32.116456339856,-15.3345369353,100.));
#169 = CARTESIAN_POINT('',(32.052402174722,-15.68838444237,100.));
#170 = CARTESIAN_POINT('',(32.001289552161,-16.04321480609,100.));
#171 = CARTESIAN_POINT('',(31.961319547123,-16.39861882871,100.));
#172 = CARTESIAN_POINT('',(31.930028346793,-16.75484730578,100.));
#173 = CARTESIAN_POINT('',(31.906074573006,-17.11141212079,100.));
#174 = CARTESIAN_POINT('',(31.874127449039,-17.72844156155,100.));
#175 = CARTESIAN_POINT('',(31.863606083592,-17.98838301793,100.));
#176 = CARTESIAN_POINT('',(31.85524177425,-18.24840914985,100.));
#177 = CARTESIAN_POINT('',(31.848365637941,-18.50843755383,100.));
#178 = CARTESIAN_POINT('',(31.842409735467,-18.76841960052,100.));
#179 = CARTESIAN_POINT('',(31.836907071508,-19.02834043466,100.));
#180 = CARTESIAN_POINT('',(31.83149159462,-19.28821897507,100.));
#181 = CARTESIAN_POINT('',(31.820304939545,-19.80799036349,100.));
#182 = CARTESIAN_POINT('',(31.81446754966,-20.06783212162,100.));
#183 = CARTESIAN_POINT('',(31.807970238034,-20.32765252989,100.));
#184 = CARTESIAN_POINT('',(31.800403406443,-20.58746125387,100.));
#185 = CARTESIAN_POINT('',(31.791363647979,-20.84725828387,100.));
#186 = CARTESIAN_POINT('',(31.780453747055,-21.10703393499,100.));
#187 = CARTESIAN_POINT('',(31.767282679402,-21.36676884709,100.));
#188 = CARTESIAN_POINT('',(31.73367247234,-21.91853984621,100.));
#189 = CARTESIAN_POINT('',(31.712555517027,-22.21048908463,100.));
#190 = CARTESIAN_POINT('',(31.687604596863,-22.50215371435,100.));
#191 = CARTESIAN_POINT('',(31.658309562578,-22.79340574966,100.));
#192 = CARTESIAN_POINT('',(31.624160264905,-23.08411720485,100.));
#193 = CARTESIAN_POINT('',(31.584646554574,-23.3741600942,100.));
#194 = CARTESIAN_POINT('',(31.539258282318,-23.66340643201,100.));
#195 = CARTESIAN_POINT('',(31.435681413369,-24.24022212548,100.));
#196 = CARTESIAN_POINT('',(31.377513687879,-24.5276933082,100.));
#197 = CARTESIAN_POINT('',(31.312483364609,-24.81384325222,100.));
#198 = CARTESIAN_POINT('',(31.240075776308,-25.09829979938,100.));
#199 = CARTESIAN_POINT('',(31.159770827707,-25.3806311443,100.));
#200 = CARTESIAN_POINT('',(31.071053476954,-25.66035981682,100.));
#201 = CARTESIAN_POINT('',(30.973424217058,-25.93697666452,100.));
#202 = CARTESIAN_POINT('',(30.783193011133,-26.42222762656,100.));
#203 = CARTESIAN_POINT('',(30.694287177285,-26.6323092952,100.));
#204 = CARTESIAN_POINT('',(30.599409126675,-26.84000573579,100.));
#205 = CARTESIAN_POINT('',(30.498371856991,-27.04507202944,100.));
#206 = CARTESIAN_POINT('',(30.391084292716,-27.24721244378,100.));
#207 = CARTESIAN_POINT('',(30.277551285123,-27.44608043284,100.));
#208 = CARTESIAN_POINT('',(30.157873612276,-27.64127863713,100.));
#209 = CARTESIAN_POINT('',(29.834828522415,-28.13263962612,100.));
#210 = CARTESIAN_POINT('',(29.622390543147,-28.42292378794,100.));
#211 = CARTESIAN_POINT('',(29.395030645945,-28.70218556114,100.));
#212 = CARTESIAN_POINT('',(29.153543689045,-28.96874312522,100.));
#213 = CARTESIAN_POINT('',(28.896724826634,-29.22027450028,100.));
#214 = CARTESIAN_POINT('',(28.624950969182,-29.45619124392,100.));
#215 = CARTESIAN_POINT('',(28.342168610171,-29.67823864637,100.));
#216 = CARTESIAN_POINT('',(27.754729333686,-30.09209559753,100.));
#217 = CARTESIAN_POINT('',(27.450169534115,-30.28412279478,100.));
#218 = CARTESIAN_POINT('',(27.136236104227,-30.46151644119,100.));
#219 = CARTESIAN_POINT('',(26.814697355334,-30.62317607443,100.));
#220 = CARTESIAN_POINT('',(26.486636484424,-30.7689783845,100.));
#221 = CARTESIAN_POINT('',(26.152883051975,-30.90010272631,100.));
#222 = CARTESIAN_POINT('',(25.814481136684,-31.01811450906,100.));
#223 = CARTESIAN_POINT('',(25.253872395272,-31.19064166279,100.));
#224 = CARTESIAN_POINT('',(25.034300160491,-31.25263535161,100.));
#225 = CARTESIAN_POINT('',(24.813375218334,-31.30978711338,100.));
#226 = CARTESIAN_POINT('',(24.591315614445,-31.36234016321,100.));
#227 = CARTESIAN_POINT('',(24.36831199329,-31.41053509636,100.));
#228 = CARTESIAN_POINT('',(24.144527598156,-31.45460988826,100.));
#229 = CARTESIAN_POINT('',(23.920098271152,-31.49479989449,100.));
#230 = CARTESIAN_POINT('',(23.374013147247,-31.58349263268,100.));
#231 = CARTESIAN_POINT('',(23.051855784925,-31.62818664434,100.));
#232 = CARTESIAN_POINT('',(22.728841759797,-31.66611341944,100.));
#233 = CARTESIAN_POINT('',(22.405141152838,-31.69797946892,100.));
#234 = CARTESIAN_POINT('',(22.080927769776,-31.72448670597,100.));
#235 = CARTESIAN_POINT('',(21.756382571402,-31.7463284205,100.));
#236 = CARTESIAN_POINT('',(21.431685496844,-31.76419880311,100.));
#237 = CARTESIAN_POINT('',(20.749862941774,-31.79489378231,100.));
#238 = CARTESIAN_POINT('',(20.39262582183,-31.80704236289,100.));
#239 = CARTESIAN_POINT('',(20.035325150826,-31.81638767293,100.));
#240 = CARTESIAN_POINT('',(19.677965419324,-31.82381597038,100.));
#241 = CARTESIAN_POINT('',(19.320585445524,-31.83051964493,100.));
#242 = CARTESIAN_POINT('',(18.9632080212,-31.83761372678,100.));
#243 = CARTESIAN_POINT('',(18.605805996267,-31.84587386921,100.));
#244 = CARTESIAN_POINT('',(17.955932184587,-31.86546314198,100.));
#245 = CARTESIAN_POINT('',(17.663446966712,-31.87602189764,100.));
#246 = CARTESIAN_POINT('',(17.371081320029,-31.8892861422,100.));
#247 = CARTESIAN_POINT('',(17.078949955575,-31.90621919422,100.));
#248 = CARTESIAN_POINT('',(16.787167584385,-31.92778437228,100.));
#249 = CARTESIAN_POINT('',(16.495848917496,-31.95494499496,100.));
#250 = CARTESIAN_POINT('',(16.205108665943,-31.98866438082,100.));
#251 = CARTESIAN_POINT('',(15.59281419045,-32.0757258291,100.));
#252 = CARTESIAN_POINT('',(15.271217847906,-32.13087319336,100.));
#253 = CARTESIAN_POINT('',(14.951232508585,-32.19642901568,100.));
#254 = CARTESIAN_POINT('',(14.633714964017,-32.27304103076,100.));
#255 = CARTESIAN_POINT('',(14.319578709319,-32.361474456,100.));
#256 = CARTESIAN_POINT('',(14.009818355759,-32.46275554608,100.));
#257 = CARTESIAN_POINT('',(13.705398548368,-32.57790787935,100.));
#258 = CARTESIAN_POINT('',(13.049128874717,-32.86244681369,100.));
#259 = CARTESIAN_POINT('',(12.699477240804,-33.0377302648,100.));
#260 = CARTESIAN_POINT('',(12.358007899672,-33.23076902039,100.));
#261 = CARTESIAN_POINT('',(12.02681762429,-33.43965885045,100.));
#262 = CARTESIAN_POINT('',(11.702054304207,-33.66139279407,100.));
#263 = CARTESIAN_POINT('',(11.388928065213,-33.89490859332,100.));
#264 = CARTESIAN_POINT('',(11.083044337968,-34.13770524563,100.));
#265 = CARTESIAN_POINT('',(10.634417407584,-34.51299412579,100.));
#266 = CARTESIAN_POINT('',(10.486437264668,-34.64003694021,100.));
#267 = CARTESIAN_POINT('',(10.339892077727,-34.76875810007,100.));
#268 = CARTESIAN_POINT('',(10.194604052349,-34.89893174403,100.));
#269 = CARTESIAN_POINT('',(10.050395394122,-35.03033201074,100.));
#270 = CARTESIAN_POINT('',(9.907088308631,-35.16273303886,100.));
#271 = CARTESIAN_POINT('',(9.764505001465,-35.29590896703,100.));
#272 = CARTESIAN_POINT('',(9.456802967941,-35.58560355786,100.));
#273 = CARTESIAN_POINT('',(9.291833925014,-35.74228248464,100.));
#274 = CARTESIAN_POINT('',(9.127362771593,-35.89946293652,100.));
#275 = CARTESIAN_POINT('',(8.963194471886,-36.05694159961,100.));
#276 = CARTESIAN_POINT('',(8.799136732142,-36.21451962377,100.));
#277 = CARTESIAN_POINT('',(8.635000000656,-36.3720026227,100.));
#278 = CARTESIAN_POINT('',(8.470597467763,-36.52920067387,100.));
#279 = CARTESIAN_POINT('',(8.023083871656,-36.95465854453,100.));
#280 = CARTESIAN_POINT('',(7.739081588985,-37.22196995181,100.));
#281 = CARTESIAN_POINT('',(7.452935322623,-37.48690952778,100.));
#282 = CARTESIAN_POINT('',(7.163287354334,-37.74844787677,100.));
#283 = CARTESIAN_POINT('',(6.869571571276,-38.00560028243,100.));
#284 = CARTESIAN_POINT('',(6.571401679965,-38.2573550764,100.));
#285 = CARTESIAN_POINT('',(6.267844602556,-38.50260278143,100.));
#286 = CARTESIAN_POINT('',(5.648664250713,-38.97817432228,100.));
#287 = CARTESIAN_POINT('',(5.333018580085,-39.20849528026,100.));
#288 = CARTESIAN_POINT('',(5.011110914087,-39.42976905898,100.));
#289 = CARTESIAN_POINT('',(4.681553336253,-39.64208564677,100.));
#290 = CARTESIAN_POINT('',(4.345442930664,-39.84229318563,100.));
#291 = CARTESIAN_POINT('',(4.00173941658,-40.02985243815,100.));
#292 = CARTESIAN_POINT('',(3.650805475206,-40.20264119235,100.));
#293 = CARTESIAN_POINT('',(3.083668202068,-40.45034084952,100.));
#294 = CARTESIAN_POINT('',(2.872252107921,-40.5360251064,100.));
#295 = CARTESIAN_POINT('',(2.658299630211,-40.61579975707,100.));
#296 = CARTESIAN_POINT('',(2.441851722435,-40.68935938694,100.));
#297 = CARTESIAN_POINT('',(2.223053098992,-40.75643048142,100.));
#298 = CARTESIAN_POINT('',(2.002152235176,-40.81677142593,100.));
#299 = CARTESIAN_POINT('',(1.779501367179,-40.87017250586,100.));
#300 = CARTESIAN_POINT('',(1.203629306491,-40.98918981924,100.));
#301 = CARTESIAN_POINT('',(0.848151072844,-41.04423538195,100.));
#302 = CARTESIAN_POINT('',(0.489915456106,-41.08093554928,100.));
#303 = CARTESIAN_POINT('',(0.130673731947,-41.09866314432,100.));
#304 = CARTESIAN_POINT('',(-0.228784167122,-41.09492432541,100.));
#305 = CARTESIAN_POINT('',(-0.587775633613,-41.06956951708,100.));
#306 = CARTESIAN_POINT('',(-0.944744181266,-41.02662341732,100.));
#307 = CARTESIAN_POINT('',(-1.652767534113,-40.90388217821,100.));
#308 = CARTESIAN_POINT('',(-2.003907567411,-40.82430961225,100.));
#309 = CARTESIAN_POINT('',(-2.351328275383,-40.72776140581,100.));
#310 = CARTESIAN_POINT('',(-2.69300112847,-40.61470979926,100.));
#311 = CARTESIAN_POINT('',(-3.028072997287,-40.48583353507,100.));
#312 = CARTESIAN_POINT('',(-3.356791223939,-40.34255313103,100.));
#313 = CARTESIAN_POINT('',(-3.67952444484,-40.18671377382,100.));
#314 = CARTESIAN_POINT('',(-4.19792980773,-39.91229865145,100.));
#315 = CARTESIAN_POINT('',(-4.3970269816,-39.80087379299,100.));
#316 = CARTESIAN_POINT('',(-4.593656904571,-39.68506866651,100.));
#317 = CARTESIAN_POINT('',(-4.787837374147,-39.56520943263,100.));
#318 = CARTESIAN_POINT('',(-4.979603710881,-39.44160102389,100.));
#319 = CARTESIAN_POINT('',(-5.169008758378,-39.31452714476,100.));
#320 = CARTESIAN_POINT('',(-5.356122883292,-39.18425027165,100.));
#321 = CARTESIAN_POINT('',(-5.80497861405,-38.86082501401,100.));
#322 = CARTESIAN_POINT('',(-6.064381708272,-38.66462879722,100.));
#323 = CARTESIAN_POINT('',(-6.319605395728,-38.4630416695,100.));
#324 = CARTESIAN_POINT('',(-6.571028989679,-38.25668347494,100.));
#325 = CARTESIAN_POINT('',(-6.819025918489,-38.04617344031,100.));
#326 = CARTESIAN_POINT('',(-7.06395845355,-37.83212975421,100.));
#327 = CARTESIAN_POINT('',(-7.306190225555,-37.6151705197,100.));
#328 = CARTESIAN_POINT('',(-7.810016205784,-37.15475379541,100.));
#329 = CARTESIAN_POINT('',(-8.071211339507,-36.91073934913,100.));
#330 = CARTESIAN_POINT('',(-8.330469198991,-36.66469775384,100.));
#331 = CARTESIAN_POINT('',(-8.588413287959,-36.41725886386,100.));
#332 = CARTESIAN_POINT('',(-8.845859304624,-36.16929327466,100.));
#333 = CARTESIAN_POINT('',(-9.10357957817,-35.92160554786,100.));
#334 = CARTESIAN_POINT('',(-9.362141776338,-35.67472495513,100.));
#335 = CARTESIAN_POINT('',(-9.835523663096,-35.22904648359,100.));
#336 = CARTESIAN_POINT('',(-10.04980811177,-35.02969437036,100.));
#337 = CARTESIAN_POINT('',(-10.2659210804,-34.83233987627,100.));
#338 = CARTESIAN_POINT('',(-10.48446262512,-34.63774528338,100.));
#339 = CARTESIAN_POINT('',(-10.70603280206,-34.44667287373,100.));
#340 = CARTESIAN_POINT('',(-10.93123166738,-34.25988492936,100.));
#341 = CARTESIAN_POINT('',(-11.16065927722,-34.07814373233,100.));
#342 = CARTESIAN_POINT('',(-11.65517859339,-33.70674789709,100.));
#343 = CARTESIAN_POINT('',(-11.92157662324,-33.5183400177,100.));
#344 = CARTESIAN_POINT('',(-12.19419539307,-33.3384311809,100.));
#345 = CARTESIAN_POINT('',(-12.47288707735,-33.16808524737,100.));
#346 = CARTESIAN_POINT('',(-12.75754682794,-33.00848924613,100.));
#347 = CARTESIAN_POINT('',(-13.04819702009,-32.86107214518,100.));
#348 = CARTESIAN_POINT('',(-13.34487932594,-32.72723983077,100.));
#349 = CARTESIAN_POINT('',(-14.01013147244,-32.46438650424,100.));
#350 = CARTESIAN_POINT('',(-14.38131663081,-32.34108957972,100.));
#351 = CARTESIAN_POINT('',(-14.75927093044,-32.23613330622,100.));
#352 = CARTESIAN_POINT('',(-15.14116523561,-32.1496538319,100.));
#353 = CARTESIAN_POINT('',(-15.52759715647,-32.07680106122,100.));
#354 = CARTESIAN_POINT('',(-15.91413144871,-32.02050797938,100.));
#355 = CARTESIAN_POINT('',(-16.30210706575,-31.9758986809,100.));
#356 = CARTESIAN_POINT('',(-16.88470352253,-31.92404084827,100.));
#357 = CARTESIAN_POINT('',(-17.07917412064,-31.90923592131,100.));
#358 = CARTESIAN_POINT('',(-17.27381682109,-31.89663243089,100.));
#359 = CARTESIAN_POINT('',(-17.46859763544,-31.8859449493,100.));
#360 = CARTESIAN_POINT('',(-17.66348257522,-31.8768880488,100.));
#361 = CARTESIAN_POINT('',(-17.85843765198,-31.86917630167,100.));
#362 = CARTESIAN_POINT('',(-18.05342887726,-31.8625242802,100.));
#363 = CARTESIAN_POINT('',(-18.47585208141,-31.84979109536,100.));
#364 = CARTESIAN_POINT('',(-18.70329154194,-31.84392909801,100.));
#365 = CARTESIAN_POINT('',(-18.93073357323,-31.83877379351,100.));
#366 = CARTESIAN_POINT('',(-19.15817232176,-31.83404350609,100.));
#367 = CARTESIAN_POINT('',(-19.38560315149,-31.82946165526,100.));
#368 = CARTESIAN_POINT('',(-19.61302264383,-31.82475675585,100.));
#369 = CARTESIAN_POINT('',(-19.84042859766,-31.81966241798,100.));
#370 = CARTESIAN_POINT('',(-20.45771264159,-31.80406666495,100.));
#371 = CARTESIAN_POINT('',(-20.84755029033,-31.79226443377,100.));
#372 = CARTESIAN_POINT('',(-21.23722682645,-31.77726903919,100.));
#373 = CARTESIAN_POINT('',(-21.62697440909,-31.75739253677,100.));
#374 = CARTESIAN_POINT('',(-22.01649704088,-31.73153832467,100.));
#375 = CARTESIAN_POINT('',(-22.40535251499,-31.69871789459,100.));
#376 = CARTESIAN_POINT('',(-22.79341609819,-31.65748694197,100.));
#377 = CARTESIAN_POINT('',(-23.56752258526,-31.55594017788,100.));
#378 = CARTESIAN_POINT('',(-23.9535792905,-31.49560649498,100.));
#379 = CARTESIAN_POINT('',(-24.33766657381,-31.42444759081,100.));
#380 = CARTESIAN_POINT('',(-24.72082947041,-31.3415456918,100.));
#381 = CARTESIAN_POINT('',(-25.10006352622,-31.24544785307,100.));
#382 = CARTESIAN_POINT('',(-25.47572303083,-31.13503718694,100.));
#383 = CARTESIAN_POINT('',(-25.84605090043,-31.00906951702,100.));
#384 = CARTESIAN_POINT('',(-26.42222761939,-30.78319301261,100.));
#385 = CARTESIAN_POINT('',(-26.63230929229,-30.69428717787,100.));
#386 = CARTESIAN_POINT('',(-26.84000573659,-30.59940912648,100.));
#387 = CARTESIAN_POINT('',(-27.04507203305,-30.49837185622,100.));
#388 = CARTESIAN_POINT('',(-27.24721244914,-30.3910842916,100.));
#389 = CARTESIAN_POINT('',(-27.44608043895,-30.27755128387,100.));
#390 = CARTESIAN_POINT('',(-27.6412786433,-30.15787361102,100.));
#391 = CARTESIAN_POINT('',(-28.13263963187,-29.83482852118,100.));
#392 = CARTESIAN_POINT('',(-28.42292379212,-29.62239054227,100.));
#393 = CARTESIAN_POINT('',(-28.70218556316,-29.3950306456,100.));
#394 = CARTESIAN_POINT('',(-28.96874312507,-29.15354368903,100.));
#395 = CARTESIAN_POINT('',(-29.22027449885,-28.89672482684,100.));
#396 = CARTESIAN_POINT('',(-29.45619124228,-28.6249509696,100.));
#397 = CARTESIAN_POINT('',(-29.67823864463,-28.34216861051,100.));
#398 = CARTESIAN_POINT('',(-30.09209559616,-27.75472933397,100.));
#399 = CARTESIAN_POINT('',(-30.28412279387,-27.45016953429,100.));
#400 = CARTESIAN_POINT('',(-30.46151644092,-27.13623610428,100.));
#401 = CARTESIAN_POINT('',(-30.62317607466,-26.81469735529,100.));
#402 = CARTESIAN_POINT('',(-30.76897838495,-26.48663648433,100.));
#403 = CARTESIAN_POINT('',(-30.9001027268,-26.15288305186,100.));
#404 = CARTESIAN_POINT('',(-31.01811450956,-25.81448113658,100.));
#405 = CARTESIAN_POINT('',(-31.19064166317,-25.25387239519,100.));
#406 = CARTESIAN_POINT('',(-31.25263535192,-25.03430016042,100.));
#407 = CARTESIAN_POINT('',(-31.30978711361,-24.81337521827,100.));
#408 = CARTESIAN_POINT('',(-31.36234016335,-24.5913156144,100.));
#409 = CARTESIAN_POINT('',(-31.41053509643,-24.36831199326,100.));
#410 = CARTESIAN_POINT('',(-31.45460988826,-24.14452759814,100.));
#411 = CARTESIAN_POINT('',(-31.49479989444,-23.92009827115,100.));
#412 = CARTESIAN_POINT('',(-31.58349263255,-23.37401314727,100.));
#413 = CARTESIAN_POINT('',(-31.62818664419,-23.05185578495,100.));
#414 = CARTESIAN_POINT('',(-31.6661134193,-22.72884175982,100.));
#415 = CARTESIAN_POINT('',(-31.69797946881,-22.40514115286,100.));
#416 = CARTESIAN_POINT('',(-31.72448670589,-22.08092776979,100.));
#417 = CARTESIAN_POINT('',(-31.74632842045,-21.7563825714,100.));
#418 = CARTESIAN_POINT('',(-31.7641988031,-21.43168549684,100.));
#419 = CARTESIAN_POINT('',(-31.79489378234,-20.74986294176,100.));
#420 = CARTESIAN_POINT('',(-31.80704236293,-20.39262582182,100.));
#421 = CARTESIAN_POINT('',(-31.81638767297,-20.03532515081,100.));
#422 = CARTESIAN_POINT('',(-31.82381597041,-19.67796541931,100.));
#423 = CARTESIAN_POINT('',(-31.83051964495,-19.32058544552,100.));
#424 = CARTESIAN_POINT('',(-31.83761372679,-18.96320802119,100.));
#425 = CARTESIAN_POINT('',(-31.84587386921,-18.60580599626,100.));
#426 = CARTESIAN_POINT('',(-31.86546314197,-17.95593218458,100.));
#427 = CARTESIAN_POINT('',(-31.87602189763,-17.66344696671,100.));
#428 = CARTESIAN_POINT('',(-31.88928614219,-17.37108132002,100.));
#429 = CARTESIAN_POINT('',(-31.90621919421,-17.07894995557,100.));
#430 = CARTESIAN_POINT('',(-31.92778437227,-16.78716758438,100.));
#431 = CARTESIAN_POINT('',(-31.95494499495,-16.49584891749,100.));
#432 = CARTESIAN_POINT('',(-31.98866438082,-16.20510866594,100.));
#433 = CARTESIAN_POINT('',(-32.07572582911,-15.59281419044,100.));
#434 = CARTESIAN_POINT('',(-32.13087319336,-15.2712178479,100.));
#435 = CARTESIAN_POINT('',(-32.19642901569,-14.95123250858,100.));
#436 = CARTESIAN_POINT('',(-32.27304103076,-14.63371496401,100.));
#437 = CARTESIAN_POINT('',(-32.361474456,-14.31957870931,100.));
#438 = CARTESIAN_POINT('',(-32.46275554608,-14.00981835575,100.));
#439 = CARTESIAN_POINT('',(-32.57790787935,-13.70539854836,100.));
#440 = CARTESIAN_POINT('',(-32.86244681369,-13.04912887472,100.));
#441 = CARTESIAN_POINT('',(-33.03773026481,-12.69947724076,100.));
#442 = CARTESIAN_POINT('',(-33.23076902037,-12.35800789975,100.));
#443 = CARTESIAN_POINT('',(-33.43965885048,-12.02681762418,100.));
#444 = CARTESIAN_POINT('',(-33.66139279405,-11.70205430428,100.));
#445 = CARTESIAN_POINT('',(-33.89490859334,-11.38892806517,100.));
#446 = CARTESIAN_POINT('',(-34.13770524562,-11.08304433797,100.));
#447 = CARTESIAN_POINT('',(-34.51299412579,-10.63441740758,100.));
#448 = CARTESIAN_POINT('',(-34.64003694021,-10.48643726466,100.));
#449 = CARTESIAN_POINT('',(-34.76875810007,-10.33989207772,100.));
#450 = CARTESIAN_POINT('',(-34.89893174403,-10.19460405234,100.));
#451 = CARTESIAN_POINT('',(-35.03033201074,-10.05039539412,100.));
#452 = CARTESIAN_POINT('',(-35.16273303886,-9.90708830863,100.));
#453 = CARTESIAN_POINT('',(-35.29590896703,-9.764505001464,100.));
#454 = CARTESIAN_POINT('',(-35.58560355787,-9.45680296794,100.));
#455 = CARTESIAN_POINT('',(-35.74228248464,-9.291833925013,100.));
#456 = CARTESIAN_POINT('',(-35.89946293653,-9.127362771592,100.));
#457 = CARTESIAN_POINT('',(-36.05694159961,-8.963194471885,100.));
#458 = CARTESIAN_POINT('',(-36.21451962377,-8.799136732141,100.));
#459 = CARTESIAN_POINT('',(-36.3720026227,-8.635000000655,100.));
#460 = CARTESIAN_POINT('',(-36.52920067387,-8.470597467762,100.));
#461 = CARTESIAN_POINT('',(-36.95465854453,-8.023083871651,100.));
#462 = CARTESIAN_POINT('',(-37.2219699518,-7.739081588993,100.));
#463 = CARTESIAN_POINT('',(-37.48690952779,-7.452935322611,100.));
#464 = CARTESIAN_POINT('',(-37.74844787677,-7.163287354335,100.));
#465 = CARTESIAN_POINT('',(-38.00560028243,-6.869571571286,100.));
#466 = CARTESIAN_POINT('',(-38.25735507642,-6.57140167995,100.));
#467 = CARTESIAN_POINT('',(-38.50260278143,-6.267844602561,100.));
#468 = CARTESIAN_POINT('',(-38.97817432228,-5.648664250716,100.));
#469 = CARTESIAN_POINT('',(-39.20849528027,-5.333018580061,100.));
#470 = CARTESIAN_POINT('',(-39.42976905894,-5.011110914141,100.));
#471 = CARTESIAN_POINT('',(-39.64208564682,-4.681553336172,100.));
#472 = CARTESIAN_POINT('',(-39.84229318559,-4.345442930733,100.));
#473 = CARTESIAN_POINT('',(-40.02985243817,-4.001739416541,100.));
#474 = CARTESIAN_POINT('',(-40.20264119235,-3.650805475215,100.));
#475 = CARTESIAN_POINT('',(-40.45034084952,-3.083668202067,100.));
#476 = CARTESIAN_POINT('',(-40.5360251064,-2.87225210792,100.));
#477 = CARTESIAN_POINT('',(-40.61579975707,-2.65829963021,100.));
#478 = CARTESIAN_POINT('',(-40.68935938694,-2.441851722434,100.));
#479 = CARTESIAN_POINT('',(-40.75643048142,-2.223053098991,100.));
#480 = CARTESIAN_POINT('',(-40.81677142593,-2.002152235175,100.));
#481 = CARTESIAN_POINT('',(-40.87017250586,-1.779501367178,100.));
#482 = CARTESIAN_POINT('',(-40.98918981924,-1.203629306493,100.));
#483 = CARTESIAN_POINT('',(-41.04423538196,-0.848151072835,100.));
#484 = CARTESIAN_POINT('',(-41.08093554928,-0.489915456111,100.));
#485 = CARTESIAN_POINT('',(-41.09866314432,-0.130673731948,100.));
#486 = CARTESIAN_POINT('',(-41.09492432541,0.22878416713,100.));
#487 = CARTESIAN_POINT('',(-41.06956951708,0.58777563361,100.));
#488 = CARTESIAN_POINT('',(-41.02662341732,0.944744181268,100.));
#489 = CARTESIAN_POINT('',(-40.90388217821,1.652767534114,100.));
#490 = CARTESIAN_POINT('',(-40.82430961225,2.003907567409,100.));
#491 = CARTESIAN_POINT('',(-40.72776140581,2.351328275389,100.));
#492 = CARTESIAN_POINT('',(-40.61470979926,2.693001128469,100.));
#493 = CARTESIAN_POINT('',(-40.48583353508,3.028072997284,100.));
#494 = CARTESIAN_POINT('',(-40.34255313103,3.356791223947,100.));
#495 = CARTESIAN_POINT('',(-40.18671377382,3.679524444837,100.));
#496 = CARTESIAN_POINT('',(-39.91229865145,4.197929807731,100.));
#497 = CARTESIAN_POINT('',(-39.80087379299,4.397026981601,100.));
#498 = CARTESIAN_POINT('',(-39.68506866651,4.593656904572,100.));
#499 = CARTESIAN_POINT('',(-39.56520943263,4.787837374148,100.));
#500 = CARTESIAN_POINT('',(-39.44160102389,4.979603710882,100.));
#501 = CARTESIAN_POINT('',(-39.31452714476,5.169008758378,100.));
#502 = CARTESIAN_POINT('',(-39.18425027165,5.356122883293,100.));
#503 = CARTESIAN_POINT('',(-38.86082501401,5.804978614051,100.));
#504 = CARTESIAN_POINT('',(-38.66462879722,6.064381708271,100.));
#505 = CARTESIAN_POINT('',(-38.4630416695,6.319605395728,100.));
#506 = CARTESIAN_POINT('',(-38.25668347493,6.57102898968,100.));
#507 = CARTESIAN_POINT('',(-38.0461734403,6.81902591849,100.));
#508 = CARTESIAN_POINT('',(-37.83212975421,7.063958453549,100.));
#509 = CARTESIAN_POINT('',(-37.6151705197,7.306190225556,100.));
#510 = CARTESIAN_POINT('',(-37.15475379541,7.810016205784,100.));
#511 = CARTESIAN_POINT('',(-36.91073934913,8.071211339507,100.));
#512 = CARTESIAN_POINT('',(-36.66469775384,8.330469198994,100.));
#513 = CARTESIAN_POINT('',(-36.41725886386,8.588413287957,100.));
#514 = CARTESIAN_POINT('',(-36.16929327466,8.845859304621,100.));
#515 = CARTESIAN_POINT('',(-35.92160554785,9.103579578174,100.));
#516 = CARTESIAN_POINT('',(-35.67472495513,9.362141776336,100.));
#517 = CARTESIAN_POINT('',(-35.22904648359,9.835523663096,100.));
#518 = CARTESIAN_POINT('',(-35.02969437036,10.049808111779,100.));
#519 = CARTESIAN_POINT('',(-34.83233987627,10.265921080406,100.));
#520 = CARTESIAN_POINT('',(-34.63774528338,10.48446262512,100.));
#521 = CARTESIAN_POINT('',(-34.44667287373,10.706032802066,100.));
#522 = CARTESIAN_POINT('',(-34.25988492936,10.931231667388,100.));
#523 = CARTESIAN_POINT('',(-34.07814373233,11.160659277229,100.));
#524 = CARTESIAN_POINT('',(-33.70674789709,11.655178593397,100.));
#525 = CARTESIAN_POINT('',(-33.5183400177,11.921576623245,100.));
#526 = CARTESIAN_POINT('',(-33.3384311809,12.19419539307,100.));
#527 = CARTESIAN_POINT('',(-33.16808524737,12.472887077358,100.));
#528 = CARTESIAN_POINT('',(-33.00848924613,12.757546827946,100.));
#529 = CARTESIAN_POINT('',(-32.86107214518,13.048197020092,100.));
#530 = CARTESIAN_POINT('',(-32.72723983077,13.344879325949,100.));
#531 = CARTESIAN_POINT('',(-32.46438650424,14.010131472432,100.));
#532 = CARTESIAN_POINT('',(-32.3410895797,14.38131663087,100.));
#533 = CARTESIAN_POINT('',(-32.23613330626,14.75927093032,100.));
#534 = CARTESIAN_POINT('',(-32.14965383186,15.141165235784,100.));
#535 = CARTESIAN_POINT('',(-32.07680106125,15.527597156336,100.));
#536 = CARTESIAN_POINT('',(-32.02050797937,15.914131448786,100.));
#537 = CARTESIAN_POINT('',(-31.9758986809,16.302107065743,100.));
#538 = CARTESIAN_POINT('',(-31.92404084827,16.884703522533,100.));
#539 = CARTESIAN_POINT('',(-31.90923592131,17.079174120643,100.));
#540 = CARTESIAN_POINT('',(-31.89663243089,17.273816821099,100.));
#541 = CARTESIAN_POINT('',(-31.8859449493,17.468597635445,100.));
#542 = CARTESIAN_POINT('',(-31.8768880488,17.663482575225,100.));
#543 = CARTESIAN_POINT('',(-31.86917630167,17.858437651985,100.));
#544 = CARTESIAN_POINT('',(-31.8625242802,18.053428877269,100.));
#545 = CARTESIAN_POINT('',(-31.84979109536,18.47585208141,100.));
#546 = CARTESIAN_POINT('',(-31.84392909801,18.70329154194,100.));
#547 = CARTESIAN_POINT('',(-31.83877379351,18.930733573232,100.));
#548 = CARTESIAN_POINT('',(-31.83404350609,19.158172321768,100.));
#549 = CARTESIAN_POINT('',(-31.82946165526,19.385603151498,100.));
#550 = CARTESIAN_POINT('',(-31.82475675585,19.613022643837,100.));
#551 = CARTESIAN_POINT('',(-31.81966241798,19.840428597667,100.));
#552 = CARTESIAN_POINT('',(-31.80406666495,20.4577126416,100.));
#553 = CARTESIAN_POINT('',(-31.79226443377,20.847550290319,100.));
#554 = CARTESIAN_POINT('',(-31.77726903919,21.237226826462,100.));
#555 = CARTESIAN_POINT('',(-31.75739253677,21.626974409095,100.));
#556 = CARTESIAN_POINT('',(-31.73153832467,22.016497040873,100.));
#557 = CARTESIAN_POINT('',(-31.69871789459,22.405352515,100.));
#558 = CARTESIAN_POINT('',(-31.65748694197,22.793416098187,100.));
#559 = CARTESIAN_POINT('',(-31.55594017788,23.567522585256,100.));
#560 = CARTESIAN_POINT('',(-31.49560649497,23.953579290547,100.));
#561 = CARTESIAN_POINT('',(-31.42444759082,24.337666573739,100.));
#562 = CARTESIAN_POINT('',(-31.3415456918,24.720829470504,100.));
#563 = CARTESIAN_POINT('',(-31.24544785308,25.100063526156,100.));
#564 = CARTESIAN_POINT('',(-31.13503718693,25.47572303087,100.));
#565 = CARTESIAN_POINT('',(-31.00906951703,25.846050900422,100.));
#566 = CARTESIAN_POINT('',(-30.78319301261,26.422227619393,100.));
#567 = CARTESIAN_POINT('',(-30.69428717787,26.632309292296,100.));
#568 = CARTESIAN_POINT('',(-30.59940912648,26.840005736592,100.));
#569 = CARTESIAN_POINT('',(-30.49837185622,27.045072033058,100.));
#570 = CARTESIAN_POINT('',(-30.3910842916,27.24721244914,100.));
#571 = CARTESIAN_POINT('',(-30.27755128387,27.446080438957,100.));
#572 = CARTESIAN_POINT('',(-30.15787361102,27.641278643299,100.));
#573 = CARTESIAN_POINT('',(-29.83482852118,28.132639631871,100.));
#574 = CARTESIAN_POINT('',(-29.62239054227,28.422923792132,100.));
#575 = CARTESIAN_POINT('',(-29.39503064561,28.702185563159,100.));
#576 = CARTESIAN_POINT('',(-29.15354368903,28.968743125071,100.));
#577 = CARTESIAN_POINT('',(-28.89672482683,29.220274498856,100.));
#578 = CARTESIAN_POINT('',(-28.6249509696,29.456191242283,100.));
#579 = CARTESIAN_POINT('',(-28.34216861051,29.678238644639,100.));
#580 = CARTESIAN_POINT('',(-27.75472933397,30.092095596164,100.));
#581 = CARTESIAN_POINT('',(-27.45016953428,30.284122793873,100.));
#582 = CARTESIAN_POINT('',(-27.13623610429,30.461516440917,100.));
#583 = CARTESIAN_POINT('',(-26.81469735529,30.623176074664,100.));
#584 = CARTESIAN_POINT('',(-26.48663648432,30.768978384956,100.));
#585 = CARTESIAN_POINT('',(-26.15288305186,30.900102726807,100.));
#586 = CARTESIAN_POINT('',(-25.81448113658,31.01811450956,100.));
#587 = CARTESIAN_POINT('',(-25.25387239519,31.190641663176,100.));
#588 = CARTESIAN_POINT('',(-25.03430016042,31.252635351924,100.));
#589 = CARTESIAN_POINT('',(-24.81337521827,31.309787113613,100.));
#590 = CARTESIAN_POINT('',(-24.5913156144,31.362340163358,100.));
#591 = CARTESIAN_POINT('',(-24.36831199326,31.410535096433,100.));
#592 = CARTESIAN_POINT('',(-24.14452759814,31.454609888265,100.));
#593 = CARTESIAN_POINT('',(-23.92009827115,31.494799894441,100.));
#594 = CARTESIAN_POINT('',(-23.37401314727,31.583492632551,100.));
#595 = CARTESIAN_POINT('',(-23.05185578495,31.628186644198,100.));
#596 = CARTESIAN_POINT('',(-22.72884175982,31.666113419309,100.));
#597 = CARTESIAN_POINT('',(-22.40514115286,31.697979468813,100.));
#598 = CARTESIAN_POINT('',(-22.08092776979,31.724486705893,100.));
#599 = CARTESIAN_POINT('',(-21.7563825714,31.746328420458,100.));
#600 = CARTESIAN_POINT('',(-21.43168549684,31.764198803103,100.));
#601 = CARTESIAN_POINT('',(-20.74986294177,31.794893782343,100.));
#602 = CARTESIAN_POINT('',(-20.39262582181,31.807042362934,100.));
#603 = CARTESIAN_POINT('',(-20.03532515083,31.816387672971,100.));
#604 = CARTESIAN_POINT('',(-19.67796541932,31.823815970414,100.));
#605 = CARTESIAN_POINT('',(-19.32058544551,31.83051964496,100.));
#606 = CARTESIAN_POINT('',(-18.9632080212,31.837613726796,100.));
#607 = CARTESIAN_POINT('',(-18.60580599626,31.845873869219,100.));
#608 = CARTESIAN_POINT('',(-17.95593218458,31.865463141979,100.));
#609 = CARTESIAN_POINT('',(-17.66344696671,31.876021897637,100.));
#610 = CARTESIAN_POINT('',(-17.37108132003,31.889286142191,100.));
#611 = CARTESIAN_POINT('',(-17.07894995557,31.906219194214,100.));
#612 = CARTESIAN_POINT('',(-16.78716758438,31.927784372278,100.));
#613 = CARTESIAN_POINT('',(-16.49584891749,31.954944994957,100.));
#614 = CARTESIAN_POINT('',(-16.20510866594,31.988664380824,100.));
#615 = CARTESIAN_POINT('',(-15.59281419044,32.075725829111,100.));
#616 = CARTESIAN_POINT('',(-15.2712178479,32.130873193368,100.));
#617 = CARTESIAN_POINT('',(-14.95123250858,32.196429015691,100.));
#618 = CARTESIAN_POINT('',(-14.63371496401,32.273041030762,100.));
#619 = CARTESIAN_POINT('',(-14.31957870931,32.361474456008,100.));
#620 = CARTESIAN_POINT('',(-14.00981835575,32.462755546088,100.));
#621 = CARTESIAN_POINT('',(-13.70539854836,32.577907879357,100.));
#622 = CARTESIAN_POINT('',(-13.04912887473,32.862446813692,100.));
#623 = CARTESIAN_POINT('',(-12.69947724073,33.037730264833,100.));
#624 = CARTESIAN_POINT('',(-12.35800789981,33.230769020315,100.));
#625 = CARTESIAN_POINT('',(-12.02681762409,33.439658850581,100.));
#626 = CARTESIAN_POINT('',(-11.70205430436,33.661392793967,100.));
#627 = CARTESIAN_POINT('',(-11.38892806513,33.894908593384,100.));
#628 = CARTESIAN_POINT('',(-11.08304433798,34.137705245619,100.));
#629 = CARTESIAN_POINT('',(-10.63441740758,34.512994125798,100.));
#630 = CARTESIAN_POINT('',(-10.48643726466,34.640036940212,100.));
#631 = CARTESIAN_POINT('',(-10.33989207772,34.768758100072,100.));
#632 = CARTESIAN_POINT('',(-10.19460405234,34.898931744032,100.));
#633 = CARTESIAN_POINT('',(-10.05039539412,35.030332010744,100.));
#634 = CARTESIAN_POINT('',(-9.907088308631,35.162733038861,100.));
#635 = CARTESIAN_POINT('',(-9.764505001465,35.295908967036,100.));
#636 = CARTESIAN_POINT('',(-9.456802967941,35.585603557869,100.));
#637 = CARTESIAN_POINT('',(-9.291833925014,35.742282484643,100.));
#638 = CARTESIAN_POINT('',(-9.127362771593,35.899462936528,100.));
#639 = CARTESIAN_POINT('',(-8.963194471886,36.05694159961,100.));
#640 = CARTESIAN_POINT('',(-8.799136732143,36.214519623772,100.));
#641 = CARTESIAN_POINT('',(-8.635000000656,36.3720026227,100.));
#642 = CARTESIAN_POINT('',(-8.470597467763,36.529200673877,100.));
#643 = CARTESIAN_POINT('',(-8.023083871652,36.954658544538,100.));
#644 = CARTESIAN_POINT('',(-7.739081588996,37.221969951805,100.));
#645 = CARTESIAN_POINT('',(-7.452935322609,37.486909527798,100.));
#646 = CARTESIAN_POINT('',(-7.163287354337,37.748447876774,100.));
#647 = CARTESIAN_POINT('',(-6.869571571291,38.005600282426,100.));
#648 = CARTESIAN_POINT('',(-6.571401679948,38.257355076422,100.));
#649 = CARTESIAN_POINT('',(-6.267844602564,38.502602781428,100.));
#650 = CARTESIAN_POINT('',(-5.648664250706,38.978174322292,100.));
#651 = CARTESIAN_POINT('',(-5.333018580107,39.208495280237,100.));
#652 = CARTESIAN_POINT('',(-5.011110914054,39.429769059033,100.));
#653 = CARTESIAN_POINT('',(-4.681553336281,39.642085646715,100.));
#654 = CARTESIAN_POINT('',(-4.34544293065,39.842293185668,100.));
#655 = CARTESIAN_POINT('',(-4.001739416584,40.029852438143,100.));
#656 = CARTESIAN_POINT('',(-3.650805475205,40.202641192357,100.));
#657 = CARTESIAN_POINT('',(-3.083668202069,40.450340849523,100.));
#658 = CARTESIAN_POINT('',(-2.872252107922,40.536025106401,100.));
#659 = CARTESIAN_POINT('',(-2.658299630211,40.615799757071,100.));
#660 = CARTESIAN_POINT('',(-2.441851722435,40.689359386942,100.));
#661 = CARTESIAN_POINT('',(-2.223053098992,40.756430481426,100.));
#662 = CARTESIAN_POINT('',(-2.002152235176,40.816771425931,100.));
#663 = CARTESIAN_POINT('',(-1.779501367179,40.870172505865,100.));
#664 = CARTESIAN_POINT('',(-1.203629306496,40.989189819243,100.));
#665 = CARTESIAN_POINT('',(-0.84815107283,41.044235381961,100.));
#666 = CARTESIAN_POINT('',(-0.48991545612,41.080935549286,100.));
#667 = CARTESIAN_POINT('',(-0.130673731948,41.098663144326,100.));
#668 = CARTESIAN_POINT('',(0.228784167136,41.094924325413,100.));
#669 = CARTESIAN_POINT('',(0.5877756336,41.069569517089,100.));
#670 = CARTESIAN_POINT('',(0.94474418127,41.026623417325,100.));
#671 = CARTESIAN_POINT('',(1.652767534112,40.903882178215,100.));
#672 = CARTESIAN_POINT('',(2.003907567407,40.82430961225,100.));
#673 = CARTESIAN_POINT('',(2.351328275388,40.727761405817,100.));
#674 = CARTESIAN_POINT('',(2.693001128469,40.614709799262,100.));
#675 = CARTESIAN_POINT('',(3.028072997282,40.485833535077,100.));
#676 = CARTESIAN_POINT('',(3.356791223944,40.342553131035,100.));
#677 = CARTESIAN_POINT('',(3.679524444837,40.186713773822,100.));
#678 = CARTESIAN_POINT('',(4.19792980773,39.912298651453,100.));
#679 = CARTESIAN_POINT('',(4.397026981599,39.800873792992,100.));
#680 = CARTESIAN_POINT('',(4.593656904571,39.685068666514,100.));
#681 = CARTESIAN_POINT('',(4.787837374147,39.565209432633,100.));
#682 = CARTESIAN_POINT('',(4.979603710881,39.44160102389,100.));
#683 = CARTESIAN_POINT('',(5.169008758377,39.314527144761,100.));
#684 = CARTESIAN_POINT('',(5.356122883292,39.184250271654,100.));
#685 = CARTESIAN_POINT('',(5.80497861405,38.860825014014,100.));
#686 = CARTESIAN_POINT('',(6.064381708271,38.664628797221,100.));
#687 = CARTESIAN_POINT('',(6.319605395727,38.463041669504,100.));
#688 = CARTESIAN_POINT('',(6.571028989678,38.25668347494,100.));
#689 = CARTESIAN_POINT('',(6.819025918489,38.04617344031,100.));
#690 = CARTESIAN_POINT('',(7.063958453549,37.832129754213,100.));
#691 = CARTESIAN_POINT('',(7.306190225555,37.615170519709,100.));
#692 = CARTESIAN_POINT('',(7.810016205781,37.154753795421,100.));
#693 = CARTESIAN_POINT('',(8.071211339512,36.910739349125,100.));
#694 = CARTESIAN_POINT('',(8.330469198988,36.664697753849,100.));
#695 = CARTESIAN_POINT('',(8.588413287956,36.417258863869,100.));
#696 = CARTESIAN_POINT('',(8.845859304626,36.169293274659,100.));
#697 = CARTESIAN_POINT('',(9.103579578169,35.921605547862,100.));
#698 = CARTESIAN_POINT('',(9.362141776337,35.674724955136,100.));
#699 = CARTESIAN_POINT('',(9.835523663095,35.229046483591,100.));
#700 = CARTESIAN_POINT('',(10.049808111778,35.029694370362,100.));
#701 = CARTESIAN_POINT('',(10.265921080405,34.832339876278,100.));
#702 = CARTESIAN_POINT('',(10.484462625119,34.637745283386,100.));
#703 = CARTESIAN_POINT('',(10.706032802066,34.446672873734,100.));
#704 = CARTESIAN_POINT('',(10.931231667387,34.259884929368,100.));
#705 = CARTESIAN_POINT('',(11.160659277228,34.078143732335,100.));
#706 = CARTESIAN_POINT('',(11.655178593396,33.706747897093,100.));
#707 = CARTESIAN_POINT('',(11.921576623245,33.518340017707,100.));
#708 = CARTESIAN_POINT('',(12.194195393069,33.338431180903,100.));
#709 = CARTESIAN_POINT('',(12.472887077357,33.168085247371,100.));
#710 = CARTESIAN_POINT('',(12.757546827945,33.008489246133,100.));
#711 = CARTESIAN_POINT('',(13.048197020092,32.861072145189,100.));
#712 = CARTESIAN_POINT('',(13.344879325948,32.727239830779,100.));
#713 = CARTESIAN_POINT('',(14.010131472446,32.464386504243,100.));
#714 = CARTESIAN_POINT('',(14.381316630809,32.34108957973,100.));
#715 = CARTESIAN_POINT('',(14.759270930442,32.236133306206,100.));
#716 = CARTESIAN_POINT('',(15.141165235629,32.149653831926,100.));
#717 = CARTESIAN_POINT('',(15.527597156455,32.076801061207,100.));
#718 = CARTESIAN_POINT('',(15.914131448728,32.02050797939,100.));
#719 = CARTESIAN_POINT('',(16.302107065756,31.975898680908,100.));
#720 = CARTESIAN_POINT('',(16.884703522533,31.924040848281,100.));
#721 = CARTESIAN_POINT('',(17.079174120644,31.909235921317,100.));
#722 = CARTESIAN_POINT('',(17.2738168211,31.896632430902,100.));
#723 = CARTESIAN_POINT('',(17.468597635446,31.885944949308,100.));
#724 = CARTESIAN_POINT('',(17.663482575226,31.876888048811,100.));
#725 = CARTESIAN_POINT('',(17.858437651986,31.869176301685,100.));
#726 = CARTESIAN_POINT('',(18.053428877269,31.862524280205,100.));
#727 = CARTESIAN_POINT('',(18.475852081408,31.84979109536,100.));
#728 = CARTESIAN_POINT('',(18.703291541938,31.843929098007,100.));
#729 = CARTESIAN_POINT('',(18.930733573229,31.838773793506,100.));
#730 = CARTESIAN_POINT('',(19.158172321764,31.834043506078,100.));
#731 = CARTESIAN_POINT('',(19.385603151493,31.829461655244,100.));
#732 = CARTESIAN_POINT('',(19.613022643831,31.824756755827,100.));
#733 = CARTESIAN_POINT('',(19.84042859766,31.819662417947,100.));
#734 = CARTESIAN_POINT('',(20.457712641595,31.804066664915,100.));
#735 = CARTESIAN_POINT('',(20.847550290312,31.792264433752,100.));
#736 = CARTESIAN_POINT('',(21.237226826462,31.777269039172,100.));
#737 = CARTESIAN_POINT('',(21.6269744091,31.757392536797,100.));
#738 = CARTESIAN_POINT('',(22.016497040885,31.731538324756,100.));
#739 = CARTESIAN_POINT('',(22.405352515023,31.698717894706,100.));
#740 = CARTESIAN_POINT('',(22.793416098212,31.657486942115,100.));
#741 = CARTESIAN_POINT('',(23.567522585274,31.555940178003,100.));
#742 = CARTESIAN_POINT('',(23.9535792906,31.495606495042,100.));
#743 = CARTESIAN_POINT('',(24.337666573685,31.424447590872,100.));
#744 = CARTESIAN_POINT('',(24.72082947054,31.341545691551,100.));
#745 = CARTESIAN_POINT('',(25.100063526023,31.245447852744,100.));
#746 = CARTESIAN_POINT('',(25.475723030787,31.13503718643,100.));
#747 = CARTESIAN_POINT('',(25.846050900299,31.009069516512,100.));
#748 = CARTESIAN_POINT('',(26.42222761932,30.78319301227,100.));
#749 = CARTESIAN_POINT('',(26.632309292248,30.694287177643,100.));
#750 = CARTESIAN_POINT('',(26.840005736585,30.599409126442,100.));
#751 = CARTESIAN_POINT('',(27.045072033103,30.498371856437,100.));
#752 = CARTESIAN_POINT('',(27.247212449247,30.391084292124,100.));
#753 = CARTESIAN_POINT('',(27.446080439129,30.277551284721,100.));
#754 = CARTESIAN_POINT('',(27.641278643533,30.157873612171,100.));
#755 = CARTESIAN_POINT('',(28.132639632248,29.834828522869,100.));
#756 = CARTESIAN_POINT('',(28.422923792447,29.622390544135,100.));
#757 = CARTESIAN_POINT('',(28.702185563514,29.39503064731,100.));
#758 = CARTESIAN_POINT('',(28.968743125387,29.15354369022,100.));
#759 = CARTESIAN_POINT('',(29.220274498798,28.896724826487,100.));
#760 = CARTESIAN_POINT('',(29.456191241641,28.624950966799,100.));
#761 = CARTESIAN_POINT('',(29.678238643696,28.342168605953,100.));
#762 = CARTESIAN_POINT('',(30.092095594732,27.754729327587,100.));
#763 = CARTESIAN_POINT('',(30.284122792785,27.450169527709,100.));
#764 = CARTESIAN_POINT('',(30.461516439534,27.136236098393,100.));
#765 = CARTESIAN_POINT('',(30.623176074009,26.814697353069,100.));
#766 = CARTESIAN_POINT('',(30.768978386125,26.486636489243,100.));
#767 = CARTESIAN_POINT('',(30.900102729732,26.152883065351,100.));
#768 = CARTESIAN_POINT('',(31.018114513636,25.81448115667,100.));
#769 = CARTESIAN_POINT('',(31.190641669636,25.253872415715,100.));
#770 = CARTESIAN_POINT('',(31.252635359542,25.03430017802,100.));
#771 = CARTESIAN_POINT('',(31.309787121497,24.813375231859,100.));
#772 = CARTESIAN_POINT('',(31.362340170422,24.591315622562,100.));
#773 = CARTESIAN_POINT('',(31.410535101544,24.368311994472,100.));
#774 = CARTESIAN_POINT('',(31.454609890404,24.144527590944,100.));
#775 = CARTESIAN_POINT('',(31.494799892851,23.920098254347,100.));
#776 = CARTESIAN_POINT('',(31.583492622281,23.374013097974,100.));
#777 = CARTESIAN_POINT('',(31.628186628764,23.051855711165,100.));
#778 = CARTESIAN_POINT('',(31.666113399649,22.72884166512,100.));
#779 = CARTESIAN_POINT('',(31.697979446481,22.405141045193,100.));
#780 = CARTESIAN_POINT('',(31.724486683378,22.080927662032,100.));
#781 = CARTESIAN_POINT('',(31.746328401777,21.756382482365,100.));
#782 = CARTESIAN_POINT('',(31.764198793734,21.431685451135,100.));
#783 = CARTESIAN_POINT('',(31.794893806136,20.749862989622,100.));
#784 = CARTESIAN_POINT('',(31.807042409625,20.39262590189,100.));
#785 = CARTESIAN_POINT('',(31.816387743972,20.035325267994,100.));
#786 = CARTESIAN_POINT('',(31.823816054904,19.677965554227,100.));
#787 = CARTESIAN_POINT('',(31.830519733595,19.320585579096,100.));
#788 = CARTESIAN_POINT('',(31.837613807756,18.963208128402,100.));
#789 = CARTESIAN_POINT('',(31.845873911896,18.605806018746,100.));
#790 = CARTESIAN_POINT('',(31.865463070198,17.955931839903,100.));
#791 = CARTESIAN_POINT('',(31.876021763711,17.663446323614,100.));
#792 = CARTESIAN_POINT('',(31.889285946196,17.37108037888,100.));
#793 = CARTESIAN_POINT('',(31.906218949094,17.078948778532,100.));
#794 = CARTESIAN_POINT('',(31.927784103846,16.7871662954,100.));
#795 = CARTESIAN_POINT('',(31.954944741895,16.495847702312,100.));
#796 = CARTESIAN_POINT('',(31.988664194681,16.205107772101,100.));
#797 = CARTESIAN_POINT('',(32.075725922615,15.59281461116,100.));
#798 = CARTESIAN_POINT('',(32.130873538156,15.271219465595,100.));
#799 = CARTESIAN_POINT('',(32.196429609299,14.951235412873,100.));
#800 = CARTESIAN_POINT('',(32.273041847467,14.633718951025,100.));
#801 = CARTESIAN_POINT('',(32.361475405207,14.319583224396,100.));
#802 = CARTESIAN_POINT('',(32.462756407068,14.009822401028,100.));
#803 = CARTESIAN_POINT('',(32.577908312662,13.705400707162,100.));
#804 = CARTESIAN_POINT('',(32.862445225611,13.049124615847,100.));
#805 = CARTESIAN_POINT('',(33.037728172261,12.699466739193,100.));
#806 = CARTESIAN_POINT('',(33.230764373718,12.35798816675,100.));
#807 = CARTESIAN_POINT('',(33.439659444786,12.026804241235,100.));
#808 = CARTESIAN_POINT('',(33.661385383611,11.702032977352,100.));
#809 = CARTESIAN_POINT('',(33.894908958404,11.388929966557,100.));
#810 = CARTESIAN_POINT('',(34.137710415581,11.083066219715,100.));
#811 = CARTESIAN_POINT('',(34.513004013575,10.634464887727,100.));
#812 = CARTESIAN_POINT('',(34.640048309728,10.486491859977,100.));
#813 = CARTESIAN_POINT('',(34.7687704925,10.339951584954,100.));
#814 = CARTESIAN_POINT('',(34.898944496794,10.194665289867,100.));
#815 = CARTESIAN_POINT('',(35.030344257516,10.050454201925,100.));
#816 = CARTESIAN_POINT('',(35.16274370957,9.907139548335,100.));
#817 = CARTESIAN_POINT('',(35.295916787861,9.764542556305,100.));
#818 = CARTESIAN_POINT('',(35.585603878693,9.45679351444,100.));
#819 = CARTESIAN_POINT('',(35.742274452339,9.291789302674,100.));
#820 = CARTESIAN_POINT('',(35.899443339642,9.127277422618,100.));
#821 = CARTESIAN_POINT('',(36.056909279854,8.963066365038,100.));
#822 = CARTESIAN_POINT('',(36.21447556007,8.798967506585,100.));
#823 = CARTESIAN_POINT('',(36.37195001523,8.634795109803,100.));
#824 = CARTESIAN_POINT('',(36.529145028115,8.470366323125,100.));
#825 = CARTESIAN_POINT('',(36.887376606142,8.093546585006,100.));
#826 = CARTESIAN_POINT('',(37.088093280157,7.880879034328,100.));
#827 = CARTESIAN_POINT('',(37.287628644082,7.667079558411,100.));
#828 = CARTESIAN_POINT('',(37.48557087346,7.451757174481,100.));
#829 = CARTESIAN_POINT('',(37.681494697388,7.234548235807,100.));
#830 = CARTESIAN_POINT('',(37.874960869216,7.015115780094,100.));
#831 = CARTESIAN_POINT('',(38.06551563725,6.79314887787,100.));
#832 = CARTESIAN_POINT('',(38.398295560553,6.393497562708,100.));
#833 = CARTESIAN_POINT('',(38.54185909482,6.216919942281,100.));
#834 = CARTESIAN_POINT('',(38.683165182577,6.038482328404,100.));
#835 = CARTESIAN_POINT('',(38.821997968847,5.858038805009,100.));
#836 = CARTESIAN_POINT('',(38.958141379342,5.67544433116,100.));
#837 = CARTESIAN_POINT('',(39.091379120468,5.490554741046,100.));
#838 = CARTESIAN_POINT('',(39.221494679319,5.303226743984,100.));
#839 = CARTESIAN_POINT('',(39.529377624114,4.842024391582,100.));
#840 = CARTESIAN_POINT('',(39.703624945916,4.565558329249,100.));
#841 = CARTESIAN_POINT('',(39.870106971197,4.284102171206,100.));
#842 = CARTESIAN_POINT('',(40.027917382065,3.997838351235,100.));
#843 = CARTESIAN_POINT('',(40.176149860626,3.706949303124,100.));
#844 = CARTESIAN_POINT('',(40.313898088989,3.411617460655,100.));
#845 = CARTESIAN_POINT('',(40.44025574926,3.112025257615,100.));
#846 = CARTESIAN_POINT('',(40.679786298179,2.474310203137,100.));
#847 = CARTESIAN_POINT('',(40.790352247815,2.13538995651,100.));
#848 = CARTESIAN_POINT('',(40.884891710323,1.791641793307,100.));
#849 = CARTESIAN_POINT('',(40.96233377637,1.443022785601,100.));
#850 = CARTESIAN_POINT('',(41.021577445453,1.089542702887,100.));
#851 = CARTESIAN_POINT('',(41.061514931781,0.73122341458,100.));
#852 = CARTESIAN_POINT('',(41.081065795112,0.368038887302,100.));
#853 = CARTESIAN_POINT('',(41.079127571612,-2.015971294702E-15,100.));
#854 = PCURVE('',#43,#855);
#855 = DEFINITIONAL_REPRESENTATION('',(#856),#1594);
#856 = B_SPLINE_CURVE_WITH_KNOTS('',8,(#857,#858,#859,#860,#861,#862,
    #863,#864,#865,#866,#867,#868,#869,#870,#871,#872,#873,#874,#875,
    #876,#877,#878,#879,#880,#881,#882,#883,#884,#885,#886,#887,#888,
    #889,#890,#891,#892,#893,#894,#895,#896,#897,#898,#899,#900,#901,
    #902,#903,#904,#905,#906,#907,#908,#909,#910,#911,#912,#913,#914,
    #915,#916,#917,#918,#919,#920,#921,#922,#923,#924,#925,#926,#927,
    #928,#929,#930,#931,#932,#933,#934,#935,#936,#937,#938,#939,#940,
    #941,#942,#943,#944,#945,#946,#947,#948,#949,#950,#951,#952,#953,
    #954,#955,#956,#957,#958,#959,#960,#961,#962,#963,#964,#965,#966,
    #967,#968,#969,#970,#971,#972,#973,#974,#975,#976,#977,#978,#979,
    #980,#981,#982,#983,#984,#985,#986,#987,#988,#989,#990,#991,#992,
    #993,#994,#995,#996,#997,#998,#999,#1000,#1001,#1002,#1003,#1004,
    #1005,#1006,#1007,#1008,#1009,#1010,#1011,#1012,#1013,#1014,#1015,
    #1016,#1017,#1018,#1019,#1020,#1021,#1022,#1023,#1024,#1025,#1026,
    #1027,#1028,#1029,#1030,#1031,#1032,#1033,#1034,#1035,#1036,#1037,
    #1038,#1039,#1040,#1041,#1042,#1043,#1044,#1045,#1046,#1047,#1048,
    #1049,#1050,#1051,#1052,#1053,#1054,#1055,#1056,#1057,#1058,#1059,
    #1060,#1061,#1062,#1063,#1064,#1065,#1066,#1067,#1068,#1069,#1070,
    #1071,#1072,#1073,#1074,#1075,#1076,#1077,#1078,#1079,#1080,#1081,
    #1082,#1083,#1084,#1085,#1086,#1087,#1088,#1089,#1090,#1091,#1092,
    #1093,#1094,#1095,#1096,#1097,#1098,#1099,#1100,#1101,#1102,#1103,
    #1104,#1105,#1106,#1107,#1108,#1109,#1110,#1111,#1112,#1113,#1114,
    #1115,#1116,#1117,#1118,#1119,#1120,#1121,#1122,#1123,#1124,#1125,
    #1126,#1127,#1128,#1129,#1130,#1131,#1132,#1133,#1134,#1135,#1136,
    #1137,#1138,#1139,#1140,#1141,#1142,#1143,#1144,#1145,#1146,#1147,
    #1148,#1149,#1150,#1151,#1152,#1153,#1154,#1155,#1156,#1157,#1158,
    #1159,#1160,#1161,#1162,#1163,#1164,#1165,#1166,#1167,#1168,#1169,
    #1170,#1171,#1172,#1173,#1174,#1175,#1176,#1177,#1178,#1179,#1180,
    #1181,#1182,#1183,#1184,#1185,#1186,#1187,#1188,#1189,#1190,#1191,
    #1192,#1193,#1194,#1195,#1196,#1197,#1198,#1199,#1200,#1201,#1202,
    #1203,#1204,#1205,#1206,#1207,#1208,#1209,#1210,#1211,#1212,#1213,
    #1214,#1215,#1216,#1217,#1218,#1219,#1220,#1221,#1222,#1223,#1224,
    #1225,#1226,#1227,#1228,#1229,#1230,#1231,#1232,#1233,#1234,#1235,
    #1236,#1237,#1238,#1239,#1240,#1241,#1242,#1243,#1244,#1245,#1246,
    #1247,#1248,#1249,#1250,#1251,#1252,#1253,#1254,#1255,#1256,#1257,
    #1258,#1259,#1260,#1261,#1262,#1263,#1264,#1265,#1266,#1267,#1268,
    #1269,#1270,#1271,#1272,#1273,#1274,#1275,#1276,#1277,#1278,#1279,
    #1280,#1281,#1282,#1283,#1284,#1285,#1286,#1287,#1288,#1289,#1290,
    #1291,#1292,#1293,#1294,#1295,#1296,#1297,#1298,#1299,#1300,#1301,
    #1302,#1303,#1304,#1305,#1306,#1307,#1308,#1309,#1310,#1311,#1312,
    #1313,#1314,#1315,#1316,#1317,#1318,#1319,#1320,#1321,#1322,#1323,
    #1324,#1325,#1326,#1327,#1328,#1329,#1330,#1331,#1332,#1333,#1334,
    #1335,#1336,#1337,#1338,#1339,#1340,#1341,#1342,#1343,#1344,#1345,
    #1346,#1347,#1348,#1349,#1350,#1351,#1352,#1353,#1354,#1355,#1356,
    #1357,#1358,#1359,#1360,#1361,#1362,#1363,#1364,#1365,#1366,#1367,
    #1368,#1369,#1370,#1371,#1372,#1373,#1374,#1375,#1376,#1377,#1378,
    #1379,#1380,#1381,#1382,#1383,#1384,#1385,#1386,#1387,#1388,#1389,
    #1390,#1391,#1392,#1393,#1394,#1395,#1396,#1397,#1398,#1399,#1400,
    #1401,#1402,#1403,#1404,#1405,#1406,#1407,#1408,#1409,#1410,#1411,
    #1412,#1413,#1414,#1415,#1416,#1417,#1418,#1419,#1420,#1421,#1422,
    #1423,#1424,#1425,#1426,#1427,#1428,#1429,#1430,#1431,#1432,#1433,
    #1434,#1435,#1436,#1437,#1438,#1439,#1440,#1441,#1442,#1443,#1444,
    #1445,#1446,#1447,#1448,#1449,#1450,#1451,#1452,#1453,#1454,#1455,
    #1456,#1457,#1458,#1459,#1460,#1461,#1462,#1463,#1464,#1465,#1466,
    #1467,#1468,#1469,#1470,#1471,#1472,#1473,#1474,#1475,#1476,#1477,
    #1478,#1479,#1480,#1481,#1482,#1483,#1484,#1485,#1486,#1487,#1488,
    #1489,#1490,#1491,#1492,#1493,#1494,#1495,#1496,#1497,#1498,#1499,
    #1500,#1501,#1502,#1503,#1504,#1505,#1506,#1507,#1508,#1509,#1510,
    #1511,#1512,#1513,#1514,#1515,#1516,#1517,#1518,#1519,#1520,#1521,
    #1522,#1523,#1524,#1525,#1526,#1527,#1528,#1529,#1530,#1531,#1532,
    #1533,#1534,#1535,#1536,#1537,#1538,#1539,#1540,#1541,#1542,#1543,
    #1544,#1545,#1546,#1547,#1548,#1549,#1550,#1551,#1552,#1553,#1554,
    #1555,#1556,#1557,#1558,#1559,#1560,#1561,#1562,#1563,#1564,#1565,
    #1566,#1567,#1568,#1569,#1570,#1571,#1572,#1573,#1574,#1575,#1576,
    #1577,#1578,#1579,#1580,#1581,#1582,#1583,#1584,#1585,#1586,#1587,
    #1588,#1589,#1590,#1591,#1592,#1593),.UNSPECIFIED.,.T.,.F.,(9,7,7,7,
    7,7,7,7,7,7,7,7,7,7,7,7,7,7,7,7,7,7,7,7,7,7,7,7,7,7,7,7,7,7,7,7,7,7,
    7,7,7,7,7,7,7,7,7,7,7,7,7,7,7,7,7,7,7,7,7,7,7,7,7,7,7,7,7,7,7,7,7,7,
    7,7,7,7,7,7,7,7,7,7,7,7,7,7,7,7,7,7,7,7,7,7,7,7,7,7,7,7,7,7,7,7,7,9)
  ,(0.,7.029305657165E-03,1.807403870112E-02,2.910196153404E-02,
    3.911437233794E-02,5.013033936957E-02,5.714008451552E-02,
    6.715281452317E-02,7.81682971376E-02,8.617629458865E-02,
    9.418409203616E-02,0.103192326996,0.112205938755,0.119215087231,
    0.130229895656,0.141242153985,0.148247828422,0.15824782457,
    0.1692470177,0.178248979888,0.188250314881,0.20024551912,
    0.206246164817,0.213244995886,0.225245415198,0.237258867692,
    0.244266566654,0.255279097181,0.266289078139,0.273293303779,
    0.283291231895,0.294288150356,0.303288250908,0.313287517593,
    0.325280241183,0.331279645927,0.338277029614,0.350274967199,
    0.362285935272,0.369292185019,0.380302438118,0.391310142177,
    0.39831291932,0.408308779832,0.419303424095,0.428301663398,
    0.438298862201,0.450289105658,0.456287269706,0.463283206311,
    0.475278662684,0.487287146849,0.49429194768,0.505299923822,
    0.51630535145,0.523306680395,0.533300473729,0.544292844262,
    0.553289222698,0.563284354047,0.575272117881,0.581269041487,
    0.588263531308,0.600256506979,0.612262507748,0.619265859962,
    0.630271559618,0.641274711286,0.648274592333,0.658266318917,
    0.66925641619,0.678250934145,0.688243998467,0.700229283191,
    0.706224966613,0.71321800995,0.725208505434,0.737212023322,
    0.744213927219,0.755217350859,0.766218227038,0.773216660486,
    0.783206320747,0.794194145231,0.803186803089,0.813177800812,
    0.825160606938,0.831155050433,0.838146647585,0.850134663394,
    0.862135698915,0.869136154795,0.88013730289,0.891135904048,
    0.898132890326,0.908120485105,0.919106039425,0.928096843344,
    0.93808578183,0.950066080601,0.956059281542,0.963049513471,
    0.972036323922,0.979027271357,0.989014163128,1.),.UNSPECIFIED.);
#857 = CARTESIAN_POINT('',(7.105427357601E-15,-41.07912757161));
#858 = CARTESIAN_POINT('',(-0.23420640647,-41.07789415749));
#859 = CARTESIAN_POINT('',(-0.466446366112,-41.06877812029));
#860 = CARTESIAN_POINT('',(-0.696719943376,-41.0519457571));
#861 = CARTESIAN_POINT('',(-0.925027202718,-41.027563365));
#862 = CARTESIAN_POINT('',(-1.151368208588,-40.99579724105));
#863 = CARTESIAN_POINT('',(-1.375743025442,-40.95681368234));
#864 = CARTESIAN_POINT('',(-1.598151717731,-40.91077898594));
#865 = CARTESIAN_POINT('',(-2.16496284527,-40.77471010423));
#866 = CARTESIAN_POINT('',(-2.506588123091,-40.67455709243));
#867 = CARTESIAN_POINT('',(-2.843321375275,-40.55809693268));
#868 = CARTESIAN_POINT('',(-3.175207078411,-40.4253889543));
#869 = CARTESIAN_POINT('',(-3.502071878701,-40.27825048874));
#870 = CARTESIAN_POINT('',(-3.823609027285,-40.11860478956));
#871 = CARTESIAN_POINT('',(-4.139542446939,-39.94695302262));
#872 = CARTESIAN_POINT('',(-4.758894885657,-39.58360703429));
#873 = CARTESIAN_POINT('',(-5.062410848213,-39.39181510606));
#874 = CARTESIAN_POINT('',(-5.360004408674,-39.1909984948));
#875 = CARTESIAN_POINT('',(-5.65136002683,-38.98235757287));
#876 = CARTESIAN_POINT('',(-5.93717848801,-38.76660122124));
#877 = CARTESIAN_POINT('',(-6.21827056379,-38.54444293457));
#878 = CARTESIAN_POINT('',(-6.494698210236,-38.31698228686));
#879 = CARTESIAN_POINT('',(-7.014705730832,-37.87419248836));
#880 = CARTESIAN_POINT('',(-7.258915853958,-37.65971839945));
#881 = CARTESIAN_POINT('',(-7.500266113414,-37.44209306154));
#882 = CARTESIAN_POINT('',(-7.739196169411,-37.22191015286));
#883 = CARTESIAN_POINT('',(-7.976215143408,-36.99974804707));
#884 = CARTESIAN_POINT('',(-8.211890043597,-36.77617124486));
#885 = CARTESIAN_POINT('',(-8.446808126864,-36.5517286509));
#886 = CARTESIAN_POINT('',(-8.939743044915,-36.07963877053));
#887 = CARTESIAN_POINT('',(-9.197557511958,-35.83190306813));
#888 = CARTESIAN_POINT('',(-9.456194884686,-35.5850471939));
#889 = CARTESIAN_POINT('',(-9.715357241668,-35.33849650564));
#890 = CARTESIAN_POINT('',(-9.976353442898,-35.09381248788));
#891 = CARTESIAN_POINT('',(-10.24094984831,-34.85317282273));
#892 = CARTESIAN_POINT('',(-10.50976561731,-34.61730300723));
#893 = CARTESIAN_POINT('',(-10.95858334221,-34.24183880036));
#894 = CARTESIAN_POINT('',(-11.13522166551,-34.09846033246));
#895 = CARTESIAN_POINT('',(-11.31440837878,-33.95801920686));
#896 = CARTESIAN_POINT('',(-11.49646093357,-33.82085760746));
#897 = CARTESIAN_POINT('',(-11.68157026511,-33.68735265872));
#898 = CARTESIAN_POINT('',(-11.86980079225,-33.55791642569));
#899 = CARTESIAN_POINT('',(-12.06109041751,-33.43299591398));
#900 = CARTESIAN_POINT('',(-12.53258910566,-33.14177510731));
#901 = CARTESIAN_POINT('',(-12.81627361215,-32.98089610258));
#902 = CARTESIAN_POINT('',(-13.10552632358,-32.83018423408));
#903 = CARTESIAN_POINT('',(-13.40092596426,-32.69280614526));
#904 = CARTESIAN_POINT('',(-13.7027470757,-32.57079906878));
#905 = CARTESIAN_POINT('',(-14.01026636557,-32.46338010016));
#906 = CARTESIAN_POINT('',(-14.3220360357,-32.36811262098));
#907 = CARTESIAN_POINT('',(-14.9837675097,-32.19341655488));
#908 = CARTESIAN_POINT('',(-15.3345369353,-32.11645633985));
#909 = CARTESIAN_POINT('',(-15.68838444237,-32.05240217472));
#910 = CARTESIAN_POINT('',(-16.04321480609,-32.00128955216));
#911 = CARTESIAN_POINT('',(-16.39861882871,-31.96131954712));
#912 = CARTESIAN_POINT('',(-16.75484730578,-31.93002834679));
#913 = CARTESIAN_POINT('',(-17.11141212079,-31.906074573));
#914 = CARTESIAN_POINT('',(-17.72844156155,-31.87412744903));
#915 = CARTESIAN_POINT('',(-17.98838301793,-31.86360608359));
#916 = CARTESIAN_POINT('',(-18.24840914985,-31.85524177425));
#917 = CARTESIAN_POINT('',(-18.50843755383,-31.84836563794));
#918 = CARTESIAN_POINT('',(-18.76841960052,-31.84240973546));
#919 = CARTESIAN_POINT('',(-19.02834043466,-31.8369070715));
#920 = CARTESIAN_POINT('',(-19.28821897507,-31.83149159462));
#921 = CARTESIAN_POINT('',(-19.80799036349,-31.82030493954));
#922 = CARTESIAN_POINT('',(-20.06783212162,-31.81446754966));
#923 = CARTESIAN_POINT('',(-20.32765252989,-31.80797023803));
#924 = CARTESIAN_POINT('',(-20.58746125387,-31.80040340644));
#925 = CARTESIAN_POINT('',(-20.84725828387,-31.79136364797));
#926 = CARTESIAN_POINT('',(-21.10703393499,-31.78045374705));
#927 = CARTESIAN_POINT('',(-21.36676884709,-31.7672826794));
#928 = CARTESIAN_POINT('',(-21.91853984621,-31.73367247234));
#929 = CARTESIAN_POINT('',(-22.21048908463,-31.71255551702));
#930 = CARTESIAN_POINT('',(-22.50215371435,-31.68760459686));
#931 = CARTESIAN_POINT('',(-22.79340574966,-31.65830956257));
#932 = CARTESIAN_POINT('',(-23.08411720485,-31.6241602649));
#933 = CARTESIAN_POINT('',(-23.3741600942,-31.58464655457));
#934 = CARTESIAN_POINT('',(-23.66340643201,-31.53925828231));
#935 = CARTESIAN_POINT('',(-24.24022212548,-31.43568141336));
#936 = CARTESIAN_POINT('',(-24.5276933082,-31.37751368787));
#937 = CARTESIAN_POINT('',(-24.81384325222,-31.3124833646));
#938 = CARTESIAN_POINT('',(-25.09829979938,-31.2400757763));
#939 = CARTESIAN_POINT('',(-25.3806311443,-31.1597708277));
#940 = CARTESIAN_POINT('',(-25.66035981682,-31.07105347695));
#941 = CARTESIAN_POINT('',(-25.93697666452,-30.97342421705));
#942 = CARTESIAN_POINT('',(-26.42222762656,-30.78319301113));
#943 = CARTESIAN_POINT('',(-26.6323092952,-30.69428717728));
#944 = CARTESIAN_POINT('',(-26.84000573579,-30.59940912667));
#945 = CARTESIAN_POINT('',(-27.04507202944,-30.49837185699));
#946 = CARTESIAN_POINT('',(-27.24721244378,-30.39108429271));
#947 = CARTESIAN_POINT('',(-27.44608043284,-30.27755128512));
#948 = CARTESIAN_POINT('',(-27.64127863713,-30.15787361227));
#949 = CARTESIAN_POINT('',(-28.13263962612,-29.83482852241));
#950 = CARTESIAN_POINT('',(-28.42292378794,-29.62239054314));
#951 = CARTESIAN_POINT('',(-28.70218556114,-29.39503064594));
#952 = CARTESIAN_POINT('',(-28.96874312522,-29.15354368904));
#953 = CARTESIAN_POINT('',(-29.22027450028,-28.89672482663));
#954 = CARTESIAN_POINT('',(-29.45619124392,-28.62495096918));
#955 = CARTESIAN_POINT('',(-29.67823864637,-28.34216861017));
#956 = CARTESIAN_POINT('',(-30.09209559753,-27.75472933368));
#957 = CARTESIAN_POINT('',(-30.28412279478,-27.45016953411));
#958 = CARTESIAN_POINT('',(-30.46151644119,-27.13623610422));
#959 = CARTESIAN_POINT('',(-30.62317607443,-26.81469735533));
#960 = CARTESIAN_POINT('',(-30.7689783845,-26.48663648442));
#961 = CARTESIAN_POINT('',(-30.90010272631,-26.15288305197));
#962 = CARTESIAN_POINT('',(-31.01811450906,-25.81448113668));
#963 = CARTESIAN_POINT('',(-31.19064166279,-25.25387239527));
#964 = CARTESIAN_POINT('',(-31.25263535161,-25.03430016049));
#965 = CARTESIAN_POINT('',(-31.30978711338,-24.81337521833));
#966 = CARTESIAN_POINT('',(-31.36234016321,-24.59131561444));
#967 = CARTESIAN_POINT('',(-31.41053509636,-24.36831199329));
#968 = CARTESIAN_POINT('',(-31.45460988826,-24.14452759815));
#969 = CARTESIAN_POINT('',(-31.49479989449,-23.92009827115));
#970 = CARTESIAN_POINT('',(-31.58349263268,-23.37401314724));
#971 = CARTESIAN_POINT('',(-31.62818664434,-23.05185578492));
#972 = CARTESIAN_POINT('',(-31.66611341944,-22.72884175979));
#973 = CARTESIAN_POINT('',(-31.69797946892,-22.40514115283));
#974 = CARTESIAN_POINT('',(-31.72448670597,-22.08092776977));
#975 = CARTESIAN_POINT('',(-31.7463284205,-21.7563825714));
#976 = CARTESIAN_POINT('',(-31.76419880311,-21.43168549684));
#977 = CARTESIAN_POINT('',(-31.79489378231,-20.74986294177));
#978 = CARTESIAN_POINT('',(-31.80704236289,-20.39262582183));
#979 = CARTESIAN_POINT('',(-31.81638767293,-20.03532515082));
#980 = CARTESIAN_POINT('',(-31.82381597038,-19.67796541932));
#981 = CARTESIAN_POINT('',(-31.83051964493,-19.32058544552));
#982 = CARTESIAN_POINT('',(-31.83761372678,-18.9632080212));
#983 = CARTESIAN_POINT('',(-31.84587386921,-18.60580599626));
#984 = CARTESIAN_POINT('',(-31.86546314198,-17.95593218458));
#985 = CARTESIAN_POINT('',(-31.87602189764,-17.66344696671));
#986 = CARTESIAN_POINT('',(-31.8892861422,-17.37108132002));
#987 = CARTESIAN_POINT('',(-31.90621919422,-17.07894995557));
#988 = CARTESIAN_POINT('',(-31.92778437228,-16.78716758438));
#989 = CARTESIAN_POINT('',(-31.95494499496,-16.49584891749));
#990 = CARTESIAN_POINT('',(-31.98866438082,-16.20510866594));
#991 = CARTESIAN_POINT('',(-32.0757258291,-15.59281419045));
#992 = CARTESIAN_POINT('',(-32.13087319336,-15.2712178479));
#993 = CARTESIAN_POINT('',(-32.19642901568,-14.95123250858));
#994 = CARTESIAN_POINT('',(-32.27304103076,-14.63371496401));
#995 = CARTESIAN_POINT('',(-32.361474456,-14.31957870931));
#996 = CARTESIAN_POINT('',(-32.46275554608,-14.00981835575));
#997 = CARTESIAN_POINT('',(-32.57790787935,-13.70539854836));
#998 = CARTESIAN_POINT('',(-32.86244681369,-13.04912887471));
#999 = CARTESIAN_POINT('',(-33.0377302648,-12.6994772408));
#1000 = CARTESIAN_POINT('',(-33.23076902039,-12.35800789967));
#1001 = CARTESIAN_POINT('',(-33.43965885045,-12.02681762429));
#1002 = CARTESIAN_POINT('',(-33.66139279407,-11.7020543042));
#1003 = CARTESIAN_POINT('',(-33.89490859332,-11.38892806521));
#1004 = CARTESIAN_POINT('',(-34.13770524563,-11.08304433796));
#1005 = CARTESIAN_POINT('',(-34.51299412579,-10.63441740758));
#1006 = CARTESIAN_POINT('',(-34.64003694021,-10.48643726466));
#1007 = CARTESIAN_POINT('',(-34.76875810007,-10.33989207772));
#1008 = CARTESIAN_POINT('',(-34.89893174403,-10.19460405234));
#1009 = CARTESIAN_POINT('',(-35.03033201074,-10.05039539412));
#1010 = CARTESIAN_POINT('',(-35.16273303886,-9.907088308631));
#1011 = CARTESIAN_POINT('',(-35.29590896703,-9.764505001465));
#1012 = CARTESIAN_POINT('',(-35.58560355786,-9.456802967941));
#1013 = CARTESIAN_POINT('',(-35.74228248464,-9.291833925014));
#1014 = CARTESIAN_POINT('',(-35.89946293652,-9.127362771593));
#1015 = CARTESIAN_POINT('',(-36.05694159961,-8.963194471886));
#1016 = CARTESIAN_POINT('',(-36.21451962377,-8.799136732142));
#1017 = CARTESIAN_POINT('',(-36.3720026227,-8.635000000656));
#1018 = CARTESIAN_POINT('',(-36.52920067387,-8.470597467763));
#1019 = CARTESIAN_POINT('',(-36.95465854453,-8.023083871656));
#1020 = CARTESIAN_POINT('',(-37.22196995181,-7.739081588985));
#1021 = CARTESIAN_POINT('',(-37.48690952778,-7.452935322623));
#1022 = CARTESIAN_POINT('',(-37.74844787677,-7.163287354334));
#1023 = CARTESIAN_POINT('',(-38.00560028243,-6.869571571276));
#1024 = CARTESIAN_POINT('',(-38.2573550764,-6.571401679965));
#1025 = CARTESIAN_POINT('',(-38.50260278143,-6.267844602556));
#1026 = CARTESIAN_POINT('',(-38.97817432228,-5.648664250713));
#1027 = CARTESIAN_POINT('',(-39.20849528026,-5.333018580085));
#1028 = CARTESIAN_POINT('',(-39.42976905898,-5.011110914087));
#1029 = CARTESIAN_POINT('',(-39.64208564677,-4.681553336253));
#1030 = CARTESIAN_POINT('',(-39.84229318563,-4.345442930664));
#1031 = CARTESIAN_POINT('',(-40.02985243815,-4.00173941658));
#1032 = CARTESIAN_POINT('',(-40.20264119235,-3.650805475206));
#1033 = CARTESIAN_POINT('',(-40.45034084952,-3.083668202068));
#1034 = CARTESIAN_POINT('',(-40.5360251064,-2.872252107921));
#1035 = CARTESIAN_POINT('',(-40.61579975707,-2.658299630211));
#1036 = CARTESIAN_POINT('',(-40.68935938694,-2.441851722435));
#1037 = CARTESIAN_POINT('',(-40.75643048142,-2.223053098992));
#1038 = CARTESIAN_POINT('',(-40.81677142593,-2.002152235176));
#1039 = CARTESIAN_POINT('',(-40.87017250586,-1.779501367179));
#1040 = CARTESIAN_POINT('',(-40.98918981924,-1.203629306491));
#1041 = CARTESIAN_POINT('',(-41.04423538195,-0.848151072844));
#1042 = CARTESIAN_POINT('',(-41.08093554928,-0.489915456106));
#1043 = CARTESIAN_POINT('',(-41.09866314432,-0.130673731947));
#1044 = CARTESIAN_POINT('',(-41.09492432541,0.228784167122));
#1045 = CARTESIAN_POINT('',(-41.06956951708,0.587775633613));
#1046 = CARTESIAN_POINT('',(-41.02662341732,0.944744181266));
#1047 = CARTESIAN_POINT('',(-40.90388217821,1.652767534113));
#1048 = CARTESIAN_POINT('',(-40.82430961225,2.003907567411));
#1049 = CARTESIAN_POINT('',(-40.72776140581,2.351328275383));
#1050 = CARTESIAN_POINT('',(-40.61470979926,2.69300112847));
#1051 = CARTESIAN_POINT('',(-40.48583353507,3.028072997287));
#1052 = CARTESIAN_POINT('',(-40.34255313103,3.356791223939));
#1053 = CARTESIAN_POINT('',(-40.18671377382,3.67952444484));
#1054 = CARTESIAN_POINT('',(-39.91229865145,4.19792980773));
#1055 = CARTESIAN_POINT('',(-39.80087379299,4.3970269816));
#1056 = CARTESIAN_POINT('',(-39.68506866651,4.593656904571));
#1057 = CARTESIAN_POINT('',(-39.56520943263,4.787837374147));
#1058 = CARTESIAN_POINT('',(-39.44160102389,4.979603710881));
#1059 = CARTESIAN_POINT('',(-39.31452714476,5.169008758378));
#1060 = CARTESIAN_POINT('',(-39.18425027165,5.356122883292));
#1061 = CARTESIAN_POINT('',(-38.86082501401,5.80497861405));
#1062 = CARTESIAN_POINT('',(-38.66462879722,6.064381708272));
#1063 = CARTESIAN_POINT('',(-38.4630416695,6.319605395728));
#1064 = CARTESIAN_POINT('',(-38.25668347494,6.571028989679));
#1065 = CARTESIAN_POINT('',(-38.04617344031,6.819025918489));
#1066 = CARTESIAN_POINT('',(-37.83212975421,7.06395845355));
#1067 = CARTESIAN_POINT('',(-37.6151705197,7.306190225555));
#1068 = CARTESIAN_POINT('',(-37.15475379541,7.810016205784));
#1069 = CARTESIAN_POINT('',(-36.91073934913,8.071211339507));
#1070 = CARTESIAN_POINT('',(-36.66469775384,8.330469198991));
#1071 = CARTESIAN_POINT('',(-36.41725886386,8.588413287959));
#1072 = CARTESIAN_POINT('',(-36.16929327466,8.845859304624));
#1073 = CARTESIAN_POINT('',(-35.92160554786,9.10357957817));
#1074 = CARTESIAN_POINT('',(-35.67472495513,9.362141776338));
#1075 = CARTESIAN_POINT('',(-35.22904648359,9.835523663096));
#1076 = CARTESIAN_POINT('',(-35.02969437036,10.049808111779));
#1077 = CARTESIAN_POINT('',(-34.83233987627,10.265921080405));
#1078 = CARTESIAN_POINT('',(-34.63774528338,10.48446262512));
#1079 = CARTESIAN_POINT('',(-34.44667287373,10.706032802066));
#1080 = CARTESIAN_POINT('',(-34.25988492936,10.931231667388));
#1081 = CARTESIAN_POINT('',(-34.07814373233,11.160659277229));
#1082 = CARTESIAN_POINT('',(-33.70674789709,11.655178593397));
#1083 = CARTESIAN_POINT('',(-33.5183400177,11.921576623245));
#1084 = CARTESIAN_POINT('',(-33.3384311809,12.19419539307));
#1085 = CARTESIAN_POINT('',(-33.16808524737,12.472887077358));
#1086 = CARTESIAN_POINT('',(-33.00848924613,12.757546827946));
#1087 = CARTESIAN_POINT('',(-32.86107214518,13.048197020092));
#1088 = CARTESIAN_POINT('',(-32.72723983077,13.344879325949));
#1089 = CARTESIAN_POINT('',(-32.46438650424,14.010131472443));
#1090 = CARTESIAN_POINT('',(-32.34108957972,14.381316630818));
#1091 = CARTESIAN_POINT('',(-32.23613330622,14.759270930441));
#1092 = CARTESIAN_POINT('',(-32.1496538319,15.141165235618));
#1093 = CARTESIAN_POINT('',(-32.07680106122,15.527597156477));
#1094 = CARTESIAN_POINT('',(-32.02050797938,15.914131448717));
#1095 = CARTESIAN_POINT('',(-31.9758986809,16.302107065759));
#1096 = CARTESIAN_POINT('',(-31.92404084827,16.884703522533));
#1097 = CARTESIAN_POINT('',(-31.90923592131,17.079174120644));
#1098 = CARTESIAN_POINT('',(-31.89663243089,17.273816821099));
#1099 = CARTESIAN_POINT('',(-31.8859449493,17.468597635445));
#1100 = CARTESIAN_POINT('',(-31.8768880488,17.663482575225));
#1101 = CARTESIAN_POINT('',(-31.86917630167,17.858437651985));
#1102 = CARTESIAN_POINT('',(-31.8625242802,18.053428877269));
#1103 = CARTESIAN_POINT('',(-31.84979109536,18.47585208141));
#1104 = CARTESIAN_POINT('',(-31.84392909801,18.703291541941));
#1105 = CARTESIAN_POINT('',(-31.83877379351,18.930733573233));
#1106 = CARTESIAN_POINT('',(-31.83404350609,19.158172321769));
#1107 = CARTESIAN_POINT('',(-31.82946165526,19.385603151499));
#1108 = CARTESIAN_POINT('',(-31.82475675585,19.613022643838));
#1109 = CARTESIAN_POINT('',(-31.81966241798,19.840428597667));
#1110 = CARTESIAN_POINT('',(-31.80406666495,20.457712641597));
#1111 = CARTESIAN_POINT('',(-31.79226443377,20.84755029033));
#1112 = CARTESIAN_POINT('',(-31.77726903919,21.237226826452));
#1113 = CARTESIAN_POINT('',(-31.75739253677,21.626974409095));
#1114 = CARTESIAN_POINT('',(-31.73153832467,22.016497040885));
#1115 = CARTESIAN_POINT('',(-31.69871789459,22.405352514992));
#1116 = CARTESIAN_POINT('',(-31.65748694197,22.793416098191));
#1117 = CARTESIAN_POINT('',(-31.55594017788,23.567522585268));
#1118 = CARTESIAN_POINT('',(-31.49560649498,23.953579290505));
#1119 = CARTESIAN_POINT('',(-31.42444759081,24.337666573819));
#1120 = CARTESIAN_POINT('',(-31.3415456918,24.720829470414));
#1121 = CARTESIAN_POINT('',(-31.24544785307,25.100063526226));
#1122 = CARTESIAN_POINT('',(-31.13503718694,25.475723030838));
#1123 = CARTESIAN_POINT('',(-31.00906951702,25.846050900431));
#1124 = CARTESIAN_POINT('',(-30.78319301261,26.422227619394));
#1125 = CARTESIAN_POINT('',(-30.69428717787,26.632309292297));
#1126 = CARTESIAN_POINT('',(-30.59940912648,26.840005736593));
#1127 = CARTESIAN_POINT('',(-30.49837185622,27.045072033059));
#1128 = CARTESIAN_POINT('',(-30.3910842916,27.247212449141));
#1129 = CARTESIAN_POINT('',(-30.27755128387,27.446080438958));
#1130 = CARTESIAN_POINT('',(-30.15787361102,27.6412786433));
#1131 = CARTESIAN_POINT('',(-29.83482852118,28.132639631876));
#1132 = CARTESIAN_POINT('',(-29.62239054227,28.422923792124));
#1133 = CARTESIAN_POINT('',(-29.3950306456,28.702185563167));
#1134 = CARTESIAN_POINT('',(-29.15354368903,28.968743125074));
#1135 = CARTESIAN_POINT('',(-28.89672482684,29.22027449885));
#1136 = CARTESIAN_POINT('',(-28.6249509696,29.456191242289));
#1137 = CARTESIAN_POINT('',(-28.34216861051,29.678238644639));
#1138 = CARTESIAN_POINT('',(-27.75472933397,30.092095596167));
#1139 = CARTESIAN_POINT('',(-27.45016953429,30.284122793871));
#1140 = CARTESIAN_POINT('',(-27.13623610428,30.46151644092));
#1141 = CARTESIAN_POINT('',(-26.81469735529,30.623176074665));
#1142 = CARTESIAN_POINT('',(-26.48663648433,30.768978384954));
#1143 = CARTESIAN_POINT('',(-26.15288305186,30.900102726809));
#1144 = CARTESIAN_POINT('',(-25.81448113658,31.01811450956));
#1145 = CARTESIAN_POINT('',(-25.25387239519,31.190641663177));
#1146 = CARTESIAN_POINT('',(-25.03430016042,31.252635351924));
#1147 = CARTESIAN_POINT('',(-24.81337521827,31.309787113613));
#1148 = CARTESIAN_POINT('',(-24.5913156144,31.362340163359));
#1149 = CARTESIAN_POINT('',(-24.36831199326,31.410535096433));
#1150 = CARTESIAN_POINT('',(-24.14452759814,31.454609888265));
#1151 = CARTESIAN_POINT('',(-23.92009827115,31.494799894442));
#1152 = CARTESIAN_POINT('',(-23.37401314727,31.583492632551));
#1153 = CARTESIAN_POINT('',(-23.05185578495,31.628186644199));
#1154 = CARTESIAN_POINT('',(-22.72884175982,31.666113419309));
#1155 = CARTESIAN_POINT('',(-22.40514115286,31.697979468812));
#1156 = CARTESIAN_POINT('',(-22.08092776979,31.724486705893));
#1157 = CARTESIAN_POINT('',(-21.7563825714,31.746328420458));
#1158 = CARTESIAN_POINT('',(-21.43168549684,31.764198803103));
#1159 = CARTESIAN_POINT('',(-20.74986294176,31.794893782344));
#1160 = CARTESIAN_POINT('',(-20.39262582182,31.807042362934));
#1161 = CARTESIAN_POINT('',(-20.03532515081,31.816387672972));
#1162 = CARTESIAN_POINT('',(-19.67796541931,31.823815970414));
#1163 = CARTESIAN_POINT('',(-19.32058544552,31.830519644959));
#1164 = CARTESIAN_POINT('',(-18.96320802119,31.837613726797));
#1165 = CARTESIAN_POINT('',(-18.60580599626,31.845873869219));
#1166 = CARTESIAN_POINT('',(-17.95593218458,31.865463141979));
#1167 = CARTESIAN_POINT('',(-17.66344696671,31.876021897637));
#1168 = CARTESIAN_POINT('',(-17.37108132002,31.889286142191));
#1169 = CARTESIAN_POINT('',(-17.07894995557,31.906219194214));
#1170 = CARTESIAN_POINT('',(-16.78716758438,31.927784372278));
#1171 = CARTESIAN_POINT('',(-16.49584891749,31.954944994958));
#1172 = CARTESIAN_POINT('',(-16.20510866594,31.988664380824));
#1173 = CARTESIAN_POINT('',(-15.59281419044,32.075725829111));
#1174 = CARTESIAN_POINT('',(-15.2712178479,32.130873193368));
#1175 = CARTESIAN_POINT('',(-14.95123250858,32.196429015691));
#1176 = CARTESIAN_POINT('',(-14.63371496401,32.273041030763));
#1177 = CARTESIAN_POINT('',(-14.31957870931,32.361474456009));
#1178 = CARTESIAN_POINT('',(-14.00981835575,32.462755546088));
#1179 = CARTESIAN_POINT('',(-13.70539854836,32.577907879358));
#1180 = CARTESIAN_POINT('',(-13.04912887472,32.862446813696));
#1181 = CARTESIAN_POINT('',(-12.69947724076,33.037730264813));
#1182 = CARTESIAN_POINT('',(-12.35800789975,33.230769020377));
#1183 = CARTESIAN_POINT('',(-12.02681762418,33.439658850489));
#1184 = CARTESIAN_POINT('',(-11.70205430428,33.66139279405));
#1185 = CARTESIAN_POINT('',(-11.38892806517,33.894908593345));
#1186 = CARTESIAN_POINT('',(-11.08304433797,34.137705245629));
#1187 = CARTESIAN_POINT('',(-10.63441740758,34.512994125799));
#1188 = CARTESIAN_POINT('',(-10.48643726466,34.640036940213));
#1189 = CARTESIAN_POINT('',(-10.33989207772,34.768758100074));
#1190 = CARTESIAN_POINT('',(-10.19460405234,34.898931744034));
#1191 = CARTESIAN_POINT('',(-10.05039539412,35.030332010746));
#1192 = CARTESIAN_POINT('',(-9.90708830863,35.162733038863));
#1193 = CARTESIAN_POINT('',(-9.764505001464,35.295908967037));
#1194 = CARTESIAN_POINT('',(-9.45680296794,35.58560355787));
#1195 = CARTESIAN_POINT('',(-9.291833925013,35.742282484644));
#1196 = CARTESIAN_POINT('',(-9.127362771592,35.89946293653));
#1197 = CARTESIAN_POINT('',(-8.963194471885,36.056941599611));
#1198 = CARTESIAN_POINT('',(-8.799136732141,36.214519623774));
#1199 = CARTESIAN_POINT('',(-8.635000000655,36.372002622701));
#1200 = CARTESIAN_POINT('',(-8.470597467762,36.529200673879));
#1201 = CARTESIAN_POINT('',(-8.023083871651,36.954658544539));
#1202 = CARTESIAN_POINT('',(-7.739081588993,37.221969951808));
#1203 = CARTESIAN_POINT('',(-7.452935322611,37.486909527796));
#1204 = CARTESIAN_POINT('',(-7.163287354335,37.748447876776));
#1205 = CARTESIAN_POINT('',(-6.869571571286,38.00560028243));
#1206 = CARTESIAN_POINT('',(-6.57140167995,38.257355076421));
#1207 = CARTESIAN_POINT('',(-6.267844602561,38.50260278143));
#1208 = CARTESIAN_POINT('',(-5.648664250716,38.978174322284));
#1209 = CARTESIAN_POINT('',(-5.333018580061,39.208495280278));
#1210 = CARTESIAN_POINT('',(-5.011110914141,39.429769058947));
#1211 = CARTESIAN_POINT('',(-4.681553336172,39.642085646823));
#1212 = CARTESIAN_POINT('',(-4.345442930733,39.842293185591));
#1213 = CARTESIAN_POINT('',(-4.001739416541,40.029852438175));
#1214 = CARTESIAN_POINT('',(-3.650805475215,40.202641192353));
#1215 = CARTESIAN_POINT('',(-3.083668202067,40.450340849524));
#1216 = CARTESIAN_POINT('',(-2.87225210792,40.536025106402));
#1217 = CARTESIAN_POINT('',(-2.65829963021,40.615799757071));
#1218 = CARTESIAN_POINT('',(-2.441851722434,40.689359386943));
#1219 = CARTESIAN_POINT('',(-2.223053098991,40.756430481426));
#1220 = CARTESIAN_POINT('',(-2.002152235175,40.816771425931));
#1221 = CARTESIAN_POINT('',(-1.779501367178,40.870172505866));
#1222 = CARTESIAN_POINT('',(-1.203629306493,40.989189819244));
#1223 = CARTESIAN_POINT('',(-0.848151072835,41.044235381963));
#1224 = CARTESIAN_POINT('',(-0.489915456111,41.080935549282));
#1225 = CARTESIAN_POINT('',(-0.130673731948,41.098663144327));
#1226 = CARTESIAN_POINT('',(0.22878416713,41.094924325417));
#1227 = CARTESIAN_POINT('',(0.58777563361,41.069569517086));
#1228 = CARTESIAN_POINT('',(0.944744181268,41.026623417325));
#1229 = CARTESIAN_POINT('',(1.652767534114,40.903882178214));
#1230 = CARTESIAN_POINT('',(2.003907567409,40.824309612252));
#1231 = CARTESIAN_POINT('',(2.351328275389,40.727761405812));
#1232 = CARTESIAN_POINT('',(2.693001128469,40.614709799262));
#1233 = CARTESIAN_POINT('',(3.028072997284,40.485833535081));
#1234 = CARTESIAN_POINT('',(3.356791223947,40.342553131031));
#1235 = CARTESIAN_POINT('',(3.679524444837,40.186713773822));
#1236 = CARTESIAN_POINT('',(4.197929807731,39.912298651452));
#1237 = CARTESIAN_POINT('',(4.397026981601,39.800873792991));
#1238 = CARTESIAN_POINT('',(4.593656904572,39.685068666514));
#1239 = CARTESIAN_POINT('',(4.787837374148,39.565209432632));
#1240 = CARTESIAN_POINT('',(4.979603710882,39.44160102389));
#1241 = CARTESIAN_POINT('',(5.169008758378,39.314527144761));
#1242 = CARTESIAN_POINT('',(5.356122883293,39.184250271653));
#1243 = CARTESIAN_POINT('',(5.804978614051,38.860825014013));
#1244 = CARTESIAN_POINT('',(6.064381708271,38.664628797222));
#1245 = CARTESIAN_POINT('',(6.319605395728,38.463041669503));
#1246 = CARTESIAN_POINT('',(6.57102898968,38.256683474938));
#1247 = CARTESIAN_POINT('',(6.81902591849,38.046173440309));
#1248 = CARTESIAN_POINT('',(7.063958453549,37.832129754213));
#1249 = CARTESIAN_POINT('',(7.306190225556,37.615170519708));
#1250 = CARTESIAN_POINT('',(7.810016205784,37.154753795418));
#1251 = CARTESIAN_POINT('',(8.071211339507,36.91073934913));
#1252 = CARTESIAN_POINT('',(8.330469198994,36.664697753842));
#1253 = CARTESIAN_POINT('',(8.588413287957,36.417258863867));
#1254 = CARTESIAN_POINT('',(8.845859304621,36.169293274664));
#1255 = CARTESIAN_POINT('',(9.103579578174,35.921605547856));
#1256 = CARTESIAN_POINT('',(9.362141776336,35.674724955136));
#1257 = CARTESIAN_POINT('',(9.835523663096,35.22904648359));
#1258 = CARTESIAN_POINT('',(10.049808111779,35.029694370361));
#1259 = CARTESIAN_POINT('',(10.265921080406,34.832339876277));
#1260 = CARTESIAN_POINT('',(10.48446262512,34.637745283386));
#1261 = CARTESIAN_POINT('',(10.706032802066,34.446672873733));
#1262 = CARTESIAN_POINT('',(10.931231667388,34.259884929367));
#1263 = CARTESIAN_POINT('',(11.160659277229,34.078143732334));
#1264 = CARTESIAN_POINT('',(11.655178593397,33.706747897092));
#1265 = CARTESIAN_POINT('',(11.921576623245,33.518340017706));
#1266 = CARTESIAN_POINT('',(12.19419539307,33.338431180902));
#1267 = CARTESIAN_POINT('',(12.472887077358,33.16808524737));
#1268 = CARTESIAN_POINT('',(12.757546827946,33.008489246132));
#1269 = CARTESIAN_POINT('',(13.048197020092,32.861072145188));
#1270 = CARTESIAN_POINT('',(13.344879325949,32.727239830779));
#1271 = CARTESIAN_POINT('',(14.010131472432,32.464386504249));
#1272 = CARTESIAN_POINT('',(14.38131663087,32.341089579704));
#1273 = CARTESIAN_POINT('',(14.75927093032,32.236133306264));
#1274 = CARTESIAN_POINT('',(15.141165235784,32.149653831863));
#1275 = CARTESIAN_POINT('',(15.527597156336,32.076801061252));
#1276 = CARTESIAN_POINT('',(15.914131448786,32.020507979376));
#1277 = CARTESIAN_POINT('',(16.302107065743,31.975898680906));
#1278 = CARTESIAN_POINT('',(16.884703522533,31.924040848274));
#1279 = CARTESIAN_POINT('',(17.079174120643,31.90923592131));
#1280 = CARTESIAN_POINT('',(17.273816821099,31.896632430894));
#1281 = CARTESIAN_POINT('',(17.468597635445,31.8859449493));
#1282 = CARTESIAN_POINT('',(17.663482575225,31.876888048803));
#1283 = CARTESIAN_POINT('',(17.858437651985,31.869176301678));
#1284 = CARTESIAN_POINT('',(18.053428877269,31.8625242802));
#1285 = CARTESIAN_POINT('',(18.475852081409,31.849791095361));
#1286 = CARTESIAN_POINT('',(18.70329154194,31.843929098013));
#1287 = CARTESIAN_POINT('',(18.930733573232,31.838773793518));
#1288 = CARTESIAN_POINT('',(19.158172321768,31.834043506096));
#1289 = CARTESIAN_POINT('',(19.385603151498,31.829461655268));
#1290 = CARTESIAN_POINT('',(19.613022643837,31.824756755856));
#1291 = CARTESIAN_POINT('',(19.840428597667,31.81966241798));
#1292 = CARTESIAN_POINT('',(20.4577126416,31.80406666495));
#1293 = CARTESIAN_POINT('',(20.847550290319,31.792264433778));
#1294 = CARTESIAN_POINT('',(21.237226826462,31.777269039194));
#1295 = CARTESIAN_POINT('',(21.626974409095,31.757392536774));
#1296 = CARTESIAN_POINT('',(22.016497040873,31.731538324674));
#1297 = CARTESIAN_POINT('',(22.405352515,31.698717894592));
#1298 = CARTESIAN_POINT('',(22.793416098187,31.657486941976));
#1299 = CARTESIAN_POINT('',(23.567522585256,31.555940177883));
#1300 = CARTESIAN_POINT('',(23.953579290547,31.495606494979));
#1301 = CARTESIAN_POINT('',(24.337666573739,31.424447590822));
#1302 = CARTESIAN_POINT('',(24.720829470504,31.341545691804));
#1303 = CARTESIAN_POINT('',(25.100063526156,31.245447853081));
#1304 = CARTESIAN_POINT('',(25.47572303087,31.135037186935));
#1305 = CARTESIAN_POINT('',(25.846050900422,31.009069517033));
#1306 = CARTESIAN_POINT('',(26.422227619393,30.783193012617));
#1307 = CARTESIAN_POINT('',(26.632309292296,30.694287177873));
#1308 = CARTESIAN_POINT('',(26.840005736592,30.599409126487));
#1309 = CARTESIAN_POINT('',(27.045072033058,30.498371856229));
#1310 = CARTESIAN_POINT('',(27.24721244914,30.391084291609));
#1311 = CARTESIAN_POINT('',(27.446080438957,30.277551283878));
#1312 = CARTESIAN_POINT('',(27.641278643299,30.157873611024));
#1313 = CARTESIAN_POINT('',(28.132639631871,29.834828521188));
#1314 = CARTESIAN_POINT('',(28.422923792132,29.62239054227));
#1315 = CARTESIAN_POINT('',(28.702185563159,29.395030645616));
#1316 = CARTESIAN_POINT('',(28.968743125071,29.153543689038));
#1317 = CARTESIAN_POINT('',(29.220274498856,28.896724826839));
#1318 = CARTESIAN_POINT('',(29.456191242283,28.624950969609));
#1319 = CARTESIAN_POINT('',(29.678238644639,28.342168610515));
#1320 = CARTESIAN_POINT('',(30.092095596164,27.754729333979));
#1321 = CARTESIAN_POINT('',(30.284122793873,27.450169534285));
#1322 = CARTESIAN_POINT('',(30.461516440917,27.136236104291));
#1323 = CARTESIAN_POINT('',(30.623176074664,26.814697355299));
#1324 = CARTESIAN_POINT('',(30.768978384956,26.486636484324));
#1325 = CARTESIAN_POINT('',(30.900102726807,26.152883051866));
#1326 = CARTESIAN_POINT('',(31.01811450956,25.814481136582));
#1327 = CARTESIAN_POINT('',(31.190641663176,25.253872395194));
#1328 = CARTESIAN_POINT('',(31.252635351924,25.034300160425));
#1329 = CARTESIAN_POINT('',(31.309787113613,24.813375218279));
#1330 = CARTESIAN_POINT('',(31.362340163358,24.591315614403));
#1331 = CARTESIAN_POINT('',(31.410535096433,24.368311993261));
#1332 = CARTESIAN_POINT('',(31.454609888265,24.144527598142));
#1333 = CARTESIAN_POINT('',(31.494799894441,23.920098271153));
#1334 = CARTESIAN_POINT('',(31.583492632551,23.374013147276));
#1335 = CARTESIAN_POINT('',(31.628186644198,23.051855784953));
#1336 = CARTESIAN_POINT('',(31.666113419309,22.728841759825));
#1337 = CARTESIAN_POINT('',(31.697979468813,22.405141152862));
#1338 = CARTESIAN_POINT('',(31.724486705893,22.080927769792));
#1339 = CARTESIAN_POINT('',(31.746328420458,21.756382571408));
#1340 = CARTESIAN_POINT('',(31.764198803103,21.431685496846));
#1341 = CARTESIAN_POINT('',(31.794893782343,20.749862941773));
#1342 = CARTESIAN_POINT('',(31.807042362934,20.392625821818));
#1343 = CARTESIAN_POINT('',(31.816387672971,20.035325150832));
#1344 = CARTESIAN_POINT('',(31.823815970414,19.67796541932));
#1345 = CARTESIAN_POINT('',(31.83051964496,19.320585445512));
#1346 = CARTESIAN_POINT('',(31.837613726796,18.963208021209));
#1347 = CARTESIAN_POINT('',(31.845873869219,18.605805996262));
#1348 = CARTESIAN_POINT('',(31.865463141979,17.955932184587));
#1349 = CARTESIAN_POINT('',(31.876021897637,17.663446966713));
#1350 = CARTESIAN_POINT('',(31.889286142191,17.37108132003));
#1351 = CARTESIAN_POINT('',(31.906219194214,17.078949955576));
#1352 = CARTESIAN_POINT('',(31.927784372278,16.787167584386));
#1353 = CARTESIAN_POINT('',(31.954944994957,16.495848917496));
#1354 = CARTESIAN_POINT('',(31.988664380824,16.205108665943));
#1355 = CARTESIAN_POINT('',(32.075725829111,15.592814190449));
#1356 = CARTESIAN_POINT('',(32.130873193368,15.271217847906));
#1357 = CARTESIAN_POINT('',(32.196429015691,14.951232508584));
#1358 = CARTESIAN_POINT('',(32.273041030762,14.633714964016));
#1359 = CARTESIAN_POINT('',(32.361474456008,14.319578709318));
#1360 = CARTESIAN_POINT('',(32.462755546088,14.009818355759));
#1361 = CARTESIAN_POINT('',(32.577907879357,13.705398548368));
#1362 = CARTESIAN_POINT('',(32.862446813692,13.049128874732));
#1363 = CARTESIAN_POINT('',(33.037730264833,12.699477240736));
#1364 = CARTESIAN_POINT('',(33.230769020315,12.358007899819));
#1365 = CARTESIAN_POINT('',(33.439658850581,12.026817624097));
#1366 = CARTESIAN_POINT('',(33.661392793967,11.702054304365));
#1367 = CARTESIAN_POINT('',(33.894908593384,11.388928065135));
#1368 = CARTESIAN_POINT('',(34.137705245619,11.083044337987));
#1369 = CARTESIAN_POINT('',(34.512994125798,10.634417407585));
#1370 = CARTESIAN_POINT('',(34.640036940212,10.486437264668));
#1371 = CARTESIAN_POINT('',(34.768758100072,10.339892077727));
#1372 = CARTESIAN_POINT('',(34.898931744032,10.194604052349));
#1373 = CARTESIAN_POINT('',(35.030332010744,10.050395394122));
#1374 = CARTESIAN_POINT('',(35.162733038861,9.907088308631));
#1375 = CARTESIAN_POINT('',(35.295908967036,9.764505001465));
#1376 = CARTESIAN_POINT('',(35.585603557869,9.456802967941));
#1377 = CARTESIAN_POINT('',(35.742282484643,9.291833925014));
#1378 = CARTESIAN_POINT('',(35.899462936528,9.127362771593));
#1379 = CARTESIAN_POINT('',(36.05694159961,8.963194471886));
#1380 = CARTESIAN_POINT('',(36.214519623772,8.799136732143));
#1381 = CARTESIAN_POINT('',(36.3720026227,8.635000000656));
#1382 = CARTESIAN_POINT('',(36.529200673877,8.470597467763));
#1383 = CARTESIAN_POINT('',(36.954658544538,8.023083871652));
#1384 = CARTESIAN_POINT('',(37.221969951805,7.739081588996));
#1385 = CARTESIAN_POINT('',(37.486909527798,7.452935322609));
#1386 = CARTESIAN_POINT('',(37.748447876774,7.163287354337));
#1387 = CARTESIAN_POINT('',(38.005600282426,6.869571571291));
#1388 = CARTESIAN_POINT('',(38.257355076422,6.571401679948));
#1389 = CARTESIAN_POINT('',(38.502602781428,6.267844602564));
#1390 = CARTESIAN_POINT('',(38.978174322292,5.648664250706));
#1391 = CARTESIAN_POINT('',(39.208495280237,5.333018580107));
#1392 = CARTESIAN_POINT('',(39.429769059033,5.011110914054));
#1393 = CARTESIAN_POINT('',(39.642085646715,4.681553336281));
#1394 = CARTESIAN_POINT('',(39.842293185668,4.34544293065));
#1395 = CARTESIAN_POINT('',(40.029852438143,4.001739416584));
#1396 = CARTESIAN_POINT('',(40.202641192357,3.650805475205));
#1397 = CARTESIAN_POINT('',(40.450340849523,3.083668202069));
#1398 = CARTESIAN_POINT('',(40.536025106401,2.872252107922));
#1399 = CARTESIAN_POINT('',(40.615799757071,2.658299630211));
#1400 = CARTESIAN_POINT('',(40.689359386942,2.441851722436));
#1401 = CARTESIAN_POINT('',(40.756430481426,2.223053098992));
#1402 = CARTESIAN_POINT('',(40.816771425931,2.002152235176));
#1403 = CARTESIAN_POINT('',(40.870172505865,1.779501367179));
#1404 = CARTESIAN_POINT('',(40.989189819243,1.203629306496));
#1405 = CARTESIAN_POINT('',(41.044235381961,0.84815107283));
#1406 = CARTESIAN_POINT('',(41.080935549286,0.48991545612));
#1407 = CARTESIAN_POINT('',(41.098663144326,0.130673731948));
#1408 = CARTESIAN_POINT('',(41.094924325413,-0.228784167136));
#1409 = CARTESIAN_POINT('',(41.069569517089,-0.5877756336));
#1410 = CARTESIAN_POINT('',(41.026623417325,-0.94474418127));
#1411 = CARTESIAN_POINT('',(40.903882178215,-1.652767534112));
#1412 = CARTESIAN_POINT('',(40.82430961225,-2.003907567407));
#1413 = CARTESIAN_POINT('',(40.727761405817,-2.351328275388));
#1414 = CARTESIAN_POINT('',(40.614709799262,-2.693001128469));
#1415 = CARTESIAN_POINT('',(40.485833535077,-3.028072997282));
#1416 = CARTESIAN_POINT('',(40.342553131035,-3.356791223944));
#1417 = CARTESIAN_POINT('',(40.186713773822,-3.679524444837));
#1418 = CARTESIAN_POINT('',(39.912298651453,-4.19792980773));
#1419 = CARTESIAN_POINT('',(39.800873792992,-4.397026981599));
#1420 = CARTESIAN_POINT('',(39.685068666514,-4.593656904571));
#1421 = CARTESIAN_POINT('',(39.565209432633,-4.787837374147));
#1422 = CARTESIAN_POINT('',(39.44160102389,-4.979603710881));
#1423 = CARTESIAN_POINT('',(39.314527144761,-5.169008758377));
#1424 = CARTESIAN_POINT('',(39.184250271654,-5.356122883292));
#1425 = CARTESIAN_POINT('',(38.860825014014,-5.80497861405));
#1426 = CARTESIAN_POINT('',(38.664628797221,-6.064381708271));
#1427 = CARTESIAN_POINT('',(38.463041669504,-6.319605395727));
#1428 = CARTESIAN_POINT('',(38.25668347494,-6.571028989678));
#1429 = CARTESIAN_POINT('',(38.04617344031,-6.819025918489));
#1430 = CARTESIAN_POINT('',(37.832129754213,-7.063958453549));
#1431 = CARTESIAN_POINT('',(37.615170519709,-7.306190225555));
#1432 = CARTESIAN_POINT('',(37.154753795421,-7.810016205781));
#1433 = CARTESIAN_POINT('',(36.910739349125,-8.071211339512));
#1434 = CARTESIAN_POINT('',(36.664697753849,-8.330469198988));
#1435 = CARTESIAN_POINT('',(36.417258863869,-8.588413287956));
#1436 = CARTESIAN_POINT('',(36.169293274659,-8.845859304626));
#1437 = CARTESIAN_POINT('',(35.921605547862,-9.103579578169));
#1438 = CARTESIAN_POINT('',(35.674724955136,-9.362141776337));
#1439 = CARTESIAN_POINT('',(35.229046483591,-9.835523663095));
#1440 = CARTESIAN_POINT('',(35.029694370362,-10.04980811177));
#1441 = CARTESIAN_POINT('',(34.832339876278,-10.2659210804));
#1442 = CARTESIAN_POINT('',(34.637745283386,-10.48446262511));
#1443 = CARTESIAN_POINT('',(34.446672873734,-10.70603280206));
#1444 = CARTESIAN_POINT('',(34.259884929368,-10.93123166738));
#1445 = CARTESIAN_POINT('',(34.078143732335,-11.16065927722));
#1446 = CARTESIAN_POINT('',(33.706747897093,-11.65517859339));
#1447 = CARTESIAN_POINT('',(33.518340017707,-11.92157662324));
#1448 = CARTESIAN_POINT('',(33.338431180903,-12.19419539306));
#1449 = CARTESIAN_POINT('',(33.168085247371,-12.47288707735));
#1450 = CARTESIAN_POINT('',(33.008489246133,-12.75754682794));
#1451 = CARTESIAN_POINT('',(32.861072145189,-13.04819702009));
#1452 = CARTESIAN_POINT('',(32.727239830779,-13.34487932594));
#1453 = CARTESIAN_POINT('',(32.464386504243,-14.01013147244));
#1454 = CARTESIAN_POINT('',(32.34108957973,-14.3813166308));
#1455 = CARTESIAN_POINT('',(32.236133306206,-14.75927093044));
#1456 = CARTESIAN_POINT('',(32.149653831926,-15.14116523562));
#1457 = CARTESIAN_POINT('',(32.076801061207,-15.52759715645));
#1458 = CARTESIAN_POINT('',(32.02050797939,-15.91413144872));
#1459 = CARTESIAN_POINT('',(31.975898680908,-16.30210706575));
#1460 = CARTESIAN_POINT('',(31.924040848281,-16.88470352253));
#1461 = CARTESIAN_POINT('',(31.909235921317,-17.07917412064));
#1462 = CARTESIAN_POINT('',(31.896632430902,-17.2738168211));
#1463 = CARTESIAN_POINT('',(31.885944949308,-17.46859763544));
#1464 = CARTESIAN_POINT('',(31.876888048811,-17.66348257522));
#1465 = CARTESIAN_POINT('',(31.869176301685,-17.85843765198));
#1466 = CARTESIAN_POINT('',(31.862524280205,-18.05342887726));
#1467 = CARTESIAN_POINT('',(31.84979109536,-18.4758520814));
#1468 = CARTESIAN_POINT('',(31.843929098007,-18.70329154193));
#1469 = CARTESIAN_POINT('',(31.838773793506,-18.93073357322));
#1470 = CARTESIAN_POINT('',(31.834043506078,-19.15817232176));
#1471 = CARTESIAN_POINT('',(31.829461655244,-19.38560315149));
#1472 = CARTESIAN_POINT('',(31.824756755827,-19.61302264383));
#1473 = CARTESIAN_POINT('',(31.819662417947,-19.84042859766));
#1474 = CARTESIAN_POINT('',(31.804066664915,-20.45771264159));
#1475 = CARTESIAN_POINT('',(31.792264433752,-20.84755029031));
#1476 = CARTESIAN_POINT('',(31.777269039172,-21.23722682646));
#1477 = CARTESIAN_POINT('',(31.757392536797,-21.6269744091));
#1478 = CARTESIAN_POINT('',(31.731538324756,-22.01649704088));
#1479 = CARTESIAN_POINT('',(31.698717894706,-22.40535251502));
#1480 = CARTESIAN_POINT('',(31.657486942115,-22.79341609821));
#1481 = CARTESIAN_POINT('',(31.555940178003,-23.56752258527));
#1482 = CARTESIAN_POINT('',(31.495606495042,-23.9535792906));
#1483 = CARTESIAN_POINT('',(31.424447590872,-24.33766657368));
#1484 = CARTESIAN_POINT('',(31.341545691551,-24.72082947054));
#1485 = CARTESIAN_POINT('',(31.245447852744,-25.10006352602));
#1486 = CARTESIAN_POINT('',(31.13503718643,-25.47572303078));
#1487 = CARTESIAN_POINT('',(31.009069516512,-25.84605090029));
#1488 = CARTESIAN_POINT('',(30.78319301227,-26.42222761932));
#1489 = CARTESIAN_POINT('',(30.694287177643,-26.63230929224));
#1490 = CARTESIAN_POINT('',(30.599409126442,-26.84000573658));
#1491 = CARTESIAN_POINT('',(30.498371856437,-27.0450720331));
#1492 = CARTESIAN_POINT('',(30.391084292124,-27.24721244924));
#1493 = CARTESIAN_POINT('',(30.277551284721,-27.44608043912));
#1494 = CARTESIAN_POINT('',(30.157873612171,-27.64127864353));
#1495 = CARTESIAN_POINT('',(29.834828522869,-28.13263963224));
#1496 = CARTESIAN_POINT('',(29.622390544135,-28.42292379244));
#1497 = CARTESIAN_POINT('',(29.39503064731,-28.70218556351));
#1498 = CARTESIAN_POINT('',(29.15354369022,-28.96874312538));
#1499 = CARTESIAN_POINT('',(28.896724826487,-29.22027449879));
#1500 = CARTESIAN_POINT('',(28.624950966799,-29.45619124164));
#1501 = CARTESIAN_POINT('',(28.342168605953,-29.67823864369));
#1502 = CARTESIAN_POINT('',(27.754729327587,-30.09209559473));
#1503 = CARTESIAN_POINT('',(27.450169527709,-30.28412279278));
#1504 = CARTESIAN_POINT('',(27.136236098393,-30.46151643953));
#1505 = CARTESIAN_POINT('',(26.814697353069,-30.623176074));
#1506 = CARTESIAN_POINT('',(26.486636489243,-30.76897838612));
#1507 = CARTESIAN_POINT('',(26.152883065351,-30.90010272973));
#1508 = CARTESIAN_POINT('',(25.81448115667,-31.01811451363));
#1509 = CARTESIAN_POINT('',(25.253872415715,-31.19064166963));
#1510 = CARTESIAN_POINT('',(25.03430017802,-31.25263535954));
#1511 = CARTESIAN_POINT('',(24.813375231859,-31.30978712149));
#1512 = CARTESIAN_POINT('',(24.591315622562,-31.36234017042));
#1513 = CARTESIAN_POINT('',(24.368311994472,-31.41053510154));
#1514 = CARTESIAN_POINT('',(24.144527590944,-31.4546098904));
#1515 = CARTESIAN_POINT('',(23.920098254347,-31.49479989285));
#1516 = CARTESIAN_POINT('',(23.374013097974,-31.58349262228));
#1517 = CARTESIAN_POINT('',(23.051855711165,-31.62818662876));
#1518 = CARTESIAN_POINT('',(22.72884166512,-31.66611339964));
#1519 = CARTESIAN_POINT('',(22.405141045193,-31.69797944648));
#1520 = CARTESIAN_POINT('',(22.080927662032,-31.72448668337));
#1521 = CARTESIAN_POINT('',(21.756382482365,-31.74632840177));
#1522 = CARTESIAN_POINT('',(21.431685451135,-31.76419879373));
#1523 = CARTESIAN_POINT('',(20.749862989622,-31.79489380613));
#1524 = CARTESIAN_POINT('',(20.39262590189,-31.80704240962));
#1525 = CARTESIAN_POINT('',(20.035325267994,-31.81638774397));
#1526 = CARTESIAN_POINT('',(19.677965554227,-31.8238160549));
#1527 = CARTESIAN_POINT('',(19.320585579096,-31.83051973359));
#1528 = CARTESIAN_POINT('',(18.963208128402,-31.83761380775));
#1529 = CARTESIAN_POINT('',(18.605806018746,-31.84587391189));
#1530 = CARTESIAN_POINT('',(17.955931839903,-31.86546307019));
#1531 = CARTESIAN_POINT('',(17.663446323614,-31.87602176371));
#1532 = CARTESIAN_POINT('',(17.37108037888,-31.88928594619));
#1533 = CARTESIAN_POINT('',(17.078948778532,-31.90621894909));
#1534 = CARTESIAN_POINT('',(16.7871662954,-31.92778410384));
#1535 = CARTESIAN_POINT('',(16.495847702312,-31.95494474189));
#1536 = CARTESIAN_POINT('',(16.205107772101,-31.98866419468));
#1537 = CARTESIAN_POINT('',(15.59281461116,-32.07572592261));
#1538 = CARTESIAN_POINT('',(15.271219465595,-32.13087353815));
#1539 = CARTESIAN_POINT('',(14.951235412873,-32.19642960929));
#1540 = CARTESIAN_POINT('',(14.633718951025,-32.27304184746));
#1541 = CARTESIAN_POINT('',(14.319583224396,-32.3614754052));
#1542 = CARTESIAN_POINT('',(14.009822401028,-32.46275640706));
#1543 = CARTESIAN_POINT('',(13.705400707162,-32.57790831266));
#1544 = CARTESIAN_POINT('',(13.049124615847,-32.86244522561));
#1545 = CARTESIAN_POINT('',(12.699466739193,-33.03772817226));
#1546 = CARTESIAN_POINT('',(12.35798816675,-33.23076437371));
#1547 = CARTESIAN_POINT('',(12.026804241235,-33.43965944478));
#1548 = CARTESIAN_POINT('',(11.702032977352,-33.66138538361));
#1549 = CARTESIAN_POINT('',(11.388929966557,-33.8949089584));
#1550 = CARTESIAN_POINT('',(11.083066219715,-34.13771041558));
#1551 = CARTESIAN_POINT('',(10.634464887727,-34.51300401357));
#1552 = CARTESIAN_POINT('',(10.486491859977,-34.64004830972));
#1553 = CARTESIAN_POINT('',(10.339951584954,-34.7687704925));
#1554 = CARTESIAN_POINT('',(10.194665289867,-34.89894449679));
#1555 = CARTESIAN_POINT('',(10.050454201925,-35.03034425751));
#1556 = CARTESIAN_POINT('',(9.907139548335,-35.16274370957));
#1557 = CARTESIAN_POINT('',(9.764542556305,-35.29591678786));
#1558 = CARTESIAN_POINT('',(9.45679351444,-35.58560387869));
#1559 = CARTESIAN_POINT('',(9.291789302674,-35.74227445233));
#1560 = CARTESIAN_POINT('',(9.127277422618,-35.89944333964));
#1561 = CARTESIAN_POINT('',(8.963066365038,-36.05690927985));
#1562 = CARTESIAN_POINT('',(8.798967506585,-36.21447556007));
#1563 = CARTESIAN_POINT('',(8.634795109803,-36.37195001523));
#1564 = CARTESIAN_POINT('',(8.470366323125,-36.52914502811));
#1565 = CARTESIAN_POINT('',(8.093546585006,-36.88737660614));
#1566 = CARTESIAN_POINT('',(7.880879034328,-37.08809328015));
#1567 = CARTESIAN_POINT('',(7.667079558411,-37.28762864408));
#1568 = CARTESIAN_POINT('',(7.451757174481,-37.48557087346));
#1569 = CARTESIAN_POINT('',(7.234548235807,-37.68149469738));
#1570 = CARTESIAN_POINT('',(7.015115780094,-37.87496086921));
#1571 = CARTESIAN_POINT('',(6.793148877871,-38.06551563725));
#1572 = CARTESIAN_POINT('',(6.393497562708,-38.39829556055));
#1573 = CARTESIAN_POINT('',(6.216919942281,-38.54185909482));
#1574 = CARTESIAN_POINT('',(6.038482328404,-38.68316518257));
#1575 = CARTESIAN_POINT('',(5.858038805009,-38.82199796884));
#1576 = CARTESIAN_POINT('',(5.67544433116,-38.95814137934));
#1577 = CARTESIAN_POINT('',(5.490554741046,-39.09137912046));
#1578 = CARTESIAN_POINT('',(5.303226743984,-39.22149467931));
#1579 = CARTESIAN_POINT('',(4.842024391582,-39.52937762411));
#1580 = CARTESIAN_POINT('',(4.565558329249,-39.70362494591));
#1581 = CARTESIAN_POINT('',(4.284102171206,-39.87010697119));
#1582 = CARTESIAN_POINT('',(3.997838351235,-40.02791738206));
#1583 = CARTESIAN_POINT('',(3.706949303124,-40.17614986062));
#1584 = CARTESIAN_POINT('',(3.411617460655,-40.31389808898));
#1585 = CARTESIAN_POINT('',(3.112025257615,-40.44025574926));
#1586 = CARTESIAN_POINT('',(2.474310203137,-40.67978629817));
#1587 = CARTESIAN_POINT('',(2.13538995651,-40.79035224781));
#1588 = CARTESIAN_POINT('',(1.791641793307,-40.88489171032));
#1589 = CARTESIAN_POINT('',(1.443022785601,-40.96233377637));
#1590 = CARTESIAN_POINT('',(1.089542702887,-41.02157744545));
#1591 = CARTESIAN_POINT('',(0.73122341458,-41.06151493178));
#1592 = CARTESIAN_POINT('',(0.368038887302,-41.08106579511));
#1593 = CARTESIAN_POINT('',(7.105427357601E-15,-41.07912757161));
#1594 = ( GEOMETRIC_REPRESENTATION_CONTEXT(2) 
PARAMETRIC_REPRESENTATION_CONTEXT() REPRESENTATION_CONTEXT('2D SPACE',''
  ) );
#1595 = PCURVE('',#1596,#1795);
#1596 = B_SPLINE_SURFACE_WITH_KNOTS('',3,1,(
    (#1597,#1598)
    ,(#1599,#1600)
    ,(#1601,#1602)
    ,(#1603,#1604)
    ,(#1605,#1606)
    ,(#1607,#1608)
    ,(#1609,#1610)
    ,(#1611,#1612)
    ,(#1613,#1614)
    ,(#1615,#1616)
    ,(#1617,#1618)
    ,(#1619,#1620)
    ,(#1621,#1622)
    ,(#1623,#1624)
    ,(#1625,#1626)
    ,(#1627,#1628)
    ,(#1629,#1630)
    ,(#1631,#1632)
    ,(#1633,#1634)
    ,(#1635,#1636)
    ,(#1637,#1638)
    ,(#1639,#1640)
    ,(#1641,#1642)
    ,(#1643,#1644)
    ,(#1645,#1646)
    ,(#1647,#1648)
    ,(#1649,#1650)
    ,(#1651,#1652)
    ,(#1653,#1654)
    ,(#1655,#1656)
    ,(#1657,#1658)
    ,(#1659,#1660)
    ,(#1661,#1662)
    ,(#1663,#1664)
    ,(#1665,#1666)
    ,(#1667,#1668)
    ,(#1669,#1670)
    ,(#1671,#1672)
    ,(#1673,#1674)
    ,(#1675,#1676)
    ,(#1677,#1678)
    ,(#1679,#1680)
    ,(#1681,#1682)
    ,(#1683,#1684)
    ,(#1685,#1686)
    ,(#1687,#1688)
    ,(#1689,#1690)
    ,(#1691,#1692)
    ,(#1693,#1694)
    ,(#1695,#1696)
    ,(#1697,#1698)
    ,(#1699,#1700)
    ,(#1701,#1702)
    ,(#1703,#1704)
    ,(#1705,#1706)
    ,(#1707,#1708)
    ,(#1709,#1710)
    ,(#1711,#1712)
    ,(#1713,#1714)
    ,(#1715,#1716)
    ,(#1717,#1718)
    ,(#1719,#1720)
    ,(#1721,#1722)
    ,(#1723,#1724)
    ,(#1725,#1726)
    ,(#1727,#1728)
    ,(#1729,#1730)
    ,(#1731,#1732)
    ,(#1733,#1734)
    ,(#1735,#1736)
    ,(#1737,#1738)
    ,(#1739,#1740)
    ,(#1741,#1742)
    ,(#1743,#1744)
    ,(#1745,#1746)
    ,(#1747,#1748)
    ,(#1749,#1750)
    ,(#1751,#1752)
    ,(#1753,#1754)
    ,(#1755,#1756)
    ,(#1757,#1758)
    ,(#1759,#1760)
    ,(#1761,#1762)
    ,(#1763,#1764)
    ,(#1765,#1766)
    ,(#1767,#1768)
    ,(#1769,#1770)
    ,(#1771,#1772)
    ,(#1773,#1774)
    ,(#1775,#1776)
    ,(#1777,#1778)
    ,(#1779,#1780)
    ,(#1781,#1782)
    ,(#1783,#1784)
    ,(#1785,#1786)
    ,(#1787,#1788)
    ,(#1789,#1790)
    ,(#1791,#1792)
    ,(#1793,#1794
    )),.UNSPECIFIED.,.T.,.F.,.F.,(1,1,2,1,1,1,1,1,1,1,1,1,1,1,1,1,1,1,1,
    1,1,1,1,1,1,1,1,1,1,1,1,1,1,1,1,1,1,1,1,1,1,1,1,1,1,1,1,1,1,1,1,1,1,
    1,1,1,1,1,1,1,1,1,1,1,1,1,1,1,1,1,1,1,1,1,1,1,1,1,1,1,1,1,1,1,1,1,1,
    1,1,1,1,1,1,1,1,1,1,1,2,1,1),(2,2),(-4.633406966176,-2.263482247897,
    0.,2.263482247897,4.633406966176,7.080723844436,9.459902381677,
    11.632010870283,13.605838272047,15.579665673811,17.751774162417,
    20.130952699658,22.578269577917,24.948194296197,27.211676544094,
    29.475158791991,31.84508351027,34.29240038853,36.67157892577,
    38.843687414377,40.817514816141,42.791342217905,44.963450706511,
    47.342629243751,49.789946122011,52.159870840291,54.423353088188,
    56.686835336084,59.056760054364,61.504076932624,63.883255469864,
    66.055363958471,68.029191360235,70.003018761999,72.175127250605,
    74.554305787845,77.001622666105,79.371547384385,81.635029632282,
    83.898511880178,86.268436598458,88.715753476718,91.094932013958,
    93.267040502564,95.240867904328,97.214695306092,99.386803794699,
    101.76598233193,104.21329921019,106.58322392847,108.84670617637,
    111.11018842427,113.48011314255,115.92743002081,118.30660855805,
    120.47871704665,122.45254444842,124.42637185018,126.59848033879,
    128.97765887603,131.42497575429,133.79490047257,136.05838272046,
    138.32186496836,140.69178968664,143.1391065649,145.51828510214,
    147.69039359075,149.66422099251,151.63804839428,153.81015688288,
    156.18933542012,158.63665229838,161.00657701666,163.27005926456,
    165.53354151246,167.90346623073,170.35078310899,172.72996164624,
    174.90207013484,176.87589753661,178.84972493837,181.02183342698,
    183.40101196422,185.84832884248,188.21825356076,190.48173580865,
    192.74521805655,195.11514277483,197.56245965309,199.94163819033,
    202.11374667894,204.0875740807,206.06140148246,208.23350997107,
    210.61268850831,213.06000538657,215.42993010485,217.69341235275,
    219.95689460064,222.32681931892),(0.,1.),.UNSPECIFIED.);
#1597 = CARTESIAN_POINT('',(34.395908819454,-0.776852378141,0.));
#1598 = CARTESIAN_POINT('',(41.207808709152,-0.930703251998,102.));
#1599 = CARTESIAN_POINT('',(34.404091180546,0.776852378141,0.));
#1600 = CARTESIAN_POINT('',(41.217611536936,0.930703251998,102.));
#1601 = CARTESIAN_POINT('',(34.10530458224,2.297675373809,0.));
#1602 = CARTESIAN_POINT('',(40.859652075756,2.752715963304,102.));
#1603 = CARTESIAN_POINT('',(32.965616456931,4.404700610975,0.));
#1604 = CARTESIAN_POINT('',(39.494255670551,5.277024693573,102.));
#1605 = CARTESIAN_POINT('',(31.423983872813,6.248641827614,0.));
#1606 = CARTESIAN_POINT('',(37.647312158763,7.486147218145,102.));
#1607 = CARTESIAN_POINT('',(29.787916998901,7.910993432664,0.));
#1608 = CARTESIAN_POINT('',(35.687232222238,9.477717416444,102.));
#1609 = CARTESIAN_POINT('',(28.320277163626,9.520943783315,0.));
#1610 = CARTESIAN_POINT('',(33.928935271767,11.406508611616,102.));
#1611 = CARTESIAN_POINT('',(27.255323978552,11.28953413198,0.));
#1612 = CARTESIAN_POINT('',(32.653074605747,13.525357488532,102.));
#1613 = CARTESIAN_POINT('',(26.757817230857,13.293110864684,0.));
#1614 = CARTESIAN_POINT('',(32.057039681997,15.925730369177,102.));
#1615 = CARTESIAN_POINT('',(26.657008808245,15.469417998102,0.));
#1616 = CARTESIAN_POINT('',(31.936266766327,18.533041852557,102.));
#1617 = CARTESIAN_POINT('',(26.63917985492,17.801254554503,0.));
#1618 = CARTESIAN_POINT('',(31.914906897572,21.326684412245,102.));
#1619 = CARTESIAN_POINT('',(26.422491481103,20.197133113548,0.));
#1620 = CARTESIAN_POINT('',(31.655304713351,24.197052102476,102.));
#1621 = CARTESIAN_POINT('',(25.748956392671,22.486041577722,0.));
#1622 = CARTESIAN_POINT('',(30.848380109944,26.93926492318,102.));
#1623 = CARTESIAN_POINT('',(24.425583019835,24.425583023492,0.));
#1624 = CARTESIAN_POINT('',(29.262920714617,29.262920718997,102.));
#1625 = CARTESIAN_POINT('',(22.486041595057,25.748956395037,0.));
#1626 = CARTESIAN_POINT('',(26.939264943947,30.848380112777,102.));
#1627 = CARTESIAN_POINT('',(20.197133043504,26.422491466869,0.));
#1628 = CARTESIAN_POINT('',(24.197052018561,31.655304696298,102.));
#1629 = CARTESIAN_POINT('',(17.801254822086,26.639179910552,0.));
#1630 = CARTESIAN_POINT('',(21.326684732822,31.914906964221,102.));
#1631 = CARTESIAN_POINT('',(15.469417066888,26.657008614342,0.));
#1632 = CARTESIAN_POINT('',(18.533040736922,31.936266534022,102.));
#1633 = CARTESIAN_POINT('',(13.293113887463,26.757817860348,0.));
#1634 = CARTESIAN_POINT('',(15.925733990599,32.057040436154,102.));
#1635 = CARTESIAN_POINT('',(11.289523961479,27.255321860538,0.));
#1636 = CARTESIAN_POINT('',(13.525345303825,32.653072068274,102.));
#1637 = CARTESIAN_POINT('',(9.520983485899,28.320285431721,0.));
#1638 = CARTESIAN_POINT('',(11.406556177054,33.928945177307,102.));
#1639 = CARTESIAN_POINT('',(7.910821848337,29.787881266329,0.));
#1640 = CARTESIAN_POINT('',(9.477511850888,35.687189413048,102.));
#1641 = CARTESIAN_POINT('',(6.249356761727,31.42413275841,0.));
#1642 = CARTESIAN_POINT('',(7.487003740597,37.647490530244,102.));
#1643 = CARTESIAN_POINT('',(4.401993156271,32.96505262734,0.));
#1644 = CARTESIAN_POINT('',(5.273781043984,39.49358017795,102.));
#1645 = CARTESIAN_POINT('',(2.307229182228,34.107294170426,0.));
#1646 = CARTESIAN_POINT('',(2.764161845192,40.862035689743,102.));
#1647 = CARTESIAN_POINT('',(1.952184912027E-15,34.542990774161,0.));
#1648 = CARTESIAN_POINT('',(2.338803223428E-15,41.38401934763,102.));
#1649 = CARTESIAN_POINT('',(-2.307229182228,34.107294170426,0.));
#1650 = CARTESIAN_POINT('',(-2.764161845192,40.862035689743,102.));
#1651 = CARTESIAN_POINT('',(-4.401993156271,32.96505262734,0.));
#1652 = CARTESIAN_POINT('',(-5.273781043984,39.49358017795,102.));
#1653 = CARTESIAN_POINT('',(-6.249356761727,31.42413275841,0.));
#1654 = CARTESIAN_POINT('',(-7.487003740597,37.647490530244,102.));
#1655 = CARTESIAN_POINT('',(-7.910821848337,29.787881266329,0.));
#1656 = CARTESIAN_POINT('',(-9.477511850888,35.687189413048,102.));
#1657 = CARTESIAN_POINT('',(-9.520983485899,28.320285431721,0.));
#1658 = CARTESIAN_POINT('',(-11.40655617705,33.928945177308,102.));
#1659 = CARTESIAN_POINT('',(-11.28952396147,27.255321860537,0.));
#1660 = CARTESIAN_POINT('',(-13.52534530382,32.653072068272,102.));
#1661 = CARTESIAN_POINT('',(-13.29311388746,26.757817860353,0.));
#1662 = CARTESIAN_POINT('',(-15.9257339906,32.057040436161,102.));
#1663 = CARTESIAN_POINT('',(-15.46941706688,26.657008614318,0.));
#1664 = CARTESIAN_POINT('',(-18.53304073691,31.936266533994,102.));
#1665 = CARTESIAN_POINT('',(-17.8012548221,26.639179910649,0.));
#1666 = CARTESIAN_POINT('',(-21.32668473284,31.914906964337,102.));
#1667 = CARTESIAN_POINT('',(-20.19713304342,26.4224914665,0.));
#1668 = CARTESIAN_POINT('',(-24.19705201846,31.655304695857,102.));
#1669 = CARTESIAN_POINT('',(-22.48604159532,25.748956396338,0.));
#1670 = CARTESIAN_POINT('',(-26.93926494427,30.848380114336,102.));
#1671 = CARTESIAN_POINT('',(-24.42558301887,24.425583018874,0.));
#1672 = CARTESIAN_POINT('',(-29.26292071346,29.262920713465,102.));
#1673 = CARTESIAN_POINT('',(-25.74895639633,22.486041595328,0.));
#1674 = CARTESIAN_POINT('',(-30.84838011433,26.939264944272,102.));
#1675 = CARTESIAN_POINT('',(-26.4224914665,20.197133043428,0.));
#1676 = CARTESIAN_POINT('',(-31.65530469585,24.197052018469,102.));
#1677 = CARTESIAN_POINT('',(-26.63917991064,17.801254822107,0.));
#1678 = CARTESIAN_POINT('',(-31.91490696433,21.326684732846,102.));
#1679 = CARTESIAN_POINT('',(-26.65700861431,15.469417066883,0.));
#1680 = CARTESIAN_POINT('',(-31.93626653399,18.533040736916,102.));
#1681 = CARTESIAN_POINT('',(-26.75781786035,13.293113887464,0.));
#1682 = CARTESIAN_POINT('',(-32.05704043616,15.925733990601,102.));
#1683 = CARTESIAN_POINT('',(-27.25532186053,11.289523961478,0.));
#1684 = CARTESIAN_POINT('',(-32.65307206827,13.525345303825,102.));
#1685 = CARTESIAN_POINT('',(-28.32028543172,9.520983485899,0.));
#1686 = CARTESIAN_POINT('',(-33.9289451773,11.406556177054,102.));
#1687 = CARTESIAN_POINT('',(-29.78788126632,7.910821848337,0.));
#1688 = CARTESIAN_POINT('',(-35.68718941304,9.477511850888,102.));
#1689 = CARTESIAN_POINT('',(-31.42413275841,6.249356761727,0.));
#1690 = CARTESIAN_POINT('',(-37.64749053024,7.487003740597,102.));
#1691 = CARTESIAN_POINT('',(-32.96505262734,4.401993156271,0.));
#1692 = CARTESIAN_POINT('',(-39.49358017795,5.273781043984,102.));
#1693 = CARTESIAN_POINT('',(-34.10729417042,2.307229182228,0.));
#1694 = CARTESIAN_POINT('',(-40.86203568974,2.764161845192,102.));
#1695 = CARTESIAN_POINT('',(-34.54299077416,4.34804821315E-15,0.));
#1696 = CARTESIAN_POINT('',(-41.38401934763,5.209152633999E-15,102.));
#1697 = CARTESIAN_POINT('',(-34.10729417042,-2.307229182228,0.));
#1698 = CARTESIAN_POINT('',(-40.86203568974,-2.764161845192,102.));
#1699 = CARTESIAN_POINT('',(-32.96505262734,-4.401993156271,0.));
#1700 = CARTESIAN_POINT('',(-39.49358017795,-5.273781043984,102.));
#1701 = CARTESIAN_POINT('',(-31.42413275841,-6.249356761727,0.));
#1702 = CARTESIAN_POINT('',(-37.64749053024,-7.487003740597,102.));
#1703 = CARTESIAN_POINT('',(-29.78788126632,-7.910821848337,0.));
#1704 = CARTESIAN_POINT('',(-35.68718941304,-9.477511850888,102.));
#1705 = CARTESIAN_POINT('',(-28.32028543172,-9.520983485899,0.));
#1706 = CARTESIAN_POINT('',(-33.9289451773,-11.40655617705,102.));
#1707 = CARTESIAN_POINT('',(-27.25532186053,-11.28952396147,0.));
#1708 = CARTESIAN_POINT('',(-32.65307206827,-13.52534530382,102.));
#1709 = CARTESIAN_POINT('',(-26.75781786035,-13.29311388746,0.));
#1710 = CARTESIAN_POINT('',(-32.05704043616,-15.9257339906,102.));
#1711 = CARTESIAN_POINT('',(-26.65700861431,-15.46941706688,0.));
#1712 = CARTESIAN_POINT('',(-31.93626653399,-18.53304073691,102.));
#1713 = CARTESIAN_POINT('',(-26.63917991064,-17.8012548221,0.));
#1714 = CARTESIAN_POINT('',(-31.91490696433,-21.32668473284,102.));
#1715 = CARTESIAN_POINT('',(-26.4224914665,-20.19713304342,0.));
#1716 = CARTESIAN_POINT('',(-31.65530469585,-24.19705201846,102.));
#1717 = CARTESIAN_POINT('',(-25.74895639633,-22.48604159532,0.));
#1718 = CARTESIAN_POINT('',(-30.84838011433,-26.93926494427,102.));
#1719 = CARTESIAN_POINT('',(-24.42558301887,-24.42558301887,0.));
#1720 = CARTESIAN_POINT('',(-29.26292071346,-29.26292071346,102.));
#1721 = CARTESIAN_POINT('',(-22.48604159532,-25.74895639633,0.));
#1722 = CARTESIAN_POINT('',(-26.93926494427,-30.84838011433,102.));
#1723 = CARTESIAN_POINT('',(-20.19713304342,-26.4224914665,0.));
#1724 = CARTESIAN_POINT('',(-24.19705201846,-31.65530469585,102.));
#1725 = CARTESIAN_POINT('',(-17.8012548221,-26.63917991064,0.));
#1726 = CARTESIAN_POINT('',(-21.32668473284,-31.91490696433,102.));
#1727 = CARTESIAN_POINT('',(-15.46941706688,-26.65700861431,0.));
#1728 = CARTESIAN_POINT('',(-18.53304073691,-31.93626653399,102.));
#1729 = CARTESIAN_POINT('',(-13.29311388746,-26.75781786035,0.));
#1730 = CARTESIAN_POINT('',(-15.9257339906,-32.05704043616,102.));
#1731 = CARTESIAN_POINT('',(-11.28952396147,-27.25532186053,0.));
#1732 = CARTESIAN_POINT('',(-13.52534530382,-32.65307206827,102.));
#1733 = CARTESIAN_POINT('',(-9.520983485899,-28.32028543172,0.));
#1734 = CARTESIAN_POINT('',(-11.40655617705,-33.9289451773,102.));
#1735 = CARTESIAN_POINT('',(-7.910821848337,-29.78788126632,0.));
#1736 = CARTESIAN_POINT('',(-9.477511850888,-35.68718941304,102.));
#1737 = CARTESIAN_POINT('',(-6.249356761727,-31.42413275841,0.));
#1738 = CARTESIAN_POINT('',(-7.487003740597,-37.64749053024,102.));
#1739 = CARTESIAN_POINT('',(-4.401993156271,-32.96505262734,0.));
#1740 = CARTESIAN_POINT('',(-5.273781043984,-39.49358017795,102.));
#1741 = CARTESIAN_POINT('',(-2.307229182228,-34.10729417042,0.));
#1742 = CARTESIAN_POINT('',(-2.764161845192,-40.86203568974,102.));
#1743 = CARTESIAN_POINT('',(-6.921382869912E-15,-34.54299077416,0.));
#1744 = CARTESIAN_POINT('',(-8.292120519427E-15,-41.38401934763,102.));
#1745 = CARTESIAN_POINT('',(2.307229182228,-34.10729417042,0.));
#1746 = CARTESIAN_POINT('',(2.764161845192,-40.86203568974,102.));
#1747 = CARTESIAN_POINT('',(4.401993156271,-32.96505262734,0.));
#1748 = CARTESIAN_POINT('',(5.273781043984,-39.49358017795,102.));
#1749 = CARTESIAN_POINT('',(6.249356761727,-31.42413275841,0.));
#1750 = CARTESIAN_POINT('',(7.487003740597,-37.64749053024,102.));
#1751 = CARTESIAN_POINT('',(7.910821848337,-29.78788126632,0.));
#1752 = CARTESIAN_POINT('',(9.477511850888,-35.68718941304,102.));
#1753 = CARTESIAN_POINT('',(9.520983485899,-28.32028543172,0.));
#1754 = CARTESIAN_POINT('',(11.406556177054,-33.9289451773,102.));
#1755 = CARTESIAN_POINT('',(11.289523961478,-27.25532186053,0.));
#1756 = CARTESIAN_POINT('',(13.525345303824,-32.65307206827,102.));
#1757 = CARTESIAN_POINT('',(13.293113887465,-26.75781786034,0.));
#1758 = CARTESIAN_POINT('',(15.925733990602,-32.05704043615,102.));
#1759 = CARTESIAN_POINT('',(15.469417066878,-26.65700861434,0.));
#1760 = CARTESIAN_POINT('',(18.533040736911,-31.93626653402,102.));
#1761 = CARTESIAN_POINT('',(17.801254822127,-26.63917991055,0.));
#1762 = CARTESIAN_POINT('',(21.326684732871,-31.91490696422,102.));
#1763 = CARTESIAN_POINT('',(20.197133043351,-26.42249146686,0.));
#1764 = CARTESIAN_POINT('',(24.197052018377,-31.65530469629,102.));
#1765 = CARTESIAN_POINT('',(22.486041595599,-25.74895639503,0.));
#1766 = CARTESIAN_POINT('',(26.939264944596,-30.84838011277,102.));
#1767 = CARTESIAN_POINT('',(24.425583017912,-24.42558302349,0.));
#1768 = CARTESIAN_POINT('',(29.262920712312,-29.26292071899,102.));
#1769 = CARTESIAN_POINT('',(25.748956400004,-22.48604157772,0.));
#1770 = CARTESIAN_POINT('',(30.848380118729,-26.93926492318,102.));
#1771 = CARTESIAN_POINT('',(26.422491451897,-20.19713311354,0.));
#1772 = CARTESIAN_POINT('',(31.655304678362,-24.19705210247,102.));
#1773 = CARTESIAN_POINT('',(26.639179966378,-17.8012545545,0.));
#1774 = CARTESIAN_POINT('',(31.914907031103,-21.32668441224,102.));
#1775 = CARTESIAN_POINT('',(26.657008420391,-15.4694179981,0.));
#1776 = CARTESIAN_POINT('',(31.936266301661,-18.53304185255,102.));
#1777 = CARTESIAN_POINT('',(26.757818489849,-13.29311086468,0.));
#1778 = CARTESIAN_POINT('',(32.057041190325,-15.92573036917,102.));
#1779 = CARTESIAN_POINT('',(27.255319742522,-11.28953413198,0.));
#1780 = CARTESIAN_POINT('',(32.653069530798,-13.52535748853,102.));
#1781 = CARTESIAN_POINT('',(28.320293699816,-9.520943783315,0.));
#1782 = CARTESIAN_POINT('',(33.928955082848,-11.40650861161,102.));
#1783 = CARTESIAN_POINT('',(29.787845533756,-7.910993432664,0.));
#1784 = CARTESIAN_POINT('',(35.687146603858,-9.477717416444,102.));
#1785 = CARTESIAN_POINT('',(31.424281644006,-6.248641827614,0.));
#1786 = CARTESIAN_POINT('',(37.647668901724,-7.486147218145,102.));
#1787 = CARTESIAN_POINT('',(32.96448879775,-4.404700610975,0.));
#1788 = CARTESIAN_POINT('',(39.492904685348,-5.277024693573,102.));
#1789 = CARTESIAN_POINT('',(34.109283758612,-2.297675373809,0.));
#1790 = CARTESIAN_POINT('',(40.86441930373,-2.752715963304,102.));
#1791 = CARTESIAN_POINT('',(34.395908819454,-0.776852378141,0.));
#1792 = CARTESIAN_POINT('',(41.207808709152,-0.930703251998,102.));
#1793 = CARTESIAN_POINT('',(34.404091180546,0.776852378141,0.));
#1794 = CARTESIAN_POINT('',(41.217611536936,0.930703251998,102.));
#1795 = DEFINITIONAL_REPRESENTATION('',(#1796),#2534);
#1796 = B_SPLINE_CURVE_WITH_KNOTS('',8,(#1797,#1798,#1799,#1800,#1801,
    #1802,#1803,#1804,#1805,#1806,#1807,#1808,#1809,#1810,#1811,#1812,
    #1813,#1814,#1815,#1816,#1817,#1818,#1819,#1820,#1821,#1822,#1823,
    #1824,#1825,#1826,#1827,#1828,#1829,#1830,#1831,#1832,#1833,#1834,
    #1835,#1836,#1837,#1838,#1839,#1840,#1841,#1842,#1843,#1844,#1845,
    #1846,#1847,#1848,#1849,#1850,#1851,#1852,#1853,#1854,#1855,#1856,
    #1857,#1858,#1859,#1860,#1861,#1862,#1863,#1864,#1865,#1866,#1867,
    #1868,#1869,#1870,#1871,#1872,#1873,#1874,#1875,#1876,#1877,#1878,
    #1879,#1880,#1881,#1882,#1883,#1884,#1885,#1886,#1887,#1888,#1889,
    #1890,#1891,#1892,#1893,#1894,#1895,#1896,#1897,#1898,#1899,#1900,
    #1901,#1902,#1903,#1904,#1905,#1906,#1907,#1908,#1909,#1910,#1911,
    #1912,#1913,#1914,#1915,#1916,#1917,#1918,#1919,#1920,#1921,#1922,
    #1923,#1924,#1925,#1926,#1927,#1928,#1929,#1930,#1931,#1932,#1933,
    #1934,#1935,#1936,#1937,#1938,#1939,#1940,#1941,#1942,#1943,#1944,
    #1945,#1946,#1947,#1948,#1949,#1950,#1951,#1952,#1953,#1954,#1955,
    #1956,#1957,#1958,#1959,#1960,#1961,#1962,#1963,#1964,#1965,#1966,
    #1967,#1968,#1969,#1970,#1971,#1972,#1973,#1974,#1975,#1976,#1977,
    #1978,#1979,#1980,#1981,#1982,#1983,#1984,#1985,#1986,#1987,#1988,
    #1989,#1990,#1991,#1992,#1993,#1994,#1995,#1996,#1997,#1998,#1999,
    #2000,#2001,#2002,#2003,#2004,#2005,#2006,#2007,#2008,#2009,#2010,
    #2011,#2012,#2013,#2014,#2015,#2016,#2017,#2018,#2019,#2020,#2021,
    #2022,#2023,#2024,#2025,#2026,#2027,#2028,#2029,#2030,#2031,#2032,
    #2033,#2034,#2035,#2036,#2037,#2038,#2039,#2040,#2041,#2042,#2043,
    #2044,#2045,#2046,#2047,#2048,#2049,#2050,#2051,#2052,#2053,#2054,
    #2055,#2056,#2057,#2058,#2059,#2060,#2061,#2062,#2063,#2064,#2065,
    #2066,#2067,#2068,#2069,#2070,#2071,#2072,#2073,#2074,#2075,#2076,
    #2077,#2078,#2079,#2080,#2081,#2082,#2083,#2084,#2085,#2086,#2087,
    #2088,#2089,#2090,#2091,#2092,#2093,#2094,#2095,#2096,#2097,#2098,
    #2099,#2100,#2101,#2102,#2103,#2104,#2105,#2106,#2107,#2108,#2109,
    #2110,#2111,#2112,#2113,#2114,#2115,#2116,#2117,#2118,#2119,#2120,
    #2121,#2122,#2123,#2124,#2125,#2126,#2127,#2128,#2129,#2130,#2131,
    #2132,#2133,#2134,#2135,#2136,#2137,#2138,#2139,#2140,#2141,#2142,
    #2143,#2144,#2145,#2146,#2147,#2148,#2149,#2150,#2151,#2152,#2153,
    #2154,#2155,#2156,#2157,#2158,#2159,#2160,#2161,#2162,#2163,#2164,
    #2165,#2166,#2167,#2168,#2169,#2170,#2171,#2172,#2173,#2174,#2175,
    #2176,#2177,#2178,#2179,#2180,#2181,#2182,#2183,#2184,#2185,#2186,
    #2187,#2188,#2189,#2190,#2191,#2192,#2193,#2194,#2195,#2196,#2197,
    #2198,#2199,#2200,#2201,#2202,#2203,#2204,#2205,#2206,#2207,#2208,
    #2209,#2210,#2211,#2212,#2213,#2214,#2215,#2216,#2217,#2218,#2219,
    #2220,#2221,#2222,#2223,#2224,#2225,#2226,#2227,#2228,#2229,#2230,
    #2231,#2232,#2233,#2234,#2235,#2236,#2237,#2238,#2239,#2240,#2241,
    #2242,#2243,#2244,#2245,#2246,#2247,#2248,#2249,#2250,#2251,#2252,
    #2253,#2254,#2255,#2256,#2257,#2258,#2259,#2260,#2261,#2262,#2263,
    #2264,#2265,#2266,#2267,#2268,#2269,#2270,#2271,#2272,#2273,#2274,
    #2275,#2276,#2277,#2278,#2279,#2280,#2281,#2282,#2283,#2284,#2285,
    #2286,#2287,#2288,#2289,#2290,#2291,#2292,#2293,#2294,#2295,#2296,
    #2297,#2298,#2299,#2300,#2301,#2302,#2303,#2304,#2305,#2306,#2307,
    #2308,#2309,#2310,#2311,#2312,#2313,#2314,#2315,#2316,#2317,#2318,
    #2319,#2320,#2321,#2322,#2323,#2324,#2325,#2326,#2327,#2328,#2329,
    #2330,#2331,#2332,#2333,#2334,#2335,#2336,#2337,#2338,#2339,#2340,
    #2341,#2342,#2343,#2344,#2345,#2346,#2347,#2348,#2349,#2350,#2351,
    #2352,#2353,#2354,#2355,#2356,#2357,#2358,#2359,#2360,#2361,#2362,
    #2363,#2364,#2365,#2366,#2367,#2368,#2369,#2370,#2371,#2372,#2373,
    #2374,#2375,#2376,#2377,#2378,#2379,#2380,#2381,#2382,#2383,#2384,
    #2385,#2386,#2387,#2388,#2389,#2390,#2391,#2392,#2393,#2394,#2395,
    #2396,#2397,#2398,#2399,#2400,#2401,#2402,#2403,#2404,#2405,#2406,
    #2407,#2408,#2409,#2410,#2411,#2412,#2413,#2414,#2415,#2416,#2417,
    #2418,#2419,#2420,#2421,#2422,#2423,#2424,#2425,#2426,#2427,#2428,
    #2429,#2430,#2431,#2432,#2433,#2434,#2435,#2436,#2437,#2438,#2439,
    #2440,#2441,#2442,#2443,#2444,#2445,#2446,#2447,#2448,#2449,#2450,
    #2451,#2452,#2453,#2454,#2455,#2456,#2457,#2458,#2459,#2460,#2461,
    #2462,#2463,#2464,#2465,#2466,#2467,#2468,#2469,#2470,#2471,#2472,
    #2473,#2474,#2475,#2476,#2477,#2478,#2479,#2480,#2481,#2482,#2483,
    #2484,#2485,#2486,#2487,#2488,#2489,#2490,#2491,#2492,#2493,#2494,
    #2495,#2496,#2497,#2498,#2499,#2500,#2501,#2502,#2503,#2504,#2505,
    #2506,#2507,#2508,#2509,#2510,#2511,#2512,#2513,#2514,#2515,#2516,
    #2517,#2518,#2519,#2520,#2521,#2522,#2523,#2524,#2525,#2526,#2527,
    #2528,#2529,#2530,#2531,#2532,#2533),.UNSPECIFIED.,.F.,.F.,(9,7,7,7,
    7,7,7,7,7,7,7,7,7,7,7,7,7,7,7,7,7,7,7,7,7,7,7,7,7,7,7,7,7,7,7,7,7,7,
    7,7,7,7,7,7,7,7,7,7,7,7,7,7,7,7,7,7,7,7,7,7,7,7,7,7,7,7,7,7,7,7,7,7,
    7,7,7,7,7,7,7,7,7,7,7,7,7,7,7,7,7,7,7,7,7,7,7,7,7,7,7,7,7,7,7,7,7,9)
  ,(0.,7.029305657165E-03,1.807403870112E-02,2.910196153404E-02,
    3.911437233794E-02,5.013033936957E-02,5.714008451552E-02,
    6.715281452317E-02,7.81682971376E-02,8.617629458865E-02,
    9.418409203616E-02,0.103192326996,0.112205938755,0.119215087231,
    0.130229895656,0.141242153985,0.148247828422,0.15824782457,
    0.1692470177,0.178248979888,0.188250314881,0.20024551912,
    0.206246164817,0.213244995886,0.225245415198,0.237258867692,
    0.244266566654,0.255279097181,0.266289078139,0.273293303779,
    0.283291231895,0.294288150356,0.303288250908,0.313287517593,
    0.325280241183,0.331279645927,0.338277029614,0.350274967199,
    0.362285935272,0.369292185019,0.380302438118,0.391310142177,
    0.39831291932,0.408308779832,0.419303424095,0.428301663398,
    0.438298862201,0.450289105658,0.456287269706,0.463283206311,
    0.475278662684,0.487287146849,0.49429194768,0.505299923822,
    0.51630535145,0.523306680395,0.533300473729,0.544292844262,
    0.553289222698,0.563284354047,0.575272117881,0.581269041487,
    0.588263531308,0.600256506979,0.612262507748,0.619265859962,
    0.630271559618,0.641274711286,0.648274592333,0.658266318917,
    0.66925641619,0.678250934145,0.688243998467,0.700229283191,
    0.706224966613,0.71321800995,0.725208505434,0.737212023322,
    0.744213927219,0.755217350859,0.766218227038,0.773216660486,
    0.783206320747,0.794194145231,0.803186803089,0.813177800812,
    0.825160606938,0.831155050433,0.838146647585,0.850134663394,
    0.862135698915,0.869136154795,0.88013730289,0.891135904048,
    0.898132890326,0.908120485105,0.919106039425,0.928096843344,
    0.93808578183,0.950066080601,0.956059281542,0.963049513471,
    0.972036323922,0.979027271357,0.989014163128,1.),.UNSPECIFIED.);
#1797 = CARTESIAN_POINT('',(217.69341235275,0.980392156863));
#1798 = CARTESIAN_POINT('',(217.50293061694,0.980392156863));
#1799 = CARTESIAN_POINT('',(217.31244888113,0.980392156863));
#1800 = CARTESIAN_POINT('',(217.12196714532,0.980392156863));
#1801 = CARTESIAN_POINT('',(216.93148540951,0.980392156863));
#1802 = CARTESIAN_POINT('',(216.7410036737,0.980392156863));
#1803 = CARTESIAN_POINT('',(216.55052193789,0.980392156863));
#1804 = CARTESIAN_POINT('',(216.36004020209,0.980392156863));
#1805 = CARTESIAN_POINT('',(215.87026575881,0.980392156863));
#1806 = CARTESIAN_POINT('',(215.57087250102,0.980392156863));
#1807 = CARTESIAN_POINT('',(215.27147620023,0.980392156863));
#1808 = CARTESIAN_POINT('',(214.97228652598,0.980392156863));
#1809 = CARTESIAN_POINT('',(214.67304430082,0.980392156863));
#1810 = CARTESIAN_POINT('',(214.37356265079,0.980392156863));
#1811 = CARTESIAN_POINT('',(214.07418204212,0.980392156863));
#1812 = CARTESIAN_POINT('',(213.47613528232,0.980392156863));
#1813 = CARTESIAN_POINT('',(213.17745851785,0.980392156863));
#1814 = CARTESIAN_POINT('',(212.87866607507,0.980392156863));
#1815 = CARTESIAN_POINT('',(212.57909032099,0.980392156863));
#1816 = CARTESIAN_POINT('',(212.2792848892,0.980392156863));
#1817 = CARTESIAN_POINT('',(211.97979222861,0.980392156863));
#1818 = CARTESIAN_POINT('',(211.68003017971,0.980392156863));
#1819 = CARTESIAN_POINT('',(211.10817710675,0.980392156863));
#1820 = CARTESIAN_POINT('',(210.83607291626,0.980392156863));
#1821 = CARTESIAN_POINT('',(210.56396572137,0.980392156863));
#1822 = CARTESIAN_POINT('',(210.29184054846,0.980392156863));
#1823 = CARTESIAN_POINT('',(210.01970717472,0.980392156863));
#1824 = CARTESIAN_POINT('',(209.74759101201,0.980392156863));
#1825 = CARTESIAN_POINT('',(209.47550025175,0.980392156863));
#1826 = CARTESIAN_POINT('',(208.90396226791,0.980392156863));
#1827 = CARTESIAN_POINT('',(208.60463417333,0.980392156863));
#1828 = CARTESIAN_POINT('',(208.30524664385,0.980392156863));
#1829 = CARTESIAN_POINT('',(208.00598879435,0.980392156863));
#1830 = CARTESIAN_POINT('',(207.70677968777,0.980392156863));
#1831 = CARTESIAN_POINT('',(207.40746599143,0.980392156863));
#1832 = CARTESIAN_POINT('',(207.10811981373,0.980392156863));
#1833 = CARTESIAN_POINT('',(206.61823970951,0.980392156863));
#1834 = CARTESIAN_POINT('',(206.42777129723,0.980392156863));
#1835 = CARTESIAN_POINT('',(206.23730799934,0.980392156863));
#1836 = CARTESIAN_POINT('',(206.04683298959,0.980392156863));
#1837 = CARTESIAN_POINT('',(205.85634111432,0.980392156863));
#1838 = CARTESIAN_POINT('',(205.66583889254,0.980392156863));
#1839 = CARTESIAN_POINT('',(205.47534451589,0.980392156863));
#1840 = CARTESIAN_POINT('',(205.01283927232,0.980392156863));
#1841 = CARTESIAN_POINT('',(204.74067178733,0.980392156863));
#1842 = CARTESIAN_POINT('',(204.46846904113,0.980392156863));
#1843 = CARTESIAN_POINT('',(204.19635551115,0.980392156863));
#1844 = CARTESIAN_POINT('',(203.92432935579,0.980392156863));
#1845 = CARTESIAN_POINT('',(203.65225961963,0.980392156863));
#1846 = CARTESIAN_POINT('',(203.38004779288,0.980392156863));
#1847 = CARTESIAN_POINT('',(202.80861004255,0.980392156863));
#1848 = CARTESIAN_POINT('',(202.50911159879,0.980392156863));
#1849 = CARTESIAN_POINT('',(202.21022732354,0.980392156863));
#1850 = CARTESIAN_POINT('',(201.91075370602,0.980392156863));
#1851 = CARTESIAN_POINT('',(201.61106534403,0.980392156863));
#1852 = CARTESIAN_POINT('',(201.31193902093,0.980392156863));
#1853 = CARTESIAN_POINT('',(201.01277337042,0.980392156863));
#1854 = CARTESIAN_POINT('',(200.49563511317,0.980392156863));
#1855 = CARTESIAN_POINT('',(200.27793801458,0.980392156863));
#1856 = CARTESIAN_POINT('',(200.06024118757,0.980392156863));
#1857 = CARTESIAN_POINT('',(199.84254803297,0.980392156863));
#1858 = CARTESIAN_POINT('',(199.62485905833,0.980392156863));
#1859 = CARTESIAN_POINT('',(199.40717187791,0.980392156863));
#1860 = CARTESIAN_POINT('',(199.1894812127,0.980392156863));
#1861 = CARTESIAN_POINT('',(198.75408200533,0.980392156863));
#1862 = CARTESIAN_POINT('',(198.53638469803,0.980392156863));
#1863 = CARTESIAN_POINT('',(198.3186907335,0.980392156863));
#1864 = CARTESIAN_POINT('',(198.10100143052,0.980392156863));
#1865 = CARTESIAN_POINT('',(197.88331566163,0.980392156863));
#1866 = CARTESIAN_POINT('',(197.66562985315,0.980392156863));
#1867 = CARTESIAN_POINT('',(197.44793798518,0.980392156863));
#1868 = CARTESIAN_POINT('',(196.98532650269,0.980392156863));
#1869 = CARTESIAN_POINT('',(196.74042141379,0.980392156863));
#1870 = CARTESIAN_POINT('',(196.4955163249,0.980392156863));
#1871 = CARTESIAN_POINT('',(196.250611236,0.980392156863));
#1872 = CARTESIAN_POINT('',(196.0057061471,0.980392156863));
#1873 = CARTESIAN_POINT('',(195.76080105821,0.980392156863));
#1874 = CARTESIAN_POINT('',(195.51589596931,0.980392156863));
#1875 = CARTESIAN_POINT('',(195.02593961356,0.980392156863));
#1876 = CARTESIAN_POINT('',(194.7810436306,0.980392156863));
#1877 = CARTESIAN_POINT('',(194.53623020492,0.980392156863));
#1878 = CARTESIAN_POINT('',(194.2914282285,0.980392156863));
#1879 = CARTESIAN_POINT('',(194.04658215588,0.980392156863));
#1880 = CARTESIAN_POINT('',(193.80166594823,0.980392156863));
#1881 = CARTESIAN_POINT('',(193.55669701725,0.980392156863));
#1882 = CARTESIAN_POINT('',(193.12127504423,0.980392156863));
#1883 = CARTESIAN_POINT('',(192.93080519351,0.980392156863));
#1884 = CARTESIAN_POINT('',(192.74032719502,0.980392156863));
#1885 = CARTESIAN_POINT('',(192.54983549913,0.980392156863));
#1886 = CARTESIAN_POINT('',(192.35933242859,0.980392156863));
#1887 = CARTESIAN_POINT('',(192.16882817857,0.980392156863));
#1888 = CARTESIAN_POINT('',(191.97834081664,0.980392156863));
#1889 = CARTESIAN_POINT('',(191.48861455639,0.980392156863));
#1890 = CARTESIAN_POINT('',(191.18931765285,0.980392156863));
#1891 = CARTESIAN_POINT('',(190.88976970522,0.980392156863));
#1892 = CARTESIAN_POINT('',(190.59053010091,0.980392156863));
#1893 = CARTESIAN_POINT('',(190.29135543403,0.980392156863));
#1894 = CARTESIAN_POINT('',(189.99191396751,0.980392156863));
#1895 = CARTESIAN_POINT('',(189.69260415181,0.980392156863));
#1896 = CARTESIAN_POINT('',(189.09400264268,0.980392156863));
#1897 = CARTESIAN_POINT('',(188.79449733443,0.980392156863));
#1898 = CARTESIAN_POINT('',(188.49526678774,0.980392156863));
#1899 = CARTESIAN_POINT('',(188.19607719785,0.980392156863));
#1900 = CARTESIAN_POINT('',(187.89665157471,0.980392156863));
#1901 = CARTESIAN_POINT('',(187.59715992727,0.980392156863));
#1902 = CARTESIAN_POINT('',(187.298033462,0.980392156863));
#1903 = CARTESIAN_POINT('',(186.80817667807,0.980392156863));
#1904 = CARTESIAN_POINT('',(186.61775976936,0.980392156863));
#1905 = CARTESIAN_POINT('',(186.42735752814,0.980392156863));
#1906 = CARTESIAN_POINT('',(186.23694234731,0.980392156863));
#1907 = CARTESIAN_POINT('',(186.04649196946,0.980392156863));
#1908 = CARTESIAN_POINT('',(185.85598948683,0.980392156863));
#1909 = CARTESIAN_POINT('',(185.66542334134,0.980392156863));
#1910 = CARTESIAN_POINT('',(185.2026708494,0.980392156863));
#1911 = CARTESIAN_POINT('',(184.93055545944,0.980392156863));
#1912 = CARTESIAN_POINT('',(184.65843547891,0.980392156863));
#1913 = CARTESIAN_POINT('',(184.38631796965,0.980392156863));
#1914 = CARTESIAN_POINT('',(184.11420506652,0.980392156863));
#1915 = CARTESIAN_POINT('',(183.8420899814,0.980392156863));
#1916 = CARTESIAN_POINT('',(183.56996667565,0.980392156863));
#1917 = CARTESIAN_POINT('',(182.99855021963,0.980392156863));
#1918 = CARTESIAN_POINT('',(182.69919706615,0.980392156863));
#1919 = CARTESIAN_POINT('',(182.39981058212,0.980392156863));
#1920 = CARTESIAN_POINT('',(182.10043797463,0.980392156863));
#1921 = CARTESIAN_POINT('',(181.80107903177,0.980392156863));
#1922 = CARTESIAN_POINT('',(181.50173930257,0.980392156863));
#1923 = CARTESIAN_POINT('',(181.20246690999,0.980392156863));
#1924 = CARTESIAN_POINT('',(180.65832057623,0.980392156863));
#1925 = CARTESIAN_POINT('',(180.41341548734,0.980392156863));
#1926 = CARTESIAN_POINT('',(180.16851039844,0.980392156863));
#1927 = CARTESIAN_POINT('',(179.92360530954,0.980392156863));
#1928 = CARTESIAN_POINT('',(179.67870022065,0.980392156863));
#1929 = CARTESIAN_POINT('',(179.43379513175,0.980392156863));
#1930 = CARTESIAN_POINT('',(179.18889004285,0.980392156863));
#1931 = CARTESIAN_POINT('',(178.67189118324,0.980392156863));
#1932 = CARTESIAN_POINT('',(178.39974001765,0.980392156863));
#1933 = CARTESIAN_POINT('',(178.12762555759,0.980392156863));
#1934 = CARTESIAN_POINT('',(177.85552105817,0.980392156863));
#1935 = CARTESIAN_POINT('',(177.5833991988,0.980392156863));
#1936 = CARTESIAN_POINT('',(177.31127655092,0.980392156863));
#1937 = CARTESIAN_POINT('',(177.03918224412,0.980392156863));
#1938 = CARTESIAN_POINT('',(176.44066721371,0.980392156863));
#1939 = CARTESIAN_POINT('',(176.11390664777,0.980392156863));
#1940 = CARTESIAN_POINT('',(175.78752777269,0.980392156863));
#1941 = CARTESIAN_POINT('',(175.46020681042,0.980392156863));
#1942 = CARTESIAN_POINT('',(175.13507792265,0.980392156863));
#1943 = CARTESIAN_POINT('',(174.80775119433,0.980392156863));
#1944 = CARTESIAN_POINT('',(174.48110437684,0.980392156863));
#1945 = CARTESIAN_POINT('',(173.99145982293,0.980392156863));
#1946 = CARTESIAN_POINT('',(173.82818976367,0.980392156863));
#1947 = CARTESIAN_POINT('',(173.6649197044,0.980392156863));
#1948 = CARTESIAN_POINT('',(173.50164964514,0.980392156863));
#1949 = CARTESIAN_POINT('',(173.33837958587,0.980392156863));
#1950 = CARTESIAN_POINT('',(173.17510952661,0.980392156863));
#1951 = CARTESIAN_POINT('',(173.01183946734,0.980392156863));
#1952 = CARTESIAN_POINT('',(172.65813997415,0.980392156863));
#1953 = CARTESIAN_POINT('',(172.46769005982,0.980392156863));
#1954 = CARTESIAN_POINT('',(172.27722205993,0.980392156863));
#1955 = CARTESIAN_POINT('',(172.08673866829,0.980392156863));
#1956 = CARTESIAN_POINT('',(171.89624287757,0.980392156863));
#1957 = CARTESIAN_POINT('',(171.70573797938,0.980392156863));
#1958 = CARTESIAN_POINT('',(171.51522756425,0.980392156863));
#1959 = CARTESIAN_POINT('',(170.9980574878,0.980392156863));
#1960 = CARTESIAN_POINT('',(170.67143333976,0.980392156863));
#1961 = CARTESIAN_POINT('',(170.34471333571,0.980392156863));
#1962 = CARTESIAN_POINT('',(170.01826873369,0.980392156863));
#1963 = CARTESIAN_POINT('',(169.69190860332,0.980392156863));
#1964 = CARTESIAN_POINT('',(169.36536709857,0.980392156863));
#1965 = CARTESIAN_POINT('',(169.03888065482,0.980392156863));
#1966 = CARTESIAN_POINT('',(168.38555390826,0.980392156863));
#1967 = CARTESIAN_POINT('',(168.05883665565,0.980392156863));
#1968 = CARTESIAN_POINT('',(167.73176093495,0.980392156863));
#1969 = CARTESIAN_POINT('',(167.40614286818,0.980392156863));
#1970 = CARTESIAN_POINT('',(167.07945993265,0.980392156863));
#1971 = CARTESIAN_POINT('',(166.75316182281,0.980392156863));
#1972 = CARTESIAN_POINT('',(166.42660932232,0.980392156863));
#1973 = CARTESIAN_POINT('',(165.90959850009,0.980392156863));
#1974 = CARTESIAN_POINT('',(165.71912864935,0.980392156863));
#1975 = CARTESIAN_POINT('',(165.52865065088,0.980392156863));
#1976 = CARTESIAN_POINT('',(165.33815895502,0.980392156863));
#1977 = CARTESIAN_POINT('',(165.14765588453,0.980392156863));
#1978 = CARTESIAN_POINT('',(164.95715163455,0.980392156863));
#1979 = CARTESIAN_POINT('',(164.76666427262,0.980392156863));
#1980 = CARTESIAN_POINT('',(164.27693801223,0.980392156863));
#1981 = CARTESIAN_POINT('',(163.97764110878,0.980392156863));
#1982 = CARTESIAN_POINT('',(163.67809316124,0.980392156863));
#1983 = CARTESIAN_POINT('',(163.37885355676,0.980392156863));
#1984 = CARTESIAN_POINT('',(163.07967888982,0.980392156863));
#1985 = CARTESIAN_POINT('',(162.78023742352,0.980392156863));
#1986 = CARTESIAN_POINT('',(162.4809276077,0.980392156863));
#1987 = CARTESIAN_POINT('',(161.88232609859,0.980392156863));
#1988 = CARTESIAN_POINT('',(161.58282079033,0.980392156863));
#1989 = CARTESIAN_POINT('',(161.28359024364,0.980392156863));
#1990 = CARTESIAN_POINT('',(160.98440065376,0.980392156863));
#1991 = CARTESIAN_POINT('',(160.68497503062,0.980392156863));
#1992 = CARTESIAN_POINT('',(160.38548338316,0.980392156863));
#1993 = CARTESIAN_POINT('',(160.0863569179,0.980392156863));
#1994 = CARTESIAN_POINT('',(159.59650013398,0.980392156863));
#1995 = CARTESIAN_POINT('',(159.40608322527,0.980392156863));
#1996 = CARTESIAN_POINT('',(159.21568098404,0.980392156863));
#1997 = CARTESIAN_POINT('',(159.0252658032,0.980392156863));
#1998 = CARTESIAN_POINT('',(158.83481542535,0.980392156863));
#1999 = CARTESIAN_POINT('',(158.64431294272,0.980392156863));
#2000 = CARTESIAN_POINT('',(158.45374679723,0.980392156863));
#2001 = CARTESIAN_POINT('',(157.99099430531,0.980392156863));
#2002 = CARTESIAN_POINT('',(157.71887891534,0.980392156863));
#2003 = CARTESIAN_POINT('',(157.44675893482,0.980392156863));
#2004 = CARTESIAN_POINT('',(157.17464142555,0.980392156863));
#2005 = CARTESIAN_POINT('',(156.90252852242,0.980392156863));
#2006 = CARTESIAN_POINT('',(156.63041343731,0.980392156863));
#2007 = CARTESIAN_POINT('',(156.35829013155,0.980392156863));
#2008 = CARTESIAN_POINT('',(155.78687367554,0.980392156863));
#2009 = CARTESIAN_POINT('',(155.48752052206,0.980392156863));
#2010 = CARTESIAN_POINT('',(155.18813403803,0.980392156863));
#2011 = CARTESIAN_POINT('',(154.88876143054,0.980392156863));
#2012 = CARTESIAN_POINT('',(154.58940248767,0.980392156863));
#2013 = CARTESIAN_POINT('',(154.29006275848,0.980392156863));
#2014 = CARTESIAN_POINT('',(153.9907903659,0.980392156863));
#2015 = CARTESIAN_POINT('',(153.44664403214,0.980392156863));
#2016 = CARTESIAN_POINT('',(153.20173894324,0.980392156863));
#2017 = CARTESIAN_POINT('',(152.95683385434,0.980392156863));
#2018 = CARTESIAN_POINT('',(152.71192876545,0.980392156863));
#2019 = CARTESIAN_POINT('',(152.46702367655,0.980392156863));
#2020 = CARTESIAN_POINT('',(152.22211858765,0.980392156863));
#2021 = CARTESIAN_POINT('',(151.97721349876,0.980392156863));
#2022 = CARTESIAN_POINT('',(151.46021463914,0.980392156863));
#2023 = CARTESIAN_POINT('',(151.18806347356,0.980392156863));
#2024 = CARTESIAN_POINT('',(150.91594901349,0.980392156863));
#2025 = CARTESIAN_POINT('',(150.64384451408,0.980392156863));
#2026 = CARTESIAN_POINT('',(150.3717226547,0.980392156863));
#2027 = CARTESIAN_POINT('',(150.09960000683,0.980392156863));
#2028 = CARTESIAN_POINT('',(149.82750570003,0.980392156863));
#2029 = CARTESIAN_POINT('',(149.22899066963,0.980392156863));
#2030 = CARTESIAN_POINT('',(148.90223010361,0.980392156863));
#2031 = CARTESIAN_POINT('',(148.57585122875,0.980392156863));
#2032 = CARTESIAN_POINT('',(148.24853026613,0.980392156863));
#2033 = CARTESIAN_POINT('',(147.92340137869,0.980392156863));
#2034 = CARTESIAN_POINT('',(147.59607465018,0.980392156863));
#2035 = CARTESIAN_POINT('',(147.26942783276,0.980392156863));
#2036 = CARTESIAN_POINT('',(146.77978327883,0.980392156863));
#2037 = CARTESIAN_POINT('',(146.61651321957,0.980392156863));
#2038 = CARTESIAN_POINT('',(146.45324316031,0.980392156863));
#2039 = CARTESIAN_POINT('',(146.28997310104,0.980392156863));
#2040 = CARTESIAN_POINT('',(146.12670304178,0.980392156863));
#2041 = CARTESIAN_POINT('',(145.96343298251,0.980392156863));
#2042 = CARTESIAN_POINT('',(145.80016292325,0.980392156863));
#2043 = CARTESIAN_POINT('',(145.44646343006,0.980392156863));
#2044 = CARTESIAN_POINT('',(145.25601351572,0.980392156863));
#2045 = CARTESIAN_POINT('',(145.06554551584,0.980392156863));
#2046 = CARTESIAN_POINT('',(144.87506212419,0.980392156863));
#2047 = CARTESIAN_POINT('',(144.68456633347,0.980392156863));
#2048 = CARTESIAN_POINT('',(144.49406143529,0.980392156863));
#2049 = CARTESIAN_POINT('',(144.30355102016,0.980392156863));
#2050 = CARTESIAN_POINT('',(143.78638094371,0.980392156863));
#2051 = CARTESIAN_POINT('',(143.45975679566,0.980392156863));
#2052 = CARTESIAN_POINT('',(143.13303679161,0.980392156863));
#2053 = CARTESIAN_POINT('',(142.8065921896,0.980392156863));
#2054 = CARTESIAN_POINT('',(142.48023205923,0.980392156863));
#2055 = CARTESIAN_POINT('',(142.15369055447,0.980392156863));
#2056 = CARTESIAN_POINT('',(141.82720411073,0.980392156863));
#2057 = CARTESIAN_POINT('',(141.17387736414,0.980392156863));
#2058 = CARTESIAN_POINT('',(140.84716011169,0.980392156863));
#2059 = CARTESIAN_POINT('',(140.52008439058,0.980392156863));
#2060 = CARTESIAN_POINT('',(140.19446632442,0.980392156863));
#2061 = CARTESIAN_POINT('',(139.86778338832,0.980392156863));
#2062 = CARTESIAN_POINT('',(139.54148527881,0.980392156863));
#2063 = CARTESIAN_POINT('',(139.21493277821,0.980392156863));
#2064 = CARTESIAN_POINT('',(138.697921956,0.980392156863));
#2065 = CARTESIAN_POINT('',(138.50745210526,0.980392156863));
#2066 = CARTESIAN_POINT('',(138.31697410678,0.980392156863));
#2067 = CARTESIAN_POINT('',(138.12648241093,0.980392156863));
#2068 = CARTESIAN_POINT('',(137.93597934044,0.980392156863));
#2069 = CARTESIAN_POINT('',(137.74547509046,0.980392156863));
#2070 = CARTESIAN_POINT('',(137.55498772852,0.980392156863));
#2071 = CARTESIAN_POINT('',(137.06526146813,0.980392156863));
#2072 = CARTESIAN_POINT('',(136.76596456469,0.980392156863));
#2073 = CARTESIAN_POINT('',(136.46641661715,0.980392156863));
#2074 = CARTESIAN_POINT('',(136.16717701266,0.980392156863));
#2075 = CARTESIAN_POINT('',(135.86800234573,0.980392156863));
#2076 = CARTESIAN_POINT('',(135.56856087943,0.980392156863));
#2077 = CARTESIAN_POINT('',(135.2692510636,0.980392156863));
#2078 = CARTESIAN_POINT('',(134.6706495545,0.980392156863));
#2079 = CARTESIAN_POINT('',(134.37114424622,0.980392156863));
#2080 = CARTESIAN_POINT('',(134.07191369956,0.980392156863));
#2081 = CARTESIAN_POINT('',(133.77272410967,0.980392156863));
#2082 = CARTESIAN_POINT('',(133.47329848652,0.980392156863));
#2083 = CARTESIAN_POINT('',(133.17380683907,0.980392156863));
#2084 = CARTESIAN_POINT('',(132.87468037381,0.980392156863));
#2085 = CARTESIAN_POINT('',(132.38482358988,0.980392156863));
#2086 = CARTESIAN_POINT('',(132.19440668117,0.980392156863));
#2087 = CARTESIAN_POINT('',(132.00400443994,0.980392156863));
#2088 = CARTESIAN_POINT('',(131.81358925911,0.980392156863));
#2089 = CARTESIAN_POINT('',(131.62313888126,0.980392156863));
#2090 = CARTESIAN_POINT('',(131.43263639863,0.980392156863));
#2091 = CARTESIAN_POINT('',(131.24207025314,0.980392156863));
#2092 = CARTESIAN_POINT('',(130.77931776122,0.980392156863));
#2093 = CARTESIAN_POINT('',(130.50720237125,0.980392156863));
#2094 = CARTESIAN_POINT('',(130.23508239072,0.980392156863));
#2095 = CARTESIAN_POINT('',(129.96296488146,0.980392156863));
#2096 = CARTESIAN_POINT('',(129.69085197833,0.980392156863));
#2097 = CARTESIAN_POINT('',(129.41873689321,0.980392156863));
#2098 = CARTESIAN_POINT('',(129.14661358746,0.980392156863));
#2099 = CARTESIAN_POINT('',(128.57519713144,0.980392156863));
#2100 = CARTESIAN_POINT('',(128.27584397797,0.980392156863));
#2101 = CARTESIAN_POINT('',(127.97645749393,0.980392156863));
#2102 = CARTESIAN_POINT('',(127.67708488645,0.980392156863));
#2103 = CARTESIAN_POINT('',(127.37772594358,0.980392156863));
#2104 = CARTESIAN_POINT('',(127.07838621438,0.980392156863));
#2105 = CARTESIAN_POINT('',(126.7791138218,0.980392156863));
#2106 = CARTESIAN_POINT('',(126.23496748804,0.980392156863));
#2107 = CARTESIAN_POINT('',(125.99006239915,0.980392156863));
#2108 = CARTESIAN_POINT('',(125.74515731025,0.980392156863));
#2109 = CARTESIAN_POINT('',(125.50025222135,0.980392156863));
#2110 = CARTESIAN_POINT('',(125.25534713246,0.980392156863));
#2111 = CARTESIAN_POINT('',(125.01044204356,0.980392156863));
#2112 = CARTESIAN_POINT('',(124.76553695466,0.980392156863));
#2113 = CARTESIAN_POINT('',(124.24853809505,0.980392156863));
#2114 = CARTESIAN_POINT('',(123.97638692946,0.980392156863));
#2115 = CARTESIAN_POINT('',(123.7042724694,0.980392156863));
#2116 = CARTESIAN_POINT('',(123.43216796998,0.980392156863));
#2117 = CARTESIAN_POINT('',(123.16004611061,0.980392156863));
#2118 = CARTESIAN_POINT('',(122.88792346273,0.980392156863));
#2119 = CARTESIAN_POINT('',(122.61582915593,0.980392156863));
#2120 = CARTESIAN_POINT('',(122.01731412553,0.980392156863));
#2121 = CARTESIAN_POINT('',(121.69055355954,0.980392156863));
#2122 = CARTESIAN_POINT('',(121.3641746846,0.980392156863));
#2123 = CARTESIAN_POINT('',(121.0368537221,0.980392156863));
#2124 = CARTESIAN_POINT('',(120.71172483457,0.980392156863));
#2125 = CARTESIAN_POINT('',(120.38439810609,0.980392156863));
#2126 = CARTESIAN_POINT('',(120.05775128866,0.980392156863));
#2127 = CARTESIAN_POINT('',(119.56810673474,0.980392156863));
#2128 = CARTESIAN_POINT('',(119.40483667548,0.980392156863));
#2129 = CARTESIAN_POINT('',(119.24156661621,0.980392156863));
#2130 = CARTESIAN_POINT('',(119.07829655695,0.980392156863));
#2131 = CARTESIAN_POINT('',(118.91502649768,0.980392156863));
#2132 = CARTESIAN_POINT('',(118.75175643842,0.980392156863));
#2133 = CARTESIAN_POINT('',(118.58848637915,0.980392156863));
#2134 = CARTESIAN_POINT('',(118.23478688596,0.980392156863));
#2135 = CARTESIAN_POINT('',(118.04433697163,0.980392156863));
#2136 = CARTESIAN_POINT('',(117.85386897175,0.980392156863));
#2137 = CARTESIAN_POINT('',(117.6633855801,0.980392156863));
#2138 = CARTESIAN_POINT('',(117.47288978938,0.980392156863));
#2139 = CARTESIAN_POINT('',(117.28238489119,0.980392156863));
#2140 = CARTESIAN_POINT('',(117.09187447606,0.980392156863));
#2141 = CARTESIAN_POINT('',(116.57470439961,0.980392156863));
#2142 = CARTESIAN_POINT('',(116.24808025159,0.980392156863));
#2143 = CARTESIAN_POINT('',(115.92136024749,0.980392156863));
#2144 = CARTESIAN_POINT('',(115.5949156455,0.980392156863));
#2145 = CARTESIAN_POINT('',(115.26855551515,0.980392156863));
#2146 = CARTESIAN_POINT('',(114.94201401036,0.980392156863));
#2147 = CARTESIAN_POINT('',(114.61552756664,0.980392156863));
#2148 = CARTESIAN_POINT('',(113.96220082008,0.980392156863));
#2149 = CARTESIAN_POINT('',(113.63548356745,0.980392156863));
#2150 = CARTESIAN_POINT('',(113.30840784679,0.980392156863));
#2151 = CARTESIAN_POINT('',(112.98278977995,0.980392156863));
#2152 = CARTESIAN_POINT('',(112.6561068445,0.980392156863));
#2153 = CARTESIAN_POINT('',(112.3298087346,0.980392156863));
#2154 = CARTESIAN_POINT('',(112.00325623414,0.980392156863));
#2155 = CARTESIAN_POINT('',(111.48624541191,0.980392156863));
#2156 = CARTESIAN_POINT('',(111.29577556116,0.980392156863));
#2157 = CARTESIAN_POINT('',(111.10529756269,0.980392156863));
#2158 = CARTESIAN_POINT('',(110.91480586683,0.980392156863));
#2159 = CARTESIAN_POINT('',(110.72430279634,0.980392156863));
#2160 = CARTESIAN_POINT('',(110.53379854636,0.980392156863));
#2161 = CARTESIAN_POINT('',(110.34331118443,0.980392156863));
#2162 = CARTESIAN_POINT('',(109.85358492404,0.980392156863));
#2163 = CARTESIAN_POINT('',(109.55428802059,0.980392156863));
#2164 = CARTESIAN_POINT('',(109.25474007306,0.980392156863));
#2165 = CARTESIAN_POINT('',(108.95550046857,0.980392156863));
#2166 = CARTESIAN_POINT('',(108.65632580163,0.980392156863));
#2167 = CARTESIAN_POINT('',(108.35688433534,0.980392156863));
#2168 = CARTESIAN_POINT('',(108.05757451951,0.980392156863));
#2169 = CARTESIAN_POINT('',(107.4589730104,0.980392156863));
#2170 = CARTESIAN_POINT('',(107.15946770214,0.980392156863));
#2171 = CARTESIAN_POINT('',(106.86023715545,0.980392156863));
#2172 = CARTESIAN_POINT('',(106.56104756558,0.980392156863));
#2173 = CARTESIAN_POINT('',(106.26162194244,0.980392156863));
#2174 = CARTESIAN_POINT('',(105.96213029497,0.980392156863));
#2175 = CARTESIAN_POINT('',(105.66300382972,0.980392156863));
#2176 = CARTESIAN_POINT('',(105.17314704579,0.980392156863));
#2177 = CARTESIAN_POINT('',(104.98273013708,0.980392156863));
#2178 = CARTESIAN_POINT('',(104.79232789585,0.980392156863));
#2179 = CARTESIAN_POINT('',(104.60191271501,0.980392156863));
#2180 = CARTESIAN_POINT('',(104.41146233716,0.980392156863));
#2181 = CARTESIAN_POINT('',(104.22095985454,0.980392156863));
#2182 = CARTESIAN_POINT('',(104.03039370904,0.980392156863));
#2183 = CARTESIAN_POINT('',(103.56764121712,0.980392156863));
#2184 = CARTESIAN_POINT('',(103.29552582716,0.980392156863));
#2185 = CARTESIAN_POINT('',(103.02340584663,0.980392156863));
#2186 = CARTESIAN_POINT('',(102.75128833737,0.980392156863));
#2187 = CARTESIAN_POINT('',(102.47917543424,0.980392156863));
#2188 = CARTESIAN_POINT('',(102.20706034912,0.980392156863));
#2189 = CARTESIAN_POINT('',(101.93493704336,0.980392156863));
#2190 = CARTESIAN_POINT('',(101.36352058735,0.980392156863));
#2191 = CARTESIAN_POINT('',(101.06416743387,0.980392156863));
#2192 = CARTESIAN_POINT('',(100.76478094984,0.980392156863));
#2193 = CARTESIAN_POINT('',(100.46540834235,0.980392156863));
#2194 = CARTESIAN_POINT('',(100.16604939948,0.980392156863));
#2195 = CARTESIAN_POINT('',(99.866709670295,0.980392156863));
#2196 = CARTESIAN_POINT('',(99.567437277714,0.980392156863));
#2197 = CARTESIAN_POINT('',(99.023290943955,0.980392156863));
#2198 = CARTESIAN_POINT('',(98.778385855058,0.980392156863));
#2199 = CARTESIAN_POINT('',(98.533480766161,0.980392156863));
#2200 = CARTESIAN_POINT('',(98.288575677264,0.980392156863));
#2201 = CARTESIAN_POINT('',(98.043670588368,0.980392156863));
#2202 = CARTESIAN_POINT('',(97.798765499471,0.980392156863));
#2203 = CARTESIAN_POINT('',(97.553860410574,0.980392156863));
#2204 = CARTESIAN_POINT('',(97.03686155096,0.980392156863));
#2205 = CARTESIAN_POINT('',(96.764710385374,0.980392156863));
#2206 = CARTESIAN_POINT('',(96.49259592531,0.980392156863));
#2207 = CARTESIAN_POINT('',(96.220491425894,0.980392156863));
#2208 = CARTESIAN_POINT('',(95.948369566519,0.980392156863));
#2209 = CARTESIAN_POINT('',(95.676246918643,0.980392156863));
#2210 = CARTESIAN_POINT('',(95.404152611843,0.980392156863));
#2211 = CARTESIAN_POINT('',(94.805637581457,0.980392156863));
#2212 = CARTESIAN_POINT('',(94.478877015385,0.980392156863));
#2213 = CARTESIAN_POINT('',(94.152498140651,0.980392156863));
#2214 = CARTESIAN_POINT('',(93.825177177844,0.980392156863));
#2215 = CARTESIAN_POINT('',(93.500048290605,0.980392156863));
#2216 = CARTESIAN_POINT('',(93.17272156195,0.980392156863));
#2217 = CARTESIAN_POINT('',(92.846074744587,0.980392156863));
#2218 = CARTESIAN_POINT('',(92.356430190652,0.980392156863));
#2219 = CARTESIAN_POINT('',(92.193160131388,0.980392156863));
#2220 = CARTESIAN_POINT('',(92.029890072123,0.980392156863));
#2221 = CARTESIAN_POINT('',(91.866620012858,0.980392156863));
#2222 = CARTESIAN_POINT('',(91.703349953594,0.980392156863));
#2223 = CARTESIAN_POINT('',(91.540079894329,0.980392156863));
#2224 = CARTESIAN_POINT('',(91.376809835065,0.980392156863));
#2225 = CARTESIAN_POINT('',(91.023110341875,0.980392156863));
#2226 = CARTESIAN_POINT('',(90.832660427538,0.980392156863));
#2227 = CARTESIAN_POINT('',(90.642192427657,0.980392156863));
#2228 = CARTESIAN_POINT('',(90.451709036009,0.980392156863));
#2229 = CARTESIAN_POINT('',(90.261213245289,0.980392156863));
#2230 = CARTESIAN_POINT('',(90.070708347104,0.980392156863));
#2231 = CARTESIAN_POINT('',(89.880197931973,0.980392156863));
#2232 = CARTESIAN_POINT('',(89.363027855522,0.980392156863));
#2233 = CARTESIAN_POINT('',(89.036403707489,0.980392156863));
#2234 = CARTESIAN_POINT('',(88.709683703416,0.980392156863));
#2235 = CARTESIAN_POINT('',(88.383239101412,0.980392156863));
#2236 = CARTESIAN_POINT('',(88.056878971053,0.980392156863));
#2237 = CARTESIAN_POINT('',(87.730337466281,0.980392156863));
#2238 = CARTESIAN_POINT('',(87.403851022551,0.980392156863));
#2239 = CARTESIAN_POINT('',(86.75052427597,0.980392156863));
#2240 = CARTESIAN_POINT('',(86.423807023447,0.980392156863));
#2241 = CARTESIAN_POINT('',(86.096731302528,0.980392156863));
#2242 = CARTESIAN_POINT('',(85.771113236069,0.980392156863));
#2243 = CARTESIAN_POINT('',(85.444430300258,0.980392156863));
#2244 = CARTESIAN_POINT('',(85.11813219058,0.980392156863));
#2245 = CARTESIAN_POINT('',(84.79157969004,0.980392156863));
#2246 = CARTESIAN_POINT('',(84.274568867817,0.980392156863));
#2247 = CARTESIAN_POINT('',(84.084099017076,0.980392156863));
#2248 = CARTESIAN_POINT('',(83.893621018601,0.980392156863));
#2249 = CARTESIAN_POINT('',(83.703129322744,0.980392156863));
#2250 = CARTESIAN_POINT('',(83.512626252253,0.980392156863));
#2251 = CARTESIAN_POINT('',(83.322122002273,0.980392156863));
#2252 = CARTESIAN_POINT('',(83.131634640342,0.980392156863));
#2253 = CARTESIAN_POINT('',(82.641908379956,0.980392156863));
#2254 = CARTESIAN_POINT('',(82.342611476495,0.980392156863));
#2255 = CARTESIAN_POINT('',(82.043063528978,0.980392156863));
#2256 = CARTESIAN_POINT('',(81.74382392448,0.980392156863));
#2257 = CARTESIAN_POINT('',(81.444649257532,0.980392156863));
#2258 = CARTESIAN_POINT('',(81.145207791256,0.980392156863));
#2259 = CARTESIAN_POINT('',(80.845897975417,0.980392156863));
#2260 = CARTESIAN_POINT('',(80.247296466319,0.980392156863));
#2261 = CARTESIAN_POINT('',(79.947791158037,0.980392156863));
#2262 = CARTESIAN_POINT('',(79.64856061138,0.980392156863));
#2263 = CARTESIAN_POINT('',(79.34937102149,0.980392156863));
#2264 = CARTESIAN_POINT('',(79.049945398332,0.980392156863));
#2265 = CARTESIAN_POINT('',(78.750453750891,0.980392156863));
#2266 = CARTESIAN_POINT('',(78.451327285626,0.980392156863));
#2267 = CARTESIAN_POINT('',(77.961470501703,0.980392156863));
#2268 = CARTESIAN_POINT('',(77.771053592992,0.980392156863));
#2269 = CARTESIAN_POINT('',(77.58065135176,0.980392156863));
#2270 = CARTESIAN_POINT('',(77.390236170926,0.980392156863));
#2271 = CARTESIAN_POINT('',(77.199785793074,0.980392156863));
#2272 = CARTESIAN_POINT('',(77.009283310448,0.980392156863));
#2273 = CARTESIAN_POINT('',(76.818717164955,0.980392156863));
#2274 = CARTESIAN_POINT('',(76.355964673034,0.980392156863));
#2275 = CARTESIAN_POINT('',(76.083849283067,0.980392156863));
#2276 = CARTESIAN_POINT('',(75.81172930254,0.980392156863));
#2277 = CARTESIAN_POINT('',(75.539611793278,0.980392156863));
#2278 = CARTESIAN_POINT('',(75.267498890148,0.980392156863));
#2279 = CARTESIAN_POINT('',(74.99538380503,0.980392156863));
#2280 = CARTESIAN_POINT('',(74.723260499274,0.980392156863));
#2281 = CARTESIAN_POINT('',(74.151844043262,0.980392156863));
#2282 = CARTESIAN_POINT('',(73.852490889772,0.980392156863));
#2283 = CARTESIAN_POINT('',(73.553104405764,0.980392156863));
#2284 = CARTESIAN_POINT('',(73.253731798265,0.980392156863));
#2285 = CARTESIAN_POINT('',(72.954372855386,0.980392156863));
#2286 = CARTESIAN_POINT('',(72.655033126211,0.980392156863));
#2287 = CARTESIAN_POINT('',(72.355760733618,0.980392156863));
#2288 = CARTESIAN_POINT('',(71.811614399862,0.980392156863));
#2289 = CARTESIAN_POINT('',(71.566709310965,0.980392156863));
#2290 = CARTESIAN_POINT('',(71.321804222068,0.980392156863));
#2291 = CARTESIAN_POINT('',(71.076899133171,0.980392156863));
#2292 = CARTESIAN_POINT('',(70.831994044274,0.980392156863));
#2293 = CARTESIAN_POINT('',(70.587088955378,0.980392156863));
#2294 = CARTESIAN_POINT('',(70.342183866481,0.980392156863));
#2295 = CARTESIAN_POINT('',(69.825185006867,0.980392156863));
#2296 = CARTESIAN_POINT('',(69.553033841281,0.980392156863));
#2297 = CARTESIAN_POINT('',(69.280919381217,0.980392156863));
#2298 = CARTESIAN_POINT('',(69.008814881801,0.980392156863));
#2299 = CARTESIAN_POINT('',(68.736693022426,0.980392156863));
#2300 = CARTESIAN_POINT('',(68.46457037455,0.980392156863));
#2301 = CARTESIAN_POINT('',(68.19247606775,0.980392156863));
#2302 = CARTESIAN_POINT('',(67.593961037353,0.980392156863));
#2303 = CARTESIAN_POINT('',(67.267200471336,0.980392156863));
#2304 = CARTESIAN_POINT('',(66.940821596475,0.980392156863));
#2305 = CARTESIAN_POINT('',(66.613500633838,0.980392156863));
#2306 = CARTESIAN_POINT('',(66.288371746461,0.980392156863));
#2307 = CARTESIAN_POINT('',(65.961045017871,0.980392156863));
#2308 = CARTESIAN_POINT('',(65.634398200494,0.980392156863));
#2309 = CARTESIAN_POINT('',(65.144753646559,0.980392156863));
#2310 = CARTESIAN_POINT('',(64.981483587294,0.980392156863));
#2311 = CARTESIAN_POINT('',(64.81821352803,0.980392156863));
#2312 = CARTESIAN_POINT('',(64.654943468765,0.980392156863));
#2313 = CARTESIAN_POINT('',(64.491673409501,0.980392156863));
#2314 = CARTESIAN_POINT('',(64.328403350236,0.980392156863));
#2315 = CARTESIAN_POINT('',(64.165133290972,0.980392156863));
#2316 = CARTESIAN_POINT('',(63.811433797782,0.980392156863));
#2317 = CARTESIAN_POINT('',(63.620983883445,0.980392156863));
#2318 = CARTESIAN_POINT('',(63.430515883564,0.980392156863));
#2319 = CARTESIAN_POINT('',(63.240032491916,0.980392156863));
#2320 = CARTESIAN_POINT('',(63.049536701196,0.980392156863));
#2321 = CARTESIAN_POINT('',(62.859031803011,0.980392156863));
#2322 = CARTESIAN_POINT('',(62.66852138788,0.980392156863));
#2323 = CARTESIAN_POINT('',(62.151351311426,0.980392156863));
#2324 = CARTESIAN_POINT('',(61.824727163407,0.980392156863));
#2325 = CARTESIAN_POINT('',(61.498007159311,0.980392156863));
#2326 = CARTESIAN_POINT('',(61.171562557318,0.980392156863));
#2327 = CARTESIAN_POINT('',(60.845202426971,0.980392156863));
#2328 = CARTESIAN_POINT('',(60.518660922178,0.980392156863));
#2329 = CARTESIAN_POINT('',(60.19217447846,0.980392156863));
#2330 = CARTESIAN_POINT('',(59.538847731886,0.980392156863));
#2331 = CARTESIAN_POINT('',(59.212130479316,0.980392156863));
#2332 = CARTESIAN_POINT('',(58.885054758512,0.980392156863));
#2333 = CARTESIAN_POINT('',(58.559436691883,0.980392156863));
#2334 = CARTESIAN_POINT('',(58.232753756233,0.980392156863));
#2335 = CARTESIAN_POINT('',(57.906455646457,0.980392156863));
#2336 = CARTESIAN_POINT('',(57.579903145953,0.980392156863));
#2337 = CARTESIAN_POINT('',(57.062892323723,0.980392156863));
#2338 = CARTESIAN_POINT('',(56.872422472983,0.980392156863));
#2339 = CARTESIAN_POINT('',(56.681944474508,0.980392156863));
#2340 = CARTESIAN_POINT('',(56.491452778651,0.980392156863));
#2341 = CARTESIAN_POINT('',(56.30094970816,0.980392156863));
#2342 = CARTESIAN_POINT('',(56.11044545818,0.980392156863));
#2343 = CARTESIAN_POINT('',(55.919958096249,0.980392156863));
#2344 = CARTESIAN_POINT('',(55.430231835862,0.980392156863));
#2345 = CARTESIAN_POINT('',(55.130934932402,0.980392156863));
#2346 = CARTESIAN_POINT('',(54.831386984884,0.980392156863));
#2347 = CARTESIAN_POINT('',(54.532147380385,0.980392156863));
#2348 = CARTESIAN_POINT('',(54.232972713439,0.980392156863));
#2349 = CARTESIAN_POINT('',(53.933531247164,0.980392156863));
#2350 = CARTESIAN_POINT('',(53.634221431322,0.980392156863));
#2351 = CARTESIAN_POINT('',(53.035619922222,0.980392156863));
#2352 = CARTESIAN_POINT('',(52.736114613956,0.980392156863));
#2353 = CARTESIAN_POINT('',(52.436884067272,0.980392156863));
#2354 = CARTESIAN_POINT('',(52.137694477396,0.980392156863));
#2355 = CARTESIAN_POINT('',(51.838268854253,0.980392156863));
#2356 = CARTESIAN_POINT('',(51.538777206786,0.980392156863));
#2357 = CARTESIAN_POINT('',(51.239650741536,0.980392156863));
#2358 = CARTESIAN_POINT('',(50.74979395761,0.980392156863));
#2359 = CARTESIAN_POINT('',(50.559377048898,0.980392156863));
#2360 = CARTESIAN_POINT('',(50.368974807666,0.980392156863));
#2361 = CARTESIAN_POINT('',(50.178559626833,0.980392156863));
#2362 = CARTESIAN_POINT('',(49.98810924898,0.980392156863));
#2363 = CARTESIAN_POINT('',(49.797606766354,0.980392156863));
#2364 = CARTESIAN_POINT('',(49.607040620862,0.980392156863));
#2365 = CARTESIAN_POINT('',(49.14428812894,0.980392156863));
#2366 = CARTESIAN_POINT('',(48.872172738973,0.980392156863));
#2367 = CARTESIAN_POINT('',(48.600052758446,0.980392156863));
#2368 = CARTESIAN_POINT('',(48.327935249184,0.980392156863));
#2369 = CARTESIAN_POINT('',(48.055822346054,0.980392156863));
#2370 = CARTESIAN_POINT('',(47.783707260937,0.980392156863));
#2371 = CARTESIAN_POINT('',(47.511583955181,0.980392156863));
#2372 = CARTESIAN_POINT('',(46.940167499169,0.980392156863));
#2373 = CARTESIAN_POINT('',(46.640814345677,0.980392156863));
#2374 = CARTESIAN_POINT('',(46.341427861671,0.980392156863));
#2375 = CARTESIAN_POINT('',(46.042055254172,0.980392156863));
#2376 = CARTESIAN_POINT('',(45.742696311292,0.980392156863));
#2377 = CARTESIAN_POINT('',(45.443356582116,0.980392156863));
#2378 = CARTESIAN_POINT('',(45.144084189525,0.980392156863));
#2379 = CARTESIAN_POINT('',(44.599937855768,0.980392156863));
#2380 = CARTESIAN_POINT('',(44.355032766871,0.980392156863));
#2381 = CARTESIAN_POINT('',(44.110127677974,0.980392156863));
#2382 = CARTESIAN_POINT('',(43.865222589078,0.980392156863));
#2383 = CARTESIAN_POINT('',(43.620317500181,0.980392156863));
#2384 = CARTESIAN_POINT('',(43.375412411284,0.980392156863));
#2385 = CARTESIAN_POINT('',(43.130507322387,0.980392156863));
#2386 = CARTESIAN_POINT('',(42.613508462774,0.980392156863));
#2387 = CARTESIAN_POINT('',(42.341357297186,0.980392156863));
#2388 = CARTESIAN_POINT('',(42.069242837123,0.980392156863));
#2389 = CARTESIAN_POINT('',(41.797138337708,0.980392156863));
#2390 = CARTESIAN_POINT('',(41.525016478333,0.980392156863));
#2391 = CARTESIAN_POINT('',(41.252893830455,0.980392156863));
#2392 = CARTESIAN_POINT('',(40.980799523657,0.980392156863));
#2393 = CARTESIAN_POINT('',(40.382284493257,0.980392156863));
#2394 = CARTESIAN_POINT('',(40.055523927255,0.980392156863));
#2395 = CARTESIAN_POINT('',(39.729145052341,0.980392156863));
#2396 = CARTESIAN_POINT('',(39.401824089812,0.980392156863));
#2397 = CARTESIAN_POINT('',(39.076695202298,0.980392156863));
#2398 = CARTESIAN_POINT('',(38.749368473817,0.980392156863));
#2399 = CARTESIAN_POINT('',(38.422721656389,0.980392156863));
#2400 = CARTESIAN_POINT('',(37.933077102465,0.980392156863));
#2401 = CARTESIAN_POINT('',(37.769807043201,0.980392156863));
#2402 = CARTESIAN_POINT('',(37.606536983936,0.980392156863));
#2403 = CARTESIAN_POINT('',(37.443266924671,0.980392156863));
#2404 = CARTESIAN_POINT('',(37.279996865407,0.980392156863));
#2405 = CARTESIAN_POINT('',(37.116726806142,0.980392156863));
#2406 = CARTESIAN_POINT('',(36.953456746878,0.980392156863));
#2407 = CARTESIAN_POINT('',(36.599757253688,0.980392156863));
#2408 = CARTESIAN_POINT('',(36.409307339352,0.980392156863));
#2409 = CARTESIAN_POINT('',(36.21883933947,0.980392156863));
#2410 = CARTESIAN_POINT('',(36.028355947822,0.980392156863));
#2411 = CARTESIAN_POINT('',(35.837860157102,0.980392156863));
#2412 = CARTESIAN_POINT('',(35.647355258916,0.980392156863));
#2413 = CARTESIAN_POINT('',(35.456844843786,0.980392156863));
#2414 = CARTESIAN_POINT('',(34.939674767332,0.980392156863));
#2415 = CARTESIAN_POINT('',(34.613050619304,0.980392156863));
#2416 = CARTESIAN_POINT('',(34.286330615222,0.980392156863));
#2417 = CARTESIAN_POINT('',(33.959886013223,0.980392156863));
#2418 = CARTESIAN_POINT('',(33.633525882872,0.980392156863));
#2419 = CARTESIAN_POINT('',(33.306984378093,0.980392156863));
#2420 = CARTESIAN_POINT('',(32.980497934367,0.980392156863));
#2421 = CARTESIAN_POINT('',(32.327171187788,0.980392156863));
#2422 = CARTESIAN_POINT('',(32.00045393523,0.980392156863));
#2423 = CARTESIAN_POINT('',(31.673378214385,0.980392156863));
#2424 = CARTESIAN_POINT('',(31.347760147819,0.980392156863));
#2425 = CARTESIAN_POINT('',(31.021077212116,0.980392156863));
#2426 = CARTESIAN_POINT('',(30.694779102375,0.980392156863));
#2427 = CARTESIAN_POINT('',(30.368226601864,0.980392156863));
#2428 = CARTESIAN_POINT('',(29.851215779631,0.980392156863));
#2429 = CARTESIAN_POINT('',(29.660745928889,0.980392156863));
#2430 = CARTESIAN_POINT('',(29.470267930412,0.980392156863));
#2431 = CARTESIAN_POINT('',(29.279776234555,0.980392156863));
#2432 = CARTESIAN_POINT('',(29.089273164066,0.980392156863));
#2433 = CARTESIAN_POINT('',(28.898768914088,0.980392156863));
#2434 = CARTESIAN_POINT('',(28.708281552158,0.980392156863));
#2435 = CARTESIAN_POINT('',(28.218555291744,0.980392156863));
#2436 = CARTESIAN_POINT('',(27.919258388372,0.980392156863));
#2437 = CARTESIAN_POINT('',(27.619710440793,0.980392156863));
#2438 = CARTESIAN_POINT('',(27.320470836225,0.980392156863));
#2439 = CARTESIAN_POINT('',(27.021296169325,0.980392156863));
#2440 = CARTESIAN_POINT('',(26.721854703129,0.980392156863));
#2441 = CARTESIAN_POINT('',(26.422544887222,0.980392156863));
#2442 = CARTESIAN_POINT('',(25.823943378245,0.980392156863));
#2443 = CARTESIAN_POINT('',(25.524438069529,0.980392156863));
#2444 = CARTESIAN_POINT('',(25.225207523347,0.980392156863));
#2445 = CARTESIAN_POINT('',(24.926017933563,0.980392156863));
#2446 = CARTESIAN_POINT('',(24.626592309999,0.980392156863));
#2447 = CARTESIAN_POINT('',(24.327100662476,0.980392156863));
#2448 = CARTESIAN_POINT('',(24.027974197619,0.980392156863));
#2449 = CARTESIAN_POINT('',(23.538117409813,0.980392156863));
#2450 = CARTESIAN_POINT('',(23.347700497712,0.980392156863));
#2451 = CARTESIAN_POINT('',(23.157298254053,0.980392156863));
#2452 = CARTESIAN_POINT('',(22.966883072184,0.980392156863));
#2453 = CARTESIAN_POINT('',(22.776432694893,0.980392156863));
#2454 = CARTESIAN_POINT('',(22.585930214409,0.980392156863));
#2455 = CARTESIAN_POINT('',(22.395364072401,0.980392156863));
#2456 = CARTESIAN_POINT('',(21.932611584851,0.980392156863));
#2457 = CARTESIAN_POINT('',(21.660496195105,0.980392156863));
#2458 = CARTESIAN_POINT('',(21.388376214147,0.980392156863));
#2459 = CARTESIAN_POINT('',(21.116258704789,0.980392156863));
#2460 = CARTESIAN_POINT('',(20.844145802201,0.980392156863));
#2461 = CARTESIAN_POINT('',(20.572030717299,0.980392156863));
#2462 = CARTESIAN_POINT('',(20.299907410589,0.980392156863));
#2463 = CARTESIAN_POINT('',(19.728490909317,0.980392156863));
#2464 = CARTESIAN_POINT('',(19.429137698418,0.980392156863));
#2465 = CARTESIAN_POINT('',(19.129751150867,0.980392156863));
#2466 = CARTESIAN_POINT('',(18.830378502783,0.980392156863));
#2467 = CARTESIAN_POINT('',(18.531019541891,0.980392156863));
#2468 = CARTESIAN_POINT('',(18.231679824188,0.980392156863));
#2469 = CARTESIAN_POINT('',(17.932407511981,0.980392156863));
#2470 = CARTESIAN_POINT('',(17.388261311674,0.980392156863));
#2471 = CARTESIAN_POINT('',(17.143356222777,0.980392156863));
#2472 = CARTESIAN_POINT('',(16.89845113388,0.980392156863));
#2473 = CARTESIAN_POINT('',(16.653546044984,0.980392156863));
#2474 = CARTESIAN_POINT('',(16.408640956087,0.980392156863));
#2475 = CARTESIAN_POINT('',(16.16373586719,0.980392156863));
#2476 = CARTESIAN_POINT('',(15.918830778293,0.980392156863));
#2477 = CARTESIAN_POINT('',(15.401831904486,0.980392156863));
#2478 = CARTESIAN_POINT('',(15.129680744932,0.980392156863));
#2479 = CARTESIAN_POINT('',(14.857566312076,0.980392156863));
#2480 = CARTESIAN_POINT('',(14.585461811909,0.980392156863));
#2481 = CARTESIAN_POINT('',(14.313339919956,0.980392156863));
#2482 = CARTESIAN_POINT('',(14.041217260859,0.980392156863));
#2483 = CARTESIAN_POINT('',(13.769123002675,0.980392156863));
#2484 = CARTESIAN_POINT('',(13.170608945485,0.980392156863));
#2485 = CARTESIAN_POINT('',(12.843847195374,0.980392156863));
#2486 = CARTESIAN_POINT('',(12.517468896779,0.980392156863));
#2487 = CARTESIAN_POINT('',(12.190143979865,0.980392156863));
#2488 = CARTESIAN_POINT('',(11.86502192864,0.980392156863));
#2489 = CARTESIAN_POINT('',(11.537691902305,0.980392156863));
#2490 = CARTESIAN_POINT('',(11.211044471856,0.980392156863));
#2491 = CARTESIAN_POINT('',(10.721400558371,0.980392156863));
#2492 = CARTESIAN_POINT('',(10.558130499107,0.980392156863));
#2493 = CARTESIAN_POINT('',(10.394860439842,0.980392156863));
#2494 = CARTESIAN_POINT('',(10.231590380577,0.980392156863));
#2495 = CARTESIAN_POINT('',(10.068320321313,0.980392156863));
#2496 = CARTESIAN_POINT('',(9.905050262048,0.980392156863));
#2497 = CARTESIAN_POINT('',(9.741780202784,0.980392156863));
#2498 = CARTESIAN_POINT('',(9.388078420552,0.980392156863));
#2499 = CARTESIAN_POINT('',(9.197629525105,0.980392156863));
#2500 = CARTESIAN_POINT('',(9.007164594879,0.980392156863));
#2501 = CARTESIAN_POINT('',(8.816685010653,0.980392156863));
#2502 = CARTESIAN_POINT('',(8.626192396283,0.980392156863));
#2503 = CARTESIAN_POINT('',(8.435688618704,0.980392156863));
#2504 = CARTESIAN_POINT('',(8.24517578793,0.980392156863));
#2505 = CARTESIAN_POINT('',(7.809719761553,0.980392156863));
#2506 = CARTESIAN_POINT('',(7.564767134934,0.980392156863));
#2507 = CARTESIAN_POINT('',(7.319822611734,0.980392156863));
#2508 = CARTESIAN_POINT('',(7.074900540175,0.980392156863));
#2509 = CARTESIAN_POINT('',(6.830006057736,0.980392156863));
#2510 = CARTESIAN_POINT('',(6.585135766729,0.980392156863));
#2511 = CARTESIAN_POINT('',(6.340278409874,0.980392156863));
#2512 = CARTESIAN_POINT('',(5.904933792636,0.980392156863));
#2513 = CARTESIAN_POINT('',(5.714450860061,0.980392156863));
#2514 = CARTESIAN_POINT('',(5.523968414489,0.980392156863));
#2515 = CARTESIAN_POINT('',(5.333487262916,0.980392156863));
#2516 = CARTESIAN_POINT('',(5.14300735299,0.980392156863));
#2517 = CARTESIAN_POINT('',(4.952527773015,0.980392156863));
#2518 = CARTESIAN_POINT('',(4.76204675195,0.980392156863));
#2519 = CARTESIAN_POINT('',(4.299444893965,0.980392156863));
#2520 = CARTESIAN_POINT('',(4.027328128524,0.980392156863));
#2521 = CARTESIAN_POINT('',(3.755211363083,0.980392156863));
#2522 = CARTESIAN_POINT('',(3.483094597642,0.980392156863));
#2523 = CARTESIAN_POINT('',(3.210977832201,0.980392156863));
#2524 = CARTESIAN_POINT('',(2.93886106676,0.980392156863));
#2525 = CARTESIAN_POINT('',(2.666744301319,0.980392156863));
#2526 = CARTESIAN_POINT('',(2.09529212064,0.980392156863));
#2527 = CARTESIAN_POINT('',(1.795983316299,0.980392156863));
#2528 = CARTESIAN_POINT('',(1.496635458606,0.980392156863));
#2529 = CARTESIAN_POINT('',(1.197309690909,0.980392156863));
#2530 = CARTESIAN_POINT('',(0.89799258911,0.980392156863));
#2531 = CARTESIAN_POINT('',(0.59865350123,0.980392156863));
#2532 = CARTESIAN_POINT('',(0.299328644143,0.980392156863));
#2533 = CARTESIAN_POINT('',(0.,0.980392156863));
#2534 = ( GEOMETRIC_REPRESENTATION_CONTEXT(2) 
PARAMETRIC_REPRESENTATION_CONTEXT() REPRESENTATION_CONTEXT('2D SPACE',''
  ) );
#2535 = ADVANCED_FACE('',(#2536,#2539),#93,.F.);
#2536 = FACE_BOUND('',#2537,.F.);
#2537 = EDGE_LOOP('',(#2538));
#2538 = ORIENTED_EDGE('',*,*,#78,.T.);
#2539 = FACE_BOUND('',#2540,.F.);
#2540 = EDGE_LOOP('',(#2541));
#2541 = ORIENTED_EDGE('',*,*,#2542,.F.);
#2542 = EDGE_CURVE('',#2543,#2543,#2545,.T.);
#2543 = VERTEX_POINT('',#2544);
#2544 = CARTESIAN_POINT('',(1.,-2.449293598295E-16,-15.));
#2545 = SURFACE_CURVE('',#2546,(#2551,#2558),.PCURVE_S1.);
#2546 = CIRCLE('',#2547,1.);
#2547 = AXIS2_PLACEMENT_3D('',#2548,#2549,#2550);
#2548 = CARTESIAN_POINT('',(0.,0.,-15.));
#2549 = DIRECTION('',(0.,0.,1.));
#2550 = DIRECTION('',(1.,0.,-0.));
#2551 = PCURVE('',#93,#2552);
#2552 = DEFINITIONAL_REPRESENTATION('',(#2553),#2557);
#2553 = CIRCLE('',#2554,1.);
#2554 = AXIS2_PLACEMENT_2D('',#2555,#2556);
#2555 = CARTESIAN_POINT('',(0.,0.));
#2556 = DIRECTION('',(2.22044604925E-16,-1.));
#2557 = ( GEOMETRIC_REPRESENTATION_CONTEXT(2) 
PARAMETRIC_REPRESENTATION_CONTEXT() REPRESENTATION_CONTEXT('2D SPACE',''
  ) );
#2558 = PCURVE('',#2559,#2564);
#2559 = CYLINDRICAL_SURFACE('',#2560,1.);
#2560 = AXIS2_PLACEMENT_3D('',#2561,#2562,#2563);
#2561 = CARTESIAN_POINT('',(0.,0.,-16.));
#2562 = DIRECTION('',(0.,0.,1.));
#2563 = DIRECTION('',(1.,0.,-0.));
#2564 = DEFINITIONAL_REPRESENTATION('',(#2565),#2569);
#2565 = LINE('',#2566,#2567);
#2566 = CARTESIAN_POINT('',(0.,1.));
#2567 = VECTOR('',#2568,1.);
#2568 = DIRECTION('',(1.,0.));
#2569 = ( GEOMETRIC_REPRESENTATION_CONTEXT(2) 
PARAMETRIC_REPRESENTATION_CONTEXT() REPRESENTATION_CONTEXT('2D SPACE',''
  ) );
#2570 = ADVANCED_FACE('',(#2571),#1596,.F.);
#2571 = FACE_BOUND('',#2572,.F.);
#2572 = EDGE_LOOP('',(#2573,#2595,#2813,#2814));
#2573 = ORIENTED_EDGE('',*,*,#2574,.F.);
#2574 = EDGE_CURVE('',#2575,#113,#2577,.T.);
#2575 = VERTEX_POINT('',#2576);
#2576 = CARTESIAN_POINT('',(34.4,5.551115123126E-17,0.));
#2577 = SEAM_CURVE('',#2578,(#2581,#2588),.PCURVE_S1.);
#2578 = B_SPLINE_CURVE_WITH_KNOTS('',1,(#2579,#2580),.UNSPECIFIED.,.F.,
  .F.,(2,2),(0.,1.),.PIECEWISE_BEZIER_KNOTS.);
#2579 = CARTESIAN_POINT('',(34.4,5.551115123126E-17,0.));
#2580 = CARTESIAN_POINT('',(41.212710123044,1.665334536938E-16,102.));
#2581 = PCURVE('',#1596,#2582);
#2582 = DEFINITIONAL_REPRESENTATION('',(#2583),#2587);
#2583 = LINE('',#2584,#2585);
#2584 = CARTESIAN_POINT('',(0.,0.));
#2585 = VECTOR('',#2586,1.);
#2586 = DIRECTION('',(0.,1.));
#2587 = ( GEOMETRIC_REPRESENTATION_CONTEXT(2) 
PARAMETRIC_REPRESENTATION_CONTEXT() REPRESENTATION_CONTEXT('2D SPACE',''
  ) );
#2588 = PCURVE('',#1596,#2589);
#2589 = DEFINITIONAL_REPRESENTATION('',(#2590),#2594);
#2590 = LINE('',#2591,#2592);
#2591 = CARTESIAN_POINT('',(217.69341235275,0.));
#2592 = VECTOR('',#2593,1.);
#2593 = DIRECTION('',(0.,1.));
#2594 = ( GEOMETRIC_REPRESENTATION_CONTEXT(2) 
PARAMETRIC_REPRESENTATION_CONTEXT() REPRESENTATION_CONTEXT('2D SPACE',''
  ) );
#2595 = ORIENTED_EDGE('',*,*,#2596,.T.);
#2596 = EDGE_CURVE('',#2575,#2575,#2597,.T.);
#2597 = SURFACE_CURVE('',#2598,(#2698,#2705),.PCURVE_S1.);
#2598 = B_SPLINE_CURVE_WITH_KNOTS('',3,(#2599,#2600,#2601,#2602,#2603,
    #2604,#2605,#2606,#2607,#2608,#2609,#2610,#2611,#2612,#2613,#2614,
    #2615,#2616,#2617,#2618,#2619,#2620,#2621,#2622,#2623,#2624,#2625,
    #2626,#2627,#2628,#2629,#2630,#2631,#2632,#2633,#2634,#2635,#2636,
    #2637,#2638,#2639,#2640,#2641,#2642,#2643,#2644,#2645,#2646,#2647,
    #2648,#2649,#2650,#2651,#2652,#2653,#2654,#2655,#2656,#2657,#2658,
    #2659,#2660,#2661,#2662,#2663,#2664,#2665,#2666,#2667,#2668,#2669,
    #2670,#2671,#2672,#2673,#2674,#2675,#2676,#2677,#2678,#2679,#2680,
    #2681,#2682,#2683,#2684,#2685,#2686,#2687,#2688,#2689,#2690,#2691,
    #2692,#2693,#2694,#2695,#2696,#2697),.UNSPECIFIED.,.T.,.F.,(1,1,2,1,
    1,1,1,1,1,1,1,1,1,1,1,1,1,1,1,1,1,1,1,1,1,1,1,1,1,1,1,1,1,1,1,1,1,1,
    1,1,1,1,1,1,1,1,1,1,1,1,1,1,1,1,1,1,1,1,1,1,1,1,1,1,1,1,1,1,1,1,1,1,
    1,1,1,1,1,1,1,1,1,1,1,1,1,1,1,1,1,1,1,1,1,1,1,1,1,1,2,1,1),(
    -4.633406966176,-2.263482247897,0.,2.263482247897,4.633406966176,
    7.080723844436,9.459902381677,11.632010870283,13.605838272047,
    15.579665673811,17.751774162417,20.130952699658,22.578269577917,
    24.948194296197,27.211676544094,29.475158791991,31.84508351027,
    34.29240038853,36.67157892577,38.843687414377,40.817514816141,
    42.791342217905,44.963450706511,47.342629243751,49.789946122011,
    52.159870840291,54.423353088188,56.686835336084,59.056760054364,
    61.504076932624,63.883255469864,66.055363958471,68.029191360235,
    70.003018761999,72.175127250605,74.554305787845,77.001622666105,
    79.371547384385,81.635029632282,83.898511880178,86.268436598458,
    88.715753476718,91.094932013958,93.267040502564,95.240867904328,
    97.214695306092,99.386803794699,101.76598233193,104.21329921019,
    106.58322392847,108.84670617637,111.11018842427,113.48011314255,
    115.92743002081,118.30660855805,120.47871704665,122.45254444842,
    124.42637185018,126.59848033879,128.97765887603,131.42497575429,
    133.79490047257,136.05838272046,138.32186496836,140.69178968664,
    143.1391065649,145.51828510214,147.69039359075,149.66422099251,
    151.63804839428,153.81015688288,156.18933542012,158.63665229838,
    161.00657701666,163.27005926456,165.53354151246,167.90346623073,
    170.35078310899,172.72996164624,174.90207013484,176.87589753661,
    178.84972493837,181.02183342698,183.40101196422,185.84832884248,
    188.21825356076,190.48173580865,192.74521805655,195.11514277483,
    197.56245965309,199.94163819033,202.11374667894,204.0875740807,
    206.06140148246,208.23350997107,210.61268850831,213.06000538657,
    215.42993010485,217.69341235275,219.95689460064,222.32681931892),
  .UNSPECIFIED.);
#2599 = CARTESIAN_POINT('',(34.395908819454,-0.776852378141,0.));
#2600 = CARTESIAN_POINT('',(34.404091180546,0.776852378141,0.));
#2601 = CARTESIAN_POINT('',(34.10530458224,2.297675373809,0.));
#2602 = CARTESIAN_POINT('',(32.965616456931,4.404700610975,0.));
#2603 = CARTESIAN_POINT('',(31.423983872813,6.248641827614,0.));
#2604 = CARTESIAN_POINT('',(29.787916998901,7.910993432664,0.));
#2605 = CARTESIAN_POINT('',(28.320277163626,9.520943783315,0.));
#2606 = CARTESIAN_POINT('',(27.255323978552,11.28953413198,0.));
#2607 = CARTESIAN_POINT('',(26.757817230857,13.293110864684,0.));
#2608 = CARTESIAN_POINT('',(26.657008808245,15.469417998102,0.));
#2609 = CARTESIAN_POINT('',(26.63917985492,17.801254554503,0.));
#2610 = CARTESIAN_POINT('',(26.422491481103,20.197133113548,0.));
#2611 = CARTESIAN_POINT('',(25.748956392671,22.486041577722,0.));
#2612 = CARTESIAN_POINT('',(24.425583019835,24.425583023492,0.));
#2613 = CARTESIAN_POINT('',(22.486041595057,25.748956395037,0.));
#2614 = CARTESIAN_POINT('',(20.197133043504,26.422491466869,0.));
#2615 = CARTESIAN_POINT('',(17.801254822086,26.639179910552,0.));
#2616 = CARTESIAN_POINT('',(15.469417066888,26.657008614342,0.));
#2617 = CARTESIAN_POINT('',(13.293113887463,26.757817860348,0.));
#2618 = CARTESIAN_POINT('',(11.289523961479,27.255321860538,0.));
#2619 = CARTESIAN_POINT('',(9.520983485899,28.320285431721,0.));
#2620 = CARTESIAN_POINT('',(7.910821848337,29.787881266329,0.));
#2621 = CARTESIAN_POINT('',(6.249356761727,31.42413275841,0.));
#2622 = CARTESIAN_POINT('',(4.401993156271,32.96505262734,0.));
#2623 = CARTESIAN_POINT('',(2.307229182228,34.107294170426,0.));
#2624 = CARTESIAN_POINT('',(1.952184912027E-15,34.542990774161,0.));
#2625 = CARTESIAN_POINT('',(-2.307229182228,34.107294170426,0.));
#2626 = CARTESIAN_POINT('',(-4.401993156271,32.96505262734,0.));
#2627 = CARTESIAN_POINT('',(-6.249356761727,31.42413275841,0.));
#2628 = CARTESIAN_POINT('',(-7.910821848337,29.787881266329,0.));
#2629 = CARTESIAN_POINT('',(-9.520983485899,28.320285431721,0.));
#2630 = CARTESIAN_POINT('',(-11.28952396147,27.255321860537,0.));
#2631 = CARTESIAN_POINT('',(-13.29311388746,26.757817860353,0.));
#2632 = CARTESIAN_POINT('',(-15.46941706688,26.657008614318,0.));
#2633 = CARTESIAN_POINT('',(-17.8012548221,26.639179910649,0.));
#2634 = CARTESIAN_POINT('',(-20.19713304342,26.4224914665,0.));
#2635 = CARTESIAN_POINT('',(-22.48604159532,25.748956396338,0.));
#2636 = CARTESIAN_POINT('',(-24.42558301887,24.425583018874,0.));
#2637 = CARTESIAN_POINT('',(-25.74895639633,22.486041595328,0.));
#2638 = CARTESIAN_POINT('',(-26.4224914665,20.197133043428,0.));
#2639 = CARTESIAN_POINT('',(-26.63917991064,17.801254822107,0.));
#2640 = CARTESIAN_POINT('',(-26.65700861431,15.469417066883,0.));
#2641 = CARTESIAN_POINT('',(-26.75781786035,13.293113887464,0.));
#2642 = CARTESIAN_POINT('',(-27.25532186053,11.289523961478,0.));
#2643 = CARTESIAN_POINT('',(-28.32028543172,9.520983485899,0.));
#2644 = CARTESIAN_POINT('',(-29.78788126632,7.910821848337,0.));
#2645 = CARTESIAN_POINT('',(-31.42413275841,6.249356761727,0.));
#2646 = CARTESIAN_POINT('',(-32.96505262734,4.401993156271,0.));
#2647 = CARTESIAN_POINT('',(-34.10729417042,2.307229182228,0.));
#2648 = CARTESIAN_POINT('',(-34.54299077416,4.34804821315E-15,0.));
#2649 = CARTESIAN_POINT('',(-34.10729417042,-2.307229182228,0.));
#2650 = CARTESIAN_POINT('',(-32.96505262734,-4.401993156271,0.));
#2651 = CARTESIAN_POINT('',(-31.42413275841,-6.249356761727,0.));
#2652 = CARTESIAN_POINT('',(-29.78788126632,-7.910821848337,0.));
#2653 = CARTESIAN_POINT('',(-28.32028543172,-9.520983485899,0.));
#2654 = CARTESIAN_POINT('',(-27.25532186053,-11.28952396147,0.));
#2655 = CARTESIAN_POINT('',(-26.75781786035,-13.29311388746,0.));
#2656 = CARTESIAN_POINT('',(-26.65700861431,-15.46941706688,0.));
#2657 = CARTESIAN_POINT('',(-26.63917991064,-17.8012548221,0.));
#2658 = CARTESIAN_POINT('',(-26.4224914665,-20.19713304342,0.));
#2659 = CARTESIAN_POINT('',(-25.74895639633,-22.48604159532,0.));
#2660 = CARTESIAN_POINT('',(-24.42558301887,-24.42558301887,0.));
#2661 = CARTESIAN_POINT('',(-22.48604159532,-25.74895639633,0.));
#2662 = CARTESIAN_POINT('',(-20.19713304342,-26.4224914665,0.));
#2663 = CARTESIAN_POINT('',(-17.8012548221,-26.63917991064,0.));
#2664 = CARTESIAN_POINT('',(-15.46941706688,-26.65700861431,0.));
#2665 = CARTESIAN_POINT('',(-13.29311388746,-26.75781786035,0.));
#2666 = CARTESIAN_POINT('',(-11.28952396147,-27.25532186053,0.));
#2667 = CARTESIAN_POINT('',(-9.520983485899,-28.32028543172,0.));
#2668 = CARTESIAN_POINT('',(-7.910821848337,-29.78788126632,0.));
#2669 = CARTESIAN_POINT('',(-6.249356761727,-31.42413275841,0.));
#2670 = CARTESIAN_POINT('',(-4.401993156271,-32.96505262734,0.));
#2671 = CARTESIAN_POINT('',(-2.307229182228,-34.10729417042,0.));
#2672 = CARTESIAN_POINT('',(-6.921382869912E-15,-34.54299077416,0.));
#2673 = CARTESIAN_POINT('',(2.307229182228,-34.10729417042,0.));
#2674 = CARTESIAN_POINT('',(4.401993156271,-32.96505262734,0.));
#2675 = CARTESIAN_POINT('',(6.249356761727,-31.42413275841,0.));
#2676 = CARTESIAN_POINT('',(7.910821848337,-29.78788126632,0.));
#2677 = CARTESIAN_POINT('',(9.520983485899,-28.32028543172,0.));
#2678 = CARTESIAN_POINT('',(11.289523961478,-27.25532186053,0.));
#2679 = CARTESIAN_POINT('',(13.293113887465,-26.75781786034,0.));
#2680 = CARTESIAN_POINT('',(15.469417066878,-26.65700861434,0.));
#2681 = CARTESIAN_POINT('',(17.801254822127,-26.63917991055,0.));
#2682 = CARTESIAN_POINT('',(20.197133043351,-26.42249146686,0.));
#2683 = CARTESIAN_POINT('',(22.486041595599,-25.74895639503,0.));
#2684 = CARTESIAN_POINT('',(24.425583017912,-24.42558302349,0.));
#2685 = CARTESIAN_POINT('',(25.748956400004,-22.48604157772,0.));
#2686 = CARTESIAN_POINT('',(26.422491451897,-20.19713311354,0.));
#2687 = CARTESIAN_POINT('',(26.639179966378,-17.8012545545,0.));
#2688 = CARTESIAN_POINT('',(26.657008420391,-15.4694179981,0.));
#2689 = CARTESIAN_POINT('',(26.757818489849,-13.29311086468,0.));
#2690 = CARTESIAN_POINT('',(27.255319742522,-11.28953413198,0.));
#2691 = CARTESIAN_POINT('',(28.320293699816,-9.520943783315,0.));
#2692 = CARTESIAN_POINT('',(29.787845533756,-7.910993432664,0.));
#2693 = CARTESIAN_POINT('',(31.424281644006,-6.248641827614,0.));
#2694 = CARTESIAN_POINT('',(32.96448879775,-4.404700610975,0.));
#2695 = CARTESIAN_POINT('',(34.109283758612,-2.297675373809,0.));
#2696 = CARTESIAN_POINT('',(34.395908819454,-0.776852378141,0.));
#2697 = CARTESIAN_POINT('',(34.404091180546,0.776852378141,0.));
#2698 = PCURVE('',#1596,#2699);
#2699 = DEFINITIONAL_REPRESENTATION('',(#2700),#2704);
#2700 = LINE('',#2701,#2702);
#2701 = CARTESIAN_POINT('',(0.,0.));
#2702 = VECTOR('',#2703,1.);
#2703 = DIRECTION('',(1.,0.));
#2704 = ( GEOMETRIC_REPRESENTATION_CONTEXT(2) 
PARAMETRIC_REPRESENTATION_CONTEXT() REPRESENTATION_CONTEXT('2D SPACE',''
  ) );
#2705 = PCURVE('',#2706,#2711);
#2706 = PLANE('',#2707);
#2707 = AXIS2_PLACEMENT_3D('',#2708,#2709,#2710);
#2708 = CARTESIAN_POINT('',(34.4,5.551115123126E-17,0.));
#2709 = DIRECTION('',(0.,0.,1.));
#2710 = DIRECTION('',(-1.,6.825293472055E-16,0.));
#2711 = DEFINITIONAL_REPRESENTATION('',(#2712),#2812);
#2712 = B_SPLINE_CURVE_WITH_KNOTS('',3,(#2713,#2714,#2715,#2716,#2717,
    #2718,#2719,#2720,#2721,#2722,#2723,#2724,#2725,#2726,#2727,#2728,
    #2729,#2730,#2731,#2732,#2733,#2734,#2735,#2736,#2737,#2738,#2739,
    #2740,#2741,#2742,#2743,#2744,#2745,#2746,#2747,#2748,#2749,#2750,
    #2751,#2752,#2753,#2754,#2755,#2756,#2757,#2758,#2759,#2760,#2761,
    #2762,#2763,#2764,#2765,#2766,#2767,#2768,#2769,#2770,#2771,#2772,
    #2773,#2774,#2775,#2776,#2777,#2778,#2779,#2780,#2781,#2782,#2783,
    #2784,#2785,#2786,#2787,#2788,#2789,#2790,#2791,#2792,#2793,#2794,
    #2795,#2796,#2797,#2798,#2799,#2800,#2801,#2802,#2803,#2804,#2805,
    #2806,#2807,#2808,#2809,#2810,#2811),.UNSPECIFIED.,.T.,.F.,(1,1,2,1,
    1,1,1,1,1,1,1,1,1,1,1,1,1,1,1,1,1,1,1,1,1,1,1,1,1,1,1,1,1,1,1,1,1,1,
    1,1,1,1,1,1,1,1,1,1,1,1,1,1,1,1,1,1,1,1,1,1,1,1,1,1,1,1,1,1,1,1,1,1,
    1,1,1,1,1,1,1,1,1,1,1,1,1,1,1,1,1,1,1,1,1,1,1,1,1,1,2,1,1),(
    -4.633406966176,-2.263482247897,0.,2.263482247897,4.633406966176,
    7.080723844436,9.459902381677,11.632010870283,13.605838272047,
    15.579665673811,17.751774162417,20.130952699658,22.578269577917,
    24.948194296197,27.211676544094,29.475158791991,31.84508351027,
    34.29240038853,36.67157892577,38.843687414377,40.817514816141,
    42.791342217905,44.963450706511,47.342629243751,49.789946122011,
    52.159870840291,54.423353088188,56.686835336084,59.056760054364,
    61.504076932624,63.883255469864,66.055363958471,68.029191360235,
    70.003018761999,72.175127250605,74.554305787845,77.001622666105,
    79.371547384385,81.635029632282,83.898511880178,86.268436598458,
    88.715753476718,91.094932013958,93.267040502564,95.240867904328,
    97.214695306092,99.386803794699,101.76598233193,104.21329921019,
    106.58322392847,108.84670617637,111.11018842427,113.48011314255,
    115.92743002081,118.30660855805,120.47871704665,122.45254444842,
    124.42637185018,126.59848033879,128.97765887603,131.42497575429,
    133.79490047257,136.05838272046,138.32186496836,140.69178968664,
    143.1391065649,145.51828510214,147.69039359075,149.66422099251,
    151.63804839428,153.81015688288,156.18933542012,158.63665229838,
    161.00657701666,163.27005926456,165.53354151246,167.90346623073,
    170.35078310899,172.72996164624,174.90207013484,176.87589753661,
    178.84972493837,181.02183342698,183.40101196422,185.84832884248,
    188.21825356076,190.48173580865,192.74521805655,195.11514277483,
    197.56245965309,199.94163819033,202.11374667894,204.0875740807,
    206.06140148246,208.23350997107,210.61268850831,213.06000538657,
    215.42993010485,217.69341235275,219.95689460064,222.32681931892),
  .UNSPECIFIED.);
#2713 = CARTESIAN_POINT('',(4.091180545813E-03,0.776852378141));
#2714 = CARTESIAN_POINT('',(-4.091180545813E-03,-0.776852378141));
#2715 = CARTESIAN_POINT('',(0.29469541776,-2.297675373809));
#2716 = CARTESIAN_POINT('',(1.434383543069,-4.404700610975));
#2717 = CARTESIAN_POINT('',(2.976016127187,-6.248641827614));
#2718 = CARTESIAN_POINT('',(4.612083001099,-7.910993432664));
#2719 = CARTESIAN_POINT('',(6.079722836374,-9.520943783315));
#2720 = CARTESIAN_POINT('',(7.144676021448,-11.28953413198));
#2721 = CARTESIAN_POINT('',(7.642182769143,-13.29311086468));
#2722 = CARTESIAN_POINT('',(7.742991191755,-15.4694179981));
#2723 = CARTESIAN_POINT('',(7.76082014508,-17.8012545545));
#2724 = CARTESIAN_POINT('',(7.977508518897,-20.19713311354));
#2725 = CARTESIAN_POINT('',(8.651043607329,-22.48604157772));
#2726 = CARTESIAN_POINT('',(9.974416980165,-24.42558302349));
#2727 = CARTESIAN_POINT('',(11.913958404943,-25.74895639503));
#2728 = CARTESIAN_POINT('',(14.202866956496,-26.42249146686));
#2729 = CARTESIAN_POINT('',(16.598745177914,-26.63917991055));
#2730 = CARTESIAN_POINT('',(18.930582933112,-26.65700861434));
#2731 = CARTESIAN_POINT('',(21.106886112537,-26.75781786034));
#2732 = CARTESIAN_POINT('',(23.110476038521,-27.25532186053));
#2733 = CARTESIAN_POINT('',(24.879016514101,-28.32028543172));
#2734 = CARTESIAN_POINT('',(26.489178151663,-29.78788126632));
#2735 = CARTESIAN_POINT('',(28.150643238273,-31.42413275841));
#2736 = CARTESIAN_POINT('',(29.998006843729,-32.96505262734));
#2737 = CARTESIAN_POINT('',(32.092770817772,-34.10729417042));
#2738 = CARTESIAN_POINT('',(34.4,-34.54299077416));
#2739 = CARTESIAN_POINT('',(36.707229182228,-34.10729417042));
#2740 = CARTESIAN_POINT('',(38.801993156271,-32.96505262734));
#2741 = CARTESIAN_POINT('',(40.649356761727,-31.42413275841));
#2742 = CARTESIAN_POINT('',(42.310821848337,-29.78788126632));
#2743 = CARTESIAN_POINT('',(43.920983485899,-28.32028543172));
#2744 = CARTESIAN_POINT('',(45.689523961478,-27.25532186053));
#2745 = CARTESIAN_POINT('',(47.693113887464,-26.75781786035));
#2746 = CARTESIAN_POINT('',(49.869417066883,-26.65700861431));
#2747 = CARTESIAN_POINT('',(52.201254822107,-26.63917991064));
#2748 = CARTESIAN_POINT('',(54.597133043428,-26.4224914665));
#2749 = CARTESIAN_POINT('',(56.886041595328,-25.74895639633));
#2750 = CARTESIAN_POINT('',(58.825583018874,-24.42558301887));
#2751 = CARTESIAN_POINT('',(60.148956396338,-22.48604159532));
#2752 = CARTESIAN_POINT('',(60.8224914665,-20.19713304342));
#2753 = CARTESIAN_POINT('',(61.039179910649,-17.8012548221));
#2754 = CARTESIAN_POINT('',(61.057008614318,-15.46941706688));
#2755 = CARTESIAN_POINT('',(61.157817860353,-13.29311388746));
#2756 = CARTESIAN_POINT('',(61.655321860537,-11.28952396147));
#2757 = CARTESIAN_POINT('',(62.720285431721,-9.520983485899));
#2758 = CARTESIAN_POINT('',(64.187881266329,-7.910821848337));
#2759 = CARTESIAN_POINT('',(65.82413275841,-6.249356761727));
#2760 = CARTESIAN_POINT('',(67.36505262734,-4.401993156271));
#2761 = CARTESIAN_POINT('',(68.507294170426,-2.307229182228));
#2762 = CARTESIAN_POINT('',(68.942990774161,4.276307742557E-14));
#2763 = CARTESIAN_POINT('',(68.507294170426,2.307229182228));
#2764 = CARTESIAN_POINT('',(67.36505262734,4.401993156271));
#2765 = CARTESIAN_POINT('',(65.82413275841,6.249356761727));
#2766 = CARTESIAN_POINT('',(64.187881266329,7.910821848337));
#2767 = CARTESIAN_POINT('',(62.720285431721,9.520983485899));
#2768 = CARTESIAN_POINT('',(61.655321860537,11.289523961478));
#2769 = CARTESIAN_POINT('',(61.157817860353,13.293113887464));
#2770 = CARTESIAN_POINT('',(61.057008614318,15.469417066883));
#2771 = CARTESIAN_POINT('',(61.039179910649,17.801254822107));
#2772 = CARTESIAN_POINT('',(60.8224914665,20.197133043428));
#2773 = CARTESIAN_POINT('',(60.148956396338,22.486041595328));
#2774 = CARTESIAN_POINT('',(58.825583018874,24.425583018874));
#2775 = CARTESIAN_POINT('',(56.886041595328,25.748956396338));
#2776 = CARTESIAN_POINT('',(54.597133043427,26.4224914665));
#2777 = CARTESIAN_POINT('',(52.201254822106,26.639179910649));
#2778 = CARTESIAN_POINT('',(49.869417066883,26.657008614318));
#2779 = CARTESIAN_POINT('',(47.693113887464,26.757817860353));
#2780 = CARTESIAN_POINT('',(45.689523961478,27.255321860537));
#2781 = CARTESIAN_POINT('',(43.920983485899,28.320285431721));
#2782 = CARTESIAN_POINT('',(42.310821848337,29.787881266329));
#2783 = CARTESIAN_POINT('',(40.649356761727,31.42413275841));
#2784 = CARTESIAN_POINT('',(38.801993156271,32.96505262734));
#2785 = CARTESIAN_POINT('',(36.707229182228,34.107294170426));
#2786 = CARTESIAN_POINT('',(34.4,34.542990774161));
#2787 = CARTESIAN_POINT('',(32.092770817772,34.107294170426));
#2788 = CARTESIAN_POINT('',(29.998006843729,32.96505262734));
#2789 = CARTESIAN_POINT('',(28.150643238273,31.42413275841));
#2790 = CARTESIAN_POINT('',(26.489178151663,29.787881266329));
#2791 = CARTESIAN_POINT('',(24.879016514101,28.320285431721));
#2792 = CARTESIAN_POINT('',(23.110476038522,27.255321860538));
#2793 = CARTESIAN_POINT('',(21.106886112535,26.757817860348));
#2794 = CARTESIAN_POINT('',(18.930582933122,26.657008614342));
#2795 = CARTESIAN_POINT('',(16.598745177873,26.639179910552));
#2796 = CARTESIAN_POINT('',(14.202866956649,26.422491466869));
#2797 = CARTESIAN_POINT('',(11.913958404401,25.748956395037));
#2798 = CARTESIAN_POINT('',(9.974416982088,24.425583023492));
#2799 = CARTESIAN_POINT('',(8.651043599996,22.486041577722));
#2800 = CARTESIAN_POINT('',(7.977508548103,20.197133113548));
#2801 = CARTESIAN_POINT('',(7.760820033622,17.801254554503));
#2802 = CARTESIAN_POINT('',(7.742991579609,15.469417998102));
#2803 = CARTESIAN_POINT('',(7.642181510151,13.293110864684));
#2804 = CARTESIAN_POINT('',(7.144680257478,11.28953413198));
#2805 = CARTESIAN_POINT('',(6.079706300184,9.520943783315));
#2806 = CARTESIAN_POINT('',(4.612154466244,7.910993432664));
#2807 = CARTESIAN_POINT('',(2.975718355994,6.248641827614));
#2808 = CARTESIAN_POINT('',(1.43551120225,4.404700610975));
#2809 = CARTESIAN_POINT('',(0.290716241388,2.297675373809));
#2810 = CARTESIAN_POINT('',(4.091180545813E-03,0.776852378141));
#2811 = CARTESIAN_POINT('',(-4.091180545813E-03,-0.776852378141));
#2812 = ( GEOMETRIC_REPRESENTATION_CONTEXT(2) 
PARAMETRIC_REPRESENTATION_CONTEXT() REPRESENTATION_CONTEXT('2D SPACE',''
  ) );
#2813 = ORIENTED_EDGE('',*,*,#2574,.T.);
#2814 = ORIENTED_EDGE('',*,*,#112,.T.);
#2815 = ADVANCED_FACE('',(#2816),#2559,.F.);
#2816 = FACE_BOUND('',#2817,.F.);
#2817 = EDGE_LOOP('',(#2818,#2842,#2863,#2864));
#2818 = ORIENTED_EDGE('',*,*,#2819,.F.);
#2819 = EDGE_CURVE('',#2820,#2820,#2822,.T.);
#2820 = VERTEX_POINT('',#2821);
#2821 = CARTESIAN_POINT('',(1.,-2.449293598295E-16,0.));
#2822 = SURFACE_CURVE('',#2823,(#2828,#2835),.PCURVE_S1.);
#2823 = CIRCLE('',#2824,1.);
#2824 = AXIS2_PLACEMENT_3D('',#2825,#2826,#2827);
#2825 = CARTESIAN_POINT('',(0.,0.,0.));
#2826 = DIRECTION('',(0.,0.,1.));
#2827 = DIRECTION('',(1.,0.,-0.));
#2828 = PCURVE('',#2559,#2829);
#2829 = DEFINITIONAL_REPRESENTATION('',(#2830),#2834);
#2830 = LINE('',#2831,#2832);
#2831 = CARTESIAN_POINT('',(0.,16.));
#2832 = VECTOR('',#2833,1.);
#2833 = DIRECTION('',(1.,0.));
#2834 = ( GEOMETRIC_REPRESENTATION_CONTEXT(2) 
PARAMETRIC_REPRESENTATION_CONTEXT() REPRESENTATION_CONTEXT('2D SPACE',''
  ) );
#2835 = PCURVE('',#2706,#2836);
#2836 = DEFINITIONAL_REPRESENTATION('',(#2837),#2841);
#2837 = CIRCLE('',#2838,1.);
#2838 = AXIS2_PLACEMENT_2D('',#2839,#2840);
#2839 = CARTESIAN_POINT('',(34.4,2.35345206951E-14));
#2840 = DIRECTION('',(-1.,-6.825293472055E-16));
#2841 = ( GEOMETRIC_REPRESENTATION_CONTEXT(2) 
PARAMETRIC_REPRESENTATION_CONTEXT() REPRESENTATION_CONTEXT('2D SPACE',''
  ) );
#2842 = ORIENTED_EDGE('',*,*,#2843,.F.);
#2843 = EDGE_CURVE('',#2543,#2820,#2844,.T.);
#2844 = SEAM_CURVE('',#2845,(#2849,#2856),.PCURVE_S1.);
#2845 = LINE('',#2846,#2847);
#2846 = CARTESIAN_POINT('',(1.,-2.449293598295E-16,-16.));
#2847 = VECTOR('',#2848,1.);
#2848 = DIRECTION('',(0.,0.,1.));
#2849 = PCURVE('',#2559,#2850);
#2850 = DEFINITIONAL_REPRESENTATION('',(#2851),#2855);
#2851 = LINE('',#2852,#2853);
#2852 = CARTESIAN_POINT('',(6.28318530718,-0.));
#2853 = VECTOR('',#2854,1.);
#2854 = DIRECTION('',(0.,1.));
#2855 = ( GEOMETRIC_REPRESENTATION_CONTEXT(2) 
PARAMETRIC_REPRESENTATION_CONTEXT() REPRESENTATION_CONTEXT('2D SPACE',''
  ) );
#2856 = PCURVE('',#2559,#2857);
#2857 = DEFINITIONAL_REPRESENTATION('',(#2858),#2862);
#2858 = LINE('',#2859,#2860);
#2859 = CARTESIAN_POINT('',(0.,-0.));
#2860 = VECTOR('',#2861,1.);
#2861 = DIRECTION('',(0.,1.));
#2862 = ( GEOMETRIC_REPRESENTATION_CONTEXT(2) 
PARAMETRIC_REPRESENTATION_CONTEXT() REPRESENTATION_CONTEXT('2D SPACE',''
  ) );
#2863 = ORIENTED_EDGE('',*,*,#2542,.T.);
#2864 = ORIENTED_EDGE('',*,*,#2843,.T.);
#2865 = ADVANCED_FACE('',(#2866,#2869),#2706,.T.);
#2866 = FACE_BOUND('',#2867,.T.);
#2867 = EDGE_LOOP('',(#2868));
#2868 = ORIENTED_EDGE('',*,*,#2596,.T.);
#2869 = FACE_BOUND('',#2870,.T.);
#2870 = EDGE_LOOP('',(#2871));
#2871 = ORIENTED_EDGE('',*,*,#2819,.F.);
#2872 = ( GEOMETRIC_REPRESENTATION_CONTEXT(3) 
GLOBAL_UNCERTAINTY_ASSIGNED_CONTEXT((#2876)) 
GLOBAL_UNIT_ASSIGNED_CONTEXT((#2873,#2874,#2875)) REPRESENTATION_CONTEXT
('Context #1','3D Context with UNIT and UNCERTAINTY') );
#2873 = ( LENGTH_UNIT() NAMED_UNIT(*) SI_UNIT(.MILLI.,.METRE.) );
#2874 = ( NAMED_UNIT(*) PLANE_ANGLE_UNIT() SI_UNIT($,.RADIAN.) );
#2875 = ( NAMED_UNIT(*) SI_UNIT($,.STERADIAN.) SOLID_ANGLE_UNIT() );
#2876 = UNCERTAINTY_MEASURE_WITH_UNIT(LENGTH_MEASURE(1.E-05),#2873,
  'distance_accuracy_value','confusion accuracy');
#2877 = PRODUCT_RELATED_PRODUCT_CATEGORY('part',$,(#7));
ENDSEC;
END-ISO-10303-21;
