ISO-10303-21;
HEADER;
FILE_DESCRIPTION(('Open CASCADE Model'),'2;1');
FILE_NAME('Open CASCADE Shape Model','2026-10-08T02:19:14',('Author'),(
    'Open CASCADE'),'Open CASCADE STEP processor 8.0','build123d',
  'Unknown');
FILE_SCHEMA(('AUTOMOTIVE_DESIGN { 1 0 10303 214 1 1 1 1 }'));
ENDSEC;
DATA;
#1 = APPLICATION_PROTOCOL_DEFINITION('international standard',
  'automotive_design',2000,#2);
#2 = APPLICATION_CONTEXT(
  'core data for automotive mechanical design processes');
#3 = SHAPE_DEFINITION_REPRESENTATION(#4,#10);
#4 = PRODUCT_DEFINITION_SHAPE('','',#5);
#5 = PRODUCT_DEFINITION('design','',#6,#9);
#6 = PRODUCT_DEFINITION_FORMATION('','',#7);
#7 = PRODUCT('COMPOUND','COMPOUND','',(#8));
#8 = PRODUCT_CONTEXT('',#2,'mechanical');
#9 = PRODUCT_DEFINITION_CONTEXT('part definition',#2,'design');
#10 = ADVANCED_BREP_SHAPE_REPRESENTATION('',(#11,#15),#4224);
#11 = AXIS2_PLACEMENT_3D('',#12,#13,#14);
#12 = CARTESIAN_POINT('',(0.,0.,0.));
#13 = DIRECTION('',(0.,0.,1.));
#14 = DIRECTION('',(1.,0.,-0.));
#15 = MANIFOLD_SOLID_BREP('',#16);
#16 = CLOSED_SHELL('',(#17,#105,#2524,#2559,#2634,#2681,#2734,#2781,
    #2830,#2877,#2930,#2977,#3026,#3073,#3126,#3173,#3222,#3269,#3322,
    #3369,#3418,#3465,#3518,#3565,#3614,#3661,#3714,#3761,#3810,#3857,
    #3910,#3957,#4006,#4053,#4106,#4132,#4186));
#17 = ADVANCED_FACE('',(#18),#31,.T.);
#18 = FACE_BOUND('',#19,.T.);
#19 = EDGE_LOOP('',(#20,#54,#77,#104));
#20 = ORIENTED_EDGE('',*,*,#21,.F.);
#21 = EDGE_CURVE('',#22,#22,#24,.T.);
#22 = VERTEX_POINT('',#23);
#23 = CARTESIAN_POINT('',(2.668756208572E-14,57.15,100.));
#24 = SURFACE_CURVE('',#25,(#30,#42),.PCURVE_S1.);
#25 = CIRCLE('',#26,57.15);
#26 = AXIS2_PLACEMENT_3D('',#27,#28,#29);
#27 = CARTESIAN_POINT('',(0.,0.,100.));
#28 = DIRECTION('',(0.,-0.,1.));
#29 = DIRECTION('',(2.22044604925E-16,1.,0.));
#30 = PCURVE('',#31,#36);
#31 = CYLINDRICAL_SURFACE('',#32,57.15);
#32 = AXIS2_PLACEMENT_3D('',#33,#34,#35);
#33 = CARTESIAN_POINT('',(0.,0.,-15.));
#34 = DIRECTION('',(0.,0.,1.));
#35 = DIRECTION('',(2.22044604925E-16,1.,0.));
#36 = DEFINITIONAL_REPRESENTATION('',(#37),#41);
#37 = LINE('',#38,#39);
#38 = CARTESIAN_POINT('',(0.,115.));
#39 = VECTOR('',#40,1.);
#40 = DIRECTION('',(1.,0.));
#41 = ( GEOMETRIC_REPRESENTATION_CONTEXT(2) 
PARAMETRIC_REPRESENTATION_CONTEXT() REPRESENTATION_CONTEXT('2D SPACE',''
  ) );
#42 = PCURVE('',#43,#48);
#43 = PLANE('',#44);
#44 = AXIS2_PLACEMENT_3D('',#45,#46,#47);
#45 = CARTESIAN_POINT('',(0.,0.,100.));
#46 = DIRECTION('',(0.,0.,1.));
#47 = DIRECTION('',(2.22044604925E-16,1.,0.));
#48 = DEFINITIONAL_REPRESENTATION('',(#49),#53);
#49 = CIRCLE('',#50,57.15);
#50 = AXIS2_PLACEMENT_2D('',#51,#52);
#51 = CARTESIAN_POINT('',(0.,0.));
#52 = DIRECTION('',(1.,0.));
#53 = ( GEOMETRIC_REPRESENTATION_CONTEXT(2) 
PARAMETRIC_REPRESENTATION_CONTEXT() REPRESENTATION_CONTEXT('2D SPACE',''
  ) );
#54 = ORIENTED_EDGE('',*,*,#55,.F.);
#55 = EDGE_CURVE('',#56,#22,#58,.T.);
#56 = VERTEX_POINT('',#57);
#57 = CARTESIAN_POINT('',(2.668756208572E-14,57.15,-15.));
#58 = SEAM_CURVE('',#59,(#63,#70),.PCURVE_S1.);
#59 = LINE('',#60,#61);
#60 = CARTESIAN_POINT('',(2.668756208572E-14,57.15,-15.));
#61 = VECTOR('',#62,1.);
#62 = DIRECTION('',(0.,0.,1.));
#63 = PCURVE('',#31,#64);
#64 = DEFINITIONAL_REPRESENTATION('',(#65),#69);
#65 = LINE('',#66,#67);
#66 = CARTESIAN_POINT('',(6.28318530718,-0.));
#67 = VECTOR('',#68,1.);
#68 = DIRECTION('',(0.,1.));
#69 = ( GEOMETRIC_REPRESENTATION_CONTEXT(2) 
PARAMETRIC_REPRESENTATION_CONTEXT() REPRESENTATION_CONTEXT('2D SPACE',''
  ) );
#70 = PCURVE('',#31,#71);
#71 = DEFINITIONAL_REPRESENTATION('',(#72),#76);
#72 = LINE('',#73,#74);
#73 = CARTESIAN_POINT('',(0.,-0.));
#74 = VECTOR('',#75,1.);
#75 = DIRECTION('',(0.,1.));
#76 = ( GEOMETRIC_REPRESENTATION_CONTEXT(2) 
PARAMETRIC_REPRESENTATION_CONTEXT() REPRESENTATION_CONTEXT('2D SPACE',''
  ) );
#77 = ORIENTED_EDGE('',*,*,#78,.T.);
#78 = EDGE_CURVE('',#56,#56,#79,.T.);
#79 = SURFACE_CURVE('',#80,(#85,#92),.PCURVE_S1.);
#80 = CIRCLE('',#81,57.15);
#81 = AXIS2_PLACEMENT_3D('',#82,#83,#84);
#82 = CARTESIAN_POINT('',(0.,0.,-15.));
#83 = DIRECTION('',(0.,-0.,1.));
#84 = DIRECTION('',(2.22044604925E-16,1.,0.));
#85 = PCURVE('',#31,#86);
#86 = DEFINITIONAL_REPRESENTATION('',(#87),#91);
#87 = LINE('',#88,#89);
#88 = CARTESIAN_POINT('',(0.,0.));
#89 = VECTOR('',#90,1.);
#90 = DIRECTION('',(1.,0.));
#91 = ( GEOMETRIC_REPRESENTATION_CONTEXT(2) 
PARAMETRIC_REPRESENTATION_CONTEXT() REPRESENTATION_CONTEXT('2D SPACE',''
  ) );
#92 = PCURVE('',#93,#98);
#93 = PLANE('',#94);
#94 = AXIS2_PLACEMENT_3D('',#95,#96,#97);
#95 = CARTESIAN_POINT('',(0.,0.,-15.));
#96 = DIRECTION('',(0.,0.,1.));
#97 = DIRECTION('',(2.22044604925E-16,1.,0.));
#98 = DEFINITIONAL_REPRESENTATION('',(#99),#103);
#99 = CIRCLE('',#100,57.15);
#100 = AXIS2_PLACEMENT_2D('',#101,#102);
#101 = CARTESIAN_POINT('',(0.,0.));
#102 = DIRECTION('',(1.,0.));
#103 = ( GEOMETRIC_REPRESENTATION_CONTEXT(2) 
PARAMETRIC_REPRESENTATION_CONTEXT() REPRESENTATION_CONTEXT('2D SPACE',''
  ) );
#104 = ORIENTED_EDGE('',*,*,#55,.T.);
#105 = ADVANCED_FACE('',(#106,#109),#43,.T.);
#106 = FACE_BOUND('',#107,.T.);
#107 = EDGE_LOOP('',(#108));
#108 = ORIENTED_EDGE('',*,*,#21,.T.);
#109 = FACE_BOUND('',#110,.T.);
#110 = EDGE_LOOP('',(#111,#258,#283,#384,#409,#545,#570,#671,#696,#886,
    #911,#1012,#1037,#1173,#1198,#1299,#1324,#1478,#1503,#1604,#1629,
    #1774,#1799,#1900,#1925,#2088,#2113,#2214,#2239,#2375,#2400,#2501));
#111 = ORIENTED_EDGE('',*,*,#112,.T.);
#112 = EDGE_CURVE('',#113,#115,#117,.T.);
#113 = VERTEX_POINT('',#114);
#114 = CARTESIAN_POINT('',(29.86263513211,13.080663256692,100.));
#115 = VERTEX_POINT('',#116);
#116 = CARTESIAN_POINT('',(30.365497497239,11.86664611479,100.));
#117 = SURFACE_CURVE('',#118,(#157,#199),.PCURVE_S1.);
#118 = B_SPLINE_CURVE_WITH_KNOTS('',4,(#119,#120,#121,#122,#123,#124,
    #125,#126,#127,#128,#129,#130,#131,#132,#133,#134,#135,#136,#137,
    #138,#139,#140,#141,#142,#143,#144,#145,#146,#147,#148,#149,#150,
    #151,#152,#153,#154,#155,#156),.UNSPECIFIED.,.F.,.F.,(5,3,3,3,3,3,3,
    3,3,3,3,3,5),(0.,9.300002571354E-02,0.242000029117,0.271000039063,
    0.295000047216,0.321000055974,0.462000066554,0.491000076312,
    0.515000084399,0.692000029481,0.72000003893,0.900999973906,1.),
  .UNSPECIFIED.);
#119 = CARTESIAN_POINT('',(29.86263513211,13.080663256692,100.));
#120 = CARTESIAN_POINT('',(29.857287318138,13.048904560347,100.));
#121 = CARTESIAN_POINT('',(29.853041228601,13.016960332706,100.));
#122 = CARTESIAN_POINT('',(29.849906520743,12.984887967979,100.));
#123 = CARTESIAN_POINT('',(29.844651026466,12.901248579439,100.));
#124 = CARTESIAN_POINT('',(29.844277364547,12.849571616148,100.));
#125 = CARTESIAN_POINT('',(29.846780869212,12.79795397734,100.));
#126 = CARTESIAN_POINT('',(29.853179094355,12.736645730505,100.));
#127 = CARTESIAN_POINT('',(29.854329551416,12.726668581755,100.));
#128 = CARTESIAN_POINT('',(29.855587874809,12.716704462594,100.));
#129 = CARTESIAN_POINT('',(29.858084266085,12.698521180563,100.));
#130 = CARTESIAN_POINT('',(29.859288420731,12.69029736167,100.));
#131 = CARTESIAN_POINT('',(29.860566152784,12.682084652842,100.));
#132 = CARTESIAN_POINT('',(29.863381042394,12.6650000428,100.));
#133 = CARTESIAN_POINT('',(29.864930945609,12.656130241543,100.));
#134 = CARTESIAN_POINT('',(29.866566802907,12.647275889781,100.));
#135 = CARTESIAN_POINT('',(29.877624567092,12.590510962735,100.));
#136 = CARTESIAN_POINT('',(29.88948153274,12.543074623719,100.));
#137 = CARTESIAN_POINT('',(29.903820403295,12.496328600553,100.));
#138 = CARTESIAN_POINT('',(29.924016774946,12.441030501226,100.));
#139 = CARTESIAN_POINT('',(29.927564082254,12.431634562898,100.));
#140 = CARTESIAN_POINT('',(29.931212827917,12.422277549415,100.));
#141 = CARTESIAN_POINT('',(29.938065409567,12.405250928082,100.));
#142 = CARTESIAN_POINT('',(29.941237489638,12.397568539596,100.));
#143 = CARTESIAN_POINT('',(29.944478220868,12.389914857743,100.));
#144 = CARTESIAN_POINT('',(29.972190950789,12.32606340329,100.));
#145 = CARTESIAN_POINT('',(30.000307187474,12.27144692681,100.));
#146 = CARTESIAN_POINT('',(30.031975609788,12.218810501231,100.));
#147 = CARTESIAN_POINT('',(30.072501853244,12.160523435047,100.));
#148 = CARTESIAN_POINT('',(30.078120298039,12.152620083344,100.));
#149 = CARTESIAN_POINT('',(30.083820986918,12.144775847468,100.));
#150 = CARTESIAN_POINT('',(30.126979362085,12.086675030148,100.));
#151 = CARTESIAN_POINT('',(30.167753186929,12.038881263685,100.));
#152 = CARTESIAN_POINT('',(30.211667699836,11.993956165021,100.));
#153 = CARTESIAN_POINT('',(30.283963932007,11.929340307122,100.));
#154 = CARTESIAN_POINT('',(30.310369518708,11.907437926763,100.));
#155 = CARTESIAN_POINT('',(30.337566441247,11.886526287516,100.));
#156 = CARTESIAN_POINT('',(30.365497497239,11.86664611479,100.));
#157 = PCURVE('',#43,#158);
#158 = DEFINITIONAL_REPRESENTATION('',(#159),#198);
#159 = B_SPLINE_CURVE_WITH_KNOTS('',4,(#160,#161,#162,#163,#164,#165,
    #166,#167,#168,#169,#170,#171,#172,#173,#174,#175,#176,#177,#178,
    #179,#180,#181,#182,#183,#184,#185,#186,#187,#188,#189,#190,#191,
    #192,#193,#194,#195,#196,#197),.UNSPECIFIED.,.F.,.F.,(5,3,3,3,3,3,3,
    3,3,3,3,3,5),(0.,9.300002571354E-02,0.242000029117,0.271000039063,
    0.295000047216,0.321000055974,0.462000066554,0.491000076312,
    0.515000084399,0.692000029481,0.72000003893,0.900999973906,1.),
  .UNSPECIFIED.);
#160 = CARTESIAN_POINT('',(13.080663256692,-29.86263513211));
#161 = CARTESIAN_POINT('',(13.048904560347,-29.85728731813));
#162 = CARTESIAN_POINT('',(13.016960332706,-29.8530412286));
#163 = CARTESIAN_POINT('',(12.984887967979,-29.84990652074));
#164 = CARTESIAN_POINT('',(12.901248579439,-29.84465102646));
#165 = CARTESIAN_POINT('',(12.849571616148,-29.84427736454));
#166 = CARTESIAN_POINT('',(12.79795397734,-29.84678086921));
#167 = CARTESIAN_POINT('',(12.736645730505,-29.85317909435));
#168 = CARTESIAN_POINT('',(12.726668581755,-29.85432955141));
#169 = CARTESIAN_POINT('',(12.716704462594,-29.8555878748));
#170 = CARTESIAN_POINT('',(12.698521180563,-29.85808426608));
#171 = CARTESIAN_POINT('',(12.69029736167,-29.85928842073));
#172 = CARTESIAN_POINT('',(12.682084652842,-29.86056615278));
#173 = CARTESIAN_POINT('',(12.6650000428,-29.86338104239));
#174 = CARTESIAN_POINT('',(12.656130241543,-29.8649309456));
#175 = CARTESIAN_POINT('',(12.647275889781,-29.8665668029));
#176 = CARTESIAN_POINT('',(12.590510962735,-29.87762456709));
#177 = CARTESIAN_POINT('',(12.543074623719,-29.88948153274));
#178 = CARTESIAN_POINT('',(12.496328600553,-29.90382040329));
#179 = CARTESIAN_POINT('',(12.441030501226,-29.92401677494));
#180 = CARTESIAN_POINT('',(12.431634562898,-29.92756408225));
#181 = CARTESIAN_POINT('',(12.422277549415,-29.93121282791));
#182 = CARTESIAN_POINT('',(12.405250928082,-29.93806540956));
#183 = CARTESIAN_POINT('',(12.397568539596,-29.94123748963));
#184 = CARTESIAN_POINT('',(12.389914857743,-29.94447822086));
#185 = CARTESIAN_POINT('',(12.32606340329,-29.97219095078));
#186 = CARTESIAN_POINT('',(12.27144692681,-30.00030718747));
#187 = CARTESIAN_POINT('',(12.218810501231,-30.03197560978));
#188 = CARTESIAN_POINT('',(12.160523435047,-30.07250185324));
#189 = CARTESIAN_POINT('',(12.152620083344,-30.07812029803));
#190 = CARTESIAN_POINT('',(12.144775847468,-30.08382098691));
#191 = CARTESIAN_POINT('',(12.086675030148,-30.12697936208));
#192 = CARTESIAN_POINT('',(12.038881263685,-30.16775318692));
#193 = CARTESIAN_POINT('',(11.993956165021,-30.21166769983));
#194 = CARTESIAN_POINT('',(11.929340307122,-30.283963932));
#195 = CARTESIAN_POINT('',(11.907437926763,-30.3103695187));
#196 = CARTESIAN_POINT('',(11.886526287516,-30.33756644124));
#197 = CARTESIAN_POINT('',(11.86664611479,-30.36549749723));
#198 = ( GEOMETRIC_REPRESENTATION_CONTEXT(2) 
PARAMETRIC_REPRESENTATION_CONTEXT() REPRESENTATION_CONTEXT('2D SPACE',''
  ) );
#199 = PCURVE('',#200,#217);
#200 = B_SPLINE_SURFACE_WITH_KNOTS('',7,1,(
    (#201,#202)
    ,(#203,#204)
    ,(#205,#206)
    ,(#207,#208)
    ,(#209,#210)
    ,(#211,#212)
    ,(#213,#214)
    ,(#215,#216
    )),.UNSPECIFIED.,.F.,.F.,.F.,(8,8),(2,2),(5.330963187173,
    6.450009263788),(0.,1.),.PIECEWISE_BEZIER_KNOTS.);
#201 = CARTESIAN_POINT('',(24.531106273331,9.586602589877,0.));
#202 = CARTESIAN_POINT('',(30.482185321717,11.912246985289,102.));
#203 = CARTESIAN_POINT('',(24.400864326795,9.679303431335,0.));
#204 = CARTESIAN_POINT('',(30.320347567368,12.027436418546,102.));
#205 = CARTESIAN_POINT('',(24.287911899072,9.796295443116,0.));
#206 = CARTESIAN_POINT('',(30.17999365116,12.17280989435,101.99999999999
    ));
#207 = CARTESIAN_POINT('',(24.197684828694,9.933708733394,0.));
#208 = CARTESIAN_POINT('',(30.067878108972,12.343558711515,102.));
#209 = CARTESIAN_POINT('',(24.134539839098,10.086154223669,0.));
#210 = CARTESIAN_POINT('',(29.98941457563,12.532986437858,
    101.99999999999));
#211 = CARTESIAN_POINT('',(24.10117414303,10.247120266362,0.));
#212 = CARTESIAN_POINT('',(29.947954589293,12.733001744513,102.));
#213 = CARTESIAN_POINT('',(24.098317725749,10.40971553883,0.));
#214 = CARTESIAN_POINT('',(29.944405224663,12.935041520975,102.));
#215 = CARTESIAN_POINT('',(24.124863295723,10.567359896038,0.));
#216 = CARTESIAN_POINT('',(29.977390568838,13.130929323905,102.));
#217 = DEFINITIONAL_REPRESENTATION('',(#218),#257);
#218 = B_SPLINE_CURVE_WITH_KNOTS('',4,(#219,#220,#221,#222,#223,#224,
    #225,#226,#227,#228,#229,#230,#231,#232,#233,#234,#235,#236,#237,
    #238,#239,#240,#241,#242,#243,#244,#245,#246,#247,#248,#249,#250,
    #251,#252,#253,#254,#255,#256),.UNSPECIFIED.,.F.,.F.,(5,3,3,3,3,3,3,
    3,3,3,3,3,5),(0.,9.300002571354E-02,0.242000029117,0.271000039063,
    0.295000047216,0.321000055974,0.462000066554,0.491000076312,
    0.515000084399,0.692000029481,0.72000003893,0.900999973906,1.),
  .UNSPECIFIED.);
#219 = CARTESIAN_POINT('',(6.450009263788,0.980392156863));
#220 = CARTESIAN_POINT('',(6.423991444144,0.980392156863));
#221 = CARTESIAN_POINT('',(6.397973620991,0.980392156863));
#222 = CARTESIAN_POINT('',(6.371955798435,0.980392156863));
#223 = CARTESIAN_POINT('',(6.304253525301,0.980392156863));
#224 = CARTESIAN_POINT('',(6.262569045663,0.980392156863));
#225 = CARTESIAN_POINT('',(6.220884566153,0.980392156863));
#226 = CARTESIAN_POINT('',(6.171087029212,0.980392156863));
#227 = CARTESIAN_POINT('',(6.162973945159,0.980392156863));
#228 = CARTESIAN_POINT('',(6.154860861094,0.980392156863));
#229 = CARTESIAN_POINT('',(6.140033500578,0.980392156863));
#230 = CARTESIAN_POINT('',(6.13331922412,0.980392156863));
#231 = CARTESIAN_POINT('',(6.126604947655,0.980392156863));
#232 = CARTESIAN_POINT('',(6.1126168717,0.980392156863));
#233 = CARTESIAN_POINT('',(6.105343072203,0.980392156863));
#234 = CARTESIAN_POINT('',(6.098069272699,0.980392156863));
#235 = CARTESIAN_POINT('',(6.051349109289,0.980392156863));
#236 = CARTESIAN_POINT('',(6.011902724744,0.980392156863));
#237 = CARTESIAN_POINT('',(5.972456340272,0.980392156863));
#238 = CARTESIAN_POINT('',(5.924896892338,0.980392156863));
#239 = CARTESIAN_POINT('',(5.916783808279,0.980392156863));
#240 = CARTESIAN_POINT('',(5.90867072422,0.980392156863));
#241 = CARTESIAN_POINT('',(5.893843363712,0.980392156863));
#242 = CARTESIAN_POINT('',(5.887129087251,0.980392156863));
#243 = CARTESIAN_POINT('',(5.88041481079,0.980392156863));
#244 = CARTESIAN_POINT('',(5.824182777497,0.980392156863));
#245 = CARTESIAN_POINT('',(5.774664956619,0.980392156863));
#246 = CARTESIAN_POINT('',(5.725147135639,0.980392156863));
#247 = CARTESIAN_POINT('',(5.667796056226,0.980392156863));
#248 = CARTESIAN_POINT('',(5.659962733681,0.980392156863));
#249 = CARTESIAN_POINT('',(5.652129411145,0.980392156863));
#250 = CARTESIAN_POINT('',(5.593659289043,0.980392156863));
#251 = CARTESIAN_POINT('',(5.54302241863,0.980392156863));
#252 = CARTESIAN_POINT('',(5.492385548467,0.980392156863));
#253 = CARTESIAN_POINT('',(5.414052360396,0.980392156863));
#254 = CARTESIAN_POINT('',(5.386355968307,0.980392156863));
#255 = CARTESIAN_POINT('',(5.358659575456,0.980392156863));
#256 = CARTESIAN_POINT('',(5.330963187173,0.980392156863));
#257 = ( GEOMETRIC_REPRESENTATION_CONTEXT(2) 
PARAMETRIC_REPRESENTATION_CONTEXT() REPRESENTATION_CONTEXT('2D SPACE',''
  ) );
#258 = ORIENTED_EDGE('',*,*,#259,.T.);
#259 = EDGE_CURVE('',#115,#260,#262,.T.);
#260 = VERTEX_POINT('',#261);
#261 = CARTESIAN_POINT('',(37.82810011445,6.555073610827,100.));
#262 = SURFACE_CURVE('',#263,(#266,#272),.PCURVE_S1.);
#263 = B_SPLINE_CURVE_WITH_KNOTS('',1,(#264,#265),.UNSPECIFIED.,.F.,.F.,
  (2,2),(0.,1.),.PIECEWISE_BEZIER_KNOTS.);
#264 = CARTESIAN_POINT('',(30.365497497239,11.86664611479,100.));
#265 = CARTESIAN_POINT('',(37.82810011445,6.555073610827,100.));
#266 = PCURVE('',#43,#267);
#267 = DEFINITIONAL_REPRESENTATION('',(#268),#271);
#268 = B_SPLINE_CURVE_WITH_KNOTS('',1,(#269,#270),.UNSPECIFIED.,.F.,.F.,
  (2,2),(0.,1.),.PIECEWISE_BEZIER_KNOTS.);
#269 = CARTESIAN_POINT('',(11.86664611479,-30.36549749723));
#270 = CARTESIAN_POINT('',(6.555073610827,-37.82810011445));
#271 = ( GEOMETRIC_REPRESENTATION_CONTEXT(2) 
PARAMETRIC_REPRESENTATION_CONTEXT() REPRESENTATION_CONTEXT('2D SPACE',''
  ) );
#272 = PCURVE('',#273,#278);
#273 = B_SPLINE_SURFACE_WITH_KNOTS('',1,1,(
    (#274,#275)
    ,(#276,#277
    )),.UNSPECIFIED.,.F.,.F.,.F.,(2,2),(2,2),(11.347743846998,
    20.542814379871),(0.,1.),.PIECEWISE_BEZIER_KNOTS.);
#274 = CARTESIAN_POINT('',(30.559853139576,5.295589423204,0.));
#275 = CARTESIAN_POINT('',(37.973465053948,6.58026329458,102.));
#276 = CARTESIAN_POINT('',(24.531106273331,9.586602589877,0.));
#277 = CARTESIAN_POINT('',(30.482185321717,11.912246985289,102.));
#278 = DEFINITIONAL_REPRESENTATION('',(#279),#282);
#279 = B_SPLINE_CURVE_WITH_KNOTS('',1,(#280,#281),.UNSPECIFIED.,.F.,.F.,
  (2,2),(0.,1.),.PIECEWISE_BEZIER_KNOTS.);
#280 = CARTESIAN_POINT('',(20.542814379871,0.980392156863));
#281 = CARTESIAN_POINT('',(11.347743846998,0.980392156863));
#282 = ( GEOMETRIC_REPRESENTATION_CONTEXT(2) 
PARAMETRIC_REPRESENTATION_CONTEXT() REPRESENTATION_CONTEXT('2D SPACE',''
  ) );
#283 = ORIENTED_EDGE('',*,*,#284,.T.);
#284 = EDGE_CURVE('',#260,#285,#287,.T.);
#285 = VERTEX_POINT('',#286);
#286 = CARTESIAN_POINT('',(37.82810011445,-6.555073610827,100.));
#287 = SURFACE_CURVE('',#288,(#311,#337),.PCURVE_S1.);
#288 = B_SPLINE_CURVE_WITH_KNOTS('',6,(#289,#290,#291,#292,#293,#294,
    #295,#296,#297,#298,#299,#300,#301,#302,#303,#304,#305,#306,#307,
    #308,#309,#310),.UNSPECIFIED.,.F.,.F.,(7,5,5,5,7),(0.,0.250999865349
    ,0.500999866539,0.750999867735,1.),.UNSPECIFIED.);
#289 = CARTESIAN_POINT('',(37.82810011445,6.555073610827,100.));
#290 = CARTESIAN_POINT('',(38.350319941706,6.183379093812,100.));
#291 = CARTESIAN_POINT('',(38.837071430462,5.761713631264,100.));
#292 = CARTESIAN_POINT('',(39.282226093425,5.294405264704,100.));
#293 = CARTESIAN_POINT('',(39.680630173719,4.78665141142,100.));
#294 = CARTESIAN_POINT('',(40.027881810234,4.244299973968,100.));
#295 = CARTESIAN_POINT('',(40.612111453331,3.106048324811,100.));
#296 = CARTESIAN_POINT('',(40.849595819852,2.510228606312,100.));
#297 = CARTESIAN_POINT('',(41.029624198215,1.893160889565,100.));
#298 = CARTESIAN_POINT('',(41.150032046707,1.261746021502,100.));
#299 = CARTESIAN_POINT('',(41.209607494027,0.62311410307,100.));
#300 = CARTESIAN_POINT('',(41.207175755379,-0.653760161008,100.));
#301 = CARTESIAN_POINT('',(41.145168268458,-1.292160531291,100.));
#302 = CARTESIAN_POINT('',(41.022356310347,-1.923112200235,100.));
#303 = CARTESIAN_POINT('',(40.839978901129,-2.539489734469,100.));
#304 = CARTESIAN_POINT('',(40.600226851763,-3.134400581709,100.));
#305 = CARTESIAN_POINT('',(40.014015214972,-4.265884315534,100.));
#306 = CARTESIAN_POINT('',(39.667914551107,-4.802819380294,100.));
#307 = CARTESIAN_POINT('',(39.271576559218,-5.305567920617,100.));
#308 = CARTESIAN_POINT('',(38.829311702557,-5.768430418392,100.));
#309 = CARTESIAN_POINT('',(38.34615938055,-6.186340409505,100.));
#310 = CARTESIAN_POINT('',(37.82810011445,-6.555073610827,100.));
#311 = PCURVE('',#43,#312);
#312 = DEFINITIONAL_REPRESENTATION('',(#313),#336);
#313 = B_SPLINE_CURVE_WITH_KNOTS('',6,(#314,#315,#316,#317,#318,#319,
    #320,#321,#322,#323,#324,#325,#326,#327,#328,#329,#330,#331,#332,
    #333,#334,#335),.UNSPECIFIED.,.F.,.F.,(7,5,5,5,7),(0.,0.250999865349
    ,0.500999866539,0.750999867735,1.),.UNSPECIFIED.);
#314 = CARTESIAN_POINT('',(6.555073610827,-37.82810011445));
#315 = CARTESIAN_POINT('',(6.183379093812,-38.3503199417));
#316 = CARTESIAN_POINT('',(5.761713631264,-38.83707143046));
#317 = CARTESIAN_POINT('',(5.294405264704,-39.28222609342));
#318 = CARTESIAN_POINT('',(4.78665141142,-39.68063017371));
#319 = CARTESIAN_POINT('',(4.244299973968,-40.02788181023));
#320 = CARTESIAN_POINT('',(3.106048324811,-40.61211145333));
#321 = CARTESIAN_POINT('',(2.510228606312,-40.84959581985));
#322 = CARTESIAN_POINT('',(1.893160889565,-41.02962419821));
#323 = CARTESIAN_POINT('',(1.261746021502,-41.1500320467));
#324 = CARTESIAN_POINT('',(0.62311410307,-41.20960749402));
#325 = CARTESIAN_POINT('',(-0.653760161008,-41.20717575537));
#326 = CARTESIAN_POINT('',(-1.292160531291,-41.14516826845));
#327 = CARTESIAN_POINT('',(-1.923112200235,-41.02235631034));
#328 = CARTESIAN_POINT('',(-2.539489734469,-40.83997890112));
#329 = CARTESIAN_POINT('',(-3.134400581709,-40.60022685176));
#330 = CARTESIAN_POINT('',(-4.265884315534,-40.01401521497));
#331 = CARTESIAN_POINT('',(-4.802819380294,-39.6679145511));
#332 = CARTESIAN_POINT('',(-5.305567920617,-39.27157655921));
#333 = CARTESIAN_POINT('',(-5.768430418392,-38.82931170255));
#334 = CARTESIAN_POINT('',(-6.186340409505,-38.34615938055));
#335 = CARTESIAN_POINT('',(-6.555073610827,-37.82810011445));
#336 = ( GEOMETRIC_REPRESENTATION_CONTEXT(2) 
PARAMETRIC_REPRESENTATION_CONTEXT() REPRESENTATION_CONTEXT('2D SPACE',''
  ) );
#337 = PCURVE('',#338,#359);
#338 = B_SPLINE_SURFACE_WITH_KNOTS('',9,1,(
    (#339,#340)
    ,(#341,#342)
    ,(#343,#344)
    ,(#345,#346)
    ,(#347,#348)
    ,(#349,#350)
    ,(#351,#352)
    ,(#353,#354)
    ,(#355,#356)
    ,(#357,#358
    )),.UNSPECIFIED.,.F.,.F.,.F.,(10,10),(2,2),(5.330963187173,
    7.235407427186),(0.,1.),.PIECEWISE_BEZIER_KNOTS.);
#339 = CARTESIAN_POINT('',(30.559853139576,-5.295589423204,0.));
#340 = CARTESIAN_POINT('',(37.973465053948,-6.58026329458,102.));
#341 = CARTESIAN_POINT('',(31.680425892297,-4.498011992467,0.));
#342 = CARTESIAN_POINT('',(39.36588111274,-5.589199019644,102.));
#343 = CARTESIAN_POINT('',(32.611131091946,-3.433676031402,0.));
#344 = CARTESIAN_POINT('',(40.522369045223,-4.266662414557,
    101.99999999999));
#345 = CARTESIAN_POINT('',(33.279392074865,-2.154237502038,0.));
#346 = CARTESIAN_POINT('',(41.352745584206,-2.676840825377,
    102.00000000001));
#347 = CARTESIAN_POINT('',(33.629035562696,-0.734388974767,0.));
#348 = CARTESIAN_POINT('',(41.787210197163,-0.912546730574,
    101.99999999998));
#349 = CARTESIAN_POINT('',(33.629035562698,0.734388974767,0.));
#350 = CARTESIAN_POINT('',(41.787210197172,0.912546730574,
    102.00000000001));
#351 = CARTESIAN_POINT('',(33.279392074863,2.154237502038,0.));
#352 = CARTESIAN_POINT('',(41.3527455842,2.676840825377,101.99999999998)
  );
#353 = CARTESIAN_POINT('',(32.611131091947,3.433676031402,0.));
#354 = CARTESIAN_POINT('',(40.522369045226,4.266662414557,102.));
#355 = CARTESIAN_POINT('',(31.680425892297,4.498011992467,0.));
#356 = CARTESIAN_POINT('',(39.365881112739,5.589199019644,
    101.99999999999));
#357 = CARTESIAN_POINT('',(30.559853139576,5.295589423204,0.));
#358 = CARTESIAN_POINT('',(37.973465053948,6.58026329458,102.));
#359 = DEFINITIONAL_REPRESENTATION('',(#360),#383);
#360 = B_SPLINE_CURVE_WITH_KNOTS('',6,(#361,#362,#363,#364,#365,#366,
    #367,#368,#369,#370,#371,#372,#373,#374,#375,#376,#377,#378,#379,
    #380,#381,#382),.UNSPECIFIED.,.F.,.F.,(7,5,5,5,7),(0.,0.250999865349
    ,0.500999866539,0.750999867735,1.),.UNSPECIFIED.);
#361 = CARTESIAN_POINT('',(7.235407427186,0.980392156863));
#362 = CARTESIAN_POINT('',(7.155740918729,0.980392156863));
#363 = CARTESIAN_POINT('',(7.07606453282,0.980392156863));
#364 = CARTESIAN_POINT('',(6.996399674545,0.980392156863));
#365 = CARTESIAN_POINT('',(6.916734819611,0.980392156863));
#366 = CARTESIAN_POINT('',(6.837058430556,0.980392156863));
#367 = CARTESIAN_POINT('',(6.678042768829,0.980392156863));
#368 = CARTESIAN_POINT('',(6.598683926911,0.980392156863));
#369 = CARTESIAN_POINT('',(6.519336393296,0.980392156863));
#370 = CARTESIAN_POINT('',(6.439988859371,0.980392156863));
#371 = CARTESIAN_POINT('',(6.360630017184,0.980392156863));
#372 = CARTESIAN_POINT('',(6.201931708694,0.980392156863));
#373 = CARTESIAN_POINT('',(6.1225728665,0.980392156863));
#374 = CARTESIAN_POINT('',(6.043225332573,0.980392156863));
#375 = CARTESIAN_POINT('',(5.963877798964,0.980392156863));
#376 = CARTESIAN_POINT('',(5.88451895705,0.980392156863));
#377 = CARTESIAN_POINT('',(5.726138003837,0.980392156863));
#378 = CARTESIAN_POINT('',(5.64709670614,0.980392156863));
#379 = CARTESIAN_POINT('',(5.568066495518,0.980392156863));
#380 = CARTESIAN_POINT('',(5.489036281693,0.980392156863));
#381 = CARTESIAN_POINT('',(5.409994987098,0.980392156863));
#382 = CARTESIAN_POINT('',(5.330963187173,0.980392156863));
#383 = ( GEOMETRIC_REPRESENTATION_CONTEXT(2) 
PARAMETRIC_REPRESENTATION_CONTEXT() REPRESENTATION_CONTEXT('2D SPACE',''
  ) );
#384 = ORIENTED_EDGE('',*,*,#385,.T.);
#385 = EDGE_CURVE('',#285,#386,#388,.T.);
#386 = VERTEX_POINT('',#387);
#387 = CARTESIAN_POINT('',(30.365497497239,-11.86664611479,100.));
#388 = SURFACE_CURVE('',#389,(#392,#398),.PCURVE_S1.);
#389 = B_SPLINE_CURVE_WITH_KNOTS('',1,(#390,#391),.UNSPECIFIED.,.F.,.F.,
  (2,2),(0.,1.),.PIECEWISE_BEZIER_KNOTS.);
#390 = CARTESIAN_POINT('',(37.82810011445,-6.555073610827,100.));
#391 = CARTESIAN_POINT('',(30.365497497239,-11.86664611479,100.));
#392 = PCURVE('',#43,#393);
#393 = DEFINITIONAL_REPRESENTATION('',(#394),#397);
#394 = B_SPLINE_CURVE_WITH_KNOTS('',1,(#395,#396),.UNSPECIFIED.,.F.,.F.,
  (2,2),(0.,1.),.PIECEWISE_BEZIER_KNOTS.);
#395 = CARTESIAN_POINT('',(-6.555073610827,-37.82810011445));
#396 = CARTESIAN_POINT('',(-11.86664611479,-30.36549749723));
#397 = ( GEOMETRIC_REPRESENTATION_CONTEXT(2) 
PARAMETRIC_REPRESENTATION_CONTEXT() REPRESENTATION_CONTEXT('2D SPACE',''
  ) );
#398 = PCURVE('',#399,#404);
#399 = B_SPLINE_SURFACE_WITH_KNOTS('',1,1,(
    (#400,#401)
    ,(#402,#403
    )),.UNSPECIFIED.,.F.,.F.,.F.,(2,2),(2,2),(0.778217835062,
    9.973288367936),(0.,1.),.PIECEWISE_BEZIER_KNOTS.);
#400 = CARTESIAN_POINT('',(24.531106273331,-9.586602589877,0.));
#401 = CARTESIAN_POINT('',(30.482185321717,-11.91224698528,102.));
#402 = CARTESIAN_POINT('',(30.559853139576,-5.295589423204,0.));
#403 = CARTESIAN_POINT('',(37.973465053948,-6.58026329458,102.));
#404 = DEFINITIONAL_REPRESENTATION('',(#405),#408);
#405 = B_SPLINE_CURVE_WITH_KNOTS('',1,(#406,#407),.UNSPECIFIED.,.F.,.F.,
  (2,2),(0.,1.),.PIECEWISE_BEZIER_KNOTS.);
#406 = CARTESIAN_POINT('',(9.973288367936,0.980392156863));
#407 = CARTESIAN_POINT('',(0.778217835062,0.980392156863));
#408 = ( GEOMETRIC_REPRESENTATION_CONTEXT(2) 
PARAMETRIC_REPRESENTATION_CONTEXT() REPRESENTATION_CONTEXT('2D SPACE',''
  ) );
#409 = ORIENTED_EDGE('',*,*,#410,.T.);
#410 = EDGE_CURVE('',#386,#411,#413,.T.);
#411 = VERTEX_POINT('',#412);
#412 = CARTESIAN_POINT('',(29.86263513211,-13.08066325669,100.));
#413 = SURFACE_CURVE('',#414,(#450,#489),.PCURVE_S1.);
#414 = B_SPLINE_CURVE_WITH_KNOTS('',4,(#415,#416,#417,#418,#419,#420,
    #421,#422,#423,#424,#425,#426,#427,#428,#429,#430,#431,#432,#433,
    #434,#435,#436,#437,#438,#439,#440,#441,#442,#443,#444,#445,#446,
    #447,#448,#449),.UNSPECIFIED.,.F.,.F.,(5,3,3,3,3,3,3,3,3,3,3,5),(0.,
    9.300002662662E-02,0.274999960043,0.303999970109,0.464999954328,
    0.488999962621,0.526999975713,0.689999956091,0.715999965097,
    0.744999975236,0.898999973069,1.),.UNSPECIFIED.);
#415 = CARTESIAN_POINT('',(30.365497497239,-11.86664611479,100.));
#416 = CARTESIAN_POINT('',(30.339259232168,-11.88532142881,100.));
#417 = CARTESIAN_POINT('',(30.313668813478,-11.90490697009,100.));
#418 = CARTESIAN_POINT('',(30.288773653707,-11.92536898349,100.));
#419 = CARTESIAN_POINT('',(30.217343929685,-11.98835281065,100.));
#420 = CARTESIAN_POINT('',(30.172900030409,-12.03324625439,100.));
#421 = CARTESIAN_POINT('',(30.131613885236,-12.08105980548,100.));
#422 = CARTESIAN_POINT('',(30.087714996881,-12.13947190189,100.));
#423 = CARTESIAN_POINT('',(30.081768341415,-12.14756537679,100.));
#424 = CARTESIAN_POINT('',(30.075909589848,-12.15572270951,100.));
#425 = CARTESIAN_POINT('',(30.038107238151,-12.20957620795,100.));
#426 = CARTESIAN_POINT('',(30.008815166472,-12.2571338676,100.));
#427 = CARTESIAN_POINT('',(29.982437381906,-12.30636768657,100.));
#428 = CARTESIAN_POINT('',(29.955621835258,-12.36455091431,100.));
#429 = CARTESIAN_POINT('',(29.9522106336,-12.37213015491,100.));
#430 = CARTESIAN_POINT('',(29.948867423483,-12.3797396313,100.));
#431 = CARTESIAN_POINT('',(29.940407459274,-12.39947318192,100.));
#432 = CARTESIAN_POINT('',(29.935393757895,-12.41164143604,100.));
#433 = CARTESIAN_POINT('',(29.930553057459,-12.42387954166,100.));
#434 = CARTESIAN_POINT('',(29.905870833328,-12.48896251411,100.));
#435 = CARTESIAN_POINT('',(29.889063855938,-12.5429584513,100.));
#436 = CARTESIAN_POINT('',(29.875577163383,-12.59787789093,100.));
#437 = CARTESIAN_POINT('',(29.863854417456,-12.66226999686,100.));
#438 = CARTESIAN_POINT('',(29.86232767412,-12.67114381392,100.));
#439 = CARTESIAN_POINT('',(29.860887068529,-12.68003202129,100.));
#440 = CARTESIAN_POINT('',(29.85802225231,-12.69886178255,100.));
#441 = CARTESIAN_POINT('',(29.85661911306,-12.70880654238,100.));
#442 = CARTESIAN_POINT('',(29.855323639192,-12.71876589956,100.));
#443 = CARTESIAN_POINT('',(29.847829475872,-12.78169392597,100.));
#444 = CARTESIAN_POINT('',(29.844564916315,-12.83501219511,100.));
#445 = CARTESIAN_POINT('',(29.844373632308,-12.88842996912,100.));
#446 = CARTESIAN_POINT('',(29.849122242102,-12.97660842422,100.));
#447 = CARTESIAN_POINT('',(29.852318870576,-13.01146317551,100.));
#448 = CARTESIAN_POINT('',(29.856827291237,-13.04617263011,100.));
#449 = CARTESIAN_POINT('',(29.86263513211,-13.08066325669,100.));
#450 = PCURVE('',#43,#451);
#451 = DEFINITIONAL_REPRESENTATION('',(#452),#488);
#452 = B_SPLINE_CURVE_WITH_KNOTS('',4,(#453,#454,#455,#456,#457,#458,
    #459,#460,#461,#462,#463,#464,#465,#466,#467,#468,#469,#470,#471,
    #472,#473,#474,#475,#476,#477,#478,#479,#480,#481,#482,#483,#484,
    #485,#486,#487),.UNSPECIFIED.,.F.,.F.,(5,3,3,3,3,3,3,3,3,3,3,5),(0.,
    9.300002662662E-02,0.274999960043,0.303999970109,0.464999954328,
    0.488999962621,0.526999975713,0.689999956091,0.715999965097,
    0.744999975236,0.898999973069,1.),.UNSPECIFIED.);
#453 = CARTESIAN_POINT('',(-11.86664611479,-30.36549749723));
#454 = CARTESIAN_POINT('',(-11.88532142881,-30.33925923216));
#455 = CARTESIAN_POINT('',(-11.90490697009,-30.31366881347));
#456 = CARTESIAN_POINT('',(-11.92536898349,-30.2887736537));
#457 = CARTESIAN_POINT('',(-11.98835281065,-30.21734392968));
#458 = CARTESIAN_POINT('',(-12.03324625439,-30.1729000304));
#459 = CARTESIAN_POINT('',(-12.08105980548,-30.13161388523));
#460 = CARTESIAN_POINT('',(-12.13947190189,-30.08771499688));
#461 = CARTESIAN_POINT('',(-12.14756537679,-30.08176834141));
#462 = CARTESIAN_POINT('',(-12.15572270951,-30.07590958984));
#463 = CARTESIAN_POINT('',(-12.20957620795,-30.03810723815));
#464 = CARTESIAN_POINT('',(-12.2571338676,-30.00881516647));
#465 = CARTESIAN_POINT('',(-12.30636768657,-29.9824373819));
#466 = CARTESIAN_POINT('',(-12.36455091431,-29.95562183525));
#467 = CARTESIAN_POINT('',(-12.37213015491,-29.9522106336));
#468 = CARTESIAN_POINT('',(-12.3797396313,-29.94886742348));
#469 = CARTESIAN_POINT('',(-12.39947318192,-29.94040745927));
#470 = CARTESIAN_POINT('',(-12.41164143604,-29.93539375789));
#471 = CARTESIAN_POINT('',(-12.42387954166,-29.93055305745));
#472 = CARTESIAN_POINT('',(-12.48896251411,-29.90587083332));
#473 = CARTESIAN_POINT('',(-12.5429584513,-29.88906385593));
#474 = CARTESIAN_POINT('',(-12.59787789093,-29.87557716338));
#475 = CARTESIAN_POINT('',(-12.66226999686,-29.86385441745));
#476 = CARTESIAN_POINT('',(-12.67114381392,-29.86232767412));
#477 = CARTESIAN_POINT('',(-12.68003202129,-29.86088706852));
#478 = CARTESIAN_POINT('',(-12.69886178255,-29.85802225231));
#479 = CARTESIAN_POINT('',(-12.70880654238,-29.85661911306));
#480 = CARTESIAN_POINT('',(-12.71876589956,-29.85532363919));
#481 = CARTESIAN_POINT('',(-12.78169392597,-29.84782947587));
#482 = CARTESIAN_POINT('',(-12.83501219511,-29.84456491631));
#483 = CARTESIAN_POINT('',(-12.88842996912,-29.8443736323));
#484 = CARTESIAN_POINT('',(-12.97660842422,-29.8491222421));
#485 = CARTESIAN_POINT('',(-13.01146317551,-29.85231887057));
#486 = CARTESIAN_POINT('',(-13.04617263011,-29.85682729123));
#487 = CARTESIAN_POINT('',(-13.08066325669,-29.86263513211));
#488 = ( GEOMETRIC_REPRESENTATION_CONTEXT(2) 
PARAMETRIC_REPRESENTATION_CONTEXT() REPRESENTATION_CONTEXT('2D SPACE',''
  ) );
#489 = PCURVE('',#490,#507);
#490 = B_SPLINE_SURFACE_WITH_KNOTS('',7,1,(
    (#491,#492)
    ,(#493,#494)
    ,(#495,#496)
    ,(#497,#498)
    ,(#499,#500)
    ,(#501,#502)
    ,(#503,#504)
    ,(#505,#506
    )),.UNSPECIFIED.,.F.,.F.,.F.,(8,8),(2,2),(6.116361350571,
    7.235407427186),(0.,1.),.PIECEWISE_BEZIER_KNOTS.);
#491 = CARTESIAN_POINT('',(24.124863295723,-10.56735989603,0.));
#492 = CARTESIAN_POINT('',(29.977390568838,-13.1309293239,102.));
#493 = CARTESIAN_POINT('',(24.098317725749,-10.40971553883,0.));
#494 = CARTESIAN_POINT('',(29.944405224663,-12.93504152097,102.));
#495 = CARTESIAN_POINT('',(24.10117414303,-10.24712026636,0.));
#496 = CARTESIAN_POINT('',(29.947954589292,-12.73300174451,102.));
#497 = CARTESIAN_POINT('',(24.134539839098,-10.08615422366,0.));
#498 = CARTESIAN_POINT('',(29.98941457563,-12.53298643785,
    101.99999999999));
#499 = CARTESIAN_POINT('',(24.197684828694,-9.933708733394,0.));
#500 = CARTESIAN_POINT('',(30.067878108972,-12.34355871151,102.));
#501 = CARTESIAN_POINT('',(24.287911899072,-9.796295443116,0.));
#502 = CARTESIAN_POINT('',(30.17999365116,-12.17280989435,
    101.99999999999));
#503 = CARTESIAN_POINT('',(24.400864326795,-9.679303431335,0.));
#504 = CARTESIAN_POINT('',(30.320347567368,-12.02743641854,102.));
#505 = CARTESIAN_POINT('',(24.531106273331,-9.586602589877,0.));
#506 = CARTESIAN_POINT('',(30.482185321717,-11.91224698528,102.));
#507 = DEFINITIONAL_REPRESENTATION('',(#508),#544);
#508 = B_SPLINE_CURVE_WITH_KNOTS('',4,(#509,#510,#511,#512,#513,#514,
    #515,#516,#517,#518,#519,#520,#521,#522,#523,#524,#525,#526,#527,
    #528,#529,#530,#531,#532,#533,#534,#535,#536,#537,#538,#539,#540,
    #541,#542,#543),.UNSPECIFIED.,.F.,.F.,(5,3,3,3,3,3,3,3,3,3,3,5),(0.,
    9.300002662662E-02,0.274999960043,0.303999970109,0.464999954328,
    0.488999962621,0.526999975713,0.689999956091,0.715999965097,
    0.744999975236,0.898999973069,1.),.UNSPECIFIED.);
#509 = CARTESIAN_POINT('',(7.235407427186,0.980392156863));
#510 = CARTESIAN_POINT('',(7.209389607542,0.980392156863));
#511 = CARTESIAN_POINT('',(7.183371784388,0.980392156863));
#512 = CARTESIAN_POINT('',(7.157353961833,0.980392156863));
#513 = CARTESIAN_POINT('',(7.080419581734,0.980392156863));
#514 = CARTESIAN_POINT('',(7.02950294901,0.980392156863));
#515 = CARTESIAN_POINT('',(6.978586316188,0.980392156863));
#516 = CARTESIAN_POINT('',(6.919556672079,0.980392156863));
#517 = CARTESIAN_POINT('',(6.911443588024,0.980392156863));
#518 = CARTESIAN_POINT('',(6.90333050396,0.980392156863));
#519 = CARTESIAN_POINT('',(6.850175835308,0.980392156863));
#520 = CARTESIAN_POINT('',(6.805134210705,0.980392156863));
#521 = CARTESIAN_POINT('',(6.760092586165,0.980392156863));
#522 = CARTESIAN_POINT('',(6.7083367251,0.980392156863));
#523 = CARTESIAN_POINT('',(6.701622448639,0.980392156863));
#524 = CARTESIAN_POINT('',(6.694908172178,0.980392156863));
#525 = CARTESIAN_POINT('',(6.677562958008,0.980392156863));
#526 = CARTESIAN_POINT('',(6.666932020267,0.980392156863));
#527 = CARTESIAN_POINT('',(6.656301082525,0.980392156863));
#528 = CARTESIAN_POINT('',(6.600069038442,0.980392156863));
#529 = CARTESIAN_POINT('',(6.554467889617,0.980392156863));
#530 = CARTESIAN_POINT('',(6.508866740706,0.980392156863));
#531 = CARTESIAN_POINT('',(6.455991834816,0.980392156863));
#532 = CARTESIAN_POINT('',(6.448718035311,0.980392156863));
#533 = CARTESIAN_POINT('',(6.441444235814,0.980392156863));
#534 = CARTESIAN_POINT('',(6.426057352262,0.980392156863));
#535 = CARTESIAN_POINT('',(6.417944268197,0.980392156863));
#536 = CARTESIAN_POINT('',(6.409831184143,0.980392156863));
#537 = CARTESIAN_POINT('',(6.358634841933,0.980392156863));
#538 = CARTESIAN_POINT('',(6.315551552319,0.980392156863));
#539 = CARTESIAN_POINT('',(6.272468262753,0.980392156863));
#540 = CARTESIAN_POINT('',(6.201129093111,0.980392156863));
#541 = CARTESIAN_POINT('',(6.172873177819,0.980392156863));
#542 = CARTESIAN_POINT('',(6.144617261706,0.980392156863));
#543 = CARTESIAN_POINT('',(6.116361350571,0.980392156863));
#544 = ( GEOMETRIC_REPRESENTATION_CONTEXT(2) 
PARAMETRIC_REPRESENTATION_CONTEXT() REPRESENTATION_CONTEXT('2D SPACE',''
  ) );
#545 = ORIENTED_EDGE('',*,*,#546,.T.);
#546 = EDGE_CURVE('',#411,#547,#549,.T.);
#547 = VERTEX_POINT('',#548);
#548 = CARTESIAN_POINT('',(31.383643111724,-22.11336910893,100.));
#549 = SURFACE_CURVE('',#550,(#553,#559),.PCURVE_S1.);
#550 = B_SPLINE_CURVE_WITH_KNOTS('',1,(#551,#552),.UNSPECIFIED.,.F.,.F.,
  (2,2),(0.,1.),.PIECEWISE_BEZIER_KNOTS.);
#551 = CARTESIAN_POINT('',(29.86263513211,-13.08066325669,100.));
#552 = CARTESIAN_POINT('',(31.383643111724,-22.11336910893,100.));
#553 = PCURVE('',#43,#554);
#554 = DEFINITIONAL_REPRESENTATION('',(#555),#558);
#555 = B_SPLINE_CURVE_WITH_KNOTS('',1,(#556,#557),.UNSPECIFIED.,.F.,.F.,
  (2,2),(0.,1.),.PIECEWISE_BEZIER_KNOTS.);
#556 = CARTESIAN_POINT('',(-13.08066325669,-29.86263513211));
#557 = CARTESIAN_POINT('',(-22.11336910893,-31.38364311172));
#558 = ( GEOMETRIC_REPRESENTATION_CONTEXT(2) 
PARAMETRIC_REPRESENTATION_CONTEXT() REPRESENTATION_CONTEXT('2D SPACE',''
  ) );
#559 = PCURVE('',#560,#565);
#560 = B_SPLINE_SURFACE_WITH_KNOTS('',1,1,(
    (#561,#562)
    ,(#563,#564
    )),.UNSPECIFIED.,.F.,.F.,.F.,(2,2),(2,2),(11.347743846998,
    20.542814379871),(0.,1.),.PIECEWISE_BEZIER_KNOTS.);
#561 = CARTESIAN_POINT('',(25.353626578586,-17.86453219553,0.));
#562 = CARTESIAN_POINT('',(31.504243442387,-22.1983458472,102.));
#563 = CARTESIAN_POINT('',(24.124863295723,-10.56735989603,0.));
#564 = CARTESIAN_POINT('',(29.977390568838,-13.1309293239,102.));
#565 = DEFINITIONAL_REPRESENTATION('',(#566),#569);
#566 = B_SPLINE_CURVE_WITH_KNOTS('',1,(#567,#568),.UNSPECIFIED.,.F.,.F.,
  (2,2),(0.,1.),.PIECEWISE_BEZIER_KNOTS.);
#567 = CARTESIAN_POINT('',(20.542814379871,0.980392156863));
#568 = CARTESIAN_POINT('',(11.347743846998,0.980392156863));
#569 = ( GEOMETRIC_REPRESENTATION_CONTEXT(2) 
PARAMETRIC_REPRESENTATION_CONTEXT() REPRESENTATION_CONTEXT('2D SPACE',''
  ) );
#570 = ORIENTED_EDGE('',*,*,#571,.T.);
#571 = EDGE_CURVE('',#547,#572,#574,.T.);
#572 = VERTEX_POINT('',#573);
#573 = CARTESIAN_POINT('',(22.113369108939,-31.38364311172,100.));
#574 = SURFACE_CURVE('',#575,(#598,#624),.PCURVE_S1.);
#575 = B_SPLINE_CURVE_WITH_KNOTS('',6,(#576,#577,#578,#579,#580,#581,
    #582,#583,#584,#585,#586,#587,#588,#589,#590,#591,#592,#593,#594,
    #595,#596,#597),.UNSPECIFIED.,.F.,.F.,(7,5,5,5,7),(0.,0.249999999464
    ,0.5,0.750000000537,1.),.UNSPECIFIED.);
#576 = CARTESIAN_POINT('',(31.383643111724,-22.11336910893,100.));
#577 = CARTESIAN_POINT('',(31.489656582592,-22.74294404316,100.));
#578 = CARTESIAN_POINT('',(31.535735571961,-23.38269140198,100.));
#579 = CARTESIAN_POINT('',(31.520622670617,-24.02530667044,100.));
#580 = CARTESIAN_POINT('',(31.44434281201,-24.66355753769,100.));
#581 = CARTESIAN_POINT('',(31.307898212842,-25.29028142765,100.));
#582 = CARTESIAN_POINT('',(30.919242981699,-26.50657124007,100.));
#583 = CARTESIAN_POINT('',(30.666984248391,-27.09628769125,100.));
#584 = CARTESIAN_POINT('',(30.359024734296,-27.66050725999,100.));
#585 = CARTESIAN_POINT('',(29.998701298817,-28.19281338192,100.));
#586 = CARTESIAN_POINT('',(29.590187521064,-28.68729943286,100.));
#587 = CARTESIAN_POINT('',(28.687299432866,-29.59018752106,100.));
#588 = CARTESIAN_POINT('',(28.192813381928,-29.99870129881,100.));
#589 = CARTESIAN_POINT('',(27.660507260002,-30.35902473429,100.));
#590 = CARTESIAN_POINT('',(27.096287691251,-30.66698424839,100.));
#591 = CARTESIAN_POINT('',(26.506571240075,-30.91924298169,100.));
#592 = CARTESIAN_POINT('',(25.290281427654,-31.30789821284,100.));
#593 = CARTESIAN_POINT('',(24.663557537699,-31.44434281201,100.));
#594 = CARTESIAN_POINT('',(24.025306670449,-31.52062267061,100.));
#595 = CARTESIAN_POINT('',(23.38269140199,-31.53573557196,100.));
#596 = CARTESIAN_POINT('',(22.742944043168,-31.48965658259,100.));
#597 = CARTESIAN_POINT('',(22.113369108939,-31.38364311172,100.));
#598 = PCURVE('',#43,#599);
#599 = DEFINITIONAL_REPRESENTATION('',(#600),#623);
#600 = B_SPLINE_CURVE_WITH_KNOTS('',6,(#601,#602,#603,#604,#605,#606,
    #607,#608,#609,#610,#611,#612,#613,#614,#615,#616,#617,#618,#619,
    #620,#621,#622),.UNSPECIFIED.,.F.,.F.,(7,5,5,5,7),(0.,0.249999999464
    ,0.5,0.750000000537,1.),.UNSPECIFIED.);
#601 = CARTESIAN_POINT('',(-22.11336910893,-31.38364311172));
#602 = CARTESIAN_POINT('',(-22.74294404316,-31.48965658259));
#603 = CARTESIAN_POINT('',(-23.38269140198,-31.53573557196));
#604 = CARTESIAN_POINT('',(-24.02530667044,-31.52062267061));
#605 = CARTESIAN_POINT('',(-24.66355753769,-31.44434281201));
#606 = CARTESIAN_POINT('',(-25.29028142765,-31.30789821284));
#607 = CARTESIAN_POINT('',(-26.50657124007,-30.91924298169));
#608 = CARTESIAN_POINT('',(-27.09628769125,-30.66698424839));
#609 = CARTESIAN_POINT('',(-27.66050725999,-30.35902473429));
#610 = CARTESIAN_POINT('',(-28.19281338192,-29.99870129881));
#611 = CARTESIAN_POINT('',(-28.68729943286,-29.59018752106));
#612 = CARTESIAN_POINT('',(-29.59018752106,-28.68729943286));
#613 = CARTESIAN_POINT('',(-29.99870129881,-28.19281338192));
#614 = CARTESIAN_POINT('',(-30.35902473429,-27.66050726));
#615 = CARTESIAN_POINT('',(-30.66698424839,-27.09628769125));
#616 = CARTESIAN_POINT('',(-30.91924298169,-26.50657124007));
#617 = CARTESIAN_POINT('',(-31.30789821284,-25.29028142765));
#618 = CARTESIAN_POINT('',(-31.44434281201,-24.66355753769));
#619 = CARTESIAN_POINT('',(-31.52062267061,-24.02530667044));
#620 = CARTESIAN_POINT('',(-31.53573557196,-23.38269140199));
#621 = CARTESIAN_POINT('',(-31.48965658259,-22.74294404316));
#622 = CARTESIAN_POINT('',(-31.38364311172,-22.11336910893));
#623 = ( GEOMETRIC_REPRESENTATION_CONTEXT(2) 
PARAMETRIC_REPRESENTATION_CONTEXT() REPRESENTATION_CONTEXT('2D SPACE',''
  ) );
#624 = PCURVE('',#625,#646);
#625 = B_SPLINE_SURFACE_WITH_KNOTS('',9,1,(
    (#626,#627)
    ,(#628,#629)
    ,(#630,#631)
    ,(#632,#633)
    ,(#634,#635)
    ,(#636,#637)
    ,(#638,#639)
    ,(#640,#641)
    ,(#642,#643)
    ,(#644,#645
    )),.UNSPECIFIED.,.F.,.F.,.F.,(10,10),(2,2),(4.545565023776,
    6.450009263788),(0.,1.),.PIECEWISE_BEZIER_KNOTS.);
#626 = CARTESIAN_POINT('',(17.864532195532,-25.35362657858,0.));
#627 = CARTESIAN_POINT('',(22.198345847207,-31.50424344238,102.));
#628 = CARTESIAN_POINT('',(19.220869197589,-25.58201876105,0.));
#629 = CARTESIAN_POINT('',(23.88372095401,-31.78804201039,
    101.99999999999));
#630 = CARTESIAN_POINT('',(20.631576331078,-25.48752754348,0.));
#631 = CARTESIAN_POINT('',(25.636656015255,-31.67062786799,102.));
#632 = CARTESIAN_POINT('',(22.008807863924,-25.05535975587,0.));
#633 = CARTESIAN_POINT('',(27.347994523491,-31.13361912305,
    101.99999999999));
#634 = CARTESIAN_POINT('',(23.260027667061,-24.29861051523,0.));
#635 = CARTESIAN_POINT('',(28.902751715946,-30.19328767862,102.));
#636 = CARTESIAN_POINT('',(24.298610515233,-23.26002766705,0.));
#637 = CARTESIAN_POINT('',(30.193287678625,-28.90275171594,
    101.99999999999));
#638 = CARTESIAN_POINT('',(25.05535975588,-22.00880786392,0.));
#639 = CARTESIAN_POINT('',(31.133619123052,-27.34799452349,102.));
#640 = CARTESIAN_POINT('',(25.487527543481,-20.63157633107,0.));
#641 = CARTESIAN_POINT('',(31.670627867989,-25.63665601525,
    101.99999999999));
#642 = CARTESIAN_POINT('',(25.582018761053,-19.22086919759,0.));
#643 = CARTESIAN_POINT('',(31.788042010393,-23.88372095401,102.));
#644 = CARTESIAN_POINT('',(25.353626578586,-17.86453219553,0.));
#645 = CARTESIAN_POINT('',(31.504243442387,-22.1983458472,102.));
#646 = DEFINITIONAL_REPRESENTATION('',(#647),#670);
#647 = B_SPLINE_CURVE_WITH_KNOTS('',6,(#648,#649,#650,#651,#652,#653,
    #654,#655,#656,#657,#658,#659,#660,#661,#662,#663,#664,#665,#666,
    #667,#668,#669),.UNSPECIFIED.,.F.,.F.,(7,5,5,5,7),(0.,0.249999999464
    ,0.5,0.750000000537,1.),.UNSPECIFIED.);
#648 = CARTESIAN_POINT('',(6.450009263788,0.980392156863));
#649 = CARTESIAN_POINT('',(6.370660109181,0.980392156863));
#650 = CARTESIAN_POINT('',(6.291301270015,0.980392156863));
#651 = CARTESIAN_POINT('',(6.211953733296,0.980392156863));
#652 = CARTESIAN_POINT('',(6.132606199848,0.980392156863));
#653 = CARTESIAN_POINT('',(6.053247357559,0.980392156863));
#654 = CARTESIAN_POINT('',(5.894549049672,0.980392156863));
#655 = CARTESIAN_POINT('',(5.815190207756,0.980392156863));
#656 = CARTESIAN_POINT('',(5.735842674144,0.980392156863));
#657 = CARTESIAN_POINT('',(5.656495140217,0.980392156863));
#658 = CARTESIAN_POINT('',(5.577136298027,0.980392156863));
#659 = CARTESIAN_POINT('',(5.418437989537,0.980392156863));
#660 = CARTESIAN_POINT('',(5.339079147347,0.980392156863));
#661 = CARTESIAN_POINT('',(5.25973161342,0.980392156863));
#662 = CARTESIAN_POINT('',(5.180384079809,0.980392156863));
#663 = CARTESIAN_POINT('',(5.101025237893,0.980392156863));
#664 = CARTESIAN_POINT('',(4.942326930006,0.980392156863));
#665 = CARTESIAN_POINT('',(4.862968087716,0.980392156863));
#666 = CARTESIAN_POINT('',(4.783620554268,0.980392156863));
#667 = CARTESIAN_POINT('',(4.70427301755,0.980392156863));
#668 = CARTESIAN_POINT('',(4.624914178383,0.980392156863));
#669 = CARTESIAN_POINT('',(4.545565023776,0.980392156863));
#670 = ( GEOMETRIC_REPRESENTATION_CONTEXT(2) 
PARAMETRIC_REPRESENTATION_CONTEXT() REPRESENTATION_CONTEXT('2D SPACE',''
  ) );
#671 = ORIENTED_EDGE('',*,*,#672,.T.);
#672 = EDGE_CURVE('',#572,#673,#675,.T.);
#673 = VERTEX_POINT('',#674);
#674 = CARTESIAN_POINT('',(13.080663256692,-29.86263513211,100.));
#675 = SURFACE_CURVE('',#676,(#679,#685),.PCURVE_S1.);
#676 = B_SPLINE_CURVE_WITH_KNOTS('',1,(#677,#678),.UNSPECIFIED.,.F.,.F.,
  (2,2),(0.,1.),.PIECEWISE_BEZIER_KNOTS.);
#677 = CARTESIAN_POINT('',(22.113369108939,-31.38364311172,100.));
#678 = CARTESIAN_POINT('',(13.080663256692,-29.86263513211,100.));
#679 = PCURVE('',#43,#680);
#680 = DEFINITIONAL_REPRESENTATION('',(#681),#684);
#681 = B_SPLINE_CURVE_WITH_KNOTS('',1,(#682,#683),.UNSPECIFIED.,.F.,.F.,
  (2,2),(0.,1.),.PIECEWISE_BEZIER_KNOTS.);
#682 = CARTESIAN_POINT('',(-31.38364311172,-22.11336910893));
#683 = CARTESIAN_POINT('',(-29.86263513211,-13.08066325669));
#684 = ( GEOMETRIC_REPRESENTATION_CONTEXT(2) 
PARAMETRIC_REPRESENTATION_CONTEXT() REPRESENTATION_CONTEXT('2D SPACE',''
  ) );
#685 = PCURVE('',#686,#691);
#686 = B_SPLINE_SURFACE_WITH_KNOTS('',1,1,(
    (#687,#688)
    ,(#689,#690
    )),.UNSPECIFIED.,.F.,.F.,.F.,(2,2),(2,2),(0.778217835062,
    9.973288367936),(0.,1.),.PIECEWISE_BEZIER_KNOTS.);
#687 = CARTESIAN_POINT('',(10.567359896038,-24.12486329572,0.));
#688 = CARTESIAN_POINT('',(13.130929323905,-29.97739056883,102.));
#689 = CARTESIAN_POINT('',(17.864532195532,-25.35362657858,0.));
#690 = CARTESIAN_POINT('',(22.198345847207,-31.50424344238,102.));
#691 = DEFINITIONAL_REPRESENTATION('',(#692),#695);
#692 = B_SPLINE_CURVE_WITH_KNOTS('',1,(#693,#694),.UNSPECIFIED.,.F.,.F.,
  (2,2),(0.,1.),.PIECEWISE_BEZIER_KNOTS.);
#693 = CARTESIAN_POINT('',(9.973288367936,0.980392156863));
#694 = CARTESIAN_POINT('',(0.778217835062,0.980392156863));
#695 = ( GEOMETRIC_REPRESENTATION_CONTEXT(2) 
PARAMETRIC_REPRESENTATION_CONTEXT() REPRESENTATION_CONTEXT('2D SPACE',''
  ) );
#696 = ORIENTED_EDGE('',*,*,#697,.T.);
#697 = EDGE_CURVE('',#673,#698,#700,.T.);
#698 = VERTEX_POINT('',#699);
#699 = CARTESIAN_POINT('',(11.86664611479,-30.36549749723,100.));
#700 = SURFACE_CURVE('',#701,(#755,#812),.PCURVE_S1.);
#701 = B_SPLINE_CURVE_WITH_KNOTS('',4,(#702,#703,#704,#705,#706,#707,
    #708,#709,#710,#711,#712,#713,#714,#715,#716,#717,#718,#719,#720,
    #721,#722,#723,#724,#725,#726,#727,#728,#729,#730,#731,#732,#733,
    #734,#735,#736,#737,#738,#739,#740,#741,#742,#743,#744,#745,#746,
    #747,#748,#749,#750,#751,#752,#753,#754),.UNSPECIFIED.,.F.,.F.,(5,3,
    3,3,3,3,3,3,3,3,3,3,3,3,3,3,3,5),(0.,9.100000892113E-02,
    0.110000011862,0.262999982041,0.290999986469,0.308999989273,
    0.325999991893,0.400000001709,0.472000011484,0.500000015802,
    0.521000019047,0.548000023203,0.684000013345,0.712000017683,
    0.733000021002,0.748000023411,0.901999991839,1.),.UNSPECIFIED.);
#702 = CARTESIAN_POINT('',(13.080663256692,-29.86263513211,100.));
#703 = CARTESIAN_POINT('',(13.049587542943,-29.85740232487,100.));
#704 = CARTESIAN_POINT('',(13.018334192752,-29.85322436571,100.));
#705 = CARTESIAN_POINT('',(12.986956973922,-29.85011030178,100.));
#706 = CARTESIAN_POINT('',(12.948944505299,-29.84763635891,100.));
#707 = CARTESIAN_POINT('',(12.942375686422,-29.8472555751,100.));
#708 = CARTESIAN_POINT('',(12.935804333729,-29.8469213571,100.));
#709 = CARTESIAN_POINT('',(12.876297863335,-29.84431754489,100.));
#710 = CARTESIAN_POINT('',(12.823232431243,-29.84502232191,100.));
#711 = CARTESIAN_POINT('',(12.77029405934,-29.84875937542,100.));
#712 = CARTESIAN_POINT('',(12.708122621111,-29.85672852931,100.));
#713 = CARTESIAN_POINT('',(12.698517813042,-29.85806177827,100.));
#714 = CARTESIAN_POINT('',(12.688927454724,-29.85949527679,100.));
#715 = CARTESIAN_POINT('',(12.673198178988,-29.86201459352,100.));
#716 = CARTESIAN_POINT('',(12.667049864083,-29.86304173907,100.));
#717 = CARTESIAN_POINT('',(12.660908584476,-29.86411014391,100.));
#718 = CARTESIAN_POINT('',(12.648981693775,-29.86626767826,100.));
#719 = CARTESIAN_POINT('',(12.643195277881,-29.86735235886,100.));
#720 = CARTESIAN_POINT('',(12.637415856721,-29.86847371158,100.));
#721 = CARTESIAN_POINT('',(12.606518261886,-29.87467217646,100.));
#722 = CARTESIAN_POINT('',(12.58153187505,-29.88040623079,100.));
#723 = CARTESIAN_POINT('',(12.556713354453,-29.88682806392,100.));
#724 = CARTESIAN_POINT('',(12.508133841149,-29.90083911179,100.));
#725 = CARTESIAN_POINT('',(12.484362387929,-29.90839208698,100.));
#726 = CARTESIAN_POINT('',(12.460802439704,-29.91658099792,100.));
#727 = CARTESIAN_POINT('',(12.428409118324,-29.92882447397,100.));
#728 = CARTESIAN_POINT('',(12.41937479348,-29.9323473796,100.));
#729 = CARTESIAN_POINT('',(12.410377758185,-29.93596445652,100.));
#730 = CARTESIAN_POINT('',(12.394700768607,-29.94245807822,100.));
#731 = CARTESIAN_POINT('',(12.38800385875,-29.94529368874,100.));
#732 = CARTESIAN_POINT('',(12.381329367293,-29.94818167289,100.));
#733 = CARTESIAN_POINT('',(12.366126028296,-29.95490187208,100.));
#734 = CARTESIAN_POINT('',(12.35761222114,-29.95876811359,100.));
#735 = CARTESIAN_POINT('',(12.349137786305,-29.96271990938,100.));
#736 = CARTESIAN_POINT('',(12.298222758605,-29.98708982842,100.));
#737 = CARTESIAN_POINT('',(12.25677293296,-30.00957813075,100.));
#738 = CARTESIAN_POINT('',(12.216518912261,-30.03414285361,100.));
#739 = CARTESIAN_POINT('',(12.169600869517,-30.06614512046,100.));
#740 = CARTESIAN_POINT('',(12.161647536777,-30.07169258728,100.));
#741 = CARTESIAN_POINT('',(12.153752581222,-30.0773228241,100.));
#742 = CARTESIAN_POINT('',(12.140040812943,-30.08731895025,100.));
#743 = CARTESIAN_POINT('',(12.134197899206,-30.09164903666,100.));
#744 = CARTESIAN_POINT('',(12.128389084774,-30.09602476108,100.));
#745 = CARTESIAN_POINT('',(12.118490484251,-30.10360354195,100.));
#746 = CARTESIAN_POINT('',(12.114383736131,-30.1067844444,100.));
#747 = CARTESIAN_POINT('',(12.11029485047,-30.10998827563,100.));
#748 = CARTESIAN_POINT('',(12.064430158196,-30.14634138589,100.));
#749 = CARTESIAN_POINT('',(12.024539101896,-30.18186882317,100.));
#750 = CARTESIAN_POINT('',(11.986758338694,-30.21963268286,100.));
#751 = CARTESIAN_POINT('',(11.928676902151,-30.28476434318,100.));
#752 = CARTESIAN_POINT('',(11.90701557441,-30.31091902669,100.));
#753 = CARTESIAN_POINT('',(11.886325477738,-30.33784857305,100.));
#754 = CARTESIAN_POINT('',(11.86664611479,-30.36549749723,100.));
#755 = PCURVE('',#43,#756);
#756 = DEFINITIONAL_REPRESENTATION('',(#757),#811);
#757 = B_SPLINE_CURVE_WITH_KNOTS('',4,(#758,#759,#760,#761,#762,#763,
    #764,#765,#766,#767,#768,#769,#770,#771,#772,#773,#774,#775,#776,
    #777,#778,#779,#780,#781,#782,#783,#784,#785,#786,#787,#788,#789,
    #790,#791,#792,#793,#794,#795,#796,#797,#798,#799,#800,#801,#802,
    #803,#804,#805,#806,#807,#808,#809,#810),.UNSPECIFIED.,.F.,.F.,(5,3,
    3,3,3,3,3,3,3,3,3,3,3,3,3,3,3,5),(0.,9.100000892113E-02,
    0.110000011862,0.262999982041,0.290999986469,0.308999989273,
    0.325999991893,0.400000001709,0.472000011484,0.500000015802,
    0.521000019047,0.548000023203,0.684000013345,0.712000017683,
    0.733000021002,0.748000023411,0.901999991839,1.),.UNSPECIFIED.);
#758 = CARTESIAN_POINT('',(-29.86263513211,-13.08066325669));
#759 = CARTESIAN_POINT('',(-29.85740232487,-13.04958754294));
#760 = CARTESIAN_POINT('',(-29.85322436571,-13.01833419275));
#761 = CARTESIAN_POINT('',(-29.85011030178,-12.98695697392));
#762 = CARTESIAN_POINT('',(-29.84763635891,-12.94894450529));
#763 = CARTESIAN_POINT('',(-29.8472555751,-12.94237568642));
#764 = CARTESIAN_POINT('',(-29.8469213571,-12.93580433372));
#765 = CARTESIAN_POINT('',(-29.84431754489,-12.87629786333));
#766 = CARTESIAN_POINT('',(-29.84502232191,-12.82323243124));
#767 = CARTESIAN_POINT('',(-29.84875937542,-12.77029405934));
#768 = CARTESIAN_POINT('',(-29.85672852931,-12.70812262111));
#769 = CARTESIAN_POINT('',(-29.85806177827,-12.69851781304));
#770 = CARTESIAN_POINT('',(-29.85949527679,-12.68892745472));
#771 = CARTESIAN_POINT('',(-29.86201459352,-12.67319817898));
#772 = CARTESIAN_POINT('',(-29.86304173907,-12.66704986408));
#773 = CARTESIAN_POINT('',(-29.86411014391,-12.66090858447));
#774 = CARTESIAN_POINT('',(-29.86626767826,-12.64898169377));
#775 = CARTESIAN_POINT('',(-29.86735235886,-12.64319527788));
#776 = CARTESIAN_POINT('',(-29.86847371158,-12.63741585672));
#777 = CARTESIAN_POINT('',(-29.87467217646,-12.60651826188));
#778 = CARTESIAN_POINT('',(-29.88040623079,-12.58153187505));
#779 = CARTESIAN_POINT('',(-29.88682806392,-12.55671335445));
#780 = CARTESIAN_POINT('',(-29.90083911179,-12.50813384114));
#781 = CARTESIAN_POINT('',(-29.90839208698,-12.48436238792));
#782 = CARTESIAN_POINT('',(-29.91658099792,-12.4608024397));
#783 = CARTESIAN_POINT('',(-29.92882447397,-12.42840911832));
#784 = CARTESIAN_POINT('',(-29.9323473796,-12.41937479348));
#785 = CARTESIAN_POINT('',(-29.93596445652,-12.41037775818));
#786 = CARTESIAN_POINT('',(-29.94245807822,-12.3947007686));
#787 = CARTESIAN_POINT('',(-29.94529368874,-12.38800385875));
#788 = CARTESIAN_POINT('',(-29.94818167289,-12.38132936729));
#789 = CARTESIAN_POINT('',(-29.95490187208,-12.36612602829));
#790 = CARTESIAN_POINT('',(-29.95876811359,-12.35761222114));
#791 = CARTESIAN_POINT('',(-29.96271990938,-12.3491377863));
#792 = CARTESIAN_POINT('',(-29.98708982842,-12.2982227586));
#793 = CARTESIAN_POINT('',(-30.00957813075,-12.25677293296));
#794 = CARTESIAN_POINT('',(-30.03414285361,-12.21651891226));
#795 = CARTESIAN_POINT('',(-30.06614512046,-12.16960086951));
#796 = CARTESIAN_POINT('',(-30.07169258728,-12.16164753677));
#797 = CARTESIAN_POINT('',(-30.0773228241,-12.15375258122));
#798 = CARTESIAN_POINT('',(-30.08731895025,-12.14004081294));
#799 = CARTESIAN_POINT('',(-30.09164903666,-12.1341978992));
#800 = CARTESIAN_POINT('',(-30.09602476108,-12.12838908477));
#801 = CARTESIAN_POINT('',(-30.10360354195,-12.11849048425));
#802 = CARTESIAN_POINT('',(-30.1067844444,-12.11438373613));
#803 = CARTESIAN_POINT('',(-30.10998827563,-12.11029485047));
#804 = CARTESIAN_POINT('',(-30.14634138589,-12.06443015819));
#805 = CARTESIAN_POINT('',(-30.18186882317,-12.02453910189));
#806 = CARTESIAN_POINT('',(-30.21963268286,-11.98675833869));
#807 = CARTESIAN_POINT('',(-30.28476434318,-11.92867690215));
#808 = CARTESIAN_POINT('',(-30.31091902669,-11.90701557441));
#809 = CARTESIAN_POINT('',(-30.33784857305,-11.88632547773));
#810 = CARTESIAN_POINT('',(-30.36549749723,-11.86664611479));
#811 = ( GEOMETRIC_REPRESENTATION_CONTEXT(2) 
PARAMETRIC_REPRESENTATION_CONTEXT() REPRESENTATION_CONTEXT('2D SPACE',''
  ) );
#812 = PCURVE('',#813,#830);
#813 = B_SPLINE_SURFACE_WITH_KNOTS('',7,1,(
    (#814,#815)
    ,(#816,#817)
    ,(#818,#819)
    ,(#820,#821)
    ,(#822,#823)
    ,(#824,#825)
    ,(#826,#827)
    ,(#828,#829
    )),.UNSPECIFIED.,.F.,.F.,.F.,(8,8),(2,2),(0.618574206789,
    1.737620283404),(0.,1.),.PIECEWISE_BEZIER_KNOTS.);
#814 = CARTESIAN_POINT('',(9.586602589877,-24.53110627333,0.));
#815 = CARTESIAN_POINT('',(11.912246985289,-30.48218532171,102.));
#816 = CARTESIAN_POINT('',(9.679303431335,-24.40086432679,0.));
#817 = CARTESIAN_POINT('',(12.027436418547,-30.32034756736,102.));
#818 = CARTESIAN_POINT('',(9.796295443116,-24.28791189907,0.));
#819 = CARTESIAN_POINT('',(12.17280989435,-30.17999365115,
    101.99999999999));
#820 = CARTESIAN_POINT('',(9.933708733394,-24.19768482869,0.));
#821 = CARTESIAN_POINT('',(12.343558711515,-30.06787810897,102.));
#822 = CARTESIAN_POINT('',(10.086154223669,-24.13453983909,0.));
#823 = CARTESIAN_POINT('',(12.532986437858,-29.98941457562,
    101.99999999999));
#824 = CARTESIAN_POINT('',(10.247120266361,-24.10117414303,0.));
#825 = CARTESIAN_POINT('',(12.733001744513,-29.94795458929,102.));
#826 = CARTESIAN_POINT('',(10.40971553883,-24.09831772574,0.));
#827 = CARTESIAN_POINT('',(12.935041520975,-29.94440522466,102.));
#828 = CARTESIAN_POINT('',(10.567359896038,-24.12486329572,0.));
#829 = CARTESIAN_POINT('',(13.130929323905,-29.97739056883,102.));
#830 = DEFINITIONAL_REPRESENTATION('',(#831),#885);
#831 = B_SPLINE_CURVE_WITH_KNOTS('',4,(#832,#833,#834,#835,#836,#837,
    #838,#839,#840,#841,#842,#843,#844,#845,#846,#847,#848,#849,#850,
    #851,#852,#853,#854,#855,#856,#857,#858,#859,#860,#861,#862,#863,
    #864,#865,#866,#867,#868,#869,#870,#871,#872,#873,#874,#875,#876,
    #877,#878,#879,#880,#881,#882,#883,#884),.UNSPECIFIED.,.F.,.F.,(5,3,
    3,3,3,3,3,3,3,3,3,3,3,3,3,3,3,5),(0.,9.100000892113E-02,
    0.110000011862,0.262999982041,0.290999986469,0.308999989273,
    0.325999991893,0.400000001709,0.472000011484,0.500000015802,
    0.521000019047,0.548000023203,0.684000013345,0.712000017683,
    0.733000021002,0.748000023411,0.901999991839,1.),.UNSPECIFIED.);
#832 = CARTESIAN_POINT('',(1.737620283404,0.980392156863));
#833 = CARTESIAN_POINT('',(1.712161986663,0.980392156863));
#834 = CARTESIAN_POINT('',(1.686703686715,0.980392156863));
#835 = CARTESIAN_POINT('',(1.661245387315,0.980392156863));
#836 = CARTESIAN_POINT('',(1.63047162155,0.980392156863));
#837 = CARTESIAN_POINT('',(1.62515615268,0.980392156863));
#838 = CARTESIAN_POINT('',(1.619840683822,0.980392156863));
#839 = CARTESIAN_POINT('',(1.571721717657,0.980392156863));
#840 = CARTESIAN_POINT('',(1.528918190158,0.980392156863));
#841 = CARTESIAN_POINT('',(1.486114662476,0.980392156863));
#842 = CARTESIAN_POINT('',(1.435477842735,0.980392156863));
#843 = CARTESIAN_POINT('',(1.4276445202,0.980392156863));
#844 = CARTESIAN_POINT('',(1.419811197656,0.980392156863));
#845 = CARTESIAN_POINT('',(1.406942167769,0.980392156863));
#846 = CARTESIAN_POINT('',(1.401906460426,0.980392156863));
#847 = CARTESIAN_POINT('',(1.396870753079,0.980392156863));
#848 = CARTESIAN_POINT('',(1.387079099908,0.980392156863));
#849 = CARTESIAN_POINT('',(1.382323154083,0.980392156863));
#850 = CARTESIAN_POINT('',(1.377567208256,0.980392156863));
#851 = CARTESIAN_POINT('',(1.352108910442,0.980392156863));
#852 = CARTESIAN_POINT('',(1.331406557606,0.980392156863));
#853 = CARTESIAN_POINT('',(1.310704204766,0.980392156863));
#854 = CARTESIAN_POINT('',(1.269859023714,0.980392156863));
#855 = CARTESIAN_POINT('',(1.249716193969,0.980392156863));
#856 = CARTESIAN_POINT('',(1.229573364244,0.980392156863));
#857 = CARTESIAN_POINT('',(1.201597212707,0.980392156863));
#858 = CARTESIAN_POINT('',(1.193763890167,0.980392156863));
#859 = CARTESIAN_POINT('',(1.185930567629,0.980392156863));
#860 = CARTESIAN_POINT('',(1.172222253195,0.980392156863));
#861 = CARTESIAN_POINT('',(1.166347261292,0.980392156863));
#862 = CARTESIAN_POINT('',(1.160472269389,0.980392156863));
#863 = CARTESIAN_POINT('',(1.147043716475,0.980392156863));
#864 = CARTESIAN_POINT('',(1.139490155456,0.980392156863));
#865 = CARTESIAN_POINT('',(1.131936594436,0.980392156863));
#866 = CARTESIAN_POINT('',(1.08633547543,0.980392156863));
#867 = CARTESIAN_POINT('',(1.048287900234,0.980392156863));
#868 = CARTESIAN_POINT('',(1.010240324986,0.980392156863));
#869 = CARTESIAN_POINT('',(0.964359444455,0.980392156863));
#870 = CARTESIAN_POINT('',(0.956526121911,0.980392156863));
#871 = CARTESIAN_POINT('',(0.948692799375,0.980392156863));
#872 = CARTESIAN_POINT('',(0.934984484944,0.980392156863));
#873 = CARTESIAN_POINT('',(0.929109493039,0.980392156863));
#874 = CARTESIAN_POINT('',(0.923234501138,0.980392156863));
#875 = CARTESIAN_POINT('',(0.913163086453,0.980392156863));
#876 = CARTESIAN_POINT('',(0.908966663664,0.980392156863));
#877 = CARTESIAN_POINT('',(0.904770240878,0.980392156863));
#878 = CARTESIAN_POINT('',(0.857490559944,0.980392156863));
#879 = CARTESIAN_POINT('',(0.814407270365,0.980392156863));
#880 = CARTESIAN_POINT('',(0.77132398078,0.980392156863));
#881 = CARTESIAN_POINT('',(0.700824095358,0.980392156863));
#882 = CARTESIAN_POINT('',(0.673407464865,0.980392156863));
#883 = CARTESIAN_POINT('',(0.64599083364,0.980392156863));
#884 = CARTESIAN_POINT('',(0.618574206789,0.980392156863));
#885 = ( GEOMETRIC_REPRESENTATION_CONTEXT(2) 
PARAMETRIC_REPRESENTATION_CONTEXT() REPRESENTATION_CONTEXT('2D SPACE',''
  ) );
#886 = ORIENTED_EDGE('',*,*,#887,.T.);
#887 = EDGE_CURVE('',#698,#888,#890,.T.);
#888 = VERTEX_POINT('',#889);
#889 = CARTESIAN_POINT('',(6.555073610827,-37.82810011445,100.));
#890 = SURFACE_CURVE('',#891,(#894,#900),.PCURVE_S1.);
#891 = B_SPLINE_CURVE_WITH_KNOTS('',1,(#892,#893),.UNSPECIFIED.,.F.,.F.,
  (2,2),(0.,1.),.PIECEWISE_BEZIER_KNOTS.);
#892 = CARTESIAN_POINT('',(11.86664611479,-30.36549749723,100.));
#893 = CARTESIAN_POINT('',(6.555073610827,-37.82810011445,100.));
#894 = PCURVE('',#43,#895);
#895 = DEFINITIONAL_REPRESENTATION('',(#896),#899);
#896 = B_SPLINE_CURVE_WITH_KNOTS('',1,(#897,#898),.UNSPECIFIED.,.F.,.F.,
  (2,2),(0.,1.),.PIECEWISE_BEZIER_KNOTS.);
#897 = CARTESIAN_POINT('',(-30.36549749723,-11.86664611479));
#898 = CARTESIAN_POINT('',(-37.82810011445,-6.555073610827));
#899 = ( GEOMETRIC_REPRESENTATION_CONTEXT(2) 
PARAMETRIC_REPRESENTATION_CONTEXT() REPRESENTATION_CONTEXT('2D SPACE',''
  ) );
#900 = PCURVE('',#901,#906);
#901 = B_SPLINE_SURFACE_WITH_KNOTS('',1,1,(
    (#902,#903)
    ,(#904,#905
    )),.UNSPECIFIED.,.F.,.F.,.F.,(2,2),(2,2),(11.347743846998,
    20.542814379871),(0.,1.),.PIECEWISE_BEZIER_KNOTS.);
#902 = CARTESIAN_POINT('',(5.295589423204,-30.55985313957,0.));
#903 = CARTESIAN_POINT('',(6.58026329458,-37.97346505394,102.));
#904 = CARTESIAN_POINT('',(9.586602589877,-24.53110627333,0.));
#905 = CARTESIAN_POINT('',(11.912246985289,-30.48218532171,102.));
#906 = DEFINITIONAL_REPRESENTATION('',(#907),#910);
#907 = B_SPLINE_CURVE_WITH_KNOTS('',1,(#908,#909),.UNSPECIFIED.,.F.,.F.,
  (2,2),(0.,1.),.PIECEWISE_BEZIER_KNOTS.);
#908 = CARTESIAN_POINT('',(20.542814379871,0.980392156863));
#909 = CARTESIAN_POINT('',(11.347743846998,0.980392156863));
#910 = ( GEOMETRIC_REPRESENTATION_CONTEXT(2) 
PARAMETRIC_REPRESENTATION_CONTEXT() REPRESENTATION_CONTEXT('2D SPACE',''
  ) );
#911 = ORIENTED_EDGE('',*,*,#912,.T.);
#912 = EDGE_CURVE('',#888,#913,#915,.T.);
#913 = VERTEX_POINT('',#914);
#914 = CARTESIAN_POINT('',(-6.555073610827,-37.82810011445,100.));
#915 = SURFACE_CURVE('',#916,(#939,#965),.PCURVE_S1.);
#916 = B_SPLINE_CURVE_WITH_KNOTS('',6,(#917,#918,#919,#920,#921,#922,
    #923,#924,#925,#926,#927,#928,#929,#930,#931,#932,#933,#934,#935,
    #936,#937,#938),.UNSPECIFIED.,.F.,.F.,(7,5,5,5,7),(0.,0.250999865349
    ,0.500999866539,0.750999867735,1.),.UNSPECIFIED.);
#917 = CARTESIAN_POINT('',(6.555073610827,-37.82810011445,100.));
#918 = CARTESIAN_POINT('',(6.183379093813,-38.3503199417,100.));
#919 = CARTESIAN_POINT('',(5.761713631263,-38.83707143046,100.));
#920 = CARTESIAN_POINT('',(5.294405264705,-39.28222609342,100.));
#921 = CARTESIAN_POINT('',(4.786651411419,-39.68063017371,100.));
#922 = CARTESIAN_POINT('',(4.244299973968,-40.02788181023,100.));
#923 = CARTESIAN_POINT('',(3.106048324812,-40.61211145333,100.));
#924 = CARTESIAN_POINT('',(2.51022860631,-40.84959581985,100.));
#925 = CARTESIAN_POINT('',(1.893160889567,-41.02962419821,100.));
#926 = CARTESIAN_POINT('',(1.2617460215,-41.1500320467,100.));
#927 = CARTESIAN_POINT('',(0.623114103071,-41.20960749402,100.));
#928 = CARTESIAN_POINT('',(-0.653760161009,-41.20717575537,100.));
#929 = CARTESIAN_POINT('',(-1.292160531288,-41.14516826845,100.));
#930 = CARTESIAN_POINT('',(-1.923112200239,-41.02235631034,100.));
#931 = CARTESIAN_POINT('',(-2.539489734467,-40.83997890113,100.));
#932 = CARTESIAN_POINT('',(-3.13440058171,-40.60022685176,100.));
#933 = CARTESIAN_POINT('',(-4.265884315534,-40.01401521497,100.));
#934 = CARTESIAN_POINT('',(-4.802819380295,-39.6679145511,100.));
#935 = CARTESIAN_POINT('',(-5.305567920616,-39.27157655921,100.));
#936 = CARTESIAN_POINT('',(-5.768430418393,-38.82931170255,100.));
#937 = CARTESIAN_POINT('',(-6.186340409505,-38.34615938055,100.));
#938 = CARTESIAN_POINT('',(-6.555073610827,-37.82810011445,100.));
#939 = PCURVE('',#43,#940);
#940 = DEFINITIONAL_REPRESENTATION('',(#941),#964);
#941 = B_SPLINE_CURVE_WITH_KNOTS('',6,(#942,#943,#944,#945,#946,#947,
    #948,#949,#950,#951,#952,#953,#954,#955,#956,#957,#958,#959,#960,
    #961,#962,#963),.UNSPECIFIED.,.F.,.F.,(7,5,5,5,7),(0.,0.250999865349
    ,0.500999866539,0.750999867735,1.),.UNSPECIFIED.);
#942 = CARTESIAN_POINT('',(-37.82810011445,-6.555073610827));
#943 = CARTESIAN_POINT('',(-38.3503199417,-6.183379093813));
#944 = CARTESIAN_POINT('',(-38.83707143046,-5.761713631263));
#945 = CARTESIAN_POINT('',(-39.28222609342,-5.294405264705));
#946 = CARTESIAN_POINT('',(-39.68063017371,-4.786651411419));
#947 = CARTESIAN_POINT('',(-40.02788181023,-4.244299973968));
#948 = CARTESIAN_POINT('',(-40.61211145333,-3.106048324812));
#949 = CARTESIAN_POINT('',(-40.84959581985,-2.51022860631));
#950 = CARTESIAN_POINT('',(-41.02962419821,-1.893160889567));
#951 = CARTESIAN_POINT('',(-41.1500320467,-1.2617460215));
#952 = CARTESIAN_POINT('',(-41.20960749402,-0.623114103071));
#953 = CARTESIAN_POINT('',(-41.20717575537,0.653760161009));
#954 = CARTESIAN_POINT('',(-41.14516826845,1.292160531288));
#955 = CARTESIAN_POINT('',(-41.02235631034,1.923112200239));
#956 = CARTESIAN_POINT('',(-40.83997890113,2.539489734467));
#957 = CARTESIAN_POINT('',(-40.60022685176,3.13440058171));
#958 = CARTESIAN_POINT('',(-40.01401521497,4.265884315533));
#959 = CARTESIAN_POINT('',(-39.6679145511,4.802819380295));
#960 = CARTESIAN_POINT('',(-39.27157655921,5.305567920616));
#961 = CARTESIAN_POINT('',(-38.82931170255,5.768430418393));
#962 = CARTESIAN_POINT('',(-38.34615938055,6.186340409505));
#963 = CARTESIAN_POINT('',(-37.82810011445,6.555073610827));
#964 = ( GEOMETRIC_REPRESENTATION_CONTEXT(2) 
PARAMETRIC_REPRESENTATION_CONTEXT() REPRESENTATION_CONTEXT('2D SPACE',''
  ) );
#965 = PCURVE('',#966,#987);
#966 = B_SPLINE_SURFACE_WITH_KNOTS('',9,1,(
    (#967,#968)
    ,(#969,#970)
    ,(#971,#972)
    ,(#973,#974)
    ,(#975,#976)
    ,(#977,#978)
    ,(#979,#980)
    ,(#981,#982)
    ,(#983,#984)
    ,(#985,#986
    )),.UNSPECIFIED.,.F.,.F.,.F.,(10,10),(2,2),(3.760166860378,
    5.664611100391),(0.,1.),.PIECEWISE_BEZIER_KNOTS.);
#967 = CARTESIAN_POINT('',(-5.295589423204,-30.55985313957,0.));
#968 = CARTESIAN_POINT('',(-6.58026329458,-37.97346505394,102.));
#969 = CARTESIAN_POINT('',(-4.498011992467,-31.68042589229,0.));
#970 = CARTESIAN_POINT('',(-5.589199019644,-39.36588111273,
    101.99999999999));
#971 = CARTESIAN_POINT('',(-3.433676031402,-32.61113109194,0.));
#972 = CARTESIAN_POINT('',(-4.266662414557,-40.52236904522,102.));
#973 = CARTESIAN_POINT('',(-2.154237502038,-33.27939207485,0.));
#974 = CARTESIAN_POINT('',(-2.676840825377,-41.35274558419,
    101.99999999998));
#975 = CARTESIAN_POINT('',(-0.734388974768,-33.6290355627,0.));
#976 = CARTESIAN_POINT('',(-0.912546730574,-41.78721019717,
    102.00000000001));
#977 = CARTESIAN_POINT('',(0.734388974768,-33.62903556268,0.));
#978 = CARTESIAN_POINT('',(0.912546730574,-41.78721019715,
    101.99999999998));
#979 = CARTESIAN_POINT('',(2.154237502038,-33.27939207487,0.));
#980 = CARTESIAN_POINT('',(2.676840825377,-41.35274558421,
    102.00000000001));
#981 = CARTESIAN_POINT('',(3.433676031402,-32.61113109194,0.));
#982 = CARTESIAN_POINT('',(4.266662414557,-40.52236904522,
    101.99999999999));
#983 = CARTESIAN_POINT('',(4.498011992467,-31.68042589229,0.));
#984 = CARTESIAN_POINT('',(5.589199019644,-39.36588111274,102.));
#985 = CARTESIAN_POINT('',(5.295589423204,-30.55985313957,0.));
#986 = CARTESIAN_POINT('',(6.580263294579,-37.97346505394,102.));
#987 = DEFINITIONAL_REPRESENTATION('',(#988),#1011);
#988 = B_SPLINE_CURVE_WITH_KNOTS('',6,(#989,#990,#991,#992,#993,#994,
    #995,#996,#997,#998,#999,#1000,#1001,#1002,#1003,#1004,#1005,#1006,
    #1007,#1008,#1009,#1010),.UNSPECIFIED.,.F.,.F.,(7,5,5,5,7),(0.,
    0.250999865349,0.500999866539,0.750999867735,1.),.UNSPECIFIED.);
#989 = CARTESIAN_POINT('',(5.664611100391,0.980392156863));
#990 = CARTESIAN_POINT('',(5.584944591934,0.980392156863));
#991 = CARTESIAN_POINT('',(5.505268206025,0.980392156863));
#992 = CARTESIAN_POINT('',(5.42560334775,0.980392156863));
#993 = CARTESIAN_POINT('',(5.345938492816,0.980392156863));
#994 = CARTESIAN_POINT('',(5.266262103762,0.980392156863));
#995 = CARTESIAN_POINT('',(5.107246442034,0.980392156863));
#996 = CARTESIAN_POINT('',(5.027887600116,0.980392156863));
#997 = CARTESIAN_POINT('',(4.948540066502,0.980392156863));
#998 = CARTESIAN_POINT('',(4.869192532576,0.980392156863));
#999 = CARTESIAN_POINT('',(4.789833690389,0.980392156863));
#1000 = CARTESIAN_POINT('',(4.631135381899,0.980392156863));
#1001 = CARTESIAN_POINT('',(4.551776539705,0.980392156863));
#1002 = CARTESIAN_POINT('',(4.472429005777,0.980392156863));
#1003 = CARTESIAN_POINT('',(4.39308147217,0.980392156863));
#1004 = CARTESIAN_POINT('',(4.313722630255,0.980392156863));
#1005 = CARTESIAN_POINT('',(4.155341677042,0.980392156863));
#1006 = CARTESIAN_POINT('',(4.076300379345,0.980392156863));
#1007 = CARTESIAN_POINT('',(3.997270168723,0.980392156863));
#1008 = CARTESIAN_POINT('',(3.918239954898,0.980392156863));
#1009 = CARTESIAN_POINT('',(3.839198660303,0.980392156863));
#1010 = CARTESIAN_POINT('',(3.760166860378,0.980392156863));
#1011 = ( GEOMETRIC_REPRESENTATION_CONTEXT(2) 
PARAMETRIC_REPRESENTATION_CONTEXT() REPRESENTATION_CONTEXT('2D SPACE',''
  ) );
#1012 = ORIENTED_EDGE('',*,*,#1013,.T.);
#1013 = EDGE_CURVE('',#913,#1014,#1016,.T.);
#1014 = VERTEX_POINT('',#1015);
#1015 = CARTESIAN_POINT('',(-11.86664611479,-30.36549749723,100.));
#1016 = SURFACE_CURVE('',#1017,(#1020,#1026),.PCURVE_S1.);
#1017 = B_SPLINE_CURVE_WITH_KNOTS('',1,(#1018,#1019),.UNSPECIFIED.,.F.,
  .F.,(2,2),(0.,1.),.PIECEWISE_BEZIER_KNOTS.);
#1018 = CARTESIAN_POINT('',(-6.555073610827,-37.82810011445,100.));
#1019 = CARTESIAN_POINT('',(-11.86664611479,-30.36549749723,100.));
#1020 = PCURVE('',#43,#1021);
#1021 = DEFINITIONAL_REPRESENTATION('',(#1022),#1025);
#1022 = B_SPLINE_CURVE_WITH_KNOTS('',1,(#1023,#1024),.UNSPECIFIED.,.F.,
  .F.,(2,2),(0.,1.),.PIECEWISE_BEZIER_KNOTS.);
#1023 = CARTESIAN_POINT('',(-37.82810011445,6.555073610827));
#1024 = CARTESIAN_POINT('',(-30.36549749723,11.86664611479));
#1025 = ( GEOMETRIC_REPRESENTATION_CONTEXT(2) 
PARAMETRIC_REPRESENTATION_CONTEXT() REPRESENTATION_CONTEXT('2D SPACE',''
  ) );
#1026 = PCURVE('',#1027,#1032);
#1027 = B_SPLINE_SURFACE_WITH_KNOTS('',1,1,(
    (#1028,#1029)
    ,(#1030,#1031
    )),.UNSPECIFIED.,.F.,.F.,.F.,(2,2),(2,2),(0.778217835062,
    9.973288367936),(0.,1.),.PIECEWISE_BEZIER_KNOTS.);
#1028 = CARTESIAN_POINT('',(-9.586602589877,-24.53110627333,0.));
#1029 = CARTESIAN_POINT('',(-11.91224698528,-30.48218532171,102.));
#1030 = CARTESIAN_POINT('',(-5.295589423204,-30.55985313957,0.));
#1031 = CARTESIAN_POINT('',(-6.58026329458,-37.97346505394,102.));
#1032 = DEFINITIONAL_REPRESENTATION('',(#1033),#1036);
#1033 = B_SPLINE_CURVE_WITH_KNOTS('',1,(#1034,#1035),.UNSPECIFIED.,.F.,
  .F.,(2,2),(0.,1.),.PIECEWISE_BEZIER_KNOTS.);
#1034 = CARTESIAN_POINT('',(9.973288367936,0.980392156863));
#1035 = CARTESIAN_POINT('',(0.778217835062,0.980392156863));
#1036 = ( GEOMETRIC_REPRESENTATION_CONTEXT(2) 
PARAMETRIC_REPRESENTATION_CONTEXT() REPRESENTATION_CONTEXT('2D SPACE',''
  ) );
#1037 = ORIENTED_EDGE('',*,*,#1038,.T.);
#1038 = EDGE_CURVE('',#1014,#1039,#1041,.T.);
#1039 = VERTEX_POINT('',#1040);
#1040 = CARTESIAN_POINT('',(-13.08066325669,-29.86263513211,100.));
#1041 = SURFACE_CURVE('',#1042,(#1078,#1117),.PCURVE_S1.);
#1042 = B_SPLINE_CURVE_WITH_KNOTS('',4,(#1043,#1044,#1045,#1046,#1047,
    #1048,#1049,#1050,#1051,#1052,#1053,#1054,#1055,#1056,#1057,#1058,
    #1059,#1060,#1061,#1062,#1063,#1064,#1065,#1066,#1067,#1068,#1069,
    #1070,#1071,#1072,#1073,#1074,#1075,#1076,#1077),.UNSPECIFIED.,.F.,
  .F.,(5,3,3,3,3,3,3,3,3,3,3,5),(0.,9.700002947979E-02,0.266000003477,
    0.295000014355,0.467999976658,0.496999987462,0.517999995295,
    0.700999928267,0.729999939123,0.757999949712,0.894999970408,1.),
  .UNSPECIFIED.);
#1043 = CARTESIAN_POINT('',(-11.86664611479,-30.36549749723,100.));
#1044 = CARTESIAN_POINT('',(-11.88612466795,-30.33813070487,100.));
#1045 = CARTESIAN_POINT('',(-11.90659343255,-30.31146868447,100.));
#1046 = CARTESIAN_POINT('',(-11.92801410392,-30.28556523847,100.));
#1047 = CARTESIAN_POINT('',(-11.98924530725,-30.21674659678,100.));
#1048 = CARTESIAN_POINT('',(-12.03090430657,-30.17547568432,100.));
#1049 = CARTESIAN_POINT('',(-12.07508696516,-30.13691854345,100.));
#1050 = CARTESIAN_POINT('',(-12.12948256374,-30.09517437023,100.));
#1051 = CARTESIAN_POINT('',(-12.13751573792,-30.08914650491,100.));
#1052 = CARTESIAN_POINT('',(-12.14561365197,-30.08320589592,100.));
#1053 = CARTESIAN_POINT('',(-12.20246075062,-30.04244144358,100.));
#1054 = CARTESIAN_POINT('',(-12.25339982314,-30.01067093537,100.));
#1055 = CARTESIAN_POINT('',(-12.30628673153,-29.98226091574,100.));
#1056 = CARTESIAN_POINT('',(-12.36991445621,-29.95319468403,100.));
#1057 = CARTESIAN_POINT('',(-12.37909427405,-29.94912062088,100.));
#1058 = CARTESIAN_POINT('',(-12.38831762823,-29.94514610405,100.));
#1059 = CARTESIAN_POINT('',(-12.40429222139,-29.93846629304,100.));
#1060 = CARTESIAN_POINT('',(-12.41102352707,-29.93571332871,100.));
#1061 = CARTESIAN_POINT('',(-12.41777619171,-29.93301317893,100.));
#1062 = CARTESIAN_POINT('',(-12.48357489233,-29.90729859199,100.));
#1063 = CARTESIAN_POINT('',(-12.5441752037,-29.88826014156,100.));
#1064 = CARTESIAN_POINT('',(-12.60593611469,-29.87341257581,100.));
#1065 = CARTESIAN_POINT('',(-12.67832066564,-29.86115332292,100.));
#1066 = CARTESIAN_POINT('',(-12.68824047288,-29.85958345939,100.));
#1067 = CARTESIAN_POINT('',(-12.69817668257,-29.85812100105,100.));
#1068 = CARTESIAN_POINT('',(-12.71773527994,-29.85545808821,100.));
#1069 = CARTESIAN_POINT('',(-12.72735667438,-29.85425033802,100.));
#1070 = CARTESIAN_POINT('',(-12.73699015894,-29.85314314926,100.));
#1071 = CARTESIAN_POINT('',(-12.79382084171,-29.84721220975,100.));
#1072 = CARTESIAN_POINT('',(-12.84125927901,-29.84469911478,100.));
#1073 = CARTESIAN_POINT('',(-12.8887641649,-29.84461671837,100.));
#1074 = CARTESIAN_POINT('',(-12.97246658853,-29.84874861818,100.));
#1075 = CARTESIAN_POINT('',(-13.00871356661,-29.8519638058,100.));
#1076 = CARTESIAN_POINT('',(-13.0448066651,-29.8565972778,100.));
#1077 = CARTESIAN_POINT('',(-13.08066325669,-29.86263513211,100.));
#1078 = PCURVE('',#43,#1079);
#1079 = DEFINITIONAL_REPRESENTATION('',(#1080),#1116);
#1080 = B_SPLINE_CURVE_WITH_KNOTS('',4,(#1081,#1082,#1083,#1084,#1085,
    #1086,#1087,#1088,#1089,#1090,#1091,#1092,#1093,#1094,#1095,#1096,
    #1097,#1098,#1099,#1100,#1101,#1102,#1103,#1104,#1105,#1106,#1107,
    #1108,#1109,#1110,#1111,#1112,#1113,#1114,#1115),.UNSPECIFIED.,.F.,
  .F.,(5,3,3,3,3,3,3,3,3,3,3,5),(0.,9.700002947979E-02,0.266000003477,
    0.295000014355,0.467999976658,0.496999987462,0.517999995295,
    0.700999928267,0.729999939123,0.757999949712,0.894999970408,1.),
  .UNSPECIFIED.);
#1081 = CARTESIAN_POINT('',(-30.36549749723,11.86664611479));
#1082 = CARTESIAN_POINT('',(-30.33813070487,11.886124667958));
#1083 = CARTESIAN_POINT('',(-30.31146868447,11.906593432554));
#1084 = CARTESIAN_POINT('',(-30.28556523847,11.928014103922));
#1085 = CARTESIAN_POINT('',(-30.21674659678,11.989245307253));
#1086 = CARTESIAN_POINT('',(-30.17547568432,12.030904306576));
#1087 = CARTESIAN_POINT('',(-30.13691854345,12.075086965161));
#1088 = CARTESIAN_POINT('',(-30.09517437023,12.129482563749));
#1089 = CARTESIAN_POINT('',(-30.08914650491,12.137515737921));
#1090 = CARTESIAN_POINT('',(-30.08320589592,12.145613651979));
#1091 = CARTESIAN_POINT('',(-30.04244144358,12.202460750626));
#1092 = CARTESIAN_POINT('',(-30.01067093537,12.253399823147));
#1093 = CARTESIAN_POINT('',(-29.98226091574,12.306286731533));
#1094 = CARTESIAN_POINT('',(-29.95319468403,12.36991445621));
#1095 = CARTESIAN_POINT('',(-29.94912062088,12.379094274055));
#1096 = CARTESIAN_POINT('',(-29.94514610405,12.38831762823));
#1097 = CARTESIAN_POINT('',(-29.93846629304,12.404292221398));
#1098 = CARTESIAN_POINT('',(-29.93571332871,12.411023527071));
#1099 = CARTESIAN_POINT('',(-29.93301317893,12.417776191714));
#1100 = CARTESIAN_POINT('',(-29.90729859199,12.483574892338));
#1101 = CARTESIAN_POINT('',(-29.88826014156,12.544175203708));
#1102 = CARTESIAN_POINT('',(-29.87341257581,12.605936114698));
#1103 = CARTESIAN_POINT('',(-29.86115332292,12.678320665648));
#1104 = CARTESIAN_POINT('',(-29.85958345939,12.688240472887));
#1105 = CARTESIAN_POINT('',(-29.85812100105,12.698176682576));
#1106 = CARTESIAN_POINT('',(-29.85545808821,12.717735279944));
#1107 = CARTESIAN_POINT('',(-29.85425033802,12.727356674389));
#1108 = CARTESIAN_POINT('',(-29.85314314926,12.736990158949));
#1109 = CARTESIAN_POINT('',(-29.84721220975,12.793820841715));
#1110 = CARTESIAN_POINT('',(-29.84469911478,12.841259279016));
#1111 = CARTESIAN_POINT('',(-29.84461671837,12.888764164904));
#1112 = CARTESIAN_POINT('',(-29.84874861818,12.972466588537));
#1113 = CARTESIAN_POINT('',(-29.8519638058,13.008713566616));
#1114 = CARTESIAN_POINT('',(-29.8565972778,13.044806665104));
#1115 = CARTESIAN_POINT('',(-29.86263513211,13.080663256692));
#1116 = ( GEOMETRIC_REPRESENTATION_CONTEXT(2) 
PARAMETRIC_REPRESENTATION_CONTEXT() REPRESENTATION_CONTEXT('2D SPACE',''
  ) );
#1117 = PCURVE('',#1118,#1135);
#1118 = B_SPLINE_SURFACE_WITH_KNOTS('',7,1,(
    (#1119,#1120)
    ,(#1121,#1122)
    ,(#1123,#1124)
    ,(#1125,#1126)
    ,(#1127,#1128)
    ,(#1129,#1130)
    ,(#1131,#1132)
    ,(#1133,#1134
    )),.UNSPECIFIED.,.F.,.F.,.F.,(8,8),(2,2),(1.403972370186,
    2.523018446801),(0.,1.),.PIECEWISE_BEZIER_KNOTS.);
#1119 = CARTESIAN_POINT('',(-10.56735989603,-24.12486329572,0.));
#1120 = CARTESIAN_POINT('',(-13.1309293239,-29.97739056883,102.));
#1121 = CARTESIAN_POINT('',(-10.40971553883,-24.09831772574,0.));
#1122 = CARTESIAN_POINT('',(-12.93504152097,-29.94440522466,102.));
#1123 = CARTESIAN_POINT('',(-10.24712026636,-24.10117414303,0.));
#1124 = CARTESIAN_POINT('',(-12.73300174451,-29.94795458929,102.));
#1125 = CARTESIAN_POINT('',(-10.08615422366,-24.13453983909,0.));
#1126 = CARTESIAN_POINT('',(-12.53298643785,-29.98941457563,
    101.99999999999));
#1127 = CARTESIAN_POINT('',(-9.933708733394,-24.19768482869,0.));
#1128 = CARTESIAN_POINT('',(-12.34355871151,-30.06787810897,102.));
#1129 = CARTESIAN_POINT('',(-9.796295443116,-24.28791189907,0.));
#1130 = CARTESIAN_POINT('',(-12.17280989435,-30.17999365116,
    101.99999999999));
#1131 = CARTESIAN_POINT('',(-9.679303431335,-24.40086432679,0.));
#1132 = CARTESIAN_POINT('',(-12.02743641854,-30.32034756736,102.));
#1133 = CARTESIAN_POINT('',(-9.586602589877,-24.53110627333,0.));
#1134 = CARTESIAN_POINT('',(-11.91224698528,-30.48218532171,102.));
#1135 = DEFINITIONAL_REPRESENTATION('',(#1136),#1172);
#1136 = B_SPLINE_CURVE_WITH_KNOTS('',4,(#1137,#1138,#1139,#1140,#1141,
    #1142,#1143,#1144,#1145,#1146,#1147,#1148,#1149,#1150,#1151,#1152,
    #1153,#1154,#1155,#1156,#1157,#1158,#1159,#1160,#1161,#1162,#1163,
    #1164,#1165,#1166,#1167,#1168,#1169,#1170,#1171),.UNSPECIFIED.,.F.,
  .F.,(5,3,3,3,3,3,3,3,3,3,3,5),(0.,9.700002947979E-02,0.266000003477,
    0.295000014355,0.467999976658,0.496999987462,0.517999995295,
    0.700999928267,0.729999939123,0.757999949712,0.894999970408,1.),
  .UNSPECIFIED.);
#1137 = CARTESIAN_POINT('',(2.523018446801,0.980392156863));
#1138 = CARTESIAN_POINT('',(2.495881581385,0.980392156863));
#1139 = CARTESIAN_POINT('',(2.468744711781,0.980392156863));
#1140 = CARTESIAN_POINT('',(2.441607842881,0.980392156863));
#1141 = CARTESIAN_POINT('',(2.367191305493,0.980392156863));
#1142 = CARTESIAN_POINT('',(2.319911583808,0.980392156863));
#1143 = CARTESIAN_POINT('',(2.272631862038,0.980392156863));
#1144 = CARTESIAN_POINT('',(2.217239106385,0.980392156863));
#1145 = CARTESIAN_POINT('',(2.209126022331,0.980392156863));
#1146 = CARTESIAN_POINT('',(2.201012938266,0.980392156863));
#1147 = CARTESIAN_POINT('',(2.144501140024,0.980392156863));
#1148 = CARTESIAN_POINT('',(2.096102368575,0.980392156863));
#1149 = CARTESIAN_POINT('',(2.047703597169,0.980392156863));
#1150 = CARTESIAN_POINT('',(1.991191798892,0.980392156863));
#1151 = CARTESIAN_POINT('',(1.983078714833,0.980392156863));
#1152 = CARTESIAN_POINT('',(1.974965630774,0.980392156863));
#1153 = CARTESIAN_POINT('',(1.960977554822,0.980392156863));
#1154 = CARTESIAN_POINT('',(1.955102562919,0.980392156863));
#1155 = CARTESIAN_POINT('',(1.949227571017,0.980392156863));
#1156 = CARTESIAN_POINT('',(1.89215625896,0.980392156863));
#1157 = CARTESIAN_POINT('',(1.84095986314,0.980392156863));
#1158 = CARTESIAN_POINT('',(1.789763467247,0.980392156863));
#1159 = CARTESIAN_POINT('',(1.730454063028,0.980392156863));
#1160 = CARTESIAN_POINT('',(1.722340978964,0.980392156863));
#1161 = CARTESIAN_POINT('',(1.714227894909,0.980392156863));
#1162 = CARTESIAN_POINT('',(1.698281488324,0.980392156863));
#1163 = CARTESIAN_POINT('',(1.690448165779,0.980392156863));
#1164 = CARTESIAN_POINT('',(1.682614843245,0.980392156863));
#1165 = CARTESIAN_POINT('',(1.636454201398,0.980392156863));
#1166 = CARTESIAN_POINT('',(1.598126864616,0.980392156863));
#1167 = CARTESIAN_POINT('',(1.559799527835,0.980392156863));
#1168 = CARTESIAN_POINT('',(1.492097251408,0.980392156863));
#1169 = CARTESIAN_POINT('',(1.462722289668,0.980392156863));
#1170 = CARTESIAN_POINT('',(1.433347326981,0.980392156863));
#1171 = CARTESIAN_POINT('',(1.403972370186,0.980392156863));
#1172 = ( GEOMETRIC_REPRESENTATION_CONTEXT(2) 
PARAMETRIC_REPRESENTATION_CONTEXT() REPRESENTATION_CONTEXT('2D SPACE',''
  ) );
#1173 = ORIENTED_EDGE('',*,*,#1174,.T.);
#1174 = EDGE_CURVE('',#1039,#1175,#1177,.T.);
#1175 = VERTEX_POINT('',#1176);
#1176 = CARTESIAN_POINT('',(-22.11336910893,-31.38364311172,100.));
#1177 = SURFACE_CURVE('',#1178,(#1181,#1187),.PCURVE_S1.);
#1178 = B_SPLINE_CURVE_WITH_KNOTS('',1,(#1179,#1180),.UNSPECIFIED.,.F.,
  .F.,(2,2),(0.,1.),.PIECEWISE_BEZIER_KNOTS.);
#1179 = CARTESIAN_POINT('',(-13.08066325669,-29.86263513211,100.));
#1180 = CARTESIAN_POINT('',(-22.11336910893,-31.38364311172,100.));
#1181 = PCURVE('',#43,#1182);
#1182 = DEFINITIONAL_REPRESENTATION('',(#1183),#1186);
#1183 = B_SPLINE_CURVE_WITH_KNOTS('',1,(#1184,#1185),.UNSPECIFIED.,.F.,
  .F.,(2,2),(0.,1.),.PIECEWISE_BEZIER_KNOTS.);
#1184 = CARTESIAN_POINT('',(-29.86263513211,13.080663256692));
#1185 = CARTESIAN_POINT('',(-31.38364311172,22.113369108939));
#1186 = ( GEOMETRIC_REPRESENTATION_CONTEXT(2) 
PARAMETRIC_REPRESENTATION_CONTEXT() REPRESENTATION_CONTEXT('2D SPACE',''
  ) );
#1187 = PCURVE('',#1188,#1193);
#1188 = B_SPLINE_SURFACE_WITH_KNOTS('',1,1,(
    (#1189,#1190)
    ,(#1191,#1192
    )),.UNSPECIFIED.,.F.,.F.,.F.,(2,2),(2,2),(11.347743846998,
    20.542814379871),(0.,1.),.PIECEWISE_BEZIER_KNOTS.);
#1189 = CARTESIAN_POINT('',(-17.86453219553,-25.35362657858,0.));
#1190 = CARTESIAN_POINT('',(-22.1983458472,-31.50424344238,102.));
#1191 = CARTESIAN_POINT('',(-10.56735989603,-24.12486329572,0.));
#1192 = CARTESIAN_POINT('',(-13.1309293239,-29.97739056883,102.));
#1193 = DEFINITIONAL_REPRESENTATION('',(#1194),#1197);
#1194 = B_SPLINE_CURVE_WITH_KNOTS('',1,(#1195,#1196),.UNSPECIFIED.,.F.,
  .F.,(2,2),(0.,1.),.PIECEWISE_BEZIER_KNOTS.);
#1195 = CARTESIAN_POINT('',(20.542814379871,0.980392156863));
#1196 = CARTESIAN_POINT('',(11.347743846998,0.980392156863));
#1197 = ( GEOMETRIC_REPRESENTATION_CONTEXT(2) 
PARAMETRIC_REPRESENTATION_CONTEXT() REPRESENTATION_CONTEXT('2D SPACE',''
  ) );
#1198 = ORIENTED_EDGE('',*,*,#1199,.T.);
#1199 = EDGE_CURVE('',#1175,#1200,#1202,.T.);
#1200 = VERTEX_POINT('',#1201);
#1201 = CARTESIAN_POINT('',(-31.38364311172,-22.11336910893,100.));
#1202 = SURFACE_CURVE('',#1203,(#1226,#1252),.PCURVE_S1.);
#1203 = B_SPLINE_CURVE_WITH_KNOTS('',6,(#1204,#1205,#1206,#1207,#1208,
    #1209,#1210,#1211,#1212,#1213,#1214,#1215,#1216,#1217,#1218,#1219,
    #1220,#1221,#1222,#1223,#1224,#1225),.UNSPECIFIED.,.F.,.F.,(7,5,5,5,
    7),(0.,0.249999999463,0.5,0.750000000536,1.),.UNSPECIFIED.);
#1204 = CARTESIAN_POINT('',(-22.11336910893,-31.38364311172,100.));
#1205 = CARTESIAN_POINT('',(-22.74294404316,-31.48965658259,100.));
#1206 = CARTESIAN_POINT('',(-23.38269140198,-31.53573557196,100.));
#1207 = CARTESIAN_POINT('',(-24.02530667045,-31.52062267061,100.));
#1208 = CARTESIAN_POINT('',(-24.66355753769,-31.44434281201,100.));
#1209 = CARTESIAN_POINT('',(-25.29028142765,-31.30789821284,100.));
#1210 = CARTESIAN_POINT('',(-26.50657124007,-30.91924298169,100.));
#1211 = CARTESIAN_POINT('',(-27.09628769125,-30.66698424839,100.));
#1212 = CARTESIAN_POINT('',(-27.66050726,-30.35902473429,100.));
#1213 = CARTESIAN_POINT('',(-28.19281338192,-29.99870129881,100.));
#1214 = CARTESIAN_POINT('',(-28.68729943286,-29.59018752106,100.));
#1215 = CARTESIAN_POINT('',(-29.59018752106,-28.68729943286,100.));
#1216 = CARTESIAN_POINT('',(-29.99870129881,-28.19281338192,100.));
#1217 = CARTESIAN_POINT('',(-30.35902473429,-27.66050726,100.));
#1218 = CARTESIAN_POINT('',(-30.66698424839,-27.09628769125,100.));
#1219 = CARTESIAN_POINT('',(-30.91924298169,-26.50657124007,100.));
#1220 = CARTESIAN_POINT('',(-31.30789821284,-25.29028142765,100.));
#1221 = CARTESIAN_POINT('',(-31.44434281201,-24.66355753769,100.));
#1222 = CARTESIAN_POINT('',(-31.52062267061,-24.02530667044,100.));
#1223 = CARTESIAN_POINT('',(-31.53573557196,-23.38269140199,100.));
#1224 = CARTESIAN_POINT('',(-31.48965658259,-22.74294404316,100.));
#1225 = CARTESIAN_POINT('',(-31.38364311172,-22.11336910893,100.));
#1226 = PCURVE('',#43,#1227);
#1227 = DEFINITIONAL_REPRESENTATION('',(#1228),#1251);
#1228 = B_SPLINE_CURVE_WITH_KNOTS('',6,(#1229,#1230,#1231,#1232,#1233,
    #1234,#1235,#1236,#1237,#1238,#1239,#1240,#1241,#1242,#1243,#1244,
    #1245,#1246,#1247,#1248,#1249,#1250),.UNSPECIFIED.,.F.,.F.,(7,5,5,5,
    7),(0.,0.249999999463,0.5,0.750000000536,1.),.UNSPECIFIED.);
#1229 = CARTESIAN_POINT('',(-31.38364311172,22.113369108939));
#1230 = CARTESIAN_POINT('',(-31.48965658259,22.742944043168));
#1231 = CARTESIAN_POINT('',(-31.53573557196,23.382691401988));
#1232 = CARTESIAN_POINT('',(-31.52062267061,24.02530667045));
#1233 = CARTESIAN_POINT('',(-31.44434281201,24.663557537697));
#1234 = CARTESIAN_POINT('',(-31.30789821284,25.290281427654));
#1235 = CARTESIAN_POINT('',(-30.91924298169,26.506571240074));
#1236 = CARTESIAN_POINT('',(-30.66698424839,27.096287691251));
#1237 = CARTESIAN_POINT('',(-30.35902473429,27.66050726));
#1238 = CARTESIAN_POINT('',(-29.99870129881,28.192813381928));
#1239 = CARTESIAN_POINT('',(-29.59018752106,28.687299432865));
#1240 = CARTESIAN_POINT('',(-28.68729943286,29.590187521063));
#1241 = CARTESIAN_POINT('',(-28.19281338192,29.998701298817));
#1242 = CARTESIAN_POINT('',(-27.66050726,30.359024734295));
#1243 = CARTESIAN_POINT('',(-27.09628769125,30.666984248391));
#1244 = CARTESIAN_POINT('',(-26.50657124007,30.919242981698));
#1245 = CARTESIAN_POINT('',(-25.29028142765,31.307898212842));
#1246 = CARTESIAN_POINT('',(-24.66355753769,31.44434281201));
#1247 = CARTESIAN_POINT('',(-24.02530667044,31.520622670618));
#1248 = CARTESIAN_POINT('',(-23.38269140199,31.535735571961));
#1249 = CARTESIAN_POINT('',(-22.74294404316,31.489656582592));
#1250 = CARTESIAN_POINT('',(-22.11336910893,31.383643111724));
#1251 = ( GEOMETRIC_REPRESENTATION_CONTEXT(2) 
PARAMETRIC_REPRESENTATION_CONTEXT() REPRESENTATION_CONTEXT('2D SPACE',''
  ) );
#1252 = PCURVE('',#1253,#1274);
#1253 = B_SPLINE_SURFACE_WITH_KNOTS('',9,1,(
    (#1254,#1255)
    ,(#1256,#1257)
    ,(#1258,#1259)
    ,(#1260,#1261)
    ,(#1262,#1263)
    ,(#1264,#1265)
    ,(#1266,#1267)
    ,(#1268,#1269)
    ,(#1270,#1271)
    ,(#1272,#1273
    )),.UNSPECIFIED.,.F.,.F.,.F.,(10,10),(2,2),(2.974768696981,
    4.879212936994),(0.,1.),.PIECEWISE_BEZIER_KNOTS.);
#1254 = CARTESIAN_POINT('',(-25.35362657858,-17.86453219553,0.));
#1255 = CARTESIAN_POINT('',(-31.50424344238,-22.1983458472,102.));
#1256 = CARTESIAN_POINT('',(-25.58201876105,-19.22086919758,0.));
#1257 = CARTESIAN_POINT('',(-31.78804201039,-23.883720954,
    101.99999999999));
#1258 = CARTESIAN_POINT('',(-25.48752754348,-20.63157633107,0.));
#1259 = CARTESIAN_POINT('',(-31.67062786799,-25.63665601525,
    102.00000000001));
#1260 = CARTESIAN_POINT('',(-25.05535975587,-22.00880786392,0.));
#1261 = CARTESIAN_POINT('',(-31.13361912304,-27.34799452348,
    101.99999999997));
#1262 = CARTESIAN_POINT('',(-24.29861051524,-23.26002766706,0.));
#1263 = CARTESIAN_POINT('',(-30.19328767863,-28.90275171595,
    102.00000000004));
#1264 = CARTESIAN_POINT('',(-23.26002766705,-24.29861051522,0.));
#1265 = CARTESIAN_POINT('',(-28.90275171593,-30.19328767861,
    101.99999999996));
#1266 = CARTESIAN_POINT('',(-22.00880786393,-25.05535975588,0.));
#1267 = CARTESIAN_POINT('',(-27.34799452349,-31.13361912305,
    102.00000000002));
#1268 = CARTESIAN_POINT('',(-20.63157633107,-25.48752754347,0.));
#1269 = CARTESIAN_POINT('',(-25.63665601525,-31.67062786798,
    101.99999999998));
#1270 = CARTESIAN_POINT('',(-19.22086919759,-25.58201876105,0.));
#1271 = CARTESIAN_POINT('',(-23.88372095401,-31.78804201039,102.));
#1272 = CARTESIAN_POINT('',(-17.86453219553,-25.35362657858,0.));
#1273 = CARTESIAN_POINT('',(-22.1983458472,-31.50424344238,102.));
#1274 = DEFINITIONAL_REPRESENTATION('',(#1275),#1298);
#1275 = B_SPLINE_CURVE_WITH_KNOTS('',6,(#1276,#1277,#1278,#1279,#1280,
    #1281,#1282,#1283,#1284,#1285,#1286,#1287,#1288,#1289,#1290,#1291,
    #1292,#1293,#1294,#1295,#1296,#1297),.UNSPECIFIED.,.F.,.F.,(7,5,5,5,
    7),(0.,0.249999999463,0.5,0.750000000536,1.),.UNSPECIFIED.);
#1276 = CARTESIAN_POINT('',(4.879212936994,0.980392156863));
#1277 = CARTESIAN_POINT('',(4.799863782386,0.980392156863));
#1278 = CARTESIAN_POINT('',(4.72050494322,0.980392156863));
#1279 = CARTESIAN_POINT('',(4.641157406501,0.980392156863));
#1280 = CARTESIAN_POINT('',(4.561809873053,0.980392156863));
#1281 = CARTESIAN_POINT('',(4.482451030764,0.980392156863));
#1282 = CARTESIAN_POINT('',(4.323752722877,0.980392156863));
#1283 = CARTESIAN_POINT('',(4.244393880961,0.980392156863));
#1284 = CARTESIAN_POINT('',(4.165046347349,0.980392156863));
#1285 = CARTESIAN_POINT('',(4.085698813423,0.980392156863));
#1286 = CARTESIAN_POINT('',(4.006339971232,0.980392156863));
#1287 = CARTESIAN_POINT('',(3.847641662742,0.980392156863));
#1288 = CARTESIAN_POINT('',(3.768282820552,0.980392156863));
#1289 = CARTESIAN_POINT('',(3.688935286626,0.980392156863));
#1290 = CARTESIAN_POINT('',(3.609587753014,0.980392156863));
#1291 = CARTESIAN_POINT('',(3.530228911098,0.980392156863));
#1292 = CARTESIAN_POINT('',(3.371530603211,0.980392156863));
#1293 = CARTESIAN_POINT('',(3.292171760921,0.980392156863));
#1294 = CARTESIAN_POINT('',(3.212824227473,0.980392156863));
#1295 = CARTESIAN_POINT('',(3.133476690755,0.980392156863));
#1296 = CARTESIAN_POINT('',(3.054117851588,0.980392156863));
#1297 = CARTESIAN_POINT('',(2.974768696981,0.980392156863));
#1298 = ( GEOMETRIC_REPRESENTATION_CONTEXT(2) 
PARAMETRIC_REPRESENTATION_CONTEXT() REPRESENTATION_CONTEXT('2D SPACE',''
  ) );
#1299 = ORIENTED_EDGE('',*,*,#1300,.T.);
#1300 = EDGE_CURVE('',#1200,#1301,#1303,.T.);
#1301 = VERTEX_POINT('',#1302);
#1302 = CARTESIAN_POINT('',(-29.86263513211,-13.08066325669,100.));
#1303 = SURFACE_CURVE('',#1304,(#1307,#1313),.PCURVE_S1.);
#1304 = B_SPLINE_CURVE_WITH_KNOTS('',1,(#1305,#1306),.UNSPECIFIED.,.F.,
  .F.,(2,2),(0.,1.),.PIECEWISE_BEZIER_KNOTS.);
#1305 = CARTESIAN_POINT('',(-31.38364311172,-22.11336910893,100.));
#1306 = CARTESIAN_POINT('',(-29.86263513211,-13.08066325669,100.));
#1307 = PCURVE('',#43,#1308);
#1308 = DEFINITIONAL_REPRESENTATION('',(#1309),#1312);
#1309 = B_SPLINE_CURVE_WITH_KNOTS('',1,(#1310,#1311),.UNSPECIFIED.,.F.,
  .F.,(2,2),(0.,1.),.PIECEWISE_BEZIER_KNOTS.);
#1310 = CARTESIAN_POINT('',(-22.11336910893,31.383643111724));
#1311 = CARTESIAN_POINT('',(-13.08066325669,29.86263513211));
#1312 = ( GEOMETRIC_REPRESENTATION_CONTEXT(2) 
PARAMETRIC_REPRESENTATION_CONTEXT() REPRESENTATION_CONTEXT('2D SPACE',''
  ) );
#1313 = PCURVE('',#1314,#1319);
#1314 = B_SPLINE_SURFACE_WITH_KNOTS('',1,1,(
    (#1315,#1316)
    ,(#1317,#1318
    )),.UNSPECIFIED.,.F.,.F.,.F.,(2,2),(2,2),(0.778217835062,
    9.973288367936),(0.,1.),.PIECEWISE_BEZIER_KNOTS.);
#1315 = CARTESIAN_POINT('',(-24.12486329572,-10.56735989603,0.));
#1316 = CARTESIAN_POINT('',(-29.97739056883,-13.1309293239,102.));
#1317 = CARTESIAN_POINT('',(-25.35362657858,-17.86453219553,0.));
#1318 = CARTESIAN_POINT('',(-31.50424344238,-22.1983458472,102.));
#1319 = DEFINITIONAL_REPRESENTATION('',(#1320),#1323);
#1320 = B_SPLINE_CURVE_WITH_KNOTS('',1,(#1321,#1322),.UNSPECIFIED.,.F.,
  .F.,(2,2),(0.,1.),.PIECEWISE_BEZIER_KNOTS.);
#1321 = CARTESIAN_POINT('',(9.973288367936,0.980392156863));
#1322 = CARTESIAN_POINT('',(0.778217835062,0.980392156863));
#1323 = ( GEOMETRIC_REPRESENTATION_CONTEXT(2) 
PARAMETRIC_REPRESENTATION_CONTEXT() REPRESENTATION_CONTEXT('2D SPACE',''
  ) );
#1324 = ORIENTED_EDGE('',*,*,#1325,.T.);
#1325 = EDGE_CURVE('',#1301,#1326,#1328,.T.);
#1326 = VERTEX_POINT('',#1327);
#1327 = CARTESIAN_POINT('',(-30.36549749723,-11.86664611479,100.));
#1328 = SURFACE_CURVE('',#1329,(#1371,#1416),.PCURVE_S1.);
#1329 = B_SPLINE_CURVE_WITH_KNOTS('',4,(#1330,#1331,#1332,#1333,#1334,
    #1335,#1336,#1337,#1338,#1339,#1340,#1341,#1342,#1343,#1344,#1345,
    #1346,#1347,#1348,#1349,#1350,#1351,#1352,#1353,#1354,#1355,#1356,
    #1357,#1358,#1359,#1360,#1361,#1362,#1363,#1364,#1365,#1366,#1367,
    #1368,#1369,#1370),.UNSPECIFIED.,.F.,.F.,(5,3,3,3,3,3,3,3,3,3,3,3,3,
    5),(0.,8.800001945799E-02,0.106000024341,0.259000012513,
    0.283000019156,0.311000026811,0.462000016058,0.49000002368,
    0.517000031037,0.678000003496,0.704000010572,0.733000018548,
    0.899999980337,1.),.UNSPECIFIED.);
#1330 = CARTESIAN_POINT('',(-29.86263513211,-13.08066325669,100.));
#1331 = CARTESIAN_POINT('',(-29.85757483497,-13.05061201686,100.));
#1332 = CARTESIAN_POINT('',(-29.85350098208,-13.0203946609,100.));
#1333 = CARTESIAN_POINT('',(-29.85042175452,-12.99005980887,100.));
#1334 = CARTESIAN_POINT('',(-29.84791481438,-12.95343782146,100.));
#1335 = CARTESIAN_POINT('',(-29.84753086243,-12.94721613482,100.));
#1336 = CARTESIAN_POINT('',(-29.84718869414,-12.94099201042,100.));
#1337 = CARTESIAN_POINT('',(-29.84433523419,-12.88184368805,100.));
#1338 = CARTESIAN_POINT('',(-29.84480247447,-12.8287756329,100.));
#1339 = CARTESIAN_POINT('',(-29.84830252927,-12.77582106364,100.));
#1340 = CARTESIAN_POINT('',(-29.8558233511,-12.71498930631,100.));
#1341 = CARTESIAN_POINT('',(-29.85691696643,-12.70675005929,100.));
#1342 = CARTESIAN_POINT('',(-29.85808430172,-12.69852093332,100.));
#1343 = CARTESIAN_POINT('',(-29.8607729315,-12.6807152301,100.));
#1344 = CARTESIAN_POINT('',(-29.86232079323,-12.67114266439,100.));
#1345 = CARTESIAN_POINT('',(-29.86396855605,-12.66158678831,100.));
#1346 = CARTESIAN_POINT('',(-29.87513929035,-12.6006141277,100.));
#1347 = CARTESIAN_POINT('',(-29.88745977819,-12.54970971663,100.));
#1348 = CARTESIAN_POINT('',(-29.90263238295,-12.49958142575,100.));
#1349 = CARTESIAN_POINT('',(-29.92389797273,-12.44135578423,100.));
#1350 = CARTESIAN_POINT('',(-29.9273195617,-12.43228260296,100.));
#1351 = CARTESIAN_POINT('',(-29.93083573334,-12.42324565511,100.));
#1352 = CARTESIAN_POINT('',(-29.93792712596,-12.4055685731,100.));
#1353 = CARTESIAN_POINT('',(-29.94149575315,-12.3969257937,100.));
#1354 = CARTESIAN_POINT('',(-29.9451512487,-12.38831939561,100.));
#1355 = CARTESIAN_POINT('',(-29.97120521564,-12.32865578754,100.));
#1356 = CARTESIAN_POINT('',(-29.9965860083,-12.27890066907,100.));
#1357 = CARTESIAN_POINT('',(-30.02491425634,-12.23076267145,100.));
#1358 = CARTESIAN_POINT('',(-30.06104461847,-12.17702087072,100.));
#1359 = CARTESIAN_POINT('',(-30.06614056091,-12.16959746551,100.));
#1360 = CARTESIAN_POINT('',(-30.07130826225,-12.16222383431,100.));
#1361 = CARTESIAN_POINT('',(-30.08239017219,-12.14673324517,100.));
#1362 = CARTESIAN_POINT('',(-30.08832171553,-12.13862868837,100.));
#1363 = CARTESIAN_POINT('',(-30.09434058757,-12.13058877377,100.));
#1364 = CARTESIAN_POINT('',(-30.13560282115,-12.07669641638,100.));
#1365 = CARTESIAN_POINT('',(-30.17362051945,-12.03296780017,100.));
#1366 = CARTESIAN_POINT('',(-30.21429336869,-11.99169727071,100.));
#1367 = CARTESIAN_POINT('',(-30.2831640053,-11.93000431858,100.));
#1368 = CARTESIAN_POINT('',(-30.3098201605,-11.90786048961,100.));
#1369 = CARTESIAN_POINT('',(-30.33728430943,-11.88672709729,100.));
#1370 = CARTESIAN_POINT('',(-30.36549749723,-11.86664611479,100.));
#1371 = PCURVE('',#43,#1372);
#1372 = DEFINITIONAL_REPRESENTATION('',(#1373),#1415);
#1373 = B_SPLINE_CURVE_WITH_KNOTS('',4,(#1374,#1375,#1376,#1377,#1378,
    #1379,#1380,#1381,#1382,#1383,#1384,#1385,#1386,#1387,#1388,#1389,
    #1390,#1391,#1392,#1393,#1394,#1395,#1396,#1397,#1398,#1399,#1400,
    #1401,#1402,#1403,#1404,#1405,#1406,#1407,#1408,#1409,#1410,#1411,
    #1412,#1413,#1414),.UNSPECIFIED.,.F.,.F.,(5,3,3,3,3,3,3,3,3,3,3,3,3,
    5),(0.,8.800001945799E-02,0.106000024341,0.259000012513,
    0.283000019156,0.311000026811,0.462000016058,0.49000002368,
    0.517000031037,0.678000003496,0.704000010572,0.733000018548,
    0.899999980337,1.),.UNSPECIFIED.);
#1374 = CARTESIAN_POINT('',(-13.08066325669,29.86263513211));
#1375 = CARTESIAN_POINT('',(-13.05061201686,29.857574834971));
#1376 = CARTESIAN_POINT('',(-13.0203946609,29.853500982086));
#1377 = CARTESIAN_POINT('',(-12.99005980887,29.850421754527));
#1378 = CARTESIAN_POINT('',(-12.95343782146,29.847914814384));
#1379 = CARTESIAN_POINT('',(-12.94721613482,29.847530862432));
#1380 = CARTESIAN_POINT('',(-12.94099201042,29.847188694149));
#1381 = CARTESIAN_POINT('',(-12.88184368805,29.844335234197));
#1382 = CARTESIAN_POINT('',(-12.8287756329,29.844802474474));
#1383 = CARTESIAN_POINT('',(-12.77582106364,29.848302529274));
#1384 = CARTESIAN_POINT('',(-12.71498930631,29.855823351109));
#1385 = CARTESIAN_POINT('',(-12.70675005929,29.856916966435));
#1386 = CARTESIAN_POINT('',(-12.69852093332,29.858084301721));
#1387 = CARTESIAN_POINT('',(-12.6807152301,29.860772931506));
#1388 = CARTESIAN_POINT('',(-12.67114266439,29.862320793236));
#1389 = CARTESIAN_POINT('',(-12.66158678831,29.86396855605));
#1390 = CARTESIAN_POINT('',(-12.6006141277,29.875139290355));
#1391 = CARTESIAN_POINT('',(-12.54970971663,29.887459778199));
#1392 = CARTESIAN_POINT('',(-12.49958142575,29.902632382956));
#1393 = CARTESIAN_POINT('',(-12.44135578423,29.923897972734));
#1394 = CARTESIAN_POINT('',(-12.43228260296,29.927319561705));
#1395 = CARTESIAN_POINT('',(-12.42324565511,29.930835733344));
#1396 = CARTESIAN_POINT('',(-12.4055685731,29.937927125968));
#1397 = CARTESIAN_POINT('',(-12.3969257937,29.941495753157));
#1398 = CARTESIAN_POINT('',(-12.38831939561,29.945151248707));
#1399 = CARTESIAN_POINT('',(-12.32865578754,29.971205215645));
#1400 = CARTESIAN_POINT('',(-12.27890066907,29.996586008305));
#1401 = CARTESIAN_POINT('',(-12.23076267145,30.024914256344));
#1402 = CARTESIAN_POINT('',(-12.17702087072,30.061044618479));
#1403 = CARTESIAN_POINT('',(-12.16959746551,30.066140560918));
#1404 = CARTESIAN_POINT('',(-12.16222383431,30.071308262258));
#1405 = CARTESIAN_POINT('',(-12.14673324517,30.082390172196));
#1406 = CARTESIAN_POINT('',(-12.13862868837,30.08832171553));
#1407 = CARTESIAN_POINT('',(-12.13058877377,30.09434058757));
#1408 = CARTESIAN_POINT('',(-12.07669641638,30.135602821156));
#1409 = CARTESIAN_POINT('',(-12.03296780017,30.173620519452));
#1410 = CARTESIAN_POINT('',(-11.99169727071,30.214293368692));
#1411 = CARTESIAN_POINT('',(-11.93000431858,30.283164005305));
#1412 = CARTESIAN_POINT('',(-11.90786048961,30.309820160507));
#1413 = CARTESIAN_POINT('',(-11.88672709729,30.337284309439));
#1414 = CARTESIAN_POINT('',(-11.86664611479,30.365497497239));
#1415 = ( GEOMETRIC_REPRESENTATION_CONTEXT(2) 
PARAMETRIC_REPRESENTATION_CONTEXT() REPRESENTATION_CONTEXT('2D SPACE',''
  ) );
#1416 = PCURVE('',#1417,#1434);
#1417 = B_SPLINE_SURFACE_WITH_KNOTS('',7,1,(
    (#1418,#1419)
    ,(#1420,#1421)
    ,(#1422,#1423)
    ,(#1424,#1425)
    ,(#1426,#1427)
    ,(#1428,#1429)
    ,(#1430,#1431)
    ,(#1432,#1433
    )),.UNSPECIFIED.,.F.,.F.,.F.,(8,8),(2,2),(2.189370533583,
    3.308416610199),(0.,1.),.PIECEWISE_BEZIER_KNOTS.);
#1418 = CARTESIAN_POINT('',(-24.53110627333,-9.586602589877,0.));
#1419 = CARTESIAN_POINT('',(-30.48218532171,-11.91224698528,102.));
#1420 = CARTESIAN_POINT('',(-24.40086432679,-9.679303431335,0.));
#1421 = CARTESIAN_POINT('',(-30.32034756736,-12.02743641854,102.));
#1422 = CARTESIAN_POINT('',(-24.28791189907,-9.796295443116,0.));
#1423 = CARTESIAN_POINT('',(-30.17999365116,-12.17280989435,
    101.99999999999));
#1424 = CARTESIAN_POINT('',(-24.19768482869,-9.933708733394,0.));
#1425 = CARTESIAN_POINT('',(-30.06787810897,-12.34355871151,102.));
#1426 = CARTESIAN_POINT('',(-24.13453983909,-10.08615422366,0.));
#1427 = CARTESIAN_POINT('',(-29.98941457563,-12.53298643785,
    101.99999999999));
#1428 = CARTESIAN_POINT('',(-24.10117414303,-10.24712026636,0.));
#1429 = CARTESIAN_POINT('',(-29.94795458929,-12.73300174451,102.));
#1430 = CARTESIAN_POINT('',(-24.09831772574,-10.40971553883,0.));
#1431 = CARTESIAN_POINT('',(-29.94440522466,-12.93504152097,102.));
#1432 = CARTESIAN_POINT('',(-24.12486329572,-10.56735989603,0.));
#1433 = CARTESIAN_POINT('',(-29.97739056883,-13.1309293239,102.));
#1434 = DEFINITIONAL_REPRESENTATION('',(#1435),#1477);
#1435 = B_SPLINE_CURVE_WITH_KNOTS('',4,(#1436,#1437,#1438,#1439,#1440,
    #1441,#1442,#1443,#1444,#1445,#1446,#1447,#1448,#1449,#1450,#1451,
    #1452,#1453,#1454,#1455,#1456,#1457,#1458,#1459,#1460,#1461,#1462,
    #1463,#1464,#1465,#1466,#1467,#1468,#1469,#1470,#1471,#1472,#1473,
    #1474,#1475,#1476),.UNSPECIFIED.,.F.,.F.,(5,3,3,3,3,3,3,3,3,3,3,3,3,
    5),(0.,8.800001945799E-02,0.106000024341,0.259000012513,
    0.283000019156,0.311000026811,0.462000016058,0.49000002368,
    0.517000031037,0.678000003496,0.704000010572,0.733000018548,
    0.899999980337,1.),.UNSPECIFIED.);
#1436 = CARTESIAN_POINT('',(3.308416610199,0.980392156863));
#1437 = CARTESIAN_POINT('',(3.283797597833,0.980392156863));
#1438 = CARTESIAN_POINT('',(3.259178582671,0.980392156863));
#1439 = CARTESIAN_POINT('',(3.234559567986,0.980392156863));
#1440 = CARTESIAN_POINT('',(3.204904848096,0.980392156863));
#1441 = CARTESIAN_POINT('',(3.199869140745,0.980392156863));
#1442 = CARTESIAN_POINT('',(3.194833433406,0.980392156863));
#1443 = CARTESIAN_POINT('',(3.146994228707,0.980392156863));
#1444 = CARTESIAN_POINT('',(3.10419070119,0.980392156863));
#1445 = CARTESIAN_POINT('',(3.061387173551,0.980392156863));
#1446 = CARTESIAN_POINT('',(3.011869399908,0.980392156863));
#1447 = CARTESIAN_POINT('',(3.00515512345,0.980392156863));
#1448 = CARTESIAN_POINT('',(2.998440846985,0.980392156863));
#1449 = CARTESIAN_POINT('',(2.983893247996,0.980392156863));
#1450 = CARTESIAN_POINT('',(2.97605992546,0.980392156863));
#1451 = CARTESIAN_POINT('',(2.968226602916,0.980392156863));
#1452 = CARTESIAN_POINT('',(2.918149305494,0.980392156863));
#1453 = CARTESIAN_POINT('',(2.875905301554,0.980392156863));
#1454 = CARTESIAN_POINT('',(2.83366129768,0.980392156863));
#1455 = CARTESIAN_POINT('',(2.783584000267,0.980392156863));
#1456 = CARTESIAN_POINT('',(2.775750677727,0.980392156863));
#1457 = CARTESIAN_POINT('',(2.767917355189,0.980392156863));
#1458 = CARTESIAN_POINT('',(2.752530471643,0.980392156863));
#1459 = CARTESIAN_POINT('',(2.744976910623,0.980392156863));
#1460 = CARTESIAN_POINT('',(2.737423349604,0.980392156863));
#1461 = CARTESIAN_POINT('',(2.684828203995,0.980392156863));
#1462 = CARTESIAN_POINT('',(2.63978657951,0.980392156863));
#1463 = CARTESIAN_POINT('',(2.594744954911,0.980392156863));
#1464 = CARTESIAN_POINT('',(2.54242957075,0.980392156863));
#1465 = CARTESIAN_POINT('',(2.535155771246,0.980392156863));
#1466 = CARTESIAN_POINT('',(2.527881971748,0.980392156863));
#1467 = CARTESIAN_POINT('',(2.512495088196,0.980392156863));
#1468 = CARTESIAN_POINT('',(2.504382004131,0.980392156863));
#1469 = CARTESIAN_POINT('',(2.496268920076,0.980392156863));
#1470 = CARTESIAN_POINT('',(2.44143568599,0.980392156863));
#1471 = CARTESIAN_POINT('',(2.394715488681,0.980392156863));
#1472 = CARTESIAN_POINT('',(2.347995291504,0.980392156863));
#1473 = CARTESIAN_POINT('',(2.273298991464,0.980392156863));
#1474 = CARTESIAN_POINT('',(2.245322837774,0.980392156863));
#1475 = CARTESIAN_POINT('',(2.217346683294,0.980392156863));
#1476 = CARTESIAN_POINT('',(2.189370533583,0.980392156863));
#1477 = ( GEOMETRIC_REPRESENTATION_CONTEXT(2) 
PARAMETRIC_REPRESENTATION_CONTEXT() REPRESENTATION_CONTEXT('2D SPACE',''
  ) );
#1478 = ORIENTED_EDGE('',*,*,#1479,.T.);
#1479 = EDGE_CURVE('',#1326,#1480,#1482,.T.);
#1480 = VERTEX_POINT('',#1481);
#1481 = CARTESIAN_POINT('',(-37.82810011445,-6.555073610827,100.));
#1482 = SURFACE_CURVE('',#1483,(#1486,#1492),.PCURVE_S1.);
#1483 = B_SPLINE_CURVE_WITH_KNOTS('',1,(#1484,#1485),.UNSPECIFIED.,.F.,
  .F.,(2,2),(0.,1.),.PIECEWISE_BEZIER_KNOTS.);
#1484 = CARTESIAN_POINT('',(-30.36549749723,-11.86664611479,100.));
#1485 = CARTESIAN_POINT('',(-37.82810011445,-6.555073610827,100.));
#1486 = PCURVE('',#43,#1487);
#1487 = DEFINITIONAL_REPRESENTATION('',(#1488),#1491);
#1488 = B_SPLINE_CURVE_WITH_KNOTS('',1,(#1489,#1490),.UNSPECIFIED.,.F.,
  .F.,(2,2),(0.,1.),.PIECEWISE_BEZIER_KNOTS.);
#1489 = CARTESIAN_POINT('',(-11.86664611479,30.365497497239));
#1490 = CARTESIAN_POINT('',(-6.555073610827,37.82810011445));
#1491 = ( GEOMETRIC_REPRESENTATION_CONTEXT(2) 
PARAMETRIC_REPRESENTATION_CONTEXT() REPRESENTATION_CONTEXT('2D SPACE',''
  ) );
#1492 = PCURVE('',#1493,#1498);
#1493 = B_SPLINE_SURFACE_WITH_KNOTS('',1,1,(
    (#1494,#1495)
    ,(#1496,#1497
    )),.UNSPECIFIED.,.F.,.F.,.F.,(2,2),(2,2),(11.347743846998,
    20.542814379871),(0.,1.),.PIECEWISE_BEZIER_KNOTS.);
#1494 = CARTESIAN_POINT('',(-30.55985313957,-5.295589423204,0.));
#1495 = CARTESIAN_POINT('',(-37.97346505394,-6.58026329458,102.));
#1496 = CARTESIAN_POINT('',(-24.53110627333,-9.586602589877,0.));
#1497 = CARTESIAN_POINT('',(-30.48218532171,-11.91224698528,102.));
#1498 = DEFINITIONAL_REPRESENTATION('',(#1499),#1502);
#1499 = B_SPLINE_CURVE_WITH_KNOTS('',1,(#1500,#1501),.UNSPECIFIED.,.F.,
  .F.,(2,2),(0.,1.),.PIECEWISE_BEZIER_KNOTS.);
#1500 = CARTESIAN_POINT('',(20.542814379871,0.980392156863));
#1501 = CARTESIAN_POINT('',(11.347743846998,0.980392156863));
#1502 = ( GEOMETRIC_REPRESENTATION_CONTEXT(2) 
PARAMETRIC_REPRESENTATION_CONTEXT() REPRESENTATION_CONTEXT('2D SPACE',''
  ) );
#1503 = ORIENTED_EDGE('',*,*,#1504,.T.);
#1504 = EDGE_CURVE('',#1480,#1505,#1507,.T.);
#1505 = VERTEX_POINT('',#1506);
#1506 = CARTESIAN_POINT('',(-37.82810011445,6.555073610827,100.));
#1507 = SURFACE_CURVE('',#1508,(#1531,#1557),.PCURVE_S1.);
#1508 = B_SPLINE_CURVE_WITH_KNOTS('',6,(#1509,#1510,#1511,#1512,#1513,
    #1514,#1515,#1516,#1517,#1518,#1519,#1520,#1521,#1522,#1523,#1524,
    #1525,#1526,#1527,#1528,#1529,#1530),.UNSPECIFIED.,.F.,.F.,(7,5,5,5,
    7),(0.,0.249999999463,0.5,0.750000000537,1.),.UNSPECIFIED.);
#1509 = CARTESIAN_POINT('',(-37.82810011445,-6.555073610827,100.));
#1510 = CARTESIAN_POINT('',(-38.34823966385,-6.184859749716,100.));
#1511 = CARTESIAN_POINT('',(-38.83319212537,-5.765072819901,100.));
#1512 = CARTESIAN_POINT('',(-39.27690330437,-5.299988770855,100.));
#1513 = CARTESIAN_POINT('',(-39.67427681541,-4.794739249236,100.));
#1514 = CARTESIAN_POINT('',(-40.0209566266,-4.255097635389,100.));
#1515 = CARTESIAN_POINT('',(-40.60618265137,-3.120230111653,100.));
#1516 = CARTESIAN_POINT('',(-40.84480129204,-2.524863749114,100.));
#1517 = CARTESIAN_POINT('',(-41.02600451443,-1.908140005226,100.));
#1518 = CARTESIAN_POINT('',(-41.14761463827,-1.276955592095,100.));
#1519 = CARTESIAN_POINT('',(-41.20840621563,-0.638438289818,100.));
#1520 = CARTESIAN_POINT('',(-41.20840621563,0.638438289816,100.));
#1521 = CARTESIAN_POINT('',(-41.14761463827,1.276955592094,100.));
#1522 = CARTESIAN_POINT('',(-41.02600451443,1.908140005224,100.));
#1523 = CARTESIAN_POINT('',(-40.84480129204,2.524863749112,100.));
#1524 = CARTESIAN_POINT('',(-40.60618265137,3.120230111652,100.));
#1525 = CARTESIAN_POINT('',(-40.02095662661,4.255097635387,100.));
#1526 = CARTESIAN_POINT('',(-39.67427681541,4.794739249237,100.));
#1527 = CARTESIAN_POINT('',(-39.27690330437,5.299988770853,100.));
#1528 = CARTESIAN_POINT('',(-38.83319212537,5.765072819901,100.));
#1529 = CARTESIAN_POINT('',(-38.34823966385,6.184859749716,100.));
#1530 = CARTESIAN_POINT('',(-37.82810011445,6.555073610827,100.));
#1531 = PCURVE('',#43,#1532);
#1532 = DEFINITIONAL_REPRESENTATION('',(#1533),#1556);
#1533 = B_SPLINE_CURVE_WITH_KNOTS('',6,(#1534,#1535,#1536,#1537,#1538,
    #1539,#1540,#1541,#1542,#1543,#1544,#1545,#1546,#1547,#1548,#1549,
    #1550,#1551,#1552,#1553,#1554,#1555),.UNSPECIFIED.,.F.,.F.,(7,5,5,5,
    7),(0.,0.249999999463,0.5,0.750000000537,1.),.UNSPECIFIED.);
#1534 = CARTESIAN_POINT('',(-6.555073610827,37.82810011445));
#1535 = CARTESIAN_POINT('',(-6.184859749716,38.348239663857));
#1536 = CARTESIAN_POINT('',(-5.765072819901,38.833192125378));
#1537 = CARTESIAN_POINT('',(-5.299988770855,39.276903304377));
#1538 = CARTESIAN_POINT('',(-4.794739249236,39.674276815418));
#1539 = CARTESIAN_POINT('',(-4.255097635389,40.020956626609));
#1540 = CARTESIAN_POINT('',(-3.120230111653,40.606182651374));
#1541 = CARTESIAN_POINT('',(-2.524863749114,40.844801292043));
#1542 = CARTESIAN_POINT('',(-1.908140005226,41.026004514437));
#1543 = CARTESIAN_POINT('',(-1.276955592095,41.147614638272));
#1544 = CARTESIAN_POINT('',(-0.638438289818,41.208406215634));
#1545 = CARTESIAN_POINT('',(0.638438289816,41.208406215634));
#1546 = CARTESIAN_POINT('',(1.276955592094,41.147614638272));
#1547 = CARTESIAN_POINT('',(1.908140005224,41.026004514437));
#1548 = CARTESIAN_POINT('',(2.524863749112,40.844801292044));
#1549 = CARTESIAN_POINT('',(3.120230111652,40.606182651375));
#1550 = CARTESIAN_POINT('',(4.255097635387,40.02095662661));
#1551 = CARTESIAN_POINT('',(4.794739249237,39.674276815417));
#1552 = CARTESIAN_POINT('',(5.299988770853,39.276903304379));
#1553 = CARTESIAN_POINT('',(5.765072819901,38.833192125378));
#1554 = CARTESIAN_POINT('',(6.184859749716,38.348239663858));
#1555 = CARTESIAN_POINT('',(6.555073610827,37.82810011445));
#1556 = ( GEOMETRIC_REPRESENTATION_CONTEXT(2) 
PARAMETRIC_REPRESENTATION_CONTEXT() REPRESENTATION_CONTEXT('2D SPACE',''
  ) );
#1557 = PCURVE('',#1558,#1579);
#1558 = B_SPLINE_SURFACE_WITH_KNOTS('',9,1,(
    (#1559,#1560)
    ,(#1561,#1562)
    ,(#1563,#1564)
    ,(#1565,#1566)
    ,(#1567,#1568)
    ,(#1569,#1570)
    ,(#1571,#1572)
    ,(#1573,#1574)
    ,(#1575,#1576)
    ,(#1577,#1578
    )),.UNSPECIFIED.,.F.,.F.,.F.,(10,10),(2,2),(2.189370533583,
    4.093814773596),(0.,1.),.PIECEWISE_BEZIER_KNOTS.);
#1559 = CARTESIAN_POINT('',(-30.55985313957,5.295589423204,0.));
#1560 = CARTESIAN_POINT('',(-37.97346505394,6.58026329458,102.));
#1561 = CARTESIAN_POINT('',(-31.68042589229,4.498011992467,0.));
#1562 = CARTESIAN_POINT('',(-39.36588111273,5.589199019644,
    101.99999999999));
#1563 = CARTESIAN_POINT('',(-32.61113109194,3.433676031402,0.));
#1564 = CARTESIAN_POINT('',(-40.52236904522,4.266662414557,102.));
#1565 = CARTESIAN_POINT('',(-33.27939207486,2.154237502038,0.));
#1566 = CARTESIAN_POINT('',(-41.35274558419,2.676840825377,
    101.99999999998));
#1567 = CARTESIAN_POINT('',(-33.6290355627,0.734388974768,0.));
#1568 = CARTESIAN_POINT('',(-41.78721019717,0.912546730574,
    102.00000000001));
#1569 = CARTESIAN_POINT('',(-33.62903556269,-0.734388974768,0.));
#1570 = CARTESIAN_POINT('',(-41.78721019716,-0.912546730574,
    101.99999999998));
#1571 = CARTESIAN_POINT('',(-33.27939207486,-2.154237502038,0.));
#1572 = CARTESIAN_POINT('',(-41.3527455842,-2.676840825377,102.));
#1573 = CARTESIAN_POINT('',(-32.61113109194,-3.433676031402,0.));
#1574 = CARTESIAN_POINT('',(-40.52236904522,-4.266662414557,
    101.99999999999));
#1575 = CARTESIAN_POINT('',(-31.68042589229,-4.498011992467,0.));
#1576 = CARTESIAN_POINT('',(-39.36588111274,-5.589199019644,102.));
#1577 = CARTESIAN_POINT('',(-30.55985313957,-5.295589423204,0.));
#1578 = CARTESIAN_POINT('',(-37.97346505394,-6.58026329458,102.));
#1579 = DEFINITIONAL_REPRESENTATION('',(#1580),#1603);
#1580 = B_SPLINE_CURVE_WITH_KNOTS('',6,(#1581,#1582,#1583,#1584,#1585,
    #1586,#1587,#1588,#1589,#1590,#1591,#1592,#1593,#1594,#1595,#1596,
    #1597,#1598,#1599,#1600,#1601,#1602),.UNSPECIFIED.,.F.,.F.,(7,5,5,5,
    7),(0.,0.249999999463,0.5,0.750000000537,1.),.UNSPECIFIED.);
#1581 = CARTESIAN_POINT('',(4.093814773596,0.980392156863));
#1582 = CARTESIAN_POINT('',(4.014465618989,0.980392156863));
#1583 = CARTESIAN_POINT('',(3.935106779822,0.980392156863));
#1584 = CARTESIAN_POINT('',(3.855759243104,0.980392156863));
#1585 = CARTESIAN_POINT('',(3.776411709656,0.980392156863));
#1586 = CARTESIAN_POINT('',(3.697052867366,0.980392156863));
#1587 = CARTESIAN_POINT('',(3.538354559479,0.980392156863));
#1588 = CARTESIAN_POINT('',(3.458995717563,0.980392156863));
#1589 = CARTESIAN_POINT('',(3.379648183952,0.980392156863));
#1590 = CARTESIAN_POINT('',(3.300300650025,0.980392156863));
#1591 = CARTESIAN_POINT('',(3.220941807835,0.980392156863));
#1592 = CARTESIAN_POINT('',(3.062243499345,0.980392156863));
#1593 = CARTESIAN_POINT('',(2.982884657155,0.980392156863));
#1594 = CARTESIAN_POINT('',(2.903537123228,0.980392156863));
#1595 = CARTESIAN_POINT('',(2.824189589617,0.980392156863));
#1596 = CARTESIAN_POINT('',(2.744830747701,0.980392156863));
#1597 = CARTESIAN_POINT('',(2.586132439814,0.980392156863));
#1598 = CARTESIAN_POINT('',(2.506773597524,0.980392156863));
#1599 = CARTESIAN_POINT('',(2.427426064076,0.980392156863));
#1600 = CARTESIAN_POINT('',(2.348078527357,0.980392156863));
#1601 = CARTESIAN_POINT('',(2.268719688191,0.980392156863));
#1602 = CARTESIAN_POINT('',(2.189370533583,0.980392156863));
#1603 = ( GEOMETRIC_REPRESENTATION_CONTEXT(2) 
PARAMETRIC_REPRESENTATION_CONTEXT() REPRESENTATION_CONTEXT('2D SPACE',''
  ) );
#1604 = ORIENTED_EDGE('',*,*,#1605,.T.);
#1605 = EDGE_CURVE('',#1505,#1606,#1608,.T.);
#1606 = VERTEX_POINT('',#1607);
#1607 = CARTESIAN_POINT('',(-30.36549749723,11.86664611479,100.));
#1608 = SURFACE_CURVE('',#1609,(#1612,#1618),.PCURVE_S1.);
#1609 = B_SPLINE_CURVE_WITH_KNOTS('',1,(#1610,#1611),.UNSPECIFIED.,.F.,
  .F.,(2,2),(0.,1.),.PIECEWISE_BEZIER_KNOTS.);
#1610 = CARTESIAN_POINT('',(-37.82810011445,6.555073610827,100.));
#1611 = CARTESIAN_POINT('',(-30.36549749723,11.86664611479,100.));
#1612 = PCURVE('',#43,#1613);
#1613 = DEFINITIONAL_REPRESENTATION('',(#1614),#1617);
#1614 = B_SPLINE_CURVE_WITH_KNOTS('',1,(#1615,#1616),.UNSPECIFIED.,.F.,
  .F.,(2,2),(0.,1.),.PIECEWISE_BEZIER_KNOTS.);
#1615 = CARTESIAN_POINT('',(6.555073610827,37.82810011445));
#1616 = CARTESIAN_POINT('',(11.86664611479,30.365497497239));
#1617 = ( GEOMETRIC_REPRESENTATION_CONTEXT(2) 
PARAMETRIC_REPRESENTATION_CONTEXT() REPRESENTATION_CONTEXT('2D SPACE',''
  ) );
#1618 = PCURVE('',#1619,#1624);
#1619 = B_SPLINE_SURFACE_WITH_KNOTS('',1,1,(
    (#1620,#1621)
    ,(#1622,#1623
    )),.UNSPECIFIED.,.F.,.F.,.F.,(2,2),(2,2),(0.778217835062,
    9.973288367936),(0.,1.),.PIECEWISE_BEZIER_KNOTS.);
#1620 = CARTESIAN_POINT('',(-24.53110627333,9.586602589877,0.));
#1621 = CARTESIAN_POINT('',(-30.48218532171,11.912246985289,102.));
#1622 = CARTESIAN_POINT('',(-30.55985313957,5.295589423204,0.));
#1623 = CARTESIAN_POINT('',(-37.97346505394,6.58026329458,102.));
#1624 = DEFINITIONAL_REPRESENTATION('',(#1625),#1628);
#1625 = B_SPLINE_CURVE_WITH_KNOTS('',1,(#1626,#1627),.UNSPECIFIED.,.F.,
  .F.,(2,2),(0.,1.),.PIECEWISE_BEZIER_KNOTS.);
#1626 = CARTESIAN_POINT('',(9.973288367936,0.980392156863));
#1627 = CARTESIAN_POINT('',(0.778217835062,0.980392156863));
#1628 = ( GEOMETRIC_REPRESENTATION_CONTEXT(2) 
PARAMETRIC_REPRESENTATION_CONTEXT() REPRESENTATION_CONTEXT('2D SPACE',''
  ) );
#1629 = ORIENTED_EDGE('',*,*,#1630,.T.);
#1630 = EDGE_CURVE('',#1606,#1631,#1633,.T.);
#1631 = VERTEX_POINT('',#1632);
#1632 = CARTESIAN_POINT('',(-29.86263513211,13.080663256692,100.));
#1633 = SURFACE_CURVE('',#1634,(#1673,#1715),.PCURVE_S1.);
#1634 = B_SPLINE_CURVE_WITH_KNOTS('',4,(#1635,#1636,#1637,#1638,#1639,
    #1640,#1641,#1642,#1643,#1644,#1645,#1646,#1647,#1648,#1649,#1650,
    #1651,#1652,#1653,#1654,#1655,#1656,#1657,#1658,#1659,#1660,#1661,
    #1662,#1663,#1664,#1665,#1666,#1667,#1668,#1669,#1670,#1671,#1672),
  .UNSPECIFIED.,.F.,.F.,(5,3,3,3,3,3,3,3,3,3,3,3,5),(0.,
    9.400002844727E-02,0.26499999634,0.28300000297,0.307000011745,
    0.467999999006,0.495000008845,0.521000018322,0.679000010886,
    0.704000019993,0.727000028434,0.906999971615,1.),.UNSPECIFIED.);
#1635 = CARTESIAN_POINT('',(-30.36549749723,11.86664611479,100.));
#1636 = CARTESIAN_POINT('',(-30.33897710034,11.885522238602,100.));
#1637 = CARTESIAN_POINT('',(-30.31311855654,11.905328269965,100.));
#1638 = CARTESIAN_POINT('',(-30.28797082549,11.926029352224,100.));
#1639 = CARTESIAN_POINT('',(-30.21920650002,11.98679985367,100.));
#1640 = CARTESIAN_POINT('',(-30.17733514671,12.028844541351,100.));
#1641 = CARTESIAN_POINT('',(-30.13823668052,12.073479459573,100.));
#1642 = CARTESIAN_POINT('',(-30.09833189233,12.1253579055,100.));
#1643 = CARTESIAN_POINT('',(-30.09456460837,12.130324229704,100.));
#1644 = CARTESIAN_POINT('',(-30.09083075538,12.135315737131,100.));
#1645 = CARTESIAN_POINT('',(-30.08219702123,12.147020557086,100.));
#1646 = CARTESIAN_POINT('',(-30.07732333654,12.153753192735,100.));
#1647 = CARTESIAN_POINT('',(-30.07251012267,12.160529191364,100.));
#1648 = CARTESIAN_POINT('',(-30.03587881321,12.213088764338,100.));
#1649 = CARTESIAN_POINT('',(-30.00674656402,12.260744493385,100.));
#1650 = CARTESIAN_POINT('',(-29.98053421246,12.310066588586,100.));
#1651 = CARTESIAN_POINT('',(-29.95348246865,12.36928447842,100.));
#1652 = CARTESIAN_POINT('',(-29.94968303061,12.377828306975,100.));
#1653 = CARTESIAN_POINT('',(-29.94596983804,12.386409969793,100.));
#1654 = CARTESIAN_POINT('',(-29.93885135838,12.403327149131,100.));
#1655 = CARTESIAN_POINT('',(-29.93543976092,12.411660010397,100.));
#1656 = CARTESIAN_POINT('',(-29.93210914308,12.420025568296,100.));
#1657 = CARTESIAN_POINT('',(-29.90911495609,12.479450963632,100.));
#1658 = CARTESIAN_POINT('',(-29.89237731274,12.531643172149,100.));
#1659 = CARTESIAN_POINT('',(-29.87875020614,12.584732505376,100.));
#1660 = CARTESIAN_POINT('',(-29.86663301707,12.646935979963,100.));
#1661 = CARTESIAN_POINT('',(-29.86505690757,12.655449162258,100.));
#1662 = CARTESIAN_POINT('',(-29.86356025881,12.663976672827,100.));
#1663 = CARTESIAN_POINT('',(-29.86083961274,12.680374864203,100.));
#1664 = CARTESIAN_POINT('',(-29.85960338187,12.688243515353,100.));
#1665 = CARTESIAN_POINT('',(-29.85843470696,12.696122483354,100.));
#1666 = CARTESIAN_POINT('',(-29.84871721439,12.765746267768,100.));
#1667 = CARTESIAN_POINT('',(-29.84424577492,12.828060544095,100.));
#1668 = CARTESIAN_POINT('',(-29.84397780349,12.89053446678,100.));
#1669 = CARTESIAN_POINT('',(-29.84990652074,12.984887967979,100.));
#1670 = CARTESIAN_POINT('',(-29.8530412286,13.016960332706,100.));
#1671 = CARTESIAN_POINT('',(-29.85728731813,13.048904560347,100.));
#1672 = CARTESIAN_POINT('',(-29.86263513211,13.080663256692,100.));
#1673 = PCURVE('',#43,#1674);
#1674 = DEFINITIONAL_REPRESENTATION('',(#1675),#1714);
#1675 = B_SPLINE_CURVE_WITH_KNOTS('',4,(#1676,#1677,#1678,#1679,#1680,
    #1681,#1682,#1683,#1684,#1685,#1686,#1687,#1688,#1689,#1690,#1691,
    #1692,#1693,#1694,#1695,#1696,#1697,#1698,#1699,#1700,#1701,#1702,
    #1703,#1704,#1705,#1706,#1707,#1708,#1709,#1710,#1711,#1712,#1713),
  .UNSPECIFIED.,.F.,.F.,(5,3,3,3,3,3,3,3,3,3,3,3,5),(0.,
    9.400002844727E-02,0.26499999634,0.28300000297,0.307000011745,
    0.467999999006,0.495000008845,0.521000018322,0.679000010886,
    0.704000019993,0.727000028434,0.906999971615,1.),.UNSPECIFIED.);
#1676 = CARTESIAN_POINT('',(11.86664611479,30.365497497239));
#1677 = CARTESIAN_POINT('',(11.885522238602,30.33897710034));
#1678 = CARTESIAN_POINT('',(11.905328269965,30.313118556542));
#1679 = CARTESIAN_POINT('',(11.926029352224,30.287970825499));
#1680 = CARTESIAN_POINT('',(11.98679985367,30.219206500023));
#1681 = CARTESIAN_POINT('',(12.028844541351,30.177335146715));
#1682 = CARTESIAN_POINT('',(12.073479459573,30.13823668052));
#1683 = CARTESIAN_POINT('',(12.1253579055,30.098331892334));
#1684 = CARTESIAN_POINT('',(12.130324229704,30.094564608372));
#1685 = CARTESIAN_POINT('',(12.135315737131,30.090830755386));
#1686 = CARTESIAN_POINT('',(12.147020557086,30.082197021233));
#1687 = CARTESIAN_POINT('',(12.153753192735,30.077323336542));
#1688 = CARTESIAN_POINT('',(12.160529191364,30.072510122671));
#1689 = CARTESIAN_POINT('',(12.213088764338,30.035878813211));
#1690 = CARTESIAN_POINT('',(12.260744493385,30.00674656402));
#1691 = CARTESIAN_POINT('',(12.310066588586,29.980534212463));
#1692 = CARTESIAN_POINT('',(12.36928447842,29.953482468657));
#1693 = CARTESIAN_POINT('',(12.377828306975,29.949683030616));
#1694 = CARTESIAN_POINT('',(12.386409969793,29.945969838043));
#1695 = CARTESIAN_POINT('',(12.403327149131,29.938851358387));
#1696 = CARTESIAN_POINT('',(12.411660010397,29.935439760921));
#1697 = CARTESIAN_POINT('',(12.420025568296,29.932109143083));
#1698 = CARTESIAN_POINT('',(12.479450963632,29.909114956092));
#1699 = CARTESIAN_POINT('',(12.531643172149,29.892377312749));
#1700 = CARTESIAN_POINT('',(12.584732505376,29.878750206147));
#1701 = CARTESIAN_POINT('',(12.646935979963,29.866633017078));
#1702 = CARTESIAN_POINT('',(12.655449162258,29.865056907578));
#1703 = CARTESIAN_POINT('',(12.663976672827,29.863560258819));
#1704 = CARTESIAN_POINT('',(12.680374864203,29.860839612749));
#1705 = CARTESIAN_POINT('',(12.688243515353,29.85960338187));
#1706 = CARTESIAN_POINT('',(12.696122483354,29.858434706966));
#1707 = CARTESIAN_POINT('',(12.765746267768,29.848717214396));
#1708 = CARTESIAN_POINT('',(12.828060544095,29.844245774927));
#1709 = CARTESIAN_POINT('',(12.89053446678,29.843977803494));
#1710 = CARTESIAN_POINT('',(12.984887967979,29.849906520743));
#1711 = CARTESIAN_POINT('',(13.016960332706,29.853041228601));
#1712 = CARTESIAN_POINT('',(13.048904560347,29.857287318138));
#1713 = CARTESIAN_POINT('',(13.080663256692,29.86263513211));
#1714 = ( GEOMETRIC_REPRESENTATION_CONTEXT(2) 
PARAMETRIC_REPRESENTATION_CONTEXT() REPRESENTATION_CONTEXT('2D SPACE',''
  ) );
#1715 = PCURVE('',#1716,#1733);
#1716 = B_SPLINE_SURFACE_WITH_KNOTS('',7,1,(
    (#1717,#1718)
    ,(#1719,#1720)
    ,(#1721,#1722)
    ,(#1723,#1724)
    ,(#1725,#1726)
    ,(#1727,#1728)
    ,(#1729,#1730)
    ,(#1731,#1732
    )),.UNSPECIFIED.,.F.,.F.,.F.,(8,8),(2,2),(2.974768696981,
    4.093814773596),(0.,1.),.PIECEWISE_BEZIER_KNOTS.);
#1717 = CARTESIAN_POINT('',(-24.12486329572,10.567359896038,0.));
#1718 = CARTESIAN_POINT('',(-29.97739056883,13.130929323905,102.));
#1719 = CARTESIAN_POINT('',(-24.09831772574,10.40971553883,0.));
#1720 = CARTESIAN_POINT('',(-29.94440522466,12.935041520975,102.));
#1721 = CARTESIAN_POINT('',(-24.10117414303,10.247120266362,0.));
#1722 = CARTESIAN_POINT('',(-29.94795458929,12.733001744513,102.));
#1723 = CARTESIAN_POINT('',(-24.13453983909,10.086154223669,0.));
#1724 = CARTESIAN_POINT('',(-29.98941457563,12.532986437858,
    101.99999999999));
#1725 = CARTESIAN_POINT('',(-24.19768482869,9.933708733394,0.));
#1726 = CARTESIAN_POINT('',(-30.06787810897,12.343558711515,102.));
#1727 = CARTESIAN_POINT('',(-24.28791189907,9.796295443116,0.));
#1728 = CARTESIAN_POINT('',(-30.17999365116,12.17280989435,
    101.99999999999));
#1729 = CARTESIAN_POINT('',(-24.40086432679,9.679303431335,0.));
#1730 = CARTESIAN_POINT('',(-30.32034756736,12.027436418547,102.));
#1731 = CARTESIAN_POINT('',(-24.53110627333,9.586602589877,0.));
#1732 = CARTESIAN_POINT('',(-30.48218532171,11.912246985289,102.));
#1733 = DEFINITIONAL_REPRESENTATION('',(#1734),#1773);
#1734 = B_SPLINE_CURVE_WITH_KNOTS('',4,(#1735,#1736,#1737,#1738,#1739,
    #1740,#1741,#1742,#1743,#1744,#1745,#1746,#1747,#1748,#1749,#1750,
    #1751,#1752,#1753,#1754,#1755,#1756,#1757,#1758,#1759,#1760,#1761,
    #1762,#1763,#1764,#1765,#1766,#1767,#1768,#1769,#1770,#1771,#1772),
  .UNSPECIFIED.,.F.,.F.,(5,3,3,3,3,3,3,3,3,3,3,3,5),(0.,
    9.400002844727E-02,0.26499999634,0.28300000297,0.307000011745,
    0.467999999006,0.495000008845,0.521000018322,0.679000010886,
    0.704000019993,0.727000028434,0.906999971615,1.),.UNSPECIFIED.);
#1735 = CARTESIAN_POINT('',(4.093814773596,0.980392156863));
#1736 = CARTESIAN_POINT('',(4.067517192504,0.980392156863));
#1737 = CARTESIAN_POINT('',(4.041219607744,0.980392156863));
#1738 = CARTESIAN_POINT('',(4.014922023606,0.980392156863));
#1739 = CARTESIAN_POINT('',(3.940785248969,0.980392156863));
#1740 = CARTESIAN_POINT('',(3.892946002702,0.980392156863));
#1741 = CARTESIAN_POINT('',(3.845106756404,0.980392156863));
#1742 = CARTESIAN_POINT('',(3.792231855955,0.980392156863));
#1743 = CARTESIAN_POINT('',(3.787196148612,0.980392156863));
#1744 = CARTESIAN_POINT('',(3.782160441264,0.980392156863));
#1745 = CARTESIAN_POINT('',(3.770410457465,0.980392156863));
#1746 = CARTESIAN_POINT('',(3.763696181007,0.980392156863));
#1747 = CARTESIAN_POINT('',(3.756981904542,0.980392156863));
#1748 = CARTESIAN_POINT('',(3.705226043476,0.980392156863));
#1749 = CARTESIAN_POINT('',(3.660184418872,0.980392156863));
#1750 = CARTESIAN_POINT('',(3.615142794342,0.980392156863));
#1751 = CARTESIAN_POINT('',(3.562547648724,0.980392156863));
#1752 = CARTESIAN_POINT('',(3.554994087704,0.980392156863));
#1753 = CARTESIAN_POINT('',(3.547440526685,0.980392156863));
#1754 = CARTESIAN_POINT('',(3.532613166176,0.980392156863));
#1755 = CARTESIAN_POINT('',(3.525339366676,0.980392156863));
#1756 = CARTESIAN_POINT('',(3.518065567176,0.980392156863));
#1757 = CARTESIAN_POINT('',(3.466589465855,0.980392156863));
#1758 = CARTESIAN_POINT('',(3.422387127707,0.980392156863));
#1759 = CARTESIAN_POINT('',(3.378184789454,0.980392156863));
#1760 = CARTESIAN_POINT('',(3.32698844959,0.980392156863));
#1761 = CARTESIAN_POINT('',(3.319994411606,0.980392156863));
#1762 = CARTESIAN_POINT('',(3.313000373627,0.980392156863));
#1763 = CARTESIAN_POINT('',(3.299571820711,0.980392156863));
#1764 = CARTESIAN_POINT('',(3.293137305766,0.980392156863));
#1765 = CARTESIAN_POINT('',(3.286702790827,0.980392156863));
#1766 = CARTESIAN_POINT('',(3.229911236908,0.980392156863));
#1767 = CARTESIAN_POINT('',(3.179554129097,0.980392156863));
#1768 = CARTESIAN_POINT('',(3.129197021367,0.980392156863));
#1769 = CARTESIAN_POINT('',(3.052822162334,0.980392156863));
#1770 = CARTESIAN_POINT('',(3.026804339778,0.980392156863));
#1771 = CARTESIAN_POINT('',(3.000786516625,0.980392156863));
#1772 = CARTESIAN_POINT('',(2.974768696981,0.980392156863));
#1773 = ( GEOMETRIC_REPRESENTATION_CONTEXT(2) 
PARAMETRIC_REPRESENTATION_CONTEXT() REPRESENTATION_CONTEXT('2D SPACE',''
  ) );
#1774 = ORIENTED_EDGE('',*,*,#1775,.T.);
#1775 = EDGE_CURVE('',#1631,#1776,#1778,.T.);
#1776 = VERTEX_POINT('',#1777);
#1777 = CARTESIAN_POINT('',(-31.38364311172,22.113369108939,100.));
#1778 = SURFACE_CURVE('',#1779,(#1782,#1788),.PCURVE_S1.);
#1779 = B_SPLINE_CURVE_WITH_KNOTS('',1,(#1780,#1781),.UNSPECIFIED.,.F.,
  .F.,(2,2),(0.,1.),.PIECEWISE_BEZIER_KNOTS.);
#1780 = CARTESIAN_POINT('',(-29.86263513211,13.080663256692,100.));
#1781 = CARTESIAN_POINT('',(-31.38364311172,22.113369108939,100.));
#1782 = PCURVE('',#43,#1783);
#1783 = DEFINITIONAL_REPRESENTATION('',(#1784),#1787);
#1784 = B_SPLINE_CURVE_WITH_KNOTS('',1,(#1785,#1786),.UNSPECIFIED.,.F.,
  .F.,(2,2),(0.,1.),.PIECEWISE_BEZIER_KNOTS.);
#1785 = CARTESIAN_POINT('',(13.080663256692,29.86263513211));
#1786 = CARTESIAN_POINT('',(22.113369108939,31.383643111724));
#1787 = ( GEOMETRIC_REPRESENTATION_CONTEXT(2) 
PARAMETRIC_REPRESENTATION_CONTEXT() REPRESENTATION_CONTEXT('2D SPACE',''
  ) );
#1788 = PCURVE('',#1789,#1794);
#1789 = B_SPLINE_SURFACE_WITH_KNOTS('',1,1,(
    (#1790,#1791)
    ,(#1792,#1793
    )),.UNSPECIFIED.,.F.,.F.,.F.,(2,2),(2,2),(11.347743846998,
    20.542814379871),(0.,1.),.PIECEWISE_BEZIER_KNOTS.);
#1790 = CARTESIAN_POINT('',(-25.35362657858,17.864532195532,0.));
#1791 = CARTESIAN_POINT('',(-31.50424344238,22.198345847207,102.));
#1792 = CARTESIAN_POINT('',(-24.12486329572,10.567359896038,0.));
#1793 = CARTESIAN_POINT('',(-29.97739056883,13.130929323905,102.));
#1794 = DEFINITIONAL_REPRESENTATION('',(#1795),#1798);
#1795 = B_SPLINE_CURVE_WITH_KNOTS('',1,(#1796,#1797),.UNSPECIFIED.,.F.,
  .F.,(2,2),(0.,1.),.PIECEWISE_BEZIER_KNOTS.);
#1796 = CARTESIAN_POINT('',(20.542814379871,0.980392156863));
#1797 = CARTESIAN_POINT('',(11.347743846998,0.980392156863));
#1798 = ( GEOMETRIC_REPRESENTATION_CONTEXT(2) 
PARAMETRIC_REPRESENTATION_CONTEXT() REPRESENTATION_CONTEXT('2D SPACE',''
  ) );
#1799 = ORIENTED_EDGE('',*,*,#1800,.T.);
#1800 = EDGE_CURVE('',#1776,#1801,#1803,.T.);
#1801 = VERTEX_POINT('',#1802);
#1802 = CARTESIAN_POINT('',(-22.11336910893,31.383643111724,100.));
#1803 = SURFACE_CURVE('',#1804,(#1827,#1853),.PCURVE_S1.);
#1804 = B_SPLINE_CURVE_WITH_KNOTS('',6,(#1805,#1806,#1807,#1808,#1809,
    #1810,#1811,#1812,#1813,#1814,#1815,#1816,#1817,#1818,#1819,#1820,
    #1821,#1822,#1823,#1824,#1825,#1826),.UNSPECIFIED.,.F.,.F.,(7,5,5,5,
    7),(0.,0.249999999463,0.5,0.750000000537,1.),.UNSPECIFIED.);
#1805 = CARTESIAN_POINT('',(-31.38364311172,22.113369108939,100.));
#1806 = CARTESIAN_POINT('',(-31.48965658259,22.742944043169,100.));
#1807 = CARTESIAN_POINT('',(-31.53573557196,23.382691401988,100.));
#1808 = CARTESIAN_POINT('',(-31.52062267061,24.02530667045,100.));
#1809 = CARTESIAN_POINT('',(-31.44434281201,24.663557537697,100.));
#1810 = CARTESIAN_POINT('',(-31.30789821284,25.290281427654,100.));
#1811 = CARTESIAN_POINT('',(-30.91924298169,26.506571240074,100.));
#1812 = CARTESIAN_POINT('',(-30.66698424839,27.096287691251,100.));
#1813 = CARTESIAN_POINT('',(-30.35902473429,27.66050726,100.));
#1814 = CARTESIAN_POINT('',(-29.99870129881,28.192813381928,100.));
#1815 = CARTESIAN_POINT('',(-29.59018752106,28.687299432865,100.));
#1816 = CARTESIAN_POINT('',(-28.68729943286,29.590187521063,100.));
#1817 = CARTESIAN_POINT('',(-28.19281338192,29.998701298817,100.));
#1818 = CARTESIAN_POINT('',(-27.66050726,30.359024734295,100.));
#1819 = CARTESIAN_POINT('',(-27.09628769125,30.666984248391,100.));
#1820 = CARTESIAN_POINT('',(-26.50657124007,30.919242981698,100.));
#1821 = CARTESIAN_POINT('',(-25.29028142765,31.307898212842,100.));
#1822 = CARTESIAN_POINT('',(-24.66355753769,31.44434281201,100.));
#1823 = CARTESIAN_POINT('',(-24.02530667045,31.520622670617,100.));
#1824 = CARTESIAN_POINT('',(-23.38269140198,31.535735571961,100.));
#1825 = CARTESIAN_POINT('',(-22.74294404316,31.489656582593,100.));
#1826 = CARTESIAN_POINT('',(-22.11336910893,31.383643111724,100.));
#1827 = PCURVE('',#43,#1828);
#1828 = DEFINITIONAL_REPRESENTATION('',(#1829),#1852);
#1829 = B_SPLINE_CURVE_WITH_KNOTS('',6,(#1830,#1831,#1832,#1833,#1834,
    #1835,#1836,#1837,#1838,#1839,#1840,#1841,#1842,#1843,#1844,#1845,
    #1846,#1847,#1848,#1849,#1850,#1851),.UNSPECIFIED.,.F.,.F.,(7,5,5,5,
    7),(0.,0.249999999463,0.5,0.750000000537,1.),.UNSPECIFIED.);
#1830 = CARTESIAN_POINT('',(22.113369108939,31.383643111724));
#1831 = CARTESIAN_POINT('',(22.742944043169,31.489656582592));
#1832 = CARTESIAN_POINT('',(23.382691401988,31.535735571961));
#1833 = CARTESIAN_POINT('',(24.02530667045,31.520622670618));
#1834 = CARTESIAN_POINT('',(24.663557537697,31.44434281201));
#1835 = CARTESIAN_POINT('',(25.290281427654,31.307898212842));
#1836 = CARTESIAN_POINT('',(26.506571240074,30.919242981699));
#1837 = CARTESIAN_POINT('',(27.096287691251,30.666984248391));
#1838 = CARTESIAN_POINT('',(27.66050726,30.359024734296));
#1839 = CARTESIAN_POINT('',(28.192813381928,29.998701298817));
#1840 = CARTESIAN_POINT('',(28.687299432865,29.590187521064));
#1841 = CARTESIAN_POINT('',(29.590187521063,28.687299432866));
#1842 = CARTESIAN_POINT('',(29.998701298817,28.192813381929));
#1843 = CARTESIAN_POINT('',(30.359024734295,27.660507260002));
#1844 = CARTESIAN_POINT('',(30.666984248391,27.096287691251));
#1845 = CARTESIAN_POINT('',(30.919242981698,26.506571240075));
#1846 = CARTESIAN_POINT('',(31.307898212842,25.290281427655));
#1847 = CARTESIAN_POINT('',(31.44434281201,24.663557537698));
#1848 = CARTESIAN_POINT('',(31.520622670617,24.02530667045));
#1849 = CARTESIAN_POINT('',(31.535735571961,23.382691401989));
#1850 = CARTESIAN_POINT('',(31.489656582593,22.742944043168));
#1851 = CARTESIAN_POINT('',(31.383643111724,22.113369108939));
#1852 = ( GEOMETRIC_REPRESENTATION_CONTEXT(2) 
PARAMETRIC_REPRESENTATION_CONTEXT() REPRESENTATION_CONTEXT('2D SPACE',''
  ) );
#1853 = PCURVE('',#1854,#1875);
#1854 = B_SPLINE_SURFACE_WITH_KNOTS('',9,1,(
    (#1855,#1856)
    ,(#1857,#1858)
    ,(#1859,#1860)
    ,(#1861,#1862)
    ,(#1863,#1864)
    ,(#1865,#1866)
    ,(#1867,#1868)
    ,(#1869,#1870)
    ,(#1871,#1872)
    ,(#1873,#1874
    )),.UNSPECIFIED.,.F.,.F.,.F.,(10,10),(2,2),(1.403972370186,
    3.308416610199),(0.,1.),.PIECEWISE_BEZIER_KNOTS.);
#1855 = CARTESIAN_POINT('',(-17.86453219553,25.353626578586,0.));
#1856 = CARTESIAN_POINT('',(-22.1983458472,31.504243442387,102.));
#1857 = CARTESIAN_POINT('',(-19.22086919759,25.582018761054,0.));
#1858 = CARTESIAN_POINT('',(-23.88372095401,31.788042010394,102.));
#1859 = CARTESIAN_POINT('',(-20.63157633107,25.487527543479,0.));
#1860 = CARTESIAN_POINT('',(-25.63665601525,31.670627867987,
    101.99999999999));
#1861 = CARTESIAN_POINT('',(-22.00880786392,25.055359755882,0.));
#1862 = CARTESIAN_POINT('',(-27.34799452349,31.133619123057,102.));
#1863 = CARTESIAN_POINT('',(-23.26002766705,24.29861051523,0.));
#1864 = CARTESIAN_POINT('',(-28.90275171594,30.193287678618,
    101.99999999999));
#1865 = CARTESIAN_POINT('',(-24.29861051523,23.260027667063,0.));
#1866 = CARTESIAN_POINT('',(-30.19328767862,28.902751715952,102.));
#1867 = CARTESIAN_POINT('',(-25.05535975587,22.008807863923,0.));
#1868 = CARTESIAN_POINT('',(-31.13361912305,27.347994523487,
    101.99999999999));
#1869 = CARTESIAN_POINT('',(-25.48752754348,20.631576331078,0.));
#1870 = CARTESIAN_POINT('',(-31.67062786798,25.636656015257,102.));
#1871 = CARTESIAN_POINT('',(-25.58201876105,19.220869197589,0.));
#1872 = CARTESIAN_POINT('',(-31.78804201039,23.88372095401,
    101.99999999999));
#1873 = CARTESIAN_POINT('',(-25.35362657858,17.864532195532,0.));
#1874 = CARTESIAN_POINT('',(-31.50424344238,22.198345847207,102.));
#1875 = DEFINITIONAL_REPRESENTATION('',(#1876),#1899);
#1876 = B_SPLINE_CURVE_WITH_KNOTS('',6,(#1877,#1878,#1879,#1880,#1881,
    #1882,#1883,#1884,#1885,#1886,#1887,#1888,#1889,#1890,#1891,#1892,
    #1893,#1894,#1895,#1896,#1897,#1898),.UNSPECIFIED.,.F.,.F.,(7,5,5,5,
    7),(0.,0.249999999463,0.5,0.750000000537,1.),.UNSPECIFIED.);
#1877 = CARTESIAN_POINT('',(3.308416610199,0.980392156863));
#1878 = CARTESIAN_POINT('',(3.229067455591,0.980392156863));
#1879 = CARTESIAN_POINT('',(3.149708616425,0.980392156863));
#1880 = CARTESIAN_POINT('',(3.070361079706,0.980392156863));
#1881 = CARTESIAN_POINT('',(2.991013546258,0.980392156863));
#1882 = CARTESIAN_POINT('',(2.911654703969,0.980392156863));
#1883 = CARTESIAN_POINT('',(2.752956396082,0.980392156863));
#1884 = CARTESIAN_POINT('',(2.673597554166,0.980392156863));
#1885 = CARTESIAN_POINT('',(2.594250020554,0.980392156863));
#1886 = CARTESIAN_POINT('',(2.514902486628,0.980392156863));
#1887 = CARTESIAN_POINT('',(2.435543644437,0.980392156863));
#1888 = CARTESIAN_POINT('',(2.276845335947,0.980392156863));
#1889 = CARTESIAN_POINT('',(2.197486493757,0.980392156863));
#1890 = CARTESIAN_POINT('',(2.118138959831,0.980392156863));
#1891 = CARTESIAN_POINT('',(2.038791426219,0.980392156863));
#1892 = CARTESIAN_POINT('',(1.959432584303,0.980392156863));
#1893 = CARTESIAN_POINT('',(1.800734276416,0.980392156863));
#1894 = CARTESIAN_POINT('',(1.721375434126,0.980392156863));
#1895 = CARTESIAN_POINT('',(1.642027900679,0.980392156863));
#1896 = CARTESIAN_POINT('',(1.56268036396,0.980392156863));
#1897 = CARTESIAN_POINT('',(1.483321524793,0.980392156863));
#1898 = CARTESIAN_POINT('',(1.403972370186,0.980392156863));
#1899 = ( GEOMETRIC_REPRESENTATION_CONTEXT(2) 
PARAMETRIC_REPRESENTATION_CONTEXT() REPRESENTATION_CONTEXT('2D SPACE',''
  ) );
#1900 = ORIENTED_EDGE('',*,*,#1901,.T.);
#1901 = EDGE_CURVE('',#1801,#1902,#1904,.T.);
#1902 = VERTEX_POINT('',#1903);
#1903 = CARTESIAN_POINT('',(-13.08066325669,29.86263513211,100.));
#1904 = SURFACE_CURVE('',#1905,(#1908,#1914),.PCURVE_S1.);
#1905 = B_SPLINE_CURVE_WITH_KNOTS('',1,(#1906,#1907),.UNSPECIFIED.,.F.,
  .F.,(2,2),(0.,1.),.PIECEWISE_BEZIER_KNOTS.);
#1906 = CARTESIAN_POINT('',(-22.11336910893,31.383643111724,100.));
#1907 = CARTESIAN_POINT('',(-13.08066325669,29.86263513211,100.));
#1908 = PCURVE('',#43,#1909);
#1909 = DEFINITIONAL_REPRESENTATION('',(#1910),#1913);
#1910 = B_SPLINE_CURVE_WITH_KNOTS('',1,(#1911,#1912),.UNSPECIFIED.,.F.,
  .F.,(2,2),(0.,1.),.PIECEWISE_BEZIER_KNOTS.);
#1911 = CARTESIAN_POINT('',(31.383643111724,22.113369108939));
#1912 = CARTESIAN_POINT('',(29.86263513211,13.080663256692));
#1913 = ( GEOMETRIC_REPRESENTATION_CONTEXT(2) 
PARAMETRIC_REPRESENTATION_CONTEXT() REPRESENTATION_CONTEXT('2D SPACE',''
  ) );
#1914 = PCURVE('',#1915,#1920);
#1915 = B_SPLINE_SURFACE_WITH_KNOTS('',1,1,(
    (#1916,#1917)
    ,(#1918,#1919
    )),.UNSPECIFIED.,.F.,.F.,.F.,(2,2),(2,2),(0.778217835062,
    9.973288367936),(0.,1.),.PIECEWISE_BEZIER_KNOTS.);
#1916 = CARTESIAN_POINT('',(-10.56735989603,24.124863295723,0.));
#1917 = CARTESIAN_POINT('',(-13.1309293239,29.977390568838,102.));
#1918 = CARTESIAN_POINT('',(-17.86453219553,25.353626578586,0.));
#1919 = CARTESIAN_POINT('',(-22.1983458472,31.504243442387,102.));
#1920 = DEFINITIONAL_REPRESENTATION('',(#1921),#1924);
#1921 = B_SPLINE_CURVE_WITH_KNOTS('',1,(#1922,#1923),.UNSPECIFIED.,.F.,
  .F.,(2,2),(0.,1.),.PIECEWISE_BEZIER_KNOTS.);
#1922 = CARTESIAN_POINT('',(9.973288367936,0.980392156863));
#1923 = CARTESIAN_POINT('',(0.778217835062,0.980392156863));
#1924 = ( GEOMETRIC_REPRESENTATION_CONTEXT(2) 
PARAMETRIC_REPRESENTATION_CONTEXT() REPRESENTATION_CONTEXT('2D SPACE',''
  ) );
#1925 = ORIENTED_EDGE('',*,*,#1926,.T.);
#1926 = EDGE_CURVE('',#1902,#1927,#1929,.T.);
#1927 = VERTEX_POINT('',#1928);
#1928 = CARTESIAN_POINT('',(-11.86664611479,30.365497497239,100.));
#1929 = SURFACE_CURVE('',#1930,(#1975,#2023),.PCURVE_S1.);
#1930 = B_SPLINE_CURVE_WITH_KNOTS('',4,(#1931,#1932,#1933,#1934,#1935,
    #1936,#1937,#1938,#1939,#1940,#1941,#1942,#1943,#1944,#1945,#1946,
    #1947,#1948,#1949,#1950,#1951,#1952,#1953,#1954,#1955,#1956,#1957,
    #1958,#1959,#1960,#1961,#1962,#1963,#1964,#1965,#1966,#1967,#1968,
    #1969,#1970,#1971,#1972,#1973,#1974),.UNSPECIFIED.,.F.,.F.,(5,3,3,3,
    3,3,3,3,3,3,3,3,3,3,5),(0.,8.700001438583E-02,0.102000017581,
    0.25699999368,0.283999999597,0.299000002848,0.434000002116,
    0.481000012044,0.508000017841,0.53700002406,0.563000029623,
    0.722999994807,0.751000000959,0.899999986179,1.),.UNSPECIFIED.);
#1931 = CARTESIAN_POINT('',(-13.08066325669,29.86263513211,100.));
#1932 = CARTESIAN_POINT('',(-13.05095350817,29.857632338339,100.));
#1933 = CARTESIAN_POINT('',(-13.02108139778,29.853593697066,100.));
#1934 = CARTESIAN_POINT('',(-12.99109390574,29.85052711347,100.));
#1935 = CARTESIAN_POINT('',(-12.9558566017,29.848075341195,100.));
#1936 = CARTESIAN_POINT('',(-12.95067262762,29.84774378064,100.));
#1937 = CARTESIAN_POINT('',(-12.9454868795,29.847441231224,100.));
#1938 = CARTESIAN_POINT('',(-12.88669774215,29.844341277361,100.));
#1939 = CARTESIAN_POINT('',(-12.8329322903,29.844613962699,100.));
#1940 = CARTESIAN_POINT('',(-12.7792728707,29.847999942484,100.));
#1941 = CARTESIAN_POINT('',(-12.71670555176,29.855593204429,100.));
#1942 = CARTESIAN_POINT('',(-12.70743492908,29.856813160331,100.));
#1943 = CARTESIAN_POINT('',(-12.69817706396,29.858126427445,100.));
#1944 = CARTESIAN_POINT('',(-12.68379797353,29.860314105287,100.));
#1945 = CARTESIAN_POINT('',(-12.67866695573,29.861124152509,100.));
#1946 = CARTESIAN_POINT('',(-12.67354055073,29.86196289675,100.));
#1947 = CARTESIAN_POINT('',(-12.62232504409,29.870636900243,100.));
#1948 = CARTESIAN_POINT('',(-12.57662412111,29.88076467987,100.));
#1949 = CARTESIAN_POINT('',(-12.53149197695,29.893183852075,100.));
#1950 = CARTESIAN_POINT('',(-12.47164216094,29.912940564688,100.));
#1951 = CARTESIAN_POINT('',(-12.45627588328,29.918313539215,100.));
#1952 = CARTESIAN_POINT('',(-12.44100617994,29.923955126245,100.));
#1953 = CARTESIAN_POINT('',(-12.41712758472,29.933256257366,100.));
#1954 = CARTESIAN_POINT('',(-12.40844930315,29.936737660081,100.));
#1955 = CARTESIAN_POINT('',(-12.39980652618,29.940306293156,100.));
#1956 = CARTESIAN_POINT('',(-12.38195712174,29.94788767111,100.));
#1957 = CARTESIAN_POINT('',(-12.37275615015,29.951913732212,100.));
#1958 = CARTESIAN_POINT('',(-12.36359927119,29.956039094488,100.));
#1959 = CARTESIAN_POINT('',(-12.34631943396,29.964049980983,100.));
#1960 = CARTESIAN_POINT('',(-12.33818751109,29.967916168305,100.));
#1961 = CARTESIAN_POINT('',(-12.33009346828,29.971861044085,100.));
#1962 = CARTESIAN_POINT('',(-12.27246907165,30.000640932143,100.));
#1963 = CARTESIAN_POINT('',(-12.22437707291,30.028356344792,100.));
#1964 = CARTESIAN_POINT('',(-12.17802816495,30.058897516753,100.));
#1965 = CARTESIAN_POINT('',(-12.12589584133,30.097894648583,100.));
#1966 = CARTESIAN_POINT('',(-12.11819211198,30.103783828941,100.));
#1967 = CARTESIAN_POINT('',(-12.11055031539,30.109753153558,100.));
#1968 = CARTESIAN_POINT('',(-12.06264260047,30.147988171635,100.));
#1969 = CARTESIAN_POINT('',(-12.02410230672,30.182416269625,100.));
#1970 = CARTESIAN_POINT('',(-11.98753820243,30.218936324992,100.));
#1971 = CARTESIAN_POINT('',(-11.93000431858,30.283164005306,100.));
#1972 = CARTESIAN_POINT('',(-11.90786048961,30.309820160507,100.));
#1973 = CARTESIAN_POINT('',(-11.88672709729,30.337284309439,100.));
#1974 = CARTESIAN_POINT('',(-11.86664611479,30.365497497239,100.));
#1975 = PCURVE('',#43,#1976);
#1976 = DEFINITIONAL_REPRESENTATION('',(#1977),#2022);
#1977 = B_SPLINE_CURVE_WITH_KNOTS('',4,(#1978,#1979,#1980,#1981,#1982,
    #1983,#1984,#1985,#1986,#1987,#1988,#1989,#1990,#1991,#1992,#1993,
    #1994,#1995,#1996,#1997,#1998,#1999,#2000,#2001,#2002,#2003,#2004,
    #2005,#2006,#2007,#2008,#2009,#2010,#2011,#2012,#2013,#2014,#2015,
    #2016,#2017,#2018,#2019,#2020,#2021),.UNSPECIFIED.,.F.,.F.,(5,3,3,3,
    3,3,3,3,3,3,3,3,3,3,5),(0.,8.700001438583E-02,0.102000017581,
    0.25699999368,0.283999999597,0.299000002848,0.434000002116,
    0.481000012044,0.508000017841,0.53700002406,0.563000029623,
    0.722999994807,0.751000000959,0.899999986179,1.),.UNSPECIFIED.);
#1978 = CARTESIAN_POINT('',(29.86263513211,13.080663256692));
#1979 = CARTESIAN_POINT('',(29.857632338339,13.050953508172));
#1980 = CARTESIAN_POINT('',(29.853593697066,13.021081397785));
#1981 = CARTESIAN_POINT('',(29.85052711347,12.991093905744));
#1982 = CARTESIAN_POINT('',(29.848075341195,12.955856601704));
#1983 = CARTESIAN_POINT('',(29.84774378064,12.950672627625));
#1984 = CARTESIAN_POINT('',(29.847441231224,12.945486879504));
#1985 = CARTESIAN_POINT('',(29.844341277361,12.886697742159));
#1986 = CARTESIAN_POINT('',(29.844613962699,12.832932290305));
#1987 = CARTESIAN_POINT('',(29.847999942484,12.779272870703));
#1988 = CARTESIAN_POINT('',(29.855593204429,12.716705551768));
#1989 = CARTESIAN_POINT('',(29.856813160331,12.707434929088));
#1990 = CARTESIAN_POINT('',(29.858126427445,12.698177063965));
#1991 = CARTESIAN_POINT('',(29.860314105287,12.683797973534));
#1992 = CARTESIAN_POINT('',(29.861124152509,12.678666955735));
#1993 = CARTESIAN_POINT('',(29.86196289675,12.673540550734));
#1994 = CARTESIAN_POINT('',(29.870636900243,12.622325044095));
#1995 = CARTESIAN_POINT('',(29.88076467987,12.576624121113));
#1996 = CARTESIAN_POINT('',(29.893183852075,12.531491976951));
#1997 = CARTESIAN_POINT('',(29.912940564688,12.471642160948));
#1998 = CARTESIAN_POINT('',(29.918313539215,12.456275883288));
#1999 = CARTESIAN_POINT('',(29.923955126245,12.441006179941));
#2000 = CARTESIAN_POINT('',(29.933256257366,12.417127584725));
#2001 = CARTESIAN_POINT('',(29.936737660081,12.408449303157));
#2002 = CARTESIAN_POINT('',(29.940306293156,12.399806526184));
#2003 = CARTESIAN_POINT('',(29.94788767111,12.381957121745));
#2004 = CARTESIAN_POINT('',(29.951913732212,12.372756150153));
#2005 = CARTESIAN_POINT('',(29.956039094488,12.363599271192));
#2006 = CARTESIAN_POINT('',(29.964049980983,12.346319433967));
#2007 = CARTESIAN_POINT('',(29.967916168305,12.338187511098));
#2008 = CARTESIAN_POINT('',(29.971861044085,12.330093468288));
#2009 = CARTESIAN_POINT('',(30.000640932143,12.272469071653));
#2010 = CARTESIAN_POINT('',(30.028356344792,12.224377072918));
#2011 = CARTESIAN_POINT('',(30.058897516753,12.178028164953));
#2012 = CARTESIAN_POINT('',(30.097894648583,12.125895841338));
#2013 = CARTESIAN_POINT('',(30.103783828941,12.118192111983));
#2014 = CARTESIAN_POINT('',(30.109753153558,12.110550315398));
#2015 = CARTESIAN_POINT('',(30.147988171635,12.062642600471));
#2016 = CARTESIAN_POINT('',(30.182416269625,12.024102306723));
#2017 = CARTESIAN_POINT('',(30.218936324992,11.98753820243));
#2018 = CARTESIAN_POINT('',(30.283164005306,11.930004318584));
#2019 = CARTESIAN_POINT('',(30.309820160507,11.907860489614));
#2020 = CARTESIAN_POINT('',(30.337284309439,11.886727097291));
#2021 = CARTESIAN_POINT('',(30.365497497239,11.86664611479));
#2022 = ( GEOMETRIC_REPRESENTATION_CONTEXT(2) 
PARAMETRIC_REPRESENTATION_CONTEXT() REPRESENTATION_CONTEXT('2D SPACE',''
  ) );
#2023 = PCURVE('',#2024,#2041);
#2024 = B_SPLINE_SURFACE_WITH_KNOTS('',7,1,(
    (#2025,#2026)
    ,(#2027,#2028)
    ,(#2029,#2030)
    ,(#2031,#2032)
    ,(#2033,#2034)
    ,(#2035,#2036)
    ,(#2037,#2038)
    ,(#2039,#2040
    )),.UNSPECIFIED.,.F.,.F.,.F.,(8,8),(2,2),(3.760166860378,
    4.879212936994),(0.,1.),.PIECEWISE_BEZIER_KNOTS.);
#2025 = CARTESIAN_POINT('',(-9.586602589877,24.531106273331,0.));
#2026 = CARTESIAN_POINT('',(-11.91224698528,30.482185321717,102.));
#2027 = CARTESIAN_POINT('',(-9.679303431335,24.400864326795,0.));
#2028 = CARTESIAN_POINT('',(-12.02743641854,30.320347567368,
    101.99999999999));
#2029 = CARTESIAN_POINT('',(-9.796295443116,24.287911899073,0.));
#2030 = CARTESIAN_POINT('',(-12.17280989435,30.179993651161,102.));
#2031 = CARTESIAN_POINT('',(-9.933708733393,24.197684828693,0.));
#2032 = CARTESIAN_POINT('',(-12.34355871151,30.067878108971,
    101.99999999999));
#2033 = CARTESIAN_POINT('',(-10.08615422367,24.134539839099,0.));
#2034 = CARTESIAN_POINT('',(-12.53298643785,29.989414575631,102.));
#2035 = CARTESIAN_POINT('',(-10.24712026636,24.10117414303,0.));
#2036 = CARTESIAN_POINT('',(-12.73300174451,29.947954589292,
    101.99999999999));
#2037 = CARTESIAN_POINT('',(-10.40971553883,24.098317725749,0.));
#2038 = CARTESIAN_POINT('',(-12.93504152097,29.944405224663,102.));
#2039 = CARTESIAN_POINT('',(-10.56735989603,24.124863295723,0.));
#2040 = CARTESIAN_POINT('',(-13.1309293239,29.977390568838,102.));
#2041 = DEFINITIONAL_REPRESENTATION('',(#2042),#2087);
#2042 = B_SPLINE_CURVE_WITH_KNOTS('',4,(#2043,#2044,#2045,#2046,#2047,
    #2048,#2049,#2050,#2051,#2052,#2053,#2054,#2055,#2056,#2057,#2058,
    #2059,#2060,#2061,#2062,#2063,#2064,#2065,#2066,#2067,#2068,#2069,
    #2070,#2071,#2072,#2073,#2074,#2075,#2076,#2077,#2078,#2079,#2080,
    #2081,#2082,#2083,#2084,#2085,#2086),.UNSPECIFIED.,.F.,.F.,(5,3,3,3,
    3,3,3,3,3,3,3,3,3,3,5),(0.,8.700001438583E-02,0.102000017581,
    0.25699999368,0.283999999597,0.299000002848,0.434000002116,
    0.481000012044,0.508000017841,0.53700002406,0.563000029623,
    0.722999994807,0.751000000959,0.899999986179,1.),.UNSPECIFIED.);
#2043 = CARTESIAN_POINT('',(4.879212936994,0.980392156863));
#2044 = CARTESIAN_POINT('',(4.854873686091,0.980392156863));
#2045 = CARTESIAN_POINT('',(4.830534432519,0.980392156863));
#2046 = CARTESIAN_POINT('',(4.806195179402,0.980392156863));
#2047 = CARTESIAN_POINT('',(4.777659505529,0.980392156863));
#2048 = CARTESIAN_POINT('',(4.773463082738,0.980392156863));
#2049 = CARTESIAN_POINT('',(4.769266659955,0.980392156863));
#2050 = CARTESIAN_POINT('',(4.721707217751,0.980392156863));
#2051 = CARTESIAN_POINT('',(4.678344166155,0.980392156863));
#2052 = CARTESIAN_POINT('',(4.634981114487,0.980392156863));
#2053 = CARTESIAN_POINT('',(4.584064534303,0.980392156863));
#2054 = CARTESIAN_POINT('',(4.576510973287,0.980392156863));
#2055 = CARTESIAN_POINT('',(4.568957412263,0.980392156863));
#2056 = CARTESIAN_POINT('',(4.557207428451,0.980392156863));
#2057 = CARTESIAN_POINT('',(4.553011005665,0.980392156863));
#2058 = CARTESIAN_POINT('',(4.548814582876,0.980392156863));
#2059 = CARTESIAN_POINT('',(4.506850363362,0.980392156863));
#2060 = CARTESIAN_POINT('',(4.469082549953,0.980392156863));
#2061 = CARTESIAN_POINT('',(4.431314736549,0.980392156863));
#2062 = CARTESIAN_POINT('',(4.380398148376,0.980392156863));
#2063 = CARTESIAN_POINT('',(4.367249356931,0.980392156863));
#2064 = CARTESIAN_POINT('',(4.354100565493,0.980392156863));
#2065 = CARTESIAN_POINT('',(4.333398213126,0.980392156863));
#2066 = CARTESIAN_POINT('',(4.325844652107,0.980392156863));
#2067 = CARTESIAN_POINT('',(4.318291091087,0.980392156863));
#2068 = CARTESIAN_POINT('',(4.302624446023,0.980392156863));
#2069 = CARTESIAN_POINT('',(4.294511361964,0.980392156863));
#2070 = CARTESIAN_POINT('',(4.286398277905,0.980392156863));
#2071 = CARTESIAN_POINT('',(4.271011394358,0.980392156863));
#2072 = CARTESIAN_POINT('',(4.263737594859,0.980392156863));
#2073 = CARTESIAN_POINT('',(4.256463795358,0.980392156863));
#2074 = CARTESIAN_POINT('',(4.204428172108,0.980392156863));
#2075 = CARTESIAN_POINT('',(4.159666309601,0.980392156863));
#2076 = CARTESIAN_POINT('',(4.114904447158,0.980392156863));
#2077 = CARTESIAN_POINT('',(4.062309301052,0.980392156863));
#2078 = CARTESIAN_POINT('',(4.054475978508,0.980392156863));
#2079 = CARTESIAN_POINT('',(4.046642655973,0.980392156863));
#2080 = CARTESIAN_POINT('',(3.997124880493,0.980392156863));
#2081 = CARTESIAN_POINT('',(3.955440400907,0.980392156863));
#2082 = CARTESIAN_POINT('',(3.913755921318,0.980392156863));
#2083 = CARTESIAN_POINT('',(3.844095318258,0.980392156863));
#2084 = CARTESIAN_POINT('',(3.816119164569,0.980392156863));
#2085 = CARTESIAN_POINT('',(3.788143010089,0.980392156863));
#2086 = CARTESIAN_POINT('',(3.760166860378,0.980392156863));
#2087 = ( GEOMETRIC_REPRESENTATION_CONTEXT(2) 
PARAMETRIC_REPRESENTATION_CONTEXT() REPRESENTATION_CONTEXT('2D SPACE',''
  ) );
#2088 = ORIENTED_EDGE('',*,*,#2089,.T.);
#2089 = EDGE_CURVE('',#1927,#2090,#2092,.T.);
#2090 = VERTEX_POINT('',#2091);
#2091 = CARTESIAN_POINT('',(-6.555073610827,37.82810011445,100.));
#2092 = SURFACE_CURVE('',#2093,(#2096,#2102),.PCURVE_S1.);
#2093 = B_SPLINE_CURVE_WITH_KNOTS('',1,(#2094,#2095),.UNSPECIFIED.,.F.,
  .F.,(2,2),(0.,1.),.PIECEWISE_BEZIER_KNOTS.);
#2094 = CARTESIAN_POINT('',(-11.86664611479,30.365497497239,100.));
#2095 = CARTESIAN_POINT('',(-6.555073610827,37.82810011445,100.));
#2096 = PCURVE('',#43,#2097);
#2097 = DEFINITIONAL_REPRESENTATION('',(#2098),#2101);
#2098 = B_SPLINE_CURVE_WITH_KNOTS('',1,(#2099,#2100),.UNSPECIFIED.,.F.,
  .F.,(2,2),(0.,1.),.PIECEWISE_BEZIER_KNOTS.);
#2099 = CARTESIAN_POINT('',(30.365497497239,11.86664611479));
#2100 = CARTESIAN_POINT('',(37.82810011445,6.555073610827));
#2101 = ( GEOMETRIC_REPRESENTATION_CONTEXT(2) 
PARAMETRIC_REPRESENTATION_CONTEXT() REPRESENTATION_CONTEXT('2D SPACE',''
  ) );
#2102 = PCURVE('',#2103,#2108);
#2103 = B_SPLINE_SURFACE_WITH_KNOTS('',1,1,(
    (#2104,#2105)
    ,(#2106,#2107
    )),.UNSPECIFIED.,.F.,.F.,.F.,(2,2),(2,2),(11.347743846998,
    20.542814379871),(0.,1.),.PIECEWISE_BEZIER_KNOTS.);
#2104 = CARTESIAN_POINT('',(-5.295589423204,30.559853139576,0.));
#2105 = CARTESIAN_POINT('',(-6.58026329458,37.973465053948,102.));
#2106 = CARTESIAN_POINT('',(-9.586602589877,24.531106273331,0.));
#2107 = CARTESIAN_POINT('',(-11.91224698528,30.482185321717,102.));
#2108 = DEFINITIONAL_REPRESENTATION('',(#2109),#2112);
#2109 = B_SPLINE_CURVE_WITH_KNOTS('',1,(#2110,#2111),.UNSPECIFIED.,.F.,
  .F.,(2,2),(0.,1.),.PIECEWISE_BEZIER_KNOTS.);
#2110 = CARTESIAN_POINT('',(20.542814379871,0.980392156863));
#2111 = CARTESIAN_POINT('',(11.347743846998,0.980392156863));
#2112 = ( GEOMETRIC_REPRESENTATION_CONTEXT(2) 
PARAMETRIC_REPRESENTATION_CONTEXT() REPRESENTATION_CONTEXT('2D SPACE',''
  ) );
#2113 = ORIENTED_EDGE('',*,*,#2114,.T.);
#2114 = EDGE_CURVE('',#2090,#2115,#2117,.T.);
#2115 = VERTEX_POINT('',#2116);
#2116 = CARTESIAN_POINT('',(6.555073610827,37.82810011445,100.));
#2117 = SURFACE_CURVE('',#2118,(#2141,#2167),.PCURVE_S1.);
#2118 = B_SPLINE_CURVE_WITH_KNOTS('',6,(#2119,#2120,#2121,#2122,#2123,
    #2124,#2125,#2126,#2127,#2128,#2129,#2130,#2131,#2132,#2133,#2134,
    #2135,#2136,#2137,#2138,#2139,#2140),.UNSPECIFIED.,.F.,.F.,(7,5,5,5,
    7),(0.,0.250999865349,0.500999866539,0.750999867735,1.),
  .UNSPECIFIED.);
#2119 = CARTESIAN_POINT('',(-6.555073610827,37.82810011445,100.));
#2120 = CARTESIAN_POINT('',(-6.183379093812,38.350319941706,100.));
#2121 = CARTESIAN_POINT('',(-5.761713631264,38.837071430461,100.));
#2122 = CARTESIAN_POINT('',(-5.294405264704,39.282226093425,100.));
#2123 = CARTESIAN_POINT('',(-4.78665141142,39.680630173719,100.));
#2124 = CARTESIAN_POINT('',(-4.244299973968,40.027881810234,100.));
#2125 = CARTESIAN_POINT('',(-3.106048324811,40.612111453331,100.));
#2126 = CARTESIAN_POINT('',(-2.510228606311,40.849595819853,100.));
#2127 = CARTESIAN_POINT('',(-1.893160889565,41.029624198215,100.));
#2128 = CARTESIAN_POINT('',(-1.261746021501,41.150032046707,100.));
#2129 = CARTESIAN_POINT('',(-0.62311410307,41.209607494027,100.));
#2130 = CARTESIAN_POINT('',(0.653760161009,41.207175755379,100.));
#2131 = CARTESIAN_POINT('',(1.29216053129,41.145168268458,100.));
#2132 = CARTESIAN_POINT('',(1.923112200238,41.022356310347,100.));
#2133 = CARTESIAN_POINT('',(2.539489734469,40.839978901129,100.));
#2134 = CARTESIAN_POINT('',(3.13440058171,40.600226851763,100.));
#2135 = CARTESIAN_POINT('',(4.265884315535,40.014015214972,100.));
#2136 = CARTESIAN_POINT('',(4.802819380294,39.667914551107,100.));
#2137 = CARTESIAN_POINT('',(5.305567920618,39.271576559217,100.));
#2138 = CARTESIAN_POINT('',(5.768430418392,38.829311702558,100.));
#2139 = CARTESIAN_POINT('',(6.186340409505,38.34615938055,100.));
#2140 = CARTESIAN_POINT('',(6.555073610827,37.82810011445,100.));
#2141 = PCURVE('',#43,#2142);
#2142 = DEFINITIONAL_REPRESENTATION('',(#2143),#2166);
#2143 = B_SPLINE_CURVE_WITH_KNOTS('',6,(#2144,#2145,#2146,#2147,#2148,
    #2149,#2150,#2151,#2152,#2153,#2154,#2155,#2156,#2157,#2158,#2159,
    #2160,#2161,#2162,#2163,#2164,#2165),.UNSPECIFIED.,.F.,.F.,(7,5,5,5,
    7),(0.,0.250999865349,0.500999866539,0.750999867735,1.),
  .UNSPECIFIED.);
#2144 = CARTESIAN_POINT('',(37.82810011445,6.555073610827));
#2145 = CARTESIAN_POINT('',(38.350319941706,6.183379093813));
#2146 = CARTESIAN_POINT('',(38.837071430461,5.761713631264));
#2147 = CARTESIAN_POINT('',(39.282226093425,5.294405264704));
#2148 = CARTESIAN_POINT('',(39.680630173719,4.78665141142));
#2149 = CARTESIAN_POINT('',(40.027881810234,4.244299973968));
#2150 = CARTESIAN_POINT('',(40.612111453331,3.106048324811));
#2151 = CARTESIAN_POINT('',(40.849595819853,2.510228606311));
#2152 = CARTESIAN_POINT('',(41.029624198215,1.893160889565));
#2153 = CARTESIAN_POINT('',(41.150032046707,1.261746021501));
#2154 = CARTESIAN_POINT('',(41.209607494027,0.62311410307));
#2155 = CARTESIAN_POINT('',(41.207175755379,-0.653760161009));
#2156 = CARTESIAN_POINT('',(41.145168268458,-1.29216053129));
#2157 = CARTESIAN_POINT('',(41.022356310347,-1.923112200238));
#2158 = CARTESIAN_POINT('',(40.839978901129,-2.539489734469));
#2159 = CARTESIAN_POINT('',(40.600226851763,-3.13440058171));
#2160 = CARTESIAN_POINT('',(40.014015214972,-4.265884315535));
#2161 = CARTESIAN_POINT('',(39.667914551107,-4.802819380294));
#2162 = CARTESIAN_POINT('',(39.271576559217,-5.305567920618));
#2163 = CARTESIAN_POINT('',(38.829311702558,-5.768430418392));
#2164 = CARTESIAN_POINT('',(38.34615938055,-6.186340409505));
#2165 = CARTESIAN_POINT('',(37.82810011445,-6.555073610827));
#2166 = ( GEOMETRIC_REPRESENTATION_CONTEXT(2) 
PARAMETRIC_REPRESENTATION_CONTEXT() REPRESENTATION_CONTEXT('2D SPACE',''
  ) );
#2167 = PCURVE('',#2168,#2189);
#2168 = B_SPLINE_SURFACE_WITH_KNOTS('',9,1,(
    (#2169,#2170)
    ,(#2171,#2172)
    ,(#2173,#2174)
    ,(#2175,#2176)
    ,(#2177,#2178)
    ,(#2179,#2180)
    ,(#2181,#2182)
    ,(#2183,#2184)
    ,(#2185,#2186)
    ,(#2187,#2188
    )),.UNSPECIFIED.,.F.,.F.,.F.,(10,10),(2,2),(0.618574206789,
    2.523018446801),(0.,1.),.PIECEWISE_BEZIER_KNOTS.);
#2169 = CARTESIAN_POINT('',(5.295589423204,30.559853139576,0.));
#2170 = CARTESIAN_POINT('',(6.58026329458,37.973465053948,102.));
#2171 = CARTESIAN_POINT('',(4.498011992467,31.680425892297,0.));
#2172 = CARTESIAN_POINT('',(5.589199019644,39.36588111274,102.));
#2173 = CARTESIAN_POINT('',(3.433676031402,32.611131091947,0.));
#2174 = CARTESIAN_POINT('',(4.266662414557,40.522369045224,102.));
#2175 = CARTESIAN_POINT('',(2.154237502038,33.279392074864,0.));
#2176 = CARTESIAN_POINT('',(2.676840825377,41.352745584204,102.));
#2177 = CARTESIAN_POINT('',(0.734388974768,33.629035562697,0.));
#2178 = CARTESIAN_POINT('',(0.912546730574,41.787210197167,
    101.99999999999));
#2179 = CARTESIAN_POINT('',(-0.734388974768,33.629035562697,0.));
#2180 = CARTESIAN_POINT('',(-0.912546730574,41.787210197169,102.));
#2181 = CARTESIAN_POINT('',(-2.154237502038,33.279392074864,0.));
#2182 = CARTESIAN_POINT('',(-2.676840825377,41.352745584202,
    101.99999999999));
#2183 = CARTESIAN_POINT('',(-3.433676031402,32.611131091946,0.));
#2184 = CARTESIAN_POINT('',(-4.266662414557,40.522369045225,102.));
#2185 = CARTESIAN_POINT('',(-4.498011992467,31.680425892297,0.));
#2186 = CARTESIAN_POINT('',(-5.589199019644,39.36588111274,
    101.99999999999));
#2187 = CARTESIAN_POINT('',(-5.295589423204,30.559853139576,0.));
#2188 = CARTESIAN_POINT('',(-6.58026329458,37.973465053948,102.));
#2189 = DEFINITIONAL_REPRESENTATION('',(#2190),#2213);
#2190 = B_SPLINE_CURVE_WITH_KNOTS('',6,(#2191,#2192,#2193,#2194,#2195,
    #2196,#2197,#2198,#2199,#2200,#2201,#2202,#2203,#2204,#2205,#2206,
    #2207,#2208,#2209,#2210,#2211,#2212),.UNSPECIFIED.,.F.,.F.,(7,5,5,5,
    7),(0.,0.250999865349,0.500999866539,0.750999867735,1.),
  .UNSPECIFIED.);
#2191 = CARTESIAN_POINT('',(2.523018446801,0.980392156863));
#2192 = CARTESIAN_POINT('',(2.443351938344,0.980392156863));
#2193 = CARTESIAN_POINT('',(2.363675552436,0.980392156863));
#2194 = CARTESIAN_POINT('',(2.28401069416,0.980392156863));
#2195 = CARTESIAN_POINT('',(2.204345839226,0.980392156863));
#2196 = CARTESIAN_POINT('',(2.124669450172,0.980392156863));
#2197 = CARTESIAN_POINT('',(1.965653788444,0.980392156863));
#2198 = CARTESIAN_POINT('',(1.886294946527,0.980392156863));
#2199 = CARTESIAN_POINT('',(1.806947412912,0.980392156863));
#2200 = CARTESIAN_POINT('',(1.727599878986,0.980392156863));
#2201 = CARTESIAN_POINT('',(1.648241036799,0.980392156863));
#2202 = CARTESIAN_POINT('',(1.489542728309,0.980392156863));
#2203 = CARTESIAN_POINT('',(1.410183886115,0.980392156863));
#2204 = CARTESIAN_POINT('',(1.330836352188,0.980392156863));
#2205 = CARTESIAN_POINT('',(1.25148881858,0.980392156863));
#2206 = CARTESIAN_POINT('',(1.172129976666,0.980392156863));
#2207 = CARTESIAN_POINT('',(1.013749023452,0.980392156863));
#2208 = CARTESIAN_POINT('',(0.934707725756,0.980392156863));
#2209 = CARTESIAN_POINT('',(0.855677515133,0.980392156863));
#2210 = CARTESIAN_POINT('',(0.776647301308,0.980392156863));
#2211 = CARTESIAN_POINT('',(0.697606006713,0.980392156863));
#2212 = CARTESIAN_POINT('',(0.618574206789,0.980392156863));
#2213 = ( GEOMETRIC_REPRESENTATION_CONTEXT(2) 
PARAMETRIC_REPRESENTATION_CONTEXT() REPRESENTATION_CONTEXT('2D SPACE',''
  ) );
#2214 = ORIENTED_EDGE('',*,*,#2215,.T.);
#2215 = EDGE_CURVE('',#2115,#2216,#2218,.T.);
#2216 = VERTEX_POINT('',#2217);
#2217 = CARTESIAN_POINT('',(11.86664611479,30.365497497239,100.));
#2218 = SURFACE_CURVE('',#2219,(#2222,#2228),.PCURVE_S1.);
#2219 = B_SPLINE_CURVE_WITH_KNOTS('',1,(#2220,#2221),.UNSPECIFIED.,.F.,
  .F.,(2,2),(0.,1.),.PIECEWISE_BEZIER_KNOTS.);
#2220 = CARTESIAN_POINT('',(6.555073610827,37.82810011445,100.));
#2221 = CARTESIAN_POINT('',(11.86664611479,30.365497497239,100.));
#2222 = PCURVE('',#43,#2223);
#2223 = DEFINITIONAL_REPRESENTATION('',(#2224),#2227);
#2224 = B_SPLINE_CURVE_WITH_KNOTS('',1,(#2225,#2226),.UNSPECIFIED.,.F.,
  .F.,(2,2),(0.,1.),.PIECEWISE_BEZIER_KNOTS.);
#2225 = CARTESIAN_POINT('',(37.82810011445,-6.555073610827));
#2226 = CARTESIAN_POINT('',(30.365497497239,-11.86664611479));
#2227 = ( GEOMETRIC_REPRESENTATION_CONTEXT(2) 
PARAMETRIC_REPRESENTATION_CONTEXT() REPRESENTATION_CONTEXT('2D SPACE',''
  ) );
#2228 = PCURVE('',#2229,#2234);
#2229 = B_SPLINE_SURFACE_WITH_KNOTS('',1,1,(
    (#2230,#2231)
    ,(#2232,#2233
    )),.UNSPECIFIED.,.F.,.F.,.F.,(2,2),(2,2),(0.778217835062,
    9.973288367936),(0.,1.),.PIECEWISE_BEZIER_KNOTS.);
#2230 = CARTESIAN_POINT('',(9.586602589877,24.531106273331,0.));
#2231 = CARTESIAN_POINT('',(11.912246985289,30.482185321717,102.));
#2232 = CARTESIAN_POINT('',(5.295589423204,30.559853139576,0.));
#2233 = CARTESIAN_POINT('',(6.58026329458,37.973465053948,102.));
#2234 = DEFINITIONAL_REPRESENTATION('',(#2235),#2238);
#2235 = B_SPLINE_CURVE_WITH_KNOTS('',1,(#2236,#2237),.UNSPECIFIED.,.F.,
  .F.,(2,2),(0.,1.),.PIECEWISE_BEZIER_KNOTS.);
#2236 = CARTESIAN_POINT('',(9.973288367936,0.980392156863));
#2237 = CARTESIAN_POINT('',(0.778217835062,0.980392156863));
#2238 = ( GEOMETRIC_REPRESENTATION_CONTEXT(2) 
PARAMETRIC_REPRESENTATION_CONTEXT() REPRESENTATION_CONTEXT('2D SPACE',''
  ) );
#2239 = ORIENTED_EDGE('',*,*,#2240,.T.);
#2240 = EDGE_CURVE('',#2216,#2241,#2243,.T.);
#2241 = VERTEX_POINT('',#2242);
#2242 = CARTESIAN_POINT('',(13.080663256692,29.86263513211,100.));
#2243 = SURFACE_CURVE('',#2244,(#2280,#2319),.PCURVE_S1.);
#2244 = B_SPLINE_CURVE_WITH_KNOTS('',4,(#2245,#2246,#2247,#2248,#2249,
    #2250,#2251,#2252,#2253,#2254,#2255,#2256,#2257,#2258,#2259,#2260,
    #2261,#2262,#2263,#2264,#2265,#2266,#2267,#2268,#2269,#2270,#2271,
    #2272,#2273,#2274,#2275,#2276,#2277,#2278,#2279),.UNSPECIFIED.,.F.,
  .F.,(5,3,3,3,3,3,3,3,3,3,3,5),(0.,9.200003931444E-02,0.264000025469,
    0.285000035733,0.45000003511,0.471000045294,0.500000059359,
    0.700999940908,0.718999949652,0.736999958437,0.901999959536,1.),
  .UNSPECIFIED.);
#2245 = CARTESIAN_POINT('',(11.86664611479,30.365497497239,100.));
#2246 = CARTESIAN_POINT('',(11.885120619022,30.339541363999,100.));
#2247 = CARTESIAN_POINT('',(11.904485880715,30.314219220206,100.));
#2248 = CARTESIAN_POINT('',(11.924709222777,30.289576964258,100.));
#2249 = CARTESIAN_POINT('',(11.985096929465,30.220936802661,100.));
#2250 = CARTESIAN_POINT('',(12.02730981231,30.178740714576,100.));
#2251 = CARTESIAN_POINT('',(12.072148155034,30.139345786675,100.));
#2252 = CARTESIAN_POINT('',(12.125078923687,30.098537195327,100.));
#2253 = CARTESIAN_POINT('',(12.130873015493,30.094141994586,100.));
#2254 = CARTESIAN_POINT('',(12.136701359625,30.089792317122,100.));
#2255 = CARTESIAN_POINT('',(12.1886224121,30.051673334011,100.));
#2256 = CARTESIAN_POINT('',(12.236762853297,30.020692796657,100.));
#2257 = CARTESIAN_POINT('',(12.286722053948,29.992739728259,100.));
#2258 = CARTESIAN_POINT('',(12.344759012838,29.96480115392,100.));
#2259 = CARTESIAN_POINT('',(12.351336284642,29.961698125693,100.));
#2260 = CARTESIAN_POINT('',(12.35793766239,29.958646716119,100.));
#2261 = CARTESIAN_POINT('',(12.373711171664,29.951505014148,100.));
#2262 = CARTESIAN_POINT('',(12.382904614938,29.947461791794,100.));
#2263 = CARTESIAN_POINT('',(12.392141260107,29.94351826136,100.));
#2264 = CARTESIAN_POINT('',(12.465727060457,29.913038024857,100.));
#2265 = CARTESIAN_POINT('',(12.532032393677,29.89122226888,100.));
#2266 = CARTESIAN_POINT('',(12.599790280198,29.874453451784,100.));
#2267 = CARTESIAN_POINT('',(12.674564861073,29.861789416645,100.));
#2268 = CARTESIAN_POINT('',(12.680717711872,29.860789801064,100.));
#2269 = CARTESIAN_POINT('',(12.686877135827,29.859831520921,100.));
#2270 = CARTESIAN_POINT('',(12.699208296168,29.857997755516,100.));
#2271 = CARTESIAN_POINT('',(12.705380032561,29.857122270253,100.));
#2272 = CARTESIAN_POINT('',(12.71155750822,29.856288244436,100.));
#2273 = CARTESIAN_POINT('',(12.774415915204,29.848231034684,100.));
#2274 = CARTESIAN_POINT('',(12.8315388896,29.844454565998,100.));
#2275 = CARTESIAN_POINT('',(12.888786029058,29.84420769056,100.));
#2276 = CARTESIAN_POINT('',(12.979713905606,29.849410561794,100.));
#2277 = CARTESIAN_POINT('',(13.013524931415,29.852587844133,100.));
#2278 = CARTESIAN_POINT('',(13.047197103922,29.85699980132,100.));
#2279 = CARTESIAN_POINT('',(13.080663256692,29.86263513211,100.));
#2280 = PCURVE('',#43,#2281);
#2281 = DEFINITIONAL_REPRESENTATION('',(#2282),#2318);
#2282 = B_SPLINE_CURVE_WITH_KNOTS('',4,(#2283,#2284,#2285,#2286,#2287,
    #2288,#2289,#2290,#2291,#2292,#2293,#2294,#2295,#2296,#2297,#2298,
    #2299,#2300,#2301,#2302,#2303,#2304,#2305,#2306,#2307,#2308,#2309,
    #2310,#2311,#2312,#2313,#2314,#2315,#2316,#2317),.UNSPECIFIED.,.F.,
  .F.,(5,3,3,3,3,3,3,3,3,3,3,5),(0.,9.200003931444E-02,0.264000025469,
    0.285000035733,0.45000003511,0.471000045294,0.500000059359,
    0.700999940908,0.718999949652,0.736999958437,0.901999959536,1.),
  .UNSPECIFIED.);
#2283 = CARTESIAN_POINT('',(30.365497497239,-11.86664611479));
#2284 = CARTESIAN_POINT('',(30.339541363999,-11.88512061902));
#2285 = CARTESIAN_POINT('',(30.314219220206,-11.90448588071));
#2286 = CARTESIAN_POINT('',(30.289576964258,-11.92470922277));
#2287 = CARTESIAN_POINT('',(30.220936802661,-11.98509692946));
#2288 = CARTESIAN_POINT('',(30.178740714576,-12.02730981231));
#2289 = CARTESIAN_POINT('',(30.139345786675,-12.07214815503));
#2290 = CARTESIAN_POINT('',(30.098537195327,-12.12507892368));
#2291 = CARTESIAN_POINT('',(30.094141994586,-12.13087301549));
#2292 = CARTESIAN_POINT('',(30.089792317122,-12.13670135962));
#2293 = CARTESIAN_POINT('',(30.051673334011,-12.1886224121));
#2294 = CARTESIAN_POINT('',(30.020692796657,-12.23676285329));
#2295 = CARTESIAN_POINT('',(29.992739728259,-12.28672205394));
#2296 = CARTESIAN_POINT('',(29.96480115392,-12.34475901283));
#2297 = CARTESIAN_POINT('',(29.961698125693,-12.35133628464));
#2298 = CARTESIAN_POINT('',(29.958646716119,-12.35793766239));
#2299 = CARTESIAN_POINT('',(29.951505014148,-12.37371117166));
#2300 = CARTESIAN_POINT('',(29.947461791794,-12.38290461493));
#2301 = CARTESIAN_POINT('',(29.94351826136,-12.3921412601));
#2302 = CARTESIAN_POINT('',(29.913038024857,-12.46572706045));
#2303 = CARTESIAN_POINT('',(29.89122226888,-12.53203239367));
#2304 = CARTESIAN_POINT('',(29.874453451784,-12.59979028019));
#2305 = CARTESIAN_POINT('',(29.861789416645,-12.67456486107));
#2306 = CARTESIAN_POINT('',(29.860789801064,-12.68071771187));
#2307 = CARTESIAN_POINT('',(29.859831520921,-12.68687713582));
#2308 = CARTESIAN_POINT('',(29.857997755516,-12.69920829616));
#2309 = CARTESIAN_POINT('',(29.857122270253,-12.70538003256));
#2310 = CARTESIAN_POINT('',(29.856288244436,-12.71155750822));
#2311 = CARTESIAN_POINT('',(29.848231034684,-12.7744159152));
#2312 = CARTESIAN_POINT('',(29.844454565998,-12.8315388896));
#2313 = CARTESIAN_POINT('',(29.84420769056,-12.88878602905));
#2314 = CARTESIAN_POINT('',(29.849410561794,-12.9797139056));
#2315 = CARTESIAN_POINT('',(29.852587844133,-13.01352493141));
#2316 = CARTESIAN_POINT('',(29.85699980132,-13.04719710392));
#2317 = CARTESIAN_POINT('',(29.86263513211,-13.08066325669));
#2318 = ( GEOMETRIC_REPRESENTATION_CONTEXT(2) 
PARAMETRIC_REPRESENTATION_CONTEXT() REPRESENTATION_CONTEXT('2D SPACE',''
  ) );
#2319 = PCURVE('',#2320,#2337);
#2320 = B_SPLINE_SURFACE_WITH_KNOTS('',7,1,(
    (#2321,#2322)
    ,(#2323,#2324)
    ,(#2325,#2326)
    ,(#2327,#2328)
    ,(#2329,#2330)
    ,(#2331,#2332)
    ,(#2333,#2334)
    ,(#2335,#2336
    )),.UNSPECIFIED.,.F.,.F.,.F.,(8,8),(2,2),(4.545565023776,
    5.664611100391),(0.,1.),.PIECEWISE_BEZIER_KNOTS.);
#2321 = CARTESIAN_POINT('',(10.567359896038,24.124863295723,0.));
#2322 = CARTESIAN_POINT('',(13.130929323905,29.977390568838,102.));
#2323 = CARTESIAN_POINT('',(10.40971553883,24.098317725749,0.));
#2324 = CARTESIAN_POINT('',(12.935041520975,29.944405224663,102.));
#2325 = CARTESIAN_POINT('',(10.247120266361,24.10117414303,0.));
#2326 = CARTESIAN_POINT('',(12.733001744513,29.947954589292,102.));
#2327 = CARTESIAN_POINT('',(10.086154223669,24.134539839098,0.));
#2328 = CARTESIAN_POINT('',(12.532986437858,29.98941457563,
    101.99999999999));
#2329 = CARTESIAN_POINT('',(9.933708733394,24.197684828694,0.));
#2330 = CARTESIAN_POINT('',(12.343558711514,30.067878108972,102.));
#2331 = CARTESIAN_POINT('',(9.796295443116,24.287911899072,0.));
#2332 = CARTESIAN_POINT('',(12.17280989435,30.17999365116,
    101.99999999999));
#2333 = CARTESIAN_POINT('',(9.679303431335,24.400864326795,0.));
#2334 = CARTESIAN_POINT('',(12.027436418546,30.320347567368,102.));
#2335 = CARTESIAN_POINT('',(9.586602589877,24.531106273331,0.));
#2336 = CARTESIAN_POINT('',(11.912246985289,30.482185321717,102.));
#2337 = DEFINITIONAL_REPRESENTATION('',(#2338),#2374);
#2338 = B_SPLINE_CURVE_WITH_KNOTS('',4,(#2339,#2340,#2341,#2342,#2343,
    #2344,#2345,#2346,#2347,#2348,#2349,#2350,#2351,#2352,#2353,#2354,
    #2355,#2356,#2357,#2358,#2359,#2360,#2361,#2362,#2363,#2364,#2365,
    #2366,#2367,#2368,#2369,#2370,#2371,#2372,#2373),.UNSPECIFIED.,.F.,
  .F.,(5,3,3,3,3,3,3,3,3,3,3,5),(0.,9.200003931444E-02,0.264000025469,
    0.285000035733,0.45000003511,0.471000045294,0.500000059359,
    0.700999940908,0.718999949652,0.736999958437,0.901999959536,1.),
  .UNSPECIFIED.);
#2339 = CARTESIAN_POINT('',(5.664611100391,0.980392156863));
#2340 = CARTESIAN_POINT('',(5.638873042197,0.980392156863));
#2341 = CARTESIAN_POINT('',(5.613134980648,0.980392156863));
#2342 = CARTESIAN_POINT('',(5.587396919672,0.980392156863));
#2343 = CARTESIAN_POINT('',(5.513539907163,0.980392156863));
#2344 = CARTESIAN_POINT('',(5.465420898571,0.980392156863));
#2345 = CARTESIAN_POINT('',(5.417301889991,0.980392156863));
#2346 = CARTESIAN_POINT('',(5.363307944271,0.980392156863));
#2347 = CARTESIAN_POINT('',(5.357432952371,0.980392156863));
#2348 = CARTESIAN_POINT('',(5.351557960465,0.980392156863));
#2349 = CARTESIAN_POINT('',(5.299522340575,0.980392156863));
#2350 = CARTESIAN_POINT('',(5.253361667308,0.980392156863));
#2351 = CARTESIAN_POINT('',(5.207200994023,0.980392156863));
#2352 = CARTESIAN_POINT('',(5.155165374011,0.980392156863));
#2353 = CARTESIAN_POINT('',(5.149290382108,0.980392156863));
#2354 = CARTESIAN_POINT('',(5.143415390205,0.980392156863));
#2355 = CARTESIAN_POINT('',(5.129427314252,0.980392156863));
#2356 = CARTESIAN_POINT('',(5.121314230193,0.980392156863));
#2357 = CARTESIAN_POINT('',(5.113201146134,0.980392156863));
#2358 = CARTESIAN_POINT('',(5.048856057176,0.980392156863));
#2359 = CARTESIAN_POINT('',(4.992623931446,0.980392156863));
#2360 = CARTESIAN_POINT('',(4.936391805632,0.980392156863));
#2361 = CARTESIAN_POINT('',(4.875124093334,0.980392156863));
#2362 = CARTESIAN_POINT('',(4.870088385987,0.980392156863));
#2363 = CARTESIAN_POINT('',(4.865052678643,0.980392156863));
#2364 = CARTESIAN_POINT('',(4.854981263954,0.980392156863));
#2365 = CARTESIAN_POINT('',(4.849945556607,0.980392156863));
#2366 = CARTESIAN_POINT('',(4.844909849264,0.980392156863));
#2367 = CARTESIAN_POINT('',(4.793713513547,0.980392156863));
#2368 = CARTESIAN_POINT('',(4.747552840701,0.980392156863));
#2369 = CARTESIAN_POINT('',(4.701392167928,0.980392156863));
#2370 = CARTESIAN_POINT('',(4.627814912345,0.980392156863));
#2371 = CARTESIAN_POINT('',(4.600398281852,0.980392156863));
#2372 = CARTESIAN_POINT('',(4.572981650627,0.980392156863));
#2373 = CARTESIAN_POINT('',(4.545565023776,0.980392156863));
#2374 = ( GEOMETRIC_REPRESENTATION_CONTEXT(2) 
PARAMETRIC_REPRESENTATION_CONTEXT() REPRESENTATION_CONTEXT('2D SPACE',''
  ) );
#2375 = ORIENTED_EDGE('',*,*,#2376,.T.);
#2376 = EDGE_CURVE('',#2241,#2377,#2379,.T.);
#2377 = VERTEX_POINT('',#2378);
#2378 = CARTESIAN_POINT('',(22.113369108939,31.383643111724,100.));
#2379 = SURFACE_CURVE('',#2380,(#2383,#2389),.PCURVE_S1.);
#2380 = B_SPLINE_CURVE_WITH_KNOTS('',1,(#2381,#2382),.UNSPECIFIED.,.F.,
  .F.,(2,2),(0.,1.),.PIECEWISE_BEZIER_KNOTS.);
#2381 = CARTESIAN_POINT('',(13.080663256692,29.86263513211,100.));
#2382 = CARTESIAN_POINT('',(22.113369108939,31.383643111724,100.));
#2383 = PCURVE('',#43,#2384);
#2384 = DEFINITIONAL_REPRESENTATION('',(#2385),#2388);
#2385 = B_SPLINE_CURVE_WITH_KNOTS('',1,(#2386,#2387),.UNSPECIFIED.,.F.,
  .F.,(2,2),(0.,1.),.PIECEWISE_BEZIER_KNOTS.);
#2386 = CARTESIAN_POINT('',(29.86263513211,-13.08066325669));
#2387 = CARTESIAN_POINT('',(31.383643111724,-22.11336910893));
#2388 = ( GEOMETRIC_REPRESENTATION_CONTEXT(2) 
PARAMETRIC_REPRESENTATION_CONTEXT() REPRESENTATION_CONTEXT('2D SPACE',''
  ) );
#2389 = PCURVE('',#2390,#2395);
#2390 = B_SPLINE_SURFACE_WITH_KNOTS('',1,1,(
    (#2391,#2392)
    ,(#2393,#2394
    )),.UNSPECIFIED.,.F.,.F.,.F.,(2,2),(2,2),(11.347743846998,
    20.542814379871),(0.,1.),.PIECEWISE_BEZIER_KNOTS.);
#2391 = CARTESIAN_POINT('',(17.864532195532,25.353626578586,0.));
#2392 = CARTESIAN_POINT('',(22.198345847207,31.504243442387,102.));
#2393 = CARTESIAN_POINT('',(10.567359896038,24.124863295723,0.));
#2394 = CARTESIAN_POINT('',(13.130929323905,29.977390568838,102.));
#2395 = DEFINITIONAL_REPRESENTATION('',(#2396),#2399);
#2396 = B_SPLINE_CURVE_WITH_KNOTS('',1,(#2397,#2398),.UNSPECIFIED.,.F.,
  .F.,(2,2),(0.,1.),.PIECEWISE_BEZIER_KNOTS.);
#2397 = CARTESIAN_POINT('',(20.542814379871,0.980392156863));
#2398 = CARTESIAN_POINT('',(11.347743846998,0.980392156863));
#2399 = ( GEOMETRIC_REPRESENTATION_CONTEXT(2) 
PARAMETRIC_REPRESENTATION_CONTEXT() REPRESENTATION_CONTEXT('2D SPACE',''
  ) );
#2400 = ORIENTED_EDGE('',*,*,#2401,.T.);
#2401 = EDGE_CURVE('',#2377,#2402,#2404,.T.);
#2402 = VERTEX_POINT('',#2403);
#2403 = CARTESIAN_POINT('',(31.383643111724,22.113369108939,100.));
#2404 = SURFACE_CURVE('',#2405,(#2428,#2454),.PCURVE_S1.);
#2405 = B_SPLINE_CURVE_WITH_KNOTS('',6,(#2406,#2407,#2408,#2409,#2410,
    #2411,#2412,#2413,#2414,#2415,#2416,#2417,#2418,#2419,#2420,#2421,
    #2422,#2423,#2424,#2425,#2426,#2427),.UNSPECIFIED.,.F.,.F.,(7,5,5,5,
    7),(0.,0.25099986535,0.500999866539,0.750999867735,1.),
  .UNSPECIFIED.);
#2406 = CARTESIAN_POINT('',(22.113369108939,31.383643111724,100.));
#2407 = CARTESIAN_POINT('',(22.745462003571,31.490080579336,100.));
#2408 = CARTESIAN_POINT('',(23.387809789988,31.536103349827,100.));
#2409 = CARTESIAN_POINT('',(24.033018585737,31.520438315787,100.));
#2410 = CARTESIAN_POINT('',(24.673769005404,31.443116349782,100.));
#2411 = CARTESIAN_POINT('',(25.302813371566,31.305159957533,100.));
#2412 = CARTESIAN_POINT('',(26.520791573787,30.913407240121,100.));
#2413 = CARTESIAN_POINT('',(27.110026543096,30.660025882799,100.));
#2414 = CARTESIAN_POINT('',(27.673658597205,30.350992402982,100.));
#2415 = CARTESIAN_POINT('',(28.205277538332,29.98965587421,100.));
#2416 = CARTESIAN_POINT('',(28.698984701329,29.580201116796,100.));
#2417 = CARTESIAN_POINT('',(29.600151653293,28.675595167055,100.));
#2418 = CARTESIAN_POINT('',(30.007722969745,28.180332021632,100.));
#2419 = CARTESIAN_POINT('',(30.367032005067,27.647340649528,100.));
#2420 = CARTESIAN_POINT('',(30.673916436501,27.082535612507,100.));
#2421 = CARTESIAN_POINT('',(30.925051630875,26.492339818312,100.));
#2422 = CARTESIAN_POINT('',(31.31061722828,25.277745773737,100.));
#2423 = CARTESIAN_POINT('',(31.445557527236,24.653345221996,100.));
#2424 = CARTESIAN_POINT('',(31.520801147624,24.017595038195,100.));
#2425 = CARTESIAN_POINT('',(31.535365879333,23.377573348037,100.));
#2426 = CARTESIAN_POINT('',(31.489232584736,22.740426076158,100.));
#2427 = CARTESIAN_POINT('',(31.383643111724,22.113369108939,100.));
#2428 = PCURVE('',#43,#2429);
#2429 = DEFINITIONAL_REPRESENTATION('',(#2430),#2453);
#2430 = B_SPLINE_CURVE_WITH_KNOTS('',6,(#2431,#2432,#2433,#2434,#2435,
    #2436,#2437,#2438,#2439,#2440,#2441,#2442,#2443,#2444,#2445,#2446,
    #2447,#2448,#2449,#2450,#2451,#2452),.UNSPECIFIED.,.F.,.F.,(7,5,5,5,
    7),(0.,0.25099986535,0.500999866539,0.750999867735,1.),
  .UNSPECIFIED.);
#2431 = CARTESIAN_POINT('',(31.383643111724,-22.11336910893));
#2432 = CARTESIAN_POINT('',(31.490080579336,-22.74546200357));
#2433 = CARTESIAN_POINT('',(31.536103349827,-23.38780978998));
#2434 = CARTESIAN_POINT('',(31.520438315787,-24.03301858573));
#2435 = CARTESIAN_POINT('',(31.443116349782,-24.6737690054));
#2436 = CARTESIAN_POINT('',(31.305159957533,-25.30281337156));
#2437 = CARTESIAN_POINT('',(30.913407240121,-26.52079157378));
#2438 = CARTESIAN_POINT('',(30.660025882799,-27.11002654309));
#2439 = CARTESIAN_POINT('',(30.350992402982,-27.6736585972));
#2440 = CARTESIAN_POINT('',(29.98965587421,-28.20527753833));
#2441 = CARTESIAN_POINT('',(29.580201116796,-28.69898470132));
#2442 = CARTESIAN_POINT('',(28.675595167055,-29.60015165329));
#2443 = CARTESIAN_POINT('',(28.180332021632,-30.00772296974));
#2444 = CARTESIAN_POINT('',(27.647340649528,-30.36703200506));
#2445 = CARTESIAN_POINT('',(27.082535612507,-30.6739164365));
#2446 = CARTESIAN_POINT('',(26.492339818312,-30.92505163087));
#2447 = CARTESIAN_POINT('',(25.277745773737,-31.31061722828));
#2448 = CARTESIAN_POINT('',(24.653345221996,-31.44555752723));
#2449 = CARTESIAN_POINT('',(24.017595038195,-31.52080114762));
#2450 = CARTESIAN_POINT('',(23.377573348037,-31.53536587933));
#2451 = CARTESIAN_POINT('',(22.740426076158,-31.48923258473));
#2452 = CARTESIAN_POINT('',(22.113369108939,-31.38364311172));
#2453 = ( GEOMETRIC_REPRESENTATION_CONTEXT(2) 
PARAMETRIC_REPRESENTATION_CONTEXT() REPRESENTATION_CONTEXT('2D SPACE',''
  ) );
#2454 = PCURVE('',#2455,#2476);
#2455 = B_SPLINE_SURFACE_WITH_KNOTS('',9,1,(
    (#2456,#2457)
    ,(#2458,#2459)
    ,(#2460,#2461)
    ,(#2462,#2463)
    ,(#2464,#2465)
    ,(#2466,#2467)
    ,(#2468,#2469)
    ,(#2470,#2471)
    ,(#2472,#2473)
    ,(#2474,#2475
    )),.UNSPECIFIED.,.F.,.F.,.F.,(10,10),(2,2),(6.116361350571,
    8.020805590583),(0.,1.),.PIECEWISE_BEZIER_KNOTS.);
#2456 = CARTESIAN_POINT('',(25.353626578586,17.864532195532,0.));
#2457 = CARTESIAN_POINT('',(31.504243442387,22.198345847207,102.));
#2458 = CARTESIAN_POINT('',(25.582018761052,19.220869197589,0.));
#2459 = CARTESIAN_POINT('',(31.788042010393,23.88372095401,
    101.99999999999));
#2460 = CARTESIAN_POINT('',(25.487527543483,20.631576331079,0.));
#2461 = CARTESIAN_POINT('',(31.670627867991,25.636656015257,
    102.00000000001));
#2462 = CARTESIAN_POINT('',(25.055359755875,22.008807863921,0.));
#2463 = CARTESIAN_POINT('',(31.133619123048,27.347994523487,
    101.99999999998));
#2464 = CARTESIAN_POINT('',(24.298610515239,23.260027667065,0.));
#2465 = CARTESIAN_POINT('',(30.19328767863,28.902751715952,
    102.00000000002));
#2466 = CARTESIAN_POINT('',(23.260027667054,24.298610515228,0.));
#2467 = CARTESIAN_POINT('',(28.902751715942,30.193287678619,
    101.99999999997));
#2468 = CARTESIAN_POINT('',(22.008807863929,25.055359755883,0.));
#2469 = CARTESIAN_POINT('',(27.347994523494,31.133619123056,
    102.00000000001));
#2470 = CARTESIAN_POINT('',(20.631576331075,25.487527543479,0.));
#2471 = CARTESIAN_POINT('',(25.636656015253,31.670627867987,
    101.99999999999));
#2472 = CARTESIAN_POINT('',(19.22086919759,25.582018761054,0.));
#2473 = CARTESIAN_POINT('',(23.883720954011,31.788042010394,102.));
#2474 = CARTESIAN_POINT('',(17.864532195532,25.353626578586,0.));
#2475 = CARTESIAN_POINT('',(22.198345847207,31.504243442387,102.));
#2476 = DEFINITIONAL_REPRESENTATION('',(#2477),#2500);
#2477 = B_SPLINE_CURVE_WITH_KNOTS('',6,(#2478,#2479,#2480,#2481,#2482,
    #2483,#2484,#2485,#2486,#2487,#2488,#2489,#2490,#2491,#2492,#2493,
    #2494,#2495,#2496,#2497,#2498,#2499),.UNSPECIFIED.,.F.,.F.,(7,5,5,5,
    7),(0.,0.25099986535,0.500999866539,0.750999867735,1.),
  .UNSPECIFIED.);
#2478 = CARTESIAN_POINT('',(8.020805590583,0.980392156863));
#2479 = CARTESIAN_POINT('',(7.941139082126,0.980392156863));
#2480 = CARTESIAN_POINT('',(7.861462696217,0.980392156863));
#2481 = CARTESIAN_POINT('',(7.781797837943,0.980392156863));
#2482 = CARTESIAN_POINT('',(7.702132983008,0.980392156863));
#2483 = CARTESIAN_POINT('',(7.622456593954,0.980392156863));
#2484 = CARTESIAN_POINT('',(7.463440932226,0.980392156863));
#2485 = CARTESIAN_POINT('',(7.384082090309,0.980392156863));
#2486 = CARTESIAN_POINT('',(7.304734556694,0.980392156863));
#2487 = CARTESIAN_POINT('',(7.225387022768,0.980392156863));
#2488 = CARTESIAN_POINT('',(7.146028180581,0.980392156863));
#2489 = CARTESIAN_POINT('',(6.987329872091,0.980392156863));
#2490 = CARTESIAN_POINT('',(6.907971029898,0.980392156863));
#2491 = CARTESIAN_POINT('',(6.82862349597,0.980392156863));
#2492 = CARTESIAN_POINT('',(6.749275962362,0.980392156863));
#2493 = CARTESIAN_POINT('',(6.669917120448,0.980392156863));
#2494 = CARTESIAN_POINT('',(6.511536167234,0.980392156863));
#2495 = CARTESIAN_POINT('',(6.432494869538,0.980392156863));
#2496 = CARTESIAN_POINT('',(6.353464658915,0.980392156863));
#2497 = CARTESIAN_POINT('',(6.274434445091,0.980392156863));
#2498 = CARTESIAN_POINT('',(6.195393150495,0.980392156863));
#2499 = CARTESIAN_POINT('',(6.116361350571,0.980392156863));
#2500 = ( GEOMETRIC_REPRESENTATION_CONTEXT(2) 
PARAMETRIC_REPRESENTATION_CONTEXT() REPRESENTATION_CONTEXT('2D SPACE',''
  ) );
#2501 = ORIENTED_EDGE('',*,*,#2502,.T.);
#2502 = EDGE_CURVE('',#2402,#113,#2503,.T.);
#2503 = SURFACE_CURVE('',#2504,(#2507,#2513),.PCURVE_S1.);
#2504 = B_SPLINE_CURVE_WITH_KNOTS('',1,(#2505,#2506),.UNSPECIFIED.,.F.,
  .F.,(2,2),(0.,1.),.PIECEWISE_BEZIER_KNOTS.);
#2505 = CARTESIAN_POINT('',(31.383643111724,22.113369108939,100.));
#2506 = CARTESIAN_POINT('',(29.86263513211,13.080663256692,100.));
#2507 = PCURVE('',#43,#2508);
#2508 = DEFINITIONAL_REPRESENTATION('',(#2509),#2512);
#2509 = B_SPLINE_CURVE_WITH_KNOTS('',1,(#2510,#2511),.UNSPECIFIED.,.F.,
  .F.,(2,2),(0.,1.),.PIECEWISE_BEZIER_KNOTS.);
#2510 = CARTESIAN_POINT('',(22.113369108939,-31.38364311172));
#2511 = CARTESIAN_POINT('',(13.080663256692,-29.86263513211));
#2512 = ( GEOMETRIC_REPRESENTATION_CONTEXT(2) 
PARAMETRIC_REPRESENTATION_CONTEXT() REPRESENTATION_CONTEXT('2D SPACE',''
  ) );
#2513 = PCURVE('',#2514,#2519);
#2514 = B_SPLINE_SURFACE_WITH_KNOTS('',1,1,(
    (#2515,#2516)
    ,(#2517,#2518
    )),.UNSPECIFIED.,.F.,.F.,.F.,(2,2),(2,2),(0.778217835062,
    9.973288367936),(0.,1.),.PIECEWISE_BEZIER_KNOTS.);
#2515 = CARTESIAN_POINT('',(24.124863295723,10.567359896038,0.));
#2516 = CARTESIAN_POINT('',(29.977390568838,13.130929323905,102.));
#2517 = CARTESIAN_POINT('',(25.353626578586,17.864532195532,0.));
#2518 = CARTESIAN_POINT('',(31.504243442387,22.198345847207,102.));
#2519 = DEFINITIONAL_REPRESENTATION('',(#2520),#2523);
#2520 = B_SPLINE_CURVE_WITH_KNOTS('',1,(#2521,#2522),.UNSPECIFIED.,.F.,
  .F.,(2,2),(0.,1.),.PIECEWISE_BEZIER_KNOTS.);
#2521 = CARTESIAN_POINT('',(9.973288367936,0.980392156863));
#2522 = CARTESIAN_POINT('',(0.778217835062,0.980392156863));
#2523 = ( GEOMETRIC_REPRESENTATION_CONTEXT(2) 
PARAMETRIC_REPRESENTATION_CONTEXT() REPRESENTATION_CONTEXT('2D SPACE',''
  ) );
#2524 = ADVANCED_FACE('',(#2525,#2528),#93,.F.);
#2525 = FACE_BOUND('',#2526,.F.);
#2526 = EDGE_LOOP('',(#2527));
#2527 = ORIENTED_EDGE('',*,*,#78,.T.);
#2528 = FACE_BOUND('',#2529,.F.);
#2529 = EDGE_LOOP('',(#2530));
#2530 = ORIENTED_EDGE('',*,*,#2531,.F.);
#2531 = EDGE_CURVE('',#2532,#2532,#2534,.T.);
#2532 = VERTEX_POINT('',#2533);
#2533 = CARTESIAN_POINT('',(1.,-2.449293598295E-16,-15.));
#2534 = SURFACE_CURVE('',#2535,(#2540,#2547),.PCURVE_S1.);
#2535 = CIRCLE('',#2536,1.);
#2536 = AXIS2_PLACEMENT_3D('',#2537,#2538,#2539);
#2537 = CARTESIAN_POINT('',(0.,0.,-15.));
#2538 = DIRECTION('',(0.,0.,1.));
#2539 = DIRECTION('',(1.,0.,-0.));
#2540 = PCURVE('',#93,#2541);
#2541 = DEFINITIONAL_REPRESENTATION('',(#2542),#2546);
#2542 = CIRCLE('',#2543,1.);
#2543 = AXIS2_PLACEMENT_2D('',#2544,#2545);
#2544 = CARTESIAN_POINT('',(0.,0.));
#2545 = DIRECTION('',(2.22044604925E-16,-1.));
#2546 = ( GEOMETRIC_REPRESENTATION_CONTEXT(2) 
PARAMETRIC_REPRESENTATION_CONTEXT() REPRESENTATION_CONTEXT('2D SPACE',''
  ) );
#2547 = PCURVE('',#2548,#2553);
#2548 = CYLINDRICAL_SURFACE('',#2549,1.);
#2549 = AXIS2_PLACEMENT_3D('',#2550,#2551,#2552);
#2550 = CARTESIAN_POINT('',(0.,0.,-16.));
#2551 = DIRECTION('',(0.,0.,1.));
#2552 = DIRECTION('',(1.,0.,-0.));
#2553 = DEFINITIONAL_REPRESENTATION('',(#2554),#2558);
#2554 = LINE('',#2555,#2556);
#2555 = CARTESIAN_POINT('',(0.,1.));
#2556 = VECTOR('',#2557,1.);
#2557 = DIRECTION('',(1.,0.));
#2558 = ( GEOMETRIC_REPRESENTATION_CONTEXT(2) 
PARAMETRIC_REPRESENTATION_CONTEXT() REPRESENTATION_CONTEXT('2D SPACE',''
  ) );
#2559 = ADVANCED_FACE('',(#2560),#200,.F.);
#2560 = FACE_BOUND('',#2561,.F.);
#2561 = EDGE_LOOP('',(#2562,#2584,#2613,#2633));
#2562 = ORIENTED_EDGE('',*,*,#2563,.F.);
#2563 = EDGE_CURVE('',#2564,#115,#2566,.T.);
#2564 = VERTEX_POINT('',#2565);
#2565 = CARTESIAN_POINT('',(24.531106273331,9.586602589877,0.));
#2566 = SURFACE_CURVE('',#2567,(#2570,#2577),.PCURVE_S1.);
#2567 = B_SPLINE_CURVE_WITH_KNOTS('',1,(#2568,#2569),.UNSPECIFIED.,.F.,
  .F.,(2,2),(0.,1.),.PIECEWISE_BEZIER_KNOTS.);
#2568 = CARTESIAN_POINT('',(24.531106273331,9.586602589877,0.));
#2569 = CARTESIAN_POINT('',(30.482185321717,11.912246985289,102.));
#2570 = PCURVE('',#200,#2571);
#2571 = DEFINITIONAL_REPRESENTATION('',(#2572),#2576);
#2572 = LINE('',#2573,#2574);
#2573 = CARTESIAN_POINT('',(5.330963187173,0.));
#2574 = VECTOR('',#2575,1.);
#2575 = DIRECTION('',(0.,1.));
#2576 = ( GEOMETRIC_REPRESENTATION_CONTEXT(2) 
PARAMETRIC_REPRESENTATION_CONTEXT() REPRESENTATION_CONTEXT('2D SPACE',''
  ) );
#2577 = PCURVE('',#273,#2578);
#2578 = DEFINITIONAL_REPRESENTATION('',(#2579),#2583);
#2579 = LINE('',#2580,#2581);
#2580 = CARTESIAN_POINT('',(20.542814379871,0.));
#2581 = VECTOR('',#2582,1.);
#2582 = DIRECTION('',(0.,1.));
#2583 = ( GEOMETRIC_REPRESENTATION_CONTEXT(2) 
PARAMETRIC_REPRESENTATION_CONTEXT() REPRESENTATION_CONTEXT('2D SPACE',''
  ) );
#2584 = ORIENTED_EDGE('',*,*,#2585,.T.);
#2585 = EDGE_CURVE('',#2564,#2586,#2588,.T.);
#2586 = VERTEX_POINT('',#2587);
#2587 = CARTESIAN_POINT('',(24.124863295723,10.567359896038,0.));
#2588 = SURFACE_CURVE('',#2589,(#2594,#2601),.PCURVE_S1.);
#2589 = CIRCLE('',#2590,1.);
#2590 = AXIS2_PLACEMENT_3D('',#2591,#2592,#2593);
#2591 = CARTESIAN_POINT('',(25.110980421294,10.401308654985,0.));
#2592 = DIRECTION('',(0.,0.,-1.));
#2593 = DIRECTION('',(-1.,0.,0.));
#2594 = PCURVE('',#200,#2595);
#2595 = DEFINITIONAL_REPRESENTATION('',(#2596),#2600);
#2596 = LINE('',#2597,#2598);
#2597 = CARTESIAN_POINT('',(0.,0.));
#2598 = VECTOR('',#2599,1.);
#2599 = DIRECTION('',(1.,0.));
#2600 = ( GEOMETRIC_REPRESENTATION_CONTEXT(2) 
PARAMETRIC_REPRESENTATION_CONTEXT() REPRESENTATION_CONTEXT('2D SPACE',''
  ) );
#2601 = PCURVE('',#2602,#2607);
#2602 = PLANE('',#2603);
#2603 = AXIS2_PLACEMENT_3D('',#2604,#2605,#2606);
#2604 = CARTESIAN_POINT('',(25.110980421294,10.401308654985,0.));
#2605 = DIRECTION('',(0.,0.,-1.));
#2606 = DIRECTION('',(-1.,0.,0.));
#2607 = DEFINITIONAL_REPRESENTATION('',(#2608),#2612);
#2608 = CIRCLE('',#2609,1.);
#2609 = AXIS2_PLACEMENT_2D('',#2610,#2611);
#2610 = CARTESIAN_POINT('',(0.,0.));
#2611 = DIRECTION('',(1.,0.));
#2612 = ( GEOMETRIC_REPRESENTATION_CONTEXT(2) 
PARAMETRIC_REPRESENTATION_CONTEXT() REPRESENTATION_CONTEXT('2D SPACE',''
  ) );
#2613 = ORIENTED_EDGE('',*,*,#2614,.T.);
#2614 = EDGE_CURVE('',#2586,#113,#2615,.T.);
#2615 = SURFACE_CURVE('',#2616,(#2619,#2626),.PCURVE_S1.);
#2616 = B_SPLINE_CURVE_WITH_KNOTS('',1,(#2617,#2618),.UNSPECIFIED.,.F.,
  .F.,(2,2),(0.,1.),.PIECEWISE_BEZIER_KNOTS.);
#2617 = CARTESIAN_POINT('',(24.124863295723,10.567359896038,0.));
#2618 = CARTESIAN_POINT('',(29.977390568838,13.130929323905,102.));
#2619 = PCURVE('',#200,#2620);
#2620 = DEFINITIONAL_REPRESENTATION('',(#2621),#2625);
#2621 = LINE('',#2622,#2623);
#2622 = CARTESIAN_POINT('',(6.450009263788,0.));
#2623 = VECTOR('',#2624,1.);
#2624 = DIRECTION('',(0.,1.));
#2625 = ( GEOMETRIC_REPRESENTATION_CONTEXT(2) 
PARAMETRIC_REPRESENTATION_CONTEXT() REPRESENTATION_CONTEXT('2D SPACE',''
  ) );
#2626 = PCURVE('',#2514,#2627);
#2627 = DEFINITIONAL_REPRESENTATION('',(#2628),#2632);
#2628 = LINE('',#2629,#2630);
#2629 = CARTESIAN_POINT('',(0.778217835062,0.));
#2630 = VECTOR('',#2631,1.);
#2631 = DIRECTION('',(0.,1.));
#2632 = ( GEOMETRIC_REPRESENTATION_CONTEXT(2) 
PARAMETRIC_REPRESENTATION_CONTEXT() REPRESENTATION_CONTEXT('2D SPACE',''
  ) );
#2633 = ORIENTED_EDGE('',*,*,#112,.T.);
#2634 = ADVANCED_FACE('',(#2635),#2514,.F.);
#2635 = FACE_BOUND('',#2636,.F.);
#2636 = EDGE_LOOP('',(#2637,#2638,#2660,#2680));
#2637 = ORIENTED_EDGE('',*,*,#2614,.F.);
#2638 = ORIENTED_EDGE('',*,*,#2639,.T.);
#2639 = EDGE_CURVE('',#2586,#2640,#2642,.T.);
#2640 = VERTEX_POINT('',#2641);
#2641 = CARTESIAN_POINT('',(25.353626578586,17.864532195532,0.));
#2642 = SURFACE_CURVE('',#2643,(#2647,#2653),.PCURVE_S1.);
#2643 = LINE('',#2644,#2645);
#2644 = CARTESIAN_POINT('',(24.020867845293,9.949769241492,0.));
#2645 = VECTOR('',#2646,1.);
#2646 = DIRECTION('',(0.166051241053,0.986117125571,0.));
#2647 = PCURVE('',#2514,#2648);
#2648 = DEFINITIONAL_REPRESENTATION('',(#2649),#2652);
#2649 = B_SPLINE_CURVE_WITH_KNOTS('',1,(#2650,#2651),.UNSPECIFIED.,.F.,
  .F.,(2,2),(0.626285294648,8.026189535502),.PIECEWISE_BEZIER_KNOTS.);
#2650 = CARTESIAN_POINT('',(0.778217835062,0.));
#2651 = CARTESIAN_POINT('',(9.973288367936,0.));
#2652 = ( GEOMETRIC_REPRESENTATION_CONTEXT(2) 
PARAMETRIC_REPRESENTATION_CONTEXT() REPRESENTATION_CONTEXT('2D SPACE',''
  ) );
#2653 = PCURVE('',#2602,#2654);
#2654 = DEFINITIONAL_REPRESENTATION('',(#2655),#2659);
#2655 = LINE('',#2656,#2657);
#2656 = CARTESIAN_POINT('',(1.090112576,-0.451539413493));
#2657 = VECTOR('',#2658,1.);
#2658 = DIRECTION('',(-0.166051241053,0.986117125571));
#2659 = ( GEOMETRIC_REPRESENTATION_CONTEXT(2) 
PARAMETRIC_REPRESENTATION_CONTEXT() REPRESENTATION_CONTEXT('2D SPACE',''
  ) );
#2660 = ORIENTED_EDGE('',*,*,#2661,.T.);
#2661 = EDGE_CURVE('',#2640,#2402,#2662,.T.);
#2662 = SURFACE_CURVE('',#2663,(#2666,#2673),.PCURVE_S1.);
#2663 = B_SPLINE_CURVE_WITH_KNOTS('',1,(#2664,#2665),.UNSPECIFIED.,.F.,
  .F.,(2,2),(0.,1.),.PIECEWISE_BEZIER_KNOTS.);
#2664 = CARTESIAN_POINT('',(25.353626578586,17.864532195532,0.));
#2665 = CARTESIAN_POINT('',(31.504243442387,22.198345847207,102.));
#2666 = PCURVE('',#2514,#2667);
#2667 = DEFINITIONAL_REPRESENTATION('',(#2668),#2672);
#2668 = LINE('',#2669,#2670);
#2669 = CARTESIAN_POINT('',(9.973288367936,0.));
#2670 = VECTOR('',#2671,1.);
#2671 = DIRECTION('',(0.,1.));
#2672 = ( GEOMETRIC_REPRESENTATION_CONTEXT(2) 
PARAMETRIC_REPRESENTATION_CONTEXT() REPRESENTATION_CONTEXT('2D SPACE',''
  ) );
#2673 = PCURVE('',#2455,#2674);
#2674 = DEFINITIONAL_REPRESENTATION('',(#2675),#2679);
#2675 = LINE('',#2676,#2677);
#2676 = CARTESIAN_POINT('',(6.116361350571,0.));
#2677 = VECTOR('',#2678,1.);
#2678 = DIRECTION('',(0.,1.));
#2679 = ( GEOMETRIC_REPRESENTATION_CONTEXT(2) 
PARAMETRIC_REPRESENTATION_CONTEXT() REPRESENTATION_CONTEXT('2D SPACE',''
  ) );
#2680 = ORIENTED_EDGE('',*,*,#2502,.T.);
#2681 = ADVANCED_FACE('',(#2682),#2455,.F.);
#2682 = FACE_BOUND('',#2683,.F.);
#2683 = EDGE_LOOP('',(#2684,#2685,#2713,#2733));
#2684 = ORIENTED_EDGE('',*,*,#2661,.F.);
#2685 = ORIENTED_EDGE('',*,*,#2686,.T.);
#2686 = EDGE_CURVE('',#2640,#2687,#2689,.T.);
#2687 = VERTEX_POINT('',#2688);
#2688 = CARTESIAN_POINT('',(17.864532195532,25.353626578586,0.));
#2689 = SURFACE_CURVE('',#2690,(#2695,#2702),.PCURVE_S1.);
#2690 = CIRCLE('',#2691,6.5);
#2691 = AXIS2_PLACEMENT_3D('',#2692,#2693,#2694);
#2692 = CARTESIAN_POINT('',(18.943865262373,18.943865262373,0.));
#2693 = DIRECTION('',(0.,0.,1.));
#2694 = DIRECTION('',(1.,0.,0.));
#2695 = PCURVE('',#2455,#2696);
#2696 = DEFINITIONAL_REPRESENTATION('',(#2697),#2701);
#2697 = LINE('',#2698,#2699);
#2698 = CARTESIAN_POINT('',(0.,0.));
#2699 = VECTOR('',#2700,1.);
#2700 = DIRECTION('',(1.,0.));
#2701 = ( GEOMETRIC_REPRESENTATION_CONTEXT(2) 
PARAMETRIC_REPRESENTATION_CONTEXT() REPRESENTATION_CONTEXT('2D SPACE',''
  ) );
#2702 = PCURVE('',#2602,#2703);
#2703 = DEFINITIONAL_REPRESENTATION('',(#2704),#2712);
#2704 = ( BOUNDED_CURVE() B_SPLINE_CURVE(2,(#2705,#2706,#2707,#2708,
#2709,#2710,#2711),.UNSPECIFIED.,.T.,.F.) B_SPLINE_CURVE_WITH_KNOTS((1,2
    ,2,2,2,1),(-2.094395102393,0.,2.094395102393,4.188790204786,
6.28318530718,8.377580409573),.UNSPECIFIED.) CURVE() 
GEOMETRIC_REPRESENTATION_ITEM() RATIONAL_B_SPLINE_CURVE((1.,0.5,1.,0.5,
1.,0.5,1.)) REPRESENTATION_ITEM('') );
#2705 = CARTESIAN_POINT('',(-0.332884841079,8.542556607388));
#2706 = CARTESIAN_POINT('',(-0.332884841079,19.800886856586));
#2707 = CARTESIAN_POINT('',(9.417115158921,14.171721731987));
#2708 = CARTESIAN_POINT('',(19.167115158921,8.542556607388));
#2709 = CARTESIAN_POINT('',(9.417115158921,2.913391482789));
#2710 = CARTESIAN_POINT('',(-0.332884841079,-2.71577364181));
#2711 = CARTESIAN_POINT('',(-0.332884841079,8.542556607388));
#2712 = ( GEOMETRIC_REPRESENTATION_CONTEXT(2) 
PARAMETRIC_REPRESENTATION_CONTEXT() REPRESENTATION_CONTEXT('2D SPACE',''
  ) );
#2713 = ORIENTED_EDGE('',*,*,#2714,.T.);
#2714 = EDGE_CURVE('',#2687,#2377,#2715,.T.);
#2715 = SURFACE_CURVE('',#2716,(#2719,#2726),.PCURVE_S1.);
#2716 = B_SPLINE_CURVE_WITH_KNOTS('',1,(#2717,#2718),.UNSPECIFIED.,.F.,
  .F.,(2,2),(0.,1.),.PIECEWISE_BEZIER_KNOTS.);
#2717 = CARTESIAN_POINT('',(17.864532195532,25.353626578586,0.));
#2718 = CARTESIAN_POINT('',(22.198345847207,31.504243442387,102.));
#2719 = PCURVE('',#2455,#2720);
#2720 = DEFINITIONAL_REPRESENTATION('',(#2721),#2725);
#2721 = LINE('',#2722,#2723);
#2722 = CARTESIAN_POINT('',(8.020805590583,0.));
#2723 = VECTOR('',#2724,1.);
#2724 = DIRECTION('',(0.,1.));
#2725 = ( GEOMETRIC_REPRESENTATION_CONTEXT(2) 
PARAMETRIC_REPRESENTATION_CONTEXT() REPRESENTATION_CONTEXT('2D SPACE',''
  ) );
#2726 = PCURVE('',#2390,#2727);
#2727 = DEFINITIONAL_REPRESENTATION('',(#2728),#2732);
#2728 = LINE('',#2729,#2730);
#2729 = CARTESIAN_POINT('',(11.347743846998,0.));
#2730 = VECTOR('',#2731,1.);
#2731 = DIRECTION('',(0.,1.));
#2732 = ( GEOMETRIC_REPRESENTATION_CONTEXT(2) 
PARAMETRIC_REPRESENTATION_CONTEXT() REPRESENTATION_CONTEXT('2D SPACE',''
  ) );
#2733 = ORIENTED_EDGE('',*,*,#2401,.T.);
#2734 = ADVANCED_FACE('',(#2735),#2390,.F.);
#2735 = FACE_BOUND('',#2736,.F.);
#2736 = EDGE_LOOP('',(#2737,#2738,#2760,#2780));
#2737 = ORIENTED_EDGE('',*,*,#2714,.F.);
#2738 = ORIENTED_EDGE('',*,*,#2739,.T.);
#2739 = EDGE_CURVE('',#2687,#2740,#2742,.T.);
#2740 = VERTEX_POINT('',#2741);
#2741 = CARTESIAN_POINT('',(10.567359896038,24.124863295723,0.));
#2742 = SURFACE_CURVE('',#2743,(#2747,#2753),.PCURVE_S1.);
#2743 = LINE('',#2744,#2745);
#2744 = CARTESIAN_POINT('',(26.870057685089,26.870057685089,0.));
#2745 = VECTOR('',#2746,1.);
#2746 = DIRECTION('',(-0.986117125571,-0.166051241053,0.));
#2747 = PCURVE('',#2390,#2748);
#2748 = DEFINITIONAL_REPRESENTATION('',(#2749),#2752);
#2749 = B_SPLINE_CURVE_WITH_KNOTS('',1,(#2750,#2751),.UNSPECIFIED.,.F.,
  .F.,(2,2),(9.132308177226,16.532212418081),.PIECEWISE_BEZIER_KNOTS.);
#2750 = CARTESIAN_POINT('',(11.347743846998,0.));
#2751 = CARTESIAN_POINT('',(20.542814379871,0.));
#2752 = ( GEOMETRIC_REPRESENTATION_CONTEXT(2) 
PARAMETRIC_REPRESENTATION_CONTEXT() REPRESENTATION_CONTEXT('2D SPACE',''
  ) );
#2753 = PCURVE('',#2602,#2754);
#2754 = DEFINITIONAL_REPRESENTATION('',(#2755),#2759);
#2755 = LINE('',#2756,#2757);
#2756 = CARTESIAN_POINT('',(-1.759077263795,16.468749030104));
#2757 = VECTOR('',#2758,1.);
#2758 = DIRECTION('',(0.986117125571,-0.166051241053));
#2759 = ( GEOMETRIC_REPRESENTATION_CONTEXT(2) 
PARAMETRIC_REPRESENTATION_CONTEXT() REPRESENTATION_CONTEXT('2D SPACE',''
  ) );
#2760 = ORIENTED_EDGE('',*,*,#2761,.T.);
#2761 = EDGE_CURVE('',#2740,#2241,#2762,.T.);
#2762 = SURFACE_CURVE('',#2763,(#2766,#2773),.PCURVE_S1.);
#2763 = B_SPLINE_CURVE_WITH_KNOTS('',1,(#2764,#2765),.UNSPECIFIED.,.F.,
  .F.,(2,2),(0.,1.),.PIECEWISE_BEZIER_KNOTS.);
#2764 = CARTESIAN_POINT('',(10.567359896038,24.124863295723,0.));
#2765 = CARTESIAN_POINT('',(13.130929323905,29.977390568838,102.));
#2766 = PCURVE('',#2390,#2767);
#2767 = DEFINITIONAL_REPRESENTATION('',(#2768),#2772);
#2768 = LINE('',#2769,#2770);
#2769 = CARTESIAN_POINT('',(20.542814379871,0.));
#2770 = VECTOR('',#2771,1.);
#2771 = DIRECTION('',(0.,1.));
#2772 = ( GEOMETRIC_REPRESENTATION_CONTEXT(2) 
PARAMETRIC_REPRESENTATION_CONTEXT() REPRESENTATION_CONTEXT('2D SPACE',''
  ) );
#2773 = PCURVE('',#2320,#2774);
#2774 = DEFINITIONAL_REPRESENTATION('',(#2775),#2779);
#2775 = LINE('',#2776,#2777);
#2776 = CARTESIAN_POINT('',(4.545565023776,0.));
#2777 = VECTOR('',#2778,1.);
#2778 = DIRECTION('',(0.,1.));
#2779 = ( GEOMETRIC_REPRESENTATION_CONTEXT(2) 
PARAMETRIC_REPRESENTATION_CONTEXT() REPRESENTATION_CONTEXT('2D SPACE',''
  ) );
#2780 = ORIENTED_EDGE('',*,*,#2376,.T.);
#2781 = ADVANCED_FACE('',(#2782),#2320,.F.);
#2782 = FACE_BOUND('',#2783,.F.);
#2783 = EDGE_LOOP('',(#2784,#2785,#2809,#2829));
#2784 = ORIENTED_EDGE('',*,*,#2761,.F.);
#2785 = ORIENTED_EDGE('',*,*,#2786,.T.);
#2786 = EDGE_CURVE('',#2740,#2787,#2789,.T.);
#2787 = VERTEX_POINT('',#2788);
#2788 = CARTESIAN_POINT('',(9.586602589877,24.531106273331,0.));
#2789 = SURFACE_CURVE('',#2790,(#2795,#2802),.PCURVE_S1.);
#2790 = CIRCLE('',#2791,1.);
#2791 = AXIS2_PLACEMENT_3D('',#2792,#2793,#2794);
#2792 = CARTESIAN_POINT('',(10.401308654985,25.110980421294,0.));
#2793 = DIRECTION('',(0.,0.,-1.));
#2794 = DIRECTION('',(-1.,0.,0.));
#2795 = PCURVE('',#2320,#2796);
#2796 = DEFINITIONAL_REPRESENTATION('',(#2797),#2801);
#2797 = LINE('',#2798,#2799);
#2798 = CARTESIAN_POINT('',(0.,0.));
#2799 = VECTOR('',#2800,1.);
#2800 = DIRECTION('',(1.,0.));
#2801 = ( GEOMETRIC_REPRESENTATION_CONTEXT(2) 
PARAMETRIC_REPRESENTATION_CONTEXT() REPRESENTATION_CONTEXT('2D SPACE',''
  ) );
#2802 = PCURVE('',#2602,#2803);
#2803 = DEFINITIONAL_REPRESENTATION('',(#2804),#2808);
#2804 = CIRCLE('',#2805,1.);
#2805 = AXIS2_PLACEMENT_2D('',#2806,#2807);
#2806 = CARTESIAN_POINT('',(14.709671766309,14.709671766309));
#2807 = DIRECTION('',(1.,0.));
#2808 = ( GEOMETRIC_REPRESENTATION_CONTEXT(2) 
PARAMETRIC_REPRESENTATION_CONTEXT() REPRESENTATION_CONTEXT('2D SPACE',''
  ) );
#2809 = ORIENTED_EDGE('',*,*,#2810,.T.);
#2810 = EDGE_CURVE('',#2787,#2216,#2811,.T.);
#2811 = SURFACE_CURVE('',#2812,(#2815,#2822),.PCURVE_S1.);
#2812 = B_SPLINE_CURVE_WITH_KNOTS('',1,(#2813,#2814),.UNSPECIFIED.,.F.,
  .F.,(2,2),(0.,1.),.PIECEWISE_BEZIER_KNOTS.);
#2813 = CARTESIAN_POINT('',(9.586602589877,24.531106273331,0.));
#2814 = CARTESIAN_POINT('',(11.912246985289,30.482185321717,102.));
#2815 = PCURVE('',#2320,#2816);
#2816 = DEFINITIONAL_REPRESENTATION('',(#2817),#2821);
#2817 = LINE('',#2818,#2819);
#2818 = CARTESIAN_POINT('',(5.664611100391,0.));
#2819 = VECTOR('',#2820,1.);
#2820 = DIRECTION('',(0.,1.));
#2821 = ( GEOMETRIC_REPRESENTATION_CONTEXT(2) 
PARAMETRIC_REPRESENTATION_CONTEXT() REPRESENTATION_CONTEXT('2D SPACE',''
  ) );
#2822 = PCURVE('',#2229,#2823);
#2823 = DEFINITIONAL_REPRESENTATION('',(#2824),#2828);
#2824 = LINE('',#2825,#2826);
#2825 = CARTESIAN_POINT('',(0.778217835062,0.));
#2826 = VECTOR('',#2827,1.);
#2827 = DIRECTION('',(0.,1.));
#2828 = ( GEOMETRIC_REPRESENTATION_CONTEXT(2) 
PARAMETRIC_REPRESENTATION_CONTEXT() REPRESENTATION_CONTEXT('2D SPACE',''
  ) );
#2829 = ORIENTED_EDGE('',*,*,#2240,.T.);
#2830 = ADVANCED_FACE('',(#2831),#2229,.F.);
#2831 = FACE_BOUND('',#2832,.F.);
#2832 = EDGE_LOOP('',(#2833,#2834,#2856,#2876));
#2833 = ORIENTED_EDGE('',*,*,#2810,.F.);
#2834 = ORIENTED_EDGE('',*,*,#2835,.T.);
#2835 = EDGE_CURVE('',#2787,#2836,#2838,.T.);
#2836 = VERTEX_POINT('',#2837);
#2837 = CARTESIAN_POINT('',(5.295589423204,30.559853139576,0.));
#2838 = SURFACE_CURVE('',#2839,(#2843,#2849),.PCURVE_S1.);
#2839 = LINE('',#2840,#2841);
#2840 = CARTESIAN_POINT('',(9.949769241492,24.020867845293,0.));
#2841 = VECTOR('',#2842,1.);
#2842 = DIRECTION('',(-0.579874147963,0.814706065108,0.));
#2843 = PCURVE('',#2229,#2844);
#2844 = DEFINITIONAL_REPRESENTATION('',(#2845),#2848);
#2845 = B_SPLINE_CURVE_WITH_KNOTS('',1,(#2846,#2847),.UNSPECIFIED.,.F.,
  .F.,(2,2),(0.626285294648,8.026189535502),.PIECEWISE_BEZIER_KNOTS.);
#2846 = CARTESIAN_POINT('',(0.778217835062,0.));
#2847 = CARTESIAN_POINT('',(9.973288367936,0.));
#2848 = ( GEOMETRIC_REPRESENTATION_CONTEXT(2) 
PARAMETRIC_REPRESENTATION_CONTEXT() REPRESENTATION_CONTEXT('2D SPACE',''
  ) );
#2849 = PCURVE('',#2602,#2850);
#2850 = DEFINITIONAL_REPRESENTATION('',(#2851),#2855);
#2851 = LINE('',#2852,#2853);
#2852 = CARTESIAN_POINT('',(15.161211179802,13.619559190308));
#2853 = VECTOR('',#2854,1.);
#2854 = DIRECTION('',(0.579874147963,0.814706065108));
#2855 = ( GEOMETRIC_REPRESENTATION_CONTEXT(2) 
PARAMETRIC_REPRESENTATION_CONTEXT() REPRESENTATION_CONTEXT('2D SPACE',''
  ) );
#2856 = ORIENTED_EDGE('',*,*,#2857,.T.);
#2857 = EDGE_CURVE('',#2836,#2115,#2858,.T.);
#2858 = SURFACE_CURVE('',#2859,(#2862,#2869),.PCURVE_S1.);
#2859 = B_SPLINE_CURVE_WITH_KNOTS('',1,(#2860,#2861),.UNSPECIFIED.,.F.,
  .F.,(2,2),(0.,1.),.PIECEWISE_BEZIER_KNOTS.);
#2860 = CARTESIAN_POINT('',(5.295589423204,30.559853139576,0.));
#2861 = CARTESIAN_POINT('',(6.58026329458,37.973465053948,102.));
#2862 = PCURVE('',#2229,#2863);
#2863 = DEFINITIONAL_REPRESENTATION('',(#2864),#2868);
#2864 = LINE('',#2865,#2866);
#2865 = CARTESIAN_POINT('',(9.973288367936,0.));
#2866 = VECTOR('',#2867,1.);
#2867 = DIRECTION('',(0.,1.));
#2868 = ( GEOMETRIC_REPRESENTATION_CONTEXT(2) 
PARAMETRIC_REPRESENTATION_CONTEXT() REPRESENTATION_CONTEXT('2D SPACE',''
  ) );
#2869 = PCURVE('',#2168,#2870);
#2870 = DEFINITIONAL_REPRESENTATION('',(#2871),#2875);
#2871 = LINE('',#2872,#2873);
#2872 = CARTESIAN_POINT('',(0.618574206789,0.));
#2873 = VECTOR('',#2874,1.);
#2874 = DIRECTION('',(0.,1.));
#2875 = ( GEOMETRIC_REPRESENTATION_CONTEXT(2) 
PARAMETRIC_REPRESENTATION_CONTEXT() REPRESENTATION_CONTEXT('2D SPACE',''
  ) );
#2876 = ORIENTED_EDGE('',*,*,#2215,.T.);
#2877 = ADVANCED_FACE('',(#2878),#2168,.F.);
#2878 = FACE_BOUND('',#2879,.F.);
#2879 = EDGE_LOOP('',(#2880,#2881,#2909,#2929));
#2880 = ORIENTED_EDGE('',*,*,#2857,.F.);
#2881 = ORIENTED_EDGE('',*,*,#2882,.T.);
#2882 = EDGE_CURVE('',#2836,#2883,#2885,.T.);
#2883 = VERTEX_POINT('',#2884);
#2884 = CARTESIAN_POINT('',(-5.295589423204,30.559853139576,0.));
#2885 = SURFACE_CURVE('',#2886,(#2891,#2898),.PCURVE_S1.);
#2886 = CIRCLE('',#2887,6.5);
#2887 = AXIS2_PLACEMENT_3D('',#2888,#2889,#2890);
#2888 = CARTESIAN_POINT('',(-7.105427357601E-15,26.790671177817,0.));
#2889 = DIRECTION('',(0.,0.,1.));
#2890 = DIRECTION('',(1.,0.,0.));
#2891 = PCURVE('',#2168,#2892);
#2892 = DEFINITIONAL_REPRESENTATION('',(#2893),#2897);
#2893 = LINE('',#2894,#2895);
#2894 = CARTESIAN_POINT('',(0.,0.));
#2895 = VECTOR('',#2896,1.);
#2896 = DIRECTION('',(1.,0.));
#2897 = ( GEOMETRIC_REPRESENTATION_CONTEXT(2) 
PARAMETRIC_REPRESENTATION_CONTEXT() REPRESENTATION_CONTEXT('2D SPACE',''
  ) );
#2898 = PCURVE('',#2602,#2899);
#2899 = DEFINITIONAL_REPRESENTATION('',(#2900),#2908);
#2900 = ( BOUNDED_CURVE() B_SPLINE_CURVE(2,(#2901,#2902,#2903,#2904,
#2905,#2906,#2907),.UNSPECIFIED.,.T.,.F.) B_SPLINE_CURVE_WITH_KNOTS((1,2
    ,2,2,2,1),(-2.094395102393,0.,2.094395102393,4.188790204786,
6.28318530718,8.377580409573),.UNSPECIFIED.) CURVE() 
GEOMETRIC_REPRESENTATION_ITEM() RATIONAL_B_SPLINE_CURVE((1.,0.5,1.,0.5,
1.,0.5,1.)) REPRESENTATION_ITEM('') );
#2901 = CARTESIAN_POINT('',(18.610980421294,16.389362522832));
#2902 = CARTESIAN_POINT('',(18.610980421294,27.647692772029));
#2903 = CARTESIAN_POINT('',(28.360980421294,22.01852764743));
#2904 = CARTESIAN_POINT('',(38.110980421294,16.389362522832));
#2905 = CARTESIAN_POINT('',(28.360980421294,10.760197398233));
#2906 = CARTESIAN_POINT('',(18.610980421294,5.131032273634));
#2907 = CARTESIAN_POINT('',(18.610980421294,16.389362522832));
#2908 = ( GEOMETRIC_REPRESENTATION_CONTEXT(2) 
PARAMETRIC_REPRESENTATION_CONTEXT() REPRESENTATION_CONTEXT('2D SPACE',''
  ) );
#2909 = ORIENTED_EDGE('',*,*,#2910,.T.);
#2910 = EDGE_CURVE('',#2883,#2090,#2911,.T.);
#2911 = SURFACE_CURVE('',#2912,(#2915,#2922),.PCURVE_S1.);
#2912 = B_SPLINE_CURVE_WITH_KNOTS('',1,(#2913,#2914),.UNSPECIFIED.,.F.,
  .F.,(2,2),(0.,1.),.PIECEWISE_BEZIER_KNOTS.);
#2913 = CARTESIAN_POINT('',(-5.295589423204,30.559853139576,0.));
#2914 = CARTESIAN_POINT('',(-6.58026329458,37.973465053948,102.));
#2915 = PCURVE('',#2168,#2916);
#2916 = DEFINITIONAL_REPRESENTATION('',(#2917),#2921);
#2917 = LINE('',#2918,#2919);
#2918 = CARTESIAN_POINT('',(2.523018446801,0.));
#2919 = VECTOR('',#2920,1.);
#2920 = DIRECTION('',(0.,1.));
#2921 = ( GEOMETRIC_REPRESENTATION_CONTEXT(2) 
PARAMETRIC_REPRESENTATION_CONTEXT() REPRESENTATION_CONTEXT('2D SPACE',''
  ) );
#2922 = PCURVE('',#2103,#2923);
#2923 = DEFINITIONAL_REPRESENTATION('',(#2924),#2928);
#2924 = LINE('',#2925,#2926);
#2925 = CARTESIAN_POINT('',(11.347743846998,0.));
#2926 = VECTOR('',#2927,1.);
#2927 = DIRECTION('',(0.,1.));
#2928 = ( GEOMETRIC_REPRESENTATION_CONTEXT(2) 
PARAMETRIC_REPRESENTATION_CONTEXT() REPRESENTATION_CONTEXT('2D SPACE',''
  ) );
#2929 = ORIENTED_EDGE('',*,*,#2114,.T.);
#2930 = ADVANCED_FACE('',(#2931),#2103,.F.);
#2931 = FACE_BOUND('',#2932,.F.);
#2932 = EDGE_LOOP('',(#2933,#2934,#2956,#2976));
#2933 = ORIENTED_EDGE('',*,*,#2910,.F.);
#2934 = ORIENTED_EDGE('',*,*,#2935,.T.);
#2935 = EDGE_CURVE('',#2883,#2936,#2938,.T.);
#2936 = VERTEX_POINT('',#2937);
#2937 = CARTESIAN_POINT('',(-9.586602589877,24.531106273331,0.));
#2938 = SURFACE_CURVE('',#2939,(#2943,#2949),.PCURVE_S1.);
#2939 = LINE('',#2940,#2941);
#2940 = CARTESIAN_POINT('',(0.,38.,0.));
#2941 = VECTOR('',#2942,1.);
#2942 = DIRECTION('',(-0.579874147963,-0.814706065108,0.));
#2943 = PCURVE('',#2103,#2944);
#2944 = DEFINITIONAL_REPRESENTATION('',(#2945),#2948);
#2945 = B_SPLINE_CURVE_WITH_KNOTS('',1,(#2946,#2947),.UNSPECIFIED.,.F.,
  .F.,(2,2),(9.132308177226,16.532212418081),.PIECEWISE_BEZIER_KNOTS.);
#2946 = CARTESIAN_POINT('',(11.347743846998,0.));
#2947 = CARTESIAN_POINT('',(20.542814379871,0.));
#2948 = ( GEOMETRIC_REPRESENTATION_CONTEXT(2) 
PARAMETRIC_REPRESENTATION_CONTEXT() REPRESENTATION_CONTEXT('2D SPACE',''
  ) );
#2949 = PCURVE('',#2602,#2950);
#2950 = DEFINITIONAL_REPRESENTATION('',(#2951),#2955);
#2951 = LINE('',#2952,#2953);
#2952 = CARTESIAN_POINT('',(25.110980421294,27.598691345015));
#2953 = VECTOR('',#2954,1.);
#2954 = DIRECTION('',(0.579874147963,-0.814706065108));
#2955 = ( GEOMETRIC_REPRESENTATION_CONTEXT(2) 
PARAMETRIC_REPRESENTATION_CONTEXT() REPRESENTATION_CONTEXT('2D SPACE',''
  ) );
#2956 = ORIENTED_EDGE('',*,*,#2957,.T.);
#2957 = EDGE_CURVE('',#2936,#1927,#2958,.T.);
#2958 = SURFACE_CURVE('',#2959,(#2962,#2969),.PCURVE_S1.);
#2959 = B_SPLINE_CURVE_WITH_KNOTS('',1,(#2960,#2961),.UNSPECIFIED.,.F.,
  .F.,(2,2),(0.,1.),.PIECEWISE_BEZIER_KNOTS.);
#2960 = CARTESIAN_POINT('',(-9.586602589877,24.531106273331,0.));
#2961 = CARTESIAN_POINT('',(-11.91224698528,30.482185321717,102.));
#2962 = PCURVE('',#2103,#2963);
#2963 = DEFINITIONAL_REPRESENTATION('',(#2964),#2968);
#2964 = LINE('',#2965,#2966);
#2965 = CARTESIAN_POINT('',(20.542814379871,0.));
#2966 = VECTOR('',#2967,1.);
#2967 = DIRECTION('',(0.,1.));
#2968 = ( GEOMETRIC_REPRESENTATION_CONTEXT(2) 
PARAMETRIC_REPRESENTATION_CONTEXT() REPRESENTATION_CONTEXT('2D SPACE',''
  ) );
#2969 = PCURVE('',#2024,#2970);
#2970 = DEFINITIONAL_REPRESENTATION('',(#2971),#2975);
#2971 = LINE('',#2972,#2973);
#2972 = CARTESIAN_POINT('',(3.760166860378,0.));
#2973 = VECTOR('',#2974,1.);
#2974 = DIRECTION('',(0.,1.));
#2975 = ( GEOMETRIC_REPRESENTATION_CONTEXT(2) 
PARAMETRIC_REPRESENTATION_CONTEXT() REPRESENTATION_CONTEXT('2D SPACE',''
  ) );
#2976 = ORIENTED_EDGE('',*,*,#2089,.T.);
#2977 = ADVANCED_FACE('',(#2978),#2024,.F.);
#2978 = FACE_BOUND('',#2979,.F.);
#2979 = EDGE_LOOP('',(#2980,#2981,#3005,#3025));
#2980 = ORIENTED_EDGE('',*,*,#2957,.F.);
#2981 = ORIENTED_EDGE('',*,*,#2982,.T.);
#2982 = EDGE_CURVE('',#2936,#2983,#2985,.T.);
#2983 = VERTEX_POINT('',#2984);
#2984 = CARTESIAN_POINT('',(-10.56735989603,24.124863295723,0.));
#2985 = SURFACE_CURVE('',#2986,(#2991,#2998),.PCURVE_S1.);
#2986 = CIRCLE('',#2987,1.);
#2987 = AXIS2_PLACEMENT_3D('',#2988,#2989,#2990);
#2988 = CARTESIAN_POINT('',(-10.40130865498,25.110980421294,0.));
#2989 = DIRECTION('',(0.,0.,-1.));
#2990 = DIRECTION('',(-1.,0.,0.));
#2991 = PCURVE('',#2024,#2992);
#2992 = DEFINITIONAL_REPRESENTATION('',(#2993),#2997);
#2993 = LINE('',#2994,#2995);
#2994 = CARTESIAN_POINT('',(0.,0.));
#2995 = VECTOR('',#2996,1.);
#2996 = DIRECTION('',(1.,0.));
#2997 = ( GEOMETRIC_REPRESENTATION_CONTEXT(2) 
PARAMETRIC_REPRESENTATION_CONTEXT() REPRESENTATION_CONTEXT('2D SPACE',''
  ) );
#2998 = PCURVE('',#2602,#2999);
#2999 = DEFINITIONAL_REPRESENTATION('',(#3000),#3004);
#3000 = CIRCLE('',#3001,1.);
#3001 = AXIS2_PLACEMENT_2D('',#3002,#3003);
#3002 = CARTESIAN_POINT('',(35.512289076279,14.709671766309));
#3003 = DIRECTION('',(1.,0.));
#3004 = ( GEOMETRIC_REPRESENTATION_CONTEXT(2) 
PARAMETRIC_REPRESENTATION_CONTEXT() REPRESENTATION_CONTEXT('2D SPACE',''
  ) );
#3005 = ORIENTED_EDGE('',*,*,#3006,.T.);
#3006 = EDGE_CURVE('',#2983,#1902,#3007,.T.);
#3007 = SURFACE_CURVE('',#3008,(#3011,#3018),.PCURVE_S1.);
#3008 = B_SPLINE_CURVE_WITH_KNOTS('',1,(#3009,#3010),.UNSPECIFIED.,.F.,
  .F.,(2,2),(0.,1.),.PIECEWISE_BEZIER_KNOTS.);
#3009 = CARTESIAN_POINT('',(-10.56735989603,24.124863295723,0.));
#3010 = CARTESIAN_POINT('',(-13.1309293239,29.977390568838,102.));
#3011 = PCURVE('',#2024,#3012);
#3012 = DEFINITIONAL_REPRESENTATION('',(#3013),#3017);
#3013 = LINE('',#3014,#3015);
#3014 = CARTESIAN_POINT('',(4.879212936994,0.));
#3015 = VECTOR('',#3016,1.);
#3016 = DIRECTION('',(0.,1.));
#3017 = ( GEOMETRIC_REPRESENTATION_CONTEXT(2) 
PARAMETRIC_REPRESENTATION_CONTEXT() REPRESENTATION_CONTEXT('2D SPACE',''
  ) );
#3018 = PCURVE('',#1915,#3019);
#3019 = DEFINITIONAL_REPRESENTATION('',(#3020),#3024);
#3020 = LINE('',#3021,#3022);
#3021 = CARTESIAN_POINT('',(0.778217835062,0.));
#3022 = VECTOR('',#3023,1.);
#3023 = DIRECTION('',(0.,1.));
#3024 = ( GEOMETRIC_REPRESENTATION_CONTEXT(2) 
PARAMETRIC_REPRESENTATION_CONTEXT() REPRESENTATION_CONTEXT('2D SPACE',''
  ) );
#3025 = ORIENTED_EDGE('',*,*,#1926,.T.);
#3026 = ADVANCED_FACE('',(#3027),#1915,.F.);
#3027 = FACE_BOUND('',#3028,.F.);
#3028 = EDGE_LOOP('',(#3029,#3030,#3052,#3072));
#3029 = ORIENTED_EDGE('',*,*,#3006,.F.);
#3030 = ORIENTED_EDGE('',*,*,#3031,.T.);
#3031 = EDGE_CURVE('',#2983,#3032,#3034,.T.);
#3032 = VERTEX_POINT('',#3033);
#3033 = CARTESIAN_POINT('',(-17.86453219553,25.353626578586,0.));
#3034 = SURFACE_CURVE('',#3035,(#3039,#3045),.PCURVE_S1.);
#3035 = LINE('',#3036,#3037);
#3036 = CARTESIAN_POINT('',(-9.949769241492,24.020867845293,0.));
#3037 = VECTOR('',#3038,1.);
#3038 = DIRECTION('',(-0.986117125571,0.166051241053,0.));
#3039 = PCURVE('',#1915,#3040);
#3040 = DEFINITIONAL_REPRESENTATION('',(#3041),#3044);
#3041 = B_SPLINE_CURVE_WITH_KNOTS('',1,(#3042,#3043),.UNSPECIFIED.,.F.,
  .F.,(2,2),(0.626285294648,8.026189535502),.PIECEWISE_BEZIER_KNOTS.);
#3042 = CARTESIAN_POINT('',(0.778217835062,0.));
#3043 = CARTESIAN_POINT('',(9.973288367936,0.));
#3044 = ( GEOMETRIC_REPRESENTATION_CONTEXT(2) 
PARAMETRIC_REPRESENTATION_CONTEXT() REPRESENTATION_CONTEXT('2D SPACE',''
  ) );
#3045 = PCURVE('',#2602,#3046);
#3046 = DEFINITIONAL_REPRESENTATION('',(#3047),#3051);
#3047 = LINE('',#3048,#3049);
#3048 = CARTESIAN_POINT('',(35.060749662786,13.619559190308));
#3049 = VECTOR('',#3050,1.);
#3050 = DIRECTION('',(0.986117125571,0.166051241053));
#3051 = ( GEOMETRIC_REPRESENTATION_CONTEXT(2) 
PARAMETRIC_REPRESENTATION_CONTEXT() REPRESENTATION_CONTEXT('2D SPACE',''
  ) );
#3052 = ORIENTED_EDGE('',*,*,#3053,.T.);
#3053 = EDGE_CURVE('',#3032,#1801,#3054,.T.);
#3054 = SURFACE_CURVE('',#3055,(#3058,#3065),.PCURVE_S1.);
#3055 = B_SPLINE_CURVE_WITH_KNOTS('',1,(#3056,#3057),.UNSPECIFIED.,.F.,
  .F.,(2,2),(0.,1.),.PIECEWISE_BEZIER_KNOTS.);
#3056 = CARTESIAN_POINT('',(-17.86453219553,25.353626578586,0.));
#3057 = CARTESIAN_POINT('',(-22.1983458472,31.504243442387,102.));
#3058 = PCURVE('',#1915,#3059);
#3059 = DEFINITIONAL_REPRESENTATION('',(#3060),#3064);
#3060 = LINE('',#3061,#3062);
#3061 = CARTESIAN_POINT('',(9.973288367936,0.));
#3062 = VECTOR('',#3063,1.);
#3063 = DIRECTION('',(0.,1.));
#3064 = ( GEOMETRIC_REPRESENTATION_CONTEXT(2) 
PARAMETRIC_REPRESENTATION_CONTEXT() REPRESENTATION_CONTEXT('2D SPACE',''
  ) );
#3065 = PCURVE('',#1854,#3066);
#3066 = DEFINITIONAL_REPRESENTATION('',(#3067),#3071);
#3067 = LINE('',#3068,#3069);
#3068 = CARTESIAN_POINT('',(1.403972370186,0.));
#3069 = VECTOR('',#3070,1.);
#3070 = DIRECTION('',(0.,1.));
#3071 = ( GEOMETRIC_REPRESENTATION_CONTEXT(2) 
PARAMETRIC_REPRESENTATION_CONTEXT() REPRESENTATION_CONTEXT('2D SPACE',''
  ) );
#3072 = ORIENTED_EDGE('',*,*,#1901,.T.);
#3073 = ADVANCED_FACE('',(#3074),#1854,.F.);
#3074 = FACE_BOUND('',#3075,.F.);
#3075 = EDGE_LOOP('',(#3076,#3077,#3105,#3125));
#3076 = ORIENTED_EDGE('',*,*,#3053,.F.);
#3077 = ORIENTED_EDGE('',*,*,#3078,.T.);
#3078 = EDGE_CURVE('',#3032,#3079,#3081,.T.);
#3079 = VERTEX_POINT('',#3080);
#3080 = CARTESIAN_POINT('',(-25.35362657858,17.864532195532,0.));
#3081 = SURFACE_CURVE('',#3082,(#3087,#3094),.PCURVE_S1.);
#3082 = CIRCLE('',#3083,6.5);
#3083 = AXIS2_PLACEMENT_3D('',#3084,#3085,#3086);
#3084 = CARTESIAN_POINT('',(-18.94386526237,18.943865262373,0.));
#3085 = DIRECTION('',(0.,0.,1.));
#3086 = DIRECTION('',(1.,0.,0.));
#3087 = PCURVE('',#1854,#3088);
#3088 = DEFINITIONAL_REPRESENTATION('',(#3089),#3093);
#3089 = LINE('',#3090,#3091);
#3090 = CARTESIAN_POINT('',(0.,0.));
#3091 = VECTOR('',#3092,1.);
#3092 = DIRECTION('',(1.,0.));
#3093 = ( GEOMETRIC_REPRESENTATION_CONTEXT(2) 
PARAMETRIC_REPRESENTATION_CONTEXT() REPRESENTATION_CONTEXT('2D SPACE',''
  ) );
#3094 = PCURVE('',#2602,#3095);
#3095 = DEFINITIONAL_REPRESENTATION('',(#3096),#3104);
#3096 = ( BOUNDED_CURVE() B_SPLINE_CURVE(2,(#3097,#3098,#3099,#3100,
#3101,#3102,#3103),.UNSPECIFIED.,.T.,.F.) B_SPLINE_CURVE_WITH_KNOTS((1,2
    ,2,2,2,1),(-2.094395102393,0.,2.094395102393,4.188790204786,
6.28318530718,8.377580409573),.UNSPECIFIED.) CURVE() 
GEOMETRIC_REPRESENTATION_ITEM() RATIONAL_B_SPLINE_CURVE((1.,0.5,1.,0.5,
1.,0.5,1.)) REPRESENTATION_ITEM('') );
#3097 = CARTESIAN_POINT('',(37.554845683667,8.542556607388));
#3098 = CARTESIAN_POINT('',(37.554845683667,19.800886856586));
#3099 = CARTESIAN_POINT('',(47.304845683667,14.171721731987));
#3100 = CARTESIAN_POINT('',(57.054845683667,8.542556607388));
#3101 = CARTESIAN_POINT('',(47.304845683667,2.913391482789));
#3102 = CARTESIAN_POINT('',(37.554845683667,-2.71577364181));
#3103 = CARTESIAN_POINT('',(37.554845683667,8.542556607388));
#3104 = ( GEOMETRIC_REPRESENTATION_CONTEXT(2) 
PARAMETRIC_REPRESENTATION_CONTEXT() REPRESENTATION_CONTEXT('2D SPACE',''
  ) );
#3105 = ORIENTED_EDGE('',*,*,#3106,.T.);
#3106 = EDGE_CURVE('',#3079,#1776,#3107,.T.);
#3107 = SURFACE_CURVE('',#3108,(#3111,#3118),.PCURVE_S1.);
#3108 = B_SPLINE_CURVE_WITH_KNOTS('',1,(#3109,#3110),.UNSPECIFIED.,.F.,
  .F.,(2,2),(0.,1.),.PIECEWISE_BEZIER_KNOTS.);
#3109 = CARTESIAN_POINT('',(-25.35362657858,17.864532195532,0.));
#3110 = CARTESIAN_POINT('',(-31.50424344238,22.198345847207,102.));
#3111 = PCURVE('',#1854,#3112);
#3112 = DEFINITIONAL_REPRESENTATION('',(#3113),#3117);
#3113 = LINE('',#3114,#3115);
#3114 = CARTESIAN_POINT('',(3.308416610199,0.));
#3115 = VECTOR('',#3116,1.);
#3116 = DIRECTION('',(0.,1.));
#3117 = ( GEOMETRIC_REPRESENTATION_CONTEXT(2) 
PARAMETRIC_REPRESENTATION_CONTEXT() REPRESENTATION_CONTEXT('2D SPACE',''
  ) );
#3118 = PCURVE('',#1789,#3119);
#3119 = DEFINITIONAL_REPRESENTATION('',(#3120),#3124);
#3120 = LINE('',#3121,#3122);
#3121 = CARTESIAN_POINT('',(11.347743846998,0.));
#3122 = VECTOR('',#3123,1.);
#3123 = DIRECTION('',(0.,1.));
#3124 = ( GEOMETRIC_REPRESENTATION_CONTEXT(2) 
PARAMETRIC_REPRESENTATION_CONTEXT() REPRESENTATION_CONTEXT('2D SPACE',''
  ) );
#3125 = ORIENTED_EDGE('',*,*,#1800,.T.);
#3126 = ADVANCED_FACE('',(#3127),#1789,.F.);
#3127 = FACE_BOUND('',#3128,.F.);
#3128 = EDGE_LOOP('',(#3129,#3130,#3152,#3172));
#3129 = ORIENTED_EDGE('',*,*,#3106,.F.);
#3130 = ORIENTED_EDGE('',*,*,#3131,.T.);
#3131 = EDGE_CURVE('',#3079,#3132,#3134,.T.);
#3132 = VERTEX_POINT('',#3133);
#3133 = CARTESIAN_POINT('',(-24.12486329572,10.567359896038,0.));
#3134 = SURFACE_CURVE('',#3135,(#3139,#3145),.PCURVE_S1.);
#3135 = LINE('',#3136,#3137);
#3136 = CARTESIAN_POINT('',(-26.87005768508,26.870057685089,0.));
#3137 = VECTOR('',#3138,1.);
#3138 = DIRECTION('',(0.166051241053,-0.986117125571,-0.));
#3139 = PCURVE('',#1789,#3140);
#3140 = DEFINITIONAL_REPRESENTATION('',(#3141),#3144);
#3141 = B_SPLINE_CURVE_WITH_KNOTS('',1,(#3142,#3143),.UNSPECIFIED.,.F.,
  .F.,(2,2),(9.132308177226,16.532212418081),.PIECEWISE_BEZIER_KNOTS.);
#3142 = CARTESIAN_POINT('',(11.347743846998,0.));
#3143 = CARTESIAN_POINT('',(20.542814379871,0.));
#3144 = ( GEOMETRIC_REPRESENTATION_CONTEXT(2) 
PARAMETRIC_REPRESENTATION_CONTEXT() REPRESENTATION_CONTEXT('2D SPACE',''
  ) );
#3145 = PCURVE('',#2602,#3146);
#3146 = DEFINITIONAL_REPRESENTATION('',(#3147),#3151);
#3147 = LINE('',#3148,#3149);
#3148 = CARTESIAN_POINT('',(51.981038106383,16.468749030104));
#3149 = VECTOR('',#3150,1.);
#3150 = DIRECTION('',(-0.166051241053,-0.986117125571));
#3151 = ( GEOMETRIC_REPRESENTATION_CONTEXT(2) 
PARAMETRIC_REPRESENTATION_CONTEXT() REPRESENTATION_CONTEXT('2D SPACE',''
  ) );
#3152 = ORIENTED_EDGE('',*,*,#3153,.T.);
#3153 = EDGE_CURVE('',#3132,#1631,#3154,.T.);
#3154 = SURFACE_CURVE('',#3155,(#3158,#3165),.PCURVE_S1.);
#3155 = B_SPLINE_CURVE_WITH_KNOTS('',1,(#3156,#3157),.UNSPECIFIED.,.F.,
  .F.,(2,2),(0.,1.),.PIECEWISE_BEZIER_KNOTS.);
#3156 = CARTESIAN_POINT('',(-24.12486329572,10.567359896038,0.));
#3157 = CARTESIAN_POINT('',(-29.97739056883,13.130929323905,102.));
#3158 = PCURVE('',#1789,#3159);
#3159 = DEFINITIONAL_REPRESENTATION('',(#3160),#3164);
#3160 = LINE('',#3161,#3162);
#3161 = CARTESIAN_POINT('',(20.542814379871,0.));
#3162 = VECTOR('',#3163,1.);
#3163 = DIRECTION('',(0.,1.));
#3164 = ( GEOMETRIC_REPRESENTATION_CONTEXT(2) 
PARAMETRIC_REPRESENTATION_CONTEXT() REPRESENTATION_CONTEXT('2D SPACE',''
  ) );
#3165 = PCURVE('',#1716,#3166);
#3166 = DEFINITIONAL_REPRESENTATION('',(#3167),#3171);
#3167 = LINE('',#3168,#3169);
#3168 = CARTESIAN_POINT('',(2.974768696981,0.));
#3169 = VECTOR('',#3170,1.);
#3170 = DIRECTION('',(0.,1.));
#3171 = ( GEOMETRIC_REPRESENTATION_CONTEXT(2) 
PARAMETRIC_REPRESENTATION_CONTEXT() REPRESENTATION_CONTEXT('2D SPACE',''
  ) );
#3172 = ORIENTED_EDGE('',*,*,#1775,.T.);
#3173 = ADVANCED_FACE('',(#3174),#1716,.F.);
#3174 = FACE_BOUND('',#3175,.F.);
#3175 = EDGE_LOOP('',(#3176,#3177,#3201,#3221));
#3176 = ORIENTED_EDGE('',*,*,#3153,.F.);
#3177 = ORIENTED_EDGE('',*,*,#3178,.T.);
#3178 = EDGE_CURVE('',#3132,#3179,#3181,.T.);
#3179 = VERTEX_POINT('',#3180);
#3180 = CARTESIAN_POINT('',(-24.53110627333,9.586602589877,0.));
#3181 = SURFACE_CURVE('',#3182,(#3187,#3194),.PCURVE_S1.);
#3182 = CIRCLE('',#3183,1.);
#3183 = AXIS2_PLACEMENT_3D('',#3184,#3185,#3186);
#3184 = CARTESIAN_POINT('',(-25.11098042129,10.401308654985,0.));
#3185 = DIRECTION('',(0.,0.,-1.));
#3186 = DIRECTION('',(-1.,0.,0.));
#3187 = PCURVE('',#1716,#3188);
#3188 = DEFINITIONAL_REPRESENTATION('',(#3189),#3193);
#3189 = LINE('',#3190,#3191);
#3190 = CARTESIAN_POINT('',(0.,0.));
#3191 = VECTOR('',#3192,1.);
#3192 = DIRECTION('',(1.,0.));
#3193 = ( GEOMETRIC_REPRESENTATION_CONTEXT(2) 
PARAMETRIC_REPRESENTATION_CONTEXT() REPRESENTATION_CONTEXT('2D SPACE',''
  ) );
#3194 = PCURVE('',#2602,#3195);
#3195 = DEFINITIONAL_REPRESENTATION('',(#3196),#3200);
#3196 = CIRCLE('',#3197,1.);
#3197 = AXIS2_PLACEMENT_2D('',#3198,#3199);
#3198 = CARTESIAN_POINT('',(50.221960842588,5.329070518201E-15));
#3199 = DIRECTION('',(1.,0.));
#3200 = ( GEOMETRIC_REPRESENTATION_CONTEXT(2) 
PARAMETRIC_REPRESENTATION_CONTEXT() REPRESENTATION_CONTEXT('2D SPACE',''
  ) );
#3201 = ORIENTED_EDGE('',*,*,#3202,.T.);
#3202 = EDGE_CURVE('',#3179,#1606,#3203,.T.);
#3203 = SURFACE_CURVE('',#3204,(#3207,#3214),.PCURVE_S1.);
#3204 = B_SPLINE_CURVE_WITH_KNOTS('',1,(#3205,#3206),.UNSPECIFIED.,.F.,
  .F.,(2,2),(0.,1.),.PIECEWISE_BEZIER_KNOTS.);
#3205 = CARTESIAN_POINT('',(-24.53110627333,9.586602589877,0.));
#3206 = CARTESIAN_POINT('',(-30.48218532171,11.912246985289,102.));
#3207 = PCURVE('',#1716,#3208);
#3208 = DEFINITIONAL_REPRESENTATION('',(#3209),#3213);
#3209 = LINE('',#3210,#3211);
#3210 = CARTESIAN_POINT('',(4.093814773596,0.));
#3211 = VECTOR('',#3212,1.);
#3212 = DIRECTION('',(0.,1.));
#3213 = ( GEOMETRIC_REPRESENTATION_CONTEXT(2) 
PARAMETRIC_REPRESENTATION_CONTEXT() REPRESENTATION_CONTEXT('2D SPACE',''
  ) );
#3214 = PCURVE('',#1619,#3215);
#3215 = DEFINITIONAL_REPRESENTATION('',(#3216),#3220);
#3216 = LINE('',#3217,#3218);
#3217 = CARTESIAN_POINT('',(0.778217835062,0.));
#3218 = VECTOR('',#3219,1.);
#3219 = DIRECTION('',(0.,1.));
#3220 = ( GEOMETRIC_REPRESENTATION_CONTEXT(2) 
PARAMETRIC_REPRESENTATION_CONTEXT() REPRESENTATION_CONTEXT('2D SPACE',''
  ) );
#3221 = ORIENTED_EDGE('',*,*,#1630,.T.);
#3222 = ADVANCED_FACE('',(#3223),#1619,.F.);
#3223 = FACE_BOUND('',#3224,.F.);
#3224 = EDGE_LOOP('',(#3225,#3226,#3248,#3268));
#3225 = ORIENTED_EDGE('',*,*,#3202,.F.);
#3226 = ORIENTED_EDGE('',*,*,#3227,.T.);
#3227 = EDGE_CURVE('',#3179,#3228,#3230,.T.);
#3228 = VERTEX_POINT('',#3229);
#3229 = CARTESIAN_POINT('',(-30.55985313957,5.295589423204,0.));
#3230 = SURFACE_CURVE('',#3231,(#3235,#3241),.PCURVE_S1.);
#3231 = LINE('',#3232,#3233);
#3232 = CARTESIAN_POINT('',(-24.02086784529,9.949769241492,0.));
#3233 = VECTOR('',#3234,1.);
#3234 = DIRECTION('',(-0.814706065108,-0.579874147963,0.));
#3235 = PCURVE('',#1619,#3236);
#3236 = DEFINITIONAL_REPRESENTATION('',(#3237),#3240);
#3237 = B_SPLINE_CURVE_WITH_KNOTS('',1,(#3238,#3239),.UNSPECIFIED.,.F.,
  .F.,(2,2),(0.626285294648,8.026189535502),.PIECEWISE_BEZIER_KNOTS.);
#3238 = CARTESIAN_POINT('',(0.778217835062,0.));
#3239 = CARTESIAN_POINT('',(9.973288367936,0.));
#3240 = ( GEOMETRIC_REPRESENTATION_CONTEXT(2) 
PARAMETRIC_REPRESENTATION_CONTEXT() REPRESENTATION_CONTEXT('2D SPACE',''
  ) );
#3241 = PCURVE('',#2602,#3242);
#3242 = DEFINITIONAL_REPRESENTATION('',(#3243),#3247);
#3243 = LINE('',#3244,#3245);
#3244 = CARTESIAN_POINT('',(49.131848266587,-0.451539413493));
#3245 = VECTOR('',#3246,1.);
#3246 = DIRECTION('',(0.814706065108,-0.579874147963));
#3247 = ( GEOMETRIC_REPRESENTATION_CONTEXT(2) 
PARAMETRIC_REPRESENTATION_CONTEXT() REPRESENTATION_CONTEXT('2D SPACE',''
  ) );
#3248 = ORIENTED_EDGE('',*,*,#3249,.T.);
#3249 = EDGE_CURVE('',#3228,#1505,#3250,.T.);
#3250 = SURFACE_CURVE('',#3251,(#3254,#3261),.PCURVE_S1.);
#3251 = B_SPLINE_CURVE_WITH_KNOTS('',1,(#3252,#3253),.UNSPECIFIED.,.F.,
  .F.,(2,2),(0.,1.),.PIECEWISE_BEZIER_KNOTS.);
#3252 = CARTESIAN_POINT('',(-30.55985313957,5.295589423204,0.));
#3253 = CARTESIAN_POINT('',(-37.97346505394,6.58026329458,102.));
#3254 = PCURVE('',#1619,#3255);
#3255 = DEFINITIONAL_REPRESENTATION('',(#3256),#3260);
#3256 = LINE('',#3257,#3258);
#3257 = CARTESIAN_POINT('',(9.973288367936,0.));
#3258 = VECTOR('',#3259,1.);
#3259 = DIRECTION('',(0.,1.));
#3260 = ( GEOMETRIC_REPRESENTATION_CONTEXT(2) 
PARAMETRIC_REPRESENTATION_CONTEXT() REPRESENTATION_CONTEXT('2D SPACE',''
  ) );
#3261 = PCURVE('',#1558,#3262);
#3262 = DEFINITIONAL_REPRESENTATION('',(#3263),#3267);
#3263 = LINE('',#3264,#3265);
#3264 = CARTESIAN_POINT('',(2.189370533583,0.));
#3265 = VECTOR('',#3266,1.);
#3266 = DIRECTION('',(0.,1.));
#3267 = ( GEOMETRIC_REPRESENTATION_CONTEXT(2) 
PARAMETRIC_REPRESENTATION_CONTEXT() REPRESENTATION_CONTEXT('2D SPACE',''
  ) );
#3268 = ORIENTED_EDGE('',*,*,#1605,.T.);
#3269 = ADVANCED_FACE('',(#3270),#1558,.F.);
#3270 = FACE_BOUND('',#3271,.F.);
#3271 = EDGE_LOOP('',(#3272,#3273,#3301,#3321));
#3272 = ORIENTED_EDGE('',*,*,#3249,.F.);
#3273 = ORIENTED_EDGE('',*,*,#3274,.T.);
#3274 = EDGE_CURVE('',#3228,#3275,#3277,.T.);
#3275 = VERTEX_POINT('',#3276);
#3276 = CARTESIAN_POINT('',(-30.55985313957,-5.295589423204,0.));
#3277 = SURFACE_CURVE('',#3278,(#3283,#3290),.PCURVE_S1.);
#3278 = CIRCLE('',#3279,6.5);
#3279 = AXIS2_PLACEMENT_3D('',#3280,#3281,#3282);
#3280 = CARTESIAN_POINT('',(-26.79067117781,2.6645352591E-15,0.));
#3281 = DIRECTION('',(0.,0.,1.));
#3282 = DIRECTION('',(1.,0.,0.));
#3283 = PCURVE('',#1558,#3284);
#3284 = DEFINITIONAL_REPRESENTATION('',(#3285),#3289);
#3285 = LINE('',#3286,#3287);
#3286 = CARTESIAN_POINT('',(0.,0.));
#3287 = VECTOR('',#3288,1.);
#3288 = DIRECTION('',(1.,0.));
#3289 = ( GEOMETRIC_REPRESENTATION_CONTEXT(2) 
PARAMETRIC_REPRESENTATION_CONTEXT() REPRESENTATION_CONTEXT('2D SPACE',''
  ) );
#3290 = PCURVE('',#2602,#3291);
#3291 = DEFINITIONAL_REPRESENTATION('',(#3292),#3300);
#3292 = ( BOUNDED_CURVE() B_SPLINE_CURVE(2,(#3293,#3294,#3295,#3296,
#3297,#3298,#3299),.UNSPECIFIED.,.T.,.F.) B_SPLINE_CURVE_WITH_KNOTS((1,2
    ,2,2,2,1),(-2.094395102393,0.,2.094395102393,4.188790204786,
6.28318530718,8.377580409573),.UNSPECIFIED.) CURVE() 
GEOMETRIC_REPRESENTATION_ITEM() RATIONAL_B_SPLINE_CURVE((1.,0.5,1.,0.5,
1.,0.5,1.)) REPRESENTATION_ITEM('') );
#3293 = CARTESIAN_POINT('',(45.401651599111,-10.40130865498));
#3294 = CARTESIAN_POINT('',(45.401651599111,0.857021594213));
#3295 = CARTESIAN_POINT('',(55.151651599111,-4.772143530386));
#3296 = CARTESIAN_POINT('',(64.901651599111,-10.40130865498));
#3297 = CARTESIAN_POINT('',(55.151651599111,-16.03047377958));
#3298 = CARTESIAN_POINT('',(45.401651599111,-21.65963890418));
#3299 = CARTESIAN_POINT('',(45.401651599111,-10.40130865498));
#3300 = ( GEOMETRIC_REPRESENTATION_CONTEXT(2) 
PARAMETRIC_REPRESENTATION_CONTEXT() REPRESENTATION_CONTEXT('2D SPACE',''
  ) );
#3301 = ORIENTED_EDGE('',*,*,#3302,.T.);
#3302 = EDGE_CURVE('',#3275,#1480,#3303,.T.);
#3303 = SURFACE_CURVE('',#3304,(#3307,#3314),.PCURVE_S1.);
#3304 = B_SPLINE_CURVE_WITH_KNOTS('',1,(#3305,#3306),.UNSPECIFIED.,.F.,
  .F.,(2,2),(0.,1.),.PIECEWISE_BEZIER_KNOTS.);
#3305 = CARTESIAN_POINT('',(-30.55985313957,-5.295589423204,0.));
#3306 = CARTESIAN_POINT('',(-37.97346505394,-6.58026329458,102.));
#3307 = PCURVE('',#1558,#3308);
#3308 = DEFINITIONAL_REPRESENTATION('',(#3309),#3313);
#3309 = LINE('',#3310,#3311);
#3310 = CARTESIAN_POINT('',(4.093814773596,0.));
#3311 = VECTOR('',#3312,1.);
#3312 = DIRECTION('',(0.,1.));
#3313 = ( GEOMETRIC_REPRESENTATION_CONTEXT(2) 
PARAMETRIC_REPRESENTATION_CONTEXT() REPRESENTATION_CONTEXT('2D SPACE',''
  ) );
#3314 = PCURVE('',#1493,#3315);
#3315 = DEFINITIONAL_REPRESENTATION('',(#3316),#3320);
#3316 = LINE('',#3317,#3318);
#3317 = CARTESIAN_POINT('',(11.347743846998,0.));
#3318 = VECTOR('',#3319,1.);
#3319 = DIRECTION('',(0.,1.));
#3320 = ( GEOMETRIC_REPRESENTATION_CONTEXT(2) 
PARAMETRIC_REPRESENTATION_CONTEXT() REPRESENTATION_CONTEXT('2D SPACE',''
  ) );
#3321 = ORIENTED_EDGE('',*,*,#1504,.T.);
#3322 = ADVANCED_FACE('',(#3323),#1493,.F.);
#3323 = FACE_BOUND('',#3324,.F.);
#3324 = EDGE_LOOP('',(#3325,#3326,#3348,#3368));
#3325 = ORIENTED_EDGE('',*,*,#3302,.F.);
#3326 = ORIENTED_EDGE('',*,*,#3327,.T.);
#3327 = EDGE_CURVE('',#3275,#3328,#3330,.T.);
#3328 = VERTEX_POINT('',#3329);
#3329 = CARTESIAN_POINT('',(-24.53110627333,-9.586602589877,0.));
#3330 = SURFACE_CURVE('',#3331,(#3335,#3341),.PCURVE_S1.);
#3331 = LINE('',#3332,#3333);
#3332 = CARTESIAN_POINT('',(-38.,3.552713678801E-15,0.));
#3333 = VECTOR('',#3334,1.);
#3334 = DIRECTION('',(0.814706065108,-0.579874147963,-0.));
#3335 = PCURVE('',#1493,#3336);
#3336 = DEFINITIONAL_REPRESENTATION('',(#3337),#3340);
#3337 = B_SPLINE_CURVE_WITH_KNOTS('',1,(#3338,#3339),.UNSPECIFIED.,.F.,
  .F.,(2,2),(9.132308177226,16.532212418081),.PIECEWISE_BEZIER_KNOTS.);
#3338 = CARTESIAN_POINT('',(11.347743846998,0.));
#3339 = CARTESIAN_POINT('',(20.542814379871,0.));
#3340 = ( GEOMETRIC_REPRESENTATION_CONTEXT(2) 
PARAMETRIC_REPRESENTATION_CONTEXT() REPRESENTATION_CONTEXT('2D SPACE',''
  ) );
#3341 = PCURVE('',#2602,#3342);
#3342 = DEFINITIONAL_REPRESENTATION('',(#3343),#3347);
#3343 = LINE('',#3344,#3345);
#3344 = CARTESIAN_POINT('',(63.110980421294,-10.40130865498));
#3345 = VECTOR('',#3346,1.);
#3346 = DIRECTION('',(-0.814706065108,-0.579874147963));
#3347 = ( GEOMETRIC_REPRESENTATION_CONTEXT(2) 
PARAMETRIC_REPRESENTATION_CONTEXT() REPRESENTATION_CONTEXT('2D SPACE',''
  ) );
#3348 = ORIENTED_EDGE('',*,*,#3349,.T.);
#3349 = EDGE_CURVE('',#3328,#1326,#3350,.T.);
#3350 = SURFACE_CURVE('',#3351,(#3354,#3361),.PCURVE_S1.);
#3351 = B_SPLINE_CURVE_WITH_KNOTS('',1,(#3352,#3353),.UNSPECIFIED.,.F.,
  .F.,(2,2),(0.,1.),.PIECEWISE_BEZIER_KNOTS.);
#3352 = CARTESIAN_POINT('',(-24.53110627333,-9.586602589877,0.));
#3353 = CARTESIAN_POINT('',(-30.48218532171,-11.91224698528,102.));
#3354 = PCURVE('',#1493,#3355);
#3355 = DEFINITIONAL_REPRESENTATION('',(#3356),#3360);
#3356 = LINE('',#3357,#3358);
#3357 = CARTESIAN_POINT('',(20.542814379871,0.));
#3358 = VECTOR('',#3359,1.);
#3359 = DIRECTION('',(0.,1.));
#3360 = ( GEOMETRIC_REPRESENTATION_CONTEXT(2) 
PARAMETRIC_REPRESENTATION_CONTEXT() REPRESENTATION_CONTEXT('2D SPACE',''
  ) );
#3361 = PCURVE('',#1417,#3362);
#3362 = DEFINITIONAL_REPRESENTATION('',(#3363),#3367);
#3363 = LINE('',#3364,#3365);
#3364 = CARTESIAN_POINT('',(2.189370533583,0.));
#3365 = VECTOR('',#3366,1.);
#3366 = DIRECTION('',(0.,1.));
#3367 = ( GEOMETRIC_REPRESENTATION_CONTEXT(2) 
PARAMETRIC_REPRESENTATION_CONTEXT() REPRESENTATION_CONTEXT('2D SPACE',''
  ) );
#3368 = ORIENTED_EDGE('',*,*,#1479,.T.);
#3369 = ADVANCED_FACE('',(#3370),#1417,.F.);
#3370 = FACE_BOUND('',#3371,.F.);
#3371 = EDGE_LOOP('',(#3372,#3373,#3397,#3417));
#3372 = ORIENTED_EDGE('',*,*,#3349,.F.);
#3373 = ORIENTED_EDGE('',*,*,#3374,.T.);
#3374 = EDGE_CURVE('',#3328,#3375,#3377,.T.);
#3375 = VERTEX_POINT('',#3376);
#3376 = CARTESIAN_POINT('',(-24.12486329572,-10.56735989603,0.));
#3377 = SURFACE_CURVE('',#3378,(#3383,#3390),.PCURVE_S1.);
#3378 = CIRCLE('',#3379,1.);
#3379 = AXIS2_PLACEMENT_3D('',#3380,#3381,#3382);
#3380 = CARTESIAN_POINT('',(-25.11098042129,-10.40130865498,0.));
#3381 = DIRECTION('',(0.,0.,-1.));
#3382 = DIRECTION('',(-1.,0.,0.));
#3383 = PCURVE('',#1417,#3384);
#3384 = DEFINITIONAL_REPRESENTATION('',(#3385),#3389);
#3385 = LINE('',#3386,#3387);
#3386 = CARTESIAN_POINT('',(0.,0.));
#3387 = VECTOR('',#3388,1.);
#3388 = DIRECTION('',(1.,0.));
#3389 = ( GEOMETRIC_REPRESENTATION_CONTEXT(2) 
PARAMETRIC_REPRESENTATION_CONTEXT() REPRESENTATION_CONTEXT('2D SPACE',''
  ) );
#3390 = PCURVE('',#2602,#3391);
#3391 = DEFINITIONAL_REPRESENTATION('',(#3392),#3396);
#3392 = CIRCLE('',#3393,1.);
#3393 = AXIS2_PLACEMENT_2D('',#3394,#3395);
#3394 = CARTESIAN_POINT('',(50.221960842588,-20.80261730997));
#3395 = DIRECTION('',(1.,0.));
#3396 = ( GEOMETRIC_REPRESENTATION_CONTEXT(2) 
PARAMETRIC_REPRESENTATION_CONTEXT() REPRESENTATION_CONTEXT('2D SPACE',''
  ) );
#3397 = ORIENTED_EDGE('',*,*,#3398,.T.);
#3398 = EDGE_CURVE('',#3375,#1301,#3399,.T.);
#3399 = SURFACE_CURVE('',#3400,(#3403,#3410),.PCURVE_S1.);
#3400 = B_SPLINE_CURVE_WITH_KNOTS('',1,(#3401,#3402),.UNSPECIFIED.,.F.,
  .F.,(2,2),(0.,1.),.PIECEWISE_BEZIER_KNOTS.);
#3401 = CARTESIAN_POINT('',(-24.12486329572,-10.56735989603,0.));
#3402 = CARTESIAN_POINT('',(-29.97739056883,-13.1309293239,102.));
#3403 = PCURVE('',#1417,#3404);
#3404 = DEFINITIONAL_REPRESENTATION('',(#3405),#3409);
#3405 = LINE('',#3406,#3407);
#3406 = CARTESIAN_POINT('',(3.308416610199,0.));
#3407 = VECTOR('',#3408,1.);
#3408 = DIRECTION('',(0.,1.));
#3409 = ( GEOMETRIC_REPRESENTATION_CONTEXT(2) 
PARAMETRIC_REPRESENTATION_CONTEXT() REPRESENTATION_CONTEXT('2D SPACE',''
  ) );
#3410 = PCURVE('',#1314,#3411);
#3411 = DEFINITIONAL_REPRESENTATION('',(#3412),#3416);
#3412 = LINE('',#3413,#3414);
#3413 = CARTESIAN_POINT('',(0.778217835062,0.));
#3414 = VECTOR('',#3415,1.);
#3415 = DIRECTION('',(0.,1.));
#3416 = ( GEOMETRIC_REPRESENTATION_CONTEXT(2) 
PARAMETRIC_REPRESENTATION_CONTEXT() REPRESENTATION_CONTEXT('2D SPACE',''
  ) );
#3417 = ORIENTED_EDGE('',*,*,#1325,.T.);
#3418 = ADVANCED_FACE('',(#3419),#1314,.F.);
#3419 = FACE_BOUND('',#3420,.F.);
#3420 = EDGE_LOOP('',(#3421,#3422,#3444,#3464));
#3421 = ORIENTED_EDGE('',*,*,#3398,.F.);
#3422 = ORIENTED_EDGE('',*,*,#3423,.T.);
#3423 = EDGE_CURVE('',#3375,#3424,#3426,.T.);
#3424 = VERTEX_POINT('',#3425);
#3425 = CARTESIAN_POINT('',(-25.35362657858,-17.86453219553,0.));
#3426 = SURFACE_CURVE('',#3427,(#3431,#3437),.PCURVE_S1.);
#3427 = LINE('',#3428,#3429);
#3428 = CARTESIAN_POINT('',(-24.02086784529,-9.949769241492,0.));
#3429 = VECTOR('',#3430,1.);
#3430 = DIRECTION('',(-0.166051241053,-0.986117125571,0.));
#3431 = PCURVE('',#1314,#3432);
#3432 = DEFINITIONAL_REPRESENTATION('',(#3433),#3436);
#3433 = B_SPLINE_CURVE_WITH_KNOTS('',1,(#3434,#3435),.UNSPECIFIED.,.F.,
  .F.,(2,2),(0.626285294648,8.026189535502),.PIECEWISE_BEZIER_KNOTS.);
#3434 = CARTESIAN_POINT('',(0.778217835062,0.));
#3435 = CARTESIAN_POINT('',(9.973288367936,0.));
#3436 = ( GEOMETRIC_REPRESENTATION_CONTEXT(2) 
PARAMETRIC_REPRESENTATION_CONTEXT() REPRESENTATION_CONTEXT('2D SPACE',''
  ) );
#3437 = PCURVE('',#2602,#3438);
#3438 = DEFINITIONAL_REPRESENTATION('',(#3439),#3443);
#3439 = LINE('',#3440,#3441);
#3440 = CARTESIAN_POINT('',(49.131848266587,-20.35107789647));
#3441 = VECTOR('',#3442,1.);
#3442 = DIRECTION('',(0.166051241053,-0.986117125571));
#3443 = ( GEOMETRIC_REPRESENTATION_CONTEXT(2) 
PARAMETRIC_REPRESENTATION_CONTEXT() REPRESENTATION_CONTEXT('2D SPACE',''
  ) );
#3444 = ORIENTED_EDGE('',*,*,#3445,.T.);
#3445 = EDGE_CURVE('',#3424,#1200,#3446,.T.);
#3446 = SURFACE_CURVE('',#3447,(#3450,#3457),.PCURVE_S1.);
#3447 = B_SPLINE_CURVE_WITH_KNOTS('',1,(#3448,#3449),.UNSPECIFIED.,.F.,
  .F.,(2,2),(0.,1.),.PIECEWISE_BEZIER_KNOTS.);
#3448 = CARTESIAN_POINT('',(-25.35362657858,-17.86453219553,0.));
#3449 = CARTESIAN_POINT('',(-31.50424344238,-22.1983458472,102.));
#3450 = PCURVE('',#1314,#3451);
#3451 = DEFINITIONAL_REPRESENTATION('',(#3452),#3456);
#3452 = LINE('',#3453,#3454);
#3453 = CARTESIAN_POINT('',(9.973288367936,0.));
#3454 = VECTOR('',#3455,1.);
#3455 = DIRECTION('',(0.,1.));
#3456 = ( GEOMETRIC_REPRESENTATION_CONTEXT(2) 
PARAMETRIC_REPRESENTATION_CONTEXT() REPRESENTATION_CONTEXT('2D SPACE',''
  ) );
#3457 = PCURVE('',#1253,#3458);
#3458 = DEFINITIONAL_REPRESENTATION('',(#3459),#3463);
#3459 = LINE('',#3460,#3461);
#3460 = CARTESIAN_POINT('',(2.974768696981,0.));
#3461 = VECTOR('',#3462,1.);
#3462 = DIRECTION('',(0.,1.));
#3463 = ( GEOMETRIC_REPRESENTATION_CONTEXT(2) 
PARAMETRIC_REPRESENTATION_CONTEXT() REPRESENTATION_CONTEXT('2D SPACE',''
  ) );
#3464 = ORIENTED_EDGE('',*,*,#1300,.T.);
#3465 = ADVANCED_FACE('',(#3466),#1253,.F.);
#3466 = FACE_BOUND('',#3467,.F.);
#3467 = EDGE_LOOP('',(#3468,#3469,#3497,#3517));
#3468 = ORIENTED_EDGE('',*,*,#3445,.F.);
#3469 = ORIENTED_EDGE('',*,*,#3470,.T.);
#3470 = EDGE_CURVE('',#3424,#3471,#3473,.T.);
#3471 = VERTEX_POINT('',#3472);
#3472 = CARTESIAN_POINT('',(-17.86453219553,-25.35362657858,0.));
#3473 = SURFACE_CURVE('',#3474,(#3479,#3486),.PCURVE_S1.);
#3474 = CIRCLE('',#3475,6.5);
#3475 = AXIS2_PLACEMENT_3D('',#3476,#3477,#3478);
#3476 = CARTESIAN_POINT('',(-18.94386526237,-18.94386526237,0.));
#3477 = DIRECTION('',(0.,0.,1.));
#3478 = DIRECTION('',(1.,0.,0.));
#3479 = PCURVE('',#1253,#3480);
#3480 = DEFINITIONAL_REPRESENTATION('',(#3481),#3485);
#3481 = LINE('',#3482,#3483);
#3482 = CARTESIAN_POINT('',(0.,0.));
#3483 = VECTOR('',#3484,1.);
#3484 = DIRECTION('',(1.,0.));
#3485 = ( GEOMETRIC_REPRESENTATION_CONTEXT(2) 
PARAMETRIC_REPRESENTATION_CONTEXT() REPRESENTATION_CONTEXT('2D SPACE',''
  ) );
#3486 = PCURVE('',#2602,#3487);
#3487 = DEFINITIONAL_REPRESENTATION('',(#3488),#3496);
#3488 = ( BOUNDED_CURVE() B_SPLINE_CURVE(2,(#3489,#3490,#3491,#3492,
#3493,#3494,#3495),.UNSPECIFIED.,.T.,.F.) B_SPLINE_CURVE_WITH_KNOTS((1,2
    ,2,2,2,1),(-2.094395102393,0.,2.094395102393,4.188790204786,
6.28318530718,8.377580409573),.UNSPECIFIED.) CURVE() 
GEOMETRIC_REPRESENTATION_ITEM() RATIONAL_B_SPLINE_CURVE((1.,0.5,1.,0.5,
1.,0.5,1.)) REPRESENTATION_ITEM('') );
#3489 = CARTESIAN_POINT('',(37.554845683667,-29.34517391735));
#3490 = CARTESIAN_POINT('',(37.554845683667,-18.08684366816));
#3491 = CARTESIAN_POINT('',(47.304845683667,-23.71600879275));
#3492 = CARTESIAN_POINT('',(57.054845683667,-29.34517391735));
#3493 = CARTESIAN_POINT('',(47.304845683667,-34.97433904195));
#3494 = CARTESIAN_POINT('',(37.554845683667,-40.60350416655));
#3495 = CARTESIAN_POINT('',(37.554845683667,-29.34517391735));
#3496 = ( GEOMETRIC_REPRESENTATION_CONTEXT(2) 
PARAMETRIC_REPRESENTATION_CONTEXT() REPRESENTATION_CONTEXT('2D SPACE',''
  ) );
#3497 = ORIENTED_EDGE('',*,*,#3498,.T.);
#3498 = EDGE_CURVE('',#3471,#1175,#3499,.T.);
#3499 = SURFACE_CURVE('',#3500,(#3503,#3510),.PCURVE_S1.);
#3500 = B_SPLINE_CURVE_WITH_KNOTS('',1,(#3501,#3502),.UNSPECIFIED.,.F.,
  .F.,(2,2),(0.,1.),.PIECEWISE_BEZIER_KNOTS.);
#3501 = CARTESIAN_POINT('',(-17.86453219553,-25.35362657858,0.));
#3502 = CARTESIAN_POINT('',(-22.1983458472,-31.50424344238,102.));
#3503 = PCURVE('',#1253,#3504);
#3504 = DEFINITIONAL_REPRESENTATION('',(#3505),#3509);
#3505 = LINE('',#3506,#3507);
#3506 = CARTESIAN_POINT('',(4.879212936994,0.));
#3507 = VECTOR('',#3508,1.);
#3508 = DIRECTION('',(0.,1.));
#3509 = ( GEOMETRIC_REPRESENTATION_CONTEXT(2) 
PARAMETRIC_REPRESENTATION_CONTEXT() REPRESENTATION_CONTEXT('2D SPACE',''
  ) );
#3510 = PCURVE('',#1188,#3511);
#3511 = DEFINITIONAL_REPRESENTATION('',(#3512),#3516);
#3512 = LINE('',#3513,#3514);
#3513 = CARTESIAN_POINT('',(11.347743846998,0.));
#3514 = VECTOR('',#3515,1.);
#3515 = DIRECTION('',(0.,1.));
#3516 = ( GEOMETRIC_REPRESENTATION_CONTEXT(2) 
PARAMETRIC_REPRESENTATION_CONTEXT() REPRESENTATION_CONTEXT('2D SPACE',''
  ) );
#3517 = ORIENTED_EDGE('',*,*,#1199,.T.);
#3518 = ADVANCED_FACE('',(#3519),#1188,.F.);
#3519 = FACE_BOUND('',#3520,.F.);
#3520 = EDGE_LOOP('',(#3521,#3522,#3544,#3564));
#3521 = ORIENTED_EDGE('',*,*,#3498,.F.);
#3522 = ORIENTED_EDGE('',*,*,#3523,.T.);
#3523 = EDGE_CURVE('',#3471,#3524,#3526,.T.);
#3524 = VERTEX_POINT('',#3525);
#3525 = CARTESIAN_POINT('',(-10.56735989603,-24.12486329572,0.));
#3526 = SURFACE_CURVE('',#3527,(#3531,#3537),.PCURVE_S1.);
#3527 = LINE('',#3528,#3529);
#3528 = CARTESIAN_POINT('',(-26.87005768508,-26.87005768508,0.));
#3529 = VECTOR('',#3530,1.);
#3530 = DIRECTION('',(0.986117125571,0.166051241053,0.));
#3531 = PCURVE('',#1188,#3532);
#3532 = DEFINITIONAL_REPRESENTATION('',(#3533),#3536);
#3533 = B_SPLINE_CURVE_WITH_KNOTS('',1,(#3534,#3535),.UNSPECIFIED.,.F.,
  .F.,(2,2),(9.132308177226,16.532212418081),.PIECEWISE_BEZIER_KNOTS.);
#3534 = CARTESIAN_POINT('',(11.347743846998,0.));
#3535 = CARTESIAN_POINT('',(20.542814379871,0.));
#3536 = ( GEOMETRIC_REPRESENTATION_CONTEXT(2) 
PARAMETRIC_REPRESENTATION_CONTEXT() REPRESENTATION_CONTEXT('2D SPACE',''
  ) );
#3537 = PCURVE('',#2602,#3538);
#3538 = DEFINITIONAL_REPRESENTATION('',(#3539),#3543);
#3539 = LINE('',#3540,#3541);
#3540 = CARTESIAN_POINT('',(51.981038106383,-37.27136634007));
#3541 = VECTOR('',#3542,1.);
#3542 = DIRECTION('',(-0.986117125571,0.166051241053));
#3543 = ( GEOMETRIC_REPRESENTATION_CONTEXT(2) 
PARAMETRIC_REPRESENTATION_CONTEXT() REPRESENTATION_CONTEXT('2D SPACE',''
  ) );
#3544 = ORIENTED_EDGE('',*,*,#3545,.T.);
#3545 = EDGE_CURVE('',#3524,#1039,#3546,.T.);
#3546 = SURFACE_CURVE('',#3547,(#3550,#3557),.PCURVE_S1.);
#3547 = B_SPLINE_CURVE_WITH_KNOTS('',1,(#3548,#3549),.UNSPECIFIED.,.F.,
  .F.,(2,2),(0.,1.),.PIECEWISE_BEZIER_KNOTS.);
#3548 = CARTESIAN_POINT('',(-10.56735989603,-24.12486329572,0.));
#3549 = CARTESIAN_POINT('',(-13.1309293239,-29.97739056883,102.));
#3550 = PCURVE('',#1188,#3551);
#3551 = DEFINITIONAL_REPRESENTATION('',(#3552),#3556);
#3552 = LINE('',#3553,#3554);
#3553 = CARTESIAN_POINT('',(20.542814379871,0.));
#3554 = VECTOR('',#3555,1.);
#3555 = DIRECTION('',(0.,1.));
#3556 = ( GEOMETRIC_REPRESENTATION_CONTEXT(2) 
PARAMETRIC_REPRESENTATION_CONTEXT() REPRESENTATION_CONTEXT('2D SPACE',''
  ) );
#3557 = PCURVE('',#1118,#3558);
#3558 = DEFINITIONAL_REPRESENTATION('',(#3559),#3563);
#3559 = LINE('',#3560,#3561);
#3560 = CARTESIAN_POINT('',(1.403972370186,0.));
#3561 = VECTOR('',#3562,1.);
#3562 = DIRECTION('',(0.,1.));
#3563 = ( GEOMETRIC_REPRESENTATION_CONTEXT(2) 
PARAMETRIC_REPRESENTATION_CONTEXT() REPRESENTATION_CONTEXT('2D SPACE',''
  ) );
#3564 = ORIENTED_EDGE('',*,*,#1174,.T.);
#3565 = ADVANCED_FACE('',(#3566),#1118,.F.);
#3566 = FACE_BOUND('',#3567,.F.);
#3567 = EDGE_LOOP('',(#3568,#3569,#3593,#3613));
#3568 = ORIENTED_EDGE('',*,*,#3545,.F.);
#3569 = ORIENTED_EDGE('',*,*,#3570,.T.);
#3570 = EDGE_CURVE('',#3524,#3571,#3573,.T.);
#3571 = VERTEX_POINT('',#3572);
#3572 = CARTESIAN_POINT('',(-9.586602589877,-24.53110627333,0.));
#3573 = SURFACE_CURVE('',#3574,(#3579,#3586),.PCURVE_S1.);
#3574 = CIRCLE('',#3575,1.);
#3575 = AXIS2_PLACEMENT_3D('',#3576,#3577,#3578);
#3576 = CARTESIAN_POINT('',(-10.40130865498,-25.11098042129,0.));
#3577 = DIRECTION('',(0.,0.,-1.));
#3578 = DIRECTION('',(-1.,0.,0.));
#3579 = PCURVE('',#1118,#3580);
#3580 = DEFINITIONAL_REPRESENTATION('',(#3581),#3585);
#3581 = LINE('',#3582,#3583);
#3582 = CARTESIAN_POINT('',(0.,0.));
#3583 = VECTOR('',#3584,1.);
#3584 = DIRECTION('',(1.,0.));
#3585 = ( GEOMETRIC_REPRESENTATION_CONTEXT(2) 
PARAMETRIC_REPRESENTATION_CONTEXT() REPRESENTATION_CONTEXT('2D SPACE',''
  ) );
#3586 = PCURVE('',#2602,#3587);
#3587 = DEFINITIONAL_REPRESENTATION('',(#3588),#3592);
#3588 = CIRCLE('',#3589,1.);
#3589 = AXIS2_PLACEMENT_2D('',#3590,#3591);
#3590 = CARTESIAN_POINT('',(35.512289076279,-35.51228907627));
#3591 = DIRECTION('',(1.,0.));
#3592 = ( GEOMETRIC_REPRESENTATION_CONTEXT(2) 
PARAMETRIC_REPRESENTATION_CONTEXT() REPRESENTATION_CONTEXT('2D SPACE',''
  ) );
#3593 = ORIENTED_EDGE('',*,*,#3594,.T.);
#3594 = EDGE_CURVE('',#3571,#1014,#3595,.T.);
#3595 = SURFACE_CURVE('',#3596,(#3599,#3606),.PCURVE_S1.);
#3596 = B_SPLINE_CURVE_WITH_KNOTS('',1,(#3597,#3598),.UNSPECIFIED.,.F.,
  .F.,(2,2),(0.,1.),.PIECEWISE_BEZIER_KNOTS.);
#3597 = CARTESIAN_POINT('',(-9.586602589877,-24.53110627333,0.));
#3598 = CARTESIAN_POINT('',(-11.91224698528,-30.48218532171,102.));
#3599 = PCURVE('',#1118,#3600);
#3600 = DEFINITIONAL_REPRESENTATION('',(#3601),#3605);
#3601 = LINE('',#3602,#3603);
#3602 = CARTESIAN_POINT('',(2.523018446801,0.));
#3603 = VECTOR('',#3604,1.);
#3604 = DIRECTION('',(0.,1.));
#3605 = ( GEOMETRIC_REPRESENTATION_CONTEXT(2) 
PARAMETRIC_REPRESENTATION_CONTEXT() REPRESENTATION_CONTEXT('2D SPACE',''
  ) );
#3606 = PCURVE('',#1027,#3607);
#3607 = DEFINITIONAL_REPRESENTATION('',(#3608),#3612);
#3608 = LINE('',#3609,#3610);
#3609 = CARTESIAN_POINT('',(0.778217835062,0.));
#3610 = VECTOR('',#3611,1.);
#3611 = DIRECTION('',(0.,1.));
#3612 = ( GEOMETRIC_REPRESENTATION_CONTEXT(2) 
PARAMETRIC_REPRESENTATION_CONTEXT() REPRESENTATION_CONTEXT('2D SPACE',''
  ) );
#3613 = ORIENTED_EDGE('',*,*,#1038,.T.);
#3614 = ADVANCED_FACE('',(#3615),#1027,.F.);
#3615 = FACE_BOUND('',#3616,.F.);
#3616 = EDGE_LOOP('',(#3617,#3618,#3640,#3660));
#3617 = ORIENTED_EDGE('',*,*,#3594,.F.);
#3618 = ORIENTED_EDGE('',*,*,#3619,.T.);
#3619 = EDGE_CURVE('',#3571,#3620,#3622,.T.);
#3620 = VERTEX_POINT('',#3621);
#3621 = CARTESIAN_POINT('',(-5.295589423204,-30.55985313957,0.));
#3622 = SURFACE_CURVE('',#3623,(#3627,#3633),.PCURVE_S1.);
#3623 = LINE('',#3624,#3625);
#3624 = CARTESIAN_POINT('',(-9.949769241492,-24.02086784529,0.));
#3625 = VECTOR('',#3626,1.);
#3626 = DIRECTION('',(0.579874147963,-0.814706065108,-0.));
#3627 = PCURVE('',#1027,#3628);
#3628 = DEFINITIONAL_REPRESENTATION('',(#3629),#3632);
#3629 = B_SPLINE_CURVE_WITH_KNOTS('',1,(#3630,#3631),.UNSPECIFIED.,.F.,
  .F.,(2,2),(0.626285294648,8.026189535502),.PIECEWISE_BEZIER_KNOTS.);
#3630 = CARTESIAN_POINT('',(0.778217835062,0.));
#3631 = CARTESIAN_POINT('',(9.973288367936,0.));
#3632 = ( GEOMETRIC_REPRESENTATION_CONTEXT(2) 
PARAMETRIC_REPRESENTATION_CONTEXT() REPRESENTATION_CONTEXT('2D SPACE',''
  ) );
#3633 = PCURVE('',#2602,#3634);
#3634 = DEFINITIONAL_REPRESENTATION('',(#3635),#3639);
#3635 = LINE('',#3636,#3637);
#3636 = CARTESIAN_POINT('',(35.060749662786,-34.42217650027));
#3637 = VECTOR('',#3638,1.);
#3638 = DIRECTION('',(-0.579874147963,-0.814706065108));
#3639 = ( GEOMETRIC_REPRESENTATION_CONTEXT(2) 
PARAMETRIC_REPRESENTATION_CONTEXT() REPRESENTATION_CONTEXT('2D SPACE',''
  ) );
#3640 = ORIENTED_EDGE('',*,*,#3641,.T.);
#3641 = EDGE_CURVE('',#3620,#913,#3642,.T.);
#3642 = SURFACE_CURVE('',#3643,(#3646,#3653),.PCURVE_S1.);
#3643 = B_SPLINE_CURVE_WITH_KNOTS('',1,(#3644,#3645),.UNSPECIFIED.,.F.,
  .F.,(2,2),(0.,1.),.PIECEWISE_BEZIER_KNOTS.);
#3644 = CARTESIAN_POINT('',(-5.295589423204,-30.55985313957,0.));
#3645 = CARTESIAN_POINT('',(-6.58026329458,-37.97346505394,102.));
#3646 = PCURVE('',#1027,#3647);
#3647 = DEFINITIONAL_REPRESENTATION('',(#3648),#3652);
#3648 = LINE('',#3649,#3650);
#3649 = CARTESIAN_POINT('',(9.973288367936,0.));
#3650 = VECTOR('',#3651,1.);
#3651 = DIRECTION('',(0.,1.));
#3652 = ( GEOMETRIC_REPRESENTATION_CONTEXT(2) 
PARAMETRIC_REPRESENTATION_CONTEXT() REPRESENTATION_CONTEXT('2D SPACE',''
  ) );
#3653 = PCURVE('',#966,#3654);
#3654 = DEFINITIONAL_REPRESENTATION('',(#3655),#3659);
#3655 = LINE('',#3656,#3657);
#3656 = CARTESIAN_POINT('',(3.760166860378,0.));
#3657 = VECTOR('',#3658,1.);
#3658 = DIRECTION('',(0.,1.));
#3659 = ( GEOMETRIC_REPRESENTATION_CONTEXT(2) 
PARAMETRIC_REPRESENTATION_CONTEXT() REPRESENTATION_CONTEXT('2D SPACE',''
  ) );
#3660 = ORIENTED_EDGE('',*,*,#1013,.T.);
#3661 = ADVANCED_FACE('',(#3662),#966,.F.);
#3662 = FACE_BOUND('',#3663,.F.);
#3663 = EDGE_LOOP('',(#3664,#3665,#3693,#3713));
#3664 = ORIENTED_EDGE('',*,*,#3641,.F.);
#3665 = ORIENTED_EDGE('',*,*,#3666,.T.);
#3666 = EDGE_CURVE('',#3620,#3667,#3669,.T.);
#3667 = VERTEX_POINT('',#3668);
#3668 = CARTESIAN_POINT('',(5.295589423204,-30.55985313957,0.));
#3669 = SURFACE_CURVE('',#3670,(#3675,#3682),.PCURVE_S1.);
#3670 = CIRCLE('',#3671,6.5);
#3671 = AXIS2_PLACEMENT_3D('',#3672,#3673,#3674);
#3672 = CARTESIAN_POINT('',(-7.105427357601E-15,-26.79067117781,0.));
#3673 = DIRECTION('',(0.,0.,1.));
#3674 = DIRECTION('',(1.,0.,0.));
#3675 = PCURVE('',#966,#3676);
#3676 = DEFINITIONAL_REPRESENTATION('',(#3677),#3681);
#3677 = LINE('',#3678,#3679);
#3678 = CARTESIAN_POINT('',(0.,0.));
#3679 = VECTOR('',#3680,1.);
#3680 = DIRECTION('',(1.,0.));
#3681 = ( GEOMETRIC_REPRESENTATION_CONTEXT(2) 
PARAMETRIC_REPRESENTATION_CONTEXT() REPRESENTATION_CONTEXT('2D SPACE',''
  ) );
#3682 = PCURVE('',#2602,#3683);
#3683 = DEFINITIONAL_REPRESENTATION('',(#3684),#3692);
#3684 = ( BOUNDED_CURVE() B_SPLINE_CURVE(2,(#3685,#3686,#3687,#3688,
#3689,#3690,#3691),.UNSPECIFIED.,.T.,.F.) B_SPLINE_CURVE_WITH_KNOTS((1,2
    ,2,2,2,1),(-2.094395102393,0.,2.094395102393,4.188790204786,
6.28318530718,8.377580409573),.UNSPECIFIED.) CURVE() 
GEOMETRIC_REPRESENTATION_ITEM() RATIONAL_B_SPLINE_CURVE((1.,0.5,1.,0.5,
1.,0.5,1.)) REPRESENTATION_ITEM('') );
#3685 = CARTESIAN_POINT('',(18.610980421294,-37.1919798328));
#3686 = CARTESIAN_POINT('',(18.610980421294,-25.9336495836));
#3687 = CARTESIAN_POINT('',(28.360980421294,-31.5628147082));
#3688 = CARTESIAN_POINT('',(38.110980421294,-37.1919798328));
#3689 = CARTESIAN_POINT('',(28.360980421294,-42.8211449574));
#3690 = CARTESIAN_POINT('',(18.610980421294,-48.450310082));
#3691 = CARTESIAN_POINT('',(18.610980421294,-37.1919798328));
#3692 = ( GEOMETRIC_REPRESENTATION_CONTEXT(2) 
PARAMETRIC_REPRESENTATION_CONTEXT() REPRESENTATION_CONTEXT('2D SPACE',''
  ) );
#3693 = ORIENTED_EDGE('',*,*,#3694,.T.);
#3694 = EDGE_CURVE('',#3667,#888,#3695,.T.);
#3695 = SURFACE_CURVE('',#3696,(#3699,#3706),.PCURVE_S1.);
#3696 = B_SPLINE_CURVE_WITH_KNOTS('',1,(#3697,#3698),.UNSPECIFIED.,.F.,
  .F.,(2,2),(0.,1.),.PIECEWISE_BEZIER_KNOTS.);
#3697 = CARTESIAN_POINT('',(5.295589423204,-30.55985313957,0.));
#3698 = CARTESIAN_POINT('',(6.580263294579,-37.97346505394,102.));
#3699 = PCURVE('',#966,#3700);
#3700 = DEFINITIONAL_REPRESENTATION('',(#3701),#3705);
#3701 = LINE('',#3702,#3703);
#3702 = CARTESIAN_POINT('',(5.664611100391,0.));
#3703 = VECTOR('',#3704,1.);
#3704 = DIRECTION('',(0.,1.));
#3705 = ( GEOMETRIC_REPRESENTATION_CONTEXT(2) 
PARAMETRIC_REPRESENTATION_CONTEXT() REPRESENTATION_CONTEXT('2D SPACE',''
  ) );
#3706 = PCURVE('',#901,#3707);
#3707 = DEFINITIONAL_REPRESENTATION('',(#3708),#3712);
#3708 = LINE('',#3709,#3710);
#3709 = CARTESIAN_POINT('',(11.347743846998,0.));
#3710 = VECTOR('',#3711,1.);
#3711 = DIRECTION('',(0.,1.));
#3712 = ( GEOMETRIC_REPRESENTATION_CONTEXT(2) 
PARAMETRIC_REPRESENTATION_CONTEXT() REPRESENTATION_CONTEXT('2D SPACE',''
  ) );
#3713 = ORIENTED_EDGE('',*,*,#912,.T.);
#3714 = ADVANCED_FACE('',(#3715),#901,.F.);
#3715 = FACE_BOUND('',#3716,.F.);
#3716 = EDGE_LOOP('',(#3717,#3718,#3740,#3760));
#3717 = ORIENTED_EDGE('',*,*,#3694,.F.);
#3718 = ORIENTED_EDGE('',*,*,#3719,.T.);
#3719 = EDGE_CURVE('',#3667,#3720,#3722,.T.);
#3720 = VERTEX_POINT('',#3721);
#3721 = CARTESIAN_POINT('',(9.586602589877,-24.53110627333,0.));
#3722 = SURFACE_CURVE('',#3723,(#3727,#3733),.PCURVE_S1.);
#3723 = LINE('',#3724,#3725);
#3724 = CARTESIAN_POINT('',(-1.42108547152E-14,-38.,0.));
#3725 = VECTOR('',#3726,1.);
#3726 = DIRECTION('',(0.579874147963,0.814706065108,0.));
#3727 = PCURVE('',#901,#3728);
#3728 = DEFINITIONAL_REPRESENTATION('',(#3729),#3732);
#3729 = B_SPLINE_CURVE_WITH_KNOTS('',1,(#3730,#3731),.UNSPECIFIED.,.F.,
  .F.,(2,2),(9.132308177226,16.532212418081),.PIECEWISE_BEZIER_KNOTS.);
#3730 = CARTESIAN_POINT('',(11.347743846998,0.));
#3731 = CARTESIAN_POINT('',(20.542814379871,0.));
#3732 = ( GEOMETRIC_REPRESENTATION_CONTEXT(2) 
PARAMETRIC_REPRESENTATION_CONTEXT() REPRESENTATION_CONTEXT('2D SPACE',''
  ) );
#3733 = PCURVE('',#2602,#3734);
#3734 = DEFINITIONAL_REPRESENTATION('',(#3735),#3739);
#3735 = LINE('',#3736,#3737);
#3736 = CARTESIAN_POINT('',(25.110980421294,-48.40130865498));
#3737 = VECTOR('',#3738,1.);
#3738 = DIRECTION('',(-0.579874147963,0.814706065108));
#3739 = ( GEOMETRIC_REPRESENTATION_CONTEXT(2) 
PARAMETRIC_REPRESENTATION_CONTEXT() REPRESENTATION_CONTEXT('2D SPACE',''
  ) );
#3740 = ORIENTED_EDGE('',*,*,#3741,.T.);
#3741 = EDGE_CURVE('',#3720,#698,#3742,.T.);
#3742 = SURFACE_CURVE('',#3743,(#3746,#3753),.PCURVE_S1.);
#3743 = B_SPLINE_CURVE_WITH_KNOTS('',1,(#3744,#3745),.UNSPECIFIED.,.F.,
  .F.,(2,2),(0.,1.),.PIECEWISE_BEZIER_KNOTS.);
#3744 = CARTESIAN_POINT('',(9.586602589877,-24.53110627333,0.));
#3745 = CARTESIAN_POINT('',(11.912246985289,-30.48218532171,102.));
#3746 = PCURVE('',#901,#3747);
#3747 = DEFINITIONAL_REPRESENTATION('',(#3748),#3752);
#3748 = LINE('',#3749,#3750);
#3749 = CARTESIAN_POINT('',(20.542814379871,0.));
#3750 = VECTOR('',#3751,1.);
#3751 = DIRECTION('',(0.,1.));
#3752 = ( GEOMETRIC_REPRESENTATION_CONTEXT(2) 
PARAMETRIC_REPRESENTATION_CONTEXT() REPRESENTATION_CONTEXT('2D SPACE',''
  ) );
#3753 = PCURVE('',#813,#3754);
#3754 = DEFINITIONAL_REPRESENTATION('',(#3755),#3759);
#3755 = LINE('',#3756,#3757);
#3756 = CARTESIAN_POINT('',(0.618574206789,0.));
#3757 = VECTOR('',#3758,1.);
#3758 = DIRECTION('',(0.,1.));
#3759 = ( GEOMETRIC_REPRESENTATION_CONTEXT(2) 
PARAMETRIC_REPRESENTATION_CONTEXT() REPRESENTATION_CONTEXT('2D SPACE',''
  ) );
#3760 = ORIENTED_EDGE('',*,*,#887,.T.);
#3761 = ADVANCED_FACE('',(#3762),#813,.F.);
#3762 = FACE_BOUND('',#3763,.F.);
#3763 = EDGE_LOOP('',(#3764,#3765,#3789,#3809));
#3764 = ORIENTED_EDGE('',*,*,#3741,.F.);
#3765 = ORIENTED_EDGE('',*,*,#3766,.T.);
#3766 = EDGE_CURVE('',#3720,#3767,#3769,.T.);
#3767 = VERTEX_POINT('',#3768);
#3768 = CARTESIAN_POINT('',(10.567359896038,-24.12486329572,0.));
#3769 = SURFACE_CURVE('',#3770,(#3775,#3782),.PCURVE_S1.);
#3770 = CIRCLE('',#3771,1.);
#3771 = AXIS2_PLACEMENT_3D('',#3772,#3773,#3774);
#3772 = CARTESIAN_POINT('',(10.401308654985,-25.11098042129,0.));
#3773 = DIRECTION('',(0.,0.,-1.));
#3774 = DIRECTION('',(-1.,0.,0.));
#3775 = PCURVE('',#813,#3776);
#3776 = DEFINITIONAL_REPRESENTATION('',(#3777),#3781);
#3777 = LINE('',#3778,#3779);
#3778 = CARTESIAN_POINT('',(0.,0.));
#3779 = VECTOR('',#3780,1.);
#3780 = DIRECTION('',(1.,0.));
#3781 = ( GEOMETRIC_REPRESENTATION_CONTEXT(2) 
PARAMETRIC_REPRESENTATION_CONTEXT() REPRESENTATION_CONTEXT('2D SPACE',''
  ) );
#3782 = PCURVE('',#2602,#3783);
#3783 = DEFINITIONAL_REPRESENTATION('',(#3784),#3788);
#3784 = CIRCLE('',#3785,1.);
#3785 = AXIS2_PLACEMENT_2D('',#3786,#3787);
#3786 = CARTESIAN_POINT('',(14.709671766309,-35.51228907627));
#3787 = DIRECTION('',(1.,0.));
#3788 = ( GEOMETRIC_REPRESENTATION_CONTEXT(2) 
PARAMETRIC_REPRESENTATION_CONTEXT() REPRESENTATION_CONTEXT('2D SPACE',''
  ) );
#3789 = ORIENTED_EDGE('',*,*,#3790,.T.);
#3790 = EDGE_CURVE('',#3767,#673,#3791,.T.);
#3791 = SURFACE_CURVE('',#3792,(#3795,#3802),.PCURVE_S1.);
#3792 = B_SPLINE_CURVE_WITH_KNOTS('',1,(#3793,#3794),.UNSPECIFIED.,.F.,
  .F.,(2,2),(0.,1.),.PIECEWISE_BEZIER_KNOTS.);
#3793 = CARTESIAN_POINT('',(10.567359896038,-24.12486329572,0.));
#3794 = CARTESIAN_POINT('',(13.130929323905,-29.97739056883,102.));
#3795 = PCURVE('',#813,#3796);
#3796 = DEFINITIONAL_REPRESENTATION('',(#3797),#3801);
#3797 = LINE('',#3798,#3799);
#3798 = CARTESIAN_POINT('',(1.737620283404,0.));
#3799 = VECTOR('',#3800,1.);
#3800 = DIRECTION('',(0.,1.));
#3801 = ( GEOMETRIC_REPRESENTATION_CONTEXT(2) 
PARAMETRIC_REPRESENTATION_CONTEXT() REPRESENTATION_CONTEXT('2D SPACE',''
  ) );
#3802 = PCURVE('',#686,#3803);
#3803 = DEFINITIONAL_REPRESENTATION('',(#3804),#3808);
#3804 = LINE('',#3805,#3806);
#3805 = CARTESIAN_POINT('',(0.778217835062,0.));
#3806 = VECTOR('',#3807,1.);
#3807 = DIRECTION('',(0.,1.));
#3808 = ( GEOMETRIC_REPRESENTATION_CONTEXT(2) 
PARAMETRIC_REPRESENTATION_CONTEXT() REPRESENTATION_CONTEXT('2D SPACE',''
  ) );
#3809 = ORIENTED_EDGE('',*,*,#697,.T.);
#3810 = ADVANCED_FACE('',(#3811),#686,.F.);
#3811 = FACE_BOUND('',#3812,.F.);
#3812 = EDGE_LOOP('',(#3813,#3814,#3836,#3856));
#3813 = ORIENTED_EDGE('',*,*,#3790,.F.);
#3814 = ORIENTED_EDGE('',*,*,#3815,.T.);
#3815 = EDGE_CURVE('',#3767,#3816,#3818,.T.);
#3816 = VERTEX_POINT('',#3817);
#3817 = CARTESIAN_POINT('',(17.864532195532,-25.35362657858,0.));
#3818 = SURFACE_CURVE('',#3819,(#3823,#3829),.PCURVE_S1.);
#3819 = LINE('',#3820,#3821);
#3820 = CARTESIAN_POINT('',(9.949769241492,-24.02086784529,0.));
#3821 = VECTOR('',#3822,1.);
#3822 = DIRECTION('',(0.986117125571,-0.166051241053,-0.));
#3823 = PCURVE('',#686,#3824);
#3824 = DEFINITIONAL_REPRESENTATION('',(#3825),#3828);
#3825 = B_SPLINE_CURVE_WITH_KNOTS('',1,(#3826,#3827),.UNSPECIFIED.,.F.,
  .F.,(2,2),(0.626285294648,8.026189535502),.PIECEWISE_BEZIER_KNOTS.);
#3826 = CARTESIAN_POINT('',(0.778217835062,0.));
#3827 = CARTESIAN_POINT('',(9.973288367936,0.));
#3828 = ( GEOMETRIC_REPRESENTATION_CONTEXT(2) 
PARAMETRIC_REPRESENTATION_CONTEXT() REPRESENTATION_CONTEXT('2D SPACE',''
  ) );
#3829 = PCURVE('',#2602,#3830);
#3830 = DEFINITIONAL_REPRESENTATION('',(#3831),#3835);
#3831 = LINE('',#3832,#3833);
#3832 = CARTESIAN_POINT('',(15.161211179802,-34.42217650027));
#3833 = VECTOR('',#3834,1.);
#3834 = DIRECTION('',(-0.986117125571,-0.166051241053));
#3835 = ( GEOMETRIC_REPRESENTATION_CONTEXT(2) 
PARAMETRIC_REPRESENTATION_CONTEXT() REPRESENTATION_CONTEXT('2D SPACE',''
  ) );
#3836 = ORIENTED_EDGE('',*,*,#3837,.T.);
#3837 = EDGE_CURVE('',#3816,#572,#3838,.T.);
#3838 = SURFACE_CURVE('',#3839,(#3842,#3849),.PCURVE_S1.);
#3839 = B_SPLINE_CURVE_WITH_KNOTS('',1,(#3840,#3841),.UNSPECIFIED.,.F.,
  .F.,(2,2),(0.,1.),.PIECEWISE_BEZIER_KNOTS.);
#3840 = CARTESIAN_POINT('',(17.864532195532,-25.35362657858,0.));
#3841 = CARTESIAN_POINT('',(22.198345847207,-31.50424344238,102.));
#3842 = PCURVE('',#686,#3843);
#3843 = DEFINITIONAL_REPRESENTATION('',(#3844),#3848);
#3844 = LINE('',#3845,#3846);
#3845 = CARTESIAN_POINT('',(9.973288367936,0.));
#3846 = VECTOR('',#3847,1.);
#3847 = DIRECTION('',(0.,1.));
#3848 = ( GEOMETRIC_REPRESENTATION_CONTEXT(2) 
PARAMETRIC_REPRESENTATION_CONTEXT() REPRESENTATION_CONTEXT('2D SPACE',''
  ) );
#3849 = PCURVE('',#625,#3850);
#3850 = DEFINITIONAL_REPRESENTATION('',(#3851),#3855);
#3851 = LINE('',#3852,#3853);
#3852 = CARTESIAN_POINT('',(4.545565023776,0.));
#3853 = VECTOR('',#3854,1.);
#3854 = DIRECTION('',(0.,1.));
#3855 = ( GEOMETRIC_REPRESENTATION_CONTEXT(2) 
PARAMETRIC_REPRESENTATION_CONTEXT() REPRESENTATION_CONTEXT('2D SPACE',''
  ) );
#3856 = ORIENTED_EDGE('',*,*,#672,.T.);
#3857 = ADVANCED_FACE('',(#3858),#625,.F.);
#3858 = FACE_BOUND('',#3859,.F.);
#3859 = EDGE_LOOP('',(#3860,#3861,#3889,#3909));
#3860 = ORIENTED_EDGE('',*,*,#3837,.F.);
#3861 = ORIENTED_EDGE('',*,*,#3862,.T.);
#3862 = EDGE_CURVE('',#3816,#3863,#3865,.T.);
#3863 = VERTEX_POINT('',#3864);
#3864 = CARTESIAN_POINT('',(25.353626578586,-17.86453219553,0.));
#3865 = SURFACE_CURVE('',#3866,(#3871,#3878),.PCURVE_S1.);
#3866 = CIRCLE('',#3867,6.5);
#3867 = AXIS2_PLACEMENT_3D('',#3868,#3869,#3870);
#3868 = CARTESIAN_POINT('',(18.943865262373,-18.94386526237,0.));
#3869 = DIRECTION('',(0.,0.,1.));
#3870 = DIRECTION('',(1.,0.,0.));
#3871 = PCURVE('',#625,#3872);
#3872 = DEFINITIONAL_REPRESENTATION('',(#3873),#3877);
#3873 = LINE('',#3874,#3875);
#3874 = CARTESIAN_POINT('',(0.,0.));
#3875 = VECTOR('',#3876,1.);
#3876 = DIRECTION('',(1.,0.));
#3877 = ( GEOMETRIC_REPRESENTATION_CONTEXT(2) 
PARAMETRIC_REPRESENTATION_CONTEXT() REPRESENTATION_CONTEXT('2D SPACE',''
  ) );
#3878 = PCURVE('',#2602,#3879);
#3879 = DEFINITIONAL_REPRESENTATION('',(#3880),#3888);
#3880 = ( BOUNDED_CURVE() B_SPLINE_CURVE(2,(#3881,#3882,#3883,#3884,
#3885,#3886,#3887),.UNSPECIFIED.,.T.,.F.) B_SPLINE_CURVE_WITH_KNOTS((1,2
    ,2,2,2,1),(-2.094395102393,0.,2.094395102393,4.188790204786,
6.28318530718,8.377580409573),.UNSPECIFIED.) CURVE() 
GEOMETRIC_REPRESENTATION_ITEM() RATIONAL_B_SPLINE_CURVE((1.,0.5,1.,0.5,
1.,0.5,1.)) REPRESENTATION_ITEM('') );
#3881 = CARTESIAN_POINT('',(-0.332884841079,-29.34517391735));
#3882 = CARTESIAN_POINT('',(-0.332884841079,-18.08684366816));
#3883 = CARTESIAN_POINT('',(9.417115158921,-23.71600879275));
#3884 = CARTESIAN_POINT('',(19.167115158921,-29.34517391735));
#3885 = CARTESIAN_POINT('',(9.417115158921,-34.97433904195));
#3886 = CARTESIAN_POINT('',(-0.332884841079,-40.60350416655));
#3887 = CARTESIAN_POINT('',(-0.332884841079,-29.34517391735));
#3888 = ( GEOMETRIC_REPRESENTATION_CONTEXT(2) 
PARAMETRIC_REPRESENTATION_CONTEXT() REPRESENTATION_CONTEXT('2D SPACE',''
  ) );
#3889 = ORIENTED_EDGE('',*,*,#3890,.T.);
#3890 = EDGE_CURVE('',#3863,#547,#3891,.T.);
#3891 = SURFACE_CURVE('',#3892,(#3895,#3902),.PCURVE_S1.);
#3892 = B_SPLINE_CURVE_WITH_KNOTS('',1,(#3893,#3894),.UNSPECIFIED.,.F.,
  .F.,(2,2),(0.,1.),.PIECEWISE_BEZIER_KNOTS.);
#3893 = CARTESIAN_POINT('',(25.353626578586,-17.86453219553,0.));
#3894 = CARTESIAN_POINT('',(31.504243442387,-22.1983458472,102.));
#3895 = PCURVE('',#625,#3896);
#3896 = DEFINITIONAL_REPRESENTATION('',(#3897),#3901);
#3897 = LINE('',#3898,#3899);
#3898 = CARTESIAN_POINT('',(6.450009263788,0.));
#3899 = VECTOR('',#3900,1.);
#3900 = DIRECTION('',(0.,1.));
#3901 = ( GEOMETRIC_REPRESENTATION_CONTEXT(2) 
PARAMETRIC_REPRESENTATION_CONTEXT() REPRESENTATION_CONTEXT('2D SPACE',''
  ) );
#3902 = PCURVE('',#560,#3903);
#3903 = DEFINITIONAL_REPRESENTATION('',(#3904),#3908);
#3904 = LINE('',#3905,#3906);
#3905 = CARTESIAN_POINT('',(11.347743846998,0.));
#3906 = VECTOR('',#3907,1.);
#3907 = DIRECTION('',(0.,1.));
#3908 = ( GEOMETRIC_REPRESENTATION_CONTEXT(2) 
PARAMETRIC_REPRESENTATION_CONTEXT() REPRESENTATION_CONTEXT('2D SPACE',''
  ) );
#3909 = ORIENTED_EDGE('',*,*,#571,.T.);
#3910 = ADVANCED_FACE('',(#3911),#560,.F.);
#3911 = FACE_BOUND('',#3912,.F.);
#3912 = EDGE_LOOP('',(#3913,#3914,#3936,#3956));
#3913 = ORIENTED_EDGE('',*,*,#3890,.F.);
#3914 = ORIENTED_EDGE('',*,*,#3915,.T.);
#3915 = EDGE_CURVE('',#3863,#3916,#3918,.T.);
#3916 = VERTEX_POINT('',#3917);
#3917 = CARTESIAN_POINT('',(24.124863295723,-10.56735989603,0.));
#3918 = SURFACE_CURVE('',#3919,(#3923,#3929),.PCURVE_S1.);
#3919 = LINE('',#3920,#3921);
#3920 = CARTESIAN_POINT('',(26.870057685089,-26.87005768508,0.));
#3921 = VECTOR('',#3922,1.);
#3922 = DIRECTION('',(-0.166051241053,0.986117125571,0.));
#3923 = PCURVE('',#560,#3924);
#3924 = DEFINITIONAL_REPRESENTATION('',(#3925),#3928);
#3925 = B_SPLINE_CURVE_WITH_KNOTS('',1,(#3926,#3927),.UNSPECIFIED.,.F.,
  .F.,(2,2),(9.132308177226,16.532212418081),.PIECEWISE_BEZIER_KNOTS.);
#3926 = CARTESIAN_POINT('',(11.347743846998,0.));
#3927 = CARTESIAN_POINT('',(20.542814379871,0.));
#3928 = ( GEOMETRIC_REPRESENTATION_CONTEXT(2) 
PARAMETRIC_REPRESENTATION_CONTEXT() REPRESENTATION_CONTEXT('2D SPACE',''
  ) );
#3929 = PCURVE('',#2602,#3930);
#3930 = DEFINITIONAL_REPRESENTATION('',(#3931),#3935);
#3931 = LINE('',#3932,#3933);
#3932 = CARTESIAN_POINT('',(-1.759077263795,-37.27136634007));
#3933 = VECTOR('',#3934,1.);
#3934 = DIRECTION('',(0.166051241053,0.986117125571));
#3935 = ( GEOMETRIC_REPRESENTATION_CONTEXT(2) 
PARAMETRIC_REPRESENTATION_CONTEXT() REPRESENTATION_CONTEXT('2D SPACE',''
  ) );
#3936 = ORIENTED_EDGE('',*,*,#3937,.T.);
#3937 = EDGE_CURVE('',#3916,#411,#3938,.T.);
#3938 = SURFACE_CURVE('',#3939,(#3942,#3949),.PCURVE_S1.);
#3939 = B_SPLINE_CURVE_WITH_KNOTS('',1,(#3940,#3941),.UNSPECIFIED.,.F.,
  .F.,(2,2),(0.,1.),.PIECEWISE_BEZIER_KNOTS.);
#3940 = CARTESIAN_POINT('',(24.124863295723,-10.56735989603,0.));
#3941 = CARTESIAN_POINT('',(29.977390568838,-13.1309293239,102.));
#3942 = PCURVE('',#560,#3943);
#3943 = DEFINITIONAL_REPRESENTATION('',(#3944),#3948);
#3944 = LINE('',#3945,#3946);
#3945 = CARTESIAN_POINT('',(20.542814379871,0.));
#3946 = VECTOR('',#3947,1.);
#3947 = DIRECTION('',(0.,1.));
#3948 = ( GEOMETRIC_REPRESENTATION_CONTEXT(2) 
PARAMETRIC_REPRESENTATION_CONTEXT() REPRESENTATION_CONTEXT('2D SPACE',''
  ) );
#3949 = PCURVE('',#490,#3950);
#3950 = DEFINITIONAL_REPRESENTATION('',(#3951),#3955);
#3951 = LINE('',#3952,#3953);
#3952 = CARTESIAN_POINT('',(6.116361350571,0.));
#3953 = VECTOR('',#3954,1.);
#3954 = DIRECTION('',(0.,1.));
#3955 = ( GEOMETRIC_REPRESENTATION_CONTEXT(2) 
PARAMETRIC_REPRESENTATION_CONTEXT() REPRESENTATION_CONTEXT('2D SPACE',''
  ) );
#3956 = ORIENTED_EDGE('',*,*,#546,.T.);
#3957 = ADVANCED_FACE('',(#3958),#490,.F.);
#3958 = FACE_BOUND('',#3959,.F.);
#3959 = EDGE_LOOP('',(#3960,#3961,#3985,#4005));
#3960 = ORIENTED_EDGE('',*,*,#3937,.F.);
#3961 = ORIENTED_EDGE('',*,*,#3962,.T.);
#3962 = EDGE_CURVE('',#3916,#3963,#3965,.T.);
#3963 = VERTEX_POINT('',#3964);
#3964 = CARTESIAN_POINT('',(24.531106273331,-9.586602589877,0.));
#3965 = SURFACE_CURVE('',#3966,(#3971,#3978),.PCURVE_S1.);
#3966 = CIRCLE('',#3967,1.);
#3967 = AXIS2_PLACEMENT_3D('',#3968,#3969,#3970);
#3968 = CARTESIAN_POINT('',(25.110980421294,-10.40130865498,0.));
#3969 = DIRECTION('',(0.,0.,-1.));
#3970 = DIRECTION('',(-1.,0.,0.));
#3971 = PCURVE('',#490,#3972);
#3972 = DEFINITIONAL_REPRESENTATION('',(#3973),#3977);
#3973 = LINE('',#3974,#3975);
#3974 = CARTESIAN_POINT('',(0.,0.));
#3975 = VECTOR('',#3976,1.);
#3976 = DIRECTION('',(1.,0.));
#3977 = ( GEOMETRIC_REPRESENTATION_CONTEXT(2) 
PARAMETRIC_REPRESENTATION_CONTEXT() REPRESENTATION_CONTEXT('2D SPACE',''
  ) );
#3978 = PCURVE('',#2602,#3979);
#3979 = DEFINITIONAL_REPRESENTATION('',(#3980),#3984);
#3980 = CIRCLE('',#3981,1.);
#3981 = AXIS2_PLACEMENT_2D('',#3982,#3983);
#3982 = CARTESIAN_POINT('',(0.,-20.80261730997));
#3983 = DIRECTION('',(1.,0.));
#3984 = ( GEOMETRIC_REPRESENTATION_CONTEXT(2) 
PARAMETRIC_REPRESENTATION_CONTEXT() REPRESENTATION_CONTEXT('2D SPACE',''
  ) );
#3985 = ORIENTED_EDGE('',*,*,#3986,.T.);
#3986 = EDGE_CURVE('',#3963,#386,#3987,.T.);
#3987 = SURFACE_CURVE('',#3988,(#3991,#3998),.PCURVE_S1.);
#3988 = B_SPLINE_CURVE_WITH_KNOTS('',1,(#3989,#3990),.UNSPECIFIED.,.F.,
  .F.,(2,2),(0.,1.),.PIECEWISE_BEZIER_KNOTS.);
#3989 = CARTESIAN_POINT('',(24.531106273331,-9.586602589877,0.));
#3990 = CARTESIAN_POINT('',(30.482185321717,-11.91224698528,102.));
#3991 = PCURVE('',#490,#3992);
#3992 = DEFINITIONAL_REPRESENTATION('',(#3993),#3997);
#3993 = LINE('',#3994,#3995);
#3994 = CARTESIAN_POINT('',(7.235407427186,0.));
#3995 = VECTOR('',#3996,1.);
#3996 = DIRECTION('',(0.,1.));
#3997 = ( GEOMETRIC_REPRESENTATION_CONTEXT(2) 
PARAMETRIC_REPRESENTATION_CONTEXT() REPRESENTATION_CONTEXT('2D SPACE',''
  ) );
#3998 = PCURVE('',#399,#3999);
#3999 = DEFINITIONAL_REPRESENTATION('',(#4000),#4004);
#4000 = LINE('',#4001,#4002);
#4001 = CARTESIAN_POINT('',(0.778217835062,0.));
#4002 = VECTOR('',#4003,1.);
#4003 = DIRECTION('',(0.,1.));
#4004 = ( GEOMETRIC_REPRESENTATION_CONTEXT(2) 
PARAMETRIC_REPRESENTATION_CONTEXT() REPRESENTATION_CONTEXT('2D SPACE',''
  ) );
#4005 = ORIENTED_EDGE('',*,*,#410,.T.);
#4006 = ADVANCED_FACE('',(#4007),#399,.F.);
#4007 = FACE_BOUND('',#4008,.F.);
#4008 = EDGE_LOOP('',(#4009,#4010,#4032,#4052));
#4009 = ORIENTED_EDGE('',*,*,#3986,.F.);
#4010 = ORIENTED_EDGE('',*,*,#4011,.T.);
#4011 = EDGE_CURVE('',#3963,#4012,#4014,.T.);
#4012 = VERTEX_POINT('',#4013);
#4013 = CARTESIAN_POINT('',(30.559853139576,-5.295589423204,0.));
#4014 = SURFACE_CURVE('',#4015,(#4019,#4025),.PCURVE_S1.);
#4015 = LINE('',#4016,#4017);
#4016 = CARTESIAN_POINT('',(24.020867845293,-9.949769241492,0.));
#4017 = VECTOR('',#4018,1.);
#4018 = DIRECTION('',(0.814706065108,0.579874147963,0.));
#4019 = PCURVE('',#399,#4020);
#4020 = DEFINITIONAL_REPRESENTATION('',(#4021),#4024);
#4021 = B_SPLINE_CURVE_WITH_KNOTS('',1,(#4022,#4023),.UNSPECIFIED.,.F.,
  .F.,(2,2),(0.626285294648,8.026189535502),.PIECEWISE_BEZIER_KNOTS.);
#4022 = CARTESIAN_POINT('',(0.778217835062,0.));
#4023 = CARTESIAN_POINT('',(9.973288367936,0.));
#4024 = ( GEOMETRIC_REPRESENTATION_CONTEXT(2) 
PARAMETRIC_REPRESENTATION_CONTEXT() REPRESENTATION_CONTEXT('2D SPACE',''
  ) );
#4025 = PCURVE('',#2602,#4026);
#4026 = DEFINITIONAL_REPRESENTATION('',(#4027),#4031);
#4027 = LINE('',#4028,#4029);
#4028 = CARTESIAN_POINT('',(1.090112576,-20.35107789647));
#4029 = VECTOR('',#4030,1.);
#4030 = DIRECTION('',(-0.814706065108,0.579874147963));
#4031 = ( GEOMETRIC_REPRESENTATION_CONTEXT(2) 
PARAMETRIC_REPRESENTATION_CONTEXT() REPRESENTATION_CONTEXT('2D SPACE',''
  ) );
#4032 = ORIENTED_EDGE('',*,*,#4033,.T.);
#4033 = EDGE_CURVE('',#4012,#285,#4034,.T.);
#4034 = SURFACE_CURVE('',#4035,(#4038,#4045),.PCURVE_S1.);
#4035 = B_SPLINE_CURVE_WITH_KNOTS('',1,(#4036,#4037),.UNSPECIFIED.,.F.,
  .F.,(2,2),(0.,1.),.PIECEWISE_BEZIER_KNOTS.);
#4036 = CARTESIAN_POINT('',(30.559853139576,-5.295589423204,0.));
#4037 = CARTESIAN_POINT('',(37.973465053948,-6.58026329458,102.));
#4038 = PCURVE('',#399,#4039);
#4039 = DEFINITIONAL_REPRESENTATION('',(#4040),#4044);
#4040 = LINE('',#4041,#4042);
#4041 = CARTESIAN_POINT('',(9.973288367936,0.));
#4042 = VECTOR('',#4043,1.);
#4043 = DIRECTION('',(0.,1.));
#4044 = ( GEOMETRIC_REPRESENTATION_CONTEXT(2) 
PARAMETRIC_REPRESENTATION_CONTEXT() REPRESENTATION_CONTEXT('2D SPACE',''
  ) );
#4045 = PCURVE('',#338,#4046);
#4046 = DEFINITIONAL_REPRESENTATION('',(#4047),#4051);
#4047 = LINE('',#4048,#4049);
#4048 = CARTESIAN_POINT('',(5.330963187173,0.));
#4049 = VECTOR('',#4050,1.);
#4050 = DIRECTION('',(0.,1.));
#4051 = ( GEOMETRIC_REPRESENTATION_CONTEXT(2) 
PARAMETRIC_REPRESENTATION_CONTEXT() REPRESENTATION_CONTEXT('2D SPACE',''
  ) );
#4052 = ORIENTED_EDGE('',*,*,#385,.T.);
#4053 = ADVANCED_FACE('',(#4054),#338,.F.);
#4054 = FACE_BOUND('',#4055,.F.);
#4055 = EDGE_LOOP('',(#4056,#4057,#4085,#4105));
#4056 = ORIENTED_EDGE('',*,*,#4033,.F.);
#4057 = ORIENTED_EDGE('',*,*,#4058,.T.);
#4058 = EDGE_CURVE('',#4012,#4059,#4061,.T.);
#4059 = VERTEX_POINT('',#4060);
#4060 = CARTESIAN_POINT('',(30.559853139576,5.295589423204,0.));
#4061 = SURFACE_CURVE('',#4062,(#4067,#4074),.PCURVE_S1.);
#4062 = CIRCLE('',#4063,6.5);
#4063 = AXIS2_PLACEMENT_3D('',#4064,#4065,#4066);
#4064 = CARTESIAN_POINT('',(26.790671177817,-4.440892098501E-15,0.));
#4065 = DIRECTION('',(0.,0.,1.));
#4066 = DIRECTION('',(1.,0.,0.));
#4067 = PCURVE('',#338,#4068);
#4068 = DEFINITIONAL_REPRESENTATION('',(#4069),#4073);
#4069 = LINE('',#4070,#4071);
#4070 = CARTESIAN_POINT('',(0.,0.));
#4071 = VECTOR('',#4072,1.);
#4072 = DIRECTION('',(1.,0.));
#4073 = ( GEOMETRIC_REPRESENTATION_CONTEXT(2) 
PARAMETRIC_REPRESENTATION_CONTEXT() REPRESENTATION_CONTEXT('2D SPACE',''
  ) );
#4074 = PCURVE('',#2602,#4075);
#4075 = DEFINITIONAL_REPRESENTATION('',(#4076),#4084);
#4076 = ( BOUNDED_CURVE() B_SPLINE_CURVE(2,(#4077,#4078,#4079,#4080,
#4081,#4082,#4083),.UNSPECIFIED.,.T.,.F.) B_SPLINE_CURVE_WITH_KNOTS((1,2
    ,2,2,2,1),(-2.094395102393,0.,2.094395102393,4.188790204786,
6.28318530718,8.377580409573),.UNSPECIFIED.) CURVE() 
GEOMETRIC_REPRESENTATION_ITEM() RATIONAL_B_SPLINE_CURVE((1.,0.5,1.,0.5,
1.,0.5,1.)) REPRESENTATION_ITEM('') );
#4077 = CARTESIAN_POINT('',(-8.179690756523,-10.40130865498));
#4078 = CARTESIAN_POINT('',(-8.179690756523,0.857021594213));
#4079 = CARTESIAN_POINT('',(1.570309243477,-4.772143530386));
#4080 = CARTESIAN_POINT('',(11.320309243477,-10.40130865498));
#4081 = CARTESIAN_POINT('',(1.570309243477,-16.03047377958));
#4082 = CARTESIAN_POINT('',(-8.179690756523,-21.65963890418));
#4083 = CARTESIAN_POINT('',(-8.179690756523,-10.40130865498));
#4084 = ( GEOMETRIC_REPRESENTATION_CONTEXT(2) 
PARAMETRIC_REPRESENTATION_CONTEXT() REPRESENTATION_CONTEXT('2D SPACE',''
  ) );
#4085 = ORIENTED_EDGE('',*,*,#4086,.T.);
#4086 = EDGE_CURVE('',#4059,#260,#4087,.T.);
#4087 = SURFACE_CURVE('',#4088,(#4091,#4098),.PCURVE_S1.);
#4088 = B_SPLINE_CURVE_WITH_KNOTS('',1,(#4089,#4090),.UNSPECIFIED.,.F.,
  .F.,(2,2),(0.,1.),.PIECEWISE_BEZIER_KNOTS.);
#4089 = CARTESIAN_POINT('',(30.559853139576,5.295589423204,0.));
#4090 = CARTESIAN_POINT('',(37.973465053948,6.58026329458,102.));
#4091 = PCURVE('',#338,#4092);
#4092 = DEFINITIONAL_REPRESENTATION('',(#4093),#4097);
#4093 = LINE('',#4094,#4095);
#4094 = CARTESIAN_POINT('',(7.235407427186,0.));
#4095 = VECTOR('',#4096,1.);
#4096 = DIRECTION('',(0.,1.));
#4097 = ( GEOMETRIC_REPRESENTATION_CONTEXT(2) 
PARAMETRIC_REPRESENTATION_CONTEXT() REPRESENTATION_CONTEXT('2D SPACE',''
  ) );
#4098 = PCURVE('',#273,#4099);
#4099 = DEFINITIONAL_REPRESENTATION('',(#4100),#4104);
#4100 = LINE('',#4101,#4102);
#4101 = CARTESIAN_POINT('',(11.347743846998,0.));
#4102 = VECTOR('',#4103,1.);
#4103 = DIRECTION('',(0.,1.));
#4104 = ( GEOMETRIC_REPRESENTATION_CONTEXT(2) 
PARAMETRIC_REPRESENTATION_CONTEXT() REPRESENTATION_CONTEXT('2D SPACE',''
  ) );
#4105 = ORIENTED_EDGE('',*,*,#284,.T.);
#4106 = ADVANCED_FACE('',(#4107),#273,.F.);
#4107 = FACE_BOUND('',#4108,.F.);
#4108 = EDGE_LOOP('',(#4109,#4110,#4130,#4131));
#4109 = ORIENTED_EDGE('',*,*,#4086,.F.);
#4110 = ORIENTED_EDGE('',*,*,#4111,.T.);
#4111 = EDGE_CURVE('',#4059,#2564,#4112,.T.);
#4112 = SURFACE_CURVE('',#4113,(#4117,#4123),.PCURVE_S1.);
#4113 = LINE('',#4114,#4115);
#4114 = CARTESIAN_POINT('',(38.,-8.881784197001E-16,0.));
#4115 = VECTOR('',#4116,1.);
#4116 = DIRECTION('',(-0.814706065108,0.579874147963,0.));
#4117 = PCURVE('',#273,#4118);
#4118 = DEFINITIONAL_REPRESENTATION('',(#4119),#4122);
#4119 = B_SPLINE_CURVE_WITH_KNOTS('',1,(#4120,#4121),.UNSPECIFIED.,.F.,
  .F.,(2,2),(9.132308177226,16.532212418081),.PIECEWISE_BEZIER_KNOTS.);
#4120 = CARTESIAN_POINT('',(11.347743846998,0.));
#4121 = CARTESIAN_POINT('',(20.542814379871,0.));
#4122 = ( GEOMETRIC_REPRESENTATION_CONTEXT(2) 
PARAMETRIC_REPRESENTATION_CONTEXT() REPRESENTATION_CONTEXT('2D SPACE',''
  ) );
#4123 = PCURVE('',#2602,#4124);
#4124 = DEFINITIONAL_REPRESENTATION('',(#4125),#4129);
#4125 = LINE('',#4126,#4127);
#4126 = CARTESIAN_POINT('',(-12.8890195787,-10.40130865498));
#4127 = VECTOR('',#4128,1.);
#4128 = DIRECTION('',(0.814706065108,0.579874147963));
#4129 = ( GEOMETRIC_REPRESENTATION_CONTEXT(2) 
PARAMETRIC_REPRESENTATION_CONTEXT() REPRESENTATION_CONTEXT('2D SPACE',''
  ) );
#4130 = ORIENTED_EDGE('',*,*,#2563,.T.);
#4131 = ORIENTED_EDGE('',*,*,#259,.T.);
#4132 = ADVANCED_FACE('',(#4133),#2548,.F.);
#4133 = FACE_BOUND('',#4134,.F.);
#4134 = EDGE_LOOP('',(#4135,#4163,#4184,#4185));
#4135 = ORIENTED_EDGE('',*,*,#4136,.F.);
#4136 = EDGE_CURVE('',#4137,#4137,#4139,.T.);
#4137 = VERTEX_POINT('',#4138);
#4138 = CARTESIAN_POINT('',(1.,-2.449293598295E-16,0.));
#4139 = SURFACE_CURVE('',#4140,(#4145,#4152),.PCURVE_S1.);
#4140 = CIRCLE('',#4141,1.);
#4141 = AXIS2_PLACEMENT_3D('',#4142,#4143,#4144);
#4142 = CARTESIAN_POINT('',(0.,0.,0.));
#4143 = DIRECTION('',(0.,0.,1.));
#4144 = DIRECTION('',(1.,0.,-0.));
#4145 = PCURVE('',#2548,#4146);
#4146 = DEFINITIONAL_REPRESENTATION('',(#4147),#4151);
#4147 = LINE('',#4148,#4149);
#4148 = CARTESIAN_POINT('',(0.,16.));
#4149 = VECTOR('',#4150,1.);
#4150 = DIRECTION('',(1.,0.));
#4151 = ( GEOMETRIC_REPRESENTATION_CONTEXT(2) 
PARAMETRIC_REPRESENTATION_CONTEXT() REPRESENTATION_CONTEXT('2D SPACE',''
  ) );
#4152 = PCURVE('',#2602,#4153);
#4153 = DEFINITIONAL_REPRESENTATION('',(#4154),#4162);
#4154 = ( BOUNDED_CURVE() B_SPLINE_CURVE(2,(#4155,#4156,#4157,#4158,
#4159,#4160,#4161),.UNSPECIFIED.,.T.,.F.) B_SPLINE_CURVE_WITH_KNOTS((1,2
    ,2,2,2,1),(-2.094395102393,0.,2.094395102393,4.188790204786,
6.28318530718,8.377580409573),.UNSPECIFIED.) CURVE() 
GEOMETRIC_REPRESENTATION_ITEM() RATIONAL_B_SPLINE_CURVE((1.,0.5,1.,0.5,
1.,0.5,1.)) REPRESENTATION_ITEM('') );
#4155 = CARTESIAN_POINT('',(24.110980421294,-10.40130865498));
#4156 = CARTESIAN_POINT('',(24.110980421294,-8.669257847416));
#4157 = CARTESIAN_POINT('',(25.610980421294,-9.535283251201));
#4158 = CARTESIAN_POINT('',(27.110980421294,-10.40130865498));
#4159 = CARTESIAN_POINT('',(25.610980421294,-11.26733405877));
#4160 = CARTESIAN_POINT('',(24.110980421294,-12.13335946255));
#4161 = CARTESIAN_POINT('',(24.110980421294,-10.40130865498));
#4162 = ( GEOMETRIC_REPRESENTATION_CONTEXT(2) 
PARAMETRIC_REPRESENTATION_CONTEXT() REPRESENTATION_CONTEXT('2D SPACE',''
  ) );
#4163 = ORIENTED_EDGE('',*,*,#4164,.F.);
#4164 = EDGE_CURVE('',#2532,#4137,#4165,.T.);
#4165 = SEAM_CURVE('',#4166,(#4170,#4177),.PCURVE_S1.);
#4166 = LINE('',#4167,#4168);
#4167 = CARTESIAN_POINT('',(1.,-2.449293598295E-16,-16.));
#4168 = VECTOR('',#4169,1.);
#4169 = DIRECTION('',(0.,0.,1.));
#4170 = PCURVE('',#2548,#4171);
#4171 = DEFINITIONAL_REPRESENTATION('',(#4172),#4176);
#4172 = LINE('',#4173,#4174);
#4173 = CARTESIAN_POINT('',(6.28318530718,-0.));
#4174 = VECTOR('',#4175,1.);
#4175 = DIRECTION('',(0.,1.));
#4176 = ( GEOMETRIC_REPRESENTATION_CONTEXT(2) 
PARAMETRIC_REPRESENTATION_CONTEXT() REPRESENTATION_CONTEXT('2D SPACE',''
  ) );
#4177 = PCURVE('',#2548,#4178);
#4178 = DEFINITIONAL_REPRESENTATION('',(#4179),#4183);
#4179 = LINE('',#4180,#4181);
#4180 = CARTESIAN_POINT('',(0.,-0.));
#4181 = VECTOR('',#4182,1.);
#4182 = DIRECTION('',(0.,1.));
#4183 = ( GEOMETRIC_REPRESENTATION_CONTEXT(2) 
PARAMETRIC_REPRESENTATION_CONTEXT() REPRESENTATION_CONTEXT('2D SPACE',''
  ) );
#4184 = ORIENTED_EDGE('',*,*,#2531,.T.);
#4185 = ORIENTED_EDGE('',*,*,#4164,.T.);
#4186 = ADVANCED_FACE('',(#4187,#4221),#2602,.F.);
#4187 = FACE_BOUND('',#4188,.F.);
#4188 = EDGE_LOOP('',(#4189,#4190,#4191,#4192,#4193,#4194,#4195,#4196,
    #4197,#4198,#4199,#4200,#4201,#4202,#4203,#4204,#4205,#4206,#4207,
    #4208,#4209,#4210,#4211,#4212,#4213,#4214,#4215,#4216,#4217,#4218,
    #4219,#4220));
#4189 = ORIENTED_EDGE('',*,*,#4111,.F.);
#4190 = ORIENTED_EDGE('',*,*,#4058,.F.);
#4191 = ORIENTED_EDGE('',*,*,#4011,.F.);
#4192 = ORIENTED_EDGE('',*,*,#3962,.F.);
#4193 = ORIENTED_EDGE('',*,*,#3915,.F.);
#4194 = ORIENTED_EDGE('',*,*,#3862,.F.);
#4195 = ORIENTED_EDGE('',*,*,#3815,.F.);
#4196 = ORIENTED_EDGE('',*,*,#3766,.F.);
#4197 = ORIENTED_EDGE('',*,*,#3719,.F.);
#4198 = ORIENTED_EDGE('',*,*,#3666,.F.);
#4199 = ORIENTED_EDGE('',*,*,#3619,.F.);
#4200 = ORIENTED_EDGE('',*,*,#3570,.F.);
#4201 = ORIENTED_EDGE('',*,*,#3523,.F.);
#4202 = ORIENTED_EDGE('',*,*,#3470,.F.);
#4203 = ORIENTED_EDGE('',*,*,#3423,.F.);
#4204 = ORIENTED_EDGE('',*,*,#3374,.F.);
#4205 = ORIENTED_EDGE('',*,*,#3327,.F.);
#4206 = ORIENTED_EDGE('',*,*,#3274,.F.);
#4207 = ORIENTED_EDGE('',*,*,#3227,.F.);
#4208 = ORIENTED_EDGE('',*,*,#3178,.F.);
#4209 = ORIENTED_EDGE('',*,*,#3131,.F.);
#4210 = ORIENTED_EDGE('',*,*,#3078,.F.);
#4211 = ORIENTED_EDGE('',*,*,#3031,.F.);
#4212 = ORIENTED_EDGE('',*,*,#2982,.F.);
#4213 = ORIENTED_EDGE('',*,*,#2935,.F.);
#4214 = ORIENTED_EDGE('',*,*,#2882,.F.);
#4215 = ORIENTED_EDGE('',*,*,#2835,.F.);
#4216 = ORIENTED_EDGE('',*,*,#2786,.F.);
#4217 = ORIENTED_EDGE('',*,*,#2739,.F.);
#4218 = ORIENTED_EDGE('',*,*,#2686,.F.);
#4219 = ORIENTED_EDGE('',*,*,#2639,.F.);
#4220 = ORIENTED_EDGE('',*,*,#2585,.F.);
#4221 = FACE_BOUND('',#4222,.F.);
#4222 = EDGE_LOOP('',(#4223));
#4223 = ORIENTED_EDGE('',*,*,#4136,.T.);
#4224 = ( GEOMETRIC_REPRESENTATION_CONTEXT(3) 
GLOBAL_UNCERTAINTY_ASSIGNED_CONTEXT((#4228)) 
GLOBAL_UNIT_ASSIGNED_CONTEXT((#4225,#4226,#4227)) REPRESENTATION_CONTEXT
('Context #1','3D Context with UNIT and UNCERTAINTY') );
#4225 = ( LENGTH_UNIT() NAMED_UNIT(*) SI_UNIT(.MILLI.,.METRE.) );
#4226 = ( NAMED_UNIT(*) PLANE_ANGLE_UNIT() SI_UNIT($,.RADIAN.) );
#4227 = ( NAMED_UNIT(*) SI_UNIT($,.STERADIAN.) SOLID_ANGLE_UNIT() );
#4228 = UNCERTAINTY_MEASURE_WITH_UNIT(LENGTH_MEASURE(2.E-06),#4225,
  'distance_accuracy_value','confusion accuracy');
#4229 = PRODUCT_RELATED_PRODUCT_CATEGORY('part',$,(#7));
ENDSEC;
END-ISO-10303-21;
