ISO-10303-21;
HEADER;
FILE_DESCRIPTION(('Open CASCADE Model'),'2;1');
FILE_NAME('Open CASCADE Shape Model','2026-10-08T02:21:40',('Author'),(
    'Open CASCADE'),'Open CASCADE STEP processor 8.0','build123d',
  'Unknown');
FILE_SCHEMA(('AUTOMOTIVE_DESIGN { 1 0 10303 214 1 1 1 1 }'));
ENDSEC;
DATA;
#1 = APPLICATION_PROTOCOL_DEFINITION('international standard',
  'automotive_design',2000,#2);
#2 = APPLICATION_CONTEXT(
  'core data for automotive mechanical design processes');
#3 = SHAPE_DEFINITION_REPRESENTATION(#4,#10);
#4 = PRODUCT_DEFINITION_SHAPE('','',#5);
#5 = PRODUCT_DEFINITION('design','',#6,#9);
#6 = PRODUCT_DEFINITION_FORMATION('','',#7);
#7 = PRODUCT('COMPOUND','COMPOUND','',(#8));
#8 = PRODUCT_CONTEXT('',#2,'mechanical');
#9 = PRODUCT_DEFINITION_CONTEXT('part definition',#2,'design');
#10 = ADVANCED_BREP_SHAPE_REPRESENTATION('',(#11,#15),#5577);
#11 = AXIS2_PLACEMENT_3D('',#12,#13,#14);
#12 = CARTESIAN_POINT('',(0.,0.,0.));
#13 = DIRECTION('',(0.,0.,1.));
#14 = DIRECTION('',(1.,0.,-0.));
#15 = MANIFOLD_SOLID_BREP('',#16);
#16 = CLOSED_SHELL('',(#17,#105,#3081,#3116,#3191,#3238,#3291,#3338,
    #3387,#3434,#3487,#3534,#3583,#3630,#3683,#3730,#3779,#3826,#3879,
    #3926,#3975,#4022,#4075,#4122,#4171,#4218,#4271,#4318,#4367,#4414,
    #4467,#4514,#4563,#4610,#4663,#4710,#4759,#4806,#4859,#4906,#4955,
    #5002,#5055,#5102,#5151,#5198,#5251,#5298,#5347,#5394,#5447,#5473,
    #5523));
#17 = ADVANCED_FACE('',(#18),#31,.T.);
#18 = FACE_BOUND('',#19,.T.);
#19 = EDGE_LOOP('',(#20,#54,#77,#104));
#20 = ORIENTED_EDGE('',*,*,#21,.F.);
#21 = EDGE_CURVE('',#22,#22,#24,.T.);
#22 = VERTEX_POINT('',#23);
#23 = CARTESIAN_POINT('',(2.372227740953E-14,50.8,100.));
#24 = SURFACE_CURVE('',#25,(#30,#42),.PCURVE_S1.);
#25 = CIRCLE('',#26,50.8);
#26 = AXIS2_PLACEMENT_3D('',#27,#28,#29);
#27 = CARTESIAN_POINT('',(0.,0.,100.));
#28 = DIRECTION('',(0.,-0.,1.));
#29 = DIRECTION('',(2.22044604925E-16,1.,0.));
#30 = PCURVE('',#31,#36);
#31 = CYLINDRICAL_SURFACE('',#32,50.8);
#32 = AXIS2_PLACEMENT_3D('',#33,#34,#35);
#33 = CARTESIAN_POINT('',(0.,0.,-15.));
#34 = DIRECTION('',(0.,0.,1.));
#35 = DIRECTION('',(2.22044604925E-16,1.,0.));
#36 = DEFINITIONAL_REPRESENTATION('',(#37),#41);
#37 = LINE('',#38,#39);
#38 = CARTESIAN_POINT('',(0.,115.));
#39 = VECTOR('',#40,1.);
#40 = DIRECTION('',(1.,0.));
#41 = ( GEOMETRIC_REPRESENTATION_CONTEXT(2) 
PARAMETRIC_REPRESENTATION_CONTEXT() REPRESENTATION_CONTEXT('2D SPACE',''
  ) );
#42 = PCURVE('',#43,#48);
#43 = PLANE('',#44);
#44 = AXIS2_PLACEMENT_3D('',#45,#46,#47);
#45 = CARTESIAN_POINT('',(0.,0.,100.));
#46 = DIRECTION('',(0.,0.,1.));
#47 = DIRECTION('',(2.22044604925E-16,1.,0.));
#48 = DEFINITIONAL_REPRESENTATION('',(#49),#53);
#49 = CIRCLE('',#50,50.8);
#50 = AXIS2_PLACEMENT_2D('',#51,#52);
#51 = CARTESIAN_POINT('',(0.,0.));
#52 = DIRECTION('',(1.,0.));
#53 = ( GEOMETRIC_REPRESENTATION_CONTEXT(2) 
PARAMETRIC_REPRESENTATION_CONTEXT() REPRESENTATION_CONTEXT('2D SPACE',''
  ) );
#54 = ORIENTED_EDGE('',*,*,#55,.F.);
#55 = EDGE_CURVE('',#56,#22,#58,.T.);
#56 = VERTEX_POINT('',#57);
#57 = CARTESIAN_POINT('',(2.372227740953E-14,50.8,-15.));
#58 = SEAM_CURVE('',#59,(#63,#70),.PCURVE_S1.);
#59 = LINE('',#60,#61);
#60 = CARTESIAN_POINT('',(2.372227740953E-14,50.8,-15.));
#61 = VECTOR('',#62,1.);
#62 = DIRECTION('',(0.,0.,1.));
#63 = PCURVE('',#31,#64);
#64 = DEFINITIONAL_REPRESENTATION('',(#65),#69);
#65 = LINE('',#66,#67);
#66 = CARTESIAN_POINT('',(6.28318530718,-0.));
#67 = VECTOR('',#68,1.);
#68 = DIRECTION('',(0.,1.));
#69 = ( GEOMETRIC_REPRESENTATION_CONTEXT(2) 
PARAMETRIC_REPRESENTATION_CONTEXT() REPRESENTATION_CONTEXT('2D SPACE',''
  ) );
#70 = PCURVE('',#31,#71);
#71 = DEFINITIONAL_REPRESENTATION('',(#72),#76);
#72 = LINE('',#73,#74);
#73 = CARTESIAN_POINT('',(0.,-0.));
#74 = VECTOR('',#75,1.);
#75 = DIRECTION('',(0.,1.));
#76 = ( GEOMETRIC_REPRESENTATION_CONTEXT(2) 
PARAMETRIC_REPRESENTATION_CONTEXT() REPRESENTATION_CONTEXT('2D SPACE',''
  ) );
#77 = ORIENTED_EDGE('',*,*,#78,.T.);
#78 = EDGE_CURVE('',#56,#56,#79,.T.);
#79 = SURFACE_CURVE('',#80,(#85,#92),.PCURVE_S1.);
#80 = CIRCLE('',#81,50.8);
#81 = AXIS2_PLACEMENT_3D('',#82,#83,#84);
#82 = CARTESIAN_POINT('',(0.,0.,-15.));
#83 = DIRECTION('',(0.,-0.,1.));
#84 = DIRECTION('',(2.22044604925E-16,1.,0.));
#85 = PCURVE('',#31,#86);
#86 = DEFINITIONAL_REPRESENTATION('',(#87),#91);
#87 = LINE('',#88,#89);
#88 = CARTESIAN_POINT('',(0.,0.));
#89 = VECTOR('',#90,1.);
#90 = DIRECTION('',(1.,0.));
#91 = ( GEOMETRIC_REPRESENTATION_CONTEXT(2) 
PARAMETRIC_REPRESENTATION_CONTEXT() REPRESENTATION_CONTEXT('2D SPACE',''
  ) );
#92 = PCURVE('',#93,#98);
#93 = PLANE('',#94);
#94 = AXIS2_PLACEMENT_3D('',#95,#96,#97);
#95 = CARTESIAN_POINT('',(0.,0.,-15.));
#96 = DIRECTION('',(0.,0.,1.));
#97 = DIRECTION('',(2.22044604925E-16,1.,0.));
#98 = DEFINITIONAL_REPRESENTATION('',(#99),#103);
#99 = CIRCLE('',#100,50.8);
#100 = AXIS2_PLACEMENT_2D('',#101,#102);
#101 = CARTESIAN_POINT('',(0.,0.));
#102 = DIRECTION('',(1.,0.));
#103 = ( GEOMETRIC_REPRESENTATION_CONTEXT(2) 
PARAMETRIC_REPRESENTATION_CONTEXT() REPRESENTATION_CONTEXT('2D SPACE',''
  ) );
#104 = ORIENTED_EDGE('',*,*,#55,.T.);
#105 = ADVANCED_FACE('',(#106,#109),#43,.T.);
#106 = FACE_BOUND('',#107,.T.);
#107 = EDGE_LOOP('',(#108));
#108 = ORIENTED_EDGE('',*,*,#21,.T.);
#109 = FACE_BOUND('',#110,.T.);
#110 = EDGE_LOOP('',(#111,#210,#235,#336,#361,#458,#483,#582,#607,#704,
    #729,#830,#855,#952,#977,#1076,#1101,#1198,#1223,#1324,#1349,#1461,
    #1486,#1585,#1610,#1707,#1732,#1833,#1858,#1955,#1980,#2079,#2104,
    #2189,#2214,#2315,#2340,#2425,#2450,#2549,#2574,#2671,#2696,#2797,
    #2822,#2934,#2959,#3058));
#111 = ORIENTED_EDGE('',*,*,#112,.T.);
#112 = EDGE_CURVE('',#113,#115,#117,.T.);
#113 = VERTEX_POINT('',#114);
#114 = CARTESIAN_POINT('',(32.446467268476,9.726356775389,100.));
#115 = VERTEX_POINT('',#116);
#116 = CARTESIAN_POINT('',(33.127160531918,8.060558856363,100.));
#117 = SURFACE_CURVE('',#118,(#141,#167),.PCURVE_S1.);
#118 = B_SPLINE_CURVE_WITH_KNOTS('',5,(#119,#120,#121,#122,#123,#124,
    #125,#126,#127,#128,#129,#130,#131,#132,#133,#134,#135,#136,#137,
    #138,#139,#140),.UNSPECIFIED.,.F.,.F.,(6,4,4,4,4,6),(0.,
    9.700056943468E-02,0.28300126153,0.500001585977,0.718001893372,1.),
  .UNSPECIFIED.);
#119 = CARTESIAN_POINT('',(32.446467268476,9.726356775389,100.));
#120 = CARTESIAN_POINT('',(32.433023919682,9.690418298168,100.));
#121 = CARTESIAN_POINT('',(32.420880649214,9.653993463872,100.));
#122 = CARTESIAN_POINT('',(32.410060936766,9.617145121563,100.));
#123 = CARTESIAN_POINT('',(32.400583626554,9.579937483175,100.));
#124 = CARTESIAN_POINT('',(32.376891310717,9.470526454418,100.));
#125 = CARTESIAN_POINT('',(32.366307627575,9.397535805548,100.));
#126 = CARTESIAN_POINT('',(32.360812208335,9.323927918174,100.));
#127 = CARTESIAN_POINT('',(32.360440350255,9.250174878234,100.));
#128 = CARTESIAN_POINT('',(32.370669920995,9.091088240774,100.));
#129 = CARTESIAN_POINT('',(32.383110780789,9.005870272629,100.));
#130 = CARTESIAN_POINT('',(32.402435600122,8.921849496238,100.));
#131 = CARTESIAN_POINT('',(32.428475631744,8.839759341051,100.));
#132 = CARTESIAN_POINT('',(32.493565186871,8.680471668755,100.));
#133 = CARTESIAN_POINT('',(32.532675496642,8.603295048775,100.));
#134 = CARTESIAN_POINT('',(32.577986804539,8.529477075369,100.));
#135 = CARTESIAN_POINT('',(32.629099970008,8.459668110412,100.));
#136 = CARTESIAN_POINT('',(32.758490530382,8.310079412538,100.));
#137 = CARTESIAN_POINT('',(32.840343965249,8.233381850271,100.));
#138 = CARTESIAN_POINT('',(32.929985584068,8.165612199601,100.));
#139 = CARTESIAN_POINT('',(33.02609333849,8.107769348632,100.));
#140 = CARTESIAN_POINT('',(33.127160531918,8.060558856363,100.));
#141 = PCURVE('',#43,#142);
#142 = DEFINITIONAL_REPRESENTATION('',(#143),#166);
#143 = B_SPLINE_CURVE_WITH_KNOTS('',5,(#144,#145,#146,#147,#148,#149,
    #150,#151,#152,#153,#154,#155,#156,#157,#158,#159,#160,#161,#162,
    #163,#164,#165),.UNSPECIFIED.,.F.,.F.,(6,4,4,4,4,6),(0.,
    9.700056943468E-02,0.28300126153,0.500001585977,0.718001893372,1.),
  .UNSPECIFIED.);
#144 = CARTESIAN_POINT('',(9.726356775389,-32.44646726847));
#145 = CARTESIAN_POINT('',(9.690418298168,-32.43302391968));
#146 = CARTESIAN_POINT('',(9.653993463872,-32.42088064921));
#147 = CARTESIAN_POINT('',(9.617145121563,-32.41006093676));
#148 = CARTESIAN_POINT('',(9.579937483175,-32.40058362655));
#149 = CARTESIAN_POINT('',(9.470526454418,-32.37689131071));
#150 = CARTESIAN_POINT('',(9.397535805548,-32.36630762757));
#151 = CARTESIAN_POINT('',(9.323927918174,-32.36081220833));
#152 = CARTESIAN_POINT('',(9.250174878234,-32.36044035025));
#153 = CARTESIAN_POINT('',(9.091088240774,-32.37066992099));
#154 = CARTESIAN_POINT('',(9.005870272629,-32.38311078078));
#155 = CARTESIAN_POINT('',(8.921849496238,-32.40243560012));
#156 = CARTESIAN_POINT('',(8.839759341051,-32.42847563174));
#157 = CARTESIAN_POINT('',(8.680471668755,-32.49356518687));
#158 = CARTESIAN_POINT('',(8.603295048775,-32.53267549664));
#159 = CARTESIAN_POINT('',(8.529477075369,-32.57798680453));
#160 = CARTESIAN_POINT('',(8.459668110412,-32.62909997));
#161 = CARTESIAN_POINT('',(8.310079412538,-32.75849053038));
#162 = CARTESIAN_POINT('',(8.233381850271,-32.84034396524));
#163 = CARTESIAN_POINT('',(8.165612199601,-32.92998558406));
#164 = CARTESIAN_POINT('',(8.107769348632,-33.02609333849));
#165 = CARTESIAN_POINT('',(8.060558856363,-33.12716053191));
#166 = ( GEOMETRIC_REPRESENTATION_CONTEXT(2) 
PARAMETRIC_REPRESENTATION_CONTEXT() REPRESENTATION_CONTEXT('2D SPACE',''
  ) );
#167 = PCURVE('',#168,#185);
#168 = B_SPLINE_SURFACE_WITH_KNOTS('',7,1,(
    (#169,#170)
    ,(#171,#172)
    ,(#173,#174)
    ,(#175,#176)
    ,(#177,#178)
    ,(#179,#180)
    ,(#181,#182)
    ,(#183,#184
    )),.UNSPECIFIED.,.F.,.F.,.F.,(8,8),(2,2),(2.007795561855,
    3.499543890611),(0.,1.),.PIECEWISE_BEZIER_KNOTS.);
#169 = CARTESIAN_POINT('',(24.985240400168,6.079452556518,0.));
#170 = CARTESIAN_POINT('',(33.289998934553,8.10018098236,102.));
#171 = CARTESIAN_POINT('',(24.792160061367,6.169644215483,0.));
#172 = CARTESIAN_POINT('',(33.032741282834,8.22035113813,102.));
#173 = CARTESIAN_POINT('',(24.621504582389,6.307840896795,0.));
#174 = CARTESIAN_POINT('',(32.805362213336,8.40448254131,101.99999999999
    ));
#175 = CARTESIAN_POINT('',(24.487588856722,6.487348765207,0.));
#176 = CARTESIAN_POINT('',(32.626934697997,8.643656415664,102.));
#177 = CARTESIAN_POINT('',(24.402266277504,6.696150853514,0.));
#178 = CARTESIAN_POINT('',(32.513252038724,8.921861515393,
    101.99999999999));
#179 = CARTESIAN_POINT('',(24.372146223195,6.91807263868,0.));
#180 = CARTESIAN_POINT('',(32.473120482661,9.217547123112,102.));
#181 = CARTESIAN_POINT('',(24.397183122886,7.136234892255,0.));
#182 = CARTESIAN_POINT('',(32.506479311742,9.508223581402,
    101.99999999999));
#183 = CARTESIAN_POINT('',(24.471846419134,7.335834353106,0.));
#184 = CARTESIAN_POINT('',(32.605959685463,9.774167223834,102.));
#185 = DEFINITIONAL_REPRESENTATION('',(#186),#209);
#186 = B_SPLINE_CURVE_WITH_KNOTS('',5,(#187,#188,#189,#190,#191,#192,
    #193,#194,#195,#196,#197,#198,#199,#200,#201,#202,#203,#204,#205,
    #206,#207,#208),.UNSPECIFIED.,.F.,.F.,(6,4,4,4,4,6),(0.,
    9.700056943468E-02,0.28300126153,0.500001585977,0.718001893372,1.),
  .UNSPECIFIED.);
#187 = CARTESIAN_POINT('',(3.499543890611,0.980392156863));
#188 = CARTESIAN_POINT('',(3.470603982517,0.980392156863));
#189 = CARTESIAN_POINT('',(3.44166405778,0.980392156863));
#190 = CARTESIAN_POINT('',(3.412724131219,0.980392156863));
#191 = CARTESIAN_POINT('',(3.383784211819,0.980392156863));
#192 = CARTESIAN_POINT('',(3.299351400436,0.980392156863));
#193 = CARTESIAN_POINT('',(3.243857868305,0.980392156863));
#194 = CARTESIAN_POINT('',(3.188365548868,0.980392156863));
#195 = CARTESIAN_POINT('',(3.132872013542,0.980392156863));
#196 = CARTESIAN_POINT('',(3.012637541044,0.980392156863));
#197 = CARTESIAN_POINT('',(2.947894597745,0.980392156863));
#198 = CARTESIAN_POINT('',(2.883154241688,0.980392156863));
#199 = CARTESIAN_POINT('',(2.818411300021,0.980392156863));
#200 = CARTESIAN_POINT('',(2.688629809712,0.980392156863));
#201 = CARTESIAN_POINT('',(2.623588493919,0.980392156863));
#202 = CARTESIAN_POINT('',(2.558549823136,0.980392156863));
#203 = CARTESIAN_POINT('',(2.493508505755,0.980392156863));
#204 = CARTESIAN_POINT('',(2.344335071863,0.980392156863));
#205 = CARTESIAN_POINT('',(2.26019661963,0.980392156863));
#206 = CARTESIAN_POINT('',(2.176067605461,0.980392156863));
#207 = CARTESIAN_POINT('',(2.091929069122,0.980392156863));
#208 = CARTESIAN_POINT('',(2.007795561855,0.980392156863));
#209 = ( GEOMETRIC_REPRESENTATION_CONTEXT(2) 
PARAMETRIC_REPRESENTATION_CONTEXT() REPRESENTATION_CONTEXT('2D SPACE',''
  ) );
#210 = ORIENTED_EDGE('',*,*,#211,.T.);
#211 = EDGE_CURVE('',#115,#212,#214,.T.);
#212 = VERTEX_POINT('',#213);
#213 = CARTESIAN_POINT('',(33.667264778252,7.808265441646,100.));
#214 = SURFACE_CURVE('',#215,(#218,#224),.PCURVE_S1.);
#215 = B_SPLINE_CURVE_WITH_KNOTS('',1,(#216,#217),.UNSPECIFIED.,.F.,.F.,
  (2,2),(0.,1.),.PIECEWISE_BEZIER_KNOTS.);
#216 = CARTESIAN_POINT('',(33.127160531918,8.060558856363,100.));
#217 = CARTESIAN_POINT('',(33.667264778252,7.808265441646,100.));
#218 = PCURVE('',#43,#219);
#219 = DEFINITIONAL_REPRESENTATION('',(#220),#223);
#220 = B_SPLINE_CURVE_WITH_KNOTS('',1,(#221,#222),.UNSPECIFIED.,.F.,.F.,
  (2,2),(0.,1.),.PIECEWISE_BEZIER_KNOTS.);
#221 = CARTESIAN_POINT('',(8.060558856363,-33.12716053191));
#222 = CARTESIAN_POINT('',(7.808265441646,-33.66726477825));
#223 = ( GEOMETRIC_REPRESENTATION_CONTEXT(2) 
PARAMETRIC_REPRESENTATION_CONTEXT() REPRESENTATION_CONTEXT('2D SPACE',''
  ) );
#224 = PCURVE('',#225,#230);
#225 = B_SPLINE_SURFACE_WITH_KNOTS('',1,1,(
    (#226,#227)
    ,(#228,#229
    )),.UNSPECIFIED.,.F.,.F.,.F.,(2,2),(2,2),(18.540237039241,
    19.139291944232),(0.,1.),.PIECEWISE_BEZIER_KNOTS.);
#226 = CARTESIAN_POINT('',(25.392599021286,5.889167258386,0.));
#227 = CARTESIAN_POINT('',(33.832758093391,7.846647405311,102.));
#228 = CARTESIAN_POINT('',(24.985240400168,6.079452556518,0.));
#229 = CARTESIAN_POINT('',(33.289998934553,8.10018098236,102.));
#230 = DEFINITIONAL_REPRESENTATION('',(#231),#234);
#231 = B_SPLINE_CURVE_WITH_KNOTS('',1,(#232,#233),.UNSPECIFIED.,.F.,.F.,
  (2,2),(0.,1.),.PIECEWISE_BEZIER_KNOTS.);
#232 = CARTESIAN_POINT('',(19.139291944232,0.980392156863));
#233 = CARTESIAN_POINT('',(18.540237039241,0.980392156863));
#234 = ( GEOMETRIC_REPRESENTATION_CONTEXT(2) 
PARAMETRIC_REPRESENTATION_CONTEXT() REPRESENTATION_CONTEXT('2D SPACE',''
  ) );
#235 = ORIENTED_EDGE('',*,*,#236,.T.);
#236 = EDGE_CURVE('',#212,#237,#239,.T.);
#237 = VERTEX_POINT('',#238);
#238 = CARTESIAN_POINT('',(33.667264778252,-7.808265441646,100.));
#239 = SURFACE_CURVE('',#240,(#263,#289),.PCURVE_S1.);
#240 = B_SPLINE_CURVE_WITH_KNOTS('',6,(#241,#242,#243,#244,#245,#246,
    #247,#248,#249,#250,#251,#252,#253,#254,#255,#256,#257,#258,#259,
    #260,#261,#262),.UNSPECIFIED.,.F.,.F.,(7,5,5,5,7),(0.,0.250999731729
    ,0.500999735493,0.75099973929,1.),.UNSPECIFIED.);
#241 = CARTESIAN_POINT('',(33.667264778252,7.808265441646,100.));
#242 = CARTESIAN_POINT('',(34.407914118147,7.462293432838,100.));
#243 = CARTESIAN_POINT('',(35.109369168301,7.03192919627,100.));
#244 = CARTESIAN_POINT('',(35.759179195313,6.522897543293,100.));
#245 = CARTESIAN_POINT('',(36.346781761943,5.943165225978,100.));
#246 = CARTESIAN_POINT('',(36.862930601861,5.302194885877,100.));
#247 = CARTESIAN_POINT('',(37.736051968981,3.923770004557,100.));
#248 = CARTESIAN_POINT('',(38.093867418583,3.186367185471,100.));
#249 = CARTESIAN_POINT('',(38.366497234433,2.41079128222,100.));
#250 = CARTESIAN_POINT('',(38.549380136337,1.609293400008,100.));
#251 = CARTESIAN_POINT('',(38.639842873596,0.794669986831,100.));
#252 = CARTESIAN_POINT('',(38.636150261279,-0.83375488591,100.));
#253 = CARTESIAN_POINT('',(38.541993997131,-1.647959657743,100.));
#254 = CARTESIAN_POINT('',(38.355478044324,-2.448619891814,100.));
#255 = CARTESIAN_POINT('',(38.079333659563,-3.222951395299,100.));
#256 = CARTESIAN_POINT('',(37.718177639702,-3.958723875948,100.));
#257 = CARTESIAN_POINT('',(36.842323364823,-5.327689443523,100.));
#258 = CARTESIAN_POINT('',(36.328030553349,-5.961616022597,100.));
#259 = CARTESIAN_POINT('',(35.74363471395,-6.535052066031,100.));
#260 = CARTESIAN_POINT('',(35.098186774299,-7.038782460024,100.));
#261 = CARTESIAN_POINT('',(34.402014083744,-7.465049456026,100.));
#262 = CARTESIAN_POINT('',(33.667264778252,-7.808265441646,100.));
#263 = PCURVE('',#43,#264);
#264 = DEFINITIONAL_REPRESENTATION('',(#265),#288);
#265 = B_SPLINE_CURVE_WITH_KNOTS('',6,(#266,#267,#268,#269,#270,#271,
    #272,#273,#274,#275,#276,#277,#278,#279,#280,#281,#282,#283,#284,
    #285,#286,#287),.UNSPECIFIED.,.F.,.F.,(7,5,5,5,7),(0.,0.250999731729
    ,0.500999735493,0.75099973929,1.),.UNSPECIFIED.);
#266 = CARTESIAN_POINT('',(7.808265441646,-33.66726477825));
#267 = CARTESIAN_POINT('',(7.462293432838,-34.40791411814));
#268 = CARTESIAN_POINT('',(7.03192919627,-35.1093691683));
#269 = CARTESIAN_POINT('',(6.522897543293,-35.75917919531));
#270 = CARTESIAN_POINT('',(5.943165225978,-36.34678176194));
#271 = CARTESIAN_POINT('',(5.302194885877,-36.86293060186));
#272 = CARTESIAN_POINT('',(3.923770004557,-37.73605196898));
#273 = CARTESIAN_POINT('',(3.186367185471,-38.09386741858));
#274 = CARTESIAN_POINT('',(2.41079128222,-38.36649723443));
#275 = CARTESIAN_POINT('',(1.609293400008,-38.54938013633));
#276 = CARTESIAN_POINT('',(0.794669986831,-38.63984287359));
#277 = CARTESIAN_POINT('',(-0.83375488591,-38.63615026127));
#278 = CARTESIAN_POINT('',(-1.647959657743,-38.54199399713));
#279 = CARTESIAN_POINT('',(-2.448619891814,-38.35547804432));
#280 = CARTESIAN_POINT('',(-3.222951395299,-38.07933365956));
#281 = CARTESIAN_POINT('',(-3.958723875948,-37.7181776397));
#282 = CARTESIAN_POINT('',(-5.327689443523,-36.84232336482));
#283 = CARTESIAN_POINT('',(-5.961616022597,-36.32803055334));
#284 = CARTESIAN_POINT('',(-6.535052066031,-35.74363471395));
#285 = CARTESIAN_POINT('',(-7.038782460024,-35.09818677429));
#286 = CARTESIAN_POINT('',(-7.465049456026,-34.40201408374));
#287 = CARTESIAN_POINT('',(-7.808265441646,-33.66726477825));
#288 = ( GEOMETRIC_REPRESENTATION_CONTEXT(2) 
PARAMETRIC_REPRESENTATION_CONTEXT() REPRESENTATION_CONTEXT('2D SPACE',''
  ) );
#289 = PCURVE('',#290,#311);
#290 = B_SPLINE_SURFACE_WITH_KNOTS('',9,1,(
    (#291,#292)
    ,(#293,#294)
    ,(#295,#296)
    ,(#297,#298)
    ,(#299,#300)
    ,(#301,#302)
    ,(#303,#304)
    ,(#305,#306)
    ,(#307,#308)
    ,(#309,#310
    )),.UNSPECIFIED.,.F.,.F.,.F.,(10,10),(2,2),(2.007795561855,
    4.275389745325),(0.,1.),.PIECEWISE_BEZIER_KNOTS.);
#291 = CARTESIAN_POINT('',(25.392599021286,-5.889167258386,0.));
#292 = CARTESIAN_POINT('',(33.832758093391,-7.846647405311,102.));
#293 = CARTESIAN_POINT('',(26.876403623574,-5.196052674627,0.));
#294 = CARTESIAN_POINT('',(35.809759428505,-6.923150837526,
    101.99999999999));
#295 = CARTESIAN_POINT('',(28.16374633558,-4.08235482425,0.));
#296 = CARTESIAN_POINT('',(37.524997578097,-5.439274770749,102.));
#297 = CARTESIAN_POINT('',(29.118374546868,-2.611715551621,0.));
#298 = CARTESIAN_POINT('',(38.796931392927,-3.479814744158,
    101.99999999999));
#299 = CARTESIAN_POINT('',(29.628129915022,-0.899272594802,0.));
#300 = CARTESIAN_POINT('',(39.476122603057,-1.198178734458,102.));
#301 = CARTESIAN_POINT('',(29.628129915024,0.899272594802,0.));
#302 = CARTESIAN_POINT('',(39.476122603057,1.198178734458,
    101.99999999999));
#303 = CARTESIAN_POINT('',(29.118374546866,2.611715551621,0.));
#304 = CARTESIAN_POINT('',(38.796931392927,3.479814744158,102.));
#305 = CARTESIAN_POINT('',(28.163746335581,4.082354824249,0.));
#306 = CARTESIAN_POINT('',(37.524997578097,5.439274770749,102.));
#307 = CARTESIAN_POINT('',(26.876403623574,5.196052674627,0.));
#308 = CARTESIAN_POINT('',(35.809759428506,6.923150837526,102.));
#309 = CARTESIAN_POINT('',(25.392599021286,5.889167258386,0.));
#310 = CARTESIAN_POINT('',(33.832758093391,7.846647405311,102.));
#311 = DEFINITIONAL_REPRESENTATION('',(#312),#335);
#312 = B_SPLINE_CURVE_WITH_KNOTS('',6,(#313,#314,#315,#316,#317,#318,
    #319,#320,#321,#322,#323,#324,#325,#326,#327,#328,#329,#330,#331,
    #332,#333,#334),.UNSPECIFIED.,.F.,.F.,(7,5,5,5,7),(0.,0.250999731729
    ,0.500999735493,0.75099973929,1.),.UNSPECIFIED.);
#313 = CARTESIAN_POINT('',(4.275389745325,0.980392156863));
#314 = CARTESIAN_POINT('',(4.180535216438,0.980392156863));
#315 = CARTESIAN_POINT('',(4.085657295138,0.980392156863));
#316 = CARTESIAN_POINT('',(3.990806671764,0.980392156863));
#317 = CARTESIAN_POINT('',(3.895956069717,0.980392156863));
#318 = CARTESIAN_POINT('',(3.801078129512,0.980392156863));
#319 = CARTESIAN_POINT('',(3.611746885107,0.980392156863));
#320 = CARTESIAN_POINT('',(3.517247208655,0.980392156863));
#321 = CARTESIAN_POINT('',(3.422774334673,0.980392156863));
#322 = CARTESIAN_POINT('',(3.328301458726,0.980392156863));
#323 = CARTESIAN_POINT('',(3.233801780488,0.980392156863));
#324 = CARTESIAN_POINT('',(3.044848338312,0.980392156863));
#325 = CARTESIAN_POINT('',(2.95034866003,0.980392156863));
#326 = CARTESIAN_POINT('',(2.855875784071,0.980392156863));
#327 = CARTESIAN_POINT('',(2.761402910133,0.980392156863));
#328 = CARTESIAN_POINT('',(2.666903233705,0.980392156863));
#329 = CARTESIAN_POINT('',(2.478327603158,0.980392156863));
#330 = CARTESIAN_POINT('',(2.384206181346,0.980392156863));
#331 = CARTESIAN_POINT('',(2.29011104087,0.980392156863));
#332 = CARTESIAN_POINT('',(2.196015879932,0.980392156863));
#333 = CARTESIAN_POINT('',(2.101894476778,0.980392156863));
#334 = CARTESIAN_POINT('',(2.007795561855,0.980392156863));
#335 = ( GEOMETRIC_REPRESENTATION_CONTEXT(2) 
PARAMETRIC_REPRESENTATION_CONTEXT() REPRESENTATION_CONTEXT('2D SPACE',''
  ) );
#336 = ORIENTED_EDGE('',*,*,#337,.T.);
#337 = EDGE_CURVE('',#237,#338,#340,.T.);
#338 = VERTEX_POINT('',#339);
#339 = CARTESIAN_POINT('',(33.127160531918,-8.060558856363,100.));
#340 = SURFACE_CURVE('',#341,(#344,#350),.PCURVE_S1.);
#341 = B_SPLINE_CURVE_WITH_KNOTS('',1,(#342,#343),.UNSPECIFIED.,.F.,.F.,
  (2,2),(0.,1.),.PIECEWISE_BEZIER_KNOTS.);
#342 = CARTESIAN_POINT('',(33.667264778252,-7.808265441646,100.));
#343 = CARTESIAN_POINT('',(33.127160531918,-8.060558856363,100.));
#344 = PCURVE('',#43,#345);
#345 = DEFINITIONAL_REPRESENTATION('',(#346),#349);
#346 = B_SPLINE_CURVE_WITH_KNOTS('',1,(#347,#348),.UNSPECIFIED.,.F.,.F.,
  (2,2),(0.,1.),.PIECEWISE_BEZIER_KNOTS.);
#347 = CARTESIAN_POINT('',(-7.808265441646,-33.66726477825));
#348 = CARTESIAN_POINT('',(-8.060558856363,-33.12716053191));
#349 = ( GEOMETRIC_REPRESENTATION_CONTEXT(2) 
PARAMETRIC_REPRESENTATION_CONTEXT() REPRESENTATION_CONTEXT('2D SPACE',''
  ) );
#350 = PCURVE('',#351,#356);
#351 = B_SPLINE_SURFACE_WITH_KNOTS('',1,1,(
    (#352,#353)
    ,(#354,#355
    )),.UNSPECIFIED.,.F.,.F.,.F.,(2,2),(2,2),(1.231017795392,
    1.830072700383),(0.,1.),.PIECEWISE_BEZIER_KNOTS.);
#352 = CARTESIAN_POINT('',(24.985240400168,-6.079452556518,0.));
#353 = CARTESIAN_POINT('',(33.289998934553,-8.10018098236,102.));
#354 = CARTESIAN_POINT('',(25.392599021286,-5.889167258386,0.));
#355 = CARTESIAN_POINT('',(33.832758093391,-7.846647405311,102.));
#356 = DEFINITIONAL_REPRESENTATION('',(#357),#360);
#357 = B_SPLINE_CURVE_WITH_KNOTS('',1,(#358,#359),.UNSPECIFIED.,.F.,.F.,
  (2,2),(0.,1.),.PIECEWISE_BEZIER_KNOTS.);
#358 = CARTESIAN_POINT('',(1.830072700383,0.980392156863));
#359 = CARTESIAN_POINT('',(1.231017795392,0.980392156863));
#360 = ( GEOMETRIC_REPRESENTATION_CONTEXT(2) 
PARAMETRIC_REPRESENTATION_CONTEXT() REPRESENTATION_CONTEXT('2D SPACE',''
  ) );
#361 = ORIENTED_EDGE('',*,*,#362,.T.);
#362 = EDGE_CURVE('',#338,#363,#365,.T.);
#363 = VERTEX_POINT('',#364);
#364 = CARTESIAN_POINT('',(32.446467268476,-9.726356775389,100.));
#365 = SURFACE_CURVE('',#366,(#389,#415),.PCURVE_S1.);
#366 = B_SPLINE_CURVE_WITH_KNOTS('',5,(#367,#368,#369,#370,#371,#372,
    #373,#374,#375,#376,#377,#378,#379,#380,#381,#382,#383,#384,#385,
    #386,#387,#388),.UNSPECIFIED.,.F.,.F.,(6,4,4,4,4,6),(0.,
    9.700057855862E-02,0.282001294354,0.497001671856,0.716001982317,1.),
  .UNSPECIFIED.);
#367 = CARTESIAN_POINT('',(33.127160531918,-8.060558856363,100.));
#368 = CARTESIAN_POINT('',(33.092395842033,-8.076798133099,100.));
#369 = CARTESIAN_POINT('',(33.05821858001,-8.094295056593,100.));
#370 = CARTESIAN_POINT('',(33.024689520795,-8.113021206668,100.));
#371 = CARTESIAN_POINT('',(32.991867084847,-8.132943943972,100.));
#372 = CARTESIAN_POINT('',(32.898662588504,-8.194235152643,100.));
#373 = CARTESIAN_POINT('',(32.840291284758,-8.238662937815,100.));
#374 = CARTESIAN_POINT('',(32.785083433832,-8.287053195236,100.));
#375 = CARTESIAN_POINT('',(32.733389352727,-8.339098936603,100.));
#376 = CARTESIAN_POINT('',(32.629876302951,-8.45877059027,100.));
#377 = CARTESIAN_POINT('',(32.579394608875,-8.527556572929,100.));
#378 = CARTESIAN_POINT('',(32.534549451175,-8.600249784857,100.));
#379 = CARTESIAN_POINT('',(32.495725066901,-8.676227279961,100.));
#380 = CARTESIAN_POINT('',(32.430074583005,-8.834856568395,100.));
#381 = CARTESIAN_POINT('',(32.403483744361,-8.917609634707,100.));
#382 = CARTESIAN_POINT('',(32.383726322188,-9.002353071347,100.));
#383 = CARTESIAN_POINT('',(32.370978035573,-9.088333441922,100.));
#384 = CARTESIAN_POINT('',(32.357913995603,-9.286875224859,100.));
#385 = CARTESIAN_POINT('',(32.362410800795,-9.399761923628,100.));
#386 = CARTESIAN_POINT('',(32.378891074373,-9.511740446355,100.));
#387 = CARTESIAN_POINT('',(32.407107875962,-9.62113621964,100.));
#388 = CARTESIAN_POINT('',(32.446467268476,-9.726356775389,100.));
#389 = PCURVE('',#43,#390);
#390 = DEFINITIONAL_REPRESENTATION('',(#391),#414);
#391 = B_SPLINE_CURVE_WITH_KNOTS('',5,(#392,#393,#394,#395,#396,#397,
    #398,#399,#400,#401,#402,#403,#404,#405,#406,#407,#408,#409,#410,
    #411,#412,#413),.UNSPECIFIED.,.F.,.F.,(6,4,4,4,4,6),(0.,
    9.700057855862E-02,0.282001294354,0.497001671856,0.716001982317,1.),
  .UNSPECIFIED.);
#392 = CARTESIAN_POINT('',(-8.060558856363,-33.12716053191));
#393 = CARTESIAN_POINT('',(-8.076798133099,-33.09239584203));
#394 = CARTESIAN_POINT('',(-8.094295056593,-33.05821858001));
#395 = CARTESIAN_POINT('',(-8.113021206668,-33.02468952079));
#396 = CARTESIAN_POINT('',(-8.132943943972,-32.99186708484));
#397 = CARTESIAN_POINT('',(-8.194235152643,-32.8986625885));
#398 = CARTESIAN_POINT('',(-8.238662937815,-32.84029128475));
#399 = CARTESIAN_POINT('',(-8.287053195236,-32.78508343383));
#400 = CARTESIAN_POINT('',(-8.339098936603,-32.73338935272));
#401 = CARTESIAN_POINT('',(-8.45877059027,-32.62987630295));
#402 = CARTESIAN_POINT('',(-8.527556572929,-32.57939460887));
#403 = CARTESIAN_POINT('',(-8.600249784857,-32.53454945117));
#404 = CARTESIAN_POINT('',(-8.676227279961,-32.4957250669));
#405 = CARTESIAN_POINT('',(-8.834856568395,-32.430074583));
#406 = CARTESIAN_POINT('',(-8.917609634707,-32.40348374436));
#407 = CARTESIAN_POINT('',(-9.002353071347,-32.38372632218));
#408 = CARTESIAN_POINT('',(-9.088333441922,-32.37097803557));
#409 = CARTESIAN_POINT('',(-9.286875224859,-32.3579139956));
#410 = CARTESIAN_POINT('',(-9.399761923628,-32.36241080079));
#411 = CARTESIAN_POINT('',(-9.511740446355,-32.37889107437));
#412 = CARTESIAN_POINT('',(-9.621136219639,-32.40710787596));
#413 = CARTESIAN_POINT('',(-9.726356775389,-32.44646726847));
#414 = ( GEOMETRIC_REPRESENTATION_CONTEXT(2) 
PARAMETRIC_REPRESENTATION_CONTEXT() REPRESENTATION_CONTEXT('2D SPACE',''
  ) );
#415 = PCURVE('',#416,#433);
#416 = B_SPLINE_SURFACE_WITH_KNOTS('',7,1,(
    (#417,#418)
    ,(#419,#420)
    ,(#421,#422)
    ,(#423,#424)
    ,(#425,#426)
    ,(#427,#428)
    ,(#429,#430)
    ,(#431,#432
    )),.UNSPECIFIED.,.F.,.F.,.F.,(8,8),(2,2),(2.783641416569,
    4.275389745325),(0.,1.),.PIECEWISE_BEZIER_KNOTS.);
#417 = CARTESIAN_POINT('',(24.471846419134,-7.335834353106,0.));
#418 = CARTESIAN_POINT('',(32.605959685463,-9.774167223834,102.));
#419 = CARTESIAN_POINT('',(24.397183122886,-7.136234892255,0.));
#420 = CARTESIAN_POINT('',(32.506479311742,-9.508223581402,102.));
#421 = CARTESIAN_POINT('',(24.372146223195,-6.91807263868,0.));
#422 = CARTESIAN_POINT('',(32.473120482661,-9.217547123112,102.));
#423 = CARTESIAN_POINT('',(24.402266277505,-6.696150853514,0.));
#424 = CARTESIAN_POINT('',(32.513252038725,-8.921861515393,
    101.99999999999));
#425 = CARTESIAN_POINT('',(24.487588856722,-6.487348765207,0.));
#426 = CARTESIAN_POINT('',(32.626934697996,-8.643656415663,102.));
#427 = CARTESIAN_POINT('',(24.621504582389,-6.307840896795,0.));
#428 = CARTESIAN_POINT('',(32.805362213337,-8.40448254131,
    101.99999999999));
#429 = CARTESIAN_POINT('',(24.792160061367,-6.169644215483,0.));
#430 = CARTESIAN_POINT('',(33.032741282834,-8.22035113813,102.));
#431 = CARTESIAN_POINT('',(24.985240400168,-6.079452556518,0.));
#432 = CARTESIAN_POINT('',(33.289998934553,-8.10018098236,102.));
#433 = DEFINITIONAL_REPRESENTATION('',(#434),#457);
#434 = B_SPLINE_CURVE_WITH_KNOTS('',5,(#435,#436,#437,#438,#439,#440,
    #441,#442,#443,#444,#445,#446,#447,#448,#449,#450,#451,#452,#453,
    #454,#455,#456),.UNSPECIFIED.,.F.,.F.,(6,4,4,4,4,6),(0.,
    9.700057855862E-02,0.282001294354,0.497001671856,0.716001982317,1.),
  .UNSPECIFIED.);
#435 = CARTESIAN_POINT('',(4.275389745325,0.980392156863));
#436 = CARTESIAN_POINT('',(4.246449837231,0.980392156863));
#437 = CARTESIAN_POINT('',(4.217509912494,0.980392156863));
#438 = CARTESIAN_POINT('',(4.188569985934,0.980392156863));
#439 = CARTESIAN_POINT('',(4.159630066533,0.980392156863));
#440 = CARTESIAN_POINT('',(4.075495601098,0.980392156863));
#441 = CARTESIAN_POINT('',(4.020300431656,0.980392156863));
#442 = CARTESIAN_POINT('',(3.965106443056,0.980392156863));
#443 = CARTESIAN_POINT('',(3.909911270567,0.980392156863));
#444 = CARTESIAN_POINT('',(3.790571830016,0.980392156863));
#445 = CARTESIAN_POINT('',(3.726425633642,0.980392156863));
#446 = CARTESIAN_POINT('',(3.662281908794,0.980392156863));
#447 = CARTESIAN_POINT('',(3.598135713894,0.980392156863));
#448 = CARTESIAN_POINT('',(3.468652566805,0.980392156863));
#449 = CARTESIAN_POINT('',(3.403312876627,0.980392156863));
#450 = CARTESIAN_POINT('',(3.337975891867,0.980392156863));
#451 = CARTESIAN_POINT('',(3.272636199904,0.980392156863));
#452 = CARTESIAN_POINT('',(3.122567761861,0.980392156863));
#453 = CARTESIAN_POINT('',(3.037832474078,0.980392156863));
#454 = CARTESIAN_POINT('',(2.95310695728,0.980392156863));
#455 = CARTESIAN_POINT('',(2.86837158458,0.980392156863));
#456 = CARTESIAN_POINT('',(2.783641416569,0.980392156863));
#457 = ( GEOMETRIC_REPRESENTATION_CONTEXT(2) 
PARAMETRIC_REPRESENTATION_CONTEXT() REPRESENTATION_CONTEXT('2D SPACE',''
  ) );
#458 = ORIENTED_EDGE('',*,*,#459,.T.);
#459 = EDGE_CURVE('',#363,#460,#462,.T.);
#460 = VERTEX_POINT('',#461);
#461 = CARTESIAN_POINT('',(33.079529423677,-11.41873939462,100.));
#462 = SURFACE_CURVE('',#463,(#466,#472),.PCURVE_S1.);
#463 = B_SPLINE_CURVE_WITH_KNOTS('',1,(#464,#465),.UNSPECIFIED.,.F.,.F.,
  (2,2),(0.,1.),.PIECEWISE_BEZIER_KNOTS.);
#464 = CARTESIAN_POINT('',(32.446467268476,-9.726356775389,100.));
#465 = CARTESIAN_POINT('',(33.079529423677,-11.41873939462,100.));
#466 = PCURVE('',#43,#467);
#467 = DEFINITIONAL_REPRESENTATION('',(#468),#471);
#468 = B_SPLINE_CURVE_WITH_KNOTS('',1,(#469,#470),.UNSPECIFIED.,.F.,.F.,
  (2,2),(0.,1.),.PIECEWISE_BEZIER_KNOTS.);
#469 = CARTESIAN_POINT('',(-9.726356775389,-32.44646726847));
#470 = CARTESIAN_POINT('',(-11.41873939462,-33.07952942367));
#471 = ( GEOMETRIC_REPRESENTATION_CONTEXT(2) 
PARAMETRIC_REPRESENTATION_CONTEXT() REPRESENTATION_CONTEXT('2D SPACE',''
  ) );
#472 = PCURVE('',#473,#478);
#473 = B_SPLINE_SURFACE_WITH_KNOTS('',1,1,(
    (#474,#475)
    ,(#476,#477
    )),.UNSPECIFIED.,.F.,.F.,.F.,(2,2),(2,2),(10.509440621469,
    12.325233387434),(0.,1.),.PIECEWISE_BEZIER_KNOTS.);
#474 = CARTESIAN_POINT('',(24.949315960198,-8.612266921174,0.));
#475 = CARTESIAN_POINT('',(33.242133692947,-11.47486884408,102.));
#476 = CARTESIAN_POINT('',(24.471846419134,-7.335834353106,0.));
#477 = CARTESIAN_POINT('',(32.605959685463,-9.774167223834,102.));
#478 = DEFINITIONAL_REPRESENTATION('',(#479),#482);
#479 = B_SPLINE_CURVE_WITH_KNOTS('',1,(#480,#481),.UNSPECIFIED.,.F.,.F.,
  (2,2),(0.,1.),.PIECEWISE_BEZIER_KNOTS.);
#480 = CARTESIAN_POINT('',(12.325233387434,0.980392156863));
#481 = CARTESIAN_POINT('',(10.509440621469,0.980392156863));
#482 = ( GEOMETRIC_REPRESENTATION_CONTEXT(2) 
PARAMETRIC_REPRESENTATION_CONTEXT() REPRESENTATION_CONTEXT('2D SPACE',''
  ) );
#483 = ORIENTED_EDGE('',*,*,#484,.T.);
#484 = EDGE_CURVE('',#460,#485,#487,.T.);
#485 = VERTEX_POINT('',#486);
#486 = CARTESIAN_POINT('',(26.428683106774,-22.93834312883,100.));
#487 = SURFACE_CURVE('',#488,(#511,#537),.PCURVE_S1.);
#488 = B_SPLINE_CURVE_WITH_KNOTS('',6,(#489,#490,#491,#492,#493,#494,
    #495,#496,#497,#498,#499,#500,#501,#502,#503,#504,#505,#506,#507,
    #508,#509,#510),.UNSPECIFIED.,.F.,.F.,(7,5,5,5,7),(0.,0.251999800182
    ,0.50099989924,0.749999998447,1.),.UNSPECIFIED.);
#489 = CARTESIAN_POINT('',(33.079529423677,-11.41873939462,100.));
#490 = CARTESIAN_POINT('',(33.303112367932,-12.01644988118,100.));
#491 = CARTESIAN_POINT('',(33.473604840884,-12.63408393306,100.));
#492 = CARTESIAN_POINT('',(33.588735714056,-13.26562369528,100.));
#493 = CARTESIAN_POINT('',(33.647251335094,-13.90489946383,100.));
#494 = CARTESIAN_POINT('',(33.64870391876,-14.54563133735,100.));
#495 = CARTESIAN_POINT('',(33.539285891892,-15.80962635992,100.));
#496 = CARTESIAN_POINT('',(33.429742189005,-16.43312157434,100.));
#497 = CARTESIAN_POINT('',(33.265553246827,-17.04571804384,100.));
#498 = CARTESIAN_POINT('',(33.048173574128,-17.64151877769,100.));
#499 = CARTESIAN_POINT('',(32.779798855968,-18.21486083394,100.));
#500 = CARTESIAN_POINT('',(32.147311386552,-19.30591428678,100.));
#501 = CARTESIAN_POINT('',(31.783141799631,-19.82372372589,100.));
#502 = CARTESIAN_POINT('',(31.37414131473,-20.30844121114,100.));
#503 = CARTESIAN_POINT('',(30.924133007018,-20.75534720425,100.));
#504 = CARTESIAN_POINT('',(30.43751137618,-21.16024903689,100.));
#505 = CARTESIAN_POINT('',(29.399173625741,-21.8804475056,100.));
#506 = CARTESIAN_POINT('',(28.847109548835,-22.19544325821,100.));
#507 = CARTESIAN_POINT('',(28.268338757143,-22.4610208231,100.));
#508 = CARTESIAN_POINT('',(27.668395713423,-22.67450482875,100.));
#509 = CARTESIAN_POINT('',(27.053112116083,-22.83395144437,100.));
#510 = CARTESIAN_POINT('',(26.428683106774,-22.93834312883,100.));
#511 = PCURVE('',#43,#512);
#512 = DEFINITIONAL_REPRESENTATION('',(#513),#536);
#513 = B_SPLINE_CURVE_WITH_KNOTS('',6,(#514,#515,#516,#517,#518,#519,
    #520,#521,#522,#523,#524,#525,#526,#527,#528,#529,#530,#531,#532,
    #533,#534,#535),.UNSPECIFIED.,.F.,.F.,(7,5,5,5,7),(0.,0.251999800182
    ,0.50099989924,0.749999998447,1.),.UNSPECIFIED.);
#514 = CARTESIAN_POINT('',(-11.41873939462,-33.07952942367));
#515 = CARTESIAN_POINT('',(-12.01644988118,-33.30311236793));
#516 = CARTESIAN_POINT('',(-12.63408393306,-33.47360484088));
#517 = CARTESIAN_POINT('',(-13.26562369528,-33.58873571405));
#518 = CARTESIAN_POINT('',(-13.90489946383,-33.64725133509));
#519 = CARTESIAN_POINT('',(-14.54563133735,-33.64870391876));
#520 = CARTESIAN_POINT('',(-15.80962635992,-33.53928589189));
#521 = CARTESIAN_POINT('',(-16.43312157434,-33.429742189));
#522 = CARTESIAN_POINT('',(-17.04571804384,-33.26555324682));
#523 = CARTESIAN_POINT('',(-17.64151877769,-33.04817357412));
#524 = CARTESIAN_POINT('',(-18.21486083394,-32.77979885596));
#525 = CARTESIAN_POINT('',(-19.30591428678,-32.14731138655));
#526 = CARTESIAN_POINT('',(-19.82372372589,-31.78314179963));
#527 = CARTESIAN_POINT('',(-20.30844121114,-31.37414131473));
#528 = CARTESIAN_POINT('',(-20.75534720425,-30.92413300701));
#529 = CARTESIAN_POINT('',(-21.16024903689,-30.43751137618));
#530 = CARTESIAN_POINT('',(-21.8804475056,-29.39917362574));
#531 = CARTESIAN_POINT('',(-22.19544325821,-28.84710954883));
#532 = CARTESIAN_POINT('',(-22.4610208231,-28.26833875714));
#533 = CARTESIAN_POINT('',(-22.67450482875,-27.66839571342));
#534 = CARTESIAN_POINT('',(-22.83395144437,-27.05311211608));
#535 = CARTESIAN_POINT('',(-22.93834312883,-26.42868310677));
#536 = ( GEOMETRIC_REPRESENTATION_CONTEXT(2) 
PARAMETRIC_REPRESENTATION_CONTEXT() REPRESENTATION_CONTEXT('2D SPACE',''
  ) );
#537 = PCURVE('',#538,#557);
#538 = B_SPLINE_SURFACE_WITH_KNOTS('',8,1,(
    (#539,#540)
    ,(#541,#542)
    ,(#543,#544)
    ,(#545,#546)
    ,(#547,#548)
    ,(#549,#550)
    ,(#551,#552)
    ,(#553,#554)
    ,(#555,#556
    )),.UNSPECIFIED.,.F.,.F.,.F.,(9,9),(2,2),(1.736443865372,
    3.499543890611),(0.,1.),.PIECEWISE_BEZIER_KNOTS.);
#539 = CARTESIAN_POINT('',(19.933099918008,-17.30060796798,0.));
#540 = CARTESIAN_POINT('',(26.558594770549,-23.05109783204,102.));
#541 = CARTESIAN_POINT('',(21.346010069075,-17.06439845745,0.));
#542 = CARTESIAN_POINT('',(28.441137290464,-22.73637545083,102.));
#543 = CARTESIAN_POINT('',(22.699426632951,-16.47231598465,0.));
#544 = CARTESIAN_POINT('',(30.244411353385,-21.94749271154,
    101.99999999999));
#545 = CARTESIAN_POINT('',(23.888769826464,-15.54185294104,0.));
#546 = CARTESIAN_POINT('',(31.829076259974,-20.70775624175,102.));
#547 = CARTESIAN_POINT('',(24.815659613173,-14.32732775778,0.));
#548 = CARTESIAN_POINT('',(33.064051770228,-19.08953919004,
    101.99999999999));
#549 = CARTESIAN_POINT('',(25.40402438206,-12.91735506435,0.));
#550 = CARTESIAN_POINT('',(33.847981090725,-17.21091049925,102.));
#551 = CARTESIAN_POINT('',(25.615157418354,-11.42212212314,0.));
#552 = CARTESIAN_POINT('',(34.129291914264,-15.21868219876,
    101.99999999999));
#553 = CARTESIAN_POINT('',(25.451207598997,-9.953987760528,0.));
#554 = CARTESIAN_POINT('',(33.910847375636,-13.26255968064,102.));
#555 = CARTESIAN_POINT('',(24.949315960198,-8.612266921174,0.));
#556 = CARTESIAN_POINT('',(33.242133692947,-11.47486884408,102.));
#557 = DEFINITIONAL_REPRESENTATION('',(#558),#581);
#558 = B_SPLINE_CURVE_WITH_KNOTS('',6,(#559,#560,#561,#562,#563,#564,
    #565,#566,#567,#568,#569,#570,#571,#572,#573,#574,#575,#576,#577,
    #578,#579,#580),.UNSPECIFIED.,.F.,.F.,(7,5,5,5,7),(0.,0.251999800182
    ,0.50099989924,0.749999998447,1.),.UNSPECIFIED.);
#559 = CARTESIAN_POINT('',(3.499543890611,0.980392156863));
#560 = CARTESIAN_POINT('',(3.42549560722,0.980392156863));
#561 = CARTESIAN_POINT('',(3.351440441945,0.980392156863));
#562 = CARTESIAN_POINT('',(3.277393290145,0.980392156863));
#563 = CARTESIAN_POINT('',(3.203346153201,0.980392156863));
#564 = CARTESIAN_POINT('',(3.129290970367,0.980392156863));
#565 = CARTESIAN_POINT('',(2.982075838227,0.980392156863));
#566 = CARTESIAN_POINT('',(2.908902496828,0.980392156863));
#567 = CARTESIAN_POINT('',(2.83573674258,0.980392156863));
#568 = CARTESIAN_POINT('',(2.762570981117,0.980392156863));
#569 = CARTESIAN_POINT('',(2.68939762992,0.980392156863));
#570 = CARTESIAN_POINT('',(2.543063925969,0.980392156863));
#571 = CARTESIAN_POINT('',(2.46989057485,0.980392156863));
#572 = CARTESIAN_POINT('',(2.396724813578,0.980392156863));
#573 = CARTESIAN_POINT('',(2.323559059448,0.980392156863));
#574 = CARTESIAN_POINT('',(2.250385717925,0.980392156863));
#575 = CARTESIAN_POINT('',(2.103758211495,0.980392156863));
#576 = CARTESIAN_POINT('',(2.030290921,0.980392156863));
#577 = CARTESIAN_POINT('',(1.956831365372,0.980392156863));
#578 = CARTESIAN_POINT('',(1.883371795682,0.980392156863));
#579 = CARTESIAN_POINT('',(1.809904522771,0.980392156863));
#580 = CARTESIAN_POINT('',(1.736443865372,0.980392156863));
#581 = ( GEOMETRIC_REPRESENTATION_CONTEXT(2) 
PARAMETRIC_REPRESENTATION_CONTEXT() REPRESENTATION_CONTEXT('2D SPACE',''
  ) );
#582 = ORIENTED_EDGE('',*,*,#583,.T.);
#583 = EDGE_CURVE('',#485,#584,#586,.T.);
#584 = VERTEX_POINT('',#585);
#585 = CARTESIAN_POINT('',(24.646505687996,-23.23628652986,100.));
#586 = SURFACE_CURVE('',#587,(#590,#596),.PCURVE_S1.);
#587 = B_SPLINE_CURVE_WITH_KNOTS('',1,(#588,#589),.UNSPECIFIED.,.F.,.F.,
  (2,2),(0.,1.),.PIECEWISE_BEZIER_KNOTS.);
#588 = CARTESIAN_POINT('',(26.428683106774,-22.93834312883,100.));
#589 = CARTESIAN_POINT('',(24.646505687996,-23.23628652986,100.));
#590 = PCURVE('',#43,#591);
#591 = DEFINITIONAL_REPRESENTATION('',(#592),#595);
#592 = B_SPLINE_CURVE_WITH_KNOTS('',1,(#593,#594),.UNSPECIFIED.,.F.,.F.,
  (2,2),(0.,1.),.PIECEWISE_BEZIER_KNOTS.);
#593 = CARTESIAN_POINT('',(-22.93834312883,-26.42868310677));
#594 = CARTESIAN_POINT('',(-23.23628652986,-24.64650568799));
#595 = ( GEOMETRIC_REPRESENTATION_CONTEXT(2) 
PARAMETRIC_REPRESENTATION_CONTEXT() REPRESENTATION_CONTEXT('2D SPACE',''
  ) );
#596 = PCURVE('',#597,#602);
#597 = B_SPLINE_SURFACE_WITH_KNOTS('',1,1,(
    (#598,#599)
    ,(#600,#601
    )),.UNSPECIFIED.,.F.,.F.,.F.,(2,2),(2,2),(1.231017795392,
    3.046810561358),(0.,1.),.PIECEWISE_BEZIER_KNOTS.);
#598 = CARTESIAN_POINT('',(18.588942117311,-17.52532349992,0.));
#599 = CARTESIAN_POINT('',(24.767656959409,-23.35050579046,102.));
#600 = CARTESIAN_POINT('',(19.933099918008,-17.30060796798,0.));
#601 = CARTESIAN_POINT('',(26.558594770549,-23.05109783204,102.));
#602 = DEFINITIONAL_REPRESENTATION('',(#603),#606);
#603 = B_SPLINE_CURVE_WITH_KNOTS('',1,(#604,#605),.UNSPECIFIED.,.F.,.F.,
  (2,2),(0.,1.),.PIECEWISE_BEZIER_KNOTS.);
#604 = CARTESIAN_POINT('',(3.046810561358,0.980392156863));
#605 = CARTESIAN_POINT('',(1.231017795392,0.980392156863));
#606 = ( GEOMETRIC_REPRESENTATION_CONTEXT(2) 
PARAMETRIC_REPRESENTATION_CONTEXT() REPRESENTATION_CONTEXT('2D SPACE',''
  ) );
#607 = ORIENTED_EDGE('',*,*,#608,.T.);
#608 = EDGE_CURVE('',#584,#609,#611,.T.);
#609 = VERTEX_POINT('',#610);
#610 = CARTESIAN_POINT('',(23.544229004269,-24.6586831477,100.));
#611 = SURFACE_CURVE('',#612,(#635,#661),.PCURVE_S1.);
#612 = B_SPLINE_CURVE_WITH_KNOTS('',6,(#613,#614,#615,#616,#617,#618,
    #619,#620,#621,#622,#623,#624,#625,#626,#627,#628,#629,#630,#631,
    #632,#633,#634),.UNSPECIFIED.,.F.,.F.,(7,5,5,5,7),(0.,0.280003479479
    ,0.629001212831,0.97499937167,1.),.UNSPECIFIED.);
#613 = CARTESIAN_POINT('',(24.646505687996,-23.23628652986,100.));
#614 = CARTESIAN_POINT('',(24.555469989406,-23.25150582586,100.));
#615 = CARTESIAN_POINT('',(24.465701632907,-23.27433113243,100.));
#616 = CARTESIAN_POINT('',(24.378003508273,-23.30462744474,100.));
#617 = CARTESIAN_POINT('',(24.293146431625,-23.34215215351,100.));
#618 = CARTESIAN_POINT('',(24.211860201199,-23.38655828957,100.));
#619 = CARTESIAN_POINT('',(24.038807161776,-23.50076434858,100.));
#620 = CARTESIAN_POINT('',(23.949376374086,-23.57413574733,100.));
#621 = CARTESIAN_POINT('',(23.867861186849,-23.6566408727,100.));
#622 = CARTESIAN_POINT('',(23.795390256565,-23.74719355294,100.));
#623 = CARTESIAN_POINT('',(23.732911129038,-23.84454644997,100.));
#624 = CARTESIAN_POINT('',(23.629803043499,-24.04912753531,100.));
#625 = CARTESIAN_POINT('',(23.588979262204,-24.1562867565,100.));
#626 = CARTESIAN_POINT('',(23.559364051775,-24.2673760723,100.));
#627 = CARTESIAN_POINT('',(23.541387812458,-24.38093117616,100.));
#628 = CARTESIAN_POINT('',(23.535250595981,-24.4954388809,100.));
#629 = CARTESIAN_POINT('',(23.541277933979,-24.6175846326,100.));
#630 = CARTESIAN_POINT('',(23.541745494155,-24.62581268277,100.));
#631 = CARTESIAN_POINT('',(23.542274420006,-24.6340371311,100.));
#632 = CARTESIAN_POINT('',(23.542864676338,-24.6422574056,100.));
#633 = CARTESIAN_POINT('',(23.543516220877,-24.6504729348,100.));
#634 = CARTESIAN_POINT('',(23.544229004269,-24.6586831477,100.));
#635 = PCURVE('',#43,#636);
#636 = DEFINITIONAL_REPRESENTATION('',(#637),#660);
#637 = B_SPLINE_CURVE_WITH_KNOTS('',6,(#638,#639,#640,#641,#642,#643,
    #644,#645,#646,#647,#648,#649,#650,#651,#652,#653,#654,#655,#656,
    #657,#658,#659),.UNSPECIFIED.,.F.,.F.,(7,5,5,5,7),(0.,0.280003479479
    ,0.629001212831,0.97499937167,1.),.UNSPECIFIED.);
#638 = CARTESIAN_POINT('',(-23.23628652986,-24.64650568799));
#639 = CARTESIAN_POINT('',(-23.25150582586,-24.5554699894));
#640 = CARTESIAN_POINT('',(-23.27433113243,-24.4657016329));
#641 = CARTESIAN_POINT('',(-23.30462744474,-24.37800350827));
#642 = CARTESIAN_POINT('',(-23.34215215351,-24.29314643162));
#643 = CARTESIAN_POINT('',(-23.38655828957,-24.21186020119));
#644 = CARTESIAN_POINT('',(-23.50076434858,-24.03880716177));
#645 = CARTESIAN_POINT('',(-23.57413574733,-23.94937637408));
#646 = CARTESIAN_POINT('',(-23.6566408727,-23.86786118684));
#647 = CARTESIAN_POINT('',(-23.74719355294,-23.79539025656));
#648 = CARTESIAN_POINT('',(-23.84454644997,-23.73291112903));
#649 = CARTESIAN_POINT('',(-24.04912753531,-23.62980304349));
#650 = CARTESIAN_POINT('',(-24.1562867565,-23.5889792622));
#651 = CARTESIAN_POINT('',(-24.2673760723,-23.55936405177));
#652 = CARTESIAN_POINT('',(-24.38093117616,-23.54138781245));
#653 = CARTESIAN_POINT('',(-24.4954388809,-23.53525059598));
#654 = CARTESIAN_POINT('',(-24.6175846326,-23.54127793397));
#655 = CARTESIAN_POINT('',(-24.62581268277,-23.54174549415));
#656 = CARTESIAN_POINT('',(-24.6340371311,-23.54227442));
#657 = CARTESIAN_POINT('',(-24.6422574056,-23.54286467633));
#658 = CARTESIAN_POINT('',(-24.6504729348,-23.54351622087));
#659 = CARTESIAN_POINT('',(-24.6586831477,-23.54422900426));
#660 = ( GEOMETRIC_REPRESENTATION_CONTEXT(2) 
PARAMETRIC_REPRESENTATION_CONTEXT() REPRESENTATION_CONTEXT('2D SPACE',''
  ) );
#661 = PCURVE('',#662,#679);
#662 = B_SPLINE_SURFACE_WITH_KNOTS('',7,1,(
    (#663,#664)
    ,(#665,#666)
    ,(#667,#668)
    ,(#669,#670)
    ,(#671,#672)
    ,(#673,#674)
    ,(#675,#676)
    ,(#677,#678
    )),.UNSPECIFIED.,.F.,.F.,.F.,(8,8),(2,2),(3.054993113051,
    4.546741441807),(0.,1.),.PIECEWISE_BEZIER_KNOTS.);
#663 = CARTESIAN_POINT('',(17.757580555131,-18.59812662794,0.));
#664 = CARTESIAN_POINT('',(23.659961973252,-24.7798942781,102.));
#665 = CARTESIAN_POINT('',(17.739148653603,-18.38581832009,0.));
#666 = CARTESIAN_POINT('',(23.635403555066,-24.4970175385,102.));
#667 = CARTESIAN_POINT('',(17.77350275085,-18.16892799934,0.));
#668 = CARTESIAN_POINT('',(23.681176493106,-24.20803578644,102.));
#669 = CARTESIAN_POINT('',(17.862003262239,-17.96319964474,0.));
#670 = CARTESIAN_POINT('',(23.799093386546,-23.93392608824,102.));
#671 = CARTESIAN_POINT('',(18.000169885469,-17.78490707947,0.));
#672 = CARTESIAN_POINT('',(23.98318474074,-23.69637146748,
    101.99999999999));
#673 = CARTESIAN_POINT('',(18.17729976192,-17.64786145469,0.));
#674 = CARTESIAN_POINT('',(24.219190210525,-23.51377371658,102.));
#675 = CARTESIAN_POINT('',(18.378752265509,-17.56046291907,0.));
#676 = CARTESIAN_POINT('',(24.487602822228,-23.39732508086,102.));
#677 = CARTESIAN_POINT('',(18.588942117311,-17.52532349992,0.));
#678 = CARTESIAN_POINT('',(24.767656959409,-23.35050579046,102.));
#679 = DEFINITIONAL_REPRESENTATION('',(#680),#703);
#680 = B_SPLINE_CURVE_WITH_KNOTS('',6,(#681,#682,#683,#684,#685,#686,
    #687,#688,#689,#690,#691,#692,#693,#694,#695,#696,#697,#698,#699,
    #700,#701,#702),.UNSPECIFIED.,.F.,.F.,(7,5,5,5,7),(0.,0.280003479479
    ,0.629001212831,0.97499937167,1.),.UNSPECIFIED.);
#681 = CARTESIAN_POINT('',(4.546741441807,0.980392156863));
#682 = CARTESIAN_POINT('',(4.477127403902,0.980392156863));
#683 = CARTESIAN_POINT('',(4.407510127214,0.980392156863));
#684 = CARTESIAN_POINT('',(4.337896639542,0.980392156863));
#685 = CARTESIAN_POINT('',(4.268283179633,0.980392156863));
#686 = CARTESIAN_POINT('',(4.19866595667,0.980392156863));
#687 = CARTESIAN_POINT('',(4.042284614478,0.980392156863));
#688 = CARTESIAN_POINT('',(3.955507417336,0.980392156863));
#689 = CARTESIAN_POINT('',(3.868741827577,0.980392156863));
#690 = CARTESIAN_POINT('',(3.781976235849,0.980392156863));
#691 = CARTESIAN_POINT('',(3.695199039252,0.980392156863));
#692 = CARTESIAN_POINT('',(3.522410196532,0.980392156863));
#693 = CARTESIAN_POINT('',(3.436379173323,0.980392156863));
#694 = CARTESIAN_POINT('',(3.350359281896,0.980392156863));
#695 = CARTESIAN_POINT('',(3.264339427564,0.980392156863));
#696 = CARTESIAN_POINT('',(3.178308361132,0.980392156863));
#697 = CARTESIAN_POINT('',(3.086071202801,0.980392156863));
#698 = CARTESIAN_POINT('',(3.079855584418,0.980392156863));
#699 = CARTESIAN_POINT('',(3.073639966175,0.980392156863));
#700 = CARTESIAN_POINT('',(3.067424348142,0.980392156863));
#701 = CARTESIAN_POINT('',(3.061208730401,0.980392156863));
#702 = CARTESIAN_POINT('',(3.054993113051,0.980392156863));
#703 = ( GEOMETRIC_REPRESENTATION_CONTEXT(2) 
PARAMETRIC_REPRESENTATION_CONTEXT() REPRESENTATION_CONTEXT('2D SPACE',''
  ) );
#704 = ORIENTED_EDGE('',*,*,#705,.T.);
#705 = EDGE_CURVE('',#609,#706,#708,.T.);
#706 = VERTEX_POINT('',#707);
#707 = CARTESIAN_POINT('',(23.595788621084,-25.25257385308,100.));
#708 = SURFACE_CURVE('',#709,(#712,#718),.PCURVE_S1.);
#709 = B_SPLINE_CURVE_WITH_KNOTS('',1,(#710,#711),.UNSPECIFIED.,.F.,.F.,
  (2,2),(0.,1.),.PIECEWISE_BEZIER_KNOTS.);
#710 = CARTESIAN_POINT('',(23.544229004269,-24.6586831477,100.));
#711 = CARTESIAN_POINT('',(23.595788621084,-25.25257385308,100.));
#712 = PCURVE('',#43,#713);
#713 = DEFINITIONAL_REPRESENTATION('',(#714),#717);
#714 = B_SPLINE_CURVE_WITH_KNOTS('',1,(#715,#716),.UNSPECIFIED.,.F.,.F.,
  (2,2),(0.,1.),.PIECEWISE_BEZIER_KNOTS.);
#715 = CARTESIAN_POINT('',(-24.6586831477,-23.54422900426));
#716 = CARTESIAN_POINT('',(-25.25257385308,-23.59578862108));
#717 = ( GEOMETRIC_REPRESENTATION_CONTEXT(2) 
PARAMETRIC_REPRESENTATION_CONTEXT() REPRESENTATION_CONTEXT('2D SPACE',''
  ) );
#718 = PCURVE('',#719,#724);
#719 = B_SPLINE_SURFACE_WITH_KNOTS('',1,1,(
    (#720,#721)
    ,(#722,#723
    )),.UNSPECIFIED.,.F.,.F.,.F.,(2,2),(2,2),(18.540237039241,
    19.139291944232),(0.,1.),.PIECEWISE_BEZIER_KNOTS.);
#720 = CARTESIAN_POINT('',(17.79646796354,-19.04605219135,0.));
#721 = CARTESIAN_POINT('',(23.711775034234,-25.37670428631,102.));
#722 = CARTESIAN_POINT('',(17.757580555131,-18.59812662794,0.));
#723 = CARTESIAN_POINT('',(23.659961973252,-24.7798942781,102.));
#724 = DEFINITIONAL_REPRESENTATION('',(#725),#728);
#725 = B_SPLINE_CURVE_WITH_KNOTS('',1,(#726,#727),.UNSPECIFIED.,.F.,.F.,
  (2,2),(0.,1.),.PIECEWISE_BEZIER_KNOTS.);
#726 = CARTESIAN_POINT('',(19.139291944232,0.980392156863));
#727 = CARTESIAN_POINT('',(18.540237039241,0.980392156863));
#728 = ( GEOMETRIC_REPRESENTATION_CONTEXT(2) 
PARAMETRIC_REPRESENTATION_CONTEXT() REPRESENTATION_CONTEXT('2D SPACE',''
  ) );
#729 = ORIENTED_EDGE('',*,*,#730,.T.);
#730 = EDGE_CURVE('',#706,#731,#733,.T.);
#731 = VERTEX_POINT('',#732);
#732 = CARTESIAN_POINT('',(10.071476157168,-33.06083929472,100.));
#733 = SURFACE_CURVE('',#734,(#757,#783),.PCURVE_S1.);
#734 = B_SPLINE_CURVE_WITH_KNOTS('',6,(#735,#736,#737,#738,#739,#740,
    #741,#742,#743,#744,#745,#746,#747,#748,#749,#750,#751,#752,#753,
    #754,#755,#756),.UNSPECIFIED.,.F.,.F.,(7,5,5,5,7),(0.,0.249999997516
    ,0.5,0.750000002485,1.),.UNSPECIFIED.);
#735 = CARTESIAN_POINT('',(23.595788621084,-25.25257385308,100.));
#736 = CARTESIAN_POINT('',(23.666211127581,-26.0637372139,100.));
#737 = CARTESIAN_POINT('',(23.644687325183,-26.88308543558,100.));
#738 = CARTESIAN_POINT('',(23.529965998331,-27.69713948688,100.));
#739 = CARTESIAN_POINT('',(23.323633370564,-28.49292329468,100.));
#740 = CARTESIAN_POINT('',(23.029202499399,-29.25784504363,100.));
#741 = CARTESIAN_POINT('',(22.276796058053,-30.70202845601,100.));
#742 = CARTESIAN_POINT('',(21.818634130593,-31.38164780682,100.));
#743 = CARTESIAN_POINT('',(21.284696714123,-32.00675246498,100.));
#744 = CARTESIAN_POINT('',(20.683290066791,-32.56724783123,100.));
#745 = CARTESIAN_POINT('',(20.024139829164,-33.05439850256,100.));
#746 = CARTESIAN_POINT('',(18.61387889545,-33.86861303226,100.));
#747 = CARTESIAN_POINT('',(17.862418919794,-34.1958785473,100.));
#748 = CARTESIAN_POINT('',(17.076312370255,-34.43646429877,100.));
#749 = CARTESIAN_POINT('',(16.267987148031,-34.58631533638,100.));
#750 = CARTESIAN_POINT('',(15.450338561598,-34.6432855292,100.));
#751 = CARTESIAN_POINT('',(13.82343581808,-34.57279691519,100.));
#752 = CARTESIAN_POINT('',(13.013778715997,-34.4453206548,100.));
#753 = CARTESIAN_POINT('',(12.221443408639,-34.22611804818,100.));
#754 = CARTESIAN_POINT('',(11.459091256731,-33.91844260594,100.));
#755 = CARTESIAN_POINT('',(10.738752981011,-33.52740865476,100.));
#756 = CARTESIAN_POINT('',(10.071476157168,-33.06083929472,100.));
#757 = PCURVE('',#43,#758);
#758 = DEFINITIONAL_REPRESENTATION('',(#759),#782);
#759 = B_SPLINE_CURVE_WITH_KNOTS('',6,(#760,#761,#762,#763,#764,#765,
    #766,#767,#768,#769,#770,#771,#772,#773,#774,#775,#776,#777,#778,
    #779,#780,#781),.UNSPECIFIED.,.F.,.F.,(7,5,5,5,7),(0.,0.249999997516
    ,0.5,0.750000002485,1.),.UNSPECIFIED.);
#760 = CARTESIAN_POINT('',(-25.25257385308,-23.59578862108));
#761 = CARTESIAN_POINT('',(-26.0637372139,-23.66621112758));
#762 = CARTESIAN_POINT('',(-26.88308543558,-23.64468732518));
#763 = CARTESIAN_POINT('',(-27.69713948688,-23.52996599833));
#764 = CARTESIAN_POINT('',(-28.49292329468,-23.32363337056));
#765 = CARTESIAN_POINT('',(-29.25784504363,-23.02920249939));
#766 = CARTESIAN_POINT('',(-30.70202845601,-22.27679605805));
#767 = CARTESIAN_POINT('',(-31.38164780682,-21.81863413059));
#768 = CARTESIAN_POINT('',(-32.00675246498,-21.28469671412));
#769 = CARTESIAN_POINT('',(-32.56724783123,-20.68329006679));
#770 = CARTESIAN_POINT('',(-33.05439850256,-20.02413982916));
#771 = CARTESIAN_POINT('',(-33.86861303226,-18.61387889545));
#772 = CARTESIAN_POINT('',(-34.1958785473,-17.86241891979));
#773 = CARTESIAN_POINT('',(-34.43646429877,-17.07631237025));
#774 = CARTESIAN_POINT('',(-34.58631533638,-16.26798714803));
#775 = CARTESIAN_POINT('',(-34.6432855292,-15.45033856159));
#776 = CARTESIAN_POINT('',(-34.57279691519,-13.82343581808));
#777 = CARTESIAN_POINT('',(-34.4453206548,-13.01377871599));
#778 = CARTESIAN_POINT('',(-34.22611804818,-12.22144340863));
#779 = CARTESIAN_POINT('',(-33.91844260594,-11.45909125673));
#780 = CARTESIAN_POINT('',(-33.52740865476,-10.73875298101));
#781 = CARTESIAN_POINT('',(-33.06083929472,-10.07147615716));
#782 = ( GEOMETRIC_REPRESENTATION_CONTEXT(2) 
PARAMETRIC_REPRESENTATION_CONTEXT() REPRESENTATION_CONTEXT('2D SPACE',''
  ) );
#783 = PCURVE('',#784,#805);
#784 = B_SPLINE_SURFACE_WITH_KNOTS('',9,1,(
    (#785,#786)
    ,(#787,#788)
    ,(#789,#790)
    ,(#791,#792)
    ,(#793,#794)
    ,(#795,#796)
    ,(#797,#798)
    ,(#799,#800)
    ,(#801,#802)
    ,(#803,#804
    )),.UNSPECIFIED.,.F.,.F.,.F.,(10,10),(2,2),(0.960598010658,
    3.228192194128),(0.,1.),.PIECEWISE_BEZIER_KNOTS.);
#785 = CARTESIAN_POINT('',(7.596131057745,-24.93521944973,0.));
#786 = CARTESIAN_POINT('',(10.120983059157,-33.22335169162,102.));
#787 = CARTESIAN_POINT('',(8.938288196159,-25.87367463769,0.));
#788 = CARTESIAN_POINT('',(11.909255214725,-34.47373678725,102.));
#789 = CARTESIAN_POINT('',(10.546450182727,-26.43169720447,0.));
#790 = CARTESIAN_POINT('',(14.051948659414,-35.21723856495,
    101.99999999998));
#791 = CARTESIAN_POINT('',(12.297375258274,-26.52310985031,0.));
#792 = CARTESIAN_POINT('',(16.384857727564,-35.33903554724,
    102.00000000003));
#793 = CARTESIAN_POINT('',(14.035272045482,-26.10834947042,0.));
#794 = CARTESIAN_POINT('',(18.700408079208,-34.78641438437,
    101.99999999995));
#795 = CARTESIAN_POINT('',(15.59285786954,-25.20907687564,0.));
#796 = CARTESIAN_POINT('',(20.775714523848,-33.58823564993,
    102.00000000004));
#797 = CARTESIAN_POINT('',(16.820999288595,-23.91139429868,0.));
#798 = CARTESIAN_POINT('',(22.412073665365,-31.85922080307,
    101.99999999997));
#799 = CARTESIAN_POINT('',(17.617296152853,-22.34934238023,0.));
#800 = CARTESIAN_POINT('',(23.473048918682,-29.77796379421,
    102.00000000001));
#801 = CARTESIAN_POINT('',(17.938115427416,-20.67762196306,0.));
#802 = CARTESIAN_POINT('',(23.900504213781,-27.55058594973,
    101.99999999999));
#803 = CARTESIAN_POINT('',(17.79646796354,-19.04605219135,0.));
#804 = CARTESIAN_POINT('',(23.711775034234,-25.37670428631,102.));
#805 = DEFINITIONAL_REPRESENTATION('',(#806),#829);
#806 = B_SPLINE_CURVE_WITH_KNOTS('',6,(#807,#808,#809,#810,#811,#812,
    #813,#814,#815,#816,#817,#818,#819,#820,#821,#822,#823,#824,#825,
    #826,#827,#828),.UNSPECIFIED.,.F.,.F.,(7,5,5,5,7),(0.,0.249999997516
    ,0.5,0.750000002485,1.),.UNSPECIFIED.);
#807 = CARTESIAN_POINT('',(3.228192194128,0.980392156863));
#808 = CARTESIAN_POINT('',(3.133715471244,0.980392156863));
#809 = CARTESIAN_POINT('',(3.039215811573,0.980392156863));
#810 = CARTESIAN_POINT('',(2.944742917841,0.980392156863));
#811 = CARTESIAN_POINT('',(2.850270045001,0.980392156863));
#812 = CARTESIAN_POINT('',(2.755770366549,0.980392156863));
#813 = CARTESIAN_POINT('',(2.566816928094,0.980392156863));
#814 = CARTESIAN_POINT('',(2.472317251654,0.980392156863));
#815 = CARTESIAN_POINT('',(2.377844377694,0.980392156863));
#816 = CARTESIAN_POINT('',(2.283371501741,0.980392156863));
#817 = CARTESIAN_POINT('',(2.188871823481,0.980392156863));
#818 = CARTESIAN_POINT('',(1.999918381305,0.980392156863));
#819 = CARTESIAN_POINT('',(1.905418703046,0.980392156863));
#820 = CARTESIAN_POINT('',(1.810945827092,0.980392156863));
#821 = CARTESIAN_POINT('',(1.716472953132,0.980392156863));
#822 = CARTESIAN_POINT('',(1.621973276692,0.980392156863));
#823 = CARTESIAN_POINT('',(1.433019838237,0.980392156863));
#824 = CARTESIAN_POINT('',(1.338520159786,0.980392156863));
#825 = CARTESIAN_POINT('',(1.244047286946,0.980392156863));
#826 = CARTESIAN_POINT('',(1.149574393213,0.980392156863));
#827 = CARTESIAN_POINT('',(1.055074733543,0.980392156863));
#828 = CARTESIAN_POINT('',(0.960598010658,0.980392156863));
#829 = ( GEOMETRIC_REPRESENTATION_CONTEXT(2) 
PARAMETRIC_REPRESENTATION_CONTEXT() REPRESENTATION_CONTEXT('2D SPACE',''
  ) );
#830 = ORIENTED_EDGE('',*,*,#831,.T.);
#831 = EDGE_CURVE('',#731,#832,#834,.T.);
#832 = VERTEX_POINT('',#833);
#833 = CARTESIAN_POINT('',(9.582931527649,-32.71924200406,100.));
#834 = SURFACE_CURVE('',#835,(#838,#844),.PCURVE_S1.);
#835 = B_SPLINE_CURVE_WITH_KNOTS('',1,(#836,#837),.UNSPECIFIED.,.F.,.F.,
  (2,2),(0.,1.),.PIECEWISE_BEZIER_KNOTS.);
#836 = CARTESIAN_POINT('',(10.071476157168,-33.06083929472,100.));
#837 = CARTESIAN_POINT('',(9.582931527649,-32.71924200406,100.));
#838 = PCURVE('',#43,#839);
#839 = DEFINITIONAL_REPRESENTATION('',(#840),#843);
#840 = B_SPLINE_CURVE_WITH_KNOTS('',1,(#841,#842),.UNSPECIFIED.,.F.,.F.,
  (2,2),(0.,1.),.PIECEWISE_BEZIER_KNOTS.);
#841 = CARTESIAN_POINT('',(-33.06083929472,-10.07147615716));
#842 = CARTESIAN_POINT('',(-32.71924200406,-9.582931527649));
#843 = ( GEOMETRIC_REPRESENTATION_CONTEXT(2) 
PARAMETRIC_REPRESENTATION_CONTEXT() REPRESENTATION_CONTEXT('2D SPACE',''
  ) );
#844 = PCURVE('',#845,#850);
#845 = B_SPLINE_SURFACE_WITH_KNOTS('',1,1,(
    (#846,#847)
    ,(#848,#849
    )),.UNSPECIFIED.,.F.,.F.,.F.,(2,2),(2,2),(1.231017795392,
    1.830072700383),(0.,1.),.PIECEWISE_BEZIER_KNOTS.);
#846 = CARTESIAN_POINT('',(7.227659845038,-24.67757918446,0.));
#847 = CARTESIAN_POINT('',(9.630036961301,-32.88007526046,102.));
#848 = CARTESIAN_POINT('',(7.596131057745,-24.93521944973,0.));
#849 = CARTESIAN_POINT('',(10.120983059157,-33.22335169162,102.));
#850 = DEFINITIONAL_REPRESENTATION('',(#851),#854);
#851 = B_SPLINE_CURVE_WITH_KNOTS('',1,(#852,#853),.UNSPECIFIED.,.F.,.F.,
  (2,2),(0.,1.),.PIECEWISE_BEZIER_KNOTS.);
#852 = CARTESIAN_POINT('',(1.830072700383,0.980392156863));
#853 = CARTESIAN_POINT('',(1.231017795392,0.980392156863));
#854 = ( GEOMETRIC_REPRESENTATION_CONTEXT(2) 
PARAMETRIC_REPRESENTATION_CONTEXT() REPRESENTATION_CONTEXT('2D SPACE',''
  ) );
#855 = ORIENTED_EDGE('',*,*,#856,.T.);
#856 = EDGE_CURVE('',#832,#857,#859,.T.);
#857 = VERTEX_POINT('',#858);
#858 = CARTESIAN_POINT('',(7.799961580481,-32.96264330525,100.));
#859 = SURFACE_CURVE('',#860,(#883,#909),.PCURVE_S1.);
#860 = B_SPLINE_CURVE_WITH_KNOTS('',5,(#861,#862,#863,#864,#865,#866,
    #867,#868,#869,#870,#871,#872,#873,#874,#875,#876,#877,#878,#879,
    #880,#881,#882),.UNSPECIFIED.,.F.,.F.,(6,4,4,4,4,6),(0.,
    0.27899822953,0.49499853653,0.713998791846,0.901999440863,1.),
  .UNSPECIFIED.);
#861 = CARTESIAN_POINT('',(9.582931527649,-32.71924200406,100.));
#862 = CARTESIAN_POINT('',(9.492484940645,-32.65600047565,100.));
#863 = CARTESIAN_POINT('',(9.395452736885,-32.60216682383,100.));
#864 = CARTESIAN_POINT('',(9.293155901149,-32.55866285749,100.));
#865 = CARTESIAN_POINT('',(9.18707067789,-32.52611687261,100.));
#866 = CARTESIAN_POINT('',(8.994937153189,-32.48836808367,100.));
#867 = CARTESIAN_POINT('',(8.909768039915,-32.47864931234,100.));
#868 = CARTESIAN_POINT('',(8.824000697539,-32.47582731236,100.));
#869 = CARTESIAN_POINT('',(8.738376931763,-32.47992643512,100.));
#870 = CARTESIAN_POINT('',(8.567716129026,-32.50192877654,100.));
#871 = CARTESIAN_POINT('',(8.482700088738,-32.52002340473,100.));
#872 = CARTESIAN_POINT('',(8.399356412503,-32.54503614977,100.));
#873 = CARTESIAN_POINT('',(8.318426121446,-32.57674468015,100.));
#874 = CARTESIAN_POINT('',(8.173802021486,-32.64748398062,100.));
#875 = CARTESIAN_POINT('',(8.109287876789,-32.68484391306,100.));
#876 = CARTESIAN_POINT('',(8.047504046268,-32.72667270896,100.));
#877 = CARTESIAN_POINT('',(7.988855321738,-32.77269625262,100.));
#878 = CARTESIAN_POINT('',(7.904956576819,-32.84859226226,100.));
#879 = CARTESIAN_POINT('',(7.877158450994,-32.87564934983,100.));
#880 = CARTESIAN_POINT('',(7.850362071951,-32.90371073399,100.));
#881 = CARTESIAN_POINT('',(7.824615106752,-32.93272651188,100.));
#882 = CARTESIAN_POINT('',(7.799961580481,-32.96264330525,100.));
#883 = PCURVE('',#43,#884);
#884 = DEFINITIONAL_REPRESENTATION('',(#885),#908);
#885 = B_SPLINE_CURVE_WITH_KNOTS('',5,(#886,#887,#888,#889,#890,#891,
    #892,#893,#894,#895,#896,#897,#898,#899,#900,#901,#902,#903,#904,
    #905,#906,#907),.UNSPECIFIED.,.F.,.F.,(6,4,4,4,4,6),(0.,
    0.27899822953,0.49499853653,0.713998791846,0.901999440863,1.),
  .UNSPECIFIED.);
#886 = CARTESIAN_POINT('',(-32.71924200406,-9.582931527649));
#887 = CARTESIAN_POINT('',(-32.65600047565,-9.492484940645));
#888 = CARTESIAN_POINT('',(-32.60216682383,-9.395452736885));
#889 = CARTESIAN_POINT('',(-32.55866285749,-9.293155901149));
#890 = CARTESIAN_POINT('',(-32.52611687261,-9.18707067789));
#891 = CARTESIAN_POINT('',(-32.48836808367,-8.994937153189));
#892 = CARTESIAN_POINT('',(-32.47864931234,-8.909768039915));
#893 = CARTESIAN_POINT('',(-32.47582731236,-8.824000697539));
#894 = CARTESIAN_POINT('',(-32.47992643512,-8.738376931763));
#895 = CARTESIAN_POINT('',(-32.50192877654,-8.567716129026));
#896 = CARTESIAN_POINT('',(-32.52002340473,-8.482700088738));
#897 = CARTESIAN_POINT('',(-32.54503614977,-8.399356412503));
#898 = CARTESIAN_POINT('',(-32.57674468015,-8.318426121446));
#899 = CARTESIAN_POINT('',(-32.64748398062,-8.173802021486));
#900 = CARTESIAN_POINT('',(-32.68484391306,-8.109287876789));
#901 = CARTESIAN_POINT('',(-32.72667270896,-8.047504046268));
#902 = CARTESIAN_POINT('',(-32.77269625262,-7.988855321738));
#903 = CARTESIAN_POINT('',(-32.84859226226,-7.904956576819));
#904 = CARTESIAN_POINT('',(-32.87564934983,-7.877158450994));
#905 = CARTESIAN_POINT('',(-32.90371073399,-7.850362071951));
#906 = CARTESIAN_POINT('',(-32.93272651188,-7.824615106752));
#907 = CARTESIAN_POINT('',(-32.96264330525,-7.799961580481));
#908 = ( GEOMETRIC_REPRESENTATION_CONTEXT(2) 
PARAMETRIC_REPRESENTATION_CONTEXT() REPRESENTATION_CONTEXT('2D SPACE',''
  ) );
#909 = PCURVE('',#910,#927);
#910 = B_SPLINE_SURFACE_WITH_KNOTS('',7,1,(
    (#911,#912)
    ,(#913,#914)
    ,(#915,#916)
    ,(#917,#918)
    ,(#919,#920)
    ,(#921,#922)
    ,(#923,#924)
    ,(#925,#926
    )),.UNSPECIFIED.,.F.,.F.,.F.,(8,8),(2,2),(3.830838967766,
    5.322587296522),(0.,1.),.PIECEWISE_BEZIER_KNOTS.);
#911 = CARTESIAN_POINT('',(5.882904301823,-24.86115785303,0.));
#912 = CARTESIAN_POINT('',(7.838302726054,-33.1246730143,102.));
#913 = CARTESIAN_POINT('',(6.018430857378,-24.69669781132,0.));
#914 = CARTESIAN_POINT('',(8.018876489515,-32.90554866226,102.));
#915 = CARTESIAN_POINT('',(6.194846461274,-24.56593409337,0.));
#916 = CARTESIAN_POINT('',(8.253930272135,-32.73132083969,
    101.99999999999));
#917 = CARTESIAN_POINT('',(6.402096392036,-24.48105793298,0.));
#918 = CARTESIAN_POINT('',(8.530067297986,-32.61823298287,102.));
#919 = CARTESIAN_POINT('',(6.625585594482,-24.45054840995,0.));
#920 = CARTESIAN_POINT('',(8.827841311449,-32.57758250391,
    101.99999999999));
#921 = CARTESIAN_POINT('',(6.848001831539,-24.47676889614,0.));
#922 = CARTESIAN_POINT('',(9.124185720231,-32.61251832775,102.));
#923 = CARTESIAN_POINT('',(7.053011407764,-24.55546253557,0.));
#924 = CARTESIAN_POINT('',(9.397337727768,-32.71736867663,102.));
#925 = CARTESIAN_POINT('',(7.227659845038,-24.67757918446,0.));
#926 = CARTESIAN_POINT('',(9.630036961301,-32.88007526046,102.));
#927 = DEFINITIONAL_REPRESENTATION('',(#928),#951);
#928 = B_SPLINE_CURVE_WITH_KNOTS('',5,(#929,#930,#931,#932,#933,#934,
    #935,#936,#937,#938,#939,#940,#941,#942,#943,#944,#945,#946,#947,
    #948,#949,#950),.UNSPECIFIED.,.F.,.F.,(6,4,4,4,4,6),(0.,
    0.27899822953,0.49499853653,0.713998791846,0.901999440863,1.),
  .UNSPECIFIED.);
#929 = CARTESIAN_POINT('',(5.322587296522,0.980392156863));
#930 = CARTESIAN_POINT('',(5.239348782309,0.980392156863));
#931 = CARTESIAN_POINT('',(5.156105493629,0.980392156863));
#932 = CARTESIAN_POINT('',(5.072871243314,0.980392156863));
#933 = CARTESIAN_POINT('',(4.989628037515,0.980392156863));
#934 = CARTESIAN_POINT('',(4.841946283452,0.980392156863));
#935 = CARTESIAN_POINT('',(4.777501713907,0.980392156863));
#936 = CARTESIAN_POINT('',(4.71305967302,0.980392156863));
#937 = CARTESIAN_POINT('',(4.648615104736,0.980392156863));
#938 = CARTESIAN_POINT('',(4.518833614656,0.980392156863));
#939 = CARTESIAN_POINT('',(4.453493924595,0.980392156863));
#940 = CARTESIAN_POINT('',(4.388156939912,0.980392156863));
#941 = CARTESIAN_POINT('',(4.322817247917,0.980392156863));
#942 = CARTESIAN_POINT('',(4.20138939795,0.980392156863));
#943 = CARTESIAN_POINT('',(4.145299135967,0.980392156863));
#944 = CARTESIAN_POINT('',(4.089210155959,0.980392156863));
#945 = CARTESIAN_POINT('',(4.033119897733,0.980392156863));
#946 = CARTESIAN_POINT('',(3.947792045616,0.980392156863));
#947 = CARTESIAN_POINT('',(3.918553776498,0.980392156863));
#948 = CARTESIAN_POINT('',(3.889315499922,0.980392156863));
#949 = CARTESIAN_POINT('',(3.860077225221,0.980392156863));
#950 = CARTESIAN_POINT('',(3.830838967766,0.980392156863));
#951 = ( GEOMETRIC_REPRESENTATION_CONTEXT(2) 
PARAMETRIC_REPRESENTATION_CONTEXT() REPRESENTATION_CONTEXT('2D SPACE',''
  ) );
#952 = ORIENTED_EDGE('',*,*,#953,.T.);
#953 = EDGE_CURVE('',#857,#954,#956,.T.);
#954 = VERTEX_POINT('',#955);
#955 = CARTESIAN_POINT('',(6.650846316904,-34.35708252344,100.));
#956 = SURFACE_CURVE('',#957,(#960,#966),.PCURVE_S1.);
#957 = B_SPLINE_CURVE_WITH_KNOTS('',1,(#958,#959),.UNSPECIFIED.,.F.,.F.,
  (2,2),(0.,1.),.PIECEWISE_BEZIER_KNOTS.);
#958 = CARTESIAN_POINT('',(7.799961580481,-32.96264330525,100.));
#959 = CARTESIAN_POINT('',(6.650846316904,-34.35708252344,100.));
#960 = PCURVE('',#43,#961);
#961 = DEFINITIONAL_REPRESENTATION('',(#962),#965);
#962 = B_SPLINE_CURVE_WITH_KNOTS('',1,(#963,#964),.UNSPECIFIED.,.F.,.F.,
  (2,2),(0.,1.),.PIECEWISE_BEZIER_KNOTS.);
#963 = CARTESIAN_POINT('',(-32.96264330525,-7.799961580481));
#964 = CARTESIAN_POINT('',(-34.35708252344,-6.650846316904));
#965 = ( GEOMETRIC_REPRESENTATION_CONTEXT(2) 
PARAMETRIC_REPRESENTATION_CONTEXT() REPRESENTATION_CONTEXT('2D SPACE',''
  ) );
#966 = PCURVE('',#967,#972);
#967 = B_SPLINE_SURFACE_WITH_KNOTS('',1,1,(
    (#968,#969)
    ,(#970,#971
    )),.UNSPECIFIED.,.F.,.F.,.F.,(2,2),(2,2),(10.509440621469,
    12.325233387434),(0.,1.),.PIECEWISE_BEZIER_KNOTS.);
#968 = CARTESIAN_POINT('',(5.01621604219,-25.91287488916,0.));
#969 = CARTESIAN_POINT('',(6.683538922398,-34.52596667613,102.));
#970 = CARTESIAN_POINT('',(5.882904301823,-24.86115785303,0.));
#971 = CARTESIAN_POINT('',(7.838302726054,-33.1246730143,102.));
#972 = DEFINITIONAL_REPRESENTATION('',(#973),#976);
#973 = B_SPLINE_CURVE_WITH_KNOTS('',1,(#974,#975),.UNSPECIFIED.,.F.,.F.,
  (2,2),(0.,1.),.PIECEWISE_BEZIER_KNOTS.);
#974 = CARTESIAN_POINT('',(12.325233387434,0.980392156863));
#975 = CARTESIAN_POINT('',(10.509440621469,0.980392156863));
#976 = ( GEOMETRIC_REPRESENTATION_CONTEXT(2) 
PARAMETRIC_REPRESENTATION_CONTEXT() REPRESENTATION_CONTEXT('2D SPACE',''
  ) );
#977 = ORIENTED_EDGE('',*,*,#978,.T.);
#978 = EDGE_CURVE('',#954,#979,#981,.T.);
#979 = VERTEX_POINT('',#980);
#980 = CARTESIAN_POINT('',(-6.650846316904,-34.35708252344,100.));
#981 = SURFACE_CURVE('',#982,(#1005,#1031),.PCURVE_S1.);
#982 = B_SPLINE_CURVE_WITH_KNOTS('',6,(#983,#984,#985,#986,#987,#988,
    #989,#990,#991,#992,#993,#994,#995,#996,#997,#998,#999,#1000,#1001,
    #1002,#1003,#1004),.UNSPECIFIED.,.F.,.F.,(7,5,5,5,7),(0.,
    0.251999800182,0.50099989924,0.749999998448,1.),.UNSPECIFIED.);
#983 = CARTESIAN_POINT('',(6.650846316904,-34.35708252344,100.));
#984 = CARTESIAN_POINT('',(6.245005323555,-34.84956627631,100.));
#985 = CARTESIAN_POINT('',(5.79536478086,-35.30603411498,100.));
#986 = CARTESIAN_POINT('',(5.306000739865,-35.72151025701,100.));
#987 = CARTESIAN_POINT('',(4.7816294948,-36.09182415562,100.));
#988 = CARTESIAN_POINT('',(4.227465707146,-36.41344806674,100.));
#989 = CARTESIAN_POINT('',(3.078104893909,-36.95068678713,100.));
#990 = CARTESIAN_POINT('',(2.483370347648,-37.16756676481,100.));
#991 = CARTESIAN_POINT('',(1.870751771698,-37.33167320461,100.));
#992 = CARTESIAN_POINT('',(1.246083364241,-37.44131725272,100.));
#993 = CARTESIAN_POINT('',(0.615367219388,-37.49556895718,100.));
#994 = CARTESIAN_POINT('',(-0.645756522365,-37.49334546751,100.));
#995 = CARTESIAN_POINT('',(-1.276277444416,-37.43687007351,100.));
#996 = CARTESIAN_POINT('',(-1.900555342745,-37.32502400605,100.));
#997 = CARTESIAN_POINT('',(-2.512591439746,-37.15875837621,100.));
#998 = CARTESIAN_POINT('',(-3.106557528263,-36.93978259819,100.));
#999 = CARTESIAN_POINT('',(-4.249436573156,-36.40065496296,100.));
#1000 = CARTESIAN_POINT('',(-4.798262935453,-36.08005132414,100.));
#1001 = CARTESIAN_POINT('',(-5.317645249164,-35.71160989802,100.));
#1002 = CARTESIAN_POINT('',(-5.802499343229,-35.29878598416,100.));
#1003 = CARTESIAN_POINT('',(-6.248225961568,-34.84565806614,100.));
#1004 = CARTESIAN_POINT('',(-6.650846316904,-34.35708252344,100.));
#1005 = PCURVE('',#43,#1006);
#1006 = DEFINITIONAL_REPRESENTATION('',(#1007),#1030);
#1007 = B_SPLINE_CURVE_WITH_KNOTS('',6,(#1008,#1009,#1010,#1011,#1012,
    #1013,#1014,#1015,#1016,#1017,#1018,#1019,#1020,#1021,#1022,#1023,
    #1024,#1025,#1026,#1027,#1028,#1029),.UNSPECIFIED.,.F.,.F.,(7,5,5,5,
    7),(0.,0.251999800182,0.50099989924,0.749999998448,1.),
  .UNSPECIFIED.);
#1008 = CARTESIAN_POINT('',(-34.35708252344,-6.650846316904));
#1009 = CARTESIAN_POINT('',(-34.84956627631,-6.245005323555));
#1010 = CARTESIAN_POINT('',(-35.30603411498,-5.79536478086));
#1011 = CARTESIAN_POINT('',(-35.72151025701,-5.306000739865));
#1012 = CARTESIAN_POINT('',(-36.09182415562,-4.7816294948));
#1013 = CARTESIAN_POINT('',(-36.41344806674,-4.227465707146));
#1014 = CARTESIAN_POINT('',(-36.95068678713,-3.078104893909));
#1015 = CARTESIAN_POINT('',(-37.16756676481,-2.483370347648));
#1016 = CARTESIAN_POINT('',(-37.33167320461,-1.870751771698));
#1017 = CARTESIAN_POINT('',(-37.44131725272,-1.246083364241));
#1018 = CARTESIAN_POINT('',(-37.49556895718,-0.615367219388));
#1019 = CARTESIAN_POINT('',(-37.49334546751,0.645756522365));
#1020 = CARTESIAN_POINT('',(-37.43687007351,1.276277444416));
#1021 = CARTESIAN_POINT('',(-37.32502400605,1.900555342745));
#1022 = CARTESIAN_POINT('',(-37.15875837621,2.512591439746));
#1023 = CARTESIAN_POINT('',(-36.93978259819,3.106557528263));
#1024 = CARTESIAN_POINT('',(-36.40065496296,4.249436573156));
#1025 = CARTESIAN_POINT('',(-36.08005132414,4.798262935453));
#1026 = CARTESIAN_POINT('',(-35.71160989802,5.317645249164));
#1027 = CARTESIAN_POINT('',(-35.29878598416,5.802499343229));
#1028 = CARTESIAN_POINT('',(-34.84565806614,6.248225961568));
#1029 = CARTESIAN_POINT('',(-34.35708252344,6.650846316904));
#1030 = ( GEOMETRIC_REPRESENTATION_CONTEXT(2) 
PARAMETRIC_REPRESENTATION_CONTEXT() REPRESENTATION_CONTEXT('2D SPACE',''
  ) );
#1031 = PCURVE('',#1032,#1051);
#1032 = B_SPLINE_SURFACE_WITH_KNOTS('',8,1,(
    (#1033,#1034)
    ,(#1035,#1036)
    ,(#1037,#1038)
    ,(#1039,#1040)
    ,(#1041,#1042)
    ,(#1043,#1044)
    ,(#1045,#1046)
    ,(#1047,#1048)
    ,(#1049,#1050
    )),.UNSPECIFIED.,.F.,.F.,.F.,(9,9),(2,2),(0.689246314176,
    2.452346339414),(0.,1.),.PIECEWISE_BEZIER_KNOTS.);
#1033 = CARTESIAN_POINT('',(-5.01621604219,-25.91287488916,0.));
#1034 = CARTESIAN_POINT('',(-6.683538922398,-34.52596667613,102.));
#1035 = CARTESIAN_POINT('',(-4.105197529922,-27.01838621798,0.));
#1036 = CARTESIAN_POINT('',(-5.469710085171,-35.99893513148,102.));
#1037 = CARTESIAN_POINT('',(-2.915730785403,-27.8944381078,0.));
#1038 = CARTESIAN_POINT('',(-3.884880560879,-37.16617491031,
    101.99999999999));
#1039 = CARTESIAN_POINT('',(-1.515254555596,-28.45920800539,0.));
#1040 = CARTESIAN_POINT('',(-2.01890483075,-37.918666741,102.));
#1041 = CARTESIAN_POINT('',(1.09690034833E-13,-28.65465551556,0.));
#1042 = CARTESIAN_POINT('',(3.01980662698E-14,-38.17907838008,
    101.99999999999));
#1043 = CARTESIAN_POINT('',(1.515254555596,-28.45920800539,0.));
#1044 = CARTESIAN_POINT('',(2.01890483075,-37.918666741,102.));
#1045 = CARTESIAN_POINT('',(2.915730785403,-27.8944381078,0.));
#1046 = CARTESIAN_POINT('',(3.884880560879,-37.16617491031,
    101.99999999999));
#1047 = CARTESIAN_POINT('',(4.105197529922,-27.01838621798,0.));
#1048 = CARTESIAN_POINT('',(5.469710085171,-35.99893513148,102.));
#1049 = CARTESIAN_POINT('',(5.01621604219,-25.91287488916,0.));
#1050 = CARTESIAN_POINT('',(6.683538922398,-34.52596667613,102.));
#1051 = DEFINITIONAL_REPRESENTATION('',(#1052),#1075);
#1052 = B_SPLINE_CURVE_WITH_KNOTS('',6,(#1053,#1054,#1055,#1056,#1057,
    #1058,#1059,#1060,#1061,#1062,#1063,#1064,#1065,#1066,#1067,#1068,
    #1069,#1070,#1071,#1072,#1073,#1074),.UNSPECIFIED.,.F.,.F.,(7,5,5,5,
    7),(0.,0.251999800182,0.50099989924,0.749999998448,1.),
  .UNSPECIFIED.);
#1053 = CARTESIAN_POINT('',(2.452346339414,0.980392156863));
#1054 = CARTESIAN_POINT('',(2.378298056023,0.980392156863));
#1055 = CARTESIAN_POINT('',(2.304242890749,0.980392156863));
#1056 = CARTESIAN_POINT('',(2.230195738948,0.980392156863));
#1057 = CARTESIAN_POINT('',(2.156148602004,0.980392156863));
#1058 = CARTESIAN_POINT('',(2.08209341917,0.980392156863));
#1059 = CARTESIAN_POINT('',(1.93487828703,0.980392156863));
#1060 = CARTESIAN_POINT('',(1.861704945632,0.980392156863));
#1061 = CARTESIAN_POINT('',(1.788539191383,0.980392156863));
#1062 = CARTESIAN_POINT('',(1.715373429921,0.980392156863));
#1063 = CARTESIAN_POINT('',(1.642200078723,0.980392156863));
#1064 = CARTESIAN_POINT('',(1.495866374772,0.980392156863));
#1065 = CARTESIAN_POINT('',(1.422693023653,0.980392156863));
#1066 = CARTESIAN_POINT('',(1.349527262381,0.980392156863));
#1067 = CARTESIAN_POINT('',(1.276361508252,0.980392156863));
#1068 = CARTESIAN_POINT('',(1.203188166728,0.980392156863));
#1069 = CARTESIAN_POINT('',(1.056560660299,0.980392156863));
#1070 = CARTESIAN_POINT('',(0.983093369804,0.980392156863));
#1071 = CARTESIAN_POINT('',(0.909633814176,0.980392156863));
#1072 = CARTESIAN_POINT('',(0.836174244485,0.980392156863));
#1073 = CARTESIAN_POINT('',(0.762706971574,0.980392156863));
#1074 = CARTESIAN_POINT('',(0.689246314176,0.980392156863));
#1075 = ( GEOMETRIC_REPRESENTATION_CONTEXT(2) 
PARAMETRIC_REPRESENTATION_CONTEXT() REPRESENTATION_CONTEXT('2D SPACE',''
  ) );
#1076 = ORIENTED_EDGE('',*,*,#1077,.T.);
#1077 = EDGE_CURVE('',#979,#1078,#1080,.T.);
#1078 = VERTEX_POINT('',#1079);
#1079 = CARTESIAN_POINT('',(-7.799961580481,-32.96264330525,100.));
#1080 = SURFACE_CURVE('',#1081,(#1084,#1090),.PCURVE_S1.);
#1081 = B_SPLINE_CURVE_WITH_KNOTS('',1,(#1082,#1083),.UNSPECIFIED.,.F.,
  .F.,(2,2),(0.,1.),.PIECEWISE_BEZIER_KNOTS.);
#1082 = CARTESIAN_POINT('',(-6.650846316904,-34.35708252344,100.));
#1083 = CARTESIAN_POINT('',(-7.799961580481,-32.96264330525,100.));
#1084 = PCURVE('',#43,#1085);
#1085 = DEFINITIONAL_REPRESENTATION('',(#1086),#1089);
#1086 = B_SPLINE_CURVE_WITH_KNOTS('',1,(#1087,#1088),.UNSPECIFIED.,.F.,
  .F.,(2,2),(0.,1.),.PIECEWISE_BEZIER_KNOTS.);
#1087 = CARTESIAN_POINT('',(-34.35708252344,6.650846316904));
#1088 = CARTESIAN_POINT('',(-32.96264330525,7.799961580481));
#1089 = ( GEOMETRIC_REPRESENTATION_CONTEXT(2) 
PARAMETRIC_REPRESENTATION_CONTEXT() REPRESENTATION_CONTEXT('2D SPACE',''
  ) );
#1090 = PCURVE('',#1091,#1096);
#1091 = B_SPLINE_SURFACE_WITH_KNOTS('',1,1,(
    (#1092,#1093)
    ,(#1094,#1095
    )),.UNSPECIFIED.,.F.,.F.,.F.,(2,2),(2,2),(1.231017795392,
    3.046810561358),(0.,1.),.PIECEWISE_BEZIER_KNOTS.);
#1092 = CARTESIAN_POINT('',(-5.882904301823,-24.86115785303,0.));
#1093 = CARTESIAN_POINT('',(-7.838302726054,-33.1246730143,102.));
#1094 = CARTESIAN_POINT('',(-5.01621604219,-25.91287488916,0.));
#1095 = CARTESIAN_POINT('',(-6.683538922398,-34.52596667613,102.));
#1096 = DEFINITIONAL_REPRESENTATION('',(#1097),#1100);
#1097 = B_SPLINE_CURVE_WITH_KNOTS('',1,(#1098,#1099),.UNSPECIFIED.,.F.,
  .F.,(2,2),(0.,1.),.PIECEWISE_BEZIER_KNOTS.);
#1098 = CARTESIAN_POINT('',(3.046810561358,0.980392156863));
#1099 = CARTESIAN_POINT('',(1.231017795392,0.980392156863));
#1100 = ( GEOMETRIC_REPRESENTATION_CONTEXT(2) 
PARAMETRIC_REPRESENTATION_CONTEXT() REPRESENTATION_CONTEXT('2D SPACE',''
  ) );
#1101 = ORIENTED_EDGE('',*,*,#1102,.T.);
#1102 = EDGE_CURVE('',#1078,#1103,#1105,.T.);
#1103 = VERTEX_POINT('',#1104);
#1104 = CARTESIAN_POINT('',(-9.582931527649,-32.71924200406,100.));
#1105 = SURFACE_CURVE('',#1106,(#1129,#1155),.PCURVE_S1.);
#1106 = B_SPLINE_CURVE_WITH_KNOTS('',5,(#1107,#1108,#1109,#1110,#1111,
    #1112,#1113,#1114,#1115,#1116,#1117,#1118,#1119,#1120,#1121,#1122,
    #1123,#1124,#1125,#1126,#1127,#1128),.UNSPECIFIED.,.F.,.F.,(6,4,4,4,
    4,6),(0.,9.70005735416E-02,0.283001273512,0.498001639836,
    0.71700193892,1.),.UNSPECIFIED.);
#1107 = CARTESIAN_POINT('',(-7.799961580481,-32.96264330525,100.));
#1108 = CARTESIAN_POINT('',(-7.82436354033,-32.93303178507,100.));
#1109 = CARTESIAN_POINT('',(-7.849836736925,-32.90430298721,100.));
#1110 = CARTESIAN_POINT('',(-7.876338481228,-32.87650867022,100.));
#1111 = CARTESIAN_POINT('',(-7.903822586181,-32.84969725962,100.));
#1112 = CARTESIAN_POINT('',(-7.98672915862,-32.77447359785,100.));
#1113 = CARTESIAN_POINT('',(-8.044649073209,-32.72881253495,100.));
#1114 = CARTESIAN_POINT('',(-8.105647663974,-32.6872494186,100.));
#1115 = CARTESIAN_POINT('',(-8.169333741129,-32.65005086008,100.));
#1116 = CARTESIAN_POINT('',(-8.311512488483,-32.57971739318,100.));
#1117 = CARTESIAN_POINT('',(-8.390768146959,-32.5481190794,100.));
#1118 = CARTESIAN_POINT('',(-8.472391017102,-32.52295763473,100.));
#1119 = CARTESIAN_POINT('',(-8.555681646148,-32.5044486184,100.));
#1120 = CARTESIAN_POINT('',(-8.72571162868,-32.4807201076,100.));
#1121 = CARTESIAN_POINT('',(-8.812489956111,-32.47575376321,100.));
#1122 = CARTESIAN_POINT('',(-8.899479566392,-32.47790166654,100.));
#1123 = CARTESIAN_POINT('',(-8.985907037822,-32.4871447792,100.));
#1124 = CARTESIAN_POINT('',(-9.180982465161,-32.52426401882,100.));
#1125 = CARTESIAN_POINT('',(-9.28875274457,-32.55679806514,100.));
#1126 = CARTESIAN_POINT('',(-9.392669001037,-32.60062509066,100.));
#1127 = CARTESIAN_POINT('',(-9.491188280752,-32.65509383277,100.));
#1128 = CARTESIAN_POINT('',(-9.582931527649,-32.71924200406,100.));
#1129 = PCURVE('',#43,#1130);
#1130 = DEFINITIONAL_REPRESENTATION('',(#1131),#1154);
#1131 = B_SPLINE_CURVE_WITH_KNOTS('',5,(#1132,#1133,#1134,#1135,#1136,
    #1137,#1138,#1139,#1140,#1141,#1142,#1143,#1144,#1145,#1146,#1147,
    #1148,#1149,#1150,#1151,#1152,#1153),.UNSPECIFIED.,.F.,.F.,(6,4,4,4,
    4,6),(0.,9.70005735416E-02,0.283001273512,0.498001639836,
    0.71700193892,1.),.UNSPECIFIED.);
#1132 = CARTESIAN_POINT('',(-32.96264330525,7.799961580481));
#1133 = CARTESIAN_POINT('',(-32.93303178507,7.82436354033));
#1134 = CARTESIAN_POINT('',(-32.90430298721,7.849836736925));
#1135 = CARTESIAN_POINT('',(-32.87650867022,7.876338481228));
#1136 = CARTESIAN_POINT('',(-32.84969725962,7.903822586181));
#1137 = CARTESIAN_POINT('',(-32.77447359785,7.98672915862));
#1138 = CARTESIAN_POINT('',(-32.72881253495,8.044649073209));
#1139 = CARTESIAN_POINT('',(-32.6872494186,8.105647663974));
#1140 = CARTESIAN_POINT('',(-32.65005086008,8.169333741129));
#1141 = CARTESIAN_POINT('',(-32.57971739318,8.311512488483));
#1142 = CARTESIAN_POINT('',(-32.5481190794,8.390768146959));
#1143 = CARTESIAN_POINT('',(-32.52295763473,8.472391017102));
#1144 = CARTESIAN_POINT('',(-32.5044486184,8.555681646148));
#1145 = CARTESIAN_POINT('',(-32.4807201076,8.72571162868));
#1146 = CARTESIAN_POINT('',(-32.47575376321,8.812489956111));
#1147 = CARTESIAN_POINT('',(-32.47790166654,8.899479566392));
#1148 = CARTESIAN_POINT('',(-32.4871447792,8.985907037822));
#1149 = CARTESIAN_POINT('',(-32.52426401882,9.180982465161));
#1150 = CARTESIAN_POINT('',(-32.55679806514,9.28875274457));
#1151 = CARTESIAN_POINT('',(-32.60062509066,9.392669001037));
#1152 = CARTESIAN_POINT('',(-32.65509383277,9.491188280752));
#1153 = CARTESIAN_POINT('',(-32.71924200406,9.582931527649));
#1154 = ( GEOMETRIC_REPRESENTATION_CONTEXT(2) 
PARAMETRIC_REPRESENTATION_CONTEXT() REPRESENTATION_CONTEXT('2D SPACE',''
  ) );
#1155 = PCURVE('',#1156,#1173);
#1156 = B_SPLINE_SURFACE_WITH_KNOTS('',7,1,(
    (#1157,#1158)
    ,(#1159,#1160)
    ,(#1161,#1162)
    ,(#1163,#1164)
    ,(#1165,#1166)
    ,(#1167,#1168)
    ,(#1169,#1170)
    ,(#1171,#1172
    )),.UNSPECIFIED.,.F.,.F.,.F.,(8,8),(2,2),(4.102190664248,
    5.593938993004),(0.,1.),.PIECEWISE_BEZIER_KNOTS.);
#1157 = CARTESIAN_POINT('',(-7.227659845038,-24.67757918446,0.));
#1158 = CARTESIAN_POINT('',(-9.630036961301,-32.88007526046,102.));
#1159 = CARTESIAN_POINT('',(-7.053011407764,-24.55546253557,0.));
#1160 = CARTESIAN_POINT('',(-9.397337727768,-32.71736867663,102.));
#1161 = CARTESIAN_POINT('',(-6.848001831539,-24.47676889614,0.));
#1162 = CARTESIAN_POINT('',(-9.124185720231,-32.61251832775,102.));
#1163 = CARTESIAN_POINT('',(-6.625585594482,-24.45054840995,0.));
#1164 = CARTESIAN_POINT('',(-8.827841311449,-32.57758250391,102.));
#1165 = CARTESIAN_POINT('',(-6.402096392036,-24.48105793298,0.));
#1166 = CARTESIAN_POINT('',(-8.530067297986,-32.61823298287,102.));
#1167 = CARTESIAN_POINT('',(-6.194846461274,-24.56593409337,0.));
#1168 = CARTESIAN_POINT('',(-8.253930272135,-32.73132083969,102.));
#1169 = CARTESIAN_POINT('',(-6.018430857378,-24.69669781132,0.));
#1170 = CARTESIAN_POINT('',(-8.018876489515,-32.90554866226,102.));
#1171 = CARTESIAN_POINT('',(-5.882904301823,-24.86115785303,0.));
#1172 = CARTESIAN_POINT('',(-7.838302726054,-33.1246730143,102.));
#1173 = DEFINITIONAL_REPRESENTATION('',(#1174),#1197);
#1174 = B_SPLINE_CURVE_WITH_KNOTS('',5,(#1175,#1176,#1177,#1178,#1179,
    #1180,#1181,#1182,#1183,#1184,#1185,#1186,#1187,#1188,#1189,#1190,
    #1191,#1192,#1193,#1194,#1195,#1196),.UNSPECIFIED.,.F.,.F.,(6,4,4,4,
    4,6),(0.,9.70005735416E-02,0.283001273512,0.498001639836,
    0.71700193892,1.),.UNSPECIFIED.);
#1175 = CARTESIAN_POINT('',(5.593938993004,0.980392156863));
#1176 = CARTESIAN_POINT('',(5.56499908491,0.980392156863));
#1177 = CARTESIAN_POINT('',(5.536059160173,0.980392156863));
#1178 = CARTESIAN_POINT('',(5.507119233613,0.980392156863));
#1179 = CARTESIAN_POINT('',(5.478179314212,0.980392156863));
#1180 = CARTESIAN_POINT('',(5.393746502829,0.980392156863));
#1181 = CARTESIAN_POINT('',(5.338252970698,0.980392156863));
#1182 = CARTESIAN_POINT('',(5.282760651261,0.980392156863));
#1183 = CARTESIAN_POINT('',(5.227267115935,0.980392156863));
#1184 = CARTESIAN_POINT('',(5.107629329287,0.980392156863));
#1185 = CARTESIAN_POINT('',(5.043483132893,0.980392156863));
#1186 = CARTESIAN_POINT('',(4.979339408081,0.980392156863));
#1187 = CARTESIAN_POINT('',(4.915193213241,0.980392156863));
#1188 = CARTESIAN_POINT('',(4.785710066156,0.980392156863));
#1189 = CARTESIAN_POINT('',(4.720370375918,0.980392156863));
#1190 = CARTESIAN_POINT('',(4.655033391119,0.980392156863));
#1191 = CARTESIAN_POINT('',(4.589693699174,0.980392156863));
#1192 = CARTESIAN_POINT('',(4.439923591768,0.980392156863));
#1193 = CARTESIAN_POINT('',(4.355486722225,0.980392156863));
#1194 = CARTESIAN_POINT('',(4.271059456073,0.980392156863));
#1195 = CARTESIAN_POINT('',(4.186622502018,0.980392156863));
#1196 = CARTESIAN_POINT('',(4.102190664248,0.980392156863));
#1197 = ( GEOMETRIC_REPRESENTATION_CONTEXT(2) 
PARAMETRIC_REPRESENTATION_CONTEXT() REPRESENTATION_CONTEXT('2D SPACE',''
  ) );
#1198 = ORIENTED_EDGE('',*,*,#1199,.T.);
#1199 = EDGE_CURVE('',#1103,#1200,#1202,.T.);
#1200 = VERTEX_POINT('',#1201);
#1201 = CARTESIAN_POINT('',(-10.07147615716,-33.06083929472,100.));
#1202 = SURFACE_CURVE('',#1203,(#1206,#1212),.PCURVE_S1.);
#1203 = B_SPLINE_CURVE_WITH_KNOTS('',1,(#1204,#1205),.UNSPECIFIED.,.F.,
  .F.,(2,2),(0.,1.),.PIECEWISE_BEZIER_KNOTS.);
#1204 = CARTESIAN_POINT('',(-9.582931527649,-32.71924200406,100.));
#1205 = CARTESIAN_POINT('',(-10.07147615716,-33.06083929472,100.));
#1206 = PCURVE('',#43,#1207);
#1207 = DEFINITIONAL_REPRESENTATION('',(#1208),#1211);
#1208 = B_SPLINE_CURVE_WITH_KNOTS('',1,(#1209,#1210),.UNSPECIFIED.,.F.,
  .F.,(2,2),(0.,1.),.PIECEWISE_BEZIER_KNOTS.);
#1209 = CARTESIAN_POINT('',(-32.71924200406,9.582931527649));
#1210 = CARTESIAN_POINT('',(-33.06083929472,10.071476157168));
#1211 = ( GEOMETRIC_REPRESENTATION_CONTEXT(2) 
PARAMETRIC_REPRESENTATION_CONTEXT() REPRESENTATION_CONTEXT('2D SPACE',''
  ) );
#1212 = PCURVE('',#1213,#1218);
#1213 = B_SPLINE_SURFACE_WITH_KNOTS('',1,1,(
    (#1214,#1215)
    ,(#1216,#1217
    )),.UNSPECIFIED.,.F.,.F.,.F.,(2,2),(2,2),(18.540237039241,
    19.139291944232),(0.,1.),.PIECEWISE_BEZIER_KNOTS.);
#1214 = CARTESIAN_POINT('',(-7.596131057745,-24.93521944973,0.));
#1215 = CARTESIAN_POINT('',(-10.12098305915,-33.22335169162,102.));
#1216 = CARTESIAN_POINT('',(-7.227659845038,-24.67757918446,0.));
#1217 = CARTESIAN_POINT('',(-9.630036961301,-32.88007526046,102.));
#1218 = DEFINITIONAL_REPRESENTATION('',(#1219),#1222);
#1219 = B_SPLINE_CURVE_WITH_KNOTS('',1,(#1220,#1221),.UNSPECIFIED.,.F.,
  .F.,(2,2),(0.,1.),.PIECEWISE_BEZIER_KNOTS.);
#1220 = CARTESIAN_POINT('',(19.139291944232,0.980392156863));
#1221 = CARTESIAN_POINT('',(18.540237039241,0.980392156863));
#1222 = ( GEOMETRIC_REPRESENTATION_CONTEXT(2) 
PARAMETRIC_REPRESENTATION_CONTEXT() REPRESENTATION_CONTEXT('2D SPACE',''
  ) );
#1223 = ORIENTED_EDGE('',*,*,#1224,.T.);
#1224 = EDGE_CURVE('',#1200,#1225,#1227,.T.);
#1225 = VERTEX_POINT('',#1226);
#1226 = CARTESIAN_POINT('',(-23.59578862108,-25.25257385308,100.));
#1227 = SURFACE_CURVE('',#1228,(#1251,#1277),.PCURVE_S1.);
#1228 = B_SPLINE_CURVE_WITH_KNOTS('',6,(#1229,#1230,#1231,#1232,#1233,
    #1234,#1235,#1236,#1237,#1238,#1239,#1240,#1241,#1242,#1243,#1244,
    #1245,#1246,#1247,#1248,#1249,#1250),.UNSPECIFIED.,.F.,.F.,(7,5,5,5,
    7),(0.,0.249999997516,0.5,0.750000002485,1.),.UNSPECIFIED.);
#1229 = CARTESIAN_POINT('',(-10.07147615716,-33.06083929472,100.));
#1230 = CARTESIAN_POINT('',(-10.73875298101,-33.52740865476,100.));
#1231 = CARTESIAN_POINT('',(-11.45909125673,-33.91844260594,100.));
#1232 = CARTESIAN_POINT('',(-12.22144340863,-34.22611804818,100.));
#1233 = CARTESIAN_POINT('',(-13.01377871599,-34.4453206548,100.));
#1234 = CARTESIAN_POINT('',(-13.82343581808,-34.57279691519,100.));
#1235 = CARTESIAN_POINT('',(-15.45033856159,-34.6432855292,100.));
#1236 = CARTESIAN_POINT('',(-16.26798714803,-34.58631533638,100.));
#1237 = CARTESIAN_POINT('',(-17.07631237025,-34.43646429877,100.));
#1238 = CARTESIAN_POINT('',(-17.86241891979,-34.1958785473,100.));
#1239 = CARTESIAN_POINT('',(-18.61387889545,-33.86861303226,100.));
#1240 = CARTESIAN_POINT('',(-20.02413982916,-33.05439850256,100.));
#1241 = CARTESIAN_POINT('',(-20.68329006679,-32.56724783123,100.));
#1242 = CARTESIAN_POINT('',(-21.28469671412,-32.00675246498,100.));
#1243 = CARTESIAN_POINT('',(-21.81863413059,-31.38164780682,100.));
#1244 = CARTESIAN_POINT('',(-22.27679605805,-30.70202845601,100.));
#1245 = CARTESIAN_POINT('',(-23.02920249939,-29.25784504363,100.));
#1246 = CARTESIAN_POINT('',(-23.32363337056,-28.49292329468,100.));
#1247 = CARTESIAN_POINT('',(-23.52996599833,-27.69713948688,100.));
#1248 = CARTESIAN_POINT('',(-23.64468732518,-26.88308543558,100.));
#1249 = CARTESIAN_POINT('',(-23.66621112758,-26.0637372139,100.));
#1250 = CARTESIAN_POINT('',(-23.59578862108,-25.25257385308,100.));
#1251 = PCURVE('',#43,#1252);
#1252 = DEFINITIONAL_REPRESENTATION('',(#1253),#1276);
#1253 = B_SPLINE_CURVE_WITH_KNOTS('',6,(#1254,#1255,#1256,#1257,#1258,
    #1259,#1260,#1261,#1262,#1263,#1264,#1265,#1266,#1267,#1268,#1269,
    #1270,#1271,#1272,#1273,#1274,#1275),.UNSPECIFIED.,.F.,.F.,(7,5,5,5,
    7),(0.,0.249999997516,0.5,0.750000002485,1.),.UNSPECIFIED.);
#1254 = CARTESIAN_POINT('',(-33.06083929472,10.071476157168));
#1255 = CARTESIAN_POINT('',(-33.52740865476,10.73875298101));
#1256 = CARTESIAN_POINT('',(-33.91844260594,11.459091256733));
#1257 = CARTESIAN_POINT('',(-34.22611804818,12.221443408638));
#1258 = CARTESIAN_POINT('',(-34.4453206548,13.013778715998));
#1259 = CARTESIAN_POINT('',(-34.57279691519,13.82343581808));
#1260 = CARTESIAN_POINT('',(-34.6432855292,15.450338561598));
#1261 = CARTESIAN_POINT('',(-34.58631533638,16.267987148033));
#1262 = CARTESIAN_POINT('',(-34.43646429877,17.076312370253));
#1263 = CARTESIAN_POINT('',(-34.1958785473,17.862418919796));
#1264 = CARTESIAN_POINT('',(-33.86861303226,18.61387889545));
#1265 = CARTESIAN_POINT('',(-33.05439850256,20.024139829164));
#1266 = CARTESIAN_POINT('',(-32.56724783123,20.683290066792));
#1267 = CARTESIAN_POINT('',(-32.00675246498,21.284696714124));
#1268 = CARTESIAN_POINT('',(-31.38164780682,21.818634130593));
#1269 = CARTESIAN_POINT('',(-30.70202845601,22.276796058054));
#1270 = CARTESIAN_POINT('',(-29.25784504363,23.029202499398));
#1271 = CARTESIAN_POINT('',(-28.49292329468,23.323633370564));
#1272 = CARTESIAN_POINT('',(-27.69713948688,23.529965998331));
#1273 = CARTESIAN_POINT('',(-26.88308543558,23.644687325183));
#1274 = CARTESIAN_POINT('',(-26.0637372139,23.666211127581));
#1275 = CARTESIAN_POINT('',(-25.25257385308,23.595788621084));
#1276 = ( GEOMETRIC_REPRESENTATION_CONTEXT(2) 
PARAMETRIC_REPRESENTATION_CONTEXT() REPRESENTATION_CONTEXT('2D SPACE',''
  ) );
#1277 = PCURVE('',#1278,#1299);
#1278 = B_SPLINE_SURFACE_WITH_KNOTS('',9,1,(
    (#1279,#1280)
    ,(#1281,#1282)
    ,(#1283,#1284)
    ,(#1285,#1286)
    ,(#1287,#1288)
    ,(#1289,#1290)
    ,(#1291,#1292)
    ,(#1293,#1294)
    ,(#1295,#1296)
    ,(#1297,#1298
    )),.UNSPECIFIED.,.F.,.F.,.F.,(10,10),(2,2),(-8.659954053865E-02,
    2.180994642932),(0.,1.),.PIECEWISE_BEZIER_KNOTS.);
#1279 = CARTESIAN_POINT('',(-17.79646796354,-19.04605219135,0.));
#1280 = CARTESIAN_POINT('',(-23.71177503423,-25.37670428631,102.));
#1281 = CARTESIAN_POINT('',(-17.93811542741,-20.67762196306,0.));
#1282 = CARTESIAN_POINT('',(-23.90050421378,-27.55058594973,
    101.99999999999));
#1283 = CARTESIAN_POINT('',(-17.61729615285,-22.34934238023,0.));
#1284 = CARTESIAN_POINT('',(-23.47304891868,-29.7779637942,102.));
#1285 = CARTESIAN_POINT('',(-16.82099928859,-23.91139429868,0.));
#1286 = CARTESIAN_POINT('',(-22.41207366536,-31.85922080307,
    101.99999999999));
#1287 = CARTESIAN_POINT('',(-15.59285786953,-25.20907687563,0.));
#1288 = CARTESIAN_POINT('',(-20.77571452384,-33.58823564993,102.));
#1289 = CARTESIAN_POINT('',(-14.03527204548,-26.10834947043,0.));
#1290 = CARTESIAN_POINT('',(-18.70040807921,-34.78641438438,
    101.99999999999));
#1291 = CARTESIAN_POINT('',(-12.29737525827,-26.52310985031,0.));
#1292 = CARTESIAN_POINT('',(-16.38485772755,-35.33903554724,102.));
#1293 = CARTESIAN_POINT('',(-10.54645018272,-26.43169720447,0.));
#1294 = CARTESIAN_POINT('',(-14.05194865941,-35.21723856495,
    101.99999999999));
#1295 = CARTESIAN_POINT('',(-8.938288196158,-25.87367463769,0.));
#1296 = CARTESIAN_POINT('',(-11.90925521472,-34.47373678725,102.));
#1297 = CARTESIAN_POINT('',(-7.596131057745,-24.93521944973,0.));
#1298 = CARTESIAN_POINT('',(-10.12098305915,-33.22335169162,102.));
#1299 = DEFINITIONAL_REPRESENTATION('',(#1300),#1323);
#1300 = B_SPLINE_CURVE_WITH_KNOTS('',6,(#1301,#1302,#1303,#1304,#1305,
    #1306,#1307,#1308,#1309,#1310,#1311,#1312,#1313,#1314,#1315,#1316,
    #1317,#1318,#1319,#1320,#1321,#1322),.UNSPECIFIED.,.F.,.F.,(7,5,5,5,
    7),(0.,0.249999997516,0.5,0.750000002485,1.),.UNSPECIFIED.);
#1301 = CARTESIAN_POINT('',(2.180994642932,0.980392156863));
#1302 = CARTESIAN_POINT('',(2.086517920047,0.980392156863));
#1303 = CARTESIAN_POINT('',(1.992018260376,0.980392156863));
#1304 = CARTESIAN_POINT('',(1.897545366644,0.980392156863));
#1305 = CARTESIAN_POINT('',(1.803072493804,0.980392156863));
#1306 = CARTESIAN_POINT('',(1.708572815353,0.980392156863));
#1307 = CARTESIAN_POINT('',(1.519619376898,0.980392156863));
#1308 = CARTESIAN_POINT('',(1.425119700458,0.980392156863));
#1309 = CARTESIAN_POINT('',(1.330646826498,0.980392156863));
#1310 = CARTESIAN_POINT('',(1.236173950544,0.980392156863));
#1311 = CARTESIAN_POINT('',(1.141674272284,0.980392156863));
#1312 = CARTESIAN_POINT('',(0.952720830109,0.980392156863));
#1313 = CARTESIAN_POINT('',(0.858221151849,0.980392156863));
#1314 = CARTESIAN_POINT('',(0.763748275895,0.980392156863));
#1315 = CARTESIAN_POINT('',(0.669275401935,0.980392156863));
#1316 = CARTESIAN_POINT('',(0.574775725495,0.980392156863));
#1317 = CARTESIAN_POINT('',(0.385822287041,0.980392156863));
#1318 = CARTESIAN_POINT('',(0.291322608589,0.980392156863));
#1319 = CARTESIAN_POINT('',(0.196849735749,0.980392156863));
#1320 = CARTESIAN_POINT('',(0.102376842017,0.980392156863));
#1321 = CARTESIAN_POINT('',(7.877182345941E-03,0.980392156863));
#1322 = CARTESIAN_POINT('',(-8.659954053865E-02,0.980392156863));
#1323 = ( GEOMETRIC_REPRESENTATION_CONTEXT(2) 
PARAMETRIC_REPRESENTATION_CONTEXT() REPRESENTATION_CONTEXT('2D SPACE',''
  ) );
#1324 = ORIENTED_EDGE('',*,*,#1325,.T.);
#1325 = EDGE_CURVE('',#1225,#1326,#1328,.T.);
#1326 = VERTEX_POINT('',#1327);
#1327 = CARTESIAN_POINT('',(-23.54422900426,-24.6586831477,100.));
#1328 = SURFACE_CURVE('',#1329,(#1332,#1338),.PCURVE_S1.);
#1329 = B_SPLINE_CURVE_WITH_KNOTS('',1,(#1330,#1331),.UNSPECIFIED.,.F.,
  .F.,(2,2),(0.,1.),.PIECEWISE_BEZIER_KNOTS.);
#1330 = CARTESIAN_POINT('',(-23.59578862108,-25.25257385308,100.));
#1331 = CARTESIAN_POINT('',(-23.54422900426,-24.6586831477,100.));
#1332 = PCURVE('',#43,#1333);
#1333 = DEFINITIONAL_REPRESENTATION('',(#1334),#1337);
#1334 = B_SPLINE_CURVE_WITH_KNOTS('',1,(#1335,#1336),.UNSPECIFIED.,.F.,
  .F.,(2,2),(0.,1.),.PIECEWISE_BEZIER_KNOTS.);
#1335 = CARTESIAN_POINT('',(-25.25257385308,23.595788621084));
#1336 = CARTESIAN_POINT('',(-24.6586831477,23.544229004269));
#1337 = ( GEOMETRIC_REPRESENTATION_CONTEXT(2) 
PARAMETRIC_REPRESENTATION_CONTEXT() REPRESENTATION_CONTEXT('2D SPACE',''
  ) );
#1338 = PCURVE('',#1339,#1344);
#1339 = B_SPLINE_SURFACE_WITH_KNOTS('',1,1,(
    (#1340,#1341)
    ,(#1342,#1343
    )),.UNSPECIFIED.,.F.,.F.,.F.,(2,2),(2,2),(1.231017795392,
    1.830072700383),(0.,1.),.PIECEWISE_BEZIER_KNOTS.);
#1340 = CARTESIAN_POINT('',(-17.75758055513,-18.59812662794,0.));
#1341 = CARTESIAN_POINT('',(-23.65996197325,-24.7798942781,102.));
#1342 = CARTESIAN_POINT('',(-17.79646796354,-19.04605219135,0.));
#1343 = CARTESIAN_POINT('',(-23.71177503423,-25.37670428631,102.));
#1344 = DEFINITIONAL_REPRESENTATION('',(#1345),#1348);
#1345 = B_SPLINE_CURVE_WITH_KNOTS('',1,(#1346,#1347),.UNSPECIFIED.,.F.,
  .F.,(2,2),(0.,1.),.PIECEWISE_BEZIER_KNOTS.);
#1346 = CARTESIAN_POINT('',(1.830072700383,0.980392156863));
#1347 = CARTESIAN_POINT('',(1.231017795392,0.980392156863));
#1348 = ( GEOMETRIC_REPRESENTATION_CONTEXT(2) 
PARAMETRIC_REPRESENTATION_CONTEXT() REPRESENTATION_CONTEXT('2D SPACE',''
  ) );
#1349 = ORIENTED_EDGE('',*,*,#1350,.T.);
#1350 = EDGE_CURVE('',#1326,#1351,#1353,.T.);
#1351 = VERTEX_POINT('',#1352);
#1352 = CARTESIAN_POINT('',(-24.64650568799,-23.23628652986,100.));
#1353 = SURFACE_CURVE('',#1354,(#1382,#1413),.PCURVE_S1.);
#1354 = B_SPLINE_CURVE_WITH_KNOTS('',6,(#1355,#1356,#1357,#1358,#1359,
    #1360,#1361,#1362,#1363,#1364,#1365,#1366,#1367,#1368,#1369,#1370,
    #1371,#1372,#1373,#1374,#1375,#1376,#1377,#1378,#1379,#1380,#1381),
  .UNSPECIFIED.,.F.,.F.,(7,5,5,5,5,7),(0.,9.70024869297E-02,
    0.499990585605,0.61199345729,0.719996231486,1.),.UNSPECIFIED.);
#1355 = CARTESIAN_POINT('',(-23.54422900426,-24.6586831477,100.));
#1356 = CARTESIAN_POINT('',(-23.54146340531,-24.62682752856,100.));
#1357 = CARTESIAN_POINT('',(-23.53961971833,-24.59489184548,100.));
#1358 = CARTESIAN_POINT('',(-23.53870083077,-24.5629095198,100.));
#1359 = CARTESIAN_POINT('',(-23.53870801969,-24.53091399643,100.));
#1360 = CARTESIAN_POINT('',(-23.53964095175,-24.49893874375,100.));
#1361 = CARTESIAN_POINT('',(-23.54921130701,-24.33440229708,100.));
#1362 = CARTESIAN_POINT('',(-23.57287057657,-24.20268739183,100.));
#1363 = CARTESIAN_POINT('',(-23.61234402366,-24.07433142818,100.));
#1364 = CARTESIAN_POINT('',(-23.6669817893,-23.95166063153,100.));
#1365 = CARTESIAN_POINT('',(-23.73574417693,-23.83685512648,100.));
#1366 = CARTESIAN_POINT('',(-23.83972909377,-23.70267121766,100.));
#1367 = CARTESIAN_POINT('',(-23.86331945767,-23.67424385311,100.));
#1368 = CARTESIAN_POINT('',(-23.88785335154,-23.64661297367,100.));
#1369 = CARTESIAN_POINT('',(-23.91329699955,-23.61981748499,100.));
#1370 = CARTESIAN_POINT('',(-23.93961451211,-23.59389435188,100.));
#1371 = CARTESIAN_POINT('',(-23.99295149751,-23.54475626336,100.));
#1372 = CARTESIAN_POINT('',(-24.01991241369,-23.52147757665,100.));
#1373 = CARTESIAN_POINT('',(-24.04761655816,-23.49907392723,100.));
#1374 = CARTESIAN_POINT('',(-24.07602832494,-23.47757474918,100.));
#1375 = CARTESIAN_POINT('',(-24.10511057838,-23.45700752157,100.));
#1376 = CARTESIAN_POINT('',(-24.21186020119,-23.38655828957,100.));
#1377 = CARTESIAN_POINT('',(-24.29314643162,-23.34215215351,100.));
#1378 = CARTESIAN_POINT('',(-24.37800350827,-23.30462744474,100.));
#1379 = CARTESIAN_POINT('',(-24.4657016329,-23.27433113243,100.));
#1380 = CARTESIAN_POINT('',(-24.5554699894,-23.25150582586,100.));
#1381 = CARTESIAN_POINT('',(-24.64650568799,-23.23628652986,100.));
#1382 = PCURVE('',#43,#1383);
#1383 = DEFINITIONAL_REPRESENTATION('',(#1384),#1412);
#1384 = B_SPLINE_CURVE_WITH_KNOTS('',6,(#1385,#1386,#1387,#1388,#1389,
    #1390,#1391,#1392,#1393,#1394,#1395,#1396,#1397,#1398,#1399,#1400,
    #1401,#1402,#1403,#1404,#1405,#1406,#1407,#1408,#1409,#1410,#1411),
  .UNSPECIFIED.,.F.,.F.,(7,5,5,5,5,7),(0.,9.70024869297E-02,
    0.499990585605,0.61199345729,0.719996231486,1.),.UNSPECIFIED.);
#1385 = CARTESIAN_POINT('',(-24.6586831477,23.544229004269));
#1386 = CARTESIAN_POINT('',(-24.62682752856,23.541463405311));
#1387 = CARTESIAN_POINT('',(-24.59489184548,23.539619718334));
#1388 = CARTESIAN_POINT('',(-24.5629095198,23.538700830778));
#1389 = CARTESIAN_POINT('',(-24.53091399643,23.538708019696));
#1390 = CARTESIAN_POINT('',(-24.49893874375,23.539640951755));
#1391 = CARTESIAN_POINT('',(-24.33440229708,23.549211307016));
#1392 = CARTESIAN_POINT('',(-24.20268739183,23.572870576573));
#1393 = CARTESIAN_POINT('',(-24.07433142818,23.61234402366));
#1394 = CARTESIAN_POINT('',(-23.95166063153,23.6669817893));
#1395 = CARTESIAN_POINT('',(-23.83685512648,23.73574417693));
#1396 = CARTESIAN_POINT('',(-23.70267121766,23.839729093775));
#1397 = CARTESIAN_POINT('',(-23.67424385311,23.863319457675));
#1398 = CARTESIAN_POINT('',(-23.64661297367,23.887853351546));
#1399 = CARTESIAN_POINT('',(-23.61981748499,23.913296999555));
#1400 = CARTESIAN_POINT('',(-23.59389435188,23.939614512112));
#1401 = CARTESIAN_POINT('',(-23.54475626336,23.99295149751));
#1402 = CARTESIAN_POINT('',(-23.52147757665,24.019912413699));
#1403 = CARTESIAN_POINT('',(-23.49907392723,24.047616558166));
#1404 = CARTESIAN_POINT('',(-23.47757474918,24.076028324947));
#1405 = CARTESIAN_POINT('',(-23.45700752157,24.105110578383));
#1406 = CARTESIAN_POINT('',(-23.38655828957,24.211860201199));
#1407 = CARTESIAN_POINT('',(-23.34215215351,24.293146431625));
#1408 = CARTESIAN_POINT('',(-23.30462744474,24.378003508273));
#1409 = CARTESIAN_POINT('',(-23.27433113243,24.465701632907));
#1410 = CARTESIAN_POINT('',(-23.25150582586,24.555469989406));
#1411 = CARTESIAN_POINT('',(-23.23628652986,24.646505687996));
#1412 = ( GEOMETRIC_REPRESENTATION_CONTEXT(2) 
PARAMETRIC_REPRESENTATION_CONTEXT() REPRESENTATION_CONTEXT('2D SPACE',''
  ) );
#1413 = PCURVE('',#1414,#1431);
#1414 = B_SPLINE_SURFACE_WITH_KNOTS('',7,1,(
    (#1415,#1416)
    ,(#1417,#1418)
    ,(#1419,#1420)
    ,(#1421,#1422)
    ,(#1423,#1424)
    ,(#1425,#1426)
    ,(#1427,#1428)
    ,(#1429,#1430
    )),.UNSPECIFIED.,.F.,.F.,.F.,(8,8),(2,2),(-1.405148788217,
    8.659954053865E-02),(0.,1.),.PIECEWISE_BEZIER_KNOTS.);
#1415 = CARTESIAN_POINT('',(-18.58894211731,-17.52532349992,0.));
#1416 = CARTESIAN_POINT('',(-24.7676569594,-23.35050579046,102.));
#1417 = CARTESIAN_POINT('',(-18.3787522655,-17.56046291907,0.));
#1418 = CARTESIAN_POINT('',(-24.48760282222,-23.39732508086,
    101.99999999999));
#1419 = CARTESIAN_POINT('',(-18.17729976192,-17.64786145469,0.));
#1420 = CARTESIAN_POINT('',(-24.21919021052,-23.51377371658,102.));
#1421 = CARTESIAN_POINT('',(-18.00016988546,-17.78490707947,0.));
#1422 = CARTESIAN_POINT('',(-23.98318474073,-23.69637146748,
    101.99999999999));
#1423 = CARTESIAN_POINT('',(-17.86200326224,-17.96319964474,0.));
#1424 = CARTESIAN_POINT('',(-23.79909338654,-23.93392608824,102.));
#1425 = CARTESIAN_POINT('',(-17.77350275085,-18.16892799934,0.));
#1426 = CARTESIAN_POINT('',(-23.6811764931,-24.20803578644,
    101.99999999999));
#1427 = CARTESIAN_POINT('',(-17.7391486536,-18.38581832009,0.));
#1428 = CARTESIAN_POINT('',(-23.63540355506,-24.4970175385,102.));
#1429 = CARTESIAN_POINT('',(-17.75758055513,-18.59812662794,0.));
#1430 = CARTESIAN_POINT('',(-23.65996197325,-24.7798942781,102.));
#1431 = DEFINITIONAL_REPRESENTATION('',(#1432),#1460);
#1432 = B_SPLINE_CURVE_WITH_KNOTS('',6,(#1433,#1434,#1435,#1436,#1437,
    #1438,#1439,#1440,#1441,#1442,#1443,#1444,#1445,#1446,#1447,#1448,
    #1449,#1450,#1451,#1452,#1453,#1454,#1455,#1456,#1457,#1458,#1459),
  .UNSPECIFIED.,.F.,.F.,(7,5,5,5,5,7),(0.,9.70024869297E-02,
    0.499990585605,0.61199345729,0.719996231486,1.),.UNSPECIFIED.);
#1433 = CARTESIAN_POINT('',(8.659954053865E-02,0.980392156863));
#1434 = CARTESIAN_POINT('',(6.248295046057E-02,0.980392156863));
#1435 = CARTESIAN_POINT('',(3.83663492868E-02,0.980392156863));
#1436 = CARTESIAN_POINT('',(1.424974442762E-02,0.980392156863));
#1437 = CARTESIAN_POINT('',(-9.86685865277E-03,0.980392156863));
#1438 = CARTESIAN_POINT('',(-3.398345643622E-02,0.980392156863));
#1439 = CARTESIAN_POINT('',(-0.158290253053,0.980392156863));
#1440 = CARTESIAN_POINT('',(-0.258500641517,0.980392156863));
#1441 = CARTESIAN_POINT('',(-0.358687292207,0.980392156863));
#1442 = CARTESIAN_POINT('',(-0.458874013722,0.980392156863));
#1443 = CARTESIAN_POINT('',(-0.559084424596,0.980392156863));
#1444 = CARTESIAN_POINT('',(-0.687120582732,0.980392156863));
#1445 = CARTESIAN_POINT('',(-0.714966553132,0.980392156863));
#1446 = CARTESIAN_POINT('',(-0.742812529445,0.980392156863));
#1447 = CARTESIAN_POINT('',(-0.770658505992,0.980392156863));
#1448 = CARTESIAN_POINT('',(-0.798504477012,0.980392156863));
#1449 = CARTESIAN_POINT('',(-0.85320189901,0.980392156863));
#1450 = CARTESIAN_POINT('',(-0.88005337111,0.980392156863));
#1451 = CARTESIAN_POINT('',(-0.906904847907,0.980392156863));
#1452 = CARTESIAN_POINT('',(-0.933756324363,0.980392156863));
#1453 = CARTESIAN_POINT('',(-0.960607795452,0.980392156863));
#1454 = CARTESIAN_POINT('',(-1.05707330308,0.980392156863));
#1455 = CARTESIAN_POINT('',(-1.126690526044,0.980392156863));
#1456 = CARTESIAN_POINT('',(-1.196303985952,0.980392156863));
#1457 = CARTESIAN_POINT('',(-1.265917473624,0.980392156863));
#1458 = CARTESIAN_POINT('',(-1.335534750312,0.980392156863));
#1459 = CARTESIAN_POINT('',(-1.405148788217,0.980392156863));
#1460 = ( GEOMETRIC_REPRESENTATION_CONTEXT(2) 
PARAMETRIC_REPRESENTATION_CONTEXT() REPRESENTATION_CONTEXT('2D SPACE',''
  ) );
#1461 = ORIENTED_EDGE('',*,*,#1462,.T.);
#1462 = EDGE_CURVE('',#1351,#1463,#1465,.T.);
#1463 = VERTEX_POINT('',#1464);
#1464 = CARTESIAN_POINT('',(-26.42868310677,-22.93834312883,100.));
#1465 = SURFACE_CURVE('',#1466,(#1469,#1475),.PCURVE_S1.);
#1466 = B_SPLINE_CURVE_WITH_KNOTS('',1,(#1467,#1468),.UNSPECIFIED.,.F.,
  .F.,(2,2),(0.,1.),.PIECEWISE_BEZIER_KNOTS.);
#1467 = CARTESIAN_POINT('',(-24.64650568799,-23.23628652986,100.));
#1468 = CARTESIAN_POINT('',(-26.42868310677,-22.93834312883,100.));
#1469 = PCURVE('',#43,#1470);
#1470 = DEFINITIONAL_REPRESENTATION('',(#1471),#1474);
#1471 = B_SPLINE_CURVE_WITH_KNOTS('',1,(#1472,#1473),.UNSPECIFIED.,.F.,
  .F.,(2,2),(0.,1.),.PIECEWISE_BEZIER_KNOTS.);
#1472 = CARTESIAN_POINT('',(-23.23628652986,24.646505687996));
#1473 = CARTESIAN_POINT('',(-22.93834312883,26.428683106774));
#1474 = ( GEOMETRIC_REPRESENTATION_CONTEXT(2) 
PARAMETRIC_REPRESENTATION_CONTEXT() REPRESENTATION_CONTEXT('2D SPACE',''
  ) );
#1475 = PCURVE('',#1476,#1481);
#1476 = B_SPLINE_SURFACE_WITH_KNOTS('',1,1,(
    (#1477,#1478)
    ,(#1479,#1480
    )),.UNSPECIFIED.,.F.,.F.,.F.,(2,2),(2,2),(10.509440621469,
    12.325233387434),(0.,1.),.PIECEWISE_BEZIER_KNOTS.);
#1477 = CARTESIAN_POINT('',(-19.933099918,-17.30060796798,0.));
#1478 = CARTESIAN_POINT('',(-26.55859477054,-23.05109783204,102.));
#1479 = CARTESIAN_POINT('',(-18.58894211731,-17.52532349992,0.));
#1480 = CARTESIAN_POINT('',(-24.7676569594,-23.35050579046,102.));
#1481 = DEFINITIONAL_REPRESENTATION('',(#1482),#1485);
#1482 = B_SPLINE_CURVE_WITH_KNOTS('',1,(#1483,#1484),.UNSPECIFIED.,.F.,
  .F.,(2,2),(0.,1.),.PIECEWISE_BEZIER_KNOTS.);
#1483 = CARTESIAN_POINT('',(12.325233387434,0.980392156863));
#1484 = CARTESIAN_POINT('',(10.509440621469,0.980392156863));
#1485 = ( GEOMETRIC_REPRESENTATION_CONTEXT(2) 
PARAMETRIC_REPRESENTATION_CONTEXT() REPRESENTATION_CONTEXT('2D SPACE',''
  ) );
#1486 = ORIENTED_EDGE('',*,*,#1487,.T.);
#1487 = EDGE_CURVE('',#1463,#1488,#1490,.T.);
#1488 = VERTEX_POINT('',#1489);
#1489 = CARTESIAN_POINT('',(-33.07952942367,-11.41873939462,100.));
#1490 = SURFACE_CURVE('',#1491,(#1514,#1540),.PCURVE_S1.);
#1491 = B_SPLINE_CURVE_WITH_KNOTS('',6,(#1492,#1493,#1494,#1495,#1496,
    #1497,#1498,#1499,#1500,#1501,#1502,#1503,#1504,#1505,#1506,#1507,
    #1508,#1509,#1510,#1511,#1512,#1513),.UNSPECIFIED.,.F.,.F.,(7,5,5,5,
    7),(0.,0.250999900883,0.499999999056,0.749999999393,1.),
  .UNSPECIFIED.);
#1492 = CARTESIAN_POINT('',(-26.42868310677,-22.93834312883,100.));
#1493 = CARTESIAN_POINT('',(-27.05560958268,-22.83353391933,100.));
#1494 = CARTESIAN_POINT('',(-27.67331802969,-22.67322838617,100.));
#1495 = CARTESIAN_POINT('',(-28.27553760082,-22.45845628807,100.));
#1496 = CARTESIAN_POINT('',(-28.8563677355,-22.19118897422,100.));
#1497 = CARTESIAN_POINT('',(-29.41021020853,-21.87414001252,100.));
#1498 = CARTESIAN_POINT('',(-30.44935464493,-21.15066516503,100.));
#1499 = CARTESIAN_POINT('',(-30.93526163726,-20.74490599969,100.));
#1500 = CARTESIAN_POINT('',(-31.38448130621,-20.29720729244,100.));
#1501 = CARTESIAN_POINT('',(-31.79262655041,-19.81176945245,100.));
#1502 = CARTESIAN_POINT('',(-32.15588262181,-19.29331875119,100.));
#1503 = CARTESIAN_POINT('',(-32.78771153883,-18.19895896521,100.));
#1504 = CARTESIAN_POINT('',(-33.0559557691,-17.62272798148,100.));
#1505 = CARTESIAN_POINT('',(-33.27274176125,-17.02397015557,100.));
#1506 = CARTESIAN_POINT('',(-33.43586137885,-16.40842235275,100.));
#1507 = CARTESIAN_POINT('',(-33.5438594234,-15.78205701326,100.));
#1508 = CARTESIAN_POINT('',(-33.64861019889,-14.52020745735,100.));
#1509 = CARTESIAN_POINT('',(-33.64537248428,-13.88460806593,100.));
#1510 = CARTESIAN_POINT('',(-33.58598400631,-13.25058907491,100.));
#1511 = CARTESIAN_POINT('',(-33.47089505665,-12.6242811554,100.));
#1512 = CARTESIAN_POINT('',(-33.30133807765,-12.01170662176,100.));
#1513 = CARTESIAN_POINT('',(-33.07952942367,-11.41873939462,100.));
#1514 = PCURVE('',#43,#1515);
#1515 = DEFINITIONAL_REPRESENTATION('',(#1516),#1539);
#1516 = B_SPLINE_CURVE_WITH_KNOTS('',6,(#1517,#1518,#1519,#1520,#1521,
    #1522,#1523,#1524,#1525,#1526,#1527,#1528,#1529,#1530,#1531,#1532,
    #1533,#1534,#1535,#1536,#1537,#1538),.UNSPECIFIED.,.F.,.F.,(7,5,5,5,
    7),(0.,0.250999900883,0.499999999056,0.749999999393,1.),
  .UNSPECIFIED.);
#1517 = CARTESIAN_POINT('',(-22.93834312883,26.428683106774));
#1518 = CARTESIAN_POINT('',(-22.83353391933,27.055609582689));
#1519 = CARTESIAN_POINT('',(-22.67322838617,27.673318029693));
#1520 = CARTESIAN_POINT('',(-22.45845628807,28.275537600829));
#1521 = CARTESIAN_POINT('',(-22.19118897422,28.856367735502));
#1522 = CARTESIAN_POINT('',(-21.87414001252,29.41021020853));
#1523 = CARTESIAN_POINT('',(-21.15066516503,30.449354644938));
#1524 = CARTESIAN_POINT('',(-20.74490599969,30.935261637268));
#1525 = CARTESIAN_POINT('',(-20.29720729244,31.384481306216));
#1526 = CARTESIAN_POINT('',(-19.81176945245,31.792626550412));
#1527 = CARTESIAN_POINT('',(-19.29331875119,32.155882621815));
#1528 = CARTESIAN_POINT('',(-18.19895896521,32.787711538838));
#1529 = CARTESIAN_POINT('',(-17.62272798148,33.055955769108));
#1530 = CARTESIAN_POINT('',(-17.02397015557,33.272741761252));
#1531 = CARTESIAN_POINT('',(-16.40842235275,33.435861378856));
#1532 = CARTESIAN_POINT('',(-15.78205701326,33.543859423409));
#1533 = CARTESIAN_POINT('',(-14.52020745735,33.648610198898));
#1534 = CARTESIAN_POINT('',(-13.88460806593,33.645372484286));
#1535 = CARTESIAN_POINT('',(-13.25058907491,33.585984006311));
#1536 = CARTESIAN_POINT('',(-12.6242811554,33.47089505665));
#1537 = CARTESIAN_POINT('',(-12.01170662176,33.301338077652));
#1538 = CARTESIAN_POINT('',(-11.41873939462,33.079529423677));
#1539 = ( GEOMETRIC_REPRESENTATION_CONTEXT(2) 
PARAMETRIC_REPRESENTATION_CONTEXT() REPRESENTATION_CONTEXT('2D SPACE',''
  ) );
#1540 = PCURVE('',#1541,#1560);
#1541 = B_SPLINE_SURFACE_WITH_KNOTS('',8,1,(
    (#1542,#1543)
    ,(#1544,#1545)
    ,(#1546,#1547)
    ,(#1548,#1549)
    ,(#1550,#1551)
    ,(#1552,#1553)
    ,(#1554,#1555)
    ,(#1556,#1557)
    ,(#1558,#1559
    )),.UNSPECIFIED.,.F.,.F.,.F.,(9,9),(2,2),(-0.357951237021,
    1.405148788217),(0.,1.),.PIECEWISE_BEZIER_KNOTS.);
#1542 = CARTESIAN_POINT('',(-24.94931596019,-8.612266921174,0.));
#1543 = CARTESIAN_POINT('',(-33.24213369294,-11.47486884408,102.));
#1544 = CARTESIAN_POINT('',(-25.45120759899,-9.953987760528,0.));
#1545 = CARTESIAN_POINT('',(-33.91084737563,-13.26255968064,102.));
#1546 = CARTESIAN_POINT('',(-25.61515741835,-11.42212212314,0.));
#1547 = CARTESIAN_POINT('',(-34.12929191426,-15.21868219876,102.));
#1548 = CARTESIAN_POINT('',(-25.40402438205,-12.91735506435,0.));
#1549 = CARTESIAN_POINT('',(-33.84798109072,-17.21091049925,102.));
#1550 = CARTESIAN_POINT('',(-24.81565961317,-14.32732775778,0.));
#1551 = CARTESIAN_POINT('',(-33.06405177023,-19.08953919004,102.));
#1552 = CARTESIAN_POINT('',(-23.88876982646,-15.54185294104,0.));
#1553 = CARTESIAN_POINT('',(-31.82907625997,-20.70775624175,102.));
#1554 = CARTESIAN_POINT('',(-22.69942663295,-16.47231598465,0.));
#1555 = CARTESIAN_POINT('',(-30.24441135338,-21.94749271154,102.));
#1556 = CARTESIAN_POINT('',(-21.34601006907,-17.06439845745,0.));
#1557 = CARTESIAN_POINT('',(-28.44113729046,-22.73637545083,102.));
#1558 = CARTESIAN_POINT('',(-19.933099918,-17.30060796798,0.));
#1559 = CARTESIAN_POINT('',(-26.55859477054,-23.05109783204,102.));
#1560 = DEFINITIONAL_REPRESENTATION('',(#1561),#1584);
#1561 = B_SPLINE_CURVE_WITH_KNOTS('',6,(#1562,#1563,#1564,#1565,#1566,
    #1567,#1568,#1569,#1570,#1571,#1572,#1573,#1574,#1575,#1576,#1577,
    #1578,#1579,#1580,#1581,#1582,#1583),.UNSPECIFIED.,.F.,.F.,(7,5,5,5,
    7),(0.,0.250999900883,0.499999999056,0.749999999393,1.),
  .UNSPECIFIED.);
#1562 = CARTESIAN_POINT('',(1.405148788217,0.980392156863));
#1563 = CARTESIAN_POINT('',(1.331394317534,0.980392156863));
#1564 = CARTESIAN_POINT('',(1.257633099195,0.980392156863));
#1565 = CARTESIAN_POINT('',(1.183879737986,0.980392156863));
#1566 = CARTESIAN_POINT('',(1.110126391235,0.980392156863));
#1567 = CARTESIAN_POINT('',(1.036365155323,0.980392156863));
#1568 = CARTESIAN_POINT('',(0.889443835749,0.980392156863));
#1569 = CARTESIAN_POINT('',(0.816270494289,0.980392156863));
#1570 = CARTESIAN_POINT('',(0.743104740101,0.980392156863));
#1571 = CARTESIAN_POINT('',(0.669938978734,0.980392156863));
#1572 = CARTESIAN_POINT('',(0.596765627575,0.980392156863));
#1573 = CARTESIAN_POINT('',(0.450138109707,0.980392156863));
#1574 = CARTESIAN_POINT('',(0.376670814514,0.980392156863));
#1575 = CARTESIAN_POINT('',(0.303211261065,0.980392156863));
#1576 = CARTESIAN_POINT('',(0.22975171488,0.980392156863));
#1577 = CARTESIAN_POINT('',(0.156284429396,0.980392156863));
#1578 = CARTESIAN_POINT('',(9.363109101978E-03,0.980392156863));
#1579 = CARTESIAN_POINT('',(-6.410418139269E-02,0.980392156863));
#1580 = CARTESIAN_POINT('',(-0.137563737021,0.980392156863));
#1581 = CARTESIAN_POINT('',(-0.211023306711,0.980392156863));
#1582 = CARTESIAN_POINT('',(-0.284490579622,0.980392156863));
#1583 = CARTESIAN_POINT('',(-0.357951237021,0.980392156863));
#1584 = ( GEOMETRIC_REPRESENTATION_CONTEXT(2) 
PARAMETRIC_REPRESENTATION_CONTEXT() REPRESENTATION_CONTEXT('2D SPACE',''
  ) );
#1585 = ORIENTED_EDGE('',*,*,#1586,.T.);
#1586 = EDGE_CURVE('',#1488,#1587,#1589,.T.);
#1587 = VERTEX_POINT('',#1588);
#1588 = CARTESIAN_POINT('',(-32.44646726847,-9.726356775389,100.));
#1589 = SURFACE_CURVE('',#1590,(#1593,#1599),.PCURVE_S1.);
#1590 = B_SPLINE_CURVE_WITH_KNOTS('',1,(#1591,#1592),.UNSPECIFIED.,.F.,
  .F.,(2,2),(0.,1.),.PIECEWISE_BEZIER_KNOTS.);
#1591 = CARTESIAN_POINT('',(-33.07952942367,-11.41873939462,100.));
#1592 = CARTESIAN_POINT('',(-32.44646726847,-9.726356775389,100.));
#1593 = PCURVE('',#43,#1594);
#1594 = DEFINITIONAL_REPRESENTATION('',(#1595),#1598);
#1595 = B_SPLINE_CURVE_WITH_KNOTS('',1,(#1596,#1597),.UNSPECIFIED.,.F.,
  .F.,(2,2),(0.,1.),.PIECEWISE_BEZIER_KNOTS.);
#1596 = CARTESIAN_POINT('',(-11.41873939462,33.079529423677));
#1597 = CARTESIAN_POINT('',(-9.726356775389,32.446467268476));
#1598 = ( GEOMETRIC_REPRESENTATION_CONTEXT(2) 
PARAMETRIC_REPRESENTATION_CONTEXT() REPRESENTATION_CONTEXT('2D SPACE',''
  ) );
#1599 = PCURVE('',#1600,#1605);
#1600 = B_SPLINE_SURFACE_WITH_KNOTS('',1,1,(
    (#1601,#1602)
    ,(#1603,#1604
    )),.UNSPECIFIED.,.F.,.F.,.F.,(2,2),(2,2),(1.231017795392,
    3.046810561358),(0.,1.),.PIECEWISE_BEZIER_KNOTS.);
#1601 = CARTESIAN_POINT('',(-24.47184641913,-7.335834353106,0.));
#1602 = CARTESIAN_POINT('',(-32.60595968546,-9.774167223834,102.));
#1603 = CARTESIAN_POINT('',(-24.94931596019,-8.612266921174,0.));
#1604 = CARTESIAN_POINT('',(-33.24213369294,-11.47486884408,102.));
#1605 = DEFINITIONAL_REPRESENTATION('',(#1606),#1609);
#1606 = B_SPLINE_CURVE_WITH_KNOTS('',1,(#1607,#1608),.UNSPECIFIED.,.F.,
  .F.,(2,2),(0.,1.),.PIECEWISE_BEZIER_KNOTS.);
#1607 = CARTESIAN_POINT('',(3.046810561358,0.980392156863));
#1608 = CARTESIAN_POINT('',(1.231017795392,0.980392156863));
#1609 = ( GEOMETRIC_REPRESENTATION_CONTEXT(2) 
PARAMETRIC_REPRESENTATION_CONTEXT() REPRESENTATION_CONTEXT('2D SPACE',''
  ) );
#1610 = ORIENTED_EDGE('',*,*,#1611,.T.);
#1611 = EDGE_CURVE('',#1587,#1612,#1614,.T.);
#1612 = VERTEX_POINT('',#1613);
#1613 = CARTESIAN_POINT('',(-33.12716053191,-8.060558856363,100.));
#1614 = SURFACE_CURVE('',#1615,(#1638,#1664),.PCURVE_S1.);
#1615 = B_SPLINE_CURVE_WITH_KNOTS('',5,(#1616,#1617,#1618,#1619,#1620,
    #1621,#1622,#1623,#1624,#1625,#1626,#1627,#1628,#1629,#1630,#1631,
    #1632,#1633,#1634,#1635,#1636,#1637),.UNSPECIFIED.,.F.,.F.,(6,4,4,4,
    4,6),(0.,9.70005686349E-02,0.284001252622,0.499001608013,
    0.71800189597,1.),.UNSPECIFIED.);
#1616 = CARTESIAN_POINT('',(-32.44646726847,-9.726356775389,100.));
#1617 = CARTESIAN_POINT('',(-32.43302391968,-9.690418298168,100.));
#1618 = CARTESIAN_POINT('',(-32.42088064921,-9.653993463872,100.));
#1619 = CARTESIAN_POINT('',(-32.41006093676,-9.617145121563,100.));
#1620 = CARTESIAN_POINT('',(-32.40058362655,-9.579937483175,100.));
#1621 = CARTESIAN_POINT('',(-32.3768075932,-9.470139847271,100.));
#1622 = CARTESIAN_POINT('',(-32.36619396806,-9.396750923173,100.));
#1623 = CARTESIAN_POINT('',(-32.36072401338,-9.322740638142,100.));
#1624 = CARTESIAN_POINT('',(-32.36043324213,-9.24858877595,100.));
#1625 = CARTESIAN_POINT('',(-32.37087414797,-9.089912281891,100.));
#1626 = CARTESIAN_POINT('',(-32.38326297971,-9.005494098606,100.));
#1627 = CARTESIAN_POINT('',(-32.40240815847,-8.922254364362,100.));
#1628 = CARTESIAN_POINT('',(-32.42814557355,-8.840906358649,100.));
#1629 = CARTESIAN_POINT('',(-32.49284835784,-8.681888161924,100.));
#1630 = CARTESIAN_POINT('',(-32.53205230969,-8.604311149525,100.));
#1631 = CARTESIAN_POINT('',(-32.57751798225,-8.530117629558,100.));
#1632 = CARTESIAN_POINT('',(-32.62884119257,-8.459967283544,100.));
#1633 = CARTESIAN_POINT('',(-32.75849053038,-8.310079412538,100.));
#1634 = CARTESIAN_POINT('',(-32.84034396524,-8.233381850271,100.));
#1635 = CARTESIAN_POINT('',(-32.92998558406,-8.165612199601,100.));
#1636 = CARTESIAN_POINT('',(-33.02609333849,-8.107769348632,100.));
#1637 = CARTESIAN_POINT('',(-33.12716053191,-8.060558856363,100.));
#1638 = PCURVE('',#43,#1639);
#1639 = DEFINITIONAL_REPRESENTATION('',(#1640),#1663);
#1640 = B_SPLINE_CURVE_WITH_KNOTS('',5,(#1641,#1642,#1643,#1644,#1645,
    #1646,#1647,#1648,#1649,#1650,#1651,#1652,#1653,#1654,#1655,#1656,
    #1657,#1658,#1659,#1660,#1661,#1662),.UNSPECIFIED.,.F.,.F.,(6,4,4,4,
    4,6),(0.,9.70005686349E-02,0.284001252622,0.499001608013,
    0.71800189597,1.),.UNSPECIFIED.);
#1641 = CARTESIAN_POINT('',(-9.726356775389,32.446467268476));
#1642 = CARTESIAN_POINT('',(-9.690418298168,32.433023919682));
#1643 = CARTESIAN_POINT('',(-9.653993463872,32.420880649215));
#1644 = CARTESIAN_POINT('',(-9.617145121563,32.410060936766));
#1645 = CARTESIAN_POINT('',(-9.579937483175,32.400583626554));
#1646 = CARTESIAN_POINT('',(-9.470139847271,32.376807593209));
#1647 = CARTESIAN_POINT('',(-9.396750923173,32.366193968062));
#1648 = CARTESIAN_POINT('',(-9.322740638142,32.360724013387));
#1649 = CARTESIAN_POINT('',(-9.24858877595,32.360433242139));
#1650 = CARTESIAN_POINT('',(-9.089912281891,32.370874147977));
#1651 = CARTESIAN_POINT('',(-9.005494098606,32.383262979718));
#1652 = CARTESIAN_POINT('',(-8.922254364362,32.402408158477));
#1653 = CARTESIAN_POINT('',(-8.840906358649,32.428145573556));
#1654 = CARTESIAN_POINT('',(-8.681888161924,32.492848357849));
#1655 = CARTESIAN_POINT('',(-8.604311149525,32.532052309691));
#1656 = CARTESIAN_POINT('',(-8.530117629558,32.577517982256));
#1657 = CARTESIAN_POINT('',(-8.459967283544,32.628841192575));
#1658 = CARTESIAN_POINT('',(-8.310079412538,32.758490530382));
#1659 = CARTESIAN_POINT('',(-8.233381850271,32.840343965249));
#1660 = CARTESIAN_POINT('',(-8.165612199601,32.929985584068));
#1661 = CARTESIAN_POINT('',(-8.107769348632,33.02609333849));
#1662 = CARTESIAN_POINT('',(-8.060558856363,33.127160531918));
#1663 = ( GEOMETRIC_REPRESENTATION_CONTEXT(2) 
PARAMETRIC_REPRESENTATION_CONTEXT() REPRESENTATION_CONTEXT('2D SPACE',''
  ) );
#1664 = PCURVE('',#1665,#1682);
#1665 = B_SPLINE_SURFACE_WITH_KNOTS('',7,1,(
    (#1666,#1667)
    ,(#1668,#1669)
    ,(#1670,#1671)
    ,(#1672,#1673)
    ,(#1674,#1675)
    ,(#1676,#1677)
    ,(#1678,#1679)
    ,(#1680,#1681
    )),.UNSPECIFIED.,.F.,.F.,.F.,(8,8),(2,2),(-1.133797091735,
    0.357951237021),(0.,1.),.PIECEWISE_BEZIER_KNOTS.);
#1666 = CARTESIAN_POINT('',(-24.98524040016,-6.079452556518,0.));
#1667 = CARTESIAN_POINT('',(-33.28999893455,-8.10018098236,102.));
#1668 = CARTESIAN_POINT('',(-24.79216006136,-6.169644215483,0.));
#1669 = CARTESIAN_POINT('',(-33.03274128283,-8.22035113813,102.));
#1670 = CARTESIAN_POINT('',(-24.62150458238,-6.307840896795,0.));
#1671 = CARTESIAN_POINT('',(-32.80536221333,-8.40448254131,102.));
#1672 = CARTESIAN_POINT('',(-24.48758885672,-6.487348765207,0.));
#1673 = CARTESIAN_POINT('',(-32.62693469799,-8.643656415663,102.));
#1674 = CARTESIAN_POINT('',(-24.4022662775,-6.696150853514,0.));
#1675 = CARTESIAN_POINT('',(-32.51325203872,-8.921861515393,102.));
#1676 = CARTESIAN_POINT('',(-24.37214622319,-6.91807263868,0.));
#1677 = CARTESIAN_POINT('',(-32.47312048266,-9.217547123112,102.));
#1678 = CARTESIAN_POINT('',(-24.39718312288,-7.136234892255,0.));
#1679 = CARTESIAN_POINT('',(-32.50647931174,-9.508223581402,102.));
#1680 = CARTESIAN_POINT('',(-24.47184641913,-7.335834353106,0.));
#1681 = CARTESIAN_POINT('',(-32.60595968546,-9.774167223834,102.));
#1682 = DEFINITIONAL_REPRESENTATION('',(#1683),#1706);
#1683 = B_SPLINE_CURVE_WITH_KNOTS('',5,(#1684,#1685,#1686,#1687,#1688,
    #1689,#1690,#1691,#1692,#1693,#1694,#1695,#1696,#1697,#1698,#1699,
    #1700,#1701,#1702,#1703,#1704,#1705),.UNSPECIFIED.,.F.,.F.,(6,4,4,4,
    4,6),(0.,9.70005686349E-02,0.284001252622,0.499001608013,
    0.71800189597,1.),.UNSPECIFIED.);
#1684 = CARTESIAN_POINT('',(0.357951237021,0.980392156863));
#1685 = CARTESIAN_POINT('',(0.329011328927,0.980392156863));
#1686 = CARTESIAN_POINT('',(0.30007140419,0.980392156863));
#1687 = CARTESIAN_POINT('',(0.27113147763,0.980392156863));
#1688 = CARTESIAN_POINT('',(0.242191558229,0.980392156863));
#1689 = CARTESIAN_POINT('',(0.157460400978,0.980392156863));
#1690 = CARTESIAN_POINT('',(0.101668505879,0.980392156863));
#1691 = CARTESIAN_POINT('',(4.587785600709E-02,0.980392156863));
#1692 = CARTESIAN_POINT('',(-9.914042438537E-03,0.980392156863));
#1693 = CARTESIAN_POINT('',(-0.129850175103,0.980392156863));
#1694 = CARTESIAN_POINT('',(-0.193996371516,0.980392156863));
#1695 = CARTESIAN_POINT('',(-0.258140096292,0.980392156863));
#1696 = CARTESIAN_POINT('',(-0.322286291074,0.980392156863));
#1697 = CARTESIAN_POINT('',(-0.451769438156,0.980392156863));
#1698 = CARTESIAN_POINT('',(-0.517109128455,0.980392156863));
#1699 = CARTESIAN_POINT('',(-0.582446113292,0.980392156863));
#1700 = CARTESIAN_POINT('',(-0.647785805218,0.980392156863));
#1701 = CARTESIAN_POINT('',(-0.797257581727,0.980392156863));
#1702 = CARTESIAN_POINT('',(-0.88139603396,0.980392156863));
#1703 = CARTESIAN_POINT('',(-0.965525048129,0.980392156863));
#1704 = CARTESIAN_POINT('',(-1.049663584468,0.980392156863));
#1705 = CARTESIAN_POINT('',(-1.133797091735,0.980392156863));
#1706 = ( GEOMETRIC_REPRESENTATION_CONTEXT(2) 
PARAMETRIC_REPRESENTATION_CONTEXT() REPRESENTATION_CONTEXT('2D SPACE',''
  ) );
#1707 = ORIENTED_EDGE('',*,*,#1708,.T.);
#1708 = EDGE_CURVE('',#1612,#1709,#1711,.T.);
#1709 = VERTEX_POINT('',#1710);
#1710 = CARTESIAN_POINT('',(-33.66726477825,-7.808265441646,100.));
#1711 = SURFACE_CURVE('',#1712,(#1715,#1721),.PCURVE_S1.);
#1712 = B_SPLINE_CURVE_WITH_KNOTS('',1,(#1713,#1714),.UNSPECIFIED.,.F.,
  .F.,(2,2),(0.,1.),.PIECEWISE_BEZIER_KNOTS.);
#1713 = CARTESIAN_POINT('',(-33.12716053191,-8.060558856363,100.));
#1714 = CARTESIAN_POINT('',(-33.66726477825,-7.808265441646,100.));
#1715 = PCURVE('',#43,#1716);
#1716 = DEFINITIONAL_REPRESENTATION('',(#1717),#1720);
#1717 = B_SPLINE_CURVE_WITH_KNOTS('',1,(#1718,#1719),.UNSPECIFIED.,.F.,
  .F.,(2,2),(0.,1.),.PIECEWISE_BEZIER_KNOTS.);
#1718 = CARTESIAN_POINT('',(-8.060558856363,33.127160531918));
#1719 = CARTESIAN_POINT('',(-7.808265441646,33.667264778252));
#1720 = ( GEOMETRIC_REPRESENTATION_CONTEXT(2) 
PARAMETRIC_REPRESENTATION_CONTEXT() REPRESENTATION_CONTEXT('2D SPACE',''
  ) );
#1721 = PCURVE('',#1722,#1727);
#1722 = B_SPLINE_SURFACE_WITH_KNOTS('',1,1,(
    (#1723,#1724)
    ,(#1725,#1726
    )),.UNSPECIFIED.,.F.,.F.,.F.,(2,2),(2,2),(18.540237039241,
    19.139291944232),(0.,1.),.PIECEWISE_BEZIER_KNOTS.);
#1723 = CARTESIAN_POINT('',(-25.39259902128,-5.889167258386,0.));
#1724 = CARTESIAN_POINT('',(-33.83275809339,-7.846647405311,102.));
#1725 = CARTESIAN_POINT('',(-24.98524040016,-6.079452556518,0.));
#1726 = CARTESIAN_POINT('',(-33.28999893455,-8.10018098236,102.));
#1727 = DEFINITIONAL_REPRESENTATION('',(#1728),#1731);
#1728 = B_SPLINE_CURVE_WITH_KNOTS('',1,(#1729,#1730),.UNSPECIFIED.,.F.,
  .F.,(2,2),(0.,1.),.PIECEWISE_BEZIER_KNOTS.);
#1729 = CARTESIAN_POINT('',(19.139291944232,0.980392156863));
#1730 = CARTESIAN_POINT('',(18.540237039241,0.980392156863));
#1731 = ( GEOMETRIC_REPRESENTATION_CONTEXT(2) 
PARAMETRIC_REPRESENTATION_CONTEXT() REPRESENTATION_CONTEXT('2D SPACE',''
  ) );
#1732 = ORIENTED_EDGE('',*,*,#1733,.T.);
#1733 = EDGE_CURVE('',#1709,#1734,#1736,.T.);
#1734 = VERTEX_POINT('',#1735);
#1735 = CARTESIAN_POINT('',(-33.66726477825,7.808265441646,100.));
#1736 = SURFACE_CURVE('',#1737,(#1760,#1786),.PCURVE_S1.);
#1737 = B_SPLINE_CURVE_WITH_KNOTS('',6,(#1738,#1739,#1740,#1741,#1742,
    #1743,#1744,#1745,#1746,#1747,#1748,#1749,#1750,#1751,#1752,#1753,
    #1754,#1755,#1756,#1757,#1758,#1759),.UNSPECIFIED.,.F.,.F.,(7,5,5,5,
    7),(0.,0.25099973173,0.500999735494,0.75099973929,1.),
  .UNSPECIFIED.);
#1738 = CARTESIAN_POINT('',(-33.66726477825,-7.808265441646,100.));
#1739 = CARTESIAN_POINT('',(-34.40791411814,-7.462293432838,100.));
#1740 = CARTESIAN_POINT('',(-35.1093691683,-7.031929196269,100.));
#1741 = CARTESIAN_POINT('',(-35.75917919531,-6.522897543296,100.));
#1742 = CARTESIAN_POINT('',(-36.34678176194,-5.943165225976,100.));
#1743 = CARTESIAN_POINT('',(-36.86293060186,-5.302194885878,100.));
#1744 = CARTESIAN_POINT('',(-37.73605196898,-3.923770004557,100.));
#1745 = CARTESIAN_POINT('',(-38.09386741858,-3.186367185471,100.));
#1746 = CARTESIAN_POINT('',(-38.36649723443,-2.410791282222,100.));
#1747 = CARTESIAN_POINT('',(-38.54938013633,-1.609293400007,100.));
#1748 = CARTESIAN_POINT('',(-38.63984287359,-0.794669986832,100.));
#1749 = CARTESIAN_POINT('',(-38.63615026127,0.833754885909,100.));
#1750 = CARTESIAN_POINT('',(-38.54199399713,1.647959657746,100.));
#1751 = CARTESIAN_POINT('',(-38.35547804432,2.44861989181,100.));
#1752 = CARTESIAN_POINT('',(-38.07933365956,3.222951395301,100.));
#1753 = CARTESIAN_POINT('',(-37.7181776397,3.958723875946,100.));
#1754 = CARTESIAN_POINT('',(-36.84232336482,5.327689443522,100.));
#1755 = CARTESIAN_POINT('',(-36.32803055334,5.961616022598,100.));
#1756 = CARTESIAN_POINT('',(-35.74363471395,6.535052066029,100.));
#1757 = CARTESIAN_POINT('',(-35.09818677429,7.038782460025,100.));
#1758 = CARTESIAN_POINT('',(-34.40201408374,7.465049456025,100.));
#1759 = CARTESIAN_POINT('',(-33.66726477825,7.808265441646,100.));
#1760 = PCURVE('',#43,#1761);
#1761 = DEFINITIONAL_REPRESENTATION('',(#1762),#1785);
#1762 = B_SPLINE_CURVE_WITH_KNOTS('',6,(#1763,#1764,#1765,#1766,#1767,
    #1768,#1769,#1770,#1771,#1772,#1773,#1774,#1775,#1776,#1777,#1778,
    #1779,#1780,#1781,#1782,#1783,#1784),.UNSPECIFIED.,.F.,.F.,(7,5,5,5,
    7),(0.,0.25099973173,0.500999735494,0.75099973929,1.),
  .UNSPECIFIED.);
#1763 = CARTESIAN_POINT('',(-7.808265441646,33.667264778252));
#1764 = CARTESIAN_POINT('',(-7.462293432838,34.407914118147));
#1765 = CARTESIAN_POINT('',(-7.031929196269,35.109369168303));
#1766 = CARTESIAN_POINT('',(-6.522897543296,35.75917919531));
#1767 = CARTESIAN_POINT('',(-5.943165225976,36.346781761945));
#1768 = CARTESIAN_POINT('',(-5.302194885878,36.862930601861));
#1769 = CARTESIAN_POINT('',(-3.923770004557,37.736051968981));
#1770 = CARTESIAN_POINT('',(-3.186367185471,38.093867418583));
#1771 = CARTESIAN_POINT('',(-2.410791282222,38.366497234433));
#1772 = CARTESIAN_POINT('',(-1.609293400007,38.549380136337));
#1773 = CARTESIAN_POINT('',(-0.794669986832,38.639842873596));
#1774 = CARTESIAN_POINT('',(0.833754885909,38.636150261279));
#1775 = CARTESIAN_POINT('',(1.647959657746,38.54199399713));
#1776 = CARTESIAN_POINT('',(2.44861989181,38.355478044325));
#1777 = CARTESIAN_POINT('',(3.222951395301,38.079333659562));
#1778 = CARTESIAN_POINT('',(3.958723875946,37.718177639703));
#1779 = CARTESIAN_POINT('',(5.327689443522,36.842323364824));
#1780 = CARTESIAN_POINT('',(5.961616022598,36.328030553349));
#1781 = CARTESIAN_POINT('',(6.535052066029,35.743634713952));
#1782 = CARTESIAN_POINT('',(7.038782460025,35.098186774298));
#1783 = CARTESIAN_POINT('',(7.465049456025,34.402014083744));
#1784 = CARTESIAN_POINT('',(7.808265441646,33.667264778252));
#1785 = ( GEOMETRIC_REPRESENTATION_CONTEXT(2) 
PARAMETRIC_REPRESENTATION_CONTEXT() REPRESENTATION_CONTEXT('2D SPACE',''
  ) );
#1786 = PCURVE('',#1787,#1808);
#1787 = B_SPLINE_SURFACE_WITH_KNOTS('',9,1,(
    (#1788,#1789)
    ,(#1790,#1791)
    ,(#1792,#1793)
    ,(#1794,#1795)
    ,(#1796,#1797)
    ,(#1798,#1799)
    ,(#1800,#1801)
    ,(#1802,#1803)
    ,(#1804,#1805)
    ,(#1806,#1807
    )),.UNSPECIFIED.,.F.,.F.,.F.,(10,10),(2,2),(-1.133797091735,
    1.133797091735),(0.,1.),.PIECEWISE_BEZIER_KNOTS.);
#1788 = CARTESIAN_POINT('',(-25.39259902128,5.889167258386,0.));
#1789 = CARTESIAN_POINT('',(-33.83275809339,7.846647405311,102.));
#1790 = CARTESIAN_POINT('',(-26.87640362357,5.196052674627,0.));
#1791 = CARTESIAN_POINT('',(-35.8097594285,6.923150837526,
    101.99999999999));
#1792 = CARTESIAN_POINT('',(-28.16374633558,4.08235482425,0.));
#1793 = CARTESIAN_POINT('',(-37.5249975781,5.439274770749,102.));
#1794 = CARTESIAN_POINT('',(-29.11837454686,2.611715551621,0.));
#1795 = CARTESIAN_POINT('',(-38.79693139292,3.479814744158,
    101.99999999998));
#1796 = CARTESIAN_POINT('',(-29.62812991502,0.899272594801,0.));
#1797 = CARTESIAN_POINT('',(-39.47612260306,1.198178734459,
    102.00000000001));
#1798 = CARTESIAN_POINT('',(-29.62812991502,-0.899272594801,0.));
#1799 = CARTESIAN_POINT('',(-39.47612260304,-1.198178734459,
    101.99999999998));
#1800 = CARTESIAN_POINT('',(-29.11837454686,-2.611715551622,0.));
#1801 = CARTESIAN_POINT('',(-38.79693139293,-3.479814744158,102.));
#1802 = CARTESIAN_POINT('',(-28.16374633558,-4.082354824249,0.));
#1803 = CARTESIAN_POINT('',(-37.52499757809,-5.439274770749,
    101.99999999999));
#1804 = CARTESIAN_POINT('',(-26.87640362357,-5.196052674627,0.));
#1805 = CARTESIAN_POINT('',(-35.8097594285,-6.923150837526,102.));
#1806 = CARTESIAN_POINT('',(-25.39259902128,-5.889167258386,0.));
#1807 = CARTESIAN_POINT('',(-33.83275809339,-7.846647405311,102.));
#1808 = DEFINITIONAL_REPRESENTATION('',(#1809),#1832);
#1809 = B_SPLINE_CURVE_WITH_KNOTS('',6,(#1810,#1811,#1812,#1813,#1814,
    #1815,#1816,#1817,#1818,#1819,#1820,#1821,#1822,#1823,#1824,#1825,
    #1826,#1827,#1828,#1829,#1830,#1831),.UNSPECIFIED.,.F.,.F.,(7,5,5,5,
    7),(0.,0.25099973173,0.500999735494,0.75099973929,1.),
  .UNSPECIFIED.);
#1810 = CARTESIAN_POINT('',(1.133797091735,0.980392156863));
#1811 = CARTESIAN_POINT('',(1.038942562848,0.980392156863));
#1812 = CARTESIAN_POINT('',(0.944064641548,0.980392156863));
#1813 = CARTESIAN_POINT('',(0.849214018175,0.980392156863));
#1814 = CARTESIAN_POINT('',(0.754363416127,0.980392156863));
#1815 = CARTESIAN_POINT('',(0.659485475923,0.980392156863));
#1816 = CARTESIAN_POINT('',(0.470154231517,0.980392156863));
#1817 = CARTESIAN_POINT('',(0.375654555065,0.980392156863));
#1818 = CARTESIAN_POINT('',(0.281181681084,0.980392156863));
#1819 = CARTESIAN_POINT('',(0.186708805136,0.980392156863));
#1820 = CARTESIAN_POINT('',(9.220912689823E-02,0.980392156863));
#1821 = CARTESIAN_POINT('',(-9.674431527753E-02,0.980392156863));
#1822 = CARTESIAN_POINT('',(-0.19124399356,0.980392156863));
#1823 = CARTESIAN_POINT('',(-0.285716869518,0.980392156863));
#1824 = CARTESIAN_POINT('',(-0.380189743457,0.980392156863));
#1825 = CARTESIAN_POINT('',(-0.474689419885,0.980392156863));
#1826 = CARTESIAN_POINT('',(-0.663265050431,0.980392156863));
#1827 = CARTESIAN_POINT('',(-0.757386472244,0.980392156863));
#1828 = CARTESIAN_POINT('',(-0.851481612719,0.980392156863));
#1829 = CARTESIAN_POINT('',(-0.945576773658,0.980392156863));
#1830 = CARTESIAN_POINT('',(-1.039698176812,0.980392156863));
#1831 = CARTESIAN_POINT('',(-1.133797091735,0.980392156863));
#1832 = ( GEOMETRIC_REPRESENTATION_CONTEXT(2) 
PARAMETRIC_REPRESENTATION_CONTEXT() REPRESENTATION_CONTEXT('2D SPACE',''
  ) );
#1833 = ORIENTED_EDGE('',*,*,#1834,.T.);
#1834 = EDGE_CURVE('',#1734,#1835,#1837,.T.);
#1835 = VERTEX_POINT('',#1836);
#1836 = CARTESIAN_POINT('',(-33.12716053191,8.060558856363,100.));
#1837 = SURFACE_CURVE('',#1838,(#1841,#1847),.PCURVE_S1.);
#1838 = B_SPLINE_CURVE_WITH_KNOTS('',1,(#1839,#1840),.UNSPECIFIED.,.F.,
  .F.,(2,2),(0.,1.),.PIECEWISE_BEZIER_KNOTS.);
#1839 = CARTESIAN_POINT('',(-33.66726477825,7.808265441646,100.));
#1840 = CARTESIAN_POINT('',(-33.12716053191,8.060558856363,100.));
#1841 = PCURVE('',#43,#1842);
#1842 = DEFINITIONAL_REPRESENTATION('',(#1843),#1846);
#1843 = B_SPLINE_CURVE_WITH_KNOTS('',1,(#1844,#1845),.UNSPECIFIED.,.F.,
  .F.,(2,2),(0.,1.),.PIECEWISE_BEZIER_KNOTS.);
#1844 = CARTESIAN_POINT('',(7.808265441646,33.667264778252));
#1845 = CARTESIAN_POINT('',(8.060558856363,33.127160531918));
#1846 = ( GEOMETRIC_REPRESENTATION_CONTEXT(2) 
PARAMETRIC_REPRESENTATION_CONTEXT() REPRESENTATION_CONTEXT('2D SPACE',''
  ) );
#1847 = PCURVE('',#1848,#1853);
#1848 = B_SPLINE_SURFACE_WITH_KNOTS('',1,1,(
    (#1849,#1850)
    ,(#1851,#1852
    )),.UNSPECIFIED.,.F.,.F.,.F.,(2,2),(2,2),(1.231017795392,
    1.830072700383),(0.,1.),.PIECEWISE_BEZIER_KNOTS.);
#1849 = CARTESIAN_POINT('',(-24.98524040016,6.079452556518,0.));
#1850 = CARTESIAN_POINT('',(-33.28999893455,8.10018098236,102.));
#1851 = CARTESIAN_POINT('',(-25.39259902128,5.889167258386,0.));
#1852 = CARTESIAN_POINT('',(-33.83275809339,7.846647405311,102.));
#1853 = DEFINITIONAL_REPRESENTATION('',(#1854),#1857);
#1854 = B_SPLINE_CURVE_WITH_KNOTS('',1,(#1855,#1856),.UNSPECIFIED.,.F.,
  .F.,(2,2),(0.,1.),.PIECEWISE_BEZIER_KNOTS.);
#1855 = CARTESIAN_POINT('',(1.830072700383,0.980392156863));
#1856 = CARTESIAN_POINT('',(1.231017795392,0.980392156863));
#1857 = ( GEOMETRIC_REPRESENTATION_CONTEXT(2) 
PARAMETRIC_REPRESENTATION_CONTEXT() REPRESENTATION_CONTEXT('2D SPACE',''
  ) );
#1858 = ORIENTED_EDGE('',*,*,#1859,.T.);
#1859 = EDGE_CURVE('',#1835,#1860,#1862,.T.);
#1860 = VERTEX_POINT('',#1861);
#1861 = CARTESIAN_POINT('',(-32.44646726847,9.726356775389,100.));
#1862 = SURFACE_CURVE('',#1863,(#1886,#1912),.PCURVE_S1.);
#1863 = B_SPLINE_CURVE_WITH_KNOTS('',6,(#1864,#1865,#1866,#1867,#1868,
    #1869,#1870,#1871,#1872,#1873,#1874,#1875,#1876,#1877,#1878,#1879,
    #1880,#1881,#1882,#1883,#1884,#1885),.UNSPECIFIED.,.F.,.F.,(7,5,5,5,
    7),(0.,0.282004212156,0.496009218426,0.901997308534,1.),
  .UNSPECIFIED.);
#1864 = CARTESIAN_POINT('',(-33.12716053191,8.060558856363,100.));
#1865 = CARTESIAN_POINT('',(-33.04293787072,8.099900933253,100.));
#1866 = CARTESIAN_POINT('',(-32.9620215022,8.146331249278,100.));
#1867 = CARTESIAN_POINT('',(-32.88516477465,8.199497024936,100.));
#1868 = CARTESIAN_POINT('',(-32.81305948696,8.25894770436,100.));
#1869 = CARTESIAN_POINT('',(-32.74632786078,8.324140700331,100.));
#1870 = CARTESIAN_POINT('',(-32.63936498614,8.447800703755,100.));
#1871 = CARTESIAN_POINT('',(-32.59662124215,8.504101666978,100.));
#1872 = CARTESIAN_POINT('',(-32.55751994455,8.563076251465,100.));
#1873 = CARTESIAN_POINT('',(-32.52226642911,8.624428535743,100.));
#1874 = CARTESIAN_POINT('',(-32.49103347308,8.687842480868,100.));
#1875 = CARTESIAN_POINT('',(-32.41259920335,8.876563605386,100.));
#1876 = CARTESIAN_POINT('',(-32.37619584378,9.006390475587,100.));
#1877 = CARTESIAN_POINT('',(-32.35572758565,9.140143341009,100.));
#1878 = CARTESIAN_POINT('',(-32.35163130042,9.275391242527,100.));
#1879 = CARTESIAN_POINT('',(-32.36391775501,9.40966436482,100.));
#1880 = CARTESIAN_POINT('',(-32.39883568447,9.572086225106,100.));
#1881 = CARTESIAN_POINT('',(-32.40654904093,9.603471204412,100.));
#1882 = CARTESIAN_POINT('',(-32.41517856937,9.634623865252,100.));
#1883 = CARTESIAN_POINT('',(-32.42471538311,9.665510855409,100.));
#1884 = CARTESIAN_POINT('',(-32.4351489852,9.696099294781,100.));
#1885 = CARTESIAN_POINT('',(-32.44646726847,9.726356775389,100.));
#1886 = PCURVE('',#43,#1887);
#1887 = DEFINITIONAL_REPRESENTATION('',(#1888),#1911);
#1888 = B_SPLINE_CURVE_WITH_KNOTS('',6,(#1889,#1890,#1891,#1892,#1893,
    #1894,#1895,#1896,#1897,#1898,#1899,#1900,#1901,#1902,#1903,#1904,
    #1905,#1906,#1907,#1908,#1909,#1910),.UNSPECIFIED.,.F.,.F.,(7,5,5,5,
    7),(0.,0.282004212156,0.496009218426,0.901997308534,1.),
  .UNSPECIFIED.);
#1889 = CARTESIAN_POINT('',(8.060558856363,33.127160531918));
#1890 = CARTESIAN_POINT('',(8.099900933253,33.042937870728));
#1891 = CARTESIAN_POINT('',(8.146331249278,32.962021502209));
#1892 = CARTESIAN_POINT('',(8.199497024936,32.885164774659));
#1893 = CARTESIAN_POINT('',(8.25894770436,32.81305948696));
#1894 = CARTESIAN_POINT('',(8.324140700331,32.746327860789));
#1895 = CARTESIAN_POINT('',(8.447800703755,32.639364986144));
#1896 = CARTESIAN_POINT('',(8.504101666978,32.596621242153));
#1897 = CARTESIAN_POINT('',(8.563076251465,32.55751994455));
#1898 = CARTESIAN_POINT('',(8.624428535743,32.522266429114));
#1899 = CARTESIAN_POINT('',(8.687842480868,32.491033473085));
#1900 = CARTESIAN_POINT('',(8.876563605386,32.412599203351));
#1901 = CARTESIAN_POINT('',(9.006390475587,32.376195843781));
#1902 = CARTESIAN_POINT('',(9.140143341009,32.355727585656));
#1903 = CARTESIAN_POINT('',(9.275391242527,32.351631300421));
#1904 = CARTESIAN_POINT('',(9.40966436482,32.363917755014));
#1905 = CARTESIAN_POINT('',(9.572086225106,32.398835684475));
#1906 = CARTESIAN_POINT('',(9.603471204412,32.406549040938));
#1907 = CARTESIAN_POINT('',(9.634623865252,32.415178569378));
#1908 = CARTESIAN_POINT('',(9.665510855409,32.424715383112));
#1909 = CARTESIAN_POINT('',(9.696099294781,32.435148985207));
#1910 = CARTESIAN_POINT('',(9.726356775389,32.446467268476));
#1911 = ( GEOMETRIC_REPRESENTATION_CONTEXT(2) 
PARAMETRIC_REPRESENTATION_CONTEXT() REPRESENTATION_CONTEXT('2D SPACE',''
  ) );
#1912 = PCURVE('',#1913,#1930);
#1913 = B_SPLINE_SURFACE_WITH_KNOTS('',7,1,(
    (#1914,#1915)
    ,(#1916,#1917)
    ,(#1918,#1919)
    ,(#1920,#1921)
    ,(#1922,#1923)
    ,(#1924,#1925)
    ,(#1926,#1927)
    ,(#1928,#1929
    )),.UNSPECIFIED.,.F.,.F.,.F.,(8,8),(2,2),(-0.357951237021,
    1.133797091735),(0.,1.),.PIECEWISE_BEZIER_KNOTS.);
#1914 = CARTESIAN_POINT('',(-24.47184641913,7.335834353106,0.));
#1915 = CARTESIAN_POINT('',(-32.60595968546,9.774167223834,102.));
#1916 = CARTESIAN_POINT('',(-24.39718312288,7.136234892255,0.));
#1917 = CARTESIAN_POINT('',(-32.50647931174,9.508223581402,102.));
#1918 = CARTESIAN_POINT('',(-24.37214622319,6.91807263868,0.));
#1919 = CARTESIAN_POINT('',(-32.47312048266,9.217547123112,102.));
#1920 = CARTESIAN_POINT('',(-24.4022662775,6.696150853514,0.));
#1921 = CARTESIAN_POINT('',(-32.51325203872,8.921861515393,102.));
#1922 = CARTESIAN_POINT('',(-24.48758885672,6.487348765207,0.));
#1923 = CARTESIAN_POINT('',(-32.62693469799,8.643656415663,102.));
#1924 = CARTESIAN_POINT('',(-24.62150458238,6.307840896795,0.));
#1925 = CARTESIAN_POINT('',(-32.80536221333,8.40448254131,102.));
#1926 = CARTESIAN_POINT('',(-24.79216006136,6.169644215483,0.));
#1927 = CARTESIAN_POINT('',(-33.03274128283,8.22035113813,102.));
#1928 = CARTESIAN_POINT('',(-24.98524040016,6.079452556518,0.));
#1929 = CARTESIAN_POINT('',(-33.28999893455,8.10018098236,102.));
#1930 = DEFINITIONAL_REPRESENTATION('',(#1931),#1954);
#1931 = B_SPLINE_CURVE_WITH_KNOTS('',6,(#1932,#1933,#1934,#1935,#1936,
    #1937,#1938,#1939,#1940,#1941,#1942,#1943,#1944,#1945,#1946,#1947,
    #1948,#1949,#1950,#1951,#1952,#1953),.UNSPECIFIED.,.F.,.F.,(7,5,5,5,
    7),(0.,0.282004212156,0.496009218426,0.901997308534,1.),
  .UNSPECIFIED.);
#1932 = CARTESIAN_POINT('',(1.133797091735,0.980392156863));
#1933 = CARTESIAN_POINT('',(1.063685835679,0.980392156863));
#1934 = CARTESIAN_POINT('',(0.993571226908,0.980392156863));
#1935 = CARTESIAN_POINT('',(0.923460541044,0.980392156863));
#1936 = CARTESIAN_POINT('',(0.853349883216,0.980392156863));
#1937 = CARTESIAN_POINT('',(0.78323532861,0.980392156863));
#1938 = CARTESIAN_POINT('',(0.659918610114,0.980392156863));
#1939 = CARTESIAN_POINT('',(0.606712303824,0.980392156863));
#1940 = CARTESIAN_POINT('',(0.553506991817,0.980392156863));
#1941 = CARTESIAN_POINT('',(0.500301680288,0.980392156863));
#1942 = CARTESIAN_POINT('',(0.447095374727,0.980392156863));
#1943 = CARTESIAN_POINT('',(0.292954054491,0.980392156863));
#1944 = CARTESIAN_POINT('',(0.191997222138,0.980392156863));
#1945 = CARTESIAN_POINT('',(9.106496568119E-02,0.980392156863));
#1946 = CARTESIAN_POINT('',(-9.867218206774E-03,0.980392156863));
#1947 = CARTESIAN_POINT('',(-0.110824027724,0.980392156863));
#1948 = CARTESIAN_POINT('',(-0.236125116109,0.980392156863));
#1949 = CARTESIAN_POINT('',(-0.260490338582,0.980392156863));
#1950 = CARTESIAN_POINT('',(-0.284855566576,0.980392156863));
#1951 = CARTESIAN_POINT('',(-0.309220796432,0.980392156863));
#1952 = CARTESIAN_POINT('',(-0.333586022475,0.980392156863));
#1953 = CARTESIAN_POINT('',(-0.357951237021,0.980392156863));
#1954 = ( GEOMETRIC_REPRESENTATION_CONTEXT(2) 
PARAMETRIC_REPRESENTATION_CONTEXT() REPRESENTATION_CONTEXT('2D SPACE',''
  ) );
#1955 = ORIENTED_EDGE('',*,*,#1956,.T.);
#1956 = EDGE_CURVE('',#1860,#1957,#1959,.T.);
#1957 = VERTEX_POINT('',#1958);
#1958 = CARTESIAN_POINT('',(-33.07952942367,11.41873939462,100.));
#1959 = SURFACE_CURVE('',#1960,(#1963,#1969),.PCURVE_S1.);
#1960 = B_SPLINE_CURVE_WITH_KNOTS('',1,(#1961,#1962),.UNSPECIFIED.,.F.,
  .F.,(2,2),(0.,1.),.PIECEWISE_BEZIER_KNOTS.);
#1961 = CARTESIAN_POINT('',(-32.44646726847,9.726356775389,100.));
#1962 = CARTESIAN_POINT('',(-33.07952942367,11.41873939462,100.));
#1963 = PCURVE('',#43,#1964);
#1964 = DEFINITIONAL_REPRESENTATION('',(#1965),#1968);
#1965 = B_SPLINE_CURVE_WITH_KNOTS('',1,(#1966,#1967),.UNSPECIFIED.,.F.,
  .F.,(2,2),(0.,1.),.PIECEWISE_BEZIER_KNOTS.);
#1966 = CARTESIAN_POINT('',(9.726356775389,32.446467268476));
#1967 = CARTESIAN_POINT('',(11.41873939462,33.079529423677));
#1968 = ( GEOMETRIC_REPRESENTATION_CONTEXT(2) 
PARAMETRIC_REPRESENTATION_CONTEXT() REPRESENTATION_CONTEXT('2D SPACE',''
  ) );
#1969 = PCURVE('',#1970,#1975);
#1970 = B_SPLINE_SURFACE_WITH_KNOTS('',1,1,(
    (#1971,#1972)
    ,(#1973,#1974
    )),.UNSPECIFIED.,.F.,.F.,.F.,(2,2),(2,2),(10.509440621469,
    12.325233387434),(0.,1.),.PIECEWISE_BEZIER_KNOTS.);
#1971 = CARTESIAN_POINT('',(-24.94931596019,8.612266921174,0.));
#1972 = CARTESIAN_POINT('',(-33.24213369294,11.474868844089,102.));
#1973 = CARTESIAN_POINT('',(-24.47184641913,7.335834353106,0.));
#1974 = CARTESIAN_POINT('',(-32.60595968546,9.774167223834,102.));
#1975 = DEFINITIONAL_REPRESENTATION('',(#1976),#1979);
#1976 = B_SPLINE_CURVE_WITH_KNOTS('',1,(#1977,#1978),.UNSPECIFIED.,.F.,
  .F.,(2,2),(0.,1.),.PIECEWISE_BEZIER_KNOTS.);
#1977 = CARTESIAN_POINT('',(12.325233387434,0.980392156863));
#1978 = CARTESIAN_POINT('',(10.509440621469,0.980392156863));
#1979 = ( GEOMETRIC_REPRESENTATION_CONTEXT(2) 
PARAMETRIC_REPRESENTATION_CONTEXT() REPRESENTATION_CONTEXT('2D SPACE',''
  ) );
#1980 = ORIENTED_EDGE('',*,*,#1981,.T.);
#1981 = EDGE_CURVE('',#1957,#1982,#1984,.T.);
#1982 = VERTEX_POINT('',#1983);
#1983 = CARTESIAN_POINT('',(-26.42868310677,22.93834312883,100.));
#1984 = SURFACE_CURVE('',#1985,(#2008,#2034),.PCURVE_S1.);
#1985 = B_SPLINE_CURVE_WITH_KNOTS('',6,(#1986,#1987,#1988,#1989,#1990,
    #1991,#1992,#1993,#1994,#1995,#1996,#1997,#1998,#1999,#2000,#2001,
    #2002,#2003,#2004,#2005,#2006,#2007),.UNSPECIFIED.,.F.,.F.,(7,5,5,5,
    7),(0.,0.250999900883,0.499999999057,0.749999999393,1.),
  .UNSPECIFIED.);
#1986 = CARTESIAN_POINT('',(-33.07952942367,11.41873939462,100.));
#1987 = CARTESIAN_POINT('',(-33.30222522366,12.014078253813,100.));
#1988 = CARTESIAN_POINT('',(-33.47225078308,12.629182227631,100.));
#1989 = CARTESIAN_POINT('',(-33.58736247566,13.258105723944,100.));
#1990 = CARTESIAN_POINT('',(-33.64631725961,13.894753032776,100.));
#1991 = CARTESIAN_POINT('',(-33.64866604104,14.532919164967,100.));
#1992 = CARTESIAN_POINT('',(-33.54169066232,15.794582068842,100.));
#1993 = CARTESIAN_POINT('',(-33.43324641348,16.418269450746,100.));
#1994 = CARTESIAN_POINT('',(-33.27013779424,17.031154449559,100.));
#1995 = CARTESIAN_POINT('',(-33.05380891494,17.627337519463,100.));
#1996 = CARTESIAN_POINT('',(-32.78644547275,18.201151856006,100.));
#1997 = CARTESIAN_POINT('',(-32.15461655573,19.295511641979,100.));
#1998 = CARTESIAN_POINT('',(-31.7897080005,19.815933451684,100.));
#1999 = CARTESIAN_POINT('',(-31.37956150862,20.303054541012,100.));
#2000 = CARTESIAN_POINT('',(-30.92804128293,20.75209417513,100.));
#2001 = CARTESIAN_POINT('',(-30.43959200917,21.158805895011,100.));
#2002 = CARTESIAN_POINT('',(-29.39917362574,21.880447505606,100.));
#2003 = CARTESIAN_POINT('',(-28.84710954883,22.195443258213,100.));
#2004 = CARTESIAN_POINT('',(-28.26833875714,22.461020823104,100.));
#2005 = CARTESIAN_POINT('',(-27.66839571342,22.674504828759,100.));
#2006 = CARTESIAN_POINT('',(-27.05311211608,22.833951444377,100.));
#2007 = CARTESIAN_POINT('',(-26.42868310677,22.93834312883,100.));
#2008 = PCURVE('',#43,#2009);
#2009 = DEFINITIONAL_REPRESENTATION('',(#2010),#2033);
#2010 = B_SPLINE_CURVE_WITH_KNOTS('',6,(#2011,#2012,#2013,#2014,#2015,
    #2016,#2017,#2018,#2019,#2020,#2021,#2022,#2023,#2024,#2025,#2026,
    #2027,#2028,#2029,#2030,#2031,#2032),.UNSPECIFIED.,.F.,.F.,(7,5,5,5,
    7),(0.,0.250999900883,0.499999999057,0.749999999393,1.),
  .UNSPECIFIED.);
#2011 = CARTESIAN_POINT('',(11.41873939462,33.079529423677));
#2012 = CARTESIAN_POINT('',(12.014078253813,33.302225223666));
#2013 = CARTESIAN_POINT('',(12.629182227631,33.472250783083));
#2014 = CARTESIAN_POINT('',(13.258105723944,33.587362475668));
#2015 = CARTESIAN_POINT('',(13.894753032776,33.646317259614));
#2016 = CARTESIAN_POINT('',(14.532919164967,33.648666041045));
#2017 = CARTESIAN_POINT('',(15.794582068842,33.541690662326));
#2018 = CARTESIAN_POINT('',(16.418269450746,33.433246413487));
#2019 = CARTESIAN_POINT('',(17.031154449559,33.270137794242));
#2020 = CARTESIAN_POINT('',(17.627337519463,33.053808914949));
#2021 = CARTESIAN_POINT('',(18.201151856006,32.786445472752));
#2022 = CARTESIAN_POINT('',(19.295511641979,32.15461655573));
#2023 = CARTESIAN_POINT('',(19.815933451684,31.7897080005));
#2024 = CARTESIAN_POINT('',(20.303054541012,31.379561508626));
#2025 = CARTESIAN_POINT('',(20.75209417513,30.928041282934));
#2026 = CARTESIAN_POINT('',(21.158805895011,30.43959200917));
#2027 = CARTESIAN_POINT('',(21.880447505606,29.399173625742));
#2028 = CARTESIAN_POINT('',(22.195443258213,28.847109548835));
#2029 = CARTESIAN_POINT('',(22.461020823104,28.268338757144));
#2030 = CARTESIAN_POINT('',(22.674504828759,27.668395713422));
#2031 = CARTESIAN_POINT('',(22.833951444377,27.053112116084));
#2032 = CARTESIAN_POINT('',(22.93834312883,26.428683106774));
#2033 = ( GEOMETRIC_REPRESENTATION_CONTEXT(2) 
PARAMETRIC_REPRESENTATION_CONTEXT() REPRESENTATION_CONTEXT('2D SPACE',''
  ) );
#2034 = PCURVE('',#2035,#2054);
#2035 = B_SPLINE_SURFACE_WITH_KNOTS('',8,1,(
    (#2036,#2037)
    ,(#2038,#2039)
    ,(#2040,#2041)
    ,(#2042,#2043)
    ,(#2044,#2045)
    ,(#2046,#2047)
    ,(#2048,#2049)
    ,(#2050,#2051)
    ,(#2052,#2053
    )),.UNSPECIFIED.,.F.,.F.,.F.,(9,9),(2,2),(-1.405148788217,
    0.357951237021),(0.,1.),.PIECEWISE_BEZIER_KNOTS.);
#2036 = CARTESIAN_POINT('',(-19.933099918,17.300607967989,0.));
#2037 = CARTESIAN_POINT('',(-26.55859477054,23.051097832046,102.));
#2038 = CARTESIAN_POINT('',(-21.34601006907,17.064398457459,0.));
#2039 = CARTESIAN_POINT('',(-28.44113729046,22.736375450834,102.));
#2040 = CARTESIAN_POINT('',(-22.69942663295,16.472315984658,0.));
#2041 = CARTESIAN_POINT('',(-30.24441135338,21.947492711544,
    101.99999999999));
#2042 = CARTESIAN_POINT('',(-23.88876982646,15.541852941046,0.));
#2043 = CARTESIAN_POINT('',(-31.82907625997,20.707756241757,102.));
#2044 = CARTESIAN_POINT('',(-24.81565961317,14.327327757783,0.));
#2045 = CARTESIAN_POINT('',(-33.06405177023,19.089539190041,
    101.99999999999));
#2046 = CARTESIAN_POINT('',(-25.40402438205,12.917355064354,0.));
#2047 = CARTESIAN_POINT('',(-33.84798109072,17.210910499251,102.));
#2048 = CARTESIAN_POINT('',(-25.61515741835,11.422122123148,0.));
#2049 = CARTESIAN_POINT('',(-34.12929191426,15.218682198766,
    101.99999999999));
#2050 = CARTESIAN_POINT('',(-25.45120759899,9.953987760528,0.));
#2051 = CARTESIAN_POINT('',(-33.91084737563,13.262559680646,102.));
#2052 = CARTESIAN_POINT('',(-24.94931596019,8.612266921174,0.));
#2053 = CARTESIAN_POINT('',(-33.24213369294,11.474868844089,102.));
#2054 = DEFINITIONAL_REPRESENTATION('',(#2055),#2078);
#2055 = B_SPLINE_CURVE_WITH_KNOTS('',6,(#2056,#2057,#2058,#2059,#2060,
    #2061,#2062,#2063,#2064,#2065,#2066,#2067,#2068,#2069,#2070,#2071,
    #2072,#2073,#2074,#2075,#2076,#2077),.UNSPECIFIED.,.F.,.F.,(7,5,5,5,
    7),(0.,0.250999900883,0.499999999057,0.749999999393,1.),
  .UNSPECIFIED.);
#2056 = CARTESIAN_POINT('',(0.357951237021,0.980392156863));
#2057 = CARTESIAN_POINT('',(0.284196766337,0.980392156863));
#2058 = CARTESIAN_POINT('',(0.210435547998,0.980392156863));
#2059 = CARTESIAN_POINT('',(0.13668218679,0.980392156863));
#2060 = CARTESIAN_POINT('',(6.292884003797E-02,0.980392156863));
#2061 = CARTESIAN_POINT('',(-1.083239587356E-02,0.980392156863));
#2062 = CARTESIAN_POINT('',(-0.157753715447,0.980392156863));
#2063 = CARTESIAN_POINT('',(-0.230927056907,0.980392156863));
#2064 = CARTESIAN_POINT('',(-0.304092811096,0.980392156863));
#2065 = CARTESIAN_POINT('',(-0.377258572463,0.980392156863));
#2066 = CARTESIAN_POINT('',(-0.450431923622,0.980392156863));
#2067 = CARTESIAN_POINT('',(-0.597059441489,0.980392156863));
#2068 = CARTESIAN_POINT('',(-0.670526736683,0.980392156863));
#2069 = CARTESIAN_POINT('',(-0.743986290131,0.980392156863));
#2070 = CARTESIAN_POINT('',(-0.817445836317,0.980392156863));
#2071 = CARTESIAN_POINT('',(-0.8909131218,0.980392156863));
#2072 = CARTESIAN_POINT('',(-1.037834442095,0.980392156863));
#2073 = CARTESIAN_POINT('',(-1.111301732589,0.980392156863));
#2074 = CARTESIAN_POINT('',(-1.184761288218,0.980392156863));
#2075 = CARTESIAN_POINT('',(-1.258220857908,0.980392156863));
#2076 = CARTESIAN_POINT('',(-1.331688130819,0.980392156863));
#2077 = CARTESIAN_POINT('',(-1.405148788217,0.980392156863));
#2078 = ( GEOMETRIC_REPRESENTATION_CONTEXT(2) 
PARAMETRIC_REPRESENTATION_CONTEXT() REPRESENTATION_CONTEXT('2D SPACE',''
  ) );
#2079 = ORIENTED_EDGE('',*,*,#2080,.T.);
#2080 = EDGE_CURVE('',#1982,#2081,#2083,.T.);
#2081 = VERTEX_POINT('',#2082);
#2082 = CARTESIAN_POINT('',(-24.64650568799,23.236286529866,100.));
#2083 = SURFACE_CURVE('',#2084,(#2087,#2093),.PCURVE_S1.);
#2084 = B_SPLINE_CURVE_WITH_KNOTS('',1,(#2085,#2086),.UNSPECIFIED.,.F.,
  .F.,(2,2),(0.,1.),.PIECEWISE_BEZIER_KNOTS.);
#2085 = CARTESIAN_POINT('',(-26.42868310677,22.93834312883,100.));
#2086 = CARTESIAN_POINT('',(-24.64650568799,23.236286529866,100.));
#2087 = PCURVE('',#43,#2088);
#2088 = DEFINITIONAL_REPRESENTATION('',(#2089),#2092);
#2089 = B_SPLINE_CURVE_WITH_KNOTS('',1,(#2090,#2091),.UNSPECIFIED.,.F.,
  .F.,(2,2),(0.,1.),.PIECEWISE_BEZIER_KNOTS.);
#2090 = CARTESIAN_POINT('',(22.93834312883,26.428683106774));
#2091 = CARTESIAN_POINT('',(23.236286529866,24.646505687996));
#2092 = ( GEOMETRIC_REPRESENTATION_CONTEXT(2) 
PARAMETRIC_REPRESENTATION_CONTEXT() REPRESENTATION_CONTEXT('2D SPACE',''
  ) );
#2093 = PCURVE('',#2094,#2099);
#2094 = B_SPLINE_SURFACE_WITH_KNOTS('',1,1,(
    (#2095,#2096)
    ,(#2097,#2098
    )),.UNSPECIFIED.,.F.,.F.,.F.,(2,2),(2,2),(1.231017795392,
    3.046810561358),(0.,1.),.PIECEWISE_BEZIER_KNOTS.);
#2095 = CARTESIAN_POINT('',(-18.58894211731,17.525323499928,0.));
#2096 = CARTESIAN_POINT('',(-24.7676569594,23.350505790465,102.));
#2097 = CARTESIAN_POINT('',(-19.933099918,17.300607967989,0.));
#2098 = CARTESIAN_POINT('',(-26.55859477054,23.051097832046,102.));
#2099 = DEFINITIONAL_REPRESENTATION('',(#2100),#2103);
#2100 = B_SPLINE_CURVE_WITH_KNOTS('',1,(#2101,#2102),.UNSPECIFIED.,.F.,
  .F.,(2,2),(0.,1.),.PIECEWISE_BEZIER_KNOTS.);
#2101 = CARTESIAN_POINT('',(3.046810561358,0.980392156863));
#2102 = CARTESIAN_POINT('',(1.231017795392,0.980392156863));
#2103 = ( GEOMETRIC_REPRESENTATION_CONTEXT(2) 
PARAMETRIC_REPRESENTATION_CONTEXT() REPRESENTATION_CONTEXT('2D SPACE',''
  ) );
#2104 = ORIENTED_EDGE('',*,*,#2105,.T.);
#2105 = EDGE_CURVE('',#2081,#2106,#2108,.T.);
#2106 = VERTEX_POINT('',#2107);
#2107 = CARTESIAN_POINT('',(-23.54422900426,24.658683147704,100.));
#2108 = SURFACE_CURVE('',#2109,(#2128,#2150),.PCURVE_S1.);
#2109 = B_SPLINE_CURVE_WITH_KNOTS('',5,(#2110,#2111,#2112,#2113,#2114,
    #2115,#2116,#2117,#2118,#2119,#2120,#2121,#2122,#2123,#2124,#2125,
    #2126,#2127),.UNSPECIFIED.,.F.,.F.,(6,4,4,4,6),(0.,0.279999085264,
    0.500000038284,0.718001020477,1.),.UNSPECIFIED.);
#2110 = CARTESIAN_POINT('',(-24.64650568799,23.236286529866,100.));
#2111 = CARTESIAN_POINT('',(-24.53726284968,23.254549685061,100.));
#2112 = CARTESIAN_POINT('',(-24.42992102451,23.284221856115,100.));
#2113 = CARTESIAN_POINT('',(-24.32608599203,23.325033033377,100.));
#2114 = CARTESIAN_POINT('',(-24.22726731081,23.376390393787,100.));
#2115 = CARTESIAN_POINT('',(-24.06219058442,23.485332498575,100.));
#2116 = CARTESIAN_POINT('',(-23.99348784436,23.539227747208,100.));
#2117 = CARTESIAN_POINT('',(-23.92937286542,23.598649990855,100.));
#2118 = CARTESIAN_POINT('',(-23.87042086786,23.663066029324,100.));
#2119 = CARTESIAN_POINT('',(-23.7642915754,23.800017076978,100.));
#2120 = CARTESIAN_POINT('',(-23.71700981681,23.87247590878,100.));
#2121 = CARTESIAN_POINT('',(-23.67573723053,23.948625639201,100.));
#2122 = CARTESIAN_POINT('',(-23.6408374762,24.027795421443,100.));
#2123 = CARTESIAN_POINT('',(-23.57598514391,24.214645282674,100.));
#2124 = CARTESIAN_POINT('',(-23.55048982401,24.323881217789,100.));
#2125 = CARTESIAN_POINT('',(-23.53662039434,24.435397962258,100.));
#2126 = CARTESIAN_POINT('',(-23.53458089318,24.547551144573,100.));
#2127 = CARTESIAN_POINT('',(-23.54422900426,24.658683147704,100.));
#2128 = PCURVE('',#43,#2129);
#2129 = DEFINITIONAL_REPRESENTATION('',(#2130),#2149);
#2130 = B_SPLINE_CURVE_WITH_KNOTS('',5,(#2131,#2132,#2133,#2134,#2135,
    #2136,#2137,#2138,#2139,#2140,#2141,#2142,#2143,#2144,#2145,#2146,
    #2147,#2148),.UNSPECIFIED.,.F.,.F.,(6,4,4,4,6),(0.,0.279999085264,
    0.500000038284,0.718001020477,1.),.UNSPECIFIED.);
#2131 = CARTESIAN_POINT('',(23.236286529866,24.646505687996));
#2132 = CARTESIAN_POINT('',(23.254549685061,24.537262849688));
#2133 = CARTESIAN_POINT('',(23.284221856115,24.429921024516));
#2134 = CARTESIAN_POINT('',(23.325033033377,24.32608599203));
#2135 = CARTESIAN_POINT('',(23.376390393787,24.227267310815));
#2136 = CARTESIAN_POINT('',(23.485332498575,24.062190584428));
#2137 = CARTESIAN_POINT('',(23.539227747208,23.993487844361));
#2138 = CARTESIAN_POINT('',(23.598649990855,23.929372865424));
#2139 = CARTESIAN_POINT('',(23.663066029324,23.870420867863));
#2140 = CARTESIAN_POINT('',(23.800017076978,23.764291575408));
#2141 = CARTESIAN_POINT('',(23.87247590878,23.717009816813));
#2142 = CARTESIAN_POINT('',(23.948625639201,23.675737230536));
#2143 = CARTESIAN_POINT('',(24.027795421443,23.640837476206));
#2144 = CARTESIAN_POINT('',(24.214645282674,23.575985143915));
#2145 = CARTESIAN_POINT('',(24.323881217789,23.550489824018));
#2146 = CARTESIAN_POINT('',(24.435397962258,23.53662039434));
#2147 = CARTESIAN_POINT('',(24.547551144573,23.534580893185));
#2148 = CARTESIAN_POINT('',(24.658683147704,23.544229004269));
#2149 = ( GEOMETRIC_REPRESENTATION_CONTEXT(2) 
PARAMETRIC_REPRESENTATION_CONTEXT() REPRESENTATION_CONTEXT('2D SPACE',''
  ) );
#2150 = PCURVE('',#2151,#2168);
#2151 = B_SPLINE_SURFACE_WITH_KNOTS('',7,1,(
    (#2152,#2153)
    ,(#2154,#2155)
    ,(#2156,#2157)
    ,(#2158,#2159)
    ,(#2160,#2161)
    ,(#2162,#2163)
    ,(#2164,#2165)
    ,(#2166,#2167
    )),.UNSPECIFIED.,.F.,.F.,.F.,(8,8),(2,2),(-8.659954053865E-02,
    1.405148788217),(0.,1.),.PIECEWISE_BEZIER_KNOTS.);
#2152 = CARTESIAN_POINT('',(-17.75758055513,18.598126627948,0.));
#2153 = CARTESIAN_POINT('',(-23.65996197325,24.7798942781,102.));
#2154 = CARTESIAN_POINT('',(-17.7391486536,18.385818320093,0.));
#2155 = CARTESIAN_POINT('',(-23.63540355506,24.497017538508,102.));
#2156 = CARTESIAN_POINT('',(-17.77350275085,18.168927999346,0.));
#2157 = CARTESIAN_POINT('',(-23.6811764931,24.208035786445,
    101.99999999999));
#2158 = CARTESIAN_POINT('',(-17.86200326223,17.963199644746,0.));
#2159 = CARTESIAN_POINT('',(-23.79909338654,23.933926088249,102.));
#2160 = CARTESIAN_POINT('',(-18.00016988546,17.784907079474,0.));
#2161 = CARTESIAN_POINT('',(-23.98318474073,23.696371467486,
    101.99999999999));
#2162 = CARTESIAN_POINT('',(-18.17729976192,17.647861454695,0.));
#2163 = CARTESIAN_POINT('',(-24.21919021052,23.513773716581,102.));
#2164 = CARTESIAN_POINT('',(-18.3787522655,17.560462919073,0.));
#2165 = CARTESIAN_POINT('',(-24.48760282222,23.397325080861,102.));
#2166 = CARTESIAN_POINT('',(-18.58894211731,17.525323499928,0.));
#2167 = CARTESIAN_POINT('',(-24.7676569594,23.350505790465,102.));
#2168 = DEFINITIONAL_REPRESENTATION('',(#2169),#2188);
#2169 = B_SPLINE_CURVE_WITH_KNOTS('',5,(#2170,#2171,#2172,#2173,#2174,
    #2175,#2176,#2177,#2178,#2179,#2180,#2181,#2182,#2183,#2184,#2185,
    #2186,#2187),.UNSPECIFIED.,.F.,.F.,(6,4,4,4,6),(0.,0.279999085264,
    0.500000038284,0.718001020477,1.),.UNSPECIFIED.);
#2170 = CARTESIAN_POINT('',(1.405148788217,0.980392156863));
#2171 = CARTESIAN_POINT('',(1.321611942731,0.980392156863));
#2172 = CARTESIAN_POINT('',(1.23807023907,0.980392156863));
#2173 = CARTESIAN_POINT('',(1.154537732834,0.980392156863));
#2174 = CARTESIAN_POINT('',(1.070996112463,0.980392156863));
#2175 = CARTESIAN_POINT('',(0.92182265603,0.980392156863));
#2176 = CARTESIAN_POINT('',(0.856184589153,0.980392156863));
#2177 = CARTESIAN_POINT('',(0.790549290829,0.980392156863));
#2178 = CARTESIAN_POINT('',(0.72491122545,0.980392156863));
#2179 = CARTESIAN_POINT('',(0.594234707318,0.980392156863));
#2180 = CARTESIAN_POINT('',(0.529193391526,0.980392156863));
#2181 = CARTESIAN_POINT('',(0.464154720743,0.980392156863));
#2182 = CARTESIAN_POINT('',(0.399113403361,0.980392156863));
#2183 = CARTESIAN_POINT('',(0.24993996947,0.980392156863));
#2184 = CARTESIAN_POINT('',(0.165801517236,0.980392156863));
#2185 = CARTESIAN_POINT('',(8.167250306806E-02,0.980392156863));
#2186 = CARTESIAN_POINT('',(-2.466033271236E-03,0.980392156863));
#2187 = CARTESIAN_POINT('',(-8.659954053865E-02,0.980392156863));
#2188 = ( GEOMETRIC_REPRESENTATION_CONTEXT(2) 
PARAMETRIC_REPRESENTATION_CONTEXT() REPRESENTATION_CONTEXT('2D SPACE',''
  ) );
#2189 = ORIENTED_EDGE('',*,*,#2190,.T.);
#2190 = EDGE_CURVE('',#2106,#2191,#2193,.T.);
#2191 = VERTEX_POINT('',#2192);
#2192 = CARTESIAN_POINT('',(-23.59578862108,25.25257385308,100.));
#2193 = SURFACE_CURVE('',#2194,(#2197,#2203),.PCURVE_S1.);
#2194 = B_SPLINE_CURVE_WITH_KNOTS('',1,(#2195,#2196),.UNSPECIFIED.,.F.,
  .F.,(2,2),(0.,1.),.PIECEWISE_BEZIER_KNOTS.);
#2195 = CARTESIAN_POINT('',(-23.54422900426,24.658683147704,100.));
#2196 = CARTESIAN_POINT('',(-23.59578862108,25.25257385308,100.));
#2197 = PCURVE('',#43,#2198);
#2198 = DEFINITIONAL_REPRESENTATION('',(#2199),#2202);
#2199 = B_SPLINE_CURVE_WITH_KNOTS('',1,(#2200,#2201),.UNSPECIFIED.,.F.,
  .F.,(2,2),(0.,1.),.PIECEWISE_BEZIER_KNOTS.);
#2200 = CARTESIAN_POINT('',(24.658683147704,23.544229004269));
#2201 = CARTESIAN_POINT('',(25.25257385308,23.595788621084));
#2202 = ( GEOMETRIC_REPRESENTATION_CONTEXT(2) 
PARAMETRIC_REPRESENTATION_CONTEXT() REPRESENTATION_CONTEXT('2D SPACE',''
  ) );
#2203 = PCURVE('',#2204,#2209);
#2204 = B_SPLINE_SURFACE_WITH_KNOTS('',1,1,(
    (#2205,#2206)
    ,(#2207,#2208
    )),.UNSPECIFIED.,.F.,.F.,.F.,(2,2),(2,2),(18.540237039241,
    19.139291944232),(0.,1.),.PIECEWISE_BEZIER_KNOTS.);
#2205 = CARTESIAN_POINT('',(-17.79646796354,19.046052191352,0.));
#2206 = CARTESIAN_POINT('',(-23.71177503423,25.376704286315,102.));
#2207 = CARTESIAN_POINT('',(-17.75758055513,18.598126627948,0.));
#2208 = CARTESIAN_POINT('',(-23.65996197325,24.7798942781,102.));
#2209 = DEFINITIONAL_REPRESENTATION('',(#2210),#2213);
#2210 = B_SPLINE_CURVE_WITH_KNOTS('',1,(#2211,#2212),.UNSPECIFIED.,.F.,
  .F.,(2,2),(0.,1.),.PIECEWISE_BEZIER_KNOTS.);
#2211 = CARTESIAN_POINT('',(19.139291944232,0.980392156863));
#2212 = CARTESIAN_POINT('',(18.540237039241,0.980392156863));
#2213 = ( GEOMETRIC_REPRESENTATION_CONTEXT(2) 
PARAMETRIC_REPRESENTATION_CONTEXT() REPRESENTATION_CONTEXT('2D SPACE',''
  ) );
#2214 = ORIENTED_EDGE('',*,*,#2215,.T.);
#2215 = EDGE_CURVE('',#2191,#2216,#2218,.T.);
#2216 = VERTEX_POINT('',#2217);
#2217 = CARTESIAN_POINT('',(-10.07147615716,33.060839294726,100.));
#2218 = SURFACE_CURVE('',#2219,(#2242,#2268),.PCURVE_S1.);
#2219 = B_SPLINE_CURVE_WITH_KNOTS('',6,(#2220,#2221,#2222,#2223,#2224,
    #2225,#2226,#2227,#2228,#2229,#2230,#2231,#2232,#2233,#2234,#2235,
    #2236,#2237,#2238,#2239,#2240,#2241),.UNSPECIFIED.,.F.,.F.,(7,5,5,5,
    7),(0.,0.25099973173,0.500999735493,0.75099973929,1.),
  .UNSPECIFIED.);
#2220 = CARTESIAN_POINT('',(-23.59578862108,25.25257385308,100.));
#2221 = CARTESIAN_POINT('',(-23.6664927424,26.066981001129,100.));
#2222 = CARTESIAN_POINT('',(-23.64451390573,26.889641012462,100.));
#2223 = CARTESIAN_POINT('',(-23.52858457643,27.706908829971,100.));
#2224 = CARTESIAN_POINT('',(-23.32032294555,28.505653738665,100.));
#2225 = CARTESIAN_POINT('',(-23.02330076791,29.273136916215,100.));
#2226 = CARTESIAN_POINT('',(-22.26611048704,30.718494641389,100.));
#2227 = CARTESIAN_POINT('',(-21.80640863769,31.397073320155,100.));
#2228 = CARTESIAN_POINT('',(-21.27105511084,32.020965618133,100.));
#2229 = CARTESIAN_POINT('',(-20.66837903471,32.580095798208,100.));
#2230 = CARTESIAN_POINT('',(-20.00812583302,33.065750533357,100.));
#2231 = CARTESIAN_POINT('',(-18.59602221891,33.876765073655,100.));
#2232 = CARTESIAN_POINT('',(-17.84382207054,34.202325742894,100.));
#2233 = CARTESIAN_POINT('',(-17.05717199163,34.441128306588,100.));
#2234 = CARTESIAN_POINT('',(-16.24850904629,34.589146006015,100.));
#2235 = CARTESIAN_POINT('',(-15.43073337671,34.64426195841,100.));
#2236 = CARTESIAN_POINT('',(-13.80724728084,34.57023269014,100.));
#2237 = CARTESIAN_POINT('',(-13.00110435349,34.441805339956,100.));
#2238 = CARTESIAN_POINT('',(-12.21229625274,34.222421718888,100.));
#2239 = CARTESIAN_POINT('',(-11.45332896505,33.915312603326,100.));
#2240 = CARTESIAN_POINT('',(-10.73608457244,33.525542865885,100.));
#2241 = CARTESIAN_POINT('',(-10.07147615716,33.060839294726,100.));
#2242 = PCURVE('',#43,#2243);
#2243 = DEFINITIONAL_REPRESENTATION('',(#2244),#2267);
#2244 = B_SPLINE_CURVE_WITH_KNOTS('',6,(#2245,#2246,#2247,#2248,#2249,
    #2250,#2251,#2252,#2253,#2254,#2255,#2256,#2257,#2258,#2259,#2260,
    #2261,#2262,#2263,#2264,#2265,#2266),.UNSPECIFIED.,.F.,.F.,(7,5,5,5,
    7),(0.,0.25099973173,0.500999735493,0.75099973929,1.),
  .UNSPECIFIED.);
#2245 = CARTESIAN_POINT('',(25.25257385308,23.595788621084));
#2246 = CARTESIAN_POINT('',(26.066981001129,23.666492742405));
#2247 = CARTESIAN_POINT('',(26.889641012462,23.644513905734));
#2248 = CARTESIAN_POINT('',(27.706908829971,23.528584576432));
#2249 = CARTESIAN_POINT('',(28.505653738665,23.320322945556));
#2250 = CARTESIAN_POINT('',(29.273136916215,23.023300767917));
#2251 = CARTESIAN_POINT('',(30.718494641389,22.266110487044));
#2252 = CARTESIAN_POINT('',(31.397073320155,21.806408637693));
#2253 = CARTESIAN_POINT('',(32.020965618133,21.271055110845));
#2254 = CARTESIAN_POINT('',(32.580095798208,20.668379034715));
#2255 = CARTESIAN_POINT('',(33.065750533357,20.00812583302));
#2256 = CARTESIAN_POINT('',(33.876765073655,18.596022218912));
#2257 = CARTESIAN_POINT('',(34.202325742894,17.843822070548));
#2258 = CARTESIAN_POINT('',(34.441128306588,17.057171991639));
#2259 = CARTESIAN_POINT('',(34.589146006015,16.24850904629));
#2260 = CARTESIAN_POINT('',(34.64426195841,15.430733376713));
#2261 = CARTESIAN_POINT('',(34.57023269014,13.807247280847));
#2262 = CARTESIAN_POINT('',(34.441805339956,13.001104353497));
#2263 = CARTESIAN_POINT('',(34.222421718888,12.21229625274));
#2264 = CARTESIAN_POINT('',(33.915312603326,11.453328965056));
#2265 = CARTESIAN_POINT('',(33.525542865885,10.736084572447));
#2266 = CARTESIAN_POINT('',(33.060839294726,10.071476157168));
#2267 = ( GEOMETRIC_REPRESENTATION_CONTEXT(2) 
PARAMETRIC_REPRESENTATION_CONTEXT() REPRESENTATION_CONTEXT('2D SPACE',''
  ) );
#2268 = PCURVE('',#2269,#2290);
#2269 = B_SPLINE_SURFACE_WITH_KNOTS('',9,1,(
    (#2270,#2271)
    ,(#2272,#2273)
    ,(#2274,#2275)
    ,(#2276,#2277)
    ,(#2278,#2279)
    ,(#2280,#2281)
    ,(#2282,#2283)
    ,(#2284,#2285)
    ,(#2286,#2287)
    ,(#2288,#2289
    )),.UNSPECIFIED.,.F.,.F.,.F.,(10,10),(2,2),(-2.180994642932,
    8.659954053865E-02),(0.,1.),.PIECEWISE_BEZIER_KNOTS.);
#2270 = CARTESIAN_POINT('',(-7.596131057745,24.935219449738,0.));
#2271 = CARTESIAN_POINT('',(-10.12098305915,33.223351691626,102.));
#2272 = CARTESIAN_POINT('',(-8.938288196158,25.873674637693,0.));
#2273 = CARTESIAN_POINT('',(-11.90925521472,34.473736787258,102.));
#2274 = CARTESIAN_POINT('',(-10.54645018272,26.431697204477,0.));
#2275 = CARTESIAN_POINT('',(-14.05194865941,35.217238564954,
    101.99999999999));
#2276 = CARTESIAN_POINT('',(-12.29737525827,26.523109850311,0.));
#2277 = CARTESIAN_POINT('',(-16.38485772756,35.339035547239,
    102.00000000001));
#2278 = CARTESIAN_POINT('',(-14.03527204548,26.108349470432,0.));
#2279 = CARTESIAN_POINT('',(-18.70040807921,34.786414384381,
    101.99999999998));
#2280 = CARTESIAN_POINT('',(-15.59285786953,25.209076875638,0.));
#2281 = CARTESIAN_POINT('',(-20.77571452384,33.588235649931,
    102.00000000001));
#2282 = CARTESIAN_POINT('',(-16.82099928859,23.911394298685,0.));
#2283 = CARTESIAN_POINT('',(-22.41207366536,31.859220803076,
    101.99999999999));
#2284 = CARTESIAN_POINT('',(-17.61729615285,22.34934238023,0.));
#2285 = CARTESIAN_POINT('',(-23.47304891868,29.777963794208,102.));
#2286 = CARTESIAN_POINT('',(-17.93811542741,20.677621963066,0.));
#2287 = CARTESIAN_POINT('',(-23.90050421378,27.550585949732,
    101.99999999999));
#2288 = CARTESIAN_POINT('',(-17.79646796354,19.046052191352,0.));
#2289 = CARTESIAN_POINT('',(-23.71177503423,25.376704286315,102.));
#2290 = DEFINITIONAL_REPRESENTATION('',(#2291),#2314);
#2291 = B_SPLINE_CURVE_WITH_KNOTS('',6,(#2292,#2293,#2294,#2295,#2296,
    #2297,#2298,#2299,#2300,#2301,#2302,#2303,#2304,#2305,#2306,#2307,
    #2308,#2309,#2310,#2311,#2312,#2313),.UNSPECIFIED.,.F.,.F.,(7,5,5,5,
    7),(0.,0.25099973173,0.500999735493,0.75099973929,1.),
  .UNSPECIFIED.);
#2292 = CARTESIAN_POINT('',(8.659954053865E-02,0.980392156863));
#2293 = CARTESIAN_POINT('',(-8.254988348709E-03,0.980392156863));
#2294 = CARTESIAN_POINT('',(-0.103132909648,0.980392156863));
#2295 = CARTESIAN_POINT('',(-0.197983533022,0.980392156863));
#2296 = CARTESIAN_POINT('',(-0.29283413507,0.980392156863));
#2297 = CARTESIAN_POINT('',(-0.387712075274,0.980392156863));
#2298 = CARTESIAN_POINT('',(-0.57704331968,0.980392156863));
#2299 = CARTESIAN_POINT('',(-0.671542996131,0.980392156863));
#2300 = CARTESIAN_POINT('',(-0.766015870113,0.980392156863));
#2301 = CARTESIAN_POINT('',(-0.860488746061,0.980392156863));
#2302 = CARTESIAN_POINT('',(-0.954988424298,0.980392156863));
#2303 = CARTESIAN_POINT('',(-1.143941866474,0.980392156863));
#2304 = CARTESIAN_POINT('',(-1.238441544756,0.980392156863));
#2305 = CARTESIAN_POINT('',(-1.332914420715,0.980392156863));
#2306 = CARTESIAN_POINT('',(-1.427387294653,0.980392156863));
#2307 = CARTESIAN_POINT('',(-1.521886971082,0.980392156863));
#2308 = CARTESIAN_POINT('',(-1.710462601628,0.980392156863));
#2309 = CARTESIAN_POINT('',(-1.804584023441,0.980392156863));
#2310 = CARTESIAN_POINT('',(-1.898679163916,0.980392156863));
#2311 = CARTESIAN_POINT('',(-1.992774324855,0.980392156863));
#2312 = CARTESIAN_POINT('',(-2.086895728009,0.980392156863));
#2313 = CARTESIAN_POINT('',(-2.180994642932,0.980392156863));
#2314 = ( GEOMETRIC_REPRESENTATION_CONTEXT(2) 
PARAMETRIC_REPRESENTATION_CONTEXT() REPRESENTATION_CONTEXT('2D SPACE',''
  ) );
#2315 = ORIENTED_EDGE('',*,*,#2316,.T.);
#2316 = EDGE_CURVE('',#2216,#2317,#2319,.T.);
#2317 = VERTEX_POINT('',#2318);
#2318 = CARTESIAN_POINT('',(-9.582931527649,32.719242004068,100.));
#2319 = SURFACE_CURVE('',#2320,(#2323,#2329),.PCURVE_S1.);
#2320 = B_SPLINE_CURVE_WITH_KNOTS('',1,(#2321,#2322),.UNSPECIFIED.,.F.,
  .F.,(2,2),(0.,1.),.PIECEWISE_BEZIER_KNOTS.);
#2321 = CARTESIAN_POINT('',(-10.07147615716,33.060839294726,100.));
#2322 = CARTESIAN_POINT('',(-9.582931527649,32.719242004068,100.));
#2323 = PCURVE('',#43,#2324);
#2324 = DEFINITIONAL_REPRESENTATION('',(#2325),#2328);
#2325 = B_SPLINE_CURVE_WITH_KNOTS('',1,(#2326,#2327),.UNSPECIFIED.,.F.,
  .F.,(2,2),(0.,1.),.PIECEWISE_BEZIER_KNOTS.);
#2326 = CARTESIAN_POINT('',(33.060839294726,10.071476157168));
#2327 = CARTESIAN_POINT('',(32.719242004068,9.582931527649));
#2328 = ( GEOMETRIC_REPRESENTATION_CONTEXT(2) 
PARAMETRIC_REPRESENTATION_CONTEXT() REPRESENTATION_CONTEXT('2D SPACE',''
  ) );
#2329 = PCURVE('',#2330,#2335);
#2330 = B_SPLINE_SURFACE_WITH_KNOTS('',1,1,(
    (#2331,#2332)
    ,(#2333,#2334
    )),.UNSPECIFIED.,.F.,.F.,.F.,(2,2),(2,2),(1.231017795392,
    1.830072700383),(0.,1.),.PIECEWISE_BEZIER_KNOTS.);
#2331 = CARTESIAN_POINT('',(-7.227659845038,24.677579184466,0.));
#2332 = CARTESIAN_POINT('',(-9.630036961301,32.88007526046,102.));
#2333 = CARTESIAN_POINT('',(-7.596131057745,24.935219449738,0.));
#2334 = CARTESIAN_POINT('',(-10.12098305915,33.223351691626,102.));
#2335 = DEFINITIONAL_REPRESENTATION('',(#2336),#2339);
#2336 = B_SPLINE_CURVE_WITH_KNOTS('',1,(#2337,#2338),.UNSPECIFIED.,.F.,
  .F.,(2,2),(0.,1.),.PIECEWISE_BEZIER_KNOTS.);
#2337 = CARTESIAN_POINT('',(1.830072700383,0.980392156863));
#2338 = CARTESIAN_POINT('',(1.231017795392,0.980392156863));
#2339 = ( GEOMETRIC_REPRESENTATION_CONTEXT(2) 
PARAMETRIC_REPRESENTATION_CONTEXT() REPRESENTATION_CONTEXT('2D SPACE',''
  ) );
#2340 = ORIENTED_EDGE('',*,*,#2341,.T.);
#2341 = EDGE_CURVE('',#2317,#2342,#2344,.T.);
#2342 = VERTEX_POINT('',#2343);
#2343 = CARTESIAN_POINT('',(-7.799961580481,32.962643305255,100.));
#2344 = SURFACE_CURVE('',#2345,(#2364,#2386),.PCURVE_S1.);
#2345 = B_SPLINE_CURVE_WITH_KNOTS('',5,(#2346,#2347,#2348,#2349,#2350,
    #2351,#2352,#2353,#2354,#2355,#2356,#2357,#2358,#2359,#2360,#2361,
    #2362,#2363),.UNSPECIFIED.,.F.,.F.,(6,4,4,4,6),(0.,0.280999066259,
    0.498000088134,0.716001096152,1.),.UNSPECIFIED.);
#2346 = CARTESIAN_POINT('',(-9.582931527649,32.719242004068,100.));
#2347 = CARTESIAN_POINT('',(-9.49183661014,32.655547153826,100.));
#2348 = CARTESIAN_POINT('',(-9.394061208594,32.601395474449,100.));
#2349 = CARTESIAN_POINT('',(-9.290955133128,32.557728867929,100.));
#2350 = CARTESIAN_POINT('',(-9.184027730128,32.525187063441,100.));
#2351 = CARTESIAN_POINT('',(-8.990617360228,32.48778637738,100.));
#2352 = CARTESIAN_POINT('',(-8.90501909342,32.478309361296,100.));
#2353 = CARTESIAN_POINT('',(-8.818841252395,32.475795554038,100.));
#2354 = CARTESIAN_POINT('',(-8.732836110608,32.480266842475,100.));
#2355 = CARTESIAN_POINT('',(-8.562275481695,32.503032707208,100.));
#2356 = CARTESIAN_POINT('',(-8.477724868127,32.521391376511,100.));
#2357 = CARTESIAN_POINT('',(-8.394858541093,32.546598114947,100.));
#2358 = CARTESIAN_POINT('',(-8.314406564409,32.578430907679,100.));
#2359 = CARTESIAN_POINT('',(-8.136287131297,32.666213146094,100.));
#2360 = CARTESIAN_POINT('',(-8.04077278501,32.726550843011,100.));
#2361 = CARTESIAN_POINT('',(-7.95203667644,32.796812439954,100.));
#2362 = CARTESIAN_POINT('',(-7.871405558503,32.875946793586,100.));
#2363 = CARTESIAN_POINT('',(-7.799961580481,32.962643305255,100.));
#2364 = PCURVE('',#43,#2365);
#2365 = DEFINITIONAL_REPRESENTATION('',(#2366),#2385);
#2366 = B_SPLINE_CURVE_WITH_KNOTS('',5,(#2367,#2368,#2369,#2370,#2371,
    #2372,#2373,#2374,#2375,#2376,#2377,#2378,#2379,#2380,#2381,#2382,
    #2383,#2384),.UNSPECIFIED.,.F.,.F.,(6,4,4,4,6),(0.,0.280999066259,
    0.498000088134,0.716001096152,1.),.UNSPECIFIED.);
#2367 = CARTESIAN_POINT('',(32.719242004068,9.582931527649));
#2368 = CARTESIAN_POINT('',(32.655547153826,9.49183661014));
#2369 = CARTESIAN_POINT('',(32.601395474449,9.394061208594));
#2370 = CARTESIAN_POINT('',(32.557728867929,9.290955133128));
#2371 = CARTESIAN_POINT('',(32.525187063441,9.184027730128));
#2372 = CARTESIAN_POINT('',(32.48778637738,8.990617360228));
#2373 = CARTESIAN_POINT('',(32.478309361296,8.90501909342));
#2374 = CARTESIAN_POINT('',(32.475795554038,8.818841252395));
#2375 = CARTESIAN_POINT('',(32.480266842475,8.732836110608));
#2376 = CARTESIAN_POINT('',(32.503032707208,8.562275481695));
#2377 = CARTESIAN_POINT('',(32.521391376511,8.477724868127));
#2378 = CARTESIAN_POINT('',(32.546598114947,8.394858541093));
#2379 = CARTESIAN_POINT('',(32.578430907679,8.314406564409));
#2380 = CARTESIAN_POINT('',(32.666213146094,8.136287131297));
#2381 = CARTESIAN_POINT('',(32.726550843011,8.04077278501));
#2382 = CARTESIAN_POINT('',(32.796812439954,7.95203667644));
#2383 = CARTESIAN_POINT('',(32.875946793586,7.871405558503));
#2384 = CARTESIAN_POINT('',(32.962643305255,7.799961580481));
#2385 = ( GEOMETRIC_REPRESENTATION_CONTEXT(2) 
PARAMETRIC_REPRESENTATION_CONTEXT() REPRESENTATION_CONTEXT('2D SPACE',''
  ) );
#2386 = PCURVE('',#2387,#2404);
#2387 = B_SPLINE_SURFACE_WITH_KNOTS('',7,1,(
    (#2388,#2389)
    ,(#2390,#2391)
    ,(#2392,#2393)
    ,(#2394,#2395)
    ,(#2396,#2397)
    ,(#2398,#2399)
    ,(#2400,#2401)
    ,(#2402,#2403
    )),.UNSPECIFIED.,.F.,.F.,.F.,(8,8),(2,2),(0.689246314176,
    2.180994642932),(0.,1.),.PIECEWISE_BEZIER_KNOTS.);
#2388 = CARTESIAN_POINT('',(-5.882904301823,24.861157853034,0.));
#2389 = CARTESIAN_POINT('',(-7.838302726054,33.1246730143,102.));
#2390 = CARTESIAN_POINT('',(-6.018430857378,24.696697811328,0.));
#2391 = CARTESIAN_POINT('',(-8.018876489515,32.905548662263,102.));
#2392 = CARTESIAN_POINT('',(-6.194846461274,24.565934093375,0.));
#2393 = CARTESIAN_POINT('',(-8.253930272135,32.731320839692,102.));
#2394 = CARTESIAN_POINT('',(-6.402096392036,24.481057932989,0.));
#2395 = CARTESIAN_POINT('',(-8.530067297986,32.618232982879,
    101.99999999999));
#2396 = CARTESIAN_POINT('',(-6.625585594482,24.450548409952,0.));
#2397 = CARTESIAN_POINT('',(-8.827841311449,32.577582503911,102.));
#2398 = CARTESIAN_POINT('',(-6.848001831539,24.476768896142,0.));
#2399 = CARTESIAN_POINT('',(-9.124185720231,32.612518327755,
    101.99999999999));
#2400 = CARTESIAN_POINT('',(-7.053011407764,24.555462535575,0.));
#2401 = CARTESIAN_POINT('',(-9.397337727768,32.717368676638,102.));
#2402 = CARTESIAN_POINT('',(-7.227659845038,24.677579184466,0.));
#2403 = CARTESIAN_POINT('',(-9.630036961301,32.88007526046,102.));
#2404 = DEFINITIONAL_REPRESENTATION('',(#2405),#2424);
#2405 = B_SPLINE_CURVE_WITH_KNOTS('',5,(#2406,#2407,#2408,#2409,#2410,
    #2411,#2412,#2413,#2414,#2415,#2416,#2417,#2418,#2419,#2420,#2421,
    #2422,#2423),.UNSPECIFIED.,.F.,.F.,(6,4,4,4,6),(0.,0.280999066259,
    0.498000088134,0.716001096152,1.),.UNSPECIFIED.);
#2406 = CARTESIAN_POINT('',(2.180994642932,0.980392156863));
#2407 = CARTESIAN_POINT('',(2.097159466427,0.980392156863));
#2408 = CARTESIAN_POINT('',(2.013319346882,0.980392156863));
#2409 = CARTESIAN_POINT('',(1.929488586024,0.980392156863));
#2410 = CARTESIAN_POINT('',(1.845648550178,0.980392156863));
#2411 = CARTESIAN_POINT('',(1.697071790182,0.980392156863));
#2412 = CARTESIAN_POINT('',(1.632328846924,0.980392156863));
#2413 = CARTESIAN_POINT('',(1.567588490793,0.980392156863));
#2414 = CARTESIAN_POINT('',(1.502845549004,0.980392156863));
#2415 = CARTESIAN_POINT('',(1.373064058692,0.980392156863));
#2416 = CARTESIAN_POINT('',(1.308022743019,0.980392156863));
#2417 = CARTESIAN_POINT('',(1.242984072312,0.980392156863));
#2418 = CARTESIAN_POINT('',(1.177942754893,0.980392156863));
#2419 = CARTESIAN_POINT('',(1.028172659468,0.980392156863));
#2420 = CARTESIAN_POINT('',(0.943437371685,0.980392156863));
#2421 = CARTESIAN_POINT('',(0.858711854887,0.980392156863));
#2422 = CARTESIAN_POINT('',(0.773976482187,0.980392156863));
#2423 = CARTESIAN_POINT('',(0.689246314176,0.980392156863));
#2424 = ( GEOMETRIC_REPRESENTATION_CONTEXT(2) 
PARAMETRIC_REPRESENTATION_CONTEXT() REPRESENTATION_CONTEXT('2D SPACE',''
  ) );
#2425 = ORIENTED_EDGE('',*,*,#2426,.T.);
#2426 = EDGE_CURVE('',#2342,#2427,#2429,.T.);
#2427 = VERTEX_POINT('',#2428);
#2428 = CARTESIAN_POINT('',(-6.650846316904,34.357082523449,100.));
#2429 = SURFACE_CURVE('',#2430,(#2433,#2439),.PCURVE_S1.);
#2430 = B_SPLINE_CURVE_WITH_KNOTS('',1,(#2431,#2432),.UNSPECIFIED.,.F.,
  .F.,(2,2),(0.,1.),.PIECEWISE_BEZIER_KNOTS.);
#2431 = CARTESIAN_POINT('',(-7.799961580481,32.962643305255,100.));
#2432 = CARTESIAN_POINT('',(-6.650846316904,34.357082523449,100.));
#2433 = PCURVE('',#43,#2434);
#2434 = DEFINITIONAL_REPRESENTATION('',(#2435),#2438);
#2435 = B_SPLINE_CURVE_WITH_KNOTS('',1,(#2436,#2437),.UNSPECIFIED.,.F.,
  .F.,(2,2),(0.,1.),.PIECEWISE_BEZIER_KNOTS.);
#2436 = CARTESIAN_POINT('',(32.962643305255,7.799961580481));
#2437 = CARTESIAN_POINT('',(34.357082523449,6.650846316904));
#2438 = ( GEOMETRIC_REPRESENTATION_CONTEXT(2) 
PARAMETRIC_REPRESENTATION_CONTEXT() REPRESENTATION_CONTEXT('2D SPACE',''
  ) );
#2439 = PCURVE('',#2440,#2445);
#2440 = B_SPLINE_SURFACE_WITH_KNOTS('',1,1,(
    (#2441,#2442)
    ,(#2443,#2444
    )),.UNSPECIFIED.,.F.,.F.,.F.,(2,2),(2,2),(10.509440621469,
    12.325233387434),(0.,1.),.PIECEWISE_BEZIER_KNOTS.);
#2441 = CARTESIAN_POINT('',(-5.01621604219,25.912874889163,0.));
#2442 = CARTESIAN_POINT('',(-6.683538922398,34.525966676135,102.));
#2443 = CARTESIAN_POINT('',(-5.882904301823,24.861157853034,0.));
#2444 = CARTESIAN_POINT('',(-7.838302726054,33.1246730143,102.));
#2445 = DEFINITIONAL_REPRESENTATION('',(#2446),#2449);
#2446 = B_SPLINE_CURVE_WITH_KNOTS('',1,(#2447,#2448),.UNSPECIFIED.,.F.,
  .F.,(2,2),(0.,1.),.PIECEWISE_BEZIER_KNOTS.);
#2447 = CARTESIAN_POINT('',(12.325233387434,0.980392156863));
#2448 = CARTESIAN_POINT('',(10.509440621469,0.980392156863));
#2449 = ( GEOMETRIC_REPRESENTATION_CONTEXT(2) 
PARAMETRIC_REPRESENTATION_CONTEXT() REPRESENTATION_CONTEXT('2D SPACE',''
  ) );
#2450 = ORIENTED_EDGE('',*,*,#2451,.T.);
#2451 = EDGE_CURVE('',#2427,#2452,#2454,.T.);
#2452 = VERTEX_POINT('',#2453);
#2453 = CARTESIAN_POINT('',(6.650846316904,34.357082523449,100.));
#2454 = SURFACE_CURVE('',#2455,(#2478,#2504),.PCURVE_S1.);
#2455 = B_SPLINE_CURVE_WITH_KNOTS('',6,(#2456,#2457,#2458,#2459,#2460,
    #2461,#2462,#2463,#2464,#2465,#2466,#2467,#2468,#2469,#2470,#2471,
    #2472,#2473,#2474,#2475,#2476,#2477),.UNSPECIFIED.,.F.,.F.,(7,5,5,5,
    7),(0.,0.250999900884,0.499999999057,0.749999999393,1.),
  .UNSPECIFIED.);
#2456 = CARTESIAN_POINT('',(-6.650846316904,34.357082523449,100.));
#2457 = CARTESIAN_POINT('',(-6.246615640977,34.847612173151,100.));
#2458 = CARTESIAN_POINT('',(-5.798932753388,35.302410613811,100.));
#2459 = CARTESIAN_POINT('',(-5.311824874841,35.716562012014,100.));
#2460 = CARTESIAN_POINT('',(-4.78994952411,36.085942007005,100.));
#2461 = CARTESIAN_POINT('',(-4.238455832515,36.407059177487,100.));
#2462 = CARTESIAN_POINT('',(-3.092336017389,36.945247233874,100.));
#2463 = CARTESIAN_POINT('',(-2.497984776217,37.163175450439,100.));
#2464 = CARTESIAN_POINT('',(-1.885656488028,37.328361742002,100.));
#2465 = CARTESIAN_POINT('',(-1.261182364535,37.439106971914,100.));
#2466 = CARTESIAN_POINT('',(-0.630562850937,37.4944706072,100.));
#2467 = CARTESIAN_POINT('',(0.633094983108,37.4944706072,100.));
#2468 = CARTESIAN_POINT('',(1.266247768608,37.438661433164,100.));
#2469 = CARTESIAN_POINT('',(1.893180252626,37.327024696592,100.));
#2470 = CARTESIAN_POINT('',(2.507820095922,37.160516527879,100.));
#2471 = CARTESIAN_POINT('',(3.104267414239,36.940862908281,100.));
#2472 = CARTESIAN_POINT('',(4.249436573156,36.400654962965,100.));
#2473 = CARTESIAN_POINT('',(4.79826293545,36.08005132415,100.));
#2474 = CARTESIAN_POINT('',(5.317645249168,35.711609898022,100.));
#2475 = CARTESIAN_POINT('',(5.802499343227,35.298785984164,100.));
#2476 = CARTESIAN_POINT('',(6.248225961569,34.845658066145,100.));
#2477 = CARTESIAN_POINT('',(6.650846316904,34.357082523449,100.));
#2478 = PCURVE('',#43,#2479);
#2479 = DEFINITIONAL_REPRESENTATION('',(#2480),#2503);
#2480 = B_SPLINE_CURVE_WITH_KNOTS('',6,(#2481,#2482,#2483,#2484,#2485,
    #2486,#2487,#2488,#2489,#2490,#2491,#2492,#2493,#2494,#2495,#2496,
    #2497,#2498,#2499,#2500,#2501,#2502),.UNSPECIFIED.,.F.,.F.,(7,5,5,5,
    7),(0.,0.250999900884,0.499999999057,0.749999999393,1.),
  .UNSPECIFIED.);
#2481 = CARTESIAN_POINT('',(34.357082523449,6.650846316904));
#2482 = CARTESIAN_POINT('',(34.847612173151,6.246615640977));
#2483 = CARTESIAN_POINT('',(35.302410613811,5.798932753389));
#2484 = CARTESIAN_POINT('',(35.716562012014,5.311824874841));
#2485 = CARTESIAN_POINT('',(36.085942007005,4.78994952411));
#2486 = CARTESIAN_POINT('',(36.407059177487,4.238455832515));
#2487 = CARTESIAN_POINT('',(36.945247233874,3.092336017389));
#2488 = CARTESIAN_POINT('',(37.163175450439,2.497984776217));
#2489 = CARTESIAN_POINT('',(37.328361742002,1.885656488028));
#2490 = CARTESIAN_POINT('',(37.439106971914,1.261182364535));
#2491 = CARTESIAN_POINT('',(37.4944706072,0.630562850937));
#2492 = CARTESIAN_POINT('',(37.4944706072,-0.633094983108));
#2493 = CARTESIAN_POINT('',(37.438661433164,-1.266247768608));
#2494 = CARTESIAN_POINT('',(37.327024696592,-1.893180252626));
#2495 = CARTESIAN_POINT('',(37.160516527879,-2.507820095922));
#2496 = CARTESIAN_POINT('',(36.940862908281,-3.104267414239));
#2497 = CARTESIAN_POINT('',(36.400654962965,-4.249436573156));
#2498 = CARTESIAN_POINT('',(36.08005132415,-4.79826293545));
#2499 = CARTESIAN_POINT('',(35.711609898022,-5.317645249168));
#2500 = CARTESIAN_POINT('',(35.298785984164,-5.802499343227));
#2501 = CARTESIAN_POINT('',(34.845658066145,-6.248225961569));
#2502 = CARTESIAN_POINT('',(34.357082523449,-6.650846316904));
#2503 = ( GEOMETRIC_REPRESENTATION_CONTEXT(2) 
PARAMETRIC_REPRESENTATION_CONTEXT() REPRESENTATION_CONTEXT('2D SPACE',''
  ) );
#2504 = PCURVE('',#2505,#2524);
#2505 = B_SPLINE_SURFACE_WITH_KNOTS('',8,1,(
    (#2506,#2507)
    ,(#2508,#2509)
    ,(#2510,#2511)
    ,(#2512,#2513)
    ,(#2514,#2515)
    ,(#2516,#2517)
    ,(#2518,#2519)
    ,(#2520,#2521)
    ,(#2522,#2523
    )),.UNSPECIFIED.,.F.,.F.,.F.,(9,9),(2,2),(3.830838967766,
    5.593938993004),(0.,1.),.PIECEWISE_BEZIER_KNOTS.);
#2506 = CARTESIAN_POINT('',(5.01621604219,25.912874889163,0.));
#2507 = CARTESIAN_POINT('',(6.683538922398,34.525966676135,102.));
#2508 = CARTESIAN_POINT('',(4.105197529922,27.018386217986,0.));
#2509 = CARTESIAN_POINT('',(5.469710085171,35.99893513148,
    101.99999999999));
#2510 = CARTESIAN_POINT('',(2.915730785403,27.894438107807,0.));
#2511 = CARTESIAN_POINT('',(3.884880560879,37.166174910312,102.));
#2512 = CARTESIAN_POINT('',(1.515254555596,28.459208005397,0.));
#2513 = CARTESIAN_POINT('',(2.01890483075,37.918666741005,
    101.99999999999));
#2514 = CARTESIAN_POINT('',(1.616484723854E-13,28.654655515571,0.));
#2515 = CARTESIAN_POINT('',(1.048050535246E-13,38.179078380086,102.));
#2516 = CARTESIAN_POINT('',(-1.515254555596,28.459208005397,0.));
#2517 = CARTESIAN_POINT('',(-2.01890483075,37.918666741006,
    101.99999999999));
#2518 = CARTESIAN_POINT('',(-2.915730785403,27.894438107807,0.));
#2519 = CARTESIAN_POINT('',(-3.884880560879,37.166174910311,102.));
#2520 = CARTESIAN_POINT('',(-4.105197529922,27.018386217986,0.));
#2521 = CARTESIAN_POINT('',(-5.469710085171,35.99893513148,102.));
#2522 = CARTESIAN_POINT('',(-5.01621604219,25.912874889163,0.));
#2523 = CARTESIAN_POINT('',(-6.683538922398,34.525966676135,102.));
#2524 = DEFINITIONAL_REPRESENTATION('',(#2525),#2548);
#2525 = B_SPLINE_CURVE_WITH_KNOTS('',6,(#2526,#2527,#2528,#2529,#2530,
    #2531,#2532,#2533,#2534,#2535,#2536,#2537,#2538,#2539,#2540,#2541,
    #2542,#2543,#2544,#2545,#2546,#2547),.UNSPECIFIED.,.F.,.F.,(7,5,5,5,
    7),(0.,0.250999900884,0.499999999057,0.749999999393,1.),
  .UNSPECIFIED.);
#2526 = CARTESIAN_POINT('',(5.593938993004,0.980392156863));
#2527 = CARTESIAN_POINT('',(5.52018452232,0.980392156863));
#2528 = CARTESIAN_POINT('',(5.446423303981,0.980392156863));
#2529 = CARTESIAN_POINT('',(5.372669942773,0.980392156863));
#2530 = CARTESIAN_POINT('',(5.298916596021,0.980392156863));
#2531 = CARTESIAN_POINT('',(5.22515536011,0.980392156863));
#2532 = CARTESIAN_POINT('',(5.078234040536,0.980392156863));
#2533 = CARTESIAN_POINT('',(5.005060699075,0.980392156863));
#2534 = CARTESIAN_POINT('',(4.931894944888,0.980392156863));
#2535 = CARTESIAN_POINT('',(4.85872918352,0.980392156863));
#2536 = CARTESIAN_POINT('',(4.785555832361,0.980392156863));
#2537 = CARTESIAN_POINT('',(4.638928314494,0.980392156863));
#2538 = CARTESIAN_POINT('',(4.5654610193,0.980392156863));
#2539 = CARTESIAN_POINT('',(4.492001465852,0.980392156863));
#2540 = CARTESIAN_POINT('',(4.418541919666,0.980392156863));
#2541 = CARTESIAN_POINT('',(4.345074634183,0.980392156863));
#2542 = CARTESIAN_POINT('',(4.198153313888,0.980392156863));
#2543 = CARTESIAN_POINT('',(4.124686023394,0.980392156863));
#2544 = CARTESIAN_POINT('',(4.051226467765,0.980392156863));
#2545 = CARTESIAN_POINT('',(3.977766898075,0.980392156863));
#2546 = CARTESIAN_POINT('',(3.904299625164,0.980392156863));
#2547 = CARTESIAN_POINT('',(3.830838967766,0.980392156863));
#2548 = ( GEOMETRIC_REPRESENTATION_CONTEXT(2) 
PARAMETRIC_REPRESENTATION_CONTEXT() REPRESENTATION_CONTEXT('2D SPACE',''
  ) );
#2549 = ORIENTED_EDGE('',*,*,#2550,.T.);
#2550 = EDGE_CURVE('',#2452,#2551,#2553,.T.);
#2551 = VERTEX_POINT('',#2552);
#2552 = CARTESIAN_POINT('',(7.799961580481,32.962643305255,100.));
#2553 = SURFACE_CURVE('',#2554,(#2557,#2563),.PCURVE_S1.);
#2554 = B_SPLINE_CURVE_WITH_KNOTS('',1,(#2555,#2556),.UNSPECIFIED.,.F.,
  .F.,(2,2),(0.,1.),.PIECEWISE_BEZIER_KNOTS.);
#2555 = CARTESIAN_POINT('',(6.650846316904,34.357082523449,100.));
#2556 = CARTESIAN_POINT('',(7.799961580481,32.962643305255,100.));
#2557 = PCURVE('',#43,#2558);
#2558 = DEFINITIONAL_REPRESENTATION('',(#2559),#2562);
#2559 = B_SPLINE_CURVE_WITH_KNOTS('',1,(#2560,#2561),.UNSPECIFIED.,.F.,
  .F.,(2,2),(0.,1.),.PIECEWISE_BEZIER_KNOTS.);
#2560 = CARTESIAN_POINT('',(34.357082523449,-6.650846316904));
#2561 = CARTESIAN_POINT('',(32.962643305255,-7.799961580481));
#2562 = ( GEOMETRIC_REPRESENTATION_CONTEXT(2) 
PARAMETRIC_REPRESENTATION_CONTEXT() REPRESENTATION_CONTEXT('2D SPACE',''
  ) );
#2563 = PCURVE('',#2564,#2569);
#2564 = B_SPLINE_SURFACE_WITH_KNOTS('',1,1,(
    (#2565,#2566)
    ,(#2567,#2568
    )),.UNSPECIFIED.,.F.,.F.,.F.,(2,2),(2,2),(1.231017795392,
    3.046810561358),(0.,1.),.PIECEWISE_BEZIER_KNOTS.);
#2565 = CARTESIAN_POINT('',(5.882904301823,24.861157853034,0.));
#2566 = CARTESIAN_POINT('',(7.838302726054,33.1246730143,102.));
#2567 = CARTESIAN_POINT('',(5.01621604219,25.912874889163,0.));
#2568 = CARTESIAN_POINT('',(6.683538922398,34.525966676135,102.));
#2569 = DEFINITIONAL_REPRESENTATION('',(#2570),#2573);
#2570 = B_SPLINE_CURVE_WITH_KNOTS('',1,(#2571,#2572),.UNSPECIFIED.,.F.,
  .F.,(2,2),(0.,1.),.PIECEWISE_BEZIER_KNOTS.);
#2571 = CARTESIAN_POINT('',(3.046810561358,0.980392156863));
#2572 = CARTESIAN_POINT('',(1.231017795392,0.980392156863));
#2573 = ( GEOMETRIC_REPRESENTATION_CONTEXT(2) 
PARAMETRIC_REPRESENTATION_CONTEXT() REPRESENTATION_CONTEXT('2D SPACE',''
  ) );
#2574 = ORIENTED_EDGE('',*,*,#2575,.T.);
#2575 = EDGE_CURVE('',#2551,#2576,#2578,.T.);
#2576 = VERTEX_POINT('',#2577);
#2577 = CARTESIAN_POINT('',(9.582931527649,32.719242004068,100.));
#2578 = SURFACE_CURVE('',#2579,(#2602,#2628),.PCURVE_S1.);
#2579 = B_SPLINE_CURVE_WITH_KNOTS('',5,(#2580,#2581,#2582,#2583,#2584,
    #2585,#2586,#2587,#2588,#2589,#2590,#2591,#2592,#2593,#2594,#2595,
    #2596,#2597,#2598,#2599,#2600,#2601),.UNSPECIFIED.,.F.,.F.,(6,4,4,4,
    4,6),(0.,0.280998143561,0.496998469545,0.713998778795,0.902999437282
    ,1.),.UNSPECIFIED.);
#2580 = CARTESIAN_POINT('',(7.799961580481,32.962643305255,100.));
#2581 = CARTESIAN_POINT('',(7.870650906942,32.876862555273,100.));
#2582 = CARTESIAN_POINT('',(7.950334168512,32.798485190221,100.));
#2583 = CARTESIAN_POINT('',(8.037963407011,32.728780442297,100.));
#2584 = CARTESIAN_POINT('',(8.132255972947,32.668769188679,100.));
#2585 = CARTESIAN_POINT('',(8.308210674852,32.581072922864,100.));
#2586 = CARTESIAN_POINT('',(8.387754134669,32.54911873152,100.));
#2587 = CARTESIAN_POINT('',(8.469703146465,32.523655814094,100.));
#2588 = CARTESIAN_POINT('',(8.553348914609,32.504904346535,100.));
#2589 = CARTESIAN_POINT('',(8.722951626725,32.480977478458,100.));
#2590 = CARTESIAN_POINT('',(8.808921026314,32.475864832602,100.));
#2591 = CARTESIAN_POINT('',(8.895115219817,32.47773579783,100.));
#2592 = CARTESIAN_POINT('',(8.980781791458,32.486574098073,100.));
#2593 = CARTESIAN_POINT('',(9.138685637571,32.515888645111,100.));
#2594 = CARTESIAN_POINT('',(9.211231698401,32.534716469148,100.));
#2595 = CARTESIAN_POINT('',(9.282327272382,32.558634700177,100.));
#2596 = CARTESIAN_POINT('',(9.351501574353,32.587484897344,100.));
#2597 = CARTESIAN_POINT('',(9.452597479389,32.638266985743,100.));
#2598 = CARTESIAN_POINT('',(9.486262293981,32.656730680437,100.));
#2599 = CARTESIAN_POINT('',(9.519244145268,32.676404622444,100.));
#2600 = CARTESIAN_POINT('',(9.551485556514,32.697254537841,100.));
#2601 = CARTESIAN_POINT('',(9.582931527649,32.719242004068,100.));
#2602 = PCURVE('',#43,#2603);
#2603 = DEFINITIONAL_REPRESENTATION('',(#2604),#2627);
#2604 = B_SPLINE_CURVE_WITH_KNOTS('',5,(#2605,#2606,#2607,#2608,#2609,
    #2610,#2611,#2612,#2613,#2614,#2615,#2616,#2617,#2618,#2619,#2620,
    #2621,#2622,#2623,#2624,#2625,#2626),.UNSPECIFIED.,.F.,.F.,(6,4,4,4,
    4,6),(0.,0.280998143561,0.496998469545,0.713998778795,0.902999437282
    ,1.),.UNSPECIFIED.);
#2605 = CARTESIAN_POINT('',(32.962643305255,-7.799961580481));
#2606 = CARTESIAN_POINT('',(32.876862555273,-7.870650906942));
#2607 = CARTESIAN_POINT('',(32.798485190221,-7.950334168512));
#2608 = CARTESIAN_POINT('',(32.728780442297,-8.037963407011));
#2609 = CARTESIAN_POINT('',(32.668769188679,-8.132255972947));
#2610 = CARTESIAN_POINT('',(32.581072922864,-8.308210674852));
#2611 = CARTESIAN_POINT('',(32.54911873152,-8.387754134669));
#2612 = CARTESIAN_POINT('',(32.523655814094,-8.469703146465));
#2613 = CARTESIAN_POINT('',(32.504904346535,-8.553348914609));
#2614 = CARTESIAN_POINT('',(32.480977478458,-8.722951626725));
#2615 = CARTESIAN_POINT('',(32.475864832602,-8.808921026314));
#2616 = CARTESIAN_POINT('',(32.47773579783,-8.895115219817));
#2617 = CARTESIAN_POINT('',(32.486574098073,-8.980781791458));
#2618 = CARTESIAN_POINT('',(32.515888645111,-9.138685637571));
#2619 = CARTESIAN_POINT('',(32.534716469148,-9.211231698401));
#2620 = CARTESIAN_POINT('',(32.558634700177,-9.282327272382));
#2621 = CARTESIAN_POINT('',(32.587484897344,-9.351501574353));
#2622 = CARTESIAN_POINT('',(32.638266985743,-9.452597479389));
#2623 = CARTESIAN_POINT('',(32.656730680437,-9.486262293981));
#2624 = CARTESIAN_POINT('',(32.676404622444,-9.519244145268));
#2625 = CARTESIAN_POINT('',(32.697254537841,-9.551485556514));
#2626 = CARTESIAN_POINT('',(32.719242004068,-9.582931527649));
#2627 = ( GEOMETRIC_REPRESENTATION_CONTEXT(2) 
PARAMETRIC_REPRESENTATION_CONTEXT() REPRESENTATION_CONTEXT('2D SPACE',''
  ) );
#2628 = PCURVE('',#2629,#2646);
#2629 = B_SPLINE_SURFACE_WITH_KNOTS('',7,1,(
    (#2630,#2631)
    ,(#2632,#2633)
    ,(#2634,#2635)
    ,(#2636,#2637)
    ,(#2638,#2639)
    ,(#2640,#2641)
    ,(#2642,#2643)
    ,(#2644,#2645
    )),.UNSPECIFIED.,.F.,.F.,.F.,(8,8),(2,2),(0.960598010658,
    2.452346339414),(0.,1.),.PIECEWISE_BEZIER_KNOTS.);
#2630 = CARTESIAN_POINT('',(7.227659845038,24.677579184466,0.));
#2631 = CARTESIAN_POINT('',(9.630036961301,32.88007526046,102.));
#2632 = CARTESIAN_POINT('',(7.053011407764,24.555462535575,0.));
#2633 = CARTESIAN_POINT('',(9.397337727768,32.717368676638,
    101.99999999999));
#2634 = CARTESIAN_POINT('',(6.84800183154,24.476768896142,0.));
#2635 = CARTESIAN_POINT('',(9.124185720232,32.612518327756,102.));
#2636 = CARTESIAN_POINT('',(6.625585594482,24.450548409952,0.));
#2637 = CARTESIAN_POINT('',(8.827841311449,32.577582503911,
    101.99999999999));
#2638 = CARTESIAN_POINT('',(6.402096392036,24.481057932989,0.));
#2639 = CARTESIAN_POINT('',(8.530067297986,32.618232982879,102.));
#2640 = CARTESIAN_POINT('',(6.194846461274,24.565934093375,0.));
#2641 = CARTESIAN_POINT('',(8.253930272135,32.731320839692,
    101.99999999999));
#2642 = CARTESIAN_POINT('',(6.018430857378,24.696697811328,0.));
#2643 = CARTESIAN_POINT('',(8.018876489515,32.905548662263,102.));
#2644 = CARTESIAN_POINT('',(5.882904301823,24.861157853034,0.));
#2645 = CARTESIAN_POINT('',(7.838302726054,33.1246730143,102.));
#2646 = DEFINITIONAL_REPRESENTATION('',(#2647),#2670);
#2647 = B_SPLINE_CURVE_WITH_KNOTS('',5,(#2648,#2649,#2650,#2651,#2652,
    #2653,#2654,#2655,#2656,#2657,#2658,#2659,#2660,#2661,#2662,#2663,
    #2664,#2665,#2666,#2667,#2668,#2669),.UNSPECIFIED.,.F.,.F.,(6,4,4,4,
    4,6),(0.,0.280998143561,0.496998469545,0.713998778795,0.902999437282
    ,1.),.UNSPECIFIED.);
#2648 = CARTESIAN_POINT('',(2.452346339414,0.980392156863));
#2649 = CARTESIAN_POINT('',(2.368511162909,0.980392156863));
#2650 = CARTESIAN_POINT('',(2.284671043364,0.980392156863));
#2651 = CARTESIAN_POINT('',(2.200840282506,0.980392156863));
#2652 = CARTESIAN_POINT('',(2.11700024666,0.980392156863));
#2653 = CARTESIAN_POINT('',(1.968721829528,0.980392156863));
#2654 = CARTESIAN_POINT('',(1.904277259937,0.980392156863));
#2655 = CARTESIAN_POINT('',(1.839835219121,0.980392156863));
#2656 = CARTESIAN_POINT('',(1.775390650961,0.980392156863));
#2657 = CARTESIAN_POINT('',(1.646205846235,0.980392156863));
#2658 = CARTESIAN_POINT('',(1.581462904742,0.980392156863));
#2659 = CARTESIAN_POINT('',(1.516722548798,0.980392156863));
#2660 = CARTESIAN_POINT('',(1.451979605448,0.980392156863));
#2661 = CARTESIAN_POINT('',(1.330850095142,0.980392156863));
#2662 = CARTESIAN_POINT('',(1.274461469597,0.980392156863));
#2663 = CARTESIAN_POINT('',(1.218074160084,0.980392156863));
#2664 = CARTESIAN_POINT('',(1.161685538191,0.980392156863));
#2665 = CARTESIAN_POINT('',(1.07635768945,0.980392156863));
#2666 = CARTESIAN_POINT('',(1.047417770049,0.980392156863));
#2667 = CARTESIAN_POINT('',(1.018477843489,0.980392156863));
#2668 = CARTESIAN_POINT('',(0.989537918752,0.980392156863));
#2669 = CARTESIAN_POINT('',(0.960598010658,0.980392156863));
#2670 = ( GEOMETRIC_REPRESENTATION_CONTEXT(2) 
PARAMETRIC_REPRESENTATION_CONTEXT() REPRESENTATION_CONTEXT('2D SPACE',''
  ) );
#2671 = ORIENTED_EDGE('',*,*,#2672,.T.);
#2672 = EDGE_CURVE('',#2576,#2673,#2675,.T.);
#2673 = VERTEX_POINT('',#2674);
#2674 = CARTESIAN_POINT('',(10.071476157168,33.060839294726,100.));
#2675 = SURFACE_CURVE('',#2676,(#2679,#2685),.PCURVE_S1.);
#2676 = B_SPLINE_CURVE_WITH_KNOTS('',1,(#2677,#2678),.UNSPECIFIED.,.F.,
  .F.,(2,2),(0.,1.),.PIECEWISE_BEZIER_KNOTS.);
#2677 = CARTESIAN_POINT('',(9.582931527649,32.719242004068,100.));
#2678 = CARTESIAN_POINT('',(10.071476157168,33.060839294726,100.));
#2679 = PCURVE('',#43,#2680);
#2680 = DEFINITIONAL_REPRESENTATION('',(#2681),#2684);
#2681 = B_SPLINE_CURVE_WITH_KNOTS('',1,(#2682,#2683),.UNSPECIFIED.,.F.,
  .F.,(2,2),(0.,1.),.PIECEWISE_BEZIER_KNOTS.);
#2682 = CARTESIAN_POINT('',(32.719242004068,-9.582931527649));
#2683 = CARTESIAN_POINT('',(33.060839294726,-10.07147615716));
#2684 = ( GEOMETRIC_REPRESENTATION_CONTEXT(2) 
PARAMETRIC_REPRESENTATION_CONTEXT() REPRESENTATION_CONTEXT('2D SPACE',''
  ) );
#2685 = PCURVE('',#2686,#2691);
#2686 = B_SPLINE_SURFACE_WITH_KNOTS('',1,1,(
    (#2687,#2688)
    ,(#2689,#2690
    )),.UNSPECIFIED.,.F.,.F.,.F.,(2,2),(2,2),(18.540237039241,
    19.139291944232),(0.,1.),.PIECEWISE_BEZIER_KNOTS.);
#2687 = CARTESIAN_POINT('',(7.596131057745,24.935219449738,0.));
#2688 = CARTESIAN_POINT('',(10.120983059157,33.223351691626,102.));
#2689 = CARTESIAN_POINT('',(7.227659845038,24.677579184466,0.));
#2690 = CARTESIAN_POINT('',(9.630036961301,32.88007526046,102.));
#2691 = DEFINITIONAL_REPRESENTATION('',(#2692),#2695);
#2692 = B_SPLINE_CURVE_WITH_KNOTS('',1,(#2693,#2694),.UNSPECIFIED.,.F.,
  .F.,(2,2),(0.,1.),.PIECEWISE_BEZIER_KNOTS.);
#2693 = CARTESIAN_POINT('',(19.139291944232,0.980392156863));
#2694 = CARTESIAN_POINT('',(18.540237039241,0.980392156863));
#2695 = ( GEOMETRIC_REPRESENTATION_CONTEXT(2) 
PARAMETRIC_REPRESENTATION_CONTEXT() REPRESENTATION_CONTEXT('2D SPACE',''
  ) );
#2696 = ORIENTED_EDGE('',*,*,#2697,.T.);
#2697 = EDGE_CURVE('',#2673,#2698,#2700,.T.);
#2698 = VERTEX_POINT('',#2699);
#2699 = CARTESIAN_POINT('',(23.595788621084,25.25257385308,100.));
#2700 = SURFACE_CURVE('',#2701,(#2724,#2750),.PCURVE_S1.);
#2701 = B_SPLINE_CURVE_WITH_KNOTS('',6,(#2702,#2703,#2704,#2705,#2706,
    #2707,#2708,#2709,#2710,#2711,#2712,#2713,#2714,#2715,#2716,#2717,
    #2718,#2719,#2720,#2721,#2722,#2723),.UNSPECIFIED.,.F.,.F.,(7,5,5,5,
    7),(0.,0.249999997515,0.5,0.750000002484,1.),.UNSPECIFIED.);
#2702 = CARTESIAN_POINT('',(10.071476157168,33.060839294726,100.));
#2703 = CARTESIAN_POINT('',(10.738752981011,33.527408654762,100.));
#2704 = CARTESIAN_POINT('',(11.459091256731,33.91844260594,100.));
#2705 = CARTESIAN_POINT('',(12.22144340864,34.226118048182,100.));
#2706 = CARTESIAN_POINT('',(13.013778715996,34.445320654806,100.));
#2707 = CARTESIAN_POINT('',(13.82343581808,34.572796915194,100.));
#2708 = CARTESIAN_POINT('',(15.450338561598,34.643285529209,100.));
#2709 = CARTESIAN_POINT('',(16.267987148031,34.586315336386,100.));
#2710 = CARTESIAN_POINT('',(17.076312370254,34.43646429877,100.));
#2711 = CARTESIAN_POINT('',(17.862418919795,34.195878547301,100.));
#2712 = CARTESIAN_POINT('',(18.613878895449,33.868613032269,100.));
#2713 = CARTESIAN_POINT('',(20.024139829163,33.054398502562,100.));
#2714 = CARTESIAN_POINT('',(20.683290066791,32.567247831234,100.));
#2715 = CARTESIAN_POINT('',(21.284696714123,32.006752464984,100.));
#2716 = CARTESIAN_POINT('',(21.818634130592,31.381647806829,100.));
#2717 = CARTESIAN_POINT('',(22.276796058053,30.70202845602,100.));
#2718 = CARTESIAN_POINT('',(23.029202499398,29.25784504364,100.));
#2719 = CARTESIAN_POINT('',(23.323633370564,28.492923294687,100.));
#2720 = CARTESIAN_POINT('',(23.529965998331,27.697139486886,100.));
#2721 = CARTESIAN_POINT('',(23.644687325183,26.883085435585,100.));
#2722 = CARTESIAN_POINT('',(23.666211127581,26.063737213902,100.));
#2723 = CARTESIAN_POINT('',(23.595788621084,25.25257385308,100.));
#2724 = PCURVE('',#43,#2725);
#2725 = DEFINITIONAL_REPRESENTATION('',(#2726),#2749);
#2726 = B_SPLINE_CURVE_WITH_KNOTS('',6,(#2727,#2728,#2729,#2730,#2731,
    #2732,#2733,#2734,#2735,#2736,#2737,#2738,#2739,#2740,#2741,#2742,
    #2743,#2744,#2745,#2746,#2747,#2748),.UNSPECIFIED.,.F.,.F.,(7,5,5,5,
    7),(0.,0.249999997515,0.5,0.750000002484,1.),.UNSPECIFIED.);
#2727 = CARTESIAN_POINT('',(33.060839294726,-10.07147615716));
#2728 = CARTESIAN_POINT('',(33.527408654762,-10.73875298101));
#2729 = CARTESIAN_POINT('',(33.91844260594,-11.45909125673));
#2730 = CARTESIAN_POINT('',(34.226118048182,-12.22144340864));
#2731 = CARTESIAN_POINT('',(34.445320654806,-13.01377871599));
#2732 = CARTESIAN_POINT('',(34.572796915194,-13.82343581808));
#2733 = CARTESIAN_POINT('',(34.643285529209,-15.45033856159));
#2734 = CARTESIAN_POINT('',(34.586315336386,-16.26798714803));
#2735 = CARTESIAN_POINT('',(34.43646429877,-17.07631237025));
#2736 = CARTESIAN_POINT('',(34.195878547301,-17.86241891979));
#2737 = CARTESIAN_POINT('',(33.868613032269,-18.61387889544));
#2738 = CARTESIAN_POINT('',(33.054398502562,-20.02413982916));
#2739 = CARTESIAN_POINT('',(32.567247831234,-20.68329006679));
#2740 = CARTESIAN_POINT('',(32.006752464984,-21.28469671412));
#2741 = CARTESIAN_POINT('',(31.381647806829,-21.81863413059));
#2742 = CARTESIAN_POINT('',(30.70202845602,-22.27679605805));
#2743 = CARTESIAN_POINT('',(29.25784504364,-23.02920249939));
#2744 = CARTESIAN_POINT('',(28.492923294687,-23.32363337056));
#2745 = CARTESIAN_POINT('',(27.697139486886,-23.52996599833));
#2746 = CARTESIAN_POINT('',(26.883085435585,-23.64468732518));
#2747 = CARTESIAN_POINT('',(26.063737213902,-23.66621112758));
#2748 = CARTESIAN_POINT('',(25.25257385308,-23.59578862108));
#2749 = ( GEOMETRIC_REPRESENTATION_CONTEXT(2) 
PARAMETRIC_REPRESENTATION_CONTEXT() REPRESENTATION_CONTEXT('2D SPACE',''
  ) );
#2750 = PCURVE('',#2751,#2772);
#2751 = B_SPLINE_SURFACE_WITH_KNOTS('',9,1,(
    (#2752,#2753)
    ,(#2754,#2755)
    ,(#2756,#2757)
    ,(#2758,#2759)
    ,(#2760,#2761)
    ,(#2762,#2763)
    ,(#2764,#2765)
    ,(#2766,#2767)
    ,(#2768,#2769)
    ,(#2770,#2771
    )),.UNSPECIFIED.,.F.,.F.,.F.,(10,10),(2,2),(3.054993113051,
    5.322587296522),(0.,1.),.PIECEWISE_BEZIER_KNOTS.);
#2752 = CARTESIAN_POINT('',(17.79646796354,19.046052191352,0.));
#2753 = CARTESIAN_POINT('',(23.711775034234,25.376704286315,102.));
#2754 = CARTESIAN_POINT('',(17.938115427416,20.677621963067,0.));
#2755 = CARTESIAN_POINT('',(23.900504213782,27.550585949732,102.));
#2756 = CARTESIAN_POINT('',(17.617296152852,22.349342380227,0.));
#2757 = CARTESIAN_POINT('',(23.47304891868,29.777963794206,
    101.99999999999));
#2758 = CARTESIAN_POINT('',(16.820999288597,23.911394298689,0.));
#2759 = CARTESIAN_POINT('',(22.41207366537,31.859220803079,102.));
#2760 = CARTESIAN_POINT('',(15.592857869536,25.209076875632,0.));
#2761 = CARTESIAN_POINT('',(20.775714523842,33.588235649926,
    101.99999999999));
#2762 = CARTESIAN_POINT('',(14.035272045487,26.108349470439,0.));
#2763 = CARTESIAN_POINT('',(18.700408079215,34.786414384386,102.));
#2764 = CARTESIAN_POINT('',(12.29737525827,26.523109850306,0.));
#2765 = CARTESIAN_POINT('',(16.384857727558,35.339035547236,
    101.99999999999));
#2766 = CARTESIAN_POINT('',(10.546450182728,26.431697204479,0.));
#2767 = CARTESIAN_POINT('',(14.051948659417,35.217238564956,102.));
#2768 = CARTESIAN_POINT('',(8.938288196158,25.873674637693,0.));
#2769 = CARTESIAN_POINT('',(11.909255214724,34.473736787258,
    101.99999999999));
#2770 = CARTESIAN_POINT('',(7.596131057745,24.935219449738,0.));
#2771 = CARTESIAN_POINT('',(10.120983059157,33.223351691626,102.));
#2772 = DEFINITIONAL_REPRESENTATION('',(#2773),#2796);
#2773 = B_SPLINE_CURVE_WITH_KNOTS('',6,(#2774,#2775,#2776,#2777,#2778,
    #2779,#2780,#2781,#2782,#2783,#2784,#2785,#2786,#2787,#2788,#2789,
    #2790,#2791,#2792,#2793,#2794,#2795),.UNSPECIFIED.,.F.,.F.,(7,5,5,5,
    7),(0.,0.249999997515,0.5,0.750000002484,1.),.UNSPECIFIED.);
#2774 = CARTESIAN_POINT('',(5.322587296522,0.980392156863));
#2775 = CARTESIAN_POINT('',(5.228110573637,0.980392156863));
#2776 = CARTESIAN_POINT('',(5.133610913967,0.980392156863));
#2777 = CARTESIAN_POINT('',(5.039138020234,0.980392156863));
#2778 = CARTESIAN_POINT('',(4.944665147394,0.980392156863));
#2779 = CARTESIAN_POINT('',(4.850165468943,0.980392156863));
#2780 = CARTESIAN_POINT('',(4.661212030488,0.980392156863));
#2781 = CARTESIAN_POINT('',(4.566712354048,0.980392156863));
#2782 = CARTESIAN_POINT('',(4.472239480088,0.980392156863));
#2783 = CARTESIAN_POINT('',(4.377766604134,0.980392156863));
#2784 = CARTESIAN_POINT('',(4.283266925874,0.980392156863));
#2785 = CARTESIAN_POINT('',(4.094313483699,0.980392156863));
#2786 = CARTESIAN_POINT('',(3.999813805439,0.980392156863));
#2787 = CARTESIAN_POINT('',(3.905340929485,0.980392156863));
#2788 = CARTESIAN_POINT('',(3.810868055525,0.980392156863));
#2789 = CARTESIAN_POINT('',(3.716368379085,0.980392156863));
#2790 = CARTESIAN_POINT('',(3.52741494063,0.980392156863));
#2791 = CARTESIAN_POINT('',(3.432915262179,0.980392156863));
#2792 = CARTESIAN_POINT('',(3.338442389339,0.980392156863));
#2793 = CARTESIAN_POINT('',(3.243969495606,0.980392156863));
#2794 = CARTESIAN_POINT('',(3.149469835936,0.980392156863));
#2795 = CARTESIAN_POINT('',(3.054993113051,0.980392156863));
#2796 = ( GEOMETRIC_REPRESENTATION_CONTEXT(2) 
PARAMETRIC_REPRESENTATION_CONTEXT() REPRESENTATION_CONTEXT('2D SPACE',''
  ) );
#2797 = ORIENTED_EDGE('',*,*,#2798,.T.);
#2798 = EDGE_CURVE('',#2698,#2799,#2801,.T.);
#2799 = VERTEX_POINT('',#2800);
#2800 = CARTESIAN_POINT('',(23.544229004269,24.658683147704,100.));
#2801 = SURFACE_CURVE('',#2802,(#2805,#2811),.PCURVE_S1.);
#2802 = B_SPLINE_CURVE_WITH_KNOTS('',1,(#2803,#2804),.UNSPECIFIED.,.F.,
  .F.,(2,2),(0.,1.),.PIECEWISE_BEZIER_KNOTS.);
#2803 = CARTESIAN_POINT('',(23.595788621084,25.25257385308,100.));
#2804 = CARTESIAN_POINT('',(23.544229004269,24.658683147704,100.));
#2805 = PCURVE('',#43,#2806);
#2806 = DEFINITIONAL_REPRESENTATION('',(#2807),#2810);
#2807 = B_SPLINE_CURVE_WITH_KNOTS('',1,(#2808,#2809),.UNSPECIFIED.,.F.,
  .F.,(2,2),(0.,1.),.PIECEWISE_BEZIER_KNOTS.);
#2808 = CARTESIAN_POINT('',(25.25257385308,-23.59578862108));
#2809 = CARTESIAN_POINT('',(24.658683147704,-23.54422900426));
#2810 = ( GEOMETRIC_REPRESENTATION_CONTEXT(2) 
PARAMETRIC_REPRESENTATION_CONTEXT() REPRESENTATION_CONTEXT('2D SPACE',''
  ) );
#2811 = PCURVE('',#2812,#2817);
#2812 = B_SPLINE_SURFACE_WITH_KNOTS('',1,1,(
    (#2813,#2814)
    ,(#2815,#2816
    )),.UNSPECIFIED.,.F.,.F.,.F.,(2,2),(2,2),(1.231017795392,
    1.830072700383),(0.,1.),.PIECEWISE_BEZIER_KNOTS.);
#2813 = CARTESIAN_POINT('',(17.757580555131,18.598126627948,0.));
#2814 = CARTESIAN_POINT('',(23.659961973252,24.7798942781,102.));
#2815 = CARTESIAN_POINT('',(17.79646796354,19.046052191352,0.));
#2816 = CARTESIAN_POINT('',(23.711775034234,25.376704286315,102.));
#2817 = DEFINITIONAL_REPRESENTATION('',(#2818),#2821);
#2818 = B_SPLINE_CURVE_WITH_KNOTS('',1,(#2819,#2820),.UNSPECIFIED.,.F.,
  .F.,(2,2),(0.,1.),.PIECEWISE_BEZIER_KNOTS.);
#2819 = CARTESIAN_POINT('',(1.830072700383,0.980392156863));
#2820 = CARTESIAN_POINT('',(1.231017795392,0.980392156863));
#2821 = ( GEOMETRIC_REPRESENTATION_CONTEXT(2) 
PARAMETRIC_REPRESENTATION_CONTEXT() REPRESENTATION_CONTEXT('2D SPACE',''
  ) );
#2822 = ORIENTED_EDGE('',*,*,#2823,.T.);
#2823 = EDGE_CURVE('',#2799,#2824,#2826,.T.);
#2824 = VERTEX_POINT('',#2825);
#2825 = CARTESIAN_POINT('',(24.646505687996,23.236286529866,100.));
#2826 = SURFACE_CURVE('',#2827,(#2855,#2886),.PCURVE_S1.);
#2827 = B_SPLINE_CURVE_WITH_KNOTS('',6,(#2828,#2829,#2830,#2831,#2832,
    #2833,#2834,#2835,#2836,#2837,#2838,#2839,#2840,#2841,#2842,#2843,
    #2844,#2845,#2846,#2847,#2848,#2849,#2850,#2851,#2852,#2853,#2854),
  .UNSPECIFIED.,.F.,.F.,(7,5,5,5,5,7),(0.,9.700249872677E-02,
    0.499990646412,0.611993531718,0.717996269626,1.),.UNSPECIFIED.);
#2828 = CARTESIAN_POINT('',(23.544229004269,24.658683147704,100.));
#2829 = CARTESIAN_POINT('',(23.541463405311,24.626827528568,100.));
#2830 = CARTESIAN_POINT('',(23.539619718334,24.594891845481,100.));
#2831 = CARTESIAN_POINT('',(23.538700830778,24.562909519809,100.));
#2832 = CARTESIAN_POINT('',(23.538708019696,24.530913996436,100.));
#2833 = CARTESIAN_POINT('',(23.539640951755,24.498938743756,100.));
#2834 = CARTESIAN_POINT('',(23.549211307016,24.334402297083,100.));
#2835 = CARTESIAN_POINT('',(23.572870576573,24.202687391833,100.));
#2836 = CARTESIAN_POINT('',(23.61234402366,24.074331428189,100.));
#2837 = CARTESIAN_POINT('',(23.6669817893,23.951660631533,100.));
#2838 = CARTESIAN_POINT('',(23.73574417693,23.836855126484,100.));
#2839 = CARTESIAN_POINT('',(23.839729093775,23.702671217661,100.));
#2840 = CARTESIAN_POINT('',(23.863319457675,23.674243853111,100.));
#2841 = CARTESIAN_POINT('',(23.887853351546,23.646612973672,100.));
#2842 = CARTESIAN_POINT('',(23.913296999555,23.619817484992,100.));
#2843 = CARTESIAN_POINT('',(23.939614512112,23.59389435188,100.));
#2844 = CARTESIAN_POINT('',(23.992466616345,23.54520297278,100.));
#2845 = CARTESIAN_POINT('',(24.018914126754,23.522340040357,100.));
#2846 = CARTESIAN_POINT('',(24.046078202517,23.500319475588,100.));
#2847 = CARTESIAN_POINT('',(24.073925206869,23.479169141015,100.));
#2848 = CARTESIAN_POINT('',(24.10242008086,23.45891508717,100.));
#2849 = CARTESIAN_POINT('',(24.208959009382,23.38814770299,100.));
#2850 = CARTESIAN_POINT('',(24.290722824549,23.343226492138,100.));
#2851 = CARTESIAN_POINT('',(24.376124540548,23.305277807017,100.));
#2852 = CARTESIAN_POINT('',(24.464419271343,23.274657604781,100.));
#2853 = CARTESIAN_POINT('',(24.554819767079,23.251614529659,100.));
#2854 = CARTESIAN_POINT('',(24.646505687996,23.236286529866,100.));
#2855 = PCURVE('',#43,#2856);
#2856 = DEFINITIONAL_REPRESENTATION('',(#2857),#2885);
#2857 = B_SPLINE_CURVE_WITH_KNOTS('',6,(#2858,#2859,#2860,#2861,#2862,
    #2863,#2864,#2865,#2866,#2867,#2868,#2869,#2870,#2871,#2872,#2873,
    #2874,#2875,#2876,#2877,#2878,#2879,#2880,#2881,#2882,#2883,#2884),
  .UNSPECIFIED.,.F.,.F.,(7,5,5,5,5,7),(0.,9.700249872677E-02,
    0.499990646412,0.611993531718,0.717996269626,1.),.UNSPECIFIED.);
#2858 = CARTESIAN_POINT('',(24.658683147704,-23.54422900426));
#2859 = CARTESIAN_POINT('',(24.626827528568,-23.54146340531));
#2860 = CARTESIAN_POINT('',(24.594891845481,-23.53961971833));
#2861 = CARTESIAN_POINT('',(24.562909519809,-23.53870083077));
#2862 = CARTESIAN_POINT('',(24.530913996436,-23.53870801969));
#2863 = CARTESIAN_POINT('',(24.498938743756,-23.53964095175));
#2864 = CARTESIAN_POINT('',(24.334402297083,-23.54921130701));
#2865 = CARTESIAN_POINT('',(24.202687391833,-23.57287057657));
#2866 = CARTESIAN_POINT('',(24.074331428189,-23.61234402366));
#2867 = CARTESIAN_POINT('',(23.951660631533,-23.6669817893));
#2868 = CARTESIAN_POINT('',(23.836855126484,-23.73574417693));
#2869 = CARTESIAN_POINT('',(23.702671217661,-23.83972909377));
#2870 = CARTESIAN_POINT('',(23.674243853111,-23.86331945767));
#2871 = CARTESIAN_POINT('',(23.646612973672,-23.88785335154));
#2872 = CARTESIAN_POINT('',(23.619817484992,-23.91329699955));
#2873 = CARTESIAN_POINT('',(23.59389435188,-23.93961451211));
#2874 = CARTESIAN_POINT('',(23.54520297278,-23.99246661634));
#2875 = CARTESIAN_POINT('',(23.522340040357,-24.01891412675));
#2876 = CARTESIAN_POINT('',(23.500319475588,-24.04607820251));
#2877 = CARTESIAN_POINT('',(23.479169141015,-24.07392520686));
#2878 = CARTESIAN_POINT('',(23.45891508717,-24.10242008086));
#2879 = CARTESIAN_POINT('',(23.38814770299,-24.20895900938));
#2880 = CARTESIAN_POINT('',(23.343226492138,-24.29072282454));
#2881 = CARTESIAN_POINT('',(23.305277807017,-24.37612454054));
#2882 = CARTESIAN_POINT('',(23.274657604781,-24.46441927134));
#2883 = CARTESIAN_POINT('',(23.251614529659,-24.55481976707));
#2884 = CARTESIAN_POINT('',(23.236286529866,-24.64650568799));
#2885 = ( GEOMETRIC_REPRESENTATION_CONTEXT(2) 
PARAMETRIC_REPRESENTATION_CONTEXT() REPRESENTATION_CONTEXT('2D SPACE',''
  ) );
#2886 = PCURVE('',#2887,#2904);
#2887 = B_SPLINE_SURFACE_WITH_KNOTS('',7,1,(
    (#2888,#2889)
    ,(#2890,#2891)
    ,(#2892,#2893)
    ,(#2894,#2895)
    ,(#2896,#2897)
    ,(#2898,#2899)
    ,(#2900,#2901)
    ,(#2902,#2903
    )),.UNSPECIFIED.,.F.,.F.,.F.,(8,8),(2,2),(1.736443865372,
    3.228192194128),(0.,1.),.PIECEWISE_BEZIER_KNOTS.);
#2888 = CARTESIAN_POINT('',(18.588942117311,17.525323499928,0.));
#2889 = CARTESIAN_POINT('',(24.767656959409,23.350505790465,102.));
#2890 = CARTESIAN_POINT('',(18.378752265509,17.560462919073,0.));
#2891 = CARTESIAN_POINT('',(24.487602822228,23.397325080861,102.));
#2892 = CARTESIAN_POINT('',(18.17729976192,17.647861454695,0.));
#2893 = CARTESIAN_POINT('',(24.219190210525,23.513773716581,
    101.99999999999));
#2894 = CARTESIAN_POINT('',(18.000169885469,17.784907079475,0.));
#2895 = CARTESIAN_POINT('',(23.98318474074,23.696371467486,102.));
#2896 = CARTESIAN_POINT('',(17.862003262239,17.963199644746,0.));
#2897 = CARTESIAN_POINT('',(23.799093386546,23.933926088248,
    101.99999999999));
#2898 = CARTESIAN_POINT('',(17.77350275085,18.168927999347,0.));
#2899 = CARTESIAN_POINT('',(23.681176493106,24.208035786445,102.));
#2900 = CARTESIAN_POINT('',(17.739148653603,18.385818320092,0.));
#2901 = CARTESIAN_POINT('',(23.635403555066,24.497017538508,102.));
#2902 = CARTESIAN_POINT('',(17.757580555131,18.598126627948,0.));
#2903 = CARTESIAN_POINT('',(23.659961973252,24.7798942781,102.));
#2904 = DEFINITIONAL_REPRESENTATION('',(#2905),#2933);
#2905 = B_SPLINE_CURVE_WITH_KNOTS('',6,(#2906,#2907,#2908,#2909,#2910,
    #2911,#2912,#2913,#2914,#2915,#2916,#2917,#2918,#2919,#2920,#2921,
    #2922,#2923,#2924,#2925,#2926,#2927,#2928,#2929,#2930,#2931,#2932),
  .UNSPECIFIED.,.F.,.F.,(7,5,5,5,5,7),(0.,9.700249872677E-02,
    0.499990646412,0.611993531718,0.717996269626,1.),.UNSPECIFIED.);
#2906 = CARTESIAN_POINT('',(3.228192194128,0.980392156863));
#2907 = CARTESIAN_POINT('',(3.20407560405,0.980392156863));
#2908 = CARTESIAN_POINT('',(3.179959002877,0.980392156863));
#2909 = CARTESIAN_POINT('',(3.155842398017,0.980392156863));
#2910 = CARTESIAN_POINT('',(3.131725794937,0.980392156863));
#2911 = CARTESIAN_POINT('',(3.107609197154,0.980392156863));
#2912 = CARTESIAN_POINT('',(2.983302400537,0.980392156863));
#2913 = CARTESIAN_POINT('',(2.883092012073,0.980392156863));
#2914 = CARTESIAN_POINT('',(2.782905361383,0.980392156863));
#2915 = CARTESIAN_POINT('',(2.682718639868,0.980392156863));
#2916 = CARTESIAN_POINT('',(2.582508228994,0.980392156863));
#2917 = CARTESIAN_POINT('',(2.454472070858,0.980392156863));
#2918 = CARTESIAN_POINT('',(2.426626100458,0.980392156863));
#2919 = CARTESIAN_POINT('',(2.398780124145,0.980392156863));
#2920 = CARTESIAN_POINT('',(2.370934147598,0.980392156863));
#2921 = CARTESIAN_POINT('',(2.343088176578,0.980392156863));
#2922 = CARTESIAN_POINT('',(2.288888003337,0.980392156863));
#2923 = CARTESIAN_POINT('',(2.262533780861,0.980392156863));
#2924 = CARTESIAN_POINT('',(2.236179554106,0.980392156863));
#2925 = CARTESIAN_POINT('',(2.209825327668,0.980392156863));
#2926 = CARTESIAN_POINT('',(2.183471106135,0.980392156863));
#2927 = CARTESIAN_POINT('',(2.087005628498,0.980392156863));
#2928 = CARTESIAN_POINT('',(2.016891073892,0.980392156863));
#2929 = CARTESIAN_POINT('',(1.946780416063,0.980392156863));
#2930 = CARTESIAN_POINT('',(1.876669730199,0.980392156863));
#2931 = CARTESIAN_POINT('',(1.806555121429,0.980392156863));
#2932 = CARTESIAN_POINT('',(1.736443865372,0.980392156863));
#2933 = ( GEOMETRIC_REPRESENTATION_CONTEXT(2) 
PARAMETRIC_REPRESENTATION_CONTEXT() REPRESENTATION_CONTEXT('2D SPACE',''
  ) );
#2934 = ORIENTED_EDGE('',*,*,#2935,.T.);
#2935 = EDGE_CURVE('',#2824,#2936,#2938,.T.);
#2936 = VERTEX_POINT('',#2937);
#2937 = CARTESIAN_POINT('',(26.428683106774,22.93834312883,100.));
#2938 = SURFACE_CURVE('',#2939,(#2942,#2948),.PCURVE_S1.);
#2939 = B_SPLINE_CURVE_WITH_KNOTS('',1,(#2940,#2941),.UNSPECIFIED.,.F.,
  .F.,(2,2),(0.,1.),.PIECEWISE_BEZIER_KNOTS.);
#2940 = CARTESIAN_POINT('',(24.646505687996,23.236286529866,100.));
#2941 = CARTESIAN_POINT('',(26.428683106774,22.93834312883,100.));
#2942 = PCURVE('',#43,#2943);
#2943 = DEFINITIONAL_REPRESENTATION('',(#2944),#2947);
#2944 = B_SPLINE_CURVE_WITH_KNOTS('',1,(#2945,#2946),.UNSPECIFIED.,.F.,
  .F.,(2,2),(0.,1.),.PIECEWISE_BEZIER_KNOTS.);
#2945 = CARTESIAN_POINT('',(23.236286529866,-24.64650568799));
#2946 = CARTESIAN_POINT('',(22.93834312883,-26.42868310677));
#2947 = ( GEOMETRIC_REPRESENTATION_CONTEXT(2) 
PARAMETRIC_REPRESENTATION_CONTEXT() REPRESENTATION_CONTEXT('2D SPACE',''
  ) );
#2948 = PCURVE('',#2949,#2954);
#2949 = B_SPLINE_SURFACE_WITH_KNOTS('',1,1,(
    (#2950,#2951)
    ,(#2952,#2953
    )),.UNSPECIFIED.,.F.,.F.,.F.,(2,2),(2,2),(10.509440621469,
    12.325233387434),(0.,1.),.PIECEWISE_BEZIER_KNOTS.);
#2950 = CARTESIAN_POINT('',(19.933099918008,17.300607967989,0.));
#2951 = CARTESIAN_POINT('',(26.558594770549,23.051097832046,102.));
#2952 = CARTESIAN_POINT('',(18.588942117311,17.525323499928,0.));
#2953 = CARTESIAN_POINT('',(24.767656959409,23.350505790465,102.));
#2954 = DEFINITIONAL_REPRESENTATION('',(#2955),#2958);
#2955 = B_SPLINE_CURVE_WITH_KNOTS('',1,(#2956,#2957),.UNSPECIFIED.,.F.,
  .F.,(2,2),(0.,1.),.PIECEWISE_BEZIER_KNOTS.);
#2956 = CARTESIAN_POINT('',(12.325233387434,0.980392156863));
#2957 = CARTESIAN_POINT('',(10.509440621469,0.980392156863));
#2958 = ( GEOMETRIC_REPRESENTATION_CONTEXT(2) 
PARAMETRIC_REPRESENTATION_CONTEXT() REPRESENTATION_CONTEXT('2D SPACE',''
  ) );
#2959 = ORIENTED_EDGE('',*,*,#2960,.T.);
#2960 = EDGE_CURVE('',#2936,#2961,#2963,.T.);
#2961 = VERTEX_POINT('',#2962);
#2962 = CARTESIAN_POINT('',(33.079529423677,11.41873939462,100.));
#2963 = SURFACE_CURVE('',#2964,(#2987,#3013),.PCURVE_S1.);
#2964 = B_SPLINE_CURVE_WITH_KNOTS('',6,(#2965,#2966,#2967,#2968,#2969,
    #2970,#2971,#2972,#2973,#2974,#2975,#2976,#2977,#2978,#2979,#2980,
    #2981,#2982,#2983,#2984,#2985,#2986),.UNSPECIFIED.,.F.,.F.,(7,5,5,5,
    7),(0.,0.250999900883,0.499999999056,0.749999999393,1.),
  .UNSPECIFIED.);
#2965 = CARTESIAN_POINT('',(26.428683106774,22.93834312883,100.));
#2966 = CARTESIAN_POINT('',(27.055609582689,22.833533919339,100.));
#2967 = CARTESIAN_POINT('',(27.673318029692,22.673228386178,100.));
#2968 = CARTESIAN_POINT('',(28.27553760083,22.458456288072,100.));
#2969 = CARTESIAN_POINT('',(28.856367735501,22.191188974228,100.));
#2970 = CARTESIAN_POINT('',(29.41021020853,21.87414001252,100.));
#2971 = CARTESIAN_POINT('',(30.449354644938,21.150665165033,100.));
#2972 = CARTESIAN_POINT('',(30.935261637269,20.744905999692,100.));
#2973 = CARTESIAN_POINT('',(31.384481306216,20.297207292443,100.));
#2974 = CARTESIAN_POINT('',(31.792626550413,19.811769452451,100.));
#2975 = CARTESIAN_POINT('',(32.155882621815,19.293318751194,100.));
#2976 = CARTESIAN_POINT('',(32.787711538838,18.19895896522,100.));
#2977 = CARTESIAN_POINT('',(33.055955769109,17.622727981481,100.));
#2978 = CARTESIAN_POINT('',(33.272741761251,17.023970155579,100.));
#2979 = CARTESIAN_POINT('',(33.435861378856,16.40842235275,100.));
#2980 = CARTESIAN_POINT('',(33.543859423409,15.782057013269,100.));
#2981 = CARTESIAN_POINT('',(33.648610198898,14.520207457358,100.));
#2982 = CARTESIAN_POINT('',(33.645372484286,13.884608065939,100.));
#2983 = CARTESIAN_POINT('',(33.585984006311,13.250589074917,100.));
#2984 = CARTESIAN_POINT('',(33.47089505665,12.624281155406,100.));
#2985 = CARTESIAN_POINT('',(33.301338077652,12.011706621768,100.));
#2986 = CARTESIAN_POINT('',(33.079529423677,11.41873939462,100.));
#2987 = PCURVE('',#43,#2988);
#2988 = DEFINITIONAL_REPRESENTATION('',(#2989),#3012);
#2989 = B_SPLINE_CURVE_WITH_KNOTS('',6,(#2990,#2991,#2992,#2993,#2994,
    #2995,#2996,#2997,#2998,#2999,#3000,#3001,#3002,#3003,#3004,#3005,
    #3006,#3007,#3008,#3009,#3010,#3011),.UNSPECIFIED.,.F.,.F.,(7,5,5,5,
    7),(0.,0.250999900883,0.499999999056,0.749999999393,1.),
  .UNSPECIFIED.);
#2990 = CARTESIAN_POINT('',(22.93834312883,-26.42868310677));
#2991 = CARTESIAN_POINT('',(22.833533919339,-27.05560958268));
#2992 = CARTESIAN_POINT('',(22.673228386178,-27.67331802969));
#2993 = CARTESIAN_POINT('',(22.458456288072,-28.27553760083));
#2994 = CARTESIAN_POINT('',(22.191188974228,-28.8563677355));
#2995 = CARTESIAN_POINT('',(21.87414001252,-29.41021020853));
#2996 = CARTESIAN_POINT('',(21.150665165033,-30.44935464493));
#2997 = CARTESIAN_POINT('',(20.744905999692,-30.93526163726));
#2998 = CARTESIAN_POINT('',(20.297207292443,-31.38448130621));
#2999 = CARTESIAN_POINT('',(19.811769452451,-31.79262655041));
#3000 = CARTESIAN_POINT('',(19.293318751194,-32.15588262181));
#3001 = CARTESIAN_POINT('',(18.19895896522,-32.78771153883));
#3002 = CARTESIAN_POINT('',(17.622727981481,-33.0559557691));
#3003 = CARTESIAN_POINT('',(17.023970155579,-33.27274176125));
#3004 = CARTESIAN_POINT('',(16.40842235275,-33.43586137885));
#3005 = CARTESIAN_POINT('',(15.782057013269,-33.5438594234));
#3006 = CARTESIAN_POINT('',(14.520207457358,-33.64861019889));
#3007 = CARTESIAN_POINT('',(13.884608065939,-33.64537248428));
#3008 = CARTESIAN_POINT('',(13.250589074917,-33.58598400631));
#3009 = CARTESIAN_POINT('',(12.624281155406,-33.47089505665));
#3010 = CARTESIAN_POINT('',(12.011706621768,-33.30133807765));
#3011 = CARTESIAN_POINT('',(11.41873939462,-33.07952942367));
#3012 = ( GEOMETRIC_REPRESENTATION_CONTEXT(2) 
PARAMETRIC_REPRESENTATION_CONTEXT() REPRESENTATION_CONTEXT('2D SPACE',''
  ) );
#3013 = PCURVE('',#3014,#3033);
#3014 = B_SPLINE_SURFACE_WITH_KNOTS('',8,1,(
    (#3015,#3016)
    ,(#3017,#3018)
    ,(#3019,#3020)
    ,(#3021,#3022)
    ,(#3023,#3024)
    ,(#3025,#3026)
    ,(#3027,#3028)
    ,(#3029,#3030)
    ,(#3031,#3032
    )),.UNSPECIFIED.,.F.,.F.,.F.,(9,9),(2,2),(2.783641416569,
    4.546741441807),(0.,1.),.PIECEWISE_BEZIER_KNOTS.);
#3015 = CARTESIAN_POINT('',(24.949315960198,8.612266921174,0.));
#3016 = CARTESIAN_POINT('',(33.242133692947,11.474868844089,102.));
#3017 = CARTESIAN_POINT('',(25.451207598996,9.953987760528,0.));
#3018 = CARTESIAN_POINT('',(33.910847375635,13.262559680646,
    101.99999999999));
#3019 = CARTESIAN_POINT('',(25.615157418355,11.422122123148,0.));
#3020 = CARTESIAN_POINT('',(34.129291914266,15.218682198766,102.));
#3021 = CARTESIAN_POINT('',(25.404024382057,12.917355064353,0.));
#3022 = CARTESIAN_POINT('',(33.847981090721,17.21091049925,
    101.99999999999));
#3023 = CARTESIAN_POINT('',(24.815659613176,14.327327757785,0.));
#3024 = CARTESIAN_POINT('',(33.064051770232,19.089539190042,102.));
#3025 = CARTESIAN_POINT('',(23.888769826461,15.541852941045,0.));
#3026 = CARTESIAN_POINT('',(31.829076259971,20.707756241756,
    101.99999999999));
#3027 = CARTESIAN_POINT('',(22.699426632952,16.472315984658,0.));
#3028 = CARTESIAN_POINT('',(30.244411353387,21.947492711545,102.));
#3029 = CARTESIAN_POINT('',(21.346010069074,17.064398457459,0.));
#3030 = CARTESIAN_POINT('',(28.441137290464,22.736375450834,102.));
#3031 = CARTESIAN_POINT('',(19.933099918008,17.300607967989,0.));
#3032 = CARTESIAN_POINT('',(26.558594770549,23.051097832046,102.));
#3033 = DEFINITIONAL_REPRESENTATION('',(#3034),#3057);
#3034 = B_SPLINE_CURVE_WITH_KNOTS('',6,(#3035,#3036,#3037,#3038,#3039,
    #3040,#3041,#3042,#3043,#3044,#3045,#3046,#3047,#3048,#3049,#3050,
    #3051,#3052,#3053,#3054,#3055,#3056),.UNSPECIFIED.,.F.,.F.,(7,5,5,5,
    7),(0.,0.250999900883,0.499999999056,0.749999999393,1.),
  .UNSPECIFIED.);
#3035 = CARTESIAN_POINT('',(4.546741441807,0.980392156863));
#3036 = CARTESIAN_POINT('',(4.472986971123,0.980392156863));
#3037 = CARTESIAN_POINT('',(4.399225752784,0.980392156863));
#3038 = CARTESIAN_POINT('',(4.325472391576,0.980392156863));
#3039 = CARTESIAN_POINT('',(4.251719044824,0.980392156863));
#3040 = CARTESIAN_POINT('',(4.177957808913,0.980392156863));
#3041 = CARTESIAN_POINT('',(4.031036489339,0.980392156863));
#3042 = CARTESIAN_POINT('',(3.957863147879,0.980392156863));
#3043 = CARTESIAN_POINT('',(3.884697393691,0.980392156863));
#3044 = CARTESIAN_POINT('',(3.811531632323,0.980392156863));
#3045 = CARTESIAN_POINT('',(3.738358281164,0.980392156863));
#3046 = CARTESIAN_POINT('',(3.591730763297,0.980392156863));
#3047 = CARTESIAN_POINT('',(3.518263468103,0.980392156863));
#3048 = CARTESIAN_POINT('',(3.444803914656,0.980392156863));
#3049 = CARTESIAN_POINT('',(3.371344368469,0.980392156863));
#3050 = CARTESIAN_POINT('',(3.297877082986,0.980392156863));
#3051 = CARTESIAN_POINT('',(3.150955762692,0.980392156863));
#3052 = CARTESIAN_POINT('',(3.077488472197,0.980392156863));
#3053 = CARTESIAN_POINT('',(3.004028916569,0.980392156863));
#3054 = CARTESIAN_POINT('',(2.930569346879,0.980392156863));
#3055 = CARTESIAN_POINT('',(2.857102073967,0.980392156863));
#3056 = CARTESIAN_POINT('',(2.783641416569,0.980392156863));
#3057 = ( GEOMETRIC_REPRESENTATION_CONTEXT(2) 
PARAMETRIC_REPRESENTATION_CONTEXT() REPRESENTATION_CONTEXT('2D SPACE',''
  ) );
#3058 = ORIENTED_EDGE('',*,*,#3059,.T.);
#3059 = EDGE_CURVE('',#2961,#113,#3060,.T.);
#3060 = SURFACE_CURVE('',#3061,(#3064,#3070),.PCURVE_S1.);
#3061 = B_SPLINE_CURVE_WITH_KNOTS('',1,(#3062,#3063),.UNSPECIFIED.,.F.,
  .F.,(2,2),(0.,1.),.PIECEWISE_BEZIER_KNOTS.);
#3062 = CARTESIAN_POINT('',(33.079529423677,11.41873939462,100.));
#3063 = CARTESIAN_POINT('',(32.446467268476,9.726356775389,100.));
#3064 = PCURVE('',#43,#3065);
#3065 = DEFINITIONAL_REPRESENTATION('',(#3066),#3069);
#3066 = B_SPLINE_CURVE_WITH_KNOTS('',1,(#3067,#3068),.UNSPECIFIED.,.F.,
  .F.,(2,2),(0.,1.),.PIECEWISE_BEZIER_KNOTS.);
#3067 = CARTESIAN_POINT('',(11.41873939462,-33.07952942367));
#3068 = CARTESIAN_POINT('',(9.726356775389,-32.44646726847));
#3069 = ( GEOMETRIC_REPRESENTATION_CONTEXT(2) 
PARAMETRIC_REPRESENTATION_CONTEXT() REPRESENTATION_CONTEXT('2D SPACE',''
  ) );
#3070 = PCURVE('',#3071,#3076);
#3071 = B_SPLINE_SURFACE_WITH_KNOTS('',1,1,(
    (#3072,#3073)
    ,(#3074,#3075
    )),.UNSPECIFIED.,.F.,.F.,.F.,(2,2),(2,2),(1.231017795392,
    3.046810561358),(0.,1.),.PIECEWISE_BEZIER_KNOTS.);
#3072 = CARTESIAN_POINT('',(24.471846419134,7.335834353106,0.));
#3073 = CARTESIAN_POINT('',(32.605959685463,9.774167223834,102.));
#3074 = CARTESIAN_POINT('',(24.949315960198,8.612266921174,0.));
#3075 = CARTESIAN_POINT('',(33.242133692947,11.474868844089,102.));
#3076 = DEFINITIONAL_REPRESENTATION('',(#3077),#3080);
#3077 = B_SPLINE_CURVE_WITH_KNOTS('',1,(#3078,#3079),.UNSPECIFIED.,.F.,
  .F.,(2,2),(0.,1.),.PIECEWISE_BEZIER_KNOTS.);
#3078 = CARTESIAN_POINT('',(3.046810561358,0.980392156863));
#3079 = CARTESIAN_POINT('',(1.231017795392,0.980392156863));
#3080 = ( GEOMETRIC_REPRESENTATION_CONTEXT(2) 
PARAMETRIC_REPRESENTATION_CONTEXT() REPRESENTATION_CONTEXT('2D SPACE',''
  ) );
#3081 = ADVANCED_FACE('',(#3082,#3085),#93,.F.);
#3082 = FACE_BOUND('',#3083,.F.);
#3083 = EDGE_LOOP('',(#3084));
#3084 = ORIENTED_EDGE('',*,*,#78,.T.);
#3085 = FACE_BOUND('',#3086,.F.);
#3086 = EDGE_LOOP('',(#3087));
#3087 = ORIENTED_EDGE('',*,*,#3088,.F.);
#3088 = EDGE_CURVE('',#3089,#3089,#3091,.T.);
#3089 = VERTEX_POINT('',#3090);
#3090 = CARTESIAN_POINT('',(1.,-2.449293598295E-16,-15.));
#3091 = SURFACE_CURVE('',#3092,(#3097,#3104),.PCURVE_S1.);
#3092 = CIRCLE('',#3093,1.);
#3093 = AXIS2_PLACEMENT_3D('',#3094,#3095,#3096);
#3094 = CARTESIAN_POINT('',(0.,0.,-15.));
#3095 = DIRECTION('',(0.,0.,1.));
#3096 = DIRECTION('',(1.,0.,-0.));
#3097 = PCURVE('',#93,#3098);
#3098 = DEFINITIONAL_REPRESENTATION('',(#3099),#3103);
#3099 = CIRCLE('',#3100,1.);
#3100 = AXIS2_PLACEMENT_2D('',#3101,#3102);
#3101 = CARTESIAN_POINT('',(0.,0.));
#3102 = DIRECTION('',(2.22044604925E-16,-1.));
#3103 = ( GEOMETRIC_REPRESENTATION_CONTEXT(2) 
PARAMETRIC_REPRESENTATION_CONTEXT() REPRESENTATION_CONTEXT('2D SPACE',''
  ) );
#3104 = PCURVE('',#3105,#3110);
#3105 = CYLINDRICAL_SURFACE('',#3106,1.);
#3106 = AXIS2_PLACEMENT_3D('',#3107,#3108,#3109);
#3107 = CARTESIAN_POINT('',(0.,0.,-16.));
#3108 = DIRECTION('',(0.,0.,1.));
#3109 = DIRECTION('',(1.,0.,-0.));
#3110 = DEFINITIONAL_REPRESENTATION('',(#3111),#3115);
#3111 = LINE('',#3112,#3113);
#3112 = CARTESIAN_POINT('',(0.,1.));
#3113 = VECTOR('',#3114,1.);
#3114 = DIRECTION('',(1.,0.));
#3115 = ( GEOMETRIC_REPRESENTATION_CONTEXT(2) 
PARAMETRIC_REPRESENTATION_CONTEXT() REPRESENTATION_CONTEXT('2D SPACE',''
  ) );
#3116 = ADVANCED_FACE('',(#3117),#168,.F.);
#3117 = FACE_BOUND('',#3118,.F.);
#3118 = EDGE_LOOP('',(#3119,#3150,#3170,#3171));
#3119 = ORIENTED_EDGE('',*,*,#3120,.F.);
#3120 = EDGE_CURVE('',#3121,#3123,#3125,.T.);
#3121 = VERTEX_POINT('',#3122);
#3122 = CARTESIAN_POINT('',(24.471846419134,7.335834353106,0.));
#3123 = VERTEX_POINT('',#3124);
#3124 = CARTESIAN_POINT('',(24.985240400168,6.079452556518,0.));
#3125 = SURFACE_CURVE('',#3126,(#3131,#3138),.PCURVE_S1.);
#3126 = CIRCLE('',#3127,1.);
#3127 = AXIS2_PLACEMENT_3D('',#3128,#3129,#3130);
#3128 = CARTESIAN_POINT('',(25.408463004534,6.985478288577,0.));
#3129 = DIRECTION('',(0.,0.,1.));
#3130 = DIRECTION('',(1.,0.,0.));
#3131 = PCURVE('',#168,#3132);
#3132 = DEFINITIONAL_REPRESENTATION('',(#3133),#3137);
#3133 = LINE('',#3134,#3135);
#3134 = CARTESIAN_POINT('',(6.28318530718,0.));
#3135 = VECTOR('',#3136,1.);
#3136 = DIRECTION('',(-1.,0.));
#3137 = ( GEOMETRIC_REPRESENTATION_CONTEXT(2) 
PARAMETRIC_REPRESENTATION_CONTEXT() REPRESENTATION_CONTEXT('2D SPACE',''
  ) );
#3138 = PCURVE('',#3139,#3144);
#3139 = PLANE('',#3140);
#3140 = AXIS2_PLACEMENT_3D('',#3141,#3142,#3143);
#3141 = CARTESIAN_POINT('',(25.408463004534,6.985478288577,0.));
#3142 = DIRECTION('',(0.,0.,1.));
#3143 = DIRECTION('',(1.,0.,0.));
#3144 = DEFINITIONAL_REPRESENTATION('',(#3145),#3149);
#3145 = CIRCLE('',#3146,1.);
#3146 = AXIS2_PLACEMENT_2D('',#3147,#3148);
#3147 = CARTESIAN_POINT('',(0.,0.));
#3148 = DIRECTION('',(1.,0.));
#3149 = ( GEOMETRIC_REPRESENTATION_CONTEXT(2) 
PARAMETRIC_REPRESENTATION_CONTEXT() REPRESENTATION_CONTEXT('2D SPACE',''
  ) );
#3150 = ORIENTED_EDGE('',*,*,#3151,.T.);
#3151 = EDGE_CURVE('',#3121,#113,#3152,.T.);
#3152 = SURFACE_CURVE('',#3153,(#3156,#3163),.PCURVE_S1.);
#3153 = B_SPLINE_CURVE_WITH_KNOTS('',1,(#3154,#3155),.UNSPECIFIED.,.F.,
  .F.,(2,2),(0.,1.),.PIECEWISE_BEZIER_KNOTS.);
#3154 = CARTESIAN_POINT('',(24.471846419134,7.335834353106,0.));
#3155 = CARTESIAN_POINT('',(32.605959685463,9.774167223834,102.));
#3156 = PCURVE('',#168,#3157);
#3157 = DEFINITIONAL_REPRESENTATION('',(#3158),#3162);
#3158 = LINE('',#3159,#3160);
#3159 = CARTESIAN_POINT('',(3.499543890611,0.));
#3160 = VECTOR('',#3161,1.);
#3161 = DIRECTION('',(0.,1.));
#3162 = ( GEOMETRIC_REPRESENTATION_CONTEXT(2) 
PARAMETRIC_REPRESENTATION_CONTEXT() REPRESENTATION_CONTEXT('2D SPACE',''
  ) );
#3163 = PCURVE('',#3071,#3164);
#3164 = DEFINITIONAL_REPRESENTATION('',(#3165),#3169);
#3165 = LINE('',#3166,#3167);
#3166 = CARTESIAN_POINT('',(1.231017795392,0.));
#3167 = VECTOR('',#3168,1.);
#3168 = DIRECTION('',(0.,1.));
#3169 = ( GEOMETRIC_REPRESENTATION_CONTEXT(2) 
PARAMETRIC_REPRESENTATION_CONTEXT() REPRESENTATION_CONTEXT('2D SPACE',''
  ) );
#3170 = ORIENTED_EDGE('',*,*,#112,.T.);
#3171 = ORIENTED_EDGE('',*,*,#3172,.F.);
#3172 = EDGE_CURVE('',#3123,#115,#3173,.T.);
#3173 = SURFACE_CURVE('',#3174,(#3177,#3184),.PCURVE_S1.);
#3174 = B_SPLINE_CURVE_WITH_KNOTS('',1,(#3175,#3176),.UNSPECIFIED.,.F.,
  .F.,(2,2),(0.,1.),.PIECEWISE_BEZIER_KNOTS.);
#3175 = CARTESIAN_POINT('',(24.985240400168,6.079452556518,0.));
#3176 = CARTESIAN_POINT('',(33.289998934553,8.10018098236,102.));
#3177 = PCURVE('',#168,#3178);
#3178 = DEFINITIONAL_REPRESENTATION('',(#3179),#3183);
#3179 = LINE('',#3180,#3181);
#3180 = CARTESIAN_POINT('',(2.007795561855,0.));
#3181 = VECTOR('',#3182,1.);
#3182 = DIRECTION('',(0.,1.));
#3183 = ( GEOMETRIC_REPRESENTATION_CONTEXT(2) 
PARAMETRIC_REPRESENTATION_CONTEXT() REPRESENTATION_CONTEXT('2D SPACE',''
  ) );
#3184 = PCURVE('',#225,#3185);
#3185 = DEFINITIONAL_REPRESENTATION('',(#3186),#3190);
#3186 = LINE('',#3187,#3188);
#3187 = CARTESIAN_POINT('',(19.139291944232,0.));
#3188 = VECTOR('',#3189,1.);
#3189 = DIRECTION('',(0.,1.));
#3190 = ( GEOMETRIC_REPRESENTATION_CONTEXT(2) 
PARAMETRIC_REPRESENTATION_CONTEXT() REPRESENTATION_CONTEXT('2D SPACE',''
  ) );
#3191 = ADVANCED_FACE('',(#3192),#3071,.F.);
#3192 = FACE_BOUND('',#3193,.F.);
#3193 = EDGE_LOOP('',(#3194,#3195,#3217,#3237));
#3194 = ORIENTED_EDGE('',*,*,#3151,.F.);
#3195 = ORIENTED_EDGE('',*,*,#3196,.T.);
#3196 = EDGE_CURVE('',#3121,#3197,#3199,.T.);
#3197 = VERTEX_POINT('',#3198);
#3198 = CARTESIAN_POINT('',(24.949315960198,8.612266921174,0.));
#3199 = SURFACE_CURVE('',#3200,(#3204,#3210),.PCURVE_S1.);
#3200 = LINE('',#3201,#3202);
#3201 = CARTESIAN_POINT('',(24.148145657227,6.470476127563,0.));
#3202 = VECTOR('',#3203,1.);
#3203 = DIRECTION('',(0.350356064529,0.936616585401,0.));
#3204 = PCURVE('',#3071,#3205);
#3205 = DEFINITIONAL_REPRESENTATION('',(#3206),#3209);
#3206 = B_SPLINE_CURVE_WITH_KNOTS('',1,(#3207,#3208),.UNSPECIFIED.,.F.,
  .F.,(2,2),(0.923919391383,2.286731654121),.PIECEWISE_BEZIER_KNOTS.);
#3207 = CARTESIAN_POINT('',(1.231017795392,0.));
#3208 = CARTESIAN_POINT('',(3.046810561358,0.));
#3209 = ( GEOMETRIC_REPRESENTATION_CONTEXT(2) 
PARAMETRIC_REPRESENTATION_CONTEXT() REPRESENTATION_CONTEXT('2D SPACE',''
  ) );
#3210 = PCURVE('',#3139,#3211);
#3211 = DEFINITIONAL_REPRESENTATION('',(#3212),#3216);
#3212 = LINE('',#3213,#3214);
#3213 = CARTESIAN_POINT('',(-1.260317347308,-0.515002161014));
#3214 = VECTOR('',#3215,1.);
#3215 = DIRECTION('',(0.350356064529,0.936616585401));
#3216 = ( GEOMETRIC_REPRESENTATION_CONTEXT(2) 
PARAMETRIC_REPRESENTATION_CONTEXT() REPRESENTATION_CONTEXT('2D SPACE',''
  ) );
#3217 = ORIENTED_EDGE('',*,*,#3218,.T.);
#3218 = EDGE_CURVE('',#3197,#2961,#3219,.T.);
#3219 = SURFACE_CURVE('',#3220,(#3223,#3230),.PCURVE_S1.);
#3220 = B_SPLINE_CURVE_WITH_KNOTS('',1,(#3221,#3222),.UNSPECIFIED.,.F.,
  .F.,(2,2),(0.,1.),.PIECEWISE_BEZIER_KNOTS.);
#3221 = CARTESIAN_POINT('',(24.949315960198,8.612266921174,0.));
#3222 = CARTESIAN_POINT('',(33.242133692947,11.474868844089,102.));
#3223 = PCURVE('',#3071,#3224);
#3224 = DEFINITIONAL_REPRESENTATION('',(#3225),#3229);
#3225 = LINE('',#3226,#3227);
#3226 = CARTESIAN_POINT('',(3.046810561358,0.));
#3227 = VECTOR('',#3228,1.);
#3228 = DIRECTION('',(0.,1.));
#3229 = ( GEOMETRIC_REPRESENTATION_CONTEXT(2) 
PARAMETRIC_REPRESENTATION_CONTEXT() REPRESENTATION_CONTEXT('2D SPACE',''
  ) );
#3230 = PCURVE('',#3014,#3231);
#3231 = DEFINITIONAL_REPRESENTATION('',(#3232),#3236);
#3232 = LINE('',#3233,#3234);
#3233 = CARTESIAN_POINT('',(2.783641416569,0.));
#3234 = VECTOR('',#3235,1.);
#3235 = DIRECTION('',(0.,1.));
#3236 = ( GEOMETRIC_REPRESENTATION_CONTEXT(2) 
PARAMETRIC_REPRESENTATION_CONTEXT() REPRESENTATION_CONTEXT('2D SPACE',''
  ) );
#3237 = ORIENTED_EDGE('',*,*,#3059,.T.);
#3238 = ADVANCED_FACE('',(#3239),#3014,.F.);
#3239 = FACE_BOUND('',#3240,.F.);
#3240 = EDGE_LOOP('',(#3241,#3269,#3289,#3290));
#3241 = ORIENTED_EDGE('',*,*,#3242,.F.);
#3242 = EDGE_CURVE('',#3243,#3197,#3245,.T.);
#3243 = VERTEX_POINT('',#3244);
#3244 = CARTESIAN_POINT('',(19.933099918008,17.300607967989,0.));
#3245 = SURFACE_CURVE('',#3246,(#3251,#3258),.PCURVE_S1.);
#3246 = CIRCLE('',#3247,6.5);
#3247 = AXIS2_PLACEMENT_3D('',#3248,#3249,#3250);
#3248 = CARTESIAN_POINT('',(18.861308155093,10.889581340611,0.));
#3249 = DIRECTION('',(0.,0.,-1.));
#3250 = DIRECTION('',(-1.,0.,0.));
#3251 = PCURVE('',#3014,#3252);
#3252 = DEFINITIONAL_REPRESENTATION('',(#3253),#3257);
#3253 = LINE('',#3254,#3255);
#3254 = CARTESIAN_POINT('',(6.28318530718,0.));
#3255 = VECTOR('',#3256,1.);
#3256 = DIRECTION('',(-1.,0.));
#3257 = ( GEOMETRIC_REPRESENTATION_CONTEXT(2) 
PARAMETRIC_REPRESENTATION_CONTEXT() REPRESENTATION_CONTEXT('2D SPACE',''
  ) );
#3258 = PCURVE('',#3139,#3259);
#3259 = DEFINITIONAL_REPRESENTATION('',(#3260),#3268);
#3260 = ( BOUNDED_CURVE() B_SPLINE_CURVE(2,(#3261,#3262,#3263,#3264,
#3265,#3266,#3267),.UNSPECIFIED.,.T.,.F.) B_SPLINE_CURVE_WITH_KNOTS((1,2
    ,2,2,2,1),(-2.094395102393,0.,2.094395102393,4.188790204786,
6.28318530718,8.377580409573),.UNSPECIFIED.) CURVE() 
GEOMETRIC_REPRESENTATION_ITEM() RATIONAL_B_SPLINE_CURVE((1.,0.5,1.,0.5,
1.,0.5,1.)) REPRESENTATION_ITEM('') );
#3261 = CARTESIAN_POINT('',(-13.04715484944,3.904103052034));
#3262 = CARTESIAN_POINT('',(-13.04715484944,15.162433301232));
#3263 = CARTESIAN_POINT('',(-3.297154849441,9.533268176633));
#3264 = CARTESIAN_POINT('',(6.452845150559,3.904103052034));
#3265 = CARTESIAN_POINT('',(-3.297154849441,-1.725062072564));
#3266 = CARTESIAN_POINT('',(-13.04715484944,-7.354227197163));
#3267 = CARTESIAN_POINT('',(-13.04715484944,3.904103052034));
#3268 = ( GEOMETRIC_REPRESENTATION_CONTEXT(2) 
PARAMETRIC_REPRESENTATION_CONTEXT() REPRESENTATION_CONTEXT('2D SPACE',''
  ) );
#3269 = ORIENTED_EDGE('',*,*,#3270,.T.);
#3270 = EDGE_CURVE('',#3243,#2936,#3271,.T.);
#3271 = SURFACE_CURVE('',#3272,(#3275,#3282),.PCURVE_S1.);
#3272 = B_SPLINE_CURVE_WITH_KNOTS('',1,(#3273,#3274),.UNSPECIFIED.,.F.,
  .F.,(2,2),(0.,1.),.PIECEWISE_BEZIER_KNOTS.);
#3273 = CARTESIAN_POINT('',(19.933099918008,17.300607967989,0.));
#3274 = CARTESIAN_POINT('',(26.558594770549,23.051097832046,102.));
#3275 = PCURVE('',#3014,#3276);
#3276 = DEFINITIONAL_REPRESENTATION('',(#3277),#3281);
#3277 = LINE('',#3278,#3279);
#3278 = CARTESIAN_POINT('',(4.546741441807,0.));
#3279 = VECTOR('',#3280,1.);
#3280 = DIRECTION('',(0.,1.));
#3281 = ( GEOMETRIC_REPRESENTATION_CONTEXT(2) 
PARAMETRIC_REPRESENTATION_CONTEXT() REPRESENTATION_CONTEXT('2D SPACE',''
  ) );
#3282 = PCURVE('',#2949,#3283);
#3283 = DEFINITIONAL_REPRESENTATION('',(#3284),#3288);
#3284 = LINE('',#3285,#3286);
#3285 = CARTESIAN_POINT('',(10.509440621469,0.));
#3286 = VECTOR('',#3287,1.);
#3287 = DIRECTION('',(0.,1.));
#3288 = ( GEOMETRIC_REPRESENTATION_CONTEXT(2) 
PARAMETRIC_REPRESENTATION_CONTEXT() REPRESENTATION_CONTEXT('2D SPACE',''
  ) );
#3289 = ORIENTED_EDGE('',*,*,#2960,.T.);
#3290 = ORIENTED_EDGE('',*,*,#3218,.F.);
#3291 = ADVANCED_FACE('',(#3292),#2949,.F.);
#3292 = FACE_BOUND('',#3293,.F.);
#3293 = EDGE_LOOP('',(#3294,#3295,#3317,#3337));
#3294 = ORIENTED_EDGE('',*,*,#3270,.F.);
#3295 = ORIENTED_EDGE('',*,*,#3296,.T.);
#3296 = EDGE_CURVE('',#3243,#3297,#3299,.T.);
#3297 = VERTEX_POINT('',#3298);
#3298 = CARTESIAN_POINT('',(18.588942117311,17.525323499928,0.));
#3299 = SURFACE_CURVE('',#3300,(#3304,#3310),.PCURVE_S1.);
#3300 = LINE('',#3301,#3302);
#3301 = CARTESIAN_POINT('',(27.712812921102,16.,0.));
#3302 = VECTOR('',#3303,1.);
#3303 = DIRECTION('',(-0.986311788827,0.164891040448,0.));
#3304 = PCURVE('',#2949,#3305);
#3305 = DEFINITIONAL_REPRESENTATION('',(#3306),#3309);
#3306 = B_SPLINE_CURVE_WITH_KNOTS('',1,(#3307,#3308),.UNSPECIFIED.,.F.,
  .F.,(2,2),(7.887681249702,9.250493512441),.PIECEWISE_BEZIER_KNOTS.);
#3307 = CARTESIAN_POINT('',(10.509440621469,0.));
#3308 = CARTESIAN_POINT('',(12.325233387434,0.));
#3309 = ( GEOMETRIC_REPRESENTATION_CONTEXT(2) 
PARAMETRIC_REPRESENTATION_CONTEXT() REPRESENTATION_CONTEXT('2D SPACE',''
  ) );
#3310 = PCURVE('',#3139,#3311);
#3311 = DEFINITIONAL_REPRESENTATION('',(#3312),#3316);
#3312 = LINE('',#3313,#3314);
#3313 = CARTESIAN_POINT('',(2.304349916568,9.014521711423));
#3314 = VECTOR('',#3315,1.);
#3315 = DIRECTION('',(-0.986311788827,0.164891040448));
#3316 = ( GEOMETRIC_REPRESENTATION_CONTEXT(2) 
PARAMETRIC_REPRESENTATION_CONTEXT() REPRESENTATION_CONTEXT('2D SPACE',''
  ) );
#3317 = ORIENTED_EDGE('',*,*,#3318,.T.);
#3318 = EDGE_CURVE('',#3297,#2824,#3319,.T.);
#3319 = SURFACE_CURVE('',#3320,(#3323,#3330),.PCURVE_S1.);
#3320 = B_SPLINE_CURVE_WITH_KNOTS('',1,(#3321,#3322),.UNSPECIFIED.,.F.,
  .F.,(2,2),(0.,1.),.PIECEWISE_BEZIER_KNOTS.);
#3321 = CARTESIAN_POINT('',(18.588942117311,17.525323499928,0.));
#3322 = CARTESIAN_POINT('',(24.767656959409,23.350505790465,102.));
#3323 = PCURVE('',#2949,#3324);
#3324 = DEFINITIONAL_REPRESENTATION('',(#3325),#3329);
#3325 = LINE('',#3326,#3327);
#3326 = CARTESIAN_POINT('',(12.325233387434,0.));
#3327 = VECTOR('',#3328,1.);
#3328 = DIRECTION('',(0.,1.));
#3329 = ( GEOMETRIC_REPRESENTATION_CONTEXT(2) 
PARAMETRIC_REPRESENTATION_CONTEXT() REPRESENTATION_CONTEXT('2D SPACE',''
  ) );
#3330 = PCURVE('',#2887,#3331);
#3331 = DEFINITIONAL_REPRESENTATION('',(#3332),#3336);
#3332 = LINE('',#3333,#3334);
#3333 = CARTESIAN_POINT('',(1.736443865372,0.));
#3334 = VECTOR('',#3335,1.);
#3335 = DIRECTION('',(0.,1.));
#3336 = ( GEOMETRIC_REPRESENTATION_CONTEXT(2) 
PARAMETRIC_REPRESENTATION_CONTEXT() REPRESENTATION_CONTEXT('2D SPACE',''
  ) );
#3337 = ORIENTED_EDGE('',*,*,#2935,.T.);
#3338 = ADVANCED_FACE('',(#3339),#2887,.F.);
#3339 = FACE_BOUND('',#3340,.F.);
#3340 = EDGE_LOOP('',(#3341,#3365,#3385,#3386));
#3341 = ORIENTED_EDGE('',*,*,#3342,.F.);
#3342 = EDGE_CURVE('',#3343,#3297,#3345,.T.);
#3343 = VERTEX_POINT('',#3344);
#3344 = CARTESIAN_POINT('',(17.757580555131,18.598126627948,0.));
#3345 = SURFACE_CURVE('',#3346,(#3351,#3358),.PCURVE_S1.);
#3346 = CIRCLE('',#3347,1.);
#3347 = AXIS2_PLACEMENT_3D('',#3348,#3349,#3350);
#3348 = CARTESIAN_POINT('',(18.753833157759,18.511635288755,0.));
#3349 = DIRECTION('',(0.,0.,1.));
#3350 = DIRECTION('',(1.,0.,0.));
#3351 = PCURVE('',#2887,#3352);
#3352 = DEFINITIONAL_REPRESENTATION('',(#3353),#3357);
#3353 = LINE('',#3354,#3355);
#3354 = CARTESIAN_POINT('',(6.28318530718,0.));
#3355 = VECTOR('',#3356,1.);
#3356 = DIRECTION('',(-1.,0.));
#3357 = ( GEOMETRIC_REPRESENTATION_CONTEXT(2) 
PARAMETRIC_REPRESENTATION_CONTEXT() REPRESENTATION_CONTEXT('2D SPACE',''
  ) );
#3358 = PCURVE('',#3139,#3359);
#3359 = DEFINITIONAL_REPRESENTATION('',(#3360),#3364);
#3360 = CIRCLE('',#3361,1.);
#3361 = AXIS2_PLACEMENT_2D('',#3362,#3363);
#3362 = CARTESIAN_POINT('',(-6.654629846775,11.526157000178));
#3363 = DIRECTION('',(1.,0.));
#3364 = ( GEOMETRIC_REPRESENTATION_CONTEXT(2) 
PARAMETRIC_REPRESENTATION_CONTEXT() REPRESENTATION_CONTEXT('2D SPACE',''
  ) );
#3365 = ORIENTED_EDGE('',*,*,#3366,.T.);
#3366 = EDGE_CURVE('',#3343,#2799,#3367,.T.);
#3367 = SURFACE_CURVE('',#3368,(#3371,#3378),.PCURVE_S1.);
#3368 = B_SPLINE_CURVE_WITH_KNOTS('',1,(#3369,#3370),.UNSPECIFIED.,.F.,
  .F.,(2,2),(0.,1.),.PIECEWISE_BEZIER_KNOTS.);
#3369 = CARTESIAN_POINT('',(17.757580555131,18.598126627948,0.));
#3370 = CARTESIAN_POINT('',(23.659961973252,24.7798942781,102.));
#3371 = PCURVE('',#2887,#3372);
#3372 = DEFINITIONAL_REPRESENTATION('',(#3373),#3377);
#3373 = LINE('',#3374,#3375);
#3374 = CARTESIAN_POINT('',(3.228192194128,0.));
#3375 = VECTOR('',#3376,1.);
#3376 = DIRECTION('',(0.,1.));
#3377 = ( GEOMETRIC_REPRESENTATION_CONTEXT(2) 
PARAMETRIC_REPRESENTATION_CONTEXT() REPRESENTATION_CONTEXT('2D SPACE',''
  ) );
#3378 = PCURVE('',#2812,#3379);
#3379 = DEFINITIONAL_REPRESENTATION('',(#3380),#3384);
#3380 = LINE('',#3381,#3382);
#3381 = CARTESIAN_POINT('',(1.231017795392,0.));
#3382 = VECTOR('',#3383,1.);
#3383 = DIRECTION('',(0.,1.));
#3384 = ( GEOMETRIC_REPRESENTATION_CONTEXT(2) 
PARAMETRIC_REPRESENTATION_CONTEXT() REPRESENTATION_CONTEXT('2D SPACE',''
  ) );
#3385 = ORIENTED_EDGE('',*,*,#2823,.T.);
#3386 = ORIENTED_EDGE('',*,*,#3318,.F.);
#3387 = ADVANCED_FACE('',(#3388),#2812,.F.);
#3388 = FACE_BOUND('',#3389,.F.);
#3389 = EDGE_LOOP('',(#3390,#3391,#3413,#3433));
#3390 = ORIENTED_EDGE('',*,*,#3366,.F.);
#3391 = ORIENTED_EDGE('',*,*,#3392,.T.);
#3392 = EDGE_CURVE('',#3343,#3393,#3395,.T.);
#3393 = VERTEX_POINT('',#3394);
#3394 = CARTESIAN_POINT('',(17.79646796354,19.046052191352,0.));
#3395 = SURFACE_CURVE('',#3396,(#3400,#3406),.PCURVE_S1.);
#3396 = LINE('',#3397,#3398);
#3397 = CARTESIAN_POINT('',(17.677669529664,17.677669529664,0.));
#3398 = VECTOR('',#3399,1.);
#3399 = DIRECTION('',(8.649133919285E-02,0.996252602629,0.));
#3400 = PCURVE('',#2812,#3401);
#3401 = DEFINITIONAL_REPRESENTATION('',(#3402),#3405);
#3402 = B_SPLINE_CURVE_WITH_KNOTS('',1,(#3403,#3404),.UNSPECIFIED.,.F.,
  .F.,(2,2),(0.923919391383,1.373529823739),.PIECEWISE_BEZIER_KNOTS.);
#3403 = CARTESIAN_POINT('',(1.231017795392,0.));
#3404 = CARTESIAN_POINT('',(1.830072700383,0.));
#3405 = ( GEOMETRIC_REPRESENTATION_CONTEXT(2) 
PARAMETRIC_REPRESENTATION_CONTEXT() REPRESENTATION_CONTEXT('2D SPACE',''
  ) );
#3406 = PCURVE('',#3139,#3407);
#3407 = DEFINITIONAL_REPRESENTATION('',(#3408),#3412);
#3408 = LINE('',#3409,#3410);
#3409 = CARTESIAN_POINT('',(-7.730793474871,10.692191241087));
#3410 = VECTOR('',#3411,1.);
#3411 = DIRECTION('',(8.649133919285E-02,0.996252602629));
#3412 = ( GEOMETRIC_REPRESENTATION_CONTEXT(2) 
PARAMETRIC_REPRESENTATION_CONTEXT() REPRESENTATION_CONTEXT('2D SPACE',''
  ) );
#3413 = ORIENTED_EDGE('',*,*,#3414,.T.);
#3414 = EDGE_CURVE('',#3393,#2698,#3415,.T.);
#3415 = SURFACE_CURVE('',#3416,(#3419,#3426),.PCURVE_S1.);
#3416 = B_SPLINE_CURVE_WITH_KNOTS('',1,(#3417,#3418),.UNSPECIFIED.,.F.,
  .F.,(2,2),(0.,1.),.PIECEWISE_BEZIER_KNOTS.);
#3417 = CARTESIAN_POINT('',(17.79646796354,19.046052191352,0.));
#3418 = CARTESIAN_POINT('',(23.711775034234,25.376704286315,102.));
#3419 = PCURVE('',#2812,#3420);
#3420 = DEFINITIONAL_REPRESENTATION('',(#3421),#3425);
#3421 = LINE('',#3422,#3423);
#3422 = CARTESIAN_POINT('',(1.830072700383,0.));
#3423 = VECTOR('',#3424,1.);
#3424 = DIRECTION('',(0.,1.));
#3425 = ( GEOMETRIC_REPRESENTATION_CONTEXT(2) 
PARAMETRIC_REPRESENTATION_CONTEXT() REPRESENTATION_CONTEXT('2D SPACE',''
  ) );
#3426 = PCURVE('',#2751,#3427);
#3427 = DEFINITIONAL_REPRESENTATION('',(#3428),#3432);
#3428 = LINE('',#3429,#3430);
#3429 = CARTESIAN_POINT('',(3.054993113051,0.));
#3430 = VECTOR('',#3431,1.);
#3431 = DIRECTION('',(0.,1.));
#3432 = ( GEOMETRIC_REPRESENTATION_CONTEXT(2) 
PARAMETRIC_REPRESENTATION_CONTEXT() REPRESENTATION_CONTEXT('2D SPACE',''
  ) );
#3433 = ORIENTED_EDGE('',*,*,#2798,.T.);
#3434 = ADVANCED_FACE('',(#3435),#2751,.F.);
#3435 = FACE_BOUND('',#3436,.F.);
#3436 = EDGE_LOOP('',(#3437,#3465,#3485,#3486));
#3437 = ORIENTED_EDGE('',*,*,#3438,.F.);
#3438 = EDGE_CURVE('',#3439,#3393,#3441,.T.);
#3439 = VERTEX_POINT('',#3440);
#3440 = CARTESIAN_POINT('',(7.596131057745,24.935219449738,0.));
#3441 = SURFACE_CURVE('',#3442,(#3447,#3454),.PCURVE_S1.);
#3442 = CIRCLE('',#3443,6.5);
#3443 = AXIS2_PLACEMENT_3D('',#3444,#3445,#3446);
#3444 = CARTESIAN_POINT('',(11.320826046453,19.608245896106,0.));
#3445 = DIRECTION('',(0.,0.,-1.));
#3446 = DIRECTION('',(-1.,0.,0.));
#3447 = PCURVE('',#2751,#3448);
#3448 = DEFINITIONAL_REPRESENTATION('',(#3449),#3453);
#3449 = LINE('',#3450,#3451);
#3450 = CARTESIAN_POINT('',(6.28318530718,0.));
#3451 = VECTOR('',#3452,1.);
#3452 = DIRECTION('',(-1.,0.));
#3453 = ( GEOMETRIC_REPRESENTATION_CONTEXT(2) 
PARAMETRIC_REPRESENTATION_CONTEXT() REPRESENTATION_CONTEXT('2D SPACE',''
  ) );
#3454 = PCURVE('',#3139,#3455);
#3455 = DEFINITIONAL_REPRESENTATION('',(#3456),#3464);
#3456 = ( BOUNDED_CURVE() B_SPLINE_CURVE(2,(#3457,#3458,#3459,#3460,
#3461,#3462,#3463),.UNSPECIFIED.,.T.,.F.) B_SPLINE_CURVE_WITH_KNOTS((1,2
    ,2,2,2,1),(-2.094395102393,0.,2.094395102393,4.188790204786,
6.28318530718,8.377580409573),.UNSPECIFIED.) CURVE() 
GEOMETRIC_REPRESENTATION_ITEM() RATIONAL_B_SPLINE_CURVE((1.,0.5,1.,0.5,
1.,0.5,1.)) REPRESENTATION_ITEM('') );
#3457 = CARTESIAN_POINT('',(-20.58763695808,12.622767607529));
#3458 = CARTESIAN_POINT('',(-20.58763695808,23.881097856727));
#3459 = CARTESIAN_POINT('',(-10.83763695808,18.251932732128));
#3460 = CARTESIAN_POINT('',(-1.087636958081,12.622767607529));
#3461 = CARTESIAN_POINT('',(-10.83763695808,6.99360248293));
#3462 = CARTESIAN_POINT('',(-20.58763695808,1.364437358331));
#3463 = CARTESIAN_POINT('',(-20.58763695808,12.622767607529));
#3464 = ( GEOMETRIC_REPRESENTATION_CONTEXT(2) 
PARAMETRIC_REPRESENTATION_CONTEXT() REPRESENTATION_CONTEXT('2D SPACE',''
  ) );
#3465 = ORIENTED_EDGE('',*,*,#3466,.T.);
#3466 = EDGE_CURVE('',#3439,#2673,#3467,.T.);
#3467 = SURFACE_CURVE('',#3468,(#3471,#3478),.PCURVE_S1.);
#3468 = B_SPLINE_CURVE_WITH_KNOTS('',1,(#3469,#3470),.UNSPECIFIED.,.F.,
  .F.,(2,2),(0.,1.),.PIECEWISE_BEZIER_KNOTS.);
#3469 = CARTESIAN_POINT('',(7.596131057745,24.935219449738,0.));
#3470 = CARTESIAN_POINT('',(10.120983059157,33.223351691626,102.));
#3471 = PCURVE('',#2751,#3472);
#3472 = DEFINITIONAL_REPRESENTATION('',(#3473),#3477);
#3473 = LINE('',#3474,#3475);
#3474 = CARTESIAN_POINT('',(5.322587296522,0.));
#3475 = VECTOR('',#3476,1.);
#3476 = DIRECTION('',(0.,1.));
#3477 = ( GEOMETRIC_REPRESENTATION_CONTEXT(2) 
PARAMETRIC_REPRESENTATION_CONTEXT() REPRESENTATION_CONTEXT('2D SPACE',''
  ) );
#3478 = PCURVE('',#2686,#3479);
#3479 = DEFINITIONAL_REPRESENTATION('',(#3480),#3484);
#3480 = LINE('',#3481,#3482);
#3481 = CARTESIAN_POINT('',(18.540237039241,0.));
#3482 = VECTOR('',#3483,1.);
#3483 = DIRECTION('',(0.,1.));
#3484 = ( GEOMETRIC_REPRESENTATION_CONTEXT(2) 
PARAMETRIC_REPRESENTATION_CONTEXT() REPRESENTATION_CONTEXT('2D SPACE',''
  ) );
#3485 = ORIENTED_EDGE('',*,*,#2697,.T.);
#3486 = ORIENTED_EDGE('',*,*,#3414,.F.);
#3487 = ADVANCED_FACE('',(#3488),#2686,.F.);
#3488 = FACE_BOUND('',#3489,.F.);
#3489 = EDGE_LOOP('',(#3490,#3491,#3513,#3533));
#3490 = ORIENTED_EDGE('',*,*,#3466,.F.);
#3491 = ORIENTED_EDGE('',*,*,#3492,.T.);
#3492 = EDGE_CURVE('',#3439,#3493,#3495,.T.);
#3493 = VERTEX_POINT('',#3494);
#3494 = CARTESIAN_POINT('',(7.227659845038,24.677579184466,0.));
#3495 = SURFACE_CURVE('',#3496,(#3500,#3506),.PCURVE_S1.);
#3496 = LINE('',#3497,#3498);
#3497 = CARTESIAN_POINT('',(19.,32.908965343809,0.));
#3498 = VECTOR('',#3499,1.);
#3499 = DIRECTION('',(-0.819534392866,-0.573029998263,0.));
#3500 = PCURVE('',#2686,#3501);
#3501 = DEFINITIONAL_REPRESENTATION('',(#3502),#3505);
#3502 = B_SPLINE_CURVE_WITH_KNOTS('',1,(#3503,#3504),.UNSPECIFIED.,.F.,
  .F.,(2,2),(13.915058405746,14.364668838103),.PIECEWISE_BEZIER_KNOTS.);
#3503 = CARTESIAN_POINT('',(18.540237039241,0.));
#3504 = CARTESIAN_POINT('',(19.139291944232,0.));
#3505 = ( GEOMETRIC_REPRESENTATION_CONTEXT(2) 
PARAMETRIC_REPRESENTATION_CONTEXT() REPRESENTATION_CONTEXT('2D SPACE',''
  ) );
#3506 = PCURVE('',#3139,#3507);
#3507 = DEFINITIONAL_REPRESENTATION('',(#3508),#3512);
#3508 = LINE('',#3509,#3510);
#3509 = CARTESIAN_POINT('',(-6.408463004534,25.923487055232));
#3510 = VECTOR('',#3511,1.);
#3511 = DIRECTION('',(-0.819534392866,-0.573029998263));
#3512 = ( GEOMETRIC_REPRESENTATION_CONTEXT(2) 
PARAMETRIC_REPRESENTATION_CONTEXT() REPRESENTATION_CONTEXT('2D SPACE',''
  ) );
#3513 = ORIENTED_EDGE('',*,*,#3514,.T.);
#3514 = EDGE_CURVE('',#3493,#2576,#3515,.T.);
#3515 = SURFACE_CURVE('',#3516,(#3519,#3526),.PCURVE_S1.);
#3516 = B_SPLINE_CURVE_WITH_KNOTS('',1,(#3517,#3518),.UNSPECIFIED.,.F.,
  .F.,(2,2),(0.,1.),.PIECEWISE_BEZIER_KNOTS.);
#3517 = CARTESIAN_POINT('',(7.227659845038,24.677579184466,0.));
#3518 = CARTESIAN_POINT('',(9.630036961301,32.88007526046,102.));
#3519 = PCURVE('',#2686,#3520);
#3520 = DEFINITIONAL_REPRESENTATION('',(#3521),#3525);
#3521 = LINE('',#3522,#3523);
#3522 = CARTESIAN_POINT('',(19.139291944232,0.));
#3523 = VECTOR('',#3524,1.);
#3524 = DIRECTION('',(0.,1.));
#3525 = ( GEOMETRIC_REPRESENTATION_CONTEXT(2) 
PARAMETRIC_REPRESENTATION_CONTEXT() REPRESENTATION_CONTEXT('2D SPACE',''
  ) );
#3526 = PCURVE('',#2629,#3527);
#3527 = DEFINITIONAL_REPRESENTATION('',(#3528),#3532);
#3528 = LINE('',#3529,#3530);
#3529 = CARTESIAN_POINT('',(0.960598010658,0.));
#3530 = VECTOR('',#3531,1.);
#3531 = DIRECTION('',(0.,1.));
#3532 = ( GEOMETRIC_REPRESENTATION_CONTEXT(2) 
PARAMETRIC_REPRESENTATION_CONTEXT() REPRESENTATION_CONTEXT('2D SPACE',''
  ) );
#3533 = ORIENTED_EDGE('',*,*,#2672,.T.);
#3534 = ADVANCED_FACE('',(#3535),#2629,.F.);
#3535 = FACE_BOUND('',#3536,.F.);
#3536 = EDGE_LOOP('',(#3537,#3561,#3581,#3582));
#3537 = ORIENTED_EDGE('',*,*,#3538,.F.);
#3538 = EDGE_CURVE('',#3539,#3493,#3541,.T.);
#3539 = VERTEX_POINT('',#3540);
#3540 = CARTESIAN_POINT('',(5.882904301823,24.861157853034,0.));
#3541 = SURFACE_CURVE('',#3542,(#3547,#3554),.PCURVE_S1.);
#3542 = CIRCLE('',#3543,1.);
#3543 = AXIS2_PLACEMENT_3D('',#3544,#3545,#3546);
#3544 = CARTESIAN_POINT('',(6.654629846775,25.497113577332,0.));
#3545 = DIRECTION('',(0.,0.,1.));
#3546 = DIRECTION('',(1.,0.,0.));
#3547 = PCURVE('',#2629,#3548);
#3548 = DEFINITIONAL_REPRESENTATION('',(#3549),#3553);
#3549 = LINE('',#3550,#3551);
#3550 = CARTESIAN_POINT('',(6.28318530718,0.));
#3551 = VECTOR('',#3552,1.);
#3552 = DIRECTION('',(-1.,0.));
#3553 = ( GEOMETRIC_REPRESENTATION_CONTEXT(2) 
PARAMETRIC_REPRESENTATION_CONTEXT() REPRESENTATION_CONTEXT('2D SPACE',''
  ) );
#3554 = PCURVE('',#3139,#3555);
#3555 = DEFINITIONAL_REPRESENTATION('',(#3556),#3560);
#3556 = CIRCLE('',#3557,1.);
#3557 = AXIS2_PLACEMENT_2D('',#3558,#3559);
#3558 = CARTESIAN_POINT('',(-18.75383315775,18.511635288755));
#3559 = DIRECTION('',(1.,0.));
#3560 = ( GEOMETRIC_REPRESENTATION_CONTEXT(2) 
PARAMETRIC_REPRESENTATION_CONTEXT() REPRESENTATION_CONTEXT('2D SPACE',''
  ) );
#3561 = ORIENTED_EDGE('',*,*,#3562,.T.);
#3562 = EDGE_CURVE('',#3539,#2551,#3563,.T.);
#3563 = SURFACE_CURVE('',#3564,(#3567,#3574),.PCURVE_S1.);
#3564 = B_SPLINE_CURVE_WITH_KNOTS('',1,(#3565,#3566),.UNSPECIFIED.,.F.,
  .F.,(2,2),(0.,1.),.PIECEWISE_BEZIER_KNOTS.);
#3565 = CARTESIAN_POINT('',(5.882904301823,24.861157853034,0.));
#3566 = CARTESIAN_POINT('',(7.838302726054,33.1246730143,102.));
#3567 = PCURVE('',#2629,#3568);
#3568 = DEFINITIONAL_REPRESENTATION('',(#3569),#3573);
#3569 = LINE('',#3570,#3571);
#3570 = CARTESIAN_POINT('',(2.452346339414,0.));
#3571 = VECTOR('',#3572,1.);
#3572 = DIRECTION('',(0.,1.));
#3573 = ( GEOMETRIC_REPRESENTATION_CONTEXT(2) 
PARAMETRIC_REPRESENTATION_CONTEXT() REPRESENTATION_CONTEXT('2D SPACE',''
  ) );
#3574 = PCURVE('',#2564,#3575);
#3575 = DEFINITIONAL_REPRESENTATION('',(#3576),#3580);
#3576 = LINE('',#3577,#3578);
#3577 = CARTESIAN_POINT('',(1.231017795392,0.));
#3578 = VECTOR('',#3579,1.);
#3579 = DIRECTION('',(0.,1.));
#3580 = ( GEOMETRIC_REPRESENTATION_CONTEXT(2) 
PARAMETRIC_REPRESENTATION_CONTEXT() REPRESENTATION_CONTEXT('2D SPACE',''
  ) );
#3581 = ORIENTED_EDGE('',*,*,#2575,.T.);
#3582 = ORIENTED_EDGE('',*,*,#3514,.F.);
#3583 = ADVANCED_FACE('',(#3584),#2564,.F.);
#3584 = FACE_BOUND('',#3585,.F.);
#3585 = EDGE_LOOP('',(#3586,#3587,#3609,#3629));
#3586 = ORIENTED_EDGE('',*,*,#3562,.F.);
#3587 = ORIENTED_EDGE('',*,*,#3588,.T.);
#3588 = EDGE_CURVE('',#3539,#3589,#3591,.T.);
#3589 = VERTEX_POINT('',#3590);
#3590 = CARTESIAN_POINT('',(5.01621604219,25.912874889163,0.));
#3591 = SURFACE_CURVE('',#3592,(#3596,#3602),.PCURVE_S1.);
#3592 = LINE('',#3593,#3594);
#3593 = CARTESIAN_POINT('',(6.470476127563,24.148145657227,0.));
#3594 = VECTOR('',#3595,1.);
#3595 = DIRECTION('',(-0.635955724298,0.771725544952,0.));
#3596 = PCURVE('',#2564,#3597);
#3597 = DEFINITIONAL_REPRESENTATION('',(#3598),#3601);
#3598 = B_SPLINE_CURVE_WITH_KNOTS('',1,(#3599,#3600),.UNSPECIFIED.,.F.,
  .F.,(2,2),(0.923919391383,2.286731654121),.PIECEWISE_BEZIER_KNOTS.);
#3599 = CARTESIAN_POINT('',(1.231017795392,0.));
#3600 = CARTESIAN_POINT('',(3.046810561358,0.));
#3601 = ( GEOMETRIC_REPRESENTATION_CONTEXT(2) 
PARAMETRIC_REPRESENTATION_CONTEXT() REPRESENTATION_CONTEXT('2D SPACE',''
  ) );
#3602 = PCURVE('',#3139,#3603);
#3603 = DEFINITIONAL_REPRESENTATION('',(#3604),#3608);
#3604 = LINE('',#3605,#3606);
#3605 = CARTESIAN_POINT('',(-18.93798687697,17.16266736865));
#3606 = VECTOR('',#3607,1.);
#3607 = DIRECTION('',(-0.635955724298,0.771725544952));
#3608 = ( GEOMETRIC_REPRESENTATION_CONTEXT(2) 
PARAMETRIC_REPRESENTATION_CONTEXT() REPRESENTATION_CONTEXT('2D SPACE',''
  ) );
#3609 = ORIENTED_EDGE('',*,*,#3610,.T.);
#3610 = EDGE_CURVE('',#3589,#2452,#3611,.T.);
#3611 = SURFACE_CURVE('',#3612,(#3615,#3622),.PCURVE_S1.);
#3612 = B_SPLINE_CURVE_WITH_KNOTS('',1,(#3613,#3614),.UNSPECIFIED.,.F.,
  .F.,(2,2),(0.,1.),.PIECEWISE_BEZIER_KNOTS.);
#3613 = CARTESIAN_POINT('',(5.01621604219,25.912874889163,0.));
#3614 = CARTESIAN_POINT('',(6.683538922398,34.525966676135,102.));
#3615 = PCURVE('',#2564,#3616);
#3616 = DEFINITIONAL_REPRESENTATION('',(#3617),#3621);
#3617 = LINE('',#3618,#3619);
#3618 = CARTESIAN_POINT('',(3.046810561358,0.));
#3619 = VECTOR('',#3620,1.);
#3620 = DIRECTION('',(0.,1.));
#3621 = ( GEOMETRIC_REPRESENTATION_CONTEXT(2) 
PARAMETRIC_REPRESENTATION_CONTEXT() REPRESENTATION_CONTEXT('2D SPACE',''
  ) );
#3622 = PCURVE('',#2505,#3623);
#3623 = DEFINITIONAL_REPRESENTATION('',(#3624),#3628);
#3624 = LINE('',#3625,#3626);
#3625 = CARTESIAN_POINT('',(3.830838967766,0.));
#3626 = VECTOR('',#3627,1.);
#3627 = DIRECTION('',(0.,1.));
#3628 = ( GEOMETRIC_REPRESENTATION_CONTEXT(2) 
PARAMETRIC_REPRESENTATION_CONTEXT() REPRESENTATION_CONTEXT('2D SPACE',''
  ) );
#3629 = ORIENTED_EDGE('',*,*,#2550,.T.);
#3630 = ADVANCED_FACE('',(#3631),#2505,.F.);
#3631 = FACE_BOUND('',#3632,.F.);
#3632 = EDGE_LOOP('',(#3633,#3661,#3681,#3682));
#3633 = ORIENTED_EDGE('',*,*,#3634,.F.);
#3634 = EDGE_CURVE('',#3635,#3589,#3637,.T.);
#3635 = VERTEX_POINT('',#3636);
#3636 = CARTESIAN_POINT('',(-5.01621604219,25.912874889163,0.));
#3637 = SURFACE_CURVE('',#3638,(#3643,#3650),.PCURVE_S1.);
#3638 = CIRCLE('',#3639,6.5);
#3639 = AXIS2_PLACEMENT_3D('',#3640,#3641,#3642);
#3640 = CARTESIAN_POINT('',(0.,21.779162681223,0.));
#3641 = DIRECTION('',(0.,0.,-1.));
#3642 = DIRECTION('',(-1.,0.,0.));
#3643 = PCURVE('',#2505,#3644);
#3644 = DEFINITIONAL_REPRESENTATION('',(#3645),#3649);
#3645 = LINE('',#3646,#3647);
#3646 = CARTESIAN_POINT('',(6.28318530718,0.));
#3647 = VECTOR('',#3648,1.);
#3648 = DIRECTION('',(-1.,0.));
#3649 = ( GEOMETRIC_REPRESENTATION_CONTEXT(2) 
PARAMETRIC_REPRESENTATION_CONTEXT() REPRESENTATION_CONTEXT('2D SPACE',''
  ) );
#3650 = PCURVE('',#3139,#3651);
#3651 = DEFINITIONAL_REPRESENTATION('',(#3652),#3660);
#3652 = ( BOUNDED_CURVE() B_SPLINE_CURVE(2,(#3653,#3654,#3655,#3656,
#3657,#3658,#3659),.UNSPECIFIED.,.T.,.F.) B_SPLINE_CURVE_WITH_KNOTS((1,2
    ,2,2,2,1),(-2.094395102393,0.,2.094395102393,4.188790204786,
6.28318530718,8.377580409573),.UNSPECIFIED.) CURVE() 
GEOMETRIC_REPRESENTATION_ITEM() RATIONAL_B_SPLINE_CURVE((1.,0.5,1.,0.5,
1.,0.5,1.)) REPRESENTATION_ITEM('') );
#3653 = CARTESIAN_POINT('',(-31.90846300453,14.793684392646));
#3654 = CARTESIAN_POINT('',(-31.90846300453,26.052014641844));
#3655 = CARTESIAN_POINT('',(-22.15846300453,20.422849517245));
#3656 = CARTESIAN_POINT('',(-12.40846300453,14.793684392646));
#3657 = CARTESIAN_POINT('',(-22.15846300453,9.164519268047));
#3658 = CARTESIAN_POINT('',(-31.90846300453,3.535354143448));
#3659 = CARTESIAN_POINT('',(-31.90846300453,14.793684392646));
#3660 = ( GEOMETRIC_REPRESENTATION_CONTEXT(2) 
PARAMETRIC_REPRESENTATION_CONTEXT() REPRESENTATION_CONTEXT('2D SPACE',''
  ) );
#3661 = ORIENTED_EDGE('',*,*,#3662,.T.);
#3662 = EDGE_CURVE('',#3635,#2427,#3663,.T.);
#3663 = SURFACE_CURVE('',#3664,(#3667,#3674),.PCURVE_S1.);
#3664 = B_SPLINE_CURVE_WITH_KNOTS('',1,(#3665,#3666),.UNSPECIFIED.,.F.,
  .F.,(2,2),(0.,1.),.PIECEWISE_BEZIER_KNOTS.);
#3665 = CARTESIAN_POINT('',(-5.01621604219,25.912874889163,0.));
#3666 = CARTESIAN_POINT('',(-6.683538922398,34.525966676135,102.));
#3667 = PCURVE('',#2505,#3668);
#3668 = DEFINITIONAL_REPRESENTATION('',(#3669),#3673);
#3669 = LINE('',#3670,#3671);
#3670 = CARTESIAN_POINT('',(5.593938993004,0.));
#3671 = VECTOR('',#3672,1.);
#3672 = DIRECTION('',(0.,1.));
#3673 = ( GEOMETRIC_REPRESENTATION_CONTEXT(2) 
PARAMETRIC_REPRESENTATION_CONTEXT() REPRESENTATION_CONTEXT('2D SPACE',''
  ) );
#3674 = PCURVE('',#2440,#3675);
#3675 = DEFINITIONAL_REPRESENTATION('',(#3676),#3680);
#3676 = LINE('',#3677,#3678);
#3677 = CARTESIAN_POINT('',(10.509440621469,0.));
#3678 = VECTOR('',#3679,1.);
#3679 = DIRECTION('',(0.,1.));
#3680 = ( GEOMETRIC_REPRESENTATION_CONTEXT(2) 
PARAMETRIC_REPRESENTATION_CONTEXT() REPRESENTATION_CONTEXT('2D SPACE',''
  ) );
#3681 = ORIENTED_EDGE('',*,*,#2451,.T.);
#3682 = ORIENTED_EDGE('',*,*,#3610,.F.);
#3683 = ADVANCED_FACE('',(#3684),#2440,.F.);
#3684 = FACE_BOUND('',#3685,.F.);
#3685 = EDGE_LOOP('',(#3686,#3687,#3709,#3729));
#3686 = ORIENTED_EDGE('',*,*,#3662,.F.);
#3687 = ORIENTED_EDGE('',*,*,#3688,.T.);
#3688 = EDGE_CURVE('',#3635,#3689,#3691,.T.);
#3689 = VERTEX_POINT('',#3690);
#3690 = CARTESIAN_POINT('',(-5.882904301823,24.861157853034,0.));
#3691 = SURFACE_CURVE('',#3692,(#3696,#3702),.PCURVE_S1.);
#3692 = LINE('',#3693,#3694);
#3693 = CARTESIAN_POINT('',(0.,32.,0.));
#3694 = VECTOR('',#3695,1.);
#3695 = DIRECTION('',(-0.635955724298,-0.771725544952,0.));
#3696 = PCURVE('',#2440,#3697);
#3697 = DEFINITIONAL_REPRESENTATION('',(#3698),#3701);
#3698 = B_SPLINE_CURVE_WITH_KNOTS('',1,(#3699,#3700),.UNSPECIFIED.,.F.,
  .F.,(2,2),(7.887681249702,9.25049351244),.PIECEWISE_BEZIER_KNOTS.);
#3699 = CARTESIAN_POINT('',(10.509440621469,0.));
#3700 = CARTESIAN_POINT('',(12.325233387434,0.));
#3701 = ( GEOMETRIC_REPRESENTATION_CONTEXT(2) 
PARAMETRIC_REPRESENTATION_CONTEXT() REPRESENTATION_CONTEXT('2D SPACE',''
  ) );
#3702 = PCURVE('',#3139,#3703);
#3703 = DEFINITIONAL_REPRESENTATION('',(#3704),#3708);
#3704 = LINE('',#3705,#3706);
#3705 = CARTESIAN_POINT('',(-25.40846300453,25.014521711423));
#3706 = VECTOR('',#3707,1.);
#3707 = DIRECTION('',(-0.635955724298,-0.771725544952));
#3708 = ( GEOMETRIC_REPRESENTATION_CONTEXT(2) 
PARAMETRIC_REPRESENTATION_CONTEXT() REPRESENTATION_CONTEXT('2D SPACE',''
  ) );
#3709 = ORIENTED_EDGE('',*,*,#3710,.T.);
#3710 = EDGE_CURVE('',#3689,#2342,#3711,.T.);
#3711 = SURFACE_CURVE('',#3712,(#3715,#3722),.PCURVE_S1.);
#3712 = B_SPLINE_CURVE_WITH_KNOTS('',1,(#3713,#3714),.UNSPECIFIED.,.F.,
  .F.,(2,2),(0.,1.),.PIECEWISE_BEZIER_KNOTS.);
#3713 = CARTESIAN_POINT('',(-5.882904301823,24.861157853034,0.));
#3714 = CARTESIAN_POINT('',(-7.838302726054,33.1246730143,102.));
#3715 = PCURVE('',#2440,#3716);
#3716 = DEFINITIONAL_REPRESENTATION('',(#3717),#3721);
#3717 = LINE('',#3718,#3719);
#3718 = CARTESIAN_POINT('',(12.325233387434,0.));
#3719 = VECTOR('',#3720,1.);
#3720 = DIRECTION('',(0.,1.));
#3721 = ( GEOMETRIC_REPRESENTATION_CONTEXT(2) 
PARAMETRIC_REPRESENTATION_CONTEXT() REPRESENTATION_CONTEXT('2D SPACE',''
  ) );
#3722 = PCURVE('',#2387,#3723);
#3723 = DEFINITIONAL_REPRESENTATION('',(#3724),#3728);
#3724 = LINE('',#3725,#3726);
#3725 = CARTESIAN_POINT('',(0.689246314176,0.));
#3726 = VECTOR('',#3727,1.);
#3727 = DIRECTION('',(0.,1.));
#3728 = ( GEOMETRIC_REPRESENTATION_CONTEXT(2) 
PARAMETRIC_REPRESENTATION_CONTEXT() REPRESENTATION_CONTEXT('2D SPACE',''
  ) );
#3729 = ORIENTED_EDGE('',*,*,#2426,.T.);
#3730 = ADVANCED_FACE('',(#3731),#2387,.F.);
#3731 = FACE_BOUND('',#3732,.F.);
#3732 = EDGE_LOOP('',(#3733,#3757,#3777,#3778));
#3733 = ORIENTED_EDGE('',*,*,#3734,.F.);
#3734 = EDGE_CURVE('',#3735,#3689,#3737,.T.);
#3735 = VERTEX_POINT('',#3736);
#3736 = CARTESIAN_POINT('',(-7.227659845038,24.677579184466,0.));
#3737 = SURFACE_CURVE('',#3738,(#3743,#3750),.PCURVE_S1.);
#3738 = CIRCLE('',#3739,1.);
#3739 = AXIS2_PLACEMENT_3D('',#3740,#3741,#3742);
#3740 = CARTESIAN_POINT('',(-6.654629846775,25.497113577332,0.));
#3741 = DIRECTION('',(0.,0.,1.));
#3742 = DIRECTION('',(1.,0.,0.));
#3743 = PCURVE('',#2387,#3744);
#3744 = DEFINITIONAL_REPRESENTATION('',(#3745),#3749);
#3745 = LINE('',#3746,#3747);
#3746 = CARTESIAN_POINT('',(6.28318530718,0.));
#3747 = VECTOR('',#3748,1.);
#3748 = DIRECTION('',(-1.,0.));
#3749 = ( GEOMETRIC_REPRESENTATION_CONTEXT(2) 
PARAMETRIC_REPRESENTATION_CONTEXT() REPRESENTATION_CONTEXT('2D SPACE',''
  ) );
#3750 = PCURVE('',#3139,#3751);
#3751 = DEFINITIONAL_REPRESENTATION('',(#3752),#3756);
#3752 = CIRCLE('',#3753,1.);
#3753 = AXIS2_PLACEMENT_2D('',#3754,#3755);
#3754 = CARTESIAN_POINT('',(-32.0630928513,18.511635288755));
#3755 = DIRECTION('',(1.,0.));
#3756 = ( GEOMETRIC_REPRESENTATION_CONTEXT(2) 
PARAMETRIC_REPRESENTATION_CONTEXT() REPRESENTATION_CONTEXT('2D SPACE',''
  ) );
#3757 = ORIENTED_EDGE('',*,*,#3758,.T.);
#3758 = EDGE_CURVE('',#3735,#2317,#3759,.T.);
#3759 = SURFACE_CURVE('',#3760,(#3763,#3770),.PCURVE_S1.);
#3760 = B_SPLINE_CURVE_WITH_KNOTS('',1,(#3761,#3762),.UNSPECIFIED.,.F.,
  .F.,(2,2),(0.,1.),.PIECEWISE_BEZIER_KNOTS.);
#3761 = CARTESIAN_POINT('',(-7.227659845038,24.677579184466,0.));
#3762 = CARTESIAN_POINT('',(-9.630036961301,32.88007526046,102.));
#3763 = PCURVE('',#2387,#3764);
#3764 = DEFINITIONAL_REPRESENTATION('',(#3765),#3769);
#3765 = LINE('',#3766,#3767);
#3766 = CARTESIAN_POINT('',(2.180994642932,0.));
#3767 = VECTOR('',#3768,1.);
#3768 = DIRECTION('',(0.,1.));
#3769 = ( GEOMETRIC_REPRESENTATION_CONTEXT(2) 
PARAMETRIC_REPRESENTATION_CONTEXT() REPRESENTATION_CONTEXT('2D SPACE',''
  ) );
#3770 = PCURVE('',#2330,#3771);
#3771 = DEFINITIONAL_REPRESENTATION('',(#3772),#3776);
#3772 = LINE('',#3773,#3774);
#3773 = CARTESIAN_POINT('',(1.231017795392,0.));
#3774 = VECTOR('',#3775,1.);
#3775 = DIRECTION('',(0.,1.));
#3776 = ( GEOMETRIC_REPRESENTATION_CONTEXT(2) 
PARAMETRIC_REPRESENTATION_CONTEXT() REPRESENTATION_CONTEXT('2D SPACE',''
  ) );
#3777 = ORIENTED_EDGE('',*,*,#2341,.T.);
#3778 = ORIENTED_EDGE('',*,*,#3710,.F.);
#3779 = ADVANCED_FACE('',(#3780),#2330,.F.);
#3780 = FACE_BOUND('',#3781,.F.);
#3781 = EDGE_LOOP('',(#3782,#3783,#3805,#3825));
#3782 = ORIENTED_EDGE('',*,*,#3758,.F.);
#3783 = ORIENTED_EDGE('',*,*,#3784,.T.);
#3784 = EDGE_CURVE('',#3735,#3785,#3787,.T.);
#3785 = VERTEX_POINT('',#3786);
#3786 = CARTESIAN_POINT('',(-7.596131057745,24.935219449738,0.));
#3787 = SURFACE_CURVE('',#3788,(#3792,#3798),.PCURVE_S1.);
#3788 = LINE('',#3789,#3790);
#3789 = CARTESIAN_POINT('',(-6.470476127563,24.148145657227,0.));
#3790 = VECTOR('',#3791,1.);
#3791 = DIRECTION('',(-0.819534392866,0.573029998263,0.));
#3792 = PCURVE('',#2330,#3793);
#3793 = DEFINITIONAL_REPRESENTATION('',(#3794),#3797);
#3794 = B_SPLINE_CURVE_WITH_KNOTS('',1,(#3795,#3796),.UNSPECIFIED.,.F.,
  .F.,(2,2),(0.923919391383,1.373529823739),.PIECEWISE_BEZIER_KNOTS.);
#3795 = CARTESIAN_POINT('',(1.231017795392,0.));
#3796 = CARTESIAN_POINT('',(1.830072700383,0.));
#3797 = ( GEOMETRIC_REPRESENTATION_CONTEXT(2) 
PARAMETRIC_REPRESENTATION_CONTEXT() REPRESENTATION_CONTEXT('2D SPACE',''
  ) );
#3798 = PCURVE('',#3139,#3799);
#3799 = DEFINITIONAL_REPRESENTATION('',(#3800),#3804);
#3800 = LINE('',#3801,#3802);
#3801 = CARTESIAN_POINT('',(-31.87893913209,17.16266736865));
#3802 = VECTOR('',#3803,1.);
#3803 = DIRECTION('',(-0.819534392866,0.573029998263));
#3804 = ( GEOMETRIC_REPRESENTATION_CONTEXT(2) 
PARAMETRIC_REPRESENTATION_CONTEXT() REPRESENTATION_CONTEXT('2D SPACE',''
  ) );
#3805 = ORIENTED_EDGE('',*,*,#3806,.T.);
#3806 = EDGE_CURVE('',#3785,#2216,#3807,.T.);
#3807 = SURFACE_CURVE('',#3808,(#3811,#3818),.PCURVE_S1.);
#3808 = B_SPLINE_CURVE_WITH_KNOTS('',1,(#3809,#3810),.UNSPECIFIED.,.F.,
  .F.,(2,2),(0.,1.),.PIECEWISE_BEZIER_KNOTS.);
#3809 = CARTESIAN_POINT('',(-7.596131057745,24.935219449738,0.));
#3810 = CARTESIAN_POINT('',(-10.12098305915,33.223351691626,102.));
#3811 = PCURVE('',#2330,#3812);
#3812 = DEFINITIONAL_REPRESENTATION('',(#3813),#3817);
#3813 = LINE('',#3814,#3815);
#3814 = CARTESIAN_POINT('',(1.830072700383,0.));
#3815 = VECTOR('',#3816,1.);
#3816 = DIRECTION('',(0.,1.));
#3817 = ( GEOMETRIC_REPRESENTATION_CONTEXT(2) 
PARAMETRIC_REPRESENTATION_CONTEXT() REPRESENTATION_CONTEXT('2D SPACE',''
  ) );
#3818 = PCURVE('',#2269,#3819);
#3819 = DEFINITIONAL_REPRESENTATION('',(#3820),#3824);
#3820 = LINE('',#3821,#3822);
#3821 = CARTESIAN_POINT('',(-2.180994642932,0.));
#3822 = VECTOR('',#3823,1.);
#3823 = DIRECTION('',(0.,1.));
#3824 = ( GEOMETRIC_REPRESENTATION_CONTEXT(2) 
PARAMETRIC_REPRESENTATION_CONTEXT() REPRESENTATION_CONTEXT('2D SPACE',''
  ) );
#3825 = ORIENTED_EDGE('',*,*,#2316,.T.);
#3826 = ADVANCED_FACE('',(#3827),#2269,.F.);
#3827 = FACE_BOUND('',#3828,.F.);
#3828 = EDGE_LOOP('',(#3829,#3857,#3877,#3878));
#3829 = ORIENTED_EDGE('',*,*,#3830,.F.);
#3830 = EDGE_CURVE('',#3831,#3785,#3833,.T.);
#3831 = VERTEX_POINT('',#3832);
#3832 = CARTESIAN_POINT('',(-17.79646796354,19.046052191352,0.));
#3833 = SURFACE_CURVE('',#3834,(#3839,#3846),.PCURVE_S1.);
#3834 = CIRCLE('',#3835,6.5);
#3835 = AXIS2_PLACEMENT_3D('',#3836,#3837,#3838);
#3836 = CARTESIAN_POINT('',(-11.32082604645,19.608245896106,0.));
#3837 = DIRECTION('',(0.,0.,-1.));
#3838 = DIRECTION('',(-1.,0.,0.));
#3839 = PCURVE('',#2269,#3840);
#3840 = DEFINITIONAL_REPRESENTATION('',(#3841),#3845);
#3841 = LINE('',#3842,#3843);
#3842 = CARTESIAN_POINT('',(6.28318530718,0.));
#3843 = VECTOR('',#3844,1.);
#3844 = DIRECTION('',(-1.,0.));
#3845 = ( GEOMETRIC_REPRESENTATION_CONTEXT(2) 
PARAMETRIC_REPRESENTATION_CONTEXT() REPRESENTATION_CONTEXT('2D SPACE',''
  ) );
#3846 = PCURVE('',#3139,#3847);
#3847 = DEFINITIONAL_REPRESENTATION('',(#3848),#3856);
#3848 = ( BOUNDED_CURVE() B_SPLINE_CURVE(2,(#3849,#3850,#3851,#3852,
#3853,#3854,#3855),.UNSPECIFIED.,.T.,.F.) B_SPLINE_CURVE_WITH_KNOTS((1,2
    ,2,2,2,1),(-2.094395102393,0.,2.094395102393,4.188790204786,
6.28318530718,8.377580409573),.UNSPECIFIED.) CURVE() 
GEOMETRIC_REPRESENTATION_ITEM() RATIONAL_B_SPLINE_CURVE((1.,0.5,1.,0.5,
1.,0.5,1.)) REPRESENTATION_ITEM('') );
#3849 = CARTESIAN_POINT('',(-43.22928905098,12.622767607529));
#3850 = CARTESIAN_POINT('',(-43.22928905098,23.881097856727));
#3851 = CARTESIAN_POINT('',(-33.47928905098,18.251932732128));
#3852 = CARTESIAN_POINT('',(-23.72928905098,12.622767607529));
#3853 = CARTESIAN_POINT('',(-33.47928905098,6.99360248293));
#3854 = CARTESIAN_POINT('',(-43.22928905098,1.364437358331));
#3855 = CARTESIAN_POINT('',(-43.22928905098,12.622767607529));
#3856 = ( GEOMETRIC_REPRESENTATION_CONTEXT(2) 
PARAMETRIC_REPRESENTATION_CONTEXT() REPRESENTATION_CONTEXT('2D SPACE',''
  ) );
#3857 = ORIENTED_EDGE('',*,*,#3858,.T.);
#3858 = EDGE_CURVE('',#3831,#2191,#3859,.T.);
#3859 = SURFACE_CURVE('',#3860,(#3863,#3870),.PCURVE_S1.);
#3860 = B_SPLINE_CURVE_WITH_KNOTS('',1,(#3861,#3862),.UNSPECIFIED.,.F.,
  .F.,(2,2),(0.,1.),.PIECEWISE_BEZIER_KNOTS.);
#3861 = CARTESIAN_POINT('',(-17.79646796354,19.046052191352,0.));
#3862 = CARTESIAN_POINT('',(-23.71177503423,25.376704286315,102.));
#3863 = PCURVE('',#2269,#3864);
#3864 = DEFINITIONAL_REPRESENTATION('',(#3865),#3869);
#3865 = LINE('',#3866,#3867);
#3866 = CARTESIAN_POINT('',(8.659954053865E-02,0.));
#3867 = VECTOR('',#3868,1.);
#3868 = DIRECTION('',(0.,1.));
#3869 = ( GEOMETRIC_REPRESENTATION_CONTEXT(2) 
PARAMETRIC_REPRESENTATION_CONTEXT() REPRESENTATION_CONTEXT('2D SPACE',''
  ) );
#3870 = PCURVE('',#2204,#3871);
#3871 = DEFINITIONAL_REPRESENTATION('',(#3872),#3876);
#3872 = LINE('',#3873,#3874);
#3873 = CARTESIAN_POINT('',(18.540237039241,0.));
#3874 = VECTOR('',#3875,1.);
#3875 = DIRECTION('',(0.,1.));
#3876 = ( GEOMETRIC_REPRESENTATION_CONTEXT(2) 
PARAMETRIC_REPRESENTATION_CONTEXT() REPRESENTATION_CONTEXT('2D SPACE',''
  ) );
#3877 = ORIENTED_EDGE('',*,*,#2215,.T.);
#3878 = ORIENTED_EDGE('',*,*,#3806,.F.);
#3879 = ADVANCED_FACE('',(#3880),#2204,.F.);
#3880 = FACE_BOUND('',#3881,.F.);
#3881 = EDGE_LOOP('',(#3882,#3883,#3905,#3925));
#3882 = ORIENTED_EDGE('',*,*,#3858,.F.);
#3883 = ORIENTED_EDGE('',*,*,#3884,.T.);
#3884 = EDGE_CURVE('',#3831,#3885,#3887,.T.);
#3885 = VERTEX_POINT('',#3886);
#3886 = CARTESIAN_POINT('',(-17.75758055513,18.598126627948,0.));
#3887 = SURFACE_CURVE('',#3888,(#3892,#3898),.PCURVE_S1.);
#3888 = LINE('',#3889,#3890);
#3889 = CARTESIAN_POINT('',(-19.,32.908965343809,0.));
#3890 = VECTOR('',#3891,1.);
#3891 = DIRECTION('',(8.649133919285E-02,-0.996252602629,-0.));
#3892 = PCURVE('',#2204,#3893);
#3893 = DEFINITIONAL_REPRESENTATION('',(#3894),#3897);
#3894 = B_SPLINE_CURVE_WITH_KNOTS('',1,(#3895,#3896),.UNSPECIFIED.,.F.,
  .F.,(2,2),(13.915058405746,14.364668838103),.PIECEWISE_BEZIER_KNOTS.);
#3895 = CARTESIAN_POINT('',(18.540237039241,0.));
#3896 = CARTESIAN_POINT('',(19.139291944232,0.));
#3897 = ( GEOMETRIC_REPRESENTATION_CONTEXT(2) 
PARAMETRIC_REPRESENTATION_CONTEXT() REPRESENTATION_CONTEXT('2D SPACE',''
  ) );
#3898 = PCURVE('',#3139,#3899);
#3899 = DEFINITIONAL_REPRESENTATION('',(#3900),#3904);
#3900 = LINE('',#3901,#3902);
#3901 = CARTESIAN_POINT('',(-44.40846300453,25.923487055232));
#3902 = VECTOR('',#3903,1.);
#3903 = DIRECTION('',(8.649133919285E-02,-0.996252602629));
#3904 = ( GEOMETRIC_REPRESENTATION_CONTEXT(2) 
PARAMETRIC_REPRESENTATION_CONTEXT() REPRESENTATION_CONTEXT('2D SPACE',''
  ) );
#3905 = ORIENTED_EDGE('',*,*,#3906,.T.);
#3906 = EDGE_CURVE('',#3885,#2106,#3907,.T.);
#3907 = SURFACE_CURVE('',#3908,(#3911,#3918),.PCURVE_S1.);
#3908 = B_SPLINE_CURVE_WITH_KNOTS('',1,(#3909,#3910),.UNSPECIFIED.,.F.,
  .F.,(2,2),(0.,1.),.PIECEWISE_BEZIER_KNOTS.);
#3909 = CARTESIAN_POINT('',(-17.75758055513,18.598126627948,0.));
#3910 = CARTESIAN_POINT('',(-23.65996197325,24.7798942781,102.));
#3911 = PCURVE('',#2204,#3912);
#3912 = DEFINITIONAL_REPRESENTATION('',(#3913),#3917);
#3913 = LINE('',#3914,#3915);
#3914 = CARTESIAN_POINT('',(19.139291944232,0.));
#3915 = VECTOR('',#3916,1.);
#3916 = DIRECTION('',(0.,1.));
#3917 = ( GEOMETRIC_REPRESENTATION_CONTEXT(2) 
PARAMETRIC_REPRESENTATION_CONTEXT() REPRESENTATION_CONTEXT('2D SPACE',''
  ) );
#3918 = PCURVE('',#2151,#3919);
#3919 = DEFINITIONAL_REPRESENTATION('',(#3920),#3924);
#3920 = LINE('',#3921,#3922);
#3921 = CARTESIAN_POINT('',(-8.659954053865E-02,0.));
#3922 = VECTOR('',#3923,1.);
#3923 = DIRECTION('',(0.,1.));
#3924 = ( GEOMETRIC_REPRESENTATION_CONTEXT(2) 
PARAMETRIC_REPRESENTATION_CONTEXT() REPRESENTATION_CONTEXT('2D SPACE',''
  ) );
#3925 = ORIENTED_EDGE('',*,*,#2190,.T.);
#3926 = ADVANCED_FACE('',(#3927),#2151,.F.);
#3927 = FACE_BOUND('',#3928,.F.);
#3928 = EDGE_LOOP('',(#3929,#3953,#3973,#3974));
#3929 = ORIENTED_EDGE('',*,*,#3930,.F.);
#3930 = EDGE_CURVE('',#3931,#3885,#3933,.T.);
#3931 = VERTEX_POINT('',#3932);
#3932 = CARTESIAN_POINT('',(-18.58894211731,17.525323499928,0.));
#3933 = SURFACE_CURVE('',#3934,(#3939,#3946),.PCURVE_S1.);
#3934 = CIRCLE('',#3935,1.);
#3935 = AXIS2_PLACEMENT_3D('',#3936,#3937,#3938);
#3936 = CARTESIAN_POINT('',(-18.75383315775,18.511635288755,0.));
#3937 = DIRECTION('',(0.,0.,1.));
#3938 = DIRECTION('',(1.,0.,0.));
#3939 = PCURVE('',#2151,#3940);
#3940 = DEFINITIONAL_REPRESENTATION('',(#3941),#3945);
#3941 = LINE('',#3942,#3943);
#3942 = CARTESIAN_POINT('',(6.28318530718,0.));
#3943 = VECTOR('',#3944,1.);
#3944 = DIRECTION('',(-1.,0.));
#3945 = ( GEOMETRIC_REPRESENTATION_CONTEXT(2) 
PARAMETRIC_REPRESENTATION_CONTEXT() REPRESENTATION_CONTEXT('2D SPACE',''
  ) );
#3946 = PCURVE('',#3139,#3947);
#3947 = DEFINITIONAL_REPRESENTATION('',(#3948),#3952);
#3948 = CIRCLE('',#3949,1.);
#3949 = AXIS2_PLACEMENT_2D('',#3950,#3951);
#3950 = CARTESIAN_POINT('',(-44.16229616229,11.526157000178));
#3951 = DIRECTION('',(1.,0.));
#3952 = ( GEOMETRIC_REPRESENTATION_CONTEXT(2) 
PARAMETRIC_REPRESENTATION_CONTEXT() REPRESENTATION_CONTEXT('2D SPACE',''
  ) );
#3953 = ORIENTED_EDGE('',*,*,#3954,.T.);
#3954 = EDGE_CURVE('',#3931,#2081,#3955,.T.);
#3955 = SURFACE_CURVE('',#3956,(#3959,#3966),.PCURVE_S1.);
#3956 = B_SPLINE_CURVE_WITH_KNOTS('',1,(#3957,#3958),.UNSPECIFIED.,.F.,
  .F.,(2,2),(0.,1.),.PIECEWISE_BEZIER_KNOTS.);
#3957 = CARTESIAN_POINT('',(-18.58894211731,17.525323499928,0.));
#3958 = CARTESIAN_POINT('',(-24.7676569594,23.350505790465,102.));
#3959 = PCURVE('',#2151,#3960);
#3960 = DEFINITIONAL_REPRESENTATION('',(#3961),#3965);
#3961 = LINE('',#3962,#3963);
#3962 = CARTESIAN_POINT('',(1.405148788217,0.));
#3963 = VECTOR('',#3964,1.);
#3964 = DIRECTION('',(0.,1.));
#3965 = ( GEOMETRIC_REPRESENTATION_CONTEXT(2) 
PARAMETRIC_REPRESENTATION_CONTEXT() REPRESENTATION_CONTEXT('2D SPACE',''
  ) );
#3966 = PCURVE('',#2094,#3967);
#3967 = DEFINITIONAL_REPRESENTATION('',(#3968),#3972);
#3968 = LINE('',#3969,#3970);
#3969 = CARTESIAN_POINT('',(1.231017795392,0.));
#3970 = VECTOR('',#3971,1.);
#3971 = DIRECTION('',(0.,1.));
#3972 = ( GEOMETRIC_REPRESENTATION_CONTEXT(2) 
PARAMETRIC_REPRESENTATION_CONTEXT() REPRESENTATION_CONTEXT('2D SPACE',''
  ) );
#3973 = ORIENTED_EDGE('',*,*,#2105,.T.);
#3974 = ORIENTED_EDGE('',*,*,#3906,.F.);
#3975 = ADVANCED_FACE('',(#3976),#2094,.F.);
#3976 = FACE_BOUND('',#3977,.F.);
#3977 = EDGE_LOOP('',(#3978,#3979,#4001,#4021));
#3978 = ORIENTED_EDGE('',*,*,#3954,.F.);
#3979 = ORIENTED_EDGE('',*,*,#3980,.T.);
#3980 = EDGE_CURVE('',#3931,#3981,#3983,.T.);
#3981 = VERTEX_POINT('',#3982);
#3982 = CARTESIAN_POINT('',(-19.933099918,17.300607967989,0.));
#3983 = SURFACE_CURVE('',#3984,(#3988,#3994),.PCURVE_S1.);
#3984 = LINE('',#3985,#3986);
#3985 = CARTESIAN_POINT('',(-17.67766952966,17.677669529664,0.));
#3986 = VECTOR('',#3987,1.);
#3987 = DIRECTION('',(-0.986311788827,-0.164891040448,0.));
#3988 = PCURVE('',#2094,#3989);
#3989 = DEFINITIONAL_REPRESENTATION('',(#3990),#3993);
#3990 = B_SPLINE_CURVE_WITH_KNOTS('',1,(#3991,#3992),.UNSPECIFIED.,.F.,
  .F.,(2,2),(0.923919391383,2.286731654121),.PIECEWISE_BEZIER_KNOTS.);
#3991 = CARTESIAN_POINT('',(1.231017795392,0.));
#3992 = CARTESIAN_POINT('',(3.046810561358,0.));
#3993 = ( GEOMETRIC_REPRESENTATION_CONTEXT(2) 
PARAMETRIC_REPRESENTATION_CONTEXT() REPRESENTATION_CONTEXT('2D SPACE',''
  ) );
#3994 = PCURVE('',#3139,#3995);
#3995 = DEFINITIONAL_REPRESENTATION('',(#3996),#4000);
#3996 = LINE('',#3997,#3998);
#3997 = CARTESIAN_POINT('',(-43.08613253419,10.692191241087));
#3998 = VECTOR('',#3999,1.);
#3999 = DIRECTION('',(-0.986311788827,-0.164891040448));
#4000 = ( GEOMETRIC_REPRESENTATION_CONTEXT(2) 
PARAMETRIC_REPRESENTATION_CONTEXT() REPRESENTATION_CONTEXT('2D SPACE',''
  ) );
#4001 = ORIENTED_EDGE('',*,*,#4002,.T.);
#4002 = EDGE_CURVE('',#3981,#1982,#4003,.T.);
#4003 = SURFACE_CURVE('',#4004,(#4007,#4014),.PCURVE_S1.);
#4004 = B_SPLINE_CURVE_WITH_KNOTS('',1,(#4005,#4006),.UNSPECIFIED.,.F.,
  .F.,(2,2),(0.,1.),.PIECEWISE_BEZIER_KNOTS.);
#4005 = CARTESIAN_POINT('',(-19.933099918,17.300607967989,0.));
#4006 = CARTESIAN_POINT('',(-26.55859477054,23.051097832046,102.));
#4007 = PCURVE('',#2094,#4008);
#4008 = DEFINITIONAL_REPRESENTATION('',(#4009),#4013);
#4009 = LINE('',#4010,#4011);
#4010 = CARTESIAN_POINT('',(3.046810561358,0.));
#4011 = VECTOR('',#4012,1.);
#4012 = DIRECTION('',(0.,1.));
#4013 = ( GEOMETRIC_REPRESENTATION_CONTEXT(2) 
PARAMETRIC_REPRESENTATION_CONTEXT() REPRESENTATION_CONTEXT('2D SPACE',''
  ) );
#4014 = PCURVE('',#2035,#4015);
#4015 = DEFINITIONAL_REPRESENTATION('',(#4016),#4020);
#4016 = LINE('',#4017,#4018);
#4017 = CARTESIAN_POINT('',(-1.405148788217,0.));
#4018 = VECTOR('',#4019,1.);
#4019 = DIRECTION('',(0.,1.));
#4020 = ( GEOMETRIC_REPRESENTATION_CONTEXT(2) 
PARAMETRIC_REPRESENTATION_CONTEXT() REPRESENTATION_CONTEXT('2D SPACE',''
  ) );
#4021 = ORIENTED_EDGE('',*,*,#2080,.T.);
#4022 = ADVANCED_FACE('',(#4023),#2035,.F.);
#4023 = FACE_BOUND('',#4024,.F.);
#4024 = EDGE_LOOP('',(#4025,#4053,#4073,#4074));
#4025 = ORIENTED_EDGE('',*,*,#4026,.F.);
#4026 = EDGE_CURVE('',#4027,#3981,#4029,.T.);
#4027 = VERTEX_POINT('',#4028);
#4028 = CARTESIAN_POINT('',(-24.94931596019,8.612266921174,0.));
#4029 = SURFACE_CURVE('',#4030,(#4035,#4042),.PCURVE_S1.);
#4030 = CIRCLE('',#4031,6.5);
#4031 = AXIS2_PLACEMENT_3D('',#4032,#4033,#4034);
#4032 = CARTESIAN_POINT('',(-18.86130815509,10.889581340611,0.));
#4033 = DIRECTION('',(0.,0.,-1.));
#4034 = DIRECTION('',(-1.,0.,0.));
#4035 = PCURVE('',#2035,#4036);
#4036 = DEFINITIONAL_REPRESENTATION('',(#4037),#4041);
#4037 = LINE('',#4038,#4039);
#4038 = CARTESIAN_POINT('',(6.28318530718,0.));
#4039 = VECTOR('',#4040,1.);
#4040 = DIRECTION('',(-1.,0.));
#4041 = ( GEOMETRIC_REPRESENTATION_CONTEXT(2) 
PARAMETRIC_REPRESENTATION_CONTEXT() REPRESENTATION_CONTEXT('2D SPACE',''
  ) );
#4042 = PCURVE('',#3139,#4043);
#4043 = DEFINITIONAL_REPRESENTATION('',(#4044),#4052);
#4044 = ( BOUNDED_CURVE() B_SPLINE_CURVE(2,(#4045,#4046,#4047,#4048,
#4049,#4050,#4051),.UNSPECIFIED.,.T.,.F.) B_SPLINE_CURVE_WITH_KNOTS((1,2
    ,2,2,2,1),(-2.094395102393,0.,2.094395102393,4.188790204786,
6.28318530718,8.377580409573),.UNSPECIFIED.) CURVE() 
GEOMETRIC_REPRESENTATION_ITEM() RATIONAL_B_SPLINE_CURVE((1.,0.5,1.,0.5,
1.,0.5,1.)) REPRESENTATION_ITEM('') );
#4045 = CARTESIAN_POINT('',(-50.76977115962,3.904103052034));
#4046 = CARTESIAN_POINT('',(-50.76977115962,15.162433301232));
#4047 = CARTESIAN_POINT('',(-41.01977115962,9.533268176633));
#4048 = CARTESIAN_POINT('',(-31.26977115962,3.904103052034));
#4049 = CARTESIAN_POINT('',(-41.01977115962,-1.725062072564));
#4050 = CARTESIAN_POINT('',(-50.76977115962,-7.354227197163));
#4051 = CARTESIAN_POINT('',(-50.76977115962,3.904103052034));
#4052 = ( GEOMETRIC_REPRESENTATION_CONTEXT(2) 
PARAMETRIC_REPRESENTATION_CONTEXT() REPRESENTATION_CONTEXT('2D SPACE',''
  ) );
#4053 = ORIENTED_EDGE('',*,*,#4054,.T.);
#4054 = EDGE_CURVE('',#4027,#1957,#4055,.T.);
#4055 = SURFACE_CURVE('',#4056,(#4059,#4066),.PCURVE_S1.);
#4056 = B_SPLINE_CURVE_WITH_KNOTS('',1,(#4057,#4058),.UNSPECIFIED.,.F.,
  .F.,(2,2),(0.,1.),.PIECEWISE_BEZIER_KNOTS.);
#4057 = CARTESIAN_POINT('',(-24.94931596019,8.612266921174,0.));
#4058 = CARTESIAN_POINT('',(-33.24213369294,11.474868844089,102.));
#4059 = PCURVE('',#2035,#4060);
#4060 = DEFINITIONAL_REPRESENTATION('',(#4061),#4065);
#4061 = LINE('',#4062,#4063);
#4062 = CARTESIAN_POINT('',(0.357951237021,0.));
#4063 = VECTOR('',#4064,1.);
#4064 = DIRECTION('',(0.,1.));
#4065 = ( GEOMETRIC_REPRESENTATION_CONTEXT(2) 
PARAMETRIC_REPRESENTATION_CONTEXT() REPRESENTATION_CONTEXT('2D SPACE',''
  ) );
#4066 = PCURVE('',#1970,#4067);
#4067 = DEFINITIONAL_REPRESENTATION('',(#4068),#4072);
#4068 = LINE('',#4069,#4070);
#4069 = CARTESIAN_POINT('',(10.509440621469,0.));
#4070 = VECTOR('',#4071,1.);
#4071 = DIRECTION('',(0.,1.));
#4072 = ( GEOMETRIC_REPRESENTATION_CONTEXT(2) 
PARAMETRIC_REPRESENTATION_CONTEXT() REPRESENTATION_CONTEXT('2D SPACE',''
  ) );
#4073 = ORIENTED_EDGE('',*,*,#1981,.T.);
#4074 = ORIENTED_EDGE('',*,*,#4002,.F.);
#4075 = ADVANCED_FACE('',(#4076),#1970,.F.);
#4076 = FACE_BOUND('',#4077,.F.);
#4077 = EDGE_LOOP('',(#4078,#4079,#4101,#4121));
#4078 = ORIENTED_EDGE('',*,*,#4054,.F.);
#4079 = ORIENTED_EDGE('',*,*,#4080,.T.);
#4080 = EDGE_CURVE('',#4027,#4081,#4083,.T.);
#4081 = VERTEX_POINT('',#4082);
#4082 = CARTESIAN_POINT('',(-24.47184641913,7.335834353106,0.));
#4083 = SURFACE_CURVE('',#4084,(#4088,#4094),.PCURVE_S1.);
#4084 = LINE('',#4085,#4086);
#4085 = CARTESIAN_POINT('',(-27.7128129211,16.,0.));
#4086 = VECTOR('',#4087,1.);
#4087 = DIRECTION('',(0.350356064529,-0.936616585401,-0.));
#4088 = PCURVE('',#1970,#4089);
#4089 = DEFINITIONAL_REPRESENTATION('',(#4090),#4093);
#4090 = B_SPLINE_CURVE_WITH_KNOTS('',1,(#4091,#4092),.UNSPECIFIED.,.F.,
  .F.,(2,2),(7.887681249702,9.25049351244),.PIECEWISE_BEZIER_KNOTS.);
#4091 = CARTESIAN_POINT('',(10.509440621469,0.));
#4092 = CARTESIAN_POINT('',(12.325233387434,0.));
#4093 = ( GEOMETRIC_REPRESENTATION_CONTEXT(2) 
PARAMETRIC_REPRESENTATION_CONTEXT() REPRESENTATION_CONTEXT('2D SPACE',''
  ) );
#4094 = PCURVE('',#3139,#4095);
#4095 = DEFINITIONAL_REPRESENTATION('',(#4096),#4100);
#4096 = LINE('',#4097,#4098);
#4097 = CARTESIAN_POINT('',(-53.12127592563,9.014521711423));
#4098 = VECTOR('',#4099,1.);
#4099 = DIRECTION('',(0.350356064529,-0.936616585401));
#4100 = ( GEOMETRIC_REPRESENTATION_CONTEXT(2) 
PARAMETRIC_REPRESENTATION_CONTEXT() REPRESENTATION_CONTEXT('2D SPACE',''
  ) );
#4101 = ORIENTED_EDGE('',*,*,#4102,.T.);
#4102 = EDGE_CURVE('',#4081,#1860,#4103,.T.);
#4103 = SURFACE_CURVE('',#4104,(#4107,#4114),.PCURVE_S1.);
#4104 = B_SPLINE_CURVE_WITH_KNOTS('',1,(#4105,#4106),.UNSPECIFIED.,.F.,
  .F.,(2,2),(0.,1.),.PIECEWISE_BEZIER_KNOTS.);
#4105 = CARTESIAN_POINT('',(-24.47184641913,7.335834353106,0.));
#4106 = CARTESIAN_POINT('',(-32.60595968546,9.774167223834,102.));
#4107 = PCURVE('',#1970,#4108);
#4108 = DEFINITIONAL_REPRESENTATION('',(#4109),#4113);
#4109 = LINE('',#4110,#4111);
#4110 = CARTESIAN_POINT('',(12.325233387434,0.));
#4111 = VECTOR('',#4112,1.);
#4112 = DIRECTION('',(0.,1.));
#4113 = ( GEOMETRIC_REPRESENTATION_CONTEXT(2) 
PARAMETRIC_REPRESENTATION_CONTEXT() REPRESENTATION_CONTEXT('2D SPACE',''
  ) );
#4114 = PCURVE('',#1913,#4115);
#4115 = DEFINITIONAL_REPRESENTATION('',(#4116),#4120);
#4116 = LINE('',#4117,#4118);
#4117 = CARTESIAN_POINT('',(-0.357951237021,0.));
#4118 = VECTOR('',#4119,1.);
#4119 = DIRECTION('',(0.,1.));
#4120 = ( GEOMETRIC_REPRESENTATION_CONTEXT(2) 
PARAMETRIC_REPRESENTATION_CONTEXT() REPRESENTATION_CONTEXT('2D SPACE',''
  ) );
#4121 = ORIENTED_EDGE('',*,*,#1956,.T.);
#4122 = ADVANCED_FACE('',(#4123),#1913,.F.);
#4123 = FACE_BOUND('',#4124,.F.);
#4124 = EDGE_LOOP('',(#4125,#4149,#4169,#4170));
#4125 = ORIENTED_EDGE('',*,*,#4126,.F.);
#4126 = EDGE_CURVE('',#4127,#4081,#4129,.T.);
#4127 = VERTEX_POINT('',#4128);
#4128 = CARTESIAN_POINT('',(-24.98524040016,6.079452556518,0.));
#4129 = SURFACE_CURVE('',#4130,(#4135,#4142),.PCURVE_S1.);
#4130 = CIRCLE('',#4131,1.);
#4131 = AXIS2_PLACEMENT_3D('',#4132,#4133,#4134);
#4132 = CARTESIAN_POINT('',(-25.40846300453,6.985478288577,0.));
#4133 = DIRECTION('',(0.,0.,1.));
#4134 = DIRECTION('',(1.,0.,0.));
#4135 = PCURVE('',#1913,#4136);
#4136 = DEFINITIONAL_REPRESENTATION('',(#4137),#4141);
#4137 = LINE('',#4138,#4139);
#4138 = CARTESIAN_POINT('',(6.28318530718,0.));
#4139 = VECTOR('',#4140,1.);
#4140 = DIRECTION('',(-1.,0.));
#4141 = ( GEOMETRIC_REPRESENTATION_CONTEXT(2) 
PARAMETRIC_REPRESENTATION_CONTEXT() REPRESENTATION_CONTEXT('2D SPACE',''
  ) );
#4142 = PCURVE('',#3139,#4143);
#4143 = DEFINITIONAL_REPRESENTATION('',(#4144),#4148);
#4144 = CIRCLE('',#4145,1.);
#4145 = AXIS2_PLACEMENT_2D('',#4146,#4147);
#4146 = CARTESIAN_POINT('',(-50.81692600906,3.552713678801E-15));
#4147 = DIRECTION('',(1.,0.));
#4148 = ( GEOMETRIC_REPRESENTATION_CONTEXT(2) 
PARAMETRIC_REPRESENTATION_CONTEXT() REPRESENTATION_CONTEXT('2D SPACE',''
  ) );
#4149 = ORIENTED_EDGE('',*,*,#4150,.T.);
#4150 = EDGE_CURVE('',#4127,#1835,#4151,.T.);
#4151 = SURFACE_CURVE('',#4152,(#4155,#4162),.PCURVE_S1.);
#4152 = B_SPLINE_CURVE_WITH_KNOTS('',1,(#4153,#4154),.UNSPECIFIED.,.F.,
  .F.,(2,2),(0.,1.),.PIECEWISE_BEZIER_KNOTS.);
#4153 = CARTESIAN_POINT('',(-24.98524040016,6.079452556518,0.));
#4154 = CARTESIAN_POINT('',(-33.28999893455,8.10018098236,102.));
#4155 = PCURVE('',#1913,#4156);
#4156 = DEFINITIONAL_REPRESENTATION('',(#4157),#4161);
#4157 = LINE('',#4158,#4159);
#4158 = CARTESIAN_POINT('',(1.133797091735,0.));
#4159 = VECTOR('',#4160,1.);
#4160 = DIRECTION('',(0.,1.));
#4161 = ( GEOMETRIC_REPRESENTATION_CONTEXT(2) 
PARAMETRIC_REPRESENTATION_CONTEXT() REPRESENTATION_CONTEXT('2D SPACE',''
  ) );
#4162 = PCURVE('',#1848,#4163);
#4163 = DEFINITIONAL_REPRESENTATION('',(#4164),#4168);
#4164 = LINE('',#4165,#4166);
#4165 = CARTESIAN_POINT('',(1.231017795392,0.));
#4166 = VECTOR('',#4167,1.);
#4167 = DIRECTION('',(0.,1.));
#4168 = ( GEOMETRIC_REPRESENTATION_CONTEXT(2) 
PARAMETRIC_REPRESENTATION_CONTEXT() REPRESENTATION_CONTEXT('2D SPACE',''
  ) );
#4169 = ORIENTED_EDGE('',*,*,#1859,.T.);
#4170 = ORIENTED_EDGE('',*,*,#4102,.F.);
#4171 = ADVANCED_FACE('',(#4172),#1848,.F.);
#4172 = FACE_BOUND('',#4173,.F.);
#4173 = EDGE_LOOP('',(#4174,#4175,#4197,#4217));
#4174 = ORIENTED_EDGE('',*,*,#4150,.F.);
#4175 = ORIENTED_EDGE('',*,*,#4176,.T.);
#4176 = EDGE_CURVE('',#4127,#4177,#4179,.T.);
#4177 = VERTEX_POINT('',#4178);
#4178 = CARTESIAN_POINT('',(-25.39259902128,5.889167258386,0.));
#4179 = SURFACE_CURVE('',#4180,(#4184,#4190),.PCURVE_S1.);
#4180 = LINE('',#4181,#4182);
#4181 = CARTESIAN_POINT('',(-24.14814565722,6.470476127563,0.));
#4182 = VECTOR('',#4183,1.);
#4183 = DIRECTION('',(-0.906025732059,-0.423222604366,0.));
#4184 = PCURVE('',#1848,#4185);
#4185 = DEFINITIONAL_REPRESENTATION('',(#4186),#4189);
#4186 = B_SPLINE_CURVE_WITH_KNOTS('',1,(#4187,#4188),.UNSPECIFIED.,.F.,
  .F.,(2,2),(0.923919391383,1.373529823739),.PIECEWISE_BEZIER_KNOTS.);
#4187 = CARTESIAN_POINT('',(1.231017795392,0.));
#4188 = CARTESIAN_POINT('',(1.830072700383,0.));
#4189 = ( GEOMETRIC_REPRESENTATION_CONTEXT(2) 
PARAMETRIC_REPRESENTATION_CONTEXT() REPRESENTATION_CONTEXT('2D SPACE',''
  ) );
#4190 = PCURVE('',#3139,#4191);
#4191 = DEFINITIONAL_REPRESENTATION('',(#4192),#4196);
#4192 = LINE('',#4193,#4194);
#4193 = CARTESIAN_POINT('',(-49.55660866176,-0.515002161014));
#4194 = VECTOR('',#4195,1.);
#4195 = DIRECTION('',(-0.906025732059,-0.423222604366));
#4196 = ( GEOMETRIC_REPRESENTATION_CONTEXT(2) 
PARAMETRIC_REPRESENTATION_CONTEXT() REPRESENTATION_CONTEXT('2D SPACE',''
  ) );
#4197 = ORIENTED_EDGE('',*,*,#4198,.T.);
#4198 = EDGE_CURVE('',#4177,#1734,#4199,.T.);
#4199 = SURFACE_CURVE('',#4200,(#4203,#4210),.PCURVE_S1.);
#4200 = B_SPLINE_CURVE_WITH_KNOTS('',1,(#4201,#4202),.UNSPECIFIED.,.F.,
  .F.,(2,2),(0.,1.),.PIECEWISE_BEZIER_KNOTS.);
#4201 = CARTESIAN_POINT('',(-25.39259902128,5.889167258386,0.));
#4202 = CARTESIAN_POINT('',(-33.83275809339,7.846647405311,102.));
#4203 = PCURVE('',#1848,#4204);
#4204 = DEFINITIONAL_REPRESENTATION('',(#4205),#4209);
#4205 = LINE('',#4206,#4207);
#4206 = CARTESIAN_POINT('',(1.830072700383,0.));
#4207 = VECTOR('',#4208,1.);
#4208 = DIRECTION('',(0.,1.));
#4209 = ( GEOMETRIC_REPRESENTATION_CONTEXT(2) 
PARAMETRIC_REPRESENTATION_CONTEXT() REPRESENTATION_CONTEXT('2D SPACE',''
  ) );
#4210 = PCURVE('',#1787,#4211);
#4211 = DEFINITIONAL_REPRESENTATION('',(#4212),#4216);
#4212 = LINE('',#4213,#4214);
#4213 = CARTESIAN_POINT('',(-1.133797091735,0.));
#4214 = VECTOR('',#4215,1.);
#4215 = DIRECTION('',(0.,1.));
#4216 = ( GEOMETRIC_REPRESENTATION_CONTEXT(2) 
PARAMETRIC_REPRESENTATION_CONTEXT() REPRESENTATION_CONTEXT('2D SPACE',''
  ) );
#4217 = ORIENTED_EDGE('',*,*,#1834,.T.);
#4218 = ADVANCED_FACE('',(#4219),#1787,.F.);
#4219 = FACE_BOUND('',#4220,.F.);
#4220 = EDGE_LOOP('',(#4221,#4249,#4269,#4270));
#4221 = ORIENTED_EDGE('',*,*,#4222,.F.);
#4222 = EDGE_CURVE('',#4223,#4177,#4225,.T.);
#4223 = VERTEX_POINT('',#4224);
#4224 = CARTESIAN_POINT('',(-25.39259902128,-5.889167258386,0.));
#4225 = SURFACE_CURVE('',#4226,(#4231,#4238),.PCURVE_S1.);
#4226 = CIRCLE('',#4227,6.5);
#4227 = AXIS2_PLACEMENT_3D('',#4228,#4229,#4230);
#4228 = CARTESIAN_POINT('',(-22.6416520929,4.440892098501E-15,0.));
#4229 = DIRECTION('',(0.,0.,-1.));
#4230 = DIRECTION('',(-1.,0.,0.));
#4231 = PCURVE('',#1787,#4232);
#4232 = DEFINITIONAL_REPRESENTATION('',(#4233),#4237);
#4233 = LINE('',#4234,#4235);
#4234 = CARTESIAN_POINT('',(6.28318530718,0.));
#4235 = VECTOR('',#4236,1.);
#4236 = DIRECTION('',(-1.,0.));
#4237 = ( GEOMETRIC_REPRESENTATION_CONTEXT(2) 
PARAMETRIC_REPRESENTATION_CONTEXT() REPRESENTATION_CONTEXT('2D SPACE',''
  ) );
#4238 = PCURVE('',#3139,#4239);
#4239 = DEFINITIONAL_REPRESENTATION('',(#4240),#4248);
#4240 = ( BOUNDED_CURVE() B_SPLINE_CURVE(2,(#4241,#4242,#4243,#4244,
#4245,#4246,#4247),.UNSPECIFIED.,.T.,.F.) B_SPLINE_CURVE_WITH_KNOTS((1,2
    ,2,2,2,1),(-2.094395102393,0.,2.094395102393,4.188790204786,
6.28318530718,8.377580409573),.UNSPECIFIED.) CURVE() 
GEOMETRIC_REPRESENTATION_ITEM() RATIONAL_B_SPLINE_CURVE((1.,0.5,1.,0.5,
1.,0.5,1.)) REPRESENTATION_ITEM('') );
#4241 = CARTESIAN_POINT('',(-54.55011509744,-6.985478288577));
#4242 = CARTESIAN_POINT('',(-54.55011509744,4.272851960621));
#4243 = CARTESIAN_POINT('',(-44.80011509744,-1.356313163978));
#4244 = CARTESIAN_POINT('',(-35.05011509744,-6.985478288577));
#4245 = CARTESIAN_POINT('',(-44.80011509744,-12.61464341317));
#4246 = CARTESIAN_POINT('',(-54.55011509744,-18.24380853777));
#4247 = CARTESIAN_POINT('',(-54.55011509744,-6.985478288577));
#4248 = ( GEOMETRIC_REPRESENTATION_CONTEXT(2) 
PARAMETRIC_REPRESENTATION_CONTEXT() REPRESENTATION_CONTEXT('2D SPACE',''
  ) );
#4249 = ORIENTED_EDGE('',*,*,#4250,.T.);
#4250 = EDGE_CURVE('',#4223,#1709,#4251,.T.);
#4251 = SURFACE_CURVE('',#4252,(#4255,#4262),.PCURVE_S1.);
#4252 = B_SPLINE_CURVE_WITH_KNOTS('',1,(#4253,#4254),.UNSPECIFIED.,.F.,
  .F.,(2,2),(0.,1.),.PIECEWISE_BEZIER_KNOTS.);
#4253 = CARTESIAN_POINT('',(-25.39259902128,-5.889167258386,0.));
#4254 = CARTESIAN_POINT('',(-33.83275809339,-7.846647405311,102.));
#4255 = PCURVE('',#1787,#4256);
#4256 = DEFINITIONAL_REPRESENTATION('',(#4257),#4261);
#4257 = LINE('',#4258,#4259);
#4258 = CARTESIAN_POINT('',(1.133797091735,0.));
#4259 = VECTOR('',#4260,1.);
#4260 = DIRECTION('',(0.,1.));
#4261 = ( GEOMETRIC_REPRESENTATION_CONTEXT(2) 
PARAMETRIC_REPRESENTATION_CONTEXT() REPRESENTATION_CONTEXT('2D SPACE',''
  ) );
#4262 = PCURVE('',#1722,#4263);
#4263 = DEFINITIONAL_REPRESENTATION('',(#4264),#4268);
#4264 = LINE('',#4265,#4266);
#4265 = CARTESIAN_POINT('',(18.540237039241,0.));
#4266 = VECTOR('',#4267,1.);
#4267 = DIRECTION('',(0.,1.));
#4268 = ( GEOMETRIC_REPRESENTATION_CONTEXT(2) 
PARAMETRIC_REPRESENTATION_CONTEXT() REPRESENTATION_CONTEXT('2D SPACE',''
  ) );
#4269 = ORIENTED_EDGE('',*,*,#1733,.T.);
#4270 = ORIENTED_EDGE('',*,*,#4198,.F.);
#4271 = ADVANCED_FACE('',(#4272),#1722,.F.);
#4272 = FACE_BOUND('',#4273,.F.);
#4273 = EDGE_LOOP('',(#4274,#4275,#4297,#4317));
#4274 = ORIENTED_EDGE('',*,*,#4250,.F.);
#4275 = ORIENTED_EDGE('',*,*,#4276,.T.);
#4276 = EDGE_CURVE('',#4223,#4277,#4279,.T.);
#4277 = VERTEX_POINT('',#4278);
#4278 = CARTESIAN_POINT('',(-24.98524040016,-6.079452556518,0.));
#4279 = SURFACE_CURVE('',#4280,(#4284,#4290),.PCURVE_S1.);
#4280 = LINE('',#4281,#4282);
#4281 = CARTESIAN_POINT('',(-38.,5.329070518201E-15,0.));
#4282 = VECTOR('',#4283,1.);
#4283 = DIRECTION('',(0.906025732059,-0.423222604366,-0.));
#4284 = PCURVE('',#1722,#4285);
#4285 = DEFINITIONAL_REPRESENTATION('',(#4286),#4289);
#4286 = B_SPLINE_CURVE_WITH_KNOTS('',1,(#4287,#4288),.UNSPECIFIED.,.F.,
  .F.,(2,2),(13.915058405746,14.364668838103),.PIECEWISE_BEZIER_KNOTS.);
#4287 = CARTESIAN_POINT('',(18.540237039241,0.));
#4288 = CARTESIAN_POINT('',(19.139291944232,0.));
#4289 = ( GEOMETRIC_REPRESENTATION_CONTEXT(2) 
PARAMETRIC_REPRESENTATION_CONTEXT() REPRESENTATION_CONTEXT('2D SPACE',''
  ) );
#4290 = PCURVE('',#3139,#4291);
#4291 = DEFINITIONAL_REPRESENTATION('',(#4292),#4296);
#4292 = LINE('',#4293,#4294);
#4293 = CARTESIAN_POINT('',(-63.40846300453,-6.985478288577));
#4294 = VECTOR('',#4295,1.);
#4295 = DIRECTION('',(0.906025732059,-0.423222604366));
#4296 = ( GEOMETRIC_REPRESENTATION_CONTEXT(2) 
PARAMETRIC_REPRESENTATION_CONTEXT() REPRESENTATION_CONTEXT('2D SPACE',''
  ) );
#4297 = ORIENTED_EDGE('',*,*,#4298,.T.);
#4298 = EDGE_CURVE('',#4277,#1612,#4299,.T.);
#4299 = SURFACE_CURVE('',#4300,(#4303,#4310),.PCURVE_S1.);
#4300 = B_SPLINE_CURVE_WITH_KNOTS('',1,(#4301,#4302),.UNSPECIFIED.,.F.,
  .F.,(2,2),(0.,1.),.PIECEWISE_BEZIER_KNOTS.);
#4301 = CARTESIAN_POINT('',(-24.98524040016,-6.079452556518,0.));
#4302 = CARTESIAN_POINT('',(-33.28999893455,-8.10018098236,102.));
#4303 = PCURVE('',#1722,#4304);
#4304 = DEFINITIONAL_REPRESENTATION('',(#4305),#4309);
#4305 = LINE('',#4306,#4307);
#4306 = CARTESIAN_POINT('',(19.139291944232,0.));
#4307 = VECTOR('',#4308,1.);
#4308 = DIRECTION('',(0.,1.));
#4309 = ( GEOMETRIC_REPRESENTATION_CONTEXT(2) 
PARAMETRIC_REPRESENTATION_CONTEXT() REPRESENTATION_CONTEXT('2D SPACE',''
  ) );
#4310 = PCURVE('',#1665,#4311);
#4311 = DEFINITIONAL_REPRESENTATION('',(#4312),#4316);
#4312 = LINE('',#4313,#4314);
#4313 = CARTESIAN_POINT('',(-1.133797091735,0.));
#4314 = VECTOR('',#4315,1.);
#4315 = DIRECTION('',(0.,1.));
#4316 = ( GEOMETRIC_REPRESENTATION_CONTEXT(2) 
PARAMETRIC_REPRESENTATION_CONTEXT() REPRESENTATION_CONTEXT('2D SPACE',''
  ) );
#4317 = ORIENTED_EDGE('',*,*,#1708,.T.);
#4318 = ADVANCED_FACE('',(#4319),#1665,.F.);
#4319 = FACE_BOUND('',#4320,.F.);
#4320 = EDGE_LOOP('',(#4321,#4345,#4365,#4366));
#4321 = ORIENTED_EDGE('',*,*,#4322,.F.);
#4322 = EDGE_CURVE('',#4323,#4277,#4325,.T.);
#4323 = VERTEX_POINT('',#4324);
#4324 = CARTESIAN_POINT('',(-24.47184641913,-7.335834353106,0.));
#4325 = SURFACE_CURVE('',#4326,(#4331,#4338),.PCURVE_S1.);
#4326 = CIRCLE('',#4327,1.);
#4327 = AXIS2_PLACEMENT_3D('',#4328,#4329,#4330);
#4328 = CARTESIAN_POINT('',(-25.40846300453,-6.985478288577,0.));
#4329 = DIRECTION('',(0.,0.,1.));
#4330 = DIRECTION('',(1.,0.,0.));
#4331 = PCURVE('',#1665,#4332);
#4332 = DEFINITIONAL_REPRESENTATION('',(#4333),#4337);
#4333 = LINE('',#4334,#4335);
#4334 = CARTESIAN_POINT('',(6.28318530718,0.));
#4335 = VECTOR('',#4336,1.);
#4336 = DIRECTION('',(-1.,0.));
#4337 = ( GEOMETRIC_REPRESENTATION_CONTEXT(2) 
PARAMETRIC_REPRESENTATION_CONTEXT() REPRESENTATION_CONTEXT('2D SPACE',''
  ) );
#4338 = PCURVE('',#3139,#4339);
#4339 = DEFINITIONAL_REPRESENTATION('',(#4340),#4344);
#4340 = CIRCLE('',#4341,1.);
#4341 = AXIS2_PLACEMENT_2D('',#4342,#4343);
#4342 = CARTESIAN_POINT('',(-50.81692600906,-13.97095657715));
#4343 = DIRECTION('',(1.,0.));
#4344 = ( GEOMETRIC_REPRESENTATION_CONTEXT(2) 
PARAMETRIC_REPRESENTATION_CONTEXT() REPRESENTATION_CONTEXT('2D SPACE',''
  ) );
#4345 = ORIENTED_EDGE('',*,*,#4346,.T.);
#4346 = EDGE_CURVE('',#4323,#1587,#4347,.T.);
#4347 = SURFACE_CURVE('',#4348,(#4351,#4358),.PCURVE_S1.);
#4348 = B_SPLINE_CURVE_WITH_KNOTS('',1,(#4349,#4350),.UNSPECIFIED.,.F.,
  .F.,(2,2),(0.,1.),.PIECEWISE_BEZIER_KNOTS.);
#4349 = CARTESIAN_POINT('',(-24.47184641913,-7.335834353106,0.));
#4350 = CARTESIAN_POINT('',(-32.60595968546,-9.774167223834,102.));
#4351 = PCURVE('',#1665,#4352);
#4352 = DEFINITIONAL_REPRESENTATION('',(#4353),#4357);
#4353 = LINE('',#4354,#4355);
#4354 = CARTESIAN_POINT('',(0.357951237021,0.));
#4355 = VECTOR('',#4356,1.);
#4356 = DIRECTION('',(0.,1.));
#4357 = ( GEOMETRIC_REPRESENTATION_CONTEXT(2) 
PARAMETRIC_REPRESENTATION_CONTEXT() REPRESENTATION_CONTEXT('2D SPACE',''
  ) );
#4358 = PCURVE('',#1600,#4359);
#4359 = DEFINITIONAL_REPRESENTATION('',(#4360),#4364);
#4360 = LINE('',#4361,#4362);
#4361 = CARTESIAN_POINT('',(1.231017795392,0.));
#4362 = VECTOR('',#4363,1.);
#4363 = DIRECTION('',(0.,1.));
#4364 = ( GEOMETRIC_REPRESENTATION_CONTEXT(2) 
PARAMETRIC_REPRESENTATION_CONTEXT() REPRESENTATION_CONTEXT('2D SPACE',''
  ) );
#4365 = ORIENTED_EDGE('',*,*,#1611,.T.);
#4366 = ORIENTED_EDGE('',*,*,#4298,.F.);
#4367 = ADVANCED_FACE('',(#4368),#1600,.F.);
#4368 = FACE_BOUND('',#4369,.F.);
#4369 = EDGE_LOOP('',(#4370,#4371,#4393,#4413));
#4370 = ORIENTED_EDGE('',*,*,#4346,.F.);
#4371 = ORIENTED_EDGE('',*,*,#4372,.T.);
#4372 = EDGE_CURVE('',#4323,#4373,#4375,.T.);
#4373 = VERTEX_POINT('',#4374);
#4374 = CARTESIAN_POINT('',(-24.94931596019,-8.612266921174,0.));
#4375 = SURFACE_CURVE('',#4376,(#4380,#4386),.PCURVE_S1.);
#4376 = LINE('',#4377,#4378);
#4377 = CARTESIAN_POINT('',(-24.14814565722,-6.470476127563,0.));
#4378 = VECTOR('',#4379,1.);
#4379 = DIRECTION('',(-0.350356064529,-0.936616585401,0.));
#4380 = PCURVE('',#1600,#4381);
#4381 = DEFINITIONAL_REPRESENTATION('',(#4382),#4385);
#4382 = B_SPLINE_CURVE_WITH_KNOTS('',1,(#4383,#4384),.UNSPECIFIED.,.F.,
  .F.,(2,2),(0.923919391383,2.286731654121),.PIECEWISE_BEZIER_KNOTS.);
#4383 = CARTESIAN_POINT('',(1.231017795392,0.));
#4384 = CARTESIAN_POINT('',(3.046810561358,0.));
#4385 = ( GEOMETRIC_REPRESENTATION_CONTEXT(2) 
PARAMETRIC_REPRESENTATION_CONTEXT() REPRESENTATION_CONTEXT('2D SPACE',''
  ) );
#4386 = PCURVE('',#3139,#4387);
#4387 = DEFINITIONAL_REPRESENTATION('',(#4388),#4392);
#4388 = LINE('',#4389,#4390);
#4389 = CARTESIAN_POINT('',(-49.55660866176,-13.45595441614));
#4390 = VECTOR('',#4391,1.);
#4391 = DIRECTION('',(-0.350356064529,-0.936616585401));
#4392 = ( GEOMETRIC_REPRESENTATION_CONTEXT(2) 
PARAMETRIC_REPRESENTATION_CONTEXT() REPRESENTATION_CONTEXT('2D SPACE',''
  ) );
#4393 = ORIENTED_EDGE('',*,*,#4394,.T.);
#4394 = EDGE_CURVE('',#4373,#1488,#4395,.T.);
#4395 = SURFACE_CURVE('',#4396,(#4399,#4406),.PCURVE_S1.);
#4396 = B_SPLINE_CURVE_WITH_KNOTS('',1,(#4397,#4398),.UNSPECIFIED.,.F.,
  .F.,(2,2),(0.,1.),.PIECEWISE_BEZIER_KNOTS.);
#4397 = CARTESIAN_POINT('',(-24.94931596019,-8.612266921174,0.));
#4398 = CARTESIAN_POINT('',(-33.24213369294,-11.47486884408,102.));
#4399 = PCURVE('',#1600,#4400);
#4400 = DEFINITIONAL_REPRESENTATION('',(#4401),#4405);
#4401 = LINE('',#4402,#4403);
#4402 = CARTESIAN_POINT('',(3.046810561358,0.));
#4403 = VECTOR('',#4404,1.);
#4404 = DIRECTION('',(0.,1.));
#4405 = ( GEOMETRIC_REPRESENTATION_CONTEXT(2) 
PARAMETRIC_REPRESENTATION_CONTEXT() REPRESENTATION_CONTEXT('2D SPACE',''
  ) );
#4406 = PCURVE('',#1541,#4407);
#4407 = DEFINITIONAL_REPRESENTATION('',(#4408),#4412);
#4408 = LINE('',#4409,#4410);
#4409 = CARTESIAN_POINT('',(-0.357951237021,0.));
#4410 = VECTOR('',#4411,1.);
#4411 = DIRECTION('',(0.,1.));
#4412 = ( GEOMETRIC_REPRESENTATION_CONTEXT(2) 
PARAMETRIC_REPRESENTATION_CONTEXT() REPRESENTATION_CONTEXT('2D SPACE',''
  ) );
#4413 = ORIENTED_EDGE('',*,*,#1586,.T.);
#4414 = ADVANCED_FACE('',(#4415),#1541,.F.);
#4415 = FACE_BOUND('',#4416,.F.);
#4416 = EDGE_LOOP('',(#4417,#4445,#4465,#4466));
#4417 = ORIENTED_EDGE('',*,*,#4418,.F.);
#4418 = EDGE_CURVE('',#4419,#4373,#4421,.T.);
#4419 = VERTEX_POINT('',#4420);
#4420 = CARTESIAN_POINT('',(-19.933099918,-17.30060796798,0.));
#4421 = SURFACE_CURVE('',#4422,(#4427,#4434),.PCURVE_S1.);
#4422 = CIRCLE('',#4423,6.5);
#4423 = AXIS2_PLACEMENT_3D('',#4424,#4425,#4426);
#4424 = CARTESIAN_POINT('',(-18.86130815509,-10.88958134061,0.));
#4425 = DIRECTION('',(0.,0.,-1.));
#4426 = DIRECTION('',(-1.,0.,0.));
#4427 = PCURVE('',#1541,#4428);
#4428 = DEFINITIONAL_REPRESENTATION('',(#4429),#4433);
#4429 = LINE('',#4430,#4431);
#4430 = CARTESIAN_POINT('',(6.28318530718,0.));
#4431 = VECTOR('',#4432,1.);
#4432 = DIRECTION('',(-1.,0.));
#4433 = ( GEOMETRIC_REPRESENTATION_CONTEXT(2) 
PARAMETRIC_REPRESENTATION_CONTEXT() REPRESENTATION_CONTEXT('2D SPACE',''
  ) );
#4434 = PCURVE('',#3139,#4435);
#4435 = DEFINITIONAL_REPRESENTATION('',(#4436),#4444);
#4436 = ( BOUNDED_CURVE() B_SPLINE_CURVE(2,(#4437,#4438,#4439,#4440,
#4441,#4442,#4443),.UNSPECIFIED.,.T.,.F.) B_SPLINE_CURVE_WITH_KNOTS((1,2
    ,2,2,2,1),(-2.094395102393,0.,2.094395102393,4.188790204786,
6.28318530718,8.377580409573),.UNSPECIFIED.) CURVE() 
GEOMETRIC_REPRESENTATION_ITEM() RATIONAL_B_SPLINE_CURVE((1.,0.5,1.,0.5,
1.,0.5,1.)) REPRESENTATION_ITEM('') );
#4437 = CARTESIAN_POINT('',(-50.76977115962,-17.87505962918));
#4438 = CARTESIAN_POINT('',(-50.76977115962,-6.616729379991));
#4439 = CARTESIAN_POINT('',(-41.01977115962,-12.24589450458));
#4440 = CARTESIAN_POINT('',(-31.26977115962,-17.87505962918));
#4441 = CARTESIAN_POINT('',(-41.01977115962,-23.50422475378));
#4442 = CARTESIAN_POINT('',(-50.76977115962,-29.13338987838));
#4443 = CARTESIAN_POINT('',(-50.76977115962,-17.87505962918));
#4444 = ( GEOMETRIC_REPRESENTATION_CONTEXT(2) 
PARAMETRIC_REPRESENTATION_CONTEXT() REPRESENTATION_CONTEXT('2D SPACE',''
  ) );
#4445 = ORIENTED_EDGE('',*,*,#4446,.T.);
#4446 = EDGE_CURVE('',#4419,#1463,#4447,.T.);
#4447 = SURFACE_CURVE('',#4448,(#4451,#4458),.PCURVE_S1.);
#4448 = B_SPLINE_CURVE_WITH_KNOTS('',1,(#4449,#4450),.UNSPECIFIED.,.F.,
  .F.,(2,2),(0.,1.),.PIECEWISE_BEZIER_KNOTS.);
#4449 = CARTESIAN_POINT('',(-19.933099918,-17.30060796798,0.));
#4450 = CARTESIAN_POINT('',(-26.55859477054,-23.05109783204,102.));
#4451 = PCURVE('',#1541,#4452);
#4452 = DEFINITIONAL_REPRESENTATION('',(#4453),#4457);
#4453 = LINE('',#4454,#4455);
#4454 = CARTESIAN_POINT('',(1.405148788217,0.));
#4455 = VECTOR('',#4456,1.);
#4456 = DIRECTION('',(0.,1.));
#4457 = ( GEOMETRIC_REPRESENTATION_CONTEXT(2) 
PARAMETRIC_REPRESENTATION_CONTEXT() REPRESENTATION_CONTEXT('2D SPACE',''
  ) );
#4458 = PCURVE('',#1476,#4459);
#4459 = DEFINITIONAL_REPRESENTATION('',(#4460),#4464);
#4460 = LINE('',#4461,#4462);
#4461 = CARTESIAN_POINT('',(10.509440621469,0.));
#4462 = VECTOR('',#4463,1.);
#4463 = DIRECTION('',(0.,1.));
#4464 = ( GEOMETRIC_REPRESENTATION_CONTEXT(2) 
PARAMETRIC_REPRESENTATION_CONTEXT() REPRESENTATION_CONTEXT('2D SPACE',''
  ) );
#4465 = ORIENTED_EDGE('',*,*,#1487,.T.);
#4466 = ORIENTED_EDGE('',*,*,#4394,.F.);
#4467 = ADVANCED_FACE('',(#4468),#1476,.F.);
#4468 = FACE_BOUND('',#4469,.F.);
#4469 = EDGE_LOOP('',(#4470,#4471,#4493,#4513));
#4470 = ORIENTED_EDGE('',*,*,#4446,.F.);
#4471 = ORIENTED_EDGE('',*,*,#4472,.T.);
#4472 = EDGE_CURVE('',#4419,#4473,#4475,.T.);
#4473 = VERTEX_POINT('',#4474);
#4474 = CARTESIAN_POINT('',(-18.58894211731,-17.52532349992,0.));
#4475 = SURFACE_CURVE('',#4476,(#4480,#4486),.PCURVE_S1.);
#4476 = LINE('',#4477,#4478);
#4477 = CARTESIAN_POINT('',(-27.7128129211,-16.,0.));
#4478 = VECTOR('',#4479,1.);
#4479 = DIRECTION('',(0.986311788827,-0.164891040448,-0.));
#4480 = PCURVE('',#1476,#4481);
#4481 = DEFINITIONAL_REPRESENTATION('',(#4482),#4485);
#4482 = B_SPLINE_CURVE_WITH_KNOTS('',1,(#4483,#4484),.UNSPECIFIED.,.F.,
  .F.,(2,2),(7.887681249702,9.25049351244),.PIECEWISE_BEZIER_KNOTS.);
#4483 = CARTESIAN_POINT('',(10.509440621469,0.));
#4484 = CARTESIAN_POINT('',(12.325233387434,0.));
#4485 = ( GEOMETRIC_REPRESENTATION_CONTEXT(2) 
PARAMETRIC_REPRESENTATION_CONTEXT() REPRESENTATION_CONTEXT('2D SPACE',''
  ) );
#4486 = PCURVE('',#3139,#4487);
#4487 = DEFINITIONAL_REPRESENTATION('',(#4488),#4492);
#4488 = LINE('',#4489,#4490);
#4489 = CARTESIAN_POINT('',(-53.12127592563,-22.98547828857));
#4490 = VECTOR('',#4491,1.);
#4491 = DIRECTION('',(0.986311788827,-0.164891040448));
#4492 = ( GEOMETRIC_REPRESENTATION_CONTEXT(2) 
PARAMETRIC_REPRESENTATION_CONTEXT() REPRESENTATION_CONTEXT('2D SPACE',''
  ) );
#4493 = ORIENTED_EDGE('',*,*,#4494,.T.);
#4494 = EDGE_CURVE('',#4473,#1351,#4495,.T.);
#4495 = SURFACE_CURVE('',#4496,(#4499,#4506),.PCURVE_S1.);
#4496 = B_SPLINE_CURVE_WITH_KNOTS('',1,(#4497,#4498),.UNSPECIFIED.,.F.,
  .F.,(2,2),(0.,1.),.PIECEWISE_BEZIER_KNOTS.);
#4497 = CARTESIAN_POINT('',(-18.58894211731,-17.52532349992,0.));
#4498 = CARTESIAN_POINT('',(-24.7676569594,-23.35050579046,102.));
#4499 = PCURVE('',#1476,#4500);
#4500 = DEFINITIONAL_REPRESENTATION('',(#4501),#4505);
#4501 = LINE('',#4502,#4503);
#4502 = CARTESIAN_POINT('',(12.325233387434,0.));
#4503 = VECTOR('',#4504,1.);
#4504 = DIRECTION('',(0.,1.));
#4505 = ( GEOMETRIC_REPRESENTATION_CONTEXT(2) 
PARAMETRIC_REPRESENTATION_CONTEXT() REPRESENTATION_CONTEXT('2D SPACE',''
  ) );
#4506 = PCURVE('',#1414,#4507);
#4507 = DEFINITIONAL_REPRESENTATION('',(#4508),#4512);
#4508 = LINE('',#4509,#4510);
#4509 = CARTESIAN_POINT('',(-1.405148788217,0.));
#4510 = VECTOR('',#4511,1.);
#4511 = DIRECTION('',(0.,1.));
#4512 = ( GEOMETRIC_REPRESENTATION_CONTEXT(2) 
PARAMETRIC_REPRESENTATION_CONTEXT() REPRESENTATION_CONTEXT('2D SPACE',''
  ) );
#4513 = ORIENTED_EDGE('',*,*,#1462,.T.);
#4514 = ADVANCED_FACE('',(#4515),#1414,.F.);
#4515 = FACE_BOUND('',#4516,.F.);
#4516 = EDGE_LOOP('',(#4517,#4541,#4561,#4562));
#4517 = ORIENTED_EDGE('',*,*,#4518,.F.);
#4518 = EDGE_CURVE('',#4519,#4473,#4521,.T.);
#4519 = VERTEX_POINT('',#4520);
#4520 = CARTESIAN_POINT('',(-17.75758055513,-18.59812662794,0.));
#4521 = SURFACE_CURVE('',#4522,(#4527,#4534),.PCURVE_S1.);
#4522 = CIRCLE('',#4523,1.);
#4523 = AXIS2_PLACEMENT_3D('',#4524,#4525,#4526);
#4524 = CARTESIAN_POINT('',(-18.75383315775,-18.51163528875,0.));
#4525 = DIRECTION('',(0.,0.,1.));
#4526 = DIRECTION('',(1.,0.,0.));
#4527 = PCURVE('',#1414,#4528);
#4528 = DEFINITIONAL_REPRESENTATION('',(#4529),#4533);
#4529 = LINE('',#4530,#4531);
#4530 = CARTESIAN_POINT('',(6.28318530718,0.));
#4531 = VECTOR('',#4532,1.);
#4532 = DIRECTION('',(-1.,0.));
#4533 = ( GEOMETRIC_REPRESENTATION_CONTEXT(2) 
PARAMETRIC_REPRESENTATION_CONTEXT() REPRESENTATION_CONTEXT('2D SPACE',''
  ) );
#4534 = PCURVE('',#3139,#4535);
#4535 = DEFINITIONAL_REPRESENTATION('',(#4536),#4540);
#4536 = CIRCLE('',#4537,1.);
#4537 = AXIS2_PLACEMENT_2D('',#4538,#4539);
#4538 = CARTESIAN_POINT('',(-44.16229616229,-25.49711357733));
#4539 = DIRECTION('',(1.,0.));
#4540 = ( GEOMETRIC_REPRESENTATION_CONTEXT(2) 
PARAMETRIC_REPRESENTATION_CONTEXT() REPRESENTATION_CONTEXT('2D SPACE',''
  ) );
#4541 = ORIENTED_EDGE('',*,*,#4542,.T.);
#4542 = EDGE_CURVE('',#4519,#1326,#4543,.T.);
#4543 = SURFACE_CURVE('',#4544,(#4547,#4554),.PCURVE_S1.);
#4544 = B_SPLINE_CURVE_WITH_KNOTS('',1,(#4545,#4546),.UNSPECIFIED.,.F.,
  .F.,(2,2),(0.,1.),.PIECEWISE_BEZIER_KNOTS.);
#4545 = CARTESIAN_POINT('',(-17.75758055513,-18.59812662794,0.));
#4546 = CARTESIAN_POINT('',(-23.65996197325,-24.7798942781,102.));
#4547 = PCURVE('',#1414,#4548);
#4548 = DEFINITIONAL_REPRESENTATION('',(#4549),#4553);
#4549 = LINE('',#4550,#4551);
#4550 = CARTESIAN_POINT('',(8.659954053865E-02,0.));
#4551 = VECTOR('',#4552,1.);
#4552 = DIRECTION('',(0.,1.));
#4553 = ( GEOMETRIC_REPRESENTATION_CONTEXT(2) 
PARAMETRIC_REPRESENTATION_CONTEXT() REPRESENTATION_CONTEXT('2D SPACE',''
  ) );
#4554 = PCURVE('',#1339,#4555);
#4555 = DEFINITIONAL_REPRESENTATION('',(#4556),#4560);
#4556 = LINE('',#4557,#4558);
#4557 = CARTESIAN_POINT('',(1.231017795392,0.));
#4558 = VECTOR('',#4559,1.);
#4559 = DIRECTION('',(0.,1.));
#4560 = ( GEOMETRIC_REPRESENTATION_CONTEXT(2) 
PARAMETRIC_REPRESENTATION_CONTEXT() REPRESENTATION_CONTEXT('2D SPACE',''
  ) );
#4561 = ORIENTED_EDGE('',*,*,#1350,.T.);
#4562 = ORIENTED_EDGE('',*,*,#4494,.F.);
#4563 = ADVANCED_FACE('',(#4564),#1339,.F.);
#4564 = FACE_BOUND('',#4565,.F.);
#4565 = EDGE_LOOP('',(#4566,#4567,#4589,#4609));
#4566 = ORIENTED_EDGE('',*,*,#4542,.F.);
#4567 = ORIENTED_EDGE('',*,*,#4568,.T.);
#4568 = EDGE_CURVE('',#4519,#4569,#4571,.T.);
#4569 = VERTEX_POINT('',#4570);
#4570 = CARTESIAN_POINT('',(-17.79646796354,-19.04605219135,0.));
#4571 = SURFACE_CURVE('',#4572,(#4576,#4582),.PCURVE_S1.);
#4572 = LINE('',#4573,#4574);
#4573 = CARTESIAN_POINT('',(-17.67766952966,-17.67766952966,0.));
#4574 = VECTOR('',#4575,1.);
#4575 = DIRECTION('',(-8.649133919285E-02,-0.996252602629,0.));
#4576 = PCURVE('',#1339,#4577);
#4577 = DEFINITIONAL_REPRESENTATION('',(#4578),#4581);
#4578 = B_SPLINE_CURVE_WITH_KNOTS('',1,(#4579,#4580),.UNSPECIFIED.,.F.,
  .F.,(2,2),(0.923919391383,1.373529823739),.PIECEWISE_BEZIER_KNOTS.);
#4579 = CARTESIAN_POINT('',(1.231017795392,0.));
#4580 = CARTESIAN_POINT('',(1.830072700383,0.));
#4581 = ( GEOMETRIC_REPRESENTATION_CONTEXT(2) 
PARAMETRIC_REPRESENTATION_CONTEXT() REPRESENTATION_CONTEXT('2D SPACE',''
  ) );
#4582 = PCURVE('',#3139,#4583);
#4583 = DEFINITIONAL_REPRESENTATION('',(#4584),#4588);
#4584 = LINE('',#4585,#4586);
#4585 = CARTESIAN_POINT('',(-43.08613253419,-24.66314781824));
#4586 = VECTOR('',#4587,1.);
#4587 = DIRECTION('',(-8.649133919285E-02,-0.996252602629));
#4588 = ( GEOMETRIC_REPRESENTATION_CONTEXT(2) 
PARAMETRIC_REPRESENTATION_CONTEXT() REPRESENTATION_CONTEXT('2D SPACE',''
  ) );
#4589 = ORIENTED_EDGE('',*,*,#4590,.T.);
#4590 = EDGE_CURVE('',#4569,#1225,#4591,.T.);
#4591 = SURFACE_CURVE('',#4592,(#4595,#4602),.PCURVE_S1.);
#4592 = B_SPLINE_CURVE_WITH_KNOTS('',1,(#4593,#4594),.UNSPECIFIED.,.F.,
  .F.,(2,2),(0.,1.),.PIECEWISE_BEZIER_KNOTS.);
#4593 = CARTESIAN_POINT('',(-17.79646796354,-19.04605219135,0.));
#4594 = CARTESIAN_POINT('',(-23.71177503423,-25.37670428631,102.));
#4595 = PCURVE('',#1339,#4596);
#4596 = DEFINITIONAL_REPRESENTATION('',(#4597),#4601);
#4597 = LINE('',#4598,#4599);
#4598 = CARTESIAN_POINT('',(1.830072700383,0.));
#4599 = VECTOR('',#4600,1.);
#4600 = DIRECTION('',(0.,1.));
#4601 = ( GEOMETRIC_REPRESENTATION_CONTEXT(2) 
PARAMETRIC_REPRESENTATION_CONTEXT() REPRESENTATION_CONTEXT('2D SPACE',''
  ) );
#4602 = PCURVE('',#1278,#4603);
#4603 = DEFINITIONAL_REPRESENTATION('',(#4604),#4608);
#4604 = LINE('',#4605,#4606);
#4605 = CARTESIAN_POINT('',(-8.659954053865E-02,0.));
#4606 = VECTOR('',#4607,1.);
#4607 = DIRECTION('',(0.,1.));
#4608 = ( GEOMETRIC_REPRESENTATION_CONTEXT(2) 
PARAMETRIC_REPRESENTATION_CONTEXT() REPRESENTATION_CONTEXT('2D SPACE',''
  ) );
#4609 = ORIENTED_EDGE('',*,*,#1325,.T.);
#4610 = ADVANCED_FACE('',(#4611),#1278,.F.);
#4611 = FACE_BOUND('',#4612,.F.);
#4612 = EDGE_LOOP('',(#4613,#4641,#4661,#4662));
#4613 = ORIENTED_EDGE('',*,*,#4614,.F.);
#4614 = EDGE_CURVE('',#4615,#4569,#4617,.T.);
#4615 = VERTEX_POINT('',#4616);
#4616 = CARTESIAN_POINT('',(-7.596131057745,-24.93521944973,0.));
#4617 = SURFACE_CURVE('',#4618,(#4623,#4630),.PCURVE_S1.);
#4618 = CIRCLE('',#4619,6.5);
#4619 = AXIS2_PLACEMENT_3D('',#4620,#4621,#4622);
#4620 = CARTESIAN_POINT('',(-11.32082604645,-19.6082458961,0.));
#4621 = DIRECTION('',(0.,0.,-1.));
#4622 = DIRECTION('',(-1.,0.,0.));
#4623 = PCURVE('',#1278,#4624);
#4624 = DEFINITIONAL_REPRESENTATION('',(#4625),#4629);
#4625 = LINE('',#4626,#4627);
#4626 = CARTESIAN_POINT('',(6.28318530718,0.));
#4627 = VECTOR('',#4628,1.);
#4628 = DIRECTION('',(-1.,0.));
#4629 = ( GEOMETRIC_REPRESENTATION_CONTEXT(2) 
PARAMETRIC_REPRESENTATION_CONTEXT() REPRESENTATION_CONTEXT('2D SPACE',''
  ) );
#4630 = PCURVE('',#3139,#4631);
#4631 = DEFINITIONAL_REPRESENTATION('',(#4632),#4640);
#4632 = ( BOUNDED_CURVE() B_SPLINE_CURVE(2,(#4633,#4634,#4635,#4636,
#4637,#4638,#4639),.UNSPECIFIED.,.T.,.F.) B_SPLINE_CURVE_WITH_KNOTS((1,2
    ,2,2,2,1),(-2.094395102393,0.,2.094395102393,4.188790204786,
6.28318530718,8.377580409573),.UNSPECIFIED.) CURVE() 
GEOMETRIC_REPRESENTATION_ITEM() RATIONAL_B_SPLINE_CURVE((1.,0.5,1.,0.5,
1.,0.5,1.)) REPRESENTATION_ITEM('') );
#4633 = CARTESIAN_POINT('',(-43.22928905098,-26.59372418468));
#4634 = CARTESIAN_POINT('',(-43.22928905098,-15.33539393548));
#4635 = CARTESIAN_POINT('',(-33.47928905098,-20.96455906008));
#4636 = CARTESIAN_POINT('',(-23.72928905098,-26.59372418468));
#4637 = CARTESIAN_POINT('',(-33.47928905098,-32.22288930928));
#4638 = CARTESIAN_POINT('',(-43.22928905098,-37.85205443388));
#4639 = CARTESIAN_POINT('',(-43.22928905098,-26.59372418468));
#4640 = ( GEOMETRIC_REPRESENTATION_CONTEXT(2) 
PARAMETRIC_REPRESENTATION_CONTEXT() REPRESENTATION_CONTEXT('2D SPACE',''
  ) );
#4641 = ORIENTED_EDGE('',*,*,#4642,.T.);
#4642 = EDGE_CURVE('',#4615,#1200,#4643,.T.);
#4643 = SURFACE_CURVE('',#4644,(#4647,#4654),.PCURVE_S1.);
#4644 = B_SPLINE_CURVE_WITH_KNOTS('',1,(#4645,#4646),.UNSPECIFIED.,.F.,
  .F.,(2,2),(0.,1.),.PIECEWISE_BEZIER_KNOTS.);
#4645 = CARTESIAN_POINT('',(-7.596131057745,-24.93521944973,0.));
#4646 = CARTESIAN_POINT('',(-10.12098305915,-33.22335169162,102.));
#4647 = PCURVE('',#1278,#4648);
#4648 = DEFINITIONAL_REPRESENTATION('',(#4649),#4653);
#4649 = LINE('',#4650,#4651);
#4650 = CARTESIAN_POINT('',(2.180994642932,0.));
#4651 = VECTOR('',#4652,1.);
#4652 = DIRECTION('',(0.,1.));
#4653 = ( GEOMETRIC_REPRESENTATION_CONTEXT(2) 
PARAMETRIC_REPRESENTATION_CONTEXT() REPRESENTATION_CONTEXT('2D SPACE',''
  ) );
#4654 = PCURVE('',#1213,#4655);
#4655 = DEFINITIONAL_REPRESENTATION('',(#4656),#4660);
#4656 = LINE('',#4657,#4658);
#4657 = CARTESIAN_POINT('',(18.540237039241,0.));
#4658 = VECTOR('',#4659,1.);
#4659 = DIRECTION('',(0.,1.));
#4660 = ( GEOMETRIC_REPRESENTATION_CONTEXT(2) 
PARAMETRIC_REPRESENTATION_CONTEXT() REPRESENTATION_CONTEXT('2D SPACE',''
  ) );
#4661 = ORIENTED_EDGE('',*,*,#1224,.T.);
#4662 = ORIENTED_EDGE('',*,*,#4590,.F.);
#4663 = ADVANCED_FACE('',(#4664),#1213,.F.);
#4664 = FACE_BOUND('',#4665,.F.);
#4665 = EDGE_LOOP('',(#4666,#4667,#4689,#4709));
#4666 = ORIENTED_EDGE('',*,*,#4642,.F.);
#4667 = ORIENTED_EDGE('',*,*,#4668,.T.);
#4668 = EDGE_CURVE('',#4615,#4669,#4671,.T.);
#4669 = VERTEX_POINT('',#4670);
#4670 = CARTESIAN_POINT('',(-7.227659845038,-24.67757918446,0.));
#4671 = SURFACE_CURVE('',#4672,(#4676,#4682),.PCURVE_S1.);
#4672 = LINE('',#4673,#4674);
#4673 = CARTESIAN_POINT('',(-19.,-32.9089653438,0.));
#4674 = VECTOR('',#4675,1.);
#4675 = DIRECTION('',(0.819534392866,0.573029998263,0.));
#4676 = PCURVE('',#1213,#4677);
#4677 = DEFINITIONAL_REPRESENTATION('',(#4678),#4681);
#4678 = B_SPLINE_CURVE_WITH_KNOTS('',1,(#4679,#4680),.UNSPECIFIED.,.F.,
  .F.,(2,2),(13.915058405746,14.364668838103),.PIECEWISE_BEZIER_KNOTS.);
#4679 = CARTESIAN_POINT('',(18.540237039241,0.));
#4680 = CARTESIAN_POINT('',(19.139291944232,0.));
#4681 = ( GEOMETRIC_REPRESENTATION_CONTEXT(2) 
PARAMETRIC_REPRESENTATION_CONTEXT() REPRESENTATION_CONTEXT('2D SPACE',''
  ) );
#4682 = PCURVE('',#3139,#4683);
#4683 = DEFINITIONAL_REPRESENTATION('',(#4684),#4688);
#4684 = LINE('',#4685,#4686);
#4685 = CARTESIAN_POINT('',(-44.40846300453,-39.89444363238));
#4686 = VECTOR('',#4687,1.);
#4687 = DIRECTION('',(0.819534392866,0.573029998263));
#4688 = ( GEOMETRIC_REPRESENTATION_CONTEXT(2) 
PARAMETRIC_REPRESENTATION_CONTEXT() REPRESENTATION_CONTEXT('2D SPACE',''
  ) );
#4689 = ORIENTED_EDGE('',*,*,#4690,.T.);
#4690 = EDGE_CURVE('',#4669,#1103,#4691,.T.);
#4691 = SURFACE_CURVE('',#4692,(#4695,#4702),.PCURVE_S1.);
#4692 = B_SPLINE_CURVE_WITH_KNOTS('',1,(#4693,#4694),.UNSPECIFIED.,.F.,
  .F.,(2,2),(0.,1.),.PIECEWISE_BEZIER_KNOTS.);
#4693 = CARTESIAN_POINT('',(-7.227659845038,-24.67757918446,0.));
#4694 = CARTESIAN_POINT('',(-9.630036961301,-32.88007526046,102.));
#4695 = PCURVE('',#1213,#4696);
#4696 = DEFINITIONAL_REPRESENTATION('',(#4697),#4701);
#4697 = LINE('',#4698,#4699);
#4698 = CARTESIAN_POINT('',(19.139291944232,0.));
#4699 = VECTOR('',#4700,1.);
#4700 = DIRECTION('',(0.,1.));
#4701 = ( GEOMETRIC_REPRESENTATION_CONTEXT(2) 
PARAMETRIC_REPRESENTATION_CONTEXT() REPRESENTATION_CONTEXT('2D SPACE',''
  ) );
#4702 = PCURVE('',#1156,#4703);
#4703 = DEFINITIONAL_REPRESENTATION('',(#4704),#4708);
#4704 = LINE('',#4705,#4706);
#4705 = CARTESIAN_POINT('',(4.102190664248,0.));
#4706 = VECTOR('',#4707,1.);
#4707 = DIRECTION('',(0.,1.));
#4708 = ( GEOMETRIC_REPRESENTATION_CONTEXT(2) 
PARAMETRIC_REPRESENTATION_CONTEXT() REPRESENTATION_CONTEXT('2D SPACE',''
  ) );
#4709 = ORIENTED_EDGE('',*,*,#1199,.T.);
#4710 = ADVANCED_FACE('',(#4711),#1156,.F.);
#4711 = FACE_BOUND('',#4712,.F.);
#4712 = EDGE_LOOP('',(#4713,#4737,#4757,#4758));
#4713 = ORIENTED_EDGE('',*,*,#4714,.F.);
#4714 = EDGE_CURVE('',#4715,#4669,#4717,.T.);
#4715 = VERTEX_POINT('',#4716);
#4716 = CARTESIAN_POINT('',(-5.882904301823,-24.86115785303,0.));
#4717 = SURFACE_CURVE('',#4718,(#4723,#4730),.PCURVE_S1.);
#4718 = CIRCLE('',#4719,1.);
#4719 = AXIS2_PLACEMENT_3D('',#4720,#4721,#4722);
#4720 = CARTESIAN_POINT('',(-6.654629846775,-25.49711357733,0.));
#4721 = DIRECTION('',(0.,0.,1.));
#4722 = DIRECTION('',(1.,0.,0.));
#4723 = PCURVE('',#1156,#4724);
#4724 = DEFINITIONAL_REPRESENTATION('',(#4725),#4729);
#4725 = LINE('',#4726,#4727);
#4726 = CARTESIAN_POINT('',(6.28318530718,0.));
#4727 = VECTOR('',#4728,1.);
#4728 = DIRECTION('',(-1.,0.));
#4729 = ( GEOMETRIC_REPRESENTATION_CONTEXT(2) 
PARAMETRIC_REPRESENTATION_CONTEXT() REPRESENTATION_CONTEXT('2D SPACE',''
  ) );
#4730 = PCURVE('',#3139,#4731);
#4731 = DEFINITIONAL_REPRESENTATION('',(#4732),#4736);
#4732 = CIRCLE('',#4733,1.);
#4733 = AXIS2_PLACEMENT_2D('',#4734,#4735);
#4734 = CARTESIAN_POINT('',(-32.0630928513,-32.4825918659));
#4735 = DIRECTION('',(1.,0.));
#4736 = ( GEOMETRIC_REPRESENTATION_CONTEXT(2) 
PARAMETRIC_REPRESENTATION_CONTEXT() REPRESENTATION_CONTEXT('2D SPACE',''
  ) );
#4737 = ORIENTED_EDGE('',*,*,#4738,.T.);
#4738 = EDGE_CURVE('',#4715,#1078,#4739,.T.);
#4739 = SURFACE_CURVE('',#4740,(#4743,#4750),.PCURVE_S1.);
#4740 = B_SPLINE_CURVE_WITH_KNOTS('',1,(#4741,#4742),.UNSPECIFIED.,.F.,
  .F.,(2,2),(0.,1.),.PIECEWISE_BEZIER_KNOTS.);
#4741 = CARTESIAN_POINT('',(-5.882904301823,-24.86115785303,0.));
#4742 = CARTESIAN_POINT('',(-7.838302726054,-33.1246730143,102.));
#4743 = PCURVE('',#1156,#4744);
#4744 = DEFINITIONAL_REPRESENTATION('',(#4745),#4749);
#4745 = LINE('',#4746,#4747);
#4746 = CARTESIAN_POINT('',(5.593938993004,0.));
#4747 = VECTOR('',#4748,1.);
#4748 = DIRECTION('',(0.,1.));
#4749 = ( GEOMETRIC_REPRESENTATION_CONTEXT(2) 
PARAMETRIC_REPRESENTATION_CONTEXT() REPRESENTATION_CONTEXT('2D SPACE',''
  ) );
#4750 = PCURVE('',#1091,#4751);
#4751 = DEFINITIONAL_REPRESENTATION('',(#4752),#4756);
#4752 = LINE('',#4753,#4754);
#4753 = CARTESIAN_POINT('',(1.231017795392,0.));
#4754 = VECTOR('',#4755,1.);
#4755 = DIRECTION('',(0.,1.));
#4756 = ( GEOMETRIC_REPRESENTATION_CONTEXT(2) 
PARAMETRIC_REPRESENTATION_CONTEXT() REPRESENTATION_CONTEXT('2D SPACE',''
  ) );
#4757 = ORIENTED_EDGE('',*,*,#1102,.T.);
#4758 = ORIENTED_EDGE('',*,*,#4690,.F.);
#4759 = ADVANCED_FACE('',(#4760),#1091,.F.);
#4760 = FACE_BOUND('',#4761,.F.);
#4761 = EDGE_LOOP('',(#4762,#4763,#4785,#4805));
#4762 = ORIENTED_EDGE('',*,*,#4738,.F.);
#4763 = ORIENTED_EDGE('',*,*,#4764,.T.);
#4764 = EDGE_CURVE('',#4715,#4765,#4767,.T.);
#4765 = VERTEX_POINT('',#4766);
#4766 = CARTESIAN_POINT('',(-5.01621604219,-25.91287488916,0.));
#4767 = SURFACE_CURVE('',#4768,(#4772,#4778),.PCURVE_S1.);
#4768 = LINE('',#4769,#4770);
#4769 = CARTESIAN_POINT('',(-6.470476127563,-24.14814565722,0.));
#4770 = VECTOR('',#4771,1.);
#4771 = DIRECTION('',(0.635955724298,-0.771725544952,-0.));
#4772 = PCURVE('',#1091,#4773);
#4773 = DEFINITIONAL_REPRESENTATION('',(#4774),#4777);
#4774 = B_SPLINE_CURVE_WITH_KNOTS('',1,(#4775,#4776),.UNSPECIFIED.,.F.,
  .F.,(2,2),(0.923919391383,2.286731654121),.PIECEWISE_BEZIER_KNOTS.);
#4775 = CARTESIAN_POINT('',(1.231017795392,0.));
#4776 = CARTESIAN_POINT('',(3.046810561358,0.));
#4777 = ( GEOMETRIC_REPRESENTATION_CONTEXT(2) 
PARAMETRIC_REPRESENTATION_CONTEXT() REPRESENTATION_CONTEXT('2D SPACE',''
  ) );
#4778 = PCURVE('',#3139,#4779);
#4779 = DEFINITIONAL_REPRESENTATION('',(#4780),#4784);
#4780 = LINE('',#4781,#4782);
#4781 = CARTESIAN_POINT('',(-31.87893913209,-31.1336239458));
#4782 = VECTOR('',#4783,1.);
#4783 = DIRECTION('',(0.635955724298,-0.771725544952));
#4784 = ( GEOMETRIC_REPRESENTATION_CONTEXT(2) 
PARAMETRIC_REPRESENTATION_CONTEXT() REPRESENTATION_CONTEXT('2D SPACE',''
  ) );
#4785 = ORIENTED_EDGE('',*,*,#4786,.T.);
#4786 = EDGE_CURVE('',#4765,#979,#4787,.T.);
#4787 = SURFACE_CURVE('',#4788,(#4791,#4798),.PCURVE_S1.);
#4788 = B_SPLINE_CURVE_WITH_KNOTS('',1,(#4789,#4790),.UNSPECIFIED.,.F.,
  .F.,(2,2),(0.,1.),.PIECEWISE_BEZIER_KNOTS.);
#4789 = CARTESIAN_POINT('',(-5.01621604219,-25.91287488916,0.));
#4790 = CARTESIAN_POINT('',(-6.683538922398,-34.52596667613,102.));
#4791 = PCURVE('',#1091,#4792);
#4792 = DEFINITIONAL_REPRESENTATION('',(#4793),#4797);
#4793 = LINE('',#4794,#4795);
#4794 = CARTESIAN_POINT('',(3.046810561358,0.));
#4795 = VECTOR('',#4796,1.);
#4796 = DIRECTION('',(0.,1.));
#4797 = ( GEOMETRIC_REPRESENTATION_CONTEXT(2) 
PARAMETRIC_REPRESENTATION_CONTEXT() REPRESENTATION_CONTEXT('2D SPACE',''
  ) );
#4798 = PCURVE('',#1032,#4799);
#4799 = DEFINITIONAL_REPRESENTATION('',(#4800),#4804);
#4800 = LINE('',#4801,#4802);
#4801 = CARTESIAN_POINT('',(0.689246314176,0.));
#4802 = VECTOR('',#4803,1.);
#4803 = DIRECTION('',(0.,1.));
#4804 = ( GEOMETRIC_REPRESENTATION_CONTEXT(2) 
PARAMETRIC_REPRESENTATION_CONTEXT() REPRESENTATION_CONTEXT('2D SPACE',''
  ) );
#4805 = ORIENTED_EDGE('',*,*,#1077,.T.);
#4806 = ADVANCED_FACE('',(#4807),#1032,.F.);
#4807 = FACE_BOUND('',#4808,.F.);
#4808 = EDGE_LOOP('',(#4809,#4837,#4857,#4858));
#4809 = ORIENTED_EDGE('',*,*,#4810,.F.);
#4810 = EDGE_CURVE('',#4811,#4765,#4813,.T.);
#4811 = VERTEX_POINT('',#4812);
#4812 = CARTESIAN_POINT('',(5.01621604219,-25.91287488916,0.));
#4813 = SURFACE_CURVE('',#4814,(#4819,#4826),.PCURVE_S1.);
#4814 = CIRCLE('',#4815,6.5);
#4815 = AXIS2_PLACEMENT_3D('',#4816,#4817,#4818);
#4816 = CARTESIAN_POINT('',(-7.105427357601E-15,-21.77916268122,0.));
#4817 = DIRECTION('',(0.,0.,-1.));
#4818 = DIRECTION('',(-1.,0.,0.));
#4819 = PCURVE('',#1032,#4820);
#4820 = DEFINITIONAL_REPRESENTATION('',(#4821),#4825);
#4821 = LINE('',#4822,#4823);
#4822 = CARTESIAN_POINT('',(6.28318530718,0.));
#4823 = VECTOR('',#4824,1.);
#4824 = DIRECTION('',(-1.,0.));
#4825 = ( GEOMETRIC_REPRESENTATION_CONTEXT(2) 
PARAMETRIC_REPRESENTATION_CONTEXT() REPRESENTATION_CONTEXT('2D SPACE',''
  ) );
#4826 = PCURVE('',#3139,#4827);
#4827 = DEFINITIONAL_REPRESENTATION('',(#4828),#4836);
#4828 = ( BOUNDED_CURVE() B_SPLINE_CURVE(2,(#4829,#4830,#4831,#4832,
#4833,#4834,#4835),.UNSPECIFIED.,.T.,.F.) B_SPLINE_CURVE_WITH_KNOTS((1,2
    ,2,2,2,1),(-2.094395102393,0.,2.094395102393,4.188790204786,
6.28318530718,8.377580409573),.UNSPECIFIED.) CURVE() 
GEOMETRIC_REPRESENTATION_ITEM() RATIONAL_B_SPLINE_CURVE((1.,0.5,1.,0.5,
1.,0.5,1.)) REPRESENTATION_ITEM('') );
#4829 = CARTESIAN_POINT('',(-31.90846300453,-28.7646409698));
#4830 = CARTESIAN_POINT('',(-31.90846300453,-17.5063107206));
#4831 = CARTESIAN_POINT('',(-22.15846300453,-23.1354758452));
#4832 = CARTESIAN_POINT('',(-12.40846300453,-28.7646409698));
#4833 = CARTESIAN_POINT('',(-22.15846300453,-34.39380609439));
#4834 = CARTESIAN_POINT('',(-31.90846300453,-40.02297121899));
#4835 = CARTESIAN_POINT('',(-31.90846300453,-28.7646409698));
#4836 = ( GEOMETRIC_REPRESENTATION_CONTEXT(2) 
PARAMETRIC_REPRESENTATION_CONTEXT() REPRESENTATION_CONTEXT('2D SPACE',''
  ) );
#4837 = ORIENTED_EDGE('',*,*,#4838,.T.);
#4838 = EDGE_CURVE('',#4811,#954,#4839,.T.);
#4839 = SURFACE_CURVE('',#4840,(#4843,#4850),.PCURVE_S1.);
#4840 = B_SPLINE_CURVE_WITH_KNOTS('',1,(#4841,#4842),.UNSPECIFIED.,.F.,
  .F.,(2,2),(0.,1.),.PIECEWISE_BEZIER_KNOTS.);
#4841 = CARTESIAN_POINT('',(5.01621604219,-25.91287488916,0.));
#4842 = CARTESIAN_POINT('',(6.683538922398,-34.52596667613,102.));
#4843 = PCURVE('',#1032,#4844);
#4844 = DEFINITIONAL_REPRESENTATION('',(#4845),#4849);
#4845 = LINE('',#4846,#4847);
#4846 = CARTESIAN_POINT('',(2.452346339414,0.));
#4847 = VECTOR('',#4848,1.);
#4848 = DIRECTION('',(0.,1.));
#4849 = ( GEOMETRIC_REPRESENTATION_CONTEXT(2) 
PARAMETRIC_REPRESENTATION_CONTEXT() REPRESENTATION_CONTEXT('2D SPACE',''
  ) );
#4850 = PCURVE('',#967,#4851);
#4851 = DEFINITIONAL_REPRESENTATION('',(#4852),#4856);
#4852 = LINE('',#4853,#4854);
#4853 = CARTESIAN_POINT('',(10.509440621469,0.));
#4854 = VECTOR('',#4855,1.);
#4855 = DIRECTION('',(0.,1.));
#4856 = ( GEOMETRIC_REPRESENTATION_CONTEXT(2) 
PARAMETRIC_REPRESENTATION_CONTEXT() REPRESENTATION_CONTEXT('2D SPACE',''
  ) );
#4857 = ORIENTED_EDGE('',*,*,#978,.T.);
#4858 = ORIENTED_EDGE('',*,*,#4786,.F.);
#4859 = ADVANCED_FACE('',(#4860),#967,.F.);
#4860 = FACE_BOUND('',#4861,.F.);
#4861 = EDGE_LOOP('',(#4862,#4863,#4885,#4905));
#4862 = ORIENTED_EDGE('',*,*,#4838,.F.);
#4863 = ORIENTED_EDGE('',*,*,#4864,.T.);
#4864 = EDGE_CURVE('',#4811,#4865,#4867,.T.);
#4865 = VERTEX_POINT('',#4866);
#4866 = CARTESIAN_POINT('',(5.882904301823,-24.86115785303,0.));
#4867 = SURFACE_CURVE('',#4868,(#4872,#4878),.PCURVE_S1.);
#4868 = LINE('',#4869,#4870);
#4869 = CARTESIAN_POINT('',(-7.105427357601E-15,-32.,0.));
#4870 = VECTOR('',#4871,1.);
#4871 = DIRECTION('',(0.635955724298,0.771725544952,0.));
#4872 = PCURVE('',#967,#4873);
#4873 = DEFINITIONAL_REPRESENTATION('',(#4874),#4877);
#4874 = B_SPLINE_CURVE_WITH_KNOTS('',1,(#4875,#4876),.UNSPECIFIED.,.F.,
  .F.,(2,2),(7.887681249703,9.25049351244),.PIECEWISE_BEZIER_KNOTS.);
#4875 = CARTESIAN_POINT('',(10.509440621469,0.));
#4876 = CARTESIAN_POINT('',(12.325233387434,0.));
#4877 = ( GEOMETRIC_REPRESENTATION_CONTEXT(2) 
PARAMETRIC_REPRESENTATION_CONTEXT() REPRESENTATION_CONTEXT('2D SPACE',''
  ) );
#4878 = PCURVE('',#3139,#4879);
#4879 = DEFINITIONAL_REPRESENTATION('',(#4880),#4884);
#4880 = LINE('',#4881,#4882);
#4881 = CARTESIAN_POINT('',(-25.40846300453,-38.98547828857));
#4882 = VECTOR('',#4883,1.);
#4883 = DIRECTION('',(0.635955724298,0.771725544952));
#4884 = ( GEOMETRIC_REPRESENTATION_CONTEXT(2) 
PARAMETRIC_REPRESENTATION_CONTEXT() REPRESENTATION_CONTEXT('2D SPACE',''
  ) );
#4885 = ORIENTED_EDGE('',*,*,#4886,.T.);
#4886 = EDGE_CURVE('',#4865,#857,#4887,.T.);
#4887 = SURFACE_CURVE('',#4888,(#4891,#4898),.PCURVE_S1.);
#4888 = B_SPLINE_CURVE_WITH_KNOTS('',1,(#4889,#4890),.UNSPECIFIED.,.F.,
  .F.,(2,2),(0.,1.),.PIECEWISE_BEZIER_KNOTS.);
#4889 = CARTESIAN_POINT('',(5.882904301823,-24.86115785303,0.));
#4890 = CARTESIAN_POINT('',(7.838302726054,-33.1246730143,102.));
#4891 = PCURVE('',#967,#4892);
#4892 = DEFINITIONAL_REPRESENTATION('',(#4893),#4897);
#4893 = LINE('',#4894,#4895);
#4894 = CARTESIAN_POINT('',(12.325233387434,0.));
#4895 = VECTOR('',#4896,1.);
#4896 = DIRECTION('',(0.,1.));
#4897 = ( GEOMETRIC_REPRESENTATION_CONTEXT(2) 
PARAMETRIC_REPRESENTATION_CONTEXT() REPRESENTATION_CONTEXT('2D SPACE',''
  ) );
#4898 = PCURVE('',#910,#4899);
#4899 = DEFINITIONAL_REPRESENTATION('',(#4900),#4904);
#4900 = LINE('',#4901,#4902);
#4901 = CARTESIAN_POINT('',(3.830838967766,0.));
#4902 = VECTOR('',#4903,1.);
#4903 = DIRECTION('',(0.,1.));
#4904 = ( GEOMETRIC_REPRESENTATION_CONTEXT(2) 
PARAMETRIC_REPRESENTATION_CONTEXT() REPRESENTATION_CONTEXT('2D SPACE',''
  ) );
#4905 = ORIENTED_EDGE('',*,*,#953,.T.);
#4906 = ADVANCED_FACE('',(#4907),#910,.F.);
#4907 = FACE_BOUND('',#4908,.F.);
#4908 = EDGE_LOOP('',(#4909,#4933,#4953,#4954));
#4909 = ORIENTED_EDGE('',*,*,#4910,.F.);
#4910 = EDGE_CURVE('',#4911,#4865,#4913,.T.);
#4911 = VERTEX_POINT('',#4912);
#4912 = CARTESIAN_POINT('',(7.227659845038,-24.67757918446,0.));
#4913 = SURFACE_CURVE('',#4914,(#4919,#4926),.PCURVE_S1.);
#4914 = CIRCLE('',#4915,1.);
#4915 = AXIS2_PLACEMENT_3D('',#4916,#4917,#4918);
#4916 = CARTESIAN_POINT('',(6.654629846775,-25.49711357733,0.));
#4917 = DIRECTION('',(0.,0.,1.));
#4918 = DIRECTION('',(1.,0.,0.));
#4919 = PCURVE('',#910,#4920);
#4920 = DEFINITIONAL_REPRESENTATION('',(#4921),#4925);
#4921 = LINE('',#4922,#4923);
#4922 = CARTESIAN_POINT('',(6.28318530718,0.));
#4923 = VECTOR('',#4924,1.);
#4924 = DIRECTION('',(-1.,0.));
#4925 = ( GEOMETRIC_REPRESENTATION_CONTEXT(2) 
PARAMETRIC_REPRESENTATION_CONTEXT() REPRESENTATION_CONTEXT('2D SPACE',''
  ) );
#4926 = PCURVE('',#3139,#4927);
#4927 = DEFINITIONAL_REPRESENTATION('',(#4928),#4932);
#4928 = CIRCLE('',#4929,1.);
#4929 = AXIS2_PLACEMENT_2D('',#4930,#4931);
#4930 = CARTESIAN_POINT('',(-18.75383315775,-32.4825918659));
#4931 = DIRECTION('',(1.,0.));
#4932 = ( GEOMETRIC_REPRESENTATION_CONTEXT(2) 
PARAMETRIC_REPRESENTATION_CONTEXT() REPRESENTATION_CONTEXT('2D SPACE',''
  ) );
#4933 = ORIENTED_EDGE('',*,*,#4934,.T.);
#4934 = EDGE_CURVE('',#4911,#832,#4935,.T.);
#4935 = SURFACE_CURVE('',#4936,(#4939,#4946),.PCURVE_S1.);
#4936 = B_SPLINE_CURVE_WITH_KNOTS('',1,(#4937,#4938),.UNSPECIFIED.,.F.,
  .F.,(2,2),(0.,1.),.PIECEWISE_BEZIER_KNOTS.);
#4937 = CARTESIAN_POINT('',(7.227659845038,-24.67757918446,0.));
#4938 = CARTESIAN_POINT('',(9.630036961301,-32.88007526046,102.));
#4939 = PCURVE('',#910,#4940);
#4940 = DEFINITIONAL_REPRESENTATION('',(#4941),#4945);
#4941 = LINE('',#4942,#4943);
#4942 = CARTESIAN_POINT('',(5.322587296522,0.));
#4943 = VECTOR('',#4944,1.);
#4944 = DIRECTION('',(0.,1.));
#4945 = ( GEOMETRIC_REPRESENTATION_CONTEXT(2) 
PARAMETRIC_REPRESENTATION_CONTEXT() REPRESENTATION_CONTEXT('2D SPACE',''
  ) );
#4946 = PCURVE('',#845,#4947);
#4947 = DEFINITIONAL_REPRESENTATION('',(#4948),#4952);
#4948 = LINE('',#4949,#4950);
#4949 = CARTESIAN_POINT('',(1.231017795392,0.));
#4950 = VECTOR('',#4951,1.);
#4951 = DIRECTION('',(0.,1.));
#4952 = ( GEOMETRIC_REPRESENTATION_CONTEXT(2) 
PARAMETRIC_REPRESENTATION_CONTEXT() REPRESENTATION_CONTEXT('2D SPACE',''
  ) );
#4953 = ORIENTED_EDGE('',*,*,#856,.T.);
#4954 = ORIENTED_EDGE('',*,*,#4886,.F.);
#4955 = ADVANCED_FACE('',(#4956),#845,.F.);
#4956 = FACE_BOUND('',#4957,.F.);
#4957 = EDGE_LOOP('',(#4958,#4959,#4981,#5001));
#4958 = ORIENTED_EDGE('',*,*,#4934,.F.);
#4959 = ORIENTED_EDGE('',*,*,#4960,.T.);
#4960 = EDGE_CURVE('',#4911,#4961,#4963,.T.);
#4961 = VERTEX_POINT('',#4962);
#4962 = CARTESIAN_POINT('',(7.596131057745,-24.93521944973,0.));
#4963 = SURFACE_CURVE('',#4964,(#4968,#4974),.PCURVE_S1.);
#4964 = LINE('',#4965,#4966);
#4965 = CARTESIAN_POINT('',(6.470476127563,-24.14814565722,0.));
#4966 = VECTOR('',#4967,1.);
#4967 = DIRECTION('',(0.819534392866,-0.573029998263,-0.));
#4968 = PCURVE('',#845,#4969);
#4969 = DEFINITIONAL_REPRESENTATION('',(#4970),#4973);
#4970 = B_SPLINE_CURVE_WITH_KNOTS('',1,(#4971,#4972),.UNSPECIFIED.,.F.,
  .F.,(2,2),(0.923919391383,1.37352982374),.PIECEWISE_BEZIER_KNOTS.);
#4971 = CARTESIAN_POINT('',(1.231017795392,0.));
#4972 = CARTESIAN_POINT('',(1.830072700383,0.));
#4973 = ( GEOMETRIC_REPRESENTATION_CONTEXT(2) 
PARAMETRIC_REPRESENTATION_CONTEXT() REPRESENTATION_CONTEXT('2D SPACE',''
  ) );
#4974 = PCURVE('',#3139,#4975);
#4975 = DEFINITIONAL_REPRESENTATION('',(#4976),#4980);
#4976 = LINE('',#4977,#4978);
#4977 = CARTESIAN_POINT('',(-18.93798687697,-31.1336239458));
#4978 = VECTOR('',#4979,1.);
#4979 = DIRECTION('',(0.819534392866,-0.573029998263));
#4980 = ( GEOMETRIC_REPRESENTATION_CONTEXT(2) 
PARAMETRIC_REPRESENTATION_CONTEXT() REPRESENTATION_CONTEXT('2D SPACE',''
  ) );
#4981 = ORIENTED_EDGE('',*,*,#4982,.T.);
#4982 = EDGE_CURVE('',#4961,#731,#4983,.T.);
#4983 = SURFACE_CURVE('',#4984,(#4987,#4994),.PCURVE_S1.);
#4984 = B_SPLINE_CURVE_WITH_KNOTS('',1,(#4985,#4986),.UNSPECIFIED.,.F.,
  .F.,(2,2),(0.,1.),.PIECEWISE_BEZIER_KNOTS.);
#4985 = CARTESIAN_POINT('',(7.596131057745,-24.93521944973,0.));
#4986 = CARTESIAN_POINT('',(10.120983059157,-33.22335169162,102.));
#4987 = PCURVE('',#845,#4988);
#4988 = DEFINITIONAL_REPRESENTATION('',(#4989),#4993);
#4989 = LINE('',#4990,#4991);
#4990 = CARTESIAN_POINT('',(1.830072700383,0.));
#4991 = VECTOR('',#4992,1.);
#4992 = DIRECTION('',(0.,1.));
#4993 = ( GEOMETRIC_REPRESENTATION_CONTEXT(2) 
PARAMETRIC_REPRESENTATION_CONTEXT() REPRESENTATION_CONTEXT('2D SPACE',''
  ) );
#4994 = PCURVE('',#784,#4995);
#4995 = DEFINITIONAL_REPRESENTATION('',(#4996),#5000);
#4996 = LINE('',#4997,#4998);
#4997 = CARTESIAN_POINT('',(0.960598010658,0.));
#4998 = VECTOR('',#4999,1.);
#4999 = DIRECTION('',(0.,1.));
#5000 = ( GEOMETRIC_REPRESENTATION_CONTEXT(2) 
PARAMETRIC_REPRESENTATION_CONTEXT() REPRESENTATION_CONTEXT('2D SPACE',''
  ) );
#5001 = ORIENTED_EDGE('',*,*,#831,.T.);
#5002 = ADVANCED_FACE('',(#5003),#784,.F.);
#5003 = FACE_BOUND('',#5004,.F.);
#5004 = EDGE_LOOP('',(#5005,#5033,#5053,#5054));
#5005 = ORIENTED_EDGE('',*,*,#5006,.F.);
#5006 = EDGE_CURVE('',#5007,#4961,#5009,.T.);
#5007 = VERTEX_POINT('',#5008);
#5008 = CARTESIAN_POINT('',(17.79646796354,-19.04605219135,0.));
#5009 = SURFACE_CURVE('',#5010,(#5015,#5022),.PCURVE_S1.);
#5010 = CIRCLE('',#5011,6.5);
#5011 = AXIS2_PLACEMENT_3D('',#5012,#5013,#5014);
#5012 = CARTESIAN_POINT('',(11.320826046453,-19.6082458961,0.));
#5013 = DIRECTION('',(0.,0.,-1.));
#5014 = DIRECTION('',(-1.,0.,0.));
#5015 = PCURVE('',#784,#5016);
#5016 = DEFINITIONAL_REPRESENTATION('',(#5017),#5021);
#5017 = LINE('',#5018,#5019);
#5018 = CARTESIAN_POINT('',(6.28318530718,0.));
#5019 = VECTOR('',#5020,1.);
#5020 = DIRECTION('',(-1.,0.));
#5021 = ( GEOMETRIC_REPRESENTATION_CONTEXT(2) 
PARAMETRIC_REPRESENTATION_CONTEXT() REPRESENTATION_CONTEXT('2D SPACE',''
  ) );
#5022 = PCURVE('',#3139,#5023);
#5023 = DEFINITIONAL_REPRESENTATION('',(#5024),#5032);
#5024 = ( BOUNDED_CURVE() B_SPLINE_CURVE(2,(#5025,#5026,#5027,#5028,
#5029,#5030,#5031),.UNSPECIFIED.,.T.,.F.) B_SPLINE_CURVE_WITH_KNOTS((1,2
    ,2,2,2,1),(-2.094395102393,0.,2.094395102393,4.188790204786,
6.28318530718,8.377580409573),.UNSPECIFIED.) CURVE() 
GEOMETRIC_REPRESENTATION_ITEM() RATIONAL_B_SPLINE_CURVE((1.,0.5,1.,0.5,
1.,0.5,1.)) REPRESENTATION_ITEM('') );
#5025 = CARTESIAN_POINT('',(-20.58763695808,-26.59372418468));
#5026 = CARTESIAN_POINT('',(-20.58763695808,-15.33539393548));
#5027 = CARTESIAN_POINT('',(-10.83763695808,-20.96455906008));
#5028 = CARTESIAN_POINT('',(-1.087636958081,-26.59372418468));
#5029 = CARTESIAN_POINT('',(-10.83763695808,-32.22288930928));
#5030 = CARTESIAN_POINT('',(-20.58763695808,-37.85205443388));
#5031 = CARTESIAN_POINT('',(-20.58763695808,-26.59372418468));
#5032 = ( GEOMETRIC_REPRESENTATION_CONTEXT(2) 
PARAMETRIC_REPRESENTATION_CONTEXT() REPRESENTATION_CONTEXT('2D SPACE',''
  ) );
#5033 = ORIENTED_EDGE('',*,*,#5034,.T.);
#5034 = EDGE_CURVE('',#5007,#706,#5035,.T.);
#5035 = SURFACE_CURVE('',#5036,(#5039,#5046),.PCURVE_S1.);
#5036 = B_SPLINE_CURVE_WITH_KNOTS('',1,(#5037,#5038),.UNSPECIFIED.,.F.,
  .F.,(2,2),(0.,1.),.PIECEWISE_BEZIER_KNOTS.);
#5037 = CARTESIAN_POINT('',(17.79646796354,-19.04605219135,0.));
#5038 = CARTESIAN_POINT('',(23.711775034234,-25.37670428631,102.));
#5039 = PCURVE('',#784,#5040);
#5040 = DEFINITIONAL_REPRESENTATION('',(#5041),#5045);
#5041 = LINE('',#5042,#5043);
#5042 = CARTESIAN_POINT('',(3.228192194128,0.));
#5043 = VECTOR('',#5044,1.);
#5044 = DIRECTION('',(0.,1.));
#5045 = ( GEOMETRIC_REPRESENTATION_CONTEXT(2) 
PARAMETRIC_REPRESENTATION_CONTEXT() REPRESENTATION_CONTEXT('2D SPACE',''
  ) );
#5046 = PCURVE('',#719,#5047);
#5047 = DEFINITIONAL_REPRESENTATION('',(#5048),#5052);
#5048 = LINE('',#5049,#5050);
#5049 = CARTESIAN_POINT('',(18.540237039241,0.));
#5050 = VECTOR('',#5051,1.);
#5051 = DIRECTION('',(0.,1.));
#5052 = ( GEOMETRIC_REPRESENTATION_CONTEXT(2) 
PARAMETRIC_REPRESENTATION_CONTEXT() REPRESENTATION_CONTEXT('2D SPACE',''
  ) );
#5053 = ORIENTED_EDGE('',*,*,#730,.T.);
#5054 = ORIENTED_EDGE('',*,*,#4982,.F.);
#5055 = ADVANCED_FACE('',(#5056),#719,.F.);
#5056 = FACE_BOUND('',#5057,.F.);
#5057 = EDGE_LOOP('',(#5058,#5059,#5081,#5101));
#5058 = ORIENTED_EDGE('',*,*,#5034,.F.);
#5059 = ORIENTED_EDGE('',*,*,#5060,.T.);
#5060 = EDGE_CURVE('',#5007,#5061,#5063,.T.);
#5061 = VERTEX_POINT('',#5062);
#5062 = CARTESIAN_POINT('',(17.757580555131,-18.59812662794,0.));
#5063 = SURFACE_CURVE('',#5064,(#5068,#5074),.PCURVE_S1.);
#5064 = LINE('',#5065,#5066);
#5065 = CARTESIAN_POINT('',(19.,-32.9089653438,0.));
#5066 = VECTOR('',#5067,1.);
#5067 = DIRECTION('',(-8.649133919285E-02,0.996252602629,0.));
#5068 = PCURVE('',#719,#5069);
#5069 = DEFINITIONAL_REPRESENTATION('',(#5070),#5073);
#5070 = B_SPLINE_CURVE_WITH_KNOTS('',1,(#5071,#5072),.UNSPECIFIED.,.F.,
  .F.,(2,2),(13.915058405746,14.364668838103),.PIECEWISE_BEZIER_KNOTS.);
#5071 = CARTESIAN_POINT('',(18.540237039241,0.));
#5072 = CARTESIAN_POINT('',(19.139291944232,0.));
#5073 = ( GEOMETRIC_REPRESENTATION_CONTEXT(2) 
PARAMETRIC_REPRESENTATION_CONTEXT() REPRESENTATION_CONTEXT('2D SPACE',''
  ) );
#5074 = PCURVE('',#3139,#5075);
#5075 = DEFINITIONAL_REPRESENTATION('',(#5076),#5080);
#5076 = LINE('',#5077,#5078);
#5077 = CARTESIAN_POINT('',(-6.408463004534,-39.89444363238));
#5078 = VECTOR('',#5079,1.);
#5079 = DIRECTION('',(-8.649133919285E-02,0.996252602629));
#5080 = ( GEOMETRIC_REPRESENTATION_CONTEXT(2) 
PARAMETRIC_REPRESENTATION_CONTEXT() REPRESENTATION_CONTEXT('2D SPACE',''
  ) );
#5081 = ORIENTED_EDGE('',*,*,#5082,.T.);
#5082 = EDGE_CURVE('',#5061,#609,#5083,.T.);
#5083 = SURFACE_CURVE('',#5084,(#5087,#5094),.PCURVE_S1.);
#5084 = B_SPLINE_CURVE_WITH_KNOTS('',1,(#5085,#5086),.UNSPECIFIED.,.F.,
  .F.,(2,2),(0.,1.),.PIECEWISE_BEZIER_KNOTS.);
#5085 = CARTESIAN_POINT('',(17.757580555131,-18.59812662794,0.));
#5086 = CARTESIAN_POINT('',(23.659961973252,-24.7798942781,102.));
#5087 = PCURVE('',#719,#5088);
#5088 = DEFINITIONAL_REPRESENTATION('',(#5089),#5093);
#5089 = LINE('',#5090,#5091);
#5090 = CARTESIAN_POINT('',(19.139291944232,0.));
#5091 = VECTOR('',#5092,1.);
#5092 = DIRECTION('',(0.,1.));
#5093 = ( GEOMETRIC_REPRESENTATION_CONTEXT(2) 
PARAMETRIC_REPRESENTATION_CONTEXT() REPRESENTATION_CONTEXT('2D SPACE',''
  ) );
#5094 = PCURVE('',#662,#5095);
#5095 = DEFINITIONAL_REPRESENTATION('',(#5096),#5100);
#5096 = LINE('',#5097,#5098);
#5097 = CARTESIAN_POINT('',(3.054993113051,0.));
#5098 = VECTOR('',#5099,1.);
#5099 = DIRECTION('',(0.,1.));
#5100 = ( GEOMETRIC_REPRESENTATION_CONTEXT(2) 
PARAMETRIC_REPRESENTATION_CONTEXT() REPRESENTATION_CONTEXT('2D SPACE',''
  ) );
#5101 = ORIENTED_EDGE('',*,*,#705,.T.);
#5102 = ADVANCED_FACE('',(#5103),#662,.F.);
#5103 = FACE_BOUND('',#5104,.F.);
#5104 = EDGE_LOOP('',(#5105,#5129,#5149,#5150));
#5105 = ORIENTED_EDGE('',*,*,#5106,.F.);
#5106 = EDGE_CURVE('',#5107,#5061,#5109,.T.);
#5107 = VERTEX_POINT('',#5108);
#5108 = CARTESIAN_POINT('',(18.588942117311,-17.52532349992,0.));
#5109 = SURFACE_CURVE('',#5110,(#5115,#5122),.PCURVE_S1.);
#5110 = CIRCLE('',#5111,1.);
#5111 = AXIS2_PLACEMENT_3D('',#5112,#5113,#5114);
#5112 = CARTESIAN_POINT('',(18.753833157759,-18.51163528875,0.));
#5113 = DIRECTION('',(0.,0.,1.));
#5114 = DIRECTION('',(1.,0.,0.));
#5115 = PCURVE('',#662,#5116);
#5116 = DEFINITIONAL_REPRESENTATION('',(#5117),#5121);
#5117 = LINE('',#5118,#5119);
#5118 = CARTESIAN_POINT('',(6.28318530718,0.));
#5119 = VECTOR('',#5120,1.);
#5120 = DIRECTION('',(-1.,0.));
#5121 = ( GEOMETRIC_REPRESENTATION_CONTEXT(2) 
PARAMETRIC_REPRESENTATION_CONTEXT() REPRESENTATION_CONTEXT('2D SPACE',''
  ) );
#5122 = PCURVE('',#3139,#5123);
#5123 = DEFINITIONAL_REPRESENTATION('',(#5124),#5128);
#5124 = CIRCLE('',#5125,1.);
#5125 = AXIS2_PLACEMENT_2D('',#5126,#5127);
#5126 = CARTESIAN_POINT('',(-6.654629846775,-25.49711357733));
#5127 = DIRECTION('',(1.,0.));
#5128 = ( GEOMETRIC_REPRESENTATION_CONTEXT(2) 
PARAMETRIC_REPRESENTATION_CONTEXT() REPRESENTATION_CONTEXT('2D SPACE',''
  ) );
#5129 = ORIENTED_EDGE('',*,*,#5130,.T.);
#5130 = EDGE_CURVE('',#5107,#584,#5131,.T.);
#5131 = SURFACE_CURVE('',#5132,(#5135,#5142),.PCURVE_S1.);
#5132 = B_SPLINE_CURVE_WITH_KNOTS('',1,(#5133,#5134),.UNSPECIFIED.,.F.,
  .F.,(2,2),(0.,1.),.PIECEWISE_BEZIER_KNOTS.);
#5133 = CARTESIAN_POINT('',(18.588942117311,-17.52532349992,0.));
#5134 = CARTESIAN_POINT('',(24.767656959409,-23.35050579046,102.));
#5135 = PCURVE('',#662,#5136);
#5136 = DEFINITIONAL_REPRESENTATION('',(#5137),#5141);
#5137 = LINE('',#5138,#5139);
#5138 = CARTESIAN_POINT('',(4.546741441807,0.));
#5139 = VECTOR('',#5140,1.);
#5140 = DIRECTION('',(0.,1.));
#5141 = ( GEOMETRIC_REPRESENTATION_CONTEXT(2) 
PARAMETRIC_REPRESENTATION_CONTEXT() REPRESENTATION_CONTEXT('2D SPACE',''
  ) );
#5142 = PCURVE('',#597,#5143);
#5143 = DEFINITIONAL_REPRESENTATION('',(#5144),#5148);
#5144 = LINE('',#5145,#5146);
#5145 = CARTESIAN_POINT('',(1.231017795392,0.));
#5146 = VECTOR('',#5147,1.);
#5147 = DIRECTION('',(0.,1.));
#5148 = ( GEOMETRIC_REPRESENTATION_CONTEXT(2) 
PARAMETRIC_REPRESENTATION_CONTEXT() REPRESENTATION_CONTEXT('2D SPACE',''
  ) );
#5149 = ORIENTED_EDGE('',*,*,#608,.T.);
#5150 = ORIENTED_EDGE('',*,*,#5082,.F.);
#5151 = ADVANCED_FACE('',(#5152),#597,.F.);
#5152 = FACE_BOUND('',#5153,.F.);
#5153 = EDGE_LOOP('',(#5154,#5155,#5177,#5197));
#5154 = ORIENTED_EDGE('',*,*,#5130,.F.);
#5155 = ORIENTED_EDGE('',*,*,#5156,.T.);
#5156 = EDGE_CURVE('',#5107,#5157,#5159,.T.);
#5157 = VERTEX_POINT('',#5158);
#5158 = CARTESIAN_POINT('',(19.933099918008,-17.30060796798,0.));
#5159 = SURFACE_CURVE('',#5160,(#5164,#5170),.PCURVE_S1.);
#5160 = LINE('',#5161,#5162);
#5161 = CARTESIAN_POINT('',(17.677669529664,-17.67766952966,0.));
#5162 = VECTOR('',#5163,1.);
#5163 = DIRECTION('',(0.986311788827,0.164891040448,0.));
#5164 = PCURVE('',#597,#5165);
#5165 = DEFINITIONAL_REPRESENTATION('',(#5166),#5169);
#5166 = B_SPLINE_CURVE_WITH_KNOTS('',1,(#5167,#5168),.UNSPECIFIED.,.F.,
  .F.,(2,2),(0.923919391383,2.286731654121),.PIECEWISE_BEZIER_KNOTS.);
#5167 = CARTESIAN_POINT('',(1.231017795392,0.));
#5168 = CARTESIAN_POINT('',(3.046810561358,0.));
#5169 = ( GEOMETRIC_REPRESENTATION_CONTEXT(2) 
PARAMETRIC_REPRESENTATION_CONTEXT() REPRESENTATION_CONTEXT('2D SPACE',''
  ) );
#5170 = PCURVE('',#3139,#5171);
#5171 = DEFINITIONAL_REPRESENTATION('',(#5172),#5176);
#5172 = LINE('',#5173,#5174);
#5173 = CARTESIAN_POINT('',(-7.730793474871,-24.66314781824));
#5174 = VECTOR('',#5175,1.);
#5175 = DIRECTION('',(0.986311788827,0.164891040448));
#5176 = ( GEOMETRIC_REPRESENTATION_CONTEXT(2) 
PARAMETRIC_REPRESENTATION_CONTEXT() REPRESENTATION_CONTEXT('2D SPACE',''
  ) );
#5177 = ORIENTED_EDGE('',*,*,#5178,.T.);
#5178 = EDGE_CURVE('',#5157,#485,#5179,.T.);
#5179 = SURFACE_CURVE('',#5180,(#5183,#5190),.PCURVE_S1.);
#5180 = B_SPLINE_CURVE_WITH_KNOTS('',1,(#5181,#5182),.UNSPECIFIED.,.F.,
  .F.,(2,2),(0.,1.),.PIECEWISE_BEZIER_KNOTS.);
#5181 = CARTESIAN_POINT('',(19.933099918008,-17.30060796798,0.));
#5182 = CARTESIAN_POINT('',(26.558594770549,-23.05109783204,102.));
#5183 = PCURVE('',#597,#5184);
#5184 = DEFINITIONAL_REPRESENTATION('',(#5185),#5189);
#5185 = LINE('',#5186,#5187);
#5186 = CARTESIAN_POINT('',(3.046810561358,0.));
#5187 = VECTOR('',#5188,1.);
#5188 = DIRECTION('',(0.,1.));
#5189 = ( GEOMETRIC_REPRESENTATION_CONTEXT(2) 
PARAMETRIC_REPRESENTATION_CONTEXT() REPRESENTATION_CONTEXT('2D SPACE',''
  ) );
#5190 = PCURVE('',#538,#5191);
#5191 = DEFINITIONAL_REPRESENTATION('',(#5192),#5196);
#5192 = LINE('',#5193,#5194);
#5193 = CARTESIAN_POINT('',(1.736443865372,0.));
#5194 = VECTOR('',#5195,1.);
#5195 = DIRECTION('',(0.,1.));
#5196 = ( GEOMETRIC_REPRESENTATION_CONTEXT(2) 
PARAMETRIC_REPRESENTATION_CONTEXT() REPRESENTATION_CONTEXT('2D SPACE',''
  ) );
#5197 = ORIENTED_EDGE('',*,*,#583,.T.);
#5198 = ADVANCED_FACE('',(#5199),#538,.F.);
#5199 = FACE_BOUND('',#5200,.F.);
#5200 = EDGE_LOOP('',(#5201,#5229,#5249,#5250));
#5201 = ORIENTED_EDGE('',*,*,#5202,.F.);
#5202 = EDGE_CURVE('',#5203,#5157,#5205,.T.);
#5203 = VERTEX_POINT('',#5204);
#5204 = CARTESIAN_POINT('',(24.949315960198,-8.612266921174,0.));
#5205 = SURFACE_CURVE('',#5206,(#5211,#5218),.PCURVE_S1.);
#5206 = CIRCLE('',#5207,6.5);
#5207 = AXIS2_PLACEMENT_3D('',#5208,#5209,#5210);
#5208 = CARTESIAN_POINT('',(18.861308155093,-10.88958134061,0.));
#5209 = DIRECTION('',(0.,0.,-1.));
#5210 = DIRECTION('',(-1.,0.,0.));
#5211 = PCURVE('',#538,#5212);
#5212 = DEFINITIONAL_REPRESENTATION('',(#5213),#5217);
#5213 = LINE('',#5214,#5215);
#5214 = CARTESIAN_POINT('',(6.28318530718,0.));
#5215 = VECTOR('',#5216,1.);
#5216 = DIRECTION('',(-1.,0.));
#5217 = ( GEOMETRIC_REPRESENTATION_CONTEXT(2) 
PARAMETRIC_REPRESENTATION_CONTEXT() REPRESENTATION_CONTEXT('2D SPACE',''
  ) );
#5218 = PCURVE('',#3139,#5219);
#5219 = DEFINITIONAL_REPRESENTATION('',(#5220),#5228);
#5220 = ( BOUNDED_CURVE() B_SPLINE_CURVE(2,(#5221,#5222,#5223,#5224,
#5225,#5226,#5227),.UNSPECIFIED.,.T.,.F.) B_SPLINE_CURVE_WITH_KNOTS((1,2
    ,2,2,2,1),(-2.094395102393,0.,2.094395102393,4.188790204786,
6.28318530718,8.377580409573),.UNSPECIFIED.) CURVE() 
GEOMETRIC_REPRESENTATION_ITEM() RATIONAL_B_SPLINE_CURVE((1.,0.5,1.,0.5,
1.,0.5,1.)) REPRESENTATION_ITEM('') );
#5221 = CARTESIAN_POINT('',(-13.04715484944,-17.87505962918));
#5222 = CARTESIAN_POINT('',(-13.04715484944,-6.616729379991));
#5223 = CARTESIAN_POINT('',(-3.297154849441,-12.24589450458));
#5224 = CARTESIAN_POINT('',(6.452845150559,-17.87505962918));
#5225 = CARTESIAN_POINT('',(-3.297154849441,-23.50422475378));
#5226 = CARTESIAN_POINT('',(-13.04715484944,-29.13338987838));
#5227 = CARTESIAN_POINT('',(-13.04715484944,-17.87505962918));
#5228 = ( GEOMETRIC_REPRESENTATION_CONTEXT(2) 
PARAMETRIC_REPRESENTATION_CONTEXT() REPRESENTATION_CONTEXT('2D SPACE',''
  ) );
#5229 = ORIENTED_EDGE('',*,*,#5230,.T.);
#5230 = EDGE_CURVE('',#5203,#460,#5231,.T.);
#5231 = SURFACE_CURVE('',#5232,(#5235,#5242),.PCURVE_S1.);
#5232 = B_SPLINE_CURVE_WITH_KNOTS('',1,(#5233,#5234),.UNSPECIFIED.,.F.,
  .F.,(2,2),(0.,1.),.PIECEWISE_BEZIER_KNOTS.);
#5233 = CARTESIAN_POINT('',(24.949315960198,-8.612266921174,0.));
#5234 = CARTESIAN_POINT('',(33.242133692947,-11.47486884408,102.));
#5235 = PCURVE('',#538,#5236);
#5236 = DEFINITIONAL_REPRESENTATION('',(#5237),#5241);
#5237 = LINE('',#5238,#5239);
#5238 = CARTESIAN_POINT('',(3.499543890611,0.));
#5239 = VECTOR('',#5240,1.);
#5240 = DIRECTION('',(0.,1.));
#5241 = ( GEOMETRIC_REPRESENTATION_CONTEXT(2) 
PARAMETRIC_REPRESENTATION_CONTEXT() REPRESENTATION_CONTEXT('2D SPACE',''
  ) );
#5242 = PCURVE('',#473,#5243);
#5243 = DEFINITIONAL_REPRESENTATION('',(#5244),#5248);
#5244 = LINE('',#5245,#5246);
#5245 = CARTESIAN_POINT('',(10.509440621469,0.));
#5246 = VECTOR('',#5247,1.);
#5247 = DIRECTION('',(0.,1.));
#5248 = ( GEOMETRIC_REPRESENTATION_CONTEXT(2) 
PARAMETRIC_REPRESENTATION_CONTEXT() REPRESENTATION_CONTEXT('2D SPACE',''
  ) );
#5249 = ORIENTED_EDGE('',*,*,#484,.T.);
#5250 = ORIENTED_EDGE('',*,*,#5178,.F.);
#5251 = ADVANCED_FACE('',(#5252),#473,.F.);
#5252 = FACE_BOUND('',#5253,.F.);
#5253 = EDGE_LOOP('',(#5254,#5255,#5277,#5297));
#5254 = ORIENTED_EDGE('',*,*,#5230,.F.);
#5255 = ORIENTED_EDGE('',*,*,#5256,.T.);
#5256 = EDGE_CURVE('',#5203,#5257,#5259,.T.);
#5257 = VERTEX_POINT('',#5258);
#5258 = CARTESIAN_POINT('',(24.471846419134,-7.335834353106,0.));
#5259 = SURFACE_CURVE('',#5260,(#5264,#5270),.PCURVE_S1.);
#5260 = LINE('',#5261,#5262);
#5261 = CARTESIAN_POINT('',(27.712812921102,-16.,0.));
#5262 = VECTOR('',#5263,1.);
#5263 = DIRECTION('',(-0.350356064529,0.936616585401,0.));
#5264 = PCURVE('',#473,#5265);
#5265 = DEFINITIONAL_REPRESENTATION('',(#5266),#5269);
#5266 = B_SPLINE_CURVE_WITH_KNOTS('',1,(#5267,#5268),.UNSPECIFIED.,.F.,
  .F.,(2,2),(7.887681249702,9.25049351244),.PIECEWISE_BEZIER_KNOTS.);
#5267 = CARTESIAN_POINT('',(10.509440621469,0.));
#5268 = CARTESIAN_POINT('',(12.325233387434,0.));
#5269 = ( GEOMETRIC_REPRESENTATION_CONTEXT(2) 
PARAMETRIC_REPRESENTATION_CONTEXT() REPRESENTATION_CONTEXT('2D SPACE',''
  ) );
#5270 = PCURVE('',#3139,#5271);
#5271 = DEFINITIONAL_REPRESENTATION('',(#5272),#5276);
#5272 = LINE('',#5273,#5274);
#5273 = CARTESIAN_POINT('',(2.304349916568,-22.98547828857));
#5274 = VECTOR('',#5275,1.);
#5275 = DIRECTION('',(-0.350356064529,0.936616585401));
#5276 = ( GEOMETRIC_REPRESENTATION_CONTEXT(2) 
PARAMETRIC_REPRESENTATION_CONTEXT() REPRESENTATION_CONTEXT('2D SPACE',''
  ) );
#5277 = ORIENTED_EDGE('',*,*,#5278,.T.);
#5278 = EDGE_CURVE('',#5257,#363,#5279,.T.);
#5279 = SURFACE_CURVE('',#5280,(#5283,#5290),.PCURVE_S1.);
#5280 = B_SPLINE_CURVE_WITH_KNOTS('',1,(#5281,#5282),.UNSPECIFIED.,.F.,
  .F.,(2,2),(0.,1.),.PIECEWISE_BEZIER_KNOTS.);
#5281 = CARTESIAN_POINT('',(24.471846419134,-7.335834353106,0.));
#5282 = CARTESIAN_POINT('',(32.605959685463,-9.774167223834,102.));
#5283 = PCURVE('',#473,#5284);
#5284 = DEFINITIONAL_REPRESENTATION('',(#5285),#5289);
#5285 = LINE('',#5286,#5287);
#5286 = CARTESIAN_POINT('',(12.325233387434,0.));
#5287 = VECTOR('',#5288,1.);
#5288 = DIRECTION('',(0.,1.));
#5289 = ( GEOMETRIC_REPRESENTATION_CONTEXT(2) 
PARAMETRIC_REPRESENTATION_CONTEXT() REPRESENTATION_CONTEXT('2D SPACE',''
  ) );
#5290 = PCURVE('',#416,#5291);
#5291 = DEFINITIONAL_REPRESENTATION('',(#5292),#5296);
#5292 = LINE('',#5293,#5294);
#5293 = CARTESIAN_POINT('',(2.783641416569,0.));
#5294 = VECTOR('',#5295,1.);
#5295 = DIRECTION('',(0.,1.));
#5296 = ( GEOMETRIC_REPRESENTATION_CONTEXT(2) 
PARAMETRIC_REPRESENTATION_CONTEXT() REPRESENTATION_CONTEXT('2D SPACE',''
  ) );
#5297 = ORIENTED_EDGE('',*,*,#459,.T.);
#5298 = ADVANCED_FACE('',(#5299),#416,.F.);
#5299 = FACE_BOUND('',#5300,.F.);
#5300 = EDGE_LOOP('',(#5301,#5325,#5345,#5346));
#5301 = ORIENTED_EDGE('',*,*,#5302,.F.);
#5302 = EDGE_CURVE('',#5303,#5257,#5305,.T.);
#5303 = VERTEX_POINT('',#5304);
#5304 = CARTESIAN_POINT('',(24.985240400168,-6.079452556518,0.));
#5305 = SURFACE_CURVE('',#5306,(#5311,#5318),.PCURVE_S1.);
#5306 = CIRCLE('',#5307,1.);
#5307 = AXIS2_PLACEMENT_3D('',#5308,#5309,#5310);
#5308 = CARTESIAN_POINT('',(25.408463004534,-6.985478288577,0.));
#5309 = DIRECTION('',(0.,0.,1.));
#5310 = DIRECTION('',(1.,0.,0.));
#5311 = PCURVE('',#416,#5312);
#5312 = DEFINITIONAL_REPRESENTATION('',(#5313),#5317);
#5313 = LINE('',#5314,#5315);
#5314 = CARTESIAN_POINT('',(6.28318530718,0.));
#5315 = VECTOR('',#5316,1.);
#5316 = DIRECTION('',(-1.,0.));
#5317 = ( GEOMETRIC_REPRESENTATION_CONTEXT(2) 
PARAMETRIC_REPRESENTATION_CONTEXT() REPRESENTATION_CONTEXT('2D SPACE',''
  ) );
#5318 = PCURVE('',#3139,#5319);
#5319 = DEFINITIONAL_REPRESENTATION('',(#5320),#5324);
#5320 = CIRCLE('',#5321,1.);
#5321 = AXIS2_PLACEMENT_2D('',#5322,#5323);
#5322 = CARTESIAN_POINT('',(-7.105427357601E-15,-13.97095657715));
#5323 = DIRECTION('',(1.,0.));
#5324 = ( GEOMETRIC_REPRESENTATION_CONTEXT(2) 
PARAMETRIC_REPRESENTATION_CONTEXT() REPRESENTATION_CONTEXT('2D SPACE',''
  ) );
#5325 = ORIENTED_EDGE('',*,*,#5326,.T.);
#5326 = EDGE_CURVE('',#5303,#338,#5327,.T.);
#5327 = SURFACE_CURVE('',#5328,(#5331,#5338),.PCURVE_S1.);
#5328 = B_SPLINE_CURVE_WITH_KNOTS('',1,(#5329,#5330),.UNSPECIFIED.,.F.,
  .F.,(2,2),(0.,1.),.PIECEWISE_BEZIER_KNOTS.);
#5329 = CARTESIAN_POINT('',(24.985240400168,-6.079452556518,0.));
#5330 = CARTESIAN_POINT('',(33.289998934553,-8.10018098236,102.));
#5331 = PCURVE('',#416,#5332);
#5332 = DEFINITIONAL_REPRESENTATION('',(#5333),#5337);
#5333 = LINE('',#5334,#5335);
#5334 = CARTESIAN_POINT('',(4.275389745325,0.));
#5335 = VECTOR('',#5336,1.);
#5336 = DIRECTION('',(0.,1.));
#5337 = ( GEOMETRIC_REPRESENTATION_CONTEXT(2) 
PARAMETRIC_REPRESENTATION_CONTEXT() REPRESENTATION_CONTEXT('2D SPACE',''
  ) );
#5338 = PCURVE('',#351,#5339);
#5339 = DEFINITIONAL_REPRESENTATION('',(#5340),#5344);
#5340 = LINE('',#5341,#5342);
#5341 = CARTESIAN_POINT('',(1.231017795392,0.));
#5342 = VECTOR('',#5343,1.);
#5343 = DIRECTION('',(0.,1.));
#5344 = ( GEOMETRIC_REPRESENTATION_CONTEXT(2) 
PARAMETRIC_REPRESENTATION_CONTEXT() REPRESENTATION_CONTEXT('2D SPACE',''
  ) );
#5345 = ORIENTED_EDGE('',*,*,#362,.T.);
#5346 = ORIENTED_EDGE('',*,*,#5278,.F.);
#5347 = ADVANCED_FACE('',(#5348),#351,.F.);
#5348 = FACE_BOUND('',#5349,.F.);
#5349 = EDGE_LOOP('',(#5350,#5351,#5373,#5393));
#5350 = ORIENTED_EDGE('',*,*,#5326,.F.);
#5351 = ORIENTED_EDGE('',*,*,#5352,.T.);
#5352 = EDGE_CURVE('',#5303,#5353,#5355,.T.);
#5353 = VERTEX_POINT('',#5354);
#5354 = CARTESIAN_POINT('',(25.392599021286,-5.889167258386,0.));
#5355 = SURFACE_CURVE('',#5356,(#5360,#5366),.PCURVE_S1.);
#5356 = LINE('',#5357,#5358);
#5357 = CARTESIAN_POINT('',(24.148145657227,-6.470476127563,0.));
#5358 = VECTOR('',#5359,1.);
#5359 = DIRECTION('',(0.906025732059,0.423222604366,0.));
#5360 = PCURVE('',#351,#5361);
#5361 = DEFINITIONAL_REPRESENTATION('',(#5362),#5365);
#5362 = B_SPLINE_CURVE_WITH_KNOTS('',1,(#5363,#5364),.UNSPECIFIED.,.F.,
  .F.,(2,2),(0.923919391383,1.37352982374),.PIECEWISE_BEZIER_KNOTS.);
#5363 = CARTESIAN_POINT('',(1.231017795392,0.));
#5364 = CARTESIAN_POINT('',(1.830072700383,0.));
#5365 = ( GEOMETRIC_REPRESENTATION_CONTEXT(2) 
PARAMETRIC_REPRESENTATION_CONTEXT() REPRESENTATION_CONTEXT('2D SPACE',''
  ) );
#5366 = PCURVE('',#3139,#5367);
#5367 = DEFINITIONAL_REPRESENTATION('',(#5368),#5372);
#5368 = LINE('',#5369,#5370);
#5369 = CARTESIAN_POINT('',(-1.260317347308,-13.45595441614));
#5370 = VECTOR('',#5371,1.);
#5371 = DIRECTION('',(0.906025732059,0.423222604366));
#5372 = ( GEOMETRIC_REPRESENTATION_CONTEXT(2) 
PARAMETRIC_REPRESENTATION_CONTEXT() REPRESENTATION_CONTEXT('2D SPACE',''
  ) );
#5373 = ORIENTED_EDGE('',*,*,#5374,.T.);
#5374 = EDGE_CURVE('',#5353,#237,#5375,.T.);
#5375 = SURFACE_CURVE('',#5376,(#5379,#5386),.PCURVE_S1.);
#5376 = B_SPLINE_CURVE_WITH_KNOTS('',1,(#5377,#5378),.UNSPECIFIED.,.F.,
  .F.,(2,2),(0.,1.),.PIECEWISE_BEZIER_KNOTS.);
#5377 = CARTESIAN_POINT('',(25.392599021286,-5.889167258386,0.));
#5378 = CARTESIAN_POINT('',(33.832758093391,-7.846647405311,102.));
#5379 = PCURVE('',#351,#5380);
#5380 = DEFINITIONAL_REPRESENTATION('',(#5381),#5385);
#5381 = LINE('',#5382,#5383);
#5382 = CARTESIAN_POINT('',(1.830072700383,0.));
#5383 = VECTOR('',#5384,1.);
#5384 = DIRECTION('',(0.,1.));
#5385 = ( GEOMETRIC_REPRESENTATION_CONTEXT(2) 
PARAMETRIC_REPRESENTATION_CONTEXT() REPRESENTATION_CONTEXT('2D SPACE',''
  ) );
#5386 = PCURVE('',#290,#5387);
#5387 = DEFINITIONAL_REPRESENTATION('',(#5388),#5392);
#5388 = LINE('',#5389,#5390);
#5389 = CARTESIAN_POINT('',(2.007795561855,0.));
#5390 = VECTOR('',#5391,1.);
#5391 = DIRECTION('',(0.,1.));
#5392 = ( GEOMETRIC_REPRESENTATION_CONTEXT(2) 
PARAMETRIC_REPRESENTATION_CONTEXT() REPRESENTATION_CONTEXT('2D SPACE',''
  ) );
#5393 = ORIENTED_EDGE('',*,*,#337,.T.);
#5394 = ADVANCED_FACE('',(#5395),#290,.F.);
#5395 = FACE_BOUND('',#5396,.F.);
#5396 = EDGE_LOOP('',(#5397,#5425,#5445,#5446));
#5397 = ORIENTED_EDGE('',*,*,#5398,.F.);
#5398 = EDGE_CURVE('',#5399,#5353,#5401,.T.);
#5399 = VERTEX_POINT('',#5400);
#5400 = CARTESIAN_POINT('',(25.392599021286,5.889167258386,0.));
#5401 = SURFACE_CURVE('',#5402,(#5407,#5414),.PCURVE_S1.);
#5402 = CIRCLE('',#5403,6.5);
#5403 = AXIS2_PLACEMENT_3D('',#5404,#5405,#5406);
#5404 = CARTESIAN_POINT('',(22.641652092906,-7.993605777301E-15,0.));
#5405 = DIRECTION('',(0.,0.,-1.));
#5406 = DIRECTION('',(-1.,0.,0.));
#5407 = PCURVE('',#290,#5408);
#5408 = DEFINITIONAL_REPRESENTATION('',(#5409),#5413);
#5409 = LINE('',#5410,#5411);
#5410 = CARTESIAN_POINT('',(6.28318530718,0.));
#5411 = VECTOR('',#5412,1.);
#5412 = DIRECTION('',(-1.,0.));
#5413 = ( GEOMETRIC_REPRESENTATION_CONTEXT(2) 
PARAMETRIC_REPRESENTATION_CONTEXT() REPRESENTATION_CONTEXT('2D SPACE',''
  ) );
#5414 = PCURVE('',#3139,#5415);
#5415 = DEFINITIONAL_REPRESENTATION('',(#5416),#5424);
#5416 = ( BOUNDED_CURVE() B_SPLINE_CURVE(2,(#5417,#5418,#5419,#5420,
#5421,#5422,#5423),.UNSPECIFIED.,.T.,.F.) B_SPLINE_CURVE_WITH_KNOTS((1,2
    ,2,2,2,1),(-2.094395102393,0.,2.094395102393,4.188790204786,
6.28318530718,8.377580409573),.UNSPECIFIED.) CURVE() 
GEOMETRIC_REPRESENTATION_ITEM() RATIONAL_B_SPLINE_CURVE((1.,0.5,1.,0.5,
1.,0.5,1.)) REPRESENTATION_ITEM('') );
#5417 = CARTESIAN_POINT('',(-9.266810911628,-6.985478288577));
#5418 = CARTESIAN_POINT('',(-9.266810911628,4.272851960621));
#5419 = CARTESIAN_POINT('',(0.483189088372,-1.356313163978));
#5420 = CARTESIAN_POINT('',(10.233189088372,-6.985478288577));
#5421 = CARTESIAN_POINT('',(0.483189088372,-12.61464341317));
#5422 = CARTESIAN_POINT('',(-9.266810911628,-18.24380853777));
#5423 = CARTESIAN_POINT('',(-9.266810911628,-6.985478288577));
#5424 = ( GEOMETRIC_REPRESENTATION_CONTEXT(2) 
PARAMETRIC_REPRESENTATION_CONTEXT() REPRESENTATION_CONTEXT('2D SPACE',''
  ) );
#5425 = ORIENTED_EDGE('',*,*,#5426,.T.);
#5426 = EDGE_CURVE('',#5399,#212,#5427,.T.);
#5427 = SURFACE_CURVE('',#5428,(#5431,#5438),.PCURVE_S1.);
#5428 = B_SPLINE_CURVE_WITH_KNOTS('',1,(#5429,#5430),.UNSPECIFIED.,.F.,
  .F.,(2,2),(0.,1.),.PIECEWISE_BEZIER_KNOTS.);
#5429 = CARTESIAN_POINT('',(25.392599021286,5.889167258386,0.));
#5430 = CARTESIAN_POINT('',(33.832758093391,7.846647405311,102.));
#5431 = PCURVE('',#290,#5432);
#5432 = DEFINITIONAL_REPRESENTATION('',(#5433),#5437);
#5433 = LINE('',#5434,#5435);
#5434 = CARTESIAN_POINT('',(4.275389745325,0.));
#5435 = VECTOR('',#5436,1.);
#5436 = DIRECTION('',(0.,1.));
#5437 = ( GEOMETRIC_REPRESENTATION_CONTEXT(2) 
PARAMETRIC_REPRESENTATION_CONTEXT() REPRESENTATION_CONTEXT('2D SPACE',''
  ) );
#5438 = PCURVE('',#225,#5439);
#5439 = DEFINITIONAL_REPRESENTATION('',(#5440),#5444);
#5440 = LINE('',#5441,#5442);
#5441 = CARTESIAN_POINT('',(18.540237039241,0.));
#5442 = VECTOR('',#5443,1.);
#5443 = DIRECTION('',(0.,1.));
#5444 = ( GEOMETRIC_REPRESENTATION_CONTEXT(2) 
PARAMETRIC_REPRESENTATION_CONTEXT() REPRESENTATION_CONTEXT('2D SPACE',''
  ) );
#5445 = ORIENTED_EDGE('',*,*,#236,.T.);
#5446 = ORIENTED_EDGE('',*,*,#5374,.F.);
#5447 = ADVANCED_FACE('',(#5448),#225,.F.);
#5448 = FACE_BOUND('',#5449,.F.);
#5449 = EDGE_LOOP('',(#5450,#5451,#5471,#5472));
#5450 = ORIENTED_EDGE('',*,*,#5426,.F.);
#5451 = ORIENTED_EDGE('',*,*,#5452,.T.);
#5452 = EDGE_CURVE('',#5399,#3123,#5453,.T.);
#5453 = SURFACE_CURVE('',#5454,(#5458,#5464),.PCURVE_S1.);
#5454 = LINE('',#5455,#5456);
#5455 = CARTESIAN_POINT('',(38.,8.881784197001E-16,0.));
#5456 = VECTOR('',#5457,1.);
#5457 = DIRECTION('',(-0.906025732059,0.423222604366,0.));
#5458 = PCURVE('',#225,#5459);
#5459 = DEFINITIONAL_REPRESENTATION('',(#5460),#5463);
#5460 = B_SPLINE_CURVE_WITH_KNOTS('',1,(#5461,#5462),.UNSPECIFIED.,.F.,
  .F.,(2,2),(13.915058405746,14.364668838103),.PIECEWISE_BEZIER_KNOTS.);
#5461 = CARTESIAN_POINT('',(18.540237039241,0.));
#5462 = CARTESIAN_POINT('',(19.139291944232,0.));
#5463 = ( GEOMETRIC_REPRESENTATION_CONTEXT(2) 
PARAMETRIC_REPRESENTATION_CONTEXT() REPRESENTATION_CONTEXT('2D SPACE',''
  ) );
#5464 = PCURVE('',#3139,#5465);
#5465 = DEFINITIONAL_REPRESENTATION('',(#5466),#5470);
#5466 = LINE('',#5467,#5468);
#5467 = CARTESIAN_POINT('',(12.591536995466,-6.985478288577));
#5468 = VECTOR('',#5469,1.);
#5469 = DIRECTION('',(-0.906025732059,0.423222604366));
#5470 = ( GEOMETRIC_REPRESENTATION_CONTEXT(2) 
PARAMETRIC_REPRESENTATION_CONTEXT() REPRESENTATION_CONTEXT('2D SPACE',''
  ) );
#5471 = ORIENTED_EDGE('',*,*,#3172,.T.);
#5472 = ORIENTED_EDGE('',*,*,#211,.T.);
#5473 = ADVANCED_FACE('',(#5474),#3105,.F.);
#5474 = FACE_BOUND('',#5475,.F.);
#5475 = EDGE_LOOP('',(#5476,#5500,#5521,#5522));
#5476 = ORIENTED_EDGE('',*,*,#5477,.F.);
#5477 = EDGE_CURVE('',#5478,#5478,#5480,.T.);
#5478 = VERTEX_POINT('',#5479);
#5479 = CARTESIAN_POINT('',(1.,-2.449293598295E-16,0.));
#5480 = SURFACE_CURVE('',#5481,(#5486,#5493),.PCURVE_S1.);
#5481 = CIRCLE('',#5482,1.);
#5482 = AXIS2_PLACEMENT_3D('',#5483,#5484,#5485);
#5483 = CARTESIAN_POINT('',(0.,0.,0.));
#5484 = DIRECTION('',(0.,0.,1.));
#5485 = DIRECTION('',(1.,0.,-0.));
#5486 = PCURVE('',#3105,#5487);
#5487 = DEFINITIONAL_REPRESENTATION('',(#5488),#5492);
#5488 = LINE('',#5489,#5490);
#5489 = CARTESIAN_POINT('',(0.,16.));
#5490 = VECTOR('',#5491,1.);
#5491 = DIRECTION('',(1.,0.));
#5492 = ( GEOMETRIC_REPRESENTATION_CONTEXT(2) 
PARAMETRIC_REPRESENTATION_CONTEXT() REPRESENTATION_CONTEXT('2D SPACE',''
  ) );
#5493 = PCURVE('',#3139,#5494);
#5494 = DEFINITIONAL_REPRESENTATION('',(#5495),#5499);
#5495 = CIRCLE('',#5496,1.);
#5496 = AXIS2_PLACEMENT_2D('',#5497,#5498);
#5497 = CARTESIAN_POINT('',(-25.40846300453,-6.985478288577));
#5498 = DIRECTION('',(1.,0.));
#5499 = ( GEOMETRIC_REPRESENTATION_CONTEXT(2) 
PARAMETRIC_REPRESENTATION_CONTEXT() REPRESENTATION_CONTEXT('2D SPACE',''
  ) );
#5500 = ORIENTED_EDGE('',*,*,#5501,.F.);
#5501 = EDGE_CURVE('',#3089,#5478,#5502,.T.);
#5502 = SEAM_CURVE('',#5503,(#5507,#5514),.PCURVE_S1.);
#5503 = LINE('',#5504,#5505);
#5504 = CARTESIAN_POINT('',(1.,-2.449293598295E-16,-16.));
#5505 = VECTOR('',#5506,1.);
#5506 = DIRECTION('',(0.,0.,1.));
#5507 = PCURVE('',#3105,#5508);
#5508 = DEFINITIONAL_REPRESENTATION('',(#5509),#5513);
#5509 = LINE('',#5510,#5511);
#5510 = CARTESIAN_POINT('',(6.28318530718,-0.));
#5511 = VECTOR('',#5512,1.);
#5512 = DIRECTION('',(0.,1.));
#5513 = ( GEOMETRIC_REPRESENTATION_CONTEXT(2) 
PARAMETRIC_REPRESENTATION_CONTEXT() REPRESENTATION_CONTEXT('2D SPACE',''
  ) );
#5514 = PCURVE('',#3105,#5515);
#5515 = DEFINITIONAL_REPRESENTATION('',(#5516),#5520);
#5516 = LINE('',#5517,#5518);
#5517 = CARTESIAN_POINT('',(0.,-0.));
#5518 = VECTOR('',#5519,1.);
#5519 = DIRECTION('',(0.,1.));
#5520 = ( GEOMETRIC_REPRESENTATION_CONTEXT(2) 
PARAMETRIC_REPRESENTATION_CONTEXT() REPRESENTATION_CONTEXT('2D SPACE',''
  ) );
#5521 = ORIENTED_EDGE('',*,*,#3088,.T.);
#5522 = ORIENTED_EDGE('',*,*,#5501,.T.);
#5523 = ADVANCED_FACE('',(#5524,#5574),#3139,.T.);
#5524 = FACE_BOUND('',#5525,.T.);
#5525 = EDGE_LOOP('',(#5526,#5527,#5528,#5529,#5530,#5531,#5532,#5533,
    #5534,#5535,#5536,#5537,#5538,#5539,#5540,#5541,#5542,#5543,#5544,
    #5545,#5546,#5547,#5548,#5549,#5550,#5551,#5552,#5553,#5554,#5555,
    #5556,#5557,#5558,#5559,#5560,#5561,#5562,#5563,#5564,#5565,#5566,
    #5567,#5568,#5569,#5570,#5571,#5572,#5573));
#5526 = ORIENTED_EDGE('',*,*,#5452,.T.);
#5527 = ORIENTED_EDGE('',*,*,#3120,.F.);
#5528 = ORIENTED_EDGE('',*,*,#3196,.T.);
#5529 = ORIENTED_EDGE('',*,*,#3242,.F.);
#5530 = ORIENTED_EDGE('',*,*,#3296,.T.);
#5531 = ORIENTED_EDGE('',*,*,#3342,.F.);
#5532 = ORIENTED_EDGE('',*,*,#3392,.T.);
#5533 = ORIENTED_EDGE('',*,*,#3438,.F.);
#5534 = ORIENTED_EDGE('',*,*,#3492,.T.);
#5535 = ORIENTED_EDGE('',*,*,#3538,.F.);
#5536 = ORIENTED_EDGE('',*,*,#3588,.T.);
#5537 = ORIENTED_EDGE('',*,*,#3634,.F.);
#5538 = ORIENTED_EDGE('',*,*,#3688,.T.);
#5539 = ORIENTED_EDGE('',*,*,#3734,.F.);
#5540 = ORIENTED_EDGE('',*,*,#3784,.T.);
#5541 = ORIENTED_EDGE('',*,*,#3830,.F.);
#5542 = ORIENTED_EDGE('',*,*,#3884,.T.);
#5543 = ORIENTED_EDGE('',*,*,#3930,.F.);
#5544 = ORIENTED_EDGE('',*,*,#3980,.T.);
#5545 = ORIENTED_EDGE('',*,*,#4026,.F.);
#5546 = ORIENTED_EDGE('',*,*,#4080,.T.);
#5547 = ORIENTED_EDGE('',*,*,#4126,.F.);
#5548 = ORIENTED_EDGE('',*,*,#4176,.T.);
#5549 = ORIENTED_EDGE('',*,*,#4222,.F.);
#5550 = ORIENTED_EDGE('',*,*,#4276,.T.);
#5551 = ORIENTED_EDGE('',*,*,#4322,.F.);
#5552 = ORIENTED_EDGE('',*,*,#4372,.T.);
#5553 = ORIENTED_EDGE('',*,*,#4418,.F.);
#5554 = ORIENTED_EDGE('',*,*,#4472,.T.);
#5555 = ORIENTED_EDGE('',*,*,#4518,.F.);
#5556 = ORIENTED_EDGE('',*,*,#4568,.T.);
#5557 = ORIENTED_EDGE('',*,*,#4614,.F.);
#5558 = ORIENTED_EDGE('',*,*,#4668,.T.);
#5559 = ORIENTED_EDGE('',*,*,#4714,.F.);
#5560 = ORIENTED_EDGE('',*,*,#4764,.T.);
#5561 = ORIENTED_EDGE('',*,*,#4810,.F.);
#5562 = ORIENTED_EDGE('',*,*,#4864,.T.);
#5563 = ORIENTED_EDGE('',*,*,#4910,.F.);
#5564 = ORIENTED_EDGE('',*,*,#4960,.T.);
#5565 = ORIENTED_EDGE('',*,*,#5006,.F.);
#5566 = ORIENTED_EDGE('',*,*,#5060,.T.);
#5567 = ORIENTED_EDGE('',*,*,#5106,.F.);
#5568 = ORIENTED_EDGE('',*,*,#5156,.T.);
#5569 = ORIENTED_EDGE('',*,*,#5202,.F.);
#5570 = ORIENTED_EDGE('',*,*,#5256,.T.);
#5571 = ORIENTED_EDGE('',*,*,#5302,.F.);
#5572 = ORIENTED_EDGE('',*,*,#5352,.T.);
#5573 = ORIENTED_EDGE('',*,*,#5398,.F.);
#5574 = FACE_BOUND('',#5575,.T.);
#5575 = EDGE_LOOP('',(#5576));
#5576 = ORIENTED_EDGE('',*,*,#5477,.F.);
#5577 = ( GEOMETRIC_REPRESENTATION_CONTEXT(3) 
GLOBAL_UNCERTAINTY_ASSIGNED_CONTEXT((#5581)) 
GLOBAL_UNIT_ASSIGNED_CONTEXT((#5578,#5579,#5580)) REPRESENTATION_CONTEXT
('Context #1','3D Context with UNIT and UNCERTAINTY') );
#5578 = ( LENGTH_UNIT() NAMED_UNIT(*) SI_UNIT(.MILLI.,.METRE.) );
#5579 = ( NAMED_UNIT(*) PLANE_ANGLE_UNIT() SI_UNIT($,.RADIAN.) );
#5580 = ( NAMED_UNIT(*) SI_UNIT($,.STERADIAN.) SOLID_ANGLE_UNIT() );
#5581 = UNCERTAINTY_MEASURE_WITH_UNIT(LENGTH_MEASURE(2.E-06),#5578,
  'distance_accuracy_value','confusion accuracy');
#5582 = PRODUCT_RELATED_PRODUCT_CATEGORY('part',$,(#7));
ENDSEC;
END-ISO-10303-21;
