ISO-10303-21;
HEADER;
FILE_DESCRIPTION(('Open CASCADE Model'),'2;1');
FILE_NAME('Open CASCADE Shape Model','2026-09-30T04:18:19',('Author'),(
    'Open CASCADE'),'Open CASCADE STEP processor 8.0','build123d',
  'Unknown');
FILE_SCHEMA(('AUTOMOTIVE_DESIGN { 1 0 10303 214 1 1 1 1 }'));
ENDSEC;
DATA;
#1 = APPLICATION_PROTOCOL_DEFINITION('international standard',
  'automotive_design',2000,#2);
#2 = APPLICATION_CONTEXT(
  'core data for automotive mechanical design processes');
#3 = SHAPE_DEFINITION_REPRESENTATION(#4,#10);
#4 = PRODUCT_DEFINITION_SHAPE('','',#5);
#5 = PRODUCT_DEFINITION('design','',#6,#9);
#6 = PRODUCT_DEFINITION_FORMATION('','',#7);
#7 = PRODUCT('COMPOUND','COMPOUND','',(#8));
#8 = PRODUCT_CONTEXT('',#2,'mechanical');
#9 = PRODUCT_DEFINITION_CONTEXT('part definition',#2,'design');
#10 = ADVANCED_BREP_SHAPE_REPRESENTATION('',(#11,#15),#2476);
#11 = AXIS2_PLACEMENT_3D('',#12,#13,#14);
#12 = CARTESIAN_POINT('',(0.,0.,0.));
#13 = DIRECTION('',(0.,0.,1.));
#14 = DIRECTION('',(1.,0.,-0.));
#15 = MANIFOLD_SOLID_BREP('',#16);
#16 = CLOSED_SHELL('',(#17,#105,#1752,#1787,#1862,#1915,#1964,#2017,
    #2066,#2119,#2168,#2221,#2270,#2323,#2372,#2404,#2458));
#17 = ADVANCED_FACE('',(#18),#31,.T.);
#18 = FACE_BOUND('',#19,.T.);
#19 = EDGE_LOOP('',(#20,#54,#77,#104));
#20 = ORIENTED_EDGE('',*,*,#21,.F.);
#21 = EDGE_CURVE('',#22,#22,#24,.T.);
#22 = VERTEX_POINT('',#23);
#23 = CARTESIAN_POINT('',(2.965284676191E-14,63.5,100.));
#24 = SURFACE_CURVE('',#25,(#30,#42),.PCURVE_S1.);
#25 = CIRCLE('',#26,63.5);
#26 = AXIS2_PLACEMENT_3D('',#27,#28,#29);
#27 = CARTESIAN_POINT('',(0.,0.,100.));
#28 = DIRECTION('',(0.,-0.,1.));
#29 = DIRECTION('',(2.22044604925E-16,1.,0.));
#30 = PCURVE('',#31,#36);
#31 = CYLINDRICAL_SURFACE('',#32,63.5);
#32 = AXIS2_PLACEMENT_3D('',#33,#34,#35);
#33 = CARTESIAN_POINT('',(0.,0.,-15.));
#34 = DIRECTION('',(0.,0.,1.));
#35 = DIRECTION('',(2.22044604925E-16,1.,0.));
#36 = DEFINITIONAL_REPRESENTATION('',(#37),#41);
#37 = LINE('',#38,#39);
#38 = CARTESIAN_POINT('',(0.,115.));
#39 = VECTOR('',#40,1.);
#40 = DIRECTION('',(1.,0.));
#41 = ( GEOMETRIC_REPRESENTATION_CONTEXT(2) 
PARAMETRIC_REPRESENTATION_CONTEXT() REPRESENTATION_CONTEXT('2D SPACE',''
  ) );
#42 = PCURVE('',#43,#48);
#43 = PLANE('',#44);
#44 = AXIS2_PLACEMENT_3D('',#45,#46,#47);
#45 = CARTESIAN_POINT('',(0.,0.,100.));
#46 = DIRECTION('',(0.,0.,1.));
#47 = DIRECTION('',(2.22044604925E-16,1.,0.));
#48 = DEFINITIONAL_REPRESENTATION('',(#49),#53);
#49 = CIRCLE('',#50,63.5);
#50 = AXIS2_PLACEMENT_2D('',#51,#52);
#51 = CARTESIAN_POINT('',(0.,0.));
#52 = DIRECTION('',(1.,0.));
#53 = ( GEOMETRIC_REPRESENTATION_CONTEXT(2) 
PARAMETRIC_REPRESENTATION_CONTEXT() REPRESENTATION_CONTEXT('2D SPACE',''
  ) );
#54 = ORIENTED_EDGE('',*,*,#55,.F.);
#55 = EDGE_CURVE('',#56,#22,#58,.T.);
#56 = VERTEX_POINT('',#57);
#57 = CARTESIAN_POINT('',(2.965284676191E-14,63.5,-15.));
#58 = SEAM_CURVE('',#59,(#63,#70),.PCURVE_S1.);
#59 = LINE('',#60,#61);
#60 = CARTESIAN_POINT('',(2.965284676191E-14,63.5,-15.));
#61 = VECTOR('',#62,1.);
#62 = DIRECTION('',(0.,0.,1.));
#63 = PCURVE('',#31,#64);
#64 = DEFINITIONAL_REPRESENTATION('',(#65),#69);
#65 = LINE('',#66,#67);
#66 = CARTESIAN_POINT('',(6.28318530718,-0.));
#67 = VECTOR('',#68,1.);
#68 = DIRECTION('',(0.,1.));
#69 = ( GEOMETRIC_REPRESENTATION_CONTEXT(2) 
PARAMETRIC_REPRESENTATION_CONTEXT() REPRESENTATION_CONTEXT('2D SPACE',''
  ) );
#70 = PCURVE('',#31,#71);
#71 = DEFINITIONAL_REPRESENTATION('',(#72),#76);
#72 = LINE('',#73,#74);
#73 = CARTESIAN_POINT('',(0.,-0.));
#74 = VECTOR('',#75,1.);
#75 = DIRECTION('',(0.,1.));
#76 = ( GEOMETRIC_REPRESENTATION_CONTEXT(2) 
PARAMETRIC_REPRESENTATION_CONTEXT() REPRESENTATION_CONTEXT('2D SPACE',''
  ) );
#77 = ORIENTED_EDGE('',*,*,#78,.T.);
#78 = EDGE_CURVE('',#56,#56,#79,.T.);
#79 = SURFACE_CURVE('',#80,(#85,#92),.PCURVE_S1.);
#80 = CIRCLE('',#81,63.5);
#81 = AXIS2_PLACEMENT_3D('',#82,#83,#84);
#82 = CARTESIAN_POINT('',(0.,0.,-15.));
#83 = DIRECTION('',(0.,-0.,1.));
#84 = DIRECTION('',(2.22044604925E-16,1.,0.));
#85 = PCURVE('',#31,#86);
#86 = DEFINITIONAL_REPRESENTATION('',(#87),#91);
#87 = LINE('',#88,#89);
#88 = CARTESIAN_POINT('',(0.,0.));
#89 = VECTOR('',#90,1.);
#90 = DIRECTION('',(1.,0.));
#91 = ( GEOMETRIC_REPRESENTATION_CONTEXT(2) 
PARAMETRIC_REPRESENTATION_CONTEXT() REPRESENTATION_CONTEXT('2D SPACE',''
  ) );
#92 = PCURVE('',#93,#98);
#93 = PLANE('',#94);
#94 = AXIS2_PLACEMENT_3D('',#95,#96,#97);
#95 = CARTESIAN_POINT('',(0.,0.,-15.));
#96 = DIRECTION('',(0.,0.,1.));
#97 = DIRECTION('',(2.22044604925E-16,1.,0.));
#98 = DEFINITIONAL_REPRESENTATION('',(#99),#103);
#99 = CIRCLE('',#100,63.5);
#100 = AXIS2_PLACEMENT_2D('',#101,#102);
#101 = CARTESIAN_POINT('',(0.,0.));
#102 = DIRECTION('',(1.,0.));
#103 = ( GEOMETRIC_REPRESENTATION_CONTEXT(2) 
PARAMETRIC_REPRESENTATION_CONTEXT() REPRESENTATION_CONTEXT('2D SPACE',''
  ) );
#104 = ORIENTED_EDGE('',*,*,#55,.T.);
#105 = ADVANCED_FACE('',(#106,#109),#43,.T.);
#106 = FACE_BOUND('',#107,.T.);
#107 = EDGE_LOOP('',(#108));
#108 = ORIENTED_EDGE('',*,*,#21,.T.);
#109 = FACE_BOUND('',#110,.T.);
#110 = EDGE_LOOP('',(#111,#242,#371,#554,#683,#812,#941,#1070,#1199,
    #1313,#1442,#1625));
#111 = ORIENTED_EDGE('',*,*,#112,.T.);
#112 = EDGE_CURVE('',#113,#115,#117,.T.);
#113 = VERTEX_POINT('',#114);
#114 = CARTESIAN_POINT('',(33.688822283108,-18.0739926704,100.));
#115 = VERTEX_POINT('',#116);
#116 = CARTESIAN_POINT('',(32.496947941935,-20.13837958555,100.));
#117 = SURFACE_CURVE('',#118,(#151,#187),.PCURVE_S1.);
#118 = B_SPLINE_CURVE_WITH_KNOTS('',6,(#119,#120,#121,#122,#123,#124,
    #125,#126,#127,#128,#129,#130,#131,#132,#133,#134,#135,#136,#137,
    #138,#139,#140,#141,#142,#143,#144,#145,#146,#147,#148,#149,#150),
  .UNSPECIFIED.,.F.,.F.,(7,5,5,5,5,5,7),(0.,2.400097758844E-02,
    0.194006762963,0.498998406948,0.791993284972,0.977999103569,1.),
  .UNSPECIFIED.);
#119 = CARTESIAN_POINT('',(33.688822283108,-18.0739926704,100.));
#120 = CARTESIAN_POINT('',(33.677369523799,-18.07419312274,100.));
#121 = CARTESIAN_POINT('',(33.665918745574,-18.07450678779,100.));
#122 = CARTESIAN_POINT('',(33.654471347766,-18.07493364072,100.));
#123 = CARTESIAN_POINT('',(33.643028728716,-18.07547363371,100.));
#124 = CARTESIAN_POINT('',(33.631592285772,-18.07612669599,100.));
#125 = CARTESIAN_POINT('',(33.539209458511,-18.08231879877,100.));
#126 = CARTESIAN_POINT('',(33.458633527017,-18.09341345288,100.));
#127 = CARTESIAN_POINT('',(33.378935865415,-18.11014291163,100.));
#128 = CARTESIAN_POINT('',(33.300606478192,-18.1324161638,100.));
#129 = CARTESIAN_POINT('',(33.224121452183,-18.1600858298,100.));
#130 = CARTESIAN_POINT('',(33.016855908433,-18.25190582783,100.));
#131 = CARTESIAN_POINT('',(32.891144764073,-18.32759491439,100.));
#132 = CARTESIAN_POINT('',(32.775514012574,-18.41883405178,100.));
#133 = CARTESIAN_POINT('',(32.672275905486,-18.5238908743,100.));
#134 = CARTESIAN_POINT('',(32.583403223744,-18.64065462102,100.));
#135 = CARTESIAN_POINT('',(32.44019942666,-18.88751541253,100.));
#136 = CARTESIAN_POINT('',(32.384614926181,-19.01696279685,100.));
#137 = CARTESIAN_POINT('',(32.344933873698,-19.15264884661,100.));
#138 = CARTESIAN_POINT('',(32.321936702301,-19.29213514553,100.));
#139 = CARTESIAN_POINT('',(32.315976035621,-19.43288576529,100.));
#140 = CARTESIAN_POINT('',(32.333730782022,-19.66079926678,100.));
#141 = CARTESIAN_POINT('',(32.34740594403,-19.74877752134,100.));
#142 = CARTESIAN_POINT('',(32.367810311384,-19.83557484946,100.));
#143 = CARTESIAN_POINT('',(32.394810575883,-19.92055191665,100.));
#144 = CARTESIAN_POINT('',(32.428193209497,-20.00309151976,100.));
#145 = CARTESIAN_POINT('',(32.472335013275,-20.09200920511,100.));
#146 = CARTESIAN_POINT('',(32.477089117919,-20.10137173354,100.));
#147 = CARTESIAN_POINT('',(32.481927963872,-20.11069099005,100.));
#148 = CARTESIAN_POINT('',(32.486851057559,-20.11996601664,100.));
#149 = CARTESIAN_POINT('',(32.491857891025,-20.12919586279,100.));
#150 = CARTESIAN_POINT('',(32.496947941935,-20.13837958555,100.));
#151 = PCURVE('',#43,#152);
#152 = DEFINITIONAL_REPRESENTATION('',(#153),#186);
#153 = B_SPLINE_CURVE_WITH_KNOTS('',6,(#154,#155,#156,#157,#158,#159,
    #160,#161,#162,#163,#164,#165,#166,#167,#168,#169,#170,#171,#172,
    #173,#174,#175,#176,#177,#178,#179,#180,#181,#182,#183,#184,#185),
  .UNSPECIFIED.,.F.,.F.,(7,5,5,5,5,5,7),(0.,2.400097758844E-02,
    0.194006762963,0.498998406948,0.791993284972,0.977999103569,1.),
  .UNSPECIFIED.);
#154 = CARTESIAN_POINT('',(-18.0739926704,-33.6888222831));
#155 = CARTESIAN_POINT('',(-18.07419312274,-33.67736952379));
#156 = CARTESIAN_POINT('',(-18.07450678779,-33.66591874557));
#157 = CARTESIAN_POINT('',(-18.07493364072,-33.65447134776));
#158 = CARTESIAN_POINT('',(-18.07547363371,-33.64302872871));
#159 = CARTESIAN_POINT('',(-18.07612669599,-33.63159228577));
#160 = CARTESIAN_POINT('',(-18.08231879877,-33.53920945851));
#161 = CARTESIAN_POINT('',(-18.09341345288,-33.45863352701));
#162 = CARTESIAN_POINT('',(-18.11014291163,-33.37893586541));
#163 = CARTESIAN_POINT('',(-18.1324161638,-33.30060647819));
#164 = CARTESIAN_POINT('',(-18.1600858298,-33.22412145218));
#165 = CARTESIAN_POINT('',(-18.25190582783,-33.01685590843));
#166 = CARTESIAN_POINT('',(-18.32759491439,-32.89114476407));
#167 = CARTESIAN_POINT('',(-18.41883405178,-32.77551401257));
#168 = CARTESIAN_POINT('',(-18.5238908743,-32.67227590548));
#169 = CARTESIAN_POINT('',(-18.64065462102,-32.58340322374));
#170 = CARTESIAN_POINT('',(-18.88751541253,-32.44019942666));
#171 = CARTESIAN_POINT('',(-19.01696279685,-32.38461492618));
#172 = CARTESIAN_POINT('',(-19.15264884661,-32.34493387369));
#173 = CARTESIAN_POINT('',(-19.29213514553,-32.3219367023));
#174 = CARTESIAN_POINT('',(-19.43288576529,-32.31597603562));
#175 = CARTESIAN_POINT('',(-19.66079926678,-32.33373078202));
#176 = CARTESIAN_POINT('',(-19.74877752134,-32.34740594403));
#177 = CARTESIAN_POINT('',(-19.83557484946,-32.36781031138));
#178 = CARTESIAN_POINT('',(-19.92055191665,-32.39481057588));
#179 = CARTESIAN_POINT('',(-20.00309151976,-32.42819320949));
#180 = CARTESIAN_POINT('',(-20.09200920511,-32.47233501327));
#181 = CARTESIAN_POINT('',(-20.10137173354,-32.47708911791));
#182 = CARTESIAN_POINT('',(-20.11069099005,-32.48192796387));
#183 = CARTESIAN_POINT('',(-20.11996601664,-32.48685105755));
#184 = CARTESIAN_POINT('',(-20.12919586279,-32.49185789102));
#185 = CARTESIAN_POINT('',(-20.13837958555,-32.49694794193));
#186 = ( GEOMETRIC_REPRESENTATION_CONTEXT(2) 
PARAMETRIC_REPRESENTATION_CONTEXT() REPRESENTATION_CONTEXT('2D SPACE',''
  ) );
#187 = PCURVE('',#188,#207);
#188 = B_SPLINE_SURFACE_WITH_KNOTS('',8,1,(
    (#189,#190)
    ,(#191,#192)
    ,(#193,#194)
    ,(#195,#196)
    ,(#197,#198)
    ,(#199,#200)
    ,(#201,#202)
    ,(#203,#204)
    ,(#205,#206
    )),.UNSPECIFIED.,.F.,.F.,.F.,(9,9),(2,2),(5.77708728194,
    7.836480883616),(0.,1.),.PIECEWISE_BEZIER_KNOTS.);
#189 = CARTESIAN_POINT('',(23.370355284227,-14.48262423301,0.));
#190 = CARTESIAN_POINT('',(32.679479795089,-20.2514946926,102.));
#191 = CARTESIAN_POINT('',(23.245564240673,-14.25747003185,0.));
#192 = CARTESIAN_POINT('',(32.504980677003,-19.93665471356,102.));
#193 = CARTESIAN_POINT('',(23.187013761821,-13.99560157706,0.));
#194 = CARTESIAN_POINT('',(32.423107758627,-19.57047607514,
    101.99999999999));
#195 = CARTESIAN_POINT('',(23.207301970595,-13.7197614235,0.));
#196 = CARTESIAN_POINT('',(32.451477379054,-19.18476038468,102.));
#197 = CARTESIAN_POINT('',(23.309677094463,-13.45784834521,0.));
#198 = CARTESIAN_POINT('',(32.594631633722,-18.81851934786,
    101.99999999999));
#199 = CARTESIAN_POINT('',(23.485312911911,-13.23823234808,0.));
#200 = CARTESIAN_POINT('',(32.840228548176,-18.51142360825,102.));
#201 = CARTESIAN_POINT('',(23.714053387891,-13.0827421671,0.));
#202 = CARTESIAN_POINT('',(33.160083324548,-18.29399695103,
    101.99999999999));
#203 = CARTESIAN_POINT('',(23.970113361615,-13.0025141418,0.));
#204 = CARTESIAN_POINT('',(33.518139786928,-18.18181165902,102.));
#205 = CARTESIAN_POINT('',(24.22749814137,-12.9980092551,0.));
#206 = CARTESIAN_POINT('',(33.878048765943,-18.1755123387,102.));
#207 = DEFINITIONAL_REPRESENTATION('',(#208),#241);
#208 = B_SPLINE_CURVE_WITH_KNOTS('',6,(#209,#210,#211,#212,#213,#214,
    #215,#216,#217,#218,#219,#220,#221,#222,#223,#224,#225,#226,#227,
    #228,#229,#230,#231,#232,#233,#234,#235,#236,#237,#238,#239,#240),
  .UNSPECIFIED.,.F.,.F.,(7,5,5,5,5,5,7),(0.,2.400097758844E-02,
    0.194006762963,0.498998406948,0.791993284972,0.977999103569,1.),
  .UNSPECIFIED.);
#209 = CARTESIAN_POINT('',(7.836480883616,0.980392156863));
#210 = CARTESIAN_POINT('',(7.828243308569,0.980392156863));
#211 = CARTESIAN_POINT('',(7.820005733878,0.980392156863));
#212 = CARTESIAN_POINT('',(7.811768159458,0.980392156863));
#213 = CARTESIAN_POINT('',(7.803530585238,0.980392156863));
#214 = CARTESIAN_POINT('',(7.795293011158,0.980392156863));
#215 = CARTESIAN_POINT('',(7.728706345795,0.980392156863));
#216 = CARTESIAN_POINT('',(7.670355871146,0.980392156863));
#217 = CARTESIAN_POINT('',(7.612007001858,0.980392156863));
#218 = CARTESIAN_POINT('',(7.553658124859,0.980392156863));
#219 = CARTESIAN_POINT('',(7.4953076317,0.980392156863));
#220 = CARTESIAN_POINT('',(7.332279793095,0.980392156863));
#221 = CARTESIAN_POINT('',(7.227575188396,0.980392156863));
#222 = CARTESIAN_POINT('',(7.122901027151,0.980392156863));
#223 = CARTESIAN_POINT('',(7.018226832362,0.980392156863));
#224 = CARTESIAN_POINT('',(6.913522209726,0.980392156863));
#225 = CARTESIAN_POINT('',(6.70828225343,0.980392156863));
#226 = CARTESIAN_POINT('',(6.607699798161,0.980392156863));
#227 = CARTESIAN_POINT('',(6.507142284261,0.980392156863));
#228 = CARTESIAN_POINT('',(6.406584801221,0.980392156863));
#229 = CARTESIAN_POINT('',(6.30600236844,0.980392156863));
#230 = CARTESIAN_POINT('',(6.141600541727,0.980392156863));
#231 = CARTESIAN_POINT('',(6.077757776193,0.980392156863));
#232 = CARTESIAN_POINT('',(6.013917524986,0.980392156863));
#233 = CARTESIAN_POINT('',(5.950077281824,0.980392156863));
#234 = CARTESIAN_POINT('',(5.886234535406,0.980392156863));
#235 = CARTESIAN_POINT('',(5.814842831688,0.980392156863));
#236 = CARTESIAN_POINT('',(5.807291722107,0.980392156863));
#237 = CARTESIAN_POINT('',(5.799740612394,0.980392156863));
#238 = CARTESIAN_POINT('',(5.792189502502,0.980392156863));
#239 = CARTESIAN_POINT('',(5.784638392373,0.980392156863));
#240 = CARTESIAN_POINT('',(5.77708728194,0.980392156863));
#241 = ( GEOMETRIC_REPRESENTATION_CONTEXT(2) 
PARAMETRIC_REPRESENTATION_CONTEXT() REPRESENTATION_CONTEXT('2D SPACE',''
  ) );
#242 = ORIENTED_EDGE('',*,*,#243,.T.);
#243 = EDGE_CURVE('',#115,#244,#246,.T.);
#244 = VERTEX_POINT('',#245);
#245 = CARTESIAN_POINT('',(1.191874341173,-38.21237225595,100.));
#246 = SURFACE_CURVE('',#247,(#278,#312),.PCURVE_S1.);
#247 = B_SPLINE_CURVE_WITH_KNOTS('',8,(#248,#249,#250,#251,#252,#253,
    #254,#255,#256,#257,#258,#259,#260,#261,#262,#263,#264,#265,#266,
    #267,#268,#269,#270,#271,#272,#273,#274,#275,#276,#277),
  .UNSPECIFIED.,.F.,.F.,(9,7,7,7,9),(0.,0.249999999972,0.500000000003,
    0.750000000032,1.),.UNSPECIFIED.);
#248 = CARTESIAN_POINT('',(32.496947941935,-20.13837958555,100.));
#249 = CARTESIAN_POINT('',(33.347474067786,-21.67294108116,100.));
#250 = CARTESIAN_POINT('',(34.028309051179,-23.3027999425,100.));
#251 = CARTESIAN_POINT('',(34.526052257439,-25.0046464145,100.));
#252 = CARTESIAN_POINT('',(34.832492981282,-26.75432125812,100.));
#253 = CARTESIAN_POINT('',(34.942846522186,-28.52719747804,100.));
#254 = CARTESIAN_POINT('',(34.856018086903,-30.29821145671,100.));
#255 = CARTESIAN_POINT('',(34.574353490508,-32.04195491415,100.));
#256 = CARTESIAN_POINT('',(33.636533272568,-35.42331380521,100.));
#257 = CARTESIAN_POINT('',(32.979794864102,-37.06303050506,100.));
#258 = CARTESIAN_POINT('',(32.142007566165,-38.62576597456,100.));
#259 = CARTESIAN_POINT('',(31.134247936518,-40.08853339228,100.));
#260 = CARTESIAN_POINT('',(29.970364129341,-41.43041359351,100.));
#261 = CARTESIAN_POINT('',(28.667142128295,-42.63276217892,100.));
#262 = CARTESIAN_POINT('',(27.244063611396,-43.67910042614,100.));
#263 = CARTESIAN_POINT('',(24.205178777808,-45.43360140285,100.));
#264 = CARTESIAN_POINT('',(22.587484016225,-46.14285442649,100.));
#265 = CARTESIAN_POINT('',(20.894608596779,-46.6703034934,100.));
#266 = CARTESIAN_POINT('',(19.150564349698,-47.00731633691,100.));
#267 = CARTESIAN_POINT('',(17.379890791691,-47.14867806821,100.));
#268 = CARTESIAN_POINT('',(15.607628526493,-47.09285541643,100.));
#269 = CARTESIAN_POINT('',(13.85922300527,-46.84174921189,100.));
#270 = CARTESIAN_POINT('',(10.461970197305,-45.96324589927,100.));
#271 = CARTESIAN_POINT('',(8.811011767347,-45.3353028664,100.));
#272 = CARTESIAN_POINT('',(7.23385445354,-44.52499150772,100.));
#273 = CARTESIAN_POINT('',(5.753675380067,-43.54298442807,100.));
#274 = CARTESIAN_POINT('',(4.391632878767,-42.4027615545,100.));
#275 = CARTESIAN_POINT('',(3.166662203968,-41.12078005744,100.));
#276 = CARTESIAN_POINT('',(2.095580517108,-39.71623023531,100.));
#277 = CARTESIAN_POINT('',(1.191874341173,-38.21237225595,100.));
#278 = PCURVE('',#43,#279);
#279 = DEFINITIONAL_REPRESENTATION('',(#280),#311);
#280 = B_SPLINE_CURVE_WITH_KNOTS('',8,(#281,#282,#283,#284,#285,#286,
    #287,#288,#289,#290,#291,#292,#293,#294,#295,#296,#297,#298,#299,
    #300,#301,#302,#303,#304,#305,#306,#307,#308,#309,#310),
  .UNSPECIFIED.,.F.,.F.,(9,7,7,7,9),(0.,0.249999999972,0.500000000003,
    0.750000000032,1.),.UNSPECIFIED.);
#281 = CARTESIAN_POINT('',(-20.13837958555,-32.49694794193));
#282 = CARTESIAN_POINT('',(-21.67294108116,-33.34747406778));
#283 = CARTESIAN_POINT('',(-23.3027999425,-34.02830905117));
#284 = CARTESIAN_POINT('',(-25.0046464145,-34.52605225743));
#285 = CARTESIAN_POINT('',(-26.75432125812,-34.83249298128));
#286 = CARTESIAN_POINT('',(-28.52719747804,-34.94284652218));
#287 = CARTESIAN_POINT('',(-30.29821145671,-34.8560180869));
#288 = CARTESIAN_POINT('',(-32.04195491415,-34.5743534905));
#289 = CARTESIAN_POINT('',(-35.42331380521,-33.63653327256));
#290 = CARTESIAN_POINT('',(-37.06303050506,-32.9797948641));
#291 = CARTESIAN_POINT('',(-38.62576597456,-32.14200756616));
#292 = CARTESIAN_POINT('',(-40.08853339228,-31.13424793651));
#293 = CARTESIAN_POINT('',(-41.43041359351,-29.97036412934));
#294 = CARTESIAN_POINT('',(-42.63276217892,-28.66714212829));
#295 = CARTESIAN_POINT('',(-43.67910042614,-27.24406361139));
#296 = CARTESIAN_POINT('',(-45.43360140285,-24.2051787778));
#297 = CARTESIAN_POINT('',(-46.14285442649,-22.58748401622));
#298 = CARTESIAN_POINT('',(-46.6703034934,-20.89460859677));
#299 = CARTESIAN_POINT('',(-47.00731633691,-19.15056434969));
#300 = CARTESIAN_POINT('',(-47.14867806821,-17.37989079169));
#301 = CARTESIAN_POINT('',(-47.09285541643,-15.60762852649));
#302 = CARTESIAN_POINT('',(-46.84174921189,-13.85922300527));
#303 = CARTESIAN_POINT('',(-45.96324589927,-10.4619701973));
#304 = CARTESIAN_POINT('',(-45.3353028664,-8.811011767347));
#305 = CARTESIAN_POINT('',(-44.52499150772,-7.23385445354));
#306 = CARTESIAN_POINT('',(-43.54298442807,-5.753675380067));
#307 = CARTESIAN_POINT('',(-42.4027615545,-4.391632878767));
#308 = CARTESIAN_POINT('',(-41.12078005744,-3.166662203968));
#309 = CARTESIAN_POINT('',(-39.71623023531,-2.095580517108));
#310 = CARTESIAN_POINT('',(-38.21237225595,-1.191874341173));
#311 = ( GEOMETRIC_REPRESENTATION_CONTEXT(2) 
PARAMETRIC_REPRESENTATION_CONTEXT() REPRESENTATION_CONTEXT('2D SPACE',''
  ) );
#312 = PCURVE('',#313,#338);
#313 = B_SPLINE_SURFACE_WITH_KNOTS('',11,1,(
    (#314,#315)
    ,(#316,#317)
    ,(#318,#319)
    ,(#320,#321)
    ,(#322,#323)
    ,(#324,#325)
    ,(#326,#327)
    ,(#328,#329)
    ,(#330,#331)
    ,(#332,#333)
    ,(#334,#335)
    ,(#336,#337
    )),.UNSPECIFIED.,.F.,.F.,.F.,(12,12),(2,2),(0.146308406257,
    3.25289955913),(0.,1.),.PIECEWISE_BEZIER_KNOTS.);
#314 = CARTESIAN_POINT('',(0.857142857143,-27.48063348811,0.));
#315 = CARTESIAN_POINT('',(1.198568970854,-38.4270070313,102.));
#316 = CARTESIAN_POINT('',(2.748216337878,-30.62756998063,0.));
#317 = CARTESIAN_POINT('',(3.842914632404,-42.82746420335,102.));
#318 = CARTESIAN_POINT('',(5.616911769348,-33.18702844098,0.));
#319 = CARTESIAN_POINT('',(7.854302273369,-46.40643096951,
    101.99999999999));
#320 = CARTESIAN_POINT('',(9.260465888213,-34.82154634109,0.));
#321 = CARTESIAN_POINT('',(12.94917401722,-48.6920392622,102.00000000002
    ));
#322 = CARTESIAN_POINT('',(13.344972170074,-35.27244945623,0.));
#323 = CARTESIAN_POINT('',(18.660725062258,-49.32251533408,
    101.99999999994));
#324 = CARTESIAN_POINT('',(17.440707870663,-34.41786284906,0.));
#325 = CARTESIAN_POINT('',(24.387805956475,-48.1275849987,
    102.00000000007));
#326 = CARTESIAN_POINT('',(21.086389635931,-32.31302750051,0.));
#327 = CARTESIAN_POINT('',(29.485808253396,-45.18425200015,
    101.99999999992));
#328 = CARTESIAN_POINT('',(23.874351197764,-29.1933096402,0.));
#329 = CARTESIAN_POINT('',(33.384188726759,-40.82191962404,
    102.00000000005));
#330 = CARTESIAN_POINT('',(25.526110786341,-25.43057188061,0.));
#331 = CARTESIAN_POINT('',(35.693955954515,-35.56033328801,
    101.99999999997));
#332 = CARTESIAN_POINT('',(25.932353821331,-21.45790250356,0.));
#333 = CARTESIAN_POINT('',(36.261996981885,-30.0052407825,
    102.00000000001));
#334 = CARTESIAN_POINT('',(25.150145490479,-17.69381015401,0.));
#335 = CARTESIAN_POINT('',(35.16821466357,-24.74179379791,
    101.99999999999));
#336 = CARTESIAN_POINT('',(23.370355284227,-14.48262423301,0.));
#337 = CARTESIAN_POINT('',(32.679479795089,-20.2514946926,102.));
#338 = DEFINITIONAL_REPRESENTATION('',(#339),#370);
#339 = B_SPLINE_CURVE_WITH_KNOTS('',8,(#340,#341,#342,#343,#344,#345,
    #346,#347,#348,#349,#350,#351,#352,#353,#354,#355,#356,#357,#358,
    #359,#360,#361,#362,#363,#364,#365,#366,#367,#368,#369),
  .UNSPECIFIED.,.F.,.F.,(9,7,7,7,9),(0.,0.249999999972,0.500000000003,
    0.750000000032,1.),.UNSPECIFIED.);
#340 = CARTESIAN_POINT('',(3.25289955913,0.980392156863));
#341 = CARTESIAN_POINT('',(3.155841187259,0.980392156863));
#342 = CARTESIAN_POINT('',(3.058722571747,0.980392156863));
#343 = CARTESIAN_POINT('',(2.961637091541,0.980392156863));
#344 = CARTESIAN_POINT('',(2.864575665611,0.980392156863));
#345 = CARTESIAN_POINT('',(2.767514240552,0.980392156863));
#346 = CARTESIAN_POINT('',(2.670428756251,0.980392156863));
#347 = CARTESIAN_POINT('',(2.573310142836,0.980392156863));
#348 = CARTESIAN_POINT('',(2.379193398963,0.980392156863));
#349 = CARTESIAN_POINT('',(2.282074785795,0.980392156863));
#350 = CARTESIAN_POINT('',(2.18498930223,0.980392156863));
#351 = CARTESIAN_POINT('',(2.08792787719,0.980392156863));
#352 = CARTESIAN_POINT('',(1.990866451944,0.980392156863));
#353 = CARTESIAN_POINT('',(1.893780968037,0.980392156863));
#354 = CARTESIAN_POINT('',(1.796662354661,0.980392156863));
#355 = CARTESIAN_POINT('',(1.602545610727,0.980392156863));
#356 = CARTESIAN_POINT('',(1.505426997345,0.980392156863));
#357 = CARTESIAN_POINT('',(1.408341513452,0.980392156863));
#358 = CARTESIAN_POINT('',(1.311280088185,0.980392156863));
#359 = CARTESIAN_POINT('',(1.214218663166,0.980392156863));
#360 = CARTESIAN_POINT('',(1.117133179588,0.980392156863));
#361 = CARTESIAN_POINT('',(1.020014566424,0.980392156863));
#362 = CARTESIAN_POINT('',(0.82589782255,0.980392156863));
#363 = CARTESIAN_POINT('',(0.728779209138,0.980392156863));
#364 = CARTESIAN_POINT('',(0.63169372483,0.980392156863));
#365 = CARTESIAN_POINT('',(0.534632299782,0.980392156863));
#366 = CARTESIAN_POINT('',(0.43757087384,0.980392156863));
#367 = CARTESIAN_POINT('',(0.340485393643,0.980392156863));
#368 = CARTESIAN_POINT('',(0.243366778127,0.980392156863));
#369 = CARTESIAN_POINT('',(0.146308406257,0.980392156863));
#370 = ( GEOMETRIC_REPRESENTATION_CONTEXT(2) 
PARAMETRIC_REPRESENTATION_CONTEXT() REPRESENTATION_CONTEXT('2D SPACE',''
  ) );
#371 = ORIENTED_EDGE('',*,*,#372,.T.);
#372 = EDGE_CURVE('',#244,#373,#375,.T.);
#373 = VERTEX_POINT('',#374);
#374 = CARTESIAN_POINT('',(-1.191874341173,-38.21237225595,100.));
#375 = SURFACE_CURVE('',#376,(#427,#481),.PCURVE_S1.);
#376 = B_SPLINE_CURVE_WITH_KNOTS('',7,(#377,#378,#379,#380,#381,#382,
    #383,#384,#385,#386,#387,#388,#389,#390,#391,#392,#393,#394,#395,
    #396,#397,#398,#399,#400,#401,#402,#403,#404,#405,#406,#407,#408,
    #409,#410,#411,#412,#413,#414,#415,#416,#417,#418,#419,#420,#421,
    #422,#423,#424,#425,#426),.UNSPECIFIED.,.F.,.F.,(8,6,6,6,6,6,6,6,8),
  (0.,6.900358969389E-02,0.114005931399,0.130006763064,0.491977586484,
    0.514978783479,0.626984478046,0.791992136874,1.),.UNSPECIFIED.);
#377 = CARTESIAN_POINT('',(1.191874341173,-38.21237225595,100.));
#378 = CARTESIAN_POINT('',(1.177335115832,-38.1881775225,100.));
#379 = CARTESIAN_POINT('',(1.162222868012,-38.16432710614,100.));
#380 = CARTESIAN_POINT('',(1.146547409605,-38.14083732422,100.));
#381 = CARTESIAN_POINT('',(1.13031910379,-38.11772410644,100.));
#382 = CARTESIAN_POINT('',(1.113548865034,-38.09500299493,100.));
#383 = CARTESIAN_POINT('',(1.09624815909,-38.07268914419,100.));
#384 = CARTESIAN_POINT('',(1.066807814095,-38.03652004494,100.));
#385 = CARTESIAN_POINT('',(1.054966105475,-38.02242226105,100.));
#386 = CARTESIAN_POINT('',(1.042907207055,-38.00850806022,100.));
#387 = CARTESIAN_POINT('',(1.030634539744,-37.99478145195,100.));
#388 = CARTESIAN_POINT('',(1.018151615447,-37.98124636433,100.));
#389 = CARTESIAN_POINT('',(1.005462037065,-37.9679066441,100.));
#390 = CARTESIAN_POINT('',(0.987985485053,-37.95009384802,100.));
#391 = CARTESIAN_POINT('',(0.983375813211,-37.94544681349,100.));
#392 = CARTESIAN_POINT('',(0.978740648884,-37.94082512213,100.));
#393 = CARTESIAN_POINT('',(0.974080159353,-37.93622894168,100.));
#394 = CARTESIAN_POINT('',(0.96939451327,-37.93165843846,100.));
#395 = CARTESIAN_POINT('',(0.964683880659,-37.92711377743,100.));
#396 = CARTESIAN_POINT('',(0.852823131166,-37.82037409933,100.));
#397 = CARTESIAN_POINT('',(0.732954340341,-37.73141964599,100.));
#398 = CARTESIAN_POINT('',(0.602388127232,-37.65772043379,100.));
#399 = CARTESIAN_POINT('',(0.463480695598,-37.60074762806,100.));
#400 = CARTESIAN_POINT('',(0.318767343947,-37.56154103058,100.));
#401 = CARTESIAN_POINT('',(0.170958700497,-37.54070762368,100.));
#402 = CARTESIAN_POINT('',(1.350019905395E-02,-37.53811323644,100.));
#403 = CARTESIAN_POINT('',(4.091190251298E-03,-37.53803249603,100.));
#404 = CARTESIAN_POINT('',(-5.318338602565E-03,-37.53802603548,100.));
#405 = CARTESIAN_POINT('',(-1.472768384527E-02,-37.53809385807,100.));
#406 = CARTESIAN_POINT('',(-2.413614187451E-02,-37.53823595873,100.));
#407 = CARTESIAN_POINT('',(-3.354300914802E-02,-37.53845232404,100.));
#408 = CARTESIAN_POINT('',(-8.874370901883E-02,-37.54015806632,100.));
#409 = CARTESIAN_POINT('',(-0.134485673889,-37.54333371757,100.));
#410 = CARTESIAN_POINT('',(-0.180091810789,-37.54826733418,100.));
#411 = CARTESIAN_POINT('',(-0.225481136471,-37.55495172729,100.));
#412 = CARTESIAN_POINT('',(-0.270573350447,-37.56337507101,100.));
#413 = CARTESIAN_POINT('',(-0.315288834985,-37.5735209024,100.));
#414 = CARTESIAN_POINT('',(-0.424752565751,-37.60282153661,100.));
#415 = CARTESIAN_POINT('',(-0.488969156005,-37.62396803489,100.));
#416 = CARTESIAN_POINT('',(-0.551945521001,-37.64873981367,100.));
#417 = CARTESIAN_POINT('',(-0.613436722061,-37.67704842655,100.));
#418 = CARTESIAN_POINT('',(-0.67320663306,-37.70878517148,100.));
#419 = CARTESIAN_POINT('',(-0.731028786781,-37.74382147889,100.));
#420 = CARTESIAN_POINT('',(-0.856849976786,-37.8301486835,100.));
#421 = CARTESIAN_POINT('',(-0.92357881559,-37.88329943318,100.));
#422 = CARTESIAN_POINT('',(-0.986439577071,-37.94116321686,100.));
#423 = CARTESIAN_POINT('',(-1.045035589863,-38.00340006301,100.));
#424 = CARTESIAN_POINT('',(-1.099009747087,-38.06963062663,100.));
#425 = CARTESIAN_POINT('',(-1.148046581588,-38.13943845542,100.));
#426 = CARTESIAN_POINT('',(-1.191874341173,-38.21237225595,100.));
#427 = PCURVE('',#43,#428);
#428 = DEFINITIONAL_REPRESENTATION('',(#429),#480);
#429 = B_SPLINE_CURVE_WITH_KNOTS('',7,(#430,#431,#432,#433,#434,#435,
    #436,#437,#438,#439,#440,#441,#442,#443,#444,#445,#446,#447,#448,
    #449,#450,#451,#452,#453,#454,#455,#456,#457,#458,#459,#460,#461,
    #462,#463,#464,#465,#466,#467,#468,#469,#470,#471,#472,#473,#474,
    #475,#476,#477,#478,#479),.UNSPECIFIED.,.F.,.F.,(8,6,6,6,6,6,6,6,8),
  (0.,6.900358969389E-02,0.114005931399,0.130006763064,0.491977586484,
    0.514978783479,0.626984478046,0.791992136874,1.),.UNSPECIFIED.);
#430 = CARTESIAN_POINT('',(-38.21237225595,-1.191874341173));
#431 = CARTESIAN_POINT('',(-38.1881775225,-1.177335115832));
#432 = CARTESIAN_POINT('',(-38.16432710614,-1.162222868012));
#433 = CARTESIAN_POINT('',(-38.14083732422,-1.146547409605));
#434 = CARTESIAN_POINT('',(-38.11772410644,-1.13031910379));
#435 = CARTESIAN_POINT('',(-38.09500299493,-1.113548865034));
#436 = CARTESIAN_POINT('',(-38.07268914419,-1.09624815909));
#437 = CARTESIAN_POINT('',(-38.03652004494,-1.066807814095));
#438 = CARTESIAN_POINT('',(-38.02242226105,-1.054966105475));
#439 = CARTESIAN_POINT('',(-38.00850806022,-1.042907207055));
#440 = CARTESIAN_POINT('',(-37.99478145195,-1.030634539744));
#441 = CARTESIAN_POINT('',(-37.98124636433,-1.018151615447));
#442 = CARTESIAN_POINT('',(-37.9679066441,-1.005462037065));
#443 = CARTESIAN_POINT('',(-37.95009384802,-0.987985485053));
#444 = CARTESIAN_POINT('',(-37.94544681349,-0.983375813211));
#445 = CARTESIAN_POINT('',(-37.94082512213,-0.978740648884));
#446 = CARTESIAN_POINT('',(-37.93622894168,-0.974080159353));
#447 = CARTESIAN_POINT('',(-37.93165843846,-0.96939451327));
#448 = CARTESIAN_POINT('',(-37.92711377743,-0.964683880659));
#449 = CARTESIAN_POINT('',(-37.82037409933,-0.852823131166));
#450 = CARTESIAN_POINT('',(-37.73141964599,-0.732954340341));
#451 = CARTESIAN_POINT('',(-37.65772043379,-0.602388127232));
#452 = CARTESIAN_POINT('',(-37.60074762806,-0.463480695598));
#453 = CARTESIAN_POINT('',(-37.56154103058,-0.318767343947));
#454 = CARTESIAN_POINT('',(-37.54070762368,-0.170958700497));
#455 = CARTESIAN_POINT('',(-37.53811323644,-1.350019905396E-02));
#456 = CARTESIAN_POINT('',(-37.53803249603,-4.091190251306E-03));
#457 = CARTESIAN_POINT('',(-37.53802603548,5.318338602557E-03));
#458 = CARTESIAN_POINT('',(-37.53809385807,1.472768384527E-02));
#459 = CARTESIAN_POINT('',(-37.53823595873,2.413614187451E-02));
#460 = CARTESIAN_POINT('',(-37.53845232404,3.354300914801E-02));
#461 = CARTESIAN_POINT('',(-37.54015806632,8.874370901882E-02));
#462 = CARTESIAN_POINT('',(-37.54333371757,0.134485673889));
#463 = CARTESIAN_POINT('',(-37.54826733418,0.180091810789));
#464 = CARTESIAN_POINT('',(-37.55495172729,0.225481136471));
#465 = CARTESIAN_POINT('',(-37.56337507101,0.270573350447));
#466 = CARTESIAN_POINT('',(-37.5735209024,0.315288834985));
#467 = CARTESIAN_POINT('',(-37.60282153661,0.424752565751));
#468 = CARTESIAN_POINT('',(-37.62396803489,0.488969156005));
#469 = CARTESIAN_POINT('',(-37.64873981367,0.551945521001));
#470 = CARTESIAN_POINT('',(-37.67704842655,0.613436722061));
#471 = CARTESIAN_POINT('',(-37.70878517148,0.67320663306));
#472 = CARTESIAN_POINT('',(-37.74382147889,0.731028786781));
#473 = CARTESIAN_POINT('',(-37.8301486835,0.856849976786));
#474 = CARTESIAN_POINT('',(-37.88329943318,0.92357881559));
#475 = CARTESIAN_POINT('',(-37.94116321686,0.986439577071));
#476 = CARTESIAN_POINT('',(-38.00340006301,1.045035589863));
#477 = CARTESIAN_POINT('',(-38.06963062663,1.099009747087));
#478 = CARTESIAN_POINT('',(-38.13943845542,1.148046581588));
#479 = CARTESIAN_POINT('',(-38.21237225595,1.191874341173));
#480 = ( GEOMETRIC_REPRESENTATION_CONTEXT(2) 
PARAMETRIC_REPRESENTATION_CONTEXT() REPRESENTATION_CONTEXT('2D SPACE',''
  ) );
#481 = PCURVE('',#482,#501);
#482 = B_SPLINE_SURFACE_WITH_KNOTS('',8,1,(
    (#483,#484)
    ,(#485,#486)
    ,(#487,#488)
    ,(#489,#490)
    ,(#491,#492)
    ,(#493,#494)
    ,(#495,#496)
    ,(#497,#498)
    ,(#499,#500
    )),.UNSPECIFIED.,.F.,.F.,.F.,(9,9),(2,2),(0.541099525957,
    2.600493127633),(0.,1.),.PIECEWISE_BEZIER_KNOTS.);
#483 = CARTESIAN_POINT('',(-0.857142857143,-27.48063348811,0.));
#484 = CARTESIAN_POINT('',(-1.198568970854,-38.4270070313,102.));
#485 = CARTESIAN_POINT('',(-0.724549120943,-27.25998417365,0.));
#486 = CARTESIAN_POINT('',(-1.013159109925,-38.11846637259,
    101.99999999999));
#487 = CARTESIAN_POINT('',(-0.52703962607,-27.07834374416,0.));
#488 = CARTESIAN_POINT('',(-0.736975565921,-37.86447302618,102.));
#489 = CARTESIAN_POINT('',(-0.278010941316,-26.95799377158,0.));
#490 = CARTESIAN_POINT('',(-0.388751169123,-37.69618399293,
    101.99999999999));
#491 = CARTESIAN_POINT('',(4.996003610813E-16,-26.91569669042,0.));
#492 = CARTESIAN_POINT('',(-4.662936703426E-15,-37.63703869573,102.));
#493 = CARTESIAN_POINT('',(0.278010941316,-26.95799377158,0.));
#494 = CARTESIAN_POINT('',(0.388751169123,-37.69618399293,
    101.99999999999));
#495 = CARTESIAN_POINT('',(0.52703962607,-27.07834374416,0.));
#496 = CARTESIAN_POINT('',(0.736975565921,-37.86447302618,102.));
#497 = CARTESIAN_POINT('',(0.724549120943,-27.25998417365,0.));
#498 = CARTESIAN_POINT('',(1.013159109925,-38.11846637259,102.));
#499 = CARTESIAN_POINT('',(0.857142857143,-27.48063348811,0.));
#500 = CARTESIAN_POINT('',(1.198568970854,-38.4270070313,102.));
#501 = DEFINITIONAL_REPRESENTATION('',(#502),#553);
#502 = B_SPLINE_CURVE_WITH_KNOTS('',7,(#503,#504,#505,#506,#507,#508,
    #509,#510,#511,#512,#513,#514,#515,#516,#517,#518,#519,#520,#521,
    #522,#523,#524,#525,#526,#527,#528,#529,#530,#531,#532,#533,#534,
    #535,#536,#537,#538,#539,#540,#541,#542,#543,#544,#545,#546,#547,
    #548,#549,#550,#551,#552),.UNSPECIFIED.,.F.,.F.,(8,6,6,6,6,6,6,6,8),
  (0.,6.900358969389E-02,0.114005931399,0.130006763064,0.491977586484,
    0.514978783479,0.626984478046,0.791992136874,1.),.UNSPECIFIED.);
#503 = CARTESIAN_POINT('',(2.600493127633,0.980392156863));
#504 = CARTESIAN_POINT('',(2.58019339249,0.980392156863));
#505 = CARTESIAN_POINT('',(2.559893655753,0.980392156863));
#506 = CARTESIAN_POINT('',(2.539593917727,0.980392156863));
#507 = CARTESIAN_POINT('',(2.519294179014,0.980392156863));
#508 = CARTESIAN_POINT('',(2.498994440504,0.980392156863));
#509 = CARTESIAN_POINT('',(2.47869470338,0.980392156863));
#510 = CARTESIAN_POINT('',(2.445156011812,0.980392156863));
#511 = CARTESIAN_POINT('',(2.431917053676,0.980392156863));
#512 = CARTESIAN_POINT('',(2.418678094876,0.980392156863));
#513 = CARTESIAN_POINT('',(2.405439135598,0.980392156863));
#514 = CARTESIAN_POINT('',(2.392200176047,0.980392156863));
#515 = CARTESIAN_POINT('',(2.378961216447,0.980392156863));
#516 = CARTESIAN_POINT('',(2.361015071752,0.980392156863));
#517 = CARTESIAN_POINT('',(2.356307886428,0.980392156863));
#518 = CARTESIAN_POINT('',(2.351600701073,0.980392156863));
#519 = CARTESIAN_POINT('',(2.34689351569,0.980392156863));
#520 = CARTESIAN_POINT('',(2.342186330283,0.980392156863));
#521 = CARTESIAN_POINT('',(2.337479144857,0.980392156863));
#522 = CARTESIAN_POINT('',(2.226286007544,0.980392156863));
#523 = CARTESIAN_POINT('',(2.119756179271,0.980392156863));
#524 = CARTESIAN_POINT('',(2.013262249042,0.980392156863));
#525 = CARTESIAN_POINT('',(1.906781179631,0.980392156863));
#526 = CARTESIAN_POINT('',(1.800287233689,0.980392156863));
#527 = CARTESIAN_POINT('',(1.693757418863,0.980392156863));
#528 = CARTESIAN_POINT('',(1.580504896648,0.980392156863));
#529 = CARTESIAN_POINT('',(1.573738317664,0.980392156863));
#530 = CARTESIAN_POINT('',(1.566971738668,0.980392156863));
#531 = CARTESIAN_POINT('',(1.560205159669,0.980392156863));
#532 = CARTESIAN_POINT('',(1.55343858068,0.980392156863));
#533 = CARTESIAN_POINT('',(1.54667200171,0.980392156863));
#534 = CARTESIAN_POINT('',(1.506955164826,0.980392156863));
#535 = CARTESIAN_POINT('',(1.474004864607,0.980392156863));
#536 = CARTESIAN_POINT('',(1.441054539749,0.980392156863));
#537 = CARTESIAN_POINT('',(1.408104207679,0.980392156863));
#538 = CARTESIAN_POINT('',(1.37515388562,0.980392156863));
#539 = CARTESIAN_POINT('',(1.342203590585,0.980392156863));
#540 = CARTESIAN_POINT('',(1.260710773489,0.980392156863));
#541 = CARTESIAN_POINT('',(1.212167356485,0.980392156863));
#542 = CARTESIAN_POINT('',(1.163624569607,0.980392156863));
#543 = CARTESIAN_POINT('',(1.115082181797,0.980392156863));
#544 = CARTESIAN_POINT('',(1.066539391478,0.980392156863));
#545 = CARTESIAN_POINT('',(1.017995968337,0.980392156863));
#546 = CARTESIAN_POINT('',(0.908260860164,0.980392156863));
#547 = CARTESIAN_POINT('',(0.847065668118,0.980392156863));
#548 = CARTESIAN_POINT('',(0.785872430192,0.980392156863));
#549 = CARTESIAN_POINT('',(0.724680441041,0.980392156863));
#550 = CARTESIAN_POINT('',(0.663487219788,0.980392156863));
#551 = CARTESIAN_POINT('',(0.602292051047,0.980392156863));
#552 = CARTESIAN_POINT('',(0.541099525957,0.980392156863));
#553 = ( GEOMETRIC_REPRESENTATION_CONTEXT(2) 
PARAMETRIC_REPRESENTATION_CONTEXT() REPRESENTATION_CONTEXT('2D SPACE',''
  ) );
#554 = ORIENTED_EDGE('',*,*,#555,.T.);
#555 = EDGE_CURVE('',#373,#556,#558,.T.);
#556 = VERTEX_POINT('',#557);
#557 = CARTESIAN_POINT('',(-32.49694794193,-20.13837958555,100.));
#558 = SURFACE_CURVE('',#559,(#590,#624),.PCURVE_S1.);
#559 = B_SPLINE_CURVE_WITH_KNOTS('',8,(#560,#561,#562,#563,#564,#565,
    #566,#567,#568,#569,#570,#571,#572,#573,#574,#575,#576,#577,#578,
    #579,#580,#581,#582,#583,#584,#585,#586,#587,#588,#589),
  .UNSPECIFIED.,.F.,.F.,(9,7,7,7,9),(0.,0.250999088178,0.500999092635,
    0.750999097103,1.),.UNSPECIFIED.);
#560 = CARTESIAN_POINT('',(-1.191874341173,-38.21237225595,100.));
#561 = CARTESIAN_POINT('',(-2.099192029802,-39.72224015571,100.));
#562 = CARTESIAN_POINT('',(-3.175232442551,-41.13201581428,100.));
#563 = CARTESIAN_POINT('',(-4.40634353382,-42.41814398049,100.));
#564 = CARTESIAN_POINT('',(-5.775486563885,-43.56121754217,100.));
#565 = CARTESIAN_POINT('',(-7.263478178049,-44.54460494306,100.));
#566 = CARTESIAN_POINT('',(-8.848880001646,-45.35470445091,100.));
#567 = CARTESIAN_POINT('',(-10.50821057349,-45.98076550108,100.));
#568 = CARTESIAN_POINT('',(-13.91496983515,-46.85044501607,100.));
#569 = CARTESIAN_POINT('',(-15.66414700273,-47.0961184366,100.));
#570 = CARTESIAN_POINT('',(-17.43657413342,-47.14643513353,100.));
#571 = CARTESIAN_POINT('',(-19.20679999528,-46.99957333423,100.));
#572 = CARTESIAN_POINT('',(-20.94978886657,-46.6571440932,100.));
#573 = CARTESIAN_POINT('',(-22.64101755151,-46.12443850805,100.));
#574 = CARTESIAN_POINT('',(-24.25650115127,-45.41016339884,100.));
#575 = CARTESIAN_POINT('',(-27.28992081254,-43.64623033096,100.));
#576 = CARTESIAN_POINT('',(-28.7097419225,-42.59547621687,100.));
#577 = CARTESIAN_POINT('',(-30.00922243564,-41.38908486182,100.));
#578 = CARTESIAN_POINT('',(-31.1689319597,-40.04359543055,100.));
#579 = CARTESIAN_POINT('',(-32.17214251359,-38.57770437895,100.));
#580 = CARTESIAN_POINT('',(-33.0050709963,-37.012373792,100.));
#581 = CARTESIAN_POINT('',(-33.6567123146,-35.37062479004,100.));
#582 = CARTESIAN_POINT('',(-34.5821705685,-31.9931312268,100.));
#583 = CARTESIAN_POINT('',(-34.85805531869,-30.25571459244,100.));
#584 = CARTESIAN_POINT('',(-34.94060983268,-28.49174317741,100.));
#585 = CARTESIAN_POINT('',(-34.82757146055,-26.72632495229,100.));
#586 = CARTESIAN_POINT('',(-34.52006847299,-24.98422246436,100.));
#587 = CARTESIAN_POINT('',(-34.02285835346,-23.28976310506,100.));
#588 = CARTESIAN_POINT('',(-33.34407502005,-21.66680835036,100.));
#589 = CARTESIAN_POINT('',(-32.49694794193,-20.13837958555,100.));
#590 = PCURVE('',#43,#591);
#591 = DEFINITIONAL_REPRESENTATION('',(#592),#623);
#592 = B_SPLINE_CURVE_WITH_KNOTS('',8,(#593,#594,#595,#596,#597,#598,
    #599,#600,#601,#602,#603,#604,#605,#606,#607,#608,#609,#610,#611,
    #612,#613,#614,#615,#616,#617,#618,#619,#620,#621,#622),
  .UNSPECIFIED.,.F.,.F.,(9,7,7,7,9),(0.,0.250999088178,0.500999092635,
    0.750999097103,1.),.UNSPECIFIED.);
#593 = CARTESIAN_POINT('',(-38.21237225595,1.191874341173));
#594 = CARTESIAN_POINT('',(-39.72224015571,2.099192029802));
#595 = CARTESIAN_POINT('',(-41.13201581428,3.175232442551));
#596 = CARTESIAN_POINT('',(-42.41814398049,4.40634353382));
#597 = CARTESIAN_POINT('',(-43.56121754217,5.775486563885));
#598 = CARTESIAN_POINT('',(-44.54460494306,7.263478178049));
#599 = CARTESIAN_POINT('',(-45.35470445091,8.848880001646));
#600 = CARTESIAN_POINT('',(-45.98076550108,10.508210573493));
#601 = CARTESIAN_POINT('',(-46.85044501607,13.914969835155));
#602 = CARTESIAN_POINT('',(-47.0961184366,15.66414700273));
#603 = CARTESIAN_POINT('',(-47.14643513353,17.436574133426));
#604 = CARTESIAN_POINT('',(-46.99957333423,19.206799995283));
#605 = CARTESIAN_POINT('',(-46.6571440932,20.949788866576));
#606 = CARTESIAN_POINT('',(-46.12443850805,22.641017551516));
#607 = CARTESIAN_POINT('',(-45.41016339884,24.256501151278));
#608 = CARTESIAN_POINT('',(-43.64623033096,27.289920812546));
#609 = CARTESIAN_POINT('',(-42.59547621687,28.709741922508));
#610 = CARTESIAN_POINT('',(-41.38908486182,30.009222435644));
#611 = CARTESIAN_POINT('',(-40.04359543055,31.168931959709));
#612 = CARTESIAN_POINT('',(-38.57770437895,32.17214251359));
#613 = CARTESIAN_POINT('',(-37.012373792,33.005070996307));
#614 = CARTESIAN_POINT('',(-35.37062479004,33.656712314603));
#615 = CARTESIAN_POINT('',(-31.9931312268,34.582170568508));
#616 = CARTESIAN_POINT('',(-30.25571459244,34.85805531869));
#617 = CARTESIAN_POINT('',(-28.49174317741,34.940609832687));
#618 = CARTESIAN_POINT('',(-26.72632495229,34.827571460553));
#619 = CARTESIAN_POINT('',(-24.98422246436,34.520068472998));
#620 = CARTESIAN_POINT('',(-23.28976310506,34.022858353464));
#621 = CARTESIAN_POINT('',(-21.66680835036,33.344075020058));
#622 = CARTESIAN_POINT('',(-20.13837958555,32.496947941935));
#623 = ( GEOMETRIC_REPRESENTATION_CONTEXT(2) 
PARAMETRIC_REPRESENTATION_CONTEXT() REPRESENTATION_CONTEXT('2D SPACE',''
  ) );
#624 = PCURVE('',#625,#650);
#625 = B_SPLINE_SURFACE_WITH_KNOTS('',11,1,(
    (#626,#627)
    ,(#628,#629)
    ,(#630,#631)
    ,(#632,#633)
    ,(#634,#635)
    ,(#636,#637)
    ,(#638,#639)
    ,(#640,#641)
    ,(#642,#643)
    ,(#644,#645)
    ,(#646,#647)
    ,(#648,#649
    )),.UNSPECIFIED.,.F.,.F.,.F.,(12,12),(2,2),(0.146308406257,
    3.252899559129),(0.,1.),.PIECEWISE_BEZIER_KNOTS.);
#626 = CARTESIAN_POINT('',(-23.37035528422,-14.48262423301,0.));
#627 = CARTESIAN_POINT('',(-32.67947979508,-20.2514946926,102.));
#628 = CARTESIAN_POINT('',(-25.15014549047,-17.69381015401,0.));
#629 = CARTESIAN_POINT('',(-35.16821466357,-24.74179379791,
    102.00000000001));
#630 = CARTESIAN_POINT('',(-25.93235382133,-21.45790250356,0.));
#631 = CARTESIAN_POINT('',(-36.26199698186,-30.00524078248,
    101.99999999994));
#632 = CARTESIAN_POINT('',(-25.52611078633,-25.43057188061,0.));
#633 = CARTESIAN_POINT('',(-35.69395595455,-35.56033328807,
    102.00000000012));
#634 = CARTESIAN_POINT('',(-23.87435119776,-29.1933096402,0.));
#635 = CARTESIAN_POINT('',(-33.38418872668,-40.82191962393,
    101.99999999978));
#636 = CARTESIAN_POINT('',(-21.08638963593,-32.31302750051,0.));
#637 = CARTESIAN_POINT('',(-29.48580825349,-45.18425200028,
    102.00000000027));
#638 = CARTESIAN_POINT('',(-17.44070787066,-34.41786284906,0.));
#639 = CARTESIAN_POINT('',(-24.38780595638,-48.12758499858,
    101.99999999974));
#640 = CARTESIAN_POINT('',(-13.34497217007,-35.27244945623,0.));
#641 = CARTESIAN_POINT('',(-18.66072506232,-49.32251533416,
    102.00000000018));
#642 = CARTESIAN_POINT('',(-9.260465888212,-34.82154634109,0.));
#643 = CARTESIAN_POINT('',(-12.94917401718,-48.69203926216,
    101.99999999989));
#644 = CARTESIAN_POINT('',(-5.616911769349,-33.18702844098,0.));
#645 = CARTESIAN_POINT('',(-7.854302273383,-46.40643096952,
    102.00000000003));
#646 = CARTESIAN_POINT('',(-2.748216337878,-30.62756998063,0.));
#647 = CARTESIAN_POINT('',(-3.842914632401,-42.82746420335,
    101.99999999999));
#648 = CARTESIAN_POINT('',(-0.857142857143,-27.48063348811,0.));
#649 = CARTESIAN_POINT('',(-1.198568970854,-38.4270070313,102.));
#650 = DEFINITIONAL_REPRESENTATION('',(#651),#682);
#651 = B_SPLINE_CURVE_WITH_KNOTS('',8,(#652,#653,#654,#655,#656,#657,
    #658,#659,#660,#661,#662,#663,#664,#665,#666,#667,#668,#669,#670,
    #671,#672,#673,#674,#675,#676,#677,#678,#679,#680,#681),
  .UNSPECIFIED.,.F.,.F.,(9,7,7,7,9),(0.,0.250999088178,0.500999092635,
    0.750999097103,1.),.UNSPECIFIED.);
#652 = CARTESIAN_POINT('',(3.252899559129,0.980392156863));
#653 = CARTESIAN_POINT('',(3.155453309483,0.980392156863));
#654 = CARTESIAN_POINT('',(3.057945610095,0.980392156863));
#655 = CARTESIAN_POINT('',(2.96047175704,0.980392156863));
#656 = CARTESIAN_POINT('',(2.863022370033,0.980392156863));
#657 = CARTESIAN_POINT('',(2.765572983929,0.980392156863));
#658 = CARTESIAN_POINT('',(2.668099126724,0.980392156863));
#659 = CARTESIAN_POINT('',(2.570591429453,0.980392156863));
#660 = CARTESIAN_POINT('',(2.376086807814,0.980392156863));
#661 = CARTESIAN_POINT('',(2.278968194646,0.980392156863));
#662 = CARTESIAN_POINT('',(2.181882711089,0.980392156863));
#663 = CARTESIAN_POINT('',(2.084821286036,0.980392156863));
#664 = CARTESIAN_POINT('',(1.987759860793,0.980392156863));
#665 = CARTESIAN_POINT('',(1.890674376881,0.980392156863));
#666 = CARTESIAN_POINT('',(1.793555763506,0.980392156863));
#667 = CARTESIAN_POINT('',(1.599439019571,0.980392156863));
#668 = CARTESIAN_POINT('',(1.502320406197,0.980392156863));
#669 = CARTESIAN_POINT('',(1.405234922286,0.980392156863));
#670 = CARTESIAN_POINT('',(1.308173497051,0.980392156863));
#671 = CARTESIAN_POINT('',(1.211112072008,0.980392156863));
#672 = CARTESIAN_POINT('',(1.114026588448,0.980392156863));
#673 = CARTESIAN_POINT('',(1.016907975273,0.980392156863));
#674 = CARTESIAN_POINT('',(0.823179116052,0.980392156863));
#675 = CARTESIAN_POINT('',(0.72644957431,0.980392156863));
#676 = CARTESIAN_POINT('',(0.629752463205,0.980392156863));
#677 = CARTESIAN_POINT('',(0.533079004198,0.980392156863));
#678 = CARTESIAN_POINT('',(0.43640554435,0.980392156863));
#679 = CARTESIAN_POINT('',(0.33970843729,0.980392156863));
#680 = CARTESIAN_POINT('',(0.242978893467,0.980392156863));
#681 = CARTESIAN_POINT('',(0.146308406257,0.980392156863));
#682 = ( GEOMETRIC_REPRESENTATION_CONTEXT(2) 
PARAMETRIC_REPRESENTATION_CONTEXT() REPRESENTATION_CONTEXT('2D SPACE',''
  ) );
#683 = ORIENTED_EDGE('',*,*,#684,.T.);
#684 = EDGE_CURVE('',#556,#685,#687,.T.);
#685 = VERTEX_POINT('',#686);
#686 = CARTESIAN_POINT('',(-33.6888222831,-18.0739926704,100.));
#687 = SURFACE_CURVE('',#688,(#721,#757),.PCURVE_S1.);
#688 = B_SPLINE_CURVE_WITH_KNOTS('',6,(#689,#690,#691,#692,#693,#694,
    #695,#696,#697,#698,#699,#700,#701,#702,#703,#704,#705,#706,#707,
    #708,#709,#710,#711,#712,#713,#714,#715,#716,#717,#718,#719,#720),
  .UNSPECIFIED.,.F.,.F.,(7,5,5,5,5,5,7),(0.,0.203001496856,
    0.367003928552,0.633998600614,0.742000701398,0.978999567195,1.),
  .UNSPECIFIED.);
#689 = CARTESIAN_POINT('',(-32.49694794193,-20.13837958555,100.));
#690 = CARTESIAN_POINT('',(-32.4499812756,-20.05363999257,100.));
#691 = CARTESIAN_POINT('',(-32.41009792229,-19.96496926173,100.));
#692 = CARTESIAN_POINT('',(-32.37771245604,-19.8731169183,100.));
#693 = CARTESIAN_POINT('',(-32.35312945475,-19.77887604095,100.));
#694 = CARTESIAN_POINT('',(-32.33654059629,-19.68307424754,100.));
#695 = CARTESIAN_POINT('',(-32.3211394863,-19.50859577999,100.));
#696 = CARTESIAN_POINT('',(-32.31952382694,-19.43016038609,100.));
#697 = CARTESIAN_POINT('',(-32.32321416203,-19.35170666344,100.));
#698 = CARTESIAN_POINT('',(-32.33219948647,-19.27368186313,100.));
#699 = CARTESIAN_POINT('',(-32.3464186647,-19.19652917561,100.));
#700 = CARTESIAN_POINT('',(-32.39724935759,-18.99721018159,100.));
#701 = CARTESIAN_POINT('',(-32.44232088915,-18.87718012708,100.));
#702 = CARTESIAN_POINT('',(-32.50049585407,-18.76250414263,100.));
#703 = CARTESIAN_POINT('',(-32.5709423743,-18.65493000176,100.));
#704 = CARTESIAN_POINT('',(-32.65255949128,-18.55604975494,100.));
#705 = CARTESIAN_POINT('',(-32.78089064209,-18.43130226273,100.));
#706 = CARTESIAN_POINT('',(-32.81944945616,-18.39701789862,100.));
#707 = CARTESIAN_POINT('',(-32.85951475365,-18.36446675664,100.));
#708 = CARTESIAN_POINT('',(-32.90098881484,-18.33373066796,100.));
#709 = CARTESIAN_POINT('',(-32.94376812248,-18.30488399448,100.));
#710 = CARTESIAN_POINT('',(-33.08424224255,-18.21898564555,100.));
#711 = CARTESIAN_POINT('',(-33.18650999905,-18.16939175664,100.));
#712 = CARTESIAN_POINT('',(-33.29337921806,-18.1299300953,100.));
#713 = CARTESIAN_POINT('',(-33.40359300942,-18.10110009971,100.));
#714 = CARTESIAN_POINT('',(-33.5158349795,-18.08321172558,100.));
#715 = CARTESIAN_POINT('',(-33.63874100063,-18.07573620048,100.));
#716 = CARTESIAN_POINT('',(-33.64875047558,-18.07521424445,100.));
#717 = CARTESIAN_POINT('',(-33.65876427788,-18.07477887659,100.));
#718 = CARTESIAN_POINT('',(-33.66878147123,-18.07443014048,100.));
#719 = CARTESIAN_POINT('',(-33.67880111876,-18.0741680662,100.));
#720 = CARTESIAN_POINT('',(-33.6888222831,-18.0739926704,100.));
#721 = PCURVE('',#43,#722);
#722 = DEFINITIONAL_REPRESENTATION('',(#723),#756);
#723 = B_SPLINE_CURVE_WITH_KNOTS('',6,(#724,#725,#726,#727,#728,#729,
    #730,#731,#732,#733,#734,#735,#736,#737,#738,#739,#740,#741,#742,
    #743,#744,#745,#746,#747,#748,#749,#750,#751,#752,#753,#754,#755),
  .UNSPECIFIED.,.F.,.F.,(7,5,5,5,5,5,7),(0.,0.203001496856,
    0.367003928552,0.633998600614,0.742000701398,0.978999567195,1.),
  .UNSPECIFIED.);
#724 = CARTESIAN_POINT('',(-20.13837958555,32.496947941935));
#725 = CARTESIAN_POINT('',(-20.05363999257,32.449981275607));
#726 = CARTESIAN_POINT('',(-19.96496926173,32.410097922299));
#727 = CARTESIAN_POINT('',(-19.87311691831,32.377712456047));
#728 = CARTESIAN_POINT('',(-19.77887604095,32.353129454758));
#729 = CARTESIAN_POINT('',(-19.68307424754,32.336540596298));
#730 = CARTESIAN_POINT('',(-19.50859577999,32.321139486308));
#731 = CARTESIAN_POINT('',(-19.43016038609,32.319523826946));
#732 = CARTESIAN_POINT('',(-19.35170666344,32.32321416203));
#733 = CARTESIAN_POINT('',(-19.27368186313,32.332199486474));
#734 = CARTESIAN_POINT('',(-19.19652917561,32.346418664706));
#735 = CARTESIAN_POINT('',(-18.99721018159,32.397249357595));
#736 = CARTESIAN_POINT('',(-18.87718012708,32.442320889151));
#737 = CARTESIAN_POINT('',(-18.76250414263,32.500495854076));
#738 = CARTESIAN_POINT('',(-18.65493000176,32.570942374301));
#739 = CARTESIAN_POINT('',(-18.55604975494,32.652559491283));
#740 = CARTESIAN_POINT('',(-18.43130226273,32.78089064209));
#741 = CARTESIAN_POINT('',(-18.39701789862,32.819449456162));
#742 = CARTESIAN_POINT('',(-18.36446675664,32.859514753658));
#743 = CARTESIAN_POINT('',(-18.33373066796,32.900988814846));
#744 = CARTESIAN_POINT('',(-18.30488399448,32.943768122483));
#745 = CARTESIAN_POINT('',(-18.21898564555,33.084242242554));
#746 = CARTESIAN_POINT('',(-18.16939175664,33.186509999052));
#747 = CARTESIAN_POINT('',(-18.1299300953,33.29337921806));
#748 = CARTESIAN_POINT('',(-18.10110009971,33.403593009428));
#749 = CARTESIAN_POINT('',(-18.08321172558,33.515834979504));
#750 = CARTESIAN_POINT('',(-18.07573620048,33.638741000632));
#751 = CARTESIAN_POINT('',(-18.07521424445,33.648750475586));
#752 = CARTESIAN_POINT('',(-18.07477887659,33.658764277888));
#753 = CARTESIAN_POINT('',(-18.07443014048,33.668781471231));
#754 = CARTESIAN_POINT('',(-18.0741680662,33.678801118767));
#755 = CARTESIAN_POINT('',(-18.0739926704,33.688822283108));
#756 = ( GEOMETRIC_REPRESENTATION_CONTEXT(2) 
PARAMETRIC_REPRESENTATION_CONTEXT() REPRESENTATION_CONTEXT('2D SPACE',''
  ) );
#757 = PCURVE('',#758,#777);
#758 = B_SPLINE_SURFACE_WITH_KNOTS('',8,1,(
    (#759,#760)
    ,(#761,#762)
    ,(#763,#764)
    ,(#765,#766)
    ,(#767,#768)
    ,(#769,#770)
    ,(#771,#772)
    ,(#773,#774)
    ,(#775,#776
    )),.UNSPECIFIED.,.F.,.F.,.F.,(9,9),(2,2),(1.588297077154,
    3.647690678829),(0.,1.),.PIECEWISE_BEZIER_KNOTS.);
#759 = CARTESIAN_POINT('',(-24.22749814137,-12.9980092551,0.));
#760 = CARTESIAN_POINT('',(-33.87804876594,-18.1755123387,102.));
#761 = CARTESIAN_POINT('',(-23.97011336161,-13.0025141418,0.));
#762 = CARTESIAN_POINT('',(-33.51813978692,-18.18181165902,
    101.99999999999));
#763 = CARTESIAN_POINT('',(-23.71405338789,-13.0827421671,0.));
#764 = CARTESIAN_POINT('',(-33.16008332454,-18.29399695103,102.));
#765 = CARTESIAN_POINT('',(-23.4853129119,-13.23823234808,0.));
#766 = CARTESIAN_POINT('',(-32.84022854817,-18.51142360825,
    101.99999999999));
#767 = CARTESIAN_POINT('',(-23.30967709446,-13.45784834521,0.));
#768 = CARTESIAN_POINT('',(-32.59463163372,-18.81851934786,102.));
#769 = CARTESIAN_POINT('',(-23.20730197059,-13.7197614235,0.));
#770 = CARTESIAN_POINT('',(-32.45147737905,-19.18476038467,
    101.99999999999));
#771 = CARTESIAN_POINT('',(-23.18701376182,-13.99560157706,0.));
#772 = CARTESIAN_POINT('',(-32.42310775862,-19.57047607514,102.));
#773 = CARTESIAN_POINT('',(-23.24556424067,-14.25747003185,0.));
#774 = CARTESIAN_POINT('',(-32.504980677,-19.93665471356,102.));
#775 = CARTESIAN_POINT('',(-23.37035528422,-14.48262423301,0.));
#776 = CARTESIAN_POINT('',(-32.67947979508,-20.2514946926,102.));
#777 = DEFINITIONAL_REPRESENTATION('',(#778),#811);
#778 = B_SPLINE_CURVE_WITH_KNOTS('',6,(#779,#780,#781,#782,#783,#784,
    #785,#786,#787,#788,#789,#790,#791,#792,#793,#794,#795,#796,#797,
    #798,#799,#800,#801,#802,#803,#804,#805,#806,#807,#808,#809,#810),
  .UNSPECIFIED.,.F.,.F.,(7,5,5,5,5,5,7),(0.,0.203001496856,
    0.367003928552,0.633998600614,0.742000701398,0.978999567195,1.),
  .UNSPECIFIED.);
#779 = CARTESIAN_POINT('',(3.647690678829,0.980392156863));
#780 = CARTESIAN_POINT('',(3.578015445634,0.980392156863));
#781 = CARTESIAN_POINT('',(3.508336928286,0.980392156863));
#782 = CARTESIAN_POINT('',(3.438662256226,0.980392156863));
#783 = CARTESIAN_POINT('',(3.368987570193,0.980392156863));
#784 = CARTESIAN_POINT('',(3.299309022563,0.980392156863));
#785 = CARTESIAN_POINT('',(3.173343997736,0.980392156863));
#786 = CARTESIAN_POINT('',(3.117053062844,0.980392156863));
#787 = CARTESIAN_POINT('',(3.060763491792,0.980392156863));
#788 = CARTESIAN_POINT('',(3.00447392383,0.980392156863));
#789 = CARTESIAN_POINT('',(2.948182997095,0.980392156863));
#790 = CARTESIAN_POINT('',(2.800253922965,0.980392156863));
#791 = CARTESIAN_POINT('',(2.708601198523,0.980392156863));
#792 = CARTESIAN_POINT('',(2.616964180867,0.980392156863));
#793 = CARTESIAN_POINT('',(2.525327163401,0.980392156863));
#794 = CARTESIAN_POINT('',(2.433674439244,0.980392156863));
#795 = CARTESIAN_POINT('',(2.304966091043,0.980392156863));
#796 = CARTESIAN_POINT('',(2.267896998485,0.980392156863));
#797 = CARTESIAN_POINT('',(2.230827881751,0.980392156863));
#798 = CARTESIAN_POINT('',(2.193758764853,0.980392156863));
#799 = CARTESIAN_POINT('',(2.156689671758,0.980392156863));
#800 = CARTESIAN_POINT('',(2.038276637283,0.980392156863));
#801 = CARTESIAN_POINT('',(1.956925212542,0.980392156863));
#802 = CARTESIAN_POINT('',(1.875582482904,0.980392156863));
#803 = CARTESIAN_POINT('',(1.79423972683,0.980392156863));
#804 = CARTESIAN_POINT('',(1.712888320176,0.980392156863));
#805 = CARTESIAN_POINT('',(1.624336465547,0.980392156863));
#806 = CARTESIAN_POINT('',(1.617128588214,0.980392156863));
#807 = CARTESIAN_POINT('',(1.609920710755,0.980392156863));
#808 = CARTESIAN_POINT('',(1.602712833128,0.980392156863));
#809 = CARTESIAN_POINT('',(1.595504955281,0.980392156863));
#810 = CARTESIAN_POINT('',(1.588297077154,0.980392156863));
#811 = ( GEOMETRIC_REPRESENTATION_CONTEXT(2) 
PARAMETRIC_REPRESENTATION_CONTEXT() REPRESENTATION_CONTEXT('2D SPACE',''
  ) );
#812 = ORIENTED_EDGE('',*,*,#813,.T.);
#813 = EDGE_CURVE('',#685,#814,#816,.T.);
#814 = VERTEX_POINT('',#815);
#815 = CARTESIAN_POINT('',(-33.6888222831,18.073992670401,100.));
#816 = SURFACE_CURVE('',#817,(#848,#882),.PCURVE_S1.);
#817 = B_SPLINE_CURVE_WITH_KNOTS('',8,(#818,#819,#820,#821,#822,#823,
    #824,#825,#826,#827,#828,#829,#830,#831,#832,#833,#834,#835,#836,
    #837,#838,#839,#840,#841,#842,#843,#844,#845,#846,#847),
  .UNSPECIFIED.,.F.,.F.,(9,7,7,7,9),(0.,0.249999999969,0.5,0.75000000003
    ,1.),.UNSPECIFIED.);
#818 = CARTESIAN_POINT('',(-33.6888222831,-18.0739926704,100.));
#819 = CARTESIAN_POINT('',(-35.44305458489,-18.04328915416,100.));
#820 = CARTESIAN_POINT('',(-37.19497125513,-17.81798011489,100.));
#821 = CARTESIAN_POINT('',(-38.91768513627,-17.39811514008,100.));
#822 = CARTESIAN_POINT('',(-40.58616836122,-16.78866316986,100.));
#823 = CARTESIAN_POINT('',(-42.17670097583,-15.99779402973,100.));
#824 = CARTESIAN_POINT('',(-43.66702985419,-15.03709140967,100.));
#825 = CARTESIAN_POINT('',(-45.03632368782,-13.92129098512,100.));
#826 = CARTESIAN_POINT('',(-47.49575627782,-11.41843540667,100.));
#827 = CARTESIAN_POINT('',(-48.58742339065,-10.02982491139,100.));
#828 = CARTESIAN_POINT('',(-49.52189835771,-8.522912093617,100.));
#829 = CARTESIAN_POINT('',(-50.2848122864,-6.918782944643,100.));
#830 = CARTESIAN_POINT('',(-50.86497272597,-5.239889899897,100.));
#831 = CARTESIAN_POINT('',(-51.25462614459,-3.510092247549,100.));
#832 = CARTESIAN_POINT('',(-51.44924238919,-1.754500976714,100.));
#833 = CARTESIAN_POINT('',(-51.44924238919,1.754500976716,100.));
#834 = CARTESIAN_POINT('',(-51.25462614459,3.510092247552,100.));
#835 = CARTESIAN_POINT('',(-50.86497272594,5.2398898999,100.));
#836 = CARTESIAN_POINT('',(-50.28481228644,6.918782944635,100.));
#837 = CARTESIAN_POINT('',(-49.52189835768,8.522912093632,100.));
#838 = CARTESIAN_POINT('',(-48.58742339067,10.029824911388,100.));
#839 = CARTESIAN_POINT('',(-47.49575627782,11.41843540668,100.));
#840 = CARTESIAN_POINT('',(-45.03632368782,13.921290985124,100.));
#841 = CARTESIAN_POINT('',(-43.66702985419,15.037091409683,100.));
#842 = CARTESIAN_POINT('',(-42.17670097584,15.997794029718,100.));
#843 = CARTESIAN_POINT('',(-40.5861683612,16.788663169885,100.));
#844 = CARTESIAN_POINT('',(-38.91768513629,17.398115140073,100.));
#845 = CARTESIAN_POINT('',(-37.19497125511,17.817980114901,100.));
#846 = CARTESIAN_POINT('',(-35.44305458489,18.043289154166,100.));
#847 = CARTESIAN_POINT('',(-33.6888222831,18.073992670401,100.));
#848 = PCURVE('',#43,#849);
#849 = DEFINITIONAL_REPRESENTATION('',(#850),#881);
#850 = B_SPLINE_CURVE_WITH_KNOTS('',8,(#851,#852,#853,#854,#855,#856,
    #857,#858,#859,#860,#861,#862,#863,#864,#865,#866,#867,#868,#869,
    #870,#871,#872,#873,#874,#875,#876,#877,#878,#879,#880),
  .UNSPECIFIED.,.F.,.F.,(9,7,7,7,9),(0.,0.249999999969,0.5,0.75000000003
    ,1.),.UNSPECIFIED.);
#851 = CARTESIAN_POINT('',(-18.0739926704,33.688822283108));
#852 = CARTESIAN_POINT('',(-18.04328915416,35.443054584893));
#853 = CARTESIAN_POINT('',(-17.81798011489,37.19497125513));
#854 = CARTESIAN_POINT('',(-17.39811514008,38.917685136277));
#855 = CARTESIAN_POINT('',(-16.78866316986,40.586168361228));
#856 = CARTESIAN_POINT('',(-15.99779402973,42.176700975838));
#857 = CARTESIAN_POINT('',(-15.03709140967,43.667029854194));
#858 = CARTESIAN_POINT('',(-13.92129098512,45.036323687828));
#859 = CARTESIAN_POINT('',(-11.41843540667,47.495756277828));
#860 = CARTESIAN_POINT('',(-10.02982491139,48.587423390657));
#861 = CARTESIAN_POINT('',(-8.522912093617,49.521898357718));
#862 = CARTESIAN_POINT('',(-6.918782944643,50.284812286403));
#863 = CARTESIAN_POINT('',(-5.239889899897,50.864972725975));
#864 = CARTESIAN_POINT('',(-3.510092247549,51.254626144591));
#865 = CARTESIAN_POINT('',(-1.754500976714,51.449242389191));
#866 = CARTESIAN_POINT('',(1.754500976716,51.449242389191));
#867 = CARTESIAN_POINT('',(3.510092247552,51.254626144598));
#868 = CARTESIAN_POINT('',(5.2398898999,50.864972725949));
#869 = CARTESIAN_POINT('',(6.918782944635,50.28481228644));
#870 = CARTESIAN_POINT('',(8.522912093632,49.521898357687));
#871 = CARTESIAN_POINT('',(10.029824911388,48.587423390671));
#872 = CARTESIAN_POINT('',(11.41843540668,47.495756277823));
#873 = CARTESIAN_POINT('',(13.921290985124,45.036323687828));
#874 = CARTESIAN_POINT('',(15.037091409683,43.667029854191));
#875 = CARTESIAN_POINT('',(15.997794029718,42.176700975845));
#876 = CARTESIAN_POINT('',(16.788663169885,40.586168361208));
#877 = CARTESIAN_POINT('',(17.398115140073,38.917685136299));
#878 = CARTESIAN_POINT('',(17.817980114901,37.194971255116));
#879 = CARTESIAN_POINT('',(18.043289154166,35.443054584896));
#880 = CARTESIAN_POINT('',(18.073992670401,33.688822283108));
#881 = ( GEOMETRIC_REPRESENTATION_CONTEXT(2) 
PARAMETRIC_REPRESENTATION_CONTEXT() REPRESENTATION_CONTEXT('2D SPACE',''
  ) );
#882 = PCURVE('',#883,#908);
#883 = B_SPLINE_SURFACE_WITH_KNOTS('',11,1,(
    (#884,#885)
    ,(#886,#887)
    ,(#888,#889)
    ,(#890,#891)
    ,(#892,#893)
    ,(#894,#895)
    ,(#896,#897)
    ,(#898,#899)
    ,(#900,#901)
    ,(#902,#903)
    ,(#904,#905)
    ,(#906,#907
    )),.UNSPECIFIED.,.F.,.F.,.F.,(12,12),(2,2),(0.146308406257,
    3.252899559129),(0.,1.),.PIECEWISE_BEZIER_KNOTS.);
#884 = CARTESIAN_POINT('',(-24.22749814137,12.9980092551,0.));
#885 = CARTESIAN_POINT('',(-33.87804876594,18.175512338707,102.));
#886 = CARTESIAN_POINT('',(-27.89836182835,12.933759826621,0.));
#887 = CARTESIAN_POINT('',(-39.01112929597,18.085670405441,102.));
#888 = CARTESIAN_POINT('',(-31.54926559068,11.729125937418,0.));
#889 = CARTESIAN_POINT('',(-44.11629925523,16.401190187012,
    101.99999999996));
#890 = CARTESIAN_POINT('',(-34.78657667455,9.390974460478,0.));
#891 = CARTESIAN_POINT('',(-48.64312997177,13.131705974174,
    102.00000000007));
#892 = CARTESIAN_POINT('',(-37.21932336784,6.079139816035,0.));
#893 = CARTESIAN_POINT('',(-52.04491378895,8.500595710073,
    101.99999999988));
#894 = CARTESIAN_POINT('',(-38.52709750659,2.104835348558,0.));
#895 = CARTESIAN_POINT('',(-53.87361420994,2.943332998497,
    102.00000000014));
#896 = CARTESIAN_POINT('',(-38.52709750659,-2.104835348557,0.));
#897 = CARTESIAN_POINT('',(-53.8736142098,-2.943332998496,
    101.99999999987));
#898 = CARTESIAN_POINT('',(-37.21932336784,-6.079139816037,0.));
#899 = CARTESIAN_POINT('',(-52.04491378906,-8.500595710073,
    102.00000000008));
#900 = CARTESIAN_POINT('',(-34.78657667454,-9.390974460476,0.));
#901 = CARTESIAN_POINT('',(-48.6431299717,-13.13170597417,
    101.99999999995));
#902 = CARTESIAN_POINT('',(-31.54926559068,-11.72912593741,0.));
#903 = CARTESIAN_POINT('',(-44.11629925526,-16.40119018701,
    102.00000000001));
#904 = CARTESIAN_POINT('',(-27.89836182835,-12.93375982662,0.));
#905 = CARTESIAN_POINT('',(-39.01112929597,-18.08567040544,
    101.99999999999));
#906 = CARTESIAN_POINT('',(-24.22749814137,-12.9980092551,0.));
#907 = CARTESIAN_POINT('',(-33.87804876594,-18.1755123387,102.));
#908 = DEFINITIONAL_REPRESENTATION('',(#909),#940);
#909 = B_SPLINE_CURVE_WITH_KNOTS('',8,(#910,#911,#912,#913,#914,#915,
    #916,#917,#918,#919,#920,#921,#922,#923,#924,#925,#926,#927,#928,
    #929,#930,#931,#932,#933,#934,#935,#936,#937,#938,#939),
  .UNSPECIFIED.,.F.,.F.,(9,7,7,7,9),(0.,0.249999999969,0.5,0.75000000003
    ,1.),.UNSPECIFIED.);
#910 = CARTESIAN_POINT('',(3.252899559129,0.980392156863));
#911 = CARTESIAN_POINT('',(3.155841187259,0.980392156863));
#912 = CARTESIAN_POINT('',(3.058722571746,0.980392156863));
#913 = CARTESIAN_POINT('',(2.961637091542,0.980392156863));
#914 = CARTESIAN_POINT('',(2.864575665611,0.980392156863));
#915 = CARTESIAN_POINT('',(2.767514240551,0.980392156863));
#916 = CARTESIAN_POINT('',(2.670428756252,0.980392156863));
#917 = CARTESIAN_POINT('',(2.573310142836,0.980392156863));
#918 = CARTESIAN_POINT('',(2.379193398963,0.980392156863));
#919 = CARTESIAN_POINT('',(2.282074785795,0.980392156863));
#920 = CARTESIAN_POINT('',(2.184989302229,0.980392156863));
#921 = CARTESIAN_POINT('',(2.087927877192,0.980392156863));
#922 = CARTESIAN_POINT('',(1.990866451943,0.980392156863));
#923 = CARTESIAN_POINT('',(1.893780968038,0.980392156863));
#924 = CARTESIAN_POINT('',(1.79666235466,0.980392156863));
#925 = CARTESIAN_POINT('',(1.602545610726,0.980392156863));
#926 = CARTESIAN_POINT('',(1.505426997349,0.980392156863));
#927 = CARTESIAN_POINT('',(1.408341513445,0.980392156863));
#928 = CARTESIAN_POINT('',(1.311280088194,0.980392156863));
#929 = CARTESIAN_POINT('',(1.214218663158,0.980392156863));
#930 = CARTESIAN_POINT('',(1.117133179592,0.980392156863));
#931 = CARTESIAN_POINT('',(1.020014566424,0.980392156863));
#932 = CARTESIAN_POINT('',(0.825897822551,0.980392156863));
#933 = CARTESIAN_POINT('',(0.728779209135,0.980392156863));
#934 = CARTESIAN_POINT('',(0.631693724836,0.980392156863));
#935 = CARTESIAN_POINT('',(0.534632299775,0.980392156863));
#936 = CARTESIAN_POINT('',(0.437570873845,0.980392156863));
#937 = CARTESIAN_POINT('',(0.340485393641,0.980392156863));
#938 = CARTESIAN_POINT('',(0.243366778128,0.980392156863));
#939 = CARTESIAN_POINT('',(0.146308406257,0.980392156863));
#940 = ( GEOMETRIC_REPRESENTATION_CONTEXT(2) 
PARAMETRIC_REPRESENTATION_CONTEXT() REPRESENTATION_CONTEXT('2D SPACE',''
  ) );
#941 = ORIENTED_EDGE('',*,*,#942,.T.);
#942 = EDGE_CURVE('',#814,#943,#945,.T.);
#943 = VERTEX_POINT('',#944);
#944 = CARTESIAN_POINT('',(-32.49694794193,20.13837958555,100.));
#945 = SURFACE_CURVE('',#946,(#979,#1015),.PCURVE_S1.);
#946 = B_SPLINE_CURVE_WITH_KNOTS('',6,(#947,#948,#949,#950,#951,#952,
    #953,#954,#955,#956,#957,#958,#959,#960,#961,#962,#963,#964,#965,
    #966,#967,#968,#969,#970,#971,#972,#973,#974,#975,#976,#977,#978),
  .UNSPECIFIED.,.F.,.F.,(7,5,5,5,5,5,7),(0.,2.90006014666E-02,
    0.132002633577,0.355002814408,0.628996219279,0.79199869234,1.),
  .UNSPECIFIED.);
#947 = CARTESIAN_POINT('',(-33.6888222831,18.073992670401,100.));
#948 = CARTESIAN_POINT('',(-33.67498353219,18.074234883654,100.));
#949 = CARTESIAN_POINT('',(-33.66114767363,18.074642395323,100.));
#950 = CARTESIAN_POINT('',(-33.64731717648,18.075215161592,100.));
#951 = CARTESIAN_POINT('',(-33.63349450746,18.07595308968,100.));
#952 = CARTESIAN_POINT('',(-33.61968213087,18.076856037843,100.));
#953 = CARTESIAN_POINT('',(-33.5568701071,18.081716262754,100.));
#954 = CARTESIAN_POINT('',(-33.50801837552,18.087588015691,100.));
#955 = CARTESIAN_POINT('',(-33.45943809813,18.095530466547,100.));
#956 = CARTESIAN_POINT('',(-33.41123863251,18.105527320633,100.));
#957 = CARTESIAN_POINT('',(-33.36352790968,18.117554596212,100.));
#958 = CARTESIAN_POINT('',(-33.21440707197,18.161947082124,100.));
#959 = CARTESIAN_POINT('',(-33.1151833741,18.201684653156,100.));
#960 = CARTESIAN_POINT('',(-33.01983422461,18.250470686661,100.));
#961 = CARTESIAN_POINT('',(-32.92937415061,18.307816265584,100.));
#962 = CARTESIAN_POINT('',(-32.8447396706,18.37309586494,100.));
#963 = CARTESIAN_POINT('',(-32.67095754046,18.534532146071,100.));
#964 = CARTESIAN_POINT('',(-32.58517901889,18.63435869924,100.));
#965 = CARTESIAN_POINT('',(-32.51099504935,18.743567996599,100.));
#966 = CARTESIAN_POINT('',(-32.44962478205,18.860459491,100.));
#967 = CARTESIAN_POINT('',(-32.40199368602,18.983156570318,100.));
#968 = CARTESIAN_POINT('',(-32.34879253467,19.184818315125,100.));
#969 = CARTESIAN_POINT('',(-32.33399789303,19.261373341652,100.));
#970 = CARTESIAN_POINT('',(-32.32436550828,19.338835070588,100.));
#971 = CARTESIAN_POINT('',(-32.3199592835,19.416768934736,100.));
#972 = CARTESIAN_POINT('',(-32.32079424233,19.494735951108,100.));
#973 = CARTESIAN_POINT('',(-32.33454622571,19.671266925642,100.));
#974 = CARTESIAN_POINT('',(-32.35073590243,19.769582636348,100.));
#975 = CARTESIAN_POINT('',(-32.37533303437,19.866323870316,100.));
#976 = CARTESIAN_POINT('',(-32.40813749708,19.960598773345,100.));
#977 = CARTESIAN_POINT('',(-32.44882452363,20.051552923187,100.));
#978 = CARTESIAN_POINT('',(-32.49694794193,20.13837958555,100.));
#979 = PCURVE('',#43,#980);
#980 = DEFINITIONAL_REPRESENTATION('',(#981),#1014);
#981 = B_SPLINE_CURVE_WITH_KNOTS('',6,(#982,#983,#984,#985,#986,#987,
    #988,#989,#990,#991,#992,#993,#994,#995,#996,#997,#998,#999,#1000,
    #1001,#1002,#1003,#1004,#1005,#1006,#1007,#1008,#1009,#1010,#1011,
    #1012,#1013),.UNSPECIFIED.,.F.,.F.,(7,5,5,5,5,5,7),(0.,
    2.90006014666E-02,0.132002633577,0.355002814408,0.628996219279,
    0.79199869234,1.),.UNSPECIFIED.);
#982 = CARTESIAN_POINT('',(18.073992670401,33.688822283108));
#983 = CARTESIAN_POINT('',(18.074234883654,33.674983532194));
#984 = CARTESIAN_POINT('',(18.074642395323,33.661147673633));
#985 = CARTESIAN_POINT('',(18.075215161592,33.647317176489));
#986 = CARTESIAN_POINT('',(18.07595308968,33.63349450746));
#987 = CARTESIAN_POINT('',(18.076856037843,33.619682130878));
#988 = CARTESIAN_POINT('',(18.081716262754,33.5568701071));
#989 = CARTESIAN_POINT('',(18.087588015691,33.508018375523));
#990 = CARTESIAN_POINT('',(18.095530466547,33.459438098134));
#991 = CARTESIAN_POINT('',(18.105527320633,33.411238632517));
#992 = CARTESIAN_POINT('',(18.117554596212,33.363527909684));
#993 = CARTESIAN_POINT('',(18.161947082124,33.214407071973));
#994 = CARTESIAN_POINT('',(18.201684653156,33.115183374106));
#995 = CARTESIAN_POINT('',(18.250470686661,33.019834224612));
#996 = CARTESIAN_POINT('',(18.307816265584,32.92937415061));
#997 = CARTESIAN_POINT('',(18.37309586494,32.844739670602));
#998 = CARTESIAN_POINT('',(18.534532146071,32.670957540462));
#999 = CARTESIAN_POINT('',(18.63435869924,32.585179018891));
#1000 = CARTESIAN_POINT('',(18.743567996599,32.510995049358));
#1001 = CARTESIAN_POINT('',(18.860459491,32.449624782054));
#1002 = CARTESIAN_POINT('',(18.983156570318,32.401993686027));
#1003 = CARTESIAN_POINT('',(19.184818315125,32.34879253467));
#1004 = CARTESIAN_POINT('',(19.261373341652,32.333997893037));
#1005 = CARTESIAN_POINT('',(19.338835070588,32.324365508285));
#1006 = CARTESIAN_POINT('',(19.416768934736,32.319959283505));
#1007 = CARTESIAN_POINT('',(19.494735951108,32.320794242339));
#1008 = CARTESIAN_POINT('',(19.671266925642,32.334546225719));
#1009 = CARTESIAN_POINT('',(19.769582636348,32.350735902433));
#1010 = CARTESIAN_POINT('',(19.866323870316,32.375333034374));
#1011 = CARTESIAN_POINT('',(19.960598773345,32.40813749708));
#1012 = CARTESIAN_POINT('',(20.051552923187,32.448824523634));
#1013 = CARTESIAN_POINT('',(20.13837958555,32.496947941935));
#1014 = ( GEOMETRIC_REPRESENTATION_CONTEXT(2) 
PARAMETRIC_REPRESENTATION_CONTEXT() REPRESENTATION_CONTEXT('2D SPACE',''
  ) );
#1015 = PCURVE('',#1016,#1035);
#1016 = B_SPLINE_SURFACE_WITH_KNOTS('',8,1,(
    (#1017,#1018)
    ,(#1019,#1020)
    ,(#1021,#1022)
    ,(#1023,#1024)
    ,(#1025,#1026)
    ,(#1027,#1028)
    ,(#1029,#1030)
    ,(#1031,#1032)
    ,(#1033,#1034
    )),.UNSPECIFIED.,.F.,.F.,.F.,(9,9),(2,2),(2.63549462835,
    4.694888230026),(0.,1.),.PIECEWISE_BEZIER_KNOTS.);
#1017 = CARTESIAN_POINT('',(-23.37035528422,14.482624233016,0.));
#1018 = CARTESIAN_POINT('',(-32.67947979508,20.251494692601,102.));
#1019 = CARTESIAN_POINT('',(-23.24556424067,14.257470031852,0.));
#1020 = CARTESIAN_POINT('',(-32.504980677,19.936654713566,102.));
#1021 = CARTESIAN_POINT('',(-23.18701376182,13.995601577062,0.));
#1022 = CARTESIAN_POINT('',(-32.42310775862,19.570476075149,102.));
#1023 = CARTESIAN_POINT('',(-23.20730197059,13.7197614235,0.));
#1024 = CARTESIAN_POINT('',(-32.45147737905,19.184760384679,
    101.99999999999));
#1025 = CARTESIAN_POINT('',(-23.30967709446,13.457848345213,0.));
#1026 = CARTESIAN_POINT('',(-32.59463163372,18.818519347867,102.));
#1027 = CARTESIAN_POINT('',(-23.4853129119,13.23823234808,0.));
#1028 = CARTESIAN_POINT('',(-32.84022854817,18.511423608256,
    101.99999999999));
#1029 = CARTESIAN_POINT('',(-23.71405338789,13.082742167106,0.));
#1030 = CARTESIAN_POINT('',(-33.16008332454,18.293996951037,102.));
#1031 = CARTESIAN_POINT('',(-23.97011336161,13.0025141418,0.));
#1032 = CARTESIAN_POINT('',(-33.51813978692,18.181811659024,102.));
#1033 = CARTESIAN_POINT('',(-24.22749814137,12.9980092551,0.));
#1034 = CARTESIAN_POINT('',(-33.87804876594,18.175512338707,102.));
#1035 = DEFINITIONAL_REPRESENTATION('',(#1036),#1069);
#1036 = B_SPLINE_CURVE_WITH_KNOTS('',6,(#1037,#1038,#1039,#1040,#1041,
    #1042,#1043,#1044,#1045,#1046,#1047,#1048,#1049,#1050,#1051,#1052,
    #1053,#1054,#1055,#1056,#1057,#1058,#1059,#1060,#1061,#1062,#1063,
    #1064,#1065,#1066,#1067,#1068),.UNSPECIFIED.,.F.,.F.,(7,5,5,5,5,5,7)
  ,(0.,2.90006014666E-02,0.132002633577,0.355002814408,0.628996219279,
    0.79199869234,1.),.UNSPECIFIED.);
#1037 = CARTESIAN_POINT('',(4.694888230026,0.980392156863));
#1038 = CARTESIAN_POINT('',(4.684934493452,0.980392156863));
#1039 = CARTESIAN_POINT('',(4.674980757368,0.980392156863));
#1040 = CARTESIAN_POINT('',(4.665027021634,0.980392156863));
#1041 = CARTESIAN_POINT('',(4.655073286141,0.980392156863));
#1042 = CARTESIAN_POINT('',(4.645119550807,0.980392156863));
#1043 = CARTESIAN_POINT('',(4.599812929641,0.980392156863));
#1044 = CARTESIAN_POINT('',(4.564460004162,0.980392156863));
#1045 = CARTESIAN_POINT('',(4.529107056492,0.980392156863));
#1046 = CARTESIAN_POINT('',(4.493754105368,0.980392156863));
#1047 = CARTESIAN_POINT('',(4.458401170905,0.980392156863));
#1048 = CARTESIAN_POINT('',(4.346508985948,0.980392156863));
#1049 = CARTESIAN_POINT('',(4.269964197893,0.980392156863));
#1050 = CARTESIAN_POINT('',(4.193425856027,0.980392156863));
#1051 = CARTESIAN_POINT('',(4.116887528617,0.980392156863));
#1052 = CARTESIAN_POINT('',(4.040342769406,0.980392156863));
#1053 = CARTESIAN_POINT('',(3.869762077066,0.980392156863));
#1054 = CARTESIAN_POINT('',(3.775705401264,0.980392156863));
#1055 = CARTESIAN_POINT('',(3.681666583377,0.980392156863));
#1056 = CARTESIAN_POINT('',(3.587627762197,0.980392156863));
#1057 = CARTESIAN_POINT('',(3.493571081645,0.980392156863));
#1058 = CARTESIAN_POINT('',(3.343583106551,0.980392156863));
#1059 = CARTESIAN_POINT('',(3.287635436452,0.980392156863));
#1060 = CARTESIAN_POINT('',(3.231689085153,0.980392156863));
#1061 = CARTESIAN_POINT('',(3.175742731242,0.980392156863));
#1062 = CARTESIAN_POINT('',(3.119795054185,0.980392156863));
#1063 = CARTESIAN_POINT('',(2.992457206734,0.980392156863));
#1064 = CARTESIAN_POINT('',(2.921062196023,0.980392156863));
#1065 = CARTESIAN_POINT('',(2.849671535007,0.980392156863));
#1066 = CARTESIAN_POINT('',(2.778280888005,0.980392156863));
#1067 = CARTESIAN_POINT('',(2.706885907622,0.980392156863));
#1068 = CARTESIAN_POINT('',(2.63549462835,0.980392156863));
#1069 = ( GEOMETRIC_REPRESENTATION_CONTEXT(2) 
PARAMETRIC_REPRESENTATION_CONTEXT() REPRESENTATION_CONTEXT('2D SPACE',''
  ) );
#1070 = ORIENTED_EDGE('',*,*,#1071,.T.);
#1071 = EDGE_CURVE('',#943,#1072,#1074,.T.);
#1072 = VERTEX_POINT('',#1073);
#1073 = CARTESIAN_POINT('',(-1.191874341173,38.212372255951,100.));
#1074 = SURFACE_CURVE('',#1075,(#1106,#1140),.PCURVE_S1.);
#1075 = B_SPLINE_CURVE_WITH_KNOTS('',8,(#1076,#1077,#1078,#1079,#1080,
    #1081,#1082,#1083,#1084,#1085,#1086,#1087,#1088,#1089,#1090,#1091,
    #1092,#1093,#1094,#1095,#1096,#1097,#1098,#1099,#1100,#1101,#1102,
    #1103,#1104,#1105),.UNSPECIFIED.,.F.,.F.,(9,7,7,7,9),(0.,
    0.249999999972,0.500000000003,0.750000000031,1.),.UNSPECIFIED.);
#1076 = CARTESIAN_POINT('',(-32.49694794193,20.13837958555,100.));
#1077 = CARTESIAN_POINT('',(-33.34747406778,21.672941081155,100.));
#1078 = CARTESIAN_POINT('',(-34.02830905119,23.302799942521,100.));
#1079 = CARTESIAN_POINT('',(-34.5260522574,25.004646414462,100.));
#1080 = CARTESIAN_POINT('',(-34.83249298132,26.75432125816,100.));
#1081 = CARTESIAN_POINT('',(-34.94284652215,28.527197478031,100.));
#1082 = CARTESIAN_POINT('',(-34.85601808691,30.298211456706,100.));
#1083 = CARTESIAN_POINT('',(-34.5743534905,32.041954914156,100.));
#1084 = CARTESIAN_POINT('',(-33.63653327257,35.423313805202,100.));
#1085 = CARTESIAN_POINT('',(-32.97979486406,37.063030505093,100.));
#1086 = CARTESIAN_POINT('',(-32.14200756627,38.625765974506,100.));
#1087 = CARTESIAN_POINT('',(-31.13424793635,40.088533392354,100.));
#1088 = CARTESIAN_POINT('',(-29.97036412948,41.430413593462,100.));
#1089 = CARTESIAN_POINT('',(-28.66714212823,42.632762178953,100.));
#1090 = CARTESIAN_POINT('',(-27.24406361141,43.679100426137,100.));
#1091 = CARTESIAN_POINT('',(-24.20517877779,45.43360140286,100.));
#1092 = CARTESIAN_POINT('',(-22.58748401629,46.142854426469,100.));
#1093 = CARTESIAN_POINT('',(-20.89460859661,46.670303493438,100.));
#1094 = CARTESIAN_POINT('',(-19.15056434992,47.007316336887,100.));
#1095 = CARTESIAN_POINT('',(-17.37989079151,47.148678068217,100.));
#1096 = CARTESIAN_POINT('',(-15.60762852657,47.092855416442,100.));
#1097 = CARTESIAN_POINT('',(-13.85922300525,46.841749211889,100.));
#1098 = CARTESIAN_POINT('',(-10.46197019731,45.963245899278,100.));
#1099 = CARTESIAN_POINT('',(-8.811011767305,45.335302866397,100.));
#1100 = CARTESIAN_POINT('',(-7.233854453627,44.524991507727,100.));
#1101 = CARTESIAN_POINT('',(-5.753675379963,43.542984428072,100.));
#1102 = CARTESIAN_POINT('',(-4.391632878835,42.402761554512,100.));
#1103 = CARTESIAN_POINT('',(-3.166662203947,41.120780057435,100.));
#1104 = CARTESIAN_POINT('',(-2.095580517109,39.716230235316,100.));
#1105 = CARTESIAN_POINT('',(-1.191874341173,38.212372255951,100.));
#1106 = PCURVE('',#43,#1107);
#1107 = DEFINITIONAL_REPRESENTATION('',(#1108),#1139);
#1108 = B_SPLINE_CURVE_WITH_KNOTS('',8,(#1109,#1110,#1111,#1112,#1113,
    #1114,#1115,#1116,#1117,#1118,#1119,#1120,#1121,#1122,#1123,#1124,
    #1125,#1126,#1127,#1128,#1129,#1130,#1131,#1132,#1133,#1134,#1135,
    #1136,#1137,#1138),.UNSPECIFIED.,.F.,.F.,(9,7,7,7,9),(0.,
    0.249999999972,0.500000000003,0.750000000031,1.),.UNSPECIFIED.);
#1109 = CARTESIAN_POINT('',(20.13837958555,32.496947941935));
#1110 = CARTESIAN_POINT('',(21.672941081155,33.347474067783));
#1111 = CARTESIAN_POINT('',(23.302799942521,34.028309051193));
#1112 = CARTESIAN_POINT('',(25.004646414462,34.526052257407));
#1113 = CARTESIAN_POINT('',(26.75432125816,34.832492981321));
#1114 = CARTESIAN_POINT('',(28.527197478031,34.942846522159));
#1115 = CARTESIAN_POINT('',(30.298211456706,34.856018086913));
#1116 = CARTESIAN_POINT('',(32.041954914156,34.574353490507));
#1117 = CARTESIAN_POINT('',(35.423313805202,33.63653327257));
#1118 = CARTESIAN_POINT('',(37.063030505093,32.979794864066));
#1119 = CARTESIAN_POINT('',(38.625765974506,32.142007566275));
#1120 = CARTESIAN_POINT('',(40.088533392354,31.134247936354));
#1121 = CARTESIAN_POINT('',(41.430413593462,29.97036412948));
#1122 = CARTESIAN_POINT('',(42.632762178953,28.667142128231));
#1123 = CARTESIAN_POINT('',(43.679100426137,27.24406361141));
#1124 = CARTESIAN_POINT('',(45.43360140286,24.205178777796));
#1125 = CARTESIAN_POINT('',(46.142854426469,22.587484016292));
#1126 = CARTESIAN_POINT('',(46.670303493438,20.894608596615));
#1127 = CARTESIAN_POINT('',(47.007316336887,19.150564349923));
#1128 = CARTESIAN_POINT('',(47.148678068217,17.379890791511));
#1129 = CARTESIAN_POINT('',(47.092855416442,15.607628526574));
#1130 = CARTESIAN_POINT('',(46.841749211889,13.859223005254));
#1131 = CARTESIAN_POINT('',(45.963245899278,10.461970197315));
#1132 = CARTESIAN_POINT('',(45.335302866397,8.811011767305));
#1133 = CARTESIAN_POINT('',(44.524991507727,7.233854453627));
#1134 = CARTESIAN_POINT('',(43.542984428072,5.753675379963));
#1135 = CARTESIAN_POINT('',(42.402761554512,4.391632878835));
#1136 = CARTESIAN_POINT('',(41.120780057435,3.166662203947));
#1137 = CARTESIAN_POINT('',(39.716230235316,2.095580517109));
#1138 = CARTESIAN_POINT('',(38.212372255951,1.191874341173));
#1139 = ( GEOMETRIC_REPRESENTATION_CONTEXT(2) 
PARAMETRIC_REPRESENTATION_CONTEXT() REPRESENTATION_CONTEXT('2D SPACE',''
  ) );
#1140 = PCURVE('',#1141,#1166);
#1141 = B_SPLINE_SURFACE_WITH_KNOTS('',11,1,(
    (#1142,#1143)
    ,(#1144,#1145)
    ,(#1146,#1147)
    ,(#1148,#1149)
    ,(#1150,#1151)
    ,(#1152,#1153)
    ,(#1154,#1155)
    ,(#1156,#1157)
    ,(#1158,#1159)
    ,(#1160,#1161)
    ,(#1162,#1163)
    ,(#1164,#1165
    )),.UNSPECIFIED.,.F.,.F.,.F.,(12,12),(2,2),(0.146308406257,
    3.25289955913),(0.,1.),.PIECEWISE_BEZIER_KNOTS.);
#1142 = CARTESIAN_POINT('',(-0.857142857143,27.480633488117,0.));
#1143 = CARTESIAN_POINT('',(-1.198568970854,38.427007031308,102.));
#1144 = CARTESIAN_POINT('',(-2.748216337878,30.627569980636,0.));
#1145 = CARTESIAN_POINT('',(-3.842914632402,42.827464203351,
    101.99999999999));
#1146 = CARTESIAN_POINT('',(-5.61691176935,33.187028440985,0.));
#1147 = CARTESIAN_POINT('',(-7.854302273375,46.406430969521,102.));
#1148 = CARTESIAN_POINT('',(-9.26046588821,34.821546341089,0.));
#1149 = CARTESIAN_POINT('',(-12.9491740172,48.692039262178,
    101.99999999999));
#1150 = CARTESIAN_POINT('',(-13.34497217007,35.272449456243,0.));
#1151 = CARTESIAN_POINT('',(-18.66072506228,49.322515334125,102.));
#1152 = CARTESIAN_POINT('',(-17.44070787066,34.417862849065,0.));
#1153 = CARTESIAN_POINT('',(-24.38780595644,48.127584998647,
    102.00000000001));
#1154 = CARTESIAN_POINT('',(-21.08638963592,32.313027500507,0.));
#1155 = CARTESIAN_POINT('',(-29.48580825342,45.184252000211,
    101.99999999998));
#1156 = CARTESIAN_POINT('',(-23.87435119776,29.193309640206,0.));
#1157 = CARTESIAN_POINT('',(-33.38418872673,40.821919624004,
    102.00000000001));
#1158 = CARTESIAN_POINT('',(-25.52611078633,25.430571880613,0.));
#1159 = CARTESIAN_POINT('',(-35.69395595452,35.560333288034,
    101.99999999999));
#1160 = CARTESIAN_POINT('',(-25.93235382133,21.457902503565,0.));
#1161 = CARTESIAN_POINT('',(-36.26199698188,30.005240782497,102.));
#1162 = CARTESIAN_POINT('',(-25.15014549047,17.693810154015,0.));
#1163 = CARTESIAN_POINT('',(-35.16821466357,24.741793797913,102.));
#1164 = CARTESIAN_POINT('',(-23.37035528422,14.482624233016,0.));
#1165 = CARTESIAN_POINT('',(-32.67947979508,20.251494692601,102.));
#1166 = DEFINITIONAL_REPRESENTATION('',(#1167),#1198);
#1167 = B_SPLINE_CURVE_WITH_KNOTS('',8,(#1168,#1169,#1170,#1171,#1172,
    #1173,#1174,#1175,#1176,#1177,#1178,#1179,#1180,#1181,#1182,#1183,
    #1184,#1185,#1186,#1187,#1188,#1189,#1190,#1191,#1192,#1193,#1194,
    #1195,#1196,#1197),.UNSPECIFIED.,.F.,.F.,(9,7,7,7,9),(0.,
    0.249999999972,0.500000000003,0.750000000031,1.),.UNSPECIFIED.);
#1168 = CARTESIAN_POINT('',(3.25289955913,0.980392156863));
#1169 = CARTESIAN_POINT('',(3.155841187259,0.980392156863));
#1170 = CARTESIAN_POINT('',(3.058722571746,0.980392156863));
#1171 = CARTESIAN_POINT('',(2.961637091542,0.980392156863));
#1172 = CARTESIAN_POINT('',(2.864575665611,0.980392156863));
#1173 = CARTESIAN_POINT('',(2.767514240552,0.980392156863));
#1174 = CARTESIAN_POINT('',(2.670428756252,0.980392156863));
#1175 = CARTESIAN_POINT('',(2.573310142836,0.980392156863));
#1176 = CARTESIAN_POINT('',(2.379193398964,0.980392156863));
#1177 = CARTESIAN_POINT('',(2.282074785793,0.980392156863));
#1178 = CARTESIAN_POINT('',(2.184989302233,0.980392156863));
#1179 = CARTESIAN_POINT('',(2.087927877187,0.980392156863));
#1180 = CARTESIAN_POINT('',(1.990866451947,0.980392156863));
#1181 = CARTESIAN_POINT('',(1.893780968035,0.980392156863));
#1182 = CARTESIAN_POINT('',(1.796662354661,0.980392156863));
#1183 = CARTESIAN_POINT('',(1.602545610726,0.980392156863));
#1184 = CARTESIAN_POINT('',(1.505426997349,0.980392156863));
#1185 = CARTESIAN_POINT('',(1.408341513444,0.980392156863));
#1186 = CARTESIAN_POINT('',(1.311280088196,0.980392156863));
#1187 = CARTESIAN_POINT('',(1.214218663156,0.980392156863));
#1188 = CARTESIAN_POINT('',(1.117133179592,0.980392156863));
#1189 = CARTESIAN_POINT('',(1.020014566423,0.980392156863));
#1190 = CARTESIAN_POINT('',(0.82589782255,0.980392156863));
#1191 = CARTESIAN_POINT('',(0.728779209136,0.980392156863));
#1192 = CARTESIAN_POINT('',(0.631693724833,0.980392156863));
#1193 = CARTESIAN_POINT('',(0.534632299779,0.980392156863));
#1194 = CARTESIAN_POINT('',(0.437570873843,0.980392156863));
#1195 = CARTESIAN_POINT('',(0.340485393642,0.980392156863));
#1196 = CARTESIAN_POINT('',(0.243366778128,0.980392156863));
#1197 = CARTESIAN_POINT('',(0.146308406257,0.980392156863));
#1198 = ( GEOMETRIC_REPRESENTATION_CONTEXT(2) 
PARAMETRIC_REPRESENTATION_CONTEXT() REPRESENTATION_CONTEXT('2D SPACE',''
  ) );
#1199 = ORIENTED_EDGE('',*,*,#1200,.T.);
#1200 = EDGE_CURVE('',#1072,#1201,#1203,.T.);
#1201 = VERTEX_POINT('',#1202);
#1202 = CARTESIAN_POINT('',(1.191874341173,38.212372255951,100.));
#1203 = SURFACE_CURVE('',#1204,(#1232,#1263),.PCURVE_S1.);
#1204 = B_SPLINE_CURVE_WITH_KNOTS('',6,(#1205,#1206,#1207,#1208,#1209,
    #1210,#1211,#1212,#1213,#1214,#1215,#1216,#1217,#1218,#1219,#1220,
    #1221,#1222,#1223,#1224,#1225,#1226,#1227,#1228,#1229,#1230,#1231),
  .UNSPECIFIED.,.F.,.F.,(7,5,5,5,5,7),(0.,0.355973103117,0.489979301142,
    0.626985601615,0.794992769855,1.),.UNSPECIFIED.);
#1205 = CARTESIAN_POINT('',(-1.191874341173,38.212372255951,100.));
#1206 = CARTESIAN_POINT('',(-1.104368943815,38.066754472696,100.));
#1207 = CARTESIAN_POINT('',(-0.995472764729,37.933897964714,100.));
#1208 = CARTESIAN_POINT('',(-0.867599242265,37.817893524577,100.));
#1209 = CARTESIAN_POINT('',(-0.724085836559,37.721910924676,100.));
#1210 = CARTESIAN_POINT('',(-0.568816666841,37.648421715616,100.));
#1211 = CARTESIAN_POINT('',(-0.345182281704,37.58008732004,100.));
#1212 = CARTESIAN_POINT('',(-0.282987658276,37.564773821874,100.));
#1213 = CARTESIAN_POINT('',(-0.219995112291,37.552907330233,100.));
#1214 = CARTESIAN_POINT('',(-0.156443416201,37.544537377743,100.));
#1215 = CARTESIAN_POINT('',(-9.257488084354E-02,37.539691366604,100.));
#1216 = CARTESIAN_POINT('',(3.673786726021E-02,37.537027931341,100.));
#1217 = CARTESIAN_POINT('',(0.102186624357,37.539370267718,100.));
#1218 = CARTESIAN_POINT('',(0.167450403194,37.545406728426,100.));
#1219 = CARTESIAN_POINT('',(0.232269286745,37.555118179968,100.));
#1220 = CARTESIAN_POINT('',(0.29638630046,37.568461178544,100.));
#1221 = CARTESIAN_POINT('',(0.437002964206,37.606100654198,100.));
#1222 = CARTESIAN_POINT('',(0.51302439209,37.632193252348,100.));
#1223 = CARTESIAN_POINT('',(0.587145647811,37.663520627237,100.));
#1224 = CARTESIAN_POINT('',(0.658919510614,37.699905751355,100.));
#1225 = CARTESIAN_POINT('',(0.727922076259,37.741121359039,100.));
#1226 = CARTESIAN_POINT('',(0.874088474726,37.842741438992,100.));
#1227 = CARTESIAN_POINT('',(0.949708965257,37.9053773136,100.));
#1228 = CARTESIAN_POINT('',(1.01989341944,37.974294953863,100.));
#1229 = CARTESIAN_POINT('',(1.084000721539,38.04889895651,100.));
#1230 = CARTESIAN_POINT('',(1.141479401546,38.128510007251,100.));
#1231 = CARTESIAN_POINT('',(1.191874341173,38.212372255951,100.));
#1232 = PCURVE('',#43,#1233);
#1233 = DEFINITIONAL_REPRESENTATION('',(#1234),#1262);
#1234 = B_SPLINE_CURVE_WITH_KNOTS('',6,(#1235,#1236,#1237,#1238,#1239,
    #1240,#1241,#1242,#1243,#1244,#1245,#1246,#1247,#1248,#1249,#1250,
    #1251,#1252,#1253,#1254,#1255,#1256,#1257,#1258,#1259,#1260,#1261),
  .UNSPECIFIED.,.F.,.F.,(7,5,5,5,5,7),(0.,0.355973103117,0.489979301142,
    0.626985601615,0.794992769855,1.),.UNSPECIFIED.);
#1235 = CARTESIAN_POINT('',(38.212372255951,1.191874341173));
#1236 = CARTESIAN_POINT('',(38.066754472696,1.104368943815));
#1237 = CARTESIAN_POINT('',(37.933897964714,0.995472764729));
#1238 = CARTESIAN_POINT('',(37.817893524577,0.867599242265));
#1239 = CARTESIAN_POINT('',(37.721910924676,0.724085836559));
#1240 = CARTESIAN_POINT('',(37.648421715616,0.568816666841));
#1241 = CARTESIAN_POINT('',(37.58008732004,0.345182281704));
#1242 = CARTESIAN_POINT('',(37.564773821874,0.282987658276));
#1243 = CARTESIAN_POINT('',(37.552907330233,0.219995112291));
#1244 = CARTESIAN_POINT('',(37.544537377743,0.156443416201));
#1245 = CARTESIAN_POINT('',(37.539691366604,9.257488084355E-02));
#1246 = CARTESIAN_POINT('',(37.537027931341,-3.67378672602E-02));
#1247 = CARTESIAN_POINT('',(37.539370267718,-0.102186624357));
#1248 = CARTESIAN_POINT('',(37.545406728426,-0.167450403194));
#1249 = CARTESIAN_POINT('',(37.555118179968,-0.232269286745));
#1250 = CARTESIAN_POINT('',(37.568461178544,-0.29638630046));
#1251 = CARTESIAN_POINT('',(37.606100654198,-0.437002964206));
#1252 = CARTESIAN_POINT('',(37.632193252348,-0.51302439209));
#1253 = CARTESIAN_POINT('',(37.663520627237,-0.587145647811));
#1254 = CARTESIAN_POINT('',(37.699905751355,-0.658919510614));
#1255 = CARTESIAN_POINT('',(37.741121359039,-0.727922076259));
#1256 = CARTESIAN_POINT('',(37.842741438992,-0.874088474726));
#1257 = CARTESIAN_POINT('',(37.9053773136,-0.949708965257));
#1258 = CARTESIAN_POINT('',(37.974294953863,-1.01989341944));
#1259 = CARTESIAN_POINT('',(38.04889895651,-1.084000721539));
#1260 = CARTESIAN_POINT('',(38.128510007251,-1.141479401546));
#1261 = CARTESIAN_POINT('',(38.212372255951,-1.191874341173));
#1262 = ( GEOMETRIC_REPRESENTATION_CONTEXT(2) 
PARAMETRIC_REPRESENTATION_CONTEXT() REPRESENTATION_CONTEXT('2D SPACE',''
  ) );
#1263 = PCURVE('',#1264,#1283);
#1264 = B_SPLINE_SURFACE_WITH_KNOTS('',8,1,(
    (#1265,#1266)
    ,(#1267,#1268)
    ,(#1269,#1270)
    ,(#1271,#1272)
    ,(#1273,#1274)
    ,(#1275,#1276)
    ,(#1277,#1278)
    ,(#1279,#1280)
    ,(#1281,#1282
    )),.UNSPECIFIED.,.F.,.F.,.F.,(9,9),(2,2),(3.682692179547,
    5.742085781222),(0.,1.),.PIECEWISE_BEZIER_KNOTS.);
#1265 = CARTESIAN_POINT('',(0.857142857143,27.480633488117,0.));
#1266 = CARTESIAN_POINT('',(1.198568970854,38.427007031308,102.));
#1267 = CARTESIAN_POINT('',(0.724549120943,27.259984173652,0.));
#1268 = CARTESIAN_POINT('',(1.013159109925,38.11846637259,102.));
#1269 = CARTESIAN_POINT('',(0.52703962607,27.078343744168,0.));
#1270 = CARTESIAN_POINT('',(0.736975565921,37.864473026186,102.));
#1271 = CARTESIAN_POINT('',(0.278010941316,26.957993771581,0.));
#1272 = CARTESIAN_POINT('',(0.388751169123,37.696183992935,
    101.99999999999));
#1273 = CARTESIAN_POINT('',(2.686739719593E-14,26.915696690425,0.));
#1274 = CARTESIAN_POINT('',(2.209343819004E-14,37.637038695734,102.));
#1275 = CARTESIAN_POINT('',(-0.278010941316,26.957993771581,0.));
#1276 = CARTESIAN_POINT('',(-0.388751169123,37.696183992935,
    101.99999999999));
#1277 = CARTESIAN_POINT('',(-0.52703962607,27.078343744167,0.));
#1278 = CARTESIAN_POINT('',(-0.736975565921,37.864473026186,102.));
#1279 = CARTESIAN_POINT('',(-0.724549120943,27.259984173652,0.));
#1280 = CARTESIAN_POINT('',(-1.013159109925,38.11846637259,102.));
#1281 = CARTESIAN_POINT('',(-0.857142857143,27.480633488117,0.));
#1282 = CARTESIAN_POINT('',(-1.198568970854,38.427007031308,102.));
#1283 = DEFINITIONAL_REPRESENTATION('',(#1284),#1312);
#1284 = B_SPLINE_CURVE_WITH_KNOTS('',6,(#1285,#1286,#1287,#1288,#1289,
    #1290,#1291,#1292,#1293,#1294,#1295,#1296,#1297,#1298,#1299,#1300,
    #1301,#1302,#1303,#1304,#1305,#1306,#1307,#1308,#1309,#1310,#1311),
  .UNSPECIFIED.,.F.,.F.,(7,5,5,5,5,7),(0.,0.355973103117,0.489979301142,
    0.626985601615,0.794992769855,1.),.UNSPECIFIED.);
#1285 = CARTESIAN_POINT('',(5.742085781222,0.980392156863));
#1286 = CARTESIAN_POINT('',(5.619910331827,0.980392156863));
#1287 = CARTESIAN_POINT('',(5.497679391092,0.980392156863));
#1288 = CARTESIAN_POINT('',(5.375513634662,0.980392156863));
#1289 = CARTESIAN_POINT('',(5.253348081312,0.980392156863));
#1290 = CARTESIAN_POINT('',(5.131117132138,0.980392156863));
#1291 = CARTESIAN_POINT('',(4.962948659835,0.980392156863));
#1292 = CARTESIAN_POINT('',(4.916955230973,0.980392156863));
#1293 = CARTESIAN_POINT('',(4.870962299034,0.980392156863));
#1294 = CARTESIAN_POINT('',(4.824969363892,0.980392156863));
#1295 = CARTESIAN_POINT('',(4.778975926453,0.980392156863));
#1296 = CARTESIAN_POINT('',(4.685960224558,0.980392156863));
#1297 = CARTESIAN_POINT('',(4.638937054828,0.980392156863));
#1298 = CARTESIAN_POINT('',(4.591914444511,0.980392156863));
#1299 = CARTESIAN_POINT('',(4.544891837088,0.980392156863));
#1300 = CARTESIAN_POINT('',(4.497868675088,0.980392156863));
#1301 = CARTESIAN_POINT('',(4.393183333386,0.980392156863));
#1302 = CARTESIAN_POINT('',(4.335519371535,0.980392156863));
#1303 = CARTESIAN_POINT('',(4.277856940213,0.980392156863));
#1304 = CARTESIAN_POINT('',(4.220194506043,0.980392156863));
#1305 = CARTESIAN_POINT('',(4.162530536663,0.980392156863));
#1306 = CARTESIAN_POINT('',(4.034506203375,0.980392156863));
#1307 = CARTESIAN_POINT('',(3.964141073893,0.980392156863));
#1308 = CARTESIAN_POINT('',(3.893779995752,0.980392156863));
#1309 = CARTESIAN_POINT('',(3.823418931611,0.980392156863));
#1310 = CARTESIAN_POINT('',(3.753053832452,0.980392156863));
#1311 = CARTESIAN_POINT('',(3.682692179547,0.980392156863));
#1312 = ( GEOMETRIC_REPRESENTATION_CONTEXT(2) 
PARAMETRIC_REPRESENTATION_CONTEXT() REPRESENTATION_CONTEXT('2D SPACE',''
  ) );
#1313 = ORIENTED_EDGE('',*,*,#1314,.T.);
#1314 = EDGE_CURVE('',#1201,#1315,#1317,.T.);
#1315 = VERTEX_POINT('',#1316);
#1316 = CARTESIAN_POINT('',(32.496947941935,20.13837958555,100.));
#1317 = SURFACE_CURVE('',#1318,(#1349,#1383),.PCURVE_S1.);
#1318 = B_SPLINE_CURVE_WITH_KNOTS('',8,(#1319,#1320,#1321,#1322,#1323,
    #1324,#1325,#1326,#1327,#1328,#1329,#1330,#1331,#1332,#1333,#1334,
    #1335,#1336,#1337,#1338,#1339,#1340,#1341,#1342,#1343,#1344,#1345,
    #1346,#1347,#1348),.UNSPECIFIED.,.F.,.F.,(9,7,7,7,9),(0.,
    0.249999999969,0.499999999998,0.750000000029,1.),.UNSPECIFIED.);
#1319 = CARTESIAN_POINT('',(1.191874341173,38.212372255951,100.));
#1320 = CARTESIAN_POINT('',(2.095580517112,39.716230235321,100.));
#1321 = CARTESIAN_POINT('',(3.166662203943,41.120780057412,100.));
#1322 = CARTESIAN_POINT('',(4.391632878838,42.402761554566,100.));
#1323 = CARTESIAN_POINT('',(5.753675379962,43.542984428006,100.));
#1324 = CARTESIAN_POINT('',(7.233854453633,44.524991507773,100.));
#1325 = CARTESIAN_POINT('',(8.8110117673,45.335302866382,100.));
#1326 = CARTESIAN_POINT('',(10.461970197319,45.963245899279,100.));
#1327 = CARTESIAN_POINT('',(13.859223005258,46.84174921189,100.));
#1328 = CARTESIAN_POINT('',(15.607628526558,47.092855416449,100.));
#1329 = CARTESIAN_POINT('',(17.379890791556,47.148678068186,100.));
#1330 = CARTESIAN_POINT('',(19.150564349869,47.007316336936,100.));
#1331 = CARTESIAN_POINT('',(20.894608596659,46.670303493397,100.));
#1332 = CARTESIAN_POINT('',(22.587484016276,46.142854426485,100.));
#1333 = CARTESIAN_POINT('',(24.205178777802,45.433601402857,100.));
#1334 = CARTESIAN_POINT('',(27.244063611404,43.679100426141,100.));
#1335 = CARTESIAN_POINT('',(28.667142128275,42.632762178936,100.));
#1336 = CARTESIAN_POINT('',(29.970364129383,41.430413593493,100.));
#1337 = CARTESIAN_POINT('',(31.134247936479,40.088533392308,100.));
#1338 = CARTESIAN_POINT('',(32.142007566189,38.625765974544,100.));
#1339 = CARTESIAN_POINT('',(32.979794864096,37.063030505068,100.));
#1340 = CARTESIAN_POINT('',(33.636533272569,35.423313805207,100.));
#1341 = CARTESIAN_POINT('',(34.574353490507,32.041954914154,100.));
#1342 = CARTESIAN_POINT('',(34.856018086906,30.298211456708,100.));
#1343 = CARTESIAN_POINT('',(34.942846522178,28.527197478027,100.));
#1344 = CARTESIAN_POINT('',(34.832492981295,26.754321258159,100.));
#1345 = CARTESIAN_POINT('',(34.526052257425,25.004646414464,100.));
#1346 = CARTESIAN_POINT('',(34.028309051188,23.302799942521,100.));
#1347 = CARTESIAN_POINT('',(33.347474067783,21.672941081155,100.));
#1348 = CARTESIAN_POINT('',(32.496947941935,20.13837958555,100.));
#1349 = PCURVE('',#43,#1350);
#1350 = DEFINITIONAL_REPRESENTATION('',(#1351),#1382);
#1351 = B_SPLINE_CURVE_WITH_KNOTS('',8,(#1352,#1353,#1354,#1355,#1356,
    #1357,#1358,#1359,#1360,#1361,#1362,#1363,#1364,#1365,#1366,#1367,
    #1368,#1369,#1370,#1371,#1372,#1373,#1374,#1375,#1376,#1377,#1378,
    #1379,#1380,#1381),.UNSPECIFIED.,.F.,.F.,(9,7,7,7,9),(0.,
    0.249999999969,0.499999999998,0.750000000029,1.),.UNSPECIFIED.);
#1352 = CARTESIAN_POINT('',(38.212372255951,-1.191874341173));
#1353 = CARTESIAN_POINT('',(39.716230235321,-2.095580517112));
#1354 = CARTESIAN_POINT('',(41.120780057412,-3.166662203943));
#1355 = CARTESIAN_POINT('',(42.402761554566,-4.391632878838));
#1356 = CARTESIAN_POINT('',(43.542984428006,-5.753675379962));
#1357 = CARTESIAN_POINT('',(44.524991507773,-7.233854453633));
#1358 = CARTESIAN_POINT('',(45.335302866382,-8.8110117673));
#1359 = CARTESIAN_POINT('',(45.963245899279,-10.46197019731));
#1360 = CARTESIAN_POINT('',(46.84174921189,-13.85922300525));
#1361 = CARTESIAN_POINT('',(47.092855416449,-15.60762852655));
#1362 = CARTESIAN_POINT('',(47.148678068186,-17.37989079155));
#1363 = CARTESIAN_POINT('',(47.007316336936,-19.15056434986));
#1364 = CARTESIAN_POINT('',(46.670303493397,-20.89460859665));
#1365 = CARTESIAN_POINT('',(46.142854426485,-22.58748401627));
#1366 = CARTESIAN_POINT('',(45.433601402857,-24.2051787778));
#1367 = CARTESIAN_POINT('',(43.679100426141,-27.2440636114));
#1368 = CARTESIAN_POINT('',(42.632762178936,-28.66714212827));
#1369 = CARTESIAN_POINT('',(41.430413593493,-29.97036412938));
#1370 = CARTESIAN_POINT('',(40.088533392308,-31.13424793647));
#1371 = CARTESIAN_POINT('',(38.625765974544,-32.14200756618));
#1372 = CARTESIAN_POINT('',(37.063030505068,-32.97979486409));
#1373 = CARTESIAN_POINT('',(35.423313805207,-33.63653327256));
#1374 = CARTESIAN_POINT('',(32.041954914154,-34.5743534905));
#1375 = CARTESIAN_POINT('',(30.298211456708,-34.8560180869));
#1376 = CARTESIAN_POINT('',(28.527197478027,-34.94284652217));
#1377 = CARTESIAN_POINT('',(26.754321258159,-34.83249298129));
#1378 = CARTESIAN_POINT('',(25.004646414464,-34.52605225742));
#1379 = CARTESIAN_POINT('',(23.302799942521,-34.02830905118));
#1380 = CARTESIAN_POINT('',(21.672941081155,-33.34747406778));
#1381 = CARTESIAN_POINT('',(20.13837958555,-32.49694794193));
#1382 = ( GEOMETRIC_REPRESENTATION_CONTEXT(2) 
PARAMETRIC_REPRESENTATION_CONTEXT() REPRESENTATION_CONTEXT('2D SPACE',''
  ) );
#1383 = PCURVE('',#1384,#1409);
#1384 = B_SPLINE_SURFACE_WITH_KNOTS('',11,1,(
    (#1385,#1386)
    ,(#1387,#1388)
    ,(#1389,#1390)
    ,(#1391,#1392)
    ,(#1393,#1394)
    ,(#1395,#1396)
    ,(#1397,#1398)
    ,(#1399,#1400)
    ,(#1401,#1402)
    ,(#1403,#1404)
    ,(#1405,#1406)
    ,(#1407,#1408
    )),.UNSPECIFIED.,.F.,.F.,.F.,(12,12),(2,2),(0.146308406257,
    3.252899559129),(0.,1.),.PIECEWISE_BEZIER_KNOTS.);
#1385 = CARTESIAN_POINT('',(23.370355284227,14.482624233016,0.));
#1386 = CARTESIAN_POINT('',(32.679479795089,20.251494692601,102.));
#1387 = CARTESIAN_POINT('',(25.150145490478,17.693810154015,0.));
#1388 = CARTESIAN_POINT('',(35.168214663573,24.741793797915,102.));
#1389 = CARTESIAN_POINT('',(25.932353821334,21.457902503565,0.));
#1390 = CARTESIAN_POINT('',(36.261996981877,30.00524078249,
    101.99999999997));
#1391 = CARTESIAN_POINT('',(25.526110786335,25.430571880615,0.));
#1392 = CARTESIAN_POINT('',(35.693955954535,35.560333288048,
    102.00000000006));
#1393 = CARTESIAN_POINT('',(23.874351197769,29.193309640204,0.));
#1394 = CARTESIAN_POINT('',(33.384188726727,40.821919623984,
    101.99999999989));
#1395 = CARTESIAN_POINT('',(21.086389635929,32.313027500509,0.));
#1396 = CARTESIAN_POINT('',(29.485808253435,45.18425200023,
    102.00000000012));
#1397 = CARTESIAN_POINT('',(17.44070787066,34.417862849066,0.));
#1398 = CARTESIAN_POINT('',(24.38780595644,48.127584998636,
    101.99999999988));
#1399 = CARTESIAN_POINT('',(13.34497217008,35.27244945624,0.));
#1400 = CARTESIAN_POINT('',(18.660725062283,49.322515334128,
    102.00000000008));
#1401 = CARTESIAN_POINT('',(9.260465888209,34.821546341093,0.));
#1402 = CARTESIAN_POINT('',(12.949174017207,48.69203926218,
    101.99999999995));
#1403 = CARTESIAN_POINT('',(5.616911769351,33.187028440982,0.));
#1404 = CARTESIAN_POINT('',(7.854302273374,46.406430969519,
    102.00000000001));
#1405 = CARTESIAN_POINT('',(2.748216337877,30.627569980636,0.));
#1406 = CARTESIAN_POINT('',(3.842914632403,42.827464203352,
    101.99999999999));
#1407 = CARTESIAN_POINT('',(0.857142857143,27.480633488117,0.));
#1408 = CARTESIAN_POINT('',(1.198568970854,38.427007031308,102.));
#1409 = DEFINITIONAL_REPRESENTATION('',(#1410),#1441);
#1410 = B_SPLINE_CURVE_WITH_KNOTS('',8,(#1411,#1412,#1413,#1414,#1415,
    #1416,#1417,#1418,#1419,#1420,#1421,#1422,#1423,#1424,#1425,#1426,
    #1427,#1428,#1429,#1430,#1431,#1432,#1433,#1434,#1435,#1436,#1437,
    #1438,#1439,#1440),.UNSPECIFIED.,.F.,.F.,(9,7,7,7,9),(0.,
    0.249999999969,0.499999999998,0.750000000029,1.),.UNSPECIFIED.);
#1411 = CARTESIAN_POINT('',(3.252899559129,0.980392156863));
#1412 = CARTESIAN_POINT('',(3.155841187259,0.980392156863));
#1413 = CARTESIAN_POINT('',(3.058722571745,0.980392156863));
#1414 = CARTESIAN_POINT('',(2.961637091544,0.980392156863));
#1415 = CARTESIAN_POINT('',(2.864575665608,0.980392156863));
#1416 = CARTESIAN_POINT('',(2.767514240554,0.980392156863));
#1417 = CARTESIAN_POINT('',(2.670428756251,0.980392156863));
#1418 = CARTESIAN_POINT('',(2.573310142836,0.980392156863));
#1419 = CARTESIAN_POINT('',(2.379193398963,0.980392156863));
#1420 = CARTESIAN_POINT('',(2.282074785795,0.980392156863));
#1421 = CARTESIAN_POINT('',(2.184989302229,0.980392156863));
#1422 = CARTESIAN_POINT('',(2.087927877192,0.980392156863));
#1423 = CARTESIAN_POINT('',(1.990866451942,0.980392156863));
#1424 = CARTESIAN_POINT('',(1.893780968039,0.980392156863));
#1425 = CARTESIAN_POINT('',(1.79666235466,0.980392156863));
#1426 = CARTESIAN_POINT('',(1.602545610726,0.980392156863));
#1427 = CARTESIAN_POINT('',(1.50542699735,0.980392156863));
#1428 = CARTESIAN_POINT('',(1.408341513442,0.980392156863));
#1429 = CARTESIAN_POINT('',(1.311280088197,0.980392156863));
#1430 = CARTESIAN_POINT('',(1.214218663157,0.980392156863));
#1431 = CARTESIAN_POINT('',(1.117133179592,0.980392156863));
#1432 = CARTESIAN_POINT('',(1.020014566423,0.980392156863));
#1433 = CARTESIAN_POINT('',(0.825897822551,0.980392156863));
#1434 = CARTESIAN_POINT('',(0.728779209136,0.980392156863));
#1435 = CARTESIAN_POINT('',(0.631693724835,0.980392156863));
#1436 = CARTESIAN_POINT('',(0.534632299777,0.980392156863));
#1437 = CARTESIAN_POINT('',(0.437570873844,0.980392156863));
#1438 = CARTESIAN_POINT('',(0.340485393641,0.980392156863));
#1439 = CARTESIAN_POINT('',(0.243366778128,0.980392156863));
#1440 = CARTESIAN_POINT('',(0.146308406257,0.980392156863));
#1441 = ( GEOMETRIC_REPRESENTATION_CONTEXT(2) 
PARAMETRIC_REPRESENTATION_CONTEXT() REPRESENTATION_CONTEXT('2D SPACE',''
  ) );
#1442 = ORIENTED_EDGE('',*,*,#1443,.T.);
#1443 = EDGE_CURVE('',#1315,#1444,#1446,.T.);
#1444 = VERTEX_POINT('',#1445);
#1445 = CARTESIAN_POINT('',(33.688822283108,18.073992670401,100.));
#1446 = SURFACE_CURVE('',#1447,(#1498,#1552),.PCURVE_S1.);
#1447 = B_SPLINE_CURVE_WITH_KNOTS('',7,(#1448,#1449,#1450,#1451,#1452,
    #1453,#1454,#1455,#1456,#1457,#1458,#1459,#1460,#1461,#1462,#1463,
    #1464,#1465,#1466,#1467,#1468,#1469,#1470,#1471,#1472,#1473,#1474,
    #1475,#1476,#1477,#1478,#1479,#1480,#1481,#1482,#1483,#1484,#1485,
    #1486,#1487,#1488,#1489,#1490,#1491,#1492,#1493,#1494,#1495,#1496,
    #1497),.UNSPECIFIED.,.F.,.F.,(8,6,6,6,6,6,6,6,8),(0.,
    6.900389350464E-02,0.114006433347,0.130007335461,0.494977943972,
    0.634985430127,0.741991381261,0.978998808561,1.),.UNSPECIFIED.);
#1448 = CARTESIAN_POINT('',(32.496947941935,20.13837958555,100.));
#1449 = CARTESIAN_POINT('',(32.483264300801,20.11369088033,100.));
#1450 = CARTESIAN_POINT('',(32.470165358255,20.088678081631,100.));
#1451 = CARTESIAN_POINT('',(32.457660339582,20.063357845471,100.));
#1452 = CARTESIAN_POINT('',(32.445757858735,20.037747111489,100.));
#1453 = CARTESIAN_POINT('',(32.434465918345,20.011863102944,100.));
#1454 = CARTESIAN_POINT('',(32.423791909711,19.985723326719,100.));
#1455 = CARTESIAN_POINT('',(32.407188723434,19.942142690436,100.));
#1456 = CARTESIAN_POINT('',(32.400900538751,19.924838577998,100.));
#1457 = CARTESIAN_POINT('',(32.394879936575,19.907438165213,100.));
#1458 = CARTESIAN_POINT('',(32.389128678757,19.889946419412,100.));
#1459 = CARTESIAN_POINT('',(32.383648411185,19.872368346048,100.));
#1460 = CARTESIAN_POINT('',(32.378440663778,19.854708988691,100.));
#1461 = CARTESIAN_POINT('',(32.371752605868,19.830667452639,100.));
#1462 = CARTESIAN_POINT('',(32.370032991828,19.824351842453,100.));
#1463 = CARTESIAN_POINT('',(32.368348071869,19.818026826717,100.));
#1464 = CARTESIAN_POINT('',(32.366697907603,19.811692634163,100.));
#1465 = CARTESIAN_POINT('',(32.365082558753,19.805349494015,100.));
#1466 = CARTESIAN_POINT('',(32.363502083152,19.798997635989,100.));
#1467 = CARTESIAN_POINT('',(32.326703586154,19.647561767528,100.));
#1468 = CARTESIAN_POINT('',(32.309608318485,19.498008614519,100.));
#1469 = CARTESIAN_POINT('',(32.311388544506,19.346815146982,100.));
#1470 = CARTESIAN_POINT('',(32.332137045642,19.196827926553,100.));
#1471 = CARTESIAN_POINT('',(32.371468900115,19.050829158797,100.));
#1472 = CARTESIAN_POINT('',(32.428522031124,18.911533293541,100.));
#1473 = CARTESIAN_POINT('',(32.529959342308,18.731584709344,100.));
#1474 = CARTESIAN_POINT('',(32.560480996769,18.683044123588,100.));
#1475 = CARTESIAN_POINT('',(32.593321939067,18.635993535494,100.));
#1476 = CARTESIAN_POINT('',(32.628394334961,18.590565441021,100.));
#1477 = CARTESIAN_POINT('',(32.665601168671,18.546885500416,100.));
#1478 = CARTESIAN_POINT('',(32.704836487388,18.505072222043,100.));
#1479 = CARTESIAN_POINT('',(32.777435427157,18.43479081936,100.));
#1480 = CARTESIAN_POINT('',(32.8100035017,18.405499886927,100.));
#1481 = CARTESIAN_POINT('',(32.843638691247,18.37741336377,100.));
#1482 = CARTESIAN_POINT('',(32.878287426942,18.350577678113,100.));
#1483 = CARTESIAN_POINT('',(32.913893749224,18.325036171544,100.));
#1484 = CARTESIAN_POINT('',(32.950399307834,18.300829099016,100.));
#1485 = CARTESIAN_POINT('',(33.070456688163,18.227415357449,100.));
#1486 = CARTESIAN_POINT('',(33.157290640053,18.183561439187,100.));
#1487 = CARTESIAN_POINT('',(33.2475781242,18.146842235875,100.));
#1488 = CARTESIAN_POINT('',(33.340613700076,18.117574382906,100.));
#1489 = CARTESIAN_POINT('',(33.435662143736,18.095989135677,100.));
#1490 = CARTESIAN_POINT('',(33.531963809403,18.082230720165,100.));
#1491 = CARTESIAN_POINT('',(33.637311827512,18.07582312722,100.));
#1492 = CARTESIAN_POINT('',(33.6458906256,18.075363374747,100.));
#1493 = CARTESIAN_POINT('',(33.654472648331,18.074965462821,100.));
#1494 = CARTESIAN_POINT('',(33.66305736075,18.074629418261,100.));
#1495 = CARTESIAN_POINT('',(33.67164422767,18.074355262115,100.));
#1496 = CARTESIAN_POINT('',(33.680232713673,18.07414300966,100.));
#1497 = CARTESIAN_POINT('',(33.688822283108,18.073992670401,100.));
#1498 = PCURVE('',#43,#1499);
#1499 = DEFINITIONAL_REPRESENTATION('',(#1500),#1551);
#1500 = B_SPLINE_CURVE_WITH_KNOTS('',7,(#1501,#1502,#1503,#1504,#1505,
    #1506,#1507,#1508,#1509,#1510,#1511,#1512,#1513,#1514,#1515,#1516,
    #1517,#1518,#1519,#1520,#1521,#1522,#1523,#1524,#1525,#1526,#1527,
    #1528,#1529,#1530,#1531,#1532,#1533,#1534,#1535,#1536,#1537,#1538,
    #1539,#1540,#1541,#1542,#1543,#1544,#1545,#1546,#1547,#1548,#1549,
    #1550),.UNSPECIFIED.,.F.,.F.,(8,6,6,6,6,6,6,6,8),(0.,
    6.900389350464E-02,0.114006433347,0.130007335461,0.494977943972,
    0.634985430127,0.741991381261,0.978998808561,1.),.UNSPECIFIED.);
#1501 = CARTESIAN_POINT('',(20.13837958555,-32.49694794193));
#1502 = CARTESIAN_POINT('',(20.11369088033,-32.4832643008));
#1503 = CARTESIAN_POINT('',(20.088678081631,-32.47016535825));
#1504 = CARTESIAN_POINT('',(20.063357845471,-32.45766033958));
#1505 = CARTESIAN_POINT('',(20.037747111489,-32.44575785873));
#1506 = CARTESIAN_POINT('',(20.011863102944,-32.43446591834));
#1507 = CARTESIAN_POINT('',(19.985723326719,-32.42379190971));
#1508 = CARTESIAN_POINT('',(19.942142690436,-32.40718872343));
#1509 = CARTESIAN_POINT('',(19.924838577998,-32.40090053875));
#1510 = CARTESIAN_POINT('',(19.907438165213,-32.39487993657));
#1511 = CARTESIAN_POINT('',(19.889946419412,-32.38912867875));
#1512 = CARTESIAN_POINT('',(19.872368346048,-32.38364841118));
#1513 = CARTESIAN_POINT('',(19.854708988691,-32.37844066377));
#1514 = CARTESIAN_POINT('',(19.830667452639,-32.37175260586));
#1515 = CARTESIAN_POINT('',(19.824351842453,-32.37003299182));
#1516 = CARTESIAN_POINT('',(19.818026826717,-32.36834807186));
#1517 = CARTESIAN_POINT('',(19.811692634163,-32.3666979076));
#1518 = CARTESIAN_POINT('',(19.805349494015,-32.36508255875));
#1519 = CARTESIAN_POINT('',(19.798997635989,-32.36350208315));
#1520 = CARTESIAN_POINT('',(19.647561767528,-32.32670358615));
#1521 = CARTESIAN_POINT('',(19.498008614519,-32.30960831848));
#1522 = CARTESIAN_POINT('',(19.346815146982,-32.3113885445));
#1523 = CARTESIAN_POINT('',(19.196827926553,-32.33213704564));
#1524 = CARTESIAN_POINT('',(19.050829158797,-32.37146890011));
#1525 = CARTESIAN_POINT('',(18.911533293541,-32.42852203112));
#1526 = CARTESIAN_POINT('',(18.731584709344,-32.5299593423));
#1527 = CARTESIAN_POINT('',(18.683044123588,-32.56048099676));
#1528 = CARTESIAN_POINT('',(18.635993535494,-32.59332193906));
#1529 = CARTESIAN_POINT('',(18.590565441021,-32.62839433496));
#1530 = CARTESIAN_POINT('',(18.546885500416,-32.66560116867));
#1531 = CARTESIAN_POINT('',(18.505072222043,-32.70483648738));
#1532 = CARTESIAN_POINT('',(18.43479081936,-32.77743542715));
#1533 = CARTESIAN_POINT('',(18.405499886927,-32.8100035017));
#1534 = CARTESIAN_POINT('',(18.37741336377,-32.84363869124));
#1535 = CARTESIAN_POINT('',(18.350577678113,-32.87828742694));
#1536 = CARTESIAN_POINT('',(18.325036171544,-32.91389374922));
#1537 = CARTESIAN_POINT('',(18.300829099016,-32.95039930783));
#1538 = CARTESIAN_POINT('',(18.227415357449,-33.07045668816));
#1539 = CARTESIAN_POINT('',(18.183561439187,-33.15729064005));
#1540 = CARTESIAN_POINT('',(18.146842235875,-33.2475781242));
#1541 = CARTESIAN_POINT('',(18.117574382906,-33.34061370007));
#1542 = CARTESIAN_POINT('',(18.095989135677,-33.43566214373));
#1543 = CARTESIAN_POINT('',(18.082230720165,-33.5319638094));
#1544 = CARTESIAN_POINT('',(18.07582312722,-33.63731182751));
#1545 = CARTESIAN_POINT('',(18.075363374747,-33.6458906256));
#1546 = CARTESIAN_POINT('',(18.074965462821,-33.65447264833));
#1547 = CARTESIAN_POINT('',(18.074629418261,-33.66305736075));
#1548 = CARTESIAN_POINT('',(18.074355262115,-33.67164422767));
#1549 = CARTESIAN_POINT('',(18.07414300966,-33.68023271367));
#1550 = CARTESIAN_POINT('',(18.073992670401,-33.6888222831));
#1551 = ( GEOMETRIC_REPRESENTATION_CONTEXT(2) 
PARAMETRIC_REPRESENTATION_CONTEXT() REPRESENTATION_CONTEXT('2D SPACE',''
  ) );
#1552 = PCURVE('',#1553,#1572);
#1553 = B_SPLINE_SURFACE_WITH_KNOTS('',8,1,(
    (#1554,#1555)
    ,(#1556,#1557)
    ,(#1558,#1559)
    ,(#1560,#1561)
    ,(#1562,#1563)
    ,(#1564,#1565)
    ,(#1566,#1567)
    ,(#1568,#1569)
    ,(#1570,#1571
    )),.UNSPECIFIED.,.F.,.F.,.F.,(9,9),(2,2),(4.729889730744,
    6.789283332419),(0.,1.),.PIECEWISE_BEZIER_KNOTS.);
#1554 = CARTESIAN_POINT('',(24.22749814137,12.9980092551,0.));
#1555 = CARTESIAN_POINT('',(33.878048765943,18.175512338707,102.));
#1556 = CARTESIAN_POINT('',(23.970113361615,13.0025141418,0.));
#1557 = CARTESIAN_POINT('',(33.518139786928,18.181811659024,102.));
#1558 = CARTESIAN_POINT('',(23.714053387892,13.082742167106,0.));
#1559 = CARTESIAN_POINT('',(33.160083324549,18.293996951037,102.));
#1560 = CARTESIAN_POINT('',(23.485312911909,13.23823234808,0.));
#1561 = CARTESIAN_POINT('',(32.840228548175,18.511423608256,
    101.99999999999));
#1562 = CARTESIAN_POINT('',(23.309677094465,13.457848345212,0.));
#1563 = CARTESIAN_POINT('',(32.594631633725,18.818519347867,102.));
#1564 = CARTESIAN_POINT('',(23.207301970593,13.7197614235,0.));
#1565 = CARTESIAN_POINT('',(32.451477379052,19.184760384679,
    101.99999999999));
#1566 = CARTESIAN_POINT('',(23.187013761822,13.995601577062,0.));
#1567 = CARTESIAN_POINT('',(32.423107758628,19.57047607515,102.));
#1568 = CARTESIAN_POINT('',(23.245564240673,14.257470031852,0.));
#1569 = CARTESIAN_POINT('',(32.504980677003,19.936654713566,102.));
#1570 = CARTESIAN_POINT('',(23.370355284227,14.482624233016,0.));
#1571 = CARTESIAN_POINT('',(32.679479795089,20.251494692601,102.));
#1572 = DEFINITIONAL_REPRESENTATION('',(#1573),#1624);
#1573 = B_SPLINE_CURVE_WITH_KNOTS('',7,(#1574,#1575,#1576,#1577,#1578,
    #1579,#1580,#1581,#1582,#1583,#1584,#1585,#1586,#1587,#1588,#1589,
    #1590,#1591,#1592,#1593,#1594,#1595,#1596,#1597,#1598,#1599,#1600,
    #1601,#1602,#1603,#1604,#1605,#1606,#1607,#1608,#1609,#1610,#1611,
    #1612,#1613,#1614,#1615,#1616,#1617,#1618,#1619,#1620,#1621,#1622,
    #1623),.UNSPECIFIED.,.F.,.F.,(8,6,6,6,6,6,6,6,8),(0.,
    6.900389350464E-02,0.114006433347,0.130007335461,0.494977943972,
    0.634985430127,0.741991381261,0.978998808561,1.),.UNSPECIFIED.);
#1574 = CARTESIAN_POINT('',(6.789283332419,0.980392156863));
#1575 = CARTESIAN_POINT('',(6.768983597277,0.980392156863));
#1576 = CARTESIAN_POINT('',(6.748683860539,0.980392156863));
#1577 = CARTESIAN_POINT('',(6.728384122514,0.980392156863));
#1578 = CARTESIAN_POINT('',(6.7080843838,0.980392156863));
#1579 = CARTESIAN_POINT('',(6.68778464529,0.980392156863));
#1580 = CARTESIAN_POINT('',(6.667484908167,0.980392156863));
#1581 = CARTESIAN_POINT('',(6.633946216599,0.980392156863));
#1582 = CARTESIAN_POINT('',(6.620707258462,0.980392156863));
#1583 = CARTESIAN_POINT('',(6.607468299662,0.980392156863));
#1584 = CARTESIAN_POINT('',(6.594229340384,0.980392156863));
#1585 = CARTESIAN_POINT('',(6.580990380833,0.980392156863));
#1586 = CARTESIAN_POINT('',(6.567751421233,0.980392156863));
#1587 = CARTESIAN_POINT('',(6.549805276539,0.980392156863));
#1588 = CARTESIAN_POINT('',(6.545098091214,0.980392156863));
#1589 = CARTESIAN_POINT('',(6.540390905859,0.980392156863));
#1590 = CARTESIAN_POINT('',(6.535683720476,0.980392156863));
#1591 = CARTESIAN_POINT('',(6.53097653507,0.980392156863));
#1592 = CARTESIAN_POINT('',(6.526269349644,0.980392156863));
#1593 = CARTESIAN_POINT('',(6.414194196879,0.980392156863));
#1594 = CARTESIAN_POINT('',(6.306780521121,0.980392156863));
#1595 = CARTESIAN_POINT('',(6.199404301891,0.980392156863));
#1596 = CARTESIAN_POINT('',(6.092041358324,0.980392156863));
#1597 = CARTESIAN_POINT('',(5.984665121111,0.980392156863));
#1598 = CARTESIAN_POINT('',(5.877251458258,0.980392156863));
#1599 = CARTESIAN_POINT('',(5.728695750121,0.980392156863));
#1600 = CARTESIAN_POINT('',(5.687507620928,0.980392156863));
#1601 = CARTESIAN_POINT('',(5.646319771759,0.980392156863));
#1602 = CARTESIAN_POINT('',(5.605132101967,0.980392156863));
#1603 = CARTESIAN_POINT('',(5.563944257123,0.980392156863));
#1604 = CARTESIAN_POINT('',(5.522756135635,0.980392156863));
#1605 = CARTESIAN_POINT('',(5.450089126319,0.980392156863));
#1606 = CARTESIAN_POINT('',(5.418609824409,0.980392156863));
#1607 = CARTESIAN_POINT('',(5.387130502733,0.980392156863));
#1608 = CARTESIAN_POINT('',(5.355651174384,0.980392156863));
#1609 = CARTESIAN_POINT('',(5.324171852439,0.980392156863));
#1610 = CARTESIAN_POINT('',(5.292692549955,0.980392156863));
#1611 = CARTESIAN_POINT('',(5.191489860744,0.980392156863));
#1612 = CARTESIAN_POINT('',(5.121761130343,0.980392156863));
#1613 = CARTESIAN_POINT('',(5.052036306338,0.980392156863));
#1614 = CARTESIAN_POINT('',(4.982313955319,0.980392156863));
#1615 = CARTESIAN_POINT('',(4.912589121375,0.980392156863));
#1616 = CARTESIAN_POINT('',(4.842860405567,0.980392156863));
#1617 = CARTESIAN_POINT('',(4.766958815885,0.980392156863));
#1618 = CARTESIAN_POINT('',(4.760780635327,0.980392156863));
#1619 = CARTESIAN_POINT('',(4.754602454684,0.980392156863));
#1620 = CARTESIAN_POINT('',(4.748424273933,0.980392156863));
#1621 = CARTESIAN_POINT('',(4.742246093047,0.980392156863));
#1622 = CARTESIAN_POINT('',(4.736067911995,0.980392156863));
#1623 = CARTESIAN_POINT('',(4.729889730744,0.980392156863));
#1624 = ( GEOMETRIC_REPRESENTATION_CONTEXT(2) 
PARAMETRIC_REPRESENTATION_CONTEXT() REPRESENTATION_CONTEXT('2D SPACE',''
  ) );
#1625 = ORIENTED_EDGE('',*,*,#1626,.T.);
#1626 = EDGE_CURVE('',#1444,#113,#1627,.T.);
#1627 = SURFACE_CURVE('',#1628,(#1659,#1693),.PCURVE_S1.);
#1628 = B_SPLINE_CURVE_WITH_KNOTS('',8,(#1629,#1630,#1631,#1632,#1633,
    #1634,#1635,#1636,#1637,#1638,#1639,#1640,#1641,#1642,#1643,#1644,
    #1645,#1646,#1647,#1648,#1649,#1650,#1651,#1652,#1653,#1654,#1655,
    #1656,#1657,#1658),.UNSPECIFIED.,.F.,.F.,(9,7,7,7,9),(0.,
    0.250999088177,0.500999092637,0.750999097105,1.),.UNSPECIFIED.);
#1629 = CARTESIAN_POINT('',(33.688822283108,18.073992670401,100.));
#1630 = CARTESIAN_POINT('',(35.450065084976,18.043166452627,100.));
#1631 = CARTESIAN_POINT('',(37.208986825313,17.816175948982,100.));
#1632 = CARTESIAN_POINT('',(38.938362035403,17.393066552128,100.));
#1633 = CARTESIAN_POINT('',(40.612864293237,16.778890687593,100.));
#1634 = CARTESIAN_POINT('',(42.208498571275,15.981945849471,100.));
#1635 = CARTESIAN_POINT('',(43.702766236446,15.013997349008,100.));
#1636 = CARTESIAN_POINT('',(45.074616296146,13.890005445582,100.));
#1637 = CARTESIAN_POINT('',(47.531160480115,11.374505137885,100.));
#1638 = CARTESIAN_POINT('',(48.618508487057,9.982509985378,100.));
#1639 = CARTESIAN_POINT('',(49.548297590309,8.472701412142,100.));
#1640 = CARTESIAN_POINT('',(50.306224472043,6.866209945912,100.));
#1641 = CARTESIAN_POINT('',(50.881166486071,5.185522684154,100.));
#1642 = CARTESIAN_POINT('',(51.265444259019,3.454522886908,100.));
#1643 = CARTESIAN_POINT('',(51.454605669044,1.698335495489,100.));
#1644 = CARTESIAN_POINT('',(51.443704652315,-1.810649525433,100.));
#1645 = CARTESIAN_POINT('',(51.243635451367,-3.565627732617,100.));
#1646 = CARTESIAN_POINT('',(50.848610147549,-5.294206546032,100.));
#1647 = CARTESIAN_POINT('',(50.263236881581,-6.971289170821,100.));
#1648 = CARTESIAN_POINT('',(49.495343268661,-8.57304052136,100.));
#1649 = CARTESIAN_POINT('',(48.556191456386,-10.07704304054,100.));
#1650 = CARTESIAN_POINT('',(47.460215773213,-11.46225547728,100.));
#1651 = CARTESIAN_POINT('',(44.997949673285,-13.95247261692,100.));
#1652 = CARTESIAN_POINT('',(43.631245106029,-15.06010413631,100.));
#1653 = CARTESIAN_POINT('',(42.144878306141,-16.01358415007,100.));
#1654 = CARTESIAN_POINT('',(40.559462088697,-16.79839916086,100.));
#1655 = CARTESIAN_POINT('',(38.897005584494,-17.40314500578,100.));
#1656 = CARTESIAN_POINT('',(37.180955673817,-17.81977809093,100.));
#1657 = CARTESIAN_POINT('',(35.436043960377,-18.04341185788,100.));
#1658 = CARTESIAN_POINT('',(33.688822283108,-18.0739926704,100.));
#1659 = PCURVE('',#43,#1660);
#1660 = DEFINITIONAL_REPRESENTATION('',(#1661),#1692);
#1661 = B_SPLINE_CURVE_WITH_KNOTS('',8,(#1662,#1663,#1664,#1665,#1666,
    #1667,#1668,#1669,#1670,#1671,#1672,#1673,#1674,#1675,#1676,#1677,
    #1678,#1679,#1680,#1681,#1682,#1683,#1684,#1685,#1686,#1687,#1688,
    #1689,#1690,#1691),.UNSPECIFIED.,.F.,.F.,(9,7,7,7,9),(0.,
    0.250999088177,0.500999092637,0.750999097105,1.),.UNSPECIFIED.);
#1662 = CARTESIAN_POINT('',(18.073992670401,-33.6888222831));
#1663 = CARTESIAN_POINT('',(18.043166452627,-35.45006508497));
#1664 = CARTESIAN_POINT('',(17.816175948982,-37.20898682531));
#1665 = CARTESIAN_POINT('',(17.393066552128,-38.9383620354));
#1666 = CARTESIAN_POINT('',(16.778890687593,-40.61286429323));
#1667 = CARTESIAN_POINT('',(15.981945849471,-42.20849857127));
#1668 = CARTESIAN_POINT('',(15.013997349008,-43.70276623644));
#1669 = CARTESIAN_POINT('',(13.890005445582,-45.07461629614));
#1670 = CARTESIAN_POINT('',(11.374505137885,-47.53116048011));
#1671 = CARTESIAN_POINT('',(9.982509985378,-48.61850848705));
#1672 = CARTESIAN_POINT('',(8.472701412142,-49.5482975903));
#1673 = CARTESIAN_POINT('',(6.866209945912,-50.30622447204));
#1674 = CARTESIAN_POINT('',(5.185522684154,-50.88116648607));
#1675 = CARTESIAN_POINT('',(3.454522886908,-51.26544425901));
#1676 = CARTESIAN_POINT('',(1.698335495489,-51.45460566904));
#1677 = CARTESIAN_POINT('',(-1.810649525433,-51.44370465231));
#1678 = CARTESIAN_POINT('',(-3.565627732617,-51.24363545136));
#1679 = CARTESIAN_POINT('',(-5.294206546032,-50.84861014754));
#1680 = CARTESIAN_POINT('',(-6.971289170821,-50.26323688158));
#1681 = CARTESIAN_POINT('',(-8.57304052136,-49.49534326866));
#1682 = CARTESIAN_POINT('',(-10.07704304054,-48.55619145638));
#1683 = CARTESIAN_POINT('',(-11.46225547728,-47.46021577321));
#1684 = CARTESIAN_POINT('',(-13.95247261692,-44.99794967328));
#1685 = CARTESIAN_POINT('',(-15.06010413631,-43.63124510602));
#1686 = CARTESIAN_POINT('',(-16.01358415007,-42.14487830614));
#1687 = CARTESIAN_POINT('',(-16.79839916086,-40.55946208869));
#1688 = CARTESIAN_POINT('',(-17.40314500578,-38.89700558449));
#1689 = CARTESIAN_POINT('',(-17.81977809093,-37.18095567381));
#1690 = CARTESIAN_POINT('',(-18.04341185788,-35.43604396037));
#1691 = CARTESIAN_POINT('',(-18.0739926704,-33.6888222831));
#1692 = ( GEOMETRIC_REPRESENTATION_CONTEXT(2) 
PARAMETRIC_REPRESENTATION_CONTEXT() REPRESENTATION_CONTEXT('2D SPACE',''
  ) );
#1693 = PCURVE('',#1694,#1719);
#1694 = B_SPLINE_SURFACE_WITH_KNOTS('',11,1,(
    (#1695,#1696)
    ,(#1697,#1698)
    ,(#1699,#1700)
    ,(#1701,#1702)
    ,(#1703,#1704)
    ,(#1705,#1706)
    ,(#1707,#1708)
    ,(#1709,#1710)
    ,(#1711,#1712)
    ,(#1713,#1714)
    ,(#1715,#1716)
    ,(#1717,#1718
    )),.UNSPECIFIED.,.F.,.F.,.F.,(12,12),(2,2),(0.291759363847,
    3.39835051672),(0.,1.),.PIECEWISE_BEZIER_KNOTS.);
#1695 = CARTESIAN_POINT('',(24.22749814137,-12.9980092551,0.));
#1696 = CARTESIAN_POINT('',(33.878048765943,-18.1755123387,102.));
#1697 = CARTESIAN_POINT('',(27.898361828355,-12.93375982662,0.));
#1698 = CARTESIAN_POINT('',(39.011129295973,-18.08567040544,
    101.99999999999));
#1699 = CARTESIAN_POINT('',(31.549265590685,-11.72912593741,0.));
#1700 = CARTESIAN_POINT('',(44.11629925526,-16.40119018701,102.));
#1701 = CARTESIAN_POINT('',(34.786576674544,-9.390974460476,0.));
#1702 = CARTESIAN_POINT('',(48.643129971722,-13.13170597416,
    101.99999999998));
#1703 = CARTESIAN_POINT('',(37.219323367848,-6.079139816036,0.));
#1704 = CARTESIAN_POINT('',(52.044913789036,-8.500595710083,
    102.00000000001));
#1705 = CARTESIAN_POINT('',(38.52709750659,-2.104835348557,0.));
#1706 = CARTESIAN_POINT('',(53.873614209849,-2.943332998484,
    101.99999999998));
#1707 = CARTESIAN_POINT('',(38.527097506589,2.104835348558,0.));
#1708 = CARTESIAN_POINT('',(53.873614209891,2.943332998484,
    102.00000000001));
#1709 = CARTESIAN_POINT('',(37.219323367847,6.079139816036,0.));
#1710 = CARTESIAN_POINT('',(52.044913789003,8.500595710082,
    101.99999999998));
#1711 = CARTESIAN_POINT('',(34.786576674547,9.390974460477,0.));
#1712 = CARTESIAN_POINT('',(48.643129971742,13.131705974169,102.));
#1713 = CARTESIAN_POINT('',(31.549265590683,11.729125937418,0.));
#1714 = CARTESIAN_POINT('',(44.116299255251,16.401190187014,
    101.99999999999));
#1715 = CARTESIAN_POINT('',(27.898361828355,12.933759826621,0.));
#1716 = CARTESIAN_POINT('',(39.011129295975,18.085670405441,102.));
#1717 = CARTESIAN_POINT('',(24.22749814137,12.9980092551,0.));
#1718 = CARTESIAN_POINT('',(33.878048765943,18.175512338707,102.));
#1719 = DEFINITIONAL_REPRESENTATION('',(#1720),#1751);
#1720 = B_SPLINE_CURVE_WITH_KNOTS('',8,(#1721,#1722,#1723,#1724,#1725,
    #1726,#1727,#1728,#1729,#1730,#1731,#1732,#1733,#1734,#1735,#1736,
    #1737,#1738,#1739,#1740,#1741,#1742,#1743,#1744,#1745,#1746,#1747,
    #1748,#1749,#1750),.UNSPECIFIED.,.F.,.F.,(9,7,7,7,9),(0.,
    0.250999088177,0.500999092637,0.750999097105,1.),.UNSPECIFIED.);
#1721 = CARTESIAN_POINT('',(3.39835051672,0.980392156863));
#1722 = CARTESIAN_POINT('',(3.300904267073,0.980392156863));
#1723 = CARTESIAN_POINT('',(3.203396567685,0.980392156863));
#1724 = CARTESIAN_POINT('',(3.105922714629,0.980392156863));
#1725 = CARTESIAN_POINT('',(3.008473327625,0.980392156863));
#1726 = CARTESIAN_POINT('',(2.911023941518,0.980392156863));
#1727 = CARTESIAN_POINT('',(2.813550084314,0.980392156863));
#1728 = CARTESIAN_POINT('',(2.716042387043,0.980392156863));
#1729 = CARTESIAN_POINT('',(2.521537765403,0.980392156863));
#1730 = CARTESIAN_POINT('',(2.424419152239,0.980392156863));
#1731 = CARTESIAN_POINT('',(2.327333668673,0.980392156863));
#1732 = CARTESIAN_POINT('',(2.230272243631,0.980392156863));
#1733 = CARTESIAN_POINT('',(2.133210818381,0.980392156863));
#1734 = CARTESIAN_POINT('',(2.036125334472,0.980392156863));
#1735 = CARTESIAN_POINT('',(1.939006721096,0.980392156863));
#1736 = CARTESIAN_POINT('',(1.744889977162,0.980392156863));
#1737 = CARTESIAN_POINT('',(1.647771363784,0.980392156863));
#1738 = CARTESIAN_POINT('',(1.550685879881,0.980392156863));
#1739 = CARTESIAN_POINT('',(1.453624454636,0.980392156863));
#1740 = CARTESIAN_POINT('',(1.356563029601,0.980392156863));
#1741 = CARTESIAN_POINT('',(1.259477546036,0.980392156863));
#1742 = CARTESIAN_POINT('',(1.162358932864,0.980392156863));
#1743 = CARTESIAN_POINT('',(0.968630073643,0.980392156863));
#1744 = CARTESIAN_POINT('',(0.871900531898,0.980392156863));
#1745 = CARTESIAN_POINT('',(0.775203420799,0.980392156863));
#1746 = CARTESIAN_POINT('',(0.678529961785,0.980392156863));
#1747 = CARTESIAN_POINT('',(0.581856501942,0.980392156863));
#1748 = CARTESIAN_POINT('',(0.485159394878,0.980392156863));
#1749 = CARTESIAN_POINT('',(0.388429851057,0.980392156863));
#1750 = CARTESIAN_POINT('',(0.291759363847,0.980392156863));
#1751 = ( GEOMETRIC_REPRESENTATION_CONTEXT(2) 
PARAMETRIC_REPRESENTATION_CONTEXT() REPRESENTATION_CONTEXT('2D SPACE',''
  ) );
#1752 = ADVANCED_FACE('',(#1753,#1756),#93,.F.);
#1753 = FACE_BOUND('',#1754,.F.);
#1754 = EDGE_LOOP('',(#1755));
#1755 = ORIENTED_EDGE('',*,*,#78,.T.);
#1756 = FACE_BOUND('',#1757,.F.);
#1757 = EDGE_LOOP('',(#1758));
#1758 = ORIENTED_EDGE('',*,*,#1759,.F.);
#1759 = EDGE_CURVE('',#1760,#1760,#1762,.T.);
#1760 = VERTEX_POINT('',#1761);
#1761 = CARTESIAN_POINT('',(1.,-2.449293598295E-16,-15.));
#1762 = SURFACE_CURVE('',#1763,(#1768,#1775),.PCURVE_S1.);
#1763 = CIRCLE('',#1764,1.);
#1764 = AXIS2_PLACEMENT_3D('',#1765,#1766,#1767);
#1765 = CARTESIAN_POINT('',(0.,0.,-15.));
#1766 = DIRECTION('',(0.,0.,1.));
#1767 = DIRECTION('',(1.,0.,-0.));
#1768 = PCURVE('',#93,#1769);
#1769 = DEFINITIONAL_REPRESENTATION('',(#1770),#1774);
#1770 = CIRCLE('',#1771,1.);
#1771 = AXIS2_PLACEMENT_2D('',#1772,#1773);
#1772 = CARTESIAN_POINT('',(0.,0.));
#1773 = DIRECTION('',(2.22044604925E-16,-1.));
#1774 = ( GEOMETRIC_REPRESENTATION_CONTEXT(2) 
PARAMETRIC_REPRESENTATION_CONTEXT() REPRESENTATION_CONTEXT('2D SPACE',''
  ) );
#1775 = PCURVE('',#1776,#1781);
#1776 = CYLINDRICAL_SURFACE('',#1777,1.);
#1777 = AXIS2_PLACEMENT_3D('',#1778,#1779,#1780);
#1778 = CARTESIAN_POINT('',(0.,0.,-16.));
#1779 = DIRECTION('',(0.,0.,1.));
#1780 = DIRECTION('',(1.,0.,-0.));
#1781 = DEFINITIONAL_REPRESENTATION('',(#1782),#1786);
#1782 = LINE('',#1783,#1784);
#1783 = CARTESIAN_POINT('',(0.,1.));
#1784 = VECTOR('',#1785,1.);
#1785 = DIRECTION('',(1.,0.));
#1786 = ( GEOMETRIC_REPRESENTATION_CONTEXT(2) 
PARAMETRIC_REPRESENTATION_CONTEXT() REPRESENTATION_CONTEXT('2D SPACE',''
  ) );
#1787 = ADVANCED_FACE('',(#1788),#188,.F.);
#1788 = FACE_BOUND('',#1789,.F.);
#1789 = EDGE_LOOP('',(#1790,#1812,#1841,#1861));
#1790 = ORIENTED_EDGE('',*,*,#1791,.F.);
#1791 = EDGE_CURVE('',#1792,#115,#1794,.T.);
#1792 = VERTEX_POINT('',#1793);
#1793 = CARTESIAN_POINT('',(23.370355284227,-14.48262423301,0.));
#1794 = SURFACE_CURVE('',#1795,(#1798,#1805),.PCURVE_S1.);
#1795 = B_SPLINE_CURVE_WITH_KNOTS('',1,(#1796,#1797),.UNSPECIFIED.,.F.,
  .F.,(2,2),(0.,1.),.PIECEWISE_BEZIER_KNOTS.);
#1796 = CARTESIAN_POINT('',(23.370355284227,-14.48262423301,0.));
#1797 = CARTESIAN_POINT('',(32.679479795089,-20.2514946926,102.));
#1798 = PCURVE('',#188,#1799);
#1799 = DEFINITIONAL_REPRESENTATION('',(#1800),#1804);
#1800 = LINE('',#1801,#1802);
#1801 = CARTESIAN_POINT('',(5.77708728194,0.));
#1802 = VECTOR('',#1803,1.);
#1803 = DIRECTION('',(0.,1.));
#1804 = ( GEOMETRIC_REPRESENTATION_CONTEXT(2) 
PARAMETRIC_REPRESENTATION_CONTEXT() REPRESENTATION_CONTEXT('2D SPACE',''
  ) );
#1805 = PCURVE('',#313,#1806);
#1806 = DEFINITIONAL_REPRESENTATION('',(#1807),#1811);
#1807 = LINE('',#1808,#1809);
#1808 = CARTESIAN_POINT('',(3.25289955913,0.));
#1809 = VECTOR('',#1810,1.);
#1810 = DIRECTION('',(0.,1.));
#1811 = ( GEOMETRIC_REPRESENTATION_CONTEXT(2) 
PARAMETRIC_REPRESENTATION_CONTEXT() REPRESENTATION_CONTEXT('2D SPACE',''
  ) );
#1812 = ORIENTED_EDGE('',*,*,#1813,.T.);
#1813 = EDGE_CURVE('',#1792,#1814,#1816,.T.);
#1814 = VERTEX_POINT('',#1815);
#1815 = CARTESIAN_POINT('',(24.22749814137,-12.9980092551,0.));
#1816 = SURFACE_CURVE('',#1817,(#1822,#1829),.PCURVE_S1.);
#1817 = CIRCLE('',#1818,1.);
#1818 = AXIS2_PLACEMENT_3D('',#1819,#1820,#1821);
#1819 = CARTESIAN_POINT('',(24.244997998398,-13.99785612087,0.));
#1820 = DIRECTION('',(0.,0.,-1.));
#1821 = DIRECTION('',(-1.,0.,0.));
#1822 = PCURVE('',#188,#1823);
#1823 = DEFINITIONAL_REPRESENTATION('',(#1824),#1828);
#1824 = LINE('',#1825,#1826);
#1825 = CARTESIAN_POINT('',(0.,0.));
#1826 = VECTOR('',#1827,1.);
#1827 = DIRECTION('',(1.,0.));
#1828 = ( GEOMETRIC_REPRESENTATION_CONTEXT(2) 
PARAMETRIC_REPRESENTATION_CONTEXT() REPRESENTATION_CONTEXT('2D SPACE',''
  ) );
#1829 = PCURVE('',#1830,#1835);
#1830 = PLANE('',#1831);
#1831 = AXIS2_PLACEMENT_3D('',#1832,#1833,#1834);
#1832 = CARTESIAN_POINT('',(24.244997998398,-13.99785612087,0.));
#1833 = DIRECTION('',(0.,0.,-1.));
#1834 = DIRECTION('',(-1.,0.,0.));
#1835 = DEFINITIONAL_REPRESENTATION('',(#1836),#1840);
#1836 = CIRCLE('',#1837,1.);
#1837 = AXIS2_PLACEMENT_2D('',#1838,#1839);
#1838 = CARTESIAN_POINT('',(0.,0.));
#1839 = DIRECTION('',(1.,0.));
#1840 = ( GEOMETRIC_REPRESENTATION_CONTEXT(2) 
PARAMETRIC_REPRESENTATION_CONTEXT() REPRESENTATION_CONTEXT('2D SPACE',''
  ) );
#1841 = ORIENTED_EDGE('',*,*,#1842,.T.);
#1842 = EDGE_CURVE('',#1814,#113,#1843,.T.);
#1843 = SURFACE_CURVE('',#1844,(#1847,#1854),.PCURVE_S1.);
#1844 = B_SPLINE_CURVE_WITH_KNOTS('',1,(#1845,#1846),.UNSPECIFIED.,.F.,
  .F.,(2,2),(0.,1.),.PIECEWISE_BEZIER_KNOTS.);
#1845 = CARTESIAN_POINT('',(24.22749814137,-12.9980092551,0.));
#1846 = CARTESIAN_POINT('',(33.878048765943,-18.1755123387,102.));
#1847 = PCURVE('',#188,#1848);
#1848 = DEFINITIONAL_REPRESENTATION('',(#1849),#1853);
#1849 = LINE('',#1850,#1851);
#1850 = CARTESIAN_POINT('',(7.836480883616,0.));
#1851 = VECTOR('',#1852,1.);
#1852 = DIRECTION('',(0.,1.));
#1853 = ( GEOMETRIC_REPRESENTATION_CONTEXT(2) 
PARAMETRIC_REPRESENTATION_CONTEXT() REPRESENTATION_CONTEXT('2D SPACE',''
  ) );
#1854 = PCURVE('',#1694,#1855);
#1855 = DEFINITIONAL_REPRESENTATION('',(#1856),#1860);
#1856 = LINE('',#1857,#1858);
#1857 = CARTESIAN_POINT('',(0.291759363847,0.));
#1858 = VECTOR('',#1859,1.);
#1859 = DIRECTION('',(0.,1.));
#1860 = ( GEOMETRIC_REPRESENTATION_CONTEXT(2) 
PARAMETRIC_REPRESENTATION_CONTEXT() REPRESENTATION_CONTEXT('2D SPACE',''
  ) );
#1861 = ORIENTED_EDGE('',*,*,#112,.T.);
#1862 = ADVANCED_FACE('',(#1863),#1694,.F.);
#1863 = FACE_BOUND('',#1864,.F.);
#1864 = EDGE_LOOP('',(#1865,#1866,#1894,#1914));
#1865 = ORIENTED_EDGE('',*,*,#1842,.F.);
#1866 = ORIENTED_EDGE('',*,*,#1867,.T.);
#1867 = EDGE_CURVE('',#1814,#1868,#1870,.T.);
#1868 = VERTEX_POINT('',#1869);
#1869 = CARTESIAN_POINT('',(24.22749814137,12.9980092551,0.));
#1870 = SURFACE_CURVE('',#1871,(#1876,#1883),.PCURVE_S1.);
#1871 = CIRCLE('',#1872,13.);
#1872 = AXIS2_PLACEMENT_3D('',#1873,#1874,#1875);
#1873 = CARTESIAN_POINT('',(24.,0.,0.));
#1874 = DIRECTION('',(0.,0.,1.));
#1875 = DIRECTION('',(-0.270833333333,-0.962626254346,0.));
#1876 = PCURVE('',#1694,#1877);
#1877 = DEFINITIONAL_REPRESENTATION('',(#1878),#1882);
#1878 = LINE('',#1879,#1880);
#1879 = CARTESIAN_POINT('',(0.,0.));
#1880 = VECTOR('',#1881,1.);
#1881 = DIRECTION('',(1.,0.));
#1882 = ( GEOMETRIC_REPRESENTATION_CONTEXT(2) 
PARAMETRIC_REPRESENTATION_CONTEXT() REPRESENTATION_CONTEXT('2D SPACE',''
  ) );
#1883 = PCURVE('',#1830,#1884);
#1884 = DEFINITIONAL_REPRESENTATION('',(#1885),#1893);
#1885 = ( BOUNDED_CURVE() B_SPLINE_CURVE(2,(#1886,#1887,#1888,#1889,
#1890,#1891,#1892),.UNSPECIFIED.,.T.,.F.) B_SPLINE_CURVE_WITH_KNOTS((1,2
    ,2,2,2,1),(-2.094395102393,0.,2.094395102393,4.188790204786,
6.28318530718,8.377580409573),.UNSPECIFIED.) CURVE() 
GEOMETRIC_REPRESENTATION_ITEM() RATIONAL_B_SPLINE_CURVE((1.,0.5,1.,0.5,
1.,0.5,1.)) REPRESENTATION_ITEM('') );
#1886 = CARTESIAN_POINT('',(3.765831331732,1.483714814384));
#1887 = CARTESIAN_POINT('',(-17.90929722421,-4.614547403932));
#1888 = CARTESIAN_POINT('',(-12.35298294624,17.205795664966));
#1889 = CARTESIAN_POINT('',(-6.796668668268,39.026138733864));
#1890 = CARTESIAN_POINT('',(9.322145609703,23.304057883282));
#1891 = CARTESIAN_POINT('',(25.440959887675,7.581977032699));
#1892 = CARTESIAN_POINT('',(3.765831331732,1.483714814384));
#1893 = ( GEOMETRIC_REPRESENTATION_CONTEXT(2) 
PARAMETRIC_REPRESENTATION_CONTEXT() REPRESENTATION_CONTEXT('2D SPACE',''
  ) );
#1894 = ORIENTED_EDGE('',*,*,#1895,.T.);
#1895 = EDGE_CURVE('',#1868,#1444,#1896,.T.);
#1896 = SURFACE_CURVE('',#1897,(#1900,#1907),.PCURVE_S1.);
#1897 = B_SPLINE_CURVE_WITH_KNOTS('',1,(#1898,#1899),.UNSPECIFIED.,.F.,
  .F.,(2,2),(0.,1.),.PIECEWISE_BEZIER_KNOTS.);
#1898 = CARTESIAN_POINT('',(24.22749814137,12.9980092551,0.));
#1899 = CARTESIAN_POINT('',(33.878048765943,18.175512338707,102.));
#1900 = PCURVE('',#1694,#1901);
#1901 = DEFINITIONAL_REPRESENTATION('',(#1902),#1906);
#1902 = LINE('',#1903,#1904);
#1903 = CARTESIAN_POINT('',(3.39835051672,0.));
#1904 = VECTOR('',#1905,1.);
#1905 = DIRECTION('',(0.,1.));
#1906 = ( GEOMETRIC_REPRESENTATION_CONTEXT(2) 
PARAMETRIC_REPRESENTATION_CONTEXT() REPRESENTATION_CONTEXT('2D SPACE',''
  ) );
#1907 = PCURVE('',#1553,#1908);
#1908 = DEFINITIONAL_REPRESENTATION('',(#1909),#1913);
#1909 = LINE('',#1910,#1911);
#1910 = CARTESIAN_POINT('',(4.729889730744,0.));
#1911 = VECTOR('',#1912,1.);
#1912 = DIRECTION('',(0.,1.));
#1913 = ( GEOMETRIC_REPRESENTATION_CONTEXT(2) 
PARAMETRIC_REPRESENTATION_CONTEXT() REPRESENTATION_CONTEXT('2D SPACE',''
  ) );
#1914 = ORIENTED_EDGE('',*,*,#1626,.T.);
#1915 = ADVANCED_FACE('',(#1916),#1553,.F.);
#1916 = FACE_BOUND('',#1917,.F.);
#1917 = EDGE_LOOP('',(#1918,#1919,#1943,#1963));
#1918 = ORIENTED_EDGE('',*,*,#1895,.F.);
#1919 = ORIENTED_EDGE('',*,*,#1920,.T.);
#1920 = EDGE_CURVE('',#1868,#1921,#1923,.T.);
#1921 = VERTEX_POINT('',#1922);
#1922 = CARTESIAN_POINT('',(23.370355284227,14.482624233016,0.));
#1923 = SURFACE_CURVE('',#1924,(#1929,#1936),.PCURVE_S1.);
#1924 = CIRCLE('',#1925,1.);
#1925 = AXIS2_PLACEMENT_3D('',#1926,#1927,#1928);
#1926 = CARTESIAN_POINT('',(24.244997998398,13.997856120877,0.));
#1927 = DIRECTION('',(0.,0.,-1.));
#1928 = DIRECTION('',(-1.,0.,0.));
#1929 = PCURVE('',#1553,#1930);
#1930 = DEFINITIONAL_REPRESENTATION('',(#1931),#1935);
#1931 = LINE('',#1932,#1933);
#1932 = CARTESIAN_POINT('',(0.,0.));
#1933 = VECTOR('',#1934,1.);
#1934 = DIRECTION('',(1.,0.));
#1935 = ( GEOMETRIC_REPRESENTATION_CONTEXT(2) 
PARAMETRIC_REPRESENTATION_CONTEXT() REPRESENTATION_CONTEXT('2D SPACE',''
  ) );
#1936 = PCURVE('',#1830,#1937);
#1937 = DEFINITIONAL_REPRESENTATION('',(#1938),#1942);
#1938 = CIRCLE('',#1939,1.);
#1939 = AXIS2_PLACEMENT_2D('',#1940,#1941);
#1940 = CARTESIAN_POINT('',(0.,27.995712241755));
#1941 = DIRECTION('',(1.,0.));
#1942 = ( GEOMETRIC_REPRESENTATION_CONTEXT(2) 
PARAMETRIC_REPRESENTATION_CONTEXT() REPRESENTATION_CONTEXT('2D SPACE',''
  ) );
#1943 = ORIENTED_EDGE('',*,*,#1944,.T.);
#1944 = EDGE_CURVE('',#1921,#1315,#1945,.T.);
#1945 = SURFACE_CURVE('',#1946,(#1949,#1956),.PCURVE_S1.);
#1946 = B_SPLINE_CURVE_WITH_KNOTS('',1,(#1947,#1948),.UNSPECIFIED.,.F.,
  .F.,(2,2),(0.,1.),.PIECEWISE_BEZIER_KNOTS.);
#1947 = CARTESIAN_POINT('',(23.370355284227,14.482624233016,0.));
#1948 = CARTESIAN_POINT('',(32.679479795089,20.251494692601,102.));
#1949 = PCURVE('',#1553,#1950);
#1950 = DEFINITIONAL_REPRESENTATION('',(#1951),#1955);
#1951 = LINE('',#1952,#1953);
#1952 = CARTESIAN_POINT('',(6.789283332419,0.));
#1953 = VECTOR('',#1954,1.);
#1954 = DIRECTION('',(0.,1.));
#1955 = ( GEOMETRIC_REPRESENTATION_CONTEXT(2) 
PARAMETRIC_REPRESENTATION_CONTEXT() REPRESENTATION_CONTEXT('2D SPACE',''
  ) );
#1956 = PCURVE('',#1384,#1957);
#1957 = DEFINITIONAL_REPRESENTATION('',(#1958),#1962);
#1958 = LINE('',#1959,#1960);
#1959 = CARTESIAN_POINT('',(0.146308406257,0.));
#1960 = VECTOR('',#1961,1.);
#1961 = DIRECTION('',(0.,1.));
#1962 = ( GEOMETRIC_REPRESENTATION_CONTEXT(2) 
PARAMETRIC_REPRESENTATION_CONTEXT() REPRESENTATION_CONTEXT('2D SPACE',''
  ) );
#1963 = ORIENTED_EDGE('',*,*,#1443,.T.);
#1964 = ADVANCED_FACE('',(#1965),#1384,.F.);
#1965 = FACE_BOUND('',#1966,.F.);
#1966 = EDGE_LOOP('',(#1967,#1968,#1996,#2016));
#1967 = ORIENTED_EDGE('',*,*,#1944,.F.);
#1968 = ORIENTED_EDGE('',*,*,#1969,.T.);
#1969 = EDGE_CURVE('',#1921,#1970,#1972,.T.);
#1970 = VERTEX_POINT('',#1971);
#1971 = CARTESIAN_POINT('',(0.857142857143,27.480633488117,0.));
#1972 = SURFACE_CURVE('',#1973,(#1978,#1985),.PCURVE_S1.);
#1973 = CIRCLE('',#1974,13.);
#1974 = AXIS2_PLACEMENT_3D('',#1975,#1976,#1977);
#1975 = CARTESIAN_POINT('',(12.,20.784609690827,0.));
#1976 = DIRECTION('',(0.,-0.,1.));
#1977 = DIRECTION('',(0.794625155302,-0.607100372724,-0.));
#1978 = PCURVE('',#1384,#1979);
#1979 = DEFINITIONAL_REPRESENTATION('',(#1980),#1984);
#1980 = LINE('',#1981,#1982);
#1981 = CARTESIAN_POINT('',(0.,0.));
#1982 = VECTOR('',#1983,1.);
#1983 = DIRECTION('',(1.,0.));
#1984 = ( GEOMETRIC_REPRESENTATION_CONTEXT(2) 
PARAMETRIC_REPRESENTATION_CONTEXT() REPRESENTATION_CONTEXT('2D SPACE',''
  ) );
#1985 = PCURVE('',#1830,#1986);
#1986 = DEFINITIONAL_REPRESENTATION('',(#1987),#1995);
#1987 = ( BOUNDED_CURVE() B_SPLINE_CURVE(2,(#1988,#1989,#1990,#1991,
#1992,#1993,#1994),.UNSPECIFIED.,.T.,.F.) B_SPLINE_CURVE_WITH_KNOTS((1,2
    ,2,2,2,1),(-2.094395102393,0.,2.094395102393,4.188790204786,
6.28318530718,8.377580409573),.UNSPECIFIED.) CURVE() 
GEOMETRIC_REPRESENTATION_ITEM() RATIONAL_B_SPLINE_CURVE((1.,0.5,1.,0.5,
1.,0.5,1.)) REPRESENTATION_ITEM('') );
#1988 = CARTESIAN_POINT('',(1.914870979476,26.89016096629));
#1989 = CARTESIAN_POINT('',(-11.7550020016,44.782465811704));
#1990 = CARTESIAN_POINT('',(10.57512501732,47.674770657117));
#1991 = CARTESIAN_POINT('',(32.905252036243,50.56707550253));
#1992 = CARTESIAN_POINT('',(24.244997998398,29.782465811704));
#1993 = CARTESIAN_POINT('',(15.584743960554,8.997856120877));
#1994 = CARTESIAN_POINT('',(1.914870979476,26.89016096629));
#1995 = ( GEOMETRIC_REPRESENTATION_CONTEXT(2) 
PARAMETRIC_REPRESENTATION_CONTEXT() REPRESENTATION_CONTEXT('2D SPACE',''
  ) );
#1996 = ORIENTED_EDGE('',*,*,#1997,.T.);
#1997 = EDGE_CURVE('',#1970,#1201,#1998,.T.);
#1998 = SURFACE_CURVE('',#1999,(#2002,#2009),.PCURVE_S1.);
#1999 = B_SPLINE_CURVE_WITH_KNOTS('',1,(#2000,#2001),.UNSPECIFIED.,.F.,
  .F.,(2,2),(0.,1.),.PIECEWISE_BEZIER_KNOTS.);
#2000 = CARTESIAN_POINT('',(0.857142857143,27.480633488117,0.));
#2001 = CARTESIAN_POINT('',(1.198568970854,38.427007031308,102.));
#2002 = PCURVE('',#1384,#2003);
#2003 = DEFINITIONAL_REPRESENTATION('',(#2004),#2008);
#2004 = LINE('',#2005,#2006);
#2005 = CARTESIAN_POINT('',(3.252899559129,0.));
#2006 = VECTOR('',#2007,1.);
#2007 = DIRECTION('',(0.,1.));
#2008 = ( GEOMETRIC_REPRESENTATION_CONTEXT(2) 
PARAMETRIC_REPRESENTATION_CONTEXT() REPRESENTATION_CONTEXT('2D SPACE',''
  ) );
#2009 = PCURVE('',#1264,#2010);
#2010 = DEFINITIONAL_REPRESENTATION('',(#2011),#2015);
#2011 = LINE('',#2012,#2013);
#2012 = CARTESIAN_POINT('',(3.682692179547,0.));
#2013 = VECTOR('',#2014,1.);
#2014 = DIRECTION('',(0.,1.));
#2015 = ( GEOMETRIC_REPRESENTATION_CONTEXT(2) 
PARAMETRIC_REPRESENTATION_CONTEXT() REPRESENTATION_CONTEXT('2D SPACE',''
  ) );
#2016 = ORIENTED_EDGE('',*,*,#1314,.T.);
#2017 = ADVANCED_FACE('',(#2018),#1264,.F.);
#2018 = FACE_BOUND('',#2019,.F.);
#2019 = EDGE_LOOP('',(#2020,#2021,#2045,#2065));
#2020 = ORIENTED_EDGE('',*,*,#1997,.F.);
#2021 = ORIENTED_EDGE('',*,*,#2022,.T.);
#2022 = EDGE_CURVE('',#1970,#2023,#2025,.T.);
#2023 = VERTEX_POINT('',#2024);
#2024 = CARTESIAN_POINT('',(-0.857142857143,27.480633488117,0.));
#2025 = SURFACE_CURVE('',#2026,(#2031,#2038),.PCURVE_S1.);
#2026 = CIRCLE('',#2027,1.);
#2027 = AXIS2_PLACEMENT_3D('',#2028,#2029,#2030);
#2028 = CARTESIAN_POINT('',(4.62017129013E-15,27.995712241755,0.));
#2029 = DIRECTION('',(0.,0.,-1.));
#2030 = DIRECTION('',(-1.,0.,0.));
#2031 = PCURVE('',#1264,#2032);
#2032 = DEFINITIONAL_REPRESENTATION('',(#2033),#2037);
#2033 = LINE('',#2034,#2035);
#2034 = CARTESIAN_POINT('',(0.,0.));
#2035 = VECTOR('',#2036,1.);
#2036 = DIRECTION('',(1.,0.));
#2037 = ( GEOMETRIC_REPRESENTATION_CONTEXT(2) 
PARAMETRIC_REPRESENTATION_CONTEXT() REPRESENTATION_CONTEXT('2D SPACE',''
  ) );
#2038 = PCURVE('',#1830,#2039);
#2039 = DEFINITIONAL_REPRESENTATION('',(#2040),#2044);
#2040 = CIRCLE('',#2041,1.);
#2041 = AXIS2_PLACEMENT_2D('',#2042,#2043);
#2042 = CARTESIAN_POINT('',(24.244997998398,41.993568362632));
#2043 = DIRECTION('',(1.,0.));
#2044 = ( GEOMETRIC_REPRESENTATION_CONTEXT(2) 
PARAMETRIC_REPRESENTATION_CONTEXT() REPRESENTATION_CONTEXT('2D SPACE',''
  ) );
#2045 = ORIENTED_EDGE('',*,*,#2046,.T.);
#2046 = EDGE_CURVE('',#2023,#1072,#2047,.T.);
#2047 = SURFACE_CURVE('',#2048,(#2051,#2058),.PCURVE_S1.);
#2048 = B_SPLINE_CURVE_WITH_KNOTS('',1,(#2049,#2050),.UNSPECIFIED.,.F.,
  .F.,(2,2),(0.,1.),.PIECEWISE_BEZIER_KNOTS.);
#2049 = CARTESIAN_POINT('',(-0.857142857143,27.480633488117,0.));
#2050 = CARTESIAN_POINT('',(-1.198568970854,38.427007031308,102.));
#2051 = PCURVE('',#1264,#2052);
#2052 = DEFINITIONAL_REPRESENTATION('',(#2053),#2057);
#2053 = LINE('',#2054,#2055);
#2054 = CARTESIAN_POINT('',(5.742085781222,0.));
#2055 = VECTOR('',#2056,1.);
#2056 = DIRECTION('',(0.,1.));
#2057 = ( GEOMETRIC_REPRESENTATION_CONTEXT(2) 
PARAMETRIC_REPRESENTATION_CONTEXT() REPRESENTATION_CONTEXT('2D SPACE',''
  ) );
#2058 = PCURVE('',#1141,#2059);
#2059 = DEFINITIONAL_REPRESENTATION('',(#2060),#2064);
#2060 = LINE('',#2061,#2062);
#2061 = CARTESIAN_POINT('',(0.146308406257,0.));
#2062 = VECTOR('',#2063,1.);
#2063 = DIRECTION('',(0.,1.));
#2064 = ( GEOMETRIC_REPRESENTATION_CONTEXT(2) 
PARAMETRIC_REPRESENTATION_CONTEXT() REPRESENTATION_CONTEXT('2D SPACE',''
  ) );
#2065 = ORIENTED_EDGE('',*,*,#1200,.T.);
#2066 = ADVANCED_FACE('',(#2067),#1141,.F.);
#2067 = FACE_BOUND('',#2068,.F.);
#2068 = EDGE_LOOP('',(#2069,#2070,#2098,#2118));
#2069 = ORIENTED_EDGE('',*,*,#2046,.F.);
#2070 = ORIENTED_EDGE('',*,*,#2071,.T.);
#2071 = EDGE_CURVE('',#2023,#2072,#2074,.T.);
#2072 = VERTEX_POINT('',#2073);
#2073 = CARTESIAN_POINT('',(-23.37035528422,14.482624233016,0.));
#2074 = SURFACE_CURVE('',#2075,(#2080,#2087),.PCURVE_S1.);
#2075 = CIRCLE('',#2076,13.);
#2076 = AXIS2_PLACEMENT_3D('',#2077,#2078,#2079);
#2077 = CARTESIAN_POINT('',(-12.,20.784609690827,0.));
#2078 = DIRECTION('',(0.,-0.,1.));
#2079 = DIRECTION('',(0.923076923077,0.384615384615,0.));
#2080 = PCURVE('',#1141,#2081);
#2081 = DEFINITIONAL_REPRESENTATION('',(#2082),#2086);
#2082 = LINE('',#2083,#2084);
#2083 = CARTESIAN_POINT('',(0.,0.));
#2084 = VECTOR('',#2085,1.);
#2085 = DIRECTION('',(1.,0.));
#2086 = ( GEOMETRIC_REPRESENTATION_CONTEXT(2) 
PARAMETRIC_REPRESENTATION_CONTEXT() REPRESENTATION_CONTEXT('2D SPACE',''
  ) );
#2087 = PCURVE('',#1830,#2088);
#2088 = DEFINITIONAL_REPRESENTATION('',(#2089),#2097);
#2089 = ( BOUNDED_CURVE() B_SPLINE_CURVE(2,(#2090,#2091,#2092,#2093,
#2094,#2095,#2096),.UNSPECIFIED.,.T.,.F.) B_SPLINE_CURVE_WITH_KNOTS((1,2
    ,2,2,2,1),(-2.094395102393,0.,2.094395102393,4.188790204786,
6.28318530718,8.377580409573),.UNSPECIFIED.) CURVE() 
GEOMETRIC_REPRESENTATION_ITEM() RATIONAL_B_SPLINE_CURVE((1.,0.5,1.,0.5,
1.,0.5,1.)) REPRESENTATION_ITEM('') );
#2090 = CARTESIAN_POINT('',(24.244997998398,39.782465811703));
#2091 = CARTESIAN_POINT('',(32.905252036242,60.56707550253));
#2092 = CARTESIAN_POINT('',(46.57512501732,42.674770657117));
#2093 = CARTESIAN_POINT('',(60.244997998399,24.782465811704));
#2094 = CARTESIAN_POINT('',(37.914870979477,21.890160966291));
#2095 = CARTESIAN_POINT('',(15.584743960554,18.997856120877));
#2096 = CARTESIAN_POINT('',(24.244997998398,39.782465811703));
#2097 = ( GEOMETRIC_REPRESENTATION_CONTEXT(2) 
PARAMETRIC_REPRESENTATION_CONTEXT() REPRESENTATION_CONTEXT('2D SPACE',''
  ) );
#2098 = ORIENTED_EDGE('',*,*,#2099,.T.);
#2099 = EDGE_CURVE('',#2072,#943,#2100,.T.);
#2100 = SURFACE_CURVE('',#2101,(#2104,#2111),.PCURVE_S1.);
#2101 = B_SPLINE_CURVE_WITH_KNOTS('',1,(#2102,#2103),.UNSPECIFIED.,.F.,
  .F.,(2,2),(0.,1.),.PIECEWISE_BEZIER_KNOTS.);
#2102 = CARTESIAN_POINT('',(-23.37035528422,14.482624233016,0.));
#2103 = CARTESIAN_POINT('',(-32.67947979508,20.251494692601,102.));
#2104 = PCURVE('',#1141,#2105);
#2105 = DEFINITIONAL_REPRESENTATION('',(#2106),#2110);
#2106 = LINE('',#2107,#2108);
#2107 = CARTESIAN_POINT('',(3.25289955913,0.));
#2108 = VECTOR('',#2109,1.);
#2109 = DIRECTION('',(0.,1.));
#2110 = ( GEOMETRIC_REPRESENTATION_CONTEXT(2) 
PARAMETRIC_REPRESENTATION_CONTEXT() REPRESENTATION_CONTEXT('2D SPACE',''
  ) );
#2111 = PCURVE('',#1016,#2112);
#2112 = DEFINITIONAL_REPRESENTATION('',(#2113),#2117);
#2113 = LINE('',#2114,#2115);
#2114 = CARTESIAN_POINT('',(2.63549462835,0.));
#2115 = VECTOR('',#2116,1.);
#2116 = DIRECTION('',(0.,1.));
#2117 = ( GEOMETRIC_REPRESENTATION_CONTEXT(2) 
PARAMETRIC_REPRESENTATION_CONTEXT() REPRESENTATION_CONTEXT('2D SPACE',''
  ) );
#2118 = ORIENTED_EDGE('',*,*,#1071,.T.);
#2119 = ADVANCED_FACE('',(#2120),#1016,.F.);
#2120 = FACE_BOUND('',#2121,.F.);
#2121 = EDGE_LOOP('',(#2122,#2123,#2147,#2167));
#2122 = ORIENTED_EDGE('',*,*,#2099,.F.);
#2123 = ORIENTED_EDGE('',*,*,#2124,.T.);
#2124 = EDGE_CURVE('',#2072,#2125,#2127,.T.);
#2125 = VERTEX_POINT('',#2126);
#2126 = CARTESIAN_POINT('',(-24.22749814137,12.9980092551,0.));
#2127 = SURFACE_CURVE('',#2128,(#2133,#2140),.PCURVE_S1.);
#2128 = CIRCLE('',#2129,1.);
#2129 = AXIS2_PLACEMENT_3D('',#2130,#2131,#2132);
#2130 = CARTESIAN_POINT('',(-24.24499799839,13.997856120877,0.));
#2131 = DIRECTION('',(0.,0.,-1.));
#2132 = DIRECTION('',(-1.,0.,0.));
#2133 = PCURVE('',#1016,#2134);
#2134 = DEFINITIONAL_REPRESENTATION('',(#2135),#2139);
#2135 = LINE('',#2136,#2137);
#2136 = CARTESIAN_POINT('',(0.,0.));
#2137 = VECTOR('',#2138,1.);
#2138 = DIRECTION('',(1.,0.));
#2139 = ( GEOMETRIC_REPRESENTATION_CONTEXT(2) 
PARAMETRIC_REPRESENTATION_CONTEXT() REPRESENTATION_CONTEXT('2D SPACE',''
  ) );
#2140 = PCURVE('',#1830,#2141);
#2141 = DEFINITIONAL_REPRESENTATION('',(#2142),#2146);
#2142 = CIRCLE('',#2143,1.);
#2143 = AXIS2_PLACEMENT_2D('',#2144,#2145);
#2144 = CARTESIAN_POINT('',(48.489995996797,27.995712241755));
#2145 = DIRECTION('',(1.,0.));
#2146 = ( GEOMETRIC_REPRESENTATION_CONTEXT(2) 
PARAMETRIC_REPRESENTATION_CONTEXT() REPRESENTATION_CONTEXT('2D SPACE',''
  ) );
#2147 = ORIENTED_EDGE('',*,*,#2148,.T.);
#2148 = EDGE_CURVE('',#2125,#814,#2149,.T.);
#2149 = SURFACE_CURVE('',#2150,(#2153,#2160),.PCURVE_S1.);
#2150 = B_SPLINE_CURVE_WITH_KNOTS('',1,(#2151,#2152),.UNSPECIFIED.,.F.,
  .F.,(2,2),(0.,1.),.PIECEWISE_BEZIER_KNOTS.);
#2151 = CARTESIAN_POINT('',(-24.22749814137,12.9980092551,0.));
#2152 = CARTESIAN_POINT('',(-33.87804876594,18.175512338707,102.));
#2153 = PCURVE('',#1016,#2154);
#2154 = DEFINITIONAL_REPRESENTATION('',(#2155),#2159);
#2155 = LINE('',#2156,#2157);
#2156 = CARTESIAN_POINT('',(4.694888230026,0.));
#2157 = VECTOR('',#2158,1.);
#2158 = DIRECTION('',(0.,1.));
#2159 = ( GEOMETRIC_REPRESENTATION_CONTEXT(2) 
PARAMETRIC_REPRESENTATION_CONTEXT() REPRESENTATION_CONTEXT('2D SPACE',''
  ) );
#2160 = PCURVE('',#883,#2161);
#2161 = DEFINITIONAL_REPRESENTATION('',(#2162),#2166);
#2162 = LINE('',#2163,#2164);
#2163 = CARTESIAN_POINT('',(0.146308406257,0.));
#2164 = VECTOR('',#2165,1.);
#2165 = DIRECTION('',(0.,1.));
#2166 = ( GEOMETRIC_REPRESENTATION_CONTEXT(2) 
PARAMETRIC_REPRESENTATION_CONTEXT() REPRESENTATION_CONTEXT('2D SPACE',''
  ) );
#2167 = ORIENTED_EDGE('',*,*,#942,.T.);
#2168 = ADVANCED_FACE('',(#2169),#883,.F.);
#2169 = FACE_BOUND('',#2170,.F.);
#2170 = EDGE_LOOP('',(#2171,#2172,#2200,#2220));
#2171 = ORIENTED_EDGE('',*,*,#2148,.F.);
#2172 = ORIENTED_EDGE('',*,*,#2173,.T.);
#2173 = EDGE_CURVE('',#2125,#2174,#2176,.T.);
#2174 = VERTEX_POINT('',#2175);
#2175 = CARTESIAN_POINT('',(-24.22749814137,-12.9980092551,0.));
#2176 = SURFACE_CURVE('',#2177,(#2182,#2189),.PCURVE_S1.);
#2177 = CIRCLE('',#2178,13.);
#2178 = AXIS2_PLACEMENT_3D('',#2179,#2180,#2181);
#2179 = CARTESIAN_POINT('',(-24.,3.552713678801E-15,0.));
#2180 = DIRECTION('',(0.,-0.,1.));
#2181 = DIRECTION('',(0.128451767775,0.991715757339,0.));
#2182 = PCURVE('',#883,#2183);
#2183 = DEFINITIONAL_REPRESENTATION('',(#2184),#2188);
#2184 = LINE('',#2185,#2186);
#2185 = CARTESIAN_POINT('',(0.,0.));
#2186 = VECTOR('',#2187,1.);
#2187 = DIRECTION('',(1.,0.));
#2188 = ( GEOMETRIC_REPRESENTATION_CONTEXT(2) 
PARAMETRIC_REPRESENTATION_CONTEXT() REPRESENTATION_CONTEXT('2D SPACE',''
  ) );
#2189 = PCURVE('',#1830,#2190);
#2190 = DEFINITIONAL_REPRESENTATION('',(#2191),#2199);
#2191 = ( BOUNDED_CURVE() B_SPLINE_CURVE(2,(#2192,#2193,#2194,#2195,
#2196,#2197,#2198),.UNSPECIFIED.,.T.,.F.) B_SPLINE_CURVE_WITH_KNOTS((1,2
    ,2,2,2,1),(-2.094395102393,0.,2.094395102393,4.188790204786,
6.28318530718,8.377580409573),.UNSPECIFIED.) CURVE() 
GEOMETRIC_REPRESENTATION_ITEM() RATIONAL_B_SPLINE_CURVE((1.,0.5,1.,0.5,
1.,0.5,1.)) REPRESENTATION_ITEM('') );
#2192 = CARTESIAN_POINT('',(46.57512501732,26.890160966291));
#2193 = CARTESIAN_POINT('',(68.905252036243,29.782465811704));
#2194 = CARTESIAN_POINT('',(60.244997998398,8.997856120877));
#2195 = CARTESIAN_POINT('',(51.584743960554,-11.78675356994));
#2196 = CARTESIAN_POINT('',(37.914870979476,6.105551275464));
#2197 = CARTESIAN_POINT('',(24.244997998398,23.997856120877));
#2198 = CARTESIAN_POINT('',(46.57512501732,26.890160966291));
#2199 = ( GEOMETRIC_REPRESENTATION_CONTEXT(2) 
PARAMETRIC_REPRESENTATION_CONTEXT() REPRESENTATION_CONTEXT('2D SPACE',''
  ) );
#2200 = ORIENTED_EDGE('',*,*,#2201,.T.);
#2201 = EDGE_CURVE('',#2174,#685,#2202,.T.);
#2202 = SURFACE_CURVE('',#2203,(#2206,#2213),.PCURVE_S1.);
#2203 = B_SPLINE_CURVE_WITH_KNOTS('',1,(#2204,#2205),.UNSPECIFIED.,.F.,
  .F.,(2,2),(0.,1.),.PIECEWISE_BEZIER_KNOTS.);
#2204 = CARTESIAN_POINT('',(-24.22749814137,-12.9980092551,0.));
#2205 = CARTESIAN_POINT('',(-33.87804876594,-18.1755123387,102.));
#2206 = PCURVE('',#883,#2207);
#2207 = DEFINITIONAL_REPRESENTATION('',(#2208),#2212);
#2208 = LINE('',#2209,#2210);
#2209 = CARTESIAN_POINT('',(3.252899559129,0.));
#2210 = VECTOR('',#2211,1.);
#2211 = DIRECTION('',(0.,1.));
#2212 = ( GEOMETRIC_REPRESENTATION_CONTEXT(2) 
PARAMETRIC_REPRESENTATION_CONTEXT() REPRESENTATION_CONTEXT('2D SPACE',''
  ) );
#2213 = PCURVE('',#758,#2214);
#2214 = DEFINITIONAL_REPRESENTATION('',(#2215),#2219);
#2215 = LINE('',#2216,#2217);
#2216 = CARTESIAN_POINT('',(1.588297077154,0.));
#2217 = VECTOR('',#2218,1.);
#2218 = DIRECTION('',(0.,1.));
#2219 = ( GEOMETRIC_REPRESENTATION_CONTEXT(2) 
PARAMETRIC_REPRESENTATION_CONTEXT() REPRESENTATION_CONTEXT('2D SPACE',''
  ) );
#2220 = ORIENTED_EDGE('',*,*,#813,.T.);
#2221 = ADVANCED_FACE('',(#2222),#758,.F.);
#2222 = FACE_BOUND('',#2223,.F.);
#2223 = EDGE_LOOP('',(#2224,#2225,#2249,#2269));
#2224 = ORIENTED_EDGE('',*,*,#2201,.F.);
#2225 = ORIENTED_EDGE('',*,*,#2226,.T.);
#2226 = EDGE_CURVE('',#2174,#2227,#2229,.T.);
#2227 = VERTEX_POINT('',#2228);
#2228 = CARTESIAN_POINT('',(-23.37035528422,-14.48262423301,0.));
#2229 = SURFACE_CURVE('',#2230,(#2235,#2242),.PCURVE_S1.);
#2230 = CIRCLE('',#2231,1.);
#2231 = AXIS2_PLACEMENT_3D('',#2232,#2233,#2234);
#2232 = CARTESIAN_POINT('',(-24.24499799839,-13.99785612087,0.));
#2233 = DIRECTION('',(0.,0.,-1.));
#2234 = DIRECTION('',(-1.,0.,0.));
#2235 = PCURVE('',#758,#2236);
#2236 = DEFINITIONAL_REPRESENTATION('',(#2237),#2241);
#2237 = LINE('',#2238,#2239);
#2238 = CARTESIAN_POINT('',(0.,0.));
#2239 = VECTOR('',#2240,1.);
#2240 = DIRECTION('',(1.,0.));
#2241 = ( GEOMETRIC_REPRESENTATION_CONTEXT(2) 
PARAMETRIC_REPRESENTATION_CONTEXT() REPRESENTATION_CONTEXT('2D SPACE',''
  ) );
#2242 = PCURVE('',#1830,#2243);
#2243 = DEFINITIONAL_REPRESENTATION('',(#2244),#2248);
#2244 = CIRCLE('',#2245,1.);
#2245 = AXIS2_PLACEMENT_2D('',#2246,#2247);
#2246 = CARTESIAN_POINT('',(48.489995996797,0.));
#2247 = DIRECTION('',(1.,0.));
#2248 = ( GEOMETRIC_REPRESENTATION_CONTEXT(2) 
PARAMETRIC_REPRESENTATION_CONTEXT() REPRESENTATION_CONTEXT('2D SPACE',''
  ) );
#2249 = ORIENTED_EDGE('',*,*,#2250,.T.);
#2250 = EDGE_CURVE('',#2227,#556,#2251,.T.);
#2251 = SURFACE_CURVE('',#2252,(#2255,#2262),.PCURVE_S1.);
#2252 = B_SPLINE_CURVE_WITH_KNOTS('',1,(#2253,#2254),.UNSPECIFIED.,.F.,
  .F.,(2,2),(0.,1.),.PIECEWISE_BEZIER_KNOTS.);
#2253 = CARTESIAN_POINT('',(-23.37035528422,-14.48262423301,0.));
#2254 = CARTESIAN_POINT('',(-32.67947979508,-20.2514946926,102.));
#2255 = PCURVE('',#758,#2256);
#2256 = DEFINITIONAL_REPRESENTATION('',(#2257),#2261);
#2257 = LINE('',#2258,#2259);
#2258 = CARTESIAN_POINT('',(3.647690678829,0.));
#2259 = VECTOR('',#2260,1.);
#2260 = DIRECTION('',(0.,1.));
#2261 = ( GEOMETRIC_REPRESENTATION_CONTEXT(2) 
PARAMETRIC_REPRESENTATION_CONTEXT() REPRESENTATION_CONTEXT('2D SPACE',''
  ) );
#2262 = PCURVE('',#625,#2263);
#2263 = DEFINITIONAL_REPRESENTATION('',(#2264),#2268);
#2264 = LINE('',#2265,#2266);
#2265 = CARTESIAN_POINT('',(0.146308406257,0.));
#2266 = VECTOR('',#2267,1.);
#2267 = DIRECTION('',(0.,1.));
#2268 = ( GEOMETRIC_REPRESENTATION_CONTEXT(2) 
PARAMETRIC_REPRESENTATION_CONTEXT() REPRESENTATION_CONTEXT('2D SPACE',''
  ) );
#2269 = ORIENTED_EDGE('',*,*,#684,.T.);
#2270 = ADVANCED_FACE('',(#2271),#625,.F.);
#2271 = FACE_BOUND('',#2272,.F.);
#2272 = EDGE_LOOP('',(#2273,#2274,#2302,#2322));
#2273 = ORIENTED_EDGE('',*,*,#2250,.F.);
#2274 = ORIENTED_EDGE('',*,*,#2275,.T.);
#2275 = EDGE_CURVE('',#2227,#2276,#2278,.T.);
#2276 = VERTEX_POINT('',#2277);
#2277 = CARTESIAN_POINT('',(-0.857142857143,-27.48063348811,0.));
#2278 = SURFACE_CURVE('',#2279,(#2284,#2291),.PCURVE_S1.);
#2279 = CIRCLE('',#2280,13.);
#2280 = AXIS2_PLACEMENT_3D('',#2281,#2282,#2283);
#2281 = CARTESIAN_POINT('',(-12.,-20.78460969082,0.));
#2282 = DIRECTION('',(0.,0.,1.));
#2283 = DIRECTION('',(-0.794625155302,0.607100372724,0.));
#2284 = PCURVE('',#625,#2285);
#2285 = DEFINITIONAL_REPRESENTATION('',(#2286),#2290);
#2286 = LINE('',#2287,#2288);
#2287 = CARTESIAN_POINT('',(0.,0.));
#2288 = VECTOR('',#2289,1.);
#2289 = DIRECTION('',(1.,0.));
#2290 = ( GEOMETRIC_REPRESENTATION_CONTEXT(2) 
PARAMETRIC_REPRESENTATION_CONTEXT() REPRESENTATION_CONTEXT('2D SPACE',''
  ) );
#2291 = PCURVE('',#1830,#2292);
#2292 = DEFINITIONAL_REPRESENTATION('',(#2293),#2301);
#2293 = ( BOUNDED_CURVE() B_SPLINE_CURVE(2,(#2294,#2295,#2296,#2297,
#2298,#2299,#2300),.UNSPECIFIED.,.T.,.F.) B_SPLINE_CURVE_WITH_KNOTS((1,2
    ,2,2,2,1),(-2.094395102393,0.,2.094395102393,4.188790204786,
6.28318530718,8.377580409573),.UNSPECIFIED.) CURVE() 
GEOMETRIC_REPRESENTATION_ITEM() RATIONAL_B_SPLINE_CURVE((1.,0.5,1.,0.5,
1.,0.5,1.)) REPRESENTATION_ITEM('') );
#2294 = CARTESIAN_POINT('',(46.575125017321,1.105551275464));
#2295 = CARTESIAN_POINT('',(60.244997998398,-16.78675356994));
#2296 = CARTESIAN_POINT('',(37.914870979476,-19.67905841536));
#2297 = CARTESIAN_POINT('',(15.584743960554,-22.57136326077));
#2298 = CARTESIAN_POINT('',(24.244997998398,-1.786753569949));
#2299 = CARTESIAN_POINT('',(32.905252036243,18.997856120877));
#2300 = CARTESIAN_POINT('',(46.575125017321,1.105551275464));
#2301 = ( GEOMETRIC_REPRESENTATION_CONTEXT(2) 
PARAMETRIC_REPRESENTATION_CONTEXT() REPRESENTATION_CONTEXT('2D SPACE',''
  ) );
#2302 = ORIENTED_EDGE('',*,*,#2303,.T.);
#2303 = EDGE_CURVE('',#2276,#373,#2304,.T.);
#2304 = SURFACE_CURVE('',#2305,(#2308,#2315),.PCURVE_S1.);
#2305 = B_SPLINE_CURVE_WITH_KNOTS('',1,(#2306,#2307),.UNSPECIFIED.,.F.,
  .F.,(2,2),(0.,1.),.PIECEWISE_BEZIER_KNOTS.);
#2306 = CARTESIAN_POINT('',(-0.857142857143,-27.48063348811,0.));
#2307 = CARTESIAN_POINT('',(-1.198568970854,-38.4270070313,102.));
#2308 = PCURVE('',#625,#2309);
#2309 = DEFINITIONAL_REPRESENTATION('',(#2310),#2314);
#2310 = LINE('',#2311,#2312);
#2311 = CARTESIAN_POINT('',(3.252899559129,0.));
#2312 = VECTOR('',#2313,1.);
#2313 = DIRECTION('',(0.,1.));
#2314 = ( GEOMETRIC_REPRESENTATION_CONTEXT(2) 
PARAMETRIC_REPRESENTATION_CONTEXT() REPRESENTATION_CONTEXT('2D SPACE',''
  ) );
#2315 = PCURVE('',#482,#2316);
#2316 = DEFINITIONAL_REPRESENTATION('',(#2317),#2321);
#2317 = LINE('',#2318,#2319);
#2318 = CARTESIAN_POINT('',(0.541099525957,0.));
#2319 = VECTOR('',#2320,1.);
#2320 = DIRECTION('',(0.,1.));
#2321 = ( GEOMETRIC_REPRESENTATION_CONTEXT(2) 
PARAMETRIC_REPRESENTATION_CONTEXT() REPRESENTATION_CONTEXT('2D SPACE',''
  ) );
#2322 = ORIENTED_EDGE('',*,*,#555,.T.);
#2323 = ADVANCED_FACE('',(#2324),#482,.F.);
#2324 = FACE_BOUND('',#2325,.F.);
#2325 = EDGE_LOOP('',(#2326,#2327,#2351,#2371));
#2326 = ORIENTED_EDGE('',*,*,#2303,.F.);
#2327 = ORIENTED_EDGE('',*,*,#2328,.T.);
#2328 = EDGE_CURVE('',#2276,#2329,#2331,.T.);
#2329 = VERTEX_POINT('',#2330);
#2330 = CARTESIAN_POINT('',(0.857142857143,-27.48063348811,0.));
#2331 = SURFACE_CURVE('',#2332,(#2337,#2344),.PCURVE_S1.);
#2332 = CIRCLE('',#2333,1.);
#2333 = AXIS2_PLACEMENT_3D('',#2334,#2335,#2336);
#2334 = CARTESIAN_POINT('',(-7.105427357601E-15,-27.99571224175,0.));
#2335 = DIRECTION('',(0.,0.,-1.));
#2336 = DIRECTION('',(-1.,0.,0.));
#2337 = PCURVE('',#482,#2338);
#2338 = DEFINITIONAL_REPRESENTATION('',(#2339),#2343);
#2339 = LINE('',#2340,#2341);
#2340 = CARTESIAN_POINT('',(0.,0.));
#2341 = VECTOR('',#2342,1.);
#2342 = DIRECTION('',(1.,0.));
#2343 = ( GEOMETRIC_REPRESENTATION_CONTEXT(2) 
PARAMETRIC_REPRESENTATION_CONTEXT() REPRESENTATION_CONTEXT('2D SPACE',''
  ) );
#2344 = PCURVE('',#1830,#2345);
#2345 = DEFINITIONAL_REPRESENTATION('',(#2346),#2350);
#2346 = CIRCLE('',#2347,1.);
#2347 = AXIS2_PLACEMENT_2D('',#2348,#2349);
#2348 = CARTESIAN_POINT('',(24.244997998398,-13.99785612087));
#2349 = DIRECTION('',(1.,0.));
#2350 = ( GEOMETRIC_REPRESENTATION_CONTEXT(2) 
PARAMETRIC_REPRESENTATION_CONTEXT() REPRESENTATION_CONTEXT('2D SPACE',''
  ) );
#2351 = ORIENTED_EDGE('',*,*,#2352,.T.);
#2352 = EDGE_CURVE('',#2329,#244,#2353,.T.);
#2353 = SURFACE_CURVE('',#2354,(#2357,#2364),.PCURVE_S1.);
#2354 = B_SPLINE_CURVE_WITH_KNOTS('',1,(#2355,#2356),.UNSPECIFIED.,.F.,
  .F.,(2,2),(0.,1.),.PIECEWISE_BEZIER_KNOTS.);
#2355 = CARTESIAN_POINT('',(0.857142857143,-27.48063348811,0.));
#2356 = CARTESIAN_POINT('',(1.198568970854,-38.4270070313,102.));
#2357 = PCURVE('',#482,#2358);
#2358 = DEFINITIONAL_REPRESENTATION('',(#2359),#2363);
#2359 = LINE('',#2360,#2361);
#2360 = CARTESIAN_POINT('',(2.600493127633,0.));
#2361 = VECTOR('',#2362,1.);
#2362 = DIRECTION('',(0.,1.));
#2363 = ( GEOMETRIC_REPRESENTATION_CONTEXT(2) 
PARAMETRIC_REPRESENTATION_CONTEXT() REPRESENTATION_CONTEXT('2D SPACE',''
  ) );
#2364 = PCURVE('',#313,#2365);
#2365 = DEFINITIONAL_REPRESENTATION('',(#2366),#2370);
#2366 = LINE('',#2367,#2368);
#2367 = CARTESIAN_POINT('',(0.146308406257,0.));
#2368 = VECTOR('',#2369,1.);
#2369 = DIRECTION('',(0.,1.));
#2370 = ( GEOMETRIC_REPRESENTATION_CONTEXT(2) 
PARAMETRIC_REPRESENTATION_CONTEXT() REPRESENTATION_CONTEXT('2D SPACE',''
  ) );
#2371 = ORIENTED_EDGE('',*,*,#372,.T.);
#2372 = ADVANCED_FACE('',(#2373),#313,.F.);
#2373 = FACE_BOUND('',#2374,.F.);
#2374 = EDGE_LOOP('',(#2375,#2376,#2402,#2403));
#2375 = ORIENTED_EDGE('',*,*,#2352,.F.);
#2376 = ORIENTED_EDGE('',*,*,#2377,.T.);
#2377 = EDGE_CURVE('',#2329,#1792,#2378,.T.);
#2378 = SURFACE_CURVE('',#2379,(#2384,#2391),.PCURVE_S1.);
#2379 = CIRCLE('',#2380,13.);
#2380 = AXIS2_PLACEMENT_3D('',#2381,#2382,#2383);
#2381 = CARTESIAN_POINT('',(12.,-20.78460969082,0.));
#2382 = DIRECTION('',(0.,0.,1.));
#2383 = DIRECTION('',(-0.923076923077,-0.384615384615,0.));
#2384 = PCURVE('',#313,#2385);
#2385 = DEFINITIONAL_REPRESENTATION('',(#2386),#2390);
#2386 = LINE('',#2387,#2388);
#2387 = CARTESIAN_POINT('',(0.,0.));
#2388 = VECTOR('',#2389,1.);
#2389 = DIRECTION('',(1.,0.));
#2390 = ( GEOMETRIC_REPRESENTATION_CONTEXT(2) 
PARAMETRIC_REPRESENTATION_CONTEXT() REPRESENTATION_CONTEXT('2D SPACE',''
  ) );
#2391 = PCURVE('',#1830,#2392);
#2392 = DEFINITIONAL_REPRESENTATION('',(#2393),#2401);
#2393 = ( BOUNDED_CURVE() B_SPLINE_CURVE(2,(#2394,#2395,#2396,#2397,
#2398,#2399,#2400),.UNSPECIFIED.,.T.,.F.) B_SPLINE_CURVE_WITH_KNOTS((1,2
    ,2,2,2,1),(-2.094395102393,0.,2.094395102393,4.188790204786,
6.28318530718,8.377580409573),.UNSPECIFIED.) CURVE() 
GEOMETRIC_REPRESENTATION_ITEM() RATIONAL_B_SPLINE_CURVE((1.,0.5,1.,0.5,
1.,0.5,1.)) REPRESENTATION_ITEM('') );
#2394 = CARTESIAN_POINT('',(24.244997998399,-11.78675356994));
#2395 = CARTESIAN_POINT('',(15.584743960555,-32.57136326077));
#2396 = CARTESIAN_POINT('',(1.914870979476,-14.67905841536));
#2397 = CARTESIAN_POINT('',(-11.7550020016,3.21324643005));
#2398 = CARTESIAN_POINT('',(10.57512501732,6.105551275464));
#2399 = CARTESIAN_POINT('',(32.905252036242,8.997856120878));
#2400 = CARTESIAN_POINT('',(24.244997998399,-11.78675356994));
#2401 = ( GEOMETRIC_REPRESENTATION_CONTEXT(2) 
PARAMETRIC_REPRESENTATION_CONTEXT() REPRESENTATION_CONTEXT('2D SPACE',''
  ) );
#2402 = ORIENTED_EDGE('',*,*,#1791,.T.);
#2403 = ORIENTED_EDGE('',*,*,#243,.T.);
#2404 = ADVANCED_FACE('',(#2405),#1776,.F.);
#2405 = FACE_BOUND('',#2406,.F.);
#2406 = EDGE_LOOP('',(#2407,#2435,#2456,#2457));
#2407 = ORIENTED_EDGE('',*,*,#2408,.F.);
#2408 = EDGE_CURVE('',#2409,#2409,#2411,.T.);
#2409 = VERTEX_POINT('',#2410);
#2410 = CARTESIAN_POINT('',(1.,-2.449293598295E-16,0.));
#2411 = SURFACE_CURVE('',#2412,(#2417,#2424),.PCURVE_S1.);
#2412 = CIRCLE('',#2413,1.);
#2413 = AXIS2_PLACEMENT_3D('',#2414,#2415,#2416);
#2414 = CARTESIAN_POINT('',(0.,0.,0.));
#2415 = DIRECTION('',(0.,0.,1.));
#2416 = DIRECTION('',(1.,0.,-0.));
#2417 = PCURVE('',#1776,#2418);
#2418 = DEFINITIONAL_REPRESENTATION('',(#2419),#2423);
#2419 = LINE('',#2420,#2421);
#2420 = CARTESIAN_POINT('',(0.,16.));
#2421 = VECTOR('',#2422,1.);
#2422 = DIRECTION('',(1.,0.));
#2423 = ( GEOMETRIC_REPRESENTATION_CONTEXT(2) 
PARAMETRIC_REPRESENTATION_CONTEXT() REPRESENTATION_CONTEXT('2D SPACE',''
  ) );
#2424 = PCURVE('',#1830,#2425);
#2425 = DEFINITIONAL_REPRESENTATION('',(#2426),#2434);
#2426 = ( BOUNDED_CURVE() B_SPLINE_CURVE(2,(#2427,#2428,#2429,#2430,
#2431,#2432,#2433),.UNSPECIFIED.,.T.,.F.) B_SPLINE_CURVE_WITH_KNOTS((1,2
    ,2,2,2,1),(-2.094395102393,0.,2.094395102393,4.188790204786,
6.28318530718,8.377580409573),.UNSPECIFIED.) CURVE() 
GEOMETRIC_REPRESENTATION_ITEM() RATIONAL_B_SPLINE_CURVE((1.,0.5,1.,0.5,
1.,0.5,1.)) REPRESENTATION_ITEM('') );
#2427 = CARTESIAN_POINT('',(23.244997998398,13.997856120877));
#2428 = CARTESIAN_POINT('',(23.244997998398,15.729906928446));
#2429 = CARTESIAN_POINT('',(24.744997998398,14.863881524662));
#2430 = CARTESIAN_POINT('',(26.244997998398,13.997856120877));
#2431 = CARTESIAN_POINT('',(24.744997998398,13.131830717093));
#2432 = CARTESIAN_POINT('',(23.244997998398,12.265805313308));
#2433 = CARTESIAN_POINT('',(23.244997998398,13.997856120877));
#2434 = ( GEOMETRIC_REPRESENTATION_CONTEXT(2) 
PARAMETRIC_REPRESENTATION_CONTEXT() REPRESENTATION_CONTEXT('2D SPACE',''
  ) );
#2435 = ORIENTED_EDGE('',*,*,#2436,.F.);
#2436 = EDGE_CURVE('',#1760,#2409,#2437,.T.);
#2437 = SEAM_CURVE('',#2438,(#2442,#2449),.PCURVE_S1.);
#2438 = LINE('',#2439,#2440);
#2439 = CARTESIAN_POINT('',(1.,-2.449293598295E-16,-16.));
#2440 = VECTOR('',#2441,1.);
#2441 = DIRECTION('',(0.,0.,1.));
#2442 = PCURVE('',#1776,#2443);
#2443 = DEFINITIONAL_REPRESENTATION('',(#2444),#2448);
#2444 = LINE('',#2445,#2446);
#2445 = CARTESIAN_POINT('',(6.28318530718,-0.));
#2446 = VECTOR('',#2447,1.);
#2447 = DIRECTION('',(0.,1.));
#2448 = ( GEOMETRIC_REPRESENTATION_CONTEXT(2) 
PARAMETRIC_REPRESENTATION_CONTEXT() REPRESENTATION_CONTEXT('2D SPACE',''
  ) );
#2449 = PCURVE('',#1776,#2450);
#2450 = DEFINITIONAL_REPRESENTATION('',(#2451),#2455);
#2451 = LINE('',#2452,#2453);
#2452 = CARTESIAN_POINT('',(0.,-0.));
#2453 = VECTOR('',#2454,1.);
#2454 = DIRECTION('',(0.,1.));
#2455 = ( GEOMETRIC_REPRESENTATION_CONTEXT(2) 
PARAMETRIC_REPRESENTATION_CONTEXT() REPRESENTATION_CONTEXT('2D SPACE',''
  ) );
#2456 = ORIENTED_EDGE('',*,*,#1759,.T.);
#2457 = ORIENTED_EDGE('',*,*,#2436,.T.);
#2458 = ADVANCED_FACE('',(#2459,#2473),#1830,.F.);
#2459 = FACE_BOUND('',#2460,.F.);
#2460 = EDGE_LOOP('',(#2461,#2462,#2463,#2464,#2465,#2466,#2467,#2468,
    #2469,#2470,#2471,#2472));
#2461 = ORIENTED_EDGE('',*,*,#2377,.F.);
#2462 = ORIENTED_EDGE('',*,*,#2328,.F.);
#2463 = ORIENTED_EDGE('',*,*,#2275,.F.);
#2464 = ORIENTED_EDGE('',*,*,#2226,.F.);
#2465 = ORIENTED_EDGE('',*,*,#2173,.F.);
#2466 = ORIENTED_EDGE('',*,*,#2124,.F.);
#2467 = ORIENTED_EDGE('',*,*,#2071,.F.);
#2468 = ORIENTED_EDGE('',*,*,#2022,.F.);
#2469 = ORIENTED_EDGE('',*,*,#1969,.F.);
#2470 = ORIENTED_EDGE('',*,*,#1920,.F.);
#2471 = ORIENTED_EDGE('',*,*,#1867,.F.);
#2472 = ORIENTED_EDGE('',*,*,#1813,.F.);
#2473 = FACE_BOUND('',#2474,.F.);
#2474 = EDGE_LOOP('',(#2475));
#2475 = ORIENTED_EDGE('',*,*,#2408,.T.);
#2476 = ( GEOMETRIC_REPRESENTATION_CONTEXT(3) 
GLOBAL_UNCERTAINTY_ASSIGNED_CONTEXT((#2480)) 
GLOBAL_UNIT_ASSIGNED_CONTEXT((#2477,#2478,#2479)) REPRESENTATION_CONTEXT
('Context #1','3D Context with UNIT and UNCERTAINTY') );
#2477 = ( LENGTH_UNIT() NAMED_UNIT(*) SI_UNIT(.MILLI.,.METRE.) );
#2478 = ( NAMED_UNIT(*) PLANE_ANGLE_UNIT() SI_UNIT($,.RADIAN.) );
#2479 = ( NAMED_UNIT(*) SI_UNIT($,.STERADIAN.) SOLID_ANGLE_UNIT() );
#2480 = UNCERTAINTY_MEASURE_WITH_UNIT(LENGTH_MEASURE(2.E-06),#2477,
  'distance_accuracy_value','confusion accuracy');
#2481 = PRODUCT_RELATED_PRODUCT_CATEGORY('part',$,(#7));
ENDSEC;
END-ISO-10303-21;
