ISO-10303-21;
HEADER;
FILE_DESCRIPTION(('Open CASCADE Model'),'2;1');
FILE_NAME('Open CASCADE Shape Model','2026-09-30T04:19:24',('Author'),(
    'Open CASCADE'),'Open CASCADE STEP processor 8.0','build123d',
  'Unknown');
FILE_SCHEMA(('AUTOMOTIVE_DESIGN { 1 0 10303 214 1 1 1 1 }'));
ENDSEC;
DATA;
#1 = APPLICATION_PROTOCOL_DEFINITION('international standard',
  'automotive_design',2000,#2);
#2 = APPLICATION_CONTEXT(
  'core data for automotive mechanical design processes');
#3 = SHAPE_DEFINITION_REPRESENTATION(#4,#10);
#4 = PRODUCT_DEFINITION_SHAPE('','',#5);
#5 = PRODUCT_DEFINITION('design','',#6,#9);
#6 = PRODUCT_DEFINITION_FORMATION('','',#7);
#7 = PRODUCT('COMPOUND','COMPOUND','',(#8));
#8 = PRODUCT_CONTEXT('',#2,'mechanical');
#9 = PRODUCT_DEFINITION_CONTEXT('part definition',#2,'design');
#10 = ADVANCED_BREP_SHAPE_REPRESENTATION('',(#11,#15),#5247);
#11 = AXIS2_PLACEMENT_3D('',#12,#13,#14);
#12 = CARTESIAN_POINT('',(0.,0.,0.));
#13 = DIRECTION('',(0.,0.,1.));
#14 = DIRECTION('',(1.,0.,-0.));
#15 = MANIFOLD_SOLID_BREP('',#16);
#16 = CLOSED_SHELL('',(#17,#105,#3091,#3126,#3204,#3252,#3305,#3354,
    #3406,#3454,#3507,#3556,#3608,#3656,#3709,#3758,#3810,#3858,#3911,
    #3960,#4012,#4060,#4113,#4162,#4214,#4262,#4315,#4364,#4416,#4464,
    #4517,#4566,#4618,#4666,#4719,#4768,#4820,#4868,#4921,#4970,#5022,
    #5070,#5123,#5151,#5201));
#17 = ADVANCED_FACE('',(#18),#31,.T.);
#18 = FACE_BOUND('',#19,.T.);
#19 = EDGE_LOOP('',(#20,#54,#77,#104));
#20 = ORIENTED_EDGE('',*,*,#21,.F.);
#21 = EDGE_CURVE('',#22,#22,#24,.T.);
#22 = VERTEX_POINT('',#23);
#23 = CARTESIAN_POINT('',(2.668756208572E-14,57.15,100.));
#24 = SURFACE_CURVE('',#25,(#30,#42),.PCURVE_S1.);
#25 = CIRCLE('',#26,57.15);
#26 = AXIS2_PLACEMENT_3D('',#27,#28,#29);
#27 = CARTESIAN_POINT('',(0.,0.,100.));
#28 = DIRECTION('',(0.,-0.,1.));
#29 = DIRECTION('',(2.22044604925E-16,1.,0.));
#30 = PCURVE('',#31,#36);
#31 = CYLINDRICAL_SURFACE('',#32,57.15);
#32 = AXIS2_PLACEMENT_3D('',#33,#34,#35);
#33 = CARTESIAN_POINT('',(0.,0.,-15.));
#34 = DIRECTION('',(0.,0.,1.));
#35 = DIRECTION('',(2.22044604925E-16,1.,0.));
#36 = DEFINITIONAL_REPRESENTATION('',(#37),#41);
#37 = LINE('',#38,#39);
#38 = CARTESIAN_POINT('',(0.,115.));
#39 = VECTOR('',#40,1.);
#40 = DIRECTION('',(1.,0.));
#41 = ( GEOMETRIC_REPRESENTATION_CONTEXT(2) 
PARAMETRIC_REPRESENTATION_CONTEXT() REPRESENTATION_CONTEXT('2D SPACE',''
  ) );
#42 = PCURVE('',#43,#48);
#43 = PLANE('',#44);
#44 = AXIS2_PLACEMENT_3D('',#45,#46,#47);
#45 = CARTESIAN_POINT('',(0.,0.,100.));
#46 = DIRECTION('',(0.,0.,1.));
#47 = DIRECTION('',(2.22044604925E-16,1.,0.));
#48 = DEFINITIONAL_REPRESENTATION('',(#49),#53);
#49 = CIRCLE('',#50,57.15);
#50 = AXIS2_PLACEMENT_2D('',#51,#52);
#51 = CARTESIAN_POINT('',(0.,0.));
#52 = DIRECTION('',(1.,0.));
#53 = ( GEOMETRIC_REPRESENTATION_CONTEXT(2) 
PARAMETRIC_REPRESENTATION_CONTEXT() REPRESENTATION_CONTEXT('2D SPACE',''
  ) );
#54 = ORIENTED_EDGE('',*,*,#55,.F.);
#55 = EDGE_CURVE('',#56,#22,#58,.T.);
#56 = VERTEX_POINT('',#57);
#57 = CARTESIAN_POINT('',(2.668756208572E-14,57.15,-15.));
#58 = SEAM_CURVE('',#59,(#63,#70),.PCURVE_S1.);
#59 = LINE('',#60,#61);
#60 = CARTESIAN_POINT('',(2.668756208572E-14,57.15,-15.));
#61 = VECTOR('',#62,1.);
#62 = DIRECTION('',(0.,0.,1.));
#63 = PCURVE('',#31,#64);
#64 = DEFINITIONAL_REPRESENTATION('',(#65),#69);
#65 = LINE('',#66,#67);
#66 = CARTESIAN_POINT('',(6.28318530718,-0.));
#67 = VECTOR('',#68,1.);
#68 = DIRECTION('',(0.,1.));
#69 = ( GEOMETRIC_REPRESENTATION_CONTEXT(2) 
PARAMETRIC_REPRESENTATION_CONTEXT() REPRESENTATION_CONTEXT('2D SPACE',''
  ) );
#70 = PCURVE('',#31,#71);
#71 = DEFINITIONAL_REPRESENTATION('',(#72),#76);
#72 = LINE('',#73,#74);
#73 = CARTESIAN_POINT('',(0.,-0.));
#74 = VECTOR('',#75,1.);
#75 = DIRECTION('',(0.,1.));
#76 = ( GEOMETRIC_REPRESENTATION_CONTEXT(2) 
PARAMETRIC_REPRESENTATION_CONTEXT() REPRESENTATION_CONTEXT('2D SPACE',''
  ) );
#77 = ORIENTED_EDGE('',*,*,#78,.T.);
#78 = EDGE_CURVE('',#56,#56,#79,.T.);
#79 = SURFACE_CURVE('',#80,(#85,#92),.PCURVE_S1.);
#80 = CIRCLE('',#81,57.15);
#81 = AXIS2_PLACEMENT_3D('',#82,#83,#84);
#82 = CARTESIAN_POINT('',(0.,0.,-15.));
#83 = DIRECTION('',(0.,-0.,1.));
#84 = DIRECTION('',(2.22044604925E-16,1.,0.));
#85 = PCURVE('',#31,#86);
#86 = DEFINITIONAL_REPRESENTATION('',(#87),#91);
#87 = LINE('',#88,#89);
#88 = CARTESIAN_POINT('',(0.,0.));
#89 = VECTOR('',#90,1.);
#90 = DIRECTION('',(1.,0.));
#91 = ( GEOMETRIC_REPRESENTATION_CONTEXT(2) 
PARAMETRIC_REPRESENTATION_CONTEXT() REPRESENTATION_CONTEXT('2D SPACE',''
  ) );
#92 = PCURVE('',#93,#98);
#93 = PLANE('',#94);
#94 = AXIS2_PLACEMENT_3D('',#95,#96,#97);
#95 = CARTESIAN_POINT('',(0.,0.,-15.));
#96 = DIRECTION('',(0.,0.,1.));
#97 = DIRECTION('',(2.22044604925E-16,1.,0.));
#98 = DEFINITIONAL_REPRESENTATION('',(#99),#103);
#99 = CIRCLE('',#100,57.15);
#100 = AXIS2_PLACEMENT_2D('',#101,#102);
#101 = CARTESIAN_POINT('',(0.,0.));
#102 = DIRECTION('',(1.,0.));
#103 = ( GEOMETRIC_REPRESENTATION_CONTEXT(2) 
PARAMETRIC_REPRESENTATION_CONTEXT() REPRESENTATION_CONTEXT('2D SPACE',''
  ) );
#104 = ORIENTED_EDGE('',*,*,#55,.T.);
#105 = ADVANCED_FACE('',(#106,#109),#43,.T.);
#106 = FACE_BOUND('',#107,.T.);
#107 = EDGE_LOOP('',(#108));
#108 = ORIENTED_EDGE('',*,*,#21,.T.);
#109 = FACE_BOUND('',#110,.T.);
#110 = EDGE_LOOP('',(#111,#198,#297,#382,#411,#496,#595,#680,#709,#794,
    #893,#978,#1007,#1092,#1191,#1276,#1305,#1390,#1489,#1574,#1603,
    #1688,#1787,#1872,#1901,#1986,#2085,#2170,#2199,#2284,#2383,#2468,
    #2497,#2582,#2681,#2766,#2795,#2880,#2979,#3064));
#111 = ORIENTED_EDGE('',*,*,#112,.T.);
#112 = EDGE_CURVE('',#113,#115,#117,.T.);
#113 = VERTEX_POINT('',#114);
#114 = CARTESIAN_POINT('',(35.600194678159,24.63878954307,100.));
#115 = VERTEX_POINT('',#116);
#116 = CARTESIAN_POINT('',(36.110658345096,16.058220975615,100.));
#117 = SURFACE_CURVE('',#118,(#137,#159),.PCURVE_S1.);
#118 = B_SPLINE_CURVE_WITH_KNOTS('',5,(#119,#120,#121,#122,#123,#124,
    #125,#126,#127,#128,#129,#130,#131,#132,#133,#134,#135,#136),
  .UNSPECIFIED.,.F.,.F.,(6,4,4,4,6),(0.,0.250999986999,0.49999999989,
    0.749999998705,1.),.UNSPECIFIED.);
#119 = CARTESIAN_POINT('',(35.600194678159,24.63878954307,100.));
#120 = CARTESIAN_POINT('',(35.858399260254,24.265713853888,100.));
#121 = CARTESIAN_POINT('',(36.09104431852,23.874939356073,100.));
#122 = CARTESIAN_POINT('',(36.296502319859,23.46882018168,100.));
#123 = CARTESIAN_POINT('',(36.473491692133,23.04988918019,100.));
#124 = CARTESIAN_POINT('',(36.767492971891,22.195233920827,100.));
#125 = CARTESIAN_POINT('',(36.884976304612,21.759656263718,100.));
#126 = CARTESIAN_POINT('',(36.972622625429,21.316761498378,100.));
#127 = CARTESIAN_POINT('',(37.029893989321,20.869268237162,100.));
#128 = CARTESIAN_POINT('',(37.083459995187,19.968857853449,100.));
#129 = CARTESIAN_POINT('',(37.079509692778,19.515911541046,100.));
#130 = CARTESIAN_POINT('',(37.044605680689,19.063949114733,100.));
#131 = CARTESIAN_POINT('',(36.978963875208,18.615767096958,100.));
#132 = CARTESIAN_POINT('',(36.787401047582,17.73249134797,100.));
#133 = CARTESIAN_POINT('',(36.661476909731,17.29738322972,100.));
#134 = CARTESIAN_POINT('',(36.506010536784,16.871568096036,100.));
#135 = CARTESIAN_POINT('',(36.32196402732,16.457680605761,100.));
#136 = CARTESIAN_POINT('',(36.110658345096,16.058220975615,100.));
#137 = PCURVE('',#43,#138);
#138 = DEFINITIONAL_REPRESENTATION('',(#139),#158);
#139 = B_SPLINE_CURVE_WITH_KNOTS('',5,(#140,#141,#142,#143,#144,#145,
    #146,#147,#148,#149,#150,#151,#152,#153,#154,#155,#156,#157),
  .UNSPECIFIED.,.F.,.F.,(6,4,4,4,6),(0.,0.250999986999,0.49999999989,
    0.749999998705,1.),.UNSPECIFIED.);
#140 = CARTESIAN_POINT('',(24.63878954307,-35.60019467815));
#141 = CARTESIAN_POINT('',(24.265713853888,-35.85839926025));
#142 = CARTESIAN_POINT('',(23.874939356073,-36.09104431852));
#143 = CARTESIAN_POINT('',(23.46882018168,-36.29650231985));
#144 = CARTESIAN_POINT('',(23.04988918019,-36.47349169213));
#145 = CARTESIAN_POINT('',(22.195233920827,-36.76749297189));
#146 = CARTESIAN_POINT('',(21.759656263718,-36.88497630461));
#147 = CARTESIAN_POINT('',(21.316761498378,-36.97262262542));
#148 = CARTESIAN_POINT('',(20.869268237162,-37.02989398932));
#149 = CARTESIAN_POINT('',(19.968857853449,-37.08345999518));
#150 = CARTESIAN_POINT('',(19.515911541046,-37.07950969277));
#151 = CARTESIAN_POINT('',(19.063949114733,-37.04460568068));
#152 = CARTESIAN_POINT('',(18.615767096958,-36.9789638752));
#153 = CARTESIAN_POINT('',(17.73249134797,-36.78740104758));
#154 = CARTESIAN_POINT('',(17.29738322972,-36.66147690973));
#155 = CARTESIAN_POINT('',(16.871568096036,-36.50601053678));
#156 = CARTESIAN_POINT('',(16.457680605762,-36.32196402732));
#157 = CARTESIAN_POINT('',(16.058220975615,-36.11065834509));
#158 = ( GEOMETRIC_REPRESENTATION_CONTEXT(2) 
PARAMETRIC_REPRESENTATION_CONTEXT() REPRESENTATION_CONTEXT('2D SPACE',''
  ) );
#159 = PCURVE('',#160,#177);
#160 = B_SPLINE_SURFACE_WITH_KNOTS('',7,1,(
    (#161,#162)
    ,(#163,#164)
    ,(#165,#166)
    ,(#167,#168)
    ,(#169,#170)
    ,(#171,#172)
    ,(#173,#174)
    ,(#175,#176
    )),.UNSPECIFIED.,.F.,.F.,.F.,(8,8),(2,2),(2.655031650305,
    3.746994905669),(0.,1.),.PIECEWISE_BEZIER_KNOTS.);
#161 = CARTESIAN_POINT('',(28.358164019586,12.610727279945,0.));
#162 = CARTESIAN_POINT('',(36.265708231606,16.127170849529,102.));
#163 = CARTESIAN_POINT('',(28.832283079625,13.507018484115,0.));
#164 = CARTESIAN_POINT('',(36.872033221,17.273388752724,102.));
#165 = CARTESIAN_POINT('',(29.143282038647,14.489596445981,0.));
#166 = CARTESIAN_POINT('',(37.269752815979,18.529954080974,
    101.99999999999));
#167 = CARTESIAN_POINT('',(29.272320895542,15.52283706115,0.));
#168 = CARTESIAN_POINT('',(37.434773567375,19.851309111466,102.));
#169 = CARTESIAN_POINT('',(29.210264095304,16.565972281163,0.));
#170 = CARTESIAN_POINT('',(37.355412512488,21.185317812062,
    101.99999999999));
#171 = CARTESIAN_POINT('',(28.959632616874,17.5766260584,0.));
#172 = CARTESIAN_POINT('',(37.034893593699,22.477787768268,102.));
#173 = CARTESIAN_POINT('',(28.534331108815,18.515401021265,0.));
#174 = CARTESIAN_POINT('',(36.490998707167,23.678335831776,102.));
#175 = CARTESIAN_POINT('',(27.957290342493,19.349158036088,0.));
#176 = CARTESIAN_POINT('',(35.753052764872,24.74458217321,102.));
#177 = DEFINITIONAL_REPRESENTATION('',(#178),#197);
#178 = B_SPLINE_CURVE_WITH_KNOTS('',5,(#179,#180,#181,#182,#183,#184,
    #185,#186,#187,#188,#189,#190,#191,#192,#193,#194,#195,#196),
  .UNSPECIFIED.,.F.,.F.,(6,4,4,4,6),(0.,0.250999986999,0.49999999989,
    0.749999998705,1.),.UNSPECIFIED.);
#179 = CARTESIAN_POINT('',(3.746994905669,0.980392156863));
#180 = CARTESIAN_POINT('',(3.692178552743,0.980392156863));
#181 = CARTESIAN_POINT('',(3.637361282377,0.980392156863));
#182 = CARTESIAN_POINT('',(3.582545745258,0.980392156863));
#183 = CARTESIAN_POINT('',(3.527728481832,0.980392156863));
#184 = CARTESIAN_POINT('',(3.418532553373,0.980392156863));
#185 = CARTESIAN_POINT('',(3.364152100947,0.980392156863));
#186 = CARTESIAN_POINT('',(3.309773306076,0.980392156863));
#187 = CARTESIAN_POINT('',(3.255392853557,0.980392156863));
#188 = CARTESIAN_POINT('',(3.146415313633,0.980392156863));
#189 = CARTESIAN_POINT('',(3.091816454874,0.980392156863));
#190 = CARTESIAN_POINT('',(3.037219286775,0.980392156863));
#191 = CARTESIAN_POINT('',(2.982620428122,0.980392156863));
#192 = CARTESIAN_POINT('',(2.873424499629,0.980392156863));
#193 = CARTESIAN_POINT('',(2.81882564265,0.980392156863));
#194 = CARTESIAN_POINT('',(2.764228478387,0.980392156863));
#195 = CARTESIAN_POINT('',(2.709629614513,0.980392156863));
#196 = CARTESIAN_POINT('',(2.655031650305,0.980392156863));
#197 = ( GEOMETRIC_REPRESENTATION_CONTEXT(2) 
PARAMETRIC_REPRESENTATION_CONTEXT() REPRESENTATION_CONTEXT('2D SPACE',''
  ) );
#198 = ORIENTED_EDGE('',*,*,#199,.T.);
#199 = EDGE_CURVE('',#115,#200,#202,.T.);
#200 = VERTEX_POINT('',#201);
#201 = CARTESIAN_POINT('',(38.652921746771,8.233938757119,100.));
#202 = SURFACE_CURVE('',#203,(#226,#252),.PCURVE_S1.);
#203 = B_SPLINE_CURVE_WITH_KNOTS('',6,(#204,#205,#206,#207,#208,#209,
    #210,#211,#212,#213,#214,#215,#216,#217,#218,#219,#220,#221,#222,
    #223,#224,#225),.UNSPECIFIED.,.F.,.F.,(7,5,5,5,7),(0.,0.251999864934
    ,0.500999932039,0.749999999212,1.),.UNSPECIFIED.);
#204 = CARTESIAN_POINT('',(36.110658345096,16.058220975615,100.));
#205 = CARTESIAN_POINT('',(35.930445216428,15.717539792944,100.));
#206 = CARTESIAN_POINT('',(35.777717522098,15.362291787789,100.));
#207 = CARTESIAN_POINT('',(35.653974173958,14.995295538707,100.));
#208 = CARTESIAN_POINT('',(35.560276556295,14.61950381507,100.));
#209 = CARTESIAN_POINT('',(35.497323230621,14.237975621027,100.));
#210 = CARTESIAN_POINT('',(35.433800590689,13.474382255052,100.));
#211 = CARTESIAN_POINT('',(35.432493697039,13.092330904638,100.));
#212 = CARTESIAN_POINT('',(35.46171289721,12.710806127093,100.));
#213 = CARTESIAN_POINT('',(35.521286683673,12.332830095705,100.));
#214 = CARTESIAN_POINT('',(35.610684829444,11.961383042719,100.));
#215 = CARTESIAN_POINT('',(35.847205218724,11.237395249507,100.));
#216 = CARTESIAN_POINT('',(35.994341738136,10.88481081086,100.));
#217 = CARTESIAN_POINT('',(36.169404935119,10.544564145185,100.));
#218 = CARTESIAN_POINT('',(36.37106332191,10.219373719945,100.));
#219 = CARTESIAN_POINT('',(36.597671117011,9.911780076326,100.));
#220 = CARTESIAN_POINT('',(37.097743226026,9.335273347405,100.));
#221 = CARTESIAN_POINT('',(37.371422595423,9.066485347138,100.));
#222 = CARTESIAN_POINT('',(37.666207554594,8.820098712833,100.));
#223 = CARTESIAN_POINT('',(37.979786755168,8.598124320588,100.));
#224 = CARTESIAN_POINT('',(38.309625074804,8.402282347112,100.));
#225 = CARTESIAN_POINT('',(38.652921746771,8.233938757119,100.));
#226 = PCURVE('',#43,#227);
#227 = DEFINITIONAL_REPRESENTATION('',(#228),#251);
#228 = B_SPLINE_CURVE_WITH_KNOTS('',6,(#229,#230,#231,#232,#233,#234,
    #235,#236,#237,#238,#239,#240,#241,#242,#243,#244,#245,#246,#247,
    #248,#249,#250),.UNSPECIFIED.,.F.,.F.,(7,5,5,5,7),(0.,0.251999864934
    ,0.500999932039,0.749999999212,1.),.UNSPECIFIED.);
#229 = CARTESIAN_POINT('',(16.058220975615,-36.11065834509));
#230 = CARTESIAN_POINT('',(15.717539792944,-35.93044521642));
#231 = CARTESIAN_POINT('',(15.362291787789,-35.77771752209));
#232 = CARTESIAN_POINT('',(14.995295538707,-35.65397417395));
#233 = CARTESIAN_POINT('',(14.61950381507,-35.56027655629));
#234 = CARTESIAN_POINT('',(14.237975621027,-35.49732323062));
#235 = CARTESIAN_POINT('',(13.474382255052,-35.43380059068));
#236 = CARTESIAN_POINT('',(13.092330904638,-35.43249369703));
#237 = CARTESIAN_POINT('',(12.710806127093,-35.46171289721));
#238 = CARTESIAN_POINT('',(12.332830095705,-35.52128668367));
#239 = CARTESIAN_POINT('',(11.961383042719,-35.61068482944));
#240 = CARTESIAN_POINT('',(11.237395249507,-35.84720521872));
#241 = CARTESIAN_POINT('',(10.88481081086,-35.99434173813));
#242 = CARTESIAN_POINT('',(10.544564145185,-36.16940493511));
#243 = CARTESIAN_POINT('',(10.219373719945,-36.37106332191));
#244 = CARTESIAN_POINT('',(9.911780076326,-36.59767111701));
#245 = CARTESIAN_POINT('',(9.335273347405,-37.09774322602));
#246 = CARTESIAN_POINT('',(9.066485347138,-37.37142259542));
#247 = CARTESIAN_POINT('',(8.820098712833,-37.66620755459));
#248 = CARTESIAN_POINT('',(8.598124320588,-37.97978675516));
#249 = CARTESIAN_POINT('',(8.402282347112,-38.3096250748));
#250 = CARTESIAN_POINT('',(8.233938757119,-38.65292174677));
#251 = ( GEOMETRIC_REPRESENTATION_CONTEXT(2) 
PARAMETRIC_REPRESENTATION_CONTEXT() REPRESENTATION_CONTEXT('2D SPACE',''
  ) );
#252 = PCURVE('',#253,#272);
#253 = B_SPLINE_SURFACE_WITH_KNOTS('',8,1,(
    (#254,#255)
    ,(#256,#257)
    ,(#258,#259)
    ,(#260,#261)
    ,(#262,#263)
    ,(#264,#265)
    ,(#266,#267)
    ,(#268,#269)
    ,(#270,#271
    )),.UNSPECIFIED.,.F.,.F.,.F.,(9,9),(2,2),(2.340872384946,
    3.942312922233),(0.,1.),.PIECEWISE_BEZIER_KNOTS.);
#254 = CARTESIAN_POINT('',(30.354636136951,6.466217911901,0.));
#255 = CARTESIAN_POINT('',(38.818887458967,8.269293174023,102.));
#256 = CARTESIAN_POINT('',(29.545836621446,6.862831759758,0.));
#257 = CARTESIAN_POINT('',(37.784557901281,8.77650097764,101.99999999999
    ));
#258 = CARTESIAN_POINT('',(28.827773157857,7.444480924304,0.));
#259 = CARTESIAN_POINT('',(36.866265728192,9.520340348906,102.));
#260 = CARTESIAN_POINT('',(28.249834151648,8.186944020188,0.));
#261 = CARTESIAN_POINT('',(36.127171075933,10.469835880052,
    101.99999999999));
#262 = CARTESIAN_POINT('',(27.853644293024,9.050197642669,0.));
#263 = CARTESIAN_POINT('',(35.620505489002,11.573803823149,102.));
#264 = CARTESIAN_POINT('',(27.666760873368,9.981459049718,0.));
#265 = CARTESIAN_POINT('',(35.381510483338,12.764743210202,
    101.99999999999));
#266 = CARTESIAN_POINT('',(27.69791449297,10.921828336559,0.));
#267 = CARTESIAN_POINT('',(35.421351147142,13.967330167629,102.));
#268 = CARTESIAN_POINT('',(27.936955237126,11.814459509549,0.));
#269 = CARTESIAN_POINT('',(35.727047308468,15.108867456705,102.));
#270 = CARTESIAN_POINT('',(28.358164019586,12.610727279945,0.));
#271 = CARTESIAN_POINT('',(36.265708231606,16.127170849529,102.));
#272 = DEFINITIONAL_REPRESENTATION('',(#273),#296);
#273 = B_SPLINE_CURVE_WITH_KNOTS('',6,(#274,#275,#276,#277,#278,#279,
    #280,#281,#282,#283,#284,#285,#286,#287,#288,#289,#290,#291,#292,
    #293,#294,#295),.UNSPECIFIED.,.F.,.F.,(7,5,5,5,7),(0.,0.251999864934
    ,0.500999932039,0.749999999212,1.),.UNSPECIFIED.);
#274 = CARTESIAN_POINT('',(3.942312922233,0.980392156863));
#275 = CARTESIAN_POINT('',(3.875053591271,0.980392156863));
#276 = CARTESIAN_POINT('',(3.8077900509,0.980392156863));
#277 = CARTESIAN_POINT('',(3.740531415862,0.980392156863));
#278 = CARTESIAN_POINT('',(3.673272787157,0.980392156863));
#279 = CARTESIAN_POINT('',(3.606009238677,0.980392156863));
#280 = CARTESIAN_POINT('',(3.472291227798,0.980392156863));
#281 = CARTESIAN_POINT('',(3.405828577246,0.980392156863));
#282 = CARTESIAN_POINT('',(3.339370564757,0.980392156863));
#283 = CARTESIAN_POINT('',(3.272912549197,0.980392156863));
#284 = CARTESIAN_POINT('',(3.206449894544,0.980392156863));
#285 = CARTESIAN_POINT('',(3.073532531542,0.980392156863));
#286 = CARTESIAN_POINT('',(3.007069876922,0.980392156863));
#287 = CARTESIAN_POINT('',(2.940611861442,0.980392156863));
#288 = CARTESIAN_POINT('',(2.874153849003,0.980392156863));
#289 = CARTESIAN_POINT('',(2.807691198399,0.980392156863));
#290 = CARTESIAN_POINT('',(2.674506955602,0.980392156863));
#291 = CARTESIAN_POINT('',(2.607777338446,0.980392156863));
#292 = CARTESIAN_POINT('',(2.541052450592,0.980392156863));
#293 = CARTESIAN_POINT('',(2.474327556752,0.980392156863));
#294 = CARTESIAN_POINT('',(2.407597947701,0.980392156863));
#295 = CARTESIAN_POINT('',(2.340872384946,0.980392156863));
#296 = ( GEOMETRIC_REPRESENTATION_CONTEXT(2) 
PARAMETRIC_REPRESENTATION_CONTEXT() REPRESENTATION_CONTEXT('2D SPACE',''
  ) );
#297 = ORIENTED_EDGE('',*,*,#298,.T.);
#298 = EDGE_CURVE('',#200,#299,#301,.T.);
#299 = VERTEX_POINT('',#300);
#300 = CARTESIAN_POINT('',(43.283479625442,0.992069949391,100.));
#301 = SURFACE_CURVE('',#302,(#321,#343),.PCURVE_S1.);
#302 = B_SPLINE_CURVE_WITH_KNOTS('',5,(#303,#304,#305,#306,#307,#308,
    #309,#310,#311,#312,#313,#314,#315,#316,#317,#318,#319,#320),
  .UNSPECIFIED.,.F.,.F.,(6,4,4,4,6),(0.,0.250999986999,0.49999999989,
    0.749999998705,1.),.UNSPECIFIED.);
#303 = CARTESIAN_POINT('',(38.652921746771,8.233938757119,100.));
#304 = CARTESIAN_POINT('',(39.06029107633,8.034175633875,100.));
#305 = CARTESIAN_POINT('',(39.453979032949,7.806495542316,100.));
#306 = CARTESIAN_POINT('',(39.831416621339,7.552159856671,100.));
#307 = CARTESIAN_POINT('',(40.190249705751,7.272754703819,100.));
#308 = CARTESIAN_POINT('',(40.863745997227,6.6700316246,100.));
#309 = CARTESIAN_POINT('',(41.178749258052,6.347071604613,100.));
#310 = CARTESIAN_POINT('',(41.471273527593,6.003171615595,100.));
#311 = CARTESIAN_POINT('',(41.739523255798,5.640442637879,100.));
#312 = CARTESIAN_POINT('',(42.225435391289,4.880510027272,100.));
#313 = CARTESIAN_POINT('',(42.442898198764,4.48316144709,100.));
#314 = CARTESIAN_POINT('',(42.63285856919,4.07157502539,100.));
#315 = CARTESIAN_POINT('',(42.794141074719,3.648297431968,100.));
#316 = CARTESIAN_POINT('',(43.057698923741,2.783768874951,100.));
#317 = CARTESIAN_POINT('',(43.159978564084,2.342503831885,100.));
#318 = CARTESIAN_POINT('',(43.231935462418,1.894943192447,100.));
#319 = CARTESIAN_POINT('',(43.273124551991,1.443856248331,100.));
#320 = CARTESIAN_POINT('',(43.283479625442,0.992069949391,100.));
#321 = PCURVE('',#43,#322);
#322 = DEFINITIONAL_REPRESENTATION('',(#323),#342);
#323 = B_SPLINE_CURVE_WITH_KNOTS('',5,(#324,#325,#326,#327,#328,#329,
    #330,#331,#332,#333,#334,#335,#336,#337,#338,#339,#340,#341),
  .UNSPECIFIED.,.F.,.F.,(6,4,4,4,6),(0.,0.250999986999,0.49999999989,
    0.749999998705,1.),.UNSPECIFIED.);
#324 = CARTESIAN_POINT('',(8.233938757119,-38.65292174677));
#325 = CARTESIAN_POINT('',(8.034175633875,-39.06029107633));
#326 = CARTESIAN_POINT('',(7.806495542316,-39.45397903294));
#327 = CARTESIAN_POINT('',(7.552159856671,-39.83141662133));
#328 = CARTESIAN_POINT('',(7.272754703819,-40.19024970575));
#329 = CARTESIAN_POINT('',(6.6700316246,-40.86374599722));
#330 = CARTESIAN_POINT('',(6.347071604613,-41.17874925805));
#331 = CARTESIAN_POINT('',(6.003171615595,-41.47127352759));
#332 = CARTESIAN_POINT('',(5.640442637879,-41.73952325579));
#333 = CARTESIAN_POINT('',(4.880510027272,-42.22543539128));
#334 = CARTESIAN_POINT('',(4.48316144709,-42.44289819876));
#335 = CARTESIAN_POINT('',(4.07157502539,-42.63285856919));
#336 = CARTESIAN_POINT('',(3.648297431968,-42.79414107471));
#337 = CARTESIAN_POINT('',(2.783768874951,-43.05769892374));
#338 = CARTESIAN_POINT('',(2.342503831885,-43.15997856408));
#339 = CARTESIAN_POINT('',(1.894943192447,-43.23193546241));
#340 = CARTESIAN_POINT('',(1.443856248331,-43.27312455199));
#341 = CARTESIAN_POINT('',(0.992069949391,-43.28347962544));
#342 = ( GEOMETRIC_REPRESENTATION_CONTEXT(2) 
PARAMETRIC_REPRESENTATION_CONTEXT() REPRESENTATION_CONTEXT('2D SPACE',''
  ) );
#343 = PCURVE('',#344,#361);
#344 = B_SPLINE_SURFACE_WITH_KNOTS('',7,1,(
    (#345,#346)
    ,(#347,#348)
    ,(#349,#350)
    ,(#351,#352)
    ,(#353,#354)
    ,(#355,#356)
    ,(#357,#358)
    ,(#359,#360
    )),.UNSPECIFIED.,.F.,.F.,.F.,(8,8),(2,2),(3.164508932228,
    4.256472187592),(0.,1.),.PIECEWISE_BEZIER_KNOTS.);
#345 = CARTESIAN_POINT('',(33.991072741641,0.779085279334,0.));
#346 = CARTESIAN_POINT('',(43.469327763118,0.996329642792,102.));
#347 = CARTESIAN_POINT('',(33.967838450734,1.792784925922,0.));
#348 = CARTESIAN_POINT('',(43.439614696559,2.292694795072,102.));
#349 = CARTESIAN_POINT('',(33.760116520093,2.802255778987,0.));
#350 = CARTESIAN_POINT('',(43.173970456518,3.583651974115,
    101.99999999999));
#351 = CARTESIAN_POINT('',(33.368834260036,3.767209346982,0.));
#352 = CARTESIAN_POINT('',(42.673580929551,4.817678426949,102.));
#353 = CARTESIAN_POINT('',(32.805899767573,4.647599539389,0.));
#354 = CARTESIAN_POINT('',(41.953674731001,5.943561394045,
    101.99999999999));
#355 = CARTESIAN_POINT('',(32.094181543745,5.407661619283,0.));
#356 = CARTESIAN_POINT('',(41.043497138735,6.915563305323,102.));
#357 = CARTESIAN_POINT('',(31.26503326545,6.01978328714,0.));
#358 = CARTESIAN_POINT('',(39.983144658912,7.698372297943,102.));
#359 = CARTESIAN_POINT('',(30.354636136951,6.466217911901,0.));
#360 = CARTESIAN_POINT('',(38.818887458967,8.269293174023,102.));
#361 = DEFINITIONAL_REPRESENTATION('',(#362),#381);
#362 = B_SPLINE_CURVE_WITH_KNOTS('',5,(#363,#364,#365,#366,#367,#368,
    #369,#370,#371,#372,#373,#374,#375,#376,#377,#378,#379,#380),
  .UNSPECIFIED.,.F.,.F.,(6,4,4,4,6),(0.,0.250999986999,0.49999999989,
    0.749999998705,1.),.UNSPECIFIED.);
#363 = CARTESIAN_POINT('',(4.256472187592,0.980392156863));
#364 = CARTESIAN_POINT('',(4.201655834666,0.980392156863));
#365 = CARTESIAN_POINT('',(4.1468385643,0.980392156863));
#366 = CARTESIAN_POINT('',(4.092023027181,0.980392156863));
#367 = CARTESIAN_POINT('',(4.037205763755,0.980392156863));
#368 = CARTESIAN_POINT('',(3.928009835296,0.980392156863));
#369 = CARTESIAN_POINT('',(3.87362938287,0.980392156863));
#370 = CARTESIAN_POINT('',(3.819250587999,0.980392156863));
#371 = CARTESIAN_POINT('',(3.76487013548,0.980392156863));
#372 = CARTESIAN_POINT('',(3.655892595556,0.980392156863));
#373 = CARTESIAN_POINT('',(3.601293736798,0.980392156863));
#374 = CARTESIAN_POINT('',(3.546696568698,0.980392156863));
#375 = CARTESIAN_POINT('',(3.492097710045,0.980392156863));
#376 = CARTESIAN_POINT('',(3.382901781552,0.980392156863));
#377 = CARTESIAN_POINT('',(3.328302924573,0.980392156863));
#378 = CARTESIAN_POINT('',(3.27370576031,0.980392156863));
#379 = CARTESIAN_POINT('',(3.219106896436,0.980392156863));
#380 = CARTESIAN_POINT('',(3.164508932228,0.980392156863));
#381 = ( GEOMETRIC_REPRESENTATION_CONTEXT(2) 
PARAMETRIC_REPRESENTATION_CONTEXT() REPRESENTATION_CONTEXT('2D SPACE',''
  ) );
#382 = ORIENTED_EDGE('',*,*,#383,.F.);
#383 = EDGE_CURVE('',#384,#299,#386,.T.);
#384 = VERTEX_POINT('',#385);
#385 = CARTESIAN_POINT('',(43.283479625442,-0.992069949391,100.));
#386 = SURFACE_CURVE('',#387,(#392,#399),.PCURVE_S1.);
#387 = CIRCLE('',#388,43.294847398628);
#388 = AXIS2_PLACEMENT_3D('',#389,#390,#391);
#389 = CARTESIAN_POINT('',(0.,-1.7763568394E-15,100.));
#390 = DIRECTION('',(0.,-0.,1.));
#391 = DIRECTION('',(0.951056516295,0.309016994375,0.));
#392 = PCURVE('',#43,#393);
#393 = DEFINITIONAL_REPRESENTATION('',(#394),#398);
#394 = CIRCLE('',#395,43.294847398628);
#395 = AXIS2_PLACEMENT_2D('',#396,#397);
#396 = CARTESIAN_POINT('',(-1.7763568394E-15,-3.944304526105E-31));
#397 = DIRECTION('',(0.309016994375,-0.951056516295));
#398 = ( GEOMETRIC_REPRESENTATION_CONTEXT(2) 
PARAMETRIC_REPRESENTATION_CONTEXT() REPRESENTATION_CONTEXT('2D SPACE',''
  ) );
#399 = PCURVE('',#400,#405);
#400 = CONICAL_SURFACE('',#401,34.,9.268217940919E-02);
#401 = AXIS2_PLACEMENT_3D('',#402,#403,#404);
#402 = CARTESIAN_POINT('',(0.,-1.7763568394E-15,0.));
#403 = DIRECTION('',(0.,-0.,1.));
#404 = DIRECTION('',(0.951056516295,0.309016994375,0.));
#405 = DEFINITIONAL_REPRESENTATION('',(#406),#410);
#406 = LINE('',#407,#408);
#407 = CARTESIAN_POINT('',(0.,100.));
#408 = VECTOR('',#409,1.);
#409 = DIRECTION('',(1.,0.));
#410 = ( GEOMETRIC_REPRESENTATION_CONTEXT(2) 
PARAMETRIC_REPRESENTATION_CONTEXT() REPRESENTATION_CONTEXT('2D SPACE',''
  ) );
#411 = ORIENTED_EDGE('',*,*,#412,.T.);
#412 = EDGE_CURVE('',#384,#413,#415,.T.);
#413 = VERTEX_POINT('',#414);
#414 = CARTESIAN_POINT('',(38.652921746771,-8.233938757119,100.));
#415 = SURFACE_CURVE('',#416,(#435,#457),.PCURVE_S1.);
#416 = B_SPLINE_CURVE_WITH_KNOTS('',5,(#417,#418,#419,#420,#421,#422,
    #423,#424,#425,#426,#427,#428,#429,#430,#431,#432,#433,#434),
  .UNSPECIFIED.,.F.,.F.,(6,4,4,4,6),(0.,0.251999972536,0.500999985547,
    0.749999998566,1.),.UNSPECIFIED.);
#417 = CARTESIAN_POINT('',(43.283479625442,-0.992069949391,100.));
#418 = CARTESIAN_POINT('',(43.273041712605,-1.447470486277,100.));
#419 = CARTESIAN_POINT('',(43.231274453352,-1.902160609239,100.));
#420 = CARTESIAN_POINT('',(43.158245691559,-2.353244645612,100.));
#421 = CARTESIAN_POINT('',(43.054414355827,-2.79788681189,100.));
#422 = CARTESIAN_POINT('',(42.788438186164,-3.663565592495,100.));
#423 = CARTESIAN_POINT('',(42.626997969337,-4.084834254028,100.));
#424 = CARTESIAN_POINT('',(42.437130918346,-4.49445377706,100.));
#425 = CARTESIAN_POINT('',(42.22000253302,-4.889909833016,100.));
#426 = CARTESIAN_POINT('',(41.73423628981,-5.647789567408,100.));
#427 = CARTESIAN_POINT('',(41.465590635098,-6.010225410297,100.));
#428 = CARTESIAN_POINT('',(41.1726910138,-6.353805768551,100.));
#429 = CARTESIAN_POINT('',(40.857335280005,-6.676421623777,100.));
#430 = CARTESIAN_POINT('',(40.184529527121,-7.277204952823,100.));
#431 = CARTESIAN_POINT('',(39.826904624538,-7.555198463741,100.));
#432 = CARTESIAN_POINT('',(39.450841830987,-7.808309302108,100.));
#433 = CARTESIAN_POINT('',(39.058668114184,-8.0349714915,100.));
#434 = CARTESIAN_POINT('',(38.652921746771,-8.233938757119,100.));
#435 = PCURVE('',#43,#436);
#436 = DEFINITIONAL_REPRESENTATION('',(#437),#456);
#437 = B_SPLINE_CURVE_WITH_KNOTS('',5,(#438,#439,#440,#441,#442,#443,
    #444,#445,#446,#447,#448,#449,#450,#451,#452,#453,#454,#455),
  .UNSPECIFIED.,.F.,.F.,(6,4,4,4,6),(0.,0.251999972536,0.500999985547,
    0.749999998566,1.),.UNSPECIFIED.);
#438 = CARTESIAN_POINT('',(-0.992069949391,-43.28347962544));
#439 = CARTESIAN_POINT('',(-1.447470486276,-43.2730417126));
#440 = CARTESIAN_POINT('',(-1.902160609239,-43.23127445335));
#441 = CARTESIAN_POINT('',(-2.353244645612,-43.15824569155));
#442 = CARTESIAN_POINT('',(-2.79788681189,-43.05441435582));
#443 = CARTESIAN_POINT('',(-3.663565592495,-42.78843818616));
#444 = CARTESIAN_POINT('',(-4.084834254028,-42.62699796933));
#445 = CARTESIAN_POINT('',(-4.49445377706,-42.43713091834));
#446 = CARTESIAN_POINT('',(-4.889909833016,-42.22000253302));
#447 = CARTESIAN_POINT('',(-5.647789567408,-41.73423628981));
#448 = CARTESIAN_POINT('',(-6.010225410297,-41.46559063509));
#449 = CARTESIAN_POINT('',(-6.353805768551,-41.1726910138));
#450 = CARTESIAN_POINT('',(-6.676421623777,-40.85733528));
#451 = CARTESIAN_POINT('',(-7.277204952823,-40.18452952712));
#452 = CARTESIAN_POINT('',(-7.555198463741,-39.82690462453));
#453 = CARTESIAN_POINT('',(-7.808309302108,-39.45084183098));
#454 = CARTESIAN_POINT('',(-8.0349714915,-39.05866811418));
#455 = CARTESIAN_POINT('',(-8.233938757119,-38.65292174677));
#456 = ( GEOMETRIC_REPRESENTATION_CONTEXT(2) 
PARAMETRIC_REPRESENTATION_CONTEXT() REPRESENTATION_CONTEXT('2D SPACE',''
  ) );
#457 = PCURVE('',#458,#475);
#458 = B_SPLINE_SURFACE_WITH_KNOTS('',7,1,(
    (#459,#460)
    ,(#461,#462)
    ,(#463,#464)
    ,(#465,#466)
    ,(#467,#468)
    ,(#469,#470)
    ,(#471,#472)
    ,(#473,#474
    )),.UNSPECIFIED.,.F.,.F.,.F.,(8,8),(2,2),(2.026713119587,
    3.118676374951),(0.,1.),.PIECEWISE_BEZIER_KNOTS.);
#459 = CARTESIAN_POINT('',(30.354636136951,-6.466217911901,0.));
#460 = CARTESIAN_POINT('',(38.818887458967,-8.269293174023,102.));
#461 = CARTESIAN_POINT('',(31.26503326545,-6.019783287139,0.));
#462 = CARTESIAN_POINT('',(39.983144658912,-7.698372297943,
    101.99999999999));
#463 = CARTESIAN_POINT('',(32.094181543746,-5.407661619283,0.));
#464 = CARTESIAN_POINT('',(41.043497138735,-6.915563305323,102.));
#465 = CARTESIAN_POINT('',(32.805899767572,-4.647599539389,0.));
#466 = CARTESIAN_POINT('',(41.953674731002,-5.943561394045,
    101.99999999999));
#467 = CARTESIAN_POINT('',(33.368834260036,-3.767209346983,0.));
#468 = CARTESIAN_POINT('',(42.67358092955,-4.817678426949,102.));
#469 = CARTESIAN_POINT('',(33.760116520093,-2.802255778987,0.));
#470 = CARTESIAN_POINT('',(43.173970456518,-3.583651974115,
    101.99999999999));
#471 = CARTESIAN_POINT('',(33.967838450734,-1.792784925922,0.));
#472 = CARTESIAN_POINT('',(43.439614696559,-2.292694795072,102.));
#473 = CARTESIAN_POINT('',(33.991072741641,-0.779085279334,0.));
#474 = CARTESIAN_POINT('',(43.469327763118,-0.996329642792,102.));
#475 = DEFINITIONAL_REPRESENTATION('',(#476),#495);
#476 = B_SPLINE_CURVE_WITH_KNOTS('',5,(#477,#478,#479,#480,#481,#482,
    #483,#484,#485,#486,#487,#488,#489,#490,#491,#492,#493,#494),
  .UNSPECIFIED.,.F.,.F.,(6,4,4,4,6),(0.,0.251999972536,0.500999985547,
    0.749999998566,1.),.UNSPECIFIED.);
#477 = CARTESIAN_POINT('',(3.118676374951,0.980392156863));
#478 = CARTESIAN_POINT('',(3.063641633368,0.980392156863));
#479 = CARTESIAN_POINT('',(3.008605956295,0.980392156863));
#480 = CARTESIAN_POINT('',(2.953572046628,0.980392156863));
#481 = CARTESIAN_POINT('',(2.89853637654,0.980392156863));
#482 = CARTESIAN_POINT('',(2.789122059391,0.980392156863));
#483 = CARTESIAN_POINT('',(2.734741606959,0.980392156863));
#484 = CARTESIAN_POINT('',(2.680362812092,0.980392156863));
#485 = CARTESIAN_POINT('',(2.625982359583,0.980392156863));
#486 = CARTESIAN_POINT('',(2.517223208444,0.980392156863));
#487 = CARTESIAN_POINT('',(2.462842755914,0.980392156863));
#488 = CARTESIAN_POINT('',(2.408463961041,0.980392156863));
#489 = CARTESIAN_POINT('',(2.354083508619,0.980392156863));
#490 = CARTESIAN_POINT('',(2.245105968911,0.980392156863));
#491 = CARTESIAN_POINT('',(2.190507111933,0.980392156863));
#492 = CARTESIAN_POINT('',(2.135909947669,0.980392156863));
#493 = CARTESIAN_POINT('',(2.081311083795,0.980392156863));
#494 = CARTESIAN_POINT('',(2.026713119587,0.980392156863));
#495 = ( GEOMETRIC_REPRESENTATION_CONTEXT(2) 
PARAMETRIC_REPRESENTATION_CONTEXT() REPRESENTATION_CONTEXT('2D SPACE',''
  ) );
#496 = ORIENTED_EDGE('',*,*,#497,.T.);
#497 = EDGE_CURVE('',#413,#498,#500,.T.);
#498 = VERTEX_POINT('',#499);
#499 = CARTESIAN_POINT('',(36.110658345096,-16.05822097561,100.));
#500 = SURFACE_CURVE('',#501,(#524,#550),.PCURVE_S1.);
#501 = B_SPLINE_CURVE_WITH_KNOTS('',6,(#502,#503,#504,#505,#506,#507,
    #508,#509,#510,#511,#512,#513,#514,#515,#516,#517,#518,#519,#520,
    #521,#522,#523),.UNSPECIFIED.,.F.,.F.,(7,5,5,5,7),(0.,0.251999864934
    ,0.500999932038,0.749999999212,1.),.UNSPECIFIED.);
#502 = CARTESIAN_POINT('',(38.652921746771,-8.233938757119,100.));
#503 = CARTESIAN_POINT('',(38.306878888161,-8.403629004263,100.));
#504 = CARTESIAN_POINT('',(37.974510049601,-8.601259591307,100.));
#505 = CARTESIAN_POINT('',(37.658684595155,-8.825431278581,100.));
#506 = CARTESIAN_POINT('',(37.361996797048,-9.07437909151,100.));
#507 = CARTESIAN_POINT('',(37.086809840932,-9.346038847911,100.));
#508 = CARTESIAN_POINT('',(36.586590026431,-9.926461186838,100.));
#509 = CARTESIAN_POINT('',(36.360968577867,-10.23477904923,100.));
#510 = CARTESIAN_POINT('',(36.160352769742,-10.56061369298,100.));
#511 = CARTESIAN_POINT('',(35.98638023844,-10.90141931895,100.));
#512 = CARTESIAN_POINT('',(35.840373757882,-11.25447320899,100.));
#513 = CARTESIAN_POINT('',(35.606173424635,-11.9792148341,100.));
#514 = CARTESIAN_POINT('',(35.517965436109,-12.3509463131,100.));
#515 = CARTESIAN_POINT('',(35.459602565332,-12.72911121332,100.));
#516 = CARTESIAN_POINT('',(35.431605491162,-13.1107276195,100.));
#517 = CARTESIAN_POINT('',(35.434136041038,-13.49277282457,100.));
#518 = CARTESIAN_POINT('',(35.499840722537,-14.2531115764,100.));
#519 = CARTESIAN_POINT('',(35.563262360839,-14.63143033369,100.));
#520 = CARTESIAN_POINT('',(35.656925972487,-15.00403155963,100.));
#521 = CARTESIAN_POINT('',(35.780143600686,-15.36792984479,100.));
#522 = CARTESIAN_POINT('',(35.931875382879,-15.72024342947,100.));
#523 = CARTESIAN_POINT('',(36.110658345096,-16.05822097561,100.));
#524 = PCURVE('',#43,#525);
#525 = DEFINITIONAL_REPRESENTATION('',(#526),#549);
#526 = B_SPLINE_CURVE_WITH_KNOTS('',6,(#527,#528,#529,#530,#531,#532,
    #533,#534,#535,#536,#537,#538,#539,#540,#541,#542,#543,#544,#545,
    #546,#547,#548),.UNSPECIFIED.,.F.,.F.,(7,5,5,5,7),(0.,0.251999864934
    ,0.500999932038,0.749999999212,1.),.UNSPECIFIED.);
#527 = CARTESIAN_POINT('',(-8.233938757119,-38.65292174677));
#528 = CARTESIAN_POINT('',(-8.403629004263,-38.30687888816));
#529 = CARTESIAN_POINT('',(-8.601259591307,-37.9745100496));
#530 = CARTESIAN_POINT('',(-8.825431278581,-37.65868459515));
#531 = CARTESIAN_POINT('',(-9.07437909151,-37.36199679704));
#532 = CARTESIAN_POINT('',(-9.346038847911,-37.08680984093));
#533 = CARTESIAN_POINT('',(-9.926461186838,-36.58659002643));
#534 = CARTESIAN_POINT('',(-10.23477904923,-36.36096857786));
#535 = CARTESIAN_POINT('',(-10.56061369298,-36.16035276974));
#536 = CARTESIAN_POINT('',(-10.90141931895,-35.98638023844));
#537 = CARTESIAN_POINT('',(-11.25447320899,-35.84037375788));
#538 = CARTESIAN_POINT('',(-11.9792148341,-35.60617342463));
#539 = CARTESIAN_POINT('',(-12.3509463131,-35.5179654361));
#540 = CARTESIAN_POINT('',(-12.72911121332,-35.45960256533));
#541 = CARTESIAN_POINT('',(-13.1107276195,-35.43160549116));
#542 = CARTESIAN_POINT('',(-13.49277282457,-35.43413604103));
#543 = CARTESIAN_POINT('',(-14.2531115764,-35.49984072253));
#544 = CARTESIAN_POINT('',(-14.63143033369,-35.56326236083));
#545 = CARTESIAN_POINT('',(-15.00403155963,-35.65692597248));
#546 = CARTESIAN_POINT('',(-15.36792984479,-35.78014360068));
#547 = CARTESIAN_POINT('',(-15.72024342947,-35.93187538287));
#548 = CARTESIAN_POINT('',(-16.05822097561,-36.11065834509));
#549 = ( GEOMETRIC_REPRESENTATION_CONTEXT(2) 
PARAMETRIC_REPRESENTATION_CONTEXT() REPRESENTATION_CONTEXT('2D SPACE',''
  ) );
#550 = PCURVE('',#551,#570);
#551 = B_SPLINE_SURFACE_WITH_KNOTS('',8,1,(
    (#552,#553)
    ,(#554,#555)
    ,(#556,#557)
    ,(#558,#559)
    ,(#560,#561)
    ,(#562,#563)
    ,(#564,#565)
    ,(#566,#567)
    ,(#568,#569
    )),.UNSPECIFIED.,.F.,.F.,.F.,(9,9),(2,2),(2.340872384946,
    3.942312922233),(0.,1.),.PIECEWISE_BEZIER_KNOTS.);
#552 = CARTESIAN_POINT('',(28.358164019586,-12.61072727994,0.));
#553 = CARTESIAN_POINT('',(36.265708231606,-16.12717084952,102.));
#554 = CARTESIAN_POINT('',(27.936955237126,-11.81445950954,0.));
#555 = CARTESIAN_POINT('',(35.727047308468,-15.1088674567,102.));
#556 = CARTESIAN_POINT('',(27.69791449297,-10.92182833655,0.));
#557 = CARTESIAN_POINT('',(35.421351147142,-13.96733016762,
    101.99999999999));
#558 = CARTESIAN_POINT('',(27.666760873369,-9.981459049718,0.));
#559 = CARTESIAN_POINT('',(35.381510483338,-12.7647432102,102.));
#560 = CARTESIAN_POINT('',(27.853644293023,-9.050197642668,0.));
#561 = CARTESIAN_POINT('',(35.620505489002,-11.57380382314,
    101.99999999999));
#562 = CARTESIAN_POINT('',(28.249834151649,-8.186944020189,0.));
#563 = CARTESIAN_POINT('',(36.127171075933,-10.46983588005,102.));
#564 = CARTESIAN_POINT('',(28.827773157856,-7.444480924303,0.));
#565 = CARTESIAN_POINT('',(36.866265728192,-9.520340348905,
    101.99999999999));
#566 = CARTESIAN_POINT('',(29.545836621447,-6.862831759758,0.));
#567 = CARTESIAN_POINT('',(37.784557901281,-8.77650097764,102.));
#568 = CARTESIAN_POINT('',(30.354636136951,-6.466217911901,0.));
#569 = CARTESIAN_POINT('',(38.818887458967,-8.269293174023,102.));
#570 = DEFINITIONAL_REPRESENTATION('',(#571),#594);
#571 = B_SPLINE_CURVE_WITH_KNOTS('',6,(#572,#573,#574,#575,#576,#577,
    #578,#579,#580,#581,#582,#583,#584,#585,#586,#587,#588,#589,#590,
    #591,#592,#593),.UNSPECIFIED.,.F.,.F.,(7,5,5,5,7),(0.,0.251999864934
    ,0.500999932038,0.749999999212,1.),.UNSPECIFIED.);
#572 = CARTESIAN_POINT('',(3.942312922233,0.980392156863));
#573 = CARTESIAN_POINT('',(3.875053591271,0.980392156863));
#574 = CARTESIAN_POINT('',(3.8077900509,0.980392156863));
#575 = CARTESIAN_POINT('',(3.740531415861,0.980392156863));
#576 = CARTESIAN_POINT('',(3.673272787157,0.980392156863));
#577 = CARTESIAN_POINT('',(3.606009238677,0.980392156863));
#578 = CARTESIAN_POINT('',(3.472291227798,0.980392156863));
#579 = CARTESIAN_POINT('',(3.405828577246,0.980392156863));
#580 = CARTESIAN_POINT('',(3.339370564757,0.980392156863));
#581 = CARTESIAN_POINT('',(3.272912549197,0.980392156863));
#582 = CARTESIAN_POINT('',(3.206449894544,0.980392156863));
#583 = CARTESIAN_POINT('',(3.073532531542,0.980392156863));
#584 = CARTESIAN_POINT('',(3.007069876922,0.980392156863));
#585 = CARTESIAN_POINT('',(2.940611861442,0.980392156863));
#586 = CARTESIAN_POINT('',(2.874153849004,0.980392156863));
#587 = CARTESIAN_POINT('',(2.807691198399,0.980392156863));
#588 = CARTESIAN_POINT('',(2.674506955602,0.980392156863));
#589 = CARTESIAN_POINT('',(2.607777338446,0.980392156863));
#590 = CARTESIAN_POINT('',(2.541052450592,0.980392156863));
#591 = CARTESIAN_POINT('',(2.474327556752,0.980392156863));
#592 = CARTESIAN_POINT('',(2.407597947701,0.980392156863));
#593 = CARTESIAN_POINT('',(2.340872384946,0.980392156863));
#594 = ( GEOMETRIC_REPRESENTATION_CONTEXT(2) 
PARAMETRIC_REPRESENTATION_CONTEXT() REPRESENTATION_CONTEXT('2D SPACE',''
  ) );
#595 = ORIENTED_EDGE('',*,*,#596,.T.);
#596 = EDGE_CURVE('',#498,#597,#599,.T.);
#597 = VERTEX_POINT('',#598);
#598 = CARTESIAN_POINT('',(35.600194678159,-24.63878954307,100.));
#599 = SURFACE_CURVE('',#600,(#619,#641),.PCURVE_S1.);
#600 = B_SPLINE_CURVE_WITH_KNOTS('',5,(#601,#602,#603,#604,#605,#606,
    #607,#608,#609,#610,#611,#612,#613,#614,#615,#616,#617,#618),
  .UNSPECIFIED.,.F.,.F.,(6,4,4,4,6),(0.,0.251999972536,0.500999985547,
    0.749999998566,1.),.UNSPECIFIED.);
#601 = CARTESIAN_POINT('',(36.110658345096,-16.05822097561,100.));
#602 = CARTESIAN_POINT('',(36.323654448248,-16.46087623643,100.));
#603 = CARTESIAN_POINT('',(36.508953561752,-16.87819128576,100.));
#604 = CARTESIAN_POINT('',(36.665202632973,-17.30760511374,100.));
#605 = CARTESIAN_POINT('',(36.791419235266,-17.74641825349,100.));
#606 = CARTESIAN_POINT('',(36.981431858195,-18.63187761289,100.));
#607 = CARTESIAN_POINT('',(37.045956183549,-19.0783827531,100.));
#608 = CARTESIAN_POINT('',(37.079982365717,-19.52858256389,100.));
#609 = CARTESIAN_POINT('',(37.083301594747,-19.97971359876,100.));
#610 = CARTESIAN_POINT('',(37.028861721978,-20.8782606677,100.));
#611 = CARTESIAN_POINT('',(36.97110174641,-21.325691124,100.));
#612 = CARTESIAN_POINT('',(36.882971853042,-21.76848991875,100.));
#613 = CARTESIAN_POINT('',(36.765012955196,-22.20393902863,100.));
#614 = CARTESIAN_POINT('',(36.470668458473,-23.05656409677,100.));
#615 = CARTESIAN_POINT('',(36.294045341023,-23.47367347984,100.));
#616 = CARTESIAN_POINT('',(36.089190151269,-23.8780528468,100.));
#617 = CARTESIAN_POINT('',(35.857370571464,-24.26720018994,100.));
#618 = CARTESIAN_POINT('',(35.600194678159,-24.63878954307,100.));
#619 = PCURVE('',#43,#620);
#620 = DEFINITIONAL_REPRESENTATION('',(#621),#640);
#621 = B_SPLINE_CURVE_WITH_KNOTS('',5,(#622,#623,#624,#625,#626,#627,
    #628,#629,#630,#631,#632,#633,#634,#635,#636,#637,#638,#639),
  .UNSPECIFIED.,.F.,.F.,(6,4,4,4,6),(0.,0.251999972536,0.500999985547,
    0.749999998566,1.),.UNSPECIFIED.);
#622 = CARTESIAN_POINT('',(-16.05822097561,-36.11065834509));
#623 = CARTESIAN_POINT('',(-16.46087623643,-36.32365444824));
#624 = CARTESIAN_POINT('',(-16.87819128576,-36.50895356175));
#625 = CARTESIAN_POINT('',(-17.30760511374,-36.66520263297));
#626 = CARTESIAN_POINT('',(-17.74641825349,-36.79141923526));
#627 = CARTESIAN_POINT('',(-18.63187761289,-36.98143185819));
#628 = CARTESIAN_POINT('',(-19.0783827531,-37.04595618354));
#629 = CARTESIAN_POINT('',(-19.52858256389,-37.07998236571));
#630 = CARTESIAN_POINT('',(-19.97971359876,-37.08330159474));
#631 = CARTESIAN_POINT('',(-20.8782606677,-37.02886172197));
#632 = CARTESIAN_POINT('',(-21.325691124,-36.97110174641));
#633 = CARTESIAN_POINT('',(-21.76848991875,-36.88297185304));
#634 = CARTESIAN_POINT('',(-22.20393902863,-36.76501295519));
#635 = CARTESIAN_POINT('',(-23.05656409677,-36.47066845847));
#636 = CARTESIAN_POINT('',(-23.47367347984,-36.29404534102));
#637 = CARTESIAN_POINT('',(-23.8780528468,-36.08919015126));
#638 = CARTESIAN_POINT('',(-24.26720018994,-35.85737057146));
#639 = CARTESIAN_POINT('',(-24.63878954307,-35.60019467815));
#640 = ( GEOMETRIC_REPRESENTATION_CONTEXT(2) 
PARAMETRIC_REPRESENTATION_CONTEXT() REPRESENTATION_CONTEXT('2D SPACE',''
  ) );
#641 = PCURVE('',#642,#659);
#642 = B_SPLINE_SURFACE_WITH_KNOTS('',7,1,(
    (#643,#644)
    ,(#645,#646)
    ,(#647,#648)
    ,(#649,#650)
    ,(#651,#652)
    ,(#653,#654)
    ,(#655,#656)
    ,(#657,#658
    )),.UNSPECIFIED.,.F.,.F.,.F.,(8,8),(2,2),(2.53619040151,
    3.628153656874),(0.,1.),.PIECEWISE_BEZIER_KNOTS.);
#643 = CARTESIAN_POINT('',(27.957290342493,-19.34915803608,0.));
#644 = CARTESIAN_POINT('',(35.753052764872,-24.74458217321,102.));
#645 = CARTESIAN_POINT('',(28.534331108816,-18.51540102126,0.));
#646 = CARTESIAN_POINT('',(36.490998707167,-23.67833583177,102.));
#647 = CARTESIAN_POINT('',(28.959632616873,-17.5766260584,0.));
#648 = CARTESIAN_POINT('',(37.034893593699,-22.47778776826,
    101.99999999999));
#649 = CARTESIAN_POINT('',(29.210264095305,-16.56597228116,0.));
#650 = CARTESIAN_POINT('',(37.355412512489,-21.18531781206,102.));
#651 = CARTESIAN_POINT('',(29.272320895541,-15.52283706115,0.));
#652 = CARTESIAN_POINT('',(37.434773567374,-19.85130911146,
    101.99999999999));
#653 = CARTESIAN_POINT('',(29.143282038648,-14.48959644598,0.));
#654 = CARTESIAN_POINT('',(37.26975281598,-18.52995408097,102.));
#655 = CARTESIAN_POINT('',(28.832283079625,-13.50701848411,0.));
#656 = CARTESIAN_POINT('',(36.872033221,-17.27338875272,102.));
#657 = CARTESIAN_POINT('',(28.358164019586,-12.61072727994,0.));
#658 = CARTESIAN_POINT('',(36.265708231606,-16.12717084952,102.));
#659 = DEFINITIONAL_REPRESENTATION('',(#660),#679);
#660 = B_SPLINE_CURVE_WITH_KNOTS('',5,(#661,#662,#663,#664,#665,#666,
    #667,#668,#669,#670,#671,#672,#673,#674,#675,#676,#677,#678),
  .UNSPECIFIED.,.F.,.F.,(6,4,4,4,6),(0.,0.251999972536,0.500999985547,
    0.749999998566,1.),.UNSPECIFIED.);
#661 = CARTESIAN_POINT('',(3.628153656874,0.980392156863));
#662 = CARTESIAN_POINT('',(3.573118915291,0.980392156863));
#663 = CARTESIAN_POINT('',(3.518083238218,0.980392156863));
#664 = CARTESIAN_POINT('',(3.463049328551,0.980392156863));
#665 = CARTESIAN_POINT('',(3.408013658463,0.980392156863));
#666 = CARTESIAN_POINT('',(3.298599341314,0.980392156863));
#667 = CARTESIAN_POINT('',(3.244218888882,0.980392156863));
#668 = CARTESIAN_POINT('',(3.189840094015,0.980392156863));
#669 = CARTESIAN_POINT('',(3.135459641506,0.980392156863));
#670 = CARTESIAN_POINT('',(3.026700490367,0.980392156863));
#671 = CARTESIAN_POINT('',(2.972320037837,0.980392156863));
#672 = CARTESIAN_POINT('',(2.917941242964,0.980392156863));
#673 = CARTESIAN_POINT('',(2.863560790542,0.980392156863));
#674 = CARTESIAN_POINT('',(2.754583250834,0.980392156863));
#675 = CARTESIAN_POINT('',(2.699984393855,0.980392156863));
#676 = CARTESIAN_POINT('',(2.645387229593,0.980392156863));
#677 = CARTESIAN_POINT('',(2.590788365718,0.980392156863));
#678 = CARTESIAN_POINT('',(2.53619040151,0.980392156863));
#679 = ( GEOMETRIC_REPRESENTATION_CONTEXT(2) 
PARAMETRIC_REPRESENTATION_CONTEXT() REPRESENTATION_CONTEXT('2D SPACE',''
  ) );
#680 = ORIENTED_EDGE('',*,*,#681,.F.);
#681 = EDGE_CURVE('',#682,#597,#684,.T.);
#682 = VERTEX_POINT('',#683);
#683 = CARTESIAN_POINT('',(34.43394650717,-26.2439924404,100.));
#684 = SURFACE_CURVE('',#685,(#690,#697),.PCURVE_S1.);
#685 = CIRCLE('',#686,43.294847398628);
#686 = AXIS2_PLACEMENT_3D('',#687,#688,#689);
#687 = CARTESIAN_POINT('',(0.,-1.7763568394E-15,100.));
#688 = DIRECTION('',(0.,-0.,1.));
#689 = DIRECTION('',(0.951056516295,0.309016994375,0.));
#690 = PCURVE('',#43,#691);
#691 = DEFINITIONAL_REPRESENTATION('',(#692),#696);
#692 = CIRCLE('',#693,43.294847398628);
#693 = AXIS2_PLACEMENT_2D('',#694,#695);
#694 = CARTESIAN_POINT('',(-1.7763568394E-15,-3.944304526105E-31));
#695 = DIRECTION('',(0.309016994375,-0.951056516295));
#696 = ( GEOMETRIC_REPRESENTATION_CONTEXT(2) 
PARAMETRIC_REPRESENTATION_CONTEXT() REPRESENTATION_CONTEXT('2D SPACE',''
  ) );
#697 = PCURVE('',#698,#703);
#698 = CONICAL_SURFACE('',#699,34.,9.268217940919E-02);
#699 = AXIS2_PLACEMENT_3D('',#700,#701,#702);
#700 = CARTESIAN_POINT('',(0.,-1.7763568394E-15,0.));
#701 = DIRECTION('',(0.,-0.,1.));
#702 = DIRECTION('',(0.951056516295,0.309016994375,0.));
#703 = DEFINITIONAL_REPRESENTATION('',(#704),#708);
#704 = LINE('',#705,#706);
#705 = CARTESIAN_POINT('',(0.,100.));
#706 = VECTOR('',#707,1.);
#707 = DIRECTION('',(1.,0.));
#708 = ( GEOMETRIC_REPRESENTATION_CONTEXT(2) 
PARAMETRIC_REPRESENTATION_CONTEXT() REPRESENTATION_CONTEXT('2D SPACE',''
  ) );
#709 = ORIENTED_EDGE('',*,*,#710,.T.);
#710 = EDGE_CURVE('',#682,#711,#713,.T.);
#711 = VERTEX_POINT('',#712);
#712 = CARTESIAN_POINT('',(26.431082805669,-29.38101374591,100.));
#713 = SURFACE_CURVE('',#714,(#733,#755),.PCURVE_S1.);
#714 = B_SPLINE_CURVE_WITH_KNOTS('',5,(#715,#716,#717,#718,#719,#720,
    #721,#722,#723,#724,#725,#726,#727,#728,#729,#730,#731,#732),
  .UNSPECIFIED.,.F.,.F.,(6,4,4,4,6),(0.,0.250999987,0.49999999989,
    0.749999998705,1.),.UNSPECIFIED.);
#715 = CARTESIAN_POINT('',(34.43394650717,-26.2439924404,100.));
#716 = CARTESIAN_POINT('',(34.158920045795,-26.60484631888,100.));
#717 = CARTESIAN_POINT('',(33.859162689907,-26.94686087832,100.));
#718 = CARTESIAN_POINT('',(33.536410416752,-27.26776077595,100.));
#719 = CARTESIAN_POINT('',(33.192676081763,-27.5655444707,100.));
#720 = CARTESIAN_POINT('',(32.470702019974,-28.10925930309,100.));
#721 = CARTESIAN_POINT('',(32.092747397193,-28.35559349064,100.));
#722 = CARTESIAN_POINT('',(31.698613647212,-28.5758121044,100.));
#723 = CARTESIAN_POINT('',(31.290720089867,-28.76856343081,100.));
#724 = CARTESIAN_POINT('',(30.450931733231,-29.09774984022,100.));
#725 = CARTESIAN_POINT('',(30.018933480711,-29.23396098744,100.));
#726 = CARTESIAN_POINT('',(29.578305737138,-29.34042936985,100.));
#727 = CARTESIAN_POINT('',(29.131774875211,-29.41649616307,100.));
#728 = CARTESIAN_POINT('',(28.232533549224,-29.50725630473,100.));
#729 = CARTESIAN_POINT('',(27.779808439471,-29.5219511358,100.));
#730 = CARTESIAN_POINT('',(27.32679243055,-29.50567794151,100.));
#731 = CARTESIAN_POINT('',(26.876288536731,-29.45853757764,100.));
#732 = CARTESIAN_POINT('',(26.431082805669,-29.38101374591,100.));
#733 = PCURVE('',#43,#734);
#734 = DEFINITIONAL_REPRESENTATION('',(#735),#754);
#735 = B_SPLINE_CURVE_WITH_KNOTS('',5,(#736,#737,#738,#739,#740,#741,
    #742,#743,#744,#745,#746,#747,#748,#749,#750,#751,#752,#753),
  .UNSPECIFIED.,.F.,.F.,(6,4,4,4,6),(0.,0.250999987,0.49999999989,
    0.749999998705,1.),.UNSPECIFIED.);
#736 = CARTESIAN_POINT('',(-26.2439924404,-34.43394650717));
#737 = CARTESIAN_POINT('',(-26.60484631888,-34.15892004579));
#738 = CARTESIAN_POINT('',(-26.94686087832,-33.8591626899));
#739 = CARTESIAN_POINT('',(-27.26776077595,-33.53641041675));
#740 = CARTESIAN_POINT('',(-27.5655444707,-33.19267608176));
#741 = CARTESIAN_POINT('',(-28.10925930309,-32.47070201997));
#742 = CARTESIAN_POINT('',(-28.35559349064,-32.09274739719));
#743 = CARTESIAN_POINT('',(-28.5758121044,-31.69861364721));
#744 = CARTESIAN_POINT('',(-28.76856343081,-31.29072008986));
#745 = CARTESIAN_POINT('',(-29.09774984022,-30.45093173323));
#746 = CARTESIAN_POINT('',(-29.23396098744,-30.01893348071));
#747 = CARTESIAN_POINT('',(-29.34042936985,-29.57830573713));
#748 = CARTESIAN_POINT('',(-29.41649616307,-29.13177487521));
#749 = CARTESIAN_POINT('',(-29.50725630473,-28.23253354922));
#750 = CARTESIAN_POINT('',(-29.5219511358,-27.77980843947));
#751 = CARTESIAN_POINT('',(-29.50567794151,-27.32679243055));
#752 = CARTESIAN_POINT('',(-29.45853757764,-26.87628853673));
#753 = CARTESIAN_POINT('',(-29.38101374591,-26.43108280566));
#754 = ( GEOMETRIC_REPRESENTATION_CONTEXT(2) 
PARAMETRIC_REPRESENTATION_CONTEXT() REPRESENTATION_CONTEXT('2D SPACE',''
  ) );
#755 = PCURVE('',#756,#773);
#756 = B_SPLINE_SURFACE_WITH_KNOTS('',7,1,(
    (#757,#758)
    ,(#759,#760)
    ,(#761,#762)
    ,(#763,#764)
    ,(#765,#766)
    ,(#767,#768)
    ,(#769,#770)
    ,(#771,#772
    )),.UNSPECIFIED.,.F.,.F.,.F.,(8,8),(2,2),(1.398394588869,
    2.490357844233),(0.,1.),.PIECEWISE_BEZIER_KNOTS.);
#757 = CARTESIAN_POINT('',(20.756668966137,-23.07328764006,0.));
#758 = CARTESIAN_POINT('',(26.544571082459,-29.50716826803,102.));
#759 = CARTESIAN_POINT('',(21.75560340327,-23.24723244761,0.));
#760 = CARTESIAN_POINT('',(27.822053814225,-29.72961678884,102.));
#761 = CARTESIAN_POINT('',(22.786194540242,-23.23937674564,0.));
#762 = CARTESIAN_POINT('',(29.140020571652,-29.71957056033,
    101.99999999999));
#763 = CARTESIAN_POINT('',(23.808739959914,-23.04281108197,0.));
#764 = CARTESIAN_POINT('',(30.447698100345,-29.46819346125,102.));
#765 = CARTESIAN_POINT('',(24.781643902395,-22.66144504731,0.));
#766 = CARTESIAN_POINT('',(31.691891853192,-28.98048525373,
    101.99999999999));
#767 = CARTESIAN_POINT('',(25.665383376794,-22.11077115397,0.));
#768 = CARTESIAN_POINT('',(32.822058034232,-28.27625846623,102.));
#769 = CARTESIAN_POINT('',(26.426786028837,-21.41618796592,0.));
#770 = CARTESIAN_POINT('',(33.795774330065,-27.38799393603,102.));
#771 = CARTESIAN_POINT('',(27.041420667552,-20.60974449818,0.));
#772 = CARTESIAN_POINT('',(34.581797023962,-26.35667739924,102.));
#773 = DEFINITIONAL_REPRESENTATION('',(#774),#793);
#774 = B_SPLINE_CURVE_WITH_KNOTS('',5,(#775,#776,#777,#778,#779,#780,
    #781,#782,#783,#784,#785,#786,#787,#788,#789,#790,#791,#792),
  .UNSPECIFIED.,.F.,.F.,(6,4,4,4,6),(0.,0.250999987,0.49999999989,
    0.749999998705,1.),.UNSPECIFIED.);
#775 = CARTESIAN_POINT('',(2.490357844233,0.980392156863));
#776 = CARTESIAN_POINT('',(2.435541491307,0.980392156863));
#777 = CARTESIAN_POINT('',(2.380724220941,0.980392156863));
#778 = CARTESIAN_POINT('',(2.325908683822,0.980392156863));
#779 = CARTESIAN_POINT('',(2.271091420396,0.980392156863));
#780 = CARTESIAN_POINT('',(2.161895491937,0.980392156863));
#781 = CARTESIAN_POINT('',(2.107515039511,0.980392156863));
#782 = CARTESIAN_POINT('',(2.05313624464,0.980392156863));
#783 = CARTESIAN_POINT('',(1.998755792121,0.980392156863));
#784 = CARTESIAN_POINT('',(1.889778252198,0.980392156863));
#785 = CARTESIAN_POINT('',(1.835179393439,0.980392156863));
#786 = CARTESIAN_POINT('',(1.780582225339,0.980392156863));
#787 = CARTESIAN_POINT('',(1.725983366686,0.980392156863));
#788 = CARTESIAN_POINT('',(1.616787438193,0.980392156863));
#789 = CARTESIAN_POINT('',(1.562188581215,0.980392156863));
#790 = CARTESIAN_POINT('',(1.507591416952,0.980392156863));
#791 = CARTESIAN_POINT('',(1.452992553077,0.980392156863));
#792 = CARTESIAN_POINT('',(1.398394588869,0.980392156863));
#793 = ( GEOMETRIC_REPRESENTATION_CONTEXT(2) 
PARAMETRIC_REPRESENTATION_CONTEXT() REPRESENTATION_CONTEXT('2D SPACE',''
  ) );
#794 = ORIENTED_EDGE('',*,*,#795,.T.);
#795 = EDGE_CURVE('',#711,#796,#798,.T.);
#796 = VERTEX_POINT('',#797);
#797 = CARTESIAN_POINT('',(19.77535081173,-34.21668609452,100.));
#798 = SURFACE_CURVE('',#799,(#822,#848),.PCURVE_S1.);
#799 = B_SPLINE_CURVE_WITH_KNOTS('',6,(#800,#801,#802,#803,#804,#805,
    #806,#807,#808,#809,#810,#811,#812,#813,#814,#815,#816,#817,#818,
    #819,#820,#821),.UNSPECIFIED.,.F.,.F.,(7,5,5,5,7),(0.,0.251999864934
    ,0.500999932039,0.749999999212,1.),.UNSPECIFIED.);
#800 = CARTESIAN_POINT('',(26.431082805669,-29.38101374591,100.));
#801 = CARTESIAN_POINT('',(26.051386827542,-29.31489715068,100.));
#802 = CARTESIAN_POINT('',(25.66633044428,-29.27942215258,100.));
#803 = CARTESIAN_POINT('',(25.279057472614,-29.27514331282,100.));
#804 = CARTESIAN_POINT('',(24.892704148895,-29.30215761193,100.));
#805 = CARTESIAN_POINT('',(24.510395626311,-29.36018413712,100.));
#806 = CARTESIAN_POINT('',(23.764545604535,-29.53573384336,100.));
#807 = CARTESIAN_POINT('',(23.400789325816,-29.65255127364,100.));
#808 = CARTESIAN_POINT('',(23.04696692942,-29.7982380244,100.));
#809 = CARTESIAN_POINT('',(22.705899674201,-29.97169707938,100.));
#810 = CARTESIAN_POINT('',(22.380258080309,-30.17150322034,100.));
#811 = CARTESIAN_POINT('',(21.76479359166,-30.62017200963,100.));
#812 = CARTESIAN_POINT('',(21.474933548732,-30.86906173869,100.));
#813 = CARTESIAN_POINT('',(21.205437243151,-31.14069873492,100.));
#814 = CARTESIAN_POINT('',(20.958478638767,-31.43297662555,100.));
#815 = CARTESIAN_POINT('',(20.735965359376,-31.74354510896,100.));
#816 = CARTESIAN_POINT('',(20.342205658246,-32.39729232347,100.));
#817 = CARTESIAN_POINT('',(20.171144655244,-32.74063693108,100.));
#818 = CARTESIAN_POINT('',(20.02791060323,-33.09713174459,100.));
#819 = CARTESIAN_POINT('',(19.913701713094,-33.46395714619,100.));
#820 = CARTESIAN_POINT('',(19.82937057422,-33.83817052742,100.));
#821 = CARTESIAN_POINT('',(19.77535081173,-34.21668609452,100.));
#822 = PCURVE('',#43,#823);
#823 = DEFINITIONAL_REPRESENTATION('',(#824),#847);
#824 = B_SPLINE_CURVE_WITH_KNOTS('',6,(#825,#826,#827,#828,#829,#830,
    #831,#832,#833,#834,#835,#836,#837,#838,#839,#840,#841,#842,#843,
    #844,#845,#846),.UNSPECIFIED.,.F.,.F.,(7,5,5,5,7),(0.,0.251999864934
    ,0.500999932039,0.749999999212,1.),.UNSPECIFIED.);
#825 = CARTESIAN_POINT('',(-29.38101374591,-26.43108280566));
#826 = CARTESIAN_POINT('',(-29.31489715068,-26.05138682754));
#827 = CARTESIAN_POINT('',(-29.27942215258,-25.66633044428));
#828 = CARTESIAN_POINT('',(-29.27514331282,-25.27905747261));
#829 = CARTESIAN_POINT('',(-29.30215761193,-24.89270414889));
#830 = CARTESIAN_POINT('',(-29.36018413712,-24.51039562631));
#831 = CARTESIAN_POINT('',(-29.53573384336,-23.76454560453));
#832 = CARTESIAN_POINT('',(-29.65255127364,-23.40078932581));
#833 = CARTESIAN_POINT('',(-29.7982380244,-23.04696692942));
#834 = CARTESIAN_POINT('',(-29.97169707938,-22.7058996742));
#835 = CARTESIAN_POINT('',(-30.17150322034,-22.3802580803));
#836 = CARTESIAN_POINT('',(-30.62017200963,-21.76479359166));
#837 = CARTESIAN_POINT('',(-30.86906173869,-21.47493354873));
#838 = CARTESIAN_POINT('',(-31.14069873492,-21.20543724315));
#839 = CARTESIAN_POINT('',(-31.43297662555,-20.95847863876));
#840 = CARTESIAN_POINT('',(-31.74354510896,-20.73596535937));
#841 = CARTESIAN_POINT('',(-32.39729232347,-20.34220565824));
#842 = CARTESIAN_POINT('',(-32.74063693108,-20.17114465524));
#843 = CARTESIAN_POINT('',(-33.09713174459,-20.02791060323));
#844 = CARTESIAN_POINT('',(-33.46395714619,-19.91370171309));
#845 = CARTESIAN_POINT('',(-33.83817052742,-19.82937057422));
#846 = CARTESIAN_POINT('',(-34.21668609452,-19.77535081173));
#847 = ( GEOMETRIC_REPRESENTATION_CONTEXT(2) 
PARAMETRIC_REPRESENTATION_CONTEXT() REPRESENTATION_CONTEXT('2D SPACE',''
  ) );
#848 = PCURVE('',#849,#868);
#849 = B_SPLINE_SURFACE_WITH_KNOTS('',8,1,(
    (#850,#851)
    ,(#852,#853)
    ,(#854,#855)
    ,(#856,#857)
    ,(#858,#859)
    ,(#860,#861)
    ,(#862,#863)
    ,(#864,#865)
    ,(#866,#867
    )),.UNSPECIFIED.,.F.,.F.,.F.,(9,9),(2,2),(2.340872384946,
    3.942312922233),(0.,1.),.PIECEWISE_BEZIER_KNOTS.);
#850 = CARTESIAN_POINT('',(15.529837105284,-26.8708032737,0.));
#851 = CARTESIAN_POINT('',(19.860261085859,-34.36360375093,102.));
#852 = CARTESIAN_POINT('',(15.657106494407,-25.97902880491,0.));
#853 = CARTESIAN_POINT('',(20.023018961495,-33.2231620541,
    101.99999999999));
#854 = CARTESIAN_POINT('',(15.988393909257,-25.11637039214,0.));
#855 = CARTESIAN_POINT('',(20.446684355329,-32.11995529222,102.));
#856 = CARTESIAN_POINT('',(16.515925300077,-24.33728401994,0.));
#857 = CARTESIAN_POINT('',(21.121315459418,-31.12362425182,
    101.99999999999));
#858 = CARTESIAN_POINT('',(17.214498883638,-23.69372503341,0.));
#859 = CARTESIAN_POINT('',(22.014683088656,-30.30061178812,102.));
#860 = CARTESIAN_POINT('',(18.042430960547,-23.22821273837,0.));
#861 = CARTESIAN_POINT('',(23.073480234904,-29.70529352075,
    101.99999999999));
#862 = CARTESIAN_POINT('',(18.946402296413,-22.96725150068,0.));
#863 = CARTESIAN_POINT('',(24.229519839359,-29.37156443662,102.));
#864 = CARTESIAN_POINT('',(19.869212642426,-22.9187545559,0.));
#865 = CARTESIAN_POINT('',(25.409651625693,-29.30954434082,102.));
#866 = CARTESIAN_POINT('',(20.756668966137,-23.07328764006,0.));
#867 = CARTESIAN_POINT('',(26.544571082459,-29.50716826803,102.));
#868 = DEFINITIONAL_REPRESENTATION('',(#869),#892);
#869 = B_SPLINE_CURVE_WITH_KNOTS('',6,(#870,#871,#872,#873,#874,#875,
    #876,#877,#878,#879,#880,#881,#882,#883,#884,#885,#886,#887,#888,
    #889,#890,#891),.UNSPECIFIED.,.F.,.F.,(7,5,5,5,7),(0.,0.251999864934
    ,0.500999932039,0.749999999212,1.),.UNSPECIFIED.);
#870 = CARTESIAN_POINT('',(3.942312922233,0.980392156863));
#871 = CARTESIAN_POINT('',(3.875053591271,0.980392156863));
#872 = CARTESIAN_POINT('',(3.8077900509,0.980392156863));
#873 = CARTESIAN_POINT('',(3.740531415861,0.980392156863));
#874 = CARTESIAN_POINT('',(3.673272787157,0.980392156863));
#875 = CARTESIAN_POINT('',(3.606009238677,0.980392156863));
#876 = CARTESIAN_POINT('',(3.472291227798,0.980392156863));
#877 = CARTESIAN_POINT('',(3.405828577246,0.980392156863));
#878 = CARTESIAN_POINT('',(3.339370564757,0.980392156863));
#879 = CARTESIAN_POINT('',(3.272912549197,0.980392156863));
#880 = CARTESIAN_POINT('',(3.206449894544,0.980392156863));
#881 = CARTESIAN_POINT('',(3.073532531542,0.980392156863));
#882 = CARTESIAN_POINT('',(3.007069876922,0.980392156863));
#883 = CARTESIAN_POINT('',(2.940611861442,0.980392156863));
#884 = CARTESIAN_POINT('',(2.874153849003,0.980392156863));
#885 = CARTESIAN_POINT('',(2.807691198399,0.980392156863));
#886 = CARTESIAN_POINT('',(2.674506955602,0.980392156863));
#887 = CARTESIAN_POINT('',(2.607777338446,0.980392156863));
#888 = CARTESIAN_POINT('',(2.541052450592,0.980392156863));
#889 = CARTESIAN_POINT('',(2.474327556752,0.980392156863));
#890 = CARTESIAN_POINT('',(2.407597947701,0.980392156863));
#891 = CARTESIAN_POINT('',(2.340872384946,0.980392156863));
#892 = ( GEOMETRIC_REPRESENTATION_CONTEXT(2) 
PARAMETRIC_REPRESENTATION_CONTEXT() REPRESENTATION_CONTEXT('2D SPACE',''
  ) );
#893 = ORIENTED_EDGE('',*,*,#894,.T.);
#894 = EDGE_CURVE('',#796,#895,#897,.T.);
#895 = VERTEX_POINT('',#896);
#896 = CARTESIAN_POINT('',(14.318845369932,-40.85846887173,100.));
#897 = SURFACE_CURVE('',#898,(#917,#939),.PCURVE_S1.);
#898 = B_SPLINE_CURVE_WITH_KNOTS('',5,(#899,#900,#901,#902,#903,#904,
    #905,#906,#907,#908,#909,#910,#911,#912,#913,#914,#915,#916),
  .UNSPECIFIED.,.F.,.F.,(6,4,4,4,6),(0.,0.250999986999,0.49999999989,
    0.749999998705,1.),.UNSPECIFIED.);
#899 = CARTESIAN_POINT('',(19.77535081173,-34.21668609452,100.));
#900 = CARTESIAN_POINT('',(19.711248837474,-34.66584754986,100.));
#901 = CARTESIAN_POINT('',(19.616368471842,-35.11062406397,100.));
#902 = CARTESIAN_POINT('',(19.491115489812,-35.54818259104,100.));
#903 = CARTESIAN_POINT('',(19.336270919733,-35.97579407478,100.));
#904 = CARTESIAN_POINT('',(18.971169007434,-36.80257878587,100.));
#905 = CARTESIAN_POINT('',(18.761357136802,-37.20196482441,100.));
#906 = CARTESIAN_POINT('',(18.524683781848,-37.5864428781,100.));
#907 = CARTESIAN_POINT('',(18.262601748694,-37.95365294857,100.));
#908 = CARTESIAN_POINT('',(17.69001799507,-38.65061494264,100.));
#909 = CARTESIAN_POINT('',(17.379316741802,-38.98022182671,100.));
#910 = CARTESIAN_POINT('',(17.046575776146,-39.28807207379,100.));
#911 = CARTESIAN_POINT('',(16.693853897823,-39.57226082135,100.));
#912 = CARTESIAN_POINT('',(15.953082234498,-40.09007324732,100.));
#913 = CARTESIAN_POINT('',(15.565020386921,-40.32370536309,100.));
#914 = CARTESIAN_POINT('',(15.161600828794,-40.53044428374,100.));
#915 = CARTESIAN_POINT('',(14.745319779838,-40.70901096745,100.));
#916 = CARTESIAN_POINT('',(14.318845369932,-40.85846887173,100.));
#917 = PCURVE('',#43,#918);
#918 = DEFINITIONAL_REPRESENTATION('',(#919),#938);
#919 = B_SPLINE_CURVE_WITH_KNOTS('',5,(#920,#921,#922,#923,#924,#925,
    #926,#927,#928,#929,#930,#931,#932,#933,#934,#935,#936,#937),
  .UNSPECIFIED.,.F.,.F.,(6,4,4,4,6),(0.,0.250999986999,0.49999999989,
    0.749999998705,1.),.UNSPECIFIED.);
#920 = CARTESIAN_POINT('',(-34.21668609452,-19.77535081173));
#921 = CARTESIAN_POINT('',(-34.66584754986,-19.71124883747));
#922 = CARTESIAN_POINT('',(-35.11062406397,-19.61636847184));
#923 = CARTESIAN_POINT('',(-35.54818259104,-19.49111548981));
#924 = CARTESIAN_POINT('',(-35.97579407478,-19.33627091973));
#925 = CARTESIAN_POINT('',(-36.80257878587,-18.97116900743));
#926 = CARTESIAN_POINT('',(-37.20196482441,-18.7613571368));
#927 = CARTESIAN_POINT('',(-37.5864428781,-18.52468378184));
#928 = CARTESIAN_POINT('',(-37.95365294857,-18.26260174869));
#929 = CARTESIAN_POINT('',(-38.65061494264,-17.69001799507));
#930 = CARTESIAN_POINT('',(-38.98022182671,-17.3793167418));
#931 = CARTESIAN_POINT('',(-39.28807207379,-17.04657577614));
#932 = CARTESIAN_POINT('',(-39.57226082135,-16.69385389782));
#933 = CARTESIAN_POINT('',(-40.09007324732,-15.95308223449));
#934 = CARTESIAN_POINT('',(-40.32370536309,-15.56502038692));
#935 = CARTESIAN_POINT('',(-40.53044428374,-15.16160082879));
#936 = CARTESIAN_POINT('',(-40.70901096745,-14.74531977983));
#937 = CARTESIAN_POINT('',(-40.85846887173,-14.31884536993));
#938 = ( GEOMETRIC_REPRESENTATION_CONTEXT(2) 
PARAMETRIC_REPRESENTATION_CONTEXT() REPRESENTATION_CONTEXT('2D SPACE',''
  ) );
#939 = PCURVE('',#940,#957);
#940 = B_SPLINE_SURFACE_WITH_KNOTS('',7,1,(
    (#941,#942)
    ,(#943,#944)
    ,(#945,#946)
    ,(#947,#948)
    ,(#949,#950)
    ,(#951,#952)
    ,(#953,#954)
    ,(#955,#956
    )),.UNSPECIFIED.,.F.,.F.,.F.,(8,8),(2,2),(1.907871870792,
    2.999835126156),(0.,1.),.PIECEWISE_BEZIER_KNOTS.);
#941 = CARTESIAN_POINT('',(11.244773265863,-32.08668063541,0.));
#942 = CARTESIAN_POINT('',(14.380326812014,-41.03390463646,102.));
#943 = CARTESIAN_POINT('',(12.201679129573,-31.75133309366,0.));
#944 = CARTESIAN_POINT('',(15.604061495065,-40.60504696792,102.));
#945 = CARTESIAN_POINT('',(13.097553355718,-31.24183414902,0.));
#946 = CARTESIAN_POINT('',(16.749746147822,-39.95347657507,
    101.99999999999));
#947 = CARTESIAN_POINT('',(13.894365866528,-30.57151555459,0.));
#948 = CARTESIAN_POINT('',(17.76874617943,-39.09624270933,102.));
#949 = CARTESIAN_POINT('',(14.557710371007,-29.76407750615,0.));
#950 = CARTESIAN_POINT('',(18.617061262166,-38.06365425757,102.));
#951 = CARTESIAN_POINT('',(15.060639338511,-28.85232115215,0.));
#952 = CARTESIAN_POINT('',(19.260229669827,-36.89765881831,102.));
#953 = CARTESIAN_POINT('',(15.386580730641,-27.87459828111,0.));
#954 = CARTESIAN_POINT('',(19.677058326981,-35.64730240074,102.));
#955 = CARTESIAN_POINT('',(15.529837105284,-26.8708032737,0.));
#956 = CARTESIAN_POINT('',(19.860261085859,-34.36360375093,102.));
#957 = DEFINITIONAL_REPRESENTATION('',(#958),#977);
#958 = B_SPLINE_CURVE_WITH_KNOTS('',5,(#959,#960,#961,#962,#963,#964,
    #965,#966,#967,#968,#969,#970,#971,#972,#973,#974,#975,#976),
  .UNSPECIFIED.,.F.,.F.,(6,4,4,4,6),(0.,0.250999986999,0.49999999989,
    0.749999998705,1.),.UNSPECIFIED.);
#959 = CARTESIAN_POINT('',(2.999835126156,0.980392156863));
#960 = CARTESIAN_POINT('',(2.94501877323,0.980392156863));
#961 = CARTESIAN_POINT('',(2.890201502864,0.980392156863));
#962 = CARTESIAN_POINT('',(2.835385965745,0.980392156863));
#963 = CARTESIAN_POINT('',(2.780568702319,0.980392156863));
#964 = CARTESIAN_POINT('',(2.67137277386,0.980392156863));
#965 = CARTESIAN_POINT('',(2.616992321434,0.980392156863));
#966 = CARTESIAN_POINT('',(2.562613526563,0.980392156863));
#967 = CARTESIAN_POINT('',(2.508233074044,0.980392156863));
#968 = CARTESIAN_POINT('',(2.399255534121,0.980392156863));
#969 = CARTESIAN_POINT('',(2.344656675362,0.980392156863));
#970 = CARTESIAN_POINT('',(2.290059507262,0.980392156863));
#971 = CARTESIAN_POINT('',(2.235460648609,0.980392156863));
#972 = CARTESIAN_POINT('',(2.126264720116,0.980392156863));
#973 = CARTESIAN_POINT('',(2.071665863137,0.980392156863));
#974 = CARTESIAN_POINT('',(2.017068698875,0.980392156863));
#975 = CARTESIAN_POINT('',(1.962469835,0.980392156863));
#976 = CARTESIAN_POINT('',(1.907871870792,0.980392156863));
#977 = ( GEOMETRIC_REPRESENTATION_CONTEXT(2) 
PARAMETRIC_REPRESENTATION_CONTEXT() REPRESENTATION_CONTEXT('2D SPACE',''
  ) );
#978 = ORIENTED_EDGE('',*,*,#979,.F.);
#979 = EDGE_CURVE('',#980,#895,#982,.T.);
#980 = VERTEX_POINT('',#981);
#981 = CARTESIAN_POINT('',(12.431816189954,-41.47160181967,100.));
#982 = SURFACE_CURVE('',#983,(#988,#995),.PCURVE_S1.);
#983 = CIRCLE('',#984,43.294847398628);
#984 = AXIS2_PLACEMENT_3D('',#985,#986,#987);
#985 = CARTESIAN_POINT('',(0.,-1.7763568394E-15,100.));
#986 = DIRECTION('',(0.,-0.,1.));
#987 = DIRECTION('',(0.951056516295,0.309016994375,0.));
#988 = PCURVE('',#43,#989);
#989 = DEFINITIONAL_REPRESENTATION('',(#990),#994);
#990 = CIRCLE('',#991,43.294847398628);
#991 = AXIS2_PLACEMENT_2D('',#992,#993);
#992 = CARTESIAN_POINT('',(-1.7763568394E-15,-3.944304526105E-31));
#993 = DIRECTION('',(0.309016994375,-0.951056516295));
#994 = ( GEOMETRIC_REPRESENTATION_CONTEXT(2) 
PARAMETRIC_REPRESENTATION_CONTEXT() REPRESENTATION_CONTEXT('2D SPACE',''
  ) );
#995 = PCURVE('',#996,#1001);
#996 = CONICAL_SURFACE('',#997,34.,9.268217940919E-02);
#997 = AXIS2_PLACEMENT_3D('',#998,#999,#1000);
#998 = CARTESIAN_POINT('',(0.,-1.7763568394E-15,0.));
#999 = DIRECTION('',(0.,-0.,1.));
#1000 = DIRECTION('',(0.951056516295,0.309016994375,0.));
#1001 = DEFINITIONAL_REPRESENTATION('',(#1002),#1006);
#1002 = LINE('',#1003,#1004);
#1003 = CARTESIAN_POINT('',(0.,100.));
#1004 = VECTOR('',#1005,1.);
#1005 = DIRECTION('',(1.,0.));
#1006 = ( GEOMETRIC_REPRESENTATION_CONTEXT(2) 
PARAMETRIC_REPRESENTATION_CONTEXT() REPRESENTATION_CONTEXT('2D SPACE',''
  ) );
#1007 = ORIENTED_EDGE('',*,*,#1008,.T.);
#1008 = EDGE_CURVE('',#980,#1009,#1011,.T.);
#1009 = VERTEX_POINT('',#1010);
#1010 = CARTESIAN_POINT('',(4.113468592264,-39.3055401077,100.));
#1011 = SURFACE_CURVE('',#1012,(#1031,#1053),.PCURVE_S1.);
#1012 = B_SPLINE_CURVE_WITH_KNOTS('',5,(#1013,#1014,#1015,#1016,#1017,
    #1018,#1019,#1020,#1021,#1022,#1023,#1024,#1025,#1026,#1027,#1028,
    #1029,#1030),.UNSPECIFIED.,.F.,.F.,(6,4,4,4,6),(0.,0.250999987,
    0.49999999989,0.749999998705,1.),.UNSPECIFIED.);
#1013 = CARTESIAN_POINT('',(12.431816189954,-41.47160181967,100.));
#1014 = CARTESIAN_POINT('',(11.997210520793,-41.60188224186,100.));
#1015 = CARTESIAN_POINT('',(11.553670611582,-41.70238487972,100.));
#1016 = CARTESIAN_POINT('',(11.10393831034,-41.77228932409,100.));
#1017 = CARTESIAN_POINT('',(10.650818527638,-41.81115942097,100.));
#1018 = CARTESIAN_POINT('',(9.747141682222,-41.82666825441,100.));
#1019 = CARTESIAN_POINT('',(9.296578366708,-41.80380064514,100.));
#1020 = CARTESIAN_POINT('',(8.848276211473,-41.75029524047,100.));
#1021 = CARTESIAN_POINT('',(8.404987004661,-41.66648052171,100.));
#1022 = CARTESIAN_POINT('',(7.532093035758,-41.43918271016,100.));
#1023 = CARTESIAN_POINT('',(7.102536204392,-41.29545764124,100.));
#1024 = CARTESIAN_POINT('',(6.683480326635,-41.12259788255,100.));
#1025 = CARTESIAN_POINT('',(6.277518331578,-40.92167295564,100.));
#1026 = CARTESIAN_POINT('',(5.496669344045,-40.46653866299,100.));
#1027 = CARTESIAN_POINT('',(5.121769631489,-40.2123218882,100.));
#1028 = CARTESIAN_POINT('',(4.764837125155,-39.93288046837,100.));
#1029 = CARTESIAN_POINT('',(4.428080229697,-39.62994356799,100.));
#1030 = CARTESIAN_POINT('',(4.113468592264,-39.3055401077,100.));
#1031 = PCURVE('',#43,#1032);
#1032 = DEFINITIONAL_REPRESENTATION('',(#1033),#1052);
#1033 = B_SPLINE_CURVE_WITH_KNOTS('',5,(#1034,#1035,#1036,#1037,#1038,
    #1039,#1040,#1041,#1042,#1043,#1044,#1045,#1046,#1047,#1048,#1049,
    #1050,#1051),.UNSPECIFIED.,.F.,.F.,(6,4,4,4,6),(0.,0.250999987,
    0.49999999989,0.749999998705,1.),.UNSPECIFIED.);
#1034 = CARTESIAN_POINT('',(-41.47160181967,-12.43181618995));
#1035 = CARTESIAN_POINT('',(-41.60188224186,-11.99721052079));
#1036 = CARTESIAN_POINT('',(-41.70238487972,-11.55367061158));
#1037 = CARTESIAN_POINT('',(-41.77228932409,-11.10393831034));
#1038 = CARTESIAN_POINT('',(-41.81115942097,-10.65081852763));
#1039 = CARTESIAN_POINT('',(-41.82666825441,-9.747141682222));
#1040 = CARTESIAN_POINT('',(-41.80380064514,-9.296578366708));
#1041 = CARTESIAN_POINT('',(-41.75029524047,-8.848276211473));
#1042 = CARTESIAN_POINT('',(-41.66648052171,-8.404987004661));
#1043 = CARTESIAN_POINT('',(-41.43918271016,-7.532093035758));
#1044 = CARTESIAN_POINT('',(-41.29545764124,-7.102536204392));
#1045 = CARTESIAN_POINT('',(-41.12259788255,-6.683480326635));
#1046 = CARTESIAN_POINT('',(-40.92167295564,-6.277518331578));
#1047 = CARTESIAN_POINT('',(-40.46653866299,-5.496669344045));
#1048 = CARTESIAN_POINT('',(-40.2123218882,-5.121769631489));
#1049 = CARTESIAN_POINT('',(-39.93288046837,-4.764837125155));
#1050 = CARTESIAN_POINT('',(-39.62994356799,-4.428080229697));
#1051 = CARTESIAN_POINT('',(-39.3055401077,-4.113468592264));
#1052 = ( GEOMETRIC_REPRESENTATION_CONTEXT(2) 
PARAMETRIC_REPRESENTATION_CONTEXT() REPRESENTATION_CONTEXT('2D SPACE',''
  ) );
#1053 = PCURVE('',#1054,#1071);
#1054 = B_SPLINE_SURFACE_WITH_KNOTS('',7,1,(
    (#1055,#1056)
    ,(#1057,#1058)
    ,(#1059,#1060)
    ,(#1061,#1062)
    ,(#1063,#1064)
    ,(#1065,#1066)
    ,(#1067,#1068)
    ,(#1069,#1070
    )),.UNSPECIFIED.,.F.,.F.,.F.,(8,8),(2,2),(0.770076058151,
    1.862039313515),(0.,1.),.PIECEWISE_BEZIER_KNOTS.);
#1055 = CARTESIAN_POINT('',(3.230359743488,-30.86714572192,0.));
#1056 = CARTESIAN_POINT('',(4.13113076924,-39.47430799542,102.));
#1057 = CARTESIAN_POINT('',(3.936272486804,-31.59502895747,0.));
#1058 = CARTESIAN_POINT('',(5.033884049331,-40.40515813892,102.));
#1059 = CARTESIAN_POINT('',(4.774655696633,-32.19443983252,0.));
#1060 = CARTESIAN_POINT('',(6.106046579069,-41.17171199235,102.));
#1061 = CARTESIAN_POINT('',(5.717450716875,-32.63645198759,0.));
#1062 = CARTESIAN_POINT('',(7.311735674551,-41.73697721331,
    101.99999999999));
#1063 = CARTESIAN_POINT('',(6.728707871136,-32.89977897376,0.));
#1064 = CARTESIAN_POINT('',(8.604977256701,-42.07373172405,102.));
#1065 = CARTESIAN_POINT('',(7.767346117856,-32.97372346561,0.));
#1066 = CARTESIAN_POINT('',(9.93323502359,-42.16829529893,102.));
#1067 = CARTESIAN_POINT('',(8.791599557346,-32.8593351124,0.));
#1068 = CARTESIAN_POINT('',(11.243096845607,-42.0220102771,102.));
#1069 = CARTESIAN_POINT('',(9.762865002542,-32.56818181818,0.));
#1070 = CARTESIAN_POINT('',(12.485195213703,-41.6496702197,102.));
#1071 = DEFINITIONAL_REPRESENTATION('',(#1072),#1091);
#1072 = B_SPLINE_CURVE_WITH_KNOTS('',5,(#1073,#1074,#1075,#1076,#1077,
    #1078,#1079,#1080,#1081,#1082,#1083,#1084,#1085,#1086,#1087,#1088,
    #1089,#1090),.UNSPECIFIED.,.F.,.F.,(6,4,4,4,6),(0.,0.250999987,
    0.49999999989,0.749999998705,1.),.UNSPECIFIED.);
#1073 = CARTESIAN_POINT('',(1.862039313515,0.980392156863));
#1074 = CARTESIAN_POINT('',(1.807222960589,0.980392156863));
#1075 = CARTESIAN_POINT('',(1.752405690223,0.980392156863));
#1076 = CARTESIAN_POINT('',(1.697590153104,0.980392156863));
#1077 = CARTESIAN_POINT('',(1.642772889678,0.980392156863));
#1078 = CARTESIAN_POINT('',(1.533576961219,0.980392156863));
#1079 = CARTESIAN_POINT('',(1.479196508793,0.980392156863));
#1080 = CARTESIAN_POINT('',(1.424817713922,0.980392156863));
#1081 = CARTESIAN_POINT('',(1.370437261403,0.980392156863));
#1082 = CARTESIAN_POINT('',(1.26145972148,0.980392156863));
#1083 = CARTESIAN_POINT('',(1.206860862721,0.980392156863));
#1084 = CARTESIAN_POINT('',(1.152263694621,0.980392156863));
#1085 = CARTESIAN_POINT('',(1.097664835968,0.980392156863));
#1086 = CARTESIAN_POINT('',(0.988468907475,0.980392156863));
#1087 = CARTESIAN_POINT('',(0.933870050497,0.980392156863));
#1088 = CARTESIAN_POINT('',(0.879272886234,0.980392156863));
#1089 = CARTESIAN_POINT('',(0.824674022359,0.980392156863));
#1090 = CARTESIAN_POINT('',(0.770076058151,0.980392156863));
#1091 = ( GEOMETRIC_REPRESENTATION_CONTEXT(2) 
PARAMETRIC_REPRESENTATION_CONTEXT() REPRESENTATION_CONTEXT('2D SPACE',''
  ) );
#1092 = ORIENTED_EDGE('',*,*,#1093,.T.);
#1093 = EDGE_CURVE('',#1009,#1094,#1096,.T.);
#1094 = VERTEX_POINT('',#1095);
#1095 = CARTESIAN_POINT('',(-4.113468592264,-39.3055401077,100.));
#1096 = SURFACE_CURVE('',#1097,(#1120,#1146),.PCURVE_S1.);
#1097 = B_SPLINE_CURVE_WITH_KNOTS('',6,(#1098,#1099,#1100,#1101,#1102,
    #1103,#1104,#1105,#1106,#1107,#1108,#1109,#1110,#1111,#1112,#1113,
    #1114,#1115,#1116,#1117,#1118,#1119),.UNSPECIFIED.,.F.,.F.,(7,5,5,5,
    7),(0.,0.250999932868,0.499999999354,0.74999999986,1.),
  .UNSPECIFIED.);
#1098 = CARTESIAN_POINT('',(4.113468592264,-39.3055401077,100.));
#1099 = CARTESIAN_POINT('',(3.846215134866,-39.0299687809,100.));
#1100 = CARTESIAN_POINT('',(3.556791534071,-38.77586507953,100.));
#1101 = CARTESIAN_POINT('',(3.247388698561,-38.54549795026,100.));
#1102 = CARTESIAN_POINT('',(2.920456320661,-38.34076800837,100.));
#1103 = CARTESIAN_POINT('',(2.578654317397,-38.16326845125,100.));
#1104 = CARTESIAN_POINT('',(1.873948297442,-37.86635410878,100.));
#1105 = CARTESIAN_POINT('',(1.511191245823,-37.74646973172,100.));
#1106 = CARTESIAN_POINT('',(1.139455170763,-37.65576577325,100.));
#1107 = CARTESIAN_POINT('',(0.761666090527,-37.59501770954,100.));
#1108 = CARTESIAN_POINT('',(0.380821552458,-37.56464700815,100.));
#1109 = CARTESIAN_POINT('',(-0.382350854966,-37.56464700815,100.));
#1110 = CARTESIAN_POINT('',(-0.764725158268,-37.59526212509,100.));
#1111 = CARTESIAN_POINT('',(-1.144006813054,-37.65649917956,100.));
#1112 = CARTESIAN_POINT('',(-1.517162281491,-37.7479297439,100.));
#1113 = CARTESIAN_POINT('',(-1.881230933762,-37.86876603949,100.));
#1114 = CARTESIAN_POINT('',(-2.585460561355,-38.16680854644,100.));
#1115 = CARTESIAN_POINT('',(-2.925664716663,-38.34403303411,100.));
#1116 = CARTESIAN_POINT('',(-3.251085892819,-38.54825253325,100.));
#1117 = CARTESIAN_POINT('',(-3.559097387072,-38.77789021581,100.));
#1118 = CARTESIAN_POINT('',(-3.847279818275,-39.03106660101,100.));
#1119 = CARTESIAN_POINT('',(-4.113468592264,-39.3055401077,100.));
#1120 = PCURVE('',#43,#1121);
#1121 = DEFINITIONAL_REPRESENTATION('',(#1122),#1145);
#1122 = B_SPLINE_CURVE_WITH_KNOTS('',6,(#1123,#1124,#1125,#1126,#1127,
    #1128,#1129,#1130,#1131,#1132,#1133,#1134,#1135,#1136,#1137,#1138,
    #1139,#1140,#1141,#1142,#1143,#1144),.UNSPECIFIED.,.F.,.F.,(7,5,5,5,
    7),(0.,0.250999932868,0.499999999354,0.74999999986,1.),
  .UNSPECIFIED.);
#1123 = CARTESIAN_POINT('',(-39.3055401077,-4.113468592264));
#1124 = CARTESIAN_POINT('',(-39.0299687809,-3.846215134866));
#1125 = CARTESIAN_POINT('',(-38.77586507953,-3.556791534071));
#1126 = CARTESIAN_POINT('',(-38.54549795026,-3.247388698562));
#1127 = CARTESIAN_POINT('',(-38.34076800837,-2.920456320661));
#1128 = CARTESIAN_POINT('',(-38.16326845125,-2.578654317397));
#1129 = CARTESIAN_POINT('',(-37.86635410878,-1.873948297442));
#1130 = CARTESIAN_POINT('',(-37.74646973172,-1.511191245823));
#1131 = CARTESIAN_POINT('',(-37.65576577325,-1.139455170763));
#1132 = CARTESIAN_POINT('',(-37.59501770954,-0.761666090527));
#1133 = CARTESIAN_POINT('',(-37.56464700815,-0.380821552458));
#1134 = CARTESIAN_POINT('',(-37.56464700815,0.382350854966));
#1135 = CARTESIAN_POINT('',(-37.59526212509,0.764725158268));
#1136 = CARTESIAN_POINT('',(-37.65649917956,1.144006813054));
#1137 = CARTESIAN_POINT('',(-37.7479297439,1.517162281491));
#1138 = CARTESIAN_POINT('',(-37.86876603949,1.881230933762));
#1139 = CARTESIAN_POINT('',(-38.16680854644,2.585460561355));
#1140 = CARTESIAN_POINT('',(-38.34403303411,2.925664716663));
#1141 = CARTESIAN_POINT('',(-38.54825253325,3.251085892819));
#1142 = CARTESIAN_POINT('',(-38.77789021581,3.559097387072));
#1143 = CARTESIAN_POINT('',(-39.03106660101,3.847279818275));
#1144 = CARTESIAN_POINT('',(-39.3055401077,4.113468592264));
#1145 = ( GEOMETRIC_REPRESENTATION_CONTEXT(2) 
PARAMETRIC_REPRESENTATION_CONTEXT() REPRESENTATION_CONTEXT('2D SPACE',''
  ) );
#1146 = PCURVE('',#1147,#1166);
#1147 = B_SPLINE_SURFACE_WITH_KNOTS('',8,1,(
    (#1148,#1149)
    ,(#1150,#1151)
    ,(#1152,#1153)
    ,(#1154,#1155)
    ,(#1156,#1157)
    ,(#1158,#1159)
    ,(#1160,#1161)
    ,(#1162,#1163)
    ,(#1164,#1165
    )),.UNSPECIFIED.,.F.,.F.,.F.,(9,9),(2,2),(2.340872384946,
    3.942312922233),(0.,1.),.PIECEWISE_BEZIER_KNOTS.);
#1148 = CARTESIAN_POINT('',(-3.230359743488,-30.86714572192,0.));
#1149 = CARTESIAN_POINT('',(-4.13113076924,-39.47430799542,102.));
#1150 = CARTESIAN_POINT('',(-2.603224763698,-30.22049209152,0.));
#1151 = CARTESIAN_POINT('',(-3.329122071385,-38.64733796058,102.));
#1152 = CARTESIAN_POINT('',(-1.82814972227,-29.71731263196,0.));
#1153 = CARTESIAN_POINT('',(-2.33792090298,-38.00384921231,
    101.99999999999));
#1154 = CARTESIAN_POINT('',(-0.943432382189,-29.39709368842,0.));
#1155 = CARTESIAN_POINT('',(-1.20650418289,-37.59433868233,102.));
#1156 = CARTESIAN_POINT('',(-4.440892098501E-15,-29.28705478148,0.));
#1157 = CARTESIAN_POINT('',(-2.22044604925E-15,-37.45361592995,
    101.99999999999));
#1158 = CARTESIAN_POINT('',(0.943432382189,-29.39709368842,0.));
#1159 = CARTESIAN_POINT('',(1.20650418289,-37.59433868233,102.));
#1160 = CARTESIAN_POINT('',(1.82814972227,-29.71731263196,0.));
#1161 = CARTESIAN_POINT('',(2.33792090298,-38.00384921231,
    101.99999999999));
#1162 = CARTESIAN_POINT('',(2.603224763698,-30.22049209152,0.));
#1163 = CARTESIAN_POINT('',(3.329122071385,-38.64733796058,102.));
#1164 = CARTESIAN_POINT('',(3.230359743488,-30.86714572192,0.));
#1165 = CARTESIAN_POINT('',(4.13113076924,-39.47430799542,102.));
#1166 = DEFINITIONAL_REPRESENTATION('',(#1167),#1190);
#1167 = B_SPLINE_CURVE_WITH_KNOTS('',6,(#1168,#1169,#1170,#1171,#1172,
    #1173,#1174,#1175,#1176,#1177,#1178,#1179,#1180,#1181,#1182,#1183,
    #1184,#1185,#1186,#1187,#1188,#1189),.UNSPECIFIED.,.F.,.F.,(7,5,5,5,
    7),(0.,0.250999932868,0.499999999354,0.74999999986,1.),
  .UNSPECIFIED.);
#1168 = CARTESIAN_POINT('',(3.942312922233,0.980392156863));
#1169 = CARTESIAN_POINT('',(3.875320475197,0.980392156863));
#1170 = CARTESIAN_POINT('',(3.808323900949,0.980392156863));
#1171 = CARTESIAN_POINT('',(3.741332136225,0.980392156863));
#1172 = CARTESIAN_POINT('',(3.67434037766,0.980392156863));
#1173 = CARTESIAN_POINT('',(3.607343795305,0.980392156863));
#1174 = CARTESIAN_POINT('',(3.473892668289,0.980392156863));
#1175 = CARTESIAN_POINT('',(3.407430017711,0.980392156863));
#1176 = CARTESIAN_POINT('',(3.340972005248,0.980392156863));
#1177 = CARTESIAN_POINT('',(3.274513989728,0.980392156863));
#1178 = CARTESIAN_POINT('',(3.208051335091,0.980392156863));
#1179 = CARTESIAN_POINT('',(3.074867087434,0.980392156863));
#1180 = CARTESIAN_POINT('',(3.008137468467,0.980392156863));
#1181 = CARTESIAN_POINT('',(2.941412581655,0.980392156863));
#1182 = CARTESIAN_POINT('',(2.874687697935,0.980392156863));
#1183 = CARTESIAN_POINT('',(2.807958083032,0.980392156863));
#1184 = CARTESIAN_POINT('',(2.674506955602,0.980392156863));
#1185 = CARTESIAN_POINT('',(2.607777338446,0.980392156863));
#1186 = CARTESIAN_POINT('',(2.541052450592,0.980392156863));
#1187 = CARTESIAN_POINT('',(2.474327556752,0.980392156863));
#1188 = CARTESIAN_POINT('',(2.407597947701,0.980392156863));
#1189 = CARTESIAN_POINT('',(2.340872384946,0.980392156863));
#1190 = ( GEOMETRIC_REPRESENTATION_CONTEXT(2) 
PARAMETRIC_REPRESENTATION_CONTEXT() REPRESENTATION_CONTEXT('2D SPACE',''
  ) );
#1191 = ORIENTED_EDGE('',*,*,#1192,.T.);
#1192 = EDGE_CURVE('',#1094,#1193,#1195,.T.);
#1193 = VERTEX_POINT('',#1194);
#1194 = CARTESIAN_POINT('',(-12.43181618995,-41.47160181967,100.));
#1195 = SURFACE_CURVE('',#1196,(#1215,#1237),.PCURVE_S1.);
#1196 = B_SPLINE_CURVE_WITH_KNOTS('',5,(#1197,#1198,#1199,#1200,#1201,
    #1202,#1203,#1204,#1205,#1206,#1207,#1208,#1209,#1210,#1211,#1212,
    #1213,#1214),.UNSPECIFIED.,.F.,.F.,(6,4,4,4,6),(0.,0.250999987,
    0.49999999989,0.749999998705,1.),.UNSPECIFIED.);
#1197 = CARTESIAN_POINT('',(-4.113468592264,-39.3055401077,100.));
#1198 = CARTESIAN_POINT('',(-4.429338658162,-39.63124116319,100.));
#1199 = CARTESIAN_POINT('',(-4.767531561945,-39.93530364214,100.));
#1200 = CARTESIAN_POINT('',(-5.126053802233,-40.21567407094,100.));
#1201 = CARTESIAN_POINT('',(-5.502669414766,-40.47060367358,100.));
#1202 = CARTESIAN_POINT('',(-6.284014926494,-40.92488503591,100.));
#1203 = CARTESIAN_POINT('',(-6.688509518884,-41.12467080509,100.));
#1204 = CARTESIAN_POINT('',(-7.105972814949,-41.29660697684,100.));
#1205 = CARTESIAN_POINT('',(-7.533842297606,-41.43963821038,100.));
#1206 = CARTESIAN_POINT('',(-8.406736266509,-41.66693602192,100.));
#1207 = CARTESIAN_POINT('',(-8.851836926086,-41.75096797806,100.));
#1208 = CARTESIAN_POINT('',(-9.301979857181,-41.80444382723,100.));
#1209 = CARTESIAN_POINT('',(-9.754379805711,-41.82703263537,100.));
#1210 = CARTESIAN_POINT('',(-10.65803917773,-41.81053702887,100.));
#1211 = CARTESIAN_POINT('',(-11.1093133194,-41.77145234997,100.));
#1212 = CARTESIAN_POINT('',(-11.55720468642,-41.70158358342,100.));
#1213 = CARTESIAN_POINT('',(-11.9989419927,-41.60136320379,100.));
#1214 = CARTESIAN_POINT('',(-12.43181618995,-41.47160181967,100.));
#1215 = PCURVE('',#43,#1216);
#1216 = DEFINITIONAL_REPRESENTATION('',(#1217),#1236);
#1217 = B_SPLINE_CURVE_WITH_KNOTS('',5,(#1218,#1219,#1220,#1221,#1222,
    #1223,#1224,#1225,#1226,#1227,#1228,#1229,#1230,#1231,#1232,#1233,
    #1234,#1235),.UNSPECIFIED.,.F.,.F.,(6,4,4,4,6),(0.,0.250999987,
    0.49999999989,0.749999998705,1.),.UNSPECIFIED.);
#1218 = CARTESIAN_POINT('',(-39.3055401077,4.113468592264));
#1219 = CARTESIAN_POINT('',(-39.63124116319,4.429338658162));
#1220 = CARTESIAN_POINT('',(-39.93530364214,4.767531561945));
#1221 = CARTESIAN_POINT('',(-40.21567407094,5.126053802233));
#1222 = CARTESIAN_POINT('',(-40.47060367358,5.502669414766));
#1223 = CARTESIAN_POINT('',(-40.92488503591,6.284014926494));
#1224 = CARTESIAN_POINT('',(-41.12467080509,6.688509518884));
#1225 = CARTESIAN_POINT('',(-41.29660697684,7.105972814949));
#1226 = CARTESIAN_POINT('',(-41.43963821038,7.533842297606));
#1227 = CARTESIAN_POINT('',(-41.66693602192,8.406736266509));
#1228 = CARTESIAN_POINT('',(-41.75096797806,8.851836926086));
#1229 = CARTESIAN_POINT('',(-41.80444382723,9.301979857181));
#1230 = CARTESIAN_POINT('',(-41.82703263537,9.754379805711));
#1231 = CARTESIAN_POINT('',(-41.81053702887,10.658039177734));
#1232 = CARTESIAN_POINT('',(-41.77145234997,11.1093133194));
#1233 = CARTESIAN_POINT('',(-41.70158358342,11.557204686422));
#1234 = CARTESIAN_POINT('',(-41.60136320379,11.9989419927));
#1235 = CARTESIAN_POINT('',(-41.47160181967,12.431816189954));
#1236 = ( GEOMETRIC_REPRESENTATION_CONTEXT(2) 
PARAMETRIC_REPRESENTATION_CONTEXT() REPRESENTATION_CONTEXT('2D SPACE',''
  ) );
#1237 = PCURVE('',#1238,#1255);
#1238 = B_SPLINE_SURFACE_WITH_KNOTS('',7,1,(
    (#1239,#1240)
    ,(#1241,#1242)
    ,(#1243,#1244)
    ,(#1245,#1246)
    ,(#1247,#1248)
    ,(#1249,#1250)
    ,(#1251,#1252)
    ,(#1253,#1254
    )),.UNSPECIFIED.,.F.,.F.,.F.,(8,8),(2,2),(1.279553340074,
    2.371516595438),(0.,1.),.PIECEWISE_BEZIER_KNOTS.);
#1239 = CARTESIAN_POINT('',(-9.762865002542,-32.56818181818,0.));
#1240 = CARTESIAN_POINT('',(-12.4851952137,-41.6496702197,102.));
#1241 = CARTESIAN_POINT('',(-8.791599557346,-32.8593351124,0.));
#1242 = CARTESIAN_POINT('',(-11.2430968456,-42.0220102771,102.));
#1243 = CARTESIAN_POINT('',(-7.767346117856,-32.97372346561,0.));
#1244 = CARTESIAN_POINT('',(-9.93323502359,-42.16829529893,102.));
#1245 = CARTESIAN_POINT('',(-6.728707871136,-32.89977897376,0.));
#1246 = CARTESIAN_POINT('',(-8.604977256701,-42.07373172405,
    101.99999999999));
#1247 = CARTESIAN_POINT('',(-5.717450716876,-32.63645198759,0.));
#1248 = CARTESIAN_POINT('',(-7.311735674552,-41.73697721331,102.));
#1249 = CARTESIAN_POINT('',(-4.774655696633,-32.19443983252,0.));
#1250 = CARTESIAN_POINT('',(-6.106046579069,-41.17171199235,102.));
#1251 = CARTESIAN_POINT('',(-3.936272486804,-31.59502895747,0.));
#1252 = CARTESIAN_POINT('',(-5.033884049331,-40.40515813892,102.));
#1253 = CARTESIAN_POINT('',(-3.230359743488,-30.86714572192,0.));
#1254 = CARTESIAN_POINT('',(-4.13113076924,-39.47430799542,102.));
#1255 = DEFINITIONAL_REPRESENTATION('',(#1256),#1275);
#1256 = B_SPLINE_CURVE_WITH_KNOTS('',5,(#1257,#1258,#1259,#1260,#1261,
    #1262,#1263,#1264,#1265,#1266,#1267,#1268,#1269,#1270,#1271,#1272,
    #1273,#1274),.UNSPECIFIED.,.F.,.F.,(6,4,4,4,6),(0.,0.250999987,
    0.49999999989,0.749999998705,1.),.UNSPECIFIED.);
#1257 = CARTESIAN_POINT('',(2.371516595438,0.980392156863));
#1258 = CARTESIAN_POINT('',(2.316700242512,0.980392156863));
#1259 = CARTESIAN_POINT('',(2.261882972146,0.980392156863));
#1260 = CARTESIAN_POINT('',(2.207067435027,0.980392156863));
#1261 = CARTESIAN_POINT('',(2.152250171601,0.980392156863));
#1262 = CARTESIAN_POINT('',(2.043054243142,0.980392156863));
#1263 = CARTESIAN_POINT('',(1.988673790716,0.980392156863));
#1264 = CARTESIAN_POINT('',(1.934294995845,0.980392156863));
#1265 = CARTESIAN_POINT('',(1.879914543326,0.980392156863));
#1266 = CARTESIAN_POINT('',(1.770937003403,0.980392156863));
#1267 = CARTESIAN_POINT('',(1.716338144644,0.980392156863));
#1268 = CARTESIAN_POINT('',(1.661740976544,0.980392156863));
#1269 = CARTESIAN_POINT('',(1.607142117891,0.980392156863));
#1270 = CARTESIAN_POINT('',(1.497946189398,0.980392156863));
#1271 = CARTESIAN_POINT('',(1.44334733242,0.980392156863));
#1272 = CARTESIAN_POINT('',(1.388750168157,0.980392156863));
#1273 = CARTESIAN_POINT('',(1.334151304282,0.980392156863));
#1274 = CARTESIAN_POINT('',(1.279553340074,0.980392156863));
#1275 = ( GEOMETRIC_REPRESENTATION_CONTEXT(2) 
PARAMETRIC_REPRESENTATION_CONTEXT() REPRESENTATION_CONTEXT('2D SPACE',''
  ) );
#1276 = ORIENTED_EDGE('',*,*,#1277,.F.);
#1277 = EDGE_CURVE('',#1278,#1193,#1280,.T.);
#1278 = VERTEX_POINT('',#1279);
#1279 = CARTESIAN_POINT('',(-14.31884536993,-40.85846887173,100.));
#1280 = SURFACE_CURVE('',#1281,(#1286,#1293),.PCURVE_S1.);
#1281 = CIRCLE('',#1282,43.294847398628);
#1282 = AXIS2_PLACEMENT_3D('',#1283,#1284,#1285);
#1283 = CARTESIAN_POINT('',(0.,-1.7763568394E-15,100.));
#1284 = DIRECTION('',(0.,-0.,1.));
#1285 = DIRECTION('',(0.951056516295,0.309016994375,0.));
#1286 = PCURVE('',#43,#1287);
#1287 = DEFINITIONAL_REPRESENTATION('',(#1288),#1292);
#1288 = CIRCLE('',#1289,43.294847398628);
#1289 = AXIS2_PLACEMENT_2D('',#1290,#1291);
#1290 = CARTESIAN_POINT('',(-1.7763568394E-15,-3.944304526105E-31));
#1291 = DIRECTION('',(0.309016994375,-0.951056516295));
#1292 = ( GEOMETRIC_REPRESENTATION_CONTEXT(2) 
PARAMETRIC_REPRESENTATION_CONTEXT() REPRESENTATION_CONTEXT('2D SPACE',''
  ) );
#1293 = PCURVE('',#1294,#1299);
#1294 = CONICAL_SURFACE('',#1295,34.,9.268217940919E-02);
#1295 = AXIS2_PLACEMENT_3D('',#1296,#1297,#1298);
#1296 = CARTESIAN_POINT('',(0.,-1.7763568394E-15,0.));
#1297 = DIRECTION('',(0.,-0.,1.));
#1298 = DIRECTION('',(0.951056516295,0.309016994375,0.));
#1299 = DEFINITIONAL_REPRESENTATION('',(#1300),#1304);
#1300 = LINE('',#1301,#1302);
#1301 = CARTESIAN_POINT('',(0.,100.));
#1302 = VECTOR('',#1303,1.);
#1303 = DIRECTION('',(1.,0.));
#1304 = ( GEOMETRIC_REPRESENTATION_CONTEXT(2) 
PARAMETRIC_REPRESENTATION_CONTEXT() REPRESENTATION_CONTEXT('2D SPACE',''
  ) );
#1305 = ORIENTED_EDGE('',*,*,#1306,.T.);
#1306 = EDGE_CURVE('',#1278,#1307,#1309,.T.);
#1307 = VERTEX_POINT('',#1308);
#1308 = CARTESIAN_POINT('',(-19.77535081173,-34.21668609452,100.));
#1309 = SURFACE_CURVE('',#1310,(#1329,#1351),.PCURVE_S1.);
#1310 = B_SPLINE_CURVE_WITH_KNOTS('',5,(#1311,#1312,#1313,#1314,#1315,
    #1316,#1317,#1318,#1319,#1320,#1321,#1322,#1323,#1324,#1325,#1326,
    #1327,#1328),.UNSPECIFIED.,.F.,.F.,(6,4,4,4,6),(0.,0.251999972536,
    0.500999985547,0.749999998566,1.),.UNSPECIFIED.);
#1311 = CARTESIAN_POINT('',(-14.31884536993,-40.85846887173,100.));
#1312 = CARTESIAN_POINT('',(-14.7487315256,-40.70781532157,100.));
#1313 = CARTESIAN_POINT('',(-15.16826073703,-40.52758532231,100.));
#1314 = CARTESIAN_POINT('',(-15.57470002074,-40.3187382094,100.));
#1315 = CARTESIAN_POINT('',(-15.96549420311,-40.08258675516,100.));
#1316 = CARTESIAN_POINT('',(-16.7066124919,-39.56211893095,100.));
#1317 = CARTESIAN_POINT('',(-17.05737502699,-39.27840098513,100.));
#1318 = CARTESIAN_POINT('',(-17.38827419814,-38.97124729521,100.));
#1319 = CARTESIAN_POINT('',(-17.69727889604,-38.64254328766,100.));
#1320 = CARTESIAN_POINT('',(-18.26795533155,-37.94635441904,100.));
#1321 = CARTESIAN_POINT('',(-18.5296362289,-37.57885838373,100.));
#1322 = CARTESIAN_POINT('',(-18.76588960686,-37.19412212064,100.));
#1323 = CARTESIAN_POINT('',(-18.97526523722,-36.79450721314,100.));
#1324 = CARTESIAN_POINT('',(-19.33873572564,-35.96897865905,100.));
#1325 = CARTESIAN_POINT('',(-19.49261109317,-35.54295244586,100.));
#1326 = CARTESIAN_POINT('',(-19.61712401119,-35.107079925,100.));
#1327 = CARTESIAN_POINT('',(-19.71150422017,-34.66405808761,100.));
#1328 = CARTESIAN_POINT('',(-19.77535081173,-34.21668609452,100.));
#1329 = PCURVE('',#43,#1330);
#1330 = DEFINITIONAL_REPRESENTATION('',(#1331),#1350);
#1331 = B_SPLINE_CURVE_WITH_KNOTS('',5,(#1332,#1333,#1334,#1335,#1336,
    #1337,#1338,#1339,#1340,#1341,#1342,#1343,#1344,#1345,#1346,#1347,
    #1348,#1349),.UNSPECIFIED.,.F.,.F.,(6,4,4,4,6),(0.,0.251999972536,
    0.500999985547,0.749999998566,1.),.UNSPECIFIED.);
#1332 = CARTESIAN_POINT('',(-40.85846887173,14.318845369932));
#1333 = CARTESIAN_POINT('',(-40.70781532157,14.748731525609));
#1334 = CARTESIAN_POINT('',(-40.52758532231,15.16826073703));
#1335 = CARTESIAN_POINT('',(-40.3187382094,15.574700020747));
#1336 = CARTESIAN_POINT('',(-40.08258675516,15.965494203116));
#1337 = CARTESIAN_POINT('',(-39.56211893095,16.706612491903));
#1338 = CARTESIAN_POINT('',(-39.27840098513,17.057375026991));
#1339 = CARTESIAN_POINT('',(-38.97124729521,17.388274198144));
#1340 = CARTESIAN_POINT('',(-38.64254328766,17.697278896042));
#1341 = CARTESIAN_POINT('',(-37.94635441904,18.267955331558));
#1342 = CARTESIAN_POINT('',(-37.57885838373,18.529636228906));
#1343 = CARTESIAN_POINT('',(-37.19412212064,18.765889606867));
#1344 = CARTESIAN_POINT('',(-36.79450721314,18.975265237224));
#1345 = CARTESIAN_POINT('',(-35.96897865905,19.33873572564));
#1346 = CARTESIAN_POINT('',(-35.54295244586,19.492611093176));
#1347 = CARTESIAN_POINT('',(-35.107079925,19.617124011191));
#1348 = CARTESIAN_POINT('',(-34.66405808761,19.711504220171));
#1349 = CARTESIAN_POINT('',(-34.21668609452,19.77535081173));
#1350 = ( GEOMETRIC_REPRESENTATION_CONTEXT(2) 
PARAMETRIC_REPRESENTATION_CONTEXT() REPRESENTATION_CONTEXT('2D SPACE',''
  ) );
#1351 = PCURVE('',#1352,#1369);
#1352 = B_SPLINE_SURFACE_WITH_KNOTS('',7,1,(
    (#1353,#1354)
    ,(#1355,#1356)
    ,(#1357,#1358)
    ,(#1359,#1360)
    ,(#1361,#1362)
    ,(#1363,#1364)
    ,(#1365,#1366)
    ,(#1367,#1368
    )),.UNSPECIFIED.,.F.,.F.,.F.,(8,8),(2,2),(0.141757527433,
    1.233720782797),(0.,1.),.PIECEWISE_BEZIER_KNOTS.);
#1353 = CARTESIAN_POINT('',(-15.52983710528,-26.8708032737,0.));
#1354 = CARTESIAN_POINT('',(-19.86026108585,-34.36360375093,102.));
#1355 = CARTESIAN_POINT('',(-15.38658073064,-27.87459828111,0.));
#1356 = CARTESIAN_POINT('',(-19.67705832698,-35.64730240074,102.));
#1357 = CARTESIAN_POINT('',(-15.06063933851,-28.85232115215,0.));
#1358 = CARTESIAN_POINT('',(-19.26022966982,-36.89765881831,
    101.99999999999));
#1359 = CARTESIAN_POINT('',(-14.557710371,-29.76407750615,0.));
#1360 = CARTESIAN_POINT('',(-18.61706126216,-38.06365425757,102.));
#1361 = CARTESIAN_POINT('',(-13.89436586652,-30.57151555459,0.));
#1362 = CARTESIAN_POINT('',(-17.76874617943,-39.09624270933,
    101.99999999999));
#1363 = CARTESIAN_POINT('',(-13.09755335571,-31.24183414902,0.));
#1364 = CARTESIAN_POINT('',(-16.74974614782,-39.95347657508,102.));
#1365 = CARTESIAN_POINT('',(-12.20167912957,-31.75133309366,0.));
#1366 = CARTESIAN_POINT('',(-15.60406149506,-40.60504696792,102.));
#1367 = CARTESIAN_POINT('',(-11.24477326586,-32.08668063541,0.));
#1368 = CARTESIAN_POINT('',(-14.38032681201,-41.03390463646,102.));
#1369 = DEFINITIONAL_REPRESENTATION('',(#1370),#1389);
#1370 = B_SPLINE_CURVE_WITH_KNOTS('',5,(#1371,#1372,#1373,#1374,#1375,
    #1376,#1377,#1378,#1379,#1380,#1381,#1382,#1383,#1384,#1385,#1386,
    #1387,#1388),.UNSPECIFIED.,.F.,.F.,(6,4,4,4,6),(0.,0.251999972536,
    0.500999985547,0.749999998566,1.),.UNSPECIFIED.);
#1371 = CARTESIAN_POINT('',(1.233720782797,0.980392156863));
#1372 = CARTESIAN_POINT('',(1.178686041214,0.980392156863));
#1373 = CARTESIAN_POINT('',(1.123650364141,0.980392156863));
#1374 = CARTESIAN_POINT('',(1.068616454474,0.980392156863));
#1375 = CARTESIAN_POINT('',(1.013580784386,0.980392156863));
#1376 = CARTESIAN_POINT('',(0.904166467237,0.980392156863));
#1377 = CARTESIAN_POINT('',(0.849786014805,0.980392156863));
#1378 = CARTESIAN_POINT('',(0.795407219938,0.980392156863));
#1379 = CARTESIAN_POINT('',(0.741026767429,0.980392156863));
#1380 = CARTESIAN_POINT('',(0.63226761629,0.980392156863));
#1381 = CARTESIAN_POINT('',(0.57788716376,0.980392156863));
#1382 = CARTESIAN_POINT('',(0.523508368887,0.980392156863));
#1383 = CARTESIAN_POINT('',(0.469127916465,0.980392156863));
#1384 = CARTESIAN_POINT('',(0.360150376757,0.980392156863));
#1385 = CARTESIAN_POINT('',(0.305551519779,0.980392156863));
#1386 = CARTESIAN_POINT('',(0.250954355516,0.980392156863));
#1387 = CARTESIAN_POINT('',(0.196355491641,0.980392156863));
#1388 = CARTESIAN_POINT('',(0.141757527433,0.980392156863));
#1389 = ( GEOMETRIC_REPRESENTATION_CONTEXT(2) 
PARAMETRIC_REPRESENTATION_CONTEXT() REPRESENTATION_CONTEXT('2D SPACE',''
  ) );
#1390 = ORIENTED_EDGE('',*,*,#1391,.T.);
#1391 = EDGE_CURVE('',#1307,#1392,#1394,.T.);
#1392 = VERTEX_POINT('',#1393);
#1393 = CARTESIAN_POINT('',(-26.43108280566,-29.38101374591,100.));
#1394 = SURFACE_CURVE('',#1395,(#1418,#1444),.PCURVE_S1.);
#1395 = B_SPLINE_CURVE_WITH_KNOTS('',6,(#1396,#1397,#1398,#1399,#1400,
    #1401,#1402,#1403,#1404,#1405,#1406,#1407,#1408,#1409,#1410,#1411,
    #1412,#1413,#1414,#1415,#1416,#1417),.UNSPECIFIED.,.F.,.F.,(7,5,5,5,
    7),(0.,0.250999932868,0.499999999354,0.74999999986,1.),
  .UNSPECIFIED.);
#1396 = CARTESIAN_POINT('',(-19.77535081173,-34.21668609452,100.));
#1397 = CARTESIAN_POINT('',(-19.82958663872,-33.83665656709,100.));
#1398 = CARTESIAN_POINT('',(-19.91437684211,-33.46096343013,100.));
#1399 = CARTESIAN_POINT('',(-20.02928259296,-33.09273008388,100.));
#1400 = CARTESIAN_POINT('',(-20.17343920214,-32.73493405141,100.));
#1401 = CARTESIAN_POINT('',(-20.34563120953,-32.39042771648,100.));
#1402 = CARTESIAN_POINT('',(-20.74122848401,-31.73600316182,100.));
#1403 = CARTESIAN_POINT('',(-20.96423883479,-31.42579141831,100.));
#1404 = CARTESIAN_POINT('',(-21.21166518782,-31.13390939178,100.));
#1405 = CARTESIAN_POINT('',(-21.48159615806,-30.86270432602,100.));
#1406 = CARTESIAN_POINT('',(-21.7718544112,-30.61427910958,100.));
#1407 = CARTESIAN_POINT('',(-22.38927385844,-30.16569762354,100.));
#1408 = CARTESIAN_POINT('',(-22.71661628226,-29.96571179709,100.));
#1409 = CARTESIAN_POINT('',(-23.05945582415,-29.79231745169,100.));
#1410 = CARTESIAN_POINT('',(-23.41508647699,-29.64695105089,100.));
#1411 = CARTESIAN_POINT('',(-23.78064999628,-29.53071548293,100.));
#1412 = CARTESIAN_POINT('',(-24.52556872309,-29.35790114677,100.));
#1413 = CARTESIAN_POINT('',(-24.90496960649,-29.30131178386,100.));
#1414 = CARTESIAN_POINT('',(-25.28827807815,-29.27525106112,100.));
#1415 = CARTESIAN_POINT('',(-25.67244225464,-29.279987235,100.));
#1416 = CARTESIAN_POINT('',(-26.05440008442,-29.31542185017,100.));
#1417 = CARTESIAN_POINT('',(-26.43108280566,-29.38101374591,100.));
#1418 = PCURVE('',#43,#1419);
#1419 = DEFINITIONAL_REPRESENTATION('',(#1420),#1443);
#1420 = B_SPLINE_CURVE_WITH_KNOTS('',6,(#1421,#1422,#1423,#1424,#1425,
    #1426,#1427,#1428,#1429,#1430,#1431,#1432,#1433,#1434,#1435,#1436,
    #1437,#1438,#1439,#1440,#1441,#1442),.UNSPECIFIED.,.F.,.F.,(7,5,5,5,
    7),(0.,0.250999932868,0.499999999354,0.74999999986,1.),
  .UNSPECIFIED.);
#1421 = CARTESIAN_POINT('',(-34.21668609452,19.77535081173));
#1422 = CARTESIAN_POINT('',(-33.83665656709,19.829586638722));
#1423 = CARTESIAN_POINT('',(-33.46096343013,19.914376842118));
#1424 = CARTESIAN_POINT('',(-33.09273008388,20.02928259296));
#1425 = CARTESIAN_POINT('',(-32.73493405141,20.173439202146));
#1426 = CARTESIAN_POINT('',(-32.39042771648,20.345631209532));
#1427 = CARTESIAN_POINT('',(-31.73600316182,20.741228484019));
#1428 = CARTESIAN_POINT('',(-31.42579141831,20.964238834792));
#1429 = CARTESIAN_POINT('',(-31.13390939178,21.211665187824));
#1430 = CARTESIAN_POINT('',(-30.86270432602,21.481596158066));
#1431 = CARTESIAN_POINT('',(-30.61427910958,21.771854411203));
#1432 = CARTESIAN_POINT('',(-30.16569762354,22.389273858447));
#1433 = CARTESIAN_POINT('',(-29.96571179709,22.716616282267));
#1434 = CARTESIAN_POINT('',(-29.79231745169,23.059455824153));
#1435 = CARTESIAN_POINT('',(-29.64695105089,23.41508647699));
#1436 = CARTESIAN_POINT('',(-29.53071548293,23.780649996286));
#1437 = CARTESIAN_POINT('',(-29.35790114677,24.52556872309));
#1438 = CARTESIAN_POINT('',(-29.30131178386,24.90496960649));
#1439 = CARTESIAN_POINT('',(-29.27525106112,25.288278078155));
#1440 = CARTESIAN_POINT('',(-29.279987235,25.672442254648));
#1441 = CARTESIAN_POINT('',(-29.31542185017,26.05440008442));
#1442 = CARTESIAN_POINT('',(-29.38101374591,26.431082805669));
#1443 = ( GEOMETRIC_REPRESENTATION_CONTEXT(2) 
PARAMETRIC_REPRESENTATION_CONTEXT() REPRESENTATION_CONTEXT('2D SPACE',''
  ) );
#1444 = PCURVE('',#1445,#1464);
#1445 = B_SPLINE_SURFACE_WITH_KNOTS('',8,1,(
    (#1446,#1447)
    ,(#1448,#1449)
    ,(#1450,#1451)
    ,(#1452,#1453)
    ,(#1454,#1455)
    ,(#1456,#1457)
    ,(#1458,#1459)
    ,(#1460,#1461)
    ,(#1462,#1463
    )),.UNSPECIFIED.,.F.,.F.,.F.,(9,9),(2,2),(2.340872384946,
    3.942312922233),(0.,1.),.PIECEWISE_BEZIER_KNOTS.);
#1446 = CARTESIAN_POINT('',(-20.75666896613,-23.07328764006,0.));
#1447 = CARTESIAN_POINT('',(-26.54457108245,-29.50716826803,102.));
#1448 = CARTESIAN_POINT('',(-19.86921264242,-22.9187545559,0.));
#1449 = CARTESIAN_POINT('',(-25.40965162569,-29.30954434082,102.));
#1450 = CARTESIAN_POINT('',(-18.94640229641,-22.96725150068,0.));
#1451 = CARTESIAN_POINT('',(-24.22951983935,-29.37156443662,
    101.99999999999));
#1452 = CARTESIAN_POINT('',(-18.04243096054,-23.22821273837,0.));
#1453 = CARTESIAN_POINT('',(-23.0734802349,-29.70529352076,102.));
#1454 = CARTESIAN_POINT('',(-17.21449888363,-23.69372503341,0.));
#1455 = CARTESIAN_POINT('',(-22.01468308865,-30.30061178812,
    101.99999999999));
#1456 = CARTESIAN_POINT('',(-16.51592530007,-24.33728401994,0.));
#1457 = CARTESIAN_POINT('',(-21.12131545941,-31.12362425182,102.));
#1458 = CARTESIAN_POINT('',(-15.98839390925,-25.11637039214,0.));
#1459 = CARTESIAN_POINT('',(-20.44668435532,-32.11995529222,
    101.99999999999));
#1460 = CARTESIAN_POINT('',(-15.6571064944,-25.97902880491,0.));
#1461 = CARTESIAN_POINT('',(-20.02301896149,-33.2231620541,102.));
#1462 = CARTESIAN_POINT('',(-15.52983710528,-26.8708032737,0.));
#1463 = CARTESIAN_POINT('',(-19.86026108585,-34.36360375093,102.));
#1464 = DEFINITIONAL_REPRESENTATION('',(#1465),#1488);
#1465 = B_SPLINE_CURVE_WITH_KNOTS('',6,(#1466,#1467,#1468,#1469,#1470,
    #1471,#1472,#1473,#1474,#1475,#1476,#1477,#1478,#1479,#1480,#1481,
    #1482,#1483,#1484,#1485,#1486,#1487),.UNSPECIFIED.,.F.,.F.,(7,5,5,5,
    7),(0.,0.250999932868,0.499999999354,0.74999999986,1.),
  .UNSPECIFIED.);
#1466 = CARTESIAN_POINT('',(3.942312922233,0.980392156863));
#1467 = CARTESIAN_POINT('',(3.875320475197,0.980392156863));
#1468 = CARTESIAN_POINT('',(3.808323900949,0.980392156863));
#1469 = CARTESIAN_POINT('',(3.741332136225,0.980392156863));
#1470 = CARTESIAN_POINT('',(3.674340377661,0.980392156863));
#1471 = CARTESIAN_POINT('',(3.607343795305,0.980392156863));
#1472 = CARTESIAN_POINT('',(3.473892668289,0.980392156863));
#1473 = CARTESIAN_POINT('',(3.407430017711,0.980392156863));
#1474 = CARTESIAN_POINT('',(3.340972005248,0.980392156863));
#1475 = CARTESIAN_POINT('',(3.274513989728,0.980392156863));
#1476 = CARTESIAN_POINT('',(3.208051335091,0.980392156863));
#1477 = CARTESIAN_POINT('',(3.074867087434,0.980392156863));
#1478 = CARTESIAN_POINT('',(3.008137468467,0.980392156863));
#1479 = CARTESIAN_POINT('',(2.941412581655,0.980392156863));
#1480 = CARTESIAN_POINT('',(2.874687697935,0.980392156863));
#1481 = CARTESIAN_POINT('',(2.807958083032,0.980392156863));
#1482 = CARTESIAN_POINT('',(2.674506955602,0.980392156863));
#1483 = CARTESIAN_POINT('',(2.607777338446,0.980392156863));
#1484 = CARTESIAN_POINT('',(2.541052450592,0.980392156863));
#1485 = CARTESIAN_POINT('',(2.474327556752,0.980392156863));
#1486 = CARTESIAN_POINT('',(2.407597947701,0.980392156863));
#1487 = CARTESIAN_POINT('',(2.340872384946,0.980392156863));
#1488 = ( GEOMETRIC_REPRESENTATION_CONTEXT(2) 
PARAMETRIC_REPRESENTATION_CONTEXT() REPRESENTATION_CONTEXT('2D SPACE',''
  ) );
#1489 = ORIENTED_EDGE('',*,*,#1490,.T.);
#1490 = EDGE_CURVE('',#1392,#1491,#1493,.T.);
#1491 = VERTEX_POINT('',#1492);
#1492 = CARTESIAN_POINT('',(-34.43394650717,-26.2439924404,100.));
#1493 = SURFACE_CURVE('',#1494,(#1513,#1535),.PCURVE_S1.);
#1494 = B_SPLINE_CURVE_WITH_KNOTS('',5,(#1495,#1496,#1497,#1498,#1499,
    #1500,#1501,#1502,#1503,#1504,#1505,#1506,#1507,#1508,#1509,#1510,
    #1511,#1512),.UNSPECIFIED.,.F.,.F.,(6,4,4,4,6),(0.,0.250999987,
    0.49999999989,0.749999998705,1.),.UNSPECIFIED.);
#1495 = CARTESIAN_POINT('',(-26.43108280566,-29.38101374591,100.));
#1496 = CARTESIAN_POINT('',(-26.87806933406,-29.45884766851,100.));
#1497 = CARTESIAN_POINT('',(-27.3303965815,-29.50605458006,100.));
#1498 = CARTESIAN_POINT('',(-27.78524476998,-29.52214493622,100.));
#1499 = CARTESIAN_POINT('',(-28.23977706167,-29.5070182143,100.));
#1500 = CARTESIAN_POINT('',(-29.13891874431,-29.41527618791,100.));
#1501 = CARTESIAN_POINT('',(-29.58359287243,-29.33915031437,100.));
#1502 = CARTESIAN_POINT('',(-30.02238931956,-29.23287083047,100.));
#1503 = CARTESIAN_POINT('',(-30.4526146521,-29.09709015731,100.));
#1504 = CARTESIAN_POINT('',(-31.29240300873,-28.7679037479,100.));
#1505 = CARTESIAN_POINT('',(-31.70188975108,-28.574263425,100.));
#1506 = CARTESIAN_POINT('',(-32.09749534773,-28.35293891945,100.));
#1507 = CARTESIAN_POINT('',(-32.47677196264,-28.10529963123,100.));
#1508 = CARTESIAN_POINT('',(-33.19815187749,-27.56079675327,100.));
#1509 = CARTESIAN_POINT('',(-33.54026692938,-27.26392429861,100.));
#1510 = CARTESIAN_POINT('',(-33.86155082636,-26.94413533893,100.));
#1511 = CARTESIAN_POINT('',(-34.16001575306,-26.60340867461,100.));
#1512 = CARTESIAN_POINT('',(-34.43394650717,-26.2439924404,100.));
#1513 = PCURVE('',#43,#1514);
#1514 = DEFINITIONAL_REPRESENTATION('',(#1515),#1534);
#1515 = B_SPLINE_CURVE_WITH_KNOTS('',5,(#1516,#1517,#1518,#1519,#1520,
    #1521,#1522,#1523,#1524,#1525,#1526,#1527,#1528,#1529,#1530,#1531,
    #1532,#1533),.UNSPECIFIED.,.F.,.F.,(6,4,4,4,6),(0.,0.250999987,
    0.49999999989,0.749999998705,1.),.UNSPECIFIED.);
#1516 = CARTESIAN_POINT('',(-29.38101374591,26.431082805669));
#1517 = CARTESIAN_POINT('',(-29.45884766851,26.878069334064));
#1518 = CARTESIAN_POINT('',(-29.50605458006,27.330396581508));
#1519 = CARTESIAN_POINT('',(-29.52214493622,27.785244769986));
#1520 = CARTESIAN_POINT('',(-29.5070182143,28.239777061679));
#1521 = CARTESIAN_POINT('',(-29.41527618791,29.138918744314));
#1522 = CARTESIAN_POINT('',(-29.33915031437,29.583592872433));
#1523 = CARTESIAN_POINT('',(-29.23287083047,30.022389319568));
#1524 = CARTESIAN_POINT('',(-29.09709015731,30.452614652102));
#1525 = CARTESIAN_POINT('',(-28.7679037479,31.292403008738));
#1526 = CARTESIAN_POINT('',(-28.574263425,31.701889751081));
#1527 = CARTESIAN_POINT('',(-28.35293891945,32.097495347731));
#1528 = CARTESIAN_POINT('',(-28.10529963123,32.47677196264));
#1529 = CARTESIAN_POINT('',(-27.56079675327,33.198151877499));
#1530 = CARTESIAN_POINT('',(-27.26392429861,33.540266929381));
#1531 = CARTESIAN_POINT('',(-26.94413533893,33.861550826365));
#1532 = CARTESIAN_POINT('',(-26.60340867461,34.160015753065));
#1533 = CARTESIAN_POINT('',(-26.2439924404,34.43394650717));
#1534 = ( GEOMETRIC_REPRESENTATION_CONTEXT(2) 
PARAMETRIC_REPRESENTATION_CONTEXT() REPRESENTATION_CONTEXT('2D SPACE',''
  ) );
#1535 = PCURVE('',#1536,#1553);
#1536 = B_SPLINE_SURFACE_WITH_KNOTS('',7,1,(
    (#1537,#1538)
    ,(#1539,#1540)
    ,(#1541,#1542)
    ,(#1543,#1544)
    ,(#1545,#1546)
    ,(#1547,#1548)
    ,(#1549,#1550)
    ,(#1551,#1552
    )),.UNSPECIFIED.,.F.,.F.,.F.,(8,8),(2,2),(0.651234809356,
    1.74319806472),(0.,1.),.PIECEWISE_BEZIER_KNOTS.);
#1537 = CARTESIAN_POINT('',(-27.04142066755,-20.60974449818,0.));
#1538 = CARTESIAN_POINT('',(-34.58179702396,-26.35667739924,102.));
#1539 = CARTESIAN_POINT('',(-26.42678602883,-21.41618796592,0.));
#1540 = CARTESIAN_POINT('',(-33.79577433006,-27.38799393603,102.));
#1541 = CARTESIAN_POINT('',(-25.66538337679,-22.11077115397,0.));
#1542 = CARTESIAN_POINT('',(-32.82205803423,-28.27625846623,102.));
#1543 = CARTESIAN_POINT('',(-24.78164390239,-22.66144504731,0.));
#1544 = CARTESIAN_POINT('',(-31.69189185319,-28.98048525373,102.));
#1545 = CARTESIAN_POINT('',(-23.80873995991,-23.04281108197,0.));
#1546 = CARTESIAN_POINT('',(-30.44769810034,-29.46819346125,102.));
#1547 = CARTESIAN_POINT('',(-22.78619454024,-23.23937674564,0.));
#1548 = CARTESIAN_POINT('',(-29.14002057165,-29.71957056033,102.));
#1549 = CARTESIAN_POINT('',(-21.75560340327,-23.24723244761,0.));
#1550 = CARTESIAN_POINT('',(-27.82205381422,-29.72961678884,102.));
#1551 = CARTESIAN_POINT('',(-20.75666896613,-23.07328764006,0.));
#1552 = CARTESIAN_POINT('',(-26.54457108245,-29.50716826803,102.));
#1553 = DEFINITIONAL_REPRESENTATION('',(#1554),#1573);
#1554 = B_SPLINE_CURVE_WITH_KNOTS('',5,(#1555,#1556,#1557,#1558,#1559,
    #1560,#1561,#1562,#1563,#1564,#1565,#1566,#1567,#1568,#1569,#1570,
    #1571,#1572),.UNSPECIFIED.,.F.,.F.,(6,4,4,4,6),(0.,0.250999987,
    0.49999999989,0.749999998705,1.),.UNSPECIFIED.);
#1555 = CARTESIAN_POINT('',(1.74319806472,0.980392156863));
#1556 = CARTESIAN_POINT('',(1.688381711794,0.980392156863));
#1557 = CARTESIAN_POINT('',(1.633564441428,0.980392156863));
#1558 = CARTESIAN_POINT('',(1.578748904309,0.980392156863));
#1559 = CARTESIAN_POINT('',(1.523931640883,0.980392156863));
#1560 = CARTESIAN_POINT('',(1.414735712424,0.980392156863));
#1561 = CARTESIAN_POINT('',(1.360355259998,0.980392156863));
#1562 = CARTESIAN_POINT('',(1.305976465127,0.980392156863));
#1563 = CARTESIAN_POINT('',(1.251596012608,0.980392156863));
#1564 = CARTESIAN_POINT('',(1.142618472685,0.980392156863));
#1565 = CARTESIAN_POINT('',(1.088019613926,0.980392156863));
#1566 = CARTESIAN_POINT('',(1.033422445826,0.980392156863));
#1567 = CARTESIAN_POINT('',(0.978823587173,0.980392156863));
#1568 = CARTESIAN_POINT('',(0.86962765868,0.980392156863));
#1569 = CARTESIAN_POINT('',(0.815028801702,0.980392156863));
#1570 = CARTESIAN_POINT('',(0.760431637439,0.980392156863));
#1571 = CARTESIAN_POINT('',(0.705832773564,0.980392156863));
#1572 = CARTESIAN_POINT('',(0.651234809356,0.980392156863));
#1573 = ( GEOMETRIC_REPRESENTATION_CONTEXT(2) 
PARAMETRIC_REPRESENTATION_CONTEXT() REPRESENTATION_CONTEXT('2D SPACE',''
  ) );
#1574 = ORIENTED_EDGE('',*,*,#1575,.F.);
#1575 = EDGE_CURVE('',#1576,#1491,#1578,.T.);
#1576 = VERTEX_POINT('',#1577);
#1577 = CARTESIAN_POINT('',(-35.60019467815,-24.63878954307,100.));
#1578 = SURFACE_CURVE('',#1579,(#1584,#1591),.PCURVE_S1.);
#1579 = CIRCLE('',#1580,43.294847398628);
#1580 = AXIS2_PLACEMENT_3D('',#1581,#1582,#1583);
#1581 = CARTESIAN_POINT('',(0.,-1.7763568394E-15,100.));
#1582 = DIRECTION('',(0.,-0.,1.));
#1583 = DIRECTION('',(0.951056516295,0.309016994375,0.));
#1584 = PCURVE('',#43,#1585);
#1585 = DEFINITIONAL_REPRESENTATION('',(#1586),#1590);
#1586 = CIRCLE('',#1587,43.294847398628);
#1587 = AXIS2_PLACEMENT_2D('',#1588,#1589);
#1588 = CARTESIAN_POINT('',(-1.7763568394E-15,-3.944304526105E-31));
#1589 = DIRECTION('',(0.309016994375,-0.951056516295));
#1590 = ( GEOMETRIC_REPRESENTATION_CONTEXT(2) 
PARAMETRIC_REPRESENTATION_CONTEXT() REPRESENTATION_CONTEXT('2D SPACE',''
  ) );
#1591 = PCURVE('',#1592,#1597);
#1592 = CONICAL_SURFACE('',#1593,34.,9.268217940919E-02);
#1593 = AXIS2_PLACEMENT_3D('',#1594,#1595,#1596);
#1594 = CARTESIAN_POINT('',(0.,-1.7763568394E-15,0.));
#1595 = DIRECTION('',(0.,-0.,1.));
#1596 = DIRECTION('',(0.951056516295,0.309016994375,0.));
#1597 = DEFINITIONAL_REPRESENTATION('',(#1598),#1602);
#1598 = LINE('',#1599,#1600);
#1599 = CARTESIAN_POINT('',(0.,100.));
#1600 = VECTOR('',#1601,1.);
#1601 = DIRECTION('',(1.,0.));
#1602 = ( GEOMETRIC_REPRESENTATION_CONTEXT(2) 
PARAMETRIC_REPRESENTATION_CONTEXT() REPRESENTATION_CONTEXT('2D SPACE',''
  ) );
#1603 = ORIENTED_EDGE('',*,*,#1604,.T.);
#1604 = EDGE_CURVE('',#1576,#1605,#1607,.T.);
#1605 = VERTEX_POINT('',#1606);
#1606 = CARTESIAN_POINT('',(-36.11065834509,-16.05822097561,100.));
#1607 = SURFACE_CURVE('',#1608,(#1627,#1649),.PCURVE_S1.);
#1608 = B_SPLINE_CURVE_WITH_KNOTS('',5,(#1609,#1610,#1611,#1612,#1613,
    #1614,#1615,#1616,#1617,#1618,#1619,#1620,#1621,#1622,#1623,#1624,
    #1625,#1626),.UNSPECIFIED.,.F.,.F.,(6,4,4,4,6),(0.,0.251999972536,
    0.500999985547,0.749999998566,1.),.UNSPECIFIED.);
#1609 = CARTESIAN_POINT('',(-35.60019467815,-24.63878954307,100.));
#1610 = CARTESIAN_POINT('',(-35.85942794875,-24.26422751825,100.));
#1611 = CARTESIAN_POINT('',(-36.09289767485,-23.87182530258,100.));
#1612 = CARTESIAN_POINT('',(-36.2989567096,-23.46396542209,100.));
#1613 = CARTESIAN_POINT('',(-36.47630950233,-23.04321182528,100.));
#1614 = CARTESIAN_POINT('',(-36.76996348144,-22.18652611012,100.));
#1615 = CARTESIAN_POINT('',(-36.88697110895,-21.75082042516,100.));
#1616 = CARTESIAN_POINT('',(-36.97413375272,-21.30783021733,100.));
#1617 = CARTESIAN_POINT('',(-37.03091643665,-20.86027468478,100.));
#1618 = CARTESIAN_POINT('',(-37.08339382149,-19.96161086615,100.));
#1619 = CARTESIAN_POINT('',(-37.07908936471,-19.51048815595,100.));
#1620 = CARTESIAN_POINT('',(-37.04408006099,-19.06036372939,100.));
#1621 = CARTESIAN_POINT('',(-36.97858075494,-18.6140005703,100.));
#1622 = CARTESIAN_POINT('',(-36.78740104758,-17.73249134797,100.));
#1623 = CARTESIAN_POINT('',(-36.66147690973,-17.29738322972,100.));
#1624 = CARTESIAN_POINT('',(-36.50601053678,-16.87156809603,100.));
#1625 = CARTESIAN_POINT('',(-36.32196402732,-16.45768060576,100.));
#1626 = CARTESIAN_POINT('',(-36.11065834509,-16.05822097561,100.));
#1627 = PCURVE('',#43,#1628);
#1628 = DEFINITIONAL_REPRESENTATION('',(#1629),#1648);
#1629 = B_SPLINE_CURVE_WITH_KNOTS('',5,(#1630,#1631,#1632,#1633,#1634,
    #1635,#1636,#1637,#1638,#1639,#1640,#1641,#1642,#1643,#1644,#1645,
    #1646,#1647),.UNSPECIFIED.,.F.,.F.,(6,4,4,4,6),(0.,0.251999972536,
    0.500999985547,0.749999998566,1.),.UNSPECIFIED.);
#1630 = CARTESIAN_POINT('',(-24.63878954307,35.600194678159));
#1631 = CARTESIAN_POINT('',(-24.26422751825,35.859427948756));
#1632 = CARTESIAN_POINT('',(-23.87182530258,36.092897674852));
#1633 = CARTESIAN_POINT('',(-23.46396542209,36.298956709608));
#1634 = CARTESIAN_POINT('',(-23.04321182528,36.476309502337));
#1635 = CARTESIAN_POINT('',(-22.18652611012,36.769963481443));
#1636 = CARTESIAN_POINT('',(-21.75082042516,36.886971108957));
#1637 = CARTESIAN_POINT('',(-21.30783021733,36.974133752723));
#1638 = CARTESIAN_POINT('',(-20.86027468478,37.030916436653));
#1639 = CARTESIAN_POINT('',(-19.96161086615,37.08339382149));
#1640 = CARTESIAN_POINT('',(-19.51048815595,37.079089364715));
#1641 = CARTESIAN_POINT('',(-19.06036372939,37.044080060998));
#1642 = CARTESIAN_POINT('',(-18.6140005703,36.978580754942));
#1643 = CARTESIAN_POINT('',(-17.73249134797,36.787401047582));
#1644 = CARTESIAN_POINT('',(-17.29738322972,36.661476909731));
#1645 = CARTESIAN_POINT('',(-16.87156809603,36.506010536784));
#1646 = CARTESIAN_POINT('',(-16.45768060576,36.32196402732));
#1647 = CARTESIAN_POINT('',(-16.05822097561,36.110658345096));
#1648 = ( GEOMETRIC_REPRESENTATION_CONTEXT(2) 
PARAMETRIC_REPRESENTATION_CONTEXT() REPRESENTATION_CONTEXT('2D SPACE',''
  ) );
#1649 = PCURVE('',#1650,#1667);
#1650 = B_SPLINE_SURFACE_WITH_KNOTS('',7,1,(
    (#1651,#1652)
    ,(#1653,#1654)
    ,(#1655,#1656)
    ,(#1657,#1658)
    ,(#1659,#1660)
    ,(#1661,#1662)
    ,(#1663,#1664)
    ,(#1665,#1666
    )),.UNSPECIFIED.,.F.,.F.,.F.,(8,8),(2,2),(-0.486561003285,
    0.605402252079),(0.,1.),.PIECEWISE_BEZIER_KNOTS.);
#1651 = CARTESIAN_POINT('',(-28.35816401958,-12.61072727994,0.));
#1652 = CARTESIAN_POINT('',(-36.2657082316,-16.12717084952,102.));
#1653 = CARTESIAN_POINT('',(-28.83228307962,-13.50701848411,0.));
#1654 = CARTESIAN_POINT('',(-36.872033221,-17.27338875272,102.));
#1655 = CARTESIAN_POINT('',(-29.14328203864,-14.48959644598,0.));
#1656 = CARTESIAN_POINT('',(-37.26975281598,-18.52995408097,102.));
#1657 = CARTESIAN_POINT('',(-29.27232089554,-15.52283706115,0.));
#1658 = CARTESIAN_POINT('',(-37.43477356737,-19.85130911146,
    101.99999999999));
#1659 = CARTESIAN_POINT('',(-29.2102640953,-16.56597228116,0.));
#1660 = CARTESIAN_POINT('',(-37.35541251248,-21.18531781206,102.));
#1661 = CARTESIAN_POINT('',(-28.95963261687,-17.5766260584,0.));
#1662 = CARTESIAN_POINT('',(-37.03489359369,-22.47778776826,
    101.99999999999));
#1663 = CARTESIAN_POINT('',(-28.53433110881,-18.51540102126,0.));
#1664 = CARTESIAN_POINT('',(-36.49099870716,-23.67833583177,102.));
#1665 = CARTESIAN_POINT('',(-27.95729034249,-19.34915803608,0.));
#1666 = CARTESIAN_POINT('',(-35.75305276487,-24.74458217321,102.));
#1667 = DEFINITIONAL_REPRESENTATION('',(#1668),#1687);
#1668 = B_SPLINE_CURVE_WITH_KNOTS('',5,(#1669,#1670,#1671,#1672,#1673,
    #1674,#1675,#1676,#1677,#1678,#1679,#1680,#1681,#1682,#1683,#1684,
    #1685,#1686),.UNSPECIFIED.,.F.,.F.,(6,4,4,4,6),(0.,0.251999972536,
    0.500999985547,0.749999998566,1.),.UNSPECIFIED.);
#1669 = CARTESIAN_POINT('',(0.605402252079,0.980392156863));
#1670 = CARTESIAN_POINT('',(0.550367510496,0.980392156863));
#1671 = CARTESIAN_POINT('',(0.495331833423,0.980392156863));
#1672 = CARTESIAN_POINT('',(0.440297923756,0.980392156863));
#1673 = CARTESIAN_POINT('',(0.385262253668,0.980392156863));
#1674 = CARTESIAN_POINT('',(0.275847936519,0.980392156863));
#1675 = CARTESIAN_POINT('',(0.221467484088,0.980392156863));
#1676 = CARTESIAN_POINT('',(0.16708868922,0.980392156863));
#1677 = CARTESIAN_POINT('',(0.112708236711,0.980392156863));
#1678 = CARTESIAN_POINT('',(3.949085572002E-03,0.980392156863));
#1679 = CARTESIAN_POINT('',(-5.04313669578E-02,0.980392156863));
#1680 = CARTESIAN_POINT('',(-0.104810161831,0.980392156863));
#1681 = CARTESIAN_POINT('',(-0.159190614253,0.980392156863));
#1682 = CARTESIAN_POINT('',(-0.268168153961,0.980392156863));
#1683 = CARTESIAN_POINT('',(-0.322767010939,0.980392156863));
#1684 = CARTESIAN_POINT('',(-0.377364175202,0.980392156863));
#1685 = CARTESIAN_POINT('',(-0.431963039077,0.980392156863));
#1686 = CARTESIAN_POINT('',(-0.486561003285,0.980392156863));
#1687 = ( GEOMETRIC_REPRESENTATION_CONTEXT(2) 
PARAMETRIC_REPRESENTATION_CONTEXT() REPRESENTATION_CONTEXT('2D SPACE',''
  ) );
#1688 = ORIENTED_EDGE('',*,*,#1689,.T.);
#1689 = EDGE_CURVE('',#1605,#1690,#1692,.T.);
#1690 = VERTEX_POINT('',#1691);
#1691 = CARTESIAN_POINT('',(-38.65292174677,-8.233938757119,100.));
#1692 = SURFACE_CURVE('',#1693,(#1716,#1742),.PCURVE_S1.);
#1693 = B_SPLINE_CURVE_WITH_KNOTS('',6,(#1694,#1695,#1696,#1697,#1698,
    #1699,#1700,#1701,#1702,#1703,#1704,#1705,#1706,#1707,#1708,#1709,
    #1710,#1711,#1712,#1713,#1714,#1715),.UNSPECIFIED.,.F.,.F.,(7,5,5,5,
    7),(0.,0.250999932868,0.499999999354,0.749999999861,1.),
  .UNSPECIFIED.);
#1694 = CARTESIAN_POINT('',(-36.11065834509,-16.05822097561,100.));
#1695 = CARTESIAN_POINT('',(-35.93116029917,-15.7188916103,100.));
#1696 = CARTESIAN_POINT('',(-35.77893012939,-15.36511104674,100.));
#1697 = CARTESIAN_POINT('',(-35.65544870424,-14.99966410598,100.));
#1698 = CARTESIAN_POINT('',(-35.56176661971,-14.62546790629,100.));
#1699 = CARTESIAN_POINT('',(-35.49857713699,-14.24554450416,100.));
#1700 = CARTESIAN_POINT('',(-35.43396095301,-13.48357767411,100.));
#1701 = CARTESIAN_POINT('',(-35.43204222878,-13.10152890647,100.));
#1702 = CARTESIAN_POINT('',(-35.46065040264,-12.71995782531,100.));
#1703 = CARTESIAN_POINT('',(-35.51961880687,-12.34188687471,100.));
#1704 = CARTESIAN_POINT('',(-35.6084219879,-11.97029713222,100.));
#1705 = CARTESIAN_POINT('',(-35.84425523143,-11.24447704109,100.));
#1706 = CARTESIAN_POINT('',(-35.99153209582,-10.89027805968,100.));
#1707 = CARTESIAN_POINT('',(-36.1669764725,-10.54848306091,100.));
#1708 = CARTESIAN_POINT('',(-36.36924348779,-10.22184471924,100.));
#1709 = CARTESIAN_POINT('',(-36.59666903479,-9.912935324002,100.));
#1710 = CARTESIAN_POINT('',(-37.09774322602,-9.335273347405,100.));
#1711 = CARTESIAN_POINT('',(-37.37142259542,-9.066485347137,100.));
#1712 = CARTESIAN_POINT('',(-37.66620755459,-8.820098712834,100.));
#1713 = CARTESIAN_POINT('',(-37.97978675516,-8.598124320587,100.));
#1714 = CARTESIAN_POINT('',(-38.3096250748,-8.402282347112,100.));
#1715 = CARTESIAN_POINT('',(-38.65292174677,-8.233938757119,100.));
#1716 = PCURVE('',#43,#1717);
#1717 = DEFINITIONAL_REPRESENTATION('',(#1718),#1741);
#1718 = B_SPLINE_CURVE_WITH_KNOTS('',6,(#1719,#1720,#1721,#1722,#1723,
    #1724,#1725,#1726,#1727,#1728,#1729,#1730,#1731,#1732,#1733,#1734,
    #1735,#1736,#1737,#1738,#1739,#1740),.UNSPECIFIED.,.F.,.F.,(7,5,5,5,
    7),(0.,0.250999932868,0.499999999354,0.749999999861,1.),
  .UNSPECIFIED.);
#1719 = CARTESIAN_POINT('',(-16.05822097561,36.110658345096));
#1720 = CARTESIAN_POINT('',(-15.7188916103,35.931160299178));
#1721 = CARTESIAN_POINT('',(-15.36511104674,35.778930129392));
#1722 = CARTESIAN_POINT('',(-14.99966410598,35.655448704248));
#1723 = CARTESIAN_POINT('',(-14.62546790629,35.561766619712));
#1724 = CARTESIAN_POINT('',(-14.24554450416,35.498577136991));
#1725 = CARTESIAN_POINT('',(-13.48357767411,35.433960953011));
#1726 = CARTESIAN_POINT('',(-13.10152890647,35.432042228789));
#1727 = CARTESIAN_POINT('',(-12.71995782531,35.460650402644));
#1728 = CARTESIAN_POINT('',(-12.34188687471,35.519618806878));
#1729 = CARTESIAN_POINT('',(-11.97029713222,35.6084219879));
#1730 = CARTESIAN_POINT('',(-11.24447704109,35.844255231432));
#1731 = CARTESIAN_POINT('',(-10.89027805968,35.991532095828));
#1732 = CARTESIAN_POINT('',(-10.54848306091,36.166976472503));
#1733 = CARTESIAN_POINT('',(-10.22184471924,36.369243487797));
#1734 = CARTESIAN_POINT('',(-9.912935324002,36.596669034793));
#1735 = CARTESIAN_POINT('',(-9.335273347405,37.097743226026));
#1736 = CARTESIAN_POINT('',(-9.066485347137,37.371422595424));
#1737 = CARTESIAN_POINT('',(-8.820098712834,37.666207554593));
#1738 = CARTESIAN_POINT('',(-8.598124320587,37.979786755169));
#1739 = CARTESIAN_POINT('',(-8.402282347112,38.309625074804));
#1740 = CARTESIAN_POINT('',(-8.233938757119,38.652921746771));
#1741 = ( GEOMETRIC_REPRESENTATION_CONTEXT(2) 
PARAMETRIC_REPRESENTATION_CONTEXT() REPRESENTATION_CONTEXT('2D SPACE',''
  ) );
#1742 = PCURVE('',#1743,#1762);
#1743 = B_SPLINE_SURFACE_WITH_KNOTS('',8,1,(
    (#1744,#1745)
    ,(#1746,#1747)
    ,(#1748,#1749)
    ,(#1750,#1751)
    ,(#1752,#1753)
    ,(#1754,#1755)
    ,(#1756,#1757)
    ,(#1758,#1759)
    ,(#1760,#1761
    )),.UNSPECIFIED.,.F.,.F.,.F.,(9,9),(2,2),(2.340872384946,
    3.942312922233),(0.,1.),.PIECEWISE_BEZIER_KNOTS.);
#1744 = CARTESIAN_POINT('',(-30.35463613695,-6.466217911901,0.));
#1745 = CARTESIAN_POINT('',(-38.81888745896,-8.269293174023,102.));
#1746 = CARTESIAN_POINT('',(-29.54583662144,-6.862831759758,0.));
#1747 = CARTESIAN_POINT('',(-37.78455790128,-8.77650097764,102.));
#1748 = CARTESIAN_POINT('',(-28.82777315785,-7.444480924303,0.));
#1749 = CARTESIAN_POINT('',(-36.86626572819,-9.520340348906,
    101.99999999999));
#1750 = CARTESIAN_POINT('',(-28.24983415164,-8.186944020189,0.));
#1751 = CARTESIAN_POINT('',(-36.12717107593,-10.46983588005,102.));
#1752 = CARTESIAN_POINT('',(-27.85364429302,-9.050197642668,0.));
#1753 = CARTESIAN_POINT('',(-35.620505489,-11.57380382314,
    101.99999999999));
#1754 = CARTESIAN_POINT('',(-27.66676087336,-9.981459049719,0.));
#1755 = CARTESIAN_POINT('',(-35.38151048333,-12.7647432102,102.));
#1756 = CARTESIAN_POINT('',(-27.69791449296,-10.92182833655,0.));
#1757 = CARTESIAN_POINT('',(-35.42135114714,-13.96733016762,
    101.99999999999));
#1758 = CARTESIAN_POINT('',(-27.93695523712,-11.81445950954,0.));
#1759 = CARTESIAN_POINT('',(-35.72704730846,-15.1088674567,102.));
#1760 = CARTESIAN_POINT('',(-28.35816401958,-12.61072727994,0.));
#1761 = CARTESIAN_POINT('',(-36.2657082316,-16.12717084952,102.));
#1762 = DEFINITIONAL_REPRESENTATION('',(#1763),#1786);
#1763 = B_SPLINE_CURVE_WITH_KNOTS('',6,(#1764,#1765,#1766,#1767,#1768,
    #1769,#1770,#1771,#1772,#1773,#1774,#1775,#1776,#1777,#1778,#1779,
    #1780,#1781,#1782,#1783,#1784,#1785),.UNSPECIFIED.,.F.,.F.,(7,5,5,5,
    7),(0.,0.250999932868,0.499999999354,0.749999999861,1.),
  .UNSPECIFIED.);
#1764 = CARTESIAN_POINT('',(3.942312922233,0.980392156863));
#1765 = CARTESIAN_POINT('',(3.875320475197,0.980392156863));
#1766 = CARTESIAN_POINT('',(3.808323900949,0.980392156863));
#1767 = CARTESIAN_POINT('',(3.741332136225,0.980392156863));
#1768 = CARTESIAN_POINT('',(3.674340377661,0.980392156863));
#1769 = CARTESIAN_POINT('',(3.607343795305,0.980392156863));
#1770 = CARTESIAN_POINT('',(3.473892668289,0.980392156863));
#1771 = CARTESIAN_POINT('',(3.407430017711,0.980392156863));
#1772 = CARTESIAN_POINT('',(3.340972005248,0.980392156863));
#1773 = CARTESIAN_POINT('',(3.274513989728,0.980392156863));
#1774 = CARTESIAN_POINT('',(3.208051335091,0.980392156863));
#1775 = CARTESIAN_POINT('',(3.074867087434,0.980392156863));
#1776 = CARTESIAN_POINT('',(3.008137468467,0.980392156863));
#1777 = CARTESIAN_POINT('',(2.941412581655,0.980392156863));
#1778 = CARTESIAN_POINT('',(2.874687697935,0.980392156863));
#1779 = CARTESIAN_POINT('',(2.807958083032,0.980392156863));
#1780 = CARTESIAN_POINT('',(2.674506955602,0.980392156863));
#1781 = CARTESIAN_POINT('',(2.607777338446,0.980392156863));
#1782 = CARTESIAN_POINT('',(2.541052450592,0.980392156863));
#1783 = CARTESIAN_POINT('',(2.474327556751,0.980392156863));
#1784 = CARTESIAN_POINT('',(2.407597947701,0.980392156863));
#1785 = CARTESIAN_POINT('',(2.340872384946,0.980392156863));
#1786 = ( GEOMETRIC_REPRESENTATION_CONTEXT(2) 
PARAMETRIC_REPRESENTATION_CONTEXT() REPRESENTATION_CONTEXT('2D SPACE',''
  ) );
#1787 = ORIENTED_EDGE('',*,*,#1788,.T.);
#1788 = EDGE_CURVE('',#1690,#1789,#1791,.T.);
#1789 = VERTEX_POINT('',#1790);
#1790 = CARTESIAN_POINT('',(-43.28347962544,-0.992069949391,100.));
#1791 = SURFACE_CURVE('',#1792,(#1811,#1833),.PCURVE_S1.);
#1792 = B_SPLINE_CURVE_WITH_KNOTS('',5,(#1793,#1794,#1795,#1796,#1797,
    #1798,#1799,#1800,#1801,#1802,#1803,#1804,#1805,#1806,#1807,#1808,
    #1809,#1810),.UNSPECIFIED.,.F.,.F.,(6,4,4,4,6),(0.,0.251999972536,
    0.500999985547,0.749999998566,1.),.UNSPECIFIED.);
#1793 = CARTESIAN_POINT('',(-38.65292174677,-8.233938757119,100.));
#1794 = CARTESIAN_POINT('',(-39.06191403802,-8.033379776473,100.));
#1795 = CARTESIAN_POINT('',(-39.45711580144,-7.804680895734,100.));
#1796 = CARTESIAN_POINT('',(-39.83592707063,-7.549118711026,100.));
#1797 = CARTESIAN_POINT('',(-40.19596633892,-7.268299681035,100.));
#1798 = CARTESIAN_POINT('',(-40.87014973297,-6.663634628961,100.));
#1799 = CARTESIAN_POINT('',(-41.18480014522,-6.34033082931,100.));
#1800 = CARTESIAN_POINT('',(-41.47694871421,-5.996111619592,100.));
#1801 = CARTESIAN_POINT('',(-41.74480219606,-5.633089939564,100.));
#1802 = CARTESIAN_POINT('',(-42.22891212943,-4.874151136197,100.));
#1803 = CARTESIAN_POINT('',(-42.44517635124,-4.478221831434,100.));
#1804 = CARTESIAN_POINT('',(-42.63414837108,-4.068188629787,100.));
#1805 = CARTESIAN_POINT('',(-42.794668183,-3.646568399174,100.));
#1806 = CARTESIAN_POINT('',(-43.05769892374,-2.783768874952,100.));
#1807 = CARTESIAN_POINT('',(-43.15997856408,-2.342503831885,100.));
#1808 = CARTESIAN_POINT('',(-43.23193546241,-1.894943192447,100.));
#1809 = CARTESIAN_POINT('',(-43.27312455199,-1.443856248332,100.));
#1810 = CARTESIAN_POINT('',(-43.28347962544,-0.992069949391,100.));
#1811 = PCURVE('',#43,#1812);
#1812 = DEFINITIONAL_REPRESENTATION('',(#1813),#1832);
#1813 = B_SPLINE_CURVE_WITH_KNOTS('',5,(#1814,#1815,#1816,#1817,#1818,
    #1819,#1820,#1821,#1822,#1823,#1824,#1825,#1826,#1827,#1828,#1829,
    #1830,#1831),.UNSPECIFIED.,.F.,.F.,(6,4,4,4,6),(0.,0.251999972536,
    0.500999985547,0.749999998566,1.),.UNSPECIFIED.);
#1814 = CARTESIAN_POINT('',(-8.233938757119,38.652921746771));
#1815 = CARTESIAN_POINT('',(-8.033379776473,39.061914038021));
#1816 = CARTESIAN_POINT('',(-7.804680895734,39.457115801447));
#1817 = CARTESIAN_POINT('',(-7.549118711026,39.835927070638));
#1818 = CARTESIAN_POINT('',(-7.268299681035,40.195966338923));
#1819 = CARTESIAN_POINT('',(-6.663634628961,40.870149732976));
#1820 = CARTESIAN_POINT('',(-6.34033082931,41.184800145228));
#1821 = CARTESIAN_POINT('',(-5.996111619592,41.476948714219));
#1822 = CARTESIAN_POINT('',(-5.633089939564,41.744802196061));
#1823 = CARTESIAN_POINT('',(-4.874151136197,42.228912129432));
#1824 = CARTESIAN_POINT('',(-4.478221831434,42.445176351245));
#1825 = CARTESIAN_POINT('',(-4.068188629787,42.634148371083));
#1826 = CARTESIAN_POINT('',(-3.646568399174,42.794668183003));
#1827 = CARTESIAN_POINT('',(-2.783768874952,43.05769892374));
#1828 = CARTESIAN_POINT('',(-2.342503831885,43.159978564084));
#1829 = CARTESIAN_POINT('',(-1.894943192447,43.231935462418));
#1830 = CARTESIAN_POINT('',(-1.443856248332,43.273124551991));
#1831 = CARTESIAN_POINT('',(-0.992069949391,43.283479625442));
#1832 = ( GEOMETRIC_REPRESENTATION_CONTEXT(2) 
PARAMETRIC_REPRESENTATION_CONTEXT() REPRESENTATION_CONTEXT('2D SPACE',''
  ) );
#1833 = PCURVE('',#1834,#1851);
#1834 = B_SPLINE_SURFACE_WITH_KNOTS('',7,1,(
    (#1835,#1836)
    ,(#1837,#1838)
    ,(#1839,#1840)
    ,(#1841,#1842)
    ,(#1843,#1844)
    ,(#1845,#1846)
    ,(#1847,#1848)
    ,(#1849,#1850
    )),.UNSPECIFIED.,.F.,.F.,.F.,(8,8),(2,2),(2.291627863847E-02,
    1.114879534002),(0.,1.),.PIECEWISE_BEZIER_KNOTS.);
#1835 = CARTESIAN_POINT('',(-33.99107274164,-0.779085279334,0.));
#1836 = CARTESIAN_POINT('',(-43.46932776311,-0.996329642792,102.));
#1837 = CARTESIAN_POINT('',(-33.96783845073,-1.792784925922,0.));
#1838 = CARTESIAN_POINT('',(-43.43961469655,-2.292694795072,102.));
#1839 = CARTESIAN_POINT('',(-33.76011652009,-2.802255778987,0.));
#1840 = CARTESIAN_POINT('',(-43.17397045651,-3.583651974115,
    101.99999999999));
#1841 = CARTESIAN_POINT('',(-33.36883426003,-3.767209346983,0.));
#1842 = CARTESIAN_POINT('',(-42.67358092955,-4.817678426949,102.));
#1843 = CARTESIAN_POINT('',(-32.80589976757,-4.647599539389,0.));
#1844 = CARTESIAN_POINT('',(-41.953674731,-5.943561394045,
    101.99999999999));
#1845 = CARTESIAN_POINT('',(-32.09418154374,-5.407661619283,0.));
#1846 = CARTESIAN_POINT('',(-41.04349713873,-6.915563305323,102.));
#1847 = CARTESIAN_POINT('',(-31.26503326545,-6.01978328714,0.));
#1848 = CARTESIAN_POINT('',(-39.98314465891,-7.698372297943,102.));
#1849 = CARTESIAN_POINT('',(-30.35463613695,-6.466217911901,0.));
#1850 = CARTESIAN_POINT('',(-38.81888745896,-8.269293174023,102.));
#1851 = DEFINITIONAL_REPRESENTATION('',(#1852),#1871);
#1852 = B_SPLINE_CURVE_WITH_KNOTS('',5,(#1853,#1854,#1855,#1856,#1857,
    #1858,#1859,#1860,#1861,#1862,#1863,#1864,#1865,#1866,#1867,#1868,
    #1869,#1870),.UNSPECIFIED.,.F.,.F.,(6,4,4,4,6),(0.,0.251999972536,
    0.500999985547,0.749999998566,1.),.UNSPECIFIED.);
#1853 = CARTESIAN_POINT('',(1.114879534002,0.980392156863));
#1854 = CARTESIAN_POINT('',(1.059844792419,0.980392156863));
#1855 = CARTESIAN_POINT('',(1.004809115346,0.980392156863));
#1856 = CARTESIAN_POINT('',(0.949775205679,0.980392156863));
#1857 = CARTESIAN_POINT('',(0.894739535591,0.980392156863));
#1858 = CARTESIAN_POINT('',(0.785325218442,0.980392156863));
#1859 = CARTESIAN_POINT('',(0.730944766011,0.980392156863));
#1860 = CARTESIAN_POINT('',(0.676565971143,0.980392156863));
#1861 = CARTESIAN_POINT('',(0.622185518634,0.980392156863));
#1862 = CARTESIAN_POINT('',(0.513426367495,0.980392156863));
#1863 = CARTESIAN_POINT('',(0.459045914965,0.980392156863));
#1864 = CARTESIAN_POINT('',(0.404667120092,0.980392156863));
#1865 = CARTESIAN_POINT('',(0.35028666767,0.980392156863));
#1866 = CARTESIAN_POINT('',(0.241309127962,0.980392156863));
#1867 = CARTESIAN_POINT('',(0.186710270984,0.980392156863));
#1868 = CARTESIAN_POINT('',(0.132113106721,0.980392156863));
#1869 = CARTESIAN_POINT('',(7.751424284632E-02,0.980392156863));
#1870 = CARTESIAN_POINT('',(2.291627863847E-02,0.980392156863));
#1871 = ( GEOMETRIC_REPRESENTATION_CONTEXT(2) 
PARAMETRIC_REPRESENTATION_CONTEXT() REPRESENTATION_CONTEXT('2D SPACE',''
  ) );
#1872 = ORIENTED_EDGE('',*,*,#1873,.F.);
#1873 = EDGE_CURVE('',#1874,#1789,#1876,.T.);
#1874 = VERTEX_POINT('',#1875);
#1875 = CARTESIAN_POINT('',(-43.28347962544,0.992069949391,100.));
#1876 = SURFACE_CURVE('',#1877,(#1882,#1889),.PCURVE_S1.);
#1877 = CIRCLE('',#1878,43.294847398628);
#1878 = AXIS2_PLACEMENT_3D('',#1879,#1880,#1881);
#1879 = CARTESIAN_POINT('',(0.,-1.7763568394E-15,100.));
#1880 = DIRECTION('',(0.,-0.,1.));
#1881 = DIRECTION('',(0.951056516295,0.309016994375,0.));
#1882 = PCURVE('',#43,#1883);
#1883 = DEFINITIONAL_REPRESENTATION('',(#1884),#1888);
#1884 = CIRCLE('',#1885,43.294847398628);
#1885 = AXIS2_PLACEMENT_2D('',#1886,#1887);
#1886 = CARTESIAN_POINT('',(-1.7763568394E-15,-3.944304526105E-31));
#1887 = DIRECTION('',(0.309016994375,-0.951056516295));
#1888 = ( GEOMETRIC_REPRESENTATION_CONTEXT(2) 
PARAMETRIC_REPRESENTATION_CONTEXT() REPRESENTATION_CONTEXT('2D SPACE',''
  ) );
#1889 = PCURVE('',#1890,#1895);
#1890 = CONICAL_SURFACE('',#1891,34.,9.268217940919E-02);
#1891 = AXIS2_PLACEMENT_3D('',#1892,#1893,#1894);
#1892 = CARTESIAN_POINT('',(0.,-1.7763568394E-15,0.));
#1893 = DIRECTION('',(0.,-0.,1.));
#1894 = DIRECTION('',(0.951056516295,0.309016994375,0.));
#1895 = DEFINITIONAL_REPRESENTATION('',(#1896),#1900);
#1896 = LINE('',#1897,#1898);
#1897 = CARTESIAN_POINT('',(0.,100.));
#1898 = VECTOR('',#1899,1.);
#1899 = DIRECTION('',(1.,0.));
#1900 = ( GEOMETRIC_REPRESENTATION_CONTEXT(2) 
PARAMETRIC_REPRESENTATION_CONTEXT() REPRESENTATION_CONTEXT('2D SPACE',''
  ) );
#1901 = ORIENTED_EDGE('',*,*,#1902,.T.);
#1902 = EDGE_CURVE('',#1874,#1903,#1905,.T.);
#1903 = VERTEX_POINT('',#1904);
#1904 = CARTESIAN_POINT('',(-38.65292174677,8.233938757119,100.));
#1905 = SURFACE_CURVE('',#1906,(#1925,#1947),.PCURVE_S1.);
#1906 = B_SPLINE_CURVE_WITH_KNOTS('',5,(#1907,#1908,#1909,#1910,#1911,
    #1912,#1913,#1914,#1915,#1916,#1917,#1918,#1919,#1920,#1921,#1922,
    #1923,#1924),.UNSPECIFIED.,.F.,.F.,(6,4,4,4,6),(0.,0.251999972536,
    0.500999985547,0.749999998566,1.),.UNSPECIFIED.);
#1907 = CARTESIAN_POINT('',(-43.28347962544,0.992069949391,100.));
#1908 = CARTESIAN_POINT('',(-43.2730417126,1.447470486276,100.));
#1909 = CARTESIAN_POINT('',(-43.23127445335,1.902160609239,100.));
#1910 = CARTESIAN_POINT('',(-43.15824569155,2.353244645612,100.));
#1911 = CARTESIAN_POINT('',(-43.05441435582,2.79788681189,100.));
#1912 = CARTESIAN_POINT('',(-42.78843818616,3.663565592495,100.));
#1913 = CARTESIAN_POINT('',(-42.62699796933,4.084834254028,100.));
#1914 = CARTESIAN_POINT('',(-42.43713091834,4.49445377706,100.));
#1915 = CARTESIAN_POINT('',(-42.22000253302,4.889909833016,100.));
#1916 = CARTESIAN_POINT('',(-41.73423628981,5.647789567408,100.));
#1917 = CARTESIAN_POINT('',(-41.46559063509,6.010225410297,100.));
#1918 = CARTESIAN_POINT('',(-41.1726910138,6.353805768551,100.));
#1919 = CARTESIAN_POINT('',(-40.85733528,6.676421623777,100.));
#1920 = CARTESIAN_POINT('',(-40.18452952712,7.277204952823,100.));
#1921 = CARTESIAN_POINT('',(-39.82690462453,7.555198463741,100.));
#1922 = CARTESIAN_POINT('',(-39.45084183098,7.808309302108,100.));
#1923 = CARTESIAN_POINT('',(-39.05866811418,8.0349714915,100.));
#1924 = CARTESIAN_POINT('',(-38.65292174677,8.233938757119,100.));
#1925 = PCURVE('',#43,#1926);
#1926 = DEFINITIONAL_REPRESENTATION('',(#1927),#1946);
#1927 = B_SPLINE_CURVE_WITH_KNOTS('',5,(#1928,#1929,#1930,#1931,#1932,
    #1933,#1934,#1935,#1936,#1937,#1938,#1939,#1940,#1941,#1942,#1943,
    #1944,#1945),.UNSPECIFIED.,.F.,.F.,(6,4,4,4,6),(0.,0.251999972536,
    0.500999985547,0.749999998566,1.),.UNSPECIFIED.);
#1928 = CARTESIAN_POINT('',(0.992069949391,43.283479625442));
#1929 = CARTESIAN_POINT('',(1.447470486276,43.273041712605));
#1930 = CARTESIAN_POINT('',(1.902160609239,43.231274453352));
#1931 = CARTESIAN_POINT('',(2.353244645612,43.158245691559));
#1932 = CARTESIAN_POINT('',(2.79788681189,43.054414355827));
#1933 = CARTESIAN_POINT('',(3.663565592495,42.788438186164));
#1934 = CARTESIAN_POINT('',(4.084834254028,42.626997969337));
#1935 = CARTESIAN_POINT('',(4.49445377706,42.437130918346));
#1936 = CARTESIAN_POINT('',(4.889909833016,42.22000253302));
#1937 = CARTESIAN_POINT('',(5.647789567408,41.73423628981));
#1938 = CARTESIAN_POINT('',(6.010225410297,41.465590635098));
#1939 = CARTESIAN_POINT('',(6.353805768551,41.1726910138));
#1940 = CARTESIAN_POINT('',(6.676421623777,40.857335280005));
#1941 = CARTESIAN_POINT('',(7.277204952823,40.184529527121));
#1942 = CARTESIAN_POINT('',(7.555198463741,39.826904624538));
#1943 = CARTESIAN_POINT('',(7.808309302108,39.450841830987));
#1944 = CARTESIAN_POINT('',(8.0349714915,39.058668114184));
#1945 = CARTESIAN_POINT('',(8.233938757119,38.652921746771));
#1946 = ( GEOMETRIC_REPRESENTATION_CONTEXT(2) 
PARAMETRIC_REPRESENTATION_CONTEXT() REPRESENTATION_CONTEXT('2D SPACE',''
  ) );
#1947 = PCURVE('',#1948,#1965);
#1948 = B_SPLINE_SURFACE_WITH_KNOTS('',7,1,(
    (#1949,#1950)
    ,(#1951,#1952)
    ,(#1953,#1954)
    ,(#1955,#1956)
    ,(#1957,#1958)
    ,(#1959,#1960)
    ,(#1961,#1962)
    ,(#1963,#1964
    )),.UNSPECIFIED.,.F.,.F.,.F.,(8,8),(2,2),(5.168305773177,
    6.260269028541),(0.,1.),.PIECEWISE_BEZIER_KNOTS.);
#1949 = CARTESIAN_POINT('',(-30.35463613695,6.466217911901,0.));
#1950 = CARTESIAN_POINT('',(-38.81888745896,8.269293174023,102.));
#1951 = CARTESIAN_POINT('',(-31.26503326545,6.01978328714,0.));
#1952 = CARTESIAN_POINT('',(-39.98314465891,7.698372297943,102.));
#1953 = CARTESIAN_POINT('',(-32.09418154374,5.407661619283,0.));
#1954 = CARTESIAN_POINT('',(-41.04349713873,6.915563305323,
    101.99999999999));
#1955 = CARTESIAN_POINT('',(-32.80589976757,4.647599539389,0.));
#1956 = CARTESIAN_POINT('',(-41.953674731,5.943561394045,102.));
#1957 = CARTESIAN_POINT('',(-33.36883426003,3.767209346982,0.));
#1958 = CARTESIAN_POINT('',(-42.67358092954,4.817678426949,
    101.99999999999));
#1959 = CARTESIAN_POINT('',(-33.76011652009,2.802255778987,0.));
#1960 = CARTESIAN_POINT('',(-43.17397045651,3.583651974115,102.));
#1961 = CARTESIAN_POINT('',(-33.96783845073,1.792784925922,0.));
#1962 = CARTESIAN_POINT('',(-43.43961469655,2.292694795072,102.));
#1963 = CARTESIAN_POINT('',(-33.99107274164,0.779085279334,0.));
#1964 = CARTESIAN_POINT('',(-43.46932776311,0.996329642792,102.));
#1965 = DEFINITIONAL_REPRESENTATION('',(#1966),#1985);
#1966 = B_SPLINE_CURVE_WITH_KNOTS('',5,(#1967,#1968,#1969,#1970,#1971,
    #1972,#1973,#1974,#1975,#1976,#1977,#1978,#1979,#1980,#1981,#1982,
    #1983,#1984),.UNSPECIFIED.,.F.,.F.,(6,4,4,4,6),(0.,0.251999972536,
    0.500999985547,0.749999998566,1.),.UNSPECIFIED.);
#1967 = CARTESIAN_POINT('',(6.260269028541,0.980392156863));
#1968 = CARTESIAN_POINT('',(6.205234286958,0.980392156863));
#1969 = CARTESIAN_POINT('',(6.150198609884,0.980392156863));
#1970 = CARTESIAN_POINT('',(6.095164700218,0.980392156863));
#1971 = CARTESIAN_POINT('',(6.040129030129,0.980392156863));
#1972 = CARTESIAN_POINT('',(5.93071471298,0.980392156863));
#1973 = CARTESIAN_POINT('',(5.876334260549,0.980392156863));
#1974 = CARTESIAN_POINT('',(5.821955465682,0.980392156863));
#1975 = CARTESIAN_POINT('',(5.767575013172,0.980392156863));
#1976 = CARTESIAN_POINT('',(5.658815862034,0.980392156863));
#1977 = CARTESIAN_POINT('',(5.604435409504,0.980392156863));
#1978 = CARTESIAN_POINT('',(5.55005661463,0.980392156863));
#1979 = CARTESIAN_POINT('',(5.495676162209,0.980392156863));
#1980 = CARTESIAN_POINT('',(5.386698622501,0.980392156863));
#1981 = CARTESIAN_POINT('',(5.332099765522,0.980392156863));
#1982 = CARTESIAN_POINT('',(5.277502601259,0.980392156863));
#1983 = CARTESIAN_POINT('',(5.222903737385,0.980392156863));
#1984 = CARTESIAN_POINT('',(5.168305773177,0.980392156863));
#1985 = ( GEOMETRIC_REPRESENTATION_CONTEXT(2) 
PARAMETRIC_REPRESENTATION_CONTEXT() REPRESENTATION_CONTEXT('2D SPACE',''
  ) );
#1986 = ORIENTED_EDGE('',*,*,#1987,.T.);
#1987 = EDGE_CURVE('',#1903,#1988,#1990,.T.);
#1988 = VERTEX_POINT('',#1989);
#1989 = CARTESIAN_POINT('',(-36.11065834509,16.058220975615,100.));
#1990 = SURFACE_CURVE('',#1991,(#2014,#2040),.PCURVE_S1.);
#1991 = B_SPLINE_CURVE_WITH_KNOTS('',6,(#1992,#1993,#1994,#1995,#1996,
    #1997,#1998,#1999,#2000,#2001,#2002,#2003,#2004,#2005,#2006,#2007,
    #2008,#2009,#2010,#2011,#2012,#2013),.UNSPECIFIED.,.F.,.F.,(7,5,5,5,
    7),(0.,0.251999864934,0.500999932038,0.749999999212,1.),
  .UNSPECIFIED.);
#1992 = CARTESIAN_POINT('',(-38.65292174677,8.233938757119,100.));
#1993 = CARTESIAN_POINT('',(-38.30687888816,8.403629004263,100.));
#1994 = CARTESIAN_POINT('',(-37.9745100496,8.601259591306,100.));
#1995 = CARTESIAN_POINT('',(-37.65868459515,8.825431278582,100.));
#1996 = CARTESIAN_POINT('',(-37.36199679704,9.074379091509,100.));
#1997 = CARTESIAN_POINT('',(-37.08680984093,9.346038847911,100.));
#1998 = CARTESIAN_POINT('',(-36.58659002643,9.926461186837,100.));
#1999 = CARTESIAN_POINT('',(-36.36096857786,10.234779049233,100.));
#2000 = CARTESIAN_POINT('',(-36.16035276974,10.560613692987,100.));
#2001 = CARTESIAN_POINT('',(-35.98638023844,10.901419318951,100.));
#2002 = CARTESIAN_POINT('',(-35.84037375788,11.254473208994,100.));
#2003 = CARTESIAN_POINT('',(-35.60617342463,11.979214834108,100.));
#2004 = CARTESIAN_POINT('',(-35.5179654361,12.350946313109,100.));
#2005 = CARTESIAN_POINT('',(-35.45960256533,12.729111213327,100.));
#2006 = CARTESIAN_POINT('',(-35.43160549116,13.110727619509,100.));
#2007 = CARTESIAN_POINT('',(-35.43413604103,13.492772824575,100.));
#2008 = CARTESIAN_POINT('',(-35.49984072253,14.253111576405,100.));
#2009 = CARTESIAN_POINT('',(-35.56326236083,14.631430333693,100.));
#2010 = CARTESIAN_POINT('',(-35.65692597248,15.004031559632,100.));
#2011 = CARTESIAN_POINT('',(-35.78014360068,15.367929844797,100.));
#2012 = CARTESIAN_POINT('',(-35.93187538287,15.720243429474,100.));
#2013 = CARTESIAN_POINT('',(-36.11065834509,16.058220975615,100.));
#2014 = PCURVE('',#43,#2015);
#2015 = DEFINITIONAL_REPRESENTATION('',(#2016),#2039);
#2016 = B_SPLINE_CURVE_WITH_KNOTS('',6,(#2017,#2018,#2019,#2020,#2021,
    #2022,#2023,#2024,#2025,#2026,#2027,#2028,#2029,#2030,#2031,#2032,
    #2033,#2034,#2035,#2036,#2037,#2038),.UNSPECIFIED.,.F.,.F.,(7,5,5,5,
    7),(0.,0.251999864934,0.500999932038,0.749999999212,1.),
  .UNSPECIFIED.);
#2017 = CARTESIAN_POINT('',(8.233938757119,38.652921746771));
#2018 = CARTESIAN_POINT('',(8.403629004263,38.306878888161));
#2019 = CARTESIAN_POINT('',(8.601259591306,37.974510049601));
#2020 = CARTESIAN_POINT('',(8.825431278582,37.658684595154));
#2021 = CARTESIAN_POINT('',(9.074379091509,37.361996797049));
#2022 = CARTESIAN_POINT('',(9.346038847911,37.086809840932));
#2023 = CARTESIAN_POINT('',(9.926461186837,36.586590026431));
#2024 = CARTESIAN_POINT('',(10.234779049233,36.360968577867));
#2025 = CARTESIAN_POINT('',(10.560613692987,36.160352769743));
#2026 = CARTESIAN_POINT('',(10.901419318951,35.98638023844));
#2027 = CARTESIAN_POINT('',(11.254473208994,35.840373757882));
#2028 = CARTESIAN_POINT('',(11.979214834108,35.606173424635));
#2029 = CARTESIAN_POINT('',(12.350946313109,35.517965436109));
#2030 = CARTESIAN_POINT('',(12.729111213327,35.459602565332));
#2031 = CARTESIAN_POINT('',(13.110727619509,35.431605491162));
#2032 = CARTESIAN_POINT('',(13.492772824575,35.434136041038));
#2033 = CARTESIAN_POINT('',(14.253111576405,35.499840722537));
#2034 = CARTESIAN_POINT('',(14.631430333693,35.563262360839));
#2035 = CARTESIAN_POINT('',(15.004031559632,35.656925972487));
#2036 = CARTESIAN_POINT('',(15.367929844797,35.780143600686));
#2037 = CARTESIAN_POINT('',(15.720243429474,35.931875382879));
#2038 = CARTESIAN_POINT('',(16.058220975615,36.110658345096));
#2039 = ( GEOMETRIC_REPRESENTATION_CONTEXT(2) 
PARAMETRIC_REPRESENTATION_CONTEXT() REPRESENTATION_CONTEXT('2D SPACE',''
  ) );
#2040 = PCURVE('',#2041,#2060);
#2041 = B_SPLINE_SURFACE_WITH_KNOTS('',8,1,(
    (#2042,#2043)
    ,(#2044,#2045)
    ,(#2046,#2047)
    ,(#2048,#2049)
    ,(#2050,#2051)
    ,(#2052,#2053)
    ,(#2054,#2055)
    ,(#2056,#2057)
    ,(#2058,#2059
    )),.UNSPECIFIED.,.F.,.F.,.F.,(9,9),(2,2),(2.340872384946,
    3.942312922233),(0.,1.),.PIECEWISE_BEZIER_KNOTS.);
#2042 = CARTESIAN_POINT('',(-28.35816401958,12.610727279945,0.));
#2043 = CARTESIAN_POINT('',(-36.2657082316,16.127170849529,102.));
#2044 = CARTESIAN_POINT('',(-27.93695523712,11.814459509549,0.));
#2045 = CARTESIAN_POINT('',(-35.72704730846,15.108867456705,
    101.99999999999));
#2046 = CARTESIAN_POINT('',(-27.69791449297,10.921828336559,0.));
#2047 = CARTESIAN_POINT('',(-35.42135114714,13.96733016763,102.));
#2048 = CARTESIAN_POINT('',(-27.66676087336,9.981459049717,0.));
#2049 = CARTESIAN_POINT('',(-35.38151048333,12.764743210201,
    101.99999999999));
#2050 = CARTESIAN_POINT('',(-27.85364429302,9.050197642669,0.));
#2051 = CARTESIAN_POINT('',(-35.620505489,11.57380382315,102.00000000001
    ));
#2052 = CARTESIAN_POINT('',(-28.24983415164,8.186944020188,0.));
#2053 = CARTESIAN_POINT('',(-36.12717107593,10.469835880051,
    101.99999999999));
#2054 = CARTESIAN_POINT('',(-28.82777315785,7.444480924304,0.));
#2055 = CARTESIAN_POINT('',(-36.86626572819,9.520340348906,102.));
#2056 = CARTESIAN_POINT('',(-29.54583662144,6.862831759758,0.));
#2057 = CARTESIAN_POINT('',(-37.78455790128,8.77650097764,
    101.99999999999));
#2058 = CARTESIAN_POINT('',(-30.35463613695,6.466217911901,0.));
#2059 = CARTESIAN_POINT('',(-38.81888745896,8.269293174023,102.));
#2060 = DEFINITIONAL_REPRESENTATION('',(#2061),#2084);
#2061 = B_SPLINE_CURVE_WITH_KNOTS('',6,(#2062,#2063,#2064,#2065,#2066,
    #2067,#2068,#2069,#2070,#2071,#2072,#2073,#2074,#2075,#2076,#2077,
    #2078,#2079,#2080,#2081,#2082,#2083),.UNSPECIFIED.,.F.,.F.,(7,5,5,5,
    7),(0.,0.251999864934,0.500999932038,0.749999999212,1.),
  .UNSPECIFIED.);
#2062 = CARTESIAN_POINT('',(3.942312922233,0.980392156863));
#2063 = CARTESIAN_POINT('',(3.875053591271,0.980392156863));
#2064 = CARTESIAN_POINT('',(3.8077900509,0.980392156863));
#2065 = CARTESIAN_POINT('',(3.740531415861,0.980392156863));
#2066 = CARTESIAN_POINT('',(3.673272787157,0.980392156863));
#2067 = CARTESIAN_POINT('',(3.606009238677,0.980392156863));
#2068 = CARTESIAN_POINT('',(3.472291227798,0.980392156863));
#2069 = CARTESIAN_POINT('',(3.405828577246,0.980392156863));
#2070 = CARTESIAN_POINT('',(3.339370564757,0.980392156863));
#2071 = CARTESIAN_POINT('',(3.272912549197,0.980392156863));
#2072 = CARTESIAN_POINT('',(3.206449894544,0.980392156863));
#2073 = CARTESIAN_POINT('',(3.073532531542,0.980392156863));
#2074 = CARTESIAN_POINT('',(3.007069876922,0.980392156863));
#2075 = CARTESIAN_POINT('',(2.940611861442,0.980392156863));
#2076 = CARTESIAN_POINT('',(2.874153849003,0.980392156863));
#2077 = CARTESIAN_POINT('',(2.807691198399,0.980392156863));
#2078 = CARTESIAN_POINT('',(2.674506955602,0.980392156863));
#2079 = CARTESIAN_POINT('',(2.607777338446,0.980392156863));
#2080 = CARTESIAN_POINT('',(2.541052450592,0.980392156863));
#2081 = CARTESIAN_POINT('',(2.474327556752,0.980392156863));
#2082 = CARTESIAN_POINT('',(2.407597947701,0.980392156863));
#2083 = CARTESIAN_POINT('',(2.340872384946,0.980392156863));
#2084 = ( GEOMETRIC_REPRESENTATION_CONTEXT(2) 
PARAMETRIC_REPRESENTATION_CONTEXT() REPRESENTATION_CONTEXT('2D SPACE',''
  ) );
#2085 = ORIENTED_EDGE('',*,*,#2086,.T.);
#2086 = EDGE_CURVE('',#1988,#2087,#2089,.T.);
#2087 = VERTEX_POINT('',#2088);
#2088 = CARTESIAN_POINT('',(-35.60019467815,24.63878954307,100.));
#2089 = SURFACE_CURVE('',#2090,(#2109,#2131),.PCURVE_S1.);
#2090 = B_SPLINE_CURVE_WITH_KNOTS('',5,(#2091,#2092,#2093,#2094,#2095,
    #2096,#2097,#2098,#2099,#2100,#2101,#2102,#2103,#2104,#2105,#2106,
    #2107,#2108),.UNSPECIFIED.,.F.,.F.,(6,4,4,4,6),(0.,0.251999972536,
    0.500999985547,0.749999998566,1.),.UNSPECIFIED.);
#2091 = CARTESIAN_POINT('',(-36.11065834509,16.058220975615,100.));
#2092 = CARTESIAN_POINT('',(-36.32365444824,16.460876236431,100.));
#2093 = CARTESIAN_POINT('',(-36.50895356175,16.878191285764,100.));
#2094 = CARTESIAN_POINT('',(-36.66520263297,17.307605113746,100.));
#2095 = CARTESIAN_POINT('',(-36.79141923526,17.746418253496,100.));
#2096 = CARTESIAN_POINT('',(-36.98143185819,18.631877612894,100.));
#2097 = CARTESIAN_POINT('',(-37.04595618354,19.078382753108,100.));
#2098 = CARTESIAN_POINT('',(-37.07998236571,19.528582563889,100.));
#2099 = CARTESIAN_POINT('',(-37.08330159474,19.979713598761,100.));
#2100 = CARTESIAN_POINT('',(-37.02886172197,20.878260667699,100.));
#2101 = CARTESIAN_POINT('',(-36.97110174641,21.325691124004,100.));
#2102 = CARTESIAN_POINT('',(-36.88297185304,21.768489918751,100.));
#2103 = CARTESIAN_POINT('',(-36.76501295519,22.203939028636,100.));
#2104 = CARTESIAN_POINT('',(-36.47066845847,23.056564096776,100.));
#2105 = CARTESIAN_POINT('',(-36.29404534102,23.473673479844,100.));
#2106 = CARTESIAN_POINT('',(-36.08919015127,23.878052846804,100.));
#2107 = CARTESIAN_POINT('',(-35.85737057146,24.267200189941,100.));
#2108 = CARTESIAN_POINT('',(-35.60019467815,24.63878954307,100.));
#2109 = PCURVE('',#43,#2110);
#2110 = DEFINITIONAL_REPRESENTATION('',(#2111),#2130);
#2111 = B_SPLINE_CURVE_WITH_KNOTS('',5,(#2112,#2113,#2114,#2115,#2116,
    #2117,#2118,#2119,#2120,#2121,#2122,#2123,#2124,#2125,#2126,#2127,
    #2128,#2129),.UNSPECIFIED.,.F.,.F.,(6,4,4,4,6),(0.,0.251999972536,
    0.500999985547,0.749999998566,1.),.UNSPECIFIED.);
#2112 = CARTESIAN_POINT('',(16.058220975615,36.110658345096));
#2113 = CARTESIAN_POINT('',(16.460876236431,36.323654448248));
#2114 = CARTESIAN_POINT('',(16.878191285764,36.508953561752));
#2115 = CARTESIAN_POINT('',(17.307605113746,36.665202632973));
#2116 = CARTESIAN_POINT('',(17.746418253496,36.791419235266));
#2117 = CARTESIAN_POINT('',(18.631877612894,36.981431858195));
#2118 = CARTESIAN_POINT('',(19.078382753108,37.045956183549));
#2119 = CARTESIAN_POINT('',(19.528582563889,37.079982365717));
#2120 = CARTESIAN_POINT('',(19.979713598761,37.083301594747));
#2121 = CARTESIAN_POINT('',(20.878260667699,37.028861721978));
#2122 = CARTESIAN_POINT('',(21.325691124004,36.97110174641));
#2123 = CARTESIAN_POINT('',(21.768489918751,36.882971853042));
#2124 = CARTESIAN_POINT('',(22.203939028636,36.765012955196));
#2125 = CARTESIAN_POINT('',(23.056564096776,36.470668458473));
#2126 = CARTESIAN_POINT('',(23.473673479844,36.294045341023));
#2127 = CARTESIAN_POINT('',(23.878052846804,36.08919015127));
#2128 = CARTESIAN_POINT('',(24.267200189941,35.857370571464));
#2129 = CARTESIAN_POINT('',(24.63878954307,35.600194678159));
#2130 = ( GEOMETRIC_REPRESENTATION_CONTEXT(2) 
PARAMETRIC_REPRESENTATION_CONTEXT() REPRESENTATION_CONTEXT('2D SPACE',''
  ) );
#2131 = PCURVE('',#2132,#2149);
#2132 = B_SPLINE_SURFACE_WITH_KNOTS('',7,1,(
    (#2133,#2134)
    ,(#2135,#2136)
    ,(#2137,#2138)
    ,(#2139,#2140)
    ,(#2141,#2142)
    ,(#2143,#2144)
    ,(#2145,#2146)
    ,(#2147,#2148
    )),.UNSPECIFIED.,.F.,.F.,.F.,(8,8),(2,2),(-0.605402252079,
    0.486561003285),(0.,1.),.PIECEWISE_BEZIER_KNOTS.);
#2133 = CARTESIAN_POINT('',(-27.95729034249,19.349158036088,0.));
#2134 = CARTESIAN_POINT('',(-35.75305276487,24.74458217321,102.));
#2135 = CARTESIAN_POINT('',(-28.53433110881,18.515401021265,0.));
#2136 = CARTESIAN_POINT('',(-36.49099870716,23.678335831777,102.));
#2137 = CARTESIAN_POINT('',(-28.95963261687,17.5766260584,0.));
#2138 = CARTESIAN_POINT('',(-37.0348935937,22.477787768268,102.));
#2139 = CARTESIAN_POINT('',(-29.2102640953,16.565972281164,0.));
#2140 = CARTESIAN_POINT('',(-37.35541251248,21.185317812063,102.));
#2141 = CARTESIAN_POINT('',(-29.27232089554,15.52283706115,0.));
#2142 = CARTESIAN_POINT('',(-37.43477356737,19.851309111465,102.));
#2143 = CARTESIAN_POINT('',(-29.14328203864,14.489596445981,0.));
#2144 = CARTESIAN_POINT('',(-37.26975281597,18.529954080975,102.));
#2145 = CARTESIAN_POINT('',(-28.83228307962,13.507018484115,0.));
#2146 = CARTESIAN_POINT('',(-36.872033221,17.273388752724,102.));
#2147 = CARTESIAN_POINT('',(-28.35816401958,12.610727279945,0.));
#2148 = CARTESIAN_POINT('',(-36.2657082316,16.127170849529,102.));
#2149 = DEFINITIONAL_REPRESENTATION('',(#2150),#2169);
#2150 = B_SPLINE_CURVE_WITH_KNOTS('',5,(#2151,#2152,#2153,#2154,#2155,
    #2156,#2157,#2158,#2159,#2160,#2161,#2162,#2163,#2164,#2165,#2166,
    #2167,#2168),.UNSPECIFIED.,.F.,.F.,(6,4,4,4,6),(0.,0.251999972536,
    0.500999985547,0.749999998566,1.),.UNSPECIFIED.);
#2151 = CARTESIAN_POINT('',(0.486561003285,0.980392156863));
#2152 = CARTESIAN_POINT('',(0.431526261701,0.980392156863));
#2153 = CARTESIAN_POINT('',(0.376490584628,0.980392156863));
#2154 = CARTESIAN_POINT('',(0.321456674961,0.980392156863));
#2155 = CARTESIAN_POINT('',(0.266421004873,0.980392156863));
#2156 = CARTESIAN_POINT('',(0.157006687724,0.980392156863));
#2157 = CARTESIAN_POINT('',(0.102626235293,0.980392156863));
#2158 = CARTESIAN_POINT('',(4.824744042544E-02,0.980392156863));
#2159 = CARTESIAN_POINT('',(-6.133012084182E-03,0.980392156863));
#2160 = CARTESIAN_POINT('',(-0.114892163223,0.980392156863));
#2161 = CARTESIAN_POINT('',(-0.169272615753,0.980392156863));
#2162 = CARTESIAN_POINT('',(-0.223651410626,0.980392156863));
#2163 = CARTESIAN_POINT('',(-0.278031863048,0.980392156863));
#2164 = CARTESIAN_POINT('',(-0.387009402756,0.980392156863));
#2165 = CARTESIAN_POINT('',(-0.441608259734,0.980392156863));
#2166 = CARTESIAN_POINT('',(-0.496205423997,0.980392156863));
#2167 = CARTESIAN_POINT('',(-0.550804287872,0.980392156863));
#2168 = CARTESIAN_POINT('',(-0.605402252079,0.980392156863));
#2169 = ( GEOMETRIC_REPRESENTATION_CONTEXT(2) 
PARAMETRIC_REPRESENTATION_CONTEXT() REPRESENTATION_CONTEXT('2D SPACE',''
  ) );
#2170 = ORIENTED_EDGE('',*,*,#2171,.F.);
#2171 = EDGE_CURVE('',#2172,#2087,#2174,.T.);
#2172 = VERTEX_POINT('',#2173);
#2173 = CARTESIAN_POINT('',(-34.43394650717,26.243992440402,100.));
#2174 = SURFACE_CURVE('',#2175,(#2180,#2187),.PCURVE_S1.);
#2175 = CIRCLE('',#2176,43.294847398628);
#2176 = AXIS2_PLACEMENT_3D('',#2177,#2178,#2179);
#2177 = CARTESIAN_POINT('',(0.,-1.7763568394E-15,100.));
#2178 = DIRECTION('',(0.,-0.,1.));
#2179 = DIRECTION('',(0.951056516295,0.309016994375,0.));
#2180 = PCURVE('',#43,#2181);
#2181 = DEFINITIONAL_REPRESENTATION('',(#2182),#2186);
#2182 = CIRCLE('',#2183,43.294847398628);
#2183 = AXIS2_PLACEMENT_2D('',#2184,#2185);
#2184 = CARTESIAN_POINT('',(-1.7763568394E-15,-3.944304526105E-31));
#2185 = DIRECTION('',(0.309016994375,-0.951056516295));
#2186 = ( GEOMETRIC_REPRESENTATION_CONTEXT(2) 
PARAMETRIC_REPRESENTATION_CONTEXT() REPRESENTATION_CONTEXT('2D SPACE',''
  ) );
#2187 = PCURVE('',#2188,#2193);
#2188 = CONICAL_SURFACE('',#2189,34.,9.268217940919E-02);
#2189 = AXIS2_PLACEMENT_3D('',#2190,#2191,#2192);
#2190 = CARTESIAN_POINT('',(0.,-1.7763568394E-15,0.));
#2191 = DIRECTION('',(0.,-0.,1.));
#2192 = DIRECTION('',(0.951056516295,0.309016994375,0.));
#2193 = DEFINITIONAL_REPRESENTATION('',(#2194),#2198);
#2194 = LINE('',#2195,#2196);
#2195 = CARTESIAN_POINT('',(0.,100.));
#2196 = VECTOR('',#2197,1.);
#2197 = DIRECTION('',(1.,0.));
#2198 = ( GEOMETRIC_REPRESENTATION_CONTEXT(2) 
PARAMETRIC_REPRESENTATION_CONTEXT() REPRESENTATION_CONTEXT('2D SPACE',''
  ) );
#2199 = ORIENTED_EDGE('',*,*,#2200,.T.);
#2200 = EDGE_CURVE('',#2172,#2201,#2203,.T.);
#2201 = VERTEX_POINT('',#2202);
#2202 = CARTESIAN_POINT('',(-26.43108280566,29.381013745918,100.));
#2203 = SURFACE_CURVE('',#2204,(#2223,#2245),.PCURVE_S1.);
#2204 = B_SPLINE_CURVE_WITH_KNOTS('',5,(#2205,#2206,#2207,#2208,#2209,
    #2210,#2211,#2212,#2213,#2214,#2215,#2216,#2217,#2218,#2219,#2220,
    #2221,#2222),.UNSPECIFIED.,.F.,.F.,(6,4,4,4,6),(0.,0.250999986999,
    0.49999999989,0.749999998705,1.),.UNSPECIFIED.);
#2205 = CARTESIAN_POINT('',(-34.43394650717,26.243992440402,100.));
#2206 = CARTESIAN_POINT('',(-34.15892004579,26.604846318887,100.));
#2207 = CARTESIAN_POINT('',(-33.8591626899,26.946860878328,100.));
#2208 = CARTESIAN_POINT('',(-33.53641041675,27.267760775954,100.));
#2209 = CARTESIAN_POINT('',(-33.19267608176,27.565544470702,100.));
#2210 = CARTESIAN_POINT('',(-32.47070201997,28.109259303091,100.));
#2211 = CARTESIAN_POINT('',(-32.09274739719,28.355593490648,100.));
#2212 = CARTESIAN_POINT('',(-31.69861364721,28.5758121044,100.));
#2213 = CARTESIAN_POINT('',(-31.29072008986,28.76856343081,100.));
#2214 = CARTESIAN_POINT('',(-30.45093173323,29.09774984022,100.));
#2215 = CARTESIAN_POINT('',(-30.01893348071,29.233960987444,100.));
#2216 = CARTESIAN_POINT('',(-29.57830573713,29.340429369852,100.));
#2217 = CARTESIAN_POINT('',(-29.13177487521,29.416496163074,100.));
#2218 = CARTESIAN_POINT('',(-28.23253354922,29.507256304737,100.));
#2219 = CARTESIAN_POINT('',(-27.77980843947,29.521951135804,100.));
#2220 = CARTESIAN_POINT('',(-27.32679243054,29.505677941518,100.));
#2221 = CARTESIAN_POINT('',(-26.87628853673,29.458537577645,100.));
#2222 = CARTESIAN_POINT('',(-26.43108280566,29.381013745918,100.));
#2223 = PCURVE('',#43,#2224);
#2224 = DEFINITIONAL_REPRESENTATION('',(#2225),#2244);
#2225 = B_SPLINE_CURVE_WITH_KNOTS('',5,(#2226,#2227,#2228,#2229,#2230,
    #2231,#2232,#2233,#2234,#2235,#2236,#2237,#2238,#2239,#2240,#2241,
    #2242,#2243),.UNSPECIFIED.,.F.,.F.,(6,4,4,4,6),(0.,0.250999986999,
    0.49999999989,0.749999998705,1.),.UNSPECIFIED.);
#2226 = CARTESIAN_POINT('',(26.243992440402,34.43394650717));
#2227 = CARTESIAN_POINT('',(26.604846318887,34.158920045795));
#2228 = CARTESIAN_POINT('',(26.946860878328,33.859162689906));
#2229 = CARTESIAN_POINT('',(27.267760775954,33.536410416753));
#2230 = CARTESIAN_POINT('',(27.565544470702,33.192676081763));
#2231 = CARTESIAN_POINT('',(28.109259303091,32.470702019974));
#2232 = CARTESIAN_POINT('',(28.355593490648,32.092747397193));
#2233 = CARTESIAN_POINT('',(28.5758121044,31.698613647212));
#2234 = CARTESIAN_POINT('',(28.76856343081,31.290720089867));
#2235 = CARTESIAN_POINT('',(29.09774984022,30.450931733231));
#2236 = CARTESIAN_POINT('',(29.233960987444,30.018933480711));
#2237 = CARTESIAN_POINT('',(29.340429369852,29.578305737138));
#2238 = CARTESIAN_POINT('',(29.416496163074,29.131774875211));
#2239 = CARTESIAN_POINT('',(29.507256304737,28.232533549224));
#2240 = CARTESIAN_POINT('',(29.521951135804,27.779808439472));
#2241 = CARTESIAN_POINT('',(29.505677941518,27.326792430549));
#2242 = CARTESIAN_POINT('',(29.458537577645,26.876288536731));
#2243 = CARTESIAN_POINT('',(29.381013745918,26.431082805669));
#2244 = ( GEOMETRIC_REPRESENTATION_CONTEXT(2) 
PARAMETRIC_REPRESENTATION_CONTEXT() REPRESENTATION_CONTEXT('2D SPACE',''
  ) );
#2245 = PCURVE('',#2246,#2263);
#2246 = B_SPLINE_SURFACE_WITH_KNOTS('',7,1,(
    (#2247,#2248)
    ,(#2249,#2250)
    ,(#2251,#2252)
    ,(#2253,#2254)
    ,(#2255,#2256)
    ,(#2257,#2258)
    ,(#2259,#2260)
    ,(#2261,#2262
    )),.UNSPECIFIED.,.F.,.F.,.F.,(8,8),(2,2),(4.539987242459,
    5.631950497823),(0.,1.),.PIECEWISE_BEZIER_KNOTS.);
#2247 = CARTESIAN_POINT('',(-20.75666896613,23.073287640064,0.));
#2248 = CARTESIAN_POINT('',(-26.54457108245,29.507168268035,102.));
#2249 = CARTESIAN_POINT('',(-21.75560340327,23.247232447616,0.));
#2250 = CARTESIAN_POINT('',(-27.82205381422,29.729616788847,102.));
#2251 = CARTESIAN_POINT('',(-22.78619454024,23.23937674564,0.));
#2252 = CARTESIAN_POINT('',(-29.14002057165,29.719570560338,
    101.99999999999));
#2253 = CARTESIAN_POINT('',(-23.80873995991,23.04281108198,0.));
#2254 = CARTESIAN_POINT('',(-30.44769810034,29.468193461253,102.));
#2255 = CARTESIAN_POINT('',(-24.78164390239,22.661445047317,0.));
#2256 = CARTESIAN_POINT('',(-31.69189185319,28.980485253733,102.));
#2257 = CARTESIAN_POINT('',(-25.66538337679,22.110771153972,0.));
#2258 = CARTESIAN_POINT('',(-32.82205803423,28.276258466237,102.));
#2259 = CARTESIAN_POINT('',(-26.42678602883,21.416187965924,0.));
#2260 = CARTESIAN_POINT('',(-33.79577433006,27.387993936033,102.));
#2261 = CARTESIAN_POINT('',(-27.04142066755,20.609744498186,0.));
#2262 = CARTESIAN_POINT('',(-34.58179702396,26.356677399247,102.));
#2263 = DEFINITIONAL_REPRESENTATION('',(#2264),#2283);
#2264 = B_SPLINE_CURVE_WITH_KNOTS('',5,(#2265,#2266,#2267,#2268,#2269,
    #2270,#2271,#2272,#2273,#2274,#2275,#2276,#2277,#2278,#2279,#2280,
    #2281,#2282),.UNSPECIFIED.,.F.,.F.,(6,4,4,4,6),(0.,0.250999986999,
    0.49999999989,0.749999998705,1.),.UNSPECIFIED.);
#2265 = CARTESIAN_POINT('',(5.631950497823,0.980392156863));
#2266 = CARTESIAN_POINT('',(5.577134144897,0.980392156863));
#2267 = CARTESIAN_POINT('',(5.522316874531,0.980392156863));
#2268 = CARTESIAN_POINT('',(5.467501337412,0.980392156863));
#2269 = CARTESIAN_POINT('',(5.412684073986,0.980392156863));
#2270 = CARTESIAN_POINT('',(5.303488145527,0.980392156863));
#2271 = CARTESIAN_POINT('',(5.2491076931,0.980392156863));
#2272 = CARTESIAN_POINT('',(5.19472889823,0.980392156863));
#2273 = CARTESIAN_POINT('',(5.14034844571,0.980392156863));
#2274 = CARTESIAN_POINT('',(5.031370905787,0.980392156863));
#2275 = CARTESIAN_POINT('',(4.976772047028,0.980392156863));
#2276 = CARTESIAN_POINT('',(4.922174878929,0.980392156863));
#2277 = CARTESIAN_POINT('',(4.867576020276,0.980392156863));
#2278 = CARTESIAN_POINT('',(4.758380091783,0.980392156863));
#2279 = CARTESIAN_POINT('',(4.703781234804,0.980392156863));
#2280 = CARTESIAN_POINT('',(4.649184070541,0.980392156863));
#2281 = CARTESIAN_POINT('',(4.594585206667,0.980392156863));
#2282 = CARTESIAN_POINT('',(4.539987242459,0.980392156863));
#2283 = ( GEOMETRIC_REPRESENTATION_CONTEXT(2) 
PARAMETRIC_REPRESENTATION_CONTEXT() REPRESENTATION_CONTEXT('2D SPACE',''
  ) );
#2284 = ORIENTED_EDGE('',*,*,#2285,.T.);
#2285 = EDGE_CURVE('',#2201,#2286,#2288,.T.);
#2286 = VERTEX_POINT('',#2287);
#2287 = CARTESIAN_POINT('',(-19.77535081173,34.216686094521,100.));
#2288 = SURFACE_CURVE('',#2289,(#2312,#2338),.PCURVE_S1.);
#2289 = B_SPLINE_CURVE_WITH_KNOTS('',6,(#2290,#2291,#2292,#2293,#2294,
    #2295,#2296,#2297,#2298,#2299,#2300,#2301,#2302,#2303,#2304,#2305,
    #2306,#2307,#2308,#2309,#2310,#2311),.UNSPECIFIED.,.F.,.F.,(7,5,5,5,
    7),(0.,0.251999864934,0.500999932039,0.749999999212,1.),
  .UNSPECIFIED.);
#2290 = CARTESIAN_POINT('',(-26.43108280566,29.381013745918,100.));
#2291 = CARTESIAN_POINT('',(-26.05138682754,29.314897150686,100.));
#2292 = CARTESIAN_POINT('',(-25.66633044428,29.279422152585,100.));
#2293 = CARTESIAN_POINT('',(-25.27905747261,29.275143312826,100.));
#2294 = CARTESIAN_POINT('',(-24.89270414889,29.302157611936,100.));
#2295 = CARTESIAN_POINT('',(-24.51039562631,29.360184137124,100.));
#2296 = CARTESIAN_POINT('',(-23.76454560453,29.535733843362,100.));
#2297 = CARTESIAN_POINT('',(-23.40078932581,29.652551273643,100.));
#2298 = CARTESIAN_POINT('',(-23.04696692941,29.798238024403,100.));
#2299 = CARTESIAN_POINT('',(-22.7058996742,29.971697079384,100.));
#2300 = CARTESIAN_POINT('',(-22.3802580803,30.171503220347,100.));
#2301 = CARTESIAN_POINT('',(-21.76479359165,30.620172009631,100.));
#2302 = CARTESIAN_POINT('',(-21.47493354873,30.869061738697,100.));
#2303 = CARTESIAN_POINT('',(-21.20543724315,31.140698734925,100.));
#2304 = CARTESIAN_POINT('',(-20.95847863876,31.432976625554,100.));
#2305 = CARTESIAN_POINT('',(-20.73596535937,31.743545108969,100.));
#2306 = CARTESIAN_POINT('',(-20.34220565824,32.397292323473,100.));
#2307 = CARTESIAN_POINT('',(-20.17114465524,32.74063693108,100.));
#2308 = CARTESIAN_POINT('',(-20.02791060323,33.097131744592,100.));
#2309 = CARTESIAN_POINT('',(-19.91370171309,33.463957146194,100.));
#2310 = CARTESIAN_POINT('',(-19.82937057422,33.838170527423,100.));
#2311 = CARTESIAN_POINT('',(-19.77535081173,34.216686094521,100.));
#2312 = PCURVE('',#43,#2313);
#2313 = DEFINITIONAL_REPRESENTATION('',(#2314),#2337);
#2314 = B_SPLINE_CURVE_WITH_KNOTS('',6,(#2315,#2316,#2317,#2318,#2319,
    #2320,#2321,#2322,#2323,#2324,#2325,#2326,#2327,#2328,#2329,#2330,
    #2331,#2332,#2333,#2334,#2335,#2336),.UNSPECIFIED.,.F.,.F.,(7,5,5,5,
    7),(0.,0.251999864934,0.500999932039,0.749999999212,1.),
  .UNSPECIFIED.);
#2315 = CARTESIAN_POINT('',(29.381013745918,26.431082805669));
#2316 = CARTESIAN_POINT('',(29.314897150686,26.051386827542));
#2317 = CARTESIAN_POINT('',(29.279422152585,25.666330444281));
#2318 = CARTESIAN_POINT('',(29.275143312826,25.279057472615));
#2319 = CARTESIAN_POINT('',(29.302157611936,24.892704148894));
#2320 = CARTESIAN_POINT('',(29.360184137124,24.510395626312));
#2321 = CARTESIAN_POINT('',(29.535733843362,23.764545604535));
#2322 = CARTESIAN_POINT('',(29.652551273643,23.400789325816));
#2323 = CARTESIAN_POINT('',(29.798238024403,23.046966929419));
#2324 = CARTESIAN_POINT('',(29.971697079384,22.705899674201));
#2325 = CARTESIAN_POINT('',(30.171503220347,22.380258080309));
#2326 = CARTESIAN_POINT('',(30.620172009631,21.764793591659));
#2327 = CARTESIAN_POINT('',(30.869061738697,21.474933548732));
#2328 = CARTESIAN_POINT('',(31.140698734925,21.205437243151));
#2329 = CARTESIAN_POINT('',(31.432976625554,20.958478638767));
#2330 = CARTESIAN_POINT('',(31.743545108969,20.735965359376));
#2331 = CARTESIAN_POINT('',(32.397292323473,20.342205658246));
#2332 = CARTESIAN_POINT('',(32.74063693108,20.171144655244));
#2333 = CARTESIAN_POINT('',(33.097131744592,20.02791060323));
#2334 = CARTESIAN_POINT('',(33.463957146194,19.913701713094));
#2335 = CARTESIAN_POINT('',(33.838170527423,19.82937057422));
#2336 = CARTESIAN_POINT('',(34.216686094521,19.77535081173));
#2337 = ( GEOMETRIC_REPRESENTATION_CONTEXT(2) 
PARAMETRIC_REPRESENTATION_CONTEXT() REPRESENTATION_CONTEXT('2D SPACE',''
  ) );
#2338 = PCURVE('',#2339,#2358);
#2339 = B_SPLINE_SURFACE_WITH_KNOTS('',8,1,(
    (#2340,#2341)
    ,(#2342,#2343)
    ,(#2344,#2345)
    ,(#2346,#2347)
    ,(#2348,#2349)
    ,(#2350,#2351)
    ,(#2352,#2353)
    ,(#2354,#2355)
    ,(#2356,#2357
    )),.UNSPECIFIED.,.F.,.F.,.F.,(9,9),(2,2),(2.340872384946,
    3.942312922233),(0.,1.),.PIECEWISE_BEZIER_KNOTS.);
#2340 = CARTESIAN_POINT('',(-15.52983710528,26.870803273707,0.));
#2341 = CARTESIAN_POINT('',(-19.86026108585,34.363603750937,102.));
#2342 = CARTESIAN_POINT('',(-15.6571064944,25.979028804917,0.));
#2343 = CARTESIAN_POINT('',(-20.02301896149,33.223162054105,102.));
#2344 = CARTESIAN_POINT('',(-15.98839390925,25.116370392148,0.));
#2345 = CARTESIAN_POINT('',(-20.44668435532,32.119955292222,102.));
#2346 = CARTESIAN_POINT('',(-16.51592530007,24.337284019947,0.));
#2347 = CARTESIAN_POINT('',(-21.12131545941,31.123624251821,
    101.99999999999));
#2348 = CARTESIAN_POINT('',(-17.21449888363,23.693725033412,0.));
#2349 = CARTESIAN_POINT('',(-22.01468308865,30.300611788131,102.));
#2350 = CARTESIAN_POINT('',(-18.04243096054,23.228212738375,0.));
#2351 = CARTESIAN_POINT('',(-23.0734802349,29.705293520757,
    101.99999999999));
#2352 = CARTESIAN_POINT('',(-18.94640229641,22.967251500683,0.));
#2353 = CARTESIAN_POINT('',(-24.22951983935,29.371564436626,102.));
#2354 = CARTESIAN_POINT('',(-19.86921264242,22.918754555909,0.));
#2355 = CARTESIAN_POINT('',(-25.40965162569,29.309544340823,102.));
#2356 = CARTESIAN_POINT('',(-20.75666896613,23.073287640064,0.));
#2357 = CARTESIAN_POINT('',(-26.54457108245,29.507168268035,102.));
#2358 = DEFINITIONAL_REPRESENTATION('',(#2359),#2382);
#2359 = B_SPLINE_CURVE_WITH_KNOTS('',6,(#2360,#2361,#2362,#2363,#2364,
    #2365,#2366,#2367,#2368,#2369,#2370,#2371,#2372,#2373,#2374,#2375,
    #2376,#2377,#2378,#2379,#2380,#2381),.UNSPECIFIED.,.F.,.F.,(7,5,5,5,
    7),(0.,0.251999864934,0.500999932039,0.749999999212,1.),
  .UNSPECIFIED.);
#2360 = CARTESIAN_POINT('',(3.942312922233,0.980392156863));
#2361 = CARTESIAN_POINT('',(3.875053591271,0.980392156863));
#2362 = CARTESIAN_POINT('',(3.8077900509,0.980392156863));
#2363 = CARTESIAN_POINT('',(3.740531415861,0.980392156863));
#2364 = CARTESIAN_POINT('',(3.673272787157,0.980392156863));
#2365 = CARTESIAN_POINT('',(3.606009238677,0.980392156863));
#2366 = CARTESIAN_POINT('',(3.472291227798,0.980392156863));
#2367 = CARTESIAN_POINT('',(3.405828577246,0.980392156863));
#2368 = CARTESIAN_POINT('',(3.339370564757,0.980392156863));
#2369 = CARTESIAN_POINT('',(3.272912549197,0.980392156863));
#2370 = CARTESIAN_POINT('',(3.206449894544,0.980392156863));
#2371 = CARTESIAN_POINT('',(3.073532531542,0.980392156863));
#2372 = CARTESIAN_POINT('',(3.007069876922,0.980392156863));
#2373 = CARTESIAN_POINT('',(2.940611861442,0.980392156863));
#2374 = CARTESIAN_POINT('',(2.874153849003,0.980392156863));
#2375 = CARTESIAN_POINT('',(2.807691198399,0.980392156863));
#2376 = CARTESIAN_POINT('',(2.674506955602,0.980392156863));
#2377 = CARTESIAN_POINT('',(2.607777338446,0.980392156863));
#2378 = CARTESIAN_POINT('',(2.541052450592,0.980392156863));
#2379 = CARTESIAN_POINT('',(2.474327556751,0.980392156863));
#2380 = CARTESIAN_POINT('',(2.407597947701,0.980392156863));
#2381 = CARTESIAN_POINT('',(2.340872384946,0.980392156863));
#2382 = ( GEOMETRIC_REPRESENTATION_CONTEXT(2) 
PARAMETRIC_REPRESENTATION_CONTEXT() REPRESENTATION_CONTEXT('2D SPACE',''
  ) );
#2383 = ORIENTED_EDGE('',*,*,#2384,.T.);
#2384 = EDGE_CURVE('',#2286,#2385,#2387,.T.);
#2385 = VERTEX_POINT('',#2386);
#2386 = CARTESIAN_POINT('',(-14.31884536993,40.858468871734,100.));
#2387 = SURFACE_CURVE('',#2388,(#2407,#2429),.PCURVE_S1.);
#2388 = B_SPLINE_CURVE_WITH_KNOTS('',5,(#2389,#2390,#2391,#2392,#2393,
    #2394,#2395,#2396,#2397,#2398,#2399,#2400,#2401,#2402,#2403,#2404,
    #2405,#2406),.UNSPECIFIED.,.F.,.F.,(6,4,4,4,6),(0.,0.251999972536,
    0.500999985547,0.749999998566,1.),.UNSPECIFIED.);
#2389 = CARTESIAN_POINT('',(-19.77535081173,34.216686094521,100.));
#2390 = CARTESIAN_POINT('',(-19.71099345485,34.667637011623,100.));
#2391 = CARTESIAN_POINT('',(-19.61561195516,35.114168064723,100.));
#2392 = CARTESIAN_POINT('',(-19.48961699391,35.553412048928,100.));
#2393 = CARTESIAN_POINT('',(-19.33380047808,35.982607593764,100.));
#2394 = CARTESIAN_POINT('',(-18.96706396622,36.810645880851,100.));
#2395 = CARTESIAN_POINT('',(-18.75681610549,37.209802574217,100.));
#2396 = CARTESIAN_POINT('',(-18.51972305575,37.594021960074,100.));
#2397 = CARTESIAN_POINT('',(-18.2572401993,37.960945627849,100.));
#2398 = CARTESIAN_POINT('',(-17.68504470144,38.655886522515,100.));
#2399 = CARTESIAN_POINT('',(-17.37532287597,38.983914903655,100.));
#2400 = CARTESIAN_POINT('',(-17.04375369324,39.290345202086,100.));
#2401 = CARTESIAN_POINT('',(-16.69237237533,39.573296431638,100.));
#2402 = CARTESIAN_POINT('',(-15.95308223449,40.090073247326,100.));
#2403 = CARTESIAN_POINT('',(-15.56502038692,40.32370536309,100.));
#2404 = CARTESIAN_POINT('',(-15.16160082879,40.530444283743,100.));
#2405 = CARTESIAN_POINT('',(-14.74531977983,40.709010967454,100.));
#2406 = CARTESIAN_POINT('',(-14.31884536993,40.858468871734,100.));
#2407 = PCURVE('',#43,#2408);
#2408 = DEFINITIONAL_REPRESENTATION('',(#2409),#2428);
#2409 = B_SPLINE_CURVE_WITH_KNOTS('',5,(#2410,#2411,#2412,#2413,#2414,
    #2415,#2416,#2417,#2418,#2419,#2420,#2421,#2422,#2423,#2424,#2425,
    #2426,#2427),.UNSPECIFIED.,.F.,.F.,(6,4,4,4,6),(0.,0.251999972536,
    0.500999985547,0.749999998566,1.),.UNSPECIFIED.);
#2410 = CARTESIAN_POINT('',(34.216686094521,19.77535081173));
#2411 = CARTESIAN_POINT('',(34.667637011623,19.71099345485));
#2412 = CARTESIAN_POINT('',(35.114168064723,19.61561195516));
#2413 = CARTESIAN_POINT('',(35.553412048928,19.489616993915));
#2414 = CARTESIAN_POINT('',(35.982607593764,19.333800478084));
#2415 = CARTESIAN_POINT('',(36.810645880851,18.967063966222));
#2416 = CARTESIAN_POINT('',(37.209802574217,18.756816105493));
#2417 = CARTESIAN_POINT('',(37.594021960074,18.519723055758));
#2418 = CARTESIAN_POINT('',(37.960945627849,18.257240199302));
#2419 = CARTESIAN_POINT('',(38.655886522515,17.685044701448));
#2420 = CARTESIAN_POINT('',(38.983914903655,17.375322875976));
#2421 = CARTESIAN_POINT('',(39.290345202086,17.043753693244));
#2422 = CARTESIAN_POINT('',(39.573296431638,16.692372375335));
#2423 = CARTESIAN_POINT('',(40.090073247326,15.953082234497));
#2424 = CARTESIAN_POINT('',(40.32370536309,15.565020386921));
#2425 = CARTESIAN_POINT('',(40.530444283743,15.161600828794));
#2426 = CARTESIAN_POINT('',(40.709010967454,14.745319779838));
#2427 = CARTESIAN_POINT('',(40.858468871734,14.318845369932));
#2428 = ( GEOMETRIC_REPRESENTATION_CONTEXT(2) 
PARAMETRIC_REPRESENTATION_CONTEXT() REPRESENTATION_CONTEXT('2D SPACE',''
  ) );
#2429 = PCURVE('',#2430,#2447);
#2430 = B_SPLINE_SURFACE_WITH_KNOTS('',7,1,(
    (#2431,#2432)
    ,(#2433,#2434)
    ,(#2435,#2436)
    ,(#2437,#2438)
    ,(#2439,#2440)
    ,(#2441,#2442)
    ,(#2443,#2444)
    ,(#2445,#2446
    )),.UNSPECIFIED.,.F.,.F.,.F.,(8,8),(2,2),(5.049464524382,
    6.141427779746),(0.,1.),.PIECEWISE_BEZIER_KNOTS.);
#2431 = CARTESIAN_POINT('',(-11.24477326586,32.086680635419,0.));
#2432 = CARTESIAN_POINT('',(-14.38032681201,41.033904636461,102.));
#2433 = CARTESIAN_POINT('',(-12.20167912957,31.751333093663,0.));
#2434 = CARTESIAN_POINT('',(-15.60406149506,40.605046967921,102.));
#2435 = CARTESIAN_POINT('',(-13.09755335571,31.241834149026,0.));
#2436 = CARTESIAN_POINT('',(-16.74974614782,39.953476575079,
    101.99999999999));
#2437 = CARTESIAN_POINT('',(-13.89436586652,30.571515554594,0.));
#2438 = CARTESIAN_POINT('',(-17.76874617943,39.096242709336,102.));
#2439 = CARTESIAN_POINT('',(-14.557710371,29.764077506156,0.));
#2440 = CARTESIAN_POINT('',(-18.61706126216,38.063654257576,
    101.99999999999));
#2441 = CARTESIAN_POINT('',(-15.06063933851,28.852321152151,0.));
#2442 = CARTESIAN_POINT('',(-19.26022966982,36.897658818314,102.));
#2443 = CARTESIAN_POINT('',(-15.38658073064,27.874598281111,0.));
#2444 = CARTESIAN_POINT('',(-19.67705832698,35.647302400741,102.));
#2445 = CARTESIAN_POINT('',(-15.52983710528,26.870803273707,0.));
#2446 = CARTESIAN_POINT('',(-19.86026108585,34.363603750937,102.));
#2447 = DEFINITIONAL_REPRESENTATION('',(#2448),#2467);
#2448 = B_SPLINE_CURVE_WITH_KNOTS('',5,(#2449,#2450,#2451,#2452,#2453,
    #2454,#2455,#2456,#2457,#2458,#2459,#2460,#2461,#2462,#2463,#2464,
    #2465,#2466),.UNSPECIFIED.,.F.,.F.,(6,4,4,4,6),(0.,0.251999972536,
    0.500999985547,0.749999998566,1.),.UNSPECIFIED.);
#2449 = CARTESIAN_POINT('',(6.141427779746,0.980392156863));
#2450 = CARTESIAN_POINT('',(6.086393038163,0.980392156863));
#2451 = CARTESIAN_POINT('',(6.031357361089,0.980392156863));
#2452 = CARTESIAN_POINT('',(5.976323451423,0.980392156863));
#2453 = CARTESIAN_POINT('',(5.921287781334,0.980392156863));
#2454 = CARTESIAN_POINT('',(5.811873464185,0.980392156863));
#2455 = CARTESIAN_POINT('',(5.757493011754,0.980392156863));
#2456 = CARTESIAN_POINT('',(5.703114216887,0.980392156863));
#2457 = CARTESIAN_POINT('',(5.648733764377,0.980392156863));
#2458 = CARTESIAN_POINT('',(5.539974613239,0.980392156863));
#2459 = CARTESIAN_POINT('',(5.485594160709,0.980392156863));
#2460 = CARTESIAN_POINT('',(5.431215365835,0.980392156863));
#2461 = CARTESIAN_POINT('',(5.376834913414,0.980392156863));
#2462 = CARTESIAN_POINT('',(5.267857373706,0.980392156863));
#2463 = CARTESIAN_POINT('',(5.213258516727,0.980392156863));
#2464 = CARTESIAN_POINT('',(5.158661352464,0.980392156863));
#2465 = CARTESIAN_POINT('',(5.10406248859,0.980392156863));
#2466 = CARTESIAN_POINT('',(5.049464524382,0.980392156863));
#2467 = ( GEOMETRIC_REPRESENTATION_CONTEXT(2) 
PARAMETRIC_REPRESENTATION_CONTEXT() REPRESENTATION_CONTEXT('2D SPACE',''
  ) );
#2468 = ORIENTED_EDGE('',*,*,#2469,.F.);
#2469 = EDGE_CURVE('',#2470,#2385,#2472,.T.);
#2470 = VERTEX_POINT('',#2471);
#2471 = CARTESIAN_POINT('',(-12.43181618995,41.471601819675,100.));
#2472 = SURFACE_CURVE('',#2473,(#2478,#2485),.PCURVE_S1.);
#2473 = CIRCLE('',#2474,43.294847398628);
#2474 = AXIS2_PLACEMENT_3D('',#2475,#2476,#2477);
#2475 = CARTESIAN_POINT('',(0.,-1.7763568394E-15,100.));
#2476 = DIRECTION('',(0.,-0.,1.));
#2477 = DIRECTION('',(0.951056516295,0.309016994375,0.));
#2478 = PCURVE('',#43,#2479);
#2479 = DEFINITIONAL_REPRESENTATION('',(#2480),#2484);
#2480 = CIRCLE('',#2481,43.294847398628);
#2481 = AXIS2_PLACEMENT_2D('',#2482,#2483);
#2482 = CARTESIAN_POINT('',(-1.7763568394E-15,-3.944304526105E-31));
#2483 = DIRECTION('',(0.309016994375,-0.951056516295));
#2484 = ( GEOMETRIC_REPRESENTATION_CONTEXT(2) 
PARAMETRIC_REPRESENTATION_CONTEXT() REPRESENTATION_CONTEXT('2D SPACE',''
  ) );
#2485 = PCURVE('',#2486,#2491);
#2486 = CONICAL_SURFACE('',#2487,34.,9.268217940919E-02);
#2487 = AXIS2_PLACEMENT_3D('',#2488,#2489,#2490);
#2488 = CARTESIAN_POINT('',(0.,-1.7763568394E-15,0.));
#2489 = DIRECTION('',(0.,-0.,1.));
#2490 = DIRECTION('',(0.951056516295,0.309016994375,0.));
#2491 = DEFINITIONAL_REPRESENTATION('',(#2492),#2496);
#2492 = LINE('',#2493,#2494);
#2493 = CARTESIAN_POINT('',(0.,100.));
#2494 = VECTOR('',#2495,1.);
#2495 = DIRECTION('',(1.,0.));
#2496 = ( GEOMETRIC_REPRESENTATION_CONTEXT(2) 
PARAMETRIC_REPRESENTATION_CONTEXT() REPRESENTATION_CONTEXT('2D SPACE',''
  ) );
#2497 = ORIENTED_EDGE('',*,*,#2498,.T.);
#2498 = EDGE_CURVE('',#2470,#2499,#2501,.T.);
#2499 = VERTEX_POINT('',#2500);
#2500 = CARTESIAN_POINT('',(-4.113468592264,39.305540107705,100.));
#2501 = SURFACE_CURVE('',#2502,(#2521,#2543),.PCURVE_S1.);
#2502 = B_SPLINE_CURVE_WITH_KNOTS('',5,(#2503,#2504,#2505,#2506,#2507,
    #2508,#2509,#2510,#2511,#2512,#2513,#2514,#2515,#2516,#2517,#2518,
    #2519,#2520),.UNSPECIFIED.,.F.,.F.,(6,4,4,4,6),(0.,0.251999972536,
    0.500999985547,0.749999998566,1.),.UNSPECIFIED.);
#2503 = CARTESIAN_POINT('',(-12.43181618995,41.471601819675,100.));
#2504 = CARTESIAN_POINT('',(-11.99547904937,41.602401279801,100.));
#2505 = CARTESIAN_POINT('',(-11.55013625211,41.70318523089,100.));
#2506 = CARTESIAN_POINT('',(-11.09856271145,41.773123384241,100.));
#2507 = CARTESIAN_POINT('',(-10.6435972345,41.811775901592,100.));
#2508 = CARTESIAN_POINT('',(-9.73809663267,41.826326987132,100.));
#2509 = CARTESIAN_POINT('',(-9.287558556432,41.802967392538,100.));
#2510 = CARTESIAN_POINT('',(-8.839315094423,41.748972490308,100.));
#2511 = CARTESIAN_POINT('',(-8.396117674471,41.66467376639,100.));
#2512 = CARTESIAN_POINT('',(-7.525221190064,41.436880333009,100.));
#2513 = CARTESIAN_POINT('',(-7.097508147174,41.293381967343,100.));
#2514 = CARTESIAN_POINT('',(-6.680232847958,41.120990043521,100.));
#2515 = CARTESIAN_POINT('',(-6.275956655569,40.920762699864,100.));
#2516 = CARTESIAN_POINT('',(-5.496669344045,40.466538662996,100.));
#2517 = CARTESIAN_POINT('',(-5.121769631488,40.212321888204,100.));
#2518 = CARTESIAN_POINT('',(-4.764837125155,39.932880468377,100.));
#2519 = CARTESIAN_POINT('',(-4.428080229697,39.629943567996,100.));
#2520 = CARTESIAN_POINT('',(-4.113468592264,39.305540107705,100.));
#2521 = PCURVE('',#43,#2522);
#2522 = DEFINITIONAL_REPRESENTATION('',(#2523),#2542);
#2523 = B_SPLINE_CURVE_WITH_KNOTS('',5,(#2524,#2525,#2526,#2527,#2528,
    #2529,#2530,#2531,#2532,#2533,#2534,#2535,#2536,#2537,#2538,#2539,
    #2540,#2541),.UNSPECIFIED.,.F.,.F.,(6,4,4,4,6),(0.,0.251999972536,
    0.500999985547,0.749999998566,1.),.UNSPECIFIED.);
#2524 = CARTESIAN_POINT('',(41.471601819675,12.431816189954));
#2525 = CARTESIAN_POINT('',(41.602401279801,11.995479049373));
#2526 = CARTESIAN_POINT('',(41.70318523089,11.550136252117));
#2527 = CARTESIAN_POINT('',(41.773123384241,11.098562711455));
#2528 = CARTESIAN_POINT('',(41.811775901592,10.643597234507));
#2529 = CARTESIAN_POINT('',(41.826326987132,9.73809663267));
#2530 = CARTESIAN_POINT('',(41.802967392538,9.287558556432));
#2531 = CARTESIAN_POINT('',(41.748972490308,8.839315094423));
#2532 = CARTESIAN_POINT('',(41.66467376639,8.396117674471));
#2533 = CARTESIAN_POINT('',(41.436880333009,7.525221190064));
#2534 = CARTESIAN_POINT('',(41.293381967343,7.097508147174));
#2535 = CARTESIAN_POINT('',(41.120990043521,6.680232847958));
#2536 = CARTESIAN_POINT('',(40.920762699864,6.275956655569));
#2537 = CARTESIAN_POINT('',(40.466538662996,5.496669344045));
#2538 = CARTESIAN_POINT('',(40.212321888204,5.121769631488));
#2539 = CARTESIAN_POINT('',(39.932880468377,4.764837125155));
#2540 = CARTESIAN_POINT('',(39.629943567996,4.428080229697));
#2541 = CARTESIAN_POINT('',(39.305540107705,4.113468592264));
#2542 = ( GEOMETRIC_REPRESENTATION_CONTEXT(2) 
PARAMETRIC_REPRESENTATION_CONTEXT() REPRESENTATION_CONTEXT('2D SPACE',''
  ) );
#2543 = PCURVE('',#2544,#2561);
#2544 = B_SPLINE_SURFACE_WITH_KNOTS('',7,1,(
    (#2545,#2546)
    ,(#2547,#2548)
    ,(#2549,#2550)
    ,(#2551,#2552)
    ,(#2553,#2554)
    ,(#2555,#2556)
    ,(#2557,#2558)
    ,(#2559,#2560
    )),.UNSPECIFIED.,.F.,.F.,.F.,(8,8),(2,2),(3.911668711741,
    5.003631967105),(0.,1.),.PIECEWISE_BEZIER_KNOTS.);
#2545 = CARTESIAN_POINT('',(-3.230359743488,30.867145721925,0.));
#2546 = CARTESIAN_POINT('',(-4.13113076924,39.474307995421,102.));
#2547 = CARTESIAN_POINT('',(-3.936272486804,31.595028957472,0.));
#2548 = CARTESIAN_POINT('',(-5.033884049331,40.40515813892,102.));
#2549 = CARTESIAN_POINT('',(-4.774655696633,32.194439832526,0.));
#2550 = CARTESIAN_POINT('',(-6.106046579069,41.171711992355,102.));
#2551 = CARTESIAN_POINT('',(-5.717450716875,32.636451987597,0.));
#2552 = CARTESIAN_POINT('',(-7.311735674551,41.736977213318,102.));
#2553 = CARTESIAN_POINT('',(-6.728707871136,32.899778973765,0.));
#2554 = CARTESIAN_POINT('',(-8.604977256701,42.073731724058,102.));
#2555 = CARTESIAN_POINT('',(-7.767346117856,32.973723465611,0.));
#2556 = CARTESIAN_POINT('',(-9.93323502359,42.168295298933,102.));
#2557 = CARTESIAN_POINT('',(-8.791599557346,32.859335112401,0.));
#2558 = CARTESIAN_POINT('',(-11.2430968456,42.022010277105,102.));
#2559 = CARTESIAN_POINT('',(-9.762865002542,32.568181818182,0.));
#2560 = CARTESIAN_POINT('',(-12.4851952137,41.649670219705,102.));
#2561 = DEFINITIONAL_REPRESENTATION('',(#2562),#2581);
#2562 = B_SPLINE_CURVE_WITH_KNOTS('',5,(#2563,#2564,#2565,#2566,#2567,
    #2568,#2569,#2570,#2571,#2572,#2573,#2574,#2575,#2576,#2577,#2578,
    #2579,#2580),.UNSPECIFIED.,.F.,.F.,(6,4,4,4,6),(0.,0.251999972536,
    0.500999985547,0.749999998566,1.),.UNSPECIFIED.);
#2563 = CARTESIAN_POINT('',(5.003631967105,0.980392156863));
#2564 = CARTESIAN_POINT('',(4.948597225522,0.980392156863));
#2565 = CARTESIAN_POINT('',(4.893561548449,0.980392156863));
#2566 = CARTESIAN_POINT('',(4.838527638782,0.980392156863));
#2567 = CARTESIAN_POINT('',(4.783491968694,0.980392156863));
#2568 = CARTESIAN_POINT('',(4.674077651544,0.980392156863));
#2569 = CARTESIAN_POINT('',(4.619697199113,0.980392156863));
#2570 = CARTESIAN_POINT('',(4.565318404246,0.980392156863));
#2571 = CARTESIAN_POINT('',(4.510937951736,0.980392156863));
#2572 = CARTESIAN_POINT('',(4.402178800598,0.980392156863));
#2573 = CARTESIAN_POINT('',(4.347798348068,0.980392156863));
#2574 = CARTESIAN_POINT('',(4.293419553194,0.980392156863));
#2575 = CARTESIAN_POINT('',(4.239039100773,0.980392156863));
#2576 = CARTESIAN_POINT('',(4.130061561065,0.980392156863));
#2577 = CARTESIAN_POINT('',(4.075462704086,0.980392156863));
#2578 = CARTESIAN_POINT('',(4.020865539823,0.980392156863));
#2579 = CARTESIAN_POINT('',(3.966266675949,0.980392156863));
#2580 = CARTESIAN_POINT('',(3.911668711741,0.980392156863));
#2581 = ( GEOMETRIC_REPRESENTATION_CONTEXT(2) 
PARAMETRIC_REPRESENTATION_CONTEXT() REPRESENTATION_CONTEXT('2D SPACE',''
  ) );
#2582 = ORIENTED_EDGE('',*,*,#2583,.T.);
#2583 = EDGE_CURVE('',#2499,#2584,#2586,.T.);
#2584 = VERTEX_POINT('',#2585);
#2585 = CARTESIAN_POINT('',(4.113468592264,39.305540107705,100.));
#2586 = SURFACE_CURVE('',#2587,(#2610,#2636),.PCURVE_S1.);
#2587 = B_SPLINE_CURVE_WITH_KNOTS('',6,(#2588,#2589,#2590,#2591,#2592,
    #2593,#2594,#2595,#2596,#2597,#2598,#2599,#2600,#2601,#2602,#2603,
    #2604,#2605,#2606,#2607,#2608,#2609),.UNSPECIFIED.,.F.,.F.,(7,5,5,5,
    7),(0.,0.250999932868,0.499999999354,0.749999999861,1.),
  .UNSPECIFIED.);
#2588 = CARTESIAN_POINT('',(-4.113468592264,39.305540107705,100.));
#2589 = CARTESIAN_POINT('',(-3.846215134866,39.029968780903,100.));
#2590 = CARTESIAN_POINT('',(-3.55679153407,38.775865079529,100.));
#2591 = CARTESIAN_POINT('',(-3.247388698563,38.545497950269,100.));
#2592 = CARTESIAN_POINT('',(-2.92045632066,38.340768008375,100.));
#2593 = CARTESIAN_POINT('',(-2.578654317397,38.163268451253,100.));
#2594 = CARTESIAN_POINT('',(-1.873948297442,37.866354108786,100.));
#2595 = CARTESIAN_POINT('',(-1.511191245824,37.746469731729,100.));
#2596 = CARTESIAN_POINT('',(-1.139455170762,37.655765773255,100.));
#2597 = CARTESIAN_POINT('',(-0.761666090528,37.595017709541,100.));
#2598 = CARTESIAN_POINT('',(-0.380821552458,37.564647008155,100.));
#2599 = CARTESIAN_POINT('',(0.382350854965,37.564647008155,100.));
#2600 = CARTESIAN_POINT('',(0.764725158269,37.595262125095,100.));
#2601 = CARTESIAN_POINT('',(1.144006813054,37.656499179565,100.));
#2602 = CARTESIAN_POINT('',(1.517162281491,37.747929743904,100.));
#2603 = CARTESIAN_POINT('',(1.881230933762,37.868766039493,100.));
#2604 = CARTESIAN_POINT('',(2.585460561354,38.16680854644,100.));
#2605 = CARTESIAN_POINT('',(2.925664716663,38.344033034114,100.));
#2606 = CARTESIAN_POINT('',(3.251085892817,38.548252533252,100.));
#2607 = CARTESIAN_POINT('',(3.559097387073,38.777890215814,100.));
#2608 = CARTESIAN_POINT('',(3.847279818275,39.031066601011,100.));
#2609 = CARTESIAN_POINT('',(4.113468592264,39.305540107705,100.));
#2610 = PCURVE('',#43,#2611);
#2611 = DEFINITIONAL_REPRESENTATION('',(#2612),#2635);
#2612 = B_SPLINE_CURVE_WITH_KNOTS('',6,(#2613,#2614,#2615,#2616,#2617,
    #2618,#2619,#2620,#2621,#2622,#2623,#2624,#2625,#2626,#2627,#2628,
    #2629,#2630,#2631,#2632,#2633,#2634),.UNSPECIFIED.,.F.,.F.,(7,5,5,5,
    7),(0.,0.250999932868,0.499999999354,0.749999999861,1.),
  .UNSPECIFIED.);
#2613 = CARTESIAN_POINT('',(39.305540107705,4.113468592264));
#2614 = CARTESIAN_POINT('',(39.029968780903,3.846215134866));
#2615 = CARTESIAN_POINT('',(38.775865079529,3.55679153407));
#2616 = CARTESIAN_POINT('',(38.545497950269,3.247388698563));
#2617 = CARTESIAN_POINT('',(38.340768008375,2.92045632066));
#2618 = CARTESIAN_POINT('',(38.163268451253,2.578654317397));
#2619 = CARTESIAN_POINT('',(37.866354108786,1.873948297442));
#2620 = CARTESIAN_POINT('',(37.746469731729,1.511191245824));
#2621 = CARTESIAN_POINT('',(37.655765773255,1.139455170762));
#2622 = CARTESIAN_POINT('',(37.595017709541,0.761666090528));
#2623 = CARTESIAN_POINT('',(37.564647008155,0.380821552458));
#2624 = CARTESIAN_POINT('',(37.564647008155,-0.382350854965));
#2625 = CARTESIAN_POINT('',(37.595262125095,-0.764725158269));
#2626 = CARTESIAN_POINT('',(37.656499179565,-1.144006813054));
#2627 = CARTESIAN_POINT('',(37.747929743904,-1.517162281491));
#2628 = CARTESIAN_POINT('',(37.868766039493,-1.881230933762));
#2629 = CARTESIAN_POINT('',(38.16680854644,-2.585460561354));
#2630 = CARTESIAN_POINT('',(38.344033034114,-2.925664716663));
#2631 = CARTESIAN_POINT('',(38.548252533252,-3.251085892817));
#2632 = CARTESIAN_POINT('',(38.777890215814,-3.559097387073));
#2633 = CARTESIAN_POINT('',(39.031066601011,-3.847279818275));
#2634 = CARTESIAN_POINT('',(39.305540107705,-4.113468592264));
#2635 = ( GEOMETRIC_REPRESENTATION_CONTEXT(2) 
PARAMETRIC_REPRESENTATION_CONTEXT() REPRESENTATION_CONTEXT('2D SPACE',''
  ) );
#2636 = PCURVE('',#2637,#2656);
#2637 = B_SPLINE_SURFACE_WITH_KNOTS('',8,1,(
    (#2638,#2639)
    ,(#2640,#2641)
    ,(#2642,#2643)
    ,(#2644,#2645)
    ,(#2646,#2647)
    ,(#2648,#2649)
    ,(#2650,#2651)
    ,(#2652,#2653)
    ,(#2654,#2655
    )),.UNSPECIFIED.,.F.,.F.,.F.,(9,9),(2,2),(2.340872384946,
    3.942312922233),(0.,1.),.PIECEWISE_BEZIER_KNOTS.);
#2638 = CARTESIAN_POINT('',(3.230359743488,30.867145721925,0.));
#2639 = CARTESIAN_POINT('',(4.13113076924,39.474307995421,102.));
#2640 = CARTESIAN_POINT('',(2.603224763698,30.22049209152,0.));
#2641 = CARTESIAN_POINT('',(3.329122071385,38.647337960584,102.));
#2642 = CARTESIAN_POINT('',(1.82814972227,29.717312631967,0.));
#2643 = CARTESIAN_POINT('',(2.33792090298,38.003849212311,
    101.99999999999));
#2644 = CARTESIAN_POINT('',(0.943432382189,29.397093688418,0.));
#2645 = CARTESIAN_POINT('',(1.20650418289,37.594338682329,102.));
#2646 = CARTESIAN_POINT('',(-5.573319583618E-14,29.287054781483,0.));
#2647 = CARTESIAN_POINT('',(-4.130029651606E-14,37.453615929958,
    101.99999999999));
#2648 = CARTESIAN_POINT('',(-0.943432382189,29.397093688418,0.));
#2649 = CARTESIAN_POINT('',(-1.20650418289,37.594338682328,102.));
#2650 = CARTESIAN_POINT('',(-1.82814972227,29.717312631967,0.));
#2651 = CARTESIAN_POINT('',(-2.33792090298,38.003849212311,102.));
#2652 = CARTESIAN_POINT('',(-2.603224763698,30.22049209152,0.));
#2653 = CARTESIAN_POINT('',(-3.329122071385,38.647337960584,102.));
#2654 = CARTESIAN_POINT('',(-3.230359743488,30.867145721925,0.));
#2655 = CARTESIAN_POINT('',(-4.13113076924,39.474307995421,102.));
#2656 = DEFINITIONAL_REPRESENTATION('',(#2657),#2680);
#2657 = B_SPLINE_CURVE_WITH_KNOTS('',6,(#2658,#2659,#2660,#2661,#2662,
    #2663,#2664,#2665,#2666,#2667,#2668,#2669,#2670,#2671,#2672,#2673,
    #2674,#2675,#2676,#2677,#2678,#2679),.UNSPECIFIED.,.F.,.F.,(7,5,5,5,
    7),(0.,0.250999932868,0.499999999354,0.749999999861,1.),
  .UNSPECIFIED.);
#2658 = CARTESIAN_POINT('',(3.942312922233,0.980392156863));
#2659 = CARTESIAN_POINT('',(3.875320475197,0.980392156863));
#2660 = CARTESIAN_POINT('',(3.808323900949,0.980392156863));
#2661 = CARTESIAN_POINT('',(3.741332136226,0.980392156863));
#2662 = CARTESIAN_POINT('',(3.67434037766,0.980392156863));
#2663 = CARTESIAN_POINT('',(3.607343795305,0.980392156863));
#2664 = CARTESIAN_POINT('',(3.473892668289,0.980392156863));
#2665 = CARTESIAN_POINT('',(3.407430017711,0.980392156863));
#2666 = CARTESIAN_POINT('',(3.340972005248,0.980392156863));
#2667 = CARTESIAN_POINT('',(3.274513989728,0.980392156863));
#2668 = CARTESIAN_POINT('',(3.208051335091,0.980392156863));
#2669 = CARTESIAN_POINT('',(3.074867087434,0.980392156863));
#2670 = CARTESIAN_POINT('',(3.008137468467,0.980392156863));
#2671 = CARTESIAN_POINT('',(2.941412581655,0.980392156863));
#2672 = CARTESIAN_POINT('',(2.874687697935,0.980392156863));
#2673 = CARTESIAN_POINT('',(2.807958083032,0.980392156863));
#2674 = CARTESIAN_POINT('',(2.674506955602,0.980392156863));
#2675 = CARTESIAN_POINT('',(2.607777338446,0.980392156863));
#2676 = CARTESIAN_POINT('',(2.541052450592,0.980392156863));
#2677 = CARTESIAN_POINT('',(2.474327556752,0.980392156863));
#2678 = CARTESIAN_POINT('',(2.407597947701,0.980392156863));
#2679 = CARTESIAN_POINT('',(2.340872384946,0.980392156863));
#2680 = ( GEOMETRIC_REPRESENTATION_CONTEXT(2) 
PARAMETRIC_REPRESENTATION_CONTEXT() REPRESENTATION_CONTEXT('2D SPACE',''
  ) );
#2681 = ORIENTED_EDGE('',*,*,#2682,.T.);
#2682 = EDGE_CURVE('',#2584,#2683,#2685,.T.);
#2683 = VERTEX_POINT('',#2684);
#2684 = CARTESIAN_POINT('',(12.431816189954,41.471601819675,100.));
#2685 = SURFACE_CURVE('',#2686,(#2705,#2727),.PCURVE_S1.);
#2686 = B_SPLINE_CURVE_WITH_KNOTS('',5,(#2687,#2688,#2689,#2690,#2691,
    #2692,#2693,#2694,#2695,#2696,#2697,#2698,#2699,#2700,#2701,#2702,
    #2703,#2704),.UNSPECIFIED.,.F.,.F.,(6,4,4,4,6),(0.,0.251999972536,
    0.500999985547,0.749999998566,1.),.UNSPECIFIED.);
#2687 = CARTESIAN_POINT('',(4.113468592264,39.305540107705,100.));
#2688 = CARTESIAN_POINT('',(4.430597086274,39.632538758019,100.));
#2689 = CARTESIAN_POINT('',(4.770226708175,39.937726129634,100.));
#2690 = CARTESIAN_POINT('',(5.130339909101,40.219023997449,100.));
#2691 = CARTESIAN_POINT('',(5.508672930017,40.474663837063,100.));
#2692 = CARTESIAN_POINT('',(6.292077694055,40.92899857016,100.));
#2693 = CARTESIAN_POINT('',(6.69679020413,41.128342526649,100.));
#2694 = CARTESIAN_POINT('',(7.114440999265,41.299822741321,100.));
#2695 = CARTESIAN_POINT('',(7.542466411505,41.442386672184,100.));
#2696 = CARTESIAN_POINT('',(8.413858302474,41.668277590988,100.));
#2697 = CARTESIAN_POINT('',(8.857238767577,41.751608204642,100.));
#2698 = CARTESIAN_POINT('',(9.305599081491,41.80462404794,100.));
#2699 = CARTESIAN_POINT('',(9.756187099035,41.826999644629,100.));
#2700 = CARTESIAN_POINT('',(10.658039177734,41.81053702887,100.));
#2701 = CARTESIAN_POINT('',(11.1093133194,41.771452349972,100.));
#2702 = CARTESIAN_POINT('',(11.557204686422,41.701583583425,100.));
#2703 = CARTESIAN_POINT('',(11.9989419927,41.601363203792,100.));
#2704 = CARTESIAN_POINT('',(12.431816189954,41.471601819675,100.));
#2705 = PCURVE('',#43,#2706);
#2706 = DEFINITIONAL_REPRESENTATION('',(#2707),#2726);
#2707 = B_SPLINE_CURVE_WITH_KNOTS('',5,(#2708,#2709,#2710,#2711,#2712,
    #2713,#2714,#2715,#2716,#2717,#2718,#2719,#2720,#2721,#2722,#2723,
    #2724,#2725),.UNSPECIFIED.,.F.,.F.,(6,4,4,4,6),(0.,0.251999972536,
    0.500999985547,0.749999998566,1.),.UNSPECIFIED.);
#2708 = CARTESIAN_POINT('',(39.305540107705,-4.113468592264));
#2709 = CARTESIAN_POINT('',(39.632538758019,-4.430597086274));
#2710 = CARTESIAN_POINT('',(39.937726129634,-4.770226708175));
#2711 = CARTESIAN_POINT('',(40.219023997449,-5.130339909101));
#2712 = CARTESIAN_POINT('',(40.474663837063,-5.508672930017));
#2713 = CARTESIAN_POINT('',(40.92899857016,-6.292077694055));
#2714 = CARTESIAN_POINT('',(41.128342526649,-6.69679020413));
#2715 = CARTESIAN_POINT('',(41.299822741321,-7.114440999265));
#2716 = CARTESIAN_POINT('',(41.442386672184,-7.542466411505));
#2717 = CARTESIAN_POINT('',(41.668277590988,-8.413858302474));
#2718 = CARTESIAN_POINT('',(41.751608204642,-8.857238767577));
#2719 = CARTESIAN_POINT('',(41.80462404794,-9.305599081491));
#2720 = CARTESIAN_POINT('',(41.826999644629,-9.756187099035));
#2721 = CARTESIAN_POINT('',(41.81053702887,-10.65803917773));
#2722 = CARTESIAN_POINT('',(41.771452349972,-11.1093133194));
#2723 = CARTESIAN_POINT('',(41.701583583425,-11.55720468642));
#2724 = CARTESIAN_POINT('',(41.601363203792,-11.9989419927));
#2725 = CARTESIAN_POINT('',(41.471601819675,-12.43181618995));
#2726 = ( GEOMETRIC_REPRESENTATION_CONTEXT(2) 
PARAMETRIC_REPRESENTATION_CONTEXT() REPRESENTATION_CONTEXT('2D SPACE',''
  ) );
#2727 = PCURVE('',#2728,#2745);
#2728 = B_SPLINE_SURFACE_WITH_KNOTS('',7,1,(
    (#2729,#2730)
    ,(#2731,#2732)
    ,(#2733,#2734)
    ,(#2735,#2736)
    ,(#2737,#2738)
    ,(#2739,#2740)
    ,(#2741,#2742)
    ,(#2743,#2744
    )),.UNSPECIFIED.,.F.,.F.,.F.,(8,8),(2,2),(4.421145993664,
    5.513109249028),(0.,1.),.PIECEWISE_BEZIER_KNOTS.);
#2729 = CARTESIAN_POINT('',(9.762865002542,32.568181818182,0.));
#2730 = CARTESIAN_POINT('',(12.485195213703,41.649670219705,102.));
#2731 = CARTESIAN_POINT('',(8.791599557346,32.859335112401,0.));
#2732 = CARTESIAN_POINT('',(11.243096845607,42.022010277105,102.));
#2733 = CARTESIAN_POINT('',(7.767346117856,32.973723465611,0.));
#2734 = CARTESIAN_POINT('',(9.93323502359,42.168295298933,102.));
#2735 = CARTESIAN_POINT('',(6.728707871136,32.899778973765,0.));
#2736 = CARTESIAN_POINT('',(8.604977256701,42.073731724057,102.));
#2737 = CARTESIAN_POINT('',(5.717450716875,32.636451987597,0.));
#2738 = CARTESIAN_POINT('',(7.311735674551,41.736977213318,102.));
#2739 = CARTESIAN_POINT('',(4.774655696633,32.194439832526,0.));
#2740 = CARTESIAN_POINT('',(6.106046579069,41.171711992355,102.));
#2741 = CARTESIAN_POINT('',(3.936272486804,31.595028957472,0.));
#2742 = CARTESIAN_POINT('',(5.033884049331,40.40515813892,102.));
#2743 = CARTESIAN_POINT('',(3.230359743488,30.867145721925,0.));
#2744 = CARTESIAN_POINT('',(4.13113076924,39.474307995421,102.));
#2745 = DEFINITIONAL_REPRESENTATION('',(#2746),#2765);
#2746 = B_SPLINE_CURVE_WITH_KNOTS('',5,(#2747,#2748,#2749,#2750,#2751,
    #2752,#2753,#2754,#2755,#2756,#2757,#2758,#2759,#2760,#2761,#2762,
    #2763,#2764),.UNSPECIFIED.,.F.,.F.,(6,4,4,4,6),(0.,0.251999972536,
    0.500999985547,0.749999998566,1.),.UNSPECIFIED.);
#2747 = CARTESIAN_POINT('',(5.513109249028,0.980392156863));
#2748 = CARTESIAN_POINT('',(5.458074507445,0.980392156863));
#2749 = CARTESIAN_POINT('',(5.403038830371,0.980392156863));
#2750 = CARTESIAN_POINT('',(5.348004920705,0.980392156863));
#2751 = CARTESIAN_POINT('',(5.292969250617,0.980392156863));
#2752 = CARTESIAN_POINT('',(5.183554933467,0.980392156863));
#2753 = CARTESIAN_POINT('',(5.129174481036,0.980392156863));
#2754 = CARTESIAN_POINT('',(5.074795686169,0.980392156863));
#2755 = CARTESIAN_POINT('',(5.020415233659,0.980392156863));
#2756 = CARTESIAN_POINT('',(4.911656082521,0.980392156863));
#2757 = CARTESIAN_POINT('',(4.857275629991,0.980392156863));
#2758 = CARTESIAN_POINT('',(4.802896835117,0.980392156863));
#2759 = CARTESIAN_POINT('',(4.748516382696,0.980392156863));
#2760 = CARTESIAN_POINT('',(4.639538842988,0.980392156863));
#2761 = CARTESIAN_POINT('',(4.584939986009,0.980392156863));
#2762 = CARTESIAN_POINT('',(4.530342821746,0.980392156863));
#2763 = CARTESIAN_POINT('',(4.475743957872,0.980392156863));
#2764 = CARTESIAN_POINT('',(4.421145993664,0.980392156863));
#2765 = ( GEOMETRIC_REPRESENTATION_CONTEXT(2) 
PARAMETRIC_REPRESENTATION_CONTEXT() REPRESENTATION_CONTEXT('2D SPACE',''
  ) );
#2766 = ORIENTED_EDGE('',*,*,#2767,.F.);
#2767 = EDGE_CURVE('',#2768,#2683,#2770,.T.);
#2768 = VERTEX_POINT('',#2769);
#2769 = CARTESIAN_POINT('',(14.318845369932,40.858468871734,100.));
#2770 = SURFACE_CURVE('',#2771,(#2776,#2783),.PCURVE_S1.);
#2771 = CIRCLE('',#2772,43.294847398628);
#2772 = AXIS2_PLACEMENT_3D('',#2773,#2774,#2775);
#2773 = CARTESIAN_POINT('',(0.,-1.7763568394E-15,100.));
#2774 = DIRECTION('',(0.,-0.,1.));
#2775 = DIRECTION('',(0.951056516295,0.309016994375,0.));
#2776 = PCURVE('',#43,#2777);
#2777 = DEFINITIONAL_REPRESENTATION('',(#2778),#2782);
#2778 = CIRCLE('',#2779,43.294847398628);
#2779 = AXIS2_PLACEMENT_2D('',#2780,#2781);
#2780 = CARTESIAN_POINT('',(-1.7763568394E-15,-3.944304526105E-31));
#2781 = DIRECTION('',(0.309016994375,-0.951056516295));
#2782 = ( GEOMETRIC_REPRESENTATION_CONTEXT(2) 
PARAMETRIC_REPRESENTATION_CONTEXT() REPRESENTATION_CONTEXT('2D SPACE',''
  ) );
#2783 = PCURVE('',#2784,#2789);
#2784 = CONICAL_SURFACE('',#2785,34.,9.268217940919E-02);
#2785 = AXIS2_PLACEMENT_3D('',#2786,#2787,#2788);
#2786 = CARTESIAN_POINT('',(0.,-1.7763568394E-15,0.));
#2787 = DIRECTION('',(0.,-0.,1.));
#2788 = DIRECTION('',(0.951056516295,0.309016994375,0.));
#2789 = DEFINITIONAL_REPRESENTATION('',(#2790),#2794);
#2790 = LINE('',#2791,#2792);
#2791 = CARTESIAN_POINT('',(0.,100.));
#2792 = VECTOR('',#2793,1.);
#2793 = DIRECTION('',(1.,0.));
#2794 = ( GEOMETRIC_REPRESENTATION_CONTEXT(2) 
PARAMETRIC_REPRESENTATION_CONTEXT() REPRESENTATION_CONTEXT('2D SPACE',''
  ) );
#2795 = ORIENTED_EDGE('',*,*,#2796,.T.);
#2796 = EDGE_CURVE('',#2768,#2797,#2799,.T.);
#2797 = VERTEX_POINT('',#2798);
#2798 = CARTESIAN_POINT('',(19.77535081173,34.216686094521,100.));
#2799 = SURFACE_CURVE('',#2800,(#2819,#2841),.PCURVE_S1.);
#2800 = B_SPLINE_CURVE_WITH_KNOTS('',5,(#2801,#2802,#2803,#2804,#2805,
    #2806,#2807,#2808,#2809,#2810,#2811,#2812,#2813,#2814,#2815,#2816,
    #2817,#2818),.UNSPECIFIED.,.F.,.F.,(6,4,4,4,6),(0.,0.251999972536,
    0.500999985547,0.749999998566,1.),.UNSPECIFIED.);
#2801 = CARTESIAN_POINT('',(14.318845369932,40.858468871734,100.));
#2802 = CARTESIAN_POINT('',(14.748731525609,40.70781532157,100.));
#2803 = CARTESIAN_POINT('',(15.16826073703,40.527585322319,100.));
#2804 = CARTESIAN_POINT('',(15.574700020747,40.318738209408,100.));
#2805 = CARTESIAN_POINT('',(15.965494203116,40.082586755169,100.));
#2806 = CARTESIAN_POINT('',(16.706612491903,39.562118930956,100.));
#2807 = CARTESIAN_POINT('',(17.057375026991,39.278400985139,100.));
#2808 = CARTESIAN_POINT('',(17.388274198144,38.971247295219,100.));
#2809 = CARTESIAN_POINT('',(17.697278896042,38.642543287664,100.));
#2810 = CARTESIAN_POINT('',(18.267955331558,37.946354419043,100.));
#2811 = CARTESIAN_POINT('',(18.529636228906,37.578858383731,100.));
#2812 = CARTESIAN_POINT('',(18.765889606867,37.194122120642,100.));
#2813 = CARTESIAN_POINT('',(18.975265237224,36.794507213145,100.));
#2814 = CARTESIAN_POINT('',(19.33873572564,35.968978659052,100.));
#2815 = CARTESIAN_POINT('',(19.492611093177,35.542952445861,100.));
#2816 = CARTESIAN_POINT('',(19.617124011191,35.107079925002,100.));
#2817 = CARTESIAN_POINT('',(19.711504220171,34.664058087612,100.));
#2818 = CARTESIAN_POINT('',(19.77535081173,34.216686094521,100.));
#2819 = PCURVE('',#43,#2820);
#2820 = DEFINITIONAL_REPRESENTATION('',(#2821),#2840);
#2821 = B_SPLINE_CURVE_WITH_KNOTS('',5,(#2822,#2823,#2824,#2825,#2826,
    #2827,#2828,#2829,#2830,#2831,#2832,#2833,#2834,#2835,#2836,#2837,
    #2838,#2839),.UNSPECIFIED.,.F.,.F.,(6,4,4,4,6),(0.,0.251999972536,
    0.500999985547,0.749999998566,1.),.UNSPECIFIED.);
#2822 = CARTESIAN_POINT('',(40.858468871734,-14.31884536993));
#2823 = CARTESIAN_POINT('',(40.70781532157,-14.7487315256));
#2824 = CARTESIAN_POINT('',(40.527585322319,-15.16826073703));
#2825 = CARTESIAN_POINT('',(40.318738209408,-15.57470002074));
#2826 = CARTESIAN_POINT('',(40.082586755169,-15.96549420311));
#2827 = CARTESIAN_POINT('',(39.562118930956,-16.7066124919));
#2828 = CARTESIAN_POINT('',(39.278400985139,-17.05737502699));
#2829 = CARTESIAN_POINT('',(38.971247295219,-17.38827419814));
#2830 = CARTESIAN_POINT('',(38.642543287664,-17.69727889604));
#2831 = CARTESIAN_POINT('',(37.946354419043,-18.26795533155));
#2832 = CARTESIAN_POINT('',(37.578858383731,-18.5296362289));
#2833 = CARTESIAN_POINT('',(37.194122120642,-18.76588960686));
#2834 = CARTESIAN_POINT('',(36.794507213145,-18.97526523722));
#2835 = CARTESIAN_POINT('',(35.968978659052,-19.33873572564));
#2836 = CARTESIAN_POINT('',(35.542952445861,-19.49261109317));
#2837 = CARTESIAN_POINT('',(35.107079925002,-19.61712401119));
#2838 = CARTESIAN_POINT('',(34.664058087612,-19.71150422017));
#2839 = CARTESIAN_POINT('',(34.216686094521,-19.77535081173));
#2840 = ( GEOMETRIC_REPRESENTATION_CONTEXT(2) 
PARAMETRIC_REPRESENTATION_CONTEXT() REPRESENTATION_CONTEXT('2D SPACE',''
  ) );
#2841 = PCURVE('',#2842,#2859);
#2842 = B_SPLINE_SURFACE_WITH_KNOTS('',7,1,(
    (#2843,#2844)
    ,(#2845,#2846)
    ,(#2847,#2848)
    ,(#2849,#2850)
    ,(#2851,#2852)
    ,(#2853,#2854)
    ,(#2855,#2856)
    ,(#2857,#2858
    )),.UNSPECIFIED.,.F.,.F.,.F.,(8,8),(2,2),(3.283350181023,
    4.375313436387),(0.,1.),.PIECEWISE_BEZIER_KNOTS.);
#2843 = CARTESIAN_POINT('',(15.529837105284,26.870803273707,0.));
#2844 = CARTESIAN_POINT('',(19.860261085859,34.363603750937,102.));
#2845 = CARTESIAN_POINT('',(15.386580730641,27.874598281111,0.));
#2846 = CARTESIAN_POINT('',(19.677058326981,35.647302400741,102.));
#2847 = CARTESIAN_POINT('',(15.06063933851,28.852321152151,0.));
#2848 = CARTESIAN_POINT('',(19.260229669827,36.897658818314,
    101.99999999999));
#2849 = CARTESIAN_POINT('',(14.557710371007,29.764077506156,0.));
#2850 = CARTESIAN_POINT('',(18.617061262166,38.063654257576,102.));
#2851 = CARTESIAN_POINT('',(13.894365866527,30.571515554594,0.));
#2852 = CARTESIAN_POINT('',(17.76874617943,39.096242709336,102.));
#2853 = CARTESIAN_POINT('',(13.097553355719,31.241834149026,0.));
#2854 = CARTESIAN_POINT('',(16.749746147823,39.953476575079,102.));
#2855 = CARTESIAN_POINT('',(12.201679129573,31.751333093663,0.));
#2856 = CARTESIAN_POINT('',(15.604061495065,40.605046967921,102.));
#2857 = CARTESIAN_POINT('',(11.244773265863,32.086680635419,0.));
#2858 = CARTESIAN_POINT('',(14.380326812014,41.033904636461,102.));
#2859 = DEFINITIONAL_REPRESENTATION('',(#2860),#2879);
#2860 = B_SPLINE_CURVE_WITH_KNOTS('',5,(#2861,#2862,#2863,#2864,#2865,
    #2866,#2867,#2868,#2869,#2870,#2871,#2872,#2873,#2874,#2875,#2876,
    #2877,#2878),.UNSPECIFIED.,.F.,.F.,(6,4,4,4,6),(0.,0.251999972536,
    0.500999985547,0.749999998566,1.),.UNSPECIFIED.);
#2861 = CARTESIAN_POINT('',(4.375313436387,0.980392156863));
#2862 = CARTESIAN_POINT('',(4.320278694804,0.980392156863));
#2863 = CARTESIAN_POINT('',(4.265243017731,0.980392156863));
#2864 = CARTESIAN_POINT('',(4.210209108064,0.980392156863));
#2865 = CARTESIAN_POINT('',(4.155173437976,0.980392156863));
#2866 = CARTESIAN_POINT('',(4.045759120826,0.980392156863));
#2867 = CARTESIAN_POINT('',(3.991378668395,0.980392156863));
#2868 = CARTESIAN_POINT('',(3.936999873528,0.980392156863));
#2869 = CARTESIAN_POINT('',(3.882619421019,0.980392156863));
#2870 = CARTESIAN_POINT('',(3.77386026988,0.980392156863));
#2871 = CARTESIAN_POINT('',(3.71947981735,0.980392156863));
#2872 = CARTESIAN_POINT('',(3.665101022476,0.980392156863));
#2873 = CARTESIAN_POINT('',(3.610720570055,0.980392156863));
#2874 = CARTESIAN_POINT('',(3.501743030347,0.980392156863));
#2875 = CARTESIAN_POINT('',(3.447144173368,0.980392156863));
#2876 = CARTESIAN_POINT('',(3.392547009105,0.980392156863));
#2877 = CARTESIAN_POINT('',(3.337948145231,0.980392156863));
#2878 = CARTESIAN_POINT('',(3.283350181023,0.980392156863));
#2879 = ( GEOMETRIC_REPRESENTATION_CONTEXT(2) 
PARAMETRIC_REPRESENTATION_CONTEXT() REPRESENTATION_CONTEXT('2D SPACE',''
  ) );
#2880 = ORIENTED_EDGE('',*,*,#2881,.T.);
#2881 = EDGE_CURVE('',#2797,#2882,#2884,.T.);
#2882 = VERTEX_POINT('',#2883);
#2883 = CARTESIAN_POINT('',(26.431082805669,29.381013745918,100.));
#2884 = SURFACE_CURVE('',#2885,(#2908,#2934),.PCURVE_S1.);
#2885 = B_SPLINE_CURVE_WITH_KNOTS('',6,(#2886,#2887,#2888,#2889,#2890,
    #2891,#2892,#2893,#2894,#2895,#2896,#2897,#2898,#2899,#2900,#2901,
    #2902,#2903,#2904,#2905,#2906,#2907),.UNSPECIFIED.,.F.,.F.,(7,5,5,5,
    7),(0.,0.251999864934,0.500999932038,0.749999999212,1.),
  .UNSPECIFIED.);
#2886 = CARTESIAN_POINT('',(19.77535081173,34.216686094521,100.));
#2887 = CARTESIAN_POINT('',(19.829802702936,33.835142608775,100.));
#2888 = CARTESIAN_POINT('',(19.915052941047,33.457969849045,100.));
#2889 = CARTESIAN_POINT('',(20.030657452319,33.088329131555,100.));
#2890 = CARTESIAN_POINT('',(20.175739320383,32.729233162955,100.));
#2891 = CARTESIAN_POINT('',(20.349065655854,32.383567333724,100.));
#2892 = CARTESIAN_POINT('',(20.746503679889,31.728469652921,100.));
#2893 = CARTESIAN_POINT('',(20.970010530109,31.418615444898,100.));
#2894 = CARTESIAN_POINT('',(21.217903997235,31.127130031034,100.));
#2895 = CARTESIAN_POINT('',(21.488268939872,30.85635759128,100.));
#2896 = CARTESIAN_POINT('',(21.778924658819,30.608397524571,100.));
#2897 = CARTESIAN_POINT('',(22.395823020952,30.161702292827,100.));
#2898 = CARTESIAN_POINT('',(22.722102898874,29.962940166194,100.));
#2899 = CARTESIAN_POINT('',(23.06372397255,29.790574396789,100.));
#2900 = CARTESIAN_POINT('',(23.418011170662,29.646021642119,100.));
#2901 = CARTESIAN_POINT('',(23.782139735377,29.530369877084,100.));
#2902 = CARTESIAN_POINT('',(24.52556872309,29.357901146777,100.));
#2903 = CARTESIAN_POINT('',(24.904969606491,29.301311783865,100.));
#2904 = CARTESIAN_POINT('',(25.288278078154,29.275251061124,100.));
#2905 = CARTESIAN_POINT('',(25.672442254649,29.279987235005,100.));
#2906 = CARTESIAN_POINT('',(26.05440008442,29.315421850174,100.));
#2907 = CARTESIAN_POINT('',(26.431082805669,29.381013745918,100.));
#2908 = PCURVE('',#43,#2909);
#2909 = DEFINITIONAL_REPRESENTATION('',(#2910),#2933);
#2910 = B_SPLINE_CURVE_WITH_KNOTS('',6,(#2911,#2912,#2913,#2914,#2915,
    #2916,#2917,#2918,#2919,#2920,#2921,#2922,#2923,#2924,#2925,#2926,
    #2927,#2928,#2929,#2930,#2931,#2932),.UNSPECIFIED.,.F.,.F.,(7,5,5,5,
    7),(0.,0.251999864934,0.500999932038,0.749999999212,1.),
  .UNSPECIFIED.);
#2911 = CARTESIAN_POINT('',(34.216686094521,-19.77535081173));
#2912 = CARTESIAN_POINT('',(33.835142608775,-19.82980270293));
#2913 = CARTESIAN_POINT('',(33.457969849045,-19.91505294104));
#2914 = CARTESIAN_POINT('',(33.088329131555,-20.03065745231));
#2915 = CARTESIAN_POINT('',(32.729233162955,-20.17573932038));
#2916 = CARTESIAN_POINT('',(32.383567333724,-20.34906565585));
#2917 = CARTESIAN_POINT('',(31.728469652921,-20.74650367988));
#2918 = CARTESIAN_POINT('',(31.418615444898,-20.9700105301));
#2919 = CARTESIAN_POINT('',(31.127130031034,-21.21790399723));
#2920 = CARTESIAN_POINT('',(30.85635759128,-21.48826893987));
#2921 = CARTESIAN_POINT('',(30.608397524571,-21.77892465881));
#2922 = CARTESIAN_POINT('',(30.161702292827,-22.39582302095));
#2923 = CARTESIAN_POINT('',(29.962940166194,-22.72210289887));
#2924 = CARTESIAN_POINT('',(29.790574396789,-23.06372397255));
#2925 = CARTESIAN_POINT('',(29.646021642119,-23.41801117066));
#2926 = CARTESIAN_POINT('',(29.530369877084,-23.78213973537));
#2927 = CARTESIAN_POINT('',(29.357901146777,-24.52556872309));
#2928 = CARTESIAN_POINT('',(29.301311783866,-24.90496960649));
#2929 = CARTESIAN_POINT('',(29.275251061124,-25.28827807815));
#2930 = CARTESIAN_POINT('',(29.279987235005,-25.67244225464));
#2931 = CARTESIAN_POINT('',(29.315421850174,-26.05440008442));
#2932 = CARTESIAN_POINT('',(29.381013745918,-26.43108280566));
#2933 = ( GEOMETRIC_REPRESENTATION_CONTEXT(2) 
PARAMETRIC_REPRESENTATION_CONTEXT() REPRESENTATION_CONTEXT('2D SPACE',''
  ) );
#2934 = PCURVE('',#2935,#2954);
#2935 = B_SPLINE_SURFACE_WITH_KNOTS('',8,1,(
    (#2936,#2937)
    ,(#2938,#2939)
    ,(#2940,#2941)
    ,(#2942,#2943)
    ,(#2944,#2945)
    ,(#2946,#2947)
    ,(#2948,#2949)
    ,(#2950,#2951)
    ,(#2952,#2953
    )),.UNSPECIFIED.,.F.,.F.,.F.,(9,9),(2,2),(2.340872384946,
    3.942312922233),(0.,1.),.PIECEWISE_BEZIER_KNOTS.);
#2936 = CARTESIAN_POINT('',(20.756668966137,23.073287640064,0.));
#2937 = CARTESIAN_POINT('',(26.544571082459,29.507168268035,102.));
#2938 = CARTESIAN_POINT('',(19.869212642426,22.918754555909,0.));
#2939 = CARTESIAN_POINT('',(25.409651625693,29.309544340823,102.));
#2940 = CARTESIAN_POINT('',(18.946402296413,22.967251500683,0.));
#2941 = CARTESIAN_POINT('',(24.229519839359,29.371564436625,102.));
#2942 = CARTESIAN_POINT('',(18.042430960546,23.228212738376,0.));
#2943 = CARTESIAN_POINT('',(23.073480234903,29.705293520758,
    101.99999999999));
#2944 = CARTESIAN_POINT('',(17.214498883638,23.693725033411,0.));
#2945 = CARTESIAN_POINT('',(22.014683088656,30.300611788129,102.));
#2946 = CARTESIAN_POINT('',(16.515925300077,24.337284019948,0.));
#2947 = CARTESIAN_POINT('',(21.121315459418,31.123624251823,
    101.99999999999));
#2948 = CARTESIAN_POINT('',(15.988393909257,25.116370392148,0.));
#2949 = CARTESIAN_POINT('',(20.446684355328,32.119955292221,102.));
#2950 = CARTESIAN_POINT('',(15.657106494408,25.979028804917,0.));
#2951 = CARTESIAN_POINT('',(20.023018961495,33.223162054106,102.));
#2952 = CARTESIAN_POINT('',(15.529837105284,26.870803273707,0.));
#2953 = CARTESIAN_POINT('',(19.860261085859,34.363603750937,102.));
#2954 = DEFINITIONAL_REPRESENTATION('',(#2955),#2978);
#2955 = B_SPLINE_CURVE_WITH_KNOTS('',6,(#2956,#2957,#2958,#2959,#2960,
    #2961,#2962,#2963,#2964,#2965,#2966,#2967,#2968,#2969,#2970,#2971,
    #2972,#2973,#2974,#2975,#2976,#2977),.UNSPECIFIED.,.F.,.F.,(7,5,5,5,
    7),(0.,0.251999864934,0.500999932038,0.749999999212,1.),
  .UNSPECIFIED.);
#2956 = CARTESIAN_POINT('',(3.942312922233,0.980392156863));
#2957 = CARTESIAN_POINT('',(3.875053591271,0.980392156863));
#2958 = CARTESIAN_POINT('',(3.8077900509,0.980392156863));
#2959 = CARTESIAN_POINT('',(3.740531415861,0.980392156863));
#2960 = CARTESIAN_POINT('',(3.673272787157,0.980392156863));
#2961 = CARTESIAN_POINT('',(3.606009238677,0.980392156863));
#2962 = CARTESIAN_POINT('',(3.472291227798,0.980392156863));
#2963 = CARTESIAN_POINT('',(3.405828577246,0.980392156863));
#2964 = CARTESIAN_POINT('',(3.339370564757,0.980392156863));
#2965 = CARTESIAN_POINT('',(3.272912549197,0.980392156863));
#2966 = CARTESIAN_POINT('',(3.206449894544,0.980392156863));
#2967 = CARTESIAN_POINT('',(3.073532531542,0.980392156863));
#2968 = CARTESIAN_POINT('',(3.007069876922,0.980392156863));
#2969 = CARTESIAN_POINT('',(2.940611861442,0.980392156863));
#2970 = CARTESIAN_POINT('',(2.874153849003,0.980392156863));
#2971 = CARTESIAN_POINT('',(2.807691198399,0.980392156863));
#2972 = CARTESIAN_POINT('',(2.674506955602,0.980392156863));
#2973 = CARTESIAN_POINT('',(2.607777338446,0.980392156863));
#2974 = CARTESIAN_POINT('',(2.541052450592,0.980392156863));
#2975 = CARTESIAN_POINT('',(2.474327556752,0.980392156863));
#2976 = CARTESIAN_POINT('',(2.407597947701,0.980392156863));
#2977 = CARTESIAN_POINT('',(2.340872384946,0.980392156863));
#2978 = ( GEOMETRIC_REPRESENTATION_CONTEXT(2) 
PARAMETRIC_REPRESENTATION_CONTEXT() REPRESENTATION_CONTEXT('2D SPACE',''
  ) );
#2979 = ORIENTED_EDGE('',*,*,#2980,.T.);
#2980 = EDGE_CURVE('',#2882,#2981,#2983,.T.);
#2981 = VERTEX_POINT('',#2982);
#2982 = CARTESIAN_POINT('',(34.43394650717,26.243992440402,100.));
#2983 = SURFACE_CURVE('',#2984,(#3003,#3025),.PCURVE_S1.);
#2984 = B_SPLINE_CURVE_WITH_KNOTS('',5,(#2985,#2986,#2987,#2988,#2989,
    #2990,#2991,#2992,#2993,#2994,#2995,#2996,#2997,#2998,#2999,#3000,
    #3001,#3002),.UNSPECIFIED.,.F.,.F.,(6,4,4,4,6),(0.,0.251999972536,
    0.500999985547,0.749999998566,1.),.UNSPECIFIED.);
#2985 = CARTESIAN_POINT('',(26.431082805669,29.381013745918,100.));
#2986 = CARTESIAN_POINT('',(26.879850130897,29.459157759299,100.));
#2987 = CARTESIAN_POINT('',(27.334000903029,29.506430246409,100.));
#2988 = CARTESIAN_POINT('',(27.790681340681,29.522335773293,100.));
#2989 = CARTESIAN_POINT('',(28.247020511758,29.50677417783,100.));
#2990 = CARTESIAN_POINT('',(29.147859535058,29.413864931163,100.));
#2991 = CARTESIAN_POINT('',(29.592450271303,29.337253534849,100.));
#2992 = CARTESIAN_POINT('',(30.031130403525,29.230494964728,100.));
#2993 = CARTESIAN_POINT('',(30.461207212122,29.094244582661,100.));
#2994 = CARTESIAN_POINT('',(31.298953411376,28.76480287237,100.));
#2995 = CARTESIAN_POINT('',(31.706636248388,28.571606256426,100.));
#2996 = CARTESIAN_POINT('',(32.100529292776,28.350957394392,100.));
#2997 = CARTESIAN_POINT('',(32.478214702176,28.104210640801,100.));
#2998 = CARTESIAN_POINT('',(33.198151877499,27.560796753272,100.));
#2999 = CARTESIAN_POINT('',(33.540266929381,27.263924298611,100.));
#3000 = CARTESIAN_POINT('',(33.861550826364,26.944135338934,100.));
#3001 = CARTESIAN_POINT('',(34.160015753065,26.60340867461,100.));
#3002 = CARTESIAN_POINT('',(34.43394650717,26.243992440402,100.));
#3003 = PCURVE('',#43,#3004);
#3004 = DEFINITIONAL_REPRESENTATION('',(#3005),#3024);
#3005 = B_SPLINE_CURVE_WITH_KNOTS('',5,(#3006,#3007,#3008,#3009,#3010,
    #3011,#3012,#3013,#3014,#3015,#3016,#3017,#3018,#3019,#3020,#3021,
    #3022,#3023),.UNSPECIFIED.,.F.,.F.,(6,4,4,4,6),(0.,0.251999972536,
    0.500999985547,0.749999998566,1.),.UNSPECIFIED.);
#3006 = CARTESIAN_POINT('',(29.381013745918,-26.43108280566));
#3007 = CARTESIAN_POINT('',(29.459157759299,-26.87985013089));
#3008 = CARTESIAN_POINT('',(29.506430246409,-27.33400090302));
#3009 = CARTESIAN_POINT('',(29.522335773293,-27.79068134068));
#3010 = CARTESIAN_POINT('',(29.50677417783,-28.24702051175));
#3011 = CARTESIAN_POINT('',(29.413864931163,-29.14785953505));
#3012 = CARTESIAN_POINT('',(29.337253534849,-29.5924502713));
#3013 = CARTESIAN_POINT('',(29.230494964728,-30.03113040352));
#3014 = CARTESIAN_POINT('',(29.094244582661,-30.46120721212));
#3015 = CARTESIAN_POINT('',(28.76480287237,-31.29895341137));
#3016 = CARTESIAN_POINT('',(28.571606256426,-31.70663624838));
#3017 = CARTESIAN_POINT('',(28.350957394392,-32.10052929277));
#3018 = CARTESIAN_POINT('',(28.104210640801,-32.47821470217));
#3019 = CARTESIAN_POINT('',(27.560796753272,-33.19815187749));
#3020 = CARTESIAN_POINT('',(27.263924298611,-33.54026692938));
#3021 = CARTESIAN_POINT('',(26.944135338934,-33.86155082636));
#3022 = CARTESIAN_POINT('',(26.60340867461,-34.16001575306));
#3023 = CARTESIAN_POINT('',(26.243992440402,-34.43394650717));
#3024 = ( GEOMETRIC_REPRESENTATION_CONTEXT(2) 
PARAMETRIC_REPRESENTATION_CONTEXT() REPRESENTATION_CONTEXT('2D SPACE',''
  ) );
#3025 = PCURVE('',#3026,#3043);
#3026 = B_SPLINE_SURFACE_WITH_KNOTS('',7,1,(
    (#3027,#3028)
    ,(#3029,#3030)
    ,(#3031,#3032)
    ,(#3033,#3034)
    ,(#3035,#3036)
    ,(#3037,#3038)
    ,(#3039,#3040)
    ,(#3041,#3042
    )),.UNSPECIFIED.,.F.,.F.,.F.,(8,8),(2,2),(3.792827462946,
    4.88479071831),(0.,1.),.PIECEWISE_BEZIER_KNOTS.);
#3027 = CARTESIAN_POINT('',(27.041420667552,20.609744498186,0.));
#3028 = CARTESIAN_POINT('',(34.581797023962,26.356677399247,102.));
#3029 = CARTESIAN_POINT('',(26.426786028838,21.416187965924,0.));
#3030 = CARTESIAN_POINT('',(33.795774330065,27.387993936033,102.));
#3031 = CARTESIAN_POINT('',(25.665383376794,22.110771153972,0.));
#3032 = CARTESIAN_POINT('',(32.822058034231,28.276258466237,
    101.99999999999));
#3033 = CARTESIAN_POINT('',(24.781643902395,22.661445047318,0.));
#3034 = CARTESIAN_POINT('',(31.691891853192,28.980485253734,102.));
#3035 = CARTESIAN_POINT('',(23.808739959914,23.042811081979,0.));
#3036 = CARTESIAN_POINT('',(30.447698100345,29.468193461251,
    101.99999999999));
#3037 = CARTESIAN_POINT('',(22.786194540242,23.23937674564,0.));
#3038 = CARTESIAN_POINT('',(29.140020571652,29.719570560339,102.));
#3039 = CARTESIAN_POINT('',(21.75560340327,23.247232447616,0.));
#3040 = CARTESIAN_POINT('',(27.822053814225,29.729616788846,102.));
#3041 = CARTESIAN_POINT('',(20.756668966137,23.073287640064,0.));
#3042 = CARTESIAN_POINT('',(26.544571082459,29.507168268035,102.));
#3043 = DEFINITIONAL_REPRESENTATION('',(#3044),#3063);
#3044 = B_SPLINE_CURVE_WITH_KNOTS('',5,(#3045,#3046,#3047,#3048,#3049,
    #3050,#3051,#3052,#3053,#3054,#3055,#3056,#3057,#3058,#3059,#3060,
    #3061,#3062),.UNSPECIFIED.,.F.,.F.,(6,4,4,4,6),(0.,0.251999972536,
    0.500999985547,0.749999998566,1.),.UNSPECIFIED.);
#3045 = CARTESIAN_POINT('',(4.88479071831,0.980392156863));
#3046 = CARTESIAN_POINT('',(4.829755976727,0.980392156863));
#3047 = CARTESIAN_POINT('',(4.774720299653,0.980392156863));
#3048 = CARTESIAN_POINT('',(4.719686389987,0.980392156863));
#3049 = CARTESIAN_POINT('',(4.664650719899,0.980392156863));
#3050 = CARTESIAN_POINT('',(4.555236402749,0.980392156863));
#3051 = CARTESIAN_POINT('',(4.500855950318,0.980392156863));
#3052 = CARTESIAN_POINT('',(4.446477155451,0.980392156863));
#3053 = CARTESIAN_POINT('',(4.392096702941,0.980392156863));
#3054 = CARTESIAN_POINT('',(4.283337551803,0.980392156863));
#3055 = CARTESIAN_POINT('',(4.228957099273,0.980392156863));
#3056 = CARTESIAN_POINT('',(4.174578304399,0.980392156863));
#3057 = CARTESIAN_POINT('',(4.120197851978,0.980392156863));
#3058 = CARTESIAN_POINT('',(4.01122031227,0.980392156863));
#3059 = CARTESIAN_POINT('',(3.956621455291,0.980392156863));
#3060 = CARTESIAN_POINT('',(3.902024291028,0.980392156863));
#3061 = CARTESIAN_POINT('',(3.847425427154,0.980392156863));
#3062 = CARTESIAN_POINT('',(3.792827462946,0.980392156863));
#3063 = ( GEOMETRIC_REPRESENTATION_CONTEXT(2) 
PARAMETRIC_REPRESENTATION_CONTEXT() REPRESENTATION_CONTEXT('2D SPACE',''
  ) );
#3064 = ORIENTED_EDGE('',*,*,#3065,.F.);
#3065 = EDGE_CURVE('',#113,#2981,#3066,.T.);
#3066 = SURFACE_CURVE('',#3067,(#3072,#3079),.PCURVE_S1.);
#3067 = CIRCLE('',#3068,43.294847398628);
#3068 = AXIS2_PLACEMENT_3D('',#3069,#3070,#3071);
#3069 = CARTESIAN_POINT('',(0.,-1.7763568394E-15,100.));
#3070 = DIRECTION('',(0.,-0.,1.));
#3071 = DIRECTION('',(0.951056516295,0.309016994375,0.));
#3072 = PCURVE('',#43,#3073);
#3073 = DEFINITIONAL_REPRESENTATION('',(#3074),#3078);
#3074 = CIRCLE('',#3075,43.294847398628);
#3075 = AXIS2_PLACEMENT_2D('',#3076,#3077);
#3076 = CARTESIAN_POINT('',(-1.7763568394E-15,-3.944304526105E-31));
#3077 = DIRECTION('',(0.309016994375,-0.951056516295));
#3078 = ( GEOMETRIC_REPRESENTATION_CONTEXT(2) 
PARAMETRIC_REPRESENTATION_CONTEXT() REPRESENTATION_CONTEXT('2D SPACE',''
  ) );
#3079 = PCURVE('',#3080,#3085);
#3080 = CONICAL_SURFACE('',#3081,34.,9.268217940919E-02);
#3081 = AXIS2_PLACEMENT_3D('',#3082,#3083,#3084);
#3082 = CARTESIAN_POINT('',(0.,-1.7763568394E-15,0.));
#3083 = DIRECTION('',(0.,-0.,1.));
#3084 = DIRECTION('',(0.951056516295,0.309016994375,0.));
#3085 = DEFINITIONAL_REPRESENTATION('',(#3086),#3090);
#3086 = LINE('',#3087,#3088);
#3087 = CARTESIAN_POINT('',(0.,100.));
#3088 = VECTOR('',#3089,1.);
#3089 = DIRECTION('',(1.,0.));
#3090 = ( GEOMETRIC_REPRESENTATION_CONTEXT(2) 
PARAMETRIC_REPRESENTATION_CONTEXT() REPRESENTATION_CONTEXT('2D SPACE',''
  ) );
#3091 = ADVANCED_FACE('',(#3092,#3095),#93,.F.);
#3092 = FACE_BOUND('',#3093,.F.);
#3093 = EDGE_LOOP('',(#3094));
#3094 = ORIENTED_EDGE('',*,*,#78,.T.);
#3095 = FACE_BOUND('',#3096,.F.);
#3096 = EDGE_LOOP('',(#3097));
#3097 = ORIENTED_EDGE('',*,*,#3098,.F.);
#3098 = EDGE_CURVE('',#3099,#3099,#3101,.T.);
#3099 = VERTEX_POINT('',#3100);
#3100 = CARTESIAN_POINT('',(1.,-2.449293598295E-16,-15.));
#3101 = SURFACE_CURVE('',#3102,(#3107,#3114),.PCURVE_S1.);
#3102 = CIRCLE('',#3103,1.);
#3103 = AXIS2_PLACEMENT_3D('',#3104,#3105,#3106);
#3104 = CARTESIAN_POINT('',(0.,0.,-15.));
#3105 = DIRECTION('',(0.,0.,1.));
#3106 = DIRECTION('',(1.,0.,-0.));
#3107 = PCURVE('',#93,#3108);
#3108 = DEFINITIONAL_REPRESENTATION('',(#3109),#3113);
#3109 = CIRCLE('',#3110,1.);
#3110 = AXIS2_PLACEMENT_2D('',#3111,#3112);
#3111 = CARTESIAN_POINT('',(0.,0.));
#3112 = DIRECTION('',(2.22044604925E-16,-1.));
#3113 = ( GEOMETRIC_REPRESENTATION_CONTEXT(2) 
PARAMETRIC_REPRESENTATION_CONTEXT() REPRESENTATION_CONTEXT('2D SPACE',''
  ) );
#3114 = PCURVE('',#3115,#3120);
#3115 = CYLINDRICAL_SURFACE('',#3116,1.);
#3116 = AXIS2_PLACEMENT_3D('',#3117,#3118,#3119);
#3117 = CARTESIAN_POINT('',(0.,0.,-16.));
#3118 = DIRECTION('',(0.,0.,1.));
#3119 = DIRECTION('',(1.,0.,-0.));
#3120 = DEFINITIONAL_REPRESENTATION('',(#3121),#3125);
#3121 = LINE('',#3122,#3123);
#3122 = CARTESIAN_POINT('',(0.,1.));
#3123 = VECTOR('',#3124,1.);
#3124 = DIRECTION('',(1.,0.));
#3125 = ( GEOMETRIC_REPRESENTATION_CONTEXT(2) 
PARAMETRIC_REPRESENTATION_CONTEXT() REPRESENTATION_CONTEXT('2D SPACE',''
  ) );
#3126 = ADVANCED_FACE('',(#3127),#160,.F.);
#3127 = FACE_BOUND('',#3128,.F.);
#3128 = EDGE_LOOP('',(#3129,#3164,#3183,#3184));
#3129 = ORIENTED_EDGE('',*,*,#3130,.F.);
#3130 = EDGE_CURVE('',#3131,#3133,#3135,.T.);
#3131 = VERTEX_POINT('',#3132);
#3132 = CARTESIAN_POINT('',(27.957290342493,19.349158036088,0.));
#3133 = VERTEX_POINT('',#3134);
#3134 = CARTESIAN_POINT('',(28.358164019586,12.610727279945,0.));
#3135 = SURFACE_CURVE('',#3136,(#3141,#3148),.PCURVE_S1.);
#3136 = CIRCLE('',#3137,6.5);
#3137 = AXIS2_PLACEMENT_3D('',#3138,#3139,#3140);
#3138 = CARTESIAN_POINT('',(22.612514247605,15.650054293895,0.));
#3139 = DIRECTION('',(0.,0.,-1.));
#3140 = DIRECTION('',(-1.,0.,0.));
#3141 = PCURVE('',#160,#3142);
#3142 = DEFINITIONAL_REPRESENTATION('',(#3143),#3147);
#3143 = LINE('',#3144,#3145);
#3144 = CARTESIAN_POINT('',(6.28318530718,0.));
#3145 = VECTOR('',#3146,1.);
#3146 = DIRECTION('',(-1.,0.));
#3147 = ( GEOMETRIC_REPRESENTATION_CONTEXT(2) 
PARAMETRIC_REPRESENTATION_CONTEXT() REPRESENTATION_CONTEXT('2D SPACE',''
  ) );
#3148 = PCURVE('',#3149,#3154);
#3149 = PLANE('',#3150);
#3150 = AXIS2_PLACEMENT_3D('',#3151,#3152,#3153);
#3151 = CARTESIAN_POINT('',(32.335921554035,10.506577808748,0.));
#3152 = DIRECTION('',(0.,-0.,1.));
#3153 = DIRECTION('',(0.951056516295,0.309016994375,0.));
#3154 = DEFINITIONAL_REPRESENTATION('',(#3155),#3163);
#3155 = ( BOUNDED_CURVE() B_SPLINE_CURVE(2,(#3156,#3157,#3158,#3159,
#3160,#3161,#3162),.UNSPECIFIED.,.T.,.F.) B_SPLINE_CURVE_WITH_KNOTS((1,2
    ,2,2,2,1),(-2.094395102393,0.,2.094395102393,4.188790204786,
6.28318530718,8.377580409573),.UNSPECIFIED.) CURVE() 
GEOMETRIC_REPRESENTATION_ITEM() RATIONAL_B_SPLINE_CURVE((1.,0.5,1.,0.5,
1.,0.5,1.)) REPRESENTATION_ITEM('') );
#3156 = CARTESIAN_POINT('',(-13.83995559121,9.905045391963));
#3157 = CARTESIAN_POINT('',(-10.36094021592,20.612353738066));
#3158 = CARTESIAN_POINT('',(-2.827646869691,12.245783869859));
#3159 = CARTESIAN_POINT('',(4.705646476543,3.879214001652));
#3160 = CARTESIAN_POINT('',(-6.306662244979,1.538475523757));
#3161 = CARTESIAN_POINT('',(-17.3189709665,-0.802262954139));
#3162 = CARTESIAN_POINT('',(-13.83995559121,9.905045391963));
#3163 = ( GEOMETRIC_REPRESENTATION_CONTEXT(2) 
PARAMETRIC_REPRESENTATION_CONTEXT() REPRESENTATION_CONTEXT('2D SPACE',''
  ) );
#3164 = ORIENTED_EDGE('',*,*,#3165,.T.);
#3165 = EDGE_CURVE('',#3131,#113,#3166,.T.);
#3166 = SURFACE_CURVE('',#3167,(#3170,#3177),.PCURVE_S1.);
#3167 = B_SPLINE_CURVE_WITH_KNOTS('',1,(#3168,#3169),.UNSPECIFIED.,.F.,
  .F.,(2,2),(0.,1.),.PIECEWISE_BEZIER_KNOTS.);
#3168 = CARTESIAN_POINT('',(27.957290342493,19.349158036088,0.));
#3169 = CARTESIAN_POINT('',(35.753052764872,24.74458217321,102.));
#3170 = PCURVE('',#160,#3171);
#3171 = DEFINITIONAL_REPRESENTATION('',(#3172),#3176);
#3172 = LINE('',#3173,#3174);
#3173 = CARTESIAN_POINT('',(3.746994905669,0.));
#3174 = VECTOR('',#3175,1.);
#3175 = DIRECTION('',(0.,1.));
#3176 = ( GEOMETRIC_REPRESENTATION_CONTEXT(2) 
PARAMETRIC_REPRESENTATION_CONTEXT() REPRESENTATION_CONTEXT('2D SPACE',''
  ) );
#3177 = PCURVE('',#3080,#3178);
#3178 = DEFINITIONAL_REPRESENTATION('',(#3179),#3182);
#3179 = B_SPLINE_CURVE_WITH_KNOTS('',1,(#3180,#3181),.UNSPECIFIED.,.F.,
  .F.,(2,2),(0.,1.),.PIECEWISE_BEZIER_KNOTS.);
#3180 = CARTESIAN_POINT('',(0.291242986721,0.));
#3181 = CARTESIAN_POINT('',(0.291242986721,102.));
#3182 = ( GEOMETRIC_REPRESENTATION_CONTEXT(2) 
PARAMETRIC_REPRESENTATION_CONTEXT() REPRESENTATION_CONTEXT('2D SPACE',''
  ) );
#3183 = ORIENTED_EDGE('',*,*,#112,.T.);
#3184 = ORIENTED_EDGE('',*,*,#3185,.F.);
#3185 = EDGE_CURVE('',#3133,#115,#3186,.T.);
#3186 = SURFACE_CURVE('',#3187,(#3190,#3197),.PCURVE_S1.);
#3187 = B_SPLINE_CURVE_WITH_KNOTS('',1,(#3188,#3189),.UNSPECIFIED.,.F.,
  .F.,(2,2),(0.,1.),.PIECEWISE_BEZIER_KNOTS.);
#3188 = CARTESIAN_POINT('',(28.358164019586,12.610727279945,0.));
#3189 = CARTESIAN_POINT('',(36.265708231606,16.127170849529,102.));
#3190 = PCURVE('',#160,#3191);
#3191 = DEFINITIONAL_REPRESENTATION('',(#3192),#3196);
#3192 = LINE('',#3193,#3194);
#3193 = CARTESIAN_POINT('',(2.655031650305,0.));
#3194 = VECTOR('',#3195,1.);
#3195 = DIRECTION('',(0.,1.));
#3196 = ( GEOMETRIC_REPRESENTATION_CONTEXT(2) 
PARAMETRIC_REPRESENTATION_CONTEXT() REPRESENTATION_CONTEXT('2D SPACE',''
  ) );
#3197 = PCURVE('',#253,#3198);
#3198 = DEFINITIONAL_REPRESENTATION('',(#3199),#3203);
#3199 = LINE('',#3200,#3201);
#3200 = CARTESIAN_POINT('',(3.942312922233,0.));
#3201 = VECTOR('',#3202,1.);
#3202 = DIRECTION('',(0.,1.));
#3203 = ( GEOMETRIC_REPRESENTATION_CONTEXT(2) 
PARAMETRIC_REPRESENTATION_CONTEXT() REPRESENTATION_CONTEXT('2D SPACE',''
  ) );
#3204 = ADVANCED_FACE('',(#3205),#3080,.F.);
#3205 = FACE_BOUND('',#3206,.F.);
#3206 = EDGE_LOOP('',(#3207,#3208,#3232,#3251));
#3207 = ORIENTED_EDGE('',*,*,#3165,.F.);
#3208 = ORIENTED_EDGE('',*,*,#3209,.T.);
#3209 = EDGE_CURVE('',#3131,#3210,#3212,.T.);
#3210 = VERTEX_POINT('',#3211);
#3211 = CARTESIAN_POINT('',(27.041420667552,20.609744498186,0.));
#3212 = SURFACE_CURVE('',#3213,(#3218,#3225),.PCURVE_S1.);
#3213 = CIRCLE('',#3214,34.);
#3214 = AXIS2_PLACEMENT_3D('',#3215,#3216,#3217);
#3215 = CARTESIAN_POINT('',(0.,-1.7763568394E-15,0.));
#3216 = DIRECTION('',(0.,-0.,1.));
#3217 = DIRECTION('',(0.951056516295,0.309016994375,0.));
#3218 = PCURVE('',#3080,#3219);
#3219 = DEFINITIONAL_REPRESENTATION('',(#3220),#3224);
#3220 = LINE('',#3221,#3222);
#3221 = CARTESIAN_POINT('',(0.,0.));
#3222 = VECTOR('',#3223,1.);
#3223 = DIRECTION('',(1.,0.));
#3224 = ( GEOMETRIC_REPRESENTATION_CONTEXT(2) 
PARAMETRIC_REPRESENTATION_CONTEXT() REPRESENTATION_CONTEXT('2D SPACE',''
  ) );
#3225 = PCURVE('',#3149,#3226);
#3226 = DEFINITIONAL_REPRESENTATION('',(#3227),#3231);
#3227 = CIRCLE('',#3228,34.);
#3228 = AXIS2_PLACEMENT_2D('',#3229,#3230);
#3229 = CARTESIAN_POINT('',(-34.,-1.7763568394E-15));
#3230 = DIRECTION('',(1.,0.));
#3231 = ( GEOMETRIC_REPRESENTATION_CONTEXT(2) 
PARAMETRIC_REPRESENTATION_CONTEXT() REPRESENTATION_CONTEXT('2D SPACE',''
  ) );
#3232 = ORIENTED_EDGE('',*,*,#3233,.T.);
#3233 = EDGE_CURVE('',#3210,#2981,#3234,.T.);
#3234 = SURFACE_CURVE('',#3235,(#3238,#3244),.PCURVE_S1.);
#3235 = B_SPLINE_CURVE_WITH_KNOTS('',1,(#3236,#3237),.UNSPECIFIED.,.F.,
  .F.,(2,2),(0.,1.),.PIECEWISE_BEZIER_KNOTS.);
#3236 = CARTESIAN_POINT('',(27.041420667552,20.609744498186,0.));
#3237 = CARTESIAN_POINT('',(34.581797023962,26.356677399247,102.));
#3238 = PCURVE('',#3080,#3239);
#3239 = DEFINITIONAL_REPRESENTATION('',(#3240),#3243);
#3240 = B_SPLINE_CURVE_WITH_KNOTS('',1,(#3241,#3242),.UNSPECIFIED.,.F.,
  .F.,(2,2),(0.,1.),.PIECEWISE_BEZIER_KNOTS.);
#3241 = CARTESIAN_POINT('',(0.337075543997,0.));
#3242 = CARTESIAN_POINT('',(0.337075543997,102.));
#3243 = ( GEOMETRIC_REPRESENTATION_CONTEXT(2) 
PARAMETRIC_REPRESENTATION_CONTEXT() REPRESENTATION_CONTEXT('2D SPACE',''
  ) );
#3244 = PCURVE('',#3026,#3245);
#3245 = DEFINITIONAL_REPRESENTATION('',(#3246),#3250);
#3246 = LINE('',#3247,#3248);
#3247 = CARTESIAN_POINT('',(3.792827462946,0.));
#3248 = VECTOR('',#3249,1.);
#3249 = DIRECTION('',(0.,1.));
#3250 = ( GEOMETRIC_REPRESENTATION_CONTEXT(2) 
PARAMETRIC_REPRESENTATION_CONTEXT() REPRESENTATION_CONTEXT('2D SPACE',''
  ) );
#3251 = ORIENTED_EDGE('',*,*,#3065,.F.);
#3252 = ADVANCED_FACE('',(#3253),#3026,.F.);
#3253 = FACE_BOUND('',#3254,.F.);
#3254 = EDGE_LOOP('',(#3255,#3283,#3303,#3304));
#3255 = ORIENTED_EDGE('',*,*,#3256,.F.);
#3256 = EDGE_CURVE('',#3257,#3210,#3259,.T.);
#3257 = VERTEX_POINT('',#3258);
#3258 = CARTESIAN_POINT('',(20.756668966137,23.073287640064,0.));
#3259 = SURFACE_CURVE('',#3260,(#3265,#3272),.PCURVE_S1.);
#3260 = CIRCLE('',#3261,6.5);
#3261 = AXIS2_PLACEMENT_3D('',#3262,#3263,#3264);
#3262 = CARTESIAN_POINT('',(21.871737304637,16.669646285297,0.));
#3263 = DIRECTION('',(0.,0.,-1.));
#3264 = DIRECTION('',(-1.,0.,0.));
#3265 = PCURVE('',#3026,#3266);
#3266 = DEFINITIONAL_REPRESENTATION('',(#3267),#3271);
#3267 = LINE('',#3268,#3269);
#3268 = CARTESIAN_POINT('',(6.28318530718,0.));
#3269 = VECTOR('',#3270,1.);
#3270 = DIRECTION('',(-1.,0.));
#3271 = ( GEOMETRIC_REPRESENTATION_CONTEXT(2) 
PARAMETRIC_REPRESENTATION_CONTEXT() REPRESENTATION_CONTEXT('2D SPACE',''
  ) );
#3272 = PCURVE('',#3149,#3273);
#3273 = DEFINITIONAL_REPRESENTATION('',(#3274),#3282);
#3274 = ( BOUNDED_CURVE() B_SPLINE_CURVE(2,(#3275,#3276,#3277,#3278,
#3279,#3280,#3281),.UNSPECIFIED.,.T.,.F.) B_SPLINE_CURVE_WITH_KNOTS((1,2
    ,2,2,2,1),(-2.094395102393,0.,2.094395102393,4.188790204786,
6.28318530718,8.377580409573),.UNSPECIFIED.) CURVE() 
GEOMETRIC_REPRESENTATION_ITEM() RATIONAL_B_SPLINE_CURVE((1.,0.5,1.,0.5,
1.,0.5,1.)) REPRESENTATION_ITEM('') );
#3275 = CARTESIAN_POINT('',(-14.22940507727,11.103647663767));
#3276 = CARTESIAN_POINT('',(-10.75038970198,21.810956009869));
#3277 = CARTESIAN_POINT('',(-3.21709635575,13.444386141663));
#3278 = CARTESIAN_POINT('',(4.316196990484,5.077816273456));
#3279 = CARTESIAN_POINT('',(-6.696111731037,2.73707779556));
#3280 = CARTESIAN_POINT('',(-17.70842045255,0.396339317665));
#3281 = CARTESIAN_POINT('',(-14.22940507727,11.103647663767));
#3282 = ( GEOMETRIC_REPRESENTATION_CONTEXT(2) 
PARAMETRIC_REPRESENTATION_CONTEXT() REPRESENTATION_CONTEXT('2D SPACE',''
  ) );
#3283 = ORIENTED_EDGE('',*,*,#3284,.T.);
#3284 = EDGE_CURVE('',#3257,#2882,#3285,.T.);
#3285 = SURFACE_CURVE('',#3286,(#3289,#3296),.PCURVE_S1.);
#3286 = B_SPLINE_CURVE_WITH_KNOTS('',1,(#3287,#3288),.UNSPECIFIED.,.F.,
  .F.,(2,2),(0.,1.),.PIECEWISE_BEZIER_KNOTS.);
#3287 = CARTESIAN_POINT('',(20.756668966137,23.073287640064,0.));
#3288 = CARTESIAN_POINT('',(26.544571082459,29.507168268035,102.));
#3289 = PCURVE('',#3026,#3290);
#3290 = DEFINITIONAL_REPRESENTATION('',(#3291),#3295);
#3291 = LINE('',#3292,#3293);
#3292 = CARTESIAN_POINT('',(4.88479071831,0.));
#3293 = VECTOR('',#3294,1.);
#3294 = DIRECTION('',(0.,1.));
#3295 = ( GEOMETRIC_REPRESENTATION_CONTEXT(2) 
PARAMETRIC_REPRESENTATION_CONTEXT() REPRESENTATION_CONTEXT('2D SPACE',''
  ) );
#3296 = PCURVE('',#2935,#3297);
#3297 = DEFINITIONAL_REPRESENTATION('',(#3298),#3302);
#3298 = LINE('',#3299,#3300);
#3299 = CARTESIAN_POINT('',(2.340872384946,0.));
#3300 = VECTOR('',#3301,1.);
#3301 = DIRECTION('',(0.,1.));
#3302 = ( GEOMETRIC_REPRESENTATION_CONTEXT(2) 
PARAMETRIC_REPRESENTATION_CONTEXT() REPRESENTATION_CONTEXT('2D SPACE',''
  ) );
#3303 = ORIENTED_EDGE('',*,*,#2980,.T.);
#3304 = ORIENTED_EDGE('',*,*,#3233,.F.);
#3305 = ADVANCED_FACE('',(#3306),#2935,.F.);
#3306 = FACE_BOUND('',#3307,.F.);
#3307 = EDGE_LOOP('',(#3308,#3332,#3352,#3353));
#3308 = ORIENTED_EDGE('',*,*,#3309,.F.);
#3309 = EDGE_CURVE('',#3310,#3257,#3312,.T.);
#3310 = VERTEX_POINT('',#3311);
#3311 = CARTESIAN_POINT('',(15.529837105284,26.870803273707,0.));
#3312 = SURFACE_CURVE('',#3313,(#3318,#3325),.PCURVE_S1.);
#3313 = CIRCLE('',#3314,4.5);
#3314 = AXIS2_PLACEMENT_3D('',#3315,#3316,#3317);
#3315 = CARTESIAN_POINT('',(19.984698577944,27.506577808748,0.));
#3316 = DIRECTION('',(0.,-0.,1.));
#3317 = DIRECTION('',(0.587785252292,0.809016994375,0.));
#3318 = PCURVE('',#2935,#3319);
#3319 = DEFINITIONAL_REPRESENTATION('',(#3320),#3324);
#3320 = LINE('',#3321,#3322);
#3321 = CARTESIAN_POINT('',(6.28318530718,0.));
#3322 = VECTOR('',#3323,1.);
#3323 = DIRECTION('',(-1.,0.));
#3324 = ( GEOMETRIC_REPRESENTATION_CONTEXT(2) 
PARAMETRIC_REPRESENTATION_CONTEXT() REPRESENTATION_CONTEXT('2D SPACE',''
  ) );
#3325 = PCURVE('',#3149,#3326);
#3326 = DEFINITIONAL_REPRESENTATION('',(#3327),#3331);
#3327 = CIRCLE('',#3328,4.5);
#3328 = AXIS2_PLACEMENT_2D('',#3329,#3330);
#3329 = CARTESIAN_POINT('',(-6.493422191252,19.984698577944));
#3330 = DIRECTION('',(0.809016994375,0.587785252292));
#3331 = ( GEOMETRIC_REPRESENTATION_CONTEXT(2) 
PARAMETRIC_REPRESENTATION_CONTEXT() REPRESENTATION_CONTEXT('2D SPACE',''
  ) );
#3332 = ORIENTED_EDGE('',*,*,#3333,.T.);
#3333 = EDGE_CURVE('',#3310,#2797,#3334,.T.);
#3334 = SURFACE_CURVE('',#3335,(#3338,#3345),.PCURVE_S1.);
#3335 = B_SPLINE_CURVE_WITH_KNOTS('',1,(#3336,#3337),.UNSPECIFIED.,.F.,
  .F.,(2,2),(0.,1.),.PIECEWISE_BEZIER_KNOTS.);
#3336 = CARTESIAN_POINT('',(15.529837105284,26.870803273707,0.));
#3337 = CARTESIAN_POINT('',(19.860261085859,34.363603750937,102.));
#3338 = PCURVE('',#2935,#3339);
#3339 = DEFINITIONAL_REPRESENTATION('',(#3340),#3344);
#3340 = LINE('',#3341,#3342);
#3341 = CARTESIAN_POINT('',(3.942312922233,0.));
#3342 = VECTOR('',#3343,1.);
#3343 = DIRECTION('',(0.,1.));
#3344 = ( GEOMETRIC_REPRESENTATION_CONTEXT(2) 
PARAMETRIC_REPRESENTATION_CONTEXT() REPRESENTATION_CONTEXT('2D SPACE',''
  ) );
#3345 = PCURVE('',#2842,#3346);
#3346 = DEFINITIONAL_REPRESENTATION('',(#3347),#3351);
#3347 = LINE('',#3348,#3349);
#3348 = CARTESIAN_POINT('',(3.283350181023,0.));
#3349 = VECTOR('',#3350,1.);
#3350 = DIRECTION('',(0.,1.));
#3351 = ( GEOMETRIC_REPRESENTATION_CONTEXT(2) 
PARAMETRIC_REPRESENTATION_CONTEXT() REPRESENTATION_CONTEXT('2D SPACE',''
  ) );
#3352 = ORIENTED_EDGE('',*,*,#2881,.T.);
#3353 = ORIENTED_EDGE('',*,*,#3284,.F.);
#3354 = ADVANCED_FACE('',(#3355),#2842,.F.);
#3355 = FACE_BOUND('',#3356,.F.);
#3356 = EDGE_LOOP('',(#3357,#3385,#3404,#3405));
#3357 = ORIENTED_EDGE('',*,*,#3358,.F.);
#3358 = EDGE_CURVE('',#3359,#3310,#3361,.T.);
#3359 = VERTEX_POINT('',#3360);
#3360 = CARTESIAN_POINT('',(11.244773265863,32.086680635419,0.));
#3361 = SURFACE_CURVE('',#3362,(#3367,#3374),.PCURVE_S1.);
#3362 = CIRCLE('',#3363,6.5);
#3363 = AXIS2_PLACEMENT_3D('',#3364,#3365,#3366);
#3364 = CARTESIAN_POINT('',(9.09503720033,25.952462278647,0.));
#3365 = DIRECTION('',(0.,0.,-1.));
#3366 = DIRECTION('',(-1.,0.,0.));
#3367 = PCURVE('',#2842,#3368);
#3368 = DEFINITIONAL_REPRESENTATION('',(#3369),#3373);
#3369 = LINE('',#3370,#3371);
#3370 = CARTESIAN_POINT('',(6.28318530718,0.));
#3371 = VECTOR('',#3372,1.);
#3372 = DIRECTION('',(-1.,0.));
#3373 = ( GEOMETRIC_REPRESENTATION_CONTEXT(2) 
PARAMETRIC_REPRESENTATION_CONTEXT() REPRESENTATION_CONTEXT('2D SPACE',''
  ) );
#3374 = PCURVE('',#3149,#3375);
#3375 = DEFINITIONAL_REPRESENTATION('',(#3376),#3384);
#3376 = ( BOUNDED_CURVE() B_SPLINE_CURVE(2,(#3377,#3378,#3379,#3380,
#3381,#3382,#3383),.UNSPECIFIED.,.T.,.F.) B_SPLINE_CURVE_WITH_KNOTS((1,2
    ,2,2,2,1),(-2.094395102393,0.,2.094395102393,4.188790204786,
6.28318530718,8.377580409573),.UNSPECIFIED.) CURVE() 
GEOMETRIC_REPRESENTATION_ITEM() RATIONAL_B_SPLINE_CURVE((1.,0.5,1.,0.5,
1.,0.5,1.)) REPRESENTATION_ITEM('') );
#3377 = CARTESIAN_POINT('',(-23.51222107062,23.880347768075));
#3378 = CARTESIAN_POINT('',(-20.03320569533,34.587656114177));
#3379 = CARTESIAN_POINT('',(-12.49991234909,26.22108624597));
#3380 = CARTESIAN_POINT('',(-4.966619002866,17.854516377763));
#3381 = CARTESIAN_POINT('',(-15.97892772438,15.513777899868));
#3382 = CARTESIAN_POINT('',(-26.9912364459,13.173039421972));
#3383 = CARTESIAN_POINT('',(-23.51222107062,23.880347768075));
#3384 = ( GEOMETRIC_REPRESENTATION_CONTEXT(2) 
PARAMETRIC_REPRESENTATION_CONTEXT() REPRESENTATION_CONTEXT('2D SPACE',''
  ) );
#3385 = ORIENTED_EDGE('',*,*,#3386,.T.);
#3386 = EDGE_CURVE('',#3359,#2768,#3387,.T.);
#3387 = SURFACE_CURVE('',#3388,(#3391,#3398),.PCURVE_S1.);
#3388 = B_SPLINE_CURVE_WITH_KNOTS('',1,(#3389,#3390),.UNSPECIFIED.,.F.,
  .F.,(2,2),(0.,1.),.PIECEWISE_BEZIER_KNOTS.);
#3389 = CARTESIAN_POINT('',(11.244773265863,32.086680635419,0.));
#3390 = CARTESIAN_POINT('',(14.380326812014,41.033904636461,102.));
#3391 = PCURVE('',#2842,#3392);
#3392 = DEFINITIONAL_REPRESENTATION('',(#3393),#3397);
#3393 = LINE('',#3394,#3395);
#3394 = CARTESIAN_POINT('',(4.375313436387,0.));
#3395 = VECTOR('',#3396,1.);
#3396 = DIRECTION('',(0.,1.));
#3397 = ( GEOMETRIC_REPRESENTATION_CONTEXT(2) 
PARAMETRIC_REPRESENTATION_CONTEXT() REPRESENTATION_CONTEXT('2D SPACE',''
  ) );
#3398 = PCURVE('',#2784,#3399);
#3399 = DEFINITIONAL_REPRESENTATION('',(#3400),#3403);
#3400 = B_SPLINE_CURVE_WITH_KNOTS('',1,(#3401,#3402),.UNSPECIFIED.,.F.,
  .F.,(2,2),(0.,1.),.PIECEWISE_BEZIER_KNOTS.);
#3401 = CARTESIAN_POINT('',(0.919561517438,0.));
#3402 = CARTESIAN_POINT('',(0.919561517438,102.));
#3403 = ( GEOMETRIC_REPRESENTATION_CONTEXT(2) 
PARAMETRIC_REPRESENTATION_CONTEXT() REPRESENTATION_CONTEXT('2D SPACE',''
  ) );
#3404 = ORIENTED_EDGE('',*,*,#2796,.T.);
#3405 = ORIENTED_EDGE('',*,*,#3333,.F.);
#3406 = ADVANCED_FACE('',(#3407),#2784,.F.);
#3407 = FACE_BOUND('',#3408,.F.);
#3408 = EDGE_LOOP('',(#3409,#3410,#3434,#3453));
#3409 = ORIENTED_EDGE('',*,*,#3386,.F.);
#3410 = ORIENTED_EDGE('',*,*,#3411,.T.);
#3411 = EDGE_CURVE('',#3359,#3412,#3414,.T.);
#3412 = VERTEX_POINT('',#3413);
#3413 = CARTESIAN_POINT('',(9.762865002542,32.568181818182,0.));
#3414 = SURFACE_CURVE('',#3415,(#3420,#3427),.PCURVE_S1.);
#3415 = CIRCLE('',#3416,34.);
#3416 = AXIS2_PLACEMENT_3D('',#3417,#3418,#3419);
#3417 = CARTESIAN_POINT('',(0.,-1.7763568394E-15,0.));
#3418 = DIRECTION('',(0.,-0.,1.));
#3419 = DIRECTION('',(0.951056516295,0.309016994375,0.));
#3420 = PCURVE('',#2784,#3421);
#3421 = DEFINITIONAL_REPRESENTATION('',(#3422),#3426);
#3422 = LINE('',#3423,#3424);
#3423 = CARTESIAN_POINT('',(0.,0.));
#3424 = VECTOR('',#3425,1.);
#3425 = DIRECTION('',(1.,0.));
#3426 = ( GEOMETRIC_REPRESENTATION_CONTEXT(2) 
PARAMETRIC_REPRESENTATION_CONTEXT() REPRESENTATION_CONTEXT('2D SPACE',''
  ) );
#3427 = PCURVE('',#3149,#3428);
#3428 = DEFINITIONAL_REPRESENTATION('',(#3429),#3433);
#3429 = CIRCLE('',#3430,34.);
#3430 = AXIS2_PLACEMENT_2D('',#3431,#3432);
#3431 = CARTESIAN_POINT('',(-34.,-1.7763568394E-15));
#3432 = DIRECTION('',(1.,0.));
#3433 = ( GEOMETRIC_REPRESENTATION_CONTEXT(2) 
PARAMETRIC_REPRESENTATION_CONTEXT() REPRESENTATION_CONTEXT('2D SPACE',''
  ) );
#3434 = ORIENTED_EDGE('',*,*,#3435,.T.);
#3435 = EDGE_CURVE('',#3412,#2683,#3436,.T.);
#3436 = SURFACE_CURVE('',#3437,(#3440,#3446),.PCURVE_S1.);
#3437 = B_SPLINE_CURVE_WITH_KNOTS('',1,(#3438,#3439),.UNSPECIFIED.,.F.,
  .F.,(2,2),(0.,1.),.PIECEWISE_BEZIER_KNOTS.);
#3438 = CARTESIAN_POINT('',(9.762865002542,32.568181818182,0.));
#3439 = CARTESIAN_POINT('',(12.485195213703,41.649670219705,102.));
#3440 = PCURVE('',#2784,#3441);
#3441 = DEFINITIONAL_REPRESENTATION('',(#3442),#3445);
#3442 = B_SPLINE_CURVE_WITH_KNOTS('',1,(#3443,#3444),.UNSPECIFIED.,.F.,
  .F.,(2,2),(0.,1.),.PIECEWISE_BEZIER_KNOTS.);
#3443 = CARTESIAN_POINT('',(0.965394074715,0.));
#3444 = CARTESIAN_POINT('',(0.965394074715,102.));
#3445 = ( GEOMETRIC_REPRESENTATION_CONTEXT(2) 
PARAMETRIC_REPRESENTATION_CONTEXT() REPRESENTATION_CONTEXT('2D SPACE',''
  ) );
#3446 = PCURVE('',#2728,#3447);
#3447 = DEFINITIONAL_REPRESENTATION('',(#3448),#3452);
#3448 = LINE('',#3449,#3450);
#3449 = CARTESIAN_POINT('',(4.421145993664,0.));
#3450 = VECTOR('',#3451,1.);
#3451 = DIRECTION('',(0.,1.));
#3452 = ( GEOMETRIC_REPRESENTATION_CONTEXT(2) 
PARAMETRIC_REPRESENTATION_CONTEXT() REPRESENTATION_CONTEXT('2D SPACE',''
  ) );
#3453 = ORIENTED_EDGE('',*,*,#2767,.F.);
#3454 = ADVANCED_FACE('',(#3455),#2728,.F.);
#3455 = FACE_BOUND('',#3456,.F.);
#3456 = EDGE_LOOP('',(#3457,#3485,#3505,#3506));
#3457 = ORIENTED_EDGE('',*,*,#3458,.F.);
#3458 = EDGE_CURVE('',#3459,#3412,#3461,.T.);
#3459 = VERTEX_POINT('',#3460);
#3460 = CARTESIAN_POINT('',(3.230359743488,30.867145721925,0.));
#3461 = SURFACE_CURVE('',#3462,(#3467,#3474),.PCURVE_S1.);
#3462 = CIRCLE('',#3463,6.5);
#3463 = AXIS2_PLACEMENT_3D('',#3464,#3465,#3466);
#3464 = CARTESIAN_POINT('',(7.896434928526,26.341911764706,0.));
#3465 = DIRECTION('',(0.,0.,-1.));
#3466 = DIRECTION('',(-1.,0.,0.));
#3467 = PCURVE('',#2728,#3468);
#3468 = DEFINITIONAL_REPRESENTATION('',(#3469),#3473);
#3469 = LINE('',#3470,#3471);
#3470 = CARTESIAN_POINT('',(6.28318530718,0.));
#3471 = VECTOR('',#3472,1.);
#3472 = DIRECTION('',(-1.,0.));
#3473 = ( GEOMETRIC_REPRESENTATION_CONTEXT(2) 
PARAMETRIC_REPRESENTATION_CONTEXT() REPRESENTATION_CONTEXT('2D SPACE',''
  ) );
#3474 = PCURVE('',#3149,#3475);
#3475 = DEFINITIONAL_REPRESENTATION('',(#3476),#3484);
#3476 = ( BOUNDED_CURVE() B_SPLINE_CURVE(2,(#3477,#3478,#3479,#3480,
#3481,#3482,#3483),.UNSPECIFIED.,.T.,.F.) B_SPLINE_CURVE_WITH_KNOTS((1,2
    ,2,2,2,1),(-2.094395102393,0.,2.094395102393,4.188790204786,
6.28318530718,8.377580409573),.UNSPECIFIED.) CURVE() 
GEOMETRIC_REPRESENTATION_ITEM() RATIONAL_B_SPLINE_CURVE((1.,0.5,1.,0.5,
1.,0.5,1.)) REPRESENTATION_ITEM('') );
#3477 = CARTESIAN_POINT('',(-24.53181306202,24.621124711042));
#3478 = CARTESIAN_POINT('',(-21.05279768673,35.328433057144));
#3479 = CARTESIAN_POINT('',(-13.5195043405,26.961863188938));
#3480 = CARTESIAN_POINT('',(-5.986210994268,18.595293320731));
#3481 = CARTESIAN_POINT('',(-16.99851971579,16.254554842835));
#3482 = CARTESIAN_POINT('',(-28.01082843731,13.91381636494));
#3483 = CARTESIAN_POINT('',(-24.53181306202,24.621124711042));
#3484 = ( GEOMETRIC_REPRESENTATION_CONTEXT(2) 
PARAMETRIC_REPRESENTATION_CONTEXT() REPRESENTATION_CONTEXT('2D SPACE',''
  ) );
#3485 = ORIENTED_EDGE('',*,*,#3486,.T.);
#3486 = EDGE_CURVE('',#3459,#2584,#3487,.T.);
#3487 = SURFACE_CURVE('',#3488,(#3491,#3498),.PCURVE_S1.);
#3488 = B_SPLINE_CURVE_WITH_KNOTS('',1,(#3489,#3490),.UNSPECIFIED.,.F.,
  .F.,(2,2),(0.,1.),.PIECEWISE_BEZIER_KNOTS.);
#3489 = CARTESIAN_POINT('',(3.230359743488,30.867145721925,0.));
#3490 = CARTESIAN_POINT('',(4.13113076924,39.474307995421,102.));
#3491 = PCURVE('',#2728,#3492);
#3492 = DEFINITIONAL_REPRESENTATION('',(#3493),#3497);
#3493 = LINE('',#3494,#3495);
#3494 = CARTESIAN_POINT('',(5.513109249028,0.));
#3495 = VECTOR('',#3496,1.);
#3496 = DIRECTION('',(0.,1.));
#3497 = ( GEOMETRIC_REPRESENTATION_CONTEXT(2) 
PARAMETRIC_REPRESENTATION_CONTEXT() REPRESENTATION_CONTEXT('2D SPACE',''
  ) );
#3498 = PCURVE('',#2637,#3499);
#3499 = DEFINITIONAL_REPRESENTATION('',(#3500),#3504);
#3500 = LINE('',#3501,#3502);
#3501 = CARTESIAN_POINT('',(2.340872384946,0.));
#3502 = VECTOR('',#3503,1.);
#3503 = DIRECTION('',(0.,1.));
#3504 = ( GEOMETRIC_REPRESENTATION_CONTEXT(2) 
PARAMETRIC_REPRESENTATION_CONTEXT() REPRESENTATION_CONTEXT('2D SPACE',''
  ) );
#3505 = ORIENTED_EDGE('',*,*,#2682,.T.);
#3506 = ORIENTED_EDGE('',*,*,#3435,.F.);
#3507 = ADVANCED_FACE('',(#3508),#2637,.F.);
#3508 = FACE_BOUND('',#3509,.F.);
#3509 = EDGE_LOOP('',(#3510,#3534,#3554,#3555));
#3510 = ORIENTED_EDGE('',*,*,#3511,.F.);
#3511 = EDGE_CURVE('',#3512,#3459,#3514,.T.);
#3512 = VERTEX_POINT('',#3513);
#3513 = CARTESIAN_POINT('',(-3.230359743488,30.867145721925,0.));
#3514 = SURFACE_CURVE('',#3515,(#3520,#3527),.PCURVE_S1.);
#3515 = CIRCLE('',#3516,4.5);
#3516 = AXIS2_PLACEMENT_3D('',#3517,#3518,#3519);
#3517 = CARTESIAN_POINT('',(7.105427357601E-15,34.,0.));
#3518 = DIRECTION('',(0.,-0.,1.));
#3519 = DIRECTION('',(2.22044604925E-16,1.,0.));
#3520 = PCURVE('',#2637,#3521);
#3521 = DEFINITIONAL_REPRESENTATION('',(#3522),#3526);
#3522 = LINE('',#3523,#3524);
#3523 = CARTESIAN_POINT('',(6.28318530718,0.));
#3524 = VECTOR('',#3525,1.);
#3525 = DIRECTION('',(-1.,0.));
#3526 = ( GEOMETRIC_REPRESENTATION_CONTEXT(2) 
PARAMETRIC_REPRESENTATION_CONTEXT() REPRESENTATION_CONTEXT('2D SPACE',''
  ) );
#3527 = PCURVE('',#3149,#3528);
#3528 = DEFINITIONAL_REPRESENTATION('',(#3529),#3533);
#3529 = CIRCLE('',#3530,4.5);
#3530 = AXIS2_PLACEMENT_2D('',#3531,#3532);
#3531 = CARTESIAN_POINT('',(-23.49342219125,32.335921554035));
#3532 = DIRECTION('',(0.309016994375,0.951056516295));
#3533 = ( GEOMETRIC_REPRESENTATION_CONTEXT(2) 
PARAMETRIC_REPRESENTATION_CONTEXT() REPRESENTATION_CONTEXT('2D SPACE',''
  ) );
#3534 = ORIENTED_EDGE('',*,*,#3535,.T.);
#3535 = EDGE_CURVE('',#3512,#2499,#3536,.T.);
#3536 = SURFACE_CURVE('',#3537,(#3540,#3547),.PCURVE_S1.);
#3537 = B_SPLINE_CURVE_WITH_KNOTS('',1,(#3538,#3539),.UNSPECIFIED.,.F.,
  .F.,(2,2),(0.,1.),.PIECEWISE_BEZIER_KNOTS.);
#3538 = CARTESIAN_POINT('',(-3.230359743488,30.867145721925,0.));
#3539 = CARTESIAN_POINT('',(-4.13113076924,39.474307995421,102.));
#3540 = PCURVE('',#2637,#3541);
#3541 = DEFINITIONAL_REPRESENTATION('',(#3542),#3546);
#3542 = LINE('',#3543,#3544);
#3543 = CARTESIAN_POINT('',(3.942312922233,0.));
#3544 = VECTOR('',#3545,1.);
#3545 = DIRECTION('',(0.,1.));
#3546 = ( GEOMETRIC_REPRESENTATION_CONTEXT(2) 
PARAMETRIC_REPRESENTATION_CONTEXT() REPRESENTATION_CONTEXT('2D SPACE',''
  ) );
#3547 = PCURVE('',#2544,#3548);
#3548 = DEFINITIONAL_REPRESENTATION('',(#3549),#3553);
#3549 = LINE('',#3550,#3551);
#3550 = CARTESIAN_POINT('',(3.911668711741,0.));
#3551 = VECTOR('',#3552,1.);
#3552 = DIRECTION('',(0.,1.));
#3553 = ( GEOMETRIC_REPRESENTATION_CONTEXT(2) 
PARAMETRIC_REPRESENTATION_CONTEXT() REPRESENTATION_CONTEXT('2D SPACE',''
  ) );
#3554 = ORIENTED_EDGE('',*,*,#2583,.T.);
#3555 = ORIENTED_EDGE('',*,*,#3486,.F.);
#3556 = ADVANCED_FACE('',(#3557),#2544,.F.);
#3557 = FACE_BOUND('',#3558,.F.);
#3558 = EDGE_LOOP('',(#3559,#3587,#3606,#3607));
#3559 = ORIENTED_EDGE('',*,*,#3560,.F.);
#3560 = EDGE_CURVE('',#3561,#3512,#3563,.T.);
#3561 = VERTEX_POINT('',#3562);
#3562 = CARTESIAN_POINT('',(-9.762865002542,32.568181818182,0.));
#3563 = SURFACE_CURVE('',#3564,(#3569,#3576),.PCURVE_S1.);
#3564 = CIRCLE('',#3565,6.5);
#3565 = AXIS2_PLACEMENT_3D('',#3566,#3567,#3568);
#3566 = CARTESIAN_POINT('',(-7.896434928526,26.341911764706,0.));
#3567 = DIRECTION('',(0.,0.,-1.));
#3568 = DIRECTION('',(-1.,0.,0.));
#3569 = PCURVE('',#2544,#3570);
#3570 = DEFINITIONAL_REPRESENTATION('',(#3571),#3575);
#3571 = LINE('',#3572,#3573);
#3572 = CARTESIAN_POINT('',(6.28318530718,0.));
#3573 = VECTOR('',#3574,1.);
#3574 = DIRECTION('',(-1.,0.));
#3575 = ( GEOMETRIC_REPRESENTATION_CONTEXT(2) 
PARAMETRIC_REPRESENTATION_CONTEXT() REPRESENTATION_CONTEXT('2D SPACE',''
  ) );
#3576 = PCURVE('',#3149,#3577);
#3577 = DEFINITIONAL_REPRESENTATION('',(#3578),#3586);
#3578 = ( BOUNDED_CURVE() B_SPLINE_CURVE(2,(#3579,#3580,#3581,#3582,
#3583,#3584,#3585),.UNSPECIFIED.,.T.,.F.) B_SPLINE_CURVE_WITH_KNOTS((1,2
    ,2,2,2,1),(-2.094395102393,0.,2.094395102393,4.188790204786,
6.28318530718,8.377580409573),.UNSPECIFIED.) CURVE() 
GEOMETRIC_REPRESENTATION_ITEM() RATIONAL_B_SPLINE_CURVE((1.,0.5,1.,0.5,
1.,0.5,1.)) REPRESENTATION_ITEM('') );
#3579 = CARTESIAN_POINT('',(-39.55172485057,29.501389886823));
#3580 = CARTESIAN_POINT('',(-36.07270947528,40.208698232926));
#3581 = CARTESIAN_POINT('',(-28.53941612905,31.842128364719));
#3582 = CARTESIAN_POINT('',(-21.00612278281,23.475558496512));
#3583 = CARTESIAN_POINT('',(-32.01843150434,21.134820018616));
#3584 = CARTESIAN_POINT('',(-43.03074022586,18.794081540721));
#3585 = CARTESIAN_POINT('',(-39.55172485057,29.501389886823));
#3586 = ( GEOMETRIC_REPRESENTATION_CONTEXT(2) 
PARAMETRIC_REPRESENTATION_CONTEXT() REPRESENTATION_CONTEXT('2D SPACE',''
  ) );
#3587 = ORIENTED_EDGE('',*,*,#3588,.T.);
#3588 = EDGE_CURVE('',#3561,#2470,#3589,.T.);
#3589 = SURFACE_CURVE('',#3590,(#3593,#3600),.PCURVE_S1.);
#3590 = B_SPLINE_CURVE_WITH_KNOTS('',1,(#3591,#3592),.UNSPECIFIED.,.F.,
  .F.,(2,2),(0.,1.),.PIECEWISE_BEZIER_KNOTS.);
#3591 = CARTESIAN_POINT('',(-9.762865002542,32.568181818182,0.));
#3592 = CARTESIAN_POINT('',(-12.4851952137,41.649670219705,102.));
#3593 = PCURVE('',#2544,#3594);
#3594 = DEFINITIONAL_REPRESENTATION('',(#3595),#3599);
#3595 = LINE('',#3596,#3597);
#3596 = CARTESIAN_POINT('',(5.003631967105,0.));
#3597 = VECTOR('',#3598,1.);
#3598 = DIRECTION('',(0.,1.));
#3599 = ( GEOMETRIC_REPRESENTATION_CONTEXT(2) 
PARAMETRIC_REPRESENTATION_CONTEXT() REPRESENTATION_CONTEXT('2D SPACE',''
  ) );
#3600 = PCURVE('',#2486,#3601);
#3601 = DEFINITIONAL_REPRESENTATION('',(#3602),#3605);
#3602 = B_SPLINE_CURVE_WITH_KNOTS('',1,(#3603,#3604),.UNSPECIFIED.,.F.,
  .F.,(2,2),(0.,1.),.PIECEWISE_BEZIER_KNOTS.);
#3603 = CARTESIAN_POINT('',(1.547880048156,0.));
#3604 = CARTESIAN_POINT('',(1.547880048156,102.));
#3605 = ( GEOMETRIC_REPRESENTATION_CONTEXT(2) 
PARAMETRIC_REPRESENTATION_CONTEXT() REPRESENTATION_CONTEXT('2D SPACE',''
  ) );
#3606 = ORIENTED_EDGE('',*,*,#2498,.T.);
#3607 = ORIENTED_EDGE('',*,*,#3535,.F.);
#3608 = ADVANCED_FACE('',(#3609),#2486,.F.);
#3609 = FACE_BOUND('',#3610,.F.);
#3610 = EDGE_LOOP('',(#3611,#3612,#3636,#3655));
#3611 = ORIENTED_EDGE('',*,*,#3588,.F.);
#3612 = ORIENTED_EDGE('',*,*,#3613,.T.);
#3613 = EDGE_CURVE('',#3561,#3614,#3616,.T.);
#3614 = VERTEX_POINT('',#3615);
#3615 = CARTESIAN_POINT('',(-11.24477326586,32.086680635419,0.));
#3616 = SURFACE_CURVE('',#3617,(#3622,#3629),.PCURVE_S1.);
#3617 = CIRCLE('',#3618,34.);
#3618 = AXIS2_PLACEMENT_3D('',#3619,#3620,#3621);
#3619 = CARTESIAN_POINT('',(0.,-1.7763568394E-15,0.));
#3620 = DIRECTION('',(0.,-0.,1.));
#3621 = DIRECTION('',(0.951056516295,0.309016994375,0.));
#3622 = PCURVE('',#2486,#3623);
#3623 = DEFINITIONAL_REPRESENTATION('',(#3624),#3628);
#3624 = LINE('',#3625,#3626);
#3625 = CARTESIAN_POINT('',(0.,0.));
#3626 = VECTOR('',#3627,1.);
#3627 = DIRECTION('',(1.,0.));
#3628 = ( GEOMETRIC_REPRESENTATION_CONTEXT(2) 
PARAMETRIC_REPRESENTATION_CONTEXT() REPRESENTATION_CONTEXT('2D SPACE',''
  ) );
#3629 = PCURVE('',#3149,#3630);
#3630 = DEFINITIONAL_REPRESENTATION('',(#3631),#3635);
#3631 = CIRCLE('',#3632,34.);
#3632 = AXIS2_PLACEMENT_2D('',#3633,#3634);
#3633 = CARTESIAN_POINT('',(-34.,-1.7763568394E-15));
#3634 = DIRECTION('',(1.,0.));
#3635 = ( GEOMETRIC_REPRESENTATION_CONTEXT(2) 
PARAMETRIC_REPRESENTATION_CONTEXT() REPRESENTATION_CONTEXT('2D SPACE',''
  ) );
#3636 = ORIENTED_EDGE('',*,*,#3637,.T.);
#3637 = EDGE_CURVE('',#3614,#2385,#3638,.T.);
#3638 = SURFACE_CURVE('',#3639,(#3642,#3648),.PCURVE_S1.);
#3639 = B_SPLINE_CURVE_WITH_KNOTS('',1,(#3640,#3641),.UNSPECIFIED.,.F.,
  .F.,(2,2),(0.,1.),.PIECEWISE_BEZIER_KNOTS.);
#3640 = CARTESIAN_POINT('',(-11.24477326586,32.086680635419,0.));
#3641 = CARTESIAN_POINT('',(-14.38032681201,41.033904636461,102.));
#3642 = PCURVE('',#2486,#3643);
#3643 = DEFINITIONAL_REPRESENTATION('',(#3644),#3647);
#3644 = B_SPLINE_CURVE_WITH_KNOTS('',1,(#3645,#3646),.UNSPECIFIED.,.F.,
  .F.,(2,2),(0.,1.),.PIECEWISE_BEZIER_KNOTS.);
#3645 = CARTESIAN_POINT('',(1.593712605433,0.));
#3646 = CARTESIAN_POINT('',(1.593712605433,102.));
#3647 = ( GEOMETRIC_REPRESENTATION_CONTEXT(2) 
PARAMETRIC_REPRESENTATION_CONTEXT() REPRESENTATION_CONTEXT('2D SPACE',''
  ) );
#3648 = PCURVE('',#2430,#3649);
#3649 = DEFINITIONAL_REPRESENTATION('',(#3650),#3654);
#3650 = LINE('',#3651,#3652);
#3651 = CARTESIAN_POINT('',(5.049464524382,0.));
#3652 = VECTOR('',#3653,1.);
#3653 = DIRECTION('',(0.,1.));
#3654 = ( GEOMETRIC_REPRESENTATION_CONTEXT(2) 
PARAMETRIC_REPRESENTATION_CONTEXT() REPRESENTATION_CONTEXT('2D SPACE',''
  ) );
#3655 = ORIENTED_EDGE('',*,*,#2469,.F.);
#3656 = ADVANCED_FACE('',(#3657),#2430,.F.);
#3657 = FACE_BOUND('',#3658,.F.);
#3658 = EDGE_LOOP('',(#3659,#3687,#3707,#3708));
#3659 = ORIENTED_EDGE('',*,*,#3660,.F.);
#3660 = EDGE_CURVE('',#3661,#3614,#3663,.T.);
#3661 = VERTEX_POINT('',#3662);
#3662 = CARTESIAN_POINT('',(-15.52983710528,26.870803273707,0.));
#3663 = SURFACE_CURVE('',#3664,(#3669,#3676),.PCURVE_S1.);
#3664 = CIRCLE('',#3665,6.5);
#3665 = AXIS2_PLACEMENT_3D('',#3666,#3667,#3668);
#3666 = CARTESIAN_POINT('',(-9.09503720033,25.952462278647,0.));
#3667 = DIRECTION('',(0.,0.,-1.));
#3668 = DIRECTION('',(-1.,0.,0.));
#3669 = PCURVE('',#2430,#3670);
#3670 = DEFINITIONAL_REPRESENTATION('',(#3671),#3675);
#3671 = LINE('',#3672,#3673);
#3672 = CARTESIAN_POINT('',(6.28318530718,0.));
#3673 = VECTOR('',#3674,1.);
#3674 = DIRECTION('',(-1.,0.));
#3675 = ( GEOMETRIC_REPRESENTATION_CONTEXT(2) 
PARAMETRIC_REPRESENTATION_CONTEXT() REPRESENTATION_CONTEXT('2D SPACE',''
  ) );
#3676 = PCURVE('',#3149,#3677);
#3677 = DEFINITIONAL_REPRESENTATION('',(#3678),#3686);
#3678 = ( BOUNDED_CURVE() B_SPLINE_CURVE(2,(#3679,#3680,#3681,#3682,
#3683,#3684,#3685),.UNSPECIFIED.,.T.,.F.) B_SPLINE_CURVE_WITH_KNOTS((1,2
    ,2,2,2,1),(-2.094395102393,0.,2.094395102393,4.188790204786,
6.28318530718,8.377580409573),.UNSPECIFIED.) CURVE() 
GEOMETRIC_REPRESENTATION_ITEM() RATIONAL_B_SPLINE_CURVE((1.,0.5,1.,0.5,
1.,0.5,1.)) REPRESENTATION_ITEM('') );
#3679 = CARTESIAN_POINT('',(-40.81200986126,29.501389886823));
#3680 = CARTESIAN_POINT('',(-37.33299448597,40.208698232926));
#3681 = CARTESIAN_POINT('',(-29.79970113974,31.842128364719));
#3682 = CARTESIAN_POINT('',(-22.2664077935,23.475558496512));
#3683 = CARTESIAN_POINT('',(-33.27871651502,21.134820018616));
#3684 = CARTESIAN_POINT('',(-44.29102523655,18.794081540721));
#3685 = CARTESIAN_POINT('',(-40.81200986126,29.501389886823));
#3686 = ( GEOMETRIC_REPRESENTATION_CONTEXT(2) 
PARAMETRIC_REPRESENTATION_CONTEXT() REPRESENTATION_CONTEXT('2D SPACE',''
  ) );
#3687 = ORIENTED_EDGE('',*,*,#3688,.T.);
#3688 = EDGE_CURVE('',#3661,#2286,#3689,.T.);
#3689 = SURFACE_CURVE('',#3690,(#3693,#3700),.PCURVE_S1.);
#3690 = B_SPLINE_CURVE_WITH_KNOTS('',1,(#3691,#3692),.UNSPECIFIED.,.F.,
  .F.,(2,2),(0.,1.),.PIECEWISE_BEZIER_KNOTS.);
#3691 = CARTESIAN_POINT('',(-15.52983710528,26.870803273707,0.));
#3692 = CARTESIAN_POINT('',(-19.86026108585,34.363603750937,102.));
#3693 = PCURVE('',#2430,#3694);
#3694 = DEFINITIONAL_REPRESENTATION('',(#3695),#3699);
#3695 = LINE('',#3696,#3697);
#3696 = CARTESIAN_POINT('',(6.141427779746,0.));
#3697 = VECTOR('',#3698,1.);
#3698 = DIRECTION('',(0.,1.));
#3699 = ( GEOMETRIC_REPRESENTATION_CONTEXT(2) 
PARAMETRIC_REPRESENTATION_CONTEXT() REPRESENTATION_CONTEXT('2D SPACE',''
  ) );
#3700 = PCURVE('',#2339,#3701);
#3701 = DEFINITIONAL_REPRESENTATION('',(#3702),#3706);
#3702 = LINE('',#3703,#3704);
#3703 = CARTESIAN_POINT('',(2.340872384946,0.));
#3704 = VECTOR('',#3705,1.);
#3705 = DIRECTION('',(0.,1.));
#3706 = ( GEOMETRIC_REPRESENTATION_CONTEXT(2) 
PARAMETRIC_REPRESENTATION_CONTEXT() REPRESENTATION_CONTEXT('2D SPACE',''
  ) );
#3707 = ORIENTED_EDGE('',*,*,#2384,.T.);
#3708 = ORIENTED_EDGE('',*,*,#3637,.F.);
#3709 = ADVANCED_FACE('',(#3710),#2339,.F.);
#3710 = FACE_BOUND('',#3711,.F.);
#3711 = EDGE_LOOP('',(#3712,#3736,#3756,#3757));
#3712 = ORIENTED_EDGE('',*,*,#3713,.F.);
#3713 = EDGE_CURVE('',#3714,#3661,#3716,.T.);
#3714 = VERTEX_POINT('',#3715);
#3715 = CARTESIAN_POINT('',(-20.75666896613,23.073287640064,0.));
#3716 = SURFACE_CURVE('',#3717,(#3722,#3729),.PCURVE_S1.);
#3717 = CIRCLE('',#3718,4.5);
#3718 = AXIS2_PLACEMENT_3D('',#3719,#3720,#3721);
#3719 = CARTESIAN_POINT('',(-19.98469857794,27.506577808748,0.));
#3720 = DIRECTION('',(0.,0.,1.));
#3721 = DIRECTION('',(-0.587785252292,0.809016994375,0.));
#3722 = PCURVE('',#2339,#3723);
#3723 = DEFINITIONAL_REPRESENTATION('',(#3724),#3728);
#3724 = LINE('',#3725,#3726);
#3725 = CARTESIAN_POINT('',(6.28318530718,0.));
#3726 = VECTOR('',#3727,1.);
#3727 = DIRECTION('',(-1.,0.));
#3728 = ( GEOMETRIC_REPRESENTATION_CONTEXT(2) 
PARAMETRIC_REPRESENTATION_CONTEXT() REPRESENTATION_CONTEXT('2D SPACE',''
  ) );
#3729 = PCURVE('',#3149,#3730);
#3730 = DEFINITIONAL_REPRESENTATION('',(#3731),#3735);
#3731 = CIRCLE('',#3732,4.5);
#3732 = AXIS2_PLACEMENT_2D('',#3733,#3734);
#3733 = CARTESIAN_POINT('',(-44.50657780874,32.335921554035));
#3734 = DIRECTION('',(-0.309016994375,0.951056516295));
#3735 = ( GEOMETRIC_REPRESENTATION_CONTEXT(2) 
PARAMETRIC_REPRESENTATION_CONTEXT() REPRESENTATION_CONTEXT('2D SPACE',''
  ) );
#3736 = ORIENTED_EDGE('',*,*,#3737,.T.);
#3737 = EDGE_CURVE('',#3714,#2201,#3738,.T.);
#3738 = SURFACE_CURVE('',#3739,(#3742,#3749),.PCURVE_S1.);
#3739 = B_SPLINE_CURVE_WITH_KNOTS('',1,(#3740,#3741),.UNSPECIFIED.,.F.,
  .F.,(2,2),(0.,1.),.PIECEWISE_BEZIER_KNOTS.);
#3740 = CARTESIAN_POINT('',(-20.75666896613,23.073287640064,0.));
#3741 = CARTESIAN_POINT('',(-26.54457108245,29.507168268035,102.));
#3742 = PCURVE('',#2339,#3743);
#3743 = DEFINITIONAL_REPRESENTATION('',(#3744),#3748);
#3744 = LINE('',#3745,#3746);
#3745 = CARTESIAN_POINT('',(3.942312922233,0.));
#3746 = VECTOR('',#3747,1.);
#3747 = DIRECTION('',(0.,1.));
#3748 = ( GEOMETRIC_REPRESENTATION_CONTEXT(2) 
PARAMETRIC_REPRESENTATION_CONTEXT() REPRESENTATION_CONTEXT('2D SPACE',''
  ) );
#3749 = PCURVE('',#2246,#3750);
#3750 = DEFINITIONAL_REPRESENTATION('',(#3751),#3755);
#3751 = LINE('',#3752,#3753);
#3752 = CARTESIAN_POINT('',(4.539987242459,0.));
#3753 = VECTOR('',#3754,1.);
#3754 = DIRECTION('',(0.,1.));
#3755 = ( GEOMETRIC_REPRESENTATION_CONTEXT(2) 
PARAMETRIC_REPRESENTATION_CONTEXT() REPRESENTATION_CONTEXT('2D SPACE',''
  ) );
#3756 = ORIENTED_EDGE('',*,*,#2285,.T.);
#3757 = ORIENTED_EDGE('',*,*,#3688,.F.);
#3758 = ADVANCED_FACE('',(#3759),#2246,.F.);
#3759 = FACE_BOUND('',#3760,.F.);
#3760 = EDGE_LOOP('',(#3761,#3789,#3808,#3809));
#3761 = ORIENTED_EDGE('',*,*,#3762,.F.);
#3762 = EDGE_CURVE('',#3763,#3714,#3765,.T.);
#3763 = VERTEX_POINT('',#3764);
#3764 = CARTESIAN_POINT('',(-27.04142066755,20.609744498186,0.));
#3765 = SURFACE_CURVE('',#3766,(#3771,#3778),.PCURVE_S1.);
#3766 = CIRCLE('',#3767,6.5);
#3767 = AXIS2_PLACEMENT_3D('',#3768,#3769,#3770);
#3768 = CARTESIAN_POINT('',(-21.87173730463,16.669646285298,0.));
#3769 = DIRECTION('',(0.,0.,-1.));
#3770 = DIRECTION('',(-1.,0.,0.));
#3771 = PCURVE('',#2246,#3772);
#3772 = DEFINITIONAL_REPRESENTATION('',(#3773),#3777);
#3773 = LINE('',#3774,#3775);
#3774 = CARTESIAN_POINT('',(6.28318530718,0.));
#3775 = VECTOR('',#3776,1.);
#3776 = DIRECTION('',(-1.,0.));
#3777 = ( GEOMETRIC_REPRESENTATION_CONTEXT(2) 
PARAMETRIC_REPRESENTATION_CONTEXT() REPRESENTATION_CONTEXT('2D SPACE',''
  ) );
#3778 = PCURVE('',#3149,#3779);
#3779 = DEFINITIONAL_REPRESENTATION('',(#3780),#3788);
#3780 = ( BOUNDED_CURVE() B_SPLINE_CURVE(2,(#3781,#3782,#3783,#3784,
#3785,#3786,#3787),.UNSPECIFIED.,.T.,.F.) B_SPLINE_CURVE_WITH_KNOTS((1,2
    ,2,2,2,1),(-2.094395102393,0.,2.094395102393,4.188790204786,
6.28318530718,8.377580409573),.UNSPECIFIED.) CURVE() 
GEOMETRIC_REPRESENTATION_ITEM() RATIONAL_B_SPLINE_CURVE((1.,0.5,1.,0.5,
1.,0.5,1.)) REPRESENTATION_ITEM('') );
#3781 = CARTESIAN_POINT('',(-55.83192164981,24.621124711042));
#3782 = CARTESIAN_POINT('',(-52.35290627452,35.328433057144));
#3783 = CARTESIAN_POINT('',(-44.81961292829,26.961863188938));
#3784 = CARTESIAN_POINT('',(-37.28631958205,18.595293320731));
#3785 = CARTESIAN_POINT('',(-48.29862830358,16.254554842835));
#3786 = CARTESIAN_POINT('',(-59.3109370251,13.91381636494));
#3787 = CARTESIAN_POINT('',(-55.83192164981,24.621124711042));
#3788 = ( GEOMETRIC_REPRESENTATION_CONTEXT(2) 
PARAMETRIC_REPRESENTATION_CONTEXT() REPRESENTATION_CONTEXT('2D SPACE',''
  ) );
#3789 = ORIENTED_EDGE('',*,*,#3790,.T.);
#3790 = EDGE_CURVE('',#3763,#2172,#3791,.T.);
#3791 = SURFACE_CURVE('',#3792,(#3795,#3802),.PCURVE_S1.);
#3792 = B_SPLINE_CURVE_WITH_KNOTS('',1,(#3793,#3794),.UNSPECIFIED.,.F.,
  .F.,(2,2),(0.,1.),.PIECEWISE_BEZIER_KNOTS.);
#3793 = CARTESIAN_POINT('',(-27.04142066755,20.609744498186,0.));
#3794 = CARTESIAN_POINT('',(-34.58179702396,26.356677399247,102.));
#3795 = PCURVE('',#2246,#3796);
#3796 = DEFINITIONAL_REPRESENTATION('',(#3797),#3801);
#3797 = LINE('',#3798,#3799);
#3798 = CARTESIAN_POINT('',(5.631950497823,0.));
#3799 = VECTOR('',#3800,1.);
#3800 = DIRECTION('',(0.,1.));
#3801 = ( GEOMETRIC_REPRESENTATION_CONTEXT(2) 
PARAMETRIC_REPRESENTATION_CONTEXT() REPRESENTATION_CONTEXT('2D SPACE',''
  ) );
#3802 = PCURVE('',#2188,#3803);
#3803 = DEFINITIONAL_REPRESENTATION('',(#3804),#3807);
#3804 = B_SPLINE_CURVE_WITH_KNOTS('',1,(#3805,#3806),.UNSPECIFIED.,.F.,
  .F.,(2,2),(0.,1.),.PIECEWISE_BEZIER_KNOTS.);
#3805 = CARTESIAN_POINT('',(2.176198578874,0.));
#3806 = CARTESIAN_POINT('',(2.176198578874,102.));
#3807 = ( GEOMETRIC_REPRESENTATION_CONTEXT(2) 
PARAMETRIC_REPRESENTATION_CONTEXT() REPRESENTATION_CONTEXT('2D SPACE',''
  ) );
#3808 = ORIENTED_EDGE('',*,*,#2200,.T.);
#3809 = ORIENTED_EDGE('',*,*,#3737,.F.);
#3810 = ADVANCED_FACE('',(#3811),#2188,.F.);
#3811 = FACE_BOUND('',#3812,.F.);
#3812 = EDGE_LOOP('',(#3813,#3814,#3838,#3857));
#3813 = ORIENTED_EDGE('',*,*,#3790,.F.);
#3814 = ORIENTED_EDGE('',*,*,#3815,.T.);
#3815 = EDGE_CURVE('',#3763,#3816,#3818,.T.);
#3816 = VERTEX_POINT('',#3817);
#3817 = CARTESIAN_POINT('',(-27.95729034249,19.349158036088,0.));
#3818 = SURFACE_CURVE('',#3819,(#3824,#3831),.PCURVE_S1.);
#3819 = CIRCLE('',#3820,34.);
#3820 = AXIS2_PLACEMENT_3D('',#3821,#3822,#3823);
#3821 = CARTESIAN_POINT('',(0.,-1.7763568394E-15,0.));
#3822 = DIRECTION('',(0.,-0.,1.));
#3823 = DIRECTION('',(0.951056516295,0.309016994375,0.));
#3824 = PCURVE('',#2188,#3825);
#3825 = DEFINITIONAL_REPRESENTATION('',(#3826),#3830);
#3826 = LINE('',#3827,#3828);
#3827 = CARTESIAN_POINT('',(0.,0.));
#3828 = VECTOR('',#3829,1.);
#3829 = DIRECTION('',(1.,0.));
#3830 = ( GEOMETRIC_REPRESENTATION_CONTEXT(2) 
PARAMETRIC_REPRESENTATION_CONTEXT() REPRESENTATION_CONTEXT('2D SPACE',''
  ) );
#3831 = PCURVE('',#3149,#3832);
#3832 = DEFINITIONAL_REPRESENTATION('',(#3833),#3837);
#3833 = CIRCLE('',#3834,34.);
#3834 = AXIS2_PLACEMENT_2D('',#3835,#3836);
#3835 = CARTESIAN_POINT('',(-34.,-1.7763568394E-15));
#3836 = DIRECTION('',(1.,0.));
#3837 = ( GEOMETRIC_REPRESENTATION_CONTEXT(2) 
PARAMETRIC_REPRESENTATION_CONTEXT() REPRESENTATION_CONTEXT('2D SPACE',''
  ) );
#3838 = ORIENTED_EDGE('',*,*,#3839,.T.);
#3839 = EDGE_CURVE('',#3816,#2087,#3840,.T.);
#3840 = SURFACE_CURVE('',#3841,(#3844,#3850),.PCURVE_S1.);
#3841 = B_SPLINE_CURVE_WITH_KNOTS('',1,(#3842,#3843),.UNSPECIFIED.,.F.,
  .F.,(2,2),(0.,1.),.PIECEWISE_BEZIER_KNOTS.);
#3842 = CARTESIAN_POINT('',(-27.95729034249,19.349158036088,0.));
#3843 = CARTESIAN_POINT('',(-35.75305276487,24.74458217321,102.));
#3844 = PCURVE('',#2188,#3845);
#3845 = DEFINITIONAL_REPRESENTATION('',(#3846),#3849);
#3846 = B_SPLINE_CURVE_WITH_KNOTS('',1,(#3847,#3848),.UNSPECIFIED.,.F.,
  .F.,(2,2),(0.,1.),.PIECEWISE_BEZIER_KNOTS.);
#3847 = CARTESIAN_POINT('',(2.222031136151,0.));
#3848 = CARTESIAN_POINT('',(2.222031136151,102.));
#3849 = ( GEOMETRIC_REPRESENTATION_CONTEXT(2) 
PARAMETRIC_REPRESENTATION_CONTEXT() REPRESENTATION_CONTEXT('2D SPACE',''
  ) );
#3850 = PCURVE('',#2132,#3851);
#3851 = DEFINITIONAL_REPRESENTATION('',(#3852),#3856);
#3852 = LINE('',#3853,#3854);
#3853 = CARTESIAN_POINT('',(-0.605402252079,0.));
#3854 = VECTOR('',#3855,1.);
#3855 = DIRECTION('',(0.,1.));
#3856 = ( GEOMETRIC_REPRESENTATION_CONTEXT(2) 
PARAMETRIC_REPRESENTATION_CONTEXT() REPRESENTATION_CONTEXT('2D SPACE',''
  ) );
#3857 = ORIENTED_EDGE('',*,*,#2171,.F.);
#3858 = ADVANCED_FACE('',(#3859),#2132,.F.);
#3859 = FACE_BOUND('',#3860,.F.);
#3860 = EDGE_LOOP('',(#3861,#3889,#3909,#3910));
#3861 = ORIENTED_EDGE('',*,*,#3862,.F.);
#3862 = EDGE_CURVE('',#3863,#3816,#3865,.T.);
#3863 = VERTEX_POINT('',#3864);
#3864 = CARTESIAN_POINT('',(-28.35816401958,12.610727279945,0.));
#3865 = SURFACE_CURVE('',#3866,(#3871,#3878),.PCURVE_S1.);
#3866 = CIRCLE('',#3867,6.5);
#3867 = AXIS2_PLACEMENT_3D('',#3868,#3869,#3870);
#3868 = CARTESIAN_POINT('',(-22.6125142476,15.650054293895,0.));
#3869 = DIRECTION('',(0.,0.,-1.));
#3870 = DIRECTION('',(-1.,0.,0.));
#3871 = PCURVE('',#2132,#3872);
#3872 = DEFINITIONAL_REPRESENTATION('',(#3873),#3877);
#3873 = LINE('',#3874,#3875);
#3874 = CARTESIAN_POINT('',(6.28318530718,0.));
#3875 = VECTOR('',#3876,1.);
#3876 = DIRECTION('',(-1.,0.));
#3877 = ( GEOMETRIC_REPRESENTATION_CONTEXT(2) 
PARAMETRIC_REPRESENTATION_CONTEXT() REPRESENTATION_CONTEXT('2D SPACE',''
  ) );
#3878 = PCURVE('',#3149,#3879);
#3879 = DEFINITIONAL_REPRESENTATION('',(#3880),#3888);
#3880 = ( BOUNDED_CURVE() B_SPLINE_CURVE(2,(#3881,#3882,#3883,#3884,
#3885,#3886,#3887),.UNSPECIFIED.,.T.,.F.) B_SPLINE_CURVE_WITH_KNOTS((1,2
    ,2,2,2,1),(-2.094395102393,0.,2.094395102393,4.188790204786,
6.28318530718,8.377580409573),.UNSPECIFIED.) CURVE() 
GEOMETRIC_REPRESENTATION_ITEM() RATIONAL_B_SPLINE_CURVE((1.,0.5,1.,0.5,
1.,0.5,1.)) REPRESENTATION_ITEM('') );
#3881 = CARTESIAN_POINT('',(-56.85151364121,23.880347768075));
#3882 = CARTESIAN_POINT('',(-53.37249826592,34.587656114177));
#3883 = CARTESIAN_POINT('',(-45.83920491969,26.22108624597));
#3884 = CARTESIAN_POINT('',(-38.30591157346,17.854516377763));
#3885 = CARTESIAN_POINT('',(-49.31822029498,15.513777899868));
#3886 = CARTESIAN_POINT('',(-60.3305290165,13.173039421972));
#3887 = CARTESIAN_POINT('',(-56.85151364121,23.880347768075));
#3888 = ( GEOMETRIC_REPRESENTATION_CONTEXT(2) 
PARAMETRIC_REPRESENTATION_CONTEXT() REPRESENTATION_CONTEXT('2D SPACE',''
  ) );
#3889 = ORIENTED_EDGE('',*,*,#3890,.T.);
#3890 = EDGE_CURVE('',#3863,#1988,#3891,.T.);
#3891 = SURFACE_CURVE('',#3892,(#3895,#3902),.PCURVE_S1.);
#3892 = B_SPLINE_CURVE_WITH_KNOTS('',1,(#3893,#3894),.UNSPECIFIED.,.F.,
  .F.,(2,2),(0.,1.),.PIECEWISE_BEZIER_KNOTS.);
#3893 = CARTESIAN_POINT('',(-28.35816401958,12.610727279945,0.));
#3894 = CARTESIAN_POINT('',(-36.2657082316,16.127170849529,102.));
#3895 = PCURVE('',#2132,#3896);
#3896 = DEFINITIONAL_REPRESENTATION('',(#3897),#3901);
#3897 = LINE('',#3898,#3899);
#3898 = CARTESIAN_POINT('',(0.486561003285,0.));
#3899 = VECTOR('',#3900,1.);
#3900 = DIRECTION('',(0.,1.));
#3901 = ( GEOMETRIC_REPRESENTATION_CONTEXT(2) 
PARAMETRIC_REPRESENTATION_CONTEXT() REPRESENTATION_CONTEXT('2D SPACE',''
  ) );
#3902 = PCURVE('',#2041,#3903);
#3903 = DEFINITIONAL_REPRESENTATION('',(#3904),#3908);
#3904 = LINE('',#3905,#3906);
#3905 = CARTESIAN_POINT('',(2.340872384946,0.));
#3906 = VECTOR('',#3907,1.);
#3907 = DIRECTION('',(0.,1.));
#3908 = ( GEOMETRIC_REPRESENTATION_CONTEXT(2) 
PARAMETRIC_REPRESENTATION_CONTEXT() REPRESENTATION_CONTEXT('2D SPACE',''
  ) );
#3909 = ORIENTED_EDGE('',*,*,#2086,.T.);
#3910 = ORIENTED_EDGE('',*,*,#3839,.F.);
#3911 = ADVANCED_FACE('',(#3912),#2041,.F.);
#3912 = FACE_BOUND('',#3913,.F.);
#3913 = EDGE_LOOP('',(#3914,#3938,#3958,#3959));
#3914 = ORIENTED_EDGE('',*,*,#3915,.F.);
#3915 = EDGE_CURVE('',#3916,#3863,#3918,.T.);
#3916 = VERTEX_POINT('',#3917);
#3917 = CARTESIAN_POINT('',(-30.35463613695,6.466217911901,0.));
#3918 = SURFACE_CURVE('',#3919,(#3924,#3931),.PCURVE_S1.);
#3919 = CIRCLE('',#3920,4.5);
#3920 = AXIS2_PLACEMENT_3D('',#3921,#3922,#3923);
#3921 = CARTESIAN_POINT('',(-32.33592155403,10.506577808748,0.));
#3922 = DIRECTION('',(0.,-0.,1.));
#3923 = DIRECTION('',(-0.951056516295,0.309016994375,0.));
#3924 = PCURVE('',#2041,#3925);
#3925 = DEFINITIONAL_REPRESENTATION('',(#3926),#3930);
#3926 = LINE('',#3927,#3928);
#3927 = CARTESIAN_POINT('',(6.28318530718,0.));
#3928 = VECTOR('',#3929,1.);
#3929 = DIRECTION('',(-1.,0.));
#3930 = ( GEOMETRIC_REPRESENTATION_CONTEXT(2) 
PARAMETRIC_REPRESENTATION_CONTEXT() REPRESENTATION_CONTEXT('2D SPACE',''
  ) );
#3931 = PCURVE('',#3149,#3932);
#3932 = DEFINITIONAL_REPRESENTATION('',(#3933),#3937);
#3933 = CIRCLE('',#3934,4.5);
#3934 = AXIS2_PLACEMENT_2D('',#3935,#3936);
#3935 = CARTESIAN_POINT('',(-61.50657780874,19.984698577944));
#3936 = DIRECTION('',(-0.809016994375,0.587785252292));
#3937 = ( GEOMETRIC_REPRESENTATION_CONTEXT(2) 
PARAMETRIC_REPRESENTATION_CONTEXT() REPRESENTATION_CONTEXT('2D SPACE',''
  ) );
#3938 = ORIENTED_EDGE('',*,*,#3939,.T.);
#3939 = EDGE_CURVE('',#3916,#1903,#3940,.T.);
#3940 = SURFACE_CURVE('',#3941,(#3944,#3951),.PCURVE_S1.);
#3941 = B_SPLINE_CURVE_WITH_KNOTS('',1,(#3942,#3943),.UNSPECIFIED.,.F.,
  .F.,(2,2),(0.,1.),.PIECEWISE_BEZIER_KNOTS.);
#3942 = CARTESIAN_POINT('',(-30.35463613695,6.466217911901,0.));
#3943 = CARTESIAN_POINT('',(-38.81888745896,8.269293174023,102.));
#3944 = PCURVE('',#2041,#3945);
#3945 = DEFINITIONAL_REPRESENTATION('',(#3946),#3950);
#3946 = LINE('',#3947,#3948);
#3947 = CARTESIAN_POINT('',(3.942312922233,0.));
#3948 = VECTOR('',#3949,1.);
#3949 = DIRECTION('',(0.,1.));
#3950 = ( GEOMETRIC_REPRESENTATION_CONTEXT(2) 
PARAMETRIC_REPRESENTATION_CONTEXT() REPRESENTATION_CONTEXT('2D SPACE',''
  ) );
#3951 = PCURVE('',#1948,#3952);
#3952 = DEFINITIONAL_REPRESENTATION('',(#3953),#3957);
#3953 = LINE('',#3954,#3955);
#3954 = CARTESIAN_POINT('',(5.168305773177,0.));
#3955 = VECTOR('',#3956,1.);
#3956 = DIRECTION('',(0.,1.));
#3957 = ( GEOMETRIC_REPRESENTATION_CONTEXT(2) 
PARAMETRIC_REPRESENTATION_CONTEXT() REPRESENTATION_CONTEXT('2D SPACE',''
  ) );
#3958 = ORIENTED_EDGE('',*,*,#1987,.T.);
#3959 = ORIENTED_EDGE('',*,*,#3890,.F.);
#3960 = ADVANCED_FACE('',(#3961),#1948,.F.);
#3961 = FACE_BOUND('',#3962,.F.);
#3962 = EDGE_LOOP('',(#3963,#3991,#4010,#4011));
#3963 = ORIENTED_EDGE('',*,*,#3964,.F.);
#3964 = EDGE_CURVE('',#3965,#3916,#3967,.T.);
#3965 = VERTEX_POINT('',#3966);
#3966 = CARTESIAN_POINT('',(-33.99107274164,0.779085279334,0.));
#3967 = SURFACE_CURVE('',#3968,(#3973,#3980),.PCURVE_S1.);
#3968 = CIRCLE('',#3969,6.5);
#3969 = AXIS2_PLACEMENT_3D('',#3970,#3971,#3972);
#3970 = CARTESIAN_POINT('',(-27.49277942338,0.630142505344,0.));
#3971 = DIRECTION('',(0.,0.,-1.));
#3972 = DIRECTION('',(-1.,0.,0.));
#3973 = PCURVE('',#1948,#3974);
#3974 = DEFINITIONAL_REPRESENTATION('',(#3975),#3979);
#3975 = LINE('',#3976,#3977);
#3976 = CARTESIAN_POINT('',(6.28318530718,0.));
#3977 = VECTOR('',#3978,1.);
#3978 = DIRECTION('',(-1.,0.));
#3979 = ( GEOMETRIC_REPRESENTATION_CONTEXT(2) 
PARAMETRIC_REPRESENTATION_CONTEXT() REPRESENTATION_CONTEXT('2D SPACE',''
  ) );
#3980 = PCURVE('',#3149,#3981);
#3981 = DEFINITIONAL_REPRESENTATION('',(#3982),#3990);
#3982 = ( BOUNDED_CURVE() B_SPLINE_CURVE(2,(#3983,#3984,#3985,#3986,
#3987,#3988,#3989),.UNSPECIFIED.,.T.,.F.) B_SPLINE_CURVE_WITH_KNOTS((1,2
    ,2,2,2,1),(-2.094395102393,0.,2.094395102393,4.188790204786,
6.28318530718,8.377580409573),.UNSPECIFIED.) CURVE() 
GEOMETRIC_REPRESENTATION_ITEM() RATIONAL_B_SPLINE_CURVE((1.,0.5,1.,0.5,
1.,0.5,1.)) REPRESENTATION_ITEM('') );
#3983 = CARTESIAN_POINT('',(-66.13432963456,11.103647663767));
#3984 = CARTESIAN_POINT('',(-62.65531425927,21.810956009869));
#3985 = CARTESIAN_POINT('',(-55.12202091304,13.444386141663));
#3986 = CARTESIAN_POINT('',(-47.58872756681,5.077816273456));
#3987 = CARTESIAN_POINT('',(-58.60103628833,2.73707779556));
#3988 = CARTESIAN_POINT('',(-69.61334500985,0.396339317665));
#3989 = CARTESIAN_POINT('',(-66.13432963456,11.103647663767));
#3990 = ( GEOMETRIC_REPRESENTATION_CONTEXT(2) 
PARAMETRIC_REPRESENTATION_CONTEXT() REPRESENTATION_CONTEXT('2D SPACE',''
  ) );
#3991 = ORIENTED_EDGE('',*,*,#3992,.T.);
#3992 = EDGE_CURVE('',#3965,#1874,#3993,.T.);
#3993 = SURFACE_CURVE('',#3994,(#3997,#4004),.PCURVE_S1.);
#3994 = B_SPLINE_CURVE_WITH_KNOTS('',1,(#3995,#3996),.UNSPECIFIED.,.F.,
  .F.,(2,2),(0.,1.),.PIECEWISE_BEZIER_KNOTS.);
#3995 = CARTESIAN_POINT('',(-33.99107274164,0.779085279334,0.));
#3996 = CARTESIAN_POINT('',(-43.46932776311,0.996329642792,102.));
#3997 = PCURVE('',#1948,#3998);
#3998 = DEFINITIONAL_REPRESENTATION('',(#3999),#4003);
#3999 = LINE('',#4000,#4001);
#4000 = CARTESIAN_POINT('',(6.260269028541,0.));
#4001 = VECTOR('',#4002,1.);
#4002 = DIRECTION('',(0.,1.));
#4003 = ( GEOMETRIC_REPRESENTATION_CONTEXT(2) 
PARAMETRIC_REPRESENTATION_CONTEXT() REPRESENTATION_CONTEXT('2D SPACE',''
  ) );
#4004 = PCURVE('',#1890,#4005);
#4005 = DEFINITIONAL_REPRESENTATION('',(#4006),#4009);
#4006 = B_SPLINE_CURVE_WITH_KNOTS('',1,(#4007,#4008),.UNSPECIFIED.,.F.,
  .F.,(2,2),(0.,1.),.PIECEWISE_BEZIER_KNOTS.);
#4007 = CARTESIAN_POINT('',(2.804517109592,0.));
#4008 = CARTESIAN_POINT('',(2.804517109592,102.));
#4009 = ( GEOMETRIC_REPRESENTATION_CONTEXT(2) 
PARAMETRIC_REPRESENTATION_CONTEXT() REPRESENTATION_CONTEXT('2D SPACE',''
  ) );
#4010 = ORIENTED_EDGE('',*,*,#1902,.T.);
#4011 = ORIENTED_EDGE('',*,*,#3939,.F.);
#4012 = ADVANCED_FACE('',(#4013),#1890,.F.);
#4013 = FACE_BOUND('',#4014,.F.);
#4014 = EDGE_LOOP('',(#4015,#4016,#4040,#4059));
#4015 = ORIENTED_EDGE('',*,*,#3992,.F.);
#4016 = ORIENTED_EDGE('',*,*,#4017,.T.);
#4017 = EDGE_CURVE('',#3965,#4018,#4020,.T.);
#4018 = VERTEX_POINT('',#4019);
#4019 = CARTESIAN_POINT('',(-33.99107274164,-0.779085279334,0.));
#4020 = SURFACE_CURVE('',#4021,(#4026,#4033),.PCURVE_S1.);
#4021 = CIRCLE('',#4022,34.);
#4022 = AXIS2_PLACEMENT_3D('',#4023,#4024,#4025);
#4023 = CARTESIAN_POINT('',(0.,-1.7763568394E-15,0.));
#4024 = DIRECTION('',(0.,-0.,1.));
#4025 = DIRECTION('',(0.951056516295,0.309016994375,0.));
#4026 = PCURVE('',#1890,#4027);
#4027 = DEFINITIONAL_REPRESENTATION('',(#4028),#4032);
#4028 = LINE('',#4029,#4030);
#4029 = CARTESIAN_POINT('',(0.,0.));
#4030 = VECTOR('',#4031,1.);
#4031 = DIRECTION('',(1.,0.));
#4032 = ( GEOMETRIC_REPRESENTATION_CONTEXT(2) 
PARAMETRIC_REPRESENTATION_CONTEXT() REPRESENTATION_CONTEXT('2D SPACE',''
  ) );
#4033 = PCURVE('',#3149,#4034);
#4034 = DEFINITIONAL_REPRESENTATION('',(#4035),#4039);
#4035 = CIRCLE('',#4036,34.);
#4036 = AXIS2_PLACEMENT_2D('',#4037,#4038);
#4037 = CARTESIAN_POINT('',(-34.,-1.7763568394E-15));
#4038 = DIRECTION('',(1.,0.));
#4039 = ( GEOMETRIC_REPRESENTATION_CONTEXT(2) 
PARAMETRIC_REPRESENTATION_CONTEXT() REPRESENTATION_CONTEXT('2D SPACE',''
  ) );
#4040 = ORIENTED_EDGE('',*,*,#4041,.T.);
#4041 = EDGE_CURVE('',#4018,#1789,#4042,.T.);
#4042 = SURFACE_CURVE('',#4043,(#4046,#4052),.PCURVE_S1.);
#4043 = B_SPLINE_CURVE_WITH_KNOTS('',1,(#4044,#4045),.UNSPECIFIED.,.F.,
  .F.,(2,2),(0.,1.),.PIECEWISE_BEZIER_KNOTS.);
#4044 = CARTESIAN_POINT('',(-33.99107274164,-0.779085279334,0.));
#4045 = CARTESIAN_POINT('',(-43.46932776311,-0.996329642792,102.));
#4046 = PCURVE('',#1890,#4047);
#4047 = DEFINITIONAL_REPRESENTATION('',(#4048),#4051);
#4048 = B_SPLINE_CURVE_WITH_KNOTS('',1,(#4049,#4050),.UNSPECIFIED.,.F.,
  .F.,(2,2),(0.,1.),.PIECEWISE_BEZIER_KNOTS.);
#4049 = CARTESIAN_POINT('',(2.850349666869,0.));
#4050 = CARTESIAN_POINT('',(2.850349666869,102.));
#4051 = ( GEOMETRIC_REPRESENTATION_CONTEXT(2) 
PARAMETRIC_REPRESENTATION_CONTEXT() REPRESENTATION_CONTEXT('2D SPACE',''
  ) );
#4052 = PCURVE('',#1834,#4053);
#4053 = DEFINITIONAL_REPRESENTATION('',(#4054),#4058);
#4054 = LINE('',#4055,#4056);
#4055 = CARTESIAN_POINT('',(2.291627863847E-02,0.));
#4056 = VECTOR('',#4057,1.);
#4057 = DIRECTION('',(0.,1.));
#4058 = ( GEOMETRIC_REPRESENTATION_CONTEXT(2) 
PARAMETRIC_REPRESENTATION_CONTEXT() REPRESENTATION_CONTEXT('2D SPACE',''
  ) );
#4059 = ORIENTED_EDGE('',*,*,#1873,.F.);
#4060 = ADVANCED_FACE('',(#4061),#1834,.F.);
#4061 = FACE_BOUND('',#4062,.F.);
#4062 = EDGE_LOOP('',(#4063,#4091,#4111,#4112));
#4063 = ORIENTED_EDGE('',*,*,#4064,.F.);
#4064 = EDGE_CURVE('',#4065,#4018,#4067,.T.);
#4065 = VERTEX_POINT('',#4066);
#4066 = CARTESIAN_POINT('',(-30.35463613695,-6.466217911901,0.));
#4067 = SURFACE_CURVE('',#4068,(#4073,#4080),.PCURVE_S1.);
#4068 = CIRCLE('',#4069,6.5);
#4069 = AXIS2_PLACEMENT_3D('',#4070,#4071,#4072);
#4070 = CARTESIAN_POINT('',(-27.49277942338,-0.630142505344,0.));
#4071 = DIRECTION('',(0.,0.,-1.));
#4072 = DIRECTION('',(-1.,0.,0.));
#4073 = PCURVE('',#1834,#4074);
#4074 = DEFINITIONAL_REPRESENTATION('',(#4075),#4079);
#4075 = LINE('',#4076,#4077);
#4076 = CARTESIAN_POINT('',(6.28318530718,0.));
#4077 = VECTOR('',#4078,1.);
#4078 = DIRECTION('',(-1.,0.));
#4079 = ( GEOMETRIC_REPRESENTATION_CONTEXT(2) 
PARAMETRIC_REPRESENTATION_CONTEXT() REPRESENTATION_CONTEXT('2D SPACE',''
  ) );
#4080 = PCURVE('',#3149,#4081);
#4081 = DEFINITIONAL_REPRESENTATION('',(#4082),#4090);
#4082 = ( BOUNDED_CURVE() B_SPLINE_CURVE(2,(#4083,#4084,#4085,#4086,
#4087,#4088,#4089),.UNSPECIFIED.,.T.,.F.) B_SPLINE_CURVE_WITH_KNOTS((1,2
    ,2,2,2,1),(-2.094395102393,0.,2.094395102393,4.188790204786,
6.28318530718,8.377580409573),.UNSPECIFIED.) CURVE() 
GEOMETRIC_REPRESENTATION_ITEM() RATIONAL_B_SPLINE_CURVE((1.,0.5,1.,0.5,
1.,0.5,1.)) REPRESENTATION_ITEM('') );
#4083 = CARTESIAN_POINT('',(-66.52377912062,9.905045391963));
#4084 = CARTESIAN_POINT('',(-63.04476374533,20.612353738066));
#4085 = CARTESIAN_POINT('',(-55.5114703991,12.245783869859));
#4086 = CARTESIAN_POINT('',(-47.97817705286,3.879214001652));
#4087 = CARTESIAN_POINT('',(-58.99048577439,1.538475523757));
#4088 = CARTESIAN_POINT('',(-70.00279449591,-0.802262954139));
#4089 = CARTESIAN_POINT('',(-66.52377912062,9.905045391963));
#4090 = ( GEOMETRIC_REPRESENTATION_CONTEXT(2) 
PARAMETRIC_REPRESENTATION_CONTEXT() REPRESENTATION_CONTEXT('2D SPACE',''
  ) );
#4091 = ORIENTED_EDGE('',*,*,#4092,.T.);
#4092 = EDGE_CURVE('',#4065,#1690,#4093,.T.);
#4093 = SURFACE_CURVE('',#4094,(#4097,#4104),.PCURVE_S1.);
#4094 = B_SPLINE_CURVE_WITH_KNOTS('',1,(#4095,#4096),.UNSPECIFIED.,.F.,
  .F.,(2,2),(0.,1.),.PIECEWISE_BEZIER_KNOTS.);
#4095 = CARTESIAN_POINT('',(-30.35463613695,-6.466217911901,0.));
#4096 = CARTESIAN_POINT('',(-38.81888745896,-8.269293174023,102.));
#4097 = PCURVE('',#1834,#4098);
#4098 = DEFINITIONAL_REPRESENTATION('',(#4099),#4103);
#4099 = LINE('',#4100,#4101);
#4100 = CARTESIAN_POINT('',(1.114879534002,0.));
#4101 = VECTOR('',#4102,1.);
#4102 = DIRECTION('',(0.,1.));
#4103 = ( GEOMETRIC_REPRESENTATION_CONTEXT(2) 
PARAMETRIC_REPRESENTATION_CONTEXT() REPRESENTATION_CONTEXT('2D SPACE',''
  ) );
#4104 = PCURVE('',#1743,#4105);
#4105 = DEFINITIONAL_REPRESENTATION('',(#4106),#4110);
#4106 = LINE('',#4107,#4108);
#4107 = CARTESIAN_POINT('',(2.340872384946,0.));
#4108 = VECTOR('',#4109,1.);
#4109 = DIRECTION('',(0.,1.));
#4110 = ( GEOMETRIC_REPRESENTATION_CONTEXT(2) 
PARAMETRIC_REPRESENTATION_CONTEXT() REPRESENTATION_CONTEXT('2D SPACE',''
  ) );
#4111 = ORIENTED_EDGE('',*,*,#1788,.T.);
#4112 = ORIENTED_EDGE('',*,*,#4041,.F.);
#4113 = ADVANCED_FACE('',(#4114),#1743,.F.);
#4114 = FACE_BOUND('',#4115,.F.);
#4115 = EDGE_LOOP('',(#4116,#4140,#4160,#4161));
#4116 = ORIENTED_EDGE('',*,*,#4117,.F.);
#4117 = EDGE_CURVE('',#4118,#4065,#4120,.T.);
#4118 = VERTEX_POINT('',#4119);
#4119 = CARTESIAN_POINT('',(-28.35816401958,-12.61072727994,0.));
#4120 = SURFACE_CURVE('',#4121,(#4126,#4133),.PCURVE_S1.);
#4121 = CIRCLE('',#4122,4.5);
#4122 = AXIS2_PLACEMENT_3D('',#4123,#4124,#4125);
#4123 = CARTESIAN_POINT('',(-32.33592155403,-10.50657780874,0.));
#4124 = DIRECTION('',(0.,0.,1.));
#4125 = DIRECTION('',(-0.951056516295,-0.309016994375,0.));
#4126 = PCURVE('',#1743,#4127);
#4127 = DEFINITIONAL_REPRESENTATION('',(#4128),#4132);
#4128 = LINE('',#4129,#4130);
#4129 = CARTESIAN_POINT('',(6.28318530718,0.));
#4130 = VECTOR('',#4131,1.);
#4131 = DIRECTION('',(-1.,0.));
#4132 = ( GEOMETRIC_REPRESENTATION_CONTEXT(2) 
PARAMETRIC_REPRESENTATION_CONTEXT() REPRESENTATION_CONTEXT('2D SPACE',''
  ) );
#4133 = PCURVE('',#3149,#4134);
#4134 = DEFINITIONAL_REPRESENTATION('',(#4135),#4139);
#4135 = CIRCLE('',#4136,4.5);
#4136 = AXIS2_PLACEMENT_2D('',#4137,#4138);
#4137 = CARTESIAN_POINT('',(-68.,7.105427357601E-15));
#4138 = DIRECTION('',(-1.,1.665334536938E-16));
#4139 = ( GEOMETRIC_REPRESENTATION_CONTEXT(2) 
PARAMETRIC_REPRESENTATION_CONTEXT() REPRESENTATION_CONTEXT('2D SPACE',''
  ) );
#4140 = ORIENTED_EDGE('',*,*,#4141,.T.);
#4141 = EDGE_CURVE('',#4118,#1605,#4142,.T.);
#4142 = SURFACE_CURVE('',#4143,(#4146,#4153),.PCURVE_S1.);
#4143 = B_SPLINE_CURVE_WITH_KNOTS('',1,(#4144,#4145),.UNSPECIFIED.,.F.,
  .F.,(2,2),(0.,1.),.PIECEWISE_BEZIER_KNOTS.);
#4144 = CARTESIAN_POINT('',(-28.35816401958,-12.61072727994,0.));
#4145 = CARTESIAN_POINT('',(-36.2657082316,-16.12717084952,102.));
#4146 = PCURVE('',#1743,#4147);
#4147 = DEFINITIONAL_REPRESENTATION('',(#4148),#4152);
#4148 = LINE('',#4149,#4150);
#4149 = CARTESIAN_POINT('',(3.942312922233,0.));
#4150 = VECTOR('',#4151,1.);
#4151 = DIRECTION('',(0.,1.));
#4152 = ( GEOMETRIC_REPRESENTATION_CONTEXT(2) 
PARAMETRIC_REPRESENTATION_CONTEXT() REPRESENTATION_CONTEXT('2D SPACE',''
  ) );
#4153 = PCURVE('',#1650,#4154);
#4154 = DEFINITIONAL_REPRESENTATION('',(#4155),#4159);
#4155 = LINE('',#4156,#4157);
#4156 = CARTESIAN_POINT('',(-0.486561003285,0.));
#4157 = VECTOR('',#4158,1.);
#4158 = DIRECTION('',(0.,1.));
#4159 = ( GEOMETRIC_REPRESENTATION_CONTEXT(2) 
PARAMETRIC_REPRESENTATION_CONTEXT() REPRESENTATION_CONTEXT('2D SPACE',''
  ) );
#4160 = ORIENTED_EDGE('',*,*,#1689,.T.);
#4161 = ORIENTED_EDGE('',*,*,#4092,.F.);
#4162 = ADVANCED_FACE('',(#4163),#1650,.F.);
#4163 = FACE_BOUND('',#4164,.F.);
#4164 = EDGE_LOOP('',(#4165,#4193,#4212,#4213));
#4165 = ORIENTED_EDGE('',*,*,#4166,.F.);
#4166 = EDGE_CURVE('',#4167,#4118,#4169,.T.);
#4167 = VERTEX_POINT('',#4168);
#4168 = CARTESIAN_POINT('',(-27.95729034249,-19.34915803608,0.));
#4169 = SURFACE_CURVE('',#4170,(#4175,#4182),.PCURVE_S1.);
#4170 = CIRCLE('',#4171,6.5);
#4171 = AXIS2_PLACEMENT_3D('',#4172,#4173,#4174);
#4172 = CARTESIAN_POINT('',(-22.6125142476,-15.65005429389,0.));
#4173 = DIRECTION('',(0.,0.,-1.));
#4174 = DIRECTION('',(-1.,0.,0.));
#4175 = PCURVE('',#1650,#4176);
#4176 = DEFINITIONAL_REPRESENTATION('',(#4177),#4181);
#4177 = LINE('',#4178,#4179);
#4178 = CARTESIAN_POINT('',(6.28318530718,0.));
#4179 = VECTOR('',#4180,1.);
#4180 = DIRECTION('',(-1.,0.));
#4181 = ( GEOMETRIC_REPRESENTATION_CONTEXT(2) 
PARAMETRIC_REPRESENTATION_CONTEXT() REPRESENTATION_CONTEXT('2D SPACE',''
  ) );
#4182 = PCURVE('',#3149,#4183);
#4183 = DEFINITIONAL_REPRESENTATION('',(#4184),#4192);
#4184 = ( BOUNDED_CURVE() B_SPLINE_CURVE(2,(#4185,#4186,#4187,#4188,
#4189,#4190,#4191),.UNSPECIFIED.,.T.,.F.) B_SPLINE_CURVE_WITH_KNOTS((1,2
    ,2,2,2,1),(-2.094395102393,0.,2.094395102393,4.188790204786,
6.28318530718,8.377580409573),.UNSPECIFIED.) CURVE() 
GEOMETRIC_REPRESENTATION_ITEM() RATIONAL_B_SPLINE_CURVE((1.,0.5,1.,0.5,
1.,0.5,1.)) REPRESENTATION_ITEM('') );
#4185 = CARTESIAN_POINT('',(-66.52377912062,-5.887824465089));
#4186 = CARTESIAN_POINT('',(-63.04476374533,4.819483881013));
#4187 = CARTESIAN_POINT('',(-55.5114703991,-3.547085987194));
#4188 = CARTESIAN_POINT('',(-47.97817705286,-11.9136558554));
#4189 = CARTESIAN_POINT('',(-58.99048577439,-14.25439433329));
#4190 = CARTESIAN_POINT('',(-70.00279449591,-16.59513281119));
#4191 = CARTESIAN_POINT('',(-66.52377912062,-5.887824465089));
#4192 = ( GEOMETRIC_REPRESENTATION_CONTEXT(2) 
PARAMETRIC_REPRESENTATION_CONTEXT() REPRESENTATION_CONTEXT('2D SPACE',''
  ) );
#4193 = ORIENTED_EDGE('',*,*,#4194,.T.);
#4194 = EDGE_CURVE('',#4167,#1576,#4195,.T.);
#4195 = SURFACE_CURVE('',#4196,(#4199,#4206),.PCURVE_S1.);
#4196 = B_SPLINE_CURVE_WITH_KNOTS('',1,(#4197,#4198),.UNSPECIFIED.,.F.,
  .F.,(2,2),(0.,1.),.PIECEWISE_BEZIER_KNOTS.);
#4197 = CARTESIAN_POINT('',(-27.95729034249,-19.34915803608,0.));
#4198 = CARTESIAN_POINT('',(-35.75305276487,-24.74458217321,102.));
#4199 = PCURVE('',#1650,#4200);
#4200 = DEFINITIONAL_REPRESENTATION('',(#4201),#4205);
#4201 = LINE('',#4202,#4203);
#4202 = CARTESIAN_POINT('',(0.605402252079,0.));
#4203 = VECTOR('',#4204,1.);
#4204 = DIRECTION('',(0.,1.));
#4205 = ( GEOMETRIC_REPRESENTATION_CONTEXT(2) 
PARAMETRIC_REPRESENTATION_CONTEXT() REPRESENTATION_CONTEXT('2D SPACE',''
  ) );
#4206 = PCURVE('',#1592,#4207);
#4207 = DEFINITIONAL_REPRESENTATION('',(#4208),#4211);
#4208 = B_SPLINE_CURVE_WITH_KNOTS('',1,(#4209,#4210),.UNSPECIFIED.,.F.,
  .F.,(2,2),(0.,1.),.PIECEWISE_BEZIER_KNOTS.);
#4209 = CARTESIAN_POINT('',(3.43283564031,0.));
#4210 = CARTESIAN_POINT('',(3.43283564031,102.));
#4211 = ( GEOMETRIC_REPRESENTATION_CONTEXT(2) 
PARAMETRIC_REPRESENTATION_CONTEXT() REPRESENTATION_CONTEXT('2D SPACE',''
  ) );
#4212 = ORIENTED_EDGE('',*,*,#1604,.T.);
#4213 = ORIENTED_EDGE('',*,*,#4141,.F.);
#4214 = ADVANCED_FACE('',(#4215),#1592,.F.);
#4215 = FACE_BOUND('',#4216,.F.);
#4216 = EDGE_LOOP('',(#4217,#4218,#4242,#4261));
#4217 = ORIENTED_EDGE('',*,*,#4194,.F.);
#4218 = ORIENTED_EDGE('',*,*,#4219,.T.);
#4219 = EDGE_CURVE('',#4167,#4220,#4222,.T.);
#4220 = VERTEX_POINT('',#4221);
#4221 = CARTESIAN_POINT('',(-27.04142066755,-20.60974449818,0.));
#4222 = SURFACE_CURVE('',#4223,(#4228,#4235),.PCURVE_S1.);
#4223 = CIRCLE('',#4224,34.);
#4224 = AXIS2_PLACEMENT_3D('',#4225,#4226,#4227);
#4225 = CARTESIAN_POINT('',(0.,-1.7763568394E-15,0.));
#4226 = DIRECTION('',(0.,-0.,1.));
#4227 = DIRECTION('',(0.951056516295,0.309016994375,0.));
#4228 = PCURVE('',#1592,#4229);
#4229 = DEFINITIONAL_REPRESENTATION('',(#4230),#4234);
#4230 = LINE('',#4231,#4232);
#4231 = CARTESIAN_POINT('',(0.,0.));
#4232 = VECTOR('',#4233,1.);
#4233 = DIRECTION('',(1.,0.));
#4234 = ( GEOMETRIC_REPRESENTATION_CONTEXT(2) 
PARAMETRIC_REPRESENTATION_CONTEXT() REPRESENTATION_CONTEXT('2D SPACE',''
  ) );
#4235 = PCURVE('',#3149,#4236);
#4236 = DEFINITIONAL_REPRESENTATION('',(#4237),#4241);
#4237 = CIRCLE('',#4238,34.);
#4238 = AXIS2_PLACEMENT_2D('',#4239,#4240);
#4239 = CARTESIAN_POINT('',(-34.,-1.7763568394E-15));
#4240 = DIRECTION('',(1.,0.));
#4241 = ( GEOMETRIC_REPRESENTATION_CONTEXT(2) 
PARAMETRIC_REPRESENTATION_CONTEXT() REPRESENTATION_CONTEXT('2D SPACE',''
  ) );
#4242 = ORIENTED_EDGE('',*,*,#4243,.T.);
#4243 = EDGE_CURVE('',#4220,#1491,#4244,.T.);
#4244 = SURFACE_CURVE('',#4245,(#4248,#4254),.PCURVE_S1.);
#4245 = B_SPLINE_CURVE_WITH_KNOTS('',1,(#4246,#4247),.UNSPECIFIED.,.F.,
  .F.,(2,2),(0.,1.),.PIECEWISE_BEZIER_KNOTS.);
#4246 = CARTESIAN_POINT('',(-27.04142066755,-20.60974449818,0.));
#4247 = CARTESIAN_POINT('',(-34.58179702396,-26.35667739924,102.));
#4248 = PCURVE('',#1592,#4249);
#4249 = DEFINITIONAL_REPRESENTATION('',(#4250),#4253);
#4250 = B_SPLINE_CURVE_WITH_KNOTS('',1,(#4251,#4252),.UNSPECIFIED.,.F.,
  .F.,(2,2),(0.,1.),.PIECEWISE_BEZIER_KNOTS.);
#4251 = CARTESIAN_POINT('',(3.478668197587,0.));
#4252 = CARTESIAN_POINT('',(3.478668197587,102.));
#4253 = ( GEOMETRIC_REPRESENTATION_CONTEXT(2) 
PARAMETRIC_REPRESENTATION_CONTEXT() REPRESENTATION_CONTEXT('2D SPACE',''
  ) );
#4254 = PCURVE('',#1536,#4255);
#4255 = DEFINITIONAL_REPRESENTATION('',(#4256),#4260);
#4256 = LINE('',#4257,#4258);
#4257 = CARTESIAN_POINT('',(0.651234809356,0.));
#4258 = VECTOR('',#4259,1.);
#4259 = DIRECTION('',(0.,1.));
#4260 = ( GEOMETRIC_REPRESENTATION_CONTEXT(2) 
PARAMETRIC_REPRESENTATION_CONTEXT() REPRESENTATION_CONTEXT('2D SPACE',''
  ) );
#4261 = ORIENTED_EDGE('',*,*,#1575,.F.);
#4262 = ADVANCED_FACE('',(#4263),#1536,.F.);
#4263 = FACE_BOUND('',#4264,.F.);
#4264 = EDGE_LOOP('',(#4265,#4293,#4313,#4314));
#4265 = ORIENTED_EDGE('',*,*,#4266,.F.);
#4266 = EDGE_CURVE('',#4267,#4220,#4269,.T.);
#4267 = VERTEX_POINT('',#4268);
#4268 = CARTESIAN_POINT('',(-20.75666896613,-23.07328764006,0.));
#4269 = SURFACE_CURVE('',#4270,(#4275,#4282),.PCURVE_S1.);
#4270 = CIRCLE('',#4271,6.5);
#4271 = AXIS2_PLACEMENT_3D('',#4272,#4273,#4274);
#4272 = CARTESIAN_POINT('',(-21.87173730463,-16.66964628529,0.));
#4273 = DIRECTION('',(0.,0.,-1.));
#4274 = DIRECTION('',(-1.,0.,0.));
#4275 = PCURVE('',#1536,#4276);
#4276 = DEFINITIONAL_REPRESENTATION('',(#4277),#4281);
#4277 = LINE('',#4278,#4279);
#4278 = CARTESIAN_POINT('',(6.28318530718,0.));
#4279 = VECTOR('',#4280,1.);
#4280 = DIRECTION('',(-1.,0.));
#4281 = ( GEOMETRIC_REPRESENTATION_CONTEXT(2) 
PARAMETRIC_REPRESENTATION_CONTEXT() REPRESENTATION_CONTEXT('2D SPACE',''
  ) );
#4282 = PCURVE('',#3149,#4283);
#4283 = DEFINITIONAL_REPRESENTATION('',(#4284),#4292);
#4284 = ( BOUNDED_CURVE() B_SPLINE_CURVE(2,(#4285,#4286,#4287,#4288,
#4289,#4290,#4291),.UNSPECIFIED.,.T.,.F.) B_SPLINE_CURVE_WITH_KNOTS((1,2
    ,2,2,2,1),(-2.094395102393,0.,2.094395102393,4.188790204786,
6.28318530718,8.377580409573),.UNSPECIFIED.) CURVE() 
GEOMETRIC_REPRESENTATION_ITEM() RATIONAL_B_SPLINE_CURVE((1.,0.5,1.,0.5,
1.,0.5,1.)) REPRESENTATION_ITEM('') );
#4285 = CARTESIAN_POINT('',(-66.13432963456,-7.086426736893));
#4286 = CARTESIAN_POINT('',(-62.65531425927,3.620881609209));
#4287 = CARTESIAN_POINT('',(-55.12202091304,-4.745688258997));
#4288 = CARTESIAN_POINT('',(-47.58872756681,-13.1122581272));
#4289 = CARTESIAN_POINT('',(-58.60103628833,-15.4529966051));
#4290 = CARTESIAN_POINT('',(-69.61334500985,-17.79373508299));
#4291 = CARTESIAN_POINT('',(-66.13432963456,-7.086426736893));
#4292 = ( GEOMETRIC_REPRESENTATION_CONTEXT(2) 
PARAMETRIC_REPRESENTATION_CONTEXT() REPRESENTATION_CONTEXT('2D SPACE',''
  ) );
#4293 = ORIENTED_EDGE('',*,*,#4294,.T.);
#4294 = EDGE_CURVE('',#4267,#1392,#4295,.T.);
#4295 = SURFACE_CURVE('',#4296,(#4299,#4306),.PCURVE_S1.);
#4296 = B_SPLINE_CURVE_WITH_KNOTS('',1,(#4297,#4298),.UNSPECIFIED.,.F.,
  .F.,(2,2),(0.,1.),.PIECEWISE_BEZIER_KNOTS.);
#4297 = CARTESIAN_POINT('',(-20.75666896613,-23.07328764006,0.));
#4298 = CARTESIAN_POINT('',(-26.54457108245,-29.50716826803,102.));
#4299 = PCURVE('',#1536,#4300);
#4300 = DEFINITIONAL_REPRESENTATION('',(#4301),#4305);
#4301 = LINE('',#4302,#4303);
#4302 = CARTESIAN_POINT('',(1.74319806472,0.));
#4303 = VECTOR('',#4304,1.);
#4304 = DIRECTION('',(0.,1.));
#4305 = ( GEOMETRIC_REPRESENTATION_CONTEXT(2) 
PARAMETRIC_REPRESENTATION_CONTEXT() REPRESENTATION_CONTEXT('2D SPACE',''
  ) );
#4306 = PCURVE('',#1445,#4307);
#4307 = DEFINITIONAL_REPRESENTATION('',(#4308),#4312);
#4308 = LINE('',#4309,#4310);
#4309 = CARTESIAN_POINT('',(2.340872384946,0.));
#4310 = VECTOR('',#4311,1.);
#4311 = DIRECTION('',(0.,1.));
#4312 = ( GEOMETRIC_REPRESENTATION_CONTEXT(2) 
PARAMETRIC_REPRESENTATION_CONTEXT() REPRESENTATION_CONTEXT('2D SPACE',''
  ) );
#4313 = ORIENTED_EDGE('',*,*,#1490,.T.);
#4314 = ORIENTED_EDGE('',*,*,#4243,.F.);
#4315 = ADVANCED_FACE('',(#4316),#1445,.F.);
#4316 = FACE_BOUND('',#4317,.F.);
#4317 = EDGE_LOOP('',(#4318,#4342,#4362,#4363));
#4318 = ORIENTED_EDGE('',*,*,#4319,.F.);
#4319 = EDGE_CURVE('',#4320,#4267,#4322,.T.);
#4320 = VERTEX_POINT('',#4321);
#4321 = CARTESIAN_POINT('',(-15.52983710528,-26.8708032737,0.));
#4322 = SURFACE_CURVE('',#4323,(#4328,#4335),.PCURVE_S1.);
#4323 = CIRCLE('',#4324,4.5);
#4324 = AXIS2_PLACEMENT_3D('',#4325,#4326,#4327);
#4325 = CARTESIAN_POINT('',(-19.98469857794,-27.50657780874,0.));
#4326 = DIRECTION('',(0.,0.,1.));
#4327 = DIRECTION('',(-0.587785252292,-0.809016994375,0.));
#4328 = PCURVE('',#1445,#4329);
#4329 = DEFINITIONAL_REPRESENTATION('',(#4330),#4334);
#4330 = LINE('',#4331,#4332);
#4331 = CARTESIAN_POINT('',(6.28318530718,0.));
#4332 = VECTOR('',#4333,1.);
#4333 = DIRECTION('',(-1.,0.));
#4334 = ( GEOMETRIC_REPRESENTATION_CONTEXT(2) 
PARAMETRIC_REPRESENTATION_CONTEXT() REPRESENTATION_CONTEXT('2D SPACE',''
  ) );
#4335 = PCURVE('',#3149,#4336);
#4336 = DEFINITIONAL_REPRESENTATION('',(#4337),#4341);
#4337 = CIRCLE('',#4338,4.5);
#4338 = AXIS2_PLACEMENT_2D('',#4339,#4340);
#4339 = CARTESIAN_POINT('',(-61.50657780874,-19.98469857794));
#4340 = DIRECTION('',(-0.809016994375,-0.587785252292));
#4341 = ( GEOMETRIC_REPRESENTATION_CONTEXT(2) 
PARAMETRIC_REPRESENTATION_CONTEXT() REPRESENTATION_CONTEXT('2D SPACE',''
  ) );
#4342 = ORIENTED_EDGE('',*,*,#4343,.T.);
#4343 = EDGE_CURVE('',#4320,#1307,#4344,.T.);
#4344 = SURFACE_CURVE('',#4345,(#4348,#4355),.PCURVE_S1.);
#4345 = B_SPLINE_CURVE_WITH_KNOTS('',1,(#4346,#4347),.UNSPECIFIED.,.F.,
  .F.,(2,2),(0.,1.),.PIECEWISE_BEZIER_KNOTS.);
#4346 = CARTESIAN_POINT('',(-15.52983710528,-26.8708032737,0.));
#4347 = CARTESIAN_POINT('',(-19.86026108585,-34.36360375093,102.));
#4348 = PCURVE('',#1445,#4349);
#4349 = DEFINITIONAL_REPRESENTATION('',(#4350),#4354);
#4350 = LINE('',#4351,#4352);
#4351 = CARTESIAN_POINT('',(3.942312922233,0.));
#4352 = VECTOR('',#4353,1.);
#4353 = DIRECTION('',(0.,1.));
#4354 = ( GEOMETRIC_REPRESENTATION_CONTEXT(2) 
PARAMETRIC_REPRESENTATION_CONTEXT() REPRESENTATION_CONTEXT('2D SPACE',''
  ) );
#4355 = PCURVE('',#1352,#4356);
#4356 = DEFINITIONAL_REPRESENTATION('',(#4357),#4361);
#4357 = LINE('',#4358,#4359);
#4358 = CARTESIAN_POINT('',(0.141757527433,0.));
#4359 = VECTOR('',#4360,1.);
#4360 = DIRECTION('',(0.,1.));
#4361 = ( GEOMETRIC_REPRESENTATION_CONTEXT(2) 
PARAMETRIC_REPRESENTATION_CONTEXT() REPRESENTATION_CONTEXT('2D SPACE',''
  ) );
#4362 = ORIENTED_EDGE('',*,*,#1391,.T.);
#4363 = ORIENTED_EDGE('',*,*,#4294,.F.);
#4364 = ADVANCED_FACE('',(#4365),#1352,.F.);
#4365 = FACE_BOUND('',#4366,.F.);
#4366 = EDGE_LOOP('',(#4367,#4395,#4414,#4415));
#4367 = ORIENTED_EDGE('',*,*,#4368,.F.);
#4368 = EDGE_CURVE('',#4369,#4320,#4371,.T.);
#4369 = VERTEX_POINT('',#4370);
#4370 = CARTESIAN_POINT('',(-11.24477326586,-32.08668063541,0.));
#4371 = SURFACE_CURVE('',#4372,(#4377,#4384),.PCURVE_S1.);
#4372 = CIRCLE('',#4373,6.5);
#4373 = AXIS2_PLACEMENT_3D('',#4374,#4375,#4376);
#4374 = CARTESIAN_POINT('',(-9.09503720033,-25.95246227864,0.));
#4375 = DIRECTION('',(0.,0.,-1.));
#4376 = DIRECTION('',(-1.,0.,0.));
#4377 = PCURVE('',#1352,#4378);
#4378 = DEFINITIONAL_REPRESENTATION('',(#4379),#4383);
#4379 = LINE('',#4380,#4381);
#4380 = CARTESIAN_POINT('',(6.28318530718,0.));
#4381 = VECTOR('',#4382,1.);
#4382 = DIRECTION('',(-1.,0.));
#4383 = ( GEOMETRIC_REPRESENTATION_CONTEXT(2) 
PARAMETRIC_REPRESENTATION_CONTEXT() REPRESENTATION_CONTEXT('2D SPACE',''
  ) );
#4384 = PCURVE('',#3149,#4385);
#4385 = DEFINITIONAL_REPRESENTATION('',(#4386),#4394);
#4386 = ( BOUNDED_CURVE() B_SPLINE_CURVE(2,(#4387,#4388,#4389,#4390,
#4391,#4392,#4393),.UNSPECIFIED.,.T.,.F.) B_SPLINE_CURVE_WITH_KNOTS((1,2
    ,2,2,2,1),(-2.094395102393,0.,2.094395102393,4.188790204786,
6.28318530718,8.377580409573),.UNSPECIFIED.) CURVE() 
GEOMETRIC_REPRESENTATION_ITEM() RATIONAL_B_SPLINE_CURVE((1.,0.5,1.,0.5,
1.,0.5,1.)) REPRESENTATION_ITEM('') );
#4387 = CARTESIAN_POINT('',(-56.85151364121,-19.8631268412));
#4388 = CARTESIAN_POINT('',(-53.37249826592,-9.155818495098));
#4389 = CARTESIAN_POINT('',(-45.83920491969,-17.5223883633));
#4390 = CARTESIAN_POINT('',(-38.30591157346,-25.88895823151));
#4391 = CARTESIAN_POINT('',(-49.31822029498,-28.2296967094));
#4392 = CARTESIAN_POINT('',(-60.3305290165,-30.5704351873));
#4393 = CARTESIAN_POINT('',(-56.85151364121,-19.8631268412));
#4394 = ( GEOMETRIC_REPRESENTATION_CONTEXT(2) 
PARAMETRIC_REPRESENTATION_CONTEXT() REPRESENTATION_CONTEXT('2D SPACE',''
  ) );
#4395 = ORIENTED_EDGE('',*,*,#4396,.T.);
#4396 = EDGE_CURVE('',#4369,#1278,#4397,.T.);
#4397 = SURFACE_CURVE('',#4398,(#4401,#4408),.PCURVE_S1.);
#4398 = B_SPLINE_CURVE_WITH_KNOTS('',1,(#4399,#4400),.UNSPECIFIED.,.F.,
  .F.,(2,2),(0.,1.),.PIECEWISE_BEZIER_KNOTS.);
#4399 = CARTESIAN_POINT('',(-11.24477326586,-32.08668063541,0.));
#4400 = CARTESIAN_POINT('',(-14.38032681201,-41.03390463646,102.));
#4401 = PCURVE('',#1352,#4402);
#4402 = DEFINITIONAL_REPRESENTATION('',(#4403),#4407);
#4403 = LINE('',#4404,#4405);
#4404 = CARTESIAN_POINT('',(1.233720782797,0.));
#4405 = VECTOR('',#4406,1.);
#4406 = DIRECTION('',(0.,1.));
#4407 = ( GEOMETRIC_REPRESENTATION_CONTEXT(2) 
PARAMETRIC_REPRESENTATION_CONTEXT() REPRESENTATION_CONTEXT('2D SPACE',''
  ) );
#4408 = PCURVE('',#1294,#4409);
#4409 = DEFINITIONAL_REPRESENTATION('',(#4410),#4413);
#4410 = B_SPLINE_CURVE_WITH_KNOTS('',1,(#4411,#4412),.UNSPECIFIED.,.F.,
  .F.,(2,2),(0.,1.),.PIECEWISE_BEZIER_KNOTS.);
#4411 = CARTESIAN_POINT('',(4.061154171028,0.));
#4412 = CARTESIAN_POINT('',(4.061154171028,102.));
#4413 = ( GEOMETRIC_REPRESENTATION_CONTEXT(2) 
PARAMETRIC_REPRESENTATION_CONTEXT() REPRESENTATION_CONTEXT('2D SPACE',''
  ) );
#4414 = ORIENTED_EDGE('',*,*,#1306,.T.);
#4415 = ORIENTED_EDGE('',*,*,#4343,.F.);
#4416 = ADVANCED_FACE('',(#4417),#1294,.F.);
#4417 = FACE_BOUND('',#4418,.F.);
#4418 = EDGE_LOOP('',(#4419,#4420,#4444,#4463));
#4419 = ORIENTED_EDGE('',*,*,#4396,.F.);
#4420 = ORIENTED_EDGE('',*,*,#4421,.T.);
#4421 = EDGE_CURVE('',#4369,#4422,#4424,.T.);
#4422 = VERTEX_POINT('',#4423);
#4423 = CARTESIAN_POINT('',(-9.762865002542,-32.56818181818,0.));
#4424 = SURFACE_CURVE('',#4425,(#4430,#4437),.PCURVE_S1.);
#4425 = CIRCLE('',#4426,34.);
#4426 = AXIS2_PLACEMENT_3D('',#4427,#4428,#4429);
#4427 = CARTESIAN_POINT('',(0.,-1.7763568394E-15,0.));
#4428 = DIRECTION('',(0.,-0.,1.));
#4429 = DIRECTION('',(0.951056516295,0.309016994375,0.));
#4430 = PCURVE('',#1294,#4431);
#4431 = DEFINITIONAL_REPRESENTATION('',(#4432),#4436);
#4432 = LINE('',#4433,#4434);
#4433 = CARTESIAN_POINT('',(0.,0.));
#4434 = VECTOR('',#4435,1.);
#4435 = DIRECTION('',(1.,0.));
#4436 = ( GEOMETRIC_REPRESENTATION_CONTEXT(2) 
PARAMETRIC_REPRESENTATION_CONTEXT() REPRESENTATION_CONTEXT('2D SPACE',''
  ) );
#4437 = PCURVE('',#3149,#4438);
#4438 = DEFINITIONAL_REPRESENTATION('',(#4439),#4443);
#4439 = CIRCLE('',#4440,34.);
#4440 = AXIS2_PLACEMENT_2D('',#4441,#4442);
#4441 = CARTESIAN_POINT('',(-34.,-1.7763568394E-15));
#4442 = DIRECTION('',(1.,0.));
#4443 = ( GEOMETRIC_REPRESENTATION_CONTEXT(2) 
PARAMETRIC_REPRESENTATION_CONTEXT() REPRESENTATION_CONTEXT('2D SPACE',''
  ) );
#4444 = ORIENTED_EDGE('',*,*,#4445,.T.);
#4445 = EDGE_CURVE('',#4422,#1193,#4446,.T.);
#4446 = SURFACE_CURVE('',#4447,(#4450,#4456),.PCURVE_S1.);
#4447 = B_SPLINE_CURVE_WITH_KNOTS('',1,(#4448,#4449),.UNSPECIFIED.,.F.,
  .F.,(2,2),(0.,1.),.PIECEWISE_BEZIER_KNOTS.);
#4448 = CARTESIAN_POINT('',(-9.762865002542,-32.56818181818,0.));
#4449 = CARTESIAN_POINT('',(-12.4851952137,-41.6496702197,102.));
#4450 = PCURVE('',#1294,#4451);
#4451 = DEFINITIONAL_REPRESENTATION('',(#4452),#4455);
#4452 = B_SPLINE_CURVE_WITH_KNOTS('',1,(#4453,#4454),.UNSPECIFIED.,.F.,
  .F.,(2,2),(0.,1.),.PIECEWISE_BEZIER_KNOTS.);
#4453 = CARTESIAN_POINT('',(4.106986728305,0.));
#4454 = CARTESIAN_POINT('',(4.106986728305,102.));
#4455 = ( GEOMETRIC_REPRESENTATION_CONTEXT(2) 
PARAMETRIC_REPRESENTATION_CONTEXT() REPRESENTATION_CONTEXT('2D SPACE',''
  ) );
#4456 = PCURVE('',#1238,#4457);
#4457 = DEFINITIONAL_REPRESENTATION('',(#4458),#4462);
#4458 = LINE('',#4459,#4460);
#4459 = CARTESIAN_POINT('',(1.279553340074,0.));
#4460 = VECTOR('',#4461,1.);
#4461 = DIRECTION('',(0.,1.));
#4462 = ( GEOMETRIC_REPRESENTATION_CONTEXT(2) 
PARAMETRIC_REPRESENTATION_CONTEXT() REPRESENTATION_CONTEXT('2D SPACE',''
  ) );
#4463 = ORIENTED_EDGE('',*,*,#1277,.F.);
#4464 = ADVANCED_FACE('',(#4465),#1238,.F.);
#4465 = FACE_BOUND('',#4466,.F.);
#4466 = EDGE_LOOP('',(#4467,#4495,#4515,#4516));
#4467 = ORIENTED_EDGE('',*,*,#4468,.F.);
#4468 = EDGE_CURVE('',#4469,#4422,#4471,.T.);
#4469 = VERTEX_POINT('',#4470);
#4470 = CARTESIAN_POINT('',(-3.230359743488,-30.86714572192,0.));
#4471 = SURFACE_CURVE('',#4472,(#4477,#4484),.PCURVE_S1.);
#4472 = CIRCLE('',#4473,6.5);
#4473 = AXIS2_PLACEMENT_3D('',#4474,#4475,#4476);
#4474 = CARTESIAN_POINT('',(-7.896434928526,-26.3419117647,0.));
#4475 = DIRECTION('',(0.,0.,-1.));
#4476 = DIRECTION('',(-1.,0.,0.));
#4477 = PCURVE('',#1238,#4478);
#4478 = DEFINITIONAL_REPRESENTATION('',(#4479),#4483);
#4479 = LINE('',#4480,#4481);
#4480 = CARTESIAN_POINT('',(6.28318530718,0.));
#4481 = VECTOR('',#4482,1.);
#4482 = DIRECTION('',(-1.,0.));
#4483 = ( GEOMETRIC_REPRESENTATION_CONTEXT(2) 
PARAMETRIC_REPRESENTATION_CONTEXT() REPRESENTATION_CONTEXT('2D SPACE',''
  ) );
#4484 = PCURVE('',#3149,#4485);
#4485 = DEFINITIONAL_REPRESENTATION('',(#4486),#4494);
#4486 = ( BOUNDED_CURVE() B_SPLINE_CURVE(2,(#4487,#4488,#4489,#4490,
#4491,#4492,#4493),.UNSPECIFIED.,.T.,.F.) B_SPLINE_CURVE_WITH_KNOTS((1,2
    ,2,2,2,1),(-2.094395102393,0.,2.094395102393,4.188790204786,
6.28318530718,8.377580409573),.UNSPECIFIED.) CURVE() 
GEOMETRIC_REPRESENTATION_ITEM() RATIONAL_B_SPLINE_CURVE((1.,0.5,1.,0.5,
1.,0.5,1.)) REPRESENTATION_ITEM('') );
#4487 = CARTESIAN_POINT('',(-55.83192164981,-20.60390378416));
#4488 = CARTESIAN_POINT('',(-52.35290627452,-9.896595438065));
#4489 = CARTESIAN_POINT('',(-44.81961292829,-18.26316530627));
#4490 = CARTESIAN_POINT('',(-37.28631958205,-26.62973517447));
#4491 = CARTESIAN_POINT('',(-48.29862830358,-28.97047365237));
#4492 = CARTESIAN_POINT('',(-59.3109370251,-31.31121213027));
#4493 = CARTESIAN_POINT('',(-55.83192164981,-20.60390378416));
#4494 = ( GEOMETRIC_REPRESENTATION_CONTEXT(2) 
PARAMETRIC_REPRESENTATION_CONTEXT() REPRESENTATION_CONTEXT('2D SPACE',''
  ) );
#4495 = ORIENTED_EDGE('',*,*,#4496,.T.);
#4496 = EDGE_CURVE('',#4469,#1094,#4497,.T.);
#4497 = SURFACE_CURVE('',#4498,(#4501,#4508),.PCURVE_S1.);
#4498 = B_SPLINE_CURVE_WITH_KNOTS('',1,(#4499,#4500),.UNSPECIFIED.,.F.,
  .F.,(2,2),(0.,1.),.PIECEWISE_BEZIER_KNOTS.);
#4499 = CARTESIAN_POINT('',(-3.230359743488,-30.86714572192,0.));
#4500 = CARTESIAN_POINT('',(-4.13113076924,-39.47430799542,102.));
#4501 = PCURVE('',#1238,#4502);
#4502 = DEFINITIONAL_REPRESENTATION('',(#4503),#4507);
#4503 = LINE('',#4504,#4505);
#4504 = CARTESIAN_POINT('',(2.371516595438,0.));
#4505 = VECTOR('',#4506,1.);
#4506 = DIRECTION('',(0.,1.));
#4507 = ( GEOMETRIC_REPRESENTATION_CONTEXT(2) 
PARAMETRIC_REPRESENTATION_CONTEXT() REPRESENTATION_CONTEXT('2D SPACE',''
  ) );
#4508 = PCURVE('',#1147,#4509);
#4509 = DEFINITIONAL_REPRESENTATION('',(#4510),#4514);
#4510 = LINE('',#4511,#4512);
#4511 = CARTESIAN_POINT('',(2.340872384946,0.));
#4512 = VECTOR('',#4513,1.);
#4513 = DIRECTION('',(0.,1.));
#4514 = ( GEOMETRIC_REPRESENTATION_CONTEXT(2) 
PARAMETRIC_REPRESENTATION_CONTEXT() REPRESENTATION_CONTEXT('2D SPACE',''
  ) );
#4515 = ORIENTED_EDGE('',*,*,#1192,.T.);
#4516 = ORIENTED_EDGE('',*,*,#4445,.F.);
#4517 = ADVANCED_FACE('',(#4518),#1147,.F.);
#4518 = FACE_BOUND('',#4519,.F.);
#4519 = EDGE_LOOP('',(#4520,#4544,#4564,#4565));
#4520 = ORIENTED_EDGE('',*,*,#4521,.F.);
#4521 = EDGE_CURVE('',#4522,#4469,#4524,.T.);
#4522 = VERTEX_POINT('',#4523);
#4523 = CARTESIAN_POINT('',(3.230359743488,-30.86714572192,0.));
#4524 = SURFACE_CURVE('',#4525,(#4530,#4537),.PCURVE_S1.);
#4525 = CIRCLE('',#4526,4.5);
#4526 = AXIS2_PLACEMENT_3D('',#4527,#4528,#4529);
#4527 = CARTESIAN_POINT('',(-7.105427357601E-15,-34.,0.));
#4528 = DIRECTION('',(0.,0.,1.));
#4529 = DIRECTION('',(-2.22044604925E-16,-1.,0.));
#4530 = PCURVE('',#1147,#4531);
#4531 = DEFINITIONAL_REPRESENTATION('',(#4532),#4536);
#4532 = LINE('',#4533,#4534);
#4533 = CARTESIAN_POINT('',(6.28318530718,0.));
#4534 = VECTOR('',#4535,1.);
#4535 = DIRECTION('',(-1.,0.));
#4536 = ( GEOMETRIC_REPRESENTATION_CONTEXT(2) 
PARAMETRIC_REPRESENTATION_CONTEXT() REPRESENTATION_CONTEXT('2D SPACE',''
  ) );
#4537 = PCURVE('',#3149,#4538);
#4538 = DEFINITIONAL_REPRESENTATION('',(#4539),#4543);
#4539 = CIRCLE('',#4540,4.5);
#4540 = AXIS2_PLACEMENT_2D('',#4541,#4542);
#4541 = CARTESIAN_POINT('',(-44.50657780874,-32.33592155403));
#4542 = DIRECTION('',(-0.309016994375,-0.951056516295));
#4543 = ( GEOMETRIC_REPRESENTATION_CONTEXT(2) 
PARAMETRIC_REPRESENTATION_CONTEXT() REPRESENTATION_CONTEXT('2D SPACE',''
  ) );
#4544 = ORIENTED_EDGE('',*,*,#4545,.T.);
#4545 = EDGE_CURVE('',#4522,#1009,#4546,.T.);
#4546 = SURFACE_CURVE('',#4547,(#4550,#4557),.PCURVE_S1.);
#4547 = B_SPLINE_CURVE_WITH_KNOTS('',1,(#4548,#4549),.UNSPECIFIED.,.F.,
  .F.,(2,2),(0.,1.),.PIECEWISE_BEZIER_KNOTS.);
#4548 = CARTESIAN_POINT('',(3.230359743488,-30.86714572192,0.));
#4549 = CARTESIAN_POINT('',(4.13113076924,-39.47430799542,102.));
#4550 = PCURVE('',#1147,#4551);
#4551 = DEFINITIONAL_REPRESENTATION('',(#4552),#4556);
#4552 = LINE('',#4553,#4554);
#4553 = CARTESIAN_POINT('',(3.942312922233,0.));
#4554 = VECTOR('',#4555,1.);
#4555 = DIRECTION('',(0.,1.));
#4556 = ( GEOMETRIC_REPRESENTATION_CONTEXT(2) 
PARAMETRIC_REPRESENTATION_CONTEXT() REPRESENTATION_CONTEXT('2D SPACE',''
  ) );
#4557 = PCURVE('',#1054,#4558);
#4558 = DEFINITIONAL_REPRESENTATION('',(#4559),#4563);
#4559 = LINE('',#4560,#4561);
#4560 = CARTESIAN_POINT('',(0.770076058151,0.));
#4561 = VECTOR('',#4562,1.);
#4562 = DIRECTION('',(0.,1.));
#4563 = ( GEOMETRIC_REPRESENTATION_CONTEXT(2) 
PARAMETRIC_REPRESENTATION_CONTEXT() REPRESENTATION_CONTEXT('2D SPACE',''
  ) );
#4564 = ORIENTED_EDGE('',*,*,#1093,.T.);
#4565 = ORIENTED_EDGE('',*,*,#4496,.F.);
#4566 = ADVANCED_FACE('',(#4567),#1054,.F.);
#4567 = FACE_BOUND('',#4568,.F.);
#4568 = EDGE_LOOP('',(#4569,#4597,#4616,#4617));
#4569 = ORIENTED_EDGE('',*,*,#4570,.F.);
#4570 = EDGE_CURVE('',#4571,#4522,#4573,.T.);
#4571 = VERTEX_POINT('',#4572);
#4572 = CARTESIAN_POINT('',(9.762865002542,-32.56818181818,0.));
#4573 = SURFACE_CURVE('',#4574,(#4579,#4586),.PCURVE_S1.);
#4574 = CIRCLE('',#4575,6.5);
#4575 = AXIS2_PLACEMENT_3D('',#4576,#4577,#4578);
#4576 = CARTESIAN_POINT('',(7.896434928526,-26.3419117647,0.));
#4577 = DIRECTION('',(0.,0.,-1.));
#4578 = DIRECTION('',(-1.,0.,0.));
#4579 = PCURVE('',#1054,#4580);
#4580 = DEFINITIONAL_REPRESENTATION('',(#4581),#4585);
#4581 = LINE('',#4582,#4583);
#4582 = CARTESIAN_POINT('',(6.28318530718,0.));
#4583 = VECTOR('',#4584,1.);
#4584 = DIRECTION('',(-1.,0.));
#4585 = ( GEOMETRIC_REPRESENTATION_CONTEXT(2) 
PARAMETRIC_REPRESENTATION_CONTEXT() REPRESENTATION_CONTEXT('2D SPACE',''
  ) );
#4586 = PCURVE('',#3149,#4587);
#4587 = DEFINITIONAL_REPRESENTATION('',(#4588),#4596);
#4588 = ( BOUNDED_CURVE() B_SPLINE_CURVE(2,(#4589,#4590,#4591,#4592,
#4593,#4594,#4595),.UNSPECIFIED.,.T.,.F.) B_SPLINE_CURVE_WITH_KNOTS((1,2
    ,2,2,2,1),(-2.094395102393,0.,2.094395102393,4.188790204786,
6.28318530718,8.377580409573),.UNSPECIFIED.) CURVE() 
GEOMETRIC_REPRESENTATION_ITEM() RATIONAL_B_SPLINE_CURVE((1.,0.5,1.,0.5,
1.,0.5,1.)) REPRESENTATION_ITEM('') );
#4589 = CARTESIAN_POINT('',(-40.81200986126,-25.48416895994));
#4590 = CARTESIAN_POINT('',(-37.33299448597,-14.77686061384));
#4591 = CARTESIAN_POINT('',(-29.79970113974,-23.14343048205));
#4592 = CARTESIAN_POINT('',(-22.2664077935,-31.51000035026));
#4593 = CARTESIAN_POINT('',(-33.27871651502,-33.85073882815));
#4594 = CARTESIAN_POINT('',(-44.29102523655,-36.19147730605));
#4595 = CARTESIAN_POINT('',(-40.81200986126,-25.48416895994));
#4596 = ( GEOMETRIC_REPRESENTATION_CONTEXT(2) 
PARAMETRIC_REPRESENTATION_CONTEXT() REPRESENTATION_CONTEXT('2D SPACE',''
  ) );
#4597 = ORIENTED_EDGE('',*,*,#4598,.T.);
#4598 = EDGE_CURVE('',#4571,#980,#4599,.T.);
#4599 = SURFACE_CURVE('',#4600,(#4603,#4610),.PCURVE_S1.);
#4600 = B_SPLINE_CURVE_WITH_KNOTS('',1,(#4601,#4602),.UNSPECIFIED.,.F.,
  .F.,(2,2),(0.,1.),.PIECEWISE_BEZIER_KNOTS.);
#4601 = CARTESIAN_POINT('',(9.762865002542,-32.56818181818,0.));
#4602 = CARTESIAN_POINT('',(12.485195213703,-41.6496702197,102.));
#4603 = PCURVE('',#1054,#4604);
#4604 = DEFINITIONAL_REPRESENTATION('',(#4605),#4609);
#4605 = LINE('',#4606,#4607);
#4606 = CARTESIAN_POINT('',(1.862039313515,0.));
#4607 = VECTOR('',#4608,1.);
#4608 = DIRECTION('',(0.,1.));
#4609 = ( GEOMETRIC_REPRESENTATION_CONTEXT(2) 
PARAMETRIC_REPRESENTATION_CONTEXT() REPRESENTATION_CONTEXT('2D SPACE',''
  ) );
#4610 = PCURVE('',#996,#4611);
#4611 = DEFINITIONAL_REPRESENTATION('',(#4612),#4615);
#4612 = B_SPLINE_CURVE_WITH_KNOTS('',1,(#4613,#4614),.UNSPECIFIED.,.F.,
  .F.,(2,2),(0.,1.),.PIECEWISE_BEZIER_KNOTS.);
#4613 = CARTESIAN_POINT('',(4.689472701746,0.));
#4614 = CARTESIAN_POINT('',(4.689472701746,102.));
#4615 = ( GEOMETRIC_REPRESENTATION_CONTEXT(2) 
PARAMETRIC_REPRESENTATION_CONTEXT() REPRESENTATION_CONTEXT('2D SPACE',''
  ) );
#4616 = ORIENTED_EDGE('',*,*,#1008,.T.);
#4617 = ORIENTED_EDGE('',*,*,#4545,.F.);
#4618 = ADVANCED_FACE('',(#4619),#996,.F.);
#4619 = FACE_BOUND('',#4620,.F.);
#4620 = EDGE_LOOP('',(#4621,#4622,#4646,#4665));
#4621 = ORIENTED_EDGE('',*,*,#4598,.F.);
#4622 = ORIENTED_EDGE('',*,*,#4623,.T.);
#4623 = EDGE_CURVE('',#4571,#4624,#4626,.T.);
#4624 = VERTEX_POINT('',#4625);
#4625 = CARTESIAN_POINT('',(11.244773265863,-32.08668063541,0.));
#4626 = SURFACE_CURVE('',#4627,(#4632,#4639),.PCURVE_S1.);
#4627 = CIRCLE('',#4628,34.);
#4628 = AXIS2_PLACEMENT_3D('',#4629,#4630,#4631);
#4629 = CARTESIAN_POINT('',(0.,-1.7763568394E-15,0.));
#4630 = DIRECTION('',(0.,-0.,1.));
#4631 = DIRECTION('',(0.951056516295,0.309016994375,0.));
#4632 = PCURVE('',#996,#4633);
#4633 = DEFINITIONAL_REPRESENTATION('',(#4634),#4638);
#4634 = LINE('',#4635,#4636);
#4635 = CARTESIAN_POINT('',(0.,0.));
#4636 = VECTOR('',#4637,1.);
#4637 = DIRECTION('',(1.,0.));
#4638 = ( GEOMETRIC_REPRESENTATION_CONTEXT(2) 
PARAMETRIC_REPRESENTATION_CONTEXT() REPRESENTATION_CONTEXT('2D SPACE',''
  ) );
#4639 = PCURVE('',#3149,#4640);
#4640 = DEFINITIONAL_REPRESENTATION('',(#4641),#4645);
#4641 = CIRCLE('',#4642,34.);
#4642 = AXIS2_PLACEMENT_2D('',#4643,#4644);
#4643 = CARTESIAN_POINT('',(-34.,-1.7763568394E-15));
#4644 = DIRECTION('',(1.,0.));
#4645 = ( GEOMETRIC_REPRESENTATION_CONTEXT(2) 
PARAMETRIC_REPRESENTATION_CONTEXT() REPRESENTATION_CONTEXT('2D SPACE',''
  ) );
#4646 = ORIENTED_EDGE('',*,*,#4647,.T.);
#4647 = EDGE_CURVE('',#4624,#895,#4648,.T.);
#4648 = SURFACE_CURVE('',#4649,(#4652,#4658),.PCURVE_S1.);
#4649 = B_SPLINE_CURVE_WITH_KNOTS('',1,(#4650,#4651),.UNSPECIFIED.,.F.,
  .F.,(2,2),(0.,1.),.PIECEWISE_BEZIER_KNOTS.);
#4650 = CARTESIAN_POINT('',(11.244773265863,-32.08668063541,0.));
#4651 = CARTESIAN_POINT('',(14.380326812014,-41.03390463646,102.));
#4652 = PCURVE('',#996,#4653);
#4653 = DEFINITIONAL_REPRESENTATION('',(#4654),#4657);
#4654 = B_SPLINE_CURVE_WITH_KNOTS('',1,(#4655,#4656),.UNSPECIFIED.,.F.,
  .F.,(2,2),(0.,1.),.PIECEWISE_BEZIER_KNOTS.);
#4655 = CARTESIAN_POINT('',(4.735305259023,0.));
#4656 = CARTESIAN_POINT('',(4.735305259023,102.));
#4657 = ( GEOMETRIC_REPRESENTATION_CONTEXT(2) 
PARAMETRIC_REPRESENTATION_CONTEXT() REPRESENTATION_CONTEXT('2D SPACE',''
  ) );
#4658 = PCURVE('',#940,#4659);
#4659 = DEFINITIONAL_REPRESENTATION('',(#4660),#4664);
#4660 = LINE('',#4661,#4662);
#4661 = CARTESIAN_POINT('',(1.907871870792,0.));
#4662 = VECTOR('',#4663,1.);
#4663 = DIRECTION('',(0.,1.));
#4664 = ( GEOMETRIC_REPRESENTATION_CONTEXT(2) 
PARAMETRIC_REPRESENTATION_CONTEXT() REPRESENTATION_CONTEXT('2D SPACE',''
  ) );
#4665 = ORIENTED_EDGE('',*,*,#979,.F.);
#4666 = ADVANCED_FACE('',(#4667),#940,.F.);
#4667 = FACE_BOUND('',#4668,.F.);
#4668 = EDGE_LOOP('',(#4669,#4697,#4717,#4718));
#4669 = ORIENTED_EDGE('',*,*,#4670,.F.);
#4670 = EDGE_CURVE('',#4671,#4624,#4673,.T.);
#4671 = VERTEX_POINT('',#4672);
#4672 = CARTESIAN_POINT('',(15.529837105284,-26.8708032737,0.));
#4673 = SURFACE_CURVE('',#4674,(#4679,#4686),.PCURVE_S1.);
#4674 = CIRCLE('',#4675,6.5);
#4675 = AXIS2_PLACEMENT_3D('',#4676,#4677,#4678);
#4676 = CARTESIAN_POINT('',(9.09503720033,-25.95246227864,0.));
#4677 = DIRECTION('',(0.,0.,-1.));
#4678 = DIRECTION('',(-1.,0.,0.));
#4679 = PCURVE('',#940,#4680);
#4680 = DEFINITIONAL_REPRESENTATION('',(#4681),#4685);
#4681 = LINE('',#4682,#4683);
#4682 = CARTESIAN_POINT('',(6.28318530718,0.));
#4683 = VECTOR('',#4684,1.);
#4684 = DIRECTION('',(-1.,0.));
#4685 = ( GEOMETRIC_REPRESENTATION_CONTEXT(2) 
PARAMETRIC_REPRESENTATION_CONTEXT() REPRESENTATION_CONTEXT('2D SPACE',''
  ) );
#4686 = PCURVE('',#3149,#4687);
#4687 = DEFINITIONAL_REPRESENTATION('',(#4688),#4696);
#4688 = ( BOUNDED_CURVE() B_SPLINE_CURVE(2,(#4689,#4690,#4691,#4692,
#4693,#4694,#4695),.UNSPECIFIED.,.T.,.F.) B_SPLINE_CURVE_WITH_KNOTS((1,2
    ,2,2,2,1),(-2.094395102393,0.,2.094395102393,4.188790204786,
6.28318530718,8.377580409573),.UNSPECIFIED.) CURVE() 
GEOMETRIC_REPRESENTATION_ITEM() RATIONAL_B_SPLINE_CURVE((1.,0.5,1.,0.5,
1.,0.5,1.)) REPRESENTATION_ITEM('') );
#4689 = CARTESIAN_POINT('',(-39.55172485057,-25.48416895994));
#4690 = CARTESIAN_POINT('',(-36.07270947528,-14.77686061384));
#4691 = CARTESIAN_POINT('',(-28.53941612905,-23.14343048205));
#4692 = CARTESIAN_POINT('',(-21.00612278281,-31.51000035026));
#4693 = CARTESIAN_POINT('',(-32.01843150434,-33.85073882815));
#4694 = CARTESIAN_POINT('',(-43.03074022586,-36.19147730605));
#4695 = CARTESIAN_POINT('',(-39.55172485057,-25.48416895994));
#4696 = ( GEOMETRIC_REPRESENTATION_CONTEXT(2) 
PARAMETRIC_REPRESENTATION_CONTEXT() REPRESENTATION_CONTEXT('2D SPACE',''
  ) );
#4697 = ORIENTED_EDGE('',*,*,#4698,.T.);
#4698 = EDGE_CURVE('',#4671,#796,#4699,.T.);
#4699 = SURFACE_CURVE('',#4700,(#4703,#4710),.PCURVE_S1.);
#4700 = B_SPLINE_CURVE_WITH_KNOTS('',1,(#4701,#4702),.UNSPECIFIED.,.F.,
  .F.,(2,2),(0.,1.),.PIECEWISE_BEZIER_KNOTS.);
#4701 = CARTESIAN_POINT('',(15.529837105284,-26.8708032737,0.));
#4702 = CARTESIAN_POINT('',(19.860261085859,-34.36360375093,102.));
#4703 = PCURVE('',#940,#4704);
#4704 = DEFINITIONAL_REPRESENTATION('',(#4705),#4709);
#4705 = LINE('',#4706,#4707);
#4706 = CARTESIAN_POINT('',(2.999835126156,0.));
#4707 = VECTOR('',#4708,1.);
#4708 = DIRECTION('',(0.,1.));
#4709 = ( GEOMETRIC_REPRESENTATION_CONTEXT(2) 
PARAMETRIC_REPRESENTATION_CONTEXT() REPRESENTATION_CONTEXT('2D SPACE',''
  ) );
#4710 = PCURVE('',#849,#4711);
#4711 = DEFINITIONAL_REPRESENTATION('',(#4712),#4716);
#4712 = LINE('',#4713,#4714);
#4713 = CARTESIAN_POINT('',(2.340872384946,0.));
#4714 = VECTOR('',#4715,1.);
#4715 = DIRECTION('',(0.,1.));
#4716 = ( GEOMETRIC_REPRESENTATION_CONTEXT(2) 
PARAMETRIC_REPRESENTATION_CONTEXT() REPRESENTATION_CONTEXT('2D SPACE',''
  ) );
#4717 = ORIENTED_EDGE('',*,*,#894,.T.);
#4718 = ORIENTED_EDGE('',*,*,#4647,.F.);
#4719 = ADVANCED_FACE('',(#4720),#849,.F.);
#4720 = FACE_BOUND('',#4721,.F.);
#4721 = EDGE_LOOP('',(#4722,#4746,#4766,#4767));
#4722 = ORIENTED_EDGE('',*,*,#4723,.F.);
#4723 = EDGE_CURVE('',#4724,#4671,#4726,.T.);
#4724 = VERTEX_POINT('',#4725);
#4725 = CARTESIAN_POINT('',(20.756668966137,-23.07328764006,0.));
#4726 = SURFACE_CURVE('',#4727,(#4732,#4739),.PCURVE_S1.);
#4727 = CIRCLE('',#4728,4.5);
#4728 = AXIS2_PLACEMENT_3D('',#4729,#4730,#4731);
#4729 = CARTESIAN_POINT('',(19.984698577944,-27.50657780874,0.));
#4730 = DIRECTION('',(0.,0.,1.));
#4731 = DIRECTION('',(0.587785252292,-0.809016994375,0.));
#4732 = PCURVE('',#849,#4733);
#4733 = DEFINITIONAL_REPRESENTATION('',(#4734),#4738);
#4734 = LINE('',#4735,#4736);
#4735 = CARTESIAN_POINT('',(6.28318530718,0.));
#4736 = VECTOR('',#4737,1.);
#4737 = DIRECTION('',(-1.,0.));
#4738 = ( GEOMETRIC_REPRESENTATION_CONTEXT(2) 
PARAMETRIC_REPRESENTATION_CONTEXT() REPRESENTATION_CONTEXT('2D SPACE',''
  ) );
#4739 = PCURVE('',#3149,#4740);
#4740 = DEFINITIONAL_REPRESENTATION('',(#4741),#4745);
#4741 = CIRCLE('',#4742,4.5);
#4742 = AXIS2_PLACEMENT_2D('',#4743,#4744);
#4743 = CARTESIAN_POINT('',(-23.49342219125,-32.33592155403));
#4744 = DIRECTION('',(0.309016994375,-0.951056516295));
#4745 = ( GEOMETRIC_REPRESENTATION_CONTEXT(2) 
PARAMETRIC_REPRESENTATION_CONTEXT() REPRESENTATION_CONTEXT('2D SPACE',''
  ) );
#4746 = ORIENTED_EDGE('',*,*,#4747,.T.);
#4747 = EDGE_CURVE('',#4724,#711,#4748,.T.);
#4748 = SURFACE_CURVE('',#4749,(#4752,#4759),.PCURVE_S1.);
#4749 = B_SPLINE_CURVE_WITH_KNOTS('',1,(#4750,#4751),.UNSPECIFIED.,.F.,
  .F.,(2,2),(0.,1.),.PIECEWISE_BEZIER_KNOTS.);
#4750 = CARTESIAN_POINT('',(20.756668966137,-23.07328764006,0.));
#4751 = CARTESIAN_POINT('',(26.544571082459,-29.50716826803,102.));
#4752 = PCURVE('',#849,#4753);
#4753 = DEFINITIONAL_REPRESENTATION('',(#4754),#4758);
#4754 = LINE('',#4755,#4756);
#4755 = CARTESIAN_POINT('',(3.942312922233,0.));
#4756 = VECTOR('',#4757,1.);
#4757 = DIRECTION('',(0.,1.));
#4758 = ( GEOMETRIC_REPRESENTATION_CONTEXT(2) 
PARAMETRIC_REPRESENTATION_CONTEXT() REPRESENTATION_CONTEXT('2D SPACE',''
  ) );
#4759 = PCURVE('',#756,#4760);
#4760 = DEFINITIONAL_REPRESENTATION('',(#4761),#4765);
#4761 = LINE('',#4762,#4763);
#4762 = CARTESIAN_POINT('',(1.398394588869,0.));
#4763 = VECTOR('',#4764,1.);
#4764 = DIRECTION('',(0.,1.));
#4765 = ( GEOMETRIC_REPRESENTATION_CONTEXT(2) 
PARAMETRIC_REPRESENTATION_CONTEXT() REPRESENTATION_CONTEXT('2D SPACE',''
  ) );
#4766 = ORIENTED_EDGE('',*,*,#795,.T.);
#4767 = ORIENTED_EDGE('',*,*,#4698,.F.);
#4768 = ADVANCED_FACE('',(#4769),#756,.F.);
#4769 = FACE_BOUND('',#4770,.F.);
#4770 = EDGE_LOOP('',(#4771,#4799,#4818,#4819));
#4771 = ORIENTED_EDGE('',*,*,#4772,.F.);
#4772 = EDGE_CURVE('',#4773,#4724,#4775,.T.);
#4773 = VERTEX_POINT('',#4774);
#4774 = CARTESIAN_POINT('',(27.041420667552,-20.60974449818,0.));
#4775 = SURFACE_CURVE('',#4776,(#4781,#4788),.PCURVE_S1.);
#4776 = CIRCLE('',#4777,6.5);
#4777 = AXIS2_PLACEMENT_3D('',#4778,#4779,#4780);
#4778 = CARTESIAN_POINT('',(21.871737304637,-16.66964628529,0.));
#4779 = DIRECTION('',(0.,0.,-1.));
#4780 = DIRECTION('',(-1.,0.,0.));
#4781 = PCURVE('',#756,#4782);
#4782 = DEFINITIONAL_REPRESENTATION('',(#4783),#4787);
#4783 = LINE('',#4784,#4785);
#4784 = CARTESIAN_POINT('',(6.28318530718,0.));
#4785 = VECTOR('',#4786,1.);
#4786 = DIRECTION('',(-1.,0.));
#4787 = ( GEOMETRIC_REPRESENTATION_CONTEXT(2) 
PARAMETRIC_REPRESENTATION_CONTEXT() REPRESENTATION_CONTEXT('2D SPACE',''
  ) );
#4788 = PCURVE('',#3149,#4789);
#4789 = DEFINITIONAL_REPRESENTATION('',(#4790),#4798);
#4790 = ( BOUNDED_CURVE() B_SPLINE_CURVE(2,(#4791,#4792,#4793,#4794,
#4795,#4796,#4797),.UNSPECIFIED.,.T.,.F.) B_SPLINE_CURVE_WITH_KNOTS((1,2
    ,2,2,2,1),(-2.094395102393,0.,2.094395102393,4.188790204786,
6.28318530718,8.377580409573),.UNSPECIFIED.) CURVE() 
GEOMETRIC_REPRESENTATION_ITEM() RATIONAL_B_SPLINE_CURVE((1.,0.5,1.,0.5,
1.,0.5,1.)) REPRESENTATION_ITEM('') );
#4791 = CARTESIAN_POINT('',(-24.53181306202,-20.60390378416));
#4792 = CARTESIAN_POINT('',(-21.05279768673,-9.896595438065));
#4793 = CARTESIAN_POINT('',(-13.5195043405,-18.26316530627));
#4794 = CARTESIAN_POINT('',(-5.986210994268,-26.62973517447));
#4795 = CARTESIAN_POINT('',(-16.99851971579,-28.97047365237));
#4796 = CARTESIAN_POINT('',(-28.01082843731,-31.31121213027));
#4797 = CARTESIAN_POINT('',(-24.53181306202,-20.60390378416));
#4798 = ( GEOMETRIC_REPRESENTATION_CONTEXT(2) 
PARAMETRIC_REPRESENTATION_CONTEXT() REPRESENTATION_CONTEXT('2D SPACE',''
  ) );
#4799 = ORIENTED_EDGE('',*,*,#4800,.T.);
#4800 = EDGE_CURVE('',#4773,#682,#4801,.T.);
#4801 = SURFACE_CURVE('',#4802,(#4805,#4812),.PCURVE_S1.);
#4802 = B_SPLINE_CURVE_WITH_KNOTS('',1,(#4803,#4804),.UNSPECIFIED.,.F.,
  .F.,(2,2),(0.,1.),.PIECEWISE_BEZIER_KNOTS.);
#4803 = CARTESIAN_POINT('',(27.041420667552,-20.60974449818,0.));
#4804 = CARTESIAN_POINT('',(34.581797023962,-26.35667739924,102.));
#4805 = PCURVE('',#756,#4806);
#4806 = DEFINITIONAL_REPRESENTATION('',(#4807),#4811);
#4807 = LINE('',#4808,#4809);
#4808 = CARTESIAN_POINT('',(2.490357844233,0.));
#4809 = VECTOR('',#4810,1.);
#4810 = DIRECTION('',(0.,1.));
#4811 = ( GEOMETRIC_REPRESENTATION_CONTEXT(2) 
PARAMETRIC_REPRESENTATION_CONTEXT() REPRESENTATION_CONTEXT('2D SPACE',''
  ) );
#4812 = PCURVE('',#698,#4813);
#4813 = DEFINITIONAL_REPRESENTATION('',(#4814),#4817);
#4814 = B_SPLINE_CURVE_WITH_KNOTS('',1,(#4815,#4816),.UNSPECIFIED.,.F.,
  .F.,(2,2),(0.,1.),.PIECEWISE_BEZIER_KNOTS.);
#4815 = CARTESIAN_POINT('',(5.317791232464,0.));
#4816 = CARTESIAN_POINT('',(5.317791232464,102.));
#4817 = ( GEOMETRIC_REPRESENTATION_CONTEXT(2) 
PARAMETRIC_REPRESENTATION_CONTEXT() REPRESENTATION_CONTEXT('2D SPACE',''
  ) );
#4818 = ORIENTED_EDGE('',*,*,#710,.T.);
#4819 = ORIENTED_EDGE('',*,*,#4747,.F.);
#4820 = ADVANCED_FACE('',(#4821),#698,.F.);
#4821 = FACE_BOUND('',#4822,.F.);
#4822 = EDGE_LOOP('',(#4823,#4824,#4848,#4867));
#4823 = ORIENTED_EDGE('',*,*,#4800,.F.);
#4824 = ORIENTED_EDGE('',*,*,#4825,.T.);
#4825 = EDGE_CURVE('',#4773,#4826,#4828,.T.);
#4826 = VERTEX_POINT('',#4827);
#4827 = CARTESIAN_POINT('',(27.957290342493,-19.34915803608,0.));
#4828 = SURFACE_CURVE('',#4829,(#4834,#4841),.PCURVE_S1.);
#4829 = CIRCLE('',#4830,34.);
#4830 = AXIS2_PLACEMENT_3D('',#4831,#4832,#4833);
#4831 = CARTESIAN_POINT('',(0.,-1.7763568394E-15,0.));
#4832 = DIRECTION('',(0.,-0.,1.));
#4833 = DIRECTION('',(0.951056516295,0.309016994375,0.));
#4834 = PCURVE('',#698,#4835);
#4835 = DEFINITIONAL_REPRESENTATION('',(#4836),#4840);
#4836 = LINE('',#4837,#4838);
#4837 = CARTESIAN_POINT('',(0.,0.));
#4838 = VECTOR('',#4839,1.);
#4839 = DIRECTION('',(1.,0.));
#4840 = ( GEOMETRIC_REPRESENTATION_CONTEXT(2) 
PARAMETRIC_REPRESENTATION_CONTEXT() REPRESENTATION_CONTEXT('2D SPACE',''
  ) );
#4841 = PCURVE('',#3149,#4842);
#4842 = DEFINITIONAL_REPRESENTATION('',(#4843),#4847);
#4843 = CIRCLE('',#4844,34.);
#4844 = AXIS2_PLACEMENT_2D('',#4845,#4846);
#4845 = CARTESIAN_POINT('',(-34.,-1.7763568394E-15));
#4846 = DIRECTION('',(1.,0.));
#4847 = ( GEOMETRIC_REPRESENTATION_CONTEXT(2) 
PARAMETRIC_REPRESENTATION_CONTEXT() REPRESENTATION_CONTEXT('2D SPACE',''
  ) );
#4848 = ORIENTED_EDGE('',*,*,#4849,.T.);
#4849 = EDGE_CURVE('',#4826,#597,#4850,.T.);
#4850 = SURFACE_CURVE('',#4851,(#4854,#4860),.PCURVE_S1.);
#4851 = B_SPLINE_CURVE_WITH_KNOTS('',1,(#4852,#4853),.UNSPECIFIED.,.F.,
  .F.,(2,2),(0.,1.),.PIECEWISE_BEZIER_KNOTS.);
#4852 = CARTESIAN_POINT('',(27.957290342493,-19.34915803608,0.));
#4853 = CARTESIAN_POINT('',(35.753052764872,-24.74458217321,102.));
#4854 = PCURVE('',#698,#4855);
#4855 = DEFINITIONAL_REPRESENTATION('',(#4856),#4859);
#4856 = B_SPLINE_CURVE_WITH_KNOTS('',1,(#4857,#4858),.UNSPECIFIED.,.F.,
  .F.,(2,2),(0.,1.),.PIECEWISE_BEZIER_KNOTS.);
#4857 = CARTESIAN_POINT('',(5.363623789741,0.));
#4858 = CARTESIAN_POINT('',(5.363623789741,102.));
#4859 = ( GEOMETRIC_REPRESENTATION_CONTEXT(2) 
PARAMETRIC_REPRESENTATION_CONTEXT() REPRESENTATION_CONTEXT('2D SPACE',''
  ) );
#4860 = PCURVE('',#642,#4861);
#4861 = DEFINITIONAL_REPRESENTATION('',(#4862),#4866);
#4862 = LINE('',#4863,#4864);
#4863 = CARTESIAN_POINT('',(2.53619040151,0.));
#4864 = VECTOR('',#4865,1.);
#4865 = DIRECTION('',(0.,1.));
#4866 = ( GEOMETRIC_REPRESENTATION_CONTEXT(2) 
PARAMETRIC_REPRESENTATION_CONTEXT() REPRESENTATION_CONTEXT('2D SPACE',''
  ) );
#4867 = ORIENTED_EDGE('',*,*,#681,.F.);
#4868 = ADVANCED_FACE('',(#4869),#642,.F.);
#4869 = FACE_BOUND('',#4870,.F.);
#4870 = EDGE_LOOP('',(#4871,#4899,#4919,#4920));
#4871 = ORIENTED_EDGE('',*,*,#4872,.F.);
#4872 = EDGE_CURVE('',#4873,#4826,#4875,.T.);
#4873 = VERTEX_POINT('',#4874);
#4874 = CARTESIAN_POINT('',(28.358164019586,-12.61072727994,0.));
#4875 = SURFACE_CURVE('',#4876,(#4881,#4888),.PCURVE_S1.);
#4876 = CIRCLE('',#4877,6.5);
#4877 = AXIS2_PLACEMENT_3D('',#4878,#4879,#4880);
#4878 = CARTESIAN_POINT('',(22.612514247605,-15.65005429389,0.));
#4879 = DIRECTION('',(0.,0.,-1.));
#4880 = DIRECTION('',(-1.,0.,0.));
#4881 = PCURVE('',#642,#4882);
#4882 = DEFINITIONAL_REPRESENTATION('',(#4883),#4887);
#4883 = LINE('',#4884,#4885);
#4884 = CARTESIAN_POINT('',(6.28318530718,0.));
#4885 = VECTOR('',#4886,1.);
#4886 = DIRECTION('',(-1.,0.));
#4887 = ( GEOMETRIC_REPRESENTATION_CONTEXT(2) 
PARAMETRIC_REPRESENTATION_CONTEXT() REPRESENTATION_CONTEXT('2D SPACE',''
  ) );
#4888 = PCURVE('',#3149,#4889);
#4889 = DEFINITIONAL_REPRESENTATION('',(#4890),#4898);
#4890 = ( BOUNDED_CURVE() B_SPLINE_CURVE(2,(#4891,#4892,#4893,#4894,
#4895,#4896,#4897),.UNSPECIFIED.,.T.,.F.) B_SPLINE_CURVE_WITH_KNOTS((1,2
    ,2,2,2,1),(-2.094395102393,0.,2.094395102393,4.188790204786,
6.28318530718,8.377580409573),.UNSPECIFIED.) CURVE() 
GEOMETRIC_REPRESENTATION_ITEM() RATIONAL_B_SPLINE_CURVE((1.,0.5,1.,0.5,
1.,0.5,1.)) REPRESENTATION_ITEM('') );
#4891 = CARTESIAN_POINT('',(-23.51222107062,-19.8631268412));
#4892 = CARTESIAN_POINT('',(-20.03320569533,-9.155818495098));
#4893 = CARTESIAN_POINT('',(-12.49991234909,-17.5223883633));
#4894 = CARTESIAN_POINT('',(-4.966619002866,-25.88895823151));
#4895 = CARTESIAN_POINT('',(-15.97892772438,-28.2296967094));
#4896 = CARTESIAN_POINT('',(-26.9912364459,-30.5704351873));
#4897 = CARTESIAN_POINT('',(-23.51222107062,-19.8631268412));
#4898 = ( GEOMETRIC_REPRESENTATION_CONTEXT(2) 
PARAMETRIC_REPRESENTATION_CONTEXT() REPRESENTATION_CONTEXT('2D SPACE',''
  ) );
#4899 = ORIENTED_EDGE('',*,*,#4900,.T.);
#4900 = EDGE_CURVE('',#4873,#498,#4901,.T.);
#4901 = SURFACE_CURVE('',#4902,(#4905,#4912),.PCURVE_S1.);
#4902 = B_SPLINE_CURVE_WITH_KNOTS('',1,(#4903,#4904),.UNSPECIFIED.,.F.,
  .F.,(2,2),(0.,1.),.PIECEWISE_BEZIER_KNOTS.);
#4903 = CARTESIAN_POINT('',(28.358164019586,-12.61072727994,0.));
#4904 = CARTESIAN_POINT('',(36.265708231606,-16.12717084952,102.));
#4905 = PCURVE('',#642,#4906);
#4906 = DEFINITIONAL_REPRESENTATION('',(#4907),#4911);
#4907 = LINE('',#4908,#4909);
#4908 = CARTESIAN_POINT('',(3.628153656874,0.));
#4909 = VECTOR('',#4910,1.);
#4910 = DIRECTION('',(0.,1.));
#4911 = ( GEOMETRIC_REPRESENTATION_CONTEXT(2) 
PARAMETRIC_REPRESENTATION_CONTEXT() REPRESENTATION_CONTEXT('2D SPACE',''
  ) );
#4912 = PCURVE('',#551,#4913);
#4913 = DEFINITIONAL_REPRESENTATION('',(#4914),#4918);
#4914 = LINE('',#4915,#4916);
#4915 = CARTESIAN_POINT('',(2.340872384946,0.));
#4916 = VECTOR('',#4917,1.);
#4917 = DIRECTION('',(0.,1.));
#4918 = ( GEOMETRIC_REPRESENTATION_CONTEXT(2) 
PARAMETRIC_REPRESENTATION_CONTEXT() REPRESENTATION_CONTEXT('2D SPACE',''
  ) );
#4919 = ORIENTED_EDGE('',*,*,#596,.T.);
#4920 = ORIENTED_EDGE('',*,*,#4849,.F.);
#4921 = ADVANCED_FACE('',(#4922),#551,.F.);
#4922 = FACE_BOUND('',#4923,.F.);
#4923 = EDGE_LOOP('',(#4924,#4948,#4968,#4969));
#4924 = ORIENTED_EDGE('',*,*,#4925,.F.);
#4925 = EDGE_CURVE('',#4926,#4873,#4928,.T.);
#4926 = VERTEX_POINT('',#4927);
#4927 = CARTESIAN_POINT('',(30.354636136951,-6.466217911901,0.));
#4928 = SURFACE_CURVE('',#4929,(#4934,#4941),.PCURVE_S1.);
#4929 = CIRCLE('',#4930,4.5);
#4930 = AXIS2_PLACEMENT_3D('',#4931,#4932,#4933);
#4931 = CARTESIAN_POINT('',(32.335921554035,-10.50657780874,0.));
#4932 = DIRECTION('',(0.,-0.,1.));
#4933 = DIRECTION('',(0.951056516295,-0.309016994375,-0.));
#4934 = PCURVE('',#551,#4935);
#4935 = DEFINITIONAL_REPRESENTATION('',(#4936),#4940);
#4936 = LINE('',#4937,#4938);
#4937 = CARTESIAN_POINT('',(6.28318530718,0.));
#4938 = VECTOR('',#4939,1.);
#4939 = DIRECTION('',(-1.,0.));
#4940 = ( GEOMETRIC_REPRESENTATION_CONTEXT(2) 
PARAMETRIC_REPRESENTATION_CONTEXT() REPRESENTATION_CONTEXT('2D SPACE',''
  ) );
#4941 = PCURVE('',#3149,#4942);
#4942 = DEFINITIONAL_REPRESENTATION('',(#4943),#4947);
#4943 = CIRCLE('',#4944,4.5);
#4944 = AXIS2_PLACEMENT_2D('',#4945,#4946);
#4945 = CARTESIAN_POINT('',(-6.493422191252,-19.98469857794));
#4946 = DIRECTION('',(0.809016994375,-0.587785252292));
#4947 = ( GEOMETRIC_REPRESENTATION_CONTEXT(2) 
PARAMETRIC_REPRESENTATION_CONTEXT() REPRESENTATION_CONTEXT('2D SPACE',''
  ) );
#4948 = ORIENTED_EDGE('',*,*,#4949,.T.);
#4949 = EDGE_CURVE('',#4926,#413,#4950,.T.);
#4950 = SURFACE_CURVE('',#4951,(#4954,#4961),.PCURVE_S1.);
#4951 = B_SPLINE_CURVE_WITH_KNOTS('',1,(#4952,#4953),.UNSPECIFIED.,.F.,
  .F.,(2,2),(0.,1.),.PIECEWISE_BEZIER_KNOTS.);
#4952 = CARTESIAN_POINT('',(30.354636136951,-6.466217911901,0.));
#4953 = CARTESIAN_POINT('',(38.818887458967,-8.269293174023,102.));
#4954 = PCURVE('',#551,#4955);
#4955 = DEFINITIONAL_REPRESENTATION('',(#4956),#4960);
#4956 = LINE('',#4957,#4958);
#4957 = CARTESIAN_POINT('',(3.942312922233,0.));
#4958 = VECTOR('',#4959,1.);
#4959 = DIRECTION('',(0.,1.));
#4960 = ( GEOMETRIC_REPRESENTATION_CONTEXT(2) 
PARAMETRIC_REPRESENTATION_CONTEXT() REPRESENTATION_CONTEXT('2D SPACE',''
  ) );
#4961 = PCURVE('',#458,#4962);
#4962 = DEFINITIONAL_REPRESENTATION('',(#4963),#4967);
#4963 = LINE('',#4964,#4965);
#4964 = CARTESIAN_POINT('',(2.026713119587,0.));
#4965 = VECTOR('',#4966,1.);
#4966 = DIRECTION('',(0.,1.));
#4967 = ( GEOMETRIC_REPRESENTATION_CONTEXT(2) 
PARAMETRIC_REPRESENTATION_CONTEXT() REPRESENTATION_CONTEXT('2D SPACE',''
  ) );
#4968 = ORIENTED_EDGE('',*,*,#497,.T.);
#4969 = ORIENTED_EDGE('',*,*,#4900,.F.);
#4970 = ADVANCED_FACE('',(#4971),#458,.F.);
#4971 = FACE_BOUND('',#4972,.F.);
#4972 = EDGE_LOOP('',(#4973,#5001,#5020,#5021));
#4973 = ORIENTED_EDGE('',*,*,#4974,.F.);
#4974 = EDGE_CURVE('',#4975,#4926,#4977,.T.);
#4975 = VERTEX_POINT('',#4976);
#4976 = CARTESIAN_POINT('',(33.991072741641,-0.779085279334,0.));
#4977 = SURFACE_CURVE('',#4978,(#4983,#4990),.PCURVE_S1.);
#4978 = CIRCLE('',#4979,6.5);
#4979 = AXIS2_PLACEMENT_3D('',#4980,#4981,#4982);
#4980 = CARTESIAN_POINT('',(27.492779423386,-0.630142505344,0.));
#4981 = DIRECTION('',(0.,0.,-1.));
#4982 = DIRECTION('',(-1.,0.,0.));
#4983 = PCURVE('',#458,#4984);
#4984 = DEFINITIONAL_REPRESENTATION('',(#4985),#4989);
#4985 = LINE('',#4986,#4987);
#4986 = CARTESIAN_POINT('',(6.28318530718,0.));
#4987 = VECTOR('',#4988,1.);
#4988 = DIRECTION('',(-1.,0.));
#4989 = ( GEOMETRIC_REPRESENTATION_CONTEXT(2) 
PARAMETRIC_REPRESENTATION_CONTEXT() REPRESENTATION_CONTEXT('2D SPACE',''
  ) );
#4990 = PCURVE('',#3149,#4991);
#4991 = DEFINITIONAL_REPRESENTATION('',(#4992),#5000);
#4992 = ( BOUNDED_CURVE() B_SPLINE_CURVE(2,(#4993,#4994,#4995,#4996,
#4997,#4998,#4999),.UNSPECIFIED.,.T.,.F.) B_SPLINE_CURVE_WITH_KNOTS((1,2
    ,2,2,2,1),(-2.094395102393,0.,2.094395102393,4.188790204786,
6.28318530718,8.377580409573),.UNSPECIFIED.) CURVE() 
GEOMETRIC_REPRESENTATION_ITEM() RATIONAL_B_SPLINE_CURVE((1.,0.5,1.,0.5,
1.,0.5,1.)) REPRESENTATION_ITEM('') );
#4993 = CARTESIAN_POINT('',(-14.22940507727,-7.086426736893));
#4994 = CARTESIAN_POINT('',(-10.75038970198,3.620881609209));
#4995 = CARTESIAN_POINT('',(-3.21709635575,-4.745688258997));
#4996 = CARTESIAN_POINT('',(4.316196990484,-13.1122581272));
#4997 = CARTESIAN_POINT('',(-6.696111731037,-15.4529966051));
#4998 = CARTESIAN_POINT('',(-17.70842045255,-17.79373508299));
#4999 = CARTESIAN_POINT('',(-14.22940507727,-7.086426736893));
#5000 = ( GEOMETRIC_REPRESENTATION_CONTEXT(2) 
PARAMETRIC_REPRESENTATION_CONTEXT() REPRESENTATION_CONTEXT('2D SPACE',''
  ) );
#5001 = ORIENTED_EDGE('',*,*,#5002,.T.);
#5002 = EDGE_CURVE('',#4975,#384,#5003,.T.);
#5003 = SURFACE_CURVE('',#5004,(#5007,#5014),.PCURVE_S1.);
#5004 = B_SPLINE_CURVE_WITH_KNOTS('',1,(#5005,#5006),.UNSPECIFIED.,.F.,
  .F.,(2,2),(0.,1.),.PIECEWISE_BEZIER_KNOTS.);
#5005 = CARTESIAN_POINT('',(33.991072741641,-0.779085279334,0.));
#5006 = CARTESIAN_POINT('',(43.469327763118,-0.996329642792,102.));
#5007 = PCURVE('',#458,#5008);
#5008 = DEFINITIONAL_REPRESENTATION('',(#5009),#5013);
#5009 = LINE('',#5010,#5011);
#5010 = CARTESIAN_POINT('',(3.118676374951,0.));
#5011 = VECTOR('',#5012,1.);
#5012 = DIRECTION('',(0.,1.));
#5013 = ( GEOMETRIC_REPRESENTATION_CONTEXT(2) 
PARAMETRIC_REPRESENTATION_CONTEXT() REPRESENTATION_CONTEXT('2D SPACE',''
  ) );
#5014 = PCURVE('',#400,#5015);
#5015 = DEFINITIONAL_REPRESENTATION('',(#5016),#5019);
#5016 = B_SPLINE_CURVE_WITH_KNOTS('',1,(#5017,#5018),.UNSPECIFIED.,.F.,
  .F.,(2,2),(0.,1.),.PIECEWISE_BEZIER_KNOTS.);
#5017 = CARTESIAN_POINT('',(5.946109763182,0.));
#5018 = CARTESIAN_POINT('',(5.946109763182,102.));
#5019 = ( GEOMETRIC_REPRESENTATION_CONTEXT(2) 
PARAMETRIC_REPRESENTATION_CONTEXT() REPRESENTATION_CONTEXT('2D SPACE',''
  ) );
#5020 = ORIENTED_EDGE('',*,*,#412,.T.);
#5021 = ORIENTED_EDGE('',*,*,#4949,.F.);
#5022 = ADVANCED_FACE('',(#5023),#400,.F.);
#5023 = FACE_BOUND('',#5024,.F.);
#5024 = EDGE_LOOP('',(#5025,#5026,#5050,#5069));
#5025 = ORIENTED_EDGE('',*,*,#5002,.F.);
#5026 = ORIENTED_EDGE('',*,*,#5027,.T.);
#5027 = EDGE_CURVE('',#4975,#5028,#5030,.T.);
#5028 = VERTEX_POINT('',#5029);
#5029 = CARTESIAN_POINT('',(33.991072741641,0.779085279334,0.));
#5030 = SURFACE_CURVE('',#5031,(#5036,#5043),.PCURVE_S1.);
#5031 = CIRCLE('',#5032,34.);
#5032 = AXIS2_PLACEMENT_3D('',#5033,#5034,#5035);
#5033 = CARTESIAN_POINT('',(0.,-1.7763568394E-15,0.));
#5034 = DIRECTION('',(0.,-0.,1.));
#5035 = DIRECTION('',(0.951056516295,0.309016994375,0.));
#5036 = PCURVE('',#400,#5037);
#5037 = DEFINITIONAL_REPRESENTATION('',(#5038),#5042);
#5038 = LINE('',#5039,#5040);
#5039 = CARTESIAN_POINT('',(0.,0.));
#5040 = VECTOR('',#5041,1.);
#5041 = DIRECTION('',(1.,0.));
#5042 = ( GEOMETRIC_REPRESENTATION_CONTEXT(2) 
PARAMETRIC_REPRESENTATION_CONTEXT() REPRESENTATION_CONTEXT('2D SPACE',''
  ) );
#5043 = PCURVE('',#3149,#5044);
#5044 = DEFINITIONAL_REPRESENTATION('',(#5045),#5049);
#5045 = CIRCLE('',#5046,34.);
#5046 = AXIS2_PLACEMENT_2D('',#5047,#5048);
#5047 = CARTESIAN_POINT('',(-34.,-1.7763568394E-15));
#5048 = DIRECTION('',(1.,0.));
#5049 = ( GEOMETRIC_REPRESENTATION_CONTEXT(2) 
PARAMETRIC_REPRESENTATION_CONTEXT() REPRESENTATION_CONTEXT('2D SPACE',''
  ) );
#5050 = ORIENTED_EDGE('',*,*,#5051,.T.);
#5051 = EDGE_CURVE('',#5028,#299,#5052,.T.);
#5052 = SURFACE_CURVE('',#5053,(#5056,#5062),.PCURVE_S1.);
#5053 = B_SPLINE_CURVE_WITH_KNOTS('',1,(#5054,#5055),.UNSPECIFIED.,.F.,
  .F.,(2,2),(0.,1.),.PIECEWISE_BEZIER_KNOTS.);
#5054 = CARTESIAN_POINT('',(33.991072741641,0.779085279334,0.));
#5055 = CARTESIAN_POINT('',(43.469327763118,0.996329642792,102.));
#5056 = PCURVE('',#400,#5057);
#5057 = DEFINITIONAL_REPRESENTATION('',(#5058),#5061);
#5058 = B_SPLINE_CURVE_WITH_KNOTS('',1,(#5059,#5060),.UNSPECIFIED.,.F.,
  .F.,(2,2),(0.,1.),.PIECEWISE_BEZIER_KNOTS.);
#5059 = CARTESIAN_POINT('',(5.991942320459,0.));
#5060 = CARTESIAN_POINT('',(5.991942320459,102.));
#5061 = ( GEOMETRIC_REPRESENTATION_CONTEXT(2) 
PARAMETRIC_REPRESENTATION_CONTEXT() REPRESENTATION_CONTEXT('2D SPACE',''
  ) );
#5062 = PCURVE('',#344,#5063);
#5063 = DEFINITIONAL_REPRESENTATION('',(#5064),#5068);
#5064 = LINE('',#5065,#5066);
#5065 = CARTESIAN_POINT('',(3.164508932228,0.));
#5066 = VECTOR('',#5067,1.);
#5067 = DIRECTION('',(0.,1.));
#5068 = ( GEOMETRIC_REPRESENTATION_CONTEXT(2) 
PARAMETRIC_REPRESENTATION_CONTEXT() REPRESENTATION_CONTEXT('2D SPACE',''
  ) );
#5069 = ORIENTED_EDGE('',*,*,#383,.F.);
#5070 = ADVANCED_FACE('',(#5071),#344,.F.);
#5071 = FACE_BOUND('',#5072,.F.);
#5072 = EDGE_LOOP('',(#5073,#5101,#5121,#5122));
#5073 = ORIENTED_EDGE('',*,*,#5074,.F.);
#5074 = EDGE_CURVE('',#5075,#5028,#5077,.T.);
#5075 = VERTEX_POINT('',#5076);
#5076 = CARTESIAN_POINT('',(30.354636136951,6.466217911901,0.));
#5077 = SURFACE_CURVE('',#5078,(#5083,#5090),.PCURVE_S1.);
#5078 = CIRCLE('',#5079,6.5);
#5079 = AXIS2_PLACEMENT_3D('',#5080,#5081,#5082);
#5080 = CARTESIAN_POINT('',(27.492779423386,0.630142505344,0.));
#5081 = DIRECTION('',(0.,0.,-1.));
#5082 = DIRECTION('',(-1.,0.,0.));
#5083 = PCURVE('',#344,#5084);
#5084 = DEFINITIONAL_REPRESENTATION('',(#5085),#5089);
#5085 = LINE('',#5086,#5087);
#5086 = CARTESIAN_POINT('',(6.28318530718,0.));
#5087 = VECTOR('',#5088,1.);
#5088 = DIRECTION('',(-1.,0.));
#5089 = ( GEOMETRIC_REPRESENTATION_CONTEXT(2) 
PARAMETRIC_REPRESENTATION_CONTEXT() REPRESENTATION_CONTEXT('2D SPACE',''
  ) );
#5090 = PCURVE('',#3149,#5091);
#5091 = DEFINITIONAL_REPRESENTATION('',(#5092),#5100);
#5092 = ( BOUNDED_CURVE() B_SPLINE_CURVE(2,(#5093,#5094,#5095,#5096,
#5097,#5098,#5099),.UNSPECIFIED.,.T.,.F.) B_SPLINE_CURVE_WITH_KNOTS((1,2
    ,2,2,2,1),(-2.094395102393,0.,2.094395102393,4.188790204786,
6.28318530718,8.377580409573),.UNSPECIFIED.) CURVE() 
GEOMETRIC_REPRESENTATION_ITEM() RATIONAL_B_SPLINE_CURVE((1.,0.5,1.,0.5,
1.,0.5,1.)) REPRESENTATION_ITEM('') );
#5093 = CARTESIAN_POINT('',(-13.83995559121,-5.887824465089));
#5094 = CARTESIAN_POINT('',(-10.36094021592,4.819483881013));
#5095 = CARTESIAN_POINT('',(-2.827646869691,-3.547085987194));
#5096 = CARTESIAN_POINT('',(4.705646476543,-11.9136558554));
#5097 = CARTESIAN_POINT('',(-6.306662244979,-14.25439433329));
#5098 = CARTESIAN_POINT('',(-17.3189709665,-16.59513281119));
#5099 = CARTESIAN_POINT('',(-13.83995559121,-5.887824465089));
#5100 = ( GEOMETRIC_REPRESENTATION_CONTEXT(2) 
PARAMETRIC_REPRESENTATION_CONTEXT() REPRESENTATION_CONTEXT('2D SPACE',''
  ) );
#5101 = ORIENTED_EDGE('',*,*,#5102,.T.);
#5102 = EDGE_CURVE('',#5075,#200,#5103,.T.);
#5103 = SURFACE_CURVE('',#5104,(#5107,#5114),.PCURVE_S1.);
#5104 = B_SPLINE_CURVE_WITH_KNOTS('',1,(#5105,#5106),.UNSPECIFIED.,.F.,
  .F.,(2,2),(0.,1.),.PIECEWISE_BEZIER_KNOTS.);
#5105 = CARTESIAN_POINT('',(30.354636136951,6.466217911901,0.));
#5106 = CARTESIAN_POINT('',(38.818887458967,8.269293174023,102.));
#5107 = PCURVE('',#344,#5108);
#5108 = DEFINITIONAL_REPRESENTATION('',(#5109),#5113);
#5109 = LINE('',#5110,#5111);
#5110 = CARTESIAN_POINT('',(4.256472187592,0.));
#5111 = VECTOR('',#5112,1.);
#5112 = DIRECTION('',(0.,1.));
#5113 = ( GEOMETRIC_REPRESENTATION_CONTEXT(2) 
PARAMETRIC_REPRESENTATION_CONTEXT() REPRESENTATION_CONTEXT('2D SPACE',''
  ) );
#5114 = PCURVE('',#253,#5115);
#5115 = DEFINITIONAL_REPRESENTATION('',(#5116),#5120);
#5116 = LINE('',#5117,#5118);
#5117 = CARTESIAN_POINT('',(2.340872384946,0.));
#5118 = VECTOR('',#5119,1.);
#5119 = DIRECTION('',(0.,1.));
#5120 = ( GEOMETRIC_REPRESENTATION_CONTEXT(2) 
PARAMETRIC_REPRESENTATION_CONTEXT() REPRESENTATION_CONTEXT('2D SPACE',''
  ) );
#5121 = ORIENTED_EDGE('',*,*,#298,.T.);
#5122 = ORIENTED_EDGE('',*,*,#5051,.F.);
#5123 = ADVANCED_FACE('',(#5124),#253,.F.);
#5124 = FACE_BOUND('',#5125,.F.);
#5125 = EDGE_LOOP('',(#5126,#5148,#5149,#5150));
#5126 = ORIENTED_EDGE('',*,*,#5127,.F.);
#5127 = EDGE_CURVE('',#3133,#5075,#5128,.T.);
#5128 = SURFACE_CURVE('',#5129,(#5134,#5141),.PCURVE_S1.);
#5129 = CIRCLE('',#5130,4.5);
#5130 = AXIS2_PLACEMENT_3D('',#5131,#5132,#5133);
#5131 = CARTESIAN_POINT('',(32.335921554035,10.506577808748,0.));
#5132 = DIRECTION('',(0.,-0.,1.));
#5133 = DIRECTION('',(0.951056516295,0.309016994375,0.));
#5134 = PCURVE('',#253,#5135);
#5135 = DEFINITIONAL_REPRESENTATION('',(#5136),#5140);
#5136 = LINE('',#5137,#5138);
#5137 = CARTESIAN_POINT('',(6.28318530718,0.));
#5138 = VECTOR('',#5139,1.);
#5139 = DIRECTION('',(-1.,0.));
#5140 = ( GEOMETRIC_REPRESENTATION_CONTEXT(2) 
PARAMETRIC_REPRESENTATION_CONTEXT() REPRESENTATION_CONTEXT('2D SPACE',''
  ) );
#5141 = PCURVE('',#3149,#5142);
#5142 = DEFINITIONAL_REPRESENTATION('',(#5143),#5147);
#5143 = CIRCLE('',#5144,4.5);
#5144 = AXIS2_PLACEMENT_2D('',#5145,#5146);
#5145 = CARTESIAN_POINT('',(0.,0.));
#5146 = DIRECTION('',(1.,0.));
#5147 = ( GEOMETRIC_REPRESENTATION_CONTEXT(2) 
PARAMETRIC_REPRESENTATION_CONTEXT() REPRESENTATION_CONTEXT('2D SPACE',''
  ) );
#5148 = ORIENTED_EDGE('',*,*,#3185,.T.);
#5149 = ORIENTED_EDGE('',*,*,#199,.T.);
#5150 = ORIENTED_EDGE('',*,*,#5102,.F.);
#5151 = ADVANCED_FACE('',(#5152),#3115,.F.);
#5152 = FACE_BOUND('',#5153,.F.);
#5153 = EDGE_LOOP('',(#5154,#5178,#5199,#5200));
#5154 = ORIENTED_EDGE('',*,*,#5155,.F.);
#5155 = EDGE_CURVE('',#5156,#5156,#5158,.T.);
#5156 = VERTEX_POINT('',#5157);
#5157 = CARTESIAN_POINT('',(1.,-2.449293598295E-16,0.));
#5158 = SURFACE_CURVE('',#5159,(#5164,#5171),.PCURVE_S1.);
#5159 = CIRCLE('',#5160,1.);
#5160 = AXIS2_PLACEMENT_3D('',#5161,#5162,#5163);
#5161 = CARTESIAN_POINT('',(0.,0.,0.));
#5162 = DIRECTION('',(0.,0.,1.));
#5163 = DIRECTION('',(1.,0.,-0.));
#5164 = PCURVE('',#3115,#5165);
#5165 = DEFINITIONAL_REPRESENTATION('',(#5166),#5170);
#5166 = LINE('',#5167,#5168);
#5167 = CARTESIAN_POINT('',(0.,16.));
#5168 = VECTOR('',#5169,1.);
#5169 = DIRECTION('',(1.,0.));
#5170 = ( GEOMETRIC_REPRESENTATION_CONTEXT(2) 
PARAMETRIC_REPRESENTATION_CONTEXT() REPRESENTATION_CONTEXT('2D SPACE',''
  ) );
#5171 = PCURVE('',#3149,#5172);
#5172 = DEFINITIONAL_REPRESENTATION('',(#5173),#5177);
#5173 = CIRCLE('',#5174,1.);
#5174 = AXIS2_PLACEMENT_2D('',#5175,#5176);
#5175 = CARTESIAN_POINT('',(-34.,0.));
#5176 = DIRECTION('',(0.951056516295,-0.309016994375));
#5177 = ( GEOMETRIC_REPRESENTATION_CONTEXT(2) 
PARAMETRIC_REPRESENTATION_CONTEXT() REPRESENTATION_CONTEXT('2D SPACE',''
  ) );
#5178 = ORIENTED_EDGE('',*,*,#5179,.F.);
#5179 = EDGE_CURVE('',#3099,#5156,#5180,.T.);
#5180 = SEAM_CURVE('',#5181,(#5185,#5192),.PCURVE_S1.);
#5181 = LINE('',#5182,#5183);
#5182 = CARTESIAN_POINT('',(1.,-2.449293598295E-16,-16.));
#5183 = VECTOR('',#5184,1.);
#5184 = DIRECTION('',(0.,0.,1.));
#5185 = PCURVE('',#3115,#5186);
#5186 = DEFINITIONAL_REPRESENTATION('',(#5187),#5191);
#5187 = LINE('',#5188,#5189);
#5188 = CARTESIAN_POINT('',(6.28318530718,-0.));
#5189 = VECTOR('',#5190,1.);
#5190 = DIRECTION('',(0.,1.));
#5191 = ( GEOMETRIC_REPRESENTATION_CONTEXT(2) 
PARAMETRIC_REPRESENTATION_CONTEXT() REPRESENTATION_CONTEXT('2D SPACE',''
  ) );
#5192 = PCURVE('',#3115,#5193);
#5193 = DEFINITIONAL_REPRESENTATION('',(#5194),#5198);
#5194 = LINE('',#5195,#5196);
#5195 = CARTESIAN_POINT('',(0.,-0.));
#5196 = VECTOR('',#5197,1.);
#5197 = DIRECTION('',(0.,1.));
#5198 = ( GEOMETRIC_REPRESENTATION_CONTEXT(2) 
PARAMETRIC_REPRESENTATION_CONTEXT() REPRESENTATION_CONTEXT('2D SPACE',''
  ) );
#5199 = ORIENTED_EDGE('',*,*,#3098,.T.);
#5200 = ORIENTED_EDGE('',*,*,#5179,.T.);
#5201 = ADVANCED_FACE('',(#5202,#5244),#3149,.T.);
#5202 = FACE_BOUND('',#5203,.T.);
#5203 = EDGE_LOOP('',(#5204,#5205,#5206,#5207,#5208,#5209,#5210,#5211,
    #5212,#5213,#5214,#5215,#5216,#5217,#5218,#5219,#5220,#5221,#5222,
    #5223,#5224,#5225,#5226,#5227,#5228,#5229,#5230,#5231,#5232,#5233,
    #5234,#5235,#5236,#5237,#5238,#5239,#5240,#5241,#5242,#5243));
#5204 = ORIENTED_EDGE('',*,*,#5127,.F.);
#5205 = ORIENTED_EDGE('',*,*,#3130,.F.);
#5206 = ORIENTED_EDGE('',*,*,#3209,.T.);
#5207 = ORIENTED_EDGE('',*,*,#3256,.F.);
#5208 = ORIENTED_EDGE('',*,*,#3309,.F.);
#5209 = ORIENTED_EDGE('',*,*,#3358,.F.);
#5210 = ORIENTED_EDGE('',*,*,#3411,.T.);
#5211 = ORIENTED_EDGE('',*,*,#3458,.F.);
#5212 = ORIENTED_EDGE('',*,*,#3511,.F.);
#5213 = ORIENTED_EDGE('',*,*,#3560,.F.);
#5214 = ORIENTED_EDGE('',*,*,#3613,.T.);
#5215 = ORIENTED_EDGE('',*,*,#3660,.F.);
#5216 = ORIENTED_EDGE('',*,*,#3713,.F.);
#5217 = ORIENTED_EDGE('',*,*,#3762,.F.);
#5218 = ORIENTED_EDGE('',*,*,#3815,.T.);
#5219 = ORIENTED_EDGE('',*,*,#3862,.F.);
#5220 = ORIENTED_EDGE('',*,*,#3915,.F.);
#5221 = ORIENTED_EDGE('',*,*,#3964,.F.);
#5222 = ORIENTED_EDGE('',*,*,#4017,.T.);
#5223 = ORIENTED_EDGE('',*,*,#4064,.F.);
#5224 = ORIENTED_EDGE('',*,*,#4117,.F.);
#5225 = ORIENTED_EDGE('',*,*,#4166,.F.);
#5226 = ORIENTED_EDGE('',*,*,#4219,.T.);
#5227 = ORIENTED_EDGE('',*,*,#4266,.F.);
#5228 = ORIENTED_EDGE('',*,*,#4319,.F.);
#5229 = ORIENTED_EDGE('',*,*,#4368,.F.);
#5230 = ORIENTED_EDGE('',*,*,#4421,.T.);
#5231 = ORIENTED_EDGE('',*,*,#4468,.F.);
#5232 = ORIENTED_EDGE('',*,*,#4521,.F.);
#5233 = ORIENTED_EDGE('',*,*,#4570,.F.);
#5234 = ORIENTED_EDGE('',*,*,#4623,.T.);
#5235 = ORIENTED_EDGE('',*,*,#4670,.F.);
#5236 = ORIENTED_EDGE('',*,*,#4723,.F.);
#5237 = ORIENTED_EDGE('',*,*,#4772,.F.);
#5238 = ORIENTED_EDGE('',*,*,#4825,.T.);
#5239 = ORIENTED_EDGE('',*,*,#4872,.F.);
#5240 = ORIENTED_EDGE('',*,*,#4925,.F.);
#5241 = ORIENTED_EDGE('',*,*,#4974,.F.);
#5242 = ORIENTED_EDGE('',*,*,#5027,.T.);
#5243 = ORIENTED_EDGE('',*,*,#5074,.F.);
#5244 = FACE_BOUND('',#5245,.T.);
#5245 = EDGE_LOOP('',(#5246));
#5246 = ORIENTED_EDGE('',*,*,#5155,.F.);
#5247 = ( GEOMETRIC_REPRESENTATION_CONTEXT(3) 
GLOBAL_UNCERTAINTY_ASSIGNED_CONTEXT((#5251)) 
GLOBAL_UNIT_ASSIGNED_CONTEXT((#5248,#5249,#5250)) REPRESENTATION_CONTEXT
('Context #1','3D Context with UNIT and UNCERTAINTY') );
#5248 = ( LENGTH_UNIT() NAMED_UNIT(*) SI_UNIT(.MILLI.,.METRE.) );
#5249 = ( NAMED_UNIT(*) PLANE_ANGLE_UNIT() SI_UNIT($,.RADIAN.) );
#5250 = ( NAMED_UNIT(*) SI_UNIT($,.STERADIAN.) SOLID_ANGLE_UNIT() );
#5251 = UNCERTAINTY_MEASURE_WITH_UNIT(LENGTH_MEASURE(2.E-06),#5248,
  'distance_accuracy_value','confusion accuracy');
#5252 = PRODUCT_RELATED_PRODUCT_CATEGORY('part',$,(#7));
ENDSEC;
END-ISO-10303-21;
