ISO-10303-21;
HEADER;
FILE_DESCRIPTION(('Open CASCADE Model'),'2;1');
FILE_NAME('Open CASCADE Shape Model','2026-09-30T04:15:20',('Author'),(
    'Open CASCADE'),'Open CASCADE STEP processor 8.0','build123d',
  'Unknown');
FILE_SCHEMA(('AUTOMOTIVE_DESIGN { 1 0 10303 214 1 1 1 1 }'));
ENDSEC;
DATA;
#1 = APPLICATION_PROTOCOL_DEFINITION('international standard',
  'automotive_design',2000,#2);
#2 = APPLICATION_CONTEXT(
  'core data for automotive mechanical design processes');
#3 = SHAPE_DEFINITION_REPRESENTATION(#4,#10);
#4 = PRODUCT_DEFINITION_SHAPE('','',#5);
#5 = PRODUCT_DEFINITION('design','',#6,#9);
#6 = PRODUCT_DEFINITION_FORMATION('','',#7);
#7 = PRODUCT('COMPOUND','COMPOUND','',(#8));
#8 = PRODUCT_CONTEXT('',#2,'mechanical');
#9 = PRODUCT_DEFINITION_CONTEXT('part definition',#2,'design');
#10 = ADVANCED_BREP_SHAPE_REPRESENTATION('',(#11,#15),#2200);
#11 = AXIS2_PLACEMENT_3D('',#12,#13,#14);
#12 = CARTESIAN_POINT('',(0.,0.,0.));
#13 = DIRECTION('',(0.,0.,1.));
#14 = DIRECTION('',(1.,0.,-0.));
#15 = MANIFOLD_SOLID_BREP('',#16);
#16 = CLOSED_SHELL('',(#17,#130,#203,#1566,#1633,#1825,#1853,#1910,#1965
    ,#2020,#2075,#2130,#2157,#2184,#2188,#2192,#2196));
#17 = ADVANCED_FACE('',(#18),#33,.T.);
#18 = FACE_BOUND('',#19,.T.);
#19 = EDGE_LOOP('',(#20,#56,#82,#111));
#20 = ORIENTED_EDGE('',*,*,#21,.F.);
#21 = EDGE_CURVE('',#22,#24,#26,.T.);
#22 = VERTEX_POINT('',#23);
#23 = CARTESIAN_POINT('',(-75.45114720864,4.620050296053E-15,181.2600001
    ));
#24 = VERTEX_POINT('',#25);
#25 = CARTESIAN_POINT('',(75.451147208648,-3.061367106124E-14,
    181.2600001));
#26 = SURFACE_CURVE('',#27,(#32,#44),.PCURVE_S1.);
#27 = CIRCLE('',#28,75.451147208648);
#28 = AXIS2_PLACEMENT_3D('',#29,#30,#31);
#29 = CARTESIAN_POINT('',(0.,0.,181.2600001));
#30 = DIRECTION('',(0.,-0.,1.));
#31 = DIRECTION('',(2.22044604925E-16,1.,0.));
#32 = PCURVE('',#33,#38);
#33 = CYLINDRICAL_SURFACE('',#34,75.451147208648);
#34 = AXIS2_PLACEMENT_3D('',#35,#36,#37);
#35 = CARTESIAN_POINT('',(0.,0.,-20.));
#36 = DIRECTION('',(0.,0.,1.));
#37 = DIRECTION('',(2.22044604925E-16,1.,0.));
#38 = DEFINITIONAL_REPRESENTATION('',(#39),#43);
#39 = LINE('',#40,#41);
#40 = CARTESIAN_POINT('',(0.,201.2600001));
#41 = VECTOR('',#42,1.);
#42 = DIRECTION('',(1.,0.));
#43 = ( GEOMETRIC_REPRESENTATION_CONTEXT(2) 
PARAMETRIC_REPRESENTATION_CONTEXT() REPRESENTATION_CONTEXT('2D SPACE',''
  ) );
#44 = PCURVE('',#45,#50);
#45 = PLANE('',#46);
#46 = AXIS2_PLACEMENT_3D('',#47,#48,#49);
#47 = CARTESIAN_POINT('',(0.,0.,181.2600001));
#48 = DIRECTION('',(0.,0.,1.));
#49 = DIRECTION('',(2.22044604925E-16,1.,0.));
#50 = DEFINITIONAL_REPRESENTATION('',(#51),#55);
#51 = CIRCLE('',#52,75.451147208648);
#52 = AXIS2_PLACEMENT_2D('',#53,#54);
#53 = CARTESIAN_POINT('',(0.,0.));
#54 = DIRECTION('',(1.,0.));
#55 = ( GEOMETRIC_REPRESENTATION_CONTEXT(2) 
PARAMETRIC_REPRESENTATION_CONTEXT() REPRESENTATION_CONTEXT('2D SPACE',''
  ) );
#56 = ORIENTED_EDGE('',*,*,#57,.F.);
#57 = EDGE_CURVE('',#58,#22,#60,.T.);
#58 = VERTEX_POINT('',#59);
#59 = CARTESIAN_POINT('',(-75.45114720864,4.620050296053E-15,-20.));
#60 = SURFACE_CURVE('',#61,(#65,#71),.PCURVE_S1.);
#61 = LINE('',#62,#63);
#62 = CARTESIAN_POINT('',(-75.45114720864,0.,-20.));
#63 = VECTOR('',#64,1.);
#64 = DIRECTION('',(0.,0.,1.));
#65 = PCURVE('',#33,#66);
#66 = DEFINITIONAL_REPRESENTATION('',(#67),#70);
#67 = B_SPLINE_CURVE_WITH_KNOTS('',1,(#68,#69),.UNSPECIFIED.,.F.,.F.,(2,
    2),(-5.999999999062E-07,201.2600007),.PIECEWISE_BEZIER_KNOTS.);
#68 = CARTESIAN_POINT('',(1.570796326795,-5.999999999062E-07));
#69 = CARTESIAN_POINT('',(1.570796326795,201.2600007));
#70 = ( GEOMETRIC_REPRESENTATION_CONTEXT(2) 
PARAMETRIC_REPRESENTATION_CONTEXT() REPRESENTATION_CONTEXT('2D SPACE',''
  ) );
#71 = PCURVE('',#72,#77);
#72 = PLANE('',#73);
#73 = AXIS2_PLACEMENT_3D('',#74,#75,#76);
#74 = CARTESIAN_POINT('',(0.,0.,0.));
#75 = DIRECTION('',(0.,-1.,0.));
#76 = DIRECTION('',(1.,0.,0.));
#77 = DEFINITIONAL_REPRESENTATION('',(#78),#81);
#78 = B_SPLINE_CURVE_WITH_KNOTS('',1,(#79,#80),.UNSPECIFIED.,.F.,.F.,(2,
    2),(-5.999999999062E-07,201.2600007),.PIECEWISE_BEZIER_KNOTS.);
#79 = CARTESIAN_POINT('',(-75.45114720864,-20.0000006));
#80 = CARTESIAN_POINT('',(-75.45114720864,181.2600007));
#81 = ( GEOMETRIC_REPRESENTATION_CONTEXT(2) 
PARAMETRIC_REPRESENTATION_CONTEXT() REPRESENTATION_CONTEXT('2D SPACE',''
  ) );
#82 = ORIENTED_EDGE('',*,*,#83,.T.);
#83 = EDGE_CURVE('',#58,#84,#86,.T.);
#84 = VERTEX_POINT('',#85);
#85 = CARTESIAN_POINT('',(75.451147208648,-3.061367106124E-14,-20.));
#86 = SURFACE_CURVE('',#87,(#92,#99),.PCURVE_S1.);
#87 = CIRCLE('',#88,75.451147208648);
#88 = AXIS2_PLACEMENT_3D('',#89,#90,#91);
#89 = CARTESIAN_POINT('',(0.,0.,-20.));
#90 = DIRECTION('',(0.,-0.,1.));
#91 = DIRECTION('',(2.22044604925E-16,1.,0.));
#92 = PCURVE('',#33,#93);
#93 = DEFINITIONAL_REPRESENTATION('',(#94),#98);
#94 = LINE('',#95,#96);
#95 = CARTESIAN_POINT('',(0.,0.));
#96 = VECTOR('',#97,1.);
#97 = DIRECTION('',(1.,0.));
#98 = ( GEOMETRIC_REPRESENTATION_CONTEXT(2) 
PARAMETRIC_REPRESENTATION_CONTEXT() REPRESENTATION_CONTEXT('2D SPACE',''
  ) );
#99 = PCURVE('',#100,#105);
#100 = PLANE('',#101);
#101 = AXIS2_PLACEMENT_3D('',#102,#103,#104);
#102 = CARTESIAN_POINT('',(0.,0.,-20.));
#103 = DIRECTION('',(0.,0.,1.));
#104 = DIRECTION('',(2.22044604925E-16,1.,0.));
#105 = DEFINITIONAL_REPRESENTATION('',(#106),#110);
#106 = CIRCLE('',#107,75.451147208648);
#107 = AXIS2_PLACEMENT_2D('',#108,#109);
#108 = CARTESIAN_POINT('',(0.,0.));
#109 = DIRECTION('',(1.,0.));
#110 = ( GEOMETRIC_REPRESENTATION_CONTEXT(2) 
PARAMETRIC_REPRESENTATION_CONTEXT() REPRESENTATION_CONTEXT('2D SPACE',''
  ) );
#111 = ORIENTED_EDGE('',*,*,#112,.T.);
#112 = EDGE_CURVE('',#84,#24,#113,.T.);
#113 = SURFACE_CURVE('',#114,(#118,#124),.PCURVE_S1.);
#114 = LINE('',#115,#116);
#115 = CARTESIAN_POINT('',(75.451147208648,0.,-20.));
#116 = VECTOR('',#117,1.);
#117 = DIRECTION('',(0.,0.,1.));
#118 = PCURVE('',#33,#119);
#119 = DEFINITIONAL_REPRESENTATION('',(#120),#123);
#120 = B_SPLINE_CURVE_WITH_KNOTS('',1,(#121,#122),.UNSPECIFIED.,.F.,.F.,
  (2,2),(-5.999999999062E-07,201.2600007),.PIECEWISE_BEZIER_KNOTS.);
#121 = CARTESIAN_POINT('',(4.712388980385,-5.999999999062E-07));
#122 = CARTESIAN_POINT('',(4.712388980385,201.2600007));
#123 = ( GEOMETRIC_REPRESENTATION_CONTEXT(2) 
PARAMETRIC_REPRESENTATION_CONTEXT() REPRESENTATION_CONTEXT('2D SPACE',''
  ) );
#124 = PCURVE('',#72,#125);
#125 = DEFINITIONAL_REPRESENTATION('',(#126),#129);
#126 = B_SPLINE_CURVE_WITH_KNOTS('',1,(#127,#128),.UNSPECIFIED.,.F.,.F.,
  (2,2),(-5.999999999062E-07,201.2600007),.PIECEWISE_BEZIER_KNOTS.);
#127 = CARTESIAN_POINT('',(75.451147208648,-20.0000006));
#128 = CARTESIAN_POINT('',(75.451147208648,181.2600007));
#129 = ( GEOMETRIC_REPRESENTATION_CONTEXT(2) 
PARAMETRIC_REPRESENTATION_CONTEXT() REPRESENTATION_CONTEXT('2D SPACE',''
  ) );
#130 = ADVANCED_FACE('',(#131),#45,.T.);
#131 = FACE_BOUND('',#132,.T.);
#132 = EDGE_LOOP('',(#133,#154,#155,#176));
#133 = ORIENTED_EDGE('',*,*,#134,.F.);
#134 = EDGE_CURVE('',#22,#135,#137,.T.);
#135 = VERTEX_POINT('',#136);
#136 = CARTESIAN_POINT('',(-31.189,1.90977545093E-15,181.2600001));
#137 = SURFACE_CURVE('',#138,(#142,#148),.PCURVE_S1.);
#138 = LINE('',#139,#140);
#139 = CARTESIAN_POINT('',(0.,0.,181.2600001));
#140 = VECTOR('',#141,1.);
#141 = DIRECTION('',(1.,0.,-0.));
#142 = PCURVE('',#45,#143);
#143 = DEFINITIONAL_REPRESENTATION('',(#144),#147);
#144 = B_SPLINE_CURVE_WITH_KNOTS('',1,(#145,#146),.UNSPECIFIED.,.F.,.F.,
  (2,2),(-75.45114720864,75.451147208648),.PIECEWISE_BEZIER_KNOTS.);
#145 = CARTESIAN_POINT('',(-1.675352017308E-14,75.451147208648));
#146 = CARTESIAN_POINT('',(1.675352017308E-14,-75.45114720864));
#147 = ( GEOMETRIC_REPRESENTATION_CONTEXT(2) 
PARAMETRIC_REPRESENTATION_CONTEXT() REPRESENTATION_CONTEXT('2D SPACE',''
  ) );
#148 = PCURVE('',#72,#149);
#149 = DEFINITIONAL_REPRESENTATION('',(#150),#153);
#150 = B_SPLINE_CURVE_WITH_KNOTS('',1,(#151,#152),.UNSPECIFIED.,.F.,.F.,
  (2,2),(-75.45114720864,75.451147208648),.PIECEWISE_BEZIER_KNOTS.);
#151 = CARTESIAN_POINT('',(-75.45114720864,181.2600001));
#152 = CARTESIAN_POINT('',(75.451147208648,181.2600001));
#153 = ( GEOMETRIC_REPRESENTATION_CONTEXT(2) 
PARAMETRIC_REPRESENTATION_CONTEXT() REPRESENTATION_CONTEXT('2D SPACE',''
  ) );
#154 = ORIENTED_EDGE('',*,*,#21,.T.);
#155 = ORIENTED_EDGE('',*,*,#156,.F.);
#156 = EDGE_CURVE('',#157,#24,#159,.T.);
#157 = VERTEX_POINT('',#158);
#158 = CARTESIAN_POINT('',(31.189,-1.26546755358E-14,181.2600001));
#159 = SURFACE_CURVE('',#160,(#164,#170),.PCURVE_S1.);
#160 = LINE('',#161,#162);
#161 = CARTESIAN_POINT('',(0.,0.,181.2600001));
#162 = VECTOR('',#163,1.);
#163 = DIRECTION('',(1.,0.,-0.));
#164 = PCURVE('',#45,#165);
#165 = DEFINITIONAL_REPRESENTATION('',(#166),#169);
#166 = B_SPLINE_CURVE_WITH_KNOTS('',1,(#167,#168),.UNSPECIFIED.,.F.,.F.,
  (2,2),(-75.45114720864,75.451147208648),.PIECEWISE_BEZIER_KNOTS.);
#167 = CARTESIAN_POINT('',(-1.675352017308E-14,75.451147208648));
#168 = CARTESIAN_POINT('',(1.675352017308E-14,-75.45114720864));
#169 = ( GEOMETRIC_REPRESENTATION_CONTEXT(2) 
PARAMETRIC_REPRESENTATION_CONTEXT() REPRESENTATION_CONTEXT('2D SPACE',''
  ) );
#170 = PCURVE('',#72,#171);
#171 = DEFINITIONAL_REPRESENTATION('',(#172),#175);
#172 = B_SPLINE_CURVE_WITH_KNOTS('',1,(#173,#174),.UNSPECIFIED.,.F.,.F.,
  (2,2),(-75.45114720864,75.451147208648),.PIECEWISE_BEZIER_KNOTS.);
#173 = CARTESIAN_POINT('',(-75.45114720864,181.2600001));
#174 = CARTESIAN_POINT('',(75.451147208648,181.2600001));
#175 = ( GEOMETRIC_REPRESENTATION_CONTEXT(2) 
PARAMETRIC_REPRESENTATION_CONTEXT() REPRESENTATION_CONTEXT('2D SPACE',''
  ) );
#176 = ORIENTED_EDGE('',*,*,#177,.F.);
#177 = EDGE_CURVE('',#135,#157,#178,.T.);
#178 = SURFACE_CURVE('',#179,(#184,#191),.PCURVE_S1.);
#179 = CIRCLE('',#180,31.189);
#180 = AXIS2_PLACEMENT_3D('',#181,#182,#183);
#181 = CARTESIAN_POINT('',(0.,0.,181.2600001));
#182 = DIRECTION('',(0.,0.,1.));
#183 = DIRECTION('',(2.22044604925E-16,1.,-0.));
#184 = PCURVE('',#45,#185);
#185 = DEFINITIONAL_REPRESENTATION('',(#186),#190);
#186 = CIRCLE('',#187,31.189);
#187 = AXIS2_PLACEMENT_2D('',#188,#189);
#188 = CARTESIAN_POINT('',(0.,0.));
#189 = DIRECTION('',(1.,0.));
#190 = ( GEOMETRIC_REPRESENTATION_CONTEXT(2) 
PARAMETRIC_REPRESENTATION_CONTEXT() REPRESENTATION_CONTEXT('2D SPACE',''
  ) );
#191 = PCURVE('',#192,#197);
#192 = CONICAL_SURFACE('',#193,26.189,0.785398163397);
#193 = AXIS2_PLACEMENT_3D('',#194,#195,#196);
#194 = CARTESIAN_POINT('',(0.,0.,176.2600001));
#195 = DIRECTION('',(0.,0.,1.));
#196 = DIRECTION('',(2.22044604925E-16,1.,0.));
#197 = DEFINITIONAL_REPRESENTATION('',(#198),#202);
#198 = LINE('',#199,#200);
#199 = CARTESIAN_POINT('',(0.,5.));
#200 = VECTOR('',#201,1.);
#201 = DIRECTION('',(1.,0.));
#202 = ( GEOMETRIC_REPRESENTATION_CONTEXT(2) 
PARAMETRIC_REPRESENTATION_CONTEXT() REPRESENTATION_CONTEXT('2D SPACE',''
  ) );
#203 = ADVANCED_FACE('',(#204,#1442,#1473,#1504,#1535),#72,.F.);
#204 = FACE_BOUND('',#205,.F.);
#205 = EDGE_LOOP('',(#206,#207,#226,#227,#228,#249,#830,#856,#1422,#1441
    ));
#206 = ORIENTED_EDGE('',*,*,#57,.F.);
#207 = ORIENTED_EDGE('',*,*,#208,.T.);
#208 = EDGE_CURVE('',#58,#84,#209,.T.);
#209 = SURFACE_CURVE('',#210,(#214,#220),.PCURVE_S1.);
#210 = LINE('',#211,#212);
#211 = CARTESIAN_POINT('',(0.,0.,-20.));
#212 = VECTOR('',#213,1.);
#213 = DIRECTION('',(1.,0.,-0.));
#214 = PCURVE('',#72,#215);
#215 = DEFINITIONAL_REPRESENTATION('',(#216),#219);
#216 = B_SPLINE_CURVE_WITH_KNOTS('',1,(#217,#218),.UNSPECIFIED.,.F.,.F.,
  (2,2),(-75.45114720864,75.451147208648),.PIECEWISE_BEZIER_KNOTS.);
#217 = CARTESIAN_POINT('',(-75.45114720864,-20.));
#218 = CARTESIAN_POINT('',(75.451147208648,-20.));
#219 = ( GEOMETRIC_REPRESENTATION_CONTEXT(2) 
PARAMETRIC_REPRESENTATION_CONTEXT() REPRESENTATION_CONTEXT('2D SPACE',''
  ) );
#220 = PCURVE('',#100,#221);
#221 = DEFINITIONAL_REPRESENTATION('',(#222),#225);
#222 = B_SPLINE_CURVE_WITH_KNOTS('',1,(#223,#224),.UNSPECIFIED.,.F.,.F.,
  (2,2),(-75.45114720864,75.451147208648),.PIECEWISE_BEZIER_KNOTS.);
#223 = CARTESIAN_POINT('',(-1.675352017308E-14,75.451147208648));
#224 = CARTESIAN_POINT('',(1.675352017308E-14,-75.45114720864));
#225 = ( GEOMETRIC_REPRESENTATION_CONTEXT(2) 
PARAMETRIC_REPRESENTATION_CONTEXT() REPRESENTATION_CONTEXT('2D SPACE',''
  ) );
#226 = ORIENTED_EDGE('',*,*,#112,.T.);
#227 = ORIENTED_EDGE('',*,*,#156,.F.);
#228 = ORIENTED_EDGE('',*,*,#229,.F.);
#229 = EDGE_CURVE('',#230,#157,#232,.T.);
#230 = VERTEX_POINT('',#231);
#231 = CARTESIAN_POINT('',(26.95754407647,2.227384943154E-15,
    177.02854417865));
#232 = SURFACE_CURVE('',#233,(#237,#243),.PCURVE_S1.);
#233 = LINE('',#234,#235);
#234 = CARTESIAN_POINT('',(0.,0.,150.0710001));
#235 = VECTOR('',#236,1.);
#236 = DIRECTION('',(0.707106781187,0.,0.707106781187));
#237 = PCURVE('',#72,#238);
#238 = DEFINITIONAL_REPRESENTATION('',(#239),#242);
#239 = B_SPLINE_CURVE_WITH_KNOTS('',1,(#240,#241),.UNSPECIFIED.,.F.,.F.,
  (2,2),(38.12372443405,44.107906796854),.PIECEWISE_BEZIER_KNOTS.);
#240 = CARTESIAN_POINT('',(26.957544071404,177.0285441714));
#241 = CARTESIAN_POINT('',(31.189,181.2600001));
#242 = ( GEOMETRIC_REPRESENTATION_CONTEXT(2) 
PARAMETRIC_REPRESENTATION_CONTEXT() REPRESENTATION_CONTEXT('2D SPACE',''
  ) );
#243 = PCURVE('',#192,#244);
#244 = DEFINITIONAL_REPRESENTATION('',(#245),#248);
#245 = B_SPLINE_CURVE_WITH_KNOTS('',1,(#246,#247),.UNSPECIFIED.,.F.,.F.,
  (2,2),(38.12372443405,44.107906796854),.PIECEWISE_BEZIER_KNOTS.);
#246 = CARTESIAN_POINT('',(4.712388980385,0.768544071404));
#247 = CARTESIAN_POINT('',(4.712388980385,5.));
#248 = ( GEOMETRIC_REPRESENTATION_CONTEXT(2) 
PARAMETRIC_REPRESENTATION_CONTEXT() REPRESENTATION_CONTEXT('2D SPACE',''
  ) );
#249 = ORIENTED_EDGE('',*,*,#250,.F.);
#250 = EDGE_CURVE('',#251,#230,#253,.T.);
#251 = VERTEX_POINT('',#252);
#252 = CARTESIAN_POINT('',(32.224,-1.307461811746E-14,0.));
#253 = SURFACE_CURVE('',#254,(#439,#627),.PCURVE_S1.);
#254 = B_SPLINE_CURVE_WITH_KNOTS('',8,(#255,#256,#257,#258,#259,#260,
    #261,#262,#263,#264,#265,#266,#267,#268,#269,#270,#271,#272,#273,
    #274,#275,#276,#277,#278,#279,#280,#281,#282,#283,#284,#285,#286,
    #287,#288,#289,#290,#291,#292,#293,#294,#295,#296,#297,#298,#299,
    #300,#301,#302,#303,#304,#305,#306,#307,#308,#309,#310,#311,#312,
    #313,#314,#315,#316,#317,#318,#319,#320,#321,#322,#323,#324,#325,
    #326,#327,#328,#329,#330,#331,#332,#333,#334,#335,#336,#337,#338,
    #339,#340,#341,#342,#343,#344,#345,#346,#347,#348,#349,#350,#351,
    #352,#353,#354,#355,#356,#357,#358,#359,#360,#361,#362,#363,#364,
    #365,#366,#367,#368,#369,#370,#371,#372,#373,#374,#375,#376,#377,
    #378,#379,#380,#381,#382,#383,#384,#385,#386,#387,#388,#389,#390,
    #391,#392,#393,#394,#395,#396,#397,#398,#399,#400,#401,#402,#403,
    #404,#405,#406,#407,#408,#409,#410,#411,#412,#413,#414,#415,#416,
    #417,#418,#419,#420,#421,#422,#423,#424,#425,#426,#427,#428,#429,
    #430,#431,#432,#433,#434,#435,#436,#437,#438),.UNSPECIFIED.,.F.,.F.,
  (9,7,7,7,7,7,7,7,7,7,7,7,7,7,7,7,7,7,7,7,7,7,7,7,7,7,9),(0.,
    2.679381428498E-02,4.115918690556E-02,5.150073186568E-02,
    8.510094034125E-02,0.166011040387,0.179989561203,0.186980049125,
    0.194968790111,0.329633309458,0.39656323073,0.413589042468,
    0.464763273271,0.622601130489,0.635488874325,0.732799700498,
    0.775826314241,0.802981645408,0.816096544281,0.823165609096,
    0.830238674676,0.85451801924,0.915631091389,0.942314360624,
    0.949230398508,0.971052837539,1.),.UNSPECIFIED.);
#255 = CARTESIAN_POINT('',(32.224,0.,0.));
#256 = CARTESIAN_POINT('',(32.862741258319,0.,0.));
#257 = CARTESIAN_POINT('',(33.493848494273,0.,7.532853514768E-02));
#258 = CARTESIAN_POINT('',(34.111639270706,0.,0.222520613031));
#259 = CARTESIAN_POINT('',(34.712519236046,0.,0.434271211803));
#260 = CARTESIAN_POINT('',(35.294432952087,0.,0.701857900538));
#261 = CARTESIAN_POINT('',(35.856508325205,0.,1.016628904069));
#262 = CARTESIAN_POINT('',(36.398827877696,0.,1.370816568651));
#263 = CARTESIAN_POINT('',(37.202895722321,0.,1.965488475644));
#264 = CARTESIAN_POINT('',(37.478153230104,0.,2.182544933089));
#265 = CARTESIAN_POINT('',(37.74817504716,0.,2.408121218523));
#266 = CARTESIAN_POINT('',(38.013116278006,0.,2.641302110367));
#267 = CARTESIAN_POINT('',(38.273143317696,0.,2.881241355976));
#268 = CARTESIAN_POINT('',(38.528432763014,0.,3.127159615257));
#269 = CARTESIAN_POINT('',(38.779170620913,0.,3.378340496011));
#270 = CARTESIAN_POINT('',(39.202920146742,0.,3.818262170439));
#271 = CARTESIAN_POINT('',(39.378139811422,0.,4.004909871296));
#272 = CARTESIAN_POINT('',(39.551212721978,0.,4.193715340187));
#273 = CARTESIAN_POINT('',(39.722120571592,0.,4.384396988482));
#274 = CARTESIAN_POINT('',(39.890853358826,0.,4.576647271922));
#275 = CARTESIAN_POINT('',(40.057415607977,0.,4.770111613467));
#276 = CARTESIAN_POINT('',(40.221810283868,0.,4.964443059391));
#277 = CARTESIAN_POINT('',(40.910964386806,0.,5.792963881355));
#278 = CARTESIAN_POINT('',(41.417956268883,0.,6.437872267281));
#279 = CARTESIAN_POINT('',(41.905017394653,0.,7.093638855731));
#280 = CARTESIAN_POINT('',(42.372313613082,0.,7.759719387334));
#281 = CARTESIAN_POINT('',(42.82012352774,0.,8.435550285562));
#282 = CARTESIAN_POINT('',(43.248826749793,0.,9.120554628292));
#283 = CARTESIAN_POINT('',(43.658892150987,0.,9.814148119365));
#284 = CARTESIAN_POINT('',(44.994748735677,0.,12.205207157125));
#285 = CARTESIAN_POINT('',(45.833567012079,0.,13.940792350545));
#286 = CARTESIAN_POINT('',(46.575286705387,0.,15.714796084192));
#287 = CARTESIAN_POINT('',(47.230404689925,0.,17.519758698776));
#288 = CARTESIAN_POINT('',(47.810837778843,0.,19.348855186747));
#289 = CARTESIAN_POINT('',(48.329123352899,0.,21.196177213902));
#290 = CARTESIAN_POINT('',(48.797973400967,0.,23.056891293991));
#291 = CARTESIAN_POINT('',(49.304901748129,0.,25.250392754026));
#292 = CARTESIAN_POINT('',(49.378485782232,0.,25.573809262991));
#293 = CARTESIAN_POINT('',(49.451041423317,0.,25.897484945596));
#294 = CARTESIAN_POINT('',(49.522634422418,0.,26.221398631759));
#295 = CARTESIAN_POINT('',(49.593330539851,0.,26.545529565079));
#296 = CARTESIAN_POINT('',(49.663195545215,0.,26.86985740283));
#297 = CARTESIAN_POINT('',(49.732295217389,0.,27.194362215963));
#298 = CARTESIAN_POINT('',(49.834901414623,0.,27.681384135678));
#299 = CARTESIAN_POINT('',(49.868933041517,0.,27.843785550845));
#300 = CARTESIAN_POINT('',(49.90279834354,0.,28.006225813237));
#301 = CARTESIAN_POINT('',(49.936505439008,0.,28.168702001479));
#302 = CARTESIAN_POINT('',(49.970062446241,0.,28.331211194198));
#303 = CARTESIAN_POINT('',(50.003477483557,0.,28.493750470019));
#304 = CARTESIAN_POINT('',(50.036758669273,0.,28.65631690757));
#305 = CARTESIAN_POINT('',(50.10780422677,0.,29.004716477082));
#306 = CARTESIAN_POINT('',(50.145529943054,0.,29.190557996568));
#307 = CARTESIAN_POINT('',(50.183104063667,0.,29.376428477248));
#308 = CARTESIAN_POINT('',(50.220539115705,0.,29.562324342898));
#309 = CARTESIAN_POINT('',(50.257847360257,0.,29.748242107762));
#310 = CARTESIAN_POINT('',(50.295040792401,0.,29.934178376547));
#311 = CARTESIAN_POINT('',(50.332131141208,0.,30.120129844428));
#312 = CARTESIAN_POINT('',(50.992809621386,0.,33.440839936871));
#313 = CARTESIAN_POINT('',(51.589367350061,0.,36.579262489939));
#314 = CARTESIAN_POINT('',(52.154392234925,0.,39.722257206468));
#315 = CARTESIAN_POINT('',(52.683441352718,0.,42.870605872856));
#316 = CARTESIAN_POINT('',(53.172054962715,0.,46.024973514336));
#317 = CARTESIAN_POINT('',(53.615780294362,0.,49.185904320114));
#318 = CARTESIAN_POINT('',(54.01020383759,0.,52.35381579099));
#319 = CARTESIAN_POINT('',(54.520368108622,0.,57.107092268684));
#320 = CARTESIAN_POINT('',(54.67649420502,0.,58.686980334403));
#321 = CARTESIAN_POINT('',(54.818838263521,0.,60.268685851572));
#322 = CARTESIAN_POINT('',(54.946872736167,0.,61.852228491136));
#323 = CARTESIAN_POINT('',(55.060076370958,0.,63.43761680651));
#324 = CARTESIAN_POINT('',(55.157935894295,0.,65.024847990064));
#325 = CARTESIAN_POINT('',(55.239947693428,0.,66.613907629612));
#326 = CARTESIAN_POINT('',(55.322325267785,0.,68.609457138136));
#327 = CARTESIAN_POINT('',(55.337973887273,0.,69.014261966422));
#328 = CARTESIAN_POINT('',(55.352555565744,0.,69.419179103364));
#329 = CARTESIAN_POINT('',(55.366068297155,0.,69.824223885784));
#330 = CARTESIAN_POINT('',(55.378490974321,0.,70.22936138132));
#331 = CARTESIAN_POINT('',(55.389833960351,0.,70.634639247103));
#332 = CARTESIAN_POINT('',(55.400074491827,0.,71.040017344377));
#333 = CARTESIAN_POINT('',(55.436647850236,0.,72.664236731985));
#334 = CARTESIAN_POINT('',(55.454057959982,0.,73.883874747744));
#335 = CARTESIAN_POINT('',(55.461138071962,0.,75.104181301928));
#336 = CARTESIAN_POINT('',(55.457585785885,0.,76.324923270317));
#337 = CARTESIAN_POINT('',(55.44309321669,0.,77.545862624859));
#338 = CARTESIAN_POINT('',(55.417346798426,0.,78.766756026708));
#339 = CARTESIAN_POINT('',(55.380027088115,0.,79.987354419263));
#340 = CARTESIAN_POINT('',(55.179002760887,0.,84.970425355049));
#341 = CARTESIAN_POINT('',(54.914015896281,0.,88.727893151218));
#342 = CARTESIAN_POINT('',(54.526314608949,0.,92.472756261858));
#343 = CARTESIAN_POINT('',(54.0057727968,0.,96.19685126561));
#344 = CARTESIAN_POINT('',(53.341763226296,0.,99.890813229624));
#345 = CARTESIAN_POINT('',(52.523317521793,0.,103.54405701851));
#346 = CARTESIAN_POINT('',(51.539412997677,0.,107.14484038812));
#347 = CARTESIAN_POINT('',(50.284731308157,0.,110.96910803436));
#348 = CARTESIAN_POINT('',(50.188842933695,0.,111.25735616791));
#349 = CARTESIAN_POINT('',(50.091785501032,0.,111.54516485327));
#350 = CARTESIAN_POINT('',(49.993589431162,0.,111.8325456798));
#351 = CARTESIAN_POINT('',(49.894252849764,0.,112.11949398016));
#352 = CARTESIAN_POINT('',(49.793804250622,0.,112.40602051645));
#353 = CARTESIAN_POINT('',(49.692252238632,0.,112.69212628784));
#354 = CARTESIAN_POINT('',(48.814631478457,0.,115.13496512956));
#355 = CARTESIAN_POINT('',(47.977758542018,0.,117.26832622029));
#356 = CARTESIAN_POINT('',(47.085590189102,0.,119.37996797249));
#357 = CARTESIAN_POINT('',(46.144893913246,0.,121.47234731793));
#358 = CARTESIAN_POINT('',(45.162447058084,0.,123.54823150472));
#359 = CARTESIAN_POINT('',(44.144916952327,0.,125.61064206445));
#360 = CARTESIAN_POINT('',(43.098784147674,0.,127.66282141888));
#361 = CARTESIAN_POINT('',(41.557875427966,0.,130.61260933207));
#362 = CARTESIAN_POINT('',(41.081083692919,0.,131.51565283605));
#363 = CARTESIAN_POINT('',(40.600479853193,0.,132.41764210822));
#364 = CARTESIAN_POINT('',(40.116605494811,0.,133.3188675825));
#365 = CARTESIAN_POINT('',(39.629997268239,0.,134.21962056315));
#366 = CARTESIAN_POINT('',(39.141186665523,0.,135.12019313136));
#367 = CARTESIAN_POINT('',(38.650699797418,0.,136.02087805177));
#368 = CARTESIAN_POINT('',(37.84876739431,0.,137.49067284291));
#369 = CARTESIAN_POINT('',(37.538017668159,0.,138.05953785091));
#370 = CARTESIAN_POINT('',(37.226939068795,0.,138.62863711595));
#371 = CARTESIAN_POINT('',(36.915662071446,0.,139.19804363022));
#372 = CARTESIAN_POINT('',(36.604316549845,0.,139.76782996518));
#373 = CARTESIAN_POINT('',(36.293031776222,0.,140.33806827157));
#374 = CARTESIAN_POINT('',(35.981936421313,0.,140.90883027937));
#375 = CARTESIAN_POINT('',(35.521065731984,0.,141.75612904466));
#376 = CARTESIAN_POINT('',(35.371046981155,0.,142.03220953968));
#377 = CARTESIAN_POINT('',(35.221116737475,0.,142.30843679754));
#378 = CARTESIAN_POINT('',(35.071289410533,0.,142.58481879416));
#379 = CARTESIAN_POINT('',(34.921579383897,0.,142.86136346675));
#380 = CARTESIAN_POINT('',(34.772001015111,0.,143.13807871378));
#381 = CARTESIAN_POINT('',(34.622568635697,0.,143.41497239503));
#382 = CARTESIAN_POINT('',(34.392837368748,0.,143.84140125516));
#383 = CARTESIAN_POINT('',(34.312412037783,0.,143.99082790141));
#384 = CARTESIAN_POINT('',(34.232022790371,0.,144.14033358766));
#385 = CARTESIAN_POINT('',(34.15167185863,0.,144.28991963124));
#386 = CARTESIAN_POINT('',(34.071361474672,0.,144.43958734952));
#387 = CARTESIAN_POINT('',(33.991093870614,0.,144.58933805985));
#388 = CARTESIAN_POINT('',(33.910871278569,0.,144.73917307957));
#389 = CARTESIAN_POINT('',(33.750475207179,0.,145.03909922071));
#390 = CARTESIAN_POINT('',(33.670314898326,0.,145.18916636056));
#391 = CARTESIAN_POINT('',(33.590216933715,0.,145.33929630287));
#392 = CARTESIAN_POINT('',(33.5101834045,0.,145.48949022847));
#393 = CARTESIAN_POINT('',(33.430216563361,0.,145.63974934172));
#394 = CARTESIAN_POINT('',(33.350318824507,0.,145.79007487053));
#395 = CARTESIAN_POINT('',(33.270492763678,0.,145.94046806635));
#396 = CARTESIAN_POINT('',(32.91698178993,0.,146.60741376382));
#397 = CARTESIAN_POINT('',(32.64412831309,0.,147.12471296073));
#398 = CARTESIAN_POINT('',(32.372609980324,0.,147.64293711205));
#399 = CARTESIAN_POINT('',(32.102857151068,0.,148.16219242411));
#400 = CARTESIAN_POINT('',(31.835302704112,0.,148.68258232288));
#401 = CARTESIAN_POINT('',(31.570383490238,0.,149.20420778464));
#402 = CARTESIAN_POINT('',(31.308541784848,0.,149.72716766643));
#403 = CARTESIAN_POINT('',(30.40002690118,0.,151.57149448873));
#404 = CARTESIAN_POINT('',(29.772287770782,0.,152.90026207251));
#405 = CARTESIAN_POINT('',(29.174012999948,0.,154.23969378003));
#406 = CARTESIAN_POINT('',(28.612684219606,0.,155.59117565592));
#407 = CARTESIAN_POINT('',(28.096359327136,0.,156.95565808409));
#408 = CARTESIAN_POINT('',(27.633663454689,0.,158.33364562939));
#409 = CARTESIAN_POINT('',(27.233638357059,0.,159.72515860381));
#410 = CARTESIAN_POINT('',(26.762107063954,0.,161.74289311417));
#411 = CARTESIAN_POINT('',(26.632499391497,0.,162.35854826634));
#412 = CARTESIAN_POINT('',(26.517356186119,0.,162.9765462054));
#413 = CARTESIAN_POINT('',(26.417443046445,0.,163.59677198766));
#414 = CARTESIAN_POINT('',(26.33351849061,0.,164.219072377));
#415 = CARTESIAN_POINT('',(26.266322293455,0.,164.84325452577));
#416 = CARTESIAN_POINT('',(26.216561592964,0.,165.46908446299));
#417 = CARTESIAN_POINT('',(26.176687039468,0.,166.25884962972));
#418 = CARTESIAN_POINT('',(26.169703248449,0.,166.42153588298));
#419 = CARTESIAN_POINT('',(26.163912146214,0.,166.58434181188));
#420 = CARTESIAN_POINT('',(26.159282029293,0.,166.74726503567));
#421 = CARTESIAN_POINT('',(26.155780737422,0.,166.91030313078));
#422 = CARTESIAN_POINT('',(26.15337565354,0.,167.07345363089));
#423 = CARTESIAN_POINT('',(26.152033703792,0.,167.23671402688));
#424 = CARTESIAN_POINT('',(26.150735799401,0.,167.91556224926));
#425 = CARTESIAN_POINT('',(26.160008334708,0.,168.43158345411));
#426 = CARTESIAN_POINT('',(26.178476416317,0.,168.94800081532));
#427 = CARTESIAN_POINT('',(26.205079341647,0.,169.46469943993));
#428 = CARTESIAN_POINT('',(26.238765906919,0.,169.98159428123));
#429 = CARTESIAN_POINT('',(26.27849899891,0.,170.49863027972));
#430 = CARTESIAN_POINT('',(26.323257124183,0.,171.01578247174));
#431 = CARTESIAN_POINT('',(26.436733233279,0.,172.21921230875));
#432 = CARTESIAN_POINT('',(26.508497635159,0.,172.905527107));
#433 = CARTESIAN_POINT('',(26.584974805208,0.,173.59203139547));
#434 = CARTESIAN_POINT('',(26.663850763445,0.,174.27875682528));
#435 = CARTESIAN_POINT('',(26.742834109875,0.,174.96573606277));
#436 = CARTESIAN_POINT('',(26.819641308215,0.,175.65300308812));
#437 = CARTESIAN_POINT('',(26.891981969624,0.,176.34059349416));
#438 = CARTESIAN_POINT('',(26.957544136435,0.,177.02854478499));
#439 = PCURVE('',#72,#440);
#440 = DEFINITIONAL_REPRESENTATION('',(#441),#626);
#441 = B_SPLINE_CURVE_WITH_KNOTS('',8,(#442,#443,#444,#445,#446,#447,
    #448,#449,#450,#451,#452,#453,#454,#455,#456,#457,#458,#459,#460,
    #461,#462,#463,#464,#465,#466,#467,#468,#469,#470,#471,#472,#473,
    #474,#475,#476,#477,#478,#479,#480,#481,#482,#483,#484,#485,#486,
    #487,#488,#489,#490,#491,#492,#493,#494,#495,#496,#497,#498,#499,
    #500,#501,#502,#503,#504,#505,#506,#507,#508,#509,#510,#511,#512,
    #513,#514,#515,#516,#517,#518,#519,#520,#521,#522,#523,#524,#525,
    #526,#527,#528,#529,#530,#531,#532,#533,#534,#535,#536,#537,#538,
    #539,#540,#541,#542,#543,#544,#545,#546,#547,#548,#549,#550,#551,
    #552,#553,#554,#555,#556,#557,#558,#559,#560,#561,#562,#563,#564,
    #565,#566,#567,#568,#569,#570,#571,#572,#573,#574,#575,#576,#577,
    #578,#579,#580,#581,#582,#583,#584,#585,#586,#587,#588,#589,#590,
    #591,#592,#593,#594,#595,#596,#597,#598,#599,#600,#601,#602,#603,
    #604,#605,#606,#607,#608,#609,#610,#611,#612,#613,#614,#615,#616,
    #617,#618,#619,#620,#621,#622,#623,#624,#625),.UNSPECIFIED.,.F.,.F.,
  (9,7,7,7,7,7,7,7,7,7,7,7,7,7,7,7,7,7,7,7,7,7,7,7,7,7,9),(0.,
    2.679381428498E-02,4.115918690556E-02,5.150073186568E-02,
    8.510094034125E-02,0.166011040387,0.179989561203,0.186980049125,
    0.194968790111,0.329633309458,0.39656323073,0.413589042468,
    0.464763273271,0.622601130489,0.635488874325,0.732799700498,
    0.775826314241,0.802981645408,0.816096544281,0.823165609096,
    0.830238674676,0.85451801924,0.915631091389,0.942314360624,
    0.949230398508,0.971052837539,1.),.UNSPECIFIED.);
#442 = CARTESIAN_POINT('',(32.224,0.));
#443 = CARTESIAN_POINT('',(32.862741258319,0.));
#444 = CARTESIAN_POINT('',(33.493848494273,7.532853514768E-02));
#445 = CARTESIAN_POINT('',(34.111639270706,0.222520613031));
#446 = CARTESIAN_POINT('',(34.712519236046,0.434271211803));
#447 = CARTESIAN_POINT('',(35.294432952087,0.701857900538));
#448 = CARTESIAN_POINT('',(35.856508325205,1.016628904069));
#449 = CARTESIAN_POINT('',(36.398827877696,1.370816568651));
#450 = CARTESIAN_POINT('',(37.202895722321,1.965488475644));
#451 = CARTESIAN_POINT('',(37.478153230104,2.182544933089));
#452 = CARTESIAN_POINT('',(37.74817504716,2.408121218523));
#453 = CARTESIAN_POINT('',(38.013116278006,2.641302110367));
#454 = CARTESIAN_POINT('',(38.273143317696,2.881241355976));
#455 = CARTESIAN_POINT('',(38.528432763014,3.127159615257));
#456 = CARTESIAN_POINT('',(38.779170620913,3.378340496011));
#457 = CARTESIAN_POINT('',(39.202920146742,3.818262170439));
#458 = CARTESIAN_POINT('',(39.378139811422,4.004909871296));
#459 = CARTESIAN_POINT('',(39.551212721978,4.193715340187));
#460 = CARTESIAN_POINT('',(39.722120571592,4.384396988482));
#461 = CARTESIAN_POINT('',(39.890853358826,4.576647271922));
#462 = CARTESIAN_POINT('',(40.057415607977,4.770111613467));
#463 = CARTESIAN_POINT('',(40.221810283868,4.964443059391));
#464 = CARTESIAN_POINT('',(40.910964386806,5.792963881355));
#465 = CARTESIAN_POINT('',(41.417956268883,6.437872267281));
#466 = CARTESIAN_POINT('',(41.905017394653,7.093638855731));
#467 = CARTESIAN_POINT('',(42.372313613082,7.759719387334));
#468 = CARTESIAN_POINT('',(42.82012352774,8.435550285562));
#469 = CARTESIAN_POINT('',(43.248826749793,9.120554628292));
#470 = CARTESIAN_POINT('',(43.658892150987,9.814148119365));
#471 = CARTESIAN_POINT('',(44.994748735677,12.205207157125));
#472 = CARTESIAN_POINT('',(45.833567012079,13.940792350545));
#473 = CARTESIAN_POINT('',(46.575286705387,15.714796084192));
#474 = CARTESIAN_POINT('',(47.230404689925,17.519758698776));
#475 = CARTESIAN_POINT('',(47.810837778843,19.348855186747));
#476 = CARTESIAN_POINT('',(48.329123352899,21.196177213902));
#477 = CARTESIAN_POINT('',(48.797973400967,23.056891293991));
#478 = CARTESIAN_POINT('',(49.304901748129,25.250392754026));
#479 = CARTESIAN_POINT('',(49.378485782232,25.573809262991));
#480 = CARTESIAN_POINT('',(49.451041423317,25.897484945596));
#481 = CARTESIAN_POINT('',(49.522634422418,26.221398631759));
#482 = CARTESIAN_POINT('',(49.593330539851,26.545529565079));
#483 = CARTESIAN_POINT('',(49.663195545215,26.86985740283));
#484 = CARTESIAN_POINT('',(49.732295217389,27.194362215963));
#485 = CARTESIAN_POINT('',(49.834901414623,27.681384135678));
#486 = CARTESIAN_POINT('',(49.868933041517,27.843785550845));
#487 = CARTESIAN_POINT('',(49.90279834354,28.006225813237));
#488 = CARTESIAN_POINT('',(49.936505439008,28.168702001479));
#489 = CARTESIAN_POINT('',(49.970062446241,28.331211194198));
#490 = CARTESIAN_POINT('',(50.003477483557,28.493750470019));
#491 = CARTESIAN_POINT('',(50.036758669273,28.65631690757));
#492 = CARTESIAN_POINT('',(50.10780422677,29.004716477082));
#493 = CARTESIAN_POINT('',(50.145529943054,29.190557996568));
#494 = CARTESIAN_POINT('',(50.183104063667,29.376428477248));
#495 = CARTESIAN_POINT('',(50.220539115705,29.562324342898));
#496 = CARTESIAN_POINT('',(50.257847360257,29.748242107762));
#497 = CARTESIAN_POINT('',(50.295040792401,29.934178376547));
#498 = CARTESIAN_POINT('',(50.332131141208,30.120129844428));
#499 = CARTESIAN_POINT('',(50.992809621386,33.440839936871));
#500 = CARTESIAN_POINT('',(51.589367350061,36.579262489939));
#501 = CARTESIAN_POINT('',(52.154392234925,39.722257206468));
#502 = CARTESIAN_POINT('',(52.683441352718,42.870605872856));
#503 = CARTESIAN_POINT('',(53.172054962715,46.024973514336));
#504 = CARTESIAN_POINT('',(53.615780294362,49.185904320114));
#505 = CARTESIAN_POINT('',(54.01020383759,52.35381579099));
#506 = CARTESIAN_POINT('',(54.520368108622,57.107092268684));
#507 = CARTESIAN_POINT('',(54.67649420502,58.686980334403));
#508 = CARTESIAN_POINT('',(54.818838263521,60.268685851572));
#509 = CARTESIAN_POINT('',(54.946872736167,61.852228491136));
#510 = CARTESIAN_POINT('',(55.060076370958,63.43761680651));
#511 = CARTESIAN_POINT('',(55.157935894295,65.024847990064));
#512 = CARTESIAN_POINT('',(55.239947693428,66.613907629612));
#513 = CARTESIAN_POINT('',(55.322325267785,68.609457138136));
#514 = CARTESIAN_POINT('',(55.337973887273,69.014261966422));
#515 = CARTESIAN_POINT('',(55.352555565744,69.419179103364));
#516 = CARTESIAN_POINT('',(55.366068297155,69.824223885784));
#517 = CARTESIAN_POINT('',(55.378490974321,70.22936138132));
#518 = CARTESIAN_POINT('',(55.389833960351,70.634639247103));
#519 = CARTESIAN_POINT('',(55.400074491827,71.040017344377));
#520 = CARTESIAN_POINT('',(55.436647850236,72.664236731985));
#521 = CARTESIAN_POINT('',(55.454057959982,73.883874747744));
#522 = CARTESIAN_POINT('',(55.461138071962,75.104181301928));
#523 = CARTESIAN_POINT('',(55.457585785885,76.324923270317));
#524 = CARTESIAN_POINT('',(55.44309321669,77.545862624859));
#525 = CARTESIAN_POINT('',(55.417346798426,78.766756026708));
#526 = CARTESIAN_POINT('',(55.380027088115,79.987354419263));
#527 = CARTESIAN_POINT('',(55.179002760887,84.970425355049));
#528 = CARTESIAN_POINT('',(54.914015896281,88.727893151218));
#529 = CARTESIAN_POINT('',(54.526314608949,92.472756261858));
#530 = CARTESIAN_POINT('',(54.0057727968,96.19685126561));
#531 = CARTESIAN_POINT('',(53.341763226296,99.890813229624));
#532 = CARTESIAN_POINT('',(52.523317521793,103.54405701851));
#533 = CARTESIAN_POINT('',(51.539412997677,107.14484038812));
#534 = CARTESIAN_POINT('',(50.284731308157,110.96910803436));
#535 = CARTESIAN_POINT('',(50.188842933695,111.25735616791));
#536 = CARTESIAN_POINT('',(50.091785501032,111.54516485327));
#537 = CARTESIAN_POINT('',(49.993589431162,111.8325456798));
#538 = CARTESIAN_POINT('',(49.894252849764,112.11949398016));
#539 = CARTESIAN_POINT('',(49.793804250622,112.40602051645));
#540 = CARTESIAN_POINT('',(49.692252238632,112.69212628784));
#541 = CARTESIAN_POINT('',(48.814631478457,115.13496512956));
#542 = CARTESIAN_POINT('',(47.977758542018,117.26832622029));
#543 = CARTESIAN_POINT('',(47.085590189102,119.37996797249));
#544 = CARTESIAN_POINT('',(46.144893913246,121.47234731793));
#545 = CARTESIAN_POINT('',(45.162447058084,123.54823150472));
#546 = CARTESIAN_POINT('',(44.144916952327,125.61064206445));
#547 = CARTESIAN_POINT('',(43.098784147674,127.66282141888));
#548 = CARTESIAN_POINT('',(41.557875427966,130.61260933207));
#549 = CARTESIAN_POINT('',(41.081083692919,131.51565283605));
#550 = CARTESIAN_POINT('',(40.600479853193,132.41764210822));
#551 = CARTESIAN_POINT('',(40.116605494811,133.3188675825));
#552 = CARTESIAN_POINT('',(39.629997268239,134.21962056315));
#553 = CARTESIAN_POINT('',(39.141186665523,135.12019313136));
#554 = CARTESIAN_POINT('',(38.650699797418,136.02087805177));
#555 = CARTESIAN_POINT('',(37.84876739431,137.49067284291));
#556 = CARTESIAN_POINT('',(37.538017668159,138.05953785091));
#557 = CARTESIAN_POINT('',(37.226939068795,138.62863711595));
#558 = CARTESIAN_POINT('',(36.915662071446,139.19804363022));
#559 = CARTESIAN_POINT('',(36.604316549845,139.76782996518));
#560 = CARTESIAN_POINT('',(36.293031776222,140.33806827157));
#561 = CARTESIAN_POINT('',(35.981936421313,140.90883027937));
#562 = CARTESIAN_POINT('',(35.521065731984,141.75612904466));
#563 = CARTESIAN_POINT('',(35.371046981155,142.03220953968));
#564 = CARTESIAN_POINT('',(35.221116737475,142.30843679754));
#565 = CARTESIAN_POINT('',(35.071289410533,142.58481879416));
#566 = CARTESIAN_POINT('',(34.921579383897,142.86136346675));
#567 = CARTESIAN_POINT('',(34.772001015111,143.13807871378));
#568 = CARTESIAN_POINT('',(34.622568635697,143.41497239503));
#569 = CARTESIAN_POINT('',(34.392837368748,143.84140125516));
#570 = CARTESIAN_POINT('',(34.312412037783,143.99082790141));
#571 = CARTESIAN_POINT('',(34.232022790371,144.14033358766));
#572 = CARTESIAN_POINT('',(34.15167185863,144.28991963124));
#573 = CARTESIAN_POINT('',(34.071361474672,144.43958734952));
#574 = CARTESIAN_POINT('',(33.991093870614,144.58933805985));
#575 = CARTESIAN_POINT('',(33.910871278569,144.73917307957));
#576 = CARTESIAN_POINT('',(33.750475207179,145.03909922071));
#577 = CARTESIAN_POINT('',(33.670314898326,145.18916636056));
#578 = CARTESIAN_POINT('',(33.590216933715,145.33929630287));
#579 = CARTESIAN_POINT('',(33.5101834045,145.48949022847));
#580 = CARTESIAN_POINT('',(33.430216563361,145.63974934172));
#581 = CARTESIAN_POINT('',(33.350318824507,145.79007487053));
#582 = CARTESIAN_POINT('',(33.270492763678,145.94046806635));
#583 = CARTESIAN_POINT('',(32.91698178993,146.60741376382));
#584 = CARTESIAN_POINT('',(32.64412831309,147.12471296073));
#585 = CARTESIAN_POINT('',(32.372609980324,147.64293711205));
#586 = CARTESIAN_POINT('',(32.102857151068,148.16219242411));
#587 = CARTESIAN_POINT('',(31.835302704112,148.68258232288));
#588 = CARTESIAN_POINT('',(31.570383490238,149.20420778464));
#589 = CARTESIAN_POINT('',(31.308541784848,149.72716766643));
#590 = CARTESIAN_POINT('',(30.40002690118,151.57149448873));
#591 = CARTESIAN_POINT('',(29.772287770782,152.90026207251));
#592 = CARTESIAN_POINT('',(29.174012999948,154.23969378003));
#593 = CARTESIAN_POINT('',(28.612684219606,155.59117565592));
#594 = CARTESIAN_POINT('',(28.096359327136,156.95565808409));
#595 = CARTESIAN_POINT('',(27.633663454689,158.33364562939));
#596 = CARTESIAN_POINT('',(27.233638357059,159.72515860381));
#597 = CARTESIAN_POINT('',(26.762107063954,161.74289311417));
#598 = CARTESIAN_POINT('',(26.632499391497,162.35854826634));
#599 = CARTESIAN_POINT('',(26.517356186119,162.9765462054));
#600 = CARTESIAN_POINT('',(26.417443046445,163.59677198766));
#601 = CARTESIAN_POINT('',(26.33351849061,164.219072377));
#602 = CARTESIAN_POINT('',(26.266322293455,164.84325452577));
#603 = CARTESIAN_POINT('',(26.216561592964,165.46908446299));
#604 = CARTESIAN_POINT('',(26.176687039468,166.25884962972));
#605 = CARTESIAN_POINT('',(26.169703248449,166.42153588298));
#606 = CARTESIAN_POINT('',(26.163912146214,166.58434181188));
#607 = CARTESIAN_POINT('',(26.159282029293,166.74726503567));
#608 = CARTESIAN_POINT('',(26.155780737422,166.91030313078));
#609 = CARTESIAN_POINT('',(26.15337565354,167.07345363089));
#610 = CARTESIAN_POINT('',(26.152033703792,167.23671402688));
#611 = CARTESIAN_POINT('',(26.150735799401,167.91556224926));
#612 = CARTESIAN_POINT('',(26.160008334708,168.43158345411));
#613 = CARTESIAN_POINT('',(26.178476416317,168.94800081532));
#614 = CARTESIAN_POINT('',(26.205079341647,169.46469943993));
#615 = CARTESIAN_POINT('',(26.238765906919,169.98159428123));
#616 = CARTESIAN_POINT('',(26.27849899891,170.49863027972));
#617 = CARTESIAN_POINT('',(26.323257124183,171.01578247174));
#618 = CARTESIAN_POINT('',(26.436733233279,172.21921230875));
#619 = CARTESIAN_POINT('',(26.508497635159,172.905527107));
#620 = CARTESIAN_POINT('',(26.584974805208,173.59203139547));
#621 = CARTESIAN_POINT('',(26.663850763445,174.27875682528));
#622 = CARTESIAN_POINT('',(26.742834109875,174.96573606277));
#623 = CARTESIAN_POINT('',(26.819641308215,175.65300308812));
#624 = CARTESIAN_POINT('',(26.891981969624,176.34059349416));
#625 = CARTESIAN_POINT('',(26.957544136435,177.02854478499));
#626 = ( GEOMETRIC_REPRESENTATION_CONTEXT(2) 
PARAMETRIC_REPRESENTATION_CONTEXT() REPRESENTATION_CONTEXT('2D SPACE',''
  ) );
#627 = PCURVE('',#628,#643);
#628 = SURFACE_OF_REVOLUTION('',#629,#640);
#629 = B_SPLINE_CURVE_WITH_KNOTS('',3,(#630,#631,#632,#633,#634,#635,
    #636,#637,#638,#639),.UNSPECIFIED.,.F.,.F.,(4,1,1,1,1,1,1,4),(0.,
    9.500018999981,36.614323803903,77.207791566586,117.80125932927,
    156.98378331637,178.32173075749,193.46026021051),.UNSPECIFIED.);
#630 = CARTESIAN_POINT('',(7.155165349104E-15,32.224,0.));
#631 = CARTESIAN_POINT('',(7.858308004315E-15,35.390672999994,0.));
#632 = CARTESIAN_POINT('',(1.017035058018E-14,45.803187083104,
    9.365790714046));
#633 = CARTESIAN_POINT('',(1.147097054093E-14,51.660658653721,
    34.592666559567));
#634 = CARTESIAN_POINT('',(1.265744999988E-14,57.004087102912,
    70.193615055789));
#635 = CARTESIAN_POINT('',(1.184407544641E-14,53.340973766988,
    111.51935315068));
#636 = CARTESIAN_POINT('',(7.956437511626E-15,35.832609012555,
    140.19467751613));
#637 = CARTESIAN_POINT('',(5.370844281611E-15,24.18813230533,
    163.91693589227));
#638 = CARTESIAN_POINT('',(6.037170763307E-15,27.189,176.21382351565));
#639 = CARTESIAN_POINT('',(6.037170763307E-15,27.189,181.26));
#640 = AXIS1_PLACEMENT('',#641,#642);
#641 = CARTESIAN_POINT('',(0.,0.,0.));
#642 = DIRECTION('',(0.,0.,1.));
#643 = DEFINITIONAL_REPRESENTATION('',(#644),#829);
#644 = B_SPLINE_CURVE_WITH_KNOTS('',8,(#645,#646,#647,#648,#649,#650,
    #651,#652,#653,#654,#655,#656,#657,#658,#659,#660,#661,#662,#663,
    #664,#665,#666,#667,#668,#669,#670,#671,#672,#673,#674,#675,#676,
    #677,#678,#679,#680,#681,#682,#683,#684,#685,#686,#687,#688,#689,
    #690,#691,#692,#693,#694,#695,#696,#697,#698,#699,#700,#701,#702,
    #703,#704,#705,#706,#707,#708,#709,#710,#711,#712,#713,#714,#715,
    #716,#717,#718,#719,#720,#721,#722,#723,#724,#725,#726,#727,#728,
    #729,#730,#731,#732,#733,#734,#735,#736,#737,#738,#739,#740,#741,
    #742,#743,#744,#745,#746,#747,#748,#749,#750,#751,#752,#753,#754,
    #755,#756,#757,#758,#759,#760,#761,#762,#763,#764,#765,#766,#767,
    #768,#769,#770,#771,#772,#773,#774,#775,#776,#777,#778,#779,#780,
    #781,#782,#783,#784,#785,#786,#787,#788,#789,#790,#791,#792,#793,
    #794,#795,#796,#797,#798,#799,#800,#801,#802,#803,#804,#805,#806,
    #807,#808,#809,#810,#811,#812,#813,#814,#815,#816,#817,#818,#819,
    #820,#821,#822,#823,#824,#825,#826,#827,#828),.UNSPECIFIED.,.F.,.F.,
  (9,7,7,7,7,7,7,7,7,7,7,7,7,7,7,7,7,7,7,7,7,7,7,7,7,7,9),(0.,
    2.679381428498E-02,4.115918690556E-02,5.150073186568E-02,
    8.510094034125E-02,0.166011040387,0.179989561203,0.186980049125,
    0.194968790111,0.329633309458,0.39656323073,0.413589042468,
    0.464763273271,0.622601130489,0.635488874325,0.732799700498,
    0.775826314241,0.802981645408,0.816096544281,0.823165609096,
    0.830238674676,0.85451801924,0.915631091389,0.942314360624,
    0.949230398508,0.971052837539,1.),.UNSPECIFIED.);
#645 = CARTESIAN_POINT('',(4.712388980385,0.));
#646 = CARTESIAN_POINT('',(4.712388980385,0.638741258319));
#647 = CARTESIAN_POINT('',(4.712388980385,1.28426354127));
#648 = CARTESIAN_POINT('',(4.712388980385,1.931556646295));
#649 = CARTESIAN_POINT('',(4.712388980385,2.5770830123));
#650 = CARTESIAN_POINT('',(4.712388980385,3.218475584183));
#651 = CARTESIAN_POINT('',(4.712388980385,3.854390418481));
#652 = CARTESIAN_POINT('',(4.712388980385,4.484475652412));
#653 = CARTESIAN_POINT('',(4.712388980385,5.444478490837));
#654 = CARTESIAN_POINT('',(4.712388980385,5.778121343119));
#655 = CARTESIAN_POINT('',(4.712388980385,6.110466365179));
#656 = CARTESIAN_POINT('',(4.712388980385,6.441657804381));
#657 = CARTESIAN_POINT('',(4.712388980385,6.771866070033));
#658 = CARTESIAN_POINT('',(4.712388980385,7.101290128048));
#659 = CARTESIAN_POINT('',(4.712388980385,7.430161025954));
#660 = CARTESIAN_POINT('',(4.712388980385,7.995293280608));
#661 = CARTESIAN_POINT('',(4.712388980385,8.231835469824));
#662 = CARTESIAN_POINT('',(4.712388980385,8.468393576882));
#663 = CARTESIAN_POINT('',(4.712388980385,8.704942665939));
#664 = CARTESIAN_POINT('',(4.712388980385,8.941475752246));
#665 = CARTESIAN_POINT('',(4.712388980385,9.178017687036));
#666 = CARTESIAN_POINT('',(4.712388980385,9.414589579403));
#667 = CARTESIAN_POINT('',(4.712388980385,10.419635389326));
#668 = CARTESIAN_POINT('',(4.712388980385,11.192481488083));
#669 = CARTESIAN_POINT('',(4.712388980385,11.969199780125));
#670 = CARTESIAN_POINT('',(4.712388980385,12.74934482558));
#671 = CARTESIAN_POINT('',(4.712388980385,13.532489724827));
#672 = CARTESIAN_POINT('',(4.712388980385,14.318227827308));
#673 = CARTESIAN_POINT('',(4.712388980385,15.106174440337));
#674 = CARTESIAN_POINT('',(4.712388980385,17.797811483243));
#675 = CARTESIAN_POINT('',(4.712388980385,19.710045739749));
#676 = CARTESIAN_POINT('',(4.712388980385,21.628186372183));
#677 = CARTESIAN_POINT('',(4.712388980385,23.548797702564));
#678 = CARTESIAN_POINT('',(4.712388980385,25.46949570655));
#679 = CARTESIAN_POINT('',(4.712388980385,27.388955472522));
#680 = CARTESIAN_POINT('',(4.712388980385,29.306922162477));
#681 = CARTESIAN_POINT('',(4.712388980385,31.555468621453));
#682 = CARTESIAN_POINT('',(4.712388980385,31.88668597195));
#683 = CARTESIAN_POINT('',(4.712388980385,32.217877902813));
#684 = CARTESIAN_POINT('',(4.712388980385,32.549046750549));
#685 = CARTESIAN_POINT('',(4.712388980385,32.880195250608));
#686 = CARTESIAN_POINT('',(4.712388980385,33.211326537387));
#687 = CARTESIAN_POINT('',(4.712388980385,33.542444144227));
#688 = CARTESIAN_POINT('',(4.712388980385,34.039135009014));
#689 = CARTESIAN_POINT('',(4.712388980385,34.204718014618));
#690 = CARTESIAN_POINT('',(4.712388980385,34.370301020221));
#691 = CARTESIAN_POINT('',(4.712388980385,34.535884025824));
#692 = CARTESIAN_POINT('',(4.712388980385,34.701467031428));
#693 = CARTESIAN_POINT('',(4.712388980385,34.867050037031));
#694 = CARTESIAN_POINT('',(4.712388980385,35.032633042634));
#695 = CARTESIAN_POINT('',(4.712388980385,35.38744457681));
#696 = CARTESIAN_POINT('',(4.712388980385,35.576673966201));
#697 = CARTESIAN_POINT('',(4.712388980385,35.765905102275));
#698 = CARTESIAN_POINT('',(4.712388980385,35.955138868406));
#699 = CARTESIAN_POINT('',(4.712388980385,36.144376145476));
#700 = CARTESIAN_POINT('',(4.712388980385,36.333617811875));
#701 = CARTESIAN_POINT('',(4.712388980385,36.522864743499));
#702 = CARTESIAN_POINT('',(4.712388980385,39.902316843249));
#703 = CARTESIAN_POINT('',(4.712388980385,43.094152549013));
#704 = CARTESIAN_POINT('',(4.712388980385,46.287412499611));
#705 = CARTESIAN_POINT('',(4.712388980385,49.481763706556));
#706 = CARTESIAN_POINT('',(4.712388980385,52.676752574242));
#707 = CARTESIAN_POINT('',(4.712388980385,55.871805245564));
#708 = CARTESIAN_POINT('',(4.712388980385,59.066228343242));
#709 = CARTESIAN_POINT('',(4.712388980385,63.846161288136));
#710 = CARTESIAN_POINT('',(4.712388980385,65.43274896037));
#711 = CARTESIAN_POINT('',(4.712388980385,67.018869278102));
#712 = CARTESIAN_POINT('',(4.712388980385,68.604408463943));
#713 = CARTESIAN_POINT('',(4.712388980385,70.189242927666));
#714 = CARTESIAN_POINT('',(4.712388980385,71.773239385336));
#715 = CARTESIAN_POINT('',(4.712388980385,73.356254978442));
#716 = CARTESIAN_POINT('',(4.712388980385,75.340540857293));
#717 = CARTESIAN_POINT('',(4.712388980385,75.742870370461));
#718 = CARTESIAN_POINT('',(4.712388980385,76.145127921844));
#719 = CARTESIAN_POINT('',(4.712388980385,76.547294831421));
#720 = CARTESIAN_POINT('',(4.712388980385,76.949403549255));
#721 = CARTESIAN_POINT('',(4.712388980385,77.351402276018));
#722 = CARTESIAN_POINT('',(4.712388980385,77.753328517775));
#723 = CARTESIAN_POINT('',(4.712388980385,79.363013634425));
#724 = CARTESIAN_POINT('',(4.712388980385,80.570169448346));
#725 = CARTESIAN_POINT('',(4.712388980385,81.77678774284));
#726 = CARTESIAN_POINT('',(4.712388980385,82.983003102399));
#727 = CARTESIAN_POINT('',(4.712388980385,84.188943450982));
#728 = CARTESIAN_POINT('',(4.712388980385,85.394730463322));
#729 = CARTESIAN_POINT('',(4.712388980385,86.60047997623));
#730 = CARTESIAN_POINT('',(4.712388980385,91.525448238595));
#731 = CARTESIAN_POINT('',(4.712388980385,95.244970419086));
#732 = CARTESIAN_POINT('',(4.712388980385,98.968536130332));
#733 = CARTESIAN_POINT('',(4.712388980385,102.69875713884));
#734 = CARTESIAN_POINT('',(4.712388980385,106.43729731865));
#735 = CARTESIAN_POINT('',(4.712388980385,110.18492158692));
#736 = CARTESIAN_POINT('',(4.712388980385,113.94148518799));
#737 = CARTESIAN_POINT('',(4.712388980385,118.01323040202));
#738 = CARTESIAN_POINT('',(4.712388980385,118.32064814509));
#739 = CARTESIAN_POINT('',(4.712388980385,118.62811256235));
#740 = CARTESIAN_POINT('',(4.712388980385,118.93561595754));
#741 = CARTESIAN_POINT('',(4.712388980385,119.24315725011));
#742 = CARTESIAN_POINT('',(4.712388980385,119.55072931596));
#743 = CARTESIAN_POINT('',(4.712388980385,119.8583293243));
#744 = CARTESIAN_POINT('',(4.712388980385,122.48870820831));
#745 = CARTESIAN_POINT('',(4.712388980385,124.81268652971));
#746 = CARTESIAN_POINT('',(4.712388980385,127.13624839401));
#747 = CARTESIAN_POINT('',(4.712388980385,129.45804961506));
#748 = CARTESIAN_POINT('',(4.712388980385,131.77704510298));
#749 = CARTESIAN_POINT('',(4.712388980385,134.09249047393));
#750 = CARTESIAN_POINT('',(4.712388980385,136.40394119516));
#751 = CARTESIAN_POINT('',(4.712388980385,139.73144051259));
#752 = CARTESIAN_POINT('',(4.712388980385,140.75080104935));
#753 = CARTESIAN_POINT('',(4.712388980385,141.7693078566));
#754 = CARTESIAN_POINT('',(4.712388980385,142.78694137597));
#755 = CARTESIAN_POINT('',(4.712388980385,143.80368548696));
#756 = CARTESIAN_POINT('',(4.712388980385,144.81952748424));
#757 = CARTESIAN_POINT('',(4.712388980385,145.83445805474));
#758 = CARTESIAN_POINT('',(4.712388980385,147.48844409659));
#759 = CARTESIAN_POINT('',(4.712388980385,148.12805067407));
#760 = CARTESIAN_POINT('',(4.712388980385,148.76728909838));
#761 = CARTESIAN_POINT('',(4.712388980385,149.40615743632));
#762 = CARTESIAN_POINT('',(4.712388980385,150.04465371048));
#763 = CARTESIAN_POINT('',(4.712388980385,150.68277589928));
#764 = CARTESIAN_POINT('',(4.712388980385,151.32052193697));
#765 = CARTESIAN_POINT('',(4.712388980385,152.2657119193));
#766 = CARTESIAN_POINT('',(4.712388980385,152.5734458557));
#767 = CARTESIAN_POINT('',(4.712388980385,152.88109126536));
#768 = CARTESIAN_POINT('',(4.712388980385,153.18864787195));
#769 = CARTESIAN_POINT('',(4.712388980385,153.49611538034));
#770 = CARTESIAN_POINT('',(4.712388980385,153.80349347658));
#771 = CARTESIAN_POINT('',(4.712388980385,154.11078182787));
#772 = CARTESIAN_POINT('',(4.712388980385,154.58356308819));
#773 = CARTESIAN_POINT('',(4.712388980385,154.74914609379));
#774 = CARTESIAN_POINT('',(4.712388980385,154.91472909939));
#775 = CARTESIAN_POINT('',(4.712388980385,155.080312105));
#776 = CARTESIAN_POINT('',(4.712388980385,155.2458951106));
#777 = CARTESIAN_POINT('',(4.712388980385,155.4114781162));
#778 = CARTESIAN_POINT('',(4.712388980385,155.57706112181));
#779 = CARTESIAN_POINT('',(4.712388980385,155.90832084538));
#780 = CARTESIAN_POINT('',(4.712388980385,156.07397099851));
#781 = CARTESIAN_POINT('',(4.712388980385,156.2395944194));
#782 = CARTESIAN_POINT('',(4.712388980385,156.40519099052));
#783 = CARTESIAN_POINT('',(4.712388980385,156.5707606442));
#784 = CARTESIAN_POINT('',(4.712388980385,156.73630336268));
#785 = CARTESIAN_POINT('',(4.712388980385,156.90181917803));
#786 = CARTESIAN_POINT('',(4.712388980385,157.63537364066));
#787 = CARTESIAN_POINT('',(4.712388980385,158.20313044417));
#788 = CARTESIAN_POINT('',(4.712388980385,158.77068801486));
#789 = CARTESIAN_POINT('',(4.712388980385,159.33815113182));
#790 = CARTESIAN_POINT('',(4.712388980385,159.90562030827));
#791 = CARTESIAN_POINT('',(4.712388980385,160.4731921787));
#792 = CARTESIAN_POINT('',(4.712388980385,161.04095988604));
#793 = CARTESIAN_POINT('',(4.712388980385,163.03885023784));
#794 = CARTESIAN_POINT('',(4.712388980385,164.47024110512));
#795 = CARTESIAN_POINT('',(4.712388980385,165.90493455531));
#796 = CARTESIAN_POINT('',(4.712388980385,167.34413912981));
#797 = CARTESIAN_POINT('',(4.712388980385,168.78855569027));
#798 = CARTESIAN_POINT('',(4.712388980385,170.23838814212));
#799 = CARTESIAN_POINT('',(4.712388980385,171.69332878172));
#800 = CARTESIAN_POINT('',(4.712388980385,173.78962597128));
#801 = CARTESIAN_POINT('',(4.712388980385,174.4274893787));
#802 = CARTESIAN_POINT('',(4.712388980385,175.06599912276));
#803 = CARTESIAN_POINT('',(4.712388980385,175.70501250955));
#804 = CARTESIAN_POINT('',(4.712388980385,176.34434948059));
#805 = CARTESIAN_POINT('',(4.712388980385,176.98379227841));
#806 = CARTESIAN_POINT('',(4.712388980385,177.62308497877));
#807 = CARTESIAN_POINT('',(4.712388980385,178.42751591132));
#808 = CARTESIAN_POINT('',(4.712388980385,178.59309889866));
#809 = CARTESIAN_POINT('',(4.712388980385,178.75868188493));
#810 = CARTESIAN_POINT('',(4.712388980385,178.92426488877));
#811 = CARTESIAN_POINT('',(4.712388980385,179.08984791402));
#812 = CARTESIAN_POINT('',(4.712388980385,179.25543094969));
#813 = CARTESIAN_POINT('',(4.712388980385,179.42101396998));
#814 = CARTESIAN_POINT('',(4.712388980385,180.10906719878));
#815 = CARTESIAN_POINT('',(4.712388980385,180.63100134816));
#816 = CARTESIAN_POINT('',(4.712388980385,181.1523350088));
#817 = CARTESIAN_POINT('',(4.712388980385,181.67303394312));
#818 = CARTESIAN_POINT('',(4.712388980385,182.19309348989));
#819 = CARTESIAN_POINT('',(4.712388980385,182.71253820828));
#820 = CARTESIAN_POINT('',(4.712388980385,183.23142172572));
#821 = CARTESIAN_POINT('',(4.712388980385,184.43748391061));
#822 = CARTESIAN_POINT('',(4.712388980385,185.12424398788));
#823 = CARTESIAN_POINT('',(4.712388980385,185.81031923811));
#824 = CARTESIAN_POINT('',(4.712388980385,186.4959188866));
#825 = CARTESIAN_POINT('',(4.712388980385,187.18125058539));
#826 = CARTESIAN_POINT('',(4.712388980385,187.86652183157));
#827 = CARTESIAN_POINT('',(4.712388980385,188.55194138556));
#828 = CARTESIAN_POINT('',(4.712388980385,189.23772068944));
#829 = ( GEOMETRIC_REPRESENTATION_CONTEXT(2) 
PARAMETRIC_REPRESENTATION_CONTEXT() REPRESENTATION_CONTEXT('2D SPACE',''
  ) );
#830 = ORIENTED_EDGE('',*,*,#831,.T.);
#831 = EDGE_CURVE('',#251,#832,#834,.T.);
#832 = VERTEX_POINT('',#833);
#833 = CARTESIAN_POINT('',(-32.224,1.973150922786E-15,0.));
#834 = SURFACE_CURVE('',#835,(#839,#845),.PCURVE_S1.);
#835 = LINE('',#836,#837);
#836 = CARTESIAN_POINT('',(0.,0.,0.));
#837 = VECTOR('',#838,1.);
#838 = DIRECTION('',(-1.,0.,0.));
#839 = PCURVE('',#72,#840);
#840 = DEFINITIONAL_REPRESENTATION('',(#841),#844);
#841 = B_SPLINE_CURVE_WITH_KNOTS('',1,(#842,#843),.UNSPECIFIED.,.F.,.F.,
  (2,2),(-32.224,32.224),.PIECEWISE_BEZIER_KNOTS.);
#842 = CARTESIAN_POINT('',(32.224,0.));
#843 = CARTESIAN_POINT('',(-32.224,0.));
#844 = ( GEOMETRIC_REPRESENTATION_CONTEXT(2) 
PARAMETRIC_REPRESENTATION_CONTEXT() REPRESENTATION_CONTEXT('2D SPACE',''
  ) );
#845 = PCURVE('',#846,#851);
#846 = PLANE('',#847);
#847 = AXIS2_PLACEMENT_3D('',#848,#849,#850);
#848 = CARTESIAN_POINT('',(0.,0.,0.));
#849 = DIRECTION('',(0.,0.,1.));
#850 = DIRECTION('',(2.22044604925E-16,1.,0.));
#851 = DEFINITIONAL_REPRESENTATION('',(#852),#855);
#852 = B_SPLINE_CURVE_WITH_KNOTS('',1,(#853,#854),.UNSPECIFIED.,.F.,.F.,
  (2,2),(-32.224,32.224),.PIECEWISE_BEZIER_KNOTS.);
#853 = CARTESIAN_POINT('',(7.155165349104E-15,-32.224));
#854 = CARTESIAN_POINT('',(-7.155165349104E-15,32.224));
#855 = ( GEOMETRIC_REPRESENTATION_CONTEXT(2) 
PARAMETRIC_REPRESENTATION_CONTEXT() REPRESENTATION_CONTEXT('2D SPACE',''
  ) );
#856 = ORIENTED_EDGE('',*,*,#857,.T.);
#857 = EDGE_CURVE('',#832,#858,#860,.T.);
#858 = VERTEX_POINT('',#859);
#859 = CARTESIAN_POINT('',(-26.95754407864,-9.154262036601E-15,
    177.02854417864));
#860 = SURFACE_CURVE('',#861,(#1046,#1234),.PCURVE_S1.);
#861 = B_SPLINE_CURVE_WITH_KNOTS('',8,(#862,#863,#864,#865,#866,#867,
    #868,#869,#870,#871,#872,#873,#874,#875,#876,#877,#878,#879,#880,
    #881,#882,#883,#884,#885,#886,#887,#888,#889,#890,#891,#892,#893,
    #894,#895,#896,#897,#898,#899,#900,#901,#902,#903,#904,#905,#906,
    #907,#908,#909,#910,#911,#912,#913,#914,#915,#916,#917,#918,#919,
    #920,#921,#922,#923,#924,#925,#926,#927,#928,#929,#930,#931,#932,
    #933,#934,#935,#936,#937,#938,#939,#940,#941,#942,#943,#944,#945,
    #946,#947,#948,#949,#950,#951,#952,#953,#954,#955,#956,#957,#958,
    #959,#960,#961,#962,#963,#964,#965,#966,#967,#968,#969,#970,#971,
    #972,#973,#974,#975,#976,#977,#978,#979,#980,#981,#982,#983,#984,
    #985,#986,#987,#988,#989,#990,#991,#992,#993,#994,#995,#996,#997,
    #998,#999,#1000,#1001,#1002,#1003,#1004,#1005,#1006,#1007,#1008,
    #1009,#1010,#1011,#1012,#1013,#1014,#1015,#1016,#1017,#1018,#1019,
    #1020,#1021,#1022,#1023,#1024,#1025,#1026,#1027,#1028,#1029,#1030,
    #1031,#1032,#1033,#1034,#1035,#1036,#1037,#1038,#1039,#1040,#1041,
    #1042,#1043,#1044,#1045),.UNSPECIFIED.,.F.,.F.,(9,7,7,7,7,7,7,7,7,7,
    7,7,7,7,7,7,7,7,7,7,7,7,7,7,7,7,9),(0.,2.679381428488E-02,
    4.115918690541E-02,5.150073186549E-02,8.510094034095E-02,
    0.166011040387,0.179989561202,0.186980049124,0.19496879011,
    0.329633309457,0.396563230728,0.413589042466,0.464763273266,
    0.622601130477,0.635488874313,0.732799700489,0.775826314233,
    0.802981645401,0.816096544274,0.823165609089,0.83023867467,
    0.854518019235,0.915631091385,0.94231436062,0.949230398506,
    0.971052837537,1.),.UNSPECIFIED.);
#862 = CARTESIAN_POINT('',(-32.224,0.,0.));
#863 = CARTESIAN_POINT('',(-32.86274125831,0.,0.));
#864 = CARTESIAN_POINT('',(-33.49384849427,0.,7.53285351478E-02));
#865 = CARTESIAN_POINT('',(-34.1116392707,0.,0.222520613031));
#866 = CARTESIAN_POINT('',(-34.71251923604,0.,0.434271211803));
#867 = CARTESIAN_POINT('',(-35.29443295208,0.,0.701857900538));
#868 = CARTESIAN_POINT('',(-35.8565083252,0.,1.016628904068));
#869 = CARTESIAN_POINT('',(-36.39882787769,0.,1.370816568651));
#870 = CARTESIAN_POINT('',(-37.20289572232,0.,1.965488475644));
#871 = CARTESIAN_POINT('',(-37.4781532301,0.,2.182544933089));
#872 = CARTESIAN_POINT('',(-37.74817504716,0.,2.408121218523));
#873 = CARTESIAN_POINT('',(-38.013116278,0.,2.641302110367));
#874 = CARTESIAN_POINT('',(-38.27314331769,0.,2.881241355976));
#875 = CARTESIAN_POINT('',(-38.52843276301,0.,3.127159615258));
#876 = CARTESIAN_POINT('',(-38.77917062091,0.,3.378340496011));
#877 = CARTESIAN_POINT('',(-39.20292014674,0.,3.818262170439));
#878 = CARTESIAN_POINT('',(-39.37813981142,0.,4.004909871296));
#879 = CARTESIAN_POINT('',(-39.55121272197,0.,4.193715340187));
#880 = CARTESIAN_POINT('',(-39.72212057159,0.,4.384396988482));
#881 = CARTESIAN_POINT('',(-39.89085335882,0.,4.576647271922));
#882 = CARTESIAN_POINT('',(-40.05741560797,0.,4.770111613467));
#883 = CARTESIAN_POINT('',(-40.22181028386,0.,4.964443059391));
#884 = CARTESIAN_POINT('',(-40.9109643868,0.,5.792963881355));
#885 = CARTESIAN_POINT('',(-41.41795626888,0.,6.437872267282));
#886 = CARTESIAN_POINT('',(-41.90501739465,0.,7.093638855732));
#887 = CARTESIAN_POINT('',(-42.37231361308,0.,7.759719387334));
#888 = CARTESIAN_POINT('',(-42.82012352774,0.,8.435550285562));
#889 = CARTESIAN_POINT('',(-43.24882674979,0.,9.120554628292));
#890 = CARTESIAN_POINT('',(-43.65889215098,0.,9.814148119365));
#891 = CARTESIAN_POINT('',(-44.99474873567,0.,12.205207157125));
#892 = CARTESIAN_POINT('',(-45.83356701207,0.,13.940792350543));
#893 = CARTESIAN_POINT('',(-46.57528670538,0.,15.714796084196));
#894 = CARTESIAN_POINT('',(-47.23040468992,0.,17.519758698775));
#895 = CARTESIAN_POINT('',(-47.81083777884,0.,19.348855186742));
#896 = CARTESIAN_POINT('',(-48.3291233529,0.,21.196177213907));
#897 = CARTESIAN_POINT('',(-48.79797340096,0.,23.056891293988));
#898 = CARTESIAN_POINT('',(-49.30490174812,0.,25.250392754026));
#899 = CARTESIAN_POINT('',(-49.37848578223,0.,25.573809262991));
#900 = CARTESIAN_POINT('',(-49.45104142331,0.,25.897484945596));
#901 = CARTESIAN_POINT('',(-49.52263442241,0.,26.221398631759));
#902 = CARTESIAN_POINT('',(-49.59333053985,0.,26.545529565079));
#903 = CARTESIAN_POINT('',(-49.66319554521,0.,26.86985740283));
#904 = CARTESIAN_POINT('',(-49.73229521738,0.,27.194362215963));
#905 = CARTESIAN_POINT('',(-49.83490141462,0.,27.681384135678));
#906 = CARTESIAN_POINT('',(-49.86893304151,0.,27.843785550845));
#907 = CARTESIAN_POINT('',(-49.90279834354,0.,28.006225813237));
#908 = CARTESIAN_POINT('',(-49.936505439,0.,28.168702001479));
#909 = CARTESIAN_POINT('',(-49.97006244624,0.,28.331211194198));
#910 = CARTESIAN_POINT('',(-50.00347748355,0.,28.493750470019));
#911 = CARTESIAN_POINT('',(-50.03675866927,0.,28.65631690757));
#912 = CARTESIAN_POINT('',(-50.10780422677,0.,29.004716477082));
#913 = CARTESIAN_POINT('',(-50.14552994305,0.,29.190557996568));
#914 = CARTESIAN_POINT('',(-50.18310406366,0.,29.376428477248));
#915 = CARTESIAN_POINT('',(-50.2205391157,0.,29.562324342898));
#916 = CARTESIAN_POINT('',(-50.25784736025,0.,29.748242107762));
#917 = CARTESIAN_POINT('',(-50.2950407924,0.,29.934178376547));
#918 = CARTESIAN_POINT('',(-50.3321311412,0.,30.120129844428));
#919 = CARTESIAN_POINT('',(-50.99280962138,0.,33.440839936873));
#920 = CARTESIAN_POINT('',(-51.58936735006,0.,36.579262489936));
#921 = CARTESIAN_POINT('',(-52.15439223492,0.,39.722257206467));
#922 = CARTESIAN_POINT('',(-52.68344135271,0.,42.870605872858));
#923 = CARTESIAN_POINT('',(-53.17205496271,0.,46.024973514336));
#924 = CARTESIAN_POINT('',(-53.61578029436,0.,49.185904320112));
#925 = CARTESIAN_POINT('',(-54.01020383759,0.,52.353815790991));
#926 = CARTESIAN_POINT('',(-54.52036810862,0.,57.107092268685));
#927 = CARTESIAN_POINT('',(-54.67649420502,0.,58.686980334402));
#928 = CARTESIAN_POINT('',(-54.81883826352,0.,60.268685851571));
#929 = CARTESIAN_POINT('',(-54.94687273616,0.,61.852228491136));
#930 = CARTESIAN_POINT('',(-55.06007637095,0.,63.43761680651));
#931 = CARTESIAN_POINT('',(-55.15793589429,0.,65.024847990064));
#932 = CARTESIAN_POINT('',(-55.23994769342,0.,66.613907629611));
#933 = CARTESIAN_POINT('',(-55.32232526778,0.,68.609457138121));
#934 = CARTESIAN_POINT('',(-55.33797388727,0.,69.014261966482));
#935 = CARTESIAN_POINT('',(-55.35255556573,0.,69.419179103243));
#936 = CARTESIAN_POINT('',(-55.36606829715,0.,69.824223885924));
#937 = CARTESIAN_POINT('',(-55.37849097431,0.,70.229361381225));
#938 = CARTESIAN_POINT('',(-55.38983396035,0.,70.634639247137));
#939 = CARTESIAN_POINT('',(-55.40007449182,0.,71.040017344372));
#940 = CARTESIAN_POINT('',(-55.43664785023,0.,72.664236731985));
#941 = CARTESIAN_POINT('',(-55.45405795998,0.,73.883874747745));
#942 = CARTESIAN_POINT('',(-55.46113807196,0.,75.104181301928));
#943 = CARTESIAN_POINT('',(-55.45758578588,0.,76.324923270317));
#944 = CARTESIAN_POINT('',(-55.44309321669,0.,77.545862624858));
#945 = CARTESIAN_POINT('',(-55.41734679842,0.,78.766756026708));
#946 = CARTESIAN_POINT('',(-55.38002708811,0.,79.987354419263));
#947 = CARTESIAN_POINT('',(-55.17900276088,0.,84.97042535506));
#948 = CARTESIAN_POINT('',(-54.91401589628,0.,88.727893151183));
#949 = CARTESIAN_POINT('',(-54.52631460894,0.,92.472756261894));
#950 = CARTESIAN_POINT('',(-54.0057727968,0.,96.196851265616));
#951 = CARTESIAN_POINT('',(-53.34176322629,0.,99.890813229587));
#952 = CARTESIAN_POINT('',(-52.52331752179,0.,103.54405701854));
#953 = CARTESIAN_POINT('',(-51.53941299767,0.,107.14484038811));
#954 = CARTESIAN_POINT('',(-50.28473130815,0.,110.96910803438));
#955 = CARTESIAN_POINT('',(-50.18884293371,0.,111.25735616787));
#956 = CARTESIAN_POINT('',(-50.09178550099,0.,111.54516485334));
#957 = CARTESIAN_POINT('',(-49.9935894312,0.,111.83254567972));
#958 = CARTESIAN_POINT('',(-49.89425284972,0.,112.11949398023));
#959 = CARTESIAN_POINT('',(-49.79380425063,0.,112.40602051641));
#960 = CARTESIAN_POINT('',(-49.69225223862,0.,112.69212628785));
#961 = CARTESIAN_POINT('',(-48.81463147845,0.,115.13496512956));
#962 = CARTESIAN_POINT('',(-47.97775854201,0.,117.26832622029));
#963 = CARTESIAN_POINT('',(-47.0855901891,0.,119.37996797249));
#964 = CARTESIAN_POINT('',(-46.14489391324,0.,121.47234731792));
#965 = CARTESIAN_POINT('',(-45.16244705808,0.,123.54823150472));
#966 = CARTESIAN_POINT('',(-44.14491695232,0.,125.61064206446));
#967 = CARTESIAN_POINT('',(-43.09878414767,0.,127.66282141887));
#968 = CARTESIAN_POINT('',(-41.55787542796,0.,130.61260933207));
#969 = CARTESIAN_POINT('',(-41.08108369291,0.,131.51565283605));
#970 = CARTESIAN_POINT('',(-40.60047985319,0.,132.41764210822));
#971 = CARTESIAN_POINT('',(-40.11660549481,0.,133.3188675825));
#972 = CARTESIAN_POINT('',(-39.62999726823,0.,134.21962056315));
#973 = CARTESIAN_POINT('',(-39.14118666552,0.,135.12019313136));
#974 = CARTESIAN_POINT('',(-38.65069979741,0.,136.02087805177));
#975 = CARTESIAN_POINT('',(-37.84876739431,0.,137.49067284291));
#976 = CARTESIAN_POINT('',(-37.53801766815,0.,138.05953785091));
#977 = CARTESIAN_POINT('',(-37.22693906879,0.,138.62863711595));
#978 = CARTESIAN_POINT('',(-36.91566207144,0.,139.19804363022));
#979 = CARTESIAN_POINT('',(-36.60431654984,0.,139.76782996518));
#980 = CARTESIAN_POINT('',(-36.29303177622,0.,140.33806827157));
#981 = CARTESIAN_POINT('',(-35.98193642131,0.,140.90883027937));
#982 = CARTESIAN_POINT('',(-35.52106573198,0.,141.75612904466));
#983 = CARTESIAN_POINT('',(-35.37104698115,0.,142.03220953968));
#984 = CARTESIAN_POINT('',(-35.22111673747,0.,142.30843679754));
#985 = CARTESIAN_POINT('',(-35.07128941053,0.,142.58481879416));
#986 = CARTESIAN_POINT('',(-34.92157938389,0.,142.86136346675));
#987 = CARTESIAN_POINT('',(-34.77200101511,0.,143.13807871378));
#988 = CARTESIAN_POINT('',(-34.62256863569,0.,143.41497239503));
#989 = CARTESIAN_POINT('',(-34.39283736874,0.,143.84140125516));
#990 = CARTESIAN_POINT('',(-34.31241203778,0.,143.99082790141));
#991 = CARTESIAN_POINT('',(-34.23202279037,0.,144.14033358766));
#992 = CARTESIAN_POINT('',(-34.15167185863,0.,144.28991963124));
#993 = CARTESIAN_POINT('',(-34.07136147467,0.,144.43958734952));
#994 = CARTESIAN_POINT('',(-33.99109387061,0.,144.58933805985));
#995 = CARTESIAN_POINT('',(-33.91087127856,0.,144.73917307957));
#996 = CARTESIAN_POINT('',(-33.75047520717,0.,145.03909922071));
#997 = CARTESIAN_POINT('',(-33.67031489832,0.,145.18916636056));
#998 = CARTESIAN_POINT('',(-33.59021693371,0.,145.33929630287));
#999 = CARTESIAN_POINT('',(-33.5101834045,0.,145.48949022847));
#1000 = CARTESIAN_POINT('',(-33.43021656336,0.,145.63974934172));
#1001 = CARTESIAN_POINT('',(-33.3503188245,0.,145.79007487053));
#1002 = CARTESIAN_POINT('',(-33.27049276367,0.,145.94046806635));
#1003 = CARTESIAN_POINT('',(-32.91698178993,0.,146.60741376382));
#1004 = CARTESIAN_POINT('',(-32.64412831309,0.,147.12471296073));
#1005 = CARTESIAN_POINT('',(-32.37260998032,0.,147.64293711205));
#1006 = CARTESIAN_POINT('',(-32.10285715106,0.,148.16219242411));
#1007 = CARTESIAN_POINT('',(-31.83530270411,0.,148.68258232288));
#1008 = CARTESIAN_POINT('',(-31.57038349023,0.,149.20420778464));
#1009 = CARTESIAN_POINT('',(-31.30854178484,0.,149.72716766643));
#1010 = CARTESIAN_POINT('',(-30.40002690118,0.,151.57149448872));
#1011 = CARTESIAN_POINT('',(-29.77228777077,0.,152.90026207253));
#1012 = CARTESIAN_POINT('',(-29.17401299995,0.,154.23969378));
#1013 = CARTESIAN_POINT('',(-28.6126842196,0.,155.59117565592));
#1014 = CARTESIAN_POINT('',(-28.09635932712,0.,156.95565808412));
#1015 = CARTESIAN_POINT('',(-27.63366345469,0.,158.33364562937));
#1016 = CARTESIAN_POINT('',(-27.23363835705,0.,159.72515860382));
#1017 = CARTESIAN_POINT('',(-26.76210706395,0.,161.74289311417));
#1018 = CARTESIAN_POINT('',(-26.63249939149,0.,162.35854826633));
#1019 = CARTESIAN_POINT('',(-26.51735618611,0.,162.9765462054));
#1020 = CARTESIAN_POINT('',(-26.41744304644,0.,163.59677198767));
#1021 = CARTESIAN_POINT('',(-26.33351849061,0.,164.219072377));
#1022 = CARTESIAN_POINT('',(-26.26632229345,0.,164.84325452576));
#1023 = CARTESIAN_POINT('',(-26.21656159296,0.,165.46908446299));
#1024 = CARTESIAN_POINT('',(-26.17668703946,0.,166.25884962972));
#1025 = CARTESIAN_POINT('',(-26.16970324844,0.,166.42153588298));
#1026 = CARTESIAN_POINT('',(-26.16391214621,0.,166.58434181188));
#1027 = CARTESIAN_POINT('',(-26.15928202929,0.,166.74726503567));
#1028 = CARTESIAN_POINT('',(-26.15578073742,0.,166.91030313078));
#1029 = CARTESIAN_POINT('',(-26.15337565354,0.,167.07345363089));
#1030 = CARTESIAN_POINT('',(-26.15203370379,0.,167.23671402688));
#1031 = CARTESIAN_POINT('',(-26.1507357994,0.,167.91556224927));
#1032 = CARTESIAN_POINT('',(-26.1600083347,0.,168.43158345411));
#1033 = CARTESIAN_POINT('',(-26.17847641631,0.,168.94800081532));
#1034 = CARTESIAN_POINT('',(-26.20507934164,0.,169.46469943993));
#1035 = CARTESIAN_POINT('',(-26.23876590691,0.,169.98159428123));
#1036 = CARTESIAN_POINT('',(-26.27849899891,0.,170.49863027971));
#1037 = CARTESIAN_POINT('',(-26.32325712418,0.,171.01578247175));
#1038 = CARTESIAN_POINT('',(-26.43673323327,0.,172.21921230874));
#1039 = CARTESIAN_POINT('',(-26.50849763515,0.,172.905527107));
#1040 = CARTESIAN_POINT('',(-26.5849748052,0.,173.59203139547));
#1041 = CARTESIAN_POINT('',(-26.66385076344,0.,174.27875682528));
#1042 = CARTESIAN_POINT('',(-26.74283410987,0.,174.96573606276));
#1043 = CARTESIAN_POINT('',(-26.81964130821,0.,175.65300308812));
#1044 = CARTESIAN_POINT('',(-26.89198196962,0.,176.34059349416));
#1045 = CARTESIAN_POINT('',(-26.95754413643,0.,177.02854478499));
#1046 = PCURVE('',#72,#1047);
#1047 = DEFINITIONAL_REPRESENTATION('',(#1048),#1233);
#1048 = B_SPLINE_CURVE_WITH_KNOTS('',8,(#1049,#1050,#1051,#1052,#1053,
    #1054,#1055,#1056,#1057,#1058,#1059,#1060,#1061,#1062,#1063,#1064,
    #1065,#1066,#1067,#1068,#1069,#1070,#1071,#1072,#1073,#1074,#1075,
    #1076,#1077,#1078,#1079,#1080,#1081,#1082,#1083,#1084,#1085,#1086,
    #1087,#1088,#1089,#1090,#1091,#1092,#1093,#1094,#1095,#1096,#1097,
    #1098,#1099,#1100,#1101,#1102,#1103,#1104,#1105,#1106,#1107,#1108,
    #1109,#1110,#1111,#1112,#1113,#1114,#1115,#1116,#1117,#1118,#1119,
    #1120,#1121,#1122,#1123,#1124,#1125,#1126,#1127,#1128,#1129,#1130,
    #1131,#1132,#1133,#1134,#1135,#1136,#1137,#1138,#1139,#1140,#1141,
    #1142,#1143,#1144,#1145,#1146,#1147,#1148,#1149,#1150,#1151,#1152,
    #1153,#1154,#1155,#1156,#1157,#1158,#1159,#1160,#1161,#1162,#1163,
    #1164,#1165,#1166,#1167,#1168,#1169,#1170,#1171,#1172,#1173,#1174,
    #1175,#1176,#1177,#1178,#1179,#1180,#1181,#1182,#1183,#1184,#1185,
    #1186,#1187,#1188,#1189,#1190,#1191,#1192,#1193,#1194,#1195,#1196,
    #1197,#1198,#1199,#1200,#1201,#1202,#1203,#1204,#1205,#1206,#1207,
    #1208,#1209,#1210,#1211,#1212,#1213,#1214,#1215,#1216,#1217,#1218,
    #1219,#1220,#1221,#1222,#1223,#1224,#1225,#1226,#1227,#1228,#1229,
    #1230,#1231,#1232),.UNSPECIFIED.,.F.,.F.,(9,7,7,7,7,7,7,7,7,7,7,7,7,
    7,7,7,7,7,7,7,7,7,7,7,7,7,9),(0.,2.679381428488E-02,
    4.115918690541E-02,5.150073186549E-02,8.510094034095E-02,
    0.166011040387,0.179989561202,0.186980049124,0.19496879011,
    0.329633309457,0.396563230728,0.413589042466,0.464763273266,
    0.622601130477,0.635488874313,0.732799700489,0.775826314233,
    0.802981645401,0.816096544274,0.823165609089,0.83023867467,
    0.854518019235,0.915631091385,0.94231436062,0.949230398506,
    0.971052837537,1.),.UNSPECIFIED.);
#1049 = CARTESIAN_POINT('',(-32.224,0.));
#1050 = CARTESIAN_POINT('',(-32.86274125831,0.));
#1051 = CARTESIAN_POINT('',(-33.49384849427,7.53285351478E-02));
#1052 = CARTESIAN_POINT('',(-34.1116392707,0.222520613031));
#1053 = CARTESIAN_POINT('',(-34.71251923604,0.434271211803));
#1054 = CARTESIAN_POINT('',(-35.29443295208,0.701857900538));
#1055 = CARTESIAN_POINT('',(-35.8565083252,1.016628904068));
#1056 = CARTESIAN_POINT('',(-36.39882787769,1.370816568651));
#1057 = CARTESIAN_POINT('',(-37.20289572232,1.965488475644));
#1058 = CARTESIAN_POINT('',(-37.4781532301,2.182544933089));
#1059 = CARTESIAN_POINT('',(-37.74817504716,2.408121218523));
#1060 = CARTESIAN_POINT('',(-38.013116278,2.641302110367));
#1061 = CARTESIAN_POINT('',(-38.27314331769,2.881241355976));
#1062 = CARTESIAN_POINT('',(-38.52843276301,3.127159615258));
#1063 = CARTESIAN_POINT('',(-38.77917062091,3.378340496011));
#1064 = CARTESIAN_POINT('',(-39.20292014674,3.818262170439));
#1065 = CARTESIAN_POINT('',(-39.37813981142,4.004909871296));
#1066 = CARTESIAN_POINT('',(-39.55121272197,4.193715340187));
#1067 = CARTESIAN_POINT('',(-39.72212057159,4.384396988482));
#1068 = CARTESIAN_POINT('',(-39.89085335882,4.576647271922));
#1069 = CARTESIAN_POINT('',(-40.05741560797,4.770111613467));
#1070 = CARTESIAN_POINT('',(-40.22181028386,4.964443059391));
#1071 = CARTESIAN_POINT('',(-40.9109643868,5.792963881355));
#1072 = CARTESIAN_POINT('',(-41.41795626888,6.437872267282));
#1073 = CARTESIAN_POINT('',(-41.90501739465,7.093638855732));
#1074 = CARTESIAN_POINT('',(-42.37231361308,7.759719387334));
#1075 = CARTESIAN_POINT('',(-42.82012352774,8.435550285562));
#1076 = CARTESIAN_POINT('',(-43.24882674979,9.120554628292));
#1077 = CARTESIAN_POINT('',(-43.65889215098,9.814148119365));
#1078 = CARTESIAN_POINT('',(-44.99474873567,12.205207157125));
#1079 = CARTESIAN_POINT('',(-45.83356701207,13.940792350543));
#1080 = CARTESIAN_POINT('',(-46.57528670538,15.714796084196));
#1081 = CARTESIAN_POINT('',(-47.23040468992,17.519758698775));
#1082 = CARTESIAN_POINT('',(-47.81083777884,19.348855186742));
#1083 = CARTESIAN_POINT('',(-48.3291233529,21.196177213907));
#1084 = CARTESIAN_POINT('',(-48.79797340096,23.056891293988));
#1085 = CARTESIAN_POINT('',(-49.30490174812,25.250392754026));
#1086 = CARTESIAN_POINT('',(-49.37848578223,25.573809262991));
#1087 = CARTESIAN_POINT('',(-49.45104142331,25.897484945596));
#1088 = CARTESIAN_POINT('',(-49.52263442241,26.221398631759));
#1089 = CARTESIAN_POINT('',(-49.59333053985,26.545529565079));
#1090 = CARTESIAN_POINT('',(-49.66319554521,26.86985740283));
#1091 = CARTESIAN_POINT('',(-49.73229521738,27.194362215963));
#1092 = CARTESIAN_POINT('',(-49.83490141462,27.681384135678));
#1093 = CARTESIAN_POINT('',(-49.86893304151,27.843785550845));
#1094 = CARTESIAN_POINT('',(-49.90279834354,28.006225813237));
#1095 = CARTESIAN_POINT('',(-49.936505439,28.168702001479));
#1096 = CARTESIAN_POINT('',(-49.97006244624,28.331211194198));
#1097 = CARTESIAN_POINT('',(-50.00347748355,28.493750470019));
#1098 = CARTESIAN_POINT('',(-50.03675866927,28.65631690757));
#1099 = CARTESIAN_POINT('',(-50.10780422677,29.004716477082));
#1100 = CARTESIAN_POINT('',(-50.14552994305,29.190557996568));
#1101 = CARTESIAN_POINT('',(-50.18310406366,29.376428477248));
#1102 = CARTESIAN_POINT('',(-50.2205391157,29.562324342898));
#1103 = CARTESIAN_POINT('',(-50.25784736025,29.748242107762));
#1104 = CARTESIAN_POINT('',(-50.2950407924,29.934178376547));
#1105 = CARTESIAN_POINT('',(-50.3321311412,30.120129844428));
#1106 = CARTESIAN_POINT('',(-50.99280962138,33.440839936873));
#1107 = CARTESIAN_POINT('',(-51.58936735006,36.579262489936));
#1108 = CARTESIAN_POINT('',(-52.15439223492,39.722257206467));
#1109 = CARTESIAN_POINT('',(-52.68344135271,42.870605872858));
#1110 = CARTESIAN_POINT('',(-53.17205496271,46.024973514336));
#1111 = CARTESIAN_POINT('',(-53.61578029436,49.185904320112));
#1112 = CARTESIAN_POINT('',(-54.01020383759,52.353815790991));
#1113 = CARTESIAN_POINT('',(-54.52036810862,57.107092268685));
#1114 = CARTESIAN_POINT('',(-54.67649420502,58.686980334402));
#1115 = CARTESIAN_POINT('',(-54.81883826352,60.268685851571));
#1116 = CARTESIAN_POINT('',(-54.94687273616,61.852228491136));
#1117 = CARTESIAN_POINT('',(-55.06007637095,63.43761680651));
#1118 = CARTESIAN_POINT('',(-55.15793589429,65.024847990064));
#1119 = CARTESIAN_POINT('',(-55.23994769342,66.613907629611));
#1120 = CARTESIAN_POINT('',(-55.32232526778,68.609457138121));
#1121 = CARTESIAN_POINT('',(-55.33797388727,69.014261966482));
#1122 = CARTESIAN_POINT('',(-55.35255556573,69.419179103243));
#1123 = CARTESIAN_POINT('',(-55.36606829715,69.824223885924));
#1124 = CARTESIAN_POINT('',(-55.37849097431,70.229361381225));
#1125 = CARTESIAN_POINT('',(-55.38983396035,70.634639247137));
#1126 = CARTESIAN_POINT('',(-55.40007449182,71.040017344372));
#1127 = CARTESIAN_POINT('',(-55.43664785023,72.664236731985));
#1128 = CARTESIAN_POINT('',(-55.45405795998,73.883874747745));
#1129 = CARTESIAN_POINT('',(-55.46113807196,75.104181301928));
#1130 = CARTESIAN_POINT('',(-55.45758578588,76.324923270317));
#1131 = CARTESIAN_POINT('',(-55.44309321669,77.545862624858));
#1132 = CARTESIAN_POINT('',(-55.41734679842,78.766756026708));
#1133 = CARTESIAN_POINT('',(-55.38002708811,79.987354419263));
#1134 = CARTESIAN_POINT('',(-55.17900276088,84.97042535506));
#1135 = CARTESIAN_POINT('',(-54.91401589628,88.727893151183));
#1136 = CARTESIAN_POINT('',(-54.52631460894,92.472756261894));
#1137 = CARTESIAN_POINT('',(-54.0057727968,96.196851265616));
#1138 = CARTESIAN_POINT('',(-53.34176322629,99.890813229587));
#1139 = CARTESIAN_POINT('',(-52.52331752179,103.54405701854));
#1140 = CARTESIAN_POINT('',(-51.53941299767,107.14484038811));
#1141 = CARTESIAN_POINT('',(-50.28473130815,110.96910803438));
#1142 = CARTESIAN_POINT('',(-50.18884293371,111.25735616787));
#1143 = CARTESIAN_POINT('',(-50.09178550099,111.54516485334));
#1144 = CARTESIAN_POINT('',(-49.9935894312,111.83254567972));
#1145 = CARTESIAN_POINT('',(-49.89425284972,112.11949398023));
#1146 = CARTESIAN_POINT('',(-49.79380425063,112.40602051641));
#1147 = CARTESIAN_POINT('',(-49.69225223862,112.69212628785));
#1148 = CARTESIAN_POINT('',(-48.81463147845,115.13496512956));
#1149 = CARTESIAN_POINT('',(-47.97775854201,117.26832622029));
#1150 = CARTESIAN_POINT('',(-47.0855901891,119.37996797249));
#1151 = CARTESIAN_POINT('',(-46.14489391324,121.47234731792));
#1152 = CARTESIAN_POINT('',(-45.16244705808,123.54823150472));
#1153 = CARTESIAN_POINT('',(-44.14491695232,125.61064206446));
#1154 = CARTESIAN_POINT('',(-43.09878414767,127.66282141887));
#1155 = CARTESIAN_POINT('',(-41.55787542796,130.61260933207));
#1156 = CARTESIAN_POINT('',(-41.08108369291,131.51565283605));
#1157 = CARTESIAN_POINT('',(-40.60047985319,132.41764210822));
#1158 = CARTESIAN_POINT('',(-40.11660549481,133.3188675825));
#1159 = CARTESIAN_POINT('',(-39.62999726823,134.21962056315));
#1160 = CARTESIAN_POINT('',(-39.14118666552,135.12019313136));
#1161 = CARTESIAN_POINT('',(-38.65069979741,136.02087805177));
#1162 = CARTESIAN_POINT('',(-37.84876739431,137.49067284291));
#1163 = CARTESIAN_POINT('',(-37.53801766815,138.05953785091));
#1164 = CARTESIAN_POINT('',(-37.22693906879,138.62863711595));
#1165 = CARTESIAN_POINT('',(-36.91566207144,139.19804363022));
#1166 = CARTESIAN_POINT('',(-36.60431654984,139.76782996518));
#1167 = CARTESIAN_POINT('',(-36.29303177622,140.33806827157));
#1168 = CARTESIAN_POINT('',(-35.98193642131,140.90883027937));
#1169 = CARTESIAN_POINT('',(-35.52106573198,141.75612904466));
#1170 = CARTESIAN_POINT('',(-35.37104698115,142.03220953968));
#1171 = CARTESIAN_POINT('',(-35.22111673747,142.30843679754));
#1172 = CARTESIAN_POINT('',(-35.07128941053,142.58481879416));
#1173 = CARTESIAN_POINT('',(-34.92157938389,142.86136346675));
#1174 = CARTESIAN_POINT('',(-34.77200101511,143.13807871378));
#1175 = CARTESIAN_POINT('',(-34.62256863569,143.41497239503));
#1176 = CARTESIAN_POINT('',(-34.39283736874,143.84140125516));
#1177 = CARTESIAN_POINT('',(-34.31241203778,143.99082790141));
#1178 = CARTESIAN_POINT('',(-34.23202279037,144.14033358766));
#1179 = CARTESIAN_POINT('',(-34.15167185863,144.28991963124));
#1180 = CARTESIAN_POINT('',(-34.07136147467,144.43958734952));
#1181 = CARTESIAN_POINT('',(-33.99109387061,144.58933805985));
#1182 = CARTESIAN_POINT('',(-33.91087127856,144.73917307957));
#1183 = CARTESIAN_POINT('',(-33.75047520717,145.03909922071));
#1184 = CARTESIAN_POINT('',(-33.67031489832,145.18916636056));
#1185 = CARTESIAN_POINT('',(-33.59021693371,145.33929630287));
#1186 = CARTESIAN_POINT('',(-33.5101834045,145.48949022847));
#1187 = CARTESIAN_POINT('',(-33.43021656336,145.63974934172));
#1188 = CARTESIAN_POINT('',(-33.3503188245,145.79007487053));
#1189 = CARTESIAN_POINT('',(-33.27049276367,145.94046806635));
#1190 = CARTESIAN_POINT('',(-32.91698178993,146.60741376382));
#1191 = CARTESIAN_POINT('',(-32.64412831309,147.12471296073));
#1192 = CARTESIAN_POINT('',(-32.37260998032,147.64293711205));
#1193 = CARTESIAN_POINT('',(-32.10285715106,148.16219242411));
#1194 = CARTESIAN_POINT('',(-31.83530270411,148.68258232288));
#1195 = CARTESIAN_POINT('',(-31.57038349023,149.20420778464));
#1196 = CARTESIAN_POINT('',(-31.30854178484,149.72716766643));
#1197 = CARTESIAN_POINT('',(-30.40002690118,151.57149448872));
#1198 = CARTESIAN_POINT('',(-29.77228777077,152.90026207253));
#1199 = CARTESIAN_POINT('',(-29.17401299995,154.23969378));
#1200 = CARTESIAN_POINT('',(-28.6126842196,155.59117565592));
#1201 = CARTESIAN_POINT('',(-28.09635932712,156.95565808412));
#1202 = CARTESIAN_POINT('',(-27.63366345469,158.33364562937));
#1203 = CARTESIAN_POINT('',(-27.23363835705,159.72515860382));
#1204 = CARTESIAN_POINT('',(-26.76210706395,161.74289311417));
#1205 = CARTESIAN_POINT('',(-26.63249939149,162.35854826633));
#1206 = CARTESIAN_POINT('',(-26.51735618611,162.9765462054));
#1207 = CARTESIAN_POINT('',(-26.41744304644,163.59677198767));
#1208 = CARTESIAN_POINT('',(-26.33351849061,164.219072377));
#1209 = CARTESIAN_POINT('',(-26.26632229345,164.84325452576));
#1210 = CARTESIAN_POINT('',(-26.21656159296,165.46908446299));
#1211 = CARTESIAN_POINT('',(-26.17668703946,166.25884962972));
#1212 = CARTESIAN_POINT('',(-26.16970324844,166.42153588298));
#1213 = CARTESIAN_POINT('',(-26.16391214621,166.58434181188));
#1214 = CARTESIAN_POINT('',(-26.15928202929,166.74726503567));
#1215 = CARTESIAN_POINT('',(-26.15578073742,166.91030313078));
#1216 = CARTESIAN_POINT('',(-26.15337565354,167.07345363089));
#1217 = CARTESIAN_POINT('',(-26.15203370379,167.23671402688));
#1218 = CARTESIAN_POINT('',(-26.1507357994,167.91556224927));
#1219 = CARTESIAN_POINT('',(-26.1600083347,168.43158345411));
#1220 = CARTESIAN_POINT('',(-26.17847641631,168.94800081532));
#1221 = CARTESIAN_POINT('',(-26.20507934164,169.46469943993));
#1222 = CARTESIAN_POINT('',(-26.23876590691,169.98159428123));
#1223 = CARTESIAN_POINT('',(-26.27849899891,170.49863027971));
#1224 = CARTESIAN_POINT('',(-26.32325712418,171.01578247175));
#1225 = CARTESIAN_POINT('',(-26.43673323327,172.21921230874));
#1226 = CARTESIAN_POINT('',(-26.50849763515,172.905527107));
#1227 = CARTESIAN_POINT('',(-26.5849748052,173.59203139547));
#1228 = CARTESIAN_POINT('',(-26.66385076344,174.27875682528));
#1229 = CARTESIAN_POINT('',(-26.74283410987,174.96573606276));
#1230 = CARTESIAN_POINT('',(-26.81964130821,175.65300308812));
#1231 = CARTESIAN_POINT('',(-26.89198196962,176.34059349416));
#1232 = CARTESIAN_POINT('',(-26.95754413643,177.02854478499));
#1233 = ( GEOMETRIC_REPRESENTATION_CONTEXT(2) 
PARAMETRIC_REPRESENTATION_CONTEXT() REPRESENTATION_CONTEXT('2D SPACE',''
  ) );
#1234 = PCURVE('',#628,#1235);
#1235 = DEFINITIONAL_REPRESENTATION('',(#1236),#1421);
#1236 = B_SPLINE_CURVE_WITH_KNOTS('',8,(#1237,#1238,#1239,#1240,#1241,
    #1242,#1243,#1244,#1245,#1246,#1247,#1248,#1249,#1250,#1251,#1252,
    #1253,#1254,#1255,#1256,#1257,#1258,#1259,#1260,#1261,#1262,#1263,
    #1264,#1265,#1266,#1267,#1268,#1269,#1270,#1271,#1272,#1273,#1274,
    #1275,#1276,#1277,#1278,#1279,#1280,#1281,#1282,#1283,#1284,#1285,
    #1286,#1287,#1288,#1289,#1290,#1291,#1292,#1293,#1294,#1295,#1296,
    #1297,#1298,#1299,#1300,#1301,#1302,#1303,#1304,#1305,#1306,#1307,
    #1308,#1309,#1310,#1311,#1312,#1313,#1314,#1315,#1316,#1317,#1318,
    #1319,#1320,#1321,#1322,#1323,#1324,#1325,#1326,#1327,#1328,#1329,
    #1330,#1331,#1332,#1333,#1334,#1335,#1336,#1337,#1338,#1339,#1340,
    #1341,#1342,#1343,#1344,#1345,#1346,#1347,#1348,#1349,#1350,#1351,
    #1352,#1353,#1354,#1355,#1356,#1357,#1358,#1359,#1360,#1361,#1362,
    #1363,#1364,#1365,#1366,#1367,#1368,#1369,#1370,#1371,#1372,#1373,
    #1374,#1375,#1376,#1377,#1378,#1379,#1380,#1381,#1382,#1383,#1384,
    #1385,#1386,#1387,#1388,#1389,#1390,#1391,#1392,#1393,#1394,#1395,
    #1396,#1397,#1398,#1399,#1400,#1401,#1402,#1403,#1404,#1405,#1406,
    #1407,#1408,#1409,#1410,#1411,#1412,#1413,#1414,#1415,#1416,#1417,
    #1418,#1419,#1420),.UNSPECIFIED.,.F.,.F.,(9,7,7,7,7,7,7,7,7,7,7,7,7,
    7,7,7,7,7,7,7,7,7,7,7,7,7,9),(0.,2.679381428488E-02,
    4.115918690541E-02,5.150073186549E-02,8.510094034095E-02,
    0.166011040387,0.179989561202,0.186980049124,0.19496879011,
    0.329633309457,0.396563230728,0.413589042466,0.464763273266,
    0.622601130477,0.635488874313,0.732799700489,0.775826314233,
    0.802981645401,0.816096544274,0.823165609089,0.83023867467,
    0.854518019235,0.915631091385,0.94231436062,0.949230398506,
    0.971052837537,1.),.UNSPECIFIED.);
#1237 = CARTESIAN_POINT('',(1.570796326795,0.));
#1238 = CARTESIAN_POINT('',(1.570796326795,0.638741258319));
#1239 = CARTESIAN_POINT('',(1.570796326795,1.284263541271));
#1240 = CARTESIAN_POINT('',(1.570796326795,1.931556646295));
#1241 = CARTESIAN_POINT('',(1.570796326795,2.5770830123));
#1242 = CARTESIAN_POINT('',(1.570796326795,3.218475584184));
#1243 = CARTESIAN_POINT('',(1.570796326795,3.85439041848));
#1244 = CARTESIAN_POINT('',(1.570796326795,4.484475652412));
#1245 = CARTESIAN_POINT('',(1.570796326795,5.444478490837));
#1246 = CARTESIAN_POINT('',(1.570796326795,5.778121343119));
#1247 = CARTESIAN_POINT('',(1.570796326795,6.110466365179));
#1248 = CARTESIAN_POINT('',(1.570796326795,6.44165780438));
#1249 = CARTESIAN_POINT('',(1.570796326795,6.771866070033));
#1250 = CARTESIAN_POINT('',(1.570796326795,7.101290128048));
#1251 = CARTESIAN_POINT('',(1.570796326795,7.430161025954));
#1252 = CARTESIAN_POINT('',(1.570796326795,7.995293280608));
#1253 = CARTESIAN_POINT('',(1.570796326795,8.231835469823));
#1254 = CARTESIAN_POINT('',(1.570796326795,8.468393576882));
#1255 = CARTESIAN_POINT('',(1.570796326795,8.704942665939));
#1256 = CARTESIAN_POINT('',(1.570796326795,8.941475752246));
#1257 = CARTESIAN_POINT('',(1.570796326795,9.178017687036));
#1258 = CARTESIAN_POINT('',(1.570796326795,9.414589579403));
#1259 = CARTESIAN_POINT('',(1.570796326795,10.419635389326));
#1260 = CARTESIAN_POINT('',(1.570796326795,11.192481488083));
#1261 = CARTESIAN_POINT('',(1.570796326795,11.969199780125));
#1262 = CARTESIAN_POINT('',(1.570796326795,12.74934482558));
#1263 = CARTESIAN_POINT('',(1.570796326795,13.532489724827));
#1264 = CARTESIAN_POINT('',(1.570796326795,14.318227827308));
#1265 = CARTESIAN_POINT('',(1.570796326795,15.106174440337));
#1266 = CARTESIAN_POINT('',(1.570796326795,17.797811483243));
#1267 = CARTESIAN_POINT('',(1.570796326795,19.710045739747));
#1268 = CARTESIAN_POINT('',(1.570796326795,21.628186372187));
#1269 = CARTESIAN_POINT('',(1.570796326795,23.548797702563));
#1270 = CARTESIAN_POINT('',(1.570796326795,25.469495706546));
#1271 = CARTESIAN_POINT('',(1.570796326795,27.388955472528));
#1272 = CARTESIAN_POINT('',(1.570796326795,29.306922162475));
#1273 = CARTESIAN_POINT('',(1.570796326795,31.555468621453));
#1274 = CARTESIAN_POINT('',(1.570796326795,31.88668597195));
#1275 = CARTESIAN_POINT('',(1.570796326795,32.217877902813));
#1276 = CARTESIAN_POINT('',(1.570796326795,32.549046750549));
#1277 = CARTESIAN_POINT('',(1.570796326795,32.880195250608));
#1278 = CARTESIAN_POINT('',(1.570796326795,33.211326537387));
#1279 = CARTESIAN_POINT('',(1.570796326795,33.542444144227));
#1280 = CARTESIAN_POINT('',(1.570796326795,34.039135009014));
#1281 = CARTESIAN_POINT('',(1.570796326795,34.204718014618));
#1282 = CARTESIAN_POINT('',(1.570796326795,34.370301020221));
#1283 = CARTESIAN_POINT('',(1.570796326795,34.535884025824));
#1284 = CARTESIAN_POINT('',(1.570796326795,34.701467031428));
#1285 = CARTESIAN_POINT('',(1.570796326795,34.867050037031));
#1286 = CARTESIAN_POINT('',(1.570796326795,35.032633042634));
#1287 = CARTESIAN_POINT('',(1.570796326795,35.38744457681));
#1288 = CARTESIAN_POINT('',(1.570796326795,35.576673966201));
#1289 = CARTESIAN_POINT('',(1.570796326795,35.765905102275));
#1290 = CARTESIAN_POINT('',(1.570796326795,35.955138868406));
#1291 = CARTESIAN_POINT('',(1.570796326795,36.144376145476));
#1292 = CARTESIAN_POINT('',(1.570796326795,36.333617811875));
#1293 = CARTESIAN_POINT('',(1.570796326795,36.522864743499));
#1294 = CARTESIAN_POINT('',(1.570796326795,39.902316843251));
#1295 = CARTESIAN_POINT('',(1.570796326795,43.09415254901));
#1296 = CARTESIAN_POINT('',(1.570796326795,46.28741249961));
#1297 = CARTESIAN_POINT('',(1.570796326795,49.481763706559));
#1298 = CARTESIAN_POINT('',(1.570796326795,52.676752574243));
#1299 = CARTESIAN_POINT('',(1.570796326795,55.871805245562));
#1300 = CARTESIAN_POINT('',(1.570796326795,59.066228343243));
#1301 = CARTESIAN_POINT('',(1.570796326795,63.846161288138));
#1302 = CARTESIAN_POINT('',(1.570796326795,65.432748960369));
#1303 = CARTESIAN_POINT('',(1.570796326795,67.018869278101));
#1304 = CARTESIAN_POINT('',(1.570796326795,68.604408463943));
#1305 = CARTESIAN_POINT('',(1.570796326795,70.189242927666));
#1306 = CARTESIAN_POINT('',(1.570796326795,71.773239385336));
#1307 = CARTESIAN_POINT('',(1.570796326795,73.356254978441));
#1308 = CARTESIAN_POINT('',(1.570796326795,75.340540857279));
#1309 = CARTESIAN_POINT('',(1.570796326795,75.742870370513));
#1310 = CARTESIAN_POINT('',(1.570796326795,76.145127921749));
#1311 = CARTESIAN_POINT('',(1.570796326795,76.547294831522));
#1312 = CARTESIAN_POINT('',(1.570796326795,76.94940354919));
#1313 = CARTESIAN_POINT('',(1.570796326795,77.351402276043));
#1314 = CARTESIAN_POINT('',(1.570796326795,77.75332851777));
#1315 = CARTESIAN_POINT('',(1.570796326795,79.363013634424));
#1316 = CARTESIAN_POINT('',(1.570796326795,80.570169448346));
#1317 = CARTESIAN_POINT('',(1.570796326795,81.77678774284));
#1318 = CARTESIAN_POINT('',(1.570796326795,82.983003102399));
#1319 = CARTESIAN_POINT('',(1.570796326795,84.188943450982));
#1320 = CARTESIAN_POINT('',(1.570796326795,85.394730463322));
#1321 = CARTESIAN_POINT('',(1.570796326795,86.60047997623));
#1322 = CARTESIAN_POINT('',(1.570796326795,91.525448238606));
#1323 = CARTESIAN_POINT('',(1.570796326795,95.244970419058));
#1324 = CARTESIAN_POINT('',(1.570796326795,98.968536130356));
#1325 = CARTESIAN_POINT('',(1.570796326795,102.69875713885));
#1326 = CARTESIAN_POINT('',(1.570796326795,106.43729731863));
#1327 = CARTESIAN_POINT('',(1.570796326795,110.18492158693));
#1328 = CARTESIAN_POINT('',(1.570796326795,113.94148518799));
#1329 = CARTESIAN_POINT('',(1.570796326795,118.01323040203));
#1330 = CARTESIAN_POINT('',(1.570796326795,118.32064814503));
#1331 = CARTESIAN_POINT('',(1.570796326795,118.62811256247));
#1332 = CARTESIAN_POINT('',(1.570796326795,118.93561595739));
#1333 = CARTESIAN_POINT('',(1.570796326795,119.24315725023));
#1334 = CARTESIAN_POINT('',(1.570796326795,119.5507293159));
#1335 = CARTESIAN_POINT('',(1.570796326795,119.85832932431));
#1336 = CARTESIAN_POINT('',(1.570796326795,122.48870820831));
#1337 = CARTESIAN_POINT('',(1.570796326795,124.81268652971));
#1338 = CARTESIAN_POINT('',(1.570796326795,127.13624839401));
#1339 = CARTESIAN_POINT('',(1.570796326795,129.45804961506));
#1340 = CARTESIAN_POINT('',(1.570796326795,131.77704510298));
#1341 = CARTESIAN_POINT('',(1.570796326795,134.09249047393));
#1342 = CARTESIAN_POINT('',(1.570796326795,136.40394119515));
#1343 = CARTESIAN_POINT('',(1.570796326795,139.73144051259));
#1344 = CARTESIAN_POINT('',(1.570796326795,140.75080104935));
#1345 = CARTESIAN_POINT('',(1.570796326795,141.7693078566));
#1346 = CARTESIAN_POINT('',(1.570796326795,142.78694137597));
#1347 = CARTESIAN_POINT('',(1.570796326795,143.80368548697));
#1348 = CARTESIAN_POINT('',(1.570796326795,144.81952748424));
#1349 = CARTESIAN_POINT('',(1.570796326795,145.83445805474));
#1350 = CARTESIAN_POINT('',(1.570796326795,147.48844409659));
#1351 = CARTESIAN_POINT('',(1.570796326795,148.12805067407));
#1352 = CARTESIAN_POINT('',(1.570796326795,148.76728909838));
#1353 = CARTESIAN_POINT('',(1.570796326795,149.40615743632));
#1354 = CARTESIAN_POINT('',(1.570796326795,150.04465371048));
#1355 = CARTESIAN_POINT('',(1.570796326795,150.68277589928));
#1356 = CARTESIAN_POINT('',(1.570796326795,151.32052193697));
#1357 = CARTESIAN_POINT('',(1.570796326795,152.2657119193));
#1358 = CARTESIAN_POINT('',(1.570796326795,152.5734458557));
#1359 = CARTESIAN_POINT('',(1.570796326795,152.88109126536));
#1360 = CARTESIAN_POINT('',(1.570796326795,153.18864787195));
#1361 = CARTESIAN_POINT('',(1.570796326795,153.49611538034));
#1362 = CARTESIAN_POINT('',(1.570796326795,153.80349347658));
#1363 = CARTESIAN_POINT('',(1.570796326795,154.11078182787));
#1364 = CARTESIAN_POINT('',(1.570796326795,154.58356308819));
#1365 = CARTESIAN_POINT('',(1.570796326795,154.74914609379));
#1366 = CARTESIAN_POINT('',(1.570796326795,154.91472909939));
#1367 = CARTESIAN_POINT('',(1.570796326795,155.080312105));
#1368 = CARTESIAN_POINT('',(1.570796326795,155.2458951106));
#1369 = CARTESIAN_POINT('',(1.570796326795,155.4114781162));
#1370 = CARTESIAN_POINT('',(1.570796326795,155.57706112181));
#1371 = CARTESIAN_POINT('',(1.570796326795,155.90832084538));
#1372 = CARTESIAN_POINT('',(1.570796326795,156.07397099851));
#1373 = CARTESIAN_POINT('',(1.570796326795,156.2395944194));
#1374 = CARTESIAN_POINT('',(1.570796326795,156.40519099052));
#1375 = CARTESIAN_POINT('',(1.570796326795,156.5707606442));
#1376 = CARTESIAN_POINT('',(1.570796326795,156.73630336268));
#1377 = CARTESIAN_POINT('',(1.570796326795,156.90181917803));
#1378 = CARTESIAN_POINT('',(1.570796326795,157.63537364066));
#1379 = CARTESIAN_POINT('',(1.570796326795,158.20313044417));
#1380 = CARTESIAN_POINT('',(1.570796326795,158.77068801486));
#1381 = CARTESIAN_POINT('',(1.570796326795,159.33815113182));
#1382 = CARTESIAN_POINT('',(1.570796326795,159.90562030827));
#1383 = CARTESIAN_POINT('',(1.570796326795,160.47319217871));
#1384 = CARTESIAN_POINT('',(1.570796326795,161.04095988604));
#1385 = CARTESIAN_POINT('',(1.570796326795,163.03885023783));
#1386 = CARTESIAN_POINT('',(1.570796326795,164.47024110515));
#1387 = CARTESIAN_POINT('',(1.570796326795,165.90493455527));
#1388 = CARTESIAN_POINT('',(1.570796326795,167.3441391298));
#1389 = CARTESIAN_POINT('',(1.570796326795,168.7885556903));
#1390 = CARTESIAN_POINT('',(1.570796326795,170.23838814209));
#1391 = CARTESIAN_POINT('',(1.570796326795,171.69332878173));
#1392 = CARTESIAN_POINT('',(1.570796326795,173.78962597129));
#1393 = CARTESIAN_POINT('',(1.570796326795,174.42748937869));
#1394 = CARTESIAN_POINT('',(1.570796326795,175.06599912276));
#1395 = CARTESIAN_POINT('',(1.570796326795,175.70501250956));
#1396 = CARTESIAN_POINT('',(1.570796326795,176.34434948059));
#1397 = CARTESIAN_POINT('',(1.570796326795,176.9837922784));
#1398 = CARTESIAN_POINT('',(1.570796326795,177.62308497877));
#1399 = CARTESIAN_POINT('',(1.570796326795,178.42751591132));
#1400 = CARTESIAN_POINT('',(1.570796326795,178.59309889866));
#1401 = CARTESIAN_POINT('',(1.570796326795,178.75868188493));
#1402 = CARTESIAN_POINT('',(1.570796326795,178.92426488877));
#1403 = CARTESIAN_POINT('',(1.570796326795,179.08984791402));
#1404 = CARTESIAN_POINT('',(1.570796326795,179.25543094969));
#1405 = CARTESIAN_POINT('',(1.570796326795,179.42101396998));
#1406 = CARTESIAN_POINT('',(1.570796326795,180.10906719878));
#1407 = CARTESIAN_POINT('',(1.570796326795,180.63100134816));
#1408 = CARTESIAN_POINT('',(1.570796326795,181.1523350088));
#1409 = CARTESIAN_POINT('',(1.570796326795,181.67303394313));
#1410 = CARTESIAN_POINT('',(1.570796326795,182.19309348989));
#1411 = CARTESIAN_POINT('',(1.570796326795,182.71253820827));
#1412 = CARTESIAN_POINT('',(1.570796326795,183.23142172572));
#1413 = CARTESIAN_POINT('',(1.570796326795,184.43748391061));
#1414 = CARTESIAN_POINT('',(1.570796326795,185.12424398788));
#1415 = CARTESIAN_POINT('',(1.570796326795,185.81031923811));
#1416 = CARTESIAN_POINT('',(1.570796326795,186.4959188866));
#1417 = CARTESIAN_POINT('',(1.570796326795,187.18125058539));
#1418 = CARTESIAN_POINT('',(1.570796326795,187.86652183157));
#1419 = CARTESIAN_POINT('',(1.570796326795,188.55194138556));
#1420 = CARTESIAN_POINT('',(1.570796326795,189.23772068944));
#1421 = ( GEOMETRIC_REPRESENTATION_CONTEXT(2) 
PARAMETRIC_REPRESENTATION_CONTEXT() REPRESENTATION_CONTEXT('2D SPACE',''
  ) );
#1422 = ORIENTED_EDGE('',*,*,#1423,.T.);
#1423 = EDGE_CURVE('',#858,#135,#1424,.T.);
#1424 = SURFACE_CURVE('',#1425,(#1429,#1435),.PCURVE_S1.);
#1425 = LINE('',#1426,#1427);
#1426 = CARTESIAN_POINT('',(0.,0.,150.0710001));
#1427 = VECTOR('',#1428,1.);
#1428 = DIRECTION('',(-0.707106781187,0.,0.707106781187));
#1429 = PCURVE('',#72,#1430);
#1430 = DEFINITIONAL_REPRESENTATION('',(#1431),#1434);
#1431 = B_SPLINE_CURVE_WITH_KNOTS('',1,(#1432,#1433),.UNSPECIFIED.,.F.,
  .F.,(2,2),(38.12372443405,44.107906796854),.PIECEWISE_BEZIER_KNOTS.);
#1432 = CARTESIAN_POINT('',(-26.9575440714,177.0285441714));
#1433 = CARTESIAN_POINT('',(-31.189,181.2600001));
#1434 = ( GEOMETRIC_REPRESENTATION_CONTEXT(2) 
PARAMETRIC_REPRESENTATION_CONTEXT() REPRESENTATION_CONTEXT('2D SPACE',''
  ) );
#1435 = PCURVE('',#192,#1436);
#1436 = DEFINITIONAL_REPRESENTATION('',(#1437),#1440);
#1437 = B_SPLINE_CURVE_WITH_KNOTS('',1,(#1438,#1439),.UNSPECIFIED.,.F.,
  .F.,(2,2),(38.12372443405,44.107906796854),.PIECEWISE_BEZIER_KNOTS.);
#1438 = CARTESIAN_POINT('',(1.570796326795,0.768544071404));
#1439 = CARTESIAN_POINT('',(1.570796326795,5.));
#1440 = ( GEOMETRIC_REPRESENTATION_CONTEXT(2) 
PARAMETRIC_REPRESENTATION_CONTEXT() REPRESENTATION_CONTEXT('2D SPACE',''
  ) );
#1441 = ORIENTED_EDGE('',*,*,#134,.F.);
#1442 = FACE_BOUND('',#1443,.F.);
#1443 = EDGE_LOOP('',(#1444));
#1444 = ORIENTED_EDGE('',*,*,#1445,.F.);
#1445 = EDGE_CURVE('',#1446,#1446,#1448,.T.);
#1446 = VERTEX_POINT('',#1447);
#1447 = CARTESIAN_POINT('',(-62.42614720864,0.,30.315000025));
#1448 = SURFACE_CURVE('',#1449,(#1454,#1461),.PCURVE_S1.);
#1449 = CIRCLE('',#1450,3.025);
#1450 = AXIS2_PLACEMENT_3D('',#1451,#1452,#1453);
#1451 = CARTESIAN_POINT('',(-65.45114720864,0.,30.315000025));
#1452 = DIRECTION('',(0.,-1.,2.22044604925E-16));
#1453 = DIRECTION('',(1.,0.,0.));
#1454 = PCURVE('',#72,#1455);
#1455 = DEFINITIONAL_REPRESENTATION('',(#1456),#1460);
#1456 = CIRCLE('',#1457,3.025);
#1457 = AXIS2_PLACEMENT_2D('',#1458,#1459);
#1458 = CARTESIAN_POINT('',(-65.45114720864,30.315000025));
#1459 = DIRECTION('',(1.,0.));
#1460 = ( GEOMETRIC_REPRESENTATION_CONTEXT(2) 
PARAMETRIC_REPRESENTATION_CONTEXT() REPRESENTATION_CONTEXT('2D SPACE',''
  ) );
#1461 = PCURVE('',#1462,#1467);
#1462 = CYLINDRICAL_SURFACE('',#1463,3.025);
#1463 = AXIS2_PLACEMENT_3D('',#1464,#1465,#1466);
#1464 = CARTESIAN_POINT('',(-65.45114720864,10.,30.315000025));
#1465 = DIRECTION('',(0.,-1.,2.22044604925E-16));
#1466 = DIRECTION('',(1.,0.,0.));
#1467 = DEFINITIONAL_REPRESENTATION('',(#1468),#1472);
#1468 = LINE('',#1469,#1470);
#1469 = CARTESIAN_POINT('',(0.,10.));
#1470 = VECTOR('',#1471,1.);
#1471 = DIRECTION('',(1.,0.));
#1472 = ( GEOMETRIC_REPRESENTATION_CONTEXT(2) 
PARAMETRIC_REPRESENTATION_CONTEXT() REPRESENTATION_CONTEXT('2D SPACE',''
  ) );
#1473 = FACE_BOUND('',#1474,.F.);
#1474 = EDGE_LOOP('',(#1475));
#1475 = ORIENTED_EDGE('',*,*,#1476,.F.);
#1476 = EDGE_CURVE('',#1477,#1477,#1479,.T.);
#1477 = VERTEX_POINT('',#1478);
#1478 = CARTESIAN_POINT('',(68.476147208648,0.,30.315000025));
#1479 = SURFACE_CURVE('',#1480,(#1485,#1492),.PCURVE_S1.);
#1480 = CIRCLE('',#1481,3.025);
#1481 = AXIS2_PLACEMENT_3D('',#1482,#1483,#1484);
#1482 = CARTESIAN_POINT('',(65.451147208648,0.,30.315000025));
#1483 = DIRECTION('',(0.,-1.,2.22044604925E-16));
#1484 = DIRECTION('',(1.,0.,0.));
#1485 = PCURVE('',#72,#1486);
#1486 = DEFINITIONAL_REPRESENTATION('',(#1487),#1491);
#1487 = CIRCLE('',#1488,3.025);
#1488 = AXIS2_PLACEMENT_2D('',#1489,#1490);
#1489 = CARTESIAN_POINT('',(65.451147208648,30.315000025));
#1490 = DIRECTION('',(1.,0.));
#1491 = ( GEOMETRIC_REPRESENTATION_CONTEXT(2) 
PARAMETRIC_REPRESENTATION_CONTEXT() REPRESENTATION_CONTEXT('2D SPACE',''
  ) );
#1492 = PCURVE('',#1493,#1498);
#1493 = CYLINDRICAL_SURFACE('',#1494,3.025);
#1494 = AXIS2_PLACEMENT_3D('',#1495,#1496,#1497);
#1495 = CARTESIAN_POINT('',(65.451147208648,10.,30.315000025));
#1496 = DIRECTION('',(0.,-1.,2.22044604925E-16));
#1497 = DIRECTION('',(1.,0.,0.));
#1498 = DEFINITIONAL_REPRESENTATION('',(#1499),#1503);
#1499 = LINE('',#1500,#1501);
#1500 = CARTESIAN_POINT('',(0.,10.));
#1501 = VECTOR('',#1502,1.);
#1502 = DIRECTION('',(1.,0.));
#1503 = ( GEOMETRIC_REPRESENTATION_CONTEXT(2) 
PARAMETRIC_REPRESENTATION_CONTEXT() REPRESENTATION_CONTEXT('2D SPACE',''
  ) );
#1504 = FACE_BOUND('',#1505,.F.);
#1505 = EDGE_LOOP('',(#1506));
#1506 = ORIENTED_EDGE('',*,*,#1507,.F.);
#1507 = EDGE_CURVE('',#1508,#1508,#1510,.T.);
#1508 = VERTEX_POINT('',#1509);
#1509 = CARTESIAN_POINT('',(-62.42614720864,0.,130.945000075));
#1510 = SURFACE_CURVE('',#1511,(#1516,#1523),.PCURVE_S1.);
#1511 = CIRCLE('',#1512,3.025);
#1512 = AXIS2_PLACEMENT_3D('',#1513,#1514,#1515);
#1513 = CARTESIAN_POINT('',(-65.45114720864,0.,130.945000075));
#1514 = DIRECTION('',(0.,-1.,2.22044604925E-16));
#1515 = DIRECTION('',(1.,0.,0.));
#1516 = PCURVE('',#72,#1517);
#1517 = DEFINITIONAL_REPRESENTATION('',(#1518),#1522);
#1518 = CIRCLE('',#1519,3.025);
#1519 = AXIS2_PLACEMENT_2D('',#1520,#1521);
#1520 = CARTESIAN_POINT('',(-65.45114720864,130.945000075));
#1521 = DIRECTION('',(1.,0.));
#1522 = ( GEOMETRIC_REPRESENTATION_CONTEXT(2) 
PARAMETRIC_REPRESENTATION_CONTEXT() REPRESENTATION_CONTEXT('2D SPACE',''
  ) );
#1523 = PCURVE('',#1524,#1529);
#1524 = CYLINDRICAL_SURFACE('',#1525,3.025);
#1525 = AXIS2_PLACEMENT_3D('',#1526,#1527,#1528);
#1526 = CARTESIAN_POINT('',(-65.45114720864,10.,130.945000075));
#1527 = DIRECTION('',(0.,-1.,2.22044604925E-16));
#1528 = DIRECTION('',(1.,0.,0.));
#1529 = DEFINITIONAL_REPRESENTATION('',(#1530),#1534);
#1530 = LINE('',#1531,#1532);
#1531 = CARTESIAN_POINT('',(0.,10.));
#1532 = VECTOR('',#1533,1.);
#1533 = DIRECTION('',(1.,0.));
#1534 = ( GEOMETRIC_REPRESENTATION_CONTEXT(2) 
PARAMETRIC_REPRESENTATION_CONTEXT() REPRESENTATION_CONTEXT('2D SPACE',''
  ) );
#1535 = FACE_BOUND('',#1536,.F.);
#1536 = EDGE_LOOP('',(#1537));
#1537 = ORIENTED_EDGE('',*,*,#1538,.F.);
#1538 = EDGE_CURVE('',#1539,#1539,#1541,.T.);
#1539 = VERTEX_POINT('',#1540);
#1540 = CARTESIAN_POINT('',(68.476147208648,0.,130.945000075));
#1541 = SURFACE_CURVE('',#1542,(#1547,#1554),.PCURVE_S1.);
#1542 = CIRCLE('',#1543,3.025);
#1543 = AXIS2_PLACEMENT_3D('',#1544,#1545,#1546);
#1544 = CARTESIAN_POINT('',(65.451147208648,0.,130.945000075));
#1545 = DIRECTION('',(0.,-1.,2.22044604925E-16));
#1546 = DIRECTION('',(1.,0.,0.));
#1547 = PCURVE('',#72,#1548);
#1548 = DEFINITIONAL_REPRESENTATION('',(#1549),#1553);
#1549 = CIRCLE('',#1550,3.025);
#1550 = AXIS2_PLACEMENT_2D('',#1551,#1552);
#1551 = CARTESIAN_POINT('',(65.451147208648,130.945000075));
#1552 = DIRECTION('',(1.,0.));
#1553 = ( GEOMETRIC_REPRESENTATION_CONTEXT(2) 
PARAMETRIC_REPRESENTATION_CONTEXT() REPRESENTATION_CONTEXT('2D SPACE',''
  ) );
#1554 = PCURVE('',#1555,#1560);
#1555 = CYLINDRICAL_SURFACE('',#1556,3.025);
#1556 = AXIS2_PLACEMENT_3D('',#1557,#1558,#1559);
#1557 = CARTESIAN_POINT('',(65.451147208648,10.,130.945000075));
#1558 = DIRECTION('',(0.,-1.,2.22044604925E-16));
#1559 = DIRECTION('',(1.,0.,0.));
#1560 = DEFINITIONAL_REPRESENTATION('',(#1561),#1565);
#1561 = LINE('',#1562,#1563);
#1562 = CARTESIAN_POINT('',(0.,10.));
#1563 = VECTOR('',#1564,1.);
#1564 = DIRECTION('',(1.,0.));
#1565 = ( GEOMETRIC_REPRESENTATION_CONTEXT(2) 
PARAMETRIC_REPRESENTATION_CONTEXT() REPRESENTATION_CONTEXT('2D SPACE',''
  ) );
#1566 = ADVANCED_FACE('',(#1567,#1571,#1602),#100,.F.);
#1567 = FACE_BOUND('',#1568,.F.);
#1568 = EDGE_LOOP('',(#1569,#1570));
#1569 = ORIENTED_EDGE('',*,*,#208,.F.);
#1570 = ORIENTED_EDGE('',*,*,#83,.T.);
#1571 = FACE_BOUND('',#1572,.F.);
#1572 = EDGE_LOOP('',(#1573));
#1573 = ORIENTED_EDGE('',*,*,#1574,.F.);
#1574 = EDGE_CURVE('',#1575,#1575,#1577,.T.);
#1575 = VERTEX_POINT('',#1576);
#1576 = CARTESIAN_POINT('',(14.201815436063,-14.20181543606,-20.));
#1577 = SURFACE_CURVE('',#1578,(#1583,#1590),.PCURVE_S1.);
#1578 = CIRCLE('',#1579,0.75);
#1579 = AXIS2_PLACEMENT_3D('',#1580,#1581,#1582);
#1580 = CARTESIAN_POINT('',(13.671485350173,-13.67148535017,-20.));
#1581 = DIRECTION('',(0.,0.,1.));
#1582 = DIRECTION('',(0.707106781187,-0.707106781187,0.));
#1583 = PCURVE('',#100,#1584);
#1584 = DEFINITIONAL_REPRESENTATION('',(#1585),#1589);
#1585 = CIRCLE('',#1586,0.75);
#1586 = AXIS2_PLACEMENT_2D('',#1587,#1588);
#1587 = CARTESIAN_POINT('',(-13.67148535017,-13.67148535017));
#1588 = DIRECTION('',(-0.707106781187,-0.707106781187));
#1589 = ( GEOMETRIC_REPRESENTATION_CONTEXT(2) 
PARAMETRIC_REPRESENTATION_CONTEXT() REPRESENTATION_CONTEXT('2D SPACE',''
  ) );
#1590 = PCURVE('',#1591,#1596);
#1591 = CYLINDRICAL_SURFACE('',#1592,0.75);
#1592 = AXIS2_PLACEMENT_3D('',#1593,#1594,#1595);
#1593 = CARTESIAN_POINT('',(13.671485350173,-13.67148535017,-21.));
#1594 = DIRECTION('',(0.,0.,1.));
#1595 = DIRECTION('',(0.707106781187,-0.707106781187,0.));
#1596 = DEFINITIONAL_REPRESENTATION('',(#1597),#1601);
#1597 = LINE('',#1598,#1599);
#1598 = CARTESIAN_POINT('',(0.,1.));
#1599 = VECTOR('',#1600,1.);
#1600 = DIRECTION('',(1.,0.));
#1601 = ( GEOMETRIC_REPRESENTATION_CONTEXT(2) 
PARAMETRIC_REPRESENTATION_CONTEXT() REPRESENTATION_CONTEXT('2D SPACE',''
  ) );
#1602 = FACE_BOUND('',#1603,.F.);
#1603 = EDGE_LOOP('',(#1604));
#1604 = ORIENTED_EDGE('',*,*,#1605,.F.);
#1605 = EDGE_CURVE('',#1606,#1606,#1608,.T.);
#1606 = VERTEX_POINT('',#1607);
#1607 = CARTESIAN_POINT('',(-14.20181543606,-14.20181543606,-20.));
#1608 = SURFACE_CURVE('',#1609,(#1614,#1621),.PCURVE_S1.);
#1609 = CIRCLE('',#1610,0.75);
#1610 = AXIS2_PLACEMENT_3D('',#1611,#1612,#1613);
#1611 = CARTESIAN_POINT('',(-13.67148535017,-13.67148535017,-20.));
#1612 = DIRECTION('',(0.,0.,1.));
#1613 = DIRECTION('',(-0.707106781187,-0.707106781187,0.));
#1614 = PCURVE('',#100,#1615);
#1615 = DEFINITIONAL_REPRESENTATION('',(#1616),#1620);
#1616 = CIRCLE('',#1617,0.75);
#1617 = AXIS2_PLACEMENT_2D('',#1618,#1619);
#1618 = CARTESIAN_POINT('',(-13.67148535017,13.671485350173));
#1619 = DIRECTION('',(-0.707106781187,0.707106781187));
#1620 = ( GEOMETRIC_REPRESENTATION_CONTEXT(2) 
PARAMETRIC_REPRESENTATION_CONTEXT() REPRESENTATION_CONTEXT('2D SPACE',''
  ) );
#1621 = PCURVE('',#1622,#1627);
#1622 = CYLINDRICAL_SURFACE('',#1623,0.75);
#1623 = AXIS2_PLACEMENT_3D('',#1624,#1625,#1626);
#1624 = CARTESIAN_POINT('',(-13.67148535017,-13.67148535017,-21.));
#1625 = DIRECTION('',(0.,0.,1.));
#1626 = DIRECTION('',(-0.707106781187,-0.707106781187,0.));
#1627 = DEFINITIONAL_REPRESENTATION('',(#1628),#1632);
#1628 = LINE('',#1629,#1630);
#1629 = CARTESIAN_POINT('',(0.,1.));
#1630 = VECTOR('',#1631,1.);
#1631 = DIRECTION('',(1.,0.));
#1632 = ( GEOMETRIC_REPRESENTATION_CONTEXT(2) 
PARAMETRIC_REPRESENTATION_CONTEXT() REPRESENTATION_CONTEXT('2D SPACE',''
  ) );
#1633 = ADVANCED_FACE('',(#1634),#192,.F.);
#1634 = FACE_BOUND('',#1635,.F.);
#1635 = EDGE_LOOP('',(#1636,#1637,#1638,#1824));
#1636 = ORIENTED_EDGE('',*,*,#177,.F.);
#1637 = ORIENTED_EDGE('',*,*,#1423,.F.);
#1638 = ORIENTED_EDGE('',*,*,#1639,.F.);
#1639 = EDGE_CURVE('',#230,#858,#1640,.T.);
#1640 = SURFACE_CURVE('',#1641,(#1700,#1762),.PCURVE_S1.);
#1641 = B_SPLINE_CURVE_WITH_KNOTS('',8,(#1642,#1643,#1644,#1645,#1646,
    #1647,#1648,#1649,#1650,#1651,#1652,#1653,#1654,#1655,#1656,#1657,
    #1658,#1659,#1660,#1661,#1662,#1663,#1664,#1665,#1666,#1667,#1668,
    #1669,#1670,#1671,#1672,#1673,#1674,#1675,#1676,#1677,#1678,#1679,
    #1680,#1681,#1682,#1683,#1684,#1685,#1686,#1687,#1688,#1689,#1690,
    #1691,#1692,#1693,#1694,#1695,#1696,#1697,#1698,#1699),
  .UNSPECIFIED.,.T.,.F.,(9,7,7,7,7,7,7,7,9),(0.,0.125999042617,
    0.251998085281,0.375999024108,0.500999033386,0.624999972214,
    0.749999981491,0.87499999077,1.),.UNSPECIFIED.);
#1642 = CARTESIAN_POINT('',(1.06581410364E-14,26.957544078649,
    177.02854417864));
#1643 = CARTESIAN_POINT('',(2.667053662482,26.957544076885,
    177.02854417772));
#1644 = CARTESIAN_POINT('',(5.33589637336,26.655982687185,
    177.02854418162));
#1645 = CARTESIAN_POINT('',(7.963953322874,26.052156118161,
    177.02854417388));
#1646 = CARTESIAN_POINT('',(10.511580163511,25.15340022143,
    177.02854418309));
#1647 = CARTESIAN_POINT('',(12.941166994954,23.972183629839,
    177.02854417626));
#1648 = CARTESIAN_POINT('',(15.217415261306,22.52650606899,
    177.02854417924));
#1649 = CARTESIAN_POINT('',(17.307249208343,20.839421364742,
    177.02854417864));
#1650 = CARTESIAN_POINT('',(21.055259556165,17.044013699972,
    177.02854417864));
#1651 = CARTESIAN_POINT('',(22.715950115781,14.933144785405,
    177.02854417864));
#1652 = CARTESIAN_POINT('',(24.132910113586,12.638909797048,
    177.02854417864));
#1653 = CARTESIAN_POINT('',(25.283503140124,10.194671586235,
    177.02854417864));
#1654 = CARTESIAN_POINT('',(26.150174514198,7.63595208771,
    177.02854417864));
#1655 = CARTESIAN_POINT('',(26.720929123879,5.000514933566,
    177.02854417864));
#1656 = CARTESIAN_POINT('',(26.988929926967,2.32809350749,
    177.02854417864));
#1657 = CARTESIAN_POINT('',(26.922432794363,-2.963301624787,
    177.02854417864));
#1658 = CARTESIAN_POINT('',(26.59737945185,-5.585835605535,
    177.02854417864));
#1659 = CARTESIAN_POINT('',(25.980124609718,-8.16585422072,
    177.02854417864));
#1660 = CARTESIAN_POINT('',(25.077991332607,-10.66564415572,
    177.02854417864));
#1661 = CARTESIAN_POINT('',(23.903137812079,-13.04944644907,
    177.02854417864));
#1662 = CARTESIAN_POINT('',(22.472887980938,-15.28369912403,
    177.02854417864));
#1663 = CARTESIAN_POINT('',(20.809327412137,-17.33696734555,
    177.02854417864));
#1664 = CARTESIAN_POINT('',(17.059060397513,-21.04040076283,
    177.02854417864));
#1665 = CARTESIAN_POINT('',(14.966634462975,-22.68957286389,
    177.02854417864));
#1666 = CARTESIAN_POINT('',(12.693514193876,-24.09911601986,
    177.02854417864));
#1667 = CARTESIAN_POINT('',(10.272228552027,-25.24687023265,
    177.02854417864));
#1668 = CARTESIAN_POINT('',(7.737419524157,-26.11560902288,
    177.02854417864));
#1669 = CARTESIAN_POINT('',(5.125915505257,-26.6934796182,
    177.02854417864));
#1670 = CARTESIAN_POINT('',(2.47647650972,-26.97363657358,
    177.02854417864));
#1671 = CARTESIAN_POINT('',(-2.794085610593,-26.94052021931,
    177.02854417864));
#1672 = CARTESIAN_POINT('',(-5.41861018174,-26.63195105161,
    177.02854417864));
#1673 = CARTESIAN_POINT('',(-8.00245617054,-26.030919022,177.02854417864
    ));
#1674 = CARTESIAN_POINT('',(-10.50786499518,-25.14451009218,
    177.02854417864));
#1675 = CARTESIAN_POINT('',(-12.89900200802,-23.98465753536,
    177.02854417864));
#1676 = CARTESIAN_POINT('',(-15.14219704641,-22.56847406726,
    177.02854417864));
#1677 = CARTESIAN_POINT('',(-17.2058771287,-20.91784731559,
    177.02854417864));
#1678 = CARTESIAN_POINT('',(-20.93280091094,-17.19092353335,
    177.02854417864));
#1679 = CARTESIAN_POINT('',(-22.59508747213,-15.10890088725,
    177.02854417864));
#1680 = CARTESIAN_POINT('',(-24.01888514685,-12.84468185015,
    177.02854417864));
#1681 = CARTESIAN_POINT('',(-25.1818299902,-10.4306555074,
    177.02854417864));
#1682 = CARTESIAN_POINT('',(-26.06647820233,-7.901354925348,
    177.02854417864));
#1683 = CARTESIAN_POINT('',(-26.66074584669,-5.293533299458,
    177.02854417864));
#1684 = CARTESIAN_POINT('',(-26.95754407864,-2.645906868061,
    177.02854417864));
#1685 = CARTESIAN_POINT('',(-26.95754407865,2.645906868061,
    177.02854417864));
#1686 = CARTESIAN_POINT('',(-26.66074584669,5.293533299422,
    177.02854417864));
#1687 = CARTESIAN_POINT('',(-26.06647820232,7.901354925407,
    177.02854417864));
#1688 = CARTESIAN_POINT('',(-25.18182999023,10.43065550731,
    177.02854417864));
#1689 = CARTESIAN_POINT('',(-24.01888514682,12.844681850211,
    177.02854417864));
#1690 = CARTESIAN_POINT('',(-22.59508747215,15.108900887219,
    177.02854417864));
#1691 = CARTESIAN_POINT('',(-20.93280091094,17.19092353335,
    177.02854417864));
#1692 = CARTESIAN_POINT('',(-17.19092353406,20.932800910229,
    177.02854417864));
#1693 = CARTESIAN_POINT('',(-15.10890088628,22.595087474256,
    177.02854417924));
#1694 = CARTESIAN_POINT('',(-12.84468185237,24.018885140797,
    177.02854417628));
#1695 = CARTESIAN_POINT('',(-10.43065550412,25.181830000368,
    177.02854418306));
#1696 = CARTESIAN_POINT('',(-7.901354927361,26.066478192677,
    177.02854417392));
#1697 = CARTESIAN_POINT('',(-5.293533297784,26.660745852285,
    177.0285441816));
#1698 = CARTESIAN_POINT('',(-2.645906869646,26.957544076899,
    177.02854417773));
#1699 = CARTESIAN_POINT('',(7.105427357601E-15,26.957544078649,
    177.02854417864));
#1700 = PCURVE('',#192,#1701);
#1701 = DEFINITIONAL_REPRESENTATION('',(#1702),#1761);
#1702 = B_SPLINE_CURVE_WITH_KNOTS('',8,(#1703,#1704,#1705,#1706,#1707,
    #1708,#1709,#1710,#1711,#1712,#1713,#1714,#1715,#1716,#1717,#1718,
    #1719,#1720,#1721,#1722,#1723,#1724,#1725,#1726,#1727,#1728,#1729,
    #1730,#1731,#1732,#1733,#1734,#1735,#1736,#1737,#1738,#1739,#1740,
    #1741,#1742,#1743,#1744,#1745,#1746,#1747,#1748,#1749,#1750,#1751,
    #1752,#1753,#1754,#1755,#1756,#1757,#1758,#1759,#1760),
  .UNSPECIFIED.,.F.,.F.,(9,7,7,7,7,7,7,7,9),(0.,0.125999042617,
    0.251998085281,0.375999024108,0.500999033386,0.624999972214,
    0.749999981491,0.87499999077,1.),.UNSPECIFIED.);
#1703 = CARTESIAN_POINT('',(6.28318530718,0.768544078649));
#1704 = CARTESIAN_POINT('',(6.184249971872,0.768544077241));
#1705 = CARTESIAN_POINT('',(6.085248357826,0.768544083178));
#1706 = CARTESIAN_POINT('',(5.986283445127,0.768544071404));
#1707 = CARTESIAN_POINT('',(5.887344632974,0.768544085412));
#1708 = CARTESIAN_POINT('',(5.788405820334,0.768544075027));
#1709 = CARTESIAN_POINT('',(5.689440907945,0.768544079555));
#1710 = CARTESIAN_POINT('',(5.590439293685,0.768544078649));
#1711 = CARTESIAN_POINT('',(5.392568623227,0.768544078649));
#1712 = CARTESIAN_POINT('',(5.293567009055,0.768544078649));
#1713 = CARTESIAN_POINT('',(5.194602096513,0.768544078649));
#1714 = CARTESIAN_POINT('',(5.09566328412,0.768544078649));
#1715 = CARTESIAN_POINT('',(4.996724471737,0.768544078649));
#1716 = CARTESIAN_POINT('',(4.897759559188,0.768544078649));
#1717 = CARTESIAN_POINT('',(4.798757945018,0.768544078649));
#1718 = CARTESIAN_POINT('',(4.602456199721,0.768544078649));
#1719 = CARTESIAN_POINT('',(4.505028573893,0.768544078649));
#1720 = CARTESIAN_POINT('',(4.407634652577,0.768544078649));
#1721 = CARTESIAN_POINT('',(4.310265120724,0.768544078649));
#1722 = CARTESIAN_POINT('',(4.212895588875,0.768544078649));
#1723 = CARTESIAN_POINT('',(4.115501667558,0.768544078649));
#1724 = CARTESIAN_POINT('',(4.01807404173,0.768544078649));
#1725 = CARTESIAN_POINT('',(3.82255674448,0.768544078649));
#1726 = CARTESIAN_POINT('',(3.724342150297,0.768544078649));
#1727 = CARTESIAN_POINT('',(3.6261627326,0.768544078649));
#1728 = CARTESIAN_POINT('',(3.528008549986,0.768544078649));
#1729 = CARTESIAN_POINT('',(3.429854367357,0.768544078649));
#1730 = CARTESIAN_POINT('',(3.331674949669,0.768544078649));
#1731 = CARTESIAN_POINT('',(3.233460355483,0.768544078649));
#1732 = CARTESIAN_POINT('',(3.037943058233,0.768544078649));
#1733 = CARTESIAN_POINT('',(2.940515432404,0.768544078649));
#1734 = CARTESIAN_POINT('',(2.843121511091,0.768544078649));
#1735 = CARTESIAN_POINT('',(2.745751979234,0.768544078649));
#1736 = CARTESIAN_POINT('',(2.64838244739,0.768544078649));
#1737 = CARTESIAN_POINT('',(2.550988526068,0.768544078649));
#1738 = CARTESIAN_POINT('',(2.453560900243,0.768544078649));
#1739 = CARTESIAN_POINT('',(2.258043602992,0.768544078649));
#1740 = CARTESIAN_POINT('',(2.159829008809,0.768544078649));
#1741 = CARTESIAN_POINT('',(2.061649591114,0.768544078649));
#1742 = CARTESIAN_POINT('',(1.963495408495,0.768544078649));
#1743 = CARTESIAN_POINT('',(1.865341225871,0.768544078649));
#1744 = CARTESIAN_POINT('',(1.76716180818,0.768544078649));
#1745 = CARTESIAN_POINT('',(1.668947213995,0.768544078649));
#1746 = CARTESIAN_POINT('',(1.472645439595,0.768544078649));
#1747 = CARTESIAN_POINT('',(1.374430845411,0.768544078649));
#1748 = CARTESIAN_POINT('',(1.276251427717,0.768544078649));
#1749 = CARTESIAN_POINT('',(1.178097245098,0.768544078649));
#1750 = CARTESIAN_POINT('',(1.079943062474,0.768544078649));
#1751 = CARTESIAN_POINT('',(0.981763644783,0.768544078649));
#1752 = CARTESIAN_POINT('',(0.883549050598,0.768544078649));
#1753 = CARTESIAN_POINT('',(0.687247276235,0.768544078649));
#1754 = CARTESIAN_POINT('',(0.58903268196,0.768544079548));
#1755 = CARTESIAN_POINT('',(0.490853264426,0.768544075055));
#1756 = CARTESIAN_POINT('',(0.392699081551,0.768544085358));
#1757 = CARTESIAN_POINT('',(0.294544899166,0.768544071462));
#1758 = CARTESIAN_POINT('',(0.19636548132,0.768544083142));
#1759 = CARTESIAN_POINT('',(9.815088725913E-02,0.768544077252));
#1760 = CARTESIAN_POINT('',(0.,0.768544078649));
#1761 = ( GEOMETRIC_REPRESENTATION_CONTEXT(2) 
PARAMETRIC_REPRESENTATION_CONTEXT() REPRESENTATION_CONTEXT('2D SPACE',''
  ) );
#1762 = PCURVE('',#628,#1763);
#1763 = DEFINITIONAL_REPRESENTATION('',(#1764),#1823);
#1764 = B_SPLINE_CURVE_WITH_KNOTS('',8,(#1765,#1766,#1767,#1768,#1769,
    #1770,#1771,#1772,#1773,#1774,#1775,#1776,#1777,#1778,#1779,#1780,
    #1781,#1782,#1783,#1784,#1785,#1786,#1787,#1788,#1789,#1790,#1791,
    #1792,#1793,#1794,#1795,#1796,#1797,#1798,#1799,#1800,#1801,#1802,
    #1803,#1804,#1805,#1806,#1807,#1808,#1809,#1810,#1811,#1812,#1813,
    #1814,#1815,#1816,#1817,#1818,#1819,#1820,#1821,#1822),
  .UNSPECIFIED.,.F.,.F.,(9,7,7,7,7,7,7,7,9),(0.,0.125999042617,
    0.251998085281,0.375999024108,0.500999033386,0.624999972214,
    0.749999981491,0.87499999077,1.),.UNSPECIFIED.);
#1765 = CARTESIAN_POINT('',(6.283185306551,189.23772008501));
#1766 = CARTESIAN_POINT('',(6.184249971244,189.23772008409));
#1767 = CARTESIAN_POINT('',(6.085248362372,189.23772008798));
#1768 = CARTESIAN_POINT('',(5.986283436505,189.23772008026));
#1769 = CARTESIAN_POINT('',(5.887344641652,189.23772008944));
#1770 = CARTESIAN_POINT('',(5.788405815482,189.23772008264));
#1771 = CARTESIAN_POINT('',(5.689440909192,189.23772008561));
#1772 = CARTESIAN_POINT('',(5.590439293685,189.23772008501));
#1773 = CARTESIAN_POINT('',(5.392568623227,189.23772008501));
#1774 = CARTESIAN_POINT('',(5.293567009056,189.23772008501));
#1775 = CARTESIAN_POINT('',(5.194602096512,189.23772008501));
#1776 = CARTESIAN_POINT('',(5.095663284121,189.23772008501));
#1777 = CARTESIAN_POINT('',(4.996724471736,189.23772008501));
#1778 = CARTESIAN_POINT('',(4.897759559189,189.23772008501));
#1779 = CARTESIAN_POINT('',(4.798757945018,189.23772008501));
#1780 = CARTESIAN_POINT('',(4.602456199721,189.23772008501));
#1781 = CARTESIAN_POINT('',(4.505028573893,189.23772008501));
#1782 = CARTESIAN_POINT('',(4.407634652576,189.23772008501));
#1783 = CARTESIAN_POINT('',(4.310265120726,189.23772008501));
#1784 = CARTESIAN_POINT('',(4.212895588873,189.23772008501));
#1785 = CARTESIAN_POINT('',(4.115501667558,189.23772008501));
#1786 = CARTESIAN_POINT('',(4.01807404173,189.23772008501));
#1787 = CARTESIAN_POINT('',(3.82255674448,189.23772008501));
#1788 = CARTESIAN_POINT('',(3.724342150297,189.23772008501));
#1789 = CARTESIAN_POINT('',(3.626162732599,189.23772008501));
#1790 = CARTESIAN_POINT('',(3.528008549987,189.23772008501));
#1791 = CARTESIAN_POINT('',(3.429854367356,189.23772008501));
#1792 = CARTESIAN_POINT('',(3.331674949669,189.23772008501));
#1793 = CARTESIAN_POINT('',(3.233460355483,189.23772008501));
#1794 = CARTESIAN_POINT('',(3.037943058233,189.23772008501));
#1795 = CARTESIAN_POINT('',(2.940515432404,189.23772008501));
#1796 = CARTESIAN_POINT('',(2.843121511093,189.23772008501));
#1797 = CARTESIAN_POINT('',(2.745751979232,189.23772008501));
#1798 = CARTESIAN_POINT('',(2.648382447391,189.23772008501));
#1799 = CARTESIAN_POINT('',(2.550988526068,189.23772008501));
#1800 = CARTESIAN_POINT('',(2.453560900243,189.23772008501));
#1801 = CARTESIAN_POINT('',(2.258043602992,189.23772008501));
#1802 = CARTESIAN_POINT('',(2.159829008809,189.23772008501));
#1803 = CARTESIAN_POINT('',(2.061649591112,189.23772008501));
#1804 = CARTESIAN_POINT('',(1.963495408498,189.23772008501));
#1805 = CARTESIAN_POINT('',(1.865341225869,189.23772008501));
#1806 = CARTESIAN_POINT('',(1.767161808181,189.23772008501));
#1807 = CARTESIAN_POINT('',(1.668947213995,189.23772008501));
#1808 = CARTESIAN_POINT('',(1.472645439595,189.23772008501));
#1809 = CARTESIAN_POINT('',(1.374430845411,189.23772008501));
#1810 = CARTESIAN_POINT('',(1.276251427717,189.23772008501));
#1811 = CARTESIAN_POINT('',(1.178097245098,189.23772008501));
#1812 = CARTESIAN_POINT('',(1.079943062474,189.23772008501));
#1813 = CARTESIAN_POINT('',(0.981763644783,189.23772008501));
#1814 = CARTESIAN_POINT('',(0.883549050598,189.23772008501));
#1815 = CARTESIAN_POINT('',(0.687247276235,189.23772008501));
#1816 = CARTESIAN_POINT('',(0.589032680715,189.2377200856));
#1817 = CARTESIAN_POINT('',(0.490853269273,189.23772008266));
#1818 = CARTESIAN_POINT('',(0.392699072881,189.23772008941));
#1819 = CARTESIAN_POINT('',(0.294544907782,189.2377200803));
#1820 = CARTESIAN_POINT('',(0.196365476776,189.23772008796));
#1821 = CARTESIAN_POINT('',(9.815088788744E-02,189.2377200841));
#1822 = CARTESIAN_POINT('',(6.283183148482E-10,189.23772008501));
#1823 = ( GEOMETRIC_REPRESENTATION_CONTEXT(2) 
PARAMETRIC_REPRESENTATION_CONTEXT() REPRESENTATION_CONTEXT('2D SPACE',''
  ) );
#1824 = ORIENTED_EDGE('',*,*,#229,.T.);
#1825 = ADVANCED_FACE('',(#1826),#628,.F.);
#1826 = FACE_BOUND('',#1827,.F.);
#1827 = EDGE_LOOP('',(#1828,#1829,#1851,#1852));
#1828 = ORIENTED_EDGE('',*,*,#857,.F.);
#1829 = ORIENTED_EDGE('',*,*,#1830,.T.);
#1830 = EDGE_CURVE('',#832,#251,#1831,.T.);
#1831 = SURFACE_CURVE('',#1832,(#1837,#1844),.PCURVE_S1.);
#1832 = CIRCLE('',#1833,32.224);
#1833 = AXIS2_PLACEMENT_3D('',#1834,#1835,#1836);
#1834 = CARTESIAN_POINT('',(0.,0.,0.));
#1835 = DIRECTION('',(0.,-0.,1.));
#1836 = DIRECTION('',(2.22044604925E-16,1.,0.));
#1837 = PCURVE('',#628,#1838);
#1838 = DEFINITIONAL_REPRESENTATION('',(#1839),#1843);
#1839 = LINE('',#1840,#1841);
#1840 = CARTESIAN_POINT('',(0.,0.));
#1841 = VECTOR('',#1842,1.);
#1842 = DIRECTION('',(1.,0.));
#1843 = ( GEOMETRIC_REPRESENTATION_CONTEXT(2) 
PARAMETRIC_REPRESENTATION_CONTEXT() REPRESENTATION_CONTEXT('2D SPACE',''
  ) );
#1844 = PCURVE('',#846,#1845);
#1845 = DEFINITIONAL_REPRESENTATION('',(#1846),#1850);
#1846 = CIRCLE('',#1847,32.224);
#1847 = AXIS2_PLACEMENT_2D('',#1848,#1849);
#1848 = CARTESIAN_POINT('',(0.,0.));
#1849 = DIRECTION('',(1.,-0.));
#1850 = ( GEOMETRIC_REPRESENTATION_CONTEXT(2) 
PARAMETRIC_REPRESENTATION_CONTEXT() REPRESENTATION_CONTEXT('2D SPACE',''
  ) );
#1851 = ORIENTED_EDGE('',*,*,#250,.T.);
#1852 = ORIENTED_EDGE('',*,*,#1639,.T.);
#1853 = ADVANCED_FACE('',(#1854,#1858,#1884),#846,.T.);
#1854 = FACE_BOUND('',#1855,.F.);
#1855 = EDGE_LOOP('',(#1856,#1857));
#1856 = ORIENTED_EDGE('',*,*,#1830,.F.);
#1857 = ORIENTED_EDGE('',*,*,#831,.F.);
#1858 = FACE_BOUND('',#1859,.F.);
#1859 = EDGE_LOOP('',(#1860));
#1860 = ORIENTED_EDGE('',*,*,#1861,.T.);
#1861 = EDGE_CURVE('',#1862,#1862,#1864,.T.);
#1862 = VERTEX_POINT('',#1863);
#1863 = CARTESIAN_POINT('',(14.201815436063,-14.20181543606,0.));
#1864 = SURFACE_CURVE('',#1865,(#1870,#1877),.PCURVE_S1.);
#1865 = CIRCLE('',#1866,0.75);
#1866 = AXIS2_PLACEMENT_3D('',#1867,#1868,#1869);
#1867 = CARTESIAN_POINT('',(13.671485350173,-13.67148535017,0.));
#1868 = DIRECTION('',(0.,0.,1.));
#1869 = DIRECTION('',(0.707106781187,-0.707106781187,0.));
#1870 = PCURVE('',#846,#1871);
#1871 = DEFINITIONAL_REPRESENTATION('',(#1872),#1876);
#1872 = CIRCLE('',#1873,0.75);
#1873 = AXIS2_PLACEMENT_2D('',#1874,#1875);
#1874 = CARTESIAN_POINT('',(-13.67148535017,-13.67148535017));
#1875 = DIRECTION('',(-0.707106781187,-0.707106781187));
#1876 = ( GEOMETRIC_REPRESENTATION_CONTEXT(2) 
PARAMETRIC_REPRESENTATION_CONTEXT() REPRESENTATION_CONTEXT('2D SPACE',''
  ) );
#1877 = PCURVE('',#1591,#1878);
#1878 = DEFINITIONAL_REPRESENTATION('',(#1879),#1883);
#1879 = LINE('',#1880,#1881);
#1880 = CARTESIAN_POINT('',(0.,21.));
#1881 = VECTOR('',#1882,1.);
#1882 = DIRECTION('',(1.,0.));
#1883 = ( GEOMETRIC_REPRESENTATION_CONTEXT(2) 
PARAMETRIC_REPRESENTATION_CONTEXT() REPRESENTATION_CONTEXT('2D SPACE',''
  ) );
#1884 = FACE_BOUND('',#1885,.F.);
#1885 = EDGE_LOOP('',(#1886));
#1886 = ORIENTED_EDGE('',*,*,#1887,.T.);
#1887 = EDGE_CURVE('',#1888,#1888,#1890,.T.);
#1888 = VERTEX_POINT('',#1889);
#1889 = CARTESIAN_POINT('',(-14.20181543606,-14.20181543606,0.));
#1890 = SURFACE_CURVE('',#1891,(#1896,#1903),.PCURVE_S1.);
#1891 = CIRCLE('',#1892,0.75);
#1892 = AXIS2_PLACEMENT_3D('',#1893,#1894,#1895);
#1893 = CARTESIAN_POINT('',(-13.67148535017,-13.67148535017,0.));
#1894 = DIRECTION('',(0.,0.,1.));
#1895 = DIRECTION('',(-0.707106781187,-0.707106781187,0.));
#1896 = PCURVE('',#846,#1897);
#1897 = DEFINITIONAL_REPRESENTATION('',(#1898),#1902);
#1898 = CIRCLE('',#1899,0.75);
#1899 = AXIS2_PLACEMENT_2D('',#1900,#1901);
#1900 = CARTESIAN_POINT('',(-13.67148535017,13.671485350173));
#1901 = DIRECTION('',(-0.707106781187,0.707106781187));
#1902 = ( GEOMETRIC_REPRESENTATION_CONTEXT(2) 
PARAMETRIC_REPRESENTATION_CONTEXT() REPRESENTATION_CONTEXT('2D SPACE',''
  ) );
#1903 = PCURVE('',#1622,#1904);
#1904 = DEFINITIONAL_REPRESENTATION('',(#1905),#1909);
#1905 = LINE('',#1906,#1907);
#1906 = CARTESIAN_POINT('',(0.,21.));
#1907 = VECTOR('',#1908,1.);
#1908 = DIRECTION('',(1.,0.));
#1909 = ( GEOMETRIC_REPRESENTATION_CONTEXT(2) 
PARAMETRIC_REPRESENTATION_CONTEXT() REPRESENTATION_CONTEXT('2D SPACE',''
  ) );
#1910 = ADVANCED_FACE('',(#1911),#1462,.F.);
#1911 = FACE_BOUND('',#1912,.F.);
#1912 = EDGE_LOOP('',(#1913,#1936,#1963,#1964));
#1913 = ORIENTED_EDGE('',*,*,#1914,.T.);
#1914 = EDGE_CURVE('',#1446,#1915,#1917,.T.);
#1915 = VERTEX_POINT('',#1916);
#1916 = CARTESIAN_POINT('',(-62.42614720864,-10.,30.315000025));
#1917 = SEAM_CURVE('',#1918,(#1922,#1929),.PCURVE_S1.);
#1918 = LINE('',#1919,#1920);
#1919 = CARTESIAN_POINT('',(-62.42614720864,10.,30.315000025));
#1920 = VECTOR('',#1921,1.);
#1921 = DIRECTION('',(0.,-1.,2.22044604925E-16));
#1922 = PCURVE('',#1462,#1923);
#1923 = DEFINITIONAL_REPRESENTATION('',(#1924),#1928);
#1924 = LINE('',#1925,#1926);
#1925 = CARTESIAN_POINT('',(6.28318530718,-0.));
#1926 = VECTOR('',#1927,1.);
#1927 = DIRECTION('',(0.,1.));
#1928 = ( GEOMETRIC_REPRESENTATION_CONTEXT(2) 
PARAMETRIC_REPRESENTATION_CONTEXT() REPRESENTATION_CONTEXT('2D SPACE',''
  ) );
#1929 = PCURVE('',#1462,#1930);
#1930 = DEFINITIONAL_REPRESENTATION('',(#1931),#1935);
#1931 = LINE('',#1932,#1933);
#1932 = CARTESIAN_POINT('',(0.,-0.));
#1933 = VECTOR('',#1934,1.);
#1934 = DIRECTION('',(0.,1.));
#1935 = ( GEOMETRIC_REPRESENTATION_CONTEXT(2) 
PARAMETRIC_REPRESENTATION_CONTEXT() REPRESENTATION_CONTEXT('2D SPACE',''
  ) );
#1936 = ORIENTED_EDGE('',*,*,#1937,.F.);
#1937 = EDGE_CURVE('',#1915,#1915,#1938,.T.);
#1938 = SURFACE_CURVE('',#1939,(#1944,#1951),.PCURVE_S1.);
#1939 = CIRCLE('',#1940,3.025);
#1940 = AXIS2_PLACEMENT_3D('',#1941,#1942,#1943);
#1941 = CARTESIAN_POINT('',(-65.45114720864,-10.,30.315000025));
#1942 = DIRECTION('',(0.,-1.,2.22044604925E-16));
#1943 = DIRECTION('',(1.,0.,0.));
#1944 = PCURVE('',#1462,#1945);
#1945 = DEFINITIONAL_REPRESENTATION('',(#1946),#1950);
#1946 = LINE('',#1947,#1948);
#1947 = CARTESIAN_POINT('',(0.,20.));
#1948 = VECTOR('',#1949,1.);
#1949 = DIRECTION('',(1.,0.));
#1950 = ( GEOMETRIC_REPRESENTATION_CONTEXT(2) 
PARAMETRIC_REPRESENTATION_CONTEXT() REPRESENTATION_CONTEXT('2D SPACE',''
  ) );
#1951 = PCURVE('',#1952,#1957);
#1952 = PLANE('',#1953);
#1953 = AXIS2_PLACEMENT_3D('',#1954,#1955,#1956);
#1954 = CARTESIAN_POINT('',(-65.45114720864,-10.,30.315000025));
#1955 = DIRECTION('',(0.,-1.,2.22044604925E-16));
#1956 = DIRECTION('',(1.,0.,0.));
#1957 = DEFINITIONAL_REPRESENTATION('',(#1958),#1962);
#1958 = CIRCLE('',#1959,3.025);
#1959 = AXIS2_PLACEMENT_2D('',#1960,#1961);
#1960 = CARTESIAN_POINT('',(0.,0.));
#1961 = DIRECTION('',(1.,0.));
#1962 = ( GEOMETRIC_REPRESENTATION_CONTEXT(2) 
PARAMETRIC_REPRESENTATION_CONTEXT() REPRESENTATION_CONTEXT('2D SPACE',''
  ) );
#1963 = ORIENTED_EDGE('',*,*,#1914,.F.);
#1964 = ORIENTED_EDGE('',*,*,#1445,.T.);
#1965 = ADVANCED_FACE('',(#1966),#1493,.F.);
#1966 = FACE_BOUND('',#1967,.F.);
#1967 = EDGE_LOOP('',(#1968,#1991,#2018,#2019));
#1968 = ORIENTED_EDGE('',*,*,#1969,.T.);
#1969 = EDGE_CURVE('',#1477,#1970,#1972,.T.);
#1970 = VERTEX_POINT('',#1971);
#1971 = CARTESIAN_POINT('',(68.476147208648,-10.,30.315000025));
#1972 = SEAM_CURVE('',#1973,(#1977,#1984),.PCURVE_S1.);
#1973 = LINE('',#1974,#1975);
#1974 = CARTESIAN_POINT('',(68.476147208648,10.,30.315000025));
#1975 = VECTOR('',#1976,1.);
#1976 = DIRECTION('',(0.,-1.,2.22044604925E-16));
#1977 = PCURVE('',#1493,#1978);
#1978 = DEFINITIONAL_REPRESENTATION('',(#1979),#1983);
#1979 = LINE('',#1980,#1981);
#1980 = CARTESIAN_POINT('',(6.28318530718,-0.));
#1981 = VECTOR('',#1982,1.);
#1982 = DIRECTION('',(0.,1.));
#1983 = ( GEOMETRIC_REPRESENTATION_CONTEXT(2) 
PARAMETRIC_REPRESENTATION_CONTEXT() REPRESENTATION_CONTEXT('2D SPACE',''
  ) );
#1984 = PCURVE('',#1493,#1985);
#1985 = DEFINITIONAL_REPRESENTATION('',(#1986),#1990);
#1986 = LINE('',#1987,#1988);
#1987 = CARTESIAN_POINT('',(0.,-0.));
#1988 = VECTOR('',#1989,1.);
#1989 = DIRECTION('',(0.,1.));
#1990 = ( GEOMETRIC_REPRESENTATION_CONTEXT(2) 
PARAMETRIC_REPRESENTATION_CONTEXT() REPRESENTATION_CONTEXT('2D SPACE',''
  ) );
#1991 = ORIENTED_EDGE('',*,*,#1992,.F.);
#1992 = EDGE_CURVE('',#1970,#1970,#1993,.T.);
#1993 = SURFACE_CURVE('',#1994,(#1999,#2006),.PCURVE_S1.);
#1994 = CIRCLE('',#1995,3.025);
#1995 = AXIS2_PLACEMENT_3D('',#1996,#1997,#1998);
#1996 = CARTESIAN_POINT('',(65.451147208648,-10.,30.315000025));
#1997 = DIRECTION('',(0.,-1.,2.22044604925E-16));
#1998 = DIRECTION('',(1.,0.,0.));
#1999 = PCURVE('',#1493,#2000);
#2000 = DEFINITIONAL_REPRESENTATION('',(#2001),#2005);
#2001 = LINE('',#2002,#2003);
#2002 = CARTESIAN_POINT('',(0.,20.));
#2003 = VECTOR('',#2004,1.);
#2004 = DIRECTION('',(1.,0.));
#2005 = ( GEOMETRIC_REPRESENTATION_CONTEXT(2) 
PARAMETRIC_REPRESENTATION_CONTEXT() REPRESENTATION_CONTEXT('2D SPACE',''
  ) );
#2006 = PCURVE('',#2007,#2012);
#2007 = PLANE('',#2008);
#2008 = AXIS2_PLACEMENT_3D('',#2009,#2010,#2011);
#2009 = CARTESIAN_POINT('',(65.451147208648,-10.,30.315000025));
#2010 = DIRECTION('',(0.,-1.,2.22044604925E-16));
#2011 = DIRECTION('',(1.,0.,0.));
#2012 = DEFINITIONAL_REPRESENTATION('',(#2013),#2017);
#2013 = CIRCLE('',#2014,3.025);
#2014 = AXIS2_PLACEMENT_2D('',#2015,#2016);
#2015 = CARTESIAN_POINT('',(0.,0.));
#2016 = DIRECTION('',(1.,0.));
#2017 = ( GEOMETRIC_REPRESENTATION_CONTEXT(2) 
PARAMETRIC_REPRESENTATION_CONTEXT() REPRESENTATION_CONTEXT('2D SPACE',''
  ) );
#2018 = ORIENTED_EDGE('',*,*,#1969,.F.);
#2019 = ORIENTED_EDGE('',*,*,#1476,.T.);
#2020 = ADVANCED_FACE('',(#2021),#1524,.F.);
#2021 = FACE_BOUND('',#2022,.F.);
#2022 = EDGE_LOOP('',(#2023,#2046,#2073,#2074));
#2023 = ORIENTED_EDGE('',*,*,#2024,.T.);
#2024 = EDGE_CURVE('',#1508,#2025,#2027,.T.);
#2025 = VERTEX_POINT('',#2026);
#2026 = CARTESIAN_POINT('',(-62.42614720864,-10.,130.945000075));
#2027 = SEAM_CURVE('',#2028,(#2032,#2039),.PCURVE_S1.);
#2028 = LINE('',#2029,#2030);
#2029 = CARTESIAN_POINT('',(-62.42614720864,10.,130.945000075));
#2030 = VECTOR('',#2031,1.);
#2031 = DIRECTION('',(0.,-1.,2.22044604925E-16));
#2032 = PCURVE('',#1524,#2033);
#2033 = DEFINITIONAL_REPRESENTATION('',(#2034),#2038);
#2034 = LINE('',#2035,#2036);
#2035 = CARTESIAN_POINT('',(6.28318530718,-0.));
#2036 = VECTOR('',#2037,1.);
#2037 = DIRECTION('',(0.,1.));
#2038 = ( GEOMETRIC_REPRESENTATION_CONTEXT(2) 
PARAMETRIC_REPRESENTATION_CONTEXT() REPRESENTATION_CONTEXT('2D SPACE',''
  ) );
#2039 = PCURVE('',#1524,#2040);
#2040 = DEFINITIONAL_REPRESENTATION('',(#2041),#2045);
#2041 = LINE('',#2042,#2043);
#2042 = CARTESIAN_POINT('',(0.,-0.));
#2043 = VECTOR('',#2044,1.);
#2044 = DIRECTION('',(0.,1.));
#2045 = ( GEOMETRIC_REPRESENTATION_CONTEXT(2) 
PARAMETRIC_REPRESENTATION_CONTEXT() REPRESENTATION_CONTEXT('2D SPACE',''
  ) );
#2046 = ORIENTED_EDGE('',*,*,#2047,.F.);
#2047 = EDGE_CURVE('',#2025,#2025,#2048,.T.);
#2048 = SURFACE_CURVE('',#2049,(#2054,#2061),.PCURVE_S1.);
#2049 = CIRCLE('',#2050,3.025);
#2050 = AXIS2_PLACEMENT_3D('',#2051,#2052,#2053);
#2051 = CARTESIAN_POINT('',(-65.45114720864,-10.,130.945000075));
#2052 = DIRECTION('',(0.,-1.,2.22044604925E-16));
#2053 = DIRECTION('',(1.,0.,0.));
#2054 = PCURVE('',#1524,#2055);
#2055 = DEFINITIONAL_REPRESENTATION('',(#2056),#2060);
#2056 = LINE('',#2057,#2058);
#2057 = CARTESIAN_POINT('',(0.,20.));
#2058 = VECTOR('',#2059,1.);
#2059 = DIRECTION('',(1.,0.));
#2060 = ( GEOMETRIC_REPRESENTATION_CONTEXT(2) 
PARAMETRIC_REPRESENTATION_CONTEXT() REPRESENTATION_CONTEXT('2D SPACE',''
  ) );
#2061 = PCURVE('',#2062,#2067);
#2062 = PLANE('',#2063);
#2063 = AXIS2_PLACEMENT_3D('',#2064,#2065,#2066);
#2064 = CARTESIAN_POINT('',(-65.45114720864,-10.,130.945000075));
#2065 = DIRECTION('',(0.,-1.,2.22044604925E-16));
#2066 = DIRECTION('',(1.,0.,0.));
#2067 = DEFINITIONAL_REPRESENTATION('',(#2068),#2072);
#2068 = CIRCLE('',#2069,3.025);
#2069 = AXIS2_PLACEMENT_2D('',#2070,#2071);
#2070 = CARTESIAN_POINT('',(0.,0.));
#2071 = DIRECTION('',(1.,0.));
#2072 = ( GEOMETRIC_REPRESENTATION_CONTEXT(2) 
PARAMETRIC_REPRESENTATION_CONTEXT() REPRESENTATION_CONTEXT('2D SPACE',''
  ) );
#2073 = ORIENTED_EDGE('',*,*,#2024,.F.);
#2074 = ORIENTED_EDGE('',*,*,#1507,.T.);
#2075 = ADVANCED_FACE('',(#2076),#1555,.F.);
#2076 = FACE_BOUND('',#2077,.F.);
#2077 = EDGE_LOOP('',(#2078,#2101,#2128,#2129));
#2078 = ORIENTED_EDGE('',*,*,#2079,.T.);
#2079 = EDGE_CURVE('',#1539,#2080,#2082,.T.);
#2080 = VERTEX_POINT('',#2081);
#2081 = CARTESIAN_POINT('',(68.476147208648,-10.,130.945000075));
#2082 = SEAM_CURVE('',#2083,(#2087,#2094),.PCURVE_S1.);
#2083 = LINE('',#2084,#2085);
#2084 = CARTESIAN_POINT('',(68.476147208648,10.,130.945000075));
#2085 = VECTOR('',#2086,1.);
#2086 = DIRECTION('',(0.,-1.,2.22044604925E-16));
#2087 = PCURVE('',#1555,#2088);
#2088 = DEFINITIONAL_REPRESENTATION('',(#2089),#2093);
#2089 = LINE('',#2090,#2091);
#2090 = CARTESIAN_POINT('',(6.28318530718,-0.));
#2091 = VECTOR('',#2092,1.);
#2092 = DIRECTION('',(0.,1.));
#2093 = ( GEOMETRIC_REPRESENTATION_CONTEXT(2) 
PARAMETRIC_REPRESENTATION_CONTEXT() REPRESENTATION_CONTEXT('2D SPACE',''
  ) );
#2094 = PCURVE('',#1555,#2095);
#2095 = DEFINITIONAL_REPRESENTATION('',(#2096),#2100);
#2096 = LINE('',#2097,#2098);
#2097 = CARTESIAN_POINT('',(0.,-0.));
#2098 = VECTOR('',#2099,1.);
#2099 = DIRECTION('',(0.,1.));
#2100 = ( GEOMETRIC_REPRESENTATION_CONTEXT(2) 
PARAMETRIC_REPRESENTATION_CONTEXT() REPRESENTATION_CONTEXT('2D SPACE',''
  ) );
#2101 = ORIENTED_EDGE('',*,*,#2102,.F.);
#2102 = EDGE_CURVE('',#2080,#2080,#2103,.T.);
#2103 = SURFACE_CURVE('',#2104,(#2109,#2116),.PCURVE_S1.);
#2104 = CIRCLE('',#2105,3.025);
#2105 = AXIS2_PLACEMENT_3D('',#2106,#2107,#2108);
#2106 = CARTESIAN_POINT('',(65.451147208648,-10.,130.945000075));
#2107 = DIRECTION('',(0.,-1.,2.22044604925E-16));
#2108 = DIRECTION('',(1.,0.,0.));
#2109 = PCURVE('',#1555,#2110);
#2110 = DEFINITIONAL_REPRESENTATION('',(#2111),#2115);
#2111 = LINE('',#2112,#2113);
#2112 = CARTESIAN_POINT('',(0.,20.));
#2113 = VECTOR('',#2114,1.);
#2114 = DIRECTION('',(1.,0.));
#2115 = ( GEOMETRIC_REPRESENTATION_CONTEXT(2) 
PARAMETRIC_REPRESENTATION_CONTEXT() REPRESENTATION_CONTEXT('2D SPACE',''
  ) );
#2116 = PCURVE('',#2117,#2122);
#2117 = PLANE('',#2118);
#2118 = AXIS2_PLACEMENT_3D('',#2119,#2120,#2121);
#2119 = CARTESIAN_POINT('',(65.451147208648,-10.,130.945000075));
#2120 = DIRECTION('',(0.,-1.,2.22044604925E-16));
#2121 = DIRECTION('',(1.,0.,0.));
#2122 = DEFINITIONAL_REPRESENTATION('',(#2123),#2127);
#2123 = CIRCLE('',#2124,3.025);
#2124 = AXIS2_PLACEMENT_2D('',#2125,#2126);
#2125 = CARTESIAN_POINT('',(0.,0.));
#2126 = DIRECTION('',(1.,0.));
#2127 = ( GEOMETRIC_REPRESENTATION_CONTEXT(2) 
PARAMETRIC_REPRESENTATION_CONTEXT() REPRESENTATION_CONTEXT('2D SPACE',''
  ) );
#2128 = ORIENTED_EDGE('',*,*,#2079,.F.);
#2129 = ORIENTED_EDGE('',*,*,#1538,.T.);
#2130 = ADVANCED_FACE('',(#2131),#1591,.F.);
#2131 = FACE_BOUND('',#2132,.F.);
#2132 = EDGE_LOOP('',(#2133,#2134,#2155,#2156));
#2133 = ORIENTED_EDGE('',*,*,#1861,.F.);
#2134 = ORIENTED_EDGE('',*,*,#2135,.F.);
#2135 = EDGE_CURVE('',#1575,#1862,#2136,.T.);
#2136 = SEAM_CURVE('',#2137,(#2141,#2148),.PCURVE_S1.);
#2137 = LINE('',#2138,#2139);
#2138 = CARTESIAN_POINT('',(14.201815436063,-14.20181543606,-21.));
#2139 = VECTOR('',#2140,1.);
#2140 = DIRECTION('',(0.,0.,1.));
#2141 = PCURVE('',#1591,#2142);
#2142 = DEFINITIONAL_REPRESENTATION('',(#2143),#2147);
#2143 = LINE('',#2144,#2145);
#2144 = CARTESIAN_POINT('',(6.28318530718,-0.));
#2145 = VECTOR('',#2146,1.);
#2146 = DIRECTION('',(0.,1.));
#2147 = ( GEOMETRIC_REPRESENTATION_CONTEXT(2) 
PARAMETRIC_REPRESENTATION_CONTEXT() REPRESENTATION_CONTEXT('2D SPACE',''
  ) );
#2148 = PCURVE('',#1591,#2149);
#2149 = DEFINITIONAL_REPRESENTATION('',(#2150),#2154);
#2150 = LINE('',#2151,#2152);
#2151 = CARTESIAN_POINT('',(0.,-0.));
#2152 = VECTOR('',#2153,1.);
#2153 = DIRECTION('',(0.,1.));
#2154 = ( GEOMETRIC_REPRESENTATION_CONTEXT(2) 
PARAMETRIC_REPRESENTATION_CONTEXT() REPRESENTATION_CONTEXT('2D SPACE',''
  ) );
#2155 = ORIENTED_EDGE('',*,*,#1574,.T.);
#2156 = ORIENTED_EDGE('',*,*,#2135,.T.);
#2157 = ADVANCED_FACE('',(#2158),#1622,.F.);
#2158 = FACE_BOUND('',#2159,.F.);
#2159 = EDGE_LOOP('',(#2160,#2161,#2182,#2183));
#2160 = ORIENTED_EDGE('',*,*,#1887,.F.);
#2161 = ORIENTED_EDGE('',*,*,#2162,.F.);
#2162 = EDGE_CURVE('',#1606,#1888,#2163,.T.);
#2163 = SEAM_CURVE('',#2164,(#2168,#2175),.PCURVE_S1.);
#2164 = LINE('',#2165,#2166);
#2165 = CARTESIAN_POINT('',(-14.20181543606,-14.20181543606,-21.));
#2166 = VECTOR('',#2167,1.);
#2167 = DIRECTION('',(0.,0.,1.));
#2168 = PCURVE('',#1622,#2169);
#2169 = DEFINITIONAL_REPRESENTATION('',(#2170),#2174);
#2170 = LINE('',#2171,#2172);
#2171 = CARTESIAN_POINT('',(6.28318530718,-0.));
#2172 = VECTOR('',#2173,1.);
#2173 = DIRECTION('',(0.,1.));
#2174 = ( GEOMETRIC_REPRESENTATION_CONTEXT(2) 
PARAMETRIC_REPRESENTATION_CONTEXT() REPRESENTATION_CONTEXT('2D SPACE',''
  ) );
#2175 = PCURVE('',#1622,#2176);
#2176 = DEFINITIONAL_REPRESENTATION('',(#2177),#2181);
#2177 = LINE('',#2178,#2179);
#2178 = CARTESIAN_POINT('',(0.,-0.));
#2179 = VECTOR('',#2180,1.);
#2180 = DIRECTION('',(0.,1.));
#2181 = ( GEOMETRIC_REPRESENTATION_CONTEXT(2) 
PARAMETRIC_REPRESENTATION_CONTEXT() REPRESENTATION_CONTEXT('2D SPACE',''
  ) );
#2182 = ORIENTED_EDGE('',*,*,#1605,.T.);
#2183 = ORIENTED_EDGE('',*,*,#2162,.T.);
#2184 = ADVANCED_FACE('',(#2185),#1952,.F.);
#2185 = FACE_BOUND('',#2186,.F.);
#2186 = EDGE_LOOP('',(#2187));
#2187 = ORIENTED_EDGE('',*,*,#1937,.T.);
#2188 = ADVANCED_FACE('',(#2189),#2007,.F.);
#2189 = FACE_BOUND('',#2190,.F.);
#2190 = EDGE_LOOP('',(#2191));
#2191 = ORIENTED_EDGE('',*,*,#1992,.T.);
#2192 = ADVANCED_FACE('',(#2193),#2062,.F.);
#2193 = FACE_BOUND('',#2194,.F.);
#2194 = EDGE_LOOP('',(#2195));
#2195 = ORIENTED_EDGE('',*,*,#2047,.T.);
#2196 = ADVANCED_FACE('',(#2197),#2117,.F.);
#2197 = FACE_BOUND('',#2198,.F.);
#2198 = EDGE_LOOP('',(#2199));
#2199 = ORIENTED_EDGE('',*,*,#2102,.T.);
#2200 = ( GEOMETRIC_REPRESENTATION_CONTEXT(3) 
GLOBAL_UNCERTAINTY_ASSIGNED_CONTEXT((#2204)) 
GLOBAL_UNIT_ASSIGNED_CONTEXT((#2201,#2202,#2203)) REPRESENTATION_CONTEXT
('Context #1','3D Context with UNIT and UNCERTAINTY') );
#2201 = ( LENGTH_UNIT() NAMED_UNIT(*) SI_UNIT(.MILLI.,.METRE.) );
#2202 = ( NAMED_UNIT(*) PLANE_ANGLE_UNIT() SI_UNIT($,.RADIAN.) );
#2203 = ( NAMED_UNIT(*) SI_UNIT($,.STERADIAN.) SOLID_ANGLE_UNIT() );
#2204 = UNCERTAINTY_MEASURE_WITH_UNIT(LENGTH_MEASURE(1.E-06),#2201,
  'distance_accuracy_value','confusion accuracy');
#2205 = PRODUCT_RELATED_PRODUCT_CATEGORY('part',$,(#7));
ENDSEC;
END-ISO-10303-21;
