ISO-10303-21;
HEADER;
FILE_DESCRIPTION(('Open CASCADE Model'),'2;1');
FILE_NAME('Open CASCADE Shape Model','2026-10-08T04:03:22',('Author'),(
    'Open CASCADE'),'Open CASCADE STEP processor 8.0','build123d',
  'Unknown');
FILE_SCHEMA(('AUTOMOTIVE_DESIGN { 1 0 10303 214 1 1 1 1 }'));
ENDSEC;
DATA;
#1 = APPLICATION_PROTOCOL_DEFINITION('international standard',
  'automotive_design',2000,#2);
#2 = APPLICATION_CONTEXT(
  'core data for automotive mechanical design processes');
#3 = SHAPE_DEFINITION_REPRESENTATION(#4,#10);
#4 = PRODUCT_DEFINITION_SHAPE('','',#5);
#5 = PRODUCT_DEFINITION('design','',#6,#9);
#6 = PRODUCT_DEFINITION_FORMATION('','',#7);
#7 = PRODUCT('SOLID','SOLID','',(#8));
#8 = PRODUCT_CONTEXT('',#2,'mechanical');
#9 = PRODUCT_DEFINITION_CONTEXT('part definition',#2,'design');
#10 = ADVANCED_BREP_SHAPE_REPRESENTATION('',(#11,#15),#3059);
#11 = AXIS2_PLACEMENT_3D('',#12,#13,#14);
#12 = CARTESIAN_POINT('',(0.,0.,0.));
#13 = DIRECTION('',(0.,0.,1.));
#14 = DIRECTION('',(1.,0.,-0.));
#15 = MANIFOLD_SOLID_BREP('',#16);
#16 = CLOSED_SHELL('',(#17,#153,#226,#299,#1203,#1283,#2028,#2096,#2124,
    #2152,#2180,#2208,#2236,#2264,#2292,#2320,#2348,#2376,#2404,#2432,
    #2460,#2488,#2516,#2544,#2572,#2600,#2628,#2656,#2684,#2712,#2740,
    #2768,#2796,#2824,#2852,#2880,#2908,#2936,#2964,#2992,#3022,#3048));
#17 = ADVANCED_FACE('',(#18),#33,.T.);
#18 = FACE_BOUND('',#19,.T.);
#19 = EDGE_LOOP('',(#20,#56,#89,#122));
#20 = ORIENTED_EDGE('',*,*,#21,.T.);
#21 = EDGE_CURVE('',#22,#24,#26,.T.);
#22 = VERTEX_POINT('',#23);
#23 = CARTESIAN_POINT('',(26.06162719437,-23.56162719437,1.5));
#24 = VERTEX_POINT('',#25);
#25 = CARTESIAN_POINT('',(23.56162719437,26.06162719437,1.5));
#26 = SURFACE_CURVE('',#27,(#32,#44),.PCURVE_S1.);
#27 = CIRCLE('',#28,35.133441164577);
#28 = AXIS2_PLACEMENT_3D('',#29,#30,#31);
#29 = CARTESIAN_POINT('',(0.,0.,1.5));
#30 = DIRECTION('',(0.,0.,1.));
#31 = DIRECTION('',(0.741789768679,-0.670632491819,0.));
#32 = PCURVE('',#33,#38);
#33 = CONICAL_SURFACE('',#34,35.133441164577,8.872720536395E-02);
#34 = AXIS2_PLACEMENT_3D('',#35,#36,#37);
#35 = CARTESIAN_POINT('',(0.,0.,1.5));
#36 = DIRECTION('',(0.,0.,1.));
#37 = DIRECTION('',(1.,0.,-0.));
#38 = DEFINITIONAL_REPRESENTATION('',(#39),#43);
#39 = LINE('',#40,#41);
#40 = CARTESIAN_POINT('',(5.548124191577,0.));
#41 = VECTOR('',#42,1.);
#42 = DIRECTION('',(1.,0.));
#43 = ( GEOMETRIC_REPRESENTATION_CONTEXT(2) 
PARAMETRIC_REPRESENTATION_CONTEXT() REPRESENTATION_CONTEXT('2D SPACE',''
  ) );
#44 = PCURVE('',#45,#50);
#45 = PLANE('',#46);
#46 = AXIS2_PLACEMENT_3D('',#47,#48,#49);
#47 = CARTESIAN_POINT('',(0.,0.,1.5));
#48 = DIRECTION('',(0.,0.,1.));
#49 = DIRECTION('',(1.,0.,-0.));
#50 = DEFINITIONAL_REPRESENTATION('',(#51),#55);
#51 = CIRCLE('',#52,35.133441164577);
#52 = AXIS2_PLACEMENT_2D('',#53,#54);
#53 = CARTESIAN_POINT('',(0.,0.));
#54 = DIRECTION('',(0.741789768679,-0.670632491819));
#55 = ( GEOMETRIC_REPRESENTATION_CONTEXT(2) 
PARAMETRIC_REPRESENTATION_CONTEXT() REPRESENTATION_CONTEXT('2D SPACE',''
  ) );
#56 = ORIENTED_EDGE('',*,*,#57,.T.);
#57 = EDGE_CURVE('',#24,#58,#60,.T.);
#58 = VERTEX_POINT('',#59);
#59 = CARTESIAN_POINT('',(31.252884487381,33.75288448738,123.65));
#60 = SURFACE_CURVE('',#61,(#66,#77),.PCURVE_S1.);
#61 = HYPERBOLA('',#62,19.871307612208,1.767766952966);
#62 = AXIS2_PLACEMENT_3D('',#63,#64,#65);
#63 = CARTESIAN_POINT('',(-1.25,1.25,-393.4318181818));
#64 = DIRECTION('',(-0.707106781187,0.707106781187,0.));
#65 = DIRECTION('',(0.,0.,1.));
#66 = PCURVE('',#33,#67);
#67 = DEFINITIONAL_REPRESENTATION('',(#68),#76);
#68 = B_SPLINE_CURVE_WITH_KNOTS('',6,(#69,#70,#71,#72,#73,#74,#75),
  .UNSPECIFIED.,.F.,.F.,(7,7),(3.681949934117,3.951702020037),
  .PIECEWISE_BEZIER_KNOTS.);
#69 = CARTESIAN_POINT('',(7.118920518372,1.698184146319E-13));
#70 = CARTESIAN_POINT('',(7.116658386686,17.733123624453));
#71 = CARTESIAN_POINT('',(7.11451814336,36.424170064682));
#72 = CARTESIAN_POINT('',(7.112491599757,56.137657522747));
#73 = CARTESIAN_POINT('',(7.110571295012,76.943914678342));
#74 = CARTESIAN_POINT('',(7.108750401707,98.919856154505));
#75 = CARTESIAN_POINT('',(7.107022652348,122.15));
#76 = ( GEOMETRIC_REPRESENTATION_CONTEXT(2) 
PARAMETRIC_REPRESENTATION_CONTEXT() REPRESENTATION_CONTEXT('2D SPACE',''
  ) );
#77 = PCURVE('',#78,#83);
#78 = PLANE('',#79);
#79 = AXIS2_PLACEMENT_3D('',#80,#81,#82);
#80 = CARTESIAN_POINT('',(119.43935890027,121.93935890027,
    61.711569331794));
#81 = DIRECTION('',(-0.707106781187,0.707106781187,0.));
#82 = DIRECTION('',(0.707106781187,0.707106781187,0.));
#83 = DEFINITIONAL_REPRESENTATION('',(#84),#88);
#84 = ( BOUNDED_CURVE() B_SPLINE_CURVE(2,(#85,#86,#87),.UNSPECIFIED.,.F.
,.F.) B_SPLINE_CURVE_WITH_KNOTS((3,3),(3.681949934117,3.951702020037),
.PIECEWISE_BEZIER_KNOTS.) CURVE() GEOMETRIC_REPRESENTATION_ITEM() 
RATIONAL_B_SPLINE_CURVE((1.,1.009109570696,1.)) REPRESENTATION_ITEM('') 
  );
#85 = CARTESIAN_POINT('',(-135.591588508,60.211569331794));
#86 = CARTESIAN_POINT('',(-130.8814559421,7.332461181644));
#87 = CARTESIAN_POINT('',(-124.7145081325,-61.9384306682));
#88 = ( GEOMETRIC_REPRESENTATION_CONTEXT(2) 
PARAMETRIC_REPRESENTATION_CONTEXT() REPRESENTATION_CONTEXT('2D SPACE',''
  ) );
#89 = ORIENTED_EDGE('',*,*,#90,.T.);
#90 = EDGE_CURVE('',#58,#91,#93,.T.);
#91 = VERTEX_POINT('',#92);
#92 = CARTESIAN_POINT('',(33.75288448738,-31.25288448738,123.65));
#93 = SURFACE_CURVE('',#94,(#99,#106),.PCURVE_S1.);
#94 = CIRCLE('',#95,46.);
#95 = AXIS2_PLACEMENT_3D('',#96,#97,#98);
#96 = CARTESIAN_POINT('',(0.,0.,123.65));
#97 = DIRECTION('',(0.,0.,-1.));
#98 = DIRECTION('',(0.679410532334,0.733758358421,0.));
#99 = PCURVE('',#33,#100);
#100 = DEFINITIONAL_REPRESENTATION('',(#101),#105);
#101 = LINE('',#102,#103);
#102 = CARTESIAN_POINT('',(7.107022652348,122.15));
#103 = VECTOR('',#104,1.);
#104 = DIRECTION('',(-1.,-0.));
#105 = ( GEOMETRIC_REPRESENTATION_CONTEXT(2) 
PARAMETRIC_REPRESENTATION_CONTEXT() REPRESENTATION_CONTEXT('2D SPACE',''
  ) );
#106 = PCURVE('',#107,#112);
#107 = PLANE('',#108);
#108 = AXIS2_PLACEMENT_3D('',#109,#110,#111);
#109 = CARTESIAN_POINT('',(0.,0.,123.65));
#110 = DIRECTION('',(0.,0.,1.));
#111 = DIRECTION('',(1.,0.,-0.));
#112 = DEFINITIONAL_REPRESENTATION('',(#113),#121);
#113 = ( BOUNDED_CURVE() B_SPLINE_CURVE(2,(#114,#115,#116,#117,#118,#119
,#120),.UNSPECIFIED.,.T.,.F.) B_SPLINE_CURVE_WITH_KNOTS((1,2,2,2,2,1),(
    -2.094395102393,0.,2.094395102393,4.188790204786,6.28318530718,
8.377580409573),.UNSPECIFIED.) CURVE() GEOMETRIC_REPRESENTATION_ITEM() 
RATIONAL_B_SPLINE_CURVE((1.,0.5,1.,0.5,1.,0.5,1.)) REPRESENTATION_ITEM(
  '') );
#114 = CARTESIAN_POINT('',(31.252884487381,33.75288448738));
#115 = CARTESIAN_POINT('',(89.714595321527,-20.37869932784));
#116 = CARTESIAN_POINT('',(13.604413173383,-43.9422341513));
#117 = CARTESIAN_POINT('',(-62.50576897476,-67.50576897476));
#118 = CARTESIAN_POINT('',(-44.85729766076,10.189349663922));
#119 = CARTESIAN_POINT('',(-27.20882634676,87.884468302605));
#120 = CARTESIAN_POINT('',(31.252884487381,33.75288448738));
#121 = ( GEOMETRIC_REPRESENTATION_CONTEXT(2) 
PARAMETRIC_REPRESENTATION_CONTEXT() REPRESENTATION_CONTEXT('2D SPACE',''
  ) );
#122 = ORIENTED_EDGE('',*,*,#123,.T.);
#123 = EDGE_CURVE('',#91,#22,#124,.T.);
#124 = SURFACE_CURVE('',#125,(#130,#141),.PCURVE_S1.);
#125 = HYPERBOLA('',#126,19.871307612208,1.767766952966);
#126 = AXIS2_PLACEMENT_3D('',#127,#128,#129);
#127 = CARTESIAN_POINT('',(1.25,1.25,-393.4318181818));
#128 = DIRECTION('',(-0.707106781187,-0.707106781187,0.));
#129 = DIRECTION('',(0.,-0.,1.));
#130 = PCURVE('',#33,#131);
#131 = DEFINITIONAL_REPRESENTATION('',(#132),#140);
#132 = B_SPLINE_CURVE_WITH_KNOTS('',6,(#133,#134,#135,#136,#137,#138,
    #139),.UNSPECIFIED.,.F.,.F.,(7,7),(-3.951702020037,-3.681949934117),
  .PIECEWISE_BEZIER_KNOTS.);
#133 = CARTESIAN_POINT('',(5.536226325553,122.15));
#134 = CARTESIAN_POINT('',(5.537954074912,98.919856154505));
#135 = CARTESIAN_POINT('',(5.539774968217,76.94391467834));
#136 = CARTESIAN_POINT('',(5.541695272962,56.137657522751));
#137 = CARTESIAN_POINT('',(5.543721816565,36.42417006468));
#138 = CARTESIAN_POINT('',(5.545862059891,17.733123624453));
#139 = CARTESIAN_POINT('',(5.548124191577,1.698184146319E-13));
#140 = ( GEOMETRIC_REPRESENTATION_CONTEXT(2) 
PARAMETRIC_REPRESENTATION_CONTEXT() REPRESENTATION_CONTEXT('2D SPACE',''
  ) );
#141 = PCURVE('',#142,#147);
#142 = PLANE('',#143);
#143 = AXIS2_PLACEMENT_3D('',#144,#145,#146);
#144 = CARTESIAN_POINT('',(121.93935890027,-119.4393589002,
    61.711569331794));
#145 = DIRECTION('',(-0.707106781187,-0.707106781187,-0.));
#146 = DIRECTION('',(-0.707106781187,0.707106781187,0.));
#147 = DEFINITIONAL_REPRESENTATION('',(#148),#152);
#148 = ( BOUNDED_CURVE() B_SPLINE_CURVE(2,(#149,#150,#151),
.UNSPECIFIED.,.F.,.F.) B_SPLINE_CURVE_WITH_KNOTS((3,3),(-3.951702020037,
-3.681949934117),.PIECEWISE_BEZIER_KNOTS.) CURVE() 
GEOMETRIC_REPRESENTATION_ITEM() RATIONAL_B_SPLINE_CURVE((1.,
1.009109570696,1.)) REPRESENTATION_ITEM('') );
#149 = CARTESIAN_POINT('',(124.71450813258,-61.9384306682));
#150 = CARTESIAN_POINT('',(130.88145594213,7.332461181644));
#151 = CARTESIAN_POINT('',(135.59158850805,60.211569331794));
#152 = ( GEOMETRIC_REPRESENTATION_CONTEXT(2) 
PARAMETRIC_REPRESENTATION_CONTEXT() REPRESENTATION_CONTEXT('2D SPACE',''
  ) );
#153 = ADVANCED_FACE('',(#154),#142,.T.);
#154 = FACE_BOUND('',#155,.T.);
#155 = EDGE_LOOP('',(#156,#178,#179,#201));
#156 = ORIENTED_EDGE('',*,*,#157,.F.);
#157 = EDGE_CURVE('',#22,#158,#160,.T.);
#158 = VERTEX_POINT('',#159);
#159 = CARTESIAN_POINT('',(25.575327540925,-23.07532754092,1.5));
#160 = SURFACE_CURVE('',#161,(#165,#171),.PCURVE_S1.);
#161 = LINE('',#162,#163);
#162 = CARTESIAN_POINT('',(214.63203435596,-212.1320343559,1.5));
#163 = VECTOR('',#164,1.);
#164 = DIRECTION('',(-0.707106781187,0.707106781187,0.));
#165 = PCURVE('',#142,#166);
#166 = DEFINITIONAL_REPRESENTATION('',(#167),#170);
#167 = B_SPLINE_CURVE_WITH_KNOTS('',1,(#168,#169),.UNSPECIFIED.,.F.,.F.,
  (2,2),(0.,267.36655883542),.PIECEWISE_BEZIER_KNOTS.);
#168 = CARTESIAN_POINT('',(-131.087238762,60.211569331794));
#169 = CARTESIAN_POINT('',(136.27932007333,60.211569331794));
#170 = ( GEOMETRIC_REPRESENTATION_CONTEXT(2) 
PARAMETRIC_REPRESENTATION_CONTEXT() REPRESENTATION_CONTEXT('2D SPACE',''
  ) );
#171 = PCURVE('',#45,#172);
#172 = DEFINITIONAL_REPRESENTATION('',(#173),#177);
#173 = LINE('',#174,#175);
#174 = CARTESIAN_POINT('',(214.63203435596,-212.1320343559));
#175 = VECTOR('',#176,1.);
#176 = DIRECTION('',(-0.707106781187,0.707106781187));
#177 = ( GEOMETRIC_REPRESENTATION_CONTEXT(2) 
PARAMETRIC_REPRESENTATION_CONTEXT() REPRESENTATION_CONTEXT('2D SPACE',''
  ) );
#178 = ORIENTED_EDGE('',*,*,#123,.F.);
#179 = ORIENTED_EDGE('',*,*,#180,.F.);
#180 = EDGE_CURVE('',#181,#91,#183,.T.);
#181 = VERTEX_POINT('',#182);
#182 = CARTESIAN_POINT('',(33.259144981615,-30.75914498161,123.65));
#183 = SURFACE_CURVE('',#184,(#188,#194),.PCURVE_S1.);
#184 = LINE('',#185,#186);
#185 = CARTESIAN_POINT('',(33.259144981615,-30.75914498161,123.65));
#186 = VECTOR('',#187,1.);
#187 = DIRECTION('',(0.707106781187,-0.707106781187,0.));
#188 = PCURVE('',#142,#189);
#189 = DEFINITIONAL_REPRESENTATION('',(#190),#193);
#190 = B_SPLINE_CURVE_WITH_KNOTS('',1,(#191,#192),.UNSPECIFIED.,.F.,.F.,
  (2,2),(0.,256.5),.PIECEWISE_BEZIER_KNOTS.);
#191 = CARTESIAN_POINT('',(125.41276123791,-61.9384306682));
#192 = CARTESIAN_POINT('',(-131.087238762,-61.9384306682));
#193 = ( GEOMETRIC_REPRESENTATION_CONTEXT(2) 
PARAMETRIC_REPRESENTATION_CONTEXT() REPRESENTATION_CONTEXT('2D SPACE',''
  ) );
#194 = PCURVE('',#107,#195);
#195 = DEFINITIONAL_REPRESENTATION('',(#196),#200);
#196 = LINE('',#197,#198);
#197 = CARTESIAN_POINT('',(33.259144981615,-30.75914498161));
#198 = VECTOR('',#199,1.);
#199 = DIRECTION('',(0.707106781187,-0.707106781187));
#200 = ( GEOMETRIC_REPRESENTATION_CONTEXT(2) 
PARAMETRIC_REPRESENTATION_CONTEXT() REPRESENTATION_CONTEXT('2D SPACE',''
  ) );
#201 = ORIENTED_EDGE('',*,*,#202,.F.);
#202 = EDGE_CURVE('',#158,#181,#203,.T.);
#203 = SURFACE_CURVE('',#204,(#208,#214),.PCURVE_S1.);
#204 = LINE('',#205,#206);
#205 = CARTESIAN_POINT('',(25.575327540925,-23.07532754092,1.5));
#206 = VECTOR('',#207,1.);
#207 = DIRECTION('',(6.265732121346E-02,-6.265732121346E-02,
    0.996066323192));
#208 = PCURVE('',#142,#209);
#209 = DEFINITIONAL_REPRESENTATION('',(#210),#213);
#210 = B_SPLINE_CURVE_WITH_KNOTS('',1,(#211,#212),.UNSPECIFIED.,.F.,.F.,
  (2,2),(0.,122.63239621292),.PIECEWISE_BEZIER_KNOTS.);
#211 = CARTESIAN_POINT('',(136.27932007333,60.211569331794));
#212 = CARTESIAN_POINT('',(125.41276123791,-61.9384306682));
#213 = ( GEOMETRIC_REPRESENTATION_CONTEXT(2) 
PARAMETRIC_REPRESENTATION_CONTEXT() REPRESENTATION_CONTEXT('2D SPACE',''
  ) );
#214 = PCURVE('',#215,#220);
#215 = PLANE('',#216);
#216 = AXIS2_PLACEMENT_3D('',#217,#218,#219);
#217 = CARTESIAN_POINT('',(28.16723626127,-26.91723626127,62.575));
#218 = DIRECTION('',(-2.33862858818E-15,-0.998027347494,
    -6.278067899269E-02));
#219 = DIRECTION('',(0.,6.278067899269E-02,-0.998027347494));
#220 = DEFINITIONAL_REPRESENTATION('',(#221),#225);
#221 = LINE('',#222,#223);
#222 = CARTESIAN_POINT('',(61.195717886266,-2.591908720345));
#223 = VECTOR('',#224,1.);
#224 = DIRECTION('',(-0.998035099632,6.265732121346E-02));
#225 = ( GEOMETRIC_REPRESENTATION_CONTEXT(2) 
PARAMETRIC_REPRESENTATION_CONTEXT() REPRESENTATION_CONTEXT('2D SPACE',''
  ) );
#226 = ADVANCED_FACE('',(#227),#215,.T.);
#227 = FACE_BOUND('',#228,.T.);
#228 = EDGE_LOOP('',(#229,#251,#252,#274));
#229 = ORIENTED_EDGE('',*,*,#230,.F.);
#230 = EDGE_CURVE('',#158,#231,#233,.T.);
#231 = VERTEX_POINT('',#232);
#232 = CARTESIAN_POINT('',(23.075327540925,-23.07532754092,1.5));
#233 = SURFACE_CURVE('',#234,(#238,#244),.PCURVE_S1.);
#234 = LINE('',#235,#236);
#235 = CARTESIAN_POINT('',(25.575327540925,-23.07532754092,1.5));
#236 = VECTOR('',#237,1.);
#237 = DIRECTION('',(-1.,0.,0.));
#238 = PCURVE('',#215,#239);
#239 = DEFINITIONAL_REPRESENTATION('',(#240),#243);
#240 = B_SPLINE_CURVE_WITH_KNOTS('',1,(#241,#242),.UNSPECIFIED.,.F.,.F.,
  (2,2),(0.,2.5),.PIECEWISE_BEZIER_KNOTS.);
#241 = CARTESIAN_POINT('',(61.195717886266,-2.591908720345));
#242 = CARTESIAN_POINT('',(61.195717886266,-5.091908720345));
#243 = ( GEOMETRIC_REPRESENTATION_CONTEXT(2) 
PARAMETRIC_REPRESENTATION_CONTEXT() REPRESENTATION_CONTEXT('2D SPACE',''
  ) );
#244 = PCURVE('',#45,#245);
#245 = DEFINITIONAL_REPRESENTATION('',(#246),#250);
#246 = LINE('',#247,#248);
#247 = CARTESIAN_POINT('',(25.575327540925,-23.07532754092));
#248 = VECTOR('',#249,1.);
#249 = DIRECTION('',(-1.,0.));
#250 = ( GEOMETRIC_REPRESENTATION_CONTEXT(2) 
PARAMETRIC_REPRESENTATION_CONTEXT() REPRESENTATION_CONTEXT('2D SPACE',''
  ) );
#251 = ORIENTED_EDGE('',*,*,#202,.T.);
#252 = ORIENTED_EDGE('',*,*,#253,.F.);
#253 = EDGE_CURVE('',#254,#181,#256,.T.);
#254 = VERTEX_POINT('',#255);
#255 = CARTESIAN_POINT('',(30.759144981615,-30.75914498161,123.65));
#256 = SURFACE_CURVE('',#257,(#261,#267),.PCURVE_S1.);
#257 = LINE('',#258,#259);
#258 = CARTESIAN_POINT('',(30.759144981615,-30.75914498161,123.65));
#259 = VECTOR('',#260,1.);
#260 = DIRECTION('',(1.,0.,0.));
#261 = PCURVE('',#215,#262);
#262 = DEFINITIONAL_REPRESENTATION('',(#263),#266);
#263 = B_SPLINE_CURVE_WITH_KNOTS('',1,(#264,#265),.UNSPECIFIED.,.F.,.F.,
  (2,2),(0.,2.5),.PIECEWISE_BEZIER_KNOTS.);
#264 = CARTESIAN_POINT('',(-61.19571788626,2.591908720345));
#265 = CARTESIAN_POINT('',(-61.19571788626,5.091908720345));
#266 = ( GEOMETRIC_REPRESENTATION_CONTEXT(2) 
PARAMETRIC_REPRESENTATION_CONTEXT() REPRESENTATION_CONTEXT('2D SPACE',''
  ) );
#267 = PCURVE('',#107,#268);
#268 = DEFINITIONAL_REPRESENTATION('',(#269),#273);
#269 = LINE('',#270,#271);
#270 = CARTESIAN_POINT('',(30.759144981615,-30.75914498161));
#271 = VECTOR('',#272,1.);
#272 = DIRECTION('',(1.,0.));
#273 = ( GEOMETRIC_REPRESENTATION_CONTEXT(2) 
PARAMETRIC_REPRESENTATION_CONTEXT() REPRESENTATION_CONTEXT('2D SPACE',''
  ) );
#274 = ORIENTED_EDGE('',*,*,#275,.F.);
#275 = EDGE_CURVE('',#231,#254,#276,.T.);
#276 = SURFACE_CURVE('',#277,(#281,#287),.PCURVE_S1.);
#277 = LINE('',#278,#279);
#278 = CARTESIAN_POINT('',(23.075327540925,-23.07532754092,1.5));
#279 = VECTOR('',#280,1.);
#280 = DIRECTION('',(6.265732121346E-02,-6.265732121346E-02,
    0.996066323192));
#281 = PCURVE('',#215,#282);
#282 = DEFINITIONAL_REPRESENTATION('',(#283),#286);
#283 = B_SPLINE_CURVE_WITH_KNOTS('',1,(#284,#285),.UNSPECIFIED.,.F.,.F.,
  (2,2),(0.,122.63239621292),.PIECEWISE_BEZIER_KNOTS.);
#284 = CARTESIAN_POINT('',(61.195717886266,-5.091908720345));
#285 = CARTESIAN_POINT('',(-61.19571788626,2.591908720345));
#286 = ( GEOMETRIC_REPRESENTATION_CONTEXT(2) 
PARAMETRIC_REPRESENTATION_CONTEXT() REPRESENTATION_CONTEXT('2D SPACE',''
  ) );
#287 = PCURVE('',#288,#293);
#288 = PLANE('',#289);
#289 = AXIS2_PLACEMENT_3D('',#290,#291,#292);
#290 = CARTESIAN_POINT('',(13.543894538979,-13.54389453897,
    64.643065840243));
#291 = DIRECTION('',(-0.707106781187,-0.707106781187,-0.));
#292 = DIRECTION('',(-0.707106781187,0.707106781187,0.));
#293 = DEFINITIONAL_REPRESENTATION('',(#294),#298);
#294 = LINE('',#295,#296);
#295 = CARTESIAN_POINT('',(-13.4794818202,63.143065840243));
#296 = VECTOR('',#297,1.);
#297 = DIRECTION('',(-8.861083344205E-02,-0.996066323192));
#298 = ( GEOMETRIC_REPRESENTATION_CONTEXT(2) 
PARAMETRIC_REPRESENTATION_CONTEXT() REPRESENTATION_CONTEXT('2D SPACE',''
  ) );
#299 = ADVANCED_FACE('',(#300),#288,.T.);
#300 = FACE_BOUND('',#301,.T.);
#301 = EDGE_LOOP('',(#302,#324,#325,#347,#373,#399,#425,#451,#477,#503,
    #529,#555,#581,#607,#633,#659,#685,#711,#737,#763,#789,#815,#841,
    #867,#893,#919,#945,#971,#997,#1023,#1049,#1075,#1101,#1127,#1153,
    #1179));
#302 = ORIENTED_EDGE('',*,*,#303,.F.);
#303 = EDGE_CURVE('',#231,#304,#306,.T.);
#304 = VERTEX_POINT('',#305);
#305 = CARTESIAN_POINT('',(11.818818709223,-11.81881870922,1.5));
#306 = SURFACE_CURVE('',#307,(#311,#317),.PCURVE_S1.);
#307 = LINE('',#308,#309);
#308 = CARTESIAN_POINT('',(23.075327540925,-23.07532754092,1.5));
#309 = VECTOR('',#310,1.);
#310 = DIRECTION('',(-0.707106781187,0.707106781187,0.));
#311 = PCURVE('',#288,#312);
#312 = DEFINITIONAL_REPRESENTATION('',(#313),#316);
#313 = B_SPLINE_CURVE_WITH_KNOTS('',1,(#314,#315),.UNSPECIFIED.,.F.,.F.,
  (2,2),(0.,32.633441164577),.PIECEWISE_BEZIER_KNOTS.);
#314 = CARTESIAN_POINT('',(-13.4794818202,63.143065840243));
#315 = CARTESIAN_POINT('',(19.153959344375,63.143065840243));
#316 = ( GEOMETRIC_REPRESENTATION_CONTEXT(2) 
PARAMETRIC_REPRESENTATION_CONTEXT() REPRESENTATION_CONTEXT('2D SPACE',''
  ) );
#317 = PCURVE('',#45,#318);
#318 = DEFINITIONAL_REPRESENTATION('',(#319),#323);
#319 = LINE('',#320,#321);
#320 = CARTESIAN_POINT('',(23.075327540925,-23.07532754092));
#321 = VECTOR('',#322,1.);
#322 = DIRECTION('',(-0.707106781187,0.707106781187));
#323 = ( GEOMETRIC_REPRESENTATION_CONTEXT(2) 
PARAMETRIC_REPRESENTATION_CONTEXT() REPRESENTATION_CONTEXT('2D SPACE',''
  ) );
#324 = ORIENTED_EDGE('',*,*,#275,.T.);
#325 = ORIENTED_EDGE('',*,*,#326,.F.);
#326 = EDGE_CURVE('',#327,#254,#329,.T.);
#327 = VERTEX_POINT('',#328);
#328 = CARTESIAN_POINT('',(28.991378028648,-28.99137802864,123.65));
#329 = SURFACE_CURVE('',#330,(#334,#340),.PCURVE_S1.);
#330 = LINE('',#331,#332);
#331 = CARTESIAN_POINT('',(0.,0.,123.65));
#332 = VECTOR('',#333,1.);
#333 = DIRECTION('',(0.707106781187,-0.707106781187,0.));
#334 = PCURVE('',#288,#335);
#335 = DEFINITIONAL_REPRESENTATION('',(#336),#339);
#336 = B_SPLINE_CURVE_WITH_KNOTS('',1,(#337,#338),.UNSPECIFIED.,.F.,.F.,
  (2,2),(0.,43.5),.PIECEWISE_BEZIER_KNOTS.);
#337 = CARTESIAN_POINT('',(19.153959344375,-59.00693415975));
#338 = CARTESIAN_POINT('',(-24.34604065562,-59.00693415975));
#339 = ( GEOMETRIC_REPRESENTATION_CONTEXT(2) 
PARAMETRIC_REPRESENTATION_CONTEXT() REPRESENTATION_CONTEXT('2D SPACE',''
  ) );
#340 = PCURVE('',#107,#341);
#341 = DEFINITIONAL_REPRESENTATION('',(#342),#346);
#342 = LINE('',#343,#344);
#343 = CARTESIAN_POINT('',(0.,0.));
#344 = VECTOR('',#345,1.);
#345 = DIRECTION('',(0.707106781187,-0.707106781187));
#346 = ( GEOMETRIC_REPRESENTATION_CONTEXT(2) 
PARAMETRIC_REPRESENTATION_CONTEXT() REPRESENTATION_CONTEXT('2D SPACE',''
  ) );
#347 = ORIENTED_EDGE('',*,*,#348,.F.);
#348 = EDGE_CURVE('',#349,#327,#351,.T.);
#349 = VERTEX_POINT('',#350);
#350 = CARTESIAN_POINT('',(25.1263959567,-25.1263959567,118.6347109709)
  );
#351 = SURFACE_CURVE('',#352,(#356,#362),.PCURVE_S1.);
#352 = LINE('',#353,#354);
#353 = CARTESIAN_POINT('',(0.,0.,86.03012558434));
#354 = VECTOR('',#355,1.);
#355 = DIRECTION('',(0.521015329988,-0.521015329988,0.676081394386));
#356 = PCURVE('',#288,#357);
#357 = DEFINITIONAL_REPRESENTATION('',(#358),#361);
#358 = B_SPLINE_CURVE_WITH_KNOTS('',1,(#359,#360),.UNSPECIFIED.,.F.,.F.,
  (2,2),(48.225828513106,55.644001932374),.PIECEWISE_BEZIER_KNOTS.);
#359 = CARTESIAN_POINT('',(-16.38013059114,-53.99164513066));
#360 = CARTESIAN_POINT('',(-21.84604065562,-59.00693415975));
#361 = ( GEOMETRIC_REPRESENTATION_CONTEXT(2) 
PARAMETRIC_REPRESENTATION_CONTEXT() REPRESENTATION_CONTEXT('2D SPACE',''
  ) );
#362 = PCURVE('',#363,#368);
#363 = CONICAL_SURFACE('',#364,35.534089935522,0.828364974068);
#364 = AXIS2_PLACEMENT_3D('',#365,#366,#367);
#365 = CARTESIAN_POINT('',(0.,0.,118.6347109709));
#366 = DIRECTION('',(0.,0.,1.));
#367 = DIRECTION('',(1.,0.,-0.));
#368 = DEFINITIONAL_REPRESENTATION('',(#369),#372);
#369 = B_SPLINE_CURVE_WITH_KNOTS('',1,(#370,#371),.UNSPECIFIED.,.F.,.F.,
  (2,2),(48.225828513106,55.644001932374),.PIECEWISE_BEZIER_KNOTS.);
#370 = CARTESIAN_POINT('',(5.497787143782,0.));
#371 = CARTESIAN_POINT('',(5.497787143782,5.015289029096));
#372 = ( GEOMETRIC_REPRESENTATION_CONTEXT(2) 
PARAMETRIC_REPRESENTATION_CONTEXT() REPRESENTATION_CONTEXT('2D SPACE',''
  ) );
#373 = ORIENTED_EDGE('',*,*,#374,.F.);
#374 = EDGE_CURVE('',#375,#349,#377,.T.);
#375 = VERTEX_POINT('',#376);
#376 = CARTESIAN_POINT('',(25.063738635487,-25.06373863548,
    117.63864464771));
#377 = SURFACE_CURVE('',#378,(#382,#388),.PCURVE_S1.);
#378 = LINE('',#379,#380);
#379 = CARTESIAN_POINT('',(0.,0.,-280.8007636224));
#380 = VECTOR('',#381,1.);
#381 = DIRECTION('',(6.265732121346E-02,-6.265732121346E-02,
    0.996066323192));
#382 = PCURVE('',#288,#383);
#383 = DEFINITIONAL_REPRESENTATION('',(#384),#387);
#384 = B_SPLINE_CURVE_WITH_KNOTS('',1,(#385,#386),.UNSPECIFIED.,.F.,.F.,
  (2,2),(400.01292985538,401.01292985538),.PIECEWISE_BEZIER_KNOTS.);
#385 = CARTESIAN_POINT('',(-16.2915197577,-52.99557880746));
#386 = CARTESIAN_POINT('',(-16.38013059114,-53.99164513066));
#387 = ( GEOMETRIC_REPRESENTATION_CONTEXT(2) 
PARAMETRIC_REPRESENTATION_CONTEXT() REPRESENTATION_CONTEXT('2D SPACE',''
  ) );
#388 = PCURVE('',#389,#394);
#389 = CONICAL_SURFACE('',#390,35.44547910208,8.872720536395E-02);
#390 = AXIS2_PLACEMENT_3D('',#391,#392,#393);
#391 = CARTESIAN_POINT('',(0.,0.,117.63864464771));
#392 = DIRECTION('',(0.,0.,1.));
#393 = DIRECTION('',(1.,0.,-0.));
#394 = DEFINITIONAL_REPRESENTATION('',(#395),#398);
#395 = B_SPLINE_CURVE_WITH_KNOTS('',1,(#396,#397),.UNSPECIFIED.,.F.,.F.,
  (2,2),(400.01292985538,401.01292985538),.PIECEWISE_BEZIER_KNOTS.);
#396 = CARTESIAN_POINT('',(5.497787143782,5.661981522233E-14));
#397 = CARTESIAN_POINT('',(5.497787143782,0.996066323192));
#398 = ( GEOMETRIC_REPRESENTATION_CONTEXT(2) 
PARAMETRIC_REPRESENTATION_CONTEXT() REPRESENTATION_CONTEXT('2D SPACE',''
  ) );
#399 = ORIENTED_EDGE('',*,*,#400,.T.);
#400 = EDGE_CURVE('',#375,#401,#403,.T.);
#401 = VERTEX_POINT('',#402);
#402 = CARTESIAN_POINT('',(28.242009079943,-28.24200907994,
    111.73724728419));
#403 = SURFACE_CURVE('',#404,(#408,#414),.PCURVE_S1.);
#404 = LINE('',#405,#406);
#405 = CARTESIAN_POINT('',(0.,0.,164.17687469711));
#406 = VECTOR('',#407,1.);
#407 = DIRECTION('',(0.428443804805,-0.428443804805,-0.795532408044));
#408 = PCURVE('',#288,#409);
#409 = DEFINITIONAL_REPRESENTATION('',(#410),#413);
#410 = B_SPLINE_CURVE_WITH_KNOTS('',1,(#411,#412),.UNSPECIFIED.,.F.,.F.,
  (2,2),(58.499477304565,65.917650723833),.PIECEWISE_BEZIER_KNOTS.);
#411 = CARTESIAN_POINT('',(-16.2915197577,-52.99557880746));
#412 = CARTESIAN_POINT('',(-20.78627292514,-47.09418144395));
#413 = ( GEOMETRIC_REPRESENTATION_CONTEXT(2) 
PARAMETRIC_REPRESENTATION_CONTEXT() REPRESENTATION_CONTEXT('2D SPACE',''
  ) );
#414 = PCURVE('',#415,#420);
#415 = CONICAL_SURFACE('',#416,39.94023226952,0.65091056334);
#416 = AXIS2_PLACEMENT_3D('',#417,#418,#419);
#417 = CARTESIAN_POINT('',(0.,0.,111.73724728419));
#418 = DIRECTION('',(-0.,-0.,-1.));
#419 = DIRECTION('',(1.,0.,-0.));
#420 = DEFINITIONAL_REPRESENTATION('',(#421),#424);
#421 = B_SPLINE_CURVE_WITH_KNOTS('',1,(#422,#423),.UNSPECIFIED.,.F.,.F.,
  (2,2),(58.499477304565,65.917650723833),.PIECEWISE_BEZIER_KNOTS.);
#422 = CARTESIAN_POINT('',(-5.497787143782,-5.901397363517));
#423 = CARTESIAN_POINT('',(-5.497787143782,1.130519547195E-14));
#424 = ( GEOMETRIC_REPRESENTATION_CONTEXT(2) 
PARAMETRIC_REPRESENTATION_CONTEXT() REPRESENTATION_CONTEXT('2D SPACE',''
  ) );
#425 = ORIENTED_EDGE('',*,*,#426,.F.);
#426 = EDGE_CURVE('',#427,#401,#429,.T.);
#427 = VERTEX_POINT('',#428);
#428 = CARTESIAN_POINT('',(24.377027007995,-24.37702700799,
    106.72195825509));
#429 = SURFACE_CURVE('',#430,(#434,#440),.PCURVE_S1.);
#430 = LINE('',#431,#432);
#431 = CARTESIAN_POINT('',(0.,0.,75.089771135131));
#432 = VECTOR('',#433,1.);
#433 = DIRECTION('',(0.521015329988,-0.521015329988,0.676081394386));
#434 = PCURVE('',#288,#435);
#435 = DEFINITIONAL_REPRESENTATION('',(#436),#439);
#436 = B_SPLINE_CURVE_WITH_KNOTS('',1,(#437,#438),.UNSPECIFIED.,.F.,.F.,
  (2,2),(46.787542716943,54.205716136211),.PIECEWISE_BEZIER_KNOTS.);
#437 = CARTESIAN_POINT('',(-15.32036286066,-42.07889241485));
#438 = CARTESIAN_POINT('',(-20.78627292514,-47.09418144395));
#439 = ( GEOMETRIC_REPRESENTATION_CONTEXT(2) 
PARAMETRIC_REPRESENTATION_CONTEXT() REPRESENTATION_CONTEXT('2D SPACE',''
  ) );
#440 = PCURVE('',#441,#446);
#441 = CONICAL_SURFACE('',#442,34.474322205042,0.828364974068);
#442 = AXIS2_PLACEMENT_3D('',#443,#444,#445);
#443 = CARTESIAN_POINT('',(0.,0.,106.72195825509));
#444 = DIRECTION('',(0.,0.,1.));
#445 = DIRECTION('',(1.,0.,-0.));
#446 = DEFINITIONAL_REPRESENTATION('',(#447),#450);
#447 = B_SPLINE_CURVE_WITH_KNOTS('',1,(#448,#449),.UNSPECIFIED.,.F.,.F.,
  (2,2),(46.787542716943,54.205716136211),.PIECEWISE_BEZIER_KNOTS.);
#448 = CARTESIAN_POINT('',(5.497787143782,-4.803847235636E-15));
#449 = CARTESIAN_POINT('',(5.497787143782,5.015289029096));
#450 = ( GEOMETRIC_REPRESENTATION_CONTEXT(2) 
PARAMETRIC_REPRESENTATION_CONTEXT() REPRESENTATION_CONTEXT('2D SPACE',''
  ) );
#451 = ORIENTED_EDGE('',*,*,#452,.F.);
#452 = EDGE_CURVE('',#453,#427,#455,.T.);
#453 = VERTEX_POINT('',#454);
#454 = CARTESIAN_POINT('',(24.314369686782,-24.31436968678,
    105.7258919319));
#455 = SURFACE_CURVE('',#456,(#460,#466),.PCURVE_S1.);
#456 = LINE('',#457,#458);
#457 = CARTESIAN_POINT('',(0.,0.,-280.8007636224));
#458 = VECTOR('',#459,1.);
#459 = DIRECTION('',(6.265732121346E-02,-6.265732121346E-02,
    0.996066323192));
#460 = PCURVE('',#288,#461);
#461 = DEFINITIONAL_REPRESENTATION('',(#462),#465);
#462 = B_SPLINE_CURVE_WITH_KNOTS('',1,(#463,#464),.UNSPECIFIED.,.F.,.F.,
  (2,2),(388.0531311568,389.0531311568),.PIECEWISE_BEZIER_KNOTS.);
#463 = CARTESIAN_POINT('',(-15.23175202722,-41.08282609166));
#464 = CARTESIAN_POINT('',(-15.32036286066,-42.07889241485));
#465 = ( GEOMETRIC_REPRESENTATION_CONTEXT(2) 
PARAMETRIC_REPRESENTATION_CONTEXT() REPRESENTATION_CONTEXT('2D SPACE',''
  ) );
#466 = PCURVE('',#467,#472);
#467 = CONICAL_SURFACE('',#468,34.3857113716,8.872720536395E-02);
#468 = AXIS2_PLACEMENT_3D('',#469,#470,#471);
#469 = CARTESIAN_POINT('',(0.,0.,105.7258919319));
#470 = DIRECTION('',(0.,0.,1.));
#471 = DIRECTION('',(1.,0.,-0.));
#472 = DEFINITIONAL_REPRESENTATION('',(#473),#476);
#473 = B_SPLINE_CURVE_WITH_KNOTS('',1,(#474,#475),.UNSPECIFIED.,.F.,.F.,
  (2,2),(388.0531311568,389.0531311568),.PIECEWISE_BEZIER_KNOTS.);
#474 = CARTESIAN_POINT('',(5.497787143782,0.));
#475 = CARTESIAN_POINT('',(5.497787143782,0.996066323192));
#476 = ( GEOMETRIC_REPRESENTATION_CONTEXT(2) 
PARAMETRIC_REPRESENTATION_CONTEXT() REPRESENTATION_CONTEXT('2D SPACE',''
  ) );
#477 = ORIENTED_EDGE('',*,*,#478,.T.);
#478 = EDGE_CURVE('',#453,#479,#481,.T.);
#479 = VERTEX_POINT('',#480);
#480 = CARTESIAN_POINT('',(27.492640131238,-27.49264013123,
    99.824494568391));
#481 = SURFACE_CURVE('',#482,(#486,#492),.PCURVE_S1.);
#482 = LINE('',#483,#484);
#483 = CARTESIAN_POINT('',(0.,0.,150.87269730066));
#484 = VECTOR('',#485,1.);
#485 = DIRECTION('',(0.428443804805,-0.428443804805,-0.795532408044));
#486 = PCURVE('',#288,#487);
#487 = DEFINITIONAL_REPRESENTATION('',(#488),#491);
#488 = B_SPLINE_CURVE_WITH_KNOTS('',1,(#489,#490),.UNSPECIFIED.,.F.,.F.,
  (2,2),(56.750428910586,64.168602329854),.PIECEWISE_BEZIER_KNOTS.);
#489 = CARTESIAN_POINT('',(-15.23175202722,-41.08282609166));
#490 = CARTESIAN_POINT('',(-19.72650519466,-35.18142872814));
#491 = ( GEOMETRIC_REPRESENTATION_CONTEXT(2) 
PARAMETRIC_REPRESENTATION_CONTEXT() REPRESENTATION_CONTEXT('2D SPACE',''
  ) );
#492 = PCURVE('',#493,#498);
#493 = CONICAL_SURFACE('',#494,38.88046453904,0.65091056334);
#494 = AXIS2_PLACEMENT_3D('',#495,#496,#497);
#495 = CARTESIAN_POINT('',(0.,0.,99.824494568391));
#496 = DIRECTION('',(-0.,-0.,-1.));
#497 = DIRECTION('',(1.,0.,-0.));
#498 = DEFINITIONAL_REPRESENTATION('',(#499),#502);
#499 = B_SPLINE_CURVE_WITH_KNOTS('',1,(#500,#501),.UNSPECIFIED.,.F.,.F.,
  (2,2),(56.750428910586,64.168602329854),.PIECEWISE_BEZIER_KNOTS.);
#500 = CARTESIAN_POINT('',(-5.497787143782,-5.901397363517));
#501 = CARTESIAN_POINT('',(-5.497787143782,0.));
#502 = ( GEOMETRIC_REPRESENTATION_CONTEXT(2) 
PARAMETRIC_REPRESENTATION_CONTEXT() REPRESENTATION_CONTEXT('2D SPACE',''
  ) );
#503 = ORIENTED_EDGE('',*,*,#504,.F.);
#504 = EDGE_CURVE('',#505,#479,#507,.T.);
#505 = VERTEX_POINT('',#506);
#506 = CARTESIAN_POINT('',(23.62765805929,-23.62765805929,
    94.809205539295));
#507 = SURFACE_CURVE('',#508,(#512,#518),.PCURVE_S1.);
#508 = LINE('',#509,#510);
#509 = CARTESIAN_POINT('',(0.,0.,64.149416685922));
#510 = VECTOR('',#511,1.);
#511 = DIRECTION('',(0.521015329988,-0.521015329988,0.676081394386));
#512 = PCURVE('',#288,#513);
#513 = DEFINITIONAL_REPRESENTATION('',(#514),#517);
#514 = B_SPLINE_CURVE_WITH_KNOTS('',1,(#515,#516),.UNSPECIFIED.,.F.,.F.,
  (2,2),(45.34925692078,52.767430340047),.PIECEWISE_BEZIER_KNOTS.);
#515 = CARTESIAN_POINT('',(-14.26059513018,-30.16613969905));
#516 = CARTESIAN_POINT('',(-19.72650519466,-35.18142872814));
#517 = ( GEOMETRIC_REPRESENTATION_CONTEXT(2) 
PARAMETRIC_REPRESENTATION_CONTEXT() REPRESENTATION_CONTEXT('2D SPACE',''
  ) );
#518 = PCURVE('',#519,#524);
#519 = CONICAL_SURFACE('',#520,33.414554474562,0.828364974068);
#520 = AXIS2_PLACEMENT_3D('',#521,#522,#523);
#521 = CARTESIAN_POINT('',(0.,0.,94.809205539295));
#522 = DIRECTION('',(0.,0.,1.));
#523 = DIRECTION('',(1.,0.,-0.));
#524 = DEFINITIONAL_REPRESENTATION('',(#525),#528);
#525 = B_SPLINE_CURVE_WITH_KNOTS('',1,(#526,#527),.UNSPECIFIED.,.F.,.F.,
  (2,2),(45.34925692078,52.767430340047),.PIECEWISE_BEZIER_KNOTS.);
#526 = CARTESIAN_POINT('',(5.497787143782,-4.803847235636E-15));
#527 = CARTESIAN_POINT('',(5.497787143782,5.015289029096));
#528 = ( GEOMETRIC_REPRESENTATION_CONTEXT(2) 
PARAMETRIC_REPRESENTATION_CONTEXT() REPRESENTATION_CONTEXT('2D SPACE',''
  ) );
#529 = ORIENTED_EDGE('',*,*,#530,.F.);
#530 = EDGE_CURVE('',#531,#505,#533,.T.);
#531 = VERTEX_POINT('',#532);
#532 = CARTESIAN_POINT('',(23.565000738077,-23.56500073807,
    93.813139216103));
#533 = SURFACE_CURVE('',#534,(#538,#544),.PCURVE_S1.);
#534 = LINE('',#535,#536);
#535 = CARTESIAN_POINT('',(0.,0.,-280.8007636224));
#536 = VECTOR('',#537,1.);
#537 = DIRECTION('',(6.265732121346E-02,-6.265732121346E-02,
    0.996066323192));
#538 = PCURVE('',#288,#539);
#539 = DEFINITIONAL_REPRESENTATION('',(#540),#543);
#540 = B_SPLINE_CURVE_WITH_KNOTS('',1,(#541,#542),.UNSPECIFIED.,.F.,.F.,
  (2,2),(376.09333245822,377.09333245822),.PIECEWISE_BEZIER_KNOTS.);
#541 = CARTESIAN_POINT('',(-14.17198429674,-29.17007337586));
#542 = CARTESIAN_POINT('',(-14.26059513018,-30.16613969905));
#543 = ( GEOMETRIC_REPRESENTATION_CONTEXT(2) 
PARAMETRIC_REPRESENTATION_CONTEXT() REPRESENTATION_CONTEXT('2D SPACE',''
  ) );
#544 = PCURVE('',#545,#550);
#545 = CONICAL_SURFACE('',#546,33.32594364112,8.872720536395E-02);
#546 = AXIS2_PLACEMENT_3D('',#547,#548,#549);
#547 = CARTESIAN_POINT('',(0.,0.,93.813139216103));
#548 = DIRECTION('',(0.,0.,1.));
#549 = DIRECTION('',(1.,0.,-0.));
#550 = DEFINITIONAL_REPRESENTATION('',(#551),#554);
#551 = B_SPLINE_CURVE_WITH_KNOTS('',1,(#552,#553),.UNSPECIFIED.,.F.,.F.,
  (2,2),(376.09333245822,377.09333245822),.PIECEWISE_BEZIER_KNOTS.);
#552 = CARTESIAN_POINT('',(5.497787143782,5.661981522233E-14));
#553 = CARTESIAN_POINT('',(5.497787143782,0.996066323192));
#554 = ( GEOMETRIC_REPRESENTATION_CONTEXT(2) 
PARAMETRIC_REPRESENTATION_CONTEXT() REPRESENTATION_CONTEXT('2D SPACE',''
  ) );
#555 = ORIENTED_EDGE('',*,*,#556,.T.);
#556 = EDGE_CURVE('',#531,#557,#559,.T.);
#557 = VERTEX_POINT('',#558);
#558 = CARTESIAN_POINT('',(26.743271182533,-26.74327118253,
    87.911741852586));
#559 = SURFACE_CURVE('',#560,(#564,#570),.PCURVE_S1.);
#560 = LINE('',#561,#562);
#561 = CARTESIAN_POINT('',(0.,0.,137.56851990421));
#562 = VECTOR('',#563,1.);
#563 = DIRECTION('',(0.428443804805,-0.428443804805,-0.795532408044));
#564 = PCURVE('',#288,#565);
#565 = DEFINITIONAL_REPRESENTATION('',(#566),#569);
#566 = B_SPLINE_CURVE_WITH_KNOTS('',1,(#567,#568),.UNSPECIFIED.,.F.,.F.,
  (2,2),(55.001380516606,62.419553935874),.PIECEWISE_BEZIER_KNOTS.);
#567 = CARTESIAN_POINT('',(-14.17198429674,-29.17007337586));
#568 = CARTESIAN_POINT('',(-18.66673746418,-23.26867601234));
#569 = ( GEOMETRIC_REPRESENTATION_CONTEXT(2) 
PARAMETRIC_REPRESENTATION_CONTEXT() REPRESENTATION_CONTEXT('2D SPACE',''
  ) );
#570 = PCURVE('',#571,#576);
#571 = CONICAL_SURFACE('',#572,37.82069680856,0.65091056334);
#572 = AXIS2_PLACEMENT_3D('',#573,#574,#575);
#573 = CARTESIAN_POINT('',(0.,0.,87.911741852586));
#574 = DIRECTION('',(-0.,-0.,-1.));
#575 = DIRECTION('',(1.,0.,-0.));
#576 = DEFINITIONAL_REPRESENTATION('',(#577),#580);
#577 = B_SPLINE_CURVE_WITH_KNOTS('',1,(#578,#579),.UNSPECIFIED.,.F.,.F.,
  (2,2),(55.001380516606,62.419553935874),.PIECEWISE_BEZIER_KNOTS.);
#578 = CARTESIAN_POINT('',(-5.497787143782,-5.901397363517));
#579 = CARTESIAN_POINT('',(-5.497787143782,5.652597735973E-15));
#580 = ( GEOMETRIC_REPRESENTATION_CONTEXT(2) 
PARAMETRIC_REPRESENTATION_CONTEXT() REPRESENTATION_CONTEXT('2D SPACE',''
  ) );
#581 = ORIENTED_EDGE('',*,*,#582,.F.);
#582 = EDGE_CURVE('',#583,#557,#585,.T.);
#583 = VERTEX_POINT('',#584);
#584 = CARTESIAN_POINT('',(22.878289110585,-22.87828911058,
    82.89645282349));
#585 = SURFACE_CURVE('',#586,(#590,#596),.PCURVE_S1.);
#586 = LINE('',#587,#588);
#587 = CARTESIAN_POINT('',(0.,0.,53.209062236713));
#588 = VECTOR('',#589,1.);
#589 = DIRECTION('',(0.521015329988,-0.521015329988,0.676081394386));
#590 = PCURVE('',#288,#591);
#591 = DEFINITIONAL_REPRESENTATION('',(#592),#595);
#592 = B_SPLINE_CURVE_WITH_KNOTS('',1,(#593,#594),.UNSPECIFIED.,.F.,.F.,
  (2,2),(43.910971124616,51.329144543884),.PIECEWISE_BEZIER_KNOTS.);
#593 = CARTESIAN_POINT('',(-13.2008273997,-18.25338698324));
#594 = CARTESIAN_POINT('',(-18.66673746418,-23.26867601234));
#595 = ( GEOMETRIC_REPRESENTATION_CONTEXT(2) 
PARAMETRIC_REPRESENTATION_CONTEXT() REPRESENTATION_CONTEXT('2D SPACE',''
  ) );
#596 = PCURVE('',#597,#602);
#597 = CONICAL_SURFACE('',#598,32.354786744082,0.828364974068);
#598 = AXIS2_PLACEMENT_3D('',#599,#600,#601);
#599 = CARTESIAN_POINT('',(0.,0.,82.89645282349));
#600 = DIRECTION('',(0.,0.,1.));
#601 = DIRECTION('',(1.,0.,-0.));
#602 = DEFINITIONAL_REPRESENTATION('',(#603),#606);
#603 = B_SPLINE_CURVE_WITH_KNOTS('',1,(#604,#605),.UNSPECIFIED.,.F.,.F.,
  (2,2),(43.910971124616,51.329144543884),.PIECEWISE_BEZIER_KNOTS.);
#604 = CARTESIAN_POINT('',(5.497787143782,0.));
#605 = CARTESIAN_POINT('',(5.497787143782,5.015289029096));
#606 = ( GEOMETRIC_REPRESENTATION_CONTEXT(2) 
PARAMETRIC_REPRESENTATION_CONTEXT() REPRESENTATION_CONTEXT('2D SPACE',''
  ) );
#607 = ORIENTED_EDGE('',*,*,#608,.F.);
#608 = EDGE_CURVE('',#609,#583,#611,.T.);
#609 = VERTEX_POINT('',#610);
#610 = CARTESIAN_POINT('',(22.815631789372,-22.81563178937,
    81.900386500298));
#611 = SURFACE_CURVE('',#612,(#616,#622),.PCURVE_S1.);
#612 = LINE('',#613,#614);
#613 = CARTESIAN_POINT('',(0.,0.,-280.8007636224));
#614 = VECTOR('',#615,1.);
#615 = DIRECTION('',(6.265732121346E-02,-6.265732121346E-02,
    0.996066323192));
#616 = PCURVE('',#288,#617);
#617 = DEFINITIONAL_REPRESENTATION('',(#618),#621);
#618 = B_SPLINE_CURVE_WITH_KNOTS('',1,(#619,#620),.UNSPECIFIED.,.F.,.F.,
  (2,2),(364.13353375965,365.13353375965),.PIECEWISE_BEZIER_KNOTS.);
#619 = CARTESIAN_POINT('',(-13.11221656626,-17.25732066005));
#620 = CARTESIAN_POINT('',(-13.2008273997,-18.25338698324));
#621 = ( GEOMETRIC_REPRESENTATION_CONTEXT(2) 
PARAMETRIC_REPRESENTATION_CONTEXT() REPRESENTATION_CONTEXT('2D SPACE',''
  ) );
#622 = PCURVE('',#623,#628);
#623 = CONICAL_SURFACE('',#624,32.26617591064,8.872720536395E-02);
#624 = AXIS2_PLACEMENT_3D('',#625,#626,#627);
#625 = CARTESIAN_POINT('',(0.,0.,81.900386500298));
#626 = DIRECTION('',(0.,0.,1.));
#627 = DIRECTION('',(1.,0.,-0.));
#628 = DEFINITIONAL_REPRESENTATION('',(#629),#632);
#629 = B_SPLINE_CURVE_WITH_KNOTS('',1,(#630,#631),.UNSPECIFIED.,.F.,.F.,
  (2,2),(364.13353375965,365.13353375965),.PIECEWISE_BEZIER_KNOTS.);
#630 = CARTESIAN_POINT('',(5.497787143782,0.));
#631 = CARTESIAN_POINT('',(5.497787143782,0.996066323192));
#632 = ( GEOMETRIC_REPRESENTATION_CONTEXT(2) 
PARAMETRIC_REPRESENTATION_CONTEXT() REPRESENTATION_CONTEXT('2D SPACE',''
  ) );
#633 = ORIENTED_EDGE('',*,*,#634,.T.);
#634 = EDGE_CURVE('',#609,#635,#637,.T.);
#635 = VERTEX_POINT('',#636);
#636 = CARTESIAN_POINT('',(25.993902233828,-25.99390223382,
    75.998989136782));
#637 = SURFACE_CURVE('',#638,(#642,#648),.PCURVE_S1.);
#638 = LINE('',#639,#640);
#639 = CARTESIAN_POINT('',(0.,0.,124.26434250776));
#640 = VECTOR('',#641,1.);
#641 = DIRECTION('',(0.428443804805,-0.428443804805,-0.795532408044));
#642 = PCURVE('',#288,#643);
#643 = DEFINITIONAL_REPRESENTATION('',(#644),#647);
#644 = B_SPLINE_CURVE_WITH_KNOTS('',1,(#645,#646),.UNSPECIFIED.,.F.,.F.,
  (2,2),(53.252332122627,60.670505541895),.PIECEWISE_BEZIER_KNOTS.);
#645 = CARTESIAN_POINT('',(-13.11221656626,-17.25732066005));
#646 = CARTESIAN_POINT('',(-17.6069697337,-11.35592329653));
#647 = ( GEOMETRIC_REPRESENTATION_CONTEXT(2) 
PARAMETRIC_REPRESENTATION_CONTEXT() REPRESENTATION_CONTEXT('2D SPACE',''
  ) );
#648 = PCURVE('',#649,#654);
#649 = CONICAL_SURFACE('',#650,36.76092907808,0.65091056334);
#650 = AXIS2_PLACEMENT_3D('',#651,#652,#653);
#651 = CARTESIAN_POINT('',(0.,0.,75.998989136782));
#652 = DIRECTION('',(-0.,-0.,-1.));
#653 = DIRECTION('',(1.,0.,-0.));
#654 = DEFINITIONAL_REPRESENTATION('',(#655),#658);
#655 = B_SPLINE_CURVE_WITH_KNOTS('',1,(#656,#657),.UNSPECIFIED.,.F.,.F.,
  (2,2),(53.252332122627,60.670505541895),.PIECEWISE_BEZIER_KNOTS.);
#656 = CARTESIAN_POINT('',(-5.497787143782,-5.901397363517));
#657 = CARTESIAN_POINT('',(-5.497787143782,1.130519547195E-14));
#658 = ( GEOMETRIC_REPRESENTATION_CONTEXT(2) 
PARAMETRIC_REPRESENTATION_CONTEXT() REPRESENTATION_CONTEXT('2D SPACE',''
  ) );
#659 = ORIENTED_EDGE('',*,*,#660,.F.);
#660 = EDGE_CURVE('',#661,#635,#663,.T.);
#661 = VERTEX_POINT('',#662);
#662 = CARTESIAN_POINT('',(22.12892016188,-22.12892016188,
    70.983700107686));
#663 = SURFACE_CURVE('',#664,(#668,#674),.PCURVE_S1.);
#664 = LINE('',#665,#666);
#665 = CARTESIAN_POINT('',(0.,0.,42.268707787505));
#666 = VECTOR('',#667,1.);
#667 = DIRECTION('',(0.521015329988,-0.521015329988,0.676081394386));
#668 = PCURVE('',#288,#669);
#669 = DEFINITIONAL_REPRESENTATION('',(#670),#673);
#670 = B_SPLINE_CURVE_WITH_KNOTS('',1,(#671,#672),.UNSPECIFIED.,.F.,.F.,
  (2,2),(42.472685328453,49.890858747721),.PIECEWISE_BEZIER_KNOTS.);
#671 = CARTESIAN_POINT('',(-12.14105966922,-6.340634267443));
#672 = CARTESIAN_POINT('',(-17.6069697337,-11.35592329653));
#673 = ( GEOMETRIC_REPRESENTATION_CONTEXT(2) 
PARAMETRIC_REPRESENTATION_CONTEXT() REPRESENTATION_CONTEXT('2D SPACE',''
  ) );
#674 = PCURVE('',#675,#680);
#675 = CONICAL_SURFACE('',#676,31.295019013602,0.828364974068);
#676 = AXIS2_PLACEMENT_3D('',#677,#678,#679);
#677 = CARTESIAN_POINT('',(0.,0.,70.983700107686));
#678 = DIRECTION('',(0.,0.,1.));
#679 = DIRECTION('',(1.,0.,-0.));
#680 = DEFINITIONAL_REPRESENTATION('',(#681),#684);
#681 = B_SPLINE_CURVE_WITH_KNOTS('',1,(#682,#683),.UNSPECIFIED.,.F.,.F.,
  (2,2),(42.472685328453,49.890858747721),.PIECEWISE_BEZIER_KNOTS.);
#682 = CARTESIAN_POINT('',(5.497787143782,-4.803847235636E-15));
#683 = CARTESIAN_POINT('',(5.497787143782,5.015289029096));
#684 = ( GEOMETRIC_REPRESENTATION_CONTEXT(2) 
PARAMETRIC_REPRESENTATION_CONTEXT() REPRESENTATION_CONTEXT('2D SPACE',''
  ) );
#685 = ORIENTED_EDGE('',*,*,#686,.F.);
#686 = EDGE_CURVE('',#687,#661,#689,.T.);
#687 = VERTEX_POINT('',#688);
#688 = CARTESIAN_POINT('',(22.066262840667,-22.06626284066,
    69.987633784494));
#689 = SURFACE_CURVE('',#690,(#694,#700),.PCURVE_S1.);
#690 = LINE('',#691,#692);
#691 = CARTESIAN_POINT('',(0.,0.,-280.8007636224));
#692 = VECTOR('',#693,1.);
#693 = DIRECTION('',(6.265732121346E-02,-6.265732121346E-02,
    0.996066323192));
#694 = PCURVE('',#288,#695);
#695 = DEFINITIONAL_REPRESENTATION('',(#696),#699);
#696 = B_SPLINE_CURVE_WITH_KNOTS('',1,(#697,#698),.UNSPECIFIED.,.F.,.F.,
  (2,2),(352.17373506107,353.17373506107),.PIECEWISE_BEZIER_KNOTS.);
#697 = CARTESIAN_POINT('',(-12.05244883578,-5.344567944251));
#698 = CARTESIAN_POINT('',(-12.14105966922,-6.340634267443));
#699 = ( GEOMETRIC_REPRESENTATION_CONTEXT(2) 
PARAMETRIC_REPRESENTATION_CONTEXT() REPRESENTATION_CONTEXT('2D SPACE',''
  ) );
#700 = PCURVE('',#701,#706);
#701 = CONICAL_SURFACE('',#702,31.20640818016,8.872720536395E-02);
#702 = AXIS2_PLACEMENT_3D('',#703,#704,#705);
#703 = CARTESIAN_POINT('',(0.,0.,69.987633784494));
#704 = DIRECTION('',(0.,0.,1.));
#705 = DIRECTION('',(1.,0.,-0.));
#706 = DEFINITIONAL_REPRESENTATION('',(#707),#710);
#707 = B_SPLINE_CURVE_WITH_KNOTS('',1,(#708,#709),.UNSPECIFIED.,.F.,.F.,
  (2,2),(352.17373506107,353.17373506107),.PIECEWISE_BEZIER_KNOTS.);
#708 = CARTESIAN_POINT('',(5.497787143782,5.661981522233E-14));
#709 = CARTESIAN_POINT('',(5.497787143782,0.996066323192));
#710 = ( GEOMETRIC_REPRESENTATION_CONTEXT(2) 
PARAMETRIC_REPRESENTATION_CONTEXT() REPRESENTATION_CONTEXT('2D SPACE',''
  ) );
#711 = ORIENTED_EDGE('',*,*,#712,.T.);
#712 = EDGE_CURVE('',#687,#713,#715,.T.);
#713 = VERTEX_POINT('',#714);
#714 = CARTESIAN_POINT('',(25.244533285123,-25.24453328512,
    64.086236420977));
#715 = SURFACE_CURVE('',#716,(#720,#726),.PCURVE_S1.);
#716 = LINE('',#717,#718);
#717 = CARTESIAN_POINT('',(0.,0.,110.9601651113));
#718 = VECTOR('',#719,1.);
#719 = DIRECTION('',(0.428443804805,-0.428443804805,-0.795532408044));
#720 = PCURVE('',#288,#721);
#721 = DEFINITIONAL_REPRESENTATION('',(#722),#725);
#722 = B_SPLINE_CURVE_WITH_KNOTS('',1,(#723,#724),.UNSPECIFIED.,.F.,.F.,
  (2,2),(51.503283728648,58.921457147915),.PIECEWISE_BEZIER_KNOTS.);
#723 = CARTESIAN_POINT('',(-12.05244883578,-5.344567944251));
#724 = CARTESIAN_POINT('',(-16.54720200322,0.556829419266));
#725 = ( GEOMETRIC_REPRESENTATION_CONTEXT(2) 
PARAMETRIC_REPRESENTATION_CONTEXT() REPRESENTATION_CONTEXT('2D SPACE',''
  ) );
#726 = PCURVE('',#727,#732);
#727 = CONICAL_SURFACE('',#728,35.7011613476,0.65091056334);
#728 = AXIS2_PLACEMENT_3D('',#729,#730,#731);
#729 = CARTESIAN_POINT('',(0.,0.,64.086236420977));
#730 = DIRECTION('',(-0.,-0.,-1.));
#731 = DIRECTION('',(1.,0.,-0.));
#732 = DEFINITIONAL_REPRESENTATION('',(#733),#736);
#733 = B_SPLINE_CURVE_WITH_KNOTS('',1,(#734,#735),.UNSPECIFIED.,.F.,.F.,
  (2,2),(51.503283728648,58.921457147915),.PIECEWISE_BEZIER_KNOTS.);
#734 = CARTESIAN_POINT('',(-5.497787143782,-5.901397363517));
#735 = CARTESIAN_POINT('',(-5.497787143782,0.));
#736 = ( GEOMETRIC_REPRESENTATION_CONTEXT(2) 
PARAMETRIC_REPRESENTATION_CONTEXT() REPRESENTATION_CONTEXT('2D SPACE',''
  ) );
#737 = ORIENTED_EDGE('',*,*,#738,.F.);
#738 = EDGE_CURVE('',#739,#713,#741,.T.);
#739 = VERTEX_POINT('',#740);
#740 = CARTESIAN_POINT('',(21.379551213175,-21.37955121317,
    59.070947391881));
#741 = SURFACE_CURVE('',#742,(#746,#752),.PCURVE_S1.);
#742 = LINE('',#743,#744);
#743 = CARTESIAN_POINT('',(0.,0.,31.328353338296));
#744 = VECTOR('',#745,1.);
#745 = DIRECTION('',(0.521015329988,-0.521015329988,0.676081394386));
#746 = PCURVE('',#288,#747);
#747 = DEFINITIONAL_REPRESENTATION('',(#748),#751);
#748 = B_SPLINE_CURVE_WITH_KNOTS('',1,(#749,#750),.UNSPECIFIED.,.F.,.F.,
  (2,2),(41.03439953229,48.452572951558),.PIECEWISE_BEZIER_KNOTS.);
#749 = CARTESIAN_POINT('',(-11.08129193874,5.572118448362));
#750 = CARTESIAN_POINT('',(-16.54720200322,0.556829419266));
#751 = ( GEOMETRIC_REPRESENTATION_CONTEXT(2) 
PARAMETRIC_REPRESENTATION_CONTEXT() REPRESENTATION_CONTEXT('2D SPACE',''
  ) );
#752 = PCURVE('',#753,#758);
#753 = CONICAL_SURFACE('',#754,30.235251283122,0.828364974068);
#754 = AXIS2_PLACEMENT_3D('',#755,#756,#757);
#755 = CARTESIAN_POINT('',(0.,0.,59.070947391881));
#756 = DIRECTION('',(0.,0.,1.));
#757 = DIRECTION('',(1.,0.,-0.));
#758 = DEFINITIONAL_REPRESENTATION('',(#759),#762);
#759 = B_SPLINE_CURVE_WITH_KNOTS('',1,(#760,#761),.UNSPECIFIED.,.F.,.F.,
  (2,2),(41.03439953229,48.452572951558),.PIECEWISE_BEZIER_KNOTS.);
#760 = CARTESIAN_POINT('',(5.497787143782,0.));
#761 = CARTESIAN_POINT('',(5.497787143782,5.015289029096));
#762 = ( GEOMETRIC_REPRESENTATION_CONTEXT(2) 
PARAMETRIC_REPRESENTATION_CONTEXT() REPRESENTATION_CONTEXT('2D SPACE',''
  ) );
#763 = ORIENTED_EDGE('',*,*,#764,.F.);
#764 = EDGE_CURVE('',#765,#739,#767,.T.);
#765 = VERTEX_POINT('',#766);
#766 = CARTESIAN_POINT('',(21.316893891962,-21.31689389196,
    58.074881068689));
#767 = SURFACE_CURVE('',#768,(#772,#778),.PCURVE_S1.);
#768 = LINE('',#769,#770);
#769 = CARTESIAN_POINT('',(0.,0.,-280.8007636225));
#770 = VECTOR('',#771,1.);
#771 = DIRECTION('',(6.265732121346E-02,-6.265732121346E-02,
    0.996066323192));
#772 = PCURVE('',#288,#773);
#773 = DEFINITIONAL_REPRESENTATION('',(#774),#777);
#774 = B_SPLINE_CURVE_WITH_KNOTS('',1,(#775,#776),.UNSPECIFIED.,.F.,.F.,
  (2,2),(340.2139363625,341.2139363625),.PIECEWISE_BEZIER_KNOTS.);
#775 = CARTESIAN_POINT('',(-10.9926811053,6.568184771554));
#776 = CARTESIAN_POINT('',(-11.08129193874,5.572118448362));
#777 = ( GEOMETRIC_REPRESENTATION_CONTEXT(2) 
PARAMETRIC_REPRESENTATION_CONTEXT() REPRESENTATION_CONTEXT('2D SPACE',''
  ) );
#778 = PCURVE('',#779,#784);
#779 = CONICAL_SURFACE('',#780,30.14664044968,8.872720536395E-02);
#780 = AXIS2_PLACEMENT_3D('',#781,#782,#783);
#781 = CARTESIAN_POINT('',(0.,0.,58.074881068689));
#782 = DIRECTION('',(0.,0.,1.));
#783 = DIRECTION('',(1.,0.,-0.));
#784 = DEFINITIONAL_REPRESENTATION('',(#785),#788);
#785 = B_SPLINE_CURVE_WITH_KNOTS('',1,(#786,#787),.UNSPECIFIED.,.F.,.F.,
  (2,2),(340.2139363625,341.2139363625),.PIECEWISE_BEZIER_KNOTS.);
#786 = CARTESIAN_POINT('',(5.497787143782,0.));
#787 = CARTESIAN_POINT('',(5.497787143782,0.996066323192));
#788 = ( GEOMETRIC_REPRESENTATION_CONTEXT(2) 
PARAMETRIC_REPRESENTATION_CONTEXT() REPRESENTATION_CONTEXT('2D SPACE',''
  ) );
#789 = ORIENTED_EDGE('',*,*,#790,.T.);
#790 = EDGE_CURVE('',#765,#791,#793,.T.);
#791 = VERTEX_POINT('',#792);
#792 = CARTESIAN_POINT('',(24.495164336418,-24.49516433641,
    52.173483705173));
#793 = SURFACE_CURVE('',#794,(#798,#804),.PCURVE_S1.);
#794 = LINE('',#795,#796);
#795 = CARTESIAN_POINT('',(0.,0.,97.655987714856));
#796 = VECTOR('',#797,1.);
#797 = DIRECTION('',(0.428443804805,-0.428443804805,-0.795532408044));
#798 = PCURVE('',#288,#799);
#799 = DEFINITIONAL_REPRESENTATION('',(#800),#803);
#800 = B_SPLINE_CURVE_WITH_KNOTS('',1,(#801,#802),.UNSPECIFIED.,.F.,.F.,
  (2,2),(49.754235334668,57.172408753936),.PIECEWISE_BEZIER_KNOTS.);
#801 = CARTESIAN_POINT('',(-10.9926811053,6.568184771554));
#802 = CARTESIAN_POINT('',(-15.48743427274,12.46958213507));
#803 = ( GEOMETRIC_REPRESENTATION_CONTEXT(2) 
PARAMETRIC_REPRESENTATION_CONTEXT() REPRESENTATION_CONTEXT('2D SPACE',''
  ) );
#804 = PCURVE('',#805,#810);
#805 = CONICAL_SURFACE('',#806,34.64139361712,0.65091056334);
#806 = AXIS2_PLACEMENT_3D('',#807,#808,#809);
#807 = CARTESIAN_POINT('',(0.,0.,52.173483705173));
#808 = DIRECTION('',(-0.,-0.,-1.));
#809 = DIRECTION('',(1.,0.,-0.));
#810 = DEFINITIONAL_REPRESENTATION('',(#811),#814);
#811 = B_SPLINE_CURVE_WITH_KNOTS('',1,(#812,#813),.UNSPECIFIED.,.F.,.F.,
  (2,2),(49.754235334668,57.172408753936),.PIECEWISE_BEZIER_KNOTS.);
#812 = CARTESIAN_POINT('',(-5.497787143782,-5.901397363517));
#813 = CARTESIAN_POINT('',(-5.497787143782,5.652597735973E-15));
#814 = ( GEOMETRIC_REPRESENTATION_CONTEXT(2) 
PARAMETRIC_REPRESENTATION_CONTEXT() REPRESENTATION_CONTEXT('2D SPACE',''
  ) );
#815 = ORIENTED_EDGE('',*,*,#816,.F.);
#816 = EDGE_CURVE('',#817,#791,#819,.T.);
#817 = VERTEX_POINT('',#818);
#818 = CARTESIAN_POINT('',(20.63018226447,-20.63018226447,
    47.158194676077));
#819 = SURFACE_CURVE('',#820,(#824,#830),.PCURVE_S1.);
#820 = LINE('',#821,#822);
#821 = CARTESIAN_POINT('',(0.,0.,20.387998889087));
#822 = VECTOR('',#823,1.);
#823 = DIRECTION('',(0.521015329988,-0.521015329988,0.676081394386));
#824 = PCURVE('',#288,#825);
#825 = DEFINITIONAL_REPRESENTATION('',(#826),#829);
#826 = B_SPLINE_CURVE_WITH_KNOTS('',1,(#827,#828),.UNSPECIFIED.,.F.,.F.,
  (2,2),(39.596113736127,47.014287155394),.PIECEWISE_BEZIER_KNOTS.);
#827 = CARTESIAN_POINT('',(-10.02152420826,17.484871164167));
#828 = CARTESIAN_POINT('',(-15.48743427274,12.46958213507));
#829 = ( GEOMETRIC_REPRESENTATION_CONTEXT(2) 
PARAMETRIC_REPRESENTATION_CONTEXT() REPRESENTATION_CONTEXT('2D SPACE',''
  ) );
#830 = PCURVE('',#831,#836);
#831 = CONICAL_SURFACE('',#832,29.175483552642,0.828364974068);
#832 = AXIS2_PLACEMENT_3D('',#833,#834,#835);
#833 = CARTESIAN_POINT('',(0.,0.,47.158194676077));
#834 = DIRECTION('',(0.,0.,1.));
#835 = DIRECTION('',(1.,0.,-0.));
#836 = DEFINITIONAL_REPRESENTATION('',(#837),#840);
#837 = B_SPLINE_CURVE_WITH_KNOTS('',1,(#838,#839),.UNSPECIFIED.,.F.,.F.,
  (2,2),(39.596113736127,47.014287155394),.PIECEWISE_BEZIER_KNOTS.);
#838 = CARTESIAN_POINT('',(5.497787143782,0.));
#839 = CARTESIAN_POINT('',(5.497787143782,5.015289029096));
#840 = ( GEOMETRIC_REPRESENTATION_CONTEXT(2) 
PARAMETRIC_REPRESENTATION_CONTEXT() REPRESENTATION_CONTEXT('2D SPACE',''
  ) );
#841 = ORIENTED_EDGE('',*,*,#842,.F.);
#842 = EDGE_CURVE('',#843,#817,#845,.T.);
#843 = VERTEX_POINT('',#844);
#844 = CARTESIAN_POINT('',(20.567524943257,-20.56752494325,
    46.162128352885));
#845 = SURFACE_CURVE('',#846,(#850,#856),.PCURVE_S1.);
#846 = LINE('',#847,#848);
#847 = CARTESIAN_POINT('',(0.,0.,-280.8007636224));
#848 = VECTOR('',#849,1.);
#849 = DIRECTION('',(6.265732121346E-02,-6.265732121346E-02,
    0.996066323192));
#850 = PCURVE('',#288,#851);
#851 = DEFINITIONAL_REPRESENTATION('',(#852),#855);
#852 = B_SPLINE_CURVE_WITH_KNOTS('',1,(#853,#854),.UNSPECIFIED.,.F.,.F.,
  (2,2),(328.25413766391,329.25413766391),.PIECEWISE_BEZIER_KNOTS.);
#853 = CARTESIAN_POINT('',(-9.932913374825,18.480937487358));
#854 = CARTESIAN_POINT('',(-10.02152420826,17.484871164167));
#855 = ( GEOMETRIC_REPRESENTATION_CONTEXT(2) 
PARAMETRIC_REPRESENTATION_CONTEXT() REPRESENTATION_CONTEXT('2D SPACE',''
  ) );
#856 = PCURVE('',#857,#862);
#857 = CONICAL_SURFACE('',#858,29.0868727192,8.872720536395E-02);
#858 = AXIS2_PLACEMENT_3D('',#859,#860,#861);
#859 = CARTESIAN_POINT('',(0.,0.,46.162128352885));
#860 = DIRECTION('',(0.,0.,1.));
#861 = DIRECTION('',(1.,0.,-0.));
#862 = DEFINITIONAL_REPRESENTATION('',(#863),#866);
#863 = B_SPLINE_CURVE_WITH_KNOTS('',1,(#864,#865),.UNSPECIFIED.,.F.,.F.,
  (2,2),(328.25413766391,329.25413766391),.PIECEWISE_BEZIER_KNOTS.);
#864 = CARTESIAN_POINT('',(5.497787143782,0.));
#865 = CARTESIAN_POINT('',(5.497787143782,0.996066323192));
#866 = ( GEOMETRIC_REPRESENTATION_CONTEXT(2) 
PARAMETRIC_REPRESENTATION_CONTEXT() REPRESENTATION_CONTEXT('2D SPACE',''
  ) );
#867 = ORIENTED_EDGE('',*,*,#868,.T.);
#868 = EDGE_CURVE('',#843,#869,#871,.T.);
#869 = VERTEX_POINT('',#870);
#870 = CARTESIAN_POINT('',(23.745795387713,-23.74579538771,
    40.260730989368));
#871 = SURFACE_CURVE('',#872,(#876,#882),.PCURVE_S1.);
#872 = LINE('',#873,#874);
#873 = CARTESIAN_POINT('',(0.,0.,84.351810318404));
#874 = VECTOR('',#875,1.);
#875 = DIRECTION('',(0.428443804805,-0.428443804805,-0.795532408044));
#876 = PCURVE('',#288,#877);
#877 = DEFINITIONAL_REPRESENTATION('',(#878),#881);
#878 = B_SPLINE_CURVE_WITH_KNOTS('',1,(#879,#880),.UNSPECIFIED.,.F.,.F.,
  (2,2),(48.005186940689,55.423360359957),.PIECEWISE_BEZIER_KNOTS.);
#879 = CARTESIAN_POINT('',(-9.932913374825,18.480937487358));
#880 = CARTESIAN_POINT('',(-14.42766654226,24.382334850875));
#881 = ( GEOMETRIC_REPRESENTATION_CONTEXT(2) 
PARAMETRIC_REPRESENTATION_CONTEXT() REPRESENTATION_CONTEXT('2D SPACE',''
  ) );
#882 = PCURVE('',#883,#888);
#883 = CONICAL_SURFACE('',#884,33.58162588664,0.65091056334);
#884 = AXIS2_PLACEMENT_3D('',#885,#886,#887);
#885 = CARTESIAN_POINT('',(0.,0.,40.260730989368));
#886 = DIRECTION('',(-0.,-0.,-1.));
#887 = DIRECTION('',(1.,0.,-0.));
#888 = DEFINITIONAL_REPRESENTATION('',(#889),#892);
#889 = B_SPLINE_CURVE_WITH_KNOTS('',1,(#890,#891),.UNSPECIFIED.,.F.,.F.,
  (2,2),(48.005186940689,55.423360359957),.PIECEWISE_BEZIER_KNOTS.);
#890 = CARTESIAN_POINT('',(-5.497787143782,-5.901397363517));
#891 = CARTESIAN_POINT('',(-5.497787143782,-5.652597735973E-15));
#892 = ( GEOMETRIC_REPRESENTATION_CONTEXT(2) 
PARAMETRIC_REPRESENTATION_CONTEXT() REPRESENTATION_CONTEXT('2D SPACE',''
  ) );
#893 = ORIENTED_EDGE('',*,*,#894,.F.);
#894 = EDGE_CURVE('',#895,#869,#897,.T.);
#895 = VERTEX_POINT('',#896);
#896 = CARTESIAN_POINT('',(19.880813315765,-19.88081331576,
    35.245441960272));
#897 = SURFACE_CURVE('',#898,(#902,#908),.PCURVE_S1.);
#898 = LINE('',#899,#900);
#899 = CARTESIAN_POINT('',(0.,0.,9.447644439878));
#900 = VECTOR('',#901,1.);
#901 = DIRECTION('',(0.521015329988,-0.521015329988,0.676081394386));
#902 = PCURVE('',#288,#903);
#903 = DEFINITIONAL_REPRESENTATION('',(#904),#907);
#904 = B_SPLINE_CURVE_WITH_KNOTS('',1,(#905,#906),.UNSPECIFIED.,.F.,.F.,
  (2,2),(38.157827939963,45.576001359231),.PIECEWISE_BEZIER_KNOTS.);
#905 = CARTESIAN_POINT('',(-8.961756477787,29.397623879971));
#906 = CARTESIAN_POINT('',(-14.42766654226,24.382334850875));
#907 = ( GEOMETRIC_REPRESENTATION_CONTEXT(2) 
PARAMETRIC_REPRESENTATION_CONTEXT() REPRESENTATION_CONTEXT('2D SPACE',''
  ) );
#908 = PCURVE('',#909,#914);
#909 = CONICAL_SURFACE('',#910,28.115715822162,0.828364974068);
#910 = AXIS2_PLACEMENT_3D('',#911,#912,#913);
#911 = CARTESIAN_POINT('',(0.,0.,35.245441960272));
#912 = DIRECTION('',(0.,0.,1.));
#913 = DIRECTION('',(1.,0.,-0.));
#914 = DEFINITIONAL_REPRESENTATION('',(#915),#918);
#915 = B_SPLINE_CURVE_WITH_KNOTS('',1,(#916,#917),.UNSPECIFIED.,.F.,.F.,
  (2,2),(38.157827939963,45.576001359231),.PIECEWISE_BEZIER_KNOTS.);
#916 = CARTESIAN_POINT('',(5.497787143782,-4.803847235636E-15));
#917 = CARTESIAN_POINT('',(5.497787143782,5.015289029096));
#918 = ( GEOMETRIC_REPRESENTATION_CONTEXT(2) 
PARAMETRIC_REPRESENTATION_CONTEXT() REPRESENTATION_CONTEXT('2D SPACE',''
  ) );
#919 = ORIENTED_EDGE('',*,*,#920,.F.);
#920 = EDGE_CURVE('',#921,#895,#923,.T.);
#921 = VERTEX_POINT('',#922);
#922 = CARTESIAN_POINT('',(19.818155994552,-19.81815599455,
    34.24937563708));
#923 = SURFACE_CURVE('',#924,(#928,#934),.PCURVE_S1.);
#924 = LINE('',#925,#926);
#925 = CARTESIAN_POINT('',(0.,0.,-280.8007636225));
#926 = VECTOR('',#927,1.);
#927 = DIRECTION('',(6.265732121346E-02,-6.265732121346E-02,
    0.996066323192));
#928 = PCURVE('',#288,#929);
#929 = DEFINITIONAL_REPRESENTATION('',(#930),#933);
#930 = B_SPLINE_CURVE_WITH_KNOTS('',1,(#931,#932),.UNSPECIFIED.,.F.,.F.,
  (2,2),(316.29433896535,317.29433896535),.PIECEWISE_BEZIER_KNOTS.);
#931 = CARTESIAN_POINT('',(-8.873145644345,30.393690203163));
#932 = CARTESIAN_POINT('',(-8.961756477787,29.397623879971));
#933 = ( GEOMETRIC_REPRESENTATION_CONTEXT(2) 
PARAMETRIC_REPRESENTATION_CONTEXT() REPRESENTATION_CONTEXT('2D SPACE',''
  ) );
#934 = PCURVE('',#935,#940);
#935 = CONICAL_SURFACE('',#936,28.02710498872,8.872720536395E-02);
#936 = AXIS2_PLACEMENT_3D('',#937,#938,#939);
#937 = CARTESIAN_POINT('',(0.,0.,34.24937563708));
#938 = DIRECTION('',(0.,0.,1.));
#939 = DIRECTION('',(1.,0.,-0.));
#940 = DEFINITIONAL_REPRESENTATION('',(#941),#944);
#941 = B_SPLINE_CURVE_WITH_KNOTS('',1,(#942,#943),.UNSPECIFIED.,.F.,.F.,
  (2,2),(316.29433896535,317.29433896535),.PIECEWISE_BEZIER_KNOTS.);
#942 = CARTESIAN_POINT('',(5.497787143782,0.));
#943 = CARTESIAN_POINT('',(5.497787143782,0.996066323192));
#944 = ( GEOMETRIC_REPRESENTATION_CONTEXT(2) 
PARAMETRIC_REPRESENTATION_CONTEXT() REPRESENTATION_CONTEXT('2D SPACE',''
  ) );
#945 = ORIENTED_EDGE('',*,*,#946,.T.);
#946 = EDGE_CURVE('',#921,#947,#949,.T.);
#947 = VERTEX_POINT('',#948);
#948 = CARTESIAN_POINT('',(22.996426439008,-22.996426439,28.347978273564
    ));
#949 = SURFACE_CURVE('',#950,(#954,#960),.PCURVE_S1.);
#950 = LINE('',#951,#952);
#951 = CARTESIAN_POINT('',(0.,0.,71.047632921952));
#952 = VECTOR('',#953,1.);
#953 = DIRECTION('',(0.428443804805,-0.428443804805,-0.795532408044));
#954 = PCURVE('',#288,#955);
#955 = DEFINITIONAL_REPRESENTATION('',(#956),#959);
#956 = B_SPLINE_CURVE_WITH_KNOTS('',1,(#957,#958),.UNSPECIFIED.,.F.,.F.,
  (2,2),(46.256138546709,53.674311965977),.PIECEWISE_BEZIER_KNOTS.);
#957 = CARTESIAN_POINT('',(-8.873145644345,30.393690203163));
#958 = CARTESIAN_POINT('',(-13.36789881178,36.29508756668));
#959 = ( GEOMETRIC_REPRESENTATION_CONTEXT(2) 
PARAMETRIC_REPRESENTATION_CONTEXT() REPRESENTATION_CONTEXT('2D SPACE',''
  ) );
#960 = PCURVE('',#961,#966);
#961 = CONICAL_SURFACE('',#962,32.52185815616,0.65091056334);
#962 = AXIS2_PLACEMENT_3D('',#963,#964,#965);
#963 = CARTESIAN_POINT('',(0.,0.,28.347978273564));
#964 = DIRECTION('',(-0.,-0.,-1.));
#965 = DIRECTION('',(1.,0.,-0.));
#966 = DEFINITIONAL_REPRESENTATION('',(#967),#970);
#967 = B_SPLINE_CURVE_WITH_KNOTS('',1,(#968,#969),.UNSPECIFIED.,.F.,.F.,
  (2,2),(46.256138546709,53.674311965977),.PIECEWISE_BEZIER_KNOTS.);
#968 = CARTESIAN_POINT('',(-5.497787143782,-5.901397363517));
#969 = CARTESIAN_POINT('',(-5.497787143782,5.652597735973E-15));
#970 = ( GEOMETRIC_REPRESENTATION_CONTEXT(2) 
PARAMETRIC_REPRESENTATION_CONTEXT() REPRESENTATION_CONTEXT('2D SPACE',''
  ) );
#971 = ORIENTED_EDGE('',*,*,#972,.F.);
#972 = EDGE_CURVE('',#973,#947,#975,.T.);
#973 = VERTEX_POINT('',#974);
#974 = CARTESIAN_POINT('',(19.263360686785,-19.26336068678,
    23.424702429485));
#975 = SURFACE_CURVE('',#976,(#980,#986),.PCURVE_S1.);
#976 = LINE('',#977,#978);
#977 = CARTESIAN_POINT('',(0.,0.,-1.980378712888));
#978 = VECTOR('',#979,1.);
#979 = DIRECTION('',(0.517135377597,-0.517135377597,0.682013198168));
#980 = PCURVE('',#288,#981);
#981 = DEFINITIONAL_REPRESENTATION('',(#982),#985);
#982 = B_SPLINE_CURVE_WITH_KNOTS('',1,(#983,#984),.UNSPECIFIED.,.F.,.F.,
  (2,2),(37.25013124472,44.468871083343),.PIECEWISE_BEZIER_KNOTS.);
#983 = CARTESIAN_POINT('',(-8.088546595761,41.218363410758));
#984 = CARTESIAN_POINT('',(-13.36789881178,36.29508756668));
#985 = ( GEOMETRIC_REPRESENTATION_CONTEXT(2) 
PARAMETRIC_REPRESENTATION_CONTEXT() REPRESENTATION_CONTEXT('2D SPACE',''
  ) );
#986 = PCURVE('',#987,#992);
#987 = CONICAL_SURFACE('',#988,27.242505940136,0.820284459697);
#988 = AXIS2_PLACEMENT_3D('',#989,#990,#991);
#989 = CARTESIAN_POINT('',(0.,0.,23.424702429485));
#990 = DIRECTION('',(0.,0.,1.));
#991 = DIRECTION('',(1.,0.,-0.));
#992 = DEFINITIONAL_REPRESENTATION('',(#993),#996);
#993 = B_SPLINE_CURVE_WITH_KNOTS('',1,(#994,#995),.UNSPECIFIED.,.F.,.F.,
  (2,2),(37.25013124472,44.468871083343),.PIECEWISE_BEZIER_KNOTS.);
#994 = CARTESIAN_POINT('',(5.497787143782,0.));
#995 = CARTESIAN_POINT('',(5.497787143782,4.923275844079));
#996 = ( GEOMETRIC_REPRESENTATION_CONTEXT(2) 
PARAMETRIC_REPRESENTATION_CONTEXT() REPRESENTATION_CONTEXT('2D SPACE',''
  ) );
#997 = ORIENTED_EDGE('',*,*,#998,.F.);
#998 = EDGE_CURVE('',#999,#973,#1001,.T.);
#999 = VERTEX_POINT('',#1000);
#1000 = CARTESIAN_POINT('',(19.187930970391,-19.18793097039,
    22.539783267016));
#1001 = SURFACE_CURVE('',#1002,(#1006,#1012),.PCURVE_S1.);
#1002 = LINE('',#1003,#1004);
#1003 = CARTESIAN_POINT('',(0.,0.,-202.5673577311));
#1004 = VECTOR('',#1005,1.);
#1005 = DIRECTION('',(8.462645069647E-02,-8.462645069647E-02,
    0.992812534009));
#1006 = PCURVE('',#288,#1007);
#1007 = DEFINITIONAL_REPRESENTATION('',(#1008),#1011);
#1008 = B_SPLINE_CURVE_WITH_KNOTS('',1,(#1009,#1010),.UNSPECIFIED.,.F.,
  .F.,(2,2),(226.7368040663,227.62812960073),.PIECEWISE_BEZIER_KNOTS.);
#1009 = CARTESIAN_POINT('',(-7.98187286783,42.103282573227));
#1010 = CARTESIAN_POINT('',(-8.088546595761,41.218363410758));
#1011 = ( GEOMETRIC_REPRESENTATION_CONTEXT(2) 
PARAMETRIC_REPRESENTATION_CONTEXT() REPRESENTATION_CONTEXT('2D SPACE',''
  ) );
#1012 = PCURVE('',#1013,#1018);
#1013 = CONICAL_SURFACE('',#1014,27.135832212206,0.119967432883);
#1014 = AXIS2_PLACEMENT_3D('',#1015,#1016,#1017);
#1015 = CARTESIAN_POINT('',(0.,0.,22.539783267016));
#1016 = DIRECTION('',(0.,0.,1.));
#1017 = DIRECTION('',(1.,0.,-0.));
#1018 = DEFINITIONAL_REPRESENTATION('',(#1019),#1022);
#1019 = B_SPLINE_CURVE_WITH_KNOTS('',1,(#1020,#1021),.UNSPECIFIED.,.F.,
  .F.,(2,2),(226.7368040663,227.62812960073),.PIECEWISE_BEZIER_KNOTS.);
#1020 = CARTESIAN_POINT('',(5.497787143782,0.));
#1021 = CARTESIAN_POINT('',(5.497787143782,0.884919162468));
#1022 = ( GEOMETRIC_REPRESENTATION_CONTEXT(2) 
PARAMETRIC_REPRESENTATION_CONTEXT() REPRESENTATION_CONTEXT('2D SPACE',''
  ) );
#1023 = ORIENTED_EDGE('',*,*,#1024,.T.);
#1024 = EDGE_CURVE('',#999,#1025,#1027,.T.);
#1025 = VERTEX_POINT('',#1026);
#1026 = CARTESIAN_POINT('',(21.94796433642,-21.94796433642,
    16.512959092346));
#1027 = SURFACE_CURVE('',#1028,(#1032,#1038),.PCURVE_S1.);
#1028 = LINE('',#1029,#1030);
#1029 = CARTESIAN_POINT('',(0.,0.,64.438655816023));
#1030 = VECTOR('',#1031,1.);
#1031 = DIRECTION('',(0.384384220988,-0.384384220988,-0.839343518061));
#1032 = PCURVE('',#288,#1033);
#1033 = DEFINITIONAL_REPRESENTATION('',(#1034),#1037);
#1034 = B_SPLINE_CURVE_WITH_KNOTS('',1,(#1035,#1036),.UNSPECIFIED.,.F.,
  .F.,(2,2),(49.91862288492,57.099025241027),.PIECEWISE_BEZIER_KNOTS.);
#1035 = CARTESIAN_POINT('',(-7.98187286783,42.103282573227));
#1036 = CARTESIAN_POINT('',(-11.88514948667,48.130106747897));
#1037 = ( GEOMETRIC_REPRESENTATION_CONTEXT(2) 
PARAMETRIC_REPRESENTATION_CONTEXT() REPRESENTATION_CONTEXT('2D SPACE',''
  ) );
#1038 = PCURVE('',#1039,#1044);
#1039 = CONICAL_SURFACE('',#1040,31.039108831047,0.574721885948);
#1040 = AXIS2_PLACEMENT_3D('',#1041,#1042,#1043);
#1041 = CARTESIAN_POINT('',(0.,0.,16.512959092346));
#1042 = DIRECTION('',(-0.,-0.,-1.));
#1043 = DIRECTION('',(1.,0.,-0.));
#1044 = DEFINITIONAL_REPRESENTATION('',(#1045),#1048);
#1045 = B_SPLINE_CURVE_WITH_KNOTS('',1,(#1046,#1047),.UNSPECIFIED.,.F.,
  .F.,(2,2),(49.91862288492,57.099025241027),.PIECEWISE_BEZIER_KNOTS.);
#1046 = CARTESIAN_POINT('',(-5.497787143782,-6.026824174671));
#1047 = CARTESIAN_POINT('',(-5.497787143782,0.));
#1048 = ( GEOMETRIC_REPRESENTATION_CONTEXT(2) 
PARAMETRIC_REPRESENTATION_CONTEXT() REPRESENTATION_CONTEXT('2D SPACE',''
  ) );
#1049 = ORIENTED_EDGE('',*,*,#1050,.F.);
#1050 = EDGE_CURVE('',#1051,#1025,#1053,.T.);
#1051 = VERTEX_POINT('',#1052);
#1052 = CARTESIAN_POINT('',(17.444456913385,-17.44445691338,
    13.337071534069));
#1053 = SURFACE_CURVE('',#1054,(#1058,#1064),.PCURVE_S1.);
#1054 = LINE('',#1055,#1056);
#1055 = CARTESIAN_POINT('',(0.,0.,1.035185810794));
#1056 = VECTOR('',#1057,1.);
#1057 = DIRECTION('',(0.632795882567,-0.632795882567,0.446249640911));
#1058 = PCURVE('',#288,#1059);
#1059 = DEFINITIONAL_REPRESENTATION('',(#1060),#1063);
#1060 = B_SPLINE_CURVE_WITH_KNOTS('',1,(#1061,#1062),.UNSPECIFIED.,.F.,
  .F.,(2,2),(27.567273103345,34.684113694611),.PIECEWISE_BEZIER_KNOTS.);
#1061 = CARTESIAN_POINT('',(-5.516228210766,51.305994306174));
#1062 = CARTESIAN_POINT('',(-11.88514948667,48.130106747897));
#1063 = ( GEOMETRIC_REPRESENTATION_CONTEXT(2) 
PARAMETRIC_REPRESENTATION_CONTEXT() REPRESENTATION_CONTEXT('2D SPACE',''
  ) );
#1064 = PCURVE('',#1065,#1070);
#1065 = CONICAL_SURFACE('',#1066,24.670187555142,1.108226161775);
#1066 = AXIS2_PLACEMENT_3D('',#1067,#1068,#1069);
#1067 = CARTESIAN_POINT('',(0.,0.,13.337071534069));
#1068 = DIRECTION('',(0.,0.,1.));
#1069 = DIRECTION('',(1.,0.,-0.));
#1070 = DEFINITIONAL_REPRESENTATION('',(#1071),#1074);
#1071 = B_SPLINE_CURVE_WITH_KNOTS('',1,(#1072,#1073),.UNSPECIFIED.,.F.,
  .F.,(2,2),(27.567273103345,34.684113694611),.PIECEWISE_BEZIER_KNOTS.);
#1072 = CARTESIAN_POINT('',(5.497787143782,0.));
#1073 = CARTESIAN_POINT('',(5.497787143782,3.175887558276));
#1074 = ( GEOMETRIC_REPRESENTATION_CONTEXT(2) 
PARAMETRIC_REPRESENTATION_CONTEXT() REPRESENTATION_CONTEXT('2D SPACE',''
  ) );
#1075 = ORIENTED_EDGE('',*,*,#1076,.F.);
#1076 = EDGE_CURVE('',#1077,#1051,#1079,.T.);
#1077 = VERTEX_POINT('',#1078);
#1078 = CARTESIAN_POINT('',(17.198489077317,-17.19848907731,
    12.572473979218));
#1079 = SURFACE_CURVE('',#1080,(#1084,#1090),.PCURVE_S1.);
#1080 = LINE('',#1081,#1082);
#1081 = CARTESIAN_POINT('',(0.,0.,-40.88948635629));
#1082 = VECTOR('',#1083,1.);
#1083 = DIRECTION('',(0.292816824487,-0.292816824487,0.910228880334));
#1084 = PCURVE('',#288,#1085);
#1085 = DEFINITIONAL_REPRESENTATION('',(#1086),#1089);
#1086 = B_SPLINE_CURVE_WITH_KNOTS('',1,(#1087,#1088),.UNSPECIFIED.,.F.,
  .F.,(2,2),(58.734634211858,59.574640029483),.PIECEWISE_BEZIER_KNOTS.);
#1087 = CARTESIAN_POINT('',(-5.168377161092,52.070591861025));
#1088 = CARTESIAN_POINT('',(-5.516228210766,51.305994306174));
#1089 = ( GEOMETRIC_REPRESENTATION_CONTEXT(2) 
PARAMETRIC_REPRESENTATION_CONTEXT() REPRESENTATION_CONTEXT('2D SPACE',''
  ) );
#1090 = PCURVE('',#1091,#1096);
#1091 = CONICAL_SURFACE('',#1092,24.322336505468,0.426959890082);
#1092 = AXIS2_PLACEMENT_3D('',#1093,#1094,#1095);
#1093 = CARTESIAN_POINT('',(0.,0.,12.572473979218));
#1094 = DIRECTION('',(0.,0.,1.));
#1095 = DIRECTION('',(1.,0.,-0.));
#1096 = DEFINITIONAL_REPRESENTATION('',(#1097),#1100);
#1097 = B_SPLINE_CURVE_WITH_KNOTS('',1,(#1098,#1099),.UNSPECIFIED.,.F.,
  .F.,(2,2),(58.734634211858,59.574640029483),.PIECEWISE_BEZIER_KNOTS.);
#1098 = CARTESIAN_POINT('',(5.497787143782,0.));
#1099 = CARTESIAN_POINT('',(5.497787143782,0.764597554851));
#1100 = ( GEOMETRIC_REPRESENTATION_CONTEXT(2) 
PARAMETRIC_REPRESENTATION_CONTEXT() REPRESENTATION_CONTEXT('2D SPACE',''
  ) );
#1101 = ORIENTED_EDGE('',*,*,#1102,.T.);
#1102 = EDGE_CURVE('',#1077,#1103,#1105,.T.);
#1103 = VERTEX_POINT('',#1104);
#1104 = CARTESIAN_POINT('',(18.391086249109,-18.3910862491,5.74723918613
    ));
#1105 = SURFACE_CURVE('',#1106,(#1110,#1116),.PCURVE_S1.);
#1106 = LINE('',#1107,#1108);
#1107 = CARTESIAN_POINT('',(0.,0.,110.99944396997));
#1108 = VECTOR('',#1109,1.);
#1109 = DIRECTION('',(0.169631097685,-0.169631097685,-0.970798939738));
#1110 = PCURVE('',#288,#1111);
#1111 = DEFINITIONAL_REPRESENTATION('',(#1112),#1115);
#1112 = B_SPLINE_CURVE_WITH_KNOTS('',1,(#1113,#1114),.UNSPECIFIED.,.F.,
  .F.,(2,2),(101.38759527006,108.41812910535),.PIECEWISE_BEZIER_KNOTS.);
#1113 = CARTESIAN_POINT('',(-5.168377161092,52.070591861025));
#1114 = CARTESIAN_POINT('',(-6.854964255888,58.895826654113));
#1115 = ( GEOMETRIC_REPRESENTATION_CONTEXT(2) 
PARAMETRIC_REPRESENTATION_CONTEXT() REPRESENTATION_CONTEXT('2D SPACE',''
  ) );
#1116 = PCURVE('',#1117,#1122);
#1117 = CONICAL_SURFACE('',#1118,26.008923600264,0.242257278127);
#1118 = AXIS2_PLACEMENT_3D('',#1119,#1120,#1121);
#1119 = CARTESIAN_POINT('',(0.,0.,5.74723918613));
#1120 = DIRECTION('',(-0.,-0.,-1.));
#1121 = DIRECTION('',(1.,0.,-0.));
#1122 = DEFINITIONAL_REPRESENTATION('',(#1123),#1126);
#1123 = B_SPLINE_CURVE_WITH_KNOTS('',1,(#1124,#1125),.UNSPECIFIED.,.F.,
  .F.,(2,2),(101.38759527006,108.41812910535),.PIECEWISE_BEZIER_KNOTS.);
#1124 = CARTESIAN_POINT('',(-5.497787143782,-6.825234793088));
#1125 = CARTESIAN_POINT('',(-5.497787143782,0.));
#1126 = ( GEOMETRIC_REPRESENTATION_CONTEXT(2) 
PARAMETRIC_REPRESENTATION_CONTEXT() REPRESENTATION_CONTEXT('2D SPACE',''
  ) );
#1127 = ORIENTED_EDGE('',*,*,#1128,.F.);
#1128 = EDGE_CURVE('',#1129,#1103,#1131,.T.);
#1129 = VERTEX_POINT('',#1130);
#1130 = CARTESIAN_POINT('',(13.635866833409,-13.6358668334,
    6.117857375678));
#1131 = SURFACE_CURVE('',#1132,(#1136,#1142),.PCURVE_S1.);
#1132 = LINE('',#1133,#1134);
#1133 = CARTESIAN_POINT('',(0.,0.,7.180626479882));
#1134 = VECTOR('',#1135,1.);
#1135 = DIRECTION('',(0.706035386658,-0.706035386658,-5.502786178407E-02
    ));
#1136 = PCURVE('',#288,#1137);
#1137 = DEFINITIONAL_REPRESENTATION('',(#1138),#1141);
#1138 = B_SPLINE_CURVE_WITH_KNOTS('',1,(#1139,#1140),.UNSPECIFIED.,.F.,
  .F.,(2,2),(19.313290935668,26.048391619796),.PIECEWISE_BEZIER_KNOTS.);
#1139 = CARTESIAN_POINT('',(-0.130068466145,58.525208464565));
#1140 = CARTESIAN_POINT('',(-6.854964255888,58.895826654113));
#1141 = ( GEOMETRIC_REPRESENTATION_CONTEXT(2) 
PARAMETRIC_REPRESENTATION_CONTEXT() REPRESENTATION_CONTEXT('2D SPACE',''
  ) );
#1142 = PCURVE('',#1143,#1148);
#1143 = CONICAL_SURFACE('',#1144,19.28402781052,1.515740655771);
#1144 = AXIS2_PLACEMENT_3D('',#1145,#1146,#1147);
#1145 = CARTESIAN_POINT('',(0.,0.,6.117857375678));
#1146 = DIRECTION('',(-0.,-0.,-1.));
#1147 = DIRECTION('',(1.,0.,0.));
#1148 = DEFINITIONAL_REPRESENTATION('',(#1149),#1152);
#1149 = B_SPLINE_CURVE_WITH_KNOTS('',1,(#1150,#1151),.UNSPECIFIED.,.F.,
  .F.,(2,2),(19.313290935668,26.048391619796),.PIECEWISE_BEZIER_KNOTS.);
#1150 = CARTESIAN_POINT('',(-5.497787143782,1.954982372754E-16));
#1151 = CARTESIAN_POINT('',(-5.497787143782,0.370618189548));
#1152 = ( GEOMETRIC_REPRESENTATION_CONTEXT(2) 
PARAMETRIC_REPRESENTATION_CONTEXT() REPRESENTATION_CONTEXT('2D SPACE',''
  ) );
#1153 = ORIENTED_EDGE('',*,*,#1154,.F.);
#1154 = EDGE_CURVE('',#1155,#1129,#1157,.T.);
#1155 = VERTEX_POINT('',#1156);
#1156 = CARTESIAN_POINT('',(13.264062405227,-13.26406240522,
    5.791866408681));
#1157 = SURFACE_CURVE('',#1158,(#1162,#1168),.PCURVE_S1.);
#1158 = LINE('',#1159,#1160);
#1159 = CARTESIAN_POINT('',(0.,0.,-5.83780823221));
#1160 = VECTOR('',#1161,1.);
#1161 = DIRECTION('',(0.600977980888,-0.600977980888,0.526925927408));
#1162 = PCURVE('',#288,#1163);
#1163 = DEFINITIONAL_REPRESENTATION('',(#1164),#1167);
#1164 = B_SPLINE_CURVE_WITH_KNOTS('',1,(#1165,#1166),.UNSPECIFIED.,.F.,
  .F.,(2,2),(22.070795980944,22.689461622625),.PIECEWISE_BEZIER_KNOTS.);
#1165 = CARTESIAN_POINT('',(0.395742398741,58.851199431562));
#1166 = CARTESIAN_POINT('',(-0.130068466145,58.525208464565));
#1167 = ( GEOMETRIC_REPRESENTATION_CONTEXT(2) 
PARAMETRIC_REPRESENTATION_CONTEXT() REPRESENTATION_CONTEXT('2D SPACE',''
  ) );
#1168 = PCURVE('',#1169,#1174);
#1169 = CONICAL_SURFACE('',#1170,18.758216945635,1.015816767642);
#1170 = AXIS2_PLACEMENT_3D('',#1171,#1172,#1173);
#1171 = CARTESIAN_POINT('',(0.,0.,5.791866408681));
#1172 = DIRECTION('',(0.,0.,1.));
#1173 = DIRECTION('',(1.,0.,-0.));
#1174 = DEFINITIONAL_REPRESENTATION('',(#1175),#1178);
#1175 = B_SPLINE_CURVE_WITH_KNOTS('',1,(#1176,#1177),.UNSPECIFIED.,.F.,
  .F.,(2,2),(22.070795980944,22.689461622625),.PIECEWISE_BEZIER_KNOTS.);
#1176 = CARTESIAN_POINT('',(5.497787143782,0.));
#1177 = CARTESIAN_POINT('',(5.497787143782,0.325990966998));
#1178 = ( GEOMETRIC_REPRESENTATION_CONTEXT(2) 
PARAMETRIC_REPRESENTATION_CONTEXT() REPRESENTATION_CONTEXT('2D SPACE',''
  ) );
#1179 = ORIENTED_EDGE('',*,*,#1180,.F.);
#1180 = EDGE_CURVE('',#304,#1155,#1181,.T.);
#1181 = SURFACE_CURVE('',#1182,(#1186,#1192),.PCURVE_S1.);
#1182 = LINE('',#1183,#1184);
#1183 = CARTESIAN_POINT('',(0.,0.,-33.5977424421));
#1184 = VECTOR('',#1185,1.);
#1185 = DIRECTION('',(0.304025601465,-0.304025601465,0.902849304872));
#1186 = PCURVE('',#288,#1187);
#1187 = DEFINITIONAL_REPRESENTATION('',(#1188),#1191);
#1188 = B_SPLINE_CURVE_WITH_KNOTS('',1,(#1189,#1190),.UNSPECIFIED.,.F.,
  .F.,(2,2),(38.874419299783,43.628110071346),.PIECEWISE_BEZIER_KNOTS.);
#1189 = CARTESIAN_POINT('',(2.439625634563,63.143065840243));
#1190 = CARTESIAN_POINT('',(0.395742398741,58.851199431562));
#1191 = ( GEOMETRIC_REPRESENTATION_CONTEXT(2) 
PARAMETRIC_REPRESENTATION_CONTEXT() REPRESENTATION_CONTEXT('2D SPACE',''
  ) );
#1192 = PCURVE('',#1193,#1198);
#1193 = CONICAL_SURFACE('',#1194,16.,0.444445292174);
#1194 = AXIS2_PLACEMENT_3D('',#1195,#1196,#1197);
#1195 = CARTESIAN_POINT('',(0.,0.,0.));
#1196 = DIRECTION('',(0.,0.,1.));
#1197 = DIRECTION('',(1.,0.,-0.));
#1198 = DEFINITIONAL_REPRESENTATION('',(#1199),#1202);
#1199 = B_SPLINE_CURVE_WITH_KNOTS('',1,(#1200,#1201),.UNSPECIFIED.,.F.,
  .F.,(2,2),(38.874419299783,43.628110071346),.PIECEWISE_BEZIER_KNOTS.);
#1200 = CARTESIAN_POINT('',(5.497787143782,1.5));
#1201 = CARTESIAN_POINT('',(5.497787143782,5.791866408681));
#1202 = ( GEOMETRIC_REPRESENTATION_CONTEXT(2) 
PARAMETRIC_REPRESENTATION_CONTEXT() REPRESENTATION_CONTEXT('2D SPACE',''
  ) );
#1203 = ADVANCED_FACE('',(#1204),#363,.F.);
#1204 = FACE_BOUND('',#1205,.F.);
#1205 = EDGE_LOOP('',(#1206,#1230,#1256,#1282));
#1206 = ORIENTED_EDGE('',*,*,#1207,.F.);
#1207 = EDGE_CURVE('',#1208,#349,#1210,.T.);
#1208 = VERTEX_POINT('',#1209);
#1209 = CARTESIAN_POINT('',(25.126395956701,25.126395956701,
    118.6347109709));
#1210 = SURFACE_CURVE('',#1211,(#1216,#1223),.PCURVE_S1.);
#1211 = CIRCLE('',#1212,35.534089935522);
#1212 = AXIS2_PLACEMENT_3D('',#1213,#1214,#1215);
#1213 = CARTESIAN_POINT('',(0.,0.,118.6347109709));
#1214 = DIRECTION('',(0.,0.,-1.));
#1215 = DIRECTION('',(0.707106781187,0.707106781187,0.));
#1216 = PCURVE('',#363,#1217);
#1217 = DEFINITIONAL_REPRESENTATION('',(#1218),#1222);
#1218 = LINE('',#1219,#1220);
#1219 = CARTESIAN_POINT('',(7.068583470577,0.));
#1220 = VECTOR('',#1221,1.);
#1221 = DIRECTION('',(-1.,-0.));
#1222 = ( GEOMETRIC_REPRESENTATION_CONTEXT(2) 
PARAMETRIC_REPRESENTATION_CONTEXT() REPRESENTATION_CONTEXT('2D SPACE',''
  ) );
#1223 = PCURVE('',#389,#1224);
#1224 = DEFINITIONAL_REPRESENTATION('',(#1225),#1229);
#1225 = LINE('',#1226,#1227);
#1226 = CARTESIAN_POINT('',(7.068583470577,0.996066323192));
#1227 = VECTOR('',#1228,1.);
#1228 = DIRECTION('',(-1.,-0.));
#1229 = ( GEOMETRIC_REPRESENTATION_CONTEXT(2) 
PARAMETRIC_REPRESENTATION_CONTEXT() REPRESENTATION_CONTEXT('2D SPACE',''
  ) );
#1230 = ORIENTED_EDGE('',*,*,#1231,.T.);
#1231 = EDGE_CURVE('',#1208,#1232,#1234,.T.);
#1232 = VERTEX_POINT('',#1233);
#1233 = CARTESIAN_POINT('',(28.991378028648,28.991378028649,123.65));
#1234 = SURFACE_CURVE('',#1235,(#1239,#1245),.PCURVE_S1.);
#1235 = LINE('',#1236,#1237);
#1236 = CARTESIAN_POINT('',(0.,0.,86.03012558434));
#1237 = VECTOR('',#1238,1.);
#1238 = DIRECTION('',(0.521015329988,0.521015329988,0.676081394386));
#1239 = PCURVE('',#363,#1240);
#1240 = DEFINITIONAL_REPRESENTATION('',(#1241),#1244);
#1241 = B_SPLINE_CURVE_WITH_KNOTS('',1,(#1242,#1243),.UNSPECIFIED.,.F.,
  .F.,(2,2),(48.225828513106,55.644001932374),.PIECEWISE_BEZIER_KNOTS.);
#1242 = CARTESIAN_POINT('',(7.068583470577,0.));
#1243 = CARTESIAN_POINT('',(7.068583470577,5.015289029096));
#1244 = ( GEOMETRIC_REPRESENTATION_CONTEXT(2) 
PARAMETRIC_REPRESENTATION_CONTEXT() REPRESENTATION_CONTEXT('2D SPACE',''
  ) );
#1245 = PCURVE('',#1246,#1251);
#1246 = PLANE('',#1247);
#1247 = AXIS2_PLACEMENT_3D('',#1248,#1249,#1250);
#1248 = CARTESIAN_POINT('',(13.543894538979,13.543894538979,
    64.643065840243));
#1249 = DIRECTION('',(-0.707106781187,0.707106781187,0.));
#1250 = DIRECTION('',(0.707106781187,0.707106781187,0.));
#1251 = DEFINITIONAL_REPRESENTATION('',(#1252),#1255);
#1252 = B_SPLINE_CURVE_WITH_KNOTS('',1,(#1253,#1254),.UNSPECIFIED.,.F.,
  .F.,(2,2),(48.225828513106,55.644001932374),.PIECEWISE_BEZIER_KNOTS.);
#1253 = CARTESIAN_POINT('',(16.380130591147,-53.99164513066));
#1254 = CARTESIAN_POINT('',(21.846040655625,-59.00693415975));
#1255 = ( GEOMETRIC_REPRESENTATION_CONTEXT(2) 
PARAMETRIC_REPRESENTATION_CONTEXT() REPRESENTATION_CONTEXT('2D SPACE',''
  ) );
#1256 = ORIENTED_EDGE('',*,*,#1257,.T.);
#1257 = EDGE_CURVE('',#1232,#327,#1258,.T.);
#1258 = SURFACE_CURVE('',#1259,(#1264,#1271),.PCURVE_S1.);
#1259 = CIRCLE('',#1260,41.);
#1260 = AXIS2_PLACEMENT_3D('',#1261,#1262,#1263);
#1261 = CARTESIAN_POINT('',(0.,0.,123.65));
#1262 = DIRECTION('',(0.,0.,-1.));
#1263 = DIRECTION('',(0.707106781187,0.707106781187,0.));
#1264 = PCURVE('',#363,#1265);
#1265 = DEFINITIONAL_REPRESENTATION('',(#1266),#1270);
#1266 = LINE('',#1267,#1268);
#1267 = CARTESIAN_POINT('',(7.068583470577,5.015289029096));
#1268 = VECTOR('',#1269,1.);
#1269 = DIRECTION('',(-1.,-0.));
#1270 = ( GEOMETRIC_REPRESENTATION_CONTEXT(2) 
PARAMETRIC_REPRESENTATION_CONTEXT() REPRESENTATION_CONTEXT('2D SPACE',''
  ) );
#1271 = PCURVE('',#107,#1272);
#1272 = DEFINITIONAL_REPRESENTATION('',(#1273),#1281);
#1273 = ( BOUNDED_CURVE() B_SPLINE_CURVE(2,(#1274,#1275,#1276,#1277,
#1278,#1279,#1280),.UNSPECIFIED.,.T.,.F.) B_SPLINE_CURVE_WITH_KNOTS((1,2
    ,2,2,2,1),(-2.094395102393,0.,2.094395102393,4.188790204786,
6.28318530718,8.377580409573),.UNSPECIFIED.) CURVE() 
GEOMETRIC_REPRESENTATION_ITEM() RATIONAL_B_SPLINE_CURVE((1.,0.5,1.,0.5,
1.,0.5,1.)) REPRESENTATION_ITEM('') );
#1274 = CARTESIAN_POINT('',(28.991378028648,28.991378028649));
#1275 = CARTESIAN_POINT('',(79.205917755704,-21.2231616984));
#1276 = CARTESIAN_POINT('',(10.611580849204,-39.60295887785));
#1277 = CARTESIAN_POINT('',(-57.98275605729,-57.98275605729));
#1278 = CARTESIAN_POINT('',(-39.60295887785,10.611580849203));
#1279 = CARTESIAN_POINT('',(-21.2231616984,79.205917755703));
#1280 = CARTESIAN_POINT('',(28.991378028648,28.991378028649));
#1281 = ( GEOMETRIC_REPRESENTATION_CONTEXT(2) 
PARAMETRIC_REPRESENTATION_CONTEXT() REPRESENTATION_CONTEXT('2D SPACE',''
  ) );
#1282 = ORIENTED_EDGE('',*,*,#348,.F.);
#1283 = ADVANCED_FACE('',(#1284),#1246,.T.);
#1284 = FACE_BOUND('',#1285,.T.);
#1285 = EDGE_LOOP('',(#1286,#1310,#1331,#1352,#1373,#1394,#1415,#1436,
    #1457,#1478,#1499,#1520,#1541,#1562,#1583,#1604,#1625,#1646,#1667,
    #1688,#1709,#1730,#1751,#1772,#1793,#1814,#1835,#1856,#1877,#1898,
    #1919,#1940,#1961,#1980,#1981,#2003));
#1286 = ORIENTED_EDGE('',*,*,#1287,.F.);
#1287 = EDGE_CURVE('',#1288,#1290,#1292,.T.);
#1288 = VERTEX_POINT('',#1289);
#1289 = CARTESIAN_POINT('',(11.818818709223,11.818818709224,1.5));
#1290 = VERTEX_POINT('',#1291);
#1291 = CARTESIAN_POINT('',(23.075327540925,23.075327540925,1.5));
#1292 = SURFACE_CURVE('',#1293,(#1297,#1303),.PCURVE_S1.);
#1293 = LINE('',#1294,#1295);
#1294 = CARTESIAN_POINT('',(0.,0.,1.5));
#1295 = VECTOR('',#1296,1.);
#1296 = DIRECTION('',(0.707106781187,0.707106781187,0.));
#1297 = PCURVE('',#1246,#1298);
#1298 = DEFINITIONAL_REPRESENTATION('',(#1299),#1302);
#1299 = B_SPLINE_CURVE_WITH_KNOTS('',1,(#1300,#1301),.UNSPECIFIED.,.F.,
  .F.,(2,2),(0.,32.633441164577),.PIECEWISE_BEZIER_KNOTS.);
#1300 = CARTESIAN_POINT('',(-19.15395934437,63.143065840243));
#1301 = CARTESIAN_POINT('',(13.479481820202,63.143065840243));
#1302 = ( GEOMETRIC_REPRESENTATION_CONTEXT(2) 
PARAMETRIC_REPRESENTATION_CONTEXT() REPRESENTATION_CONTEXT('2D SPACE',''
  ) );
#1303 = PCURVE('',#45,#1304);
#1304 = DEFINITIONAL_REPRESENTATION('',(#1305),#1309);
#1305 = LINE('',#1306,#1307);
#1306 = CARTESIAN_POINT('',(0.,0.));
#1307 = VECTOR('',#1308,1.);
#1308 = DIRECTION('',(0.707106781187,0.707106781187));
#1309 = ( GEOMETRIC_REPRESENTATION_CONTEXT(2) 
PARAMETRIC_REPRESENTATION_CONTEXT() REPRESENTATION_CONTEXT('2D SPACE',''
  ) );
#1310 = ORIENTED_EDGE('',*,*,#1311,.T.);
#1311 = EDGE_CURVE('',#1288,#1312,#1314,.T.);
#1312 = VERTEX_POINT('',#1313);
#1313 = CARTESIAN_POINT('',(13.264062405227,13.264062405227,
    5.791866408681));
#1314 = SURFACE_CURVE('',#1315,(#1319,#1325),.PCURVE_S1.);
#1315 = LINE('',#1316,#1317);
#1316 = CARTESIAN_POINT('',(0.,0.,-33.5977424421));
#1317 = VECTOR('',#1318,1.);
#1318 = DIRECTION('',(0.304025601465,0.304025601465,0.902849304872));
#1319 = PCURVE('',#1246,#1320);
#1320 = DEFINITIONAL_REPRESENTATION('',(#1321),#1324);
#1321 = B_SPLINE_CURVE_WITH_KNOTS('',1,(#1322,#1323),.UNSPECIFIED.,.F.,
  .F.,(2,2),(38.874419299783,43.628110071346),.PIECEWISE_BEZIER_KNOTS.);
#1322 = CARTESIAN_POINT('',(-2.439625634563,63.143065840243));
#1323 = CARTESIAN_POINT('',(-0.395742398741,58.851199431562));
#1324 = ( GEOMETRIC_REPRESENTATION_CONTEXT(2) 
PARAMETRIC_REPRESENTATION_CONTEXT() REPRESENTATION_CONTEXT('2D SPACE',''
  ) );
#1325 = PCURVE('',#1193,#1326);
#1326 = DEFINITIONAL_REPRESENTATION('',(#1327),#1330);
#1327 = B_SPLINE_CURVE_WITH_KNOTS('',1,(#1328,#1329),.UNSPECIFIED.,.F.,
  .F.,(2,2),(38.874419299783,43.628110071346),.PIECEWISE_BEZIER_KNOTS.);
#1328 = CARTESIAN_POINT('',(7.068583470577,1.5));
#1329 = CARTESIAN_POINT('',(7.068583470577,5.791866408681));
#1330 = ( GEOMETRIC_REPRESENTATION_CONTEXT(2) 
PARAMETRIC_REPRESENTATION_CONTEXT() REPRESENTATION_CONTEXT('2D SPACE',''
  ) );
#1331 = ORIENTED_EDGE('',*,*,#1332,.T.);
#1332 = EDGE_CURVE('',#1312,#1333,#1335,.T.);
#1333 = VERTEX_POINT('',#1334);
#1334 = CARTESIAN_POINT('',(13.635866833409,13.635866833409,
    6.117857375678));
#1335 = SURFACE_CURVE('',#1336,(#1340,#1346),.PCURVE_S1.);
#1336 = LINE('',#1337,#1338);
#1337 = CARTESIAN_POINT('',(0.,0.,-5.83780823221));
#1338 = VECTOR('',#1339,1.);
#1339 = DIRECTION('',(0.600977980888,0.600977980888,0.526925927408));
#1340 = PCURVE('',#1246,#1341);
#1341 = DEFINITIONAL_REPRESENTATION('',(#1342),#1345);
#1342 = B_SPLINE_CURVE_WITH_KNOTS('',1,(#1343,#1344),.UNSPECIFIED.,.F.,
  .F.,(2,2),(22.070795980944,22.689461622625),.PIECEWISE_BEZIER_KNOTS.);
#1343 = CARTESIAN_POINT('',(-0.395742398741,58.851199431562));
#1344 = CARTESIAN_POINT('',(0.130068466145,58.525208464565));
#1345 = ( GEOMETRIC_REPRESENTATION_CONTEXT(2) 
PARAMETRIC_REPRESENTATION_CONTEXT() REPRESENTATION_CONTEXT('2D SPACE',''
  ) );
#1346 = PCURVE('',#1169,#1347);
#1347 = DEFINITIONAL_REPRESENTATION('',(#1348),#1351);
#1348 = B_SPLINE_CURVE_WITH_KNOTS('',1,(#1349,#1350),.UNSPECIFIED.,.F.,
  .F.,(2,2),(22.070795980944,22.689461622625),.PIECEWISE_BEZIER_KNOTS.);
#1349 = CARTESIAN_POINT('',(7.068583470577,0.));
#1350 = CARTESIAN_POINT('',(7.068583470577,0.325990966998));
#1351 = ( GEOMETRIC_REPRESENTATION_CONTEXT(2) 
PARAMETRIC_REPRESENTATION_CONTEXT() REPRESENTATION_CONTEXT('2D SPACE',''
  ) );
#1352 = ORIENTED_EDGE('',*,*,#1353,.T.);
#1353 = EDGE_CURVE('',#1333,#1354,#1356,.T.);
#1354 = VERTEX_POINT('',#1355);
#1355 = CARTESIAN_POINT('',(18.391086249109,18.391086249109,
    5.74723918613));
#1356 = SURFACE_CURVE('',#1357,(#1361,#1367),.PCURVE_S1.);
#1357 = LINE('',#1358,#1359);
#1358 = CARTESIAN_POINT('',(0.,0.,7.180626479882));
#1359 = VECTOR('',#1360,1.);
#1360 = DIRECTION('',(0.706035386658,0.706035386658,-5.502786178407E-02)
  );
#1361 = PCURVE('',#1246,#1362);
#1362 = DEFINITIONAL_REPRESENTATION('',(#1363),#1366);
#1363 = B_SPLINE_CURVE_WITH_KNOTS('',1,(#1364,#1365),.UNSPECIFIED.,.F.,
  .F.,(2,2),(19.313290935668,26.048391619796),.PIECEWISE_BEZIER_KNOTS.);
#1364 = CARTESIAN_POINT('',(0.130068466145,58.525208464565));
#1365 = CARTESIAN_POINT('',(6.854964255888,58.895826654113));
#1366 = ( GEOMETRIC_REPRESENTATION_CONTEXT(2) 
PARAMETRIC_REPRESENTATION_CONTEXT() REPRESENTATION_CONTEXT('2D SPACE',''
  ) );
#1367 = PCURVE('',#1143,#1368);
#1368 = DEFINITIONAL_REPRESENTATION('',(#1369),#1372);
#1369 = B_SPLINE_CURVE_WITH_KNOTS('',1,(#1370,#1371),.UNSPECIFIED.,.F.,
  .F.,(2,2),(19.313290935668,26.048391619796),.PIECEWISE_BEZIER_KNOTS.);
#1370 = CARTESIAN_POINT('',(-7.068583470577,1.954982372754E-16));
#1371 = CARTESIAN_POINT('',(-7.068583470577,0.370618189548));
#1372 = ( GEOMETRIC_REPRESENTATION_CONTEXT(2) 
PARAMETRIC_REPRESENTATION_CONTEXT() REPRESENTATION_CONTEXT('2D SPACE',''
  ) );
#1373 = ORIENTED_EDGE('',*,*,#1374,.F.);
#1374 = EDGE_CURVE('',#1375,#1354,#1377,.T.);
#1375 = VERTEX_POINT('',#1376);
#1376 = CARTESIAN_POINT('',(17.198489077317,17.198489077317,
    12.572473979218));
#1377 = SURFACE_CURVE('',#1378,(#1382,#1388),.PCURVE_S1.);
#1378 = LINE('',#1379,#1380);
#1379 = CARTESIAN_POINT('',(0.,0.,110.99944396997));
#1380 = VECTOR('',#1381,1.);
#1381 = DIRECTION('',(0.169631097685,0.169631097685,-0.970798939738));
#1382 = PCURVE('',#1246,#1383);
#1383 = DEFINITIONAL_REPRESENTATION('',(#1384),#1387);
#1384 = B_SPLINE_CURVE_WITH_KNOTS('',1,(#1385,#1386),.UNSPECIFIED.,.F.,
  .F.,(2,2),(101.38759527006,108.41812910535),.PIECEWISE_BEZIER_KNOTS.);
#1385 = CARTESIAN_POINT('',(5.168377161092,52.070591861025));
#1386 = CARTESIAN_POINT('',(6.854964255888,58.895826654113));
#1387 = ( GEOMETRIC_REPRESENTATION_CONTEXT(2) 
PARAMETRIC_REPRESENTATION_CONTEXT() REPRESENTATION_CONTEXT('2D SPACE',''
  ) );
#1388 = PCURVE('',#1117,#1389);
#1389 = DEFINITIONAL_REPRESENTATION('',(#1390),#1393);
#1390 = B_SPLINE_CURVE_WITH_KNOTS('',1,(#1391,#1392),.UNSPECIFIED.,.F.,
  .F.,(2,2),(101.38759527006,108.41812910535),.PIECEWISE_BEZIER_KNOTS.);
#1391 = CARTESIAN_POINT('',(-7.068583470577,-6.825234793088));
#1392 = CARTESIAN_POINT('',(-7.068583470577,0.));
#1393 = ( GEOMETRIC_REPRESENTATION_CONTEXT(2) 
PARAMETRIC_REPRESENTATION_CONTEXT() REPRESENTATION_CONTEXT('2D SPACE',''
  ) );
#1394 = ORIENTED_EDGE('',*,*,#1395,.T.);
#1395 = EDGE_CURVE('',#1375,#1396,#1398,.T.);
#1396 = VERTEX_POINT('',#1397);
#1397 = CARTESIAN_POINT('',(17.444456913385,17.444456913385,
    13.337071534069));
#1398 = SURFACE_CURVE('',#1399,(#1403,#1409),.PCURVE_S1.);
#1399 = LINE('',#1400,#1401);
#1400 = CARTESIAN_POINT('',(0.,0.,-40.88948635629));
#1401 = VECTOR('',#1402,1.);
#1402 = DIRECTION('',(0.292816824487,0.292816824487,0.910228880334));
#1403 = PCURVE('',#1246,#1404);
#1404 = DEFINITIONAL_REPRESENTATION('',(#1405),#1408);
#1405 = B_SPLINE_CURVE_WITH_KNOTS('',1,(#1406,#1407),.UNSPECIFIED.,.F.,
  .F.,(2,2),(58.734634211858,59.574640029483),.PIECEWISE_BEZIER_KNOTS.);
#1406 = CARTESIAN_POINT('',(5.168377161092,52.070591861025));
#1407 = CARTESIAN_POINT('',(5.516228210766,51.305994306174));
#1408 = ( GEOMETRIC_REPRESENTATION_CONTEXT(2) 
PARAMETRIC_REPRESENTATION_CONTEXT() REPRESENTATION_CONTEXT('2D SPACE',''
  ) );
#1409 = PCURVE('',#1091,#1410);
#1410 = DEFINITIONAL_REPRESENTATION('',(#1411),#1414);
#1411 = B_SPLINE_CURVE_WITH_KNOTS('',1,(#1412,#1413),.UNSPECIFIED.,.F.,
  .F.,(2,2),(58.734634211858,59.574640029483),.PIECEWISE_BEZIER_KNOTS.);
#1412 = CARTESIAN_POINT('',(7.068583470577,0.));
#1413 = CARTESIAN_POINT('',(7.068583470577,0.764597554851));
#1414 = ( GEOMETRIC_REPRESENTATION_CONTEXT(2) 
PARAMETRIC_REPRESENTATION_CONTEXT() REPRESENTATION_CONTEXT('2D SPACE',''
  ) );
#1415 = ORIENTED_EDGE('',*,*,#1416,.T.);
#1416 = EDGE_CURVE('',#1396,#1417,#1419,.T.);
#1417 = VERTEX_POINT('',#1418);
#1418 = CARTESIAN_POINT('',(21.94796433642,21.94796433642,
    16.512959092346));
#1419 = SURFACE_CURVE('',#1420,(#1424,#1430),.PCURVE_S1.);
#1420 = LINE('',#1421,#1422);
#1421 = CARTESIAN_POINT('',(0.,0.,1.035185810794));
#1422 = VECTOR('',#1423,1.);
#1423 = DIRECTION('',(0.632795882567,0.632795882567,0.446249640911));
#1424 = PCURVE('',#1246,#1425);
#1425 = DEFINITIONAL_REPRESENTATION('',(#1426),#1429);
#1426 = B_SPLINE_CURVE_WITH_KNOTS('',1,(#1427,#1428),.UNSPECIFIED.,.F.,
  .F.,(2,2),(27.567273103345,34.684113694611),.PIECEWISE_BEZIER_KNOTS.);
#1427 = CARTESIAN_POINT('',(5.516228210766,51.305994306174));
#1428 = CARTESIAN_POINT('',(11.885149486671,48.130106747897));
#1429 = ( GEOMETRIC_REPRESENTATION_CONTEXT(2) 
PARAMETRIC_REPRESENTATION_CONTEXT() REPRESENTATION_CONTEXT('2D SPACE',''
  ) );
#1430 = PCURVE('',#1065,#1431);
#1431 = DEFINITIONAL_REPRESENTATION('',(#1432),#1435);
#1432 = B_SPLINE_CURVE_WITH_KNOTS('',1,(#1433,#1434),.UNSPECIFIED.,.F.,
  .F.,(2,2),(27.567273103345,34.684113694611),.PIECEWISE_BEZIER_KNOTS.);
#1433 = CARTESIAN_POINT('',(7.068583470577,0.));
#1434 = CARTESIAN_POINT('',(7.068583470577,3.175887558276));
#1435 = ( GEOMETRIC_REPRESENTATION_CONTEXT(2) 
PARAMETRIC_REPRESENTATION_CONTEXT() REPRESENTATION_CONTEXT('2D SPACE',''
  ) );
#1436 = ORIENTED_EDGE('',*,*,#1437,.F.);
#1437 = EDGE_CURVE('',#1438,#1417,#1440,.T.);
#1438 = VERTEX_POINT('',#1439);
#1439 = CARTESIAN_POINT('',(19.187930970391,19.187930970391,
    22.539783267016));
#1440 = SURFACE_CURVE('',#1441,(#1445,#1451),.PCURVE_S1.);
#1441 = LINE('',#1442,#1443);
#1442 = CARTESIAN_POINT('',(0.,0.,64.438655816023));
#1443 = VECTOR('',#1444,1.);
#1444 = DIRECTION('',(0.384384220988,0.384384220988,-0.839343518061));
#1445 = PCURVE('',#1246,#1446);
#1446 = DEFINITIONAL_REPRESENTATION('',(#1447),#1450);
#1447 = B_SPLINE_CURVE_WITH_KNOTS('',1,(#1448,#1449),.UNSPECIFIED.,.F.,
  .F.,(2,2),(49.91862288492,57.099025241027),.PIECEWISE_BEZIER_KNOTS.);
#1448 = CARTESIAN_POINT('',(7.98187286783,42.103282573227));
#1449 = CARTESIAN_POINT('',(11.885149486671,48.130106747897));
#1450 = ( GEOMETRIC_REPRESENTATION_CONTEXT(2) 
PARAMETRIC_REPRESENTATION_CONTEXT() REPRESENTATION_CONTEXT('2D SPACE',''
  ) );
#1451 = PCURVE('',#1039,#1452);
#1452 = DEFINITIONAL_REPRESENTATION('',(#1453),#1456);
#1453 = B_SPLINE_CURVE_WITH_KNOTS('',1,(#1454,#1455),.UNSPECIFIED.,.F.,
  .F.,(2,2),(49.91862288492,57.099025241027),.PIECEWISE_BEZIER_KNOTS.);
#1454 = CARTESIAN_POINT('',(-7.068583470577,-6.026824174671));
#1455 = CARTESIAN_POINT('',(-7.068583470577,0.));
#1456 = ( GEOMETRIC_REPRESENTATION_CONTEXT(2) 
PARAMETRIC_REPRESENTATION_CONTEXT() REPRESENTATION_CONTEXT('2D SPACE',''
  ) );
#1457 = ORIENTED_EDGE('',*,*,#1458,.T.);
#1458 = EDGE_CURVE('',#1438,#1459,#1461,.T.);
#1459 = VERTEX_POINT('',#1460);
#1460 = CARTESIAN_POINT('',(19.263360686785,19.263360686785,
    23.424702429485));
#1461 = SURFACE_CURVE('',#1462,(#1466,#1472),.PCURVE_S1.);
#1462 = LINE('',#1463,#1464);
#1463 = CARTESIAN_POINT('',(0.,0.,-202.5673577311));
#1464 = VECTOR('',#1465,1.);
#1465 = DIRECTION('',(8.462645069647E-02,8.462645069647E-02,
    0.992812534009));
#1466 = PCURVE('',#1246,#1467);
#1467 = DEFINITIONAL_REPRESENTATION('',(#1468),#1471);
#1468 = B_SPLINE_CURVE_WITH_KNOTS('',1,(#1469,#1470),.UNSPECIFIED.,.F.,
  .F.,(2,2),(226.7368040663,227.62812960073),.PIECEWISE_BEZIER_KNOTS.);
#1469 = CARTESIAN_POINT('',(7.98187286783,42.103282573227));
#1470 = CARTESIAN_POINT('',(8.088546595761,41.218363410758));
#1471 = ( GEOMETRIC_REPRESENTATION_CONTEXT(2) 
PARAMETRIC_REPRESENTATION_CONTEXT() REPRESENTATION_CONTEXT('2D SPACE',''
  ) );
#1472 = PCURVE('',#1013,#1473);
#1473 = DEFINITIONAL_REPRESENTATION('',(#1474),#1477);
#1474 = B_SPLINE_CURVE_WITH_KNOTS('',1,(#1475,#1476),.UNSPECIFIED.,.F.,
  .F.,(2,2),(226.7368040663,227.62812960073),.PIECEWISE_BEZIER_KNOTS.);
#1475 = CARTESIAN_POINT('',(7.068583470577,0.));
#1476 = CARTESIAN_POINT('',(7.068583470577,0.884919162468));
#1477 = ( GEOMETRIC_REPRESENTATION_CONTEXT(2) 
PARAMETRIC_REPRESENTATION_CONTEXT() REPRESENTATION_CONTEXT('2D SPACE',''
  ) );
#1478 = ORIENTED_EDGE('',*,*,#1479,.T.);
#1479 = EDGE_CURVE('',#1459,#1480,#1482,.T.);
#1480 = VERTEX_POINT('',#1481);
#1481 = CARTESIAN_POINT('',(22.996426439008,22.996426439008,
    28.347978273564));
#1482 = SURFACE_CURVE('',#1483,(#1487,#1493),.PCURVE_S1.);
#1483 = LINE('',#1484,#1485);
#1484 = CARTESIAN_POINT('',(0.,0.,-1.980378712888));
#1485 = VECTOR('',#1486,1.);
#1486 = DIRECTION('',(0.517135377597,0.517135377597,0.682013198168));
#1487 = PCURVE('',#1246,#1488);
#1488 = DEFINITIONAL_REPRESENTATION('',(#1489),#1492);
#1489 = B_SPLINE_CURVE_WITH_KNOTS('',1,(#1490,#1491),.UNSPECIFIED.,.F.,
  .F.,(2,2),(37.25013124472,44.468871083343),.PIECEWISE_BEZIER_KNOTS.);
#1490 = CARTESIAN_POINT('',(8.088546595761,41.218363410758));
#1491 = CARTESIAN_POINT('',(13.367898811785,36.29508756668));
#1492 = ( GEOMETRIC_REPRESENTATION_CONTEXT(2) 
PARAMETRIC_REPRESENTATION_CONTEXT() REPRESENTATION_CONTEXT('2D SPACE',''
  ) );
#1493 = PCURVE('',#987,#1494);
#1494 = DEFINITIONAL_REPRESENTATION('',(#1495),#1498);
#1495 = B_SPLINE_CURVE_WITH_KNOTS('',1,(#1496,#1497),.UNSPECIFIED.,.F.,
  .F.,(2,2),(37.25013124472,44.468871083343),.PIECEWISE_BEZIER_KNOTS.);
#1496 = CARTESIAN_POINT('',(7.068583470577,0.));
#1497 = CARTESIAN_POINT('',(7.068583470577,4.923275844079));
#1498 = ( GEOMETRIC_REPRESENTATION_CONTEXT(2) 
PARAMETRIC_REPRESENTATION_CONTEXT() REPRESENTATION_CONTEXT('2D SPACE',''
  ) );
#1499 = ORIENTED_EDGE('',*,*,#1500,.F.);
#1500 = EDGE_CURVE('',#1501,#1480,#1503,.T.);
#1501 = VERTEX_POINT('',#1502);
#1502 = CARTESIAN_POINT('',(19.818155994552,19.818155994552,
    34.24937563708));
#1503 = SURFACE_CURVE('',#1504,(#1508,#1514),.PCURVE_S1.);
#1504 = LINE('',#1505,#1506);
#1505 = CARTESIAN_POINT('',(0.,0.,71.047632921952));
#1506 = VECTOR('',#1507,1.);
#1507 = DIRECTION('',(0.428443804805,0.428443804805,-0.795532408044));
#1508 = PCURVE('',#1246,#1509);
#1509 = DEFINITIONAL_REPRESENTATION('',(#1510),#1513);
#1510 = B_SPLINE_CURVE_WITH_KNOTS('',1,(#1511,#1512),.UNSPECIFIED.,.F.,
  .F.,(2,2),(46.256138546709,53.674311965977),.PIECEWISE_BEZIER_KNOTS.);
#1511 = CARTESIAN_POINT('',(8.873145644345,30.393690203163));
#1512 = CARTESIAN_POINT('',(13.367898811785,36.29508756668));
#1513 = ( GEOMETRIC_REPRESENTATION_CONTEXT(2) 
PARAMETRIC_REPRESENTATION_CONTEXT() REPRESENTATION_CONTEXT('2D SPACE',''
  ) );
#1514 = PCURVE('',#961,#1515);
#1515 = DEFINITIONAL_REPRESENTATION('',(#1516),#1519);
#1516 = B_SPLINE_CURVE_WITH_KNOTS('',1,(#1517,#1518),.UNSPECIFIED.,.F.,
  .F.,(2,2),(46.256138546709,53.674311965977),.PIECEWISE_BEZIER_KNOTS.);
#1517 = CARTESIAN_POINT('',(-7.068583470577,-5.901397363517));
#1518 = CARTESIAN_POINT('',(-7.068583470577,5.652597735973E-15));
#1519 = ( GEOMETRIC_REPRESENTATION_CONTEXT(2) 
PARAMETRIC_REPRESENTATION_CONTEXT() REPRESENTATION_CONTEXT('2D SPACE',''
  ) );
#1520 = ORIENTED_EDGE('',*,*,#1521,.T.);
#1521 = EDGE_CURVE('',#1501,#1522,#1524,.T.);
#1522 = VERTEX_POINT('',#1523);
#1523 = CARTESIAN_POINT('',(19.880813315765,19.880813315765,
    35.245441960272));
#1524 = SURFACE_CURVE('',#1525,(#1529,#1535),.PCURVE_S1.);
#1525 = LINE('',#1526,#1527);
#1526 = CARTESIAN_POINT('',(0.,0.,-280.8007636225));
#1527 = VECTOR('',#1528,1.);
#1528 = DIRECTION('',(6.265732121346E-02,6.265732121346E-02,
    0.996066323192));
#1529 = PCURVE('',#1246,#1530);
#1530 = DEFINITIONAL_REPRESENTATION('',(#1531),#1534);
#1531 = B_SPLINE_CURVE_WITH_KNOTS('',1,(#1532,#1533),.UNSPECIFIED.,.F.,
  .F.,(2,2),(316.29433896535,317.29433896535),.PIECEWISE_BEZIER_KNOTS.);
#1532 = CARTESIAN_POINT('',(8.873145644345,30.393690203163));
#1533 = CARTESIAN_POINT('',(8.961756477787,29.397623879971));
#1534 = ( GEOMETRIC_REPRESENTATION_CONTEXT(2) 
PARAMETRIC_REPRESENTATION_CONTEXT() REPRESENTATION_CONTEXT('2D SPACE',''
  ) );
#1535 = PCURVE('',#935,#1536);
#1536 = DEFINITIONAL_REPRESENTATION('',(#1537),#1540);
#1537 = B_SPLINE_CURVE_WITH_KNOTS('',1,(#1538,#1539),.UNSPECIFIED.,.F.,
  .F.,(2,2),(316.29433896535,317.29433896535),.PIECEWISE_BEZIER_KNOTS.);
#1538 = CARTESIAN_POINT('',(7.068583470577,0.));
#1539 = CARTESIAN_POINT('',(7.068583470577,0.996066323192));
#1540 = ( GEOMETRIC_REPRESENTATION_CONTEXT(2) 
PARAMETRIC_REPRESENTATION_CONTEXT() REPRESENTATION_CONTEXT('2D SPACE',''
  ) );
#1541 = ORIENTED_EDGE('',*,*,#1542,.T.);
#1542 = EDGE_CURVE('',#1522,#1543,#1545,.T.);
#1543 = VERTEX_POINT('',#1544);
#1544 = CARTESIAN_POINT('',(23.745795387713,23.745795387713,
    40.260730989368));
#1545 = SURFACE_CURVE('',#1546,(#1550,#1556),.PCURVE_S1.);
#1546 = LINE('',#1547,#1548);
#1547 = CARTESIAN_POINT('',(0.,0.,9.447644439878));
#1548 = VECTOR('',#1549,1.);
#1549 = DIRECTION('',(0.521015329988,0.521015329988,0.676081394386));
#1550 = PCURVE('',#1246,#1551);
#1551 = DEFINITIONAL_REPRESENTATION('',(#1552),#1555);
#1552 = B_SPLINE_CURVE_WITH_KNOTS('',1,(#1553,#1554),.UNSPECIFIED.,.F.,
  .F.,(2,2),(38.157827939963,45.576001359231),.PIECEWISE_BEZIER_KNOTS.);
#1553 = CARTESIAN_POINT('',(8.961756477787,29.397623879971));
#1554 = CARTESIAN_POINT('',(14.427666542265,24.382334850875));
#1555 = ( GEOMETRIC_REPRESENTATION_CONTEXT(2) 
PARAMETRIC_REPRESENTATION_CONTEXT() REPRESENTATION_CONTEXT('2D SPACE',''
  ) );
#1556 = PCURVE('',#909,#1557);
#1557 = DEFINITIONAL_REPRESENTATION('',(#1558),#1561);
#1558 = B_SPLINE_CURVE_WITH_KNOTS('',1,(#1559,#1560),.UNSPECIFIED.,.F.,
  .F.,(2,2),(38.157827939963,45.576001359231),.PIECEWISE_BEZIER_KNOTS.);
#1559 = CARTESIAN_POINT('',(7.068583470577,-4.803847235636E-15));
#1560 = CARTESIAN_POINT('',(7.068583470577,5.015289029096));
#1561 = ( GEOMETRIC_REPRESENTATION_CONTEXT(2) 
PARAMETRIC_REPRESENTATION_CONTEXT() REPRESENTATION_CONTEXT('2D SPACE',''
  ) );
#1562 = ORIENTED_EDGE('',*,*,#1563,.F.);
#1563 = EDGE_CURVE('',#1564,#1543,#1566,.T.);
#1564 = VERTEX_POINT('',#1565);
#1565 = CARTESIAN_POINT('',(20.567524943257,20.567524943257,
    46.162128352885));
#1566 = SURFACE_CURVE('',#1567,(#1571,#1577),.PCURVE_S1.);
#1567 = LINE('',#1568,#1569);
#1568 = CARTESIAN_POINT('',(0.,0.,84.351810318404));
#1569 = VECTOR('',#1570,1.);
#1570 = DIRECTION('',(0.428443804805,0.428443804805,-0.795532408044));
#1571 = PCURVE('',#1246,#1572);
#1572 = DEFINITIONAL_REPRESENTATION('',(#1573),#1576);
#1573 = B_SPLINE_CURVE_WITH_KNOTS('',1,(#1574,#1575),.UNSPECIFIED.,.F.,
  .F.,(2,2),(48.005186940689,55.423360359957),.PIECEWISE_BEZIER_KNOTS.);
#1574 = CARTESIAN_POINT('',(9.932913374825,18.480937487358));
#1575 = CARTESIAN_POINT('',(14.427666542265,24.382334850875));
#1576 = ( GEOMETRIC_REPRESENTATION_CONTEXT(2) 
PARAMETRIC_REPRESENTATION_CONTEXT() REPRESENTATION_CONTEXT('2D SPACE',''
  ) );
#1577 = PCURVE('',#883,#1578);
#1578 = DEFINITIONAL_REPRESENTATION('',(#1579),#1582);
#1579 = B_SPLINE_CURVE_WITH_KNOTS('',1,(#1580,#1581),.UNSPECIFIED.,.F.,
  .F.,(2,2),(48.005186940689,55.423360359957),.PIECEWISE_BEZIER_KNOTS.);
#1580 = CARTESIAN_POINT('',(-7.068583470577,-5.901397363517));
#1581 = CARTESIAN_POINT('',(-7.068583470577,-5.652597735973E-15));
#1582 = ( GEOMETRIC_REPRESENTATION_CONTEXT(2) 
PARAMETRIC_REPRESENTATION_CONTEXT() REPRESENTATION_CONTEXT('2D SPACE',''
  ) );
#1583 = ORIENTED_EDGE('',*,*,#1584,.T.);
#1584 = EDGE_CURVE('',#1564,#1585,#1587,.T.);
#1585 = VERTEX_POINT('',#1586);
#1586 = CARTESIAN_POINT('',(20.63018226447,20.63018226447,
    47.158194676077));
#1587 = SURFACE_CURVE('',#1588,(#1592,#1598),.PCURVE_S1.);
#1588 = LINE('',#1589,#1590);
#1589 = CARTESIAN_POINT('',(0.,0.,-280.8007636224));
#1590 = VECTOR('',#1591,1.);
#1591 = DIRECTION('',(6.265732121346E-02,6.265732121346E-02,
    0.996066323192));
#1592 = PCURVE('',#1246,#1593);
#1593 = DEFINITIONAL_REPRESENTATION('',(#1594),#1597);
#1594 = B_SPLINE_CURVE_WITH_KNOTS('',1,(#1595,#1596),.UNSPECIFIED.,.F.,
  .F.,(2,2),(328.25413766391,329.25413766391),.PIECEWISE_BEZIER_KNOTS.);
#1595 = CARTESIAN_POINT('',(9.932913374825,18.480937487358));
#1596 = CARTESIAN_POINT('',(10.021524208267,17.484871164167));
#1597 = ( GEOMETRIC_REPRESENTATION_CONTEXT(2) 
PARAMETRIC_REPRESENTATION_CONTEXT() REPRESENTATION_CONTEXT('2D SPACE',''
  ) );
#1598 = PCURVE('',#857,#1599);
#1599 = DEFINITIONAL_REPRESENTATION('',(#1600),#1603);
#1600 = B_SPLINE_CURVE_WITH_KNOTS('',1,(#1601,#1602),.UNSPECIFIED.,.F.,
  .F.,(2,2),(328.25413766391,329.25413766391),.PIECEWISE_BEZIER_KNOTS.);
#1601 = CARTESIAN_POINT('',(7.068583470577,0.));
#1602 = CARTESIAN_POINT('',(7.068583470577,0.996066323192));
#1603 = ( GEOMETRIC_REPRESENTATION_CONTEXT(2) 
PARAMETRIC_REPRESENTATION_CONTEXT() REPRESENTATION_CONTEXT('2D SPACE',''
  ) );
#1604 = ORIENTED_EDGE('',*,*,#1605,.T.);
#1605 = EDGE_CURVE('',#1585,#1606,#1608,.T.);
#1606 = VERTEX_POINT('',#1607);
#1607 = CARTESIAN_POINT('',(24.495164336418,24.495164336418,
    52.173483705173));
#1608 = SURFACE_CURVE('',#1609,(#1613,#1619),.PCURVE_S1.);
#1609 = LINE('',#1610,#1611);
#1610 = CARTESIAN_POINT('',(0.,0.,20.387998889087));
#1611 = VECTOR('',#1612,1.);
#1612 = DIRECTION('',(0.521015329988,0.521015329988,0.676081394386));
#1613 = PCURVE('',#1246,#1614);
#1614 = DEFINITIONAL_REPRESENTATION('',(#1615),#1618);
#1615 = B_SPLINE_CURVE_WITH_KNOTS('',1,(#1616,#1617),.UNSPECIFIED.,.F.,
  .F.,(2,2),(39.596113736127,47.014287155394),.PIECEWISE_BEZIER_KNOTS.);
#1616 = CARTESIAN_POINT('',(10.021524208267,17.484871164167));
#1617 = CARTESIAN_POINT('',(15.487434272745,12.46958213507));
#1618 = ( GEOMETRIC_REPRESENTATION_CONTEXT(2) 
PARAMETRIC_REPRESENTATION_CONTEXT() REPRESENTATION_CONTEXT('2D SPACE',''
  ) );
#1619 = PCURVE('',#831,#1620);
#1620 = DEFINITIONAL_REPRESENTATION('',(#1621),#1624);
#1621 = B_SPLINE_CURVE_WITH_KNOTS('',1,(#1622,#1623),.UNSPECIFIED.,.F.,
  .F.,(2,2),(39.596113736127,47.014287155394),.PIECEWISE_BEZIER_KNOTS.);
#1622 = CARTESIAN_POINT('',(7.068583470577,0.));
#1623 = CARTESIAN_POINT('',(7.068583470577,5.015289029096));
#1624 = ( GEOMETRIC_REPRESENTATION_CONTEXT(2) 
PARAMETRIC_REPRESENTATION_CONTEXT() REPRESENTATION_CONTEXT('2D SPACE',''
  ) );
#1625 = ORIENTED_EDGE('',*,*,#1626,.F.);
#1626 = EDGE_CURVE('',#1627,#1606,#1629,.T.);
#1627 = VERTEX_POINT('',#1628);
#1628 = CARTESIAN_POINT('',(21.316893891962,21.316893891962,
    58.074881068689));
#1629 = SURFACE_CURVE('',#1630,(#1634,#1640),.PCURVE_S1.);
#1630 = LINE('',#1631,#1632);
#1631 = CARTESIAN_POINT('',(0.,0.,97.655987714856));
#1632 = VECTOR('',#1633,1.);
#1633 = DIRECTION('',(0.428443804805,0.428443804805,-0.795532408044));
#1634 = PCURVE('',#1246,#1635);
#1635 = DEFINITIONAL_REPRESENTATION('',(#1636),#1639);
#1636 = B_SPLINE_CURVE_WITH_KNOTS('',1,(#1637,#1638),.UNSPECIFIED.,.F.,
  .F.,(2,2),(49.754235334668,57.172408753936),.PIECEWISE_BEZIER_KNOTS.);
#1637 = CARTESIAN_POINT('',(10.992681105305,6.568184771554));
#1638 = CARTESIAN_POINT('',(15.487434272745,12.46958213507));
#1639 = ( GEOMETRIC_REPRESENTATION_CONTEXT(2) 
PARAMETRIC_REPRESENTATION_CONTEXT() REPRESENTATION_CONTEXT('2D SPACE',''
  ) );
#1640 = PCURVE('',#805,#1641);
#1641 = DEFINITIONAL_REPRESENTATION('',(#1642),#1645);
#1642 = B_SPLINE_CURVE_WITH_KNOTS('',1,(#1643,#1644),.UNSPECIFIED.,.F.,
  .F.,(2,2),(49.754235334668,57.172408753936),.PIECEWISE_BEZIER_KNOTS.);
#1643 = CARTESIAN_POINT('',(-7.068583470577,-5.901397363517));
#1644 = CARTESIAN_POINT('',(-7.068583470577,5.652597735973E-15));
#1645 = ( GEOMETRIC_REPRESENTATION_CONTEXT(2) 
PARAMETRIC_REPRESENTATION_CONTEXT() REPRESENTATION_CONTEXT('2D SPACE',''
  ) );
#1646 = ORIENTED_EDGE('',*,*,#1647,.T.);
#1647 = EDGE_CURVE('',#1627,#1648,#1650,.T.);
#1648 = VERTEX_POINT('',#1649);
#1649 = CARTESIAN_POINT('',(21.379551213175,21.379551213175,
    59.070947391881));
#1650 = SURFACE_CURVE('',#1651,(#1655,#1661),.PCURVE_S1.);
#1651 = LINE('',#1652,#1653);
#1652 = CARTESIAN_POINT('',(0.,0.,-280.8007636225));
#1653 = VECTOR('',#1654,1.);
#1654 = DIRECTION('',(6.265732121346E-02,6.265732121346E-02,
    0.996066323192));
#1655 = PCURVE('',#1246,#1656);
#1656 = DEFINITIONAL_REPRESENTATION('',(#1657),#1660);
#1657 = B_SPLINE_CURVE_WITH_KNOTS('',1,(#1658,#1659),.UNSPECIFIED.,.F.,
  .F.,(2,2),(340.2139363625,341.2139363625),.PIECEWISE_BEZIER_KNOTS.);
#1658 = CARTESIAN_POINT('',(10.992681105305,6.568184771554));
#1659 = CARTESIAN_POINT('',(11.081291938747,5.572118448362));
#1660 = ( GEOMETRIC_REPRESENTATION_CONTEXT(2) 
PARAMETRIC_REPRESENTATION_CONTEXT() REPRESENTATION_CONTEXT('2D SPACE',''
  ) );
#1661 = PCURVE('',#779,#1662);
#1662 = DEFINITIONAL_REPRESENTATION('',(#1663),#1666);
#1663 = B_SPLINE_CURVE_WITH_KNOTS('',1,(#1664,#1665),.UNSPECIFIED.,.F.,
  .F.,(2,2),(340.2139363625,341.2139363625),.PIECEWISE_BEZIER_KNOTS.);
#1664 = CARTESIAN_POINT('',(7.068583470577,0.));
#1665 = CARTESIAN_POINT('',(7.068583470577,0.996066323192));
#1666 = ( GEOMETRIC_REPRESENTATION_CONTEXT(2) 
PARAMETRIC_REPRESENTATION_CONTEXT() REPRESENTATION_CONTEXT('2D SPACE',''
  ) );
#1667 = ORIENTED_EDGE('',*,*,#1668,.T.);
#1668 = EDGE_CURVE('',#1648,#1669,#1671,.T.);
#1669 = VERTEX_POINT('',#1670);
#1670 = CARTESIAN_POINT('',(25.244533285123,25.244533285123,
    64.086236420977));
#1671 = SURFACE_CURVE('',#1672,(#1676,#1682),.PCURVE_S1.);
#1672 = LINE('',#1673,#1674);
#1673 = CARTESIAN_POINT('',(0.,0.,31.328353338296));
#1674 = VECTOR('',#1675,1.);
#1675 = DIRECTION('',(0.521015329988,0.521015329988,0.676081394386));
#1676 = PCURVE('',#1246,#1677);
#1677 = DEFINITIONAL_REPRESENTATION('',(#1678),#1681);
#1678 = B_SPLINE_CURVE_WITH_KNOTS('',1,(#1679,#1680),.UNSPECIFIED.,.F.,
  .F.,(2,2),(41.03439953229,48.452572951558),.PIECEWISE_BEZIER_KNOTS.);
#1679 = CARTESIAN_POINT('',(11.081291938747,5.572118448362));
#1680 = CARTESIAN_POINT('',(16.547202003225,0.556829419266));
#1681 = ( GEOMETRIC_REPRESENTATION_CONTEXT(2) 
PARAMETRIC_REPRESENTATION_CONTEXT() REPRESENTATION_CONTEXT('2D SPACE',''
  ) );
#1682 = PCURVE('',#753,#1683);
#1683 = DEFINITIONAL_REPRESENTATION('',(#1684),#1687);
#1684 = B_SPLINE_CURVE_WITH_KNOTS('',1,(#1685,#1686),.UNSPECIFIED.,.F.,
  .F.,(2,2),(41.03439953229,48.452572951558),.PIECEWISE_BEZIER_KNOTS.);
#1685 = CARTESIAN_POINT('',(7.068583470577,0.));
#1686 = CARTESIAN_POINT('',(7.068583470577,5.015289029096));
#1687 = ( GEOMETRIC_REPRESENTATION_CONTEXT(2) 
PARAMETRIC_REPRESENTATION_CONTEXT() REPRESENTATION_CONTEXT('2D SPACE',''
  ) );
#1688 = ORIENTED_EDGE('',*,*,#1689,.F.);
#1689 = EDGE_CURVE('',#1690,#1669,#1692,.T.);
#1690 = VERTEX_POINT('',#1691);
#1691 = CARTESIAN_POINT('',(22.066262840667,22.066262840667,
    69.987633784494));
#1692 = SURFACE_CURVE('',#1693,(#1697,#1703),.PCURVE_S1.);
#1693 = LINE('',#1694,#1695);
#1694 = CARTESIAN_POINT('',(0.,0.,110.9601651113));
#1695 = VECTOR('',#1696,1.);
#1696 = DIRECTION('',(0.428443804805,0.428443804805,-0.795532408044));
#1697 = PCURVE('',#1246,#1698);
#1698 = DEFINITIONAL_REPRESENTATION('',(#1699),#1702);
#1699 = B_SPLINE_CURVE_WITH_KNOTS('',1,(#1700,#1701),.UNSPECIFIED.,.F.,
  .F.,(2,2),(51.503283728648,58.921457147915),.PIECEWISE_BEZIER_KNOTS.);
#1700 = CARTESIAN_POINT('',(12.052448835785,-5.344567944251));
#1701 = CARTESIAN_POINT('',(16.547202003225,0.556829419266));
#1702 = ( GEOMETRIC_REPRESENTATION_CONTEXT(2) 
PARAMETRIC_REPRESENTATION_CONTEXT() REPRESENTATION_CONTEXT('2D SPACE',''
  ) );
#1703 = PCURVE('',#727,#1704);
#1704 = DEFINITIONAL_REPRESENTATION('',(#1705),#1708);
#1705 = B_SPLINE_CURVE_WITH_KNOTS('',1,(#1706,#1707),.UNSPECIFIED.,.F.,
  .F.,(2,2),(51.503283728648,58.921457147915),.PIECEWISE_BEZIER_KNOTS.);
#1706 = CARTESIAN_POINT('',(-7.068583470577,-5.901397363517));
#1707 = CARTESIAN_POINT('',(-7.068583470577,0.));
#1708 = ( GEOMETRIC_REPRESENTATION_CONTEXT(2) 
PARAMETRIC_REPRESENTATION_CONTEXT() REPRESENTATION_CONTEXT('2D SPACE',''
  ) );
#1709 = ORIENTED_EDGE('',*,*,#1710,.T.);
#1710 = EDGE_CURVE('',#1690,#1711,#1713,.T.);
#1711 = VERTEX_POINT('',#1712);
#1712 = CARTESIAN_POINT('',(22.12892016188,22.12892016188,
    70.983700107686));
#1713 = SURFACE_CURVE('',#1714,(#1718,#1724),.PCURVE_S1.);
#1714 = LINE('',#1715,#1716);
#1715 = CARTESIAN_POINT('',(0.,0.,-280.8007636224));
#1716 = VECTOR('',#1717,1.);
#1717 = DIRECTION('',(6.265732121346E-02,6.265732121346E-02,
    0.996066323192));
#1718 = PCURVE('',#1246,#1719);
#1719 = DEFINITIONAL_REPRESENTATION('',(#1720),#1723);
#1720 = B_SPLINE_CURVE_WITH_KNOTS('',1,(#1721,#1722),.UNSPECIFIED.,.F.,
  .F.,(2,2),(352.17373506107,353.17373506107),.PIECEWISE_BEZIER_KNOTS.);
#1721 = CARTESIAN_POINT('',(12.052448835785,-5.344567944251));
#1722 = CARTESIAN_POINT('',(12.141059669227,-6.340634267443));
#1723 = ( GEOMETRIC_REPRESENTATION_CONTEXT(2) 
PARAMETRIC_REPRESENTATION_CONTEXT() REPRESENTATION_CONTEXT('2D SPACE',''
  ) );
#1724 = PCURVE('',#701,#1725);
#1725 = DEFINITIONAL_REPRESENTATION('',(#1726),#1729);
#1726 = B_SPLINE_CURVE_WITH_KNOTS('',1,(#1727,#1728),.UNSPECIFIED.,.F.,
  .F.,(2,2),(352.17373506107,353.17373506107),.PIECEWISE_BEZIER_KNOTS.);
#1727 = CARTESIAN_POINT('',(7.068583470577,5.661981522233E-14));
#1728 = CARTESIAN_POINT('',(7.068583470577,0.996066323192));
#1729 = ( GEOMETRIC_REPRESENTATION_CONTEXT(2) 
PARAMETRIC_REPRESENTATION_CONTEXT() REPRESENTATION_CONTEXT('2D SPACE',''
  ) );
#1730 = ORIENTED_EDGE('',*,*,#1731,.T.);
#1731 = EDGE_CURVE('',#1711,#1732,#1734,.T.);
#1732 = VERTEX_POINT('',#1733);
#1733 = CARTESIAN_POINT('',(25.993902233828,25.993902233828,
    75.998989136782));
#1734 = SURFACE_CURVE('',#1735,(#1739,#1745),.PCURVE_S1.);
#1735 = LINE('',#1736,#1737);
#1736 = CARTESIAN_POINT('',(0.,0.,42.268707787505));
#1737 = VECTOR('',#1738,1.);
#1738 = DIRECTION('',(0.521015329988,0.521015329988,0.676081394386));
#1739 = PCURVE('',#1246,#1740);
#1740 = DEFINITIONAL_REPRESENTATION('',(#1741),#1744);
#1741 = B_SPLINE_CURVE_WITH_KNOTS('',1,(#1742,#1743),.UNSPECIFIED.,.F.,
  .F.,(2,2),(42.472685328453,49.890858747721),.PIECEWISE_BEZIER_KNOTS.);
#1742 = CARTESIAN_POINT('',(12.141059669227,-6.340634267443));
#1743 = CARTESIAN_POINT('',(17.606969733705,-11.35592329653));
#1744 = ( GEOMETRIC_REPRESENTATION_CONTEXT(2) 
PARAMETRIC_REPRESENTATION_CONTEXT() REPRESENTATION_CONTEXT('2D SPACE',''
  ) );
#1745 = PCURVE('',#675,#1746);
#1746 = DEFINITIONAL_REPRESENTATION('',(#1747),#1750);
#1747 = B_SPLINE_CURVE_WITH_KNOTS('',1,(#1748,#1749),.UNSPECIFIED.,.F.,
  .F.,(2,2),(42.472685328453,49.890858747721),.PIECEWISE_BEZIER_KNOTS.);
#1748 = CARTESIAN_POINT('',(7.068583470577,-4.803847235636E-15));
#1749 = CARTESIAN_POINT('',(7.068583470577,5.015289029096));
#1750 = ( GEOMETRIC_REPRESENTATION_CONTEXT(2) 
PARAMETRIC_REPRESENTATION_CONTEXT() REPRESENTATION_CONTEXT('2D SPACE',''
  ) );
#1751 = ORIENTED_EDGE('',*,*,#1752,.F.);
#1752 = EDGE_CURVE('',#1753,#1732,#1755,.T.);
#1753 = VERTEX_POINT('',#1754);
#1754 = CARTESIAN_POINT('',(22.815631789372,22.815631789372,
    81.900386500298));
#1755 = SURFACE_CURVE('',#1756,(#1760,#1766),.PCURVE_S1.);
#1756 = LINE('',#1757,#1758);
#1757 = CARTESIAN_POINT('',(0.,0.,124.26434250776));
#1758 = VECTOR('',#1759,1.);
#1759 = DIRECTION('',(0.428443804805,0.428443804805,-0.795532408044));
#1760 = PCURVE('',#1246,#1761);
#1761 = DEFINITIONAL_REPRESENTATION('',(#1762),#1765);
#1762 = B_SPLINE_CURVE_WITH_KNOTS('',1,(#1763,#1764),.UNSPECIFIED.,.F.,
  .F.,(2,2),(53.252332122627,60.670505541895),.PIECEWISE_BEZIER_KNOTS.);
#1763 = CARTESIAN_POINT('',(13.112216566265,-17.25732066005));
#1764 = CARTESIAN_POINT('',(17.606969733705,-11.35592329653));
#1765 = ( GEOMETRIC_REPRESENTATION_CONTEXT(2) 
PARAMETRIC_REPRESENTATION_CONTEXT() REPRESENTATION_CONTEXT('2D SPACE',''
  ) );
#1766 = PCURVE('',#649,#1767);
#1767 = DEFINITIONAL_REPRESENTATION('',(#1768),#1771);
#1768 = B_SPLINE_CURVE_WITH_KNOTS('',1,(#1769,#1770),.UNSPECIFIED.,.F.,
  .F.,(2,2),(53.252332122627,60.670505541895),.PIECEWISE_BEZIER_KNOTS.);
#1769 = CARTESIAN_POINT('',(-7.068583470577,-5.901397363517));
#1770 = CARTESIAN_POINT('',(-7.068583470577,1.130519547195E-14));
#1771 = ( GEOMETRIC_REPRESENTATION_CONTEXT(2) 
PARAMETRIC_REPRESENTATION_CONTEXT() REPRESENTATION_CONTEXT('2D SPACE',''
  ) );
#1772 = ORIENTED_EDGE('',*,*,#1773,.T.);
#1773 = EDGE_CURVE('',#1753,#1774,#1776,.T.);
#1774 = VERTEX_POINT('',#1775);
#1775 = CARTESIAN_POINT('',(22.878289110585,22.878289110585,
    82.89645282349));
#1776 = SURFACE_CURVE('',#1777,(#1781,#1787),.PCURVE_S1.);
#1777 = LINE('',#1778,#1779);
#1778 = CARTESIAN_POINT('',(0.,0.,-280.8007636224));
#1779 = VECTOR('',#1780,1.);
#1780 = DIRECTION('',(6.265732121346E-02,6.265732121346E-02,
    0.996066323192));
#1781 = PCURVE('',#1246,#1782);
#1782 = DEFINITIONAL_REPRESENTATION('',(#1783),#1786);
#1783 = B_SPLINE_CURVE_WITH_KNOTS('',1,(#1784,#1785),.UNSPECIFIED.,.F.,
  .F.,(2,2),(364.13353375965,365.13353375965),.PIECEWISE_BEZIER_KNOTS.);
#1784 = CARTESIAN_POINT('',(13.112216566265,-17.25732066005));
#1785 = CARTESIAN_POINT('',(13.200827399707,-18.25338698324));
#1786 = ( GEOMETRIC_REPRESENTATION_CONTEXT(2) 
PARAMETRIC_REPRESENTATION_CONTEXT() REPRESENTATION_CONTEXT('2D SPACE',''
  ) );
#1787 = PCURVE('',#623,#1788);
#1788 = DEFINITIONAL_REPRESENTATION('',(#1789),#1792);
#1789 = B_SPLINE_CURVE_WITH_KNOTS('',1,(#1790,#1791),.UNSPECIFIED.,.F.,
  .F.,(2,2),(364.13353375965,365.13353375965),.PIECEWISE_BEZIER_KNOTS.);
#1790 = CARTESIAN_POINT('',(7.068583470577,0.));
#1791 = CARTESIAN_POINT('',(7.068583470577,0.996066323192));
#1792 = ( GEOMETRIC_REPRESENTATION_CONTEXT(2) 
PARAMETRIC_REPRESENTATION_CONTEXT() REPRESENTATION_CONTEXT('2D SPACE',''
  ) );
#1793 = ORIENTED_EDGE('',*,*,#1794,.T.);
#1794 = EDGE_CURVE('',#1774,#1795,#1797,.T.);
#1795 = VERTEX_POINT('',#1796);
#1796 = CARTESIAN_POINT('',(26.743271182533,26.743271182533,
    87.911741852586));
#1797 = SURFACE_CURVE('',#1798,(#1802,#1808),.PCURVE_S1.);
#1798 = LINE('',#1799,#1800);
#1799 = CARTESIAN_POINT('',(0.,0.,53.209062236713));
#1800 = VECTOR('',#1801,1.);
#1801 = DIRECTION('',(0.521015329988,0.521015329988,0.676081394386));
#1802 = PCURVE('',#1246,#1803);
#1803 = DEFINITIONAL_REPRESENTATION('',(#1804),#1807);
#1804 = B_SPLINE_CURVE_WITH_KNOTS('',1,(#1805,#1806),.UNSPECIFIED.,.F.,
  .F.,(2,2),(43.910971124616,51.329144543884),.PIECEWISE_BEZIER_KNOTS.);
#1805 = CARTESIAN_POINT('',(13.200827399707,-18.25338698324));
#1806 = CARTESIAN_POINT('',(18.666737464185,-23.26867601234));
#1807 = ( GEOMETRIC_REPRESENTATION_CONTEXT(2) 
PARAMETRIC_REPRESENTATION_CONTEXT() REPRESENTATION_CONTEXT('2D SPACE',''
  ) );
#1808 = PCURVE('',#597,#1809);
#1809 = DEFINITIONAL_REPRESENTATION('',(#1810),#1813);
#1810 = B_SPLINE_CURVE_WITH_KNOTS('',1,(#1811,#1812),.UNSPECIFIED.,.F.,
  .F.,(2,2),(43.910971124616,51.329144543884),.PIECEWISE_BEZIER_KNOTS.);
#1811 = CARTESIAN_POINT('',(7.068583470577,-4.803847235636E-15));
#1812 = CARTESIAN_POINT('',(7.068583470577,5.015289029096));
#1813 = ( GEOMETRIC_REPRESENTATION_CONTEXT(2) 
PARAMETRIC_REPRESENTATION_CONTEXT() REPRESENTATION_CONTEXT('2D SPACE',''
  ) );
#1814 = ORIENTED_EDGE('',*,*,#1815,.F.);
#1815 = EDGE_CURVE('',#1816,#1795,#1818,.T.);
#1816 = VERTEX_POINT('',#1817);
#1817 = CARTESIAN_POINT('',(23.565000738077,23.565000738077,
    93.813139216103));
#1818 = SURFACE_CURVE('',#1819,(#1823,#1829),.PCURVE_S1.);
#1819 = LINE('',#1820,#1821);
#1820 = CARTESIAN_POINT('',(0.,0.,137.56851990421));
#1821 = VECTOR('',#1822,1.);
#1822 = DIRECTION('',(0.428443804805,0.428443804805,-0.795532408044));
#1823 = PCURVE('',#1246,#1824);
#1824 = DEFINITIONAL_REPRESENTATION('',(#1825),#1828);
#1825 = B_SPLINE_CURVE_WITH_KNOTS('',1,(#1826,#1827),.UNSPECIFIED.,.F.,
  .F.,(2,2),(55.001380516606,62.419553935874),.PIECEWISE_BEZIER_KNOTS.);
#1826 = CARTESIAN_POINT('',(14.171984296745,-29.17007337586));
#1827 = CARTESIAN_POINT('',(18.666737464185,-23.26867601234));
#1828 = ( GEOMETRIC_REPRESENTATION_CONTEXT(2) 
PARAMETRIC_REPRESENTATION_CONTEXT() REPRESENTATION_CONTEXT('2D SPACE',''
  ) );
#1829 = PCURVE('',#571,#1830);
#1830 = DEFINITIONAL_REPRESENTATION('',(#1831),#1834);
#1831 = B_SPLINE_CURVE_WITH_KNOTS('',1,(#1832,#1833),.UNSPECIFIED.,.F.,
  .F.,(2,2),(55.001380516606,62.419553935874),.PIECEWISE_BEZIER_KNOTS.);
#1832 = CARTESIAN_POINT('',(-7.068583470577,-5.901397363517));
#1833 = CARTESIAN_POINT('',(-7.068583470577,5.652597735973E-15));
#1834 = ( GEOMETRIC_REPRESENTATION_CONTEXT(2) 
PARAMETRIC_REPRESENTATION_CONTEXT() REPRESENTATION_CONTEXT('2D SPACE',''
  ) );
#1835 = ORIENTED_EDGE('',*,*,#1836,.T.);
#1836 = EDGE_CURVE('',#1816,#1837,#1839,.T.);
#1837 = VERTEX_POINT('',#1838);
#1838 = CARTESIAN_POINT('',(23.62765805929,23.62765805929,
    94.809205539295));
#1839 = SURFACE_CURVE('',#1840,(#1844,#1850),.PCURVE_S1.);
#1840 = LINE('',#1841,#1842);
#1841 = CARTESIAN_POINT('',(0.,0.,-280.8007636224));
#1842 = VECTOR('',#1843,1.);
#1843 = DIRECTION('',(6.265732121346E-02,6.265732121346E-02,
    0.996066323192));
#1844 = PCURVE('',#1246,#1845);
#1845 = DEFINITIONAL_REPRESENTATION('',(#1846),#1849);
#1846 = B_SPLINE_CURVE_WITH_KNOTS('',1,(#1847,#1848),.UNSPECIFIED.,.F.,
  .F.,(2,2),(376.09333245822,377.09333245822),.PIECEWISE_BEZIER_KNOTS.);
#1847 = CARTESIAN_POINT('',(14.171984296745,-29.17007337586));
#1848 = CARTESIAN_POINT('',(14.260595130187,-30.16613969905));
#1849 = ( GEOMETRIC_REPRESENTATION_CONTEXT(2) 
PARAMETRIC_REPRESENTATION_CONTEXT() REPRESENTATION_CONTEXT('2D SPACE',''
  ) );
#1850 = PCURVE('',#545,#1851);
#1851 = DEFINITIONAL_REPRESENTATION('',(#1852),#1855);
#1852 = B_SPLINE_CURVE_WITH_KNOTS('',1,(#1853,#1854),.UNSPECIFIED.,.F.,
  .F.,(2,2),(376.09333245822,377.09333245822),.PIECEWISE_BEZIER_KNOTS.);
#1853 = CARTESIAN_POINT('',(7.068583470577,5.661981522233E-14));
#1854 = CARTESIAN_POINT('',(7.068583470577,0.996066323192));
#1855 = ( GEOMETRIC_REPRESENTATION_CONTEXT(2) 
PARAMETRIC_REPRESENTATION_CONTEXT() REPRESENTATION_CONTEXT('2D SPACE',''
  ) );
#1856 = ORIENTED_EDGE('',*,*,#1857,.T.);
#1857 = EDGE_CURVE('',#1837,#1858,#1860,.T.);
#1858 = VERTEX_POINT('',#1859);
#1859 = CARTESIAN_POINT('',(27.492640131238,27.492640131238,
    99.824494568391));
#1860 = SURFACE_CURVE('',#1861,(#1865,#1871),.PCURVE_S1.);
#1861 = LINE('',#1862,#1863);
#1862 = CARTESIAN_POINT('',(0.,0.,64.149416685922));
#1863 = VECTOR('',#1864,1.);
#1864 = DIRECTION('',(0.521015329988,0.521015329988,0.676081394386));
#1865 = PCURVE('',#1246,#1866);
#1866 = DEFINITIONAL_REPRESENTATION('',(#1867),#1870);
#1867 = B_SPLINE_CURVE_WITH_KNOTS('',1,(#1868,#1869),.UNSPECIFIED.,.F.,
  .F.,(2,2),(45.34925692078,52.767430340047),.PIECEWISE_BEZIER_KNOTS.);
#1868 = CARTESIAN_POINT('',(14.260595130187,-30.16613969905));
#1869 = CARTESIAN_POINT('',(19.726505194665,-35.18142872814));
#1870 = ( GEOMETRIC_REPRESENTATION_CONTEXT(2) 
PARAMETRIC_REPRESENTATION_CONTEXT() REPRESENTATION_CONTEXT('2D SPACE',''
  ) );
#1871 = PCURVE('',#519,#1872);
#1872 = DEFINITIONAL_REPRESENTATION('',(#1873),#1876);
#1873 = B_SPLINE_CURVE_WITH_KNOTS('',1,(#1874,#1875),.UNSPECIFIED.,.F.,
  .F.,(2,2),(45.34925692078,52.767430340047),.PIECEWISE_BEZIER_KNOTS.);
#1874 = CARTESIAN_POINT('',(7.068583470577,-4.803847235636E-15));
#1875 = CARTESIAN_POINT('',(7.068583470577,5.015289029096));
#1876 = ( GEOMETRIC_REPRESENTATION_CONTEXT(2) 
PARAMETRIC_REPRESENTATION_CONTEXT() REPRESENTATION_CONTEXT('2D SPACE',''
  ) );
#1877 = ORIENTED_EDGE('',*,*,#1878,.F.);
#1878 = EDGE_CURVE('',#1879,#1858,#1881,.T.);
#1879 = VERTEX_POINT('',#1880);
#1880 = CARTESIAN_POINT('',(24.314369686782,24.314369686782,
    105.7258919319));
#1881 = SURFACE_CURVE('',#1882,(#1886,#1892),.PCURVE_S1.);
#1882 = LINE('',#1883,#1884);
#1883 = CARTESIAN_POINT('',(0.,0.,150.87269730066));
#1884 = VECTOR('',#1885,1.);
#1885 = DIRECTION('',(0.428443804805,0.428443804805,-0.795532408044));
#1886 = PCURVE('',#1246,#1887);
#1887 = DEFINITIONAL_REPRESENTATION('',(#1888),#1891);
#1888 = B_SPLINE_CURVE_WITH_KNOTS('',1,(#1889,#1890),.UNSPECIFIED.,.F.,
  .F.,(2,2),(56.750428910586,64.168602329854),.PIECEWISE_BEZIER_KNOTS.);
#1889 = CARTESIAN_POINT('',(15.231752027225,-41.08282609166));
#1890 = CARTESIAN_POINT('',(19.726505194665,-35.18142872814));
#1891 = ( GEOMETRIC_REPRESENTATION_CONTEXT(2) 
PARAMETRIC_REPRESENTATION_CONTEXT() REPRESENTATION_CONTEXT('2D SPACE',''
  ) );
#1892 = PCURVE('',#493,#1893);
#1893 = DEFINITIONAL_REPRESENTATION('',(#1894),#1897);
#1894 = B_SPLINE_CURVE_WITH_KNOTS('',1,(#1895,#1896),.UNSPECIFIED.,.F.,
  .F.,(2,2),(56.750428910586,64.168602329854),.PIECEWISE_BEZIER_KNOTS.);
#1895 = CARTESIAN_POINT('',(-7.068583470577,-5.901397363517));
#1896 = CARTESIAN_POINT('',(-7.068583470577,0.));
#1897 = ( GEOMETRIC_REPRESENTATION_CONTEXT(2) 
PARAMETRIC_REPRESENTATION_CONTEXT() REPRESENTATION_CONTEXT('2D SPACE',''
  ) );
#1898 = ORIENTED_EDGE('',*,*,#1899,.T.);
#1899 = EDGE_CURVE('',#1879,#1900,#1902,.T.);
#1900 = VERTEX_POINT('',#1901);
#1901 = CARTESIAN_POINT('',(24.377027007995,24.377027007995,
    106.72195825509));
#1902 = SURFACE_CURVE('',#1903,(#1907,#1913),.PCURVE_S1.);
#1903 = LINE('',#1904,#1905);
#1904 = CARTESIAN_POINT('',(0.,0.,-280.8007636224));
#1905 = VECTOR('',#1906,1.);
#1906 = DIRECTION('',(6.265732121346E-02,6.265732121346E-02,
    0.996066323192));
#1907 = PCURVE('',#1246,#1908);
#1908 = DEFINITIONAL_REPRESENTATION('',(#1909),#1912);
#1909 = B_SPLINE_CURVE_WITH_KNOTS('',1,(#1910,#1911),.UNSPECIFIED.,.F.,
  .F.,(2,2),(388.0531311568,389.0531311568),.PIECEWISE_BEZIER_KNOTS.);
#1910 = CARTESIAN_POINT('',(15.231752027225,-41.08282609166));
#1911 = CARTESIAN_POINT('',(15.320362860667,-42.07889241485));
#1912 = ( GEOMETRIC_REPRESENTATION_CONTEXT(2) 
PARAMETRIC_REPRESENTATION_CONTEXT() REPRESENTATION_CONTEXT('2D SPACE',''
  ) );
#1913 = PCURVE('',#467,#1914);
#1914 = DEFINITIONAL_REPRESENTATION('',(#1915),#1918);
#1915 = B_SPLINE_CURVE_WITH_KNOTS('',1,(#1916,#1917),.UNSPECIFIED.,.F.,
  .F.,(2,2),(388.0531311568,389.0531311568),.PIECEWISE_BEZIER_KNOTS.);
#1916 = CARTESIAN_POINT('',(7.068583470577,0.));
#1917 = CARTESIAN_POINT('',(7.068583470577,0.996066323192));
#1918 = ( GEOMETRIC_REPRESENTATION_CONTEXT(2) 
PARAMETRIC_REPRESENTATION_CONTEXT() REPRESENTATION_CONTEXT('2D SPACE',''
  ) );
#1919 = ORIENTED_EDGE('',*,*,#1920,.T.);
#1920 = EDGE_CURVE('',#1900,#1921,#1923,.T.);
#1921 = VERTEX_POINT('',#1922);
#1922 = CARTESIAN_POINT('',(28.242009079943,28.242009079943,
    111.73724728419));
#1923 = SURFACE_CURVE('',#1924,(#1928,#1934),.PCURVE_S1.);
#1924 = LINE('',#1925,#1926);
#1925 = CARTESIAN_POINT('',(0.,0.,75.089771135131));
#1926 = VECTOR('',#1927,1.);
#1927 = DIRECTION('',(0.521015329988,0.521015329988,0.676081394386));
#1928 = PCURVE('',#1246,#1929);
#1929 = DEFINITIONAL_REPRESENTATION('',(#1930),#1933);
#1930 = B_SPLINE_CURVE_WITH_KNOTS('',1,(#1931,#1932),.UNSPECIFIED.,.F.,
  .F.,(2,2),(46.787542716943,54.205716136211),.PIECEWISE_BEZIER_KNOTS.);
#1931 = CARTESIAN_POINT('',(15.320362860667,-42.07889241485));
#1932 = CARTESIAN_POINT('',(20.786272925145,-47.09418144395));
#1933 = ( GEOMETRIC_REPRESENTATION_CONTEXT(2) 
PARAMETRIC_REPRESENTATION_CONTEXT() REPRESENTATION_CONTEXT('2D SPACE',''
  ) );
#1934 = PCURVE('',#441,#1935);
#1935 = DEFINITIONAL_REPRESENTATION('',(#1936),#1939);
#1936 = B_SPLINE_CURVE_WITH_KNOTS('',1,(#1937,#1938),.UNSPECIFIED.,.F.,
  .F.,(2,2),(46.787542716943,54.205716136211),.PIECEWISE_BEZIER_KNOTS.);
#1937 = CARTESIAN_POINT('',(7.068583470577,-4.803847235636E-15));
#1938 = CARTESIAN_POINT('',(7.068583470577,5.015289029096));
#1939 = ( GEOMETRIC_REPRESENTATION_CONTEXT(2) 
PARAMETRIC_REPRESENTATION_CONTEXT() REPRESENTATION_CONTEXT('2D SPACE',''
  ) );
#1940 = ORIENTED_EDGE('',*,*,#1941,.F.);
#1941 = EDGE_CURVE('',#1942,#1921,#1944,.T.);
#1942 = VERTEX_POINT('',#1943);
#1943 = CARTESIAN_POINT('',(25.063738635487,25.063738635487,
    117.63864464771));
#1944 = SURFACE_CURVE('',#1945,(#1949,#1955),.PCURVE_S1.);
#1945 = LINE('',#1946,#1947);
#1946 = CARTESIAN_POINT('',(0.,0.,164.17687469711));
#1947 = VECTOR('',#1948,1.);
#1948 = DIRECTION('',(0.428443804805,0.428443804805,-0.795532408044));
#1949 = PCURVE('',#1246,#1950);
#1950 = DEFINITIONAL_REPRESENTATION('',(#1951),#1954);
#1951 = B_SPLINE_CURVE_WITH_KNOTS('',1,(#1952,#1953),.UNSPECIFIED.,.F.,
  .F.,(2,2),(58.499477304565,65.917650723833),.PIECEWISE_BEZIER_KNOTS.);
#1952 = CARTESIAN_POINT('',(16.291519757705,-52.99557880746));
#1953 = CARTESIAN_POINT('',(20.786272925145,-47.09418144395));
#1954 = ( GEOMETRIC_REPRESENTATION_CONTEXT(2) 
PARAMETRIC_REPRESENTATION_CONTEXT() REPRESENTATION_CONTEXT('2D SPACE',''
  ) );
#1955 = PCURVE('',#415,#1956);
#1956 = DEFINITIONAL_REPRESENTATION('',(#1957),#1960);
#1957 = B_SPLINE_CURVE_WITH_KNOTS('',1,(#1958,#1959),.UNSPECIFIED.,.F.,
  .F.,(2,2),(58.499477304565,65.917650723833),.PIECEWISE_BEZIER_KNOTS.);
#1958 = CARTESIAN_POINT('',(-7.068583470577,-5.901397363517));
#1959 = CARTESIAN_POINT('',(-7.068583470577,1.130519547195E-14));
#1960 = ( GEOMETRIC_REPRESENTATION_CONTEXT(2) 
PARAMETRIC_REPRESENTATION_CONTEXT() REPRESENTATION_CONTEXT('2D SPACE',''
  ) );
#1961 = ORIENTED_EDGE('',*,*,#1962,.T.);
#1962 = EDGE_CURVE('',#1942,#1208,#1963,.T.);
#1963 = SURFACE_CURVE('',#1964,(#1968,#1974),.PCURVE_S1.);
#1964 = LINE('',#1965,#1966);
#1965 = CARTESIAN_POINT('',(0.,0.,-280.8007636224));
#1966 = VECTOR('',#1967,1.);
#1967 = DIRECTION('',(6.265732121346E-02,6.265732121346E-02,
    0.996066323192));
#1968 = PCURVE('',#1246,#1969);
#1969 = DEFINITIONAL_REPRESENTATION('',(#1970),#1973);
#1970 = B_SPLINE_CURVE_WITH_KNOTS('',1,(#1971,#1972),.UNSPECIFIED.,.F.,
  .F.,(2,2),(400.01292985538,401.01292985538),.PIECEWISE_BEZIER_KNOTS.);
#1971 = CARTESIAN_POINT('',(16.291519757705,-52.99557880746));
#1972 = CARTESIAN_POINT('',(16.380130591147,-53.99164513066));
#1973 = ( GEOMETRIC_REPRESENTATION_CONTEXT(2) 
PARAMETRIC_REPRESENTATION_CONTEXT() REPRESENTATION_CONTEXT('2D SPACE',''
  ) );
#1974 = PCURVE('',#389,#1975);
#1975 = DEFINITIONAL_REPRESENTATION('',(#1976),#1979);
#1976 = B_SPLINE_CURVE_WITH_KNOTS('',1,(#1977,#1978),.UNSPECIFIED.,.F.,
  .F.,(2,2),(400.01292985538,401.01292985538),.PIECEWISE_BEZIER_KNOTS.);
#1977 = CARTESIAN_POINT('',(7.068583470577,5.661981522233E-14));
#1978 = CARTESIAN_POINT('',(7.068583470577,0.996066323192));
#1979 = ( GEOMETRIC_REPRESENTATION_CONTEXT(2) 
PARAMETRIC_REPRESENTATION_CONTEXT() REPRESENTATION_CONTEXT('2D SPACE',''
  ) );
#1980 = ORIENTED_EDGE('',*,*,#1231,.T.);
#1981 = ORIENTED_EDGE('',*,*,#1982,.F.);
#1982 = EDGE_CURVE('',#1983,#1232,#1985,.T.);
#1983 = VERTEX_POINT('',#1984);
#1984 = CARTESIAN_POINT('',(30.759144981615,30.759144981615,123.65));
#1985 = SURFACE_CURVE('',#1986,(#1990,#1996),.PCURVE_S1.);
#1986 = LINE('',#1987,#1988);
#1987 = CARTESIAN_POINT('',(30.759144981615,30.759144981615,123.65));
#1988 = VECTOR('',#1989,1.);
#1989 = DIRECTION('',(-0.707106781187,-0.707106781187,0.));
#1990 = PCURVE('',#1246,#1991);
#1991 = DEFINITIONAL_REPRESENTATION('',(#1992),#1995);
#1992 = B_SPLINE_CURVE_WITH_KNOTS('',1,(#1993,#1994),.UNSPECIFIED.,.F.,
  .F.,(2,2),(0.,43.5),.PIECEWISE_BEZIER_KNOTS.);
#1993 = CARTESIAN_POINT('',(24.346040655625,-59.00693415975));
#1994 = CARTESIAN_POINT('',(-19.15395934437,-59.00693415975));
#1995 = ( GEOMETRIC_REPRESENTATION_CONTEXT(2) 
PARAMETRIC_REPRESENTATION_CONTEXT() REPRESENTATION_CONTEXT('2D SPACE',''
  ) );
#1996 = PCURVE('',#107,#1997);
#1997 = DEFINITIONAL_REPRESENTATION('',(#1998),#2002);
#1998 = LINE('',#1999,#2000);
#1999 = CARTESIAN_POINT('',(30.759144981615,30.759144981615));
#2000 = VECTOR('',#2001,1.);
#2001 = DIRECTION('',(-0.707106781187,-0.707106781187));
#2002 = ( GEOMETRIC_REPRESENTATION_CONTEXT(2) 
PARAMETRIC_REPRESENTATION_CONTEXT() REPRESENTATION_CONTEXT('2D SPACE',''
  ) );
#2003 = ORIENTED_EDGE('',*,*,#2004,.F.);
#2004 = EDGE_CURVE('',#1290,#1983,#2005,.T.);
#2005 = SURFACE_CURVE('',#2006,(#2010,#2016),.PCURVE_S1.);
#2006 = LINE('',#2007,#2008);
#2007 = CARTESIAN_POINT('',(23.075327540925,23.075327540925,1.5));
#2008 = VECTOR('',#2009,1.);
#2009 = DIRECTION('',(6.265732121346E-02,6.265732121346E-02,
    0.996066323192));
#2010 = PCURVE('',#1246,#2011);
#2011 = DEFINITIONAL_REPRESENTATION('',(#2012),#2015);
#2012 = B_SPLINE_CURVE_WITH_KNOTS('',1,(#2013,#2014),.UNSPECIFIED.,.F.,
  .F.,(2,2),(0.,122.63239621292),.PIECEWISE_BEZIER_KNOTS.);
#2013 = CARTESIAN_POINT('',(13.479481820202,63.143065840243));
#2014 = CARTESIAN_POINT('',(24.346040655625,-59.00693415975));
#2015 = ( GEOMETRIC_REPRESENTATION_CONTEXT(2) 
PARAMETRIC_REPRESENTATION_CONTEXT() REPRESENTATION_CONTEXT('2D SPACE',''
  ) );
#2016 = PCURVE('',#2017,#2022);
#2017 = PLANE('',#2018);
#2018 = AXIS2_PLACEMENT_3D('',#2019,#2020,#2021);
#2019 = CARTESIAN_POINT('',(26.91723626127,28.16723626127,62.575));
#2020 = DIRECTION('',(-0.998027347494,3.206095026617E-15,
    6.278067899269E-02));
#2021 = DIRECTION('',(-6.278067899269E-02,2.465190328816E-32,
    -0.998027347494));
#2022 = DEFINITIONAL_REPRESENTATION('',(#2023),#2027);
#2023 = LINE('',#2024,#2025);
#2024 = CARTESIAN_POINT('',(61.195717886266,5.091908720345));
#2025 = VECTOR('',#2026,1.);
#2026 = DIRECTION('',(-0.998035099632,-6.265732121346E-02));
#2027 = ( GEOMETRIC_REPRESENTATION_CONTEXT(2) 
PARAMETRIC_REPRESENTATION_CONTEXT() REPRESENTATION_CONTEXT('2D SPACE',''
  ) );
#2028 = ADVANCED_FACE('',(#2029),#2017,.T.);
#2029 = FACE_BOUND('',#2030,.T.);
#2030 = EDGE_LOOP('',(#2031,#2053,#2054,#2076));
#2031 = ORIENTED_EDGE('',*,*,#2032,.F.);
#2032 = EDGE_CURVE('',#1290,#2033,#2035,.T.);
#2033 = VERTEX_POINT('',#2034);
#2034 = CARTESIAN_POINT('',(23.075327540925,25.575327540925,1.5));
#2035 = SURFACE_CURVE('',#2036,(#2040,#2046),.PCURVE_S1.);
#2036 = LINE('',#2037,#2038);
#2037 = CARTESIAN_POINT('',(23.075327540925,23.075327540925,1.5));
#2038 = VECTOR('',#2039,1.);
#2039 = DIRECTION('',(0.,1.,0.));
#2040 = PCURVE('',#2017,#2041);
#2041 = DEFINITIONAL_REPRESENTATION('',(#2042),#2045);
#2042 = B_SPLINE_CURVE_WITH_KNOTS('',1,(#2043,#2044),.UNSPECIFIED.,.F.,
  .F.,(2,2),(0.,2.5),.PIECEWISE_BEZIER_KNOTS.);
#2043 = CARTESIAN_POINT('',(61.195717886266,5.091908720345));
#2044 = CARTESIAN_POINT('',(61.195717886266,2.591908720345));
#2045 = ( GEOMETRIC_REPRESENTATION_CONTEXT(2) 
PARAMETRIC_REPRESENTATION_CONTEXT() REPRESENTATION_CONTEXT('2D SPACE',''
  ) );
#2046 = PCURVE('',#45,#2047);
#2047 = DEFINITIONAL_REPRESENTATION('',(#2048),#2052);
#2048 = LINE('',#2049,#2050);
#2049 = CARTESIAN_POINT('',(23.075327540925,23.075327540925));
#2050 = VECTOR('',#2051,1.);
#2051 = DIRECTION('',(0.,1.));
#2052 = ( GEOMETRIC_REPRESENTATION_CONTEXT(2) 
PARAMETRIC_REPRESENTATION_CONTEXT() REPRESENTATION_CONTEXT('2D SPACE',''
  ) );
#2053 = ORIENTED_EDGE('',*,*,#2004,.T.);
#2054 = ORIENTED_EDGE('',*,*,#2055,.F.);
#2055 = EDGE_CURVE('',#2056,#1983,#2058,.T.);
#2056 = VERTEX_POINT('',#2057);
#2057 = CARTESIAN_POINT('',(30.759144981615,33.259144981615,123.65));
#2058 = SURFACE_CURVE('',#2059,(#2063,#2069),.PCURVE_S1.);
#2059 = LINE('',#2060,#2061);
#2060 = CARTESIAN_POINT('',(30.759144981615,33.259144981615,123.65));
#2061 = VECTOR('',#2062,1.);
#2062 = DIRECTION('',(0.,-1.,0.));
#2063 = PCURVE('',#2017,#2064);
#2064 = DEFINITIONAL_REPRESENTATION('',(#2065),#2068);
#2065 = B_SPLINE_CURVE_WITH_KNOTS('',1,(#2066,#2067),.UNSPECIFIED.,.F.,
  .F.,(2,2),(0.,2.5),.PIECEWISE_BEZIER_KNOTS.);
#2066 = CARTESIAN_POINT('',(-61.19571788626,-5.091908720345));
#2067 = CARTESIAN_POINT('',(-61.19571788626,-2.591908720345));
#2068 = ( GEOMETRIC_REPRESENTATION_CONTEXT(2) 
PARAMETRIC_REPRESENTATION_CONTEXT() REPRESENTATION_CONTEXT('2D SPACE',''
  ) );
#2069 = PCURVE('',#107,#2070);
#2070 = DEFINITIONAL_REPRESENTATION('',(#2071),#2075);
#2071 = LINE('',#2072,#2073);
#2072 = CARTESIAN_POINT('',(30.759144981615,33.259144981615));
#2073 = VECTOR('',#2074,1.);
#2074 = DIRECTION('',(0.,-1.));
#2075 = ( GEOMETRIC_REPRESENTATION_CONTEXT(2) 
PARAMETRIC_REPRESENTATION_CONTEXT() REPRESENTATION_CONTEXT('2D SPACE',''
  ) );
#2076 = ORIENTED_EDGE('',*,*,#2077,.F.);
#2077 = EDGE_CURVE('',#2033,#2056,#2078,.T.);
#2078 = SURFACE_CURVE('',#2079,(#2083,#2089),.PCURVE_S1.);
#2079 = LINE('',#2080,#2081);
#2080 = CARTESIAN_POINT('',(23.075327540925,25.575327540925,1.5));
#2081 = VECTOR('',#2082,1.);
#2082 = DIRECTION('',(6.265732121346E-02,6.265732121346E-02,
    0.996066323192));
#2083 = PCURVE('',#2017,#2084);
#2084 = DEFINITIONAL_REPRESENTATION('',(#2085),#2088);
#2085 = B_SPLINE_CURVE_WITH_KNOTS('',1,(#2086,#2087),.UNSPECIFIED.,.F.,
  .F.,(2,2),(0.,122.63239621292),.PIECEWISE_BEZIER_KNOTS.);
#2086 = CARTESIAN_POINT('',(61.195717886266,2.591908720345));
#2087 = CARTESIAN_POINT('',(-61.19571788626,-5.091908720345));
#2088 = ( GEOMETRIC_REPRESENTATION_CONTEXT(2) 
PARAMETRIC_REPRESENTATION_CONTEXT() REPRESENTATION_CONTEXT('2D SPACE',''
  ) );
#2089 = PCURVE('',#78,#2090);
#2090 = DEFINITIONAL_REPRESENTATION('',(#2091),#2095);
#2091 = LINE('',#2092,#2093);
#2092 = CARTESIAN_POINT('',(-136.2793200733,60.211569331794));
#2093 = VECTOR('',#2094,1.);
#2094 = DIRECTION('',(8.861083344205E-02,-0.996066323192));
#2095 = ( GEOMETRIC_REPRESENTATION_CONTEXT(2) 
PARAMETRIC_REPRESENTATION_CONTEXT() REPRESENTATION_CONTEXT('2D SPACE',''
  ) );
#2096 = ADVANCED_FACE('',(#2097),#389,.F.);
#2097 = FACE_BOUND('',#2098,.F.);
#2098 = EDGE_LOOP('',(#2099,#2121,#2122,#2123));
#2099 = ORIENTED_EDGE('',*,*,#2100,.T.);
#2100 = EDGE_CURVE('',#375,#1942,#2101,.T.);
#2101 = SURFACE_CURVE('',#2102,(#2107,#2114),.PCURVE_S1.);
#2102 = CIRCLE('',#2103,35.44547910208);
#2103 = AXIS2_PLACEMENT_3D('',#2104,#2105,#2106);
#2104 = CARTESIAN_POINT('',(0.,0.,117.63864464771));
#2105 = DIRECTION('',(0.,0.,1.));
#2106 = DIRECTION('',(0.707106781187,-0.707106781187,0.));
#2107 = PCURVE('',#389,#2108);
#2108 = DEFINITIONAL_REPRESENTATION('',(#2109),#2113);
#2109 = LINE('',#2110,#2111);
#2110 = CARTESIAN_POINT('',(5.497787143782,0.));
#2111 = VECTOR('',#2112,1.);
#2112 = DIRECTION('',(1.,0.));
#2113 = ( GEOMETRIC_REPRESENTATION_CONTEXT(2) 
PARAMETRIC_REPRESENTATION_CONTEXT() REPRESENTATION_CONTEXT('2D SPACE',''
  ) );
#2114 = PCURVE('',#415,#2115);
#2115 = DEFINITIONAL_REPRESENTATION('',(#2116),#2120);
#2116 = LINE('',#2117,#2118);
#2117 = CARTESIAN_POINT('',(-5.497787143782,-5.901397363517));
#2118 = VECTOR('',#2119,1.);
#2119 = DIRECTION('',(-1.,-0.));
#2120 = ( GEOMETRIC_REPRESENTATION_CONTEXT(2) 
PARAMETRIC_REPRESENTATION_CONTEXT() REPRESENTATION_CONTEXT('2D SPACE',''
  ) );
#2121 = ORIENTED_EDGE('',*,*,#1962,.T.);
#2122 = ORIENTED_EDGE('',*,*,#1207,.T.);
#2123 = ORIENTED_EDGE('',*,*,#374,.F.);
#2124 = ADVANCED_FACE('',(#2125),#415,.F.);
#2125 = FACE_BOUND('',#2126,.F.);
#2126 = EDGE_LOOP('',(#2127,#2149,#2150,#2151));
#2127 = ORIENTED_EDGE('',*,*,#2128,.T.);
#2128 = EDGE_CURVE('',#401,#1921,#2129,.T.);
#2129 = SURFACE_CURVE('',#2130,(#2135,#2142),.PCURVE_S1.);
#2130 = CIRCLE('',#2131,39.94023226952);
#2131 = AXIS2_PLACEMENT_3D('',#2132,#2133,#2134);
#2132 = CARTESIAN_POINT('',(0.,0.,111.73724728419));
#2133 = DIRECTION('',(0.,0.,1.));
#2134 = DIRECTION('',(0.707106781187,-0.707106781187,0.));
#2135 = PCURVE('',#415,#2136);
#2136 = DEFINITIONAL_REPRESENTATION('',(#2137),#2141);
#2137 = LINE('',#2138,#2139);
#2138 = CARTESIAN_POINT('',(-5.497787143782,-0.));
#2139 = VECTOR('',#2140,1.);
#2140 = DIRECTION('',(-1.,-0.));
#2141 = ( GEOMETRIC_REPRESENTATION_CONTEXT(2) 
PARAMETRIC_REPRESENTATION_CONTEXT() REPRESENTATION_CONTEXT('2D SPACE',''
  ) );
#2142 = PCURVE('',#441,#2143);
#2143 = DEFINITIONAL_REPRESENTATION('',(#2144),#2148);
#2144 = LINE('',#2145,#2146);
#2145 = CARTESIAN_POINT('',(5.497787143782,5.015289029096));
#2146 = VECTOR('',#2147,1.);
#2147 = DIRECTION('',(1.,0.));
#2148 = ( GEOMETRIC_REPRESENTATION_CONTEXT(2) 
PARAMETRIC_REPRESENTATION_CONTEXT() REPRESENTATION_CONTEXT('2D SPACE',''
  ) );
#2149 = ORIENTED_EDGE('',*,*,#1941,.F.);
#2150 = ORIENTED_EDGE('',*,*,#2100,.F.);
#2151 = ORIENTED_EDGE('',*,*,#400,.T.);
#2152 = ADVANCED_FACE('',(#2153),#441,.F.);
#2153 = FACE_BOUND('',#2154,.F.);
#2154 = EDGE_LOOP('',(#2155,#2177,#2178,#2179));
#2155 = ORIENTED_EDGE('',*,*,#2156,.T.);
#2156 = EDGE_CURVE('',#427,#1900,#2157,.T.);
#2157 = SURFACE_CURVE('',#2158,(#2163,#2170),.PCURVE_S1.);
#2158 = CIRCLE('',#2159,34.474322205042);
#2159 = AXIS2_PLACEMENT_3D('',#2160,#2161,#2162);
#2160 = CARTESIAN_POINT('',(0.,0.,106.72195825509));
#2161 = DIRECTION('',(0.,0.,1.));
#2162 = DIRECTION('',(0.707106781187,-0.707106781187,0.));
#2163 = PCURVE('',#441,#2164);
#2164 = DEFINITIONAL_REPRESENTATION('',(#2165),#2169);
#2165 = LINE('',#2166,#2167);
#2166 = CARTESIAN_POINT('',(5.497787143782,0.));
#2167 = VECTOR('',#2168,1.);
#2168 = DIRECTION('',(1.,0.));
#2169 = ( GEOMETRIC_REPRESENTATION_CONTEXT(2) 
PARAMETRIC_REPRESENTATION_CONTEXT() REPRESENTATION_CONTEXT('2D SPACE',''
  ) );
#2170 = PCURVE('',#467,#2171);
#2171 = DEFINITIONAL_REPRESENTATION('',(#2172),#2176);
#2172 = LINE('',#2173,#2174);
#2173 = CARTESIAN_POINT('',(5.497787143782,0.996066323192));
#2174 = VECTOR('',#2175,1.);
#2175 = DIRECTION('',(1.,0.));
#2176 = ( GEOMETRIC_REPRESENTATION_CONTEXT(2) 
PARAMETRIC_REPRESENTATION_CONTEXT() REPRESENTATION_CONTEXT('2D SPACE',''
  ) );
#2177 = ORIENTED_EDGE('',*,*,#1920,.T.);
#2178 = ORIENTED_EDGE('',*,*,#2128,.F.);
#2179 = ORIENTED_EDGE('',*,*,#426,.F.);
#2180 = ADVANCED_FACE('',(#2181),#467,.F.);
#2181 = FACE_BOUND('',#2182,.F.);
#2182 = EDGE_LOOP('',(#2183,#2205,#2206,#2207));
#2183 = ORIENTED_EDGE('',*,*,#2184,.T.);
#2184 = EDGE_CURVE('',#453,#1879,#2185,.T.);
#2185 = SURFACE_CURVE('',#2186,(#2191,#2198),.PCURVE_S1.);
#2186 = CIRCLE('',#2187,34.3857113716);
#2187 = AXIS2_PLACEMENT_3D('',#2188,#2189,#2190);
#2188 = CARTESIAN_POINT('',(0.,0.,105.7258919319));
#2189 = DIRECTION('',(0.,0.,1.));
#2190 = DIRECTION('',(0.707106781187,-0.707106781187,0.));
#2191 = PCURVE('',#467,#2192);
#2192 = DEFINITIONAL_REPRESENTATION('',(#2193),#2197);
#2193 = LINE('',#2194,#2195);
#2194 = CARTESIAN_POINT('',(5.497787143782,0.));
#2195 = VECTOR('',#2196,1.);
#2196 = DIRECTION('',(1.,0.));
#2197 = ( GEOMETRIC_REPRESENTATION_CONTEXT(2) 
PARAMETRIC_REPRESENTATION_CONTEXT() REPRESENTATION_CONTEXT('2D SPACE',''
  ) );
#2198 = PCURVE('',#493,#2199);
#2199 = DEFINITIONAL_REPRESENTATION('',(#2200),#2204);
#2200 = LINE('',#2201,#2202);
#2201 = CARTESIAN_POINT('',(-5.497787143782,-5.901397363517));
#2202 = VECTOR('',#2203,1.);
#2203 = DIRECTION('',(-1.,-0.));
#2204 = ( GEOMETRIC_REPRESENTATION_CONTEXT(2) 
PARAMETRIC_REPRESENTATION_CONTEXT() REPRESENTATION_CONTEXT('2D SPACE',''
  ) );
#2205 = ORIENTED_EDGE('',*,*,#1899,.T.);
#2206 = ORIENTED_EDGE('',*,*,#2156,.F.);
#2207 = ORIENTED_EDGE('',*,*,#452,.F.);
#2208 = ADVANCED_FACE('',(#2209),#493,.F.);
#2209 = FACE_BOUND('',#2210,.F.);
#2210 = EDGE_LOOP('',(#2211,#2233,#2234,#2235));
#2211 = ORIENTED_EDGE('',*,*,#2212,.T.);
#2212 = EDGE_CURVE('',#479,#1858,#2213,.T.);
#2213 = SURFACE_CURVE('',#2214,(#2219,#2226),.PCURVE_S1.);
#2214 = CIRCLE('',#2215,38.88046453904);
#2215 = AXIS2_PLACEMENT_3D('',#2216,#2217,#2218);
#2216 = CARTESIAN_POINT('',(0.,0.,99.824494568391));
#2217 = DIRECTION('',(0.,0.,1.));
#2218 = DIRECTION('',(0.707106781187,-0.707106781187,0.));
#2219 = PCURVE('',#493,#2220);
#2220 = DEFINITIONAL_REPRESENTATION('',(#2221),#2225);
#2221 = LINE('',#2222,#2223);
#2222 = CARTESIAN_POINT('',(-5.497787143782,-0.));
#2223 = VECTOR('',#2224,1.);
#2224 = DIRECTION('',(-1.,-0.));
#2225 = ( GEOMETRIC_REPRESENTATION_CONTEXT(2) 
PARAMETRIC_REPRESENTATION_CONTEXT() REPRESENTATION_CONTEXT('2D SPACE',''
  ) );
#2226 = PCURVE('',#519,#2227);
#2227 = DEFINITIONAL_REPRESENTATION('',(#2228),#2232);
#2228 = LINE('',#2229,#2230);
#2229 = CARTESIAN_POINT('',(5.497787143782,5.015289029096));
#2230 = VECTOR('',#2231,1.);
#2231 = DIRECTION('',(1.,0.));
#2232 = ( GEOMETRIC_REPRESENTATION_CONTEXT(2) 
PARAMETRIC_REPRESENTATION_CONTEXT() REPRESENTATION_CONTEXT('2D SPACE',''
  ) );
#2233 = ORIENTED_EDGE('',*,*,#1878,.F.);
#2234 = ORIENTED_EDGE('',*,*,#2184,.F.);
#2235 = ORIENTED_EDGE('',*,*,#478,.T.);
#2236 = ADVANCED_FACE('',(#2237),#519,.F.);
#2237 = FACE_BOUND('',#2238,.F.);
#2238 = EDGE_LOOP('',(#2239,#2261,#2262,#2263));
#2239 = ORIENTED_EDGE('',*,*,#2240,.T.);
#2240 = EDGE_CURVE('',#505,#1837,#2241,.T.);
#2241 = SURFACE_CURVE('',#2242,(#2247,#2254),.PCURVE_S1.);
#2242 = CIRCLE('',#2243,33.414554474562);
#2243 = AXIS2_PLACEMENT_3D('',#2244,#2245,#2246);
#2244 = CARTESIAN_POINT('',(0.,0.,94.809205539295));
#2245 = DIRECTION('',(0.,0.,1.));
#2246 = DIRECTION('',(0.707106781187,-0.707106781187,0.));
#2247 = PCURVE('',#519,#2248);
#2248 = DEFINITIONAL_REPRESENTATION('',(#2249),#2253);
#2249 = LINE('',#2250,#2251);
#2250 = CARTESIAN_POINT('',(5.497787143782,0.));
#2251 = VECTOR('',#2252,1.);
#2252 = DIRECTION('',(1.,0.));
#2253 = ( GEOMETRIC_REPRESENTATION_CONTEXT(2) 
PARAMETRIC_REPRESENTATION_CONTEXT() REPRESENTATION_CONTEXT('2D SPACE',''
  ) );
#2254 = PCURVE('',#545,#2255);
#2255 = DEFINITIONAL_REPRESENTATION('',(#2256),#2260);
#2256 = LINE('',#2257,#2258);
#2257 = CARTESIAN_POINT('',(5.497787143782,0.996066323192));
#2258 = VECTOR('',#2259,1.);
#2259 = DIRECTION('',(1.,0.));
#2260 = ( GEOMETRIC_REPRESENTATION_CONTEXT(2) 
PARAMETRIC_REPRESENTATION_CONTEXT() REPRESENTATION_CONTEXT('2D SPACE',''
  ) );
#2261 = ORIENTED_EDGE('',*,*,#1857,.T.);
#2262 = ORIENTED_EDGE('',*,*,#2212,.F.);
#2263 = ORIENTED_EDGE('',*,*,#504,.F.);
#2264 = ADVANCED_FACE('',(#2265),#545,.F.);
#2265 = FACE_BOUND('',#2266,.F.);
#2266 = EDGE_LOOP('',(#2267,#2289,#2290,#2291));
#2267 = ORIENTED_EDGE('',*,*,#2268,.T.);
#2268 = EDGE_CURVE('',#531,#1816,#2269,.T.);
#2269 = SURFACE_CURVE('',#2270,(#2275,#2282),.PCURVE_S1.);
#2270 = CIRCLE('',#2271,33.32594364112);
#2271 = AXIS2_PLACEMENT_3D('',#2272,#2273,#2274);
#2272 = CARTESIAN_POINT('',(0.,0.,93.813139216103));
#2273 = DIRECTION('',(0.,0.,1.));
#2274 = DIRECTION('',(0.707106781187,-0.707106781187,0.));
#2275 = PCURVE('',#545,#2276);
#2276 = DEFINITIONAL_REPRESENTATION('',(#2277),#2281);
#2277 = LINE('',#2278,#2279);
#2278 = CARTESIAN_POINT('',(5.497787143782,0.));
#2279 = VECTOR('',#2280,1.);
#2280 = DIRECTION('',(1.,0.));
#2281 = ( GEOMETRIC_REPRESENTATION_CONTEXT(2) 
PARAMETRIC_REPRESENTATION_CONTEXT() REPRESENTATION_CONTEXT('2D SPACE',''
  ) );
#2282 = PCURVE('',#571,#2283);
#2283 = DEFINITIONAL_REPRESENTATION('',(#2284),#2288);
#2284 = LINE('',#2285,#2286);
#2285 = CARTESIAN_POINT('',(-5.497787143782,-5.901397363517));
#2286 = VECTOR('',#2287,1.);
#2287 = DIRECTION('',(-1.,-0.));
#2288 = ( GEOMETRIC_REPRESENTATION_CONTEXT(2) 
PARAMETRIC_REPRESENTATION_CONTEXT() REPRESENTATION_CONTEXT('2D SPACE',''
  ) );
#2289 = ORIENTED_EDGE('',*,*,#1836,.T.);
#2290 = ORIENTED_EDGE('',*,*,#2240,.F.);
#2291 = ORIENTED_EDGE('',*,*,#530,.F.);
#2292 = ADVANCED_FACE('',(#2293),#571,.F.);
#2293 = FACE_BOUND('',#2294,.F.);
#2294 = EDGE_LOOP('',(#2295,#2317,#2318,#2319));
#2295 = ORIENTED_EDGE('',*,*,#2296,.T.);
#2296 = EDGE_CURVE('',#557,#1795,#2297,.T.);
#2297 = SURFACE_CURVE('',#2298,(#2303,#2310),.PCURVE_S1.);
#2298 = CIRCLE('',#2299,37.82069680856);
#2299 = AXIS2_PLACEMENT_3D('',#2300,#2301,#2302);
#2300 = CARTESIAN_POINT('',(0.,0.,87.911741852586));
#2301 = DIRECTION('',(0.,0.,1.));
#2302 = DIRECTION('',(0.707106781187,-0.707106781187,0.));
#2303 = PCURVE('',#571,#2304);
#2304 = DEFINITIONAL_REPRESENTATION('',(#2305),#2309);
#2305 = LINE('',#2306,#2307);
#2306 = CARTESIAN_POINT('',(-5.497787143782,-0.));
#2307 = VECTOR('',#2308,1.);
#2308 = DIRECTION('',(-1.,-0.));
#2309 = ( GEOMETRIC_REPRESENTATION_CONTEXT(2) 
PARAMETRIC_REPRESENTATION_CONTEXT() REPRESENTATION_CONTEXT('2D SPACE',''
  ) );
#2310 = PCURVE('',#597,#2311);
#2311 = DEFINITIONAL_REPRESENTATION('',(#2312),#2316);
#2312 = LINE('',#2313,#2314);
#2313 = CARTESIAN_POINT('',(5.497787143782,5.015289029096));
#2314 = VECTOR('',#2315,1.);
#2315 = DIRECTION('',(1.,0.));
#2316 = ( GEOMETRIC_REPRESENTATION_CONTEXT(2) 
PARAMETRIC_REPRESENTATION_CONTEXT() REPRESENTATION_CONTEXT('2D SPACE',''
  ) );
#2317 = ORIENTED_EDGE('',*,*,#1815,.F.);
#2318 = ORIENTED_EDGE('',*,*,#2268,.F.);
#2319 = ORIENTED_EDGE('',*,*,#556,.T.);
#2320 = ADVANCED_FACE('',(#2321),#597,.F.);
#2321 = FACE_BOUND('',#2322,.F.);
#2322 = EDGE_LOOP('',(#2323,#2345,#2346,#2347));
#2323 = ORIENTED_EDGE('',*,*,#2324,.T.);
#2324 = EDGE_CURVE('',#583,#1774,#2325,.T.);
#2325 = SURFACE_CURVE('',#2326,(#2331,#2338),.PCURVE_S1.);
#2326 = CIRCLE('',#2327,32.354786744082);
#2327 = AXIS2_PLACEMENT_3D('',#2328,#2329,#2330);
#2328 = CARTESIAN_POINT('',(0.,0.,82.89645282349));
#2329 = DIRECTION('',(0.,0.,1.));
#2330 = DIRECTION('',(0.707106781187,-0.707106781187,0.));
#2331 = PCURVE('',#597,#2332);
#2332 = DEFINITIONAL_REPRESENTATION('',(#2333),#2337);
#2333 = LINE('',#2334,#2335);
#2334 = CARTESIAN_POINT('',(5.497787143782,0.));
#2335 = VECTOR('',#2336,1.);
#2336 = DIRECTION('',(1.,0.));
#2337 = ( GEOMETRIC_REPRESENTATION_CONTEXT(2) 
PARAMETRIC_REPRESENTATION_CONTEXT() REPRESENTATION_CONTEXT('2D SPACE',''
  ) );
#2338 = PCURVE('',#623,#2339);
#2339 = DEFINITIONAL_REPRESENTATION('',(#2340),#2344);
#2340 = LINE('',#2341,#2342);
#2341 = CARTESIAN_POINT('',(5.497787143782,0.996066323192));
#2342 = VECTOR('',#2343,1.);
#2343 = DIRECTION('',(1.,0.));
#2344 = ( GEOMETRIC_REPRESENTATION_CONTEXT(2) 
PARAMETRIC_REPRESENTATION_CONTEXT() REPRESENTATION_CONTEXT('2D SPACE',''
  ) );
#2345 = ORIENTED_EDGE('',*,*,#1794,.T.);
#2346 = ORIENTED_EDGE('',*,*,#2296,.F.);
#2347 = ORIENTED_EDGE('',*,*,#582,.F.);
#2348 = ADVANCED_FACE('',(#2349),#623,.F.);
#2349 = FACE_BOUND('',#2350,.F.);
#2350 = EDGE_LOOP('',(#2351,#2373,#2374,#2375));
#2351 = ORIENTED_EDGE('',*,*,#2352,.T.);
#2352 = EDGE_CURVE('',#609,#1753,#2353,.T.);
#2353 = SURFACE_CURVE('',#2354,(#2359,#2366),.PCURVE_S1.);
#2354 = CIRCLE('',#2355,32.26617591064);
#2355 = AXIS2_PLACEMENT_3D('',#2356,#2357,#2358);
#2356 = CARTESIAN_POINT('',(0.,0.,81.900386500298));
#2357 = DIRECTION('',(0.,0.,1.));
#2358 = DIRECTION('',(0.707106781187,-0.707106781187,0.));
#2359 = PCURVE('',#623,#2360);
#2360 = DEFINITIONAL_REPRESENTATION('',(#2361),#2365);
#2361 = LINE('',#2362,#2363);
#2362 = CARTESIAN_POINT('',(5.497787143782,0.));
#2363 = VECTOR('',#2364,1.);
#2364 = DIRECTION('',(1.,0.));
#2365 = ( GEOMETRIC_REPRESENTATION_CONTEXT(2) 
PARAMETRIC_REPRESENTATION_CONTEXT() REPRESENTATION_CONTEXT('2D SPACE',''
  ) );
#2366 = PCURVE('',#649,#2367);
#2367 = DEFINITIONAL_REPRESENTATION('',(#2368),#2372);
#2368 = LINE('',#2369,#2370);
#2369 = CARTESIAN_POINT('',(-5.497787143782,-5.901397363517));
#2370 = VECTOR('',#2371,1.);
#2371 = DIRECTION('',(-1.,-0.));
#2372 = ( GEOMETRIC_REPRESENTATION_CONTEXT(2) 
PARAMETRIC_REPRESENTATION_CONTEXT() REPRESENTATION_CONTEXT('2D SPACE',''
  ) );
#2373 = ORIENTED_EDGE('',*,*,#1773,.T.);
#2374 = ORIENTED_EDGE('',*,*,#2324,.F.);
#2375 = ORIENTED_EDGE('',*,*,#608,.F.);
#2376 = ADVANCED_FACE('',(#2377),#649,.F.);
#2377 = FACE_BOUND('',#2378,.F.);
#2378 = EDGE_LOOP('',(#2379,#2401,#2402,#2403));
#2379 = ORIENTED_EDGE('',*,*,#2380,.T.);
#2380 = EDGE_CURVE('',#635,#1732,#2381,.T.);
#2381 = SURFACE_CURVE('',#2382,(#2387,#2394),.PCURVE_S1.);
#2382 = CIRCLE('',#2383,36.76092907808);
#2383 = AXIS2_PLACEMENT_3D('',#2384,#2385,#2386);
#2384 = CARTESIAN_POINT('',(0.,0.,75.998989136782));
#2385 = DIRECTION('',(0.,0.,1.));
#2386 = DIRECTION('',(0.707106781187,-0.707106781187,0.));
#2387 = PCURVE('',#649,#2388);
#2388 = DEFINITIONAL_REPRESENTATION('',(#2389),#2393);
#2389 = LINE('',#2390,#2391);
#2390 = CARTESIAN_POINT('',(-5.497787143782,-0.));
#2391 = VECTOR('',#2392,1.);
#2392 = DIRECTION('',(-1.,-0.));
#2393 = ( GEOMETRIC_REPRESENTATION_CONTEXT(2) 
PARAMETRIC_REPRESENTATION_CONTEXT() REPRESENTATION_CONTEXT('2D SPACE',''
  ) );
#2394 = PCURVE('',#675,#2395);
#2395 = DEFINITIONAL_REPRESENTATION('',(#2396),#2400);
#2396 = LINE('',#2397,#2398);
#2397 = CARTESIAN_POINT('',(5.497787143782,5.015289029096));
#2398 = VECTOR('',#2399,1.);
#2399 = DIRECTION('',(1.,0.));
#2400 = ( GEOMETRIC_REPRESENTATION_CONTEXT(2) 
PARAMETRIC_REPRESENTATION_CONTEXT() REPRESENTATION_CONTEXT('2D SPACE',''
  ) );
#2401 = ORIENTED_EDGE('',*,*,#1752,.F.);
#2402 = ORIENTED_EDGE('',*,*,#2352,.F.);
#2403 = ORIENTED_EDGE('',*,*,#634,.T.);
#2404 = ADVANCED_FACE('',(#2405),#675,.F.);
#2405 = FACE_BOUND('',#2406,.F.);
#2406 = EDGE_LOOP('',(#2407,#2429,#2430,#2431));
#2407 = ORIENTED_EDGE('',*,*,#2408,.T.);
#2408 = EDGE_CURVE('',#661,#1711,#2409,.T.);
#2409 = SURFACE_CURVE('',#2410,(#2415,#2422),.PCURVE_S1.);
#2410 = CIRCLE('',#2411,31.295019013602);
#2411 = AXIS2_PLACEMENT_3D('',#2412,#2413,#2414);
#2412 = CARTESIAN_POINT('',(0.,0.,70.983700107686));
#2413 = DIRECTION('',(0.,0.,1.));
#2414 = DIRECTION('',(0.707106781187,-0.707106781187,0.));
#2415 = PCURVE('',#675,#2416);
#2416 = DEFINITIONAL_REPRESENTATION('',(#2417),#2421);
#2417 = LINE('',#2418,#2419);
#2418 = CARTESIAN_POINT('',(5.497787143782,0.));
#2419 = VECTOR('',#2420,1.);
#2420 = DIRECTION('',(1.,0.));
#2421 = ( GEOMETRIC_REPRESENTATION_CONTEXT(2) 
PARAMETRIC_REPRESENTATION_CONTEXT() REPRESENTATION_CONTEXT('2D SPACE',''
  ) );
#2422 = PCURVE('',#701,#2423);
#2423 = DEFINITIONAL_REPRESENTATION('',(#2424),#2428);
#2424 = LINE('',#2425,#2426);
#2425 = CARTESIAN_POINT('',(5.497787143782,0.996066323192));
#2426 = VECTOR('',#2427,1.);
#2427 = DIRECTION('',(1.,0.));
#2428 = ( GEOMETRIC_REPRESENTATION_CONTEXT(2) 
PARAMETRIC_REPRESENTATION_CONTEXT() REPRESENTATION_CONTEXT('2D SPACE',''
  ) );
#2429 = ORIENTED_EDGE('',*,*,#1731,.T.);
#2430 = ORIENTED_EDGE('',*,*,#2380,.F.);
#2431 = ORIENTED_EDGE('',*,*,#660,.F.);
#2432 = ADVANCED_FACE('',(#2433),#701,.F.);
#2433 = FACE_BOUND('',#2434,.F.);
#2434 = EDGE_LOOP('',(#2435,#2457,#2458,#2459));
#2435 = ORIENTED_EDGE('',*,*,#2436,.T.);
#2436 = EDGE_CURVE('',#687,#1690,#2437,.T.);
#2437 = SURFACE_CURVE('',#2438,(#2443,#2450),.PCURVE_S1.);
#2438 = CIRCLE('',#2439,31.20640818016);
#2439 = AXIS2_PLACEMENT_3D('',#2440,#2441,#2442);
#2440 = CARTESIAN_POINT('',(0.,0.,69.987633784494));
#2441 = DIRECTION('',(0.,0.,1.));
#2442 = DIRECTION('',(0.707106781187,-0.707106781187,0.));
#2443 = PCURVE('',#701,#2444);
#2444 = DEFINITIONAL_REPRESENTATION('',(#2445),#2449);
#2445 = LINE('',#2446,#2447);
#2446 = CARTESIAN_POINT('',(5.497787143782,0.));
#2447 = VECTOR('',#2448,1.);
#2448 = DIRECTION('',(1.,0.));
#2449 = ( GEOMETRIC_REPRESENTATION_CONTEXT(2) 
PARAMETRIC_REPRESENTATION_CONTEXT() REPRESENTATION_CONTEXT('2D SPACE',''
  ) );
#2450 = PCURVE('',#727,#2451);
#2451 = DEFINITIONAL_REPRESENTATION('',(#2452),#2456);
#2452 = LINE('',#2453,#2454);
#2453 = CARTESIAN_POINT('',(-5.497787143782,-5.901397363517));
#2454 = VECTOR('',#2455,1.);
#2455 = DIRECTION('',(-1.,-0.));
#2456 = ( GEOMETRIC_REPRESENTATION_CONTEXT(2) 
PARAMETRIC_REPRESENTATION_CONTEXT() REPRESENTATION_CONTEXT('2D SPACE',''
  ) );
#2457 = ORIENTED_EDGE('',*,*,#1710,.T.);
#2458 = ORIENTED_EDGE('',*,*,#2408,.F.);
#2459 = ORIENTED_EDGE('',*,*,#686,.F.);
#2460 = ADVANCED_FACE('',(#2461),#727,.F.);
#2461 = FACE_BOUND('',#2462,.F.);
#2462 = EDGE_LOOP('',(#2463,#2485,#2486,#2487));
#2463 = ORIENTED_EDGE('',*,*,#2464,.T.);
#2464 = EDGE_CURVE('',#713,#1669,#2465,.T.);
#2465 = SURFACE_CURVE('',#2466,(#2471,#2478),.PCURVE_S1.);
#2466 = CIRCLE('',#2467,35.7011613476);
#2467 = AXIS2_PLACEMENT_3D('',#2468,#2469,#2470);
#2468 = CARTESIAN_POINT('',(0.,0.,64.086236420977));
#2469 = DIRECTION('',(0.,0.,1.));
#2470 = DIRECTION('',(0.707106781187,-0.707106781187,0.));
#2471 = PCURVE('',#727,#2472);
#2472 = DEFINITIONAL_REPRESENTATION('',(#2473),#2477);
#2473 = LINE('',#2474,#2475);
#2474 = CARTESIAN_POINT('',(-5.497787143782,-0.));
#2475 = VECTOR('',#2476,1.);
#2476 = DIRECTION('',(-1.,-0.));
#2477 = ( GEOMETRIC_REPRESENTATION_CONTEXT(2) 
PARAMETRIC_REPRESENTATION_CONTEXT() REPRESENTATION_CONTEXT('2D SPACE',''
  ) );
#2478 = PCURVE('',#753,#2479);
#2479 = DEFINITIONAL_REPRESENTATION('',(#2480),#2484);
#2480 = LINE('',#2481,#2482);
#2481 = CARTESIAN_POINT('',(5.497787143782,5.015289029096));
#2482 = VECTOR('',#2483,1.);
#2483 = DIRECTION('',(1.,0.));
#2484 = ( GEOMETRIC_REPRESENTATION_CONTEXT(2) 
PARAMETRIC_REPRESENTATION_CONTEXT() REPRESENTATION_CONTEXT('2D SPACE',''
  ) );
#2485 = ORIENTED_EDGE('',*,*,#1689,.F.);
#2486 = ORIENTED_EDGE('',*,*,#2436,.F.);
#2487 = ORIENTED_EDGE('',*,*,#712,.T.);
#2488 = ADVANCED_FACE('',(#2489),#753,.F.);
#2489 = FACE_BOUND('',#2490,.F.);
#2490 = EDGE_LOOP('',(#2491,#2513,#2514,#2515));
#2491 = ORIENTED_EDGE('',*,*,#2492,.T.);
#2492 = EDGE_CURVE('',#739,#1648,#2493,.T.);
#2493 = SURFACE_CURVE('',#2494,(#2499,#2506),.PCURVE_S1.);
#2494 = CIRCLE('',#2495,30.235251283122);
#2495 = AXIS2_PLACEMENT_3D('',#2496,#2497,#2498);
#2496 = CARTESIAN_POINT('',(0.,0.,59.070947391881));
#2497 = DIRECTION('',(0.,0.,1.));
#2498 = DIRECTION('',(0.707106781187,-0.707106781187,0.));
#2499 = PCURVE('',#753,#2500);
#2500 = DEFINITIONAL_REPRESENTATION('',(#2501),#2505);
#2501 = LINE('',#2502,#2503);
#2502 = CARTESIAN_POINT('',(5.497787143782,0.));
#2503 = VECTOR('',#2504,1.);
#2504 = DIRECTION('',(1.,0.));
#2505 = ( GEOMETRIC_REPRESENTATION_CONTEXT(2) 
PARAMETRIC_REPRESENTATION_CONTEXT() REPRESENTATION_CONTEXT('2D SPACE',''
  ) );
#2506 = PCURVE('',#779,#2507);
#2507 = DEFINITIONAL_REPRESENTATION('',(#2508),#2512);
#2508 = LINE('',#2509,#2510);
#2509 = CARTESIAN_POINT('',(5.497787143782,0.996066323192));
#2510 = VECTOR('',#2511,1.);
#2511 = DIRECTION('',(1.,0.));
#2512 = ( GEOMETRIC_REPRESENTATION_CONTEXT(2) 
PARAMETRIC_REPRESENTATION_CONTEXT() REPRESENTATION_CONTEXT('2D SPACE',''
  ) );
#2513 = ORIENTED_EDGE('',*,*,#1668,.T.);
#2514 = ORIENTED_EDGE('',*,*,#2464,.F.);
#2515 = ORIENTED_EDGE('',*,*,#738,.F.);
#2516 = ADVANCED_FACE('',(#2517),#779,.F.);
#2517 = FACE_BOUND('',#2518,.F.);
#2518 = EDGE_LOOP('',(#2519,#2541,#2542,#2543));
#2519 = ORIENTED_EDGE('',*,*,#2520,.T.);
#2520 = EDGE_CURVE('',#765,#1627,#2521,.T.);
#2521 = SURFACE_CURVE('',#2522,(#2527,#2534),.PCURVE_S1.);
#2522 = CIRCLE('',#2523,30.14664044968);
#2523 = AXIS2_PLACEMENT_3D('',#2524,#2525,#2526);
#2524 = CARTESIAN_POINT('',(0.,0.,58.074881068689));
#2525 = DIRECTION('',(0.,0.,1.));
#2526 = DIRECTION('',(0.707106781187,-0.707106781187,0.));
#2527 = PCURVE('',#779,#2528);
#2528 = DEFINITIONAL_REPRESENTATION('',(#2529),#2533);
#2529 = LINE('',#2530,#2531);
#2530 = CARTESIAN_POINT('',(5.497787143782,0.));
#2531 = VECTOR('',#2532,1.);
#2532 = DIRECTION('',(1.,0.));
#2533 = ( GEOMETRIC_REPRESENTATION_CONTEXT(2) 
PARAMETRIC_REPRESENTATION_CONTEXT() REPRESENTATION_CONTEXT('2D SPACE',''
  ) );
#2534 = PCURVE('',#805,#2535);
#2535 = DEFINITIONAL_REPRESENTATION('',(#2536),#2540);
#2536 = LINE('',#2537,#2538);
#2537 = CARTESIAN_POINT('',(-5.497787143782,-5.901397363517));
#2538 = VECTOR('',#2539,1.);
#2539 = DIRECTION('',(-1.,-0.));
#2540 = ( GEOMETRIC_REPRESENTATION_CONTEXT(2) 
PARAMETRIC_REPRESENTATION_CONTEXT() REPRESENTATION_CONTEXT('2D SPACE',''
  ) );
#2541 = ORIENTED_EDGE('',*,*,#1647,.T.);
#2542 = ORIENTED_EDGE('',*,*,#2492,.F.);
#2543 = ORIENTED_EDGE('',*,*,#764,.F.);
#2544 = ADVANCED_FACE('',(#2545),#805,.F.);
#2545 = FACE_BOUND('',#2546,.F.);
#2546 = EDGE_LOOP('',(#2547,#2569,#2570,#2571));
#2547 = ORIENTED_EDGE('',*,*,#2548,.T.);
#2548 = EDGE_CURVE('',#791,#1606,#2549,.T.);
#2549 = SURFACE_CURVE('',#2550,(#2555,#2562),.PCURVE_S1.);
#2550 = CIRCLE('',#2551,34.64139361712);
#2551 = AXIS2_PLACEMENT_3D('',#2552,#2553,#2554);
#2552 = CARTESIAN_POINT('',(0.,0.,52.173483705173));
#2553 = DIRECTION('',(0.,0.,1.));
#2554 = DIRECTION('',(0.707106781187,-0.707106781187,0.));
#2555 = PCURVE('',#805,#2556);
#2556 = DEFINITIONAL_REPRESENTATION('',(#2557),#2561);
#2557 = LINE('',#2558,#2559);
#2558 = CARTESIAN_POINT('',(-5.497787143782,-0.));
#2559 = VECTOR('',#2560,1.);
#2560 = DIRECTION('',(-1.,-0.));
#2561 = ( GEOMETRIC_REPRESENTATION_CONTEXT(2) 
PARAMETRIC_REPRESENTATION_CONTEXT() REPRESENTATION_CONTEXT('2D SPACE',''
  ) );
#2562 = PCURVE('',#831,#2563);
#2563 = DEFINITIONAL_REPRESENTATION('',(#2564),#2568);
#2564 = LINE('',#2565,#2566);
#2565 = CARTESIAN_POINT('',(5.497787143782,5.015289029096));
#2566 = VECTOR('',#2567,1.);
#2567 = DIRECTION('',(1.,0.));
#2568 = ( GEOMETRIC_REPRESENTATION_CONTEXT(2) 
PARAMETRIC_REPRESENTATION_CONTEXT() REPRESENTATION_CONTEXT('2D SPACE',''
  ) );
#2569 = ORIENTED_EDGE('',*,*,#1626,.F.);
#2570 = ORIENTED_EDGE('',*,*,#2520,.F.);
#2571 = ORIENTED_EDGE('',*,*,#790,.T.);
#2572 = ADVANCED_FACE('',(#2573),#831,.F.);
#2573 = FACE_BOUND('',#2574,.F.);
#2574 = EDGE_LOOP('',(#2575,#2597,#2598,#2599));
#2575 = ORIENTED_EDGE('',*,*,#2576,.T.);
#2576 = EDGE_CURVE('',#817,#1585,#2577,.T.);
#2577 = SURFACE_CURVE('',#2578,(#2583,#2590),.PCURVE_S1.);
#2578 = CIRCLE('',#2579,29.175483552642);
#2579 = AXIS2_PLACEMENT_3D('',#2580,#2581,#2582);
#2580 = CARTESIAN_POINT('',(0.,0.,47.158194676077));
#2581 = DIRECTION('',(0.,0.,1.));
#2582 = DIRECTION('',(0.707106781187,-0.707106781187,0.));
#2583 = PCURVE('',#831,#2584);
#2584 = DEFINITIONAL_REPRESENTATION('',(#2585),#2589);
#2585 = LINE('',#2586,#2587);
#2586 = CARTESIAN_POINT('',(5.497787143782,0.));
#2587 = VECTOR('',#2588,1.);
#2588 = DIRECTION('',(1.,0.));
#2589 = ( GEOMETRIC_REPRESENTATION_CONTEXT(2) 
PARAMETRIC_REPRESENTATION_CONTEXT() REPRESENTATION_CONTEXT('2D SPACE',''
  ) );
#2590 = PCURVE('',#857,#2591);
#2591 = DEFINITIONAL_REPRESENTATION('',(#2592),#2596);
#2592 = LINE('',#2593,#2594);
#2593 = CARTESIAN_POINT('',(5.497787143782,0.996066323192));
#2594 = VECTOR('',#2595,1.);
#2595 = DIRECTION('',(1.,0.));
#2596 = ( GEOMETRIC_REPRESENTATION_CONTEXT(2) 
PARAMETRIC_REPRESENTATION_CONTEXT() REPRESENTATION_CONTEXT('2D SPACE',''
  ) );
#2597 = ORIENTED_EDGE('',*,*,#1605,.T.);
#2598 = ORIENTED_EDGE('',*,*,#2548,.F.);
#2599 = ORIENTED_EDGE('',*,*,#816,.F.);
#2600 = ADVANCED_FACE('',(#2601),#857,.F.);
#2601 = FACE_BOUND('',#2602,.F.);
#2602 = EDGE_LOOP('',(#2603,#2625,#2626,#2627));
#2603 = ORIENTED_EDGE('',*,*,#2604,.T.);
#2604 = EDGE_CURVE('',#843,#1564,#2605,.T.);
#2605 = SURFACE_CURVE('',#2606,(#2611,#2618),.PCURVE_S1.);
#2606 = CIRCLE('',#2607,29.0868727192);
#2607 = AXIS2_PLACEMENT_3D('',#2608,#2609,#2610);
#2608 = CARTESIAN_POINT('',(0.,0.,46.162128352885));
#2609 = DIRECTION('',(0.,0.,1.));
#2610 = DIRECTION('',(0.707106781187,-0.707106781187,0.));
#2611 = PCURVE('',#857,#2612);
#2612 = DEFINITIONAL_REPRESENTATION('',(#2613),#2617);
#2613 = LINE('',#2614,#2615);
#2614 = CARTESIAN_POINT('',(5.497787143782,0.));
#2615 = VECTOR('',#2616,1.);
#2616 = DIRECTION('',(1.,0.));
#2617 = ( GEOMETRIC_REPRESENTATION_CONTEXT(2) 
PARAMETRIC_REPRESENTATION_CONTEXT() REPRESENTATION_CONTEXT('2D SPACE',''
  ) );
#2618 = PCURVE('',#883,#2619);
#2619 = DEFINITIONAL_REPRESENTATION('',(#2620),#2624);
#2620 = LINE('',#2621,#2622);
#2621 = CARTESIAN_POINT('',(-5.497787143782,-5.901397363517));
#2622 = VECTOR('',#2623,1.);
#2623 = DIRECTION('',(-1.,-0.));
#2624 = ( GEOMETRIC_REPRESENTATION_CONTEXT(2) 
PARAMETRIC_REPRESENTATION_CONTEXT() REPRESENTATION_CONTEXT('2D SPACE',''
  ) );
#2625 = ORIENTED_EDGE('',*,*,#1584,.T.);
#2626 = ORIENTED_EDGE('',*,*,#2576,.F.);
#2627 = ORIENTED_EDGE('',*,*,#842,.F.);
#2628 = ADVANCED_FACE('',(#2629),#883,.F.);
#2629 = FACE_BOUND('',#2630,.F.);
#2630 = EDGE_LOOP('',(#2631,#2653,#2654,#2655));
#2631 = ORIENTED_EDGE('',*,*,#2632,.T.);
#2632 = EDGE_CURVE('',#869,#1543,#2633,.T.);
#2633 = SURFACE_CURVE('',#2634,(#2639,#2646),.PCURVE_S1.);
#2634 = CIRCLE('',#2635,33.58162588664);
#2635 = AXIS2_PLACEMENT_3D('',#2636,#2637,#2638);
#2636 = CARTESIAN_POINT('',(0.,0.,40.260730989368));
#2637 = DIRECTION('',(0.,0.,1.));
#2638 = DIRECTION('',(0.707106781187,-0.707106781187,0.));
#2639 = PCURVE('',#883,#2640);
#2640 = DEFINITIONAL_REPRESENTATION('',(#2641),#2645);
#2641 = LINE('',#2642,#2643);
#2642 = CARTESIAN_POINT('',(-5.497787143782,-0.));
#2643 = VECTOR('',#2644,1.);
#2644 = DIRECTION('',(-1.,-0.));
#2645 = ( GEOMETRIC_REPRESENTATION_CONTEXT(2) 
PARAMETRIC_REPRESENTATION_CONTEXT() REPRESENTATION_CONTEXT('2D SPACE',''
  ) );
#2646 = PCURVE('',#909,#2647);
#2647 = DEFINITIONAL_REPRESENTATION('',(#2648),#2652);
#2648 = LINE('',#2649,#2650);
#2649 = CARTESIAN_POINT('',(5.497787143782,5.015289029096));
#2650 = VECTOR('',#2651,1.);
#2651 = DIRECTION('',(1.,0.));
#2652 = ( GEOMETRIC_REPRESENTATION_CONTEXT(2) 
PARAMETRIC_REPRESENTATION_CONTEXT() REPRESENTATION_CONTEXT('2D SPACE',''
  ) );
#2653 = ORIENTED_EDGE('',*,*,#1563,.F.);
#2654 = ORIENTED_EDGE('',*,*,#2604,.F.);
#2655 = ORIENTED_EDGE('',*,*,#868,.T.);
#2656 = ADVANCED_FACE('',(#2657),#909,.F.);
#2657 = FACE_BOUND('',#2658,.F.);
#2658 = EDGE_LOOP('',(#2659,#2681,#2682,#2683));
#2659 = ORIENTED_EDGE('',*,*,#2660,.T.);
#2660 = EDGE_CURVE('',#895,#1522,#2661,.T.);
#2661 = SURFACE_CURVE('',#2662,(#2667,#2674),.PCURVE_S1.);
#2662 = CIRCLE('',#2663,28.115715822162);
#2663 = AXIS2_PLACEMENT_3D('',#2664,#2665,#2666);
#2664 = CARTESIAN_POINT('',(0.,0.,35.245441960272));
#2665 = DIRECTION('',(0.,0.,1.));
#2666 = DIRECTION('',(0.707106781187,-0.707106781187,0.));
#2667 = PCURVE('',#909,#2668);
#2668 = DEFINITIONAL_REPRESENTATION('',(#2669),#2673);
#2669 = LINE('',#2670,#2671);
#2670 = CARTESIAN_POINT('',(5.497787143782,0.));
#2671 = VECTOR('',#2672,1.);
#2672 = DIRECTION('',(1.,0.));
#2673 = ( GEOMETRIC_REPRESENTATION_CONTEXT(2) 
PARAMETRIC_REPRESENTATION_CONTEXT() REPRESENTATION_CONTEXT('2D SPACE',''
  ) );
#2674 = PCURVE('',#935,#2675);
#2675 = DEFINITIONAL_REPRESENTATION('',(#2676),#2680);
#2676 = LINE('',#2677,#2678);
#2677 = CARTESIAN_POINT('',(5.497787143782,0.996066323192));
#2678 = VECTOR('',#2679,1.);
#2679 = DIRECTION('',(1.,0.));
#2680 = ( GEOMETRIC_REPRESENTATION_CONTEXT(2) 
PARAMETRIC_REPRESENTATION_CONTEXT() REPRESENTATION_CONTEXT('2D SPACE',''
  ) );
#2681 = ORIENTED_EDGE('',*,*,#1542,.T.);
#2682 = ORIENTED_EDGE('',*,*,#2632,.F.);
#2683 = ORIENTED_EDGE('',*,*,#894,.F.);
#2684 = ADVANCED_FACE('',(#2685),#935,.F.);
#2685 = FACE_BOUND('',#2686,.F.);
#2686 = EDGE_LOOP('',(#2687,#2709,#2710,#2711));
#2687 = ORIENTED_EDGE('',*,*,#2688,.T.);
#2688 = EDGE_CURVE('',#921,#1501,#2689,.T.);
#2689 = SURFACE_CURVE('',#2690,(#2695,#2702),.PCURVE_S1.);
#2690 = CIRCLE('',#2691,28.02710498872);
#2691 = AXIS2_PLACEMENT_3D('',#2692,#2693,#2694);
#2692 = CARTESIAN_POINT('',(0.,0.,34.24937563708));
#2693 = DIRECTION('',(0.,0.,1.));
#2694 = DIRECTION('',(0.707106781187,-0.707106781187,0.));
#2695 = PCURVE('',#935,#2696);
#2696 = DEFINITIONAL_REPRESENTATION('',(#2697),#2701);
#2697 = LINE('',#2698,#2699);
#2698 = CARTESIAN_POINT('',(5.497787143782,0.));
#2699 = VECTOR('',#2700,1.);
#2700 = DIRECTION('',(1.,0.));
#2701 = ( GEOMETRIC_REPRESENTATION_CONTEXT(2) 
PARAMETRIC_REPRESENTATION_CONTEXT() REPRESENTATION_CONTEXT('2D SPACE',''
  ) );
#2702 = PCURVE('',#961,#2703);
#2703 = DEFINITIONAL_REPRESENTATION('',(#2704),#2708);
#2704 = LINE('',#2705,#2706);
#2705 = CARTESIAN_POINT('',(-5.497787143782,-5.901397363517));
#2706 = VECTOR('',#2707,1.);
#2707 = DIRECTION('',(-1.,-0.));
#2708 = ( GEOMETRIC_REPRESENTATION_CONTEXT(2) 
PARAMETRIC_REPRESENTATION_CONTEXT() REPRESENTATION_CONTEXT('2D SPACE',''
  ) );
#2709 = ORIENTED_EDGE('',*,*,#1521,.T.);
#2710 = ORIENTED_EDGE('',*,*,#2660,.F.);
#2711 = ORIENTED_EDGE('',*,*,#920,.F.);
#2712 = ADVANCED_FACE('',(#2713),#961,.F.);
#2713 = FACE_BOUND('',#2714,.F.);
#2714 = EDGE_LOOP('',(#2715,#2737,#2738,#2739));
#2715 = ORIENTED_EDGE('',*,*,#2716,.T.);
#2716 = EDGE_CURVE('',#947,#1480,#2717,.T.);
#2717 = SURFACE_CURVE('',#2718,(#2723,#2730),.PCURVE_S1.);
#2718 = CIRCLE('',#2719,32.52185815616);
#2719 = AXIS2_PLACEMENT_3D('',#2720,#2721,#2722);
#2720 = CARTESIAN_POINT('',(0.,0.,28.347978273564));
#2721 = DIRECTION('',(0.,0.,1.));
#2722 = DIRECTION('',(0.707106781187,-0.707106781187,0.));
#2723 = PCURVE('',#961,#2724);
#2724 = DEFINITIONAL_REPRESENTATION('',(#2725),#2729);
#2725 = LINE('',#2726,#2727);
#2726 = CARTESIAN_POINT('',(-5.497787143782,-0.));
#2727 = VECTOR('',#2728,1.);
#2728 = DIRECTION('',(-1.,-0.));
#2729 = ( GEOMETRIC_REPRESENTATION_CONTEXT(2) 
PARAMETRIC_REPRESENTATION_CONTEXT() REPRESENTATION_CONTEXT('2D SPACE',''
  ) );
#2730 = PCURVE('',#987,#2731);
#2731 = DEFINITIONAL_REPRESENTATION('',(#2732),#2736);
#2732 = LINE('',#2733,#2734);
#2733 = CARTESIAN_POINT('',(5.497787143782,4.923275844079));
#2734 = VECTOR('',#2735,1.);
#2735 = DIRECTION('',(1.,0.));
#2736 = ( GEOMETRIC_REPRESENTATION_CONTEXT(2) 
PARAMETRIC_REPRESENTATION_CONTEXT() REPRESENTATION_CONTEXT('2D SPACE',''
  ) );
#2737 = ORIENTED_EDGE('',*,*,#1500,.F.);
#2738 = ORIENTED_EDGE('',*,*,#2688,.F.);
#2739 = ORIENTED_EDGE('',*,*,#946,.T.);
#2740 = ADVANCED_FACE('',(#2741),#987,.F.);
#2741 = FACE_BOUND('',#2742,.F.);
#2742 = EDGE_LOOP('',(#2743,#2765,#2766,#2767));
#2743 = ORIENTED_EDGE('',*,*,#2744,.T.);
#2744 = EDGE_CURVE('',#973,#1459,#2745,.T.);
#2745 = SURFACE_CURVE('',#2746,(#2751,#2758),.PCURVE_S1.);
#2746 = CIRCLE('',#2747,27.242505940136);
#2747 = AXIS2_PLACEMENT_3D('',#2748,#2749,#2750);
#2748 = CARTESIAN_POINT('',(0.,0.,23.424702429485));
#2749 = DIRECTION('',(0.,0.,1.));
#2750 = DIRECTION('',(0.707106781187,-0.707106781187,0.));
#2751 = PCURVE('',#987,#2752);
#2752 = DEFINITIONAL_REPRESENTATION('',(#2753),#2757);
#2753 = LINE('',#2754,#2755);
#2754 = CARTESIAN_POINT('',(5.497787143782,0.));
#2755 = VECTOR('',#2756,1.);
#2756 = DIRECTION('',(1.,0.));
#2757 = ( GEOMETRIC_REPRESENTATION_CONTEXT(2) 
PARAMETRIC_REPRESENTATION_CONTEXT() REPRESENTATION_CONTEXT('2D SPACE',''
  ) );
#2758 = PCURVE('',#1013,#2759);
#2759 = DEFINITIONAL_REPRESENTATION('',(#2760),#2764);
#2760 = LINE('',#2761,#2762);
#2761 = CARTESIAN_POINT('',(5.497787143782,0.884919162468));
#2762 = VECTOR('',#2763,1.);
#2763 = DIRECTION('',(1.,0.));
#2764 = ( GEOMETRIC_REPRESENTATION_CONTEXT(2) 
PARAMETRIC_REPRESENTATION_CONTEXT() REPRESENTATION_CONTEXT('2D SPACE',''
  ) );
#2765 = ORIENTED_EDGE('',*,*,#1479,.T.);
#2766 = ORIENTED_EDGE('',*,*,#2716,.F.);
#2767 = ORIENTED_EDGE('',*,*,#972,.F.);
#2768 = ADVANCED_FACE('',(#2769),#1013,.F.);
#2769 = FACE_BOUND('',#2770,.F.);
#2770 = EDGE_LOOP('',(#2771,#2793,#2794,#2795));
#2771 = ORIENTED_EDGE('',*,*,#2772,.T.);
#2772 = EDGE_CURVE('',#999,#1438,#2773,.T.);
#2773 = SURFACE_CURVE('',#2774,(#2779,#2786),.PCURVE_S1.);
#2774 = CIRCLE('',#2775,27.135832212206);
#2775 = AXIS2_PLACEMENT_3D('',#2776,#2777,#2778);
#2776 = CARTESIAN_POINT('',(0.,0.,22.539783267016));
#2777 = DIRECTION('',(0.,0.,1.));
#2778 = DIRECTION('',(0.707106781187,-0.707106781187,0.));
#2779 = PCURVE('',#1013,#2780);
#2780 = DEFINITIONAL_REPRESENTATION('',(#2781),#2785);
#2781 = LINE('',#2782,#2783);
#2782 = CARTESIAN_POINT('',(5.497787143782,0.));
#2783 = VECTOR('',#2784,1.);
#2784 = DIRECTION('',(1.,0.));
#2785 = ( GEOMETRIC_REPRESENTATION_CONTEXT(2) 
PARAMETRIC_REPRESENTATION_CONTEXT() REPRESENTATION_CONTEXT('2D SPACE',''
  ) );
#2786 = PCURVE('',#1039,#2787);
#2787 = DEFINITIONAL_REPRESENTATION('',(#2788),#2792);
#2788 = LINE('',#2789,#2790);
#2789 = CARTESIAN_POINT('',(-5.497787143782,-6.026824174671));
#2790 = VECTOR('',#2791,1.);
#2791 = DIRECTION('',(-1.,-0.));
#2792 = ( GEOMETRIC_REPRESENTATION_CONTEXT(2) 
PARAMETRIC_REPRESENTATION_CONTEXT() REPRESENTATION_CONTEXT('2D SPACE',''
  ) );
#2793 = ORIENTED_EDGE('',*,*,#1458,.T.);
#2794 = ORIENTED_EDGE('',*,*,#2744,.F.);
#2795 = ORIENTED_EDGE('',*,*,#998,.F.);
#2796 = ADVANCED_FACE('',(#2797),#1039,.F.);
#2797 = FACE_BOUND('',#2798,.F.);
#2798 = EDGE_LOOP('',(#2799,#2821,#2822,#2823));
#2799 = ORIENTED_EDGE('',*,*,#2800,.T.);
#2800 = EDGE_CURVE('',#1025,#1417,#2801,.T.);
#2801 = SURFACE_CURVE('',#2802,(#2807,#2814),.PCURVE_S1.);
#2802 = CIRCLE('',#2803,31.039108831047);
#2803 = AXIS2_PLACEMENT_3D('',#2804,#2805,#2806);
#2804 = CARTESIAN_POINT('',(0.,0.,16.512959092346));
#2805 = DIRECTION('',(0.,0.,1.));
#2806 = DIRECTION('',(0.707106781187,-0.707106781187,0.));
#2807 = PCURVE('',#1039,#2808);
#2808 = DEFINITIONAL_REPRESENTATION('',(#2809),#2813);
#2809 = LINE('',#2810,#2811);
#2810 = CARTESIAN_POINT('',(-5.497787143782,-0.));
#2811 = VECTOR('',#2812,1.);
#2812 = DIRECTION('',(-1.,-0.));
#2813 = ( GEOMETRIC_REPRESENTATION_CONTEXT(2) 
PARAMETRIC_REPRESENTATION_CONTEXT() REPRESENTATION_CONTEXT('2D SPACE',''
  ) );
#2814 = PCURVE('',#1065,#2815);
#2815 = DEFINITIONAL_REPRESENTATION('',(#2816),#2820);
#2816 = LINE('',#2817,#2818);
#2817 = CARTESIAN_POINT('',(5.497787143782,3.175887558276));
#2818 = VECTOR('',#2819,1.);
#2819 = DIRECTION('',(1.,0.));
#2820 = ( GEOMETRIC_REPRESENTATION_CONTEXT(2) 
PARAMETRIC_REPRESENTATION_CONTEXT() REPRESENTATION_CONTEXT('2D SPACE',''
  ) );
#2821 = ORIENTED_EDGE('',*,*,#1437,.F.);
#2822 = ORIENTED_EDGE('',*,*,#2772,.F.);
#2823 = ORIENTED_EDGE('',*,*,#1024,.T.);
#2824 = ADVANCED_FACE('',(#2825),#1065,.F.);
#2825 = FACE_BOUND('',#2826,.F.);
#2826 = EDGE_LOOP('',(#2827,#2849,#2850,#2851));
#2827 = ORIENTED_EDGE('',*,*,#2828,.T.);
#2828 = EDGE_CURVE('',#1051,#1396,#2829,.T.);
#2829 = SURFACE_CURVE('',#2830,(#2835,#2842),.PCURVE_S1.);
#2830 = CIRCLE('',#2831,24.670187555142);
#2831 = AXIS2_PLACEMENT_3D('',#2832,#2833,#2834);
#2832 = CARTESIAN_POINT('',(0.,0.,13.337071534069));
#2833 = DIRECTION('',(0.,0.,1.));
#2834 = DIRECTION('',(0.707106781187,-0.707106781187,0.));
#2835 = PCURVE('',#1065,#2836);
#2836 = DEFINITIONAL_REPRESENTATION('',(#2837),#2841);
#2837 = LINE('',#2838,#2839);
#2838 = CARTESIAN_POINT('',(5.497787143782,0.));
#2839 = VECTOR('',#2840,1.);
#2840 = DIRECTION('',(1.,0.));
#2841 = ( GEOMETRIC_REPRESENTATION_CONTEXT(2) 
PARAMETRIC_REPRESENTATION_CONTEXT() REPRESENTATION_CONTEXT('2D SPACE',''
  ) );
#2842 = PCURVE('',#1091,#2843);
#2843 = DEFINITIONAL_REPRESENTATION('',(#2844),#2848);
#2844 = LINE('',#2845,#2846);
#2845 = CARTESIAN_POINT('',(5.497787143782,0.764597554851));
#2846 = VECTOR('',#2847,1.);
#2847 = DIRECTION('',(1.,0.));
#2848 = ( GEOMETRIC_REPRESENTATION_CONTEXT(2) 
PARAMETRIC_REPRESENTATION_CONTEXT() REPRESENTATION_CONTEXT('2D SPACE',''
  ) );
#2849 = ORIENTED_EDGE('',*,*,#1416,.T.);
#2850 = ORIENTED_EDGE('',*,*,#2800,.F.);
#2851 = ORIENTED_EDGE('',*,*,#1050,.F.);
#2852 = ADVANCED_FACE('',(#2853),#1091,.F.);
#2853 = FACE_BOUND('',#2854,.F.);
#2854 = EDGE_LOOP('',(#2855,#2877,#2878,#2879));
#2855 = ORIENTED_EDGE('',*,*,#2856,.T.);
#2856 = EDGE_CURVE('',#1077,#1375,#2857,.T.);
#2857 = SURFACE_CURVE('',#2858,(#2863,#2870),.PCURVE_S1.);
#2858 = CIRCLE('',#2859,24.322336505468);
#2859 = AXIS2_PLACEMENT_3D('',#2860,#2861,#2862);
#2860 = CARTESIAN_POINT('',(0.,0.,12.572473979218));
#2861 = DIRECTION('',(0.,0.,1.));
#2862 = DIRECTION('',(0.707106781187,-0.707106781187,0.));
#2863 = PCURVE('',#1091,#2864);
#2864 = DEFINITIONAL_REPRESENTATION('',(#2865),#2869);
#2865 = LINE('',#2866,#2867);
#2866 = CARTESIAN_POINT('',(5.497787143782,0.));
#2867 = VECTOR('',#2868,1.);
#2868 = DIRECTION('',(1.,0.));
#2869 = ( GEOMETRIC_REPRESENTATION_CONTEXT(2) 
PARAMETRIC_REPRESENTATION_CONTEXT() REPRESENTATION_CONTEXT('2D SPACE',''
  ) );
#2870 = PCURVE('',#1117,#2871);
#2871 = DEFINITIONAL_REPRESENTATION('',(#2872),#2876);
#2872 = LINE('',#2873,#2874);
#2873 = CARTESIAN_POINT('',(-5.497787143782,-6.825234793088));
#2874 = VECTOR('',#2875,1.);
#2875 = DIRECTION('',(-1.,-0.));
#2876 = ( GEOMETRIC_REPRESENTATION_CONTEXT(2) 
PARAMETRIC_REPRESENTATION_CONTEXT() REPRESENTATION_CONTEXT('2D SPACE',''
  ) );
#2877 = ORIENTED_EDGE('',*,*,#1395,.T.);
#2878 = ORIENTED_EDGE('',*,*,#2828,.F.);
#2879 = ORIENTED_EDGE('',*,*,#1076,.F.);
#2880 = ADVANCED_FACE('',(#2881),#1117,.F.);
#2881 = FACE_BOUND('',#2882,.F.);
#2882 = EDGE_LOOP('',(#2883,#2905,#2906,#2907));
#2883 = ORIENTED_EDGE('',*,*,#2884,.T.);
#2884 = EDGE_CURVE('',#1103,#1354,#2885,.T.);
#2885 = SURFACE_CURVE('',#2886,(#2891,#2898),.PCURVE_S1.);
#2886 = CIRCLE('',#2887,26.008923600264);
#2887 = AXIS2_PLACEMENT_3D('',#2888,#2889,#2890);
#2888 = CARTESIAN_POINT('',(0.,0.,5.74723918613));
#2889 = DIRECTION('',(0.,0.,1.));
#2890 = DIRECTION('',(0.707106781187,-0.707106781187,0.));
#2891 = PCURVE('',#1117,#2892);
#2892 = DEFINITIONAL_REPRESENTATION('',(#2893),#2897);
#2893 = LINE('',#2894,#2895);
#2894 = CARTESIAN_POINT('',(-5.497787143782,-0.));
#2895 = VECTOR('',#2896,1.);
#2896 = DIRECTION('',(-1.,-0.));
#2897 = ( GEOMETRIC_REPRESENTATION_CONTEXT(2) 
PARAMETRIC_REPRESENTATION_CONTEXT() REPRESENTATION_CONTEXT('2D SPACE',''
  ) );
#2898 = PCURVE('',#1143,#2899);
#2899 = DEFINITIONAL_REPRESENTATION('',(#2900),#2904);
#2900 = LINE('',#2901,#2902);
#2901 = CARTESIAN_POINT('',(-5.497787143782,0.370618189548));
#2902 = VECTOR('',#2903,1.);
#2903 = DIRECTION('',(-1.,0.));
#2904 = ( GEOMETRIC_REPRESENTATION_CONTEXT(2) 
PARAMETRIC_REPRESENTATION_CONTEXT() REPRESENTATION_CONTEXT('2D SPACE',''
  ) );
#2905 = ORIENTED_EDGE('',*,*,#1374,.F.);
#2906 = ORIENTED_EDGE('',*,*,#2856,.F.);
#2907 = ORIENTED_EDGE('',*,*,#1102,.T.);
#2908 = ADVANCED_FACE('',(#2909),#1143,.T.);
#2909 = FACE_BOUND('',#2910,.F.);
#2910 = EDGE_LOOP('',(#2911,#2933,#2934,#2935));
#2911 = ORIENTED_EDGE('',*,*,#2912,.T.);
#2912 = EDGE_CURVE('',#1129,#1333,#2913,.T.);
#2913 = SURFACE_CURVE('',#2914,(#2919,#2926),.PCURVE_S1.);
#2914 = CIRCLE('',#2915,19.28402781052);
#2915 = AXIS2_PLACEMENT_3D('',#2916,#2917,#2918);
#2916 = CARTESIAN_POINT('',(0.,0.,6.117857375678));
#2917 = DIRECTION('',(0.,0.,1.));
#2918 = DIRECTION('',(0.707106781187,-0.707106781187,0.));
#2919 = PCURVE('',#1143,#2920);
#2920 = DEFINITIONAL_REPRESENTATION('',(#2921),#2925);
#2921 = LINE('',#2922,#2923);
#2922 = CARTESIAN_POINT('',(-5.497787143782,0.));
#2923 = VECTOR('',#2924,1.);
#2924 = DIRECTION('',(-1.,0.));
#2925 = ( GEOMETRIC_REPRESENTATION_CONTEXT(2) 
PARAMETRIC_REPRESENTATION_CONTEXT() REPRESENTATION_CONTEXT('2D SPACE',''
  ) );
#2926 = PCURVE('',#1169,#2927);
#2927 = DEFINITIONAL_REPRESENTATION('',(#2928),#2932);
#2928 = LINE('',#2929,#2930);
#2929 = CARTESIAN_POINT('',(5.497787143782,0.325990966998));
#2930 = VECTOR('',#2931,1.);
#2931 = DIRECTION('',(1.,0.));
#2932 = ( GEOMETRIC_REPRESENTATION_CONTEXT(2) 
PARAMETRIC_REPRESENTATION_CONTEXT() REPRESENTATION_CONTEXT('2D SPACE',''
  ) );
#2933 = ORIENTED_EDGE('',*,*,#1353,.T.);
#2934 = ORIENTED_EDGE('',*,*,#2884,.F.);
#2935 = ORIENTED_EDGE('',*,*,#1128,.F.);
#2936 = ADVANCED_FACE('',(#2937),#1169,.F.);
#2937 = FACE_BOUND('',#2938,.F.);
#2938 = EDGE_LOOP('',(#2939,#2961,#2962,#2963));
#2939 = ORIENTED_EDGE('',*,*,#2940,.T.);
#2940 = EDGE_CURVE('',#1155,#1312,#2941,.T.);
#2941 = SURFACE_CURVE('',#2942,(#2947,#2954),.PCURVE_S1.);
#2942 = CIRCLE('',#2943,18.758216945635);
#2943 = AXIS2_PLACEMENT_3D('',#2944,#2945,#2946);
#2944 = CARTESIAN_POINT('',(0.,0.,5.791866408681));
#2945 = DIRECTION('',(0.,0.,1.));
#2946 = DIRECTION('',(0.707106781187,-0.707106781187,0.));
#2947 = PCURVE('',#1169,#2948);
#2948 = DEFINITIONAL_REPRESENTATION('',(#2949),#2953);
#2949 = LINE('',#2950,#2951);
#2950 = CARTESIAN_POINT('',(5.497787143782,0.));
#2951 = VECTOR('',#2952,1.);
#2952 = DIRECTION('',(1.,0.));
#2953 = ( GEOMETRIC_REPRESENTATION_CONTEXT(2) 
PARAMETRIC_REPRESENTATION_CONTEXT() REPRESENTATION_CONTEXT('2D SPACE',''
  ) );
#2954 = PCURVE('',#1193,#2955);
#2955 = DEFINITIONAL_REPRESENTATION('',(#2956),#2960);
#2956 = LINE('',#2957,#2958);
#2957 = CARTESIAN_POINT('',(5.497787143782,5.791866408681));
#2958 = VECTOR('',#2959,1.);
#2959 = DIRECTION('',(1.,0.));
#2960 = ( GEOMETRIC_REPRESENTATION_CONTEXT(2) 
PARAMETRIC_REPRESENTATION_CONTEXT() REPRESENTATION_CONTEXT('2D SPACE',''
  ) );
#2961 = ORIENTED_EDGE('',*,*,#1332,.T.);
#2962 = ORIENTED_EDGE('',*,*,#2912,.F.);
#2963 = ORIENTED_EDGE('',*,*,#1154,.F.);
#2964 = ADVANCED_FACE('',(#2965),#1193,.F.);
#2965 = FACE_BOUND('',#2966,.F.);
#2966 = EDGE_LOOP('',(#2967,#2989,#2990,#2991));
#2967 = ORIENTED_EDGE('',*,*,#2968,.T.);
#2968 = EDGE_CURVE('',#304,#1288,#2969,.T.);
#2969 = SURFACE_CURVE('',#2970,(#2975,#2982),.PCURVE_S1.);
#2970 = CIRCLE('',#2971,16.714333709813);
#2971 = AXIS2_PLACEMENT_3D('',#2972,#2973,#2974);
#2972 = CARTESIAN_POINT('',(0.,0.,1.5));
#2973 = DIRECTION('',(0.,0.,1.));
#2974 = DIRECTION('',(0.707106781187,-0.707106781187,0.));
#2975 = PCURVE('',#1193,#2976);
#2976 = DEFINITIONAL_REPRESENTATION('',(#2977),#2981);
#2977 = LINE('',#2978,#2979);
#2978 = CARTESIAN_POINT('',(5.497787143782,1.5));
#2979 = VECTOR('',#2980,1.);
#2980 = DIRECTION('',(1.,0.));
#2981 = ( GEOMETRIC_REPRESENTATION_CONTEXT(2) 
PARAMETRIC_REPRESENTATION_CONTEXT() REPRESENTATION_CONTEXT('2D SPACE',''
  ) );
#2982 = PCURVE('',#45,#2983);
#2983 = DEFINITIONAL_REPRESENTATION('',(#2984),#2988);
#2984 = CIRCLE('',#2985,16.714333709813);
#2985 = AXIS2_PLACEMENT_2D('',#2986,#2987);
#2986 = CARTESIAN_POINT('',(0.,0.));
#2987 = DIRECTION('',(0.707106781187,-0.707106781187));
#2988 = ( GEOMETRIC_REPRESENTATION_CONTEXT(2) 
PARAMETRIC_REPRESENTATION_CONTEXT() REPRESENTATION_CONTEXT('2D SPACE',''
  ) );
#2989 = ORIENTED_EDGE('',*,*,#1311,.T.);
#2990 = ORIENTED_EDGE('',*,*,#2940,.F.);
#2991 = ORIENTED_EDGE('',*,*,#1180,.F.);
#2992 = ADVANCED_FACE('',(#2993),#107,.T.);
#2993 = FACE_BOUND('',#2994,.T.);
#2994 = EDGE_LOOP('',(#2995,#2996,#2997,#3017,#3018,#3019,#3020,#3021));
#2995 = ORIENTED_EDGE('',*,*,#180,.T.);
#2996 = ORIENTED_EDGE('',*,*,#90,.F.);
#2997 = ORIENTED_EDGE('',*,*,#2998,.T.);
#2998 = EDGE_CURVE('',#58,#2056,#2999,.T.);
#2999 = SURFACE_CURVE('',#3000,(#3004,#3011),.PCURVE_S1.);
#3000 = LINE('',#3001,#3002);
#3001 = CARTESIAN_POINT('',(212.13203435596,214.63203435596,123.65));
#3002 = VECTOR('',#3003,1.);
#3003 = DIRECTION('',(-0.707106781187,-0.707106781187,0.));
#3004 = PCURVE('',#107,#3005);
#3005 = DEFINITIONAL_REPRESENTATION('',(#3006),#3010);
#3006 = LINE('',#3007,#3008);
#3007 = CARTESIAN_POINT('',(212.13203435596,214.63203435596));
#3008 = VECTOR('',#3009,1.);
#3009 = DIRECTION('',(-0.707106781187,-0.707106781187));
#3010 = ( GEOMETRIC_REPRESENTATION_CONTEXT(2) 
PARAMETRIC_REPRESENTATION_CONTEXT() REPRESENTATION_CONTEXT('2D SPACE',''
  ) );
#3011 = PCURVE('',#78,#3012);
#3012 = DEFINITIONAL_REPRESENTATION('',(#3013),#3016);
#3013 = B_SPLINE_CURVE_WITH_KNOTS('',1,(#3014,#3015),.UNSPECIFIED.,.F.,
  .F.,(2,2),(0.,256.5),.PIECEWISE_BEZIER_KNOTS.);
#3014 = CARTESIAN_POINT('',(131.08723876208,-61.9384306682));
#3015 = CARTESIAN_POINT('',(-125.4127612379,-61.9384306682));
#3016 = ( GEOMETRIC_REPRESENTATION_CONTEXT(2) 
PARAMETRIC_REPRESENTATION_CONTEXT() REPRESENTATION_CONTEXT('2D SPACE',''
  ) );
#3017 = ORIENTED_EDGE('',*,*,#2055,.T.);
#3018 = ORIENTED_EDGE('',*,*,#1982,.T.);
#3019 = ORIENTED_EDGE('',*,*,#1257,.T.);
#3020 = ORIENTED_EDGE('',*,*,#326,.T.);
#3021 = ORIENTED_EDGE('',*,*,#253,.T.);
#3022 = ADVANCED_FACE('',(#3023),#78,.T.);
#3023 = FACE_BOUND('',#3024,.T.);
#3024 = EDGE_LOOP('',(#3025,#3045,#3046,#3047));
#3025 = ORIENTED_EDGE('',*,*,#3026,.F.);
#3026 = EDGE_CURVE('',#2033,#24,#3027,.T.);
#3027 = SURFACE_CURVE('',#3028,(#3032,#3038),.PCURVE_S1.);
#3028 = LINE('',#3029,#3030);
#3029 = CARTESIAN_POINT('',(23.075327540925,25.575327540925,1.5));
#3030 = VECTOR('',#3031,1.);
#3031 = DIRECTION('',(0.707106781187,0.707106781187,0.));
#3032 = PCURVE('',#78,#3033);
#3033 = DEFINITIONAL_REPRESENTATION('',(#3034),#3037);
#3034 = B_SPLINE_CURVE_WITH_KNOTS('',1,(#3035,#3036),.UNSPECIFIED.,.F.,
  .F.,(2,2),(0.,267.36655883542),.PIECEWISE_BEZIER_KNOTS.);
#3035 = CARTESIAN_POINT('',(-136.2793200733,60.211569331794));
#3036 = CARTESIAN_POINT('',(131.08723876208,60.211569331794));
#3037 = ( GEOMETRIC_REPRESENTATION_CONTEXT(2) 
PARAMETRIC_REPRESENTATION_CONTEXT() REPRESENTATION_CONTEXT('2D SPACE',''
  ) );
#3038 = PCURVE('',#45,#3039);
#3039 = DEFINITIONAL_REPRESENTATION('',(#3040),#3044);
#3040 = LINE('',#3041,#3042);
#3041 = CARTESIAN_POINT('',(23.075327540925,25.575327540925));
#3042 = VECTOR('',#3043,1.);
#3043 = DIRECTION('',(0.707106781187,0.707106781187));
#3044 = ( GEOMETRIC_REPRESENTATION_CONTEXT(2) 
PARAMETRIC_REPRESENTATION_CONTEXT() REPRESENTATION_CONTEXT('2D SPACE',''
  ) );
#3045 = ORIENTED_EDGE('',*,*,#2077,.T.);
#3046 = ORIENTED_EDGE('',*,*,#2998,.F.);
#3047 = ORIENTED_EDGE('',*,*,#57,.F.);
#3048 = ADVANCED_FACE('',(#3049),#45,.F.);
#3049 = FACE_BOUND('',#3050,.F.);
#3050 = EDGE_LOOP('',(#3051,#3052,#3053,#3054,#3055,#3056,#3057,#3058));
#3051 = ORIENTED_EDGE('',*,*,#21,.T.);
#3052 = ORIENTED_EDGE('',*,*,#3026,.F.);
#3053 = ORIENTED_EDGE('',*,*,#2032,.F.);
#3054 = ORIENTED_EDGE('',*,*,#1287,.F.);
#3055 = ORIENTED_EDGE('',*,*,#2968,.F.);
#3056 = ORIENTED_EDGE('',*,*,#303,.F.);
#3057 = ORIENTED_EDGE('',*,*,#230,.F.);
#3058 = ORIENTED_EDGE('',*,*,#157,.F.);
#3059 = ( GEOMETRIC_REPRESENTATION_CONTEXT(3) 
GLOBAL_UNCERTAINTY_ASSIGNED_CONTEXT((#3063)) 
GLOBAL_UNIT_ASSIGNED_CONTEXT((#3060,#3061,#3062)) REPRESENTATION_CONTEXT
('Context #1','3D Context with UNIT and UNCERTAINTY') );
#3060 = ( LENGTH_UNIT() NAMED_UNIT(*) SI_UNIT(.MILLI.,.METRE.) );
#3061 = ( NAMED_UNIT(*) PLANE_ANGLE_UNIT() SI_UNIT($,.RADIAN.) );
#3062 = ( NAMED_UNIT(*) SI_UNIT($,.STERADIAN.) SOLID_ANGLE_UNIT() );
#3063 = UNCERTAINTY_MEASURE_WITH_UNIT(LENGTH_MEASURE(1.E-07),#3060,
  'distance_accuracy_value','confusion accuracy');
#3064 = PRODUCT_RELATED_PRODUCT_CATEGORY('part',$,(#7));
ENDSEC;
END-ISO-10303-21;
