ISO-10303-21;
HEADER;
FILE_DESCRIPTION(('Open CASCADE Model'),'2;1');
FILE_NAME('Open CASCADE Shape Model','2026-10-08T04:03:22',('Author'),(
    'Open CASCADE'),'Open CASCADE STEP processor 8.0','build123d',
  'Unknown');
FILE_SCHEMA(('AUTOMOTIVE_DESIGN { 1 0 10303 214 1 1 1 1 }'));
ENDSEC;
DATA;
#1 = APPLICATION_PROTOCOL_DEFINITION('international standard',
  'automotive_design',2000,#2);
#2 = APPLICATION_CONTEXT(
  'core data for automotive mechanical design processes');
#3 = SHAPE_DEFINITION_REPRESENTATION(#4,#10);
#4 = PRODUCT_DEFINITION_SHAPE('','',#5);
#5 = PRODUCT_DEFINITION('design','',#6,#9);
#6 = PRODUCT_DEFINITION_FORMATION('','',#7);
#7 = PRODUCT('SOLID','SOLID','',(#8));
#8 = PRODUCT_CONTEXT('',#2,'mechanical');
#9 = PRODUCT_DEFINITION_CONTEXT('part definition',#2,'design');
#10 = ADVANCED_BREP_SHAPE_REPRESENTATION('',(#11,#15),#9651);
#11 = AXIS2_PLACEMENT_3D('',#12,#13,#14);
#12 = CARTESIAN_POINT('',(0.,0.,0.));
#13 = DIRECTION('',(0.,0.,1.));
#14 = DIRECTION('',(1.,0.,-0.));
#15 = MANIFOLD_SOLID_BREP('',#16);
#16 = CLOSED_SHELL('',(#17,#153,#226,#299,#472,#2911,#2966,#2970,#3025,
    #3029,#3084,#3088,#3143,#3147,#3202,#3206,#5694,#5749,#5753,#5808,
    #5812,#5867,#5871,#5926,#5930,#5985,#5989,#6154,#6222,#7802,#7857,
    #7861,#7916,#7920,#9464,#9519,#9523,#9578,#9582,#9613,#9639));
#17 = ADVANCED_FACE('',(#18),#33,.T.);
#18 = FACE_BOUND('',#19,.T.);
#19 = EDGE_LOOP('',(#20,#56,#89,#122));
#20 = ORIENTED_EDGE('',*,*,#21,.T.);
#21 = EDGE_CURVE('',#22,#24,#26,.T.);
#22 = VERTEX_POINT('',#23);
#23 = CARTESIAN_POINT('',(26.06162719437,-23.56162719437,1.5));
#24 = VERTEX_POINT('',#25);
#25 = CARTESIAN_POINT('',(23.56162719437,26.06162719437,1.5));
#26 = SURFACE_CURVE('',#27,(#32,#44),.PCURVE_S1.);
#27 = CIRCLE('',#28,35.133441164577);
#28 = AXIS2_PLACEMENT_3D('',#29,#30,#31);
#29 = CARTESIAN_POINT('',(0.,0.,1.5));
#30 = DIRECTION('',(0.,0.,1.));
#31 = DIRECTION('',(0.741789768679,-0.670632491819,0.));
#32 = PCURVE('',#33,#38);
#33 = CONICAL_SURFACE('',#34,35.133441164577,8.872720536395E-02);
#34 = AXIS2_PLACEMENT_3D('',#35,#36,#37);
#35 = CARTESIAN_POINT('',(0.,0.,1.5));
#36 = DIRECTION('',(0.,0.,1.));
#37 = DIRECTION('',(1.,0.,-0.));
#38 = DEFINITIONAL_REPRESENTATION('',(#39),#43);
#39 = LINE('',#40,#41);
#40 = CARTESIAN_POINT('',(5.548124191577,0.));
#41 = VECTOR('',#42,1.);
#42 = DIRECTION('',(1.,0.));
#43 = ( GEOMETRIC_REPRESENTATION_CONTEXT(2) 
PARAMETRIC_REPRESENTATION_CONTEXT() REPRESENTATION_CONTEXT('2D SPACE',''
  ) );
#44 = PCURVE('',#45,#50);
#45 = PLANE('',#46);
#46 = AXIS2_PLACEMENT_3D('',#47,#48,#49);
#47 = CARTESIAN_POINT('',(0.,0.,1.5));
#48 = DIRECTION('',(0.,0.,1.));
#49 = DIRECTION('',(1.,0.,-0.));
#50 = DEFINITIONAL_REPRESENTATION('',(#51),#55);
#51 = CIRCLE('',#52,35.133441164577);
#52 = AXIS2_PLACEMENT_2D('',#53,#54);
#53 = CARTESIAN_POINT('',(0.,0.));
#54 = DIRECTION('',(0.741789768679,-0.670632491819));
#55 = ( GEOMETRIC_REPRESENTATION_CONTEXT(2) 
PARAMETRIC_REPRESENTATION_CONTEXT() REPRESENTATION_CONTEXT('2D SPACE',''
  ) );
#56 = ORIENTED_EDGE('',*,*,#57,.T.);
#57 = EDGE_CURVE('',#24,#58,#60,.T.);
#58 = VERTEX_POINT('',#59);
#59 = CARTESIAN_POINT('',(31.252884487381,33.75288448738,123.65));
#60 = SURFACE_CURVE('',#61,(#66,#77),.PCURVE_S1.);
#61 = HYPERBOLA('',#62,19.871307612208,1.767766952966);
#62 = AXIS2_PLACEMENT_3D('',#63,#64,#65);
#63 = CARTESIAN_POINT('',(-1.25,1.25,-393.4318181818));
#64 = DIRECTION('',(-0.707106781187,0.707106781187,0.));
#65 = DIRECTION('',(0.,0.,1.));
#66 = PCURVE('',#33,#67);
#67 = DEFINITIONAL_REPRESENTATION('',(#68),#76);
#68 = B_SPLINE_CURVE_WITH_KNOTS('',6,(#69,#70,#71,#72,#73,#74,#75),
  .UNSPECIFIED.,.F.,.F.,(7,7),(3.681949934117,3.951702020037),
  .PIECEWISE_BEZIER_KNOTS.);
#69 = CARTESIAN_POINT('',(7.118920518372,1.698184146319E-13));
#70 = CARTESIAN_POINT('',(7.116658386686,17.733123624453));
#71 = CARTESIAN_POINT('',(7.11451814336,36.424170064682));
#72 = CARTESIAN_POINT('',(7.112491599757,56.137657522747));
#73 = CARTESIAN_POINT('',(7.110571295012,76.943914678342));
#74 = CARTESIAN_POINT('',(7.108750401707,98.919856154505));
#75 = CARTESIAN_POINT('',(7.107022652348,122.15));
#76 = ( GEOMETRIC_REPRESENTATION_CONTEXT(2) 
PARAMETRIC_REPRESENTATION_CONTEXT() REPRESENTATION_CONTEXT('2D SPACE',''
  ) );
#77 = PCURVE('',#78,#83);
#78 = PLANE('',#79);
#79 = AXIS2_PLACEMENT_3D('',#80,#81,#82);
#80 = CARTESIAN_POINT('',(119.43935890027,121.93935890027,
    61.711569331794));
#81 = DIRECTION('',(-0.707106781187,0.707106781187,0.));
#82 = DIRECTION('',(0.707106781187,0.707106781187,0.));
#83 = DEFINITIONAL_REPRESENTATION('',(#84),#88);
#84 = ( BOUNDED_CURVE() B_SPLINE_CURVE(2,(#85,#86,#87),.UNSPECIFIED.,.F.
,.F.) B_SPLINE_CURVE_WITH_KNOTS((3,3),(3.681949934117,3.951702020037),
.PIECEWISE_BEZIER_KNOTS.) CURVE() GEOMETRIC_REPRESENTATION_ITEM() 
RATIONAL_B_SPLINE_CURVE((1.,1.009109570696,1.)) REPRESENTATION_ITEM('') 
  );
#85 = CARTESIAN_POINT('',(-135.591588508,60.211569331794));
#86 = CARTESIAN_POINT('',(-130.8814559421,7.332461181644));
#87 = CARTESIAN_POINT('',(-124.7145081325,-61.9384306682));
#88 = ( GEOMETRIC_REPRESENTATION_CONTEXT(2) 
PARAMETRIC_REPRESENTATION_CONTEXT() REPRESENTATION_CONTEXT('2D SPACE',''
  ) );
#89 = ORIENTED_EDGE('',*,*,#90,.T.);
#90 = EDGE_CURVE('',#58,#91,#93,.T.);
#91 = VERTEX_POINT('',#92);
#92 = CARTESIAN_POINT('',(33.75288448738,-31.25288448738,123.65));
#93 = SURFACE_CURVE('',#94,(#99,#106),.PCURVE_S1.);
#94 = CIRCLE('',#95,46.);
#95 = AXIS2_PLACEMENT_3D('',#96,#97,#98);
#96 = CARTESIAN_POINT('',(0.,0.,123.65));
#97 = DIRECTION('',(0.,0.,-1.));
#98 = DIRECTION('',(0.679410532334,0.733758358421,0.));
#99 = PCURVE('',#33,#100);
#100 = DEFINITIONAL_REPRESENTATION('',(#101),#105);
#101 = LINE('',#102,#103);
#102 = CARTESIAN_POINT('',(7.107022652348,122.15));
#103 = VECTOR('',#104,1.);
#104 = DIRECTION('',(-1.,-0.));
#105 = ( GEOMETRIC_REPRESENTATION_CONTEXT(2) 
PARAMETRIC_REPRESENTATION_CONTEXT() REPRESENTATION_CONTEXT('2D SPACE',''
  ) );
#106 = PCURVE('',#107,#112);
#107 = PLANE('',#108);
#108 = AXIS2_PLACEMENT_3D('',#109,#110,#111);
#109 = CARTESIAN_POINT('',(0.,0.,123.65));
#110 = DIRECTION('',(0.,0.,1.));
#111 = DIRECTION('',(1.,0.,-0.));
#112 = DEFINITIONAL_REPRESENTATION('',(#113),#121);
#113 = ( BOUNDED_CURVE() B_SPLINE_CURVE(2,(#114,#115,#116,#117,#118,#119
,#120),.UNSPECIFIED.,.T.,.F.) B_SPLINE_CURVE_WITH_KNOTS((1,2,2,2,2,1),(
    -2.094395102393,0.,2.094395102393,4.188790204786,6.28318530718,
8.377580409573),.UNSPECIFIED.) CURVE() GEOMETRIC_REPRESENTATION_ITEM() 
RATIONAL_B_SPLINE_CURVE((1.,0.5,1.,0.5,1.,0.5,1.)) REPRESENTATION_ITEM(
  '') );
#114 = CARTESIAN_POINT('',(31.252884487381,33.75288448738));
#115 = CARTESIAN_POINT('',(89.714595321527,-20.37869932784));
#116 = CARTESIAN_POINT('',(13.604413173383,-43.9422341513));
#117 = CARTESIAN_POINT('',(-62.50576897476,-67.50576897476));
#118 = CARTESIAN_POINT('',(-44.85729766076,10.189349663922));
#119 = CARTESIAN_POINT('',(-27.20882634676,87.884468302605));
#120 = CARTESIAN_POINT('',(31.252884487381,33.75288448738));
#121 = ( GEOMETRIC_REPRESENTATION_CONTEXT(2) 
PARAMETRIC_REPRESENTATION_CONTEXT() REPRESENTATION_CONTEXT('2D SPACE',''
  ) );
#122 = ORIENTED_EDGE('',*,*,#123,.T.);
#123 = EDGE_CURVE('',#91,#22,#124,.T.);
#124 = SURFACE_CURVE('',#125,(#130,#141),.PCURVE_S1.);
#125 = HYPERBOLA('',#126,19.871307612208,1.767766952966);
#126 = AXIS2_PLACEMENT_3D('',#127,#128,#129);
#127 = CARTESIAN_POINT('',(1.25,1.25,-393.4318181818));
#128 = DIRECTION('',(-0.707106781187,-0.707106781187,0.));
#129 = DIRECTION('',(0.,-0.,1.));
#130 = PCURVE('',#33,#131);
#131 = DEFINITIONAL_REPRESENTATION('',(#132),#140);
#132 = B_SPLINE_CURVE_WITH_KNOTS('',6,(#133,#134,#135,#136,#137,#138,
    #139),.UNSPECIFIED.,.F.,.F.,(7,7),(-3.951702020037,-3.681949934117),
  .PIECEWISE_BEZIER_KNOTS.);
#133 = CARTESIAN_POINT('',(5.536226325553,122.15));
#134 = CARTESIAN_POINT('',(5.537954074912,98.919856154505));
#135 = CARTESIAN_POINT('',(5.539774968217,76.94391467834));
#136 = CARTESIAN_POINT('',(5.541695272962,56.137657522751));
#137 = CARTESIAN_POINT('',(5.543721816565,36.42417006468));
#138 = CARTESIAN_POINT('',(5.545862059891,17.733123624453));
#139 = CARTESIAN_POINT('',(5.548124191577,1.698184146319E-13));
#140 = ( GEOMETRIC_REPRESENTATION_CONTEXT(2) 
PARAMETRIC_REPRESENTATION_CONTEXT() REPRESENTATION_CONTEXT('2D SPACE',''
  ) );
#141 = PCURVE('',#142,#147);
#142 = PLANE('',#143);
#143 = AXIS2_PLACEMENT_3D('',#144,#145,#146);
#144 = CARTESIAN_POINT('',(121.93935890027,-119.4393589002,
    61.711569331794));
#145 = DIRECTION('',(-0.707106781187,-0.707106781187,-0.));
#146 = DIRECTION('',(-0.707106781187,0.707106781187,0.));
#147 = DEFINITIONAL_REPRESENTATION('',(#148),#152);
#148 = ( BOUNDED_CURVE() B_SPLINE_CURVE(2,(#149,#150,#151),
.UNSPECIFIED.,.F.,.F.) B_SPLINE_CURVE_WITH_KNOTS((3,3),(-3.951702020037,
-3.681949934117),.PIECEWISE_BEZIER_KNOTS.) CURVE() 
GEOMETRIC_REPRESENTATION_ITEM() RATIONAL_B_SPLINE_CURVE((1.,
1.009109570696,1.)) REPRESENTATION_ITEM('') );
#149 = CARTESIAN_POINT('',(124.71450813258,-61.9384306682));
#150 = CARTESIAN_POINT('',(130.88145594213,7.332461181644));
#151 = CARTESIAN_POINT('',(135.59158850805,60.211569331794));
#152 = ( GEOMETRIC_REPRESENTATION_CONTEXT(2) 
PARAMETRIC_REPRESENTATION_CONTEXT() REPRESENTATION_CONTEXT('2D SPACE',''
  ) );
#153 = ADVANCED_FACE('',(#154),#142,.T.);
#154 = FACE_BOUND('',#155,.T.);
#155 = EDGE_LOOP('',(#156,#178,#179,#201));
#156 = ORIENTED_EDGE('',*,*,#157,.F.);
#157 = EDGE_CURVE('',#22,#158,#160,.T.);
#158 = VERTEX_POINT('',#159);
#159 = CARTESIAN_POINT('',(25.575327540925,-23.07532754092,1.5));
#160 = SURFACE_CURVE('',#161,(#165,#171),.PCURVE_S1.);
#161 = LINE('',#162,#163);
#162 = CARTESIAN_POINT('',(214.63203435596,-212.1320343559,1.5));
#163 = VECTOR('',#164,1.);
#164 = DIRECTION('',(-0.707106781187,0.707106781187,0.));
#165 = PCURVE('',#142,#166);
#166 = DEFINITIONAL_REPRESENTATION('',(#167),#170);
#167 = B_SPLINE_CURVE_WITH_KNOTS('',1,(#168,#169),.UNSPECIFIED.,.F.,.F.,
  (2,2),(0.,267.36655883542),.PIECEWISE_BEZIER_KNOTS.);
#168 = CARTESIAN_POINT('',(-131.087238762,60.211569331794));
#169 = CARTESIAN_POINT('',(136.27932007333,60.211569331794));
#170 = ( GEOMETRIC_REPRESENTATION_CONTEXT(2) 
PARAMETRIC_REPRESENTATION_CONTEXT() REPRESENTATION_CONTEXT('2D SPACE',''
  ) );
#171 = PCURVE('',#45,#172);
#172 = DEFINITIONAL_REPRESENTATION('',(#173),#177);
#173 = LINE('',#174,#175);
#174 = CARTESIAN_POINT('',(214.63203435596,-212.1320343559));
#175 = VECTOR('',#176,1.);
#176 = DIRECTION('',(-0.707106781187,0.707106781187));
#177 = ( GEOMETRIC_REPRESENTATION_CONTEXT(2) 
PARAMETRIC_REPRESENTATION_CONTEXT() REPRESENTATION_CONTEXT('2D SPACE',''
  ) );
#178 = ORIENTED_EDGE('',*,*,#123,.F.);
#179 = ORIENTED_EDGE('',*,*,#180,.F.);
#180 = EDGE_CURVE('',#181,#91,#183,.T.);
#181 = VERTEX_POINT('',#182);
#182 = CARTESIAN_POINT('',(33.259144981615,-30.75914498161,123.65));
#183 = SURFACE_CURVE('',#184,(#188,#194),.PCURVE_S1.);
#184 = LINE('',#185,#186);
#185 = CARTESIAN_POINT('',(33.259144981615,-30.75914498161,123.65));
#186 = VECTOR('',#187,1.);
#187 = DIRECTION('',(0.707106781187,-0.707106781187,0.));
#188 = PCURVE('',#142,#189);
#189 = DEFINITIONAL_REPRESENTATION('',(#190),#193);
#190 = B_SPLINE_CURVE_WITH_KNOTS('',1,(#191,#192),.UNSPECIFIED.,.F.,.F.,
  (2,2),(0.,256.5),.PIECEWISE_BEZIER_KNOTS.);
#191 = CARTESIAN_POINT('',(125.41276123791,-61.9384306682));
#192 = CARTESIAN_POINT('',(-131.087238762,-61.9384306682));
#193 = ( GEOMETRIC_REPRESENTATION_CONTEXT(2) 
PARAMETRIC_REPRESENTATION_CONTEXT() REPRESENTATION_CONTEXT('2D SPACE',''
  ) );
#194 = PCURVE('',#107,#195);
#195 = DEFINITIONAL_REPRESENTATION('',(#196),#200);
#196 = LINE('',#197,#198);
#197 = CARTESIAN_POINT('',(33.259144981615,-30.75914498161));
#198 = VECTOR('',#199,1.);
#199 = DIRECTION('',(0.707106781187,-0.707106781187));
#200 = ( GEOMETRIC_REPRESENTATION_CONTEXT(2) 
PARAMETRIC_REPRESENTATION_CONTEXT() REPRESENTATION_CONTEXT('2D SPACE',''
  ) );
#201 = ORIENTED_EDGE('',*,*,#202,.F.);
#202 = EDGE_CURVE('',#158,#181,#203,.T.);
#203 = SURFACE_CURVE('',#204,(#208,#214),.PCURVE_S1.);
#204 = LINE('',#205,#206);
#205 = CARTESIAN_POINT('',(25.575327540925,-23.07532754092,1.5));
#206 = VECTOR('',#207,1.);
#207 = DIRECTION('',(6.265732121346E-02,-6.265732121346E-02,
    0.996066323192));
#208 = PCURVE('',#142,#209);
#209 = DEFINITIONAL_REPRESENTATION('',(#210),#213);
#210 = B_SPLINE_CURVE_WITH_KNOTS('',1,(#211,#212),.UNSPECIFIED.,.F.,.F.,
  (2,2),(0.,122.63239621292),.PIECEWISE_BEZIER_KNOTS.);
#211 = CARTESIAN_POINT('',(136.27932007333,60.211569331794));
#212 = CARTESIAN_POINT('',(125.41276123791,-61.9384306682));
#213 = ( GEOMETRIC_REPRESENTATION_CONTEXT(2) 
PARAMETRIC_REPRESENTATION_CONTEXT() REPRESENTATION_CONTEXT('2D SPACE',''
  ) );
#214 = PCURVE('',#215,#220);
#215 = PLANE('',#216);
#216 = AXIS2_PLACEMENT_3D('',#217,#218,#219);
#217 = CARTESIAN_POINT('',(28.16723626127,-26.91723626127,62.575));
#218 = DIRECTION('',(-2.33862858818E-15,-0.998027347494,
    -6.278067899269E-02));
#219 = DIRECTION('',(0.,6.278067899269E-02,-0.998027347494));
#220 = DEFINITIONAL_REPRESENTATION('',(#221),#225);
#221 = LINE('',#222,#223);
#222 = CARTESIAN_POINT('',(61.195717886266,-2.591908720345));
#223 = VECTOR('',#224,1.);
#224 = DIRECTION('',(-0.998035099632,6.265732121346E-02));
#225 = ( GEOMETRIC_REPRESENTATION_CONTEXT(2) 
PARAMETRIC_REPRESENTATION_CONTEXT() REPRESENTATION_CONTEXT('2D SPACE',''
  ) );
#226 = ADVANCED_FACE('',(#227),#215,.T.);
#227 = FACE_BOUND('',#228,.T.);
#228 = EDGE_LOOP('',(#229,#251,#252,#274));
#229 = ORIENTED_EDGE('',*,*,#230,.F.);
#230 = EDGE_CURVE('',#158,#231,#233,.T.);
#231 = VERTEX_POINT('',#232);
#232 = CARTESIAN_POINT('',(23.075327540925,-23.07532754092,1.5));
#233 = SURFACE_CURVE('',#234,(#238,#244),.PCURVE_S1.);
#234 = LINE('',#235,#236);
#235 = CARTESIAN_POINT('',(25.575327540925,-23.07532754092,1.5));
#236 = VECTOR('',#237,1.);
#237 = DIRECTION('',(-1.,0.,0.));
#238 = PCURVE('',#215,#239);
#239 = DEFINITIONAL_REPRESENTATION('',(#240),#243);
#240 = B_SPLINE_CURVE_WITH_KNOTS('',1,(#241,#242),.UNSPECIFIED.,.F.,.F.,
  (2,2),(0.,2.5),.PIECEWISE_BEZIER_KNOTS.);
#241 = CARTESIAN_POINT('',(61.195717886266,-2.591908720345));
#242 = CARTESIAN_POINT('',(61.195717886266,-5.091908720345));
#243 = ( GEOMETRIC_REPRESENTATION_CONTEXT(2) 
PARAMETRIC_REPRESENTATION_CONTEXT() REPRESENTATION_CONTEXT('2D SPACE',''
  ) );
#244 = PCURVE('',#45,#245);
#245 = DEFINITIONAL_REPRESENTATION('',(#246),#250);
#246 = LINE('',#247,#248);
#247 = CARTESIAN_POINT('',(25.575327540925,-23.07532754092));
#248 = VECTOR('',#249,1.);
#249 = DIRECTION('',(-1.,0.));
#250 = ( GEOMETRIC_REPRESENTATION_CONTEXT(2) 
PARAMETRIC_REPRESENTATION_CONTEXT() REPRESENTATION_CONTEXT('2D SPACE',''
  ) );
#251 = ORIENTED_EDGE('',*,*,#202,.T.);
#252 = ORIENTED_EDGE('',*,*,#253,.F.);
#253 = EDGE_CURVE('',#254,#181,#256,.T.);
#254 = VERTEX_POINT('',#255);
#255 = CARTESIAN_POINT('',(30.759144981615,-30.75914498161,123.65));
#256 = SURFACE_CURVE('',#257,(#261,#267),.PCURVE_S1.);
#257 = LINE('',#258,#259);
#258 = CARTESIAN_POINT('',(30.759144981615,-30.75914498161,123.65));
#259 = VECTOR('',#260,1.);
#260 = DIRECTION('',(1.,0.,0.));
#261 = PCURVE('',#215,#262);
#262 = DEFINITIONAL_REPRESENTATION('',(#263),#266);
#263 = B_SPLINE_CURVE_WITH_KNOTS('',1,(#264,#265),.UNSPECIFIED.,.F.,.F.,
  (2,2),(0.,2.5),.PIECEWISE_BEZIER_KNOTS.);
#264 = CARTESIAN_POINT('',(-61.19571788626,2.591908720345));
#265 = CARTESIAN_POINT('',(-61.19571788626,5.091908720345));
#266 = ( GEOMETRIC_REPRESENTATION_CONTEXT(2) 
PARAMETRIC_REPRESENTATION_CONTEXT() REPRESENTATION_CONTEXT('2D SPACE',''
  ) );
#267 = PCURVE('',#107,#268);
#268 = DEFINITIONAL_REPRESENTATION('',(#269),#273);
#269 = LINE('',#270,#271);
#270 = CARTESIAN_POINT('',(30.759144981615,-30.75914498161));
#271 = VECTOR('',#272,1.);
#272 = DIRECTION('',(1.,0.));
#273 = ( GEOMETRIC_REPRESENTATION_CONTEXT(2) 
PARAMETRIC_REPRESENTATION_CONTEXT() REPRESENTATION_CONTEXT('2D SPACE',''
  ) );
#274 = ORIENTED_EDGE('',*,*,#275,.F.);
#275 = EDGE_CURVE('',#231,#254,#276,.T.);
#276 = SURFACE_CURVE('',#277,(#281,#287),.PCURVE_S1.);
#277 = LINE('',#278,#279);
#278 = CARTESIAN_POINT('',(23.075327540925,-23.07532754092,1.5));
#279 = VECTOR('',#280,1.);
#280 = DIRECTION('',(6.265732121346E-02,-6.265732121346E-02,
    0.996066323192));
#281 = PCURVE('',#215,#282);
#282 = DEFINITIONAL_REPRESENTATION('',(#283),#286);
#283 = B_SPLINE_CURVE_WITH_KNOTS('',1,(#284,#285),.UNSPECIFIED.,.F.,.F.,
  (2,2),(0.,122.63239621292),.PIECEWISE_BEZIER_KNOTS.);
#284 = CARTESIAN_POINT('',(61.195717886266,-5.091908720345));
#285 = CARTESIAN_POINT('',(-61.19571788626,2.591908720345));
#286 = ( GEOMETRIC_REPRESENTATION_CONTEXT(2) 
PARAMETRIC_REPRESENTATION_CONTEXT() REPRESENTATION_CONTEXT('2D SPACE',''
  ) );
#287 = PCURVE('',#288,#293);
#288 = PLANE('',#289);
#289 = AXIS2_PLACEMENT_3D('',#290,#291,#292);
#290 = CARTESIAN_POINT('',(13.543894538979,-13.54389453897,
    64.643065840243));
#291 = DIRECTION('',(-0.707106781187,-0.707106781187,-0.));
#292 = DIRECTION('',(-0.707106781187,0.707106781187,0.));
#293 = DEFINITIONAL_REPRESENTATION('',(#294),#298);
#294 = LINE('',#295,#296);
#295 = CARTESIAN_POINT('',(-13.4794818202,63.143065840243));
#296 = VECTOR('',#297,1.);
#297 = DIRECTION('',(-8.861083344205E-02,-0.996066323192));
#298 = ( GEOMETRIC_REPRESENTATION_CONTEXT(2) 
PARAMETRIC_REPRESENTATION_CONTEXT() REPRESENTATION_CONTEXT('2D SPACE',''
  ) );
#299 = ADVANCED_FACE('',(#300),#288,.T.);
#300 = FACE_BOUND('',#301,.T.);
#301 = EDGE_LOOP('',(#302,#324,#325,#347,#373));
#302 = ORIENTED_EDGE('',*,*,#303,.F.);
#303 = EDGE_CURVE('',#231,#304,#306,.T.);
#304 = VERTEX_POINT('',#305);
#305 = CARTESIAN_POINT('',(15.07914436979,-15.07914436978,1.5));
#306 = SURFACE_CURVE('',#307,(#311,#317),.PCURVE_S1.);
#307 = LINE('',#308,#309);
#308 = CARTESIAN_POINT('',(23.075327540925,-23.07532754092,1.5));
#309 = VECTOR('',#310,1.);
#310 = DIRECTION('',(-0.707106781187,0.707106781187,0.));
#311 = PCURVE('',#288,#312);
#312 = DEFINITIONAL_REPRESENTATION('',(#313),#316);
#313 = B_SPLINE_CURVE_WITH_KNOTS('',1,(#314,#315),.UNSPECIFIED.,.F.,.F.,
  (2,2),(0.,32.633441164577),.PIECEWISE_BEZIER_KNOTS.);
#314 = CARTESIAN_POINT('',(-13.4794818202,63.143065840243));
#315 = CARTESIAN_POINT('',(19.153959344375,63.143065840243));
#316 = ( GEOMETRIC_REPRESENTATION_CONTEXT(2) 
PARAMETRIC_REPRESENTATION_CONTEXT() REPRESENTATION_CONTEXT('2D SPACE',''
  ) );
#317 = PCURVE('',#45,#318);
#318 = DEFINITIONAL_REPRESENTATION('',(#319),#323);
#319 = LINE('',#320,#321);
#320 = CARTESIAN_POINT('',(23.075327540925,-23.07532754092));
#321 = VECTOR('',#322,1.);
#322 = DIRECTION('',(-0.707106781187,0.707106781187));
#323 = ( GEOMETRIC_REPRESENTATION_CONTEXT(2) 
PARAMETRIC_REPRESENTATION_CONTEXT() REPRESENTATION_CONTEXT('2D SPACE',''
  ) );
#324 = ORIENTED_EDGE('',*,*,#275,.T.);
#325 = ORIENTED_EDGE('',*,*,#326,.F.);
#326 = EDGE_CURVE('',#327,#254,#329,.T.);
#327 = VERTEX_POINT('',#328);
#328 = CARTESIAN_POINT('',(28.991378028648,-28.99137802864,123.65));
#329 = SURFACE_CURVE('',#330,(#334,#340),.PCURVE_S1.);
#330 = LINE('',#331,#332);
#331 = CARTESIAN_POINT('',(0.,0.,123.65));
#332 = VECTOR('',#333,1.);
#333 = DIRECTION('',(0.707106781187,-0.707106781187,0.));
#334 = PCURVE('',#288,#335);
#335 = DEFINITIONAL_REPRESENTATION('',(#336),#339);
#336 = B_SPLINE_CURVE_WITH_KNOTS('',1,(#337,#338),.UNSPECIFIED.,.F.,.F.,
  (2,2),(0.,43.5),.PIECEWISE_BEZIER_KNOTS.);
#337 = CARTESIAN_POINT('',(19.153959344375,-59.00693415975));
#338 = CARTESIAN_POINT('',(-24.34604065562,-59.00693415975));
#339 = ( GEOMETRIC_REPRESENTATION_CONTEXT(2) 
PARAMETRIC_REPRESENTATION_CONTEXT() REPRESENTATION_CONTEXT('2D SPACE',''
  ) );
#340 = PCURVE('',#107,#341);
#341 = DEFINITIONAL_REPRESENTATION('',(#342),#346);
#342 = LINE('',#343,#344);
#343 = CARTESIAN_POINT('',(0.,0.));
#344 = VECTOR('',#345,1.);
#345 = DIRECTION('',(0.707106781187,-0.707106781187));
#346 = ( GEOMETRIC_REPRESENTATION_CONTEXT(2) 
PARAMETRIC_REPRESENTATION_CONTEXT() REPRESENTATION_CONTEXT('2D SPACE',''
  ) );
#347 = ORIENTED_EDGE('',*,*,#348,.F.);
#348 = EDGE_CURVE('',#349,#327,#351,.T.);
#349 = VERTEX_POINT('',#350);
#350 = CARTESIAN_POINT('',(22.974536946356,-22.97453694635,28.));
#351 = SURFACE_CURVE('',#352,(#356,#362),.PCURVE_S1.);
#352 = LINE('',#353,#354);
#353 = CARTESIAN_POINT('',(0.,0.,-337.2272727272));
#354 = VECTOR('',#355,1.);
#355 = DIRECTION('',(6.265732121346E-02,-6.265732121346E-02,
    0.996066323192));
#356 = PCURVE('',#288,#357);
#357 = DEFINITIONAL_REPRESENTATION('',(#358),#361);
#358 = B_SPLINE_CURVE_WITH_KNOTS('',1,(#359,#360),.UNSPECIFIED.,.F.,.F.,
  (2,2),(366.66963255715,462.69737465921),.PIECEWISE_BEZIER_KNOTS.);
#359 = CARTESIAN_POINT('',(-13.3369423944,36.643065840243));
#360 = CARTESIAN_POINT('',(-21.84604065562,-59.00693415975));
#361 = ( GEOMETRIC_REPRESENTATION_CONTEXT(2) 
PARAMETRIC_REPRESENTATION_CONTEXT() REPRESENTATION_CONTEXT('2D SPACE',''
  ) );
#362 = PCURVE('',#363,#368);
#363 = CONICAL_SURFACE('',#364,32.490901738779,8.872720536395E-02);
#364 = AXIS2_PLACEMENT_3D('',#365,#366,#367);
#365 = CARTESIAN_POINT('',(0.,0.,28.));
#366 = DIRECTION('',(0.,0.,1.));
#367 = DIRECTION('',(1.,0.,-0.));
#368 = DEFINITIONAL_REPRESENTATION('',(#369),#372);
#369 = B_SPLINE_CURVE_WITH_KNOTS('',1,(#370,#371),.UNSPECIFIED.,.F.,.F.,
  (2,2),(366.66963255715,462.69737465921),.PIECEWISE_BEZIER_KNOTS.);
#370 = CARTESIAN_POINT('',(5.497787143782,-1.132396304447E-13));
#371 = CARTESIAN_POINT('',(5.497787143782,95.65));
#372 = ( GEOMETRIC_REPRESENTATION_CONTEXT(2) 
PARAMETRIC_REPRESENTATION_CONTEXT() REPRESENTATION_CONTEXT('2D SPACE',''
  ) );
#373 = ORIENTED_EDGE('',*,*,#374,.F.);
#374 = EDGE_CURVE('',#304,#349,#375,.T.);
#375 = SURFACE_CURVE('',#376,(#403,#433),.PCURVE_S1.);
#376 = B_SPLINE_CURVE_WITH_KNOTS('',7,(#377,#378,#379,#380,#381,#382,
    #383,#384,#385,#386,#387,#388,#389,#390,#391,#392,#393,#394,#395,
    #396,#397,#398,#399,#400,#401,#402),.UNSPECIFIED.,.F.,.F.,(8,6,6,6,8
    ),(0.,0.184985097813,0.351481552619,0.662299294204,1.),
  .UNSPECIFIED.);
#377 = CARTESIAN_POINT('',(15.079144369027,-15.07914436902,1.5));
#378 = CARTESIAN_POINT('',(15.562886538352,-15.56288653835,
    1.896315062347));
#379 = CARTESIAN_POINT('',(16.026100146226,-16.02610014622,
    2.342126736823));
#380 = CARTESIAN_POINT('',(16.467907162561,-16.46790716256,
    2.830748112834));
#381 = CARTESIAN_POINT('',(16.888156885509,-16.8881568855,3.355910220728
    ));
#382 = CARTESIAN_POINT('',(17.287176006811,-17.28717600681,
    3.912187438788));
#383 = CARTESIAN_POINT('',(17.665663091111,-17.66566309111,
    4.495167269436));
#384 = CARTESIAN_POINT('',(18.347608684601,-18.3476086846,5.647508482887
    ));
#385 = CARTESIAN_POINT('',(18.654673947394,-18.65467394739,
    6.212218713681));
#386 = CARTESIAN_POINT('',(18.946411171333,-18.94641117133,
    6.793297216637));
#387 = CARTESIAN_POINT('',(19.22341610401,-19.22341610401,7.388629842518
    ));
#388 = CARTESIAN_POINT('',(19.486266087288,-19.48626608728,
    7.996437310315));
#389 = CARTESIAN_POINT('',(19.735529482598,-19.73552948259,
    8.615265281025));
#390 = CARTESIAN_POINT('',(20.412743977372,-20.41274397737,
    10.417714599416));
#391 = CARTESIAN_POINT('',(20.808075466467,-20.80807546646,
    11.625348959615));
#392 = CARTESIAN_POINT('',(21.161439802481,-21.16143980248,12.8596565021
    ));
#393 = CARTESIAN_POINT('',(21.475387629159,-21.47538762915,
    14.115021973518));
#394 = CARTESIAN_POINT('',(21.752101637112,-21.75210163711,
    15.387013999203));
#395 = CARTESIAN_POINT('',(21.993361674909,-21.9933616749,
    16.672407618576));
#396 = CARTESIAN_POINT('',(22.425721854359,-22.42572185435,
    19.378035300123));
#397 = CARTESIAN_POINT('',(22.610574316323,-22.61057431632,
    20.799665707583));
#398 = CARTESIAN_POINT('',(22.756930136765,-22.75693013676,
    22.230876591367));
#399 = CARTESIAN_POINT('',(22.865927368299,-22.86592736829,
    23.668866758324));
#400 = CARTESIAN_POINT('',(22.938329002925,-22.93832900292,
    25.111136193679));
#401 = CARTESIAN_POINT('',(22.974536946356,-22.97453694635,
    26.555482233392));
#402 = CARTESIAN_POINT('',(22.974536946356,-22.97453694635,28.));
#403 = PCURVE('',#288,#404);
#404 = DEFINITIONAL_REPRESENTATION('',(#405),#432);
#405 = B_SPLINE_CURVE_WITH_KNOTS('',7,(#406,#407,#408,#409,#410,#411,
    #412,#413,#414,#415,#416,#417,#418,#419,#420,#421,#422,#423,#424,
    #425,#426,#427,#428,#429,#430,#431),.UNSPECIFIED.,.F.,.F.,(8,6,6,6,8
    ),(0.,0.184985097813,0.351481552619,0.662299294204,1.),
  .UNSPECIFIED.);
#406 = CARTESIAN_POINT('',(-2.171171131285,63.143065840243));
#407 = CARTESIAN_POINT('',(-2.855285867836,62.746750777896));
#408 = CARTESIAN_POINT('',(-3.510368834366,62.30093910342));
#409 = CARTESIAN_POINT('',(-4.13517830882,61.812317727409));
#410 = CARTESIAN_POINT('',(-4.729501166596,61.287155619515));
#411 = CARTESIAN_POINT('',(-5.293799419587,60.730878401455));
#412 = CARTESIAN_POINT('',(-5.829060987387,60.147898570807));
#413 = CARTESIAN_POINT('',(-6.793477694502,58.995557357356));
#414 = CARTESIAN_POINT('',(-7.227733553678,58.430847126562));
#415 = CARTESIAN_POINT('',(-7.640312292421,57.849768623606));
#416 = CARTESIAN_POINT('',(-8.032056425057,57.254435997725));
#417 = CARTESIAN_POINT('',(-8.403782436279,56.646628529928));
#418 = CARTESIAN_POINT('',(-8.756294110528,56.027800559219));
#419 = CARTESIAN_POINT('',(-9.714020033673,54.225351240827));
#420 = CARTESIAN_POINT('',(-10.27310318718,53.017716880628));
#421 = CARTESIAN_POINT('',(-10.77283582363,51.783409338143));
#422 = CARTESIAN_POINT('',(-11.216825098,50.528043866725));
#423 = CARTESIAN_POINT('',(-11.60815780094,49.25605184104));
#424 = CARTESIAN_POINT('',(-11.94935101845,47.970658221667));
#425 = CARTESIAN_POINT('',(-12.56080064806,45.26503054012));
#426 = CARTESIAN_POINT('',(-12.82222150681,43.84340013266));
#427 = CARTESIAN_POINT('',(-13.02919989301,42.412189248876));
#428 = CARTESIAN_POINT('',(-13.18334525611,40.974199081919));
#429 = CARTESIAN_POINT('',(-13.28573662973,39.531929646564));
#430 = CARTESIAN_POINT('',(-13.3369423944,38.087583606851));
#431 = CARTESIAN_POINT('',(-13.3369423944,36.643065840243));
#432 = ( GEOMETRIC_REPRESENTATION_CONTEXT(2) 
PARAMETRIC_REPRESENTATION_CONTEXT() REPRESENTATION_CONTEXT('2D SPACE',''
  ) );
#433 = PCURVE('',#434,#443);
#434 = SURFACE_OF_REVOLUTION('',#435,#440);
#435 = ELLIPSE('',#436,28.,16.490901738779);
#436 = AXIS2_PLACEMENT_3D('',#437,#438,#439);
#437 = CARTESIAN_POINT('',(16.,0.,28.));
#438 = DIRECTION('',(0.,-1.,0.));
#439 = DIRECTION('',(1.110223024625E-16,0.,1.));
#440 = AXIS1_PLACEMENT('',#441,#442);
#441 = CARTESIAN_POINT('',(0.,0.,0.));
#442 = DIRECTION('',(0.,0.,1.));
#443 = DEFINITIONAL_REPRESENTATION('',(#444),#471);
#444 = B_SPLINE_CURVE_WITH_KNOTS('',7,(#445,#446,#447,#448,#449,#450,
    #451,#452,#453,#454,#455,#456,#457,#458,#459,#460,#461,#462,#463,
    #464,#465,#466,#467,#468,#469,#470),.UNSPECIFIED.,.F.,.F.,(8,6,6,6,8
    ),(0.,0.184985097813,0.351481552619,0.662299294204,1.),
  .UNSPECIFIED.);
#445 = CARTESIAN_POINT('',(5.497787143782,3.470398668195));
#446 = CARTESIAN_POINT('',(5.497787143782,3.514231214372));
#447 = CARTESIAN_POINT('',(5.497787143782,3.556968426855));
#448 = CARTESIAN_POINT('',(5.497787143782,3.598599484571));
#449 = CARTESIAN_POINT('',(5.497787143782,3.639146383105));
#450 = CARTESIAN_POINT('',(5.497787143782,3.6786510499));
#451 = CARTESIAN_POINT('',(5.497787143782,3.717177569444));
#452 = CARTESIAN_POINT('',(5.497787143782,3.788688771837));
#453 = CARTESIAN_POINT('',(5.497787143782,3.8218308212));
#454 = CARTESIAN_POINT('',(5.497787143782,3.854297762702));
#455 = CARTESIAN_POINT('',(5.497787143782,3.886139176513));
#456 = CARTESIAN_POINT('',(5.497787143782,3.917401293221));
#457 = CARTESIAN_POINT('',(5.497787143782,3.948130027996));
#458 = CARTESIAN_POINT('',(5.497787143782,4.03482911432));
#459 = CARTESIAN_POINT('',(5.497787143782,4.089562435812));
#460 = CARTESIAN_POINT('',(5.497787143782,4.142885953207));
#461 = CARTESIAN_POINT('',(5.497787143782,4.195011473721));
#462 = CARTESIAN_POINT('',(5.497787143782,4.246125378304));
#463 = CARTESIAN_POINT('',(5.497787143782,4.29639731208));
#464 = CARTESIAN_POINT('',(5.497787143782,4.399896345156));
#465 = CARTESIAN_POINT('',(5.497787143782,4.452978027849));
#466 = CARTESIAN_POINT('',(5.497787143782,4.50545210393));
#467 = CARTESIAN_POINT('',(5.497787143782,4.557481342405));
#468 = CARTESIAN_POINT('',(5.497787143782,4.609215282563));
#469 = CARTESIAN_POINT('',(5.497787143782,4.660799060149));
#470 = CARTESIAN_POINT('',(5.497787143782,4.712388980385));
#471 = ( GEOMETRIC_REPRESENTATION_CONTEXT(2) 
PARAMETRIC_REPRESENTATION_CONTEXT() REPRESENTATION_CONTEXT('2D SPACE',''
  ) );
#472 = ADVANCED_FACE('',(#473,#550,#997,#1444,#1891,#2401),#363,.F.);
#473 = FACE_BOUND('',#474,.F.);
#474 = EDGE_LOOP('',(#475,#499,#527,#549));
#475 = ORIENTED_EDGE('',*,*,#476,.T.);
#476 = EDGE_CURVE('',#349,#477,#479,.T.);
#477 = VERTEX_POINT('',#478);
#478 = CARTESIAN_POINT('',(32.490901738779,0.,28.));
#479 = SURFACE_CURVE('',#480,(#485,#492),.PCURVE_S1.);
#480 = CIRCLE('',#481,32.490901738779);
#481 = AXIS2_PLACEMENT_3D('',#482,#483,#484);
#482 = CARTESIAN_POINT('',(0.,0.,28.));
#483 = DIRECTION('',(0.,0.,1.));
#484 = DIRECTION('',(1.,0.,-0.));
#485 = PCURVE('',#363,#486);
#486 = DEFINITIONAL_REPRESENTATION('',(#487),#491);
#487 = LINE('',#488,#489);
#488 = CARTESIAN_POINT('',(0.,-3.524818198019E-15));
#489 = VECTOR('',#490,1.);
#490 = DIRECTION('',(1.,0.));
#491 = ( GEOMETRIC_REPRESENTATION_CONTEXT(2) 
PARAMETRIC_REPRESENTATION_CONTEXT() REPRESENTATION_CONTEXT('2D SPACE',''
  ) );
#492 = PCURVE('',#434,#493);
#493 = DEFINITIONAL_REPRESENTATION('',(#494),#498);
#494 = LINE('',#495,#496);
#495 = CARTESIAN_POINT('',(0.,4.712388980385));
#496 = VECTOR('',#497,1.);
#497 = DIRECTION('',(1.,0.));
#498 = ( GEOMETRIC_REPRESENTATION_CONTEXT(2) 
PARAMETRIC_REPRESENTATION_CONTEXT() REPRESENTATION_CONTEXT('2D SPACE',''
  ) );
#499 = ORIENTED_EDGE('',*,*,#500,.T.);
#500 = EDGE_CURVE('',#477,#501,#503,.T.);
#501 = VERTEX_POINT('',#502);
#502 = CARTESIAN_POINT('',(41.,0.,123.65));
#503 = SURFACE_CURVE('',#504,(#508,#515),.PCURVE_S1.);
#504 = LINE('',#505,#506);
#505 = CARTESIAN_POINT('',(32.490901738779,0.,28.));
#506 = VECTOR('',#507,1.);
#507 = DIRECTION('',(8.861083344205E-02,0.,0.996066323192));
#508 = PCURVE('',#363,#509);
#509 = DEFINITIONAL_REPRESENTATION('',(#510),#514);
#510 = LINE('',#511,#512);
#511 = CARTESIAN_POINT('',(6.28318530718,0.));
#512 = VECTOR('',#513,1.);
#513 = DIRECTION('',(0.,1.));
#514 = ( GEOMETRIC_REPRESENTATION_CONTEXT(2) 
PARAMETRIC_REPRESENTATION_CONTEXT() REPRESENTATION_CONTEXT('2D SPACE',''
  ) );
#515 = PCURVE('',#516,#521);
#516 = CONICAL_SURFACE('',#517,32.490901738779,8.872720536395E-02);
#517 = AXIS2_PLACEMENT_3D('',#518,#519,#520);
#518 = CARTESIAN_POINT('',(0.,0.,28.));
#519 = DIRECTION('',(0.,0.,1.));
#520 = DIRECTION('',(1.,0.,-0.));
#521 = DEFINITIONAL_REPRESENTATION('',(#522),#526);
#522 = LINE('',#523,#524);
#523 = CARTESIAN_POINT('',(0.,0.));
#524 = VECTOR('',#525,1.);
#525 = DIRECTION('',(0.,1.));
#526 = ( GEOMETRIC_REPRESENTATION_CONTEXT(2) 
PARAMETRIC_REPRESENTATION_CONTEXT() REPRESENTATION_CONTEXT('2D SPACE',''
  ) );
#527 = ORIENTED_EDGE('',*,*,#528,.F.);
#528 = EDGE_CURVE('',#327,#501,#529,.T.);
#529 = SURFACE_CURVE('',#530,(#535,#542),.PCURVE_S1.);
#530 = CIRCLE('',#531,41.);
#531 = AXIS2_PLACEMENT_3D('',#532,#533,#534);
#532 = CARTESIAN_POINT('',(0.,0.,123.65));
#533 = DIRECTION('',(0.,0.,1.));
#534 = DIRECTION('',(1.,0.,-0.));
#535 = PCURVE('',#363,#536);
#536 = DEFINITIONAL_REPRESENTATION('',(#537),#541);
#537 = LINE('',#538,#539);
#538 = CARTESIAN_POINT('',(0.,95.65));
#539 = VECTOR('',#540,1.);
#540 = DIRECTION('',(1.,0.));
#541 = ( GEOMETRIC_REPRESENTATION_CONTEXT(2) 
PARAMETRIC_REPRESENTATION_CONTEXT() REPRESENTATION_CONTEXT('2D SPACE',''
  ) );
#542 = PCURVE('',#107,#543);
#543 = DEFINITIONAL_REPRESENTATION('',(#544),#548);
#544 = CIRCLE('',#545,41.);
#545 = AXIS2_PLACEMENT_2D('',#546,#547);
#546 = CARTESIAN_POINT('',(0.,0.));
#547 = DIRECTION('',(1.,0.));
#548 = ( GEOMETRIC_REPRESENTATION_CONTEXT(2) 
PARAMETRIC_REPRESENTATION_CONTEXT() REPRESENTATION_CONTEXT('2D SPACE',''
  ) );
#549 = ORIENTED_EDGE('',*,*,#348,.F.);
#550 = FACE_BOUND('',#551,.F.);
#551 = EDGE_LOOP('',(#552));
#552 = ORIENTED_EDGE('',*,*,#553,.T.);
#553 = EDGE_CURVE('',#554,#554,#556,.T.);
#554 = VERTEX_POINT('',#555);
#555 = CARTESIAN_POINT('',(25.814558121356,-21.36230106238,
    39.425268029142));
#556 = SURFACE_CURVE('',#557,(#700,#846),.PCURVE_S1.);
#557 = B_SPLINE_CURVE_WITH_KNOTS('',8,(#558,#559,#560,#561,#562,#563,
    #564,#565,#566,#567,#568,#569,#570,#571,#572,#573,#574,#575,#576,
    #577,#578,#579,#580,#581,#582,#583,#584,#585,#586,#587,#588,#589,
    #590,#591,#592,#593,#594,#595,#596,#597,#598,#599,#600,#601,#602,
    #603,#604,#605,#606,#607,#608,#609,#610,#611,#612,#613,#614,#615,
    #616,#617,#618,#619,#620,#621,#622,#623,#624,#625,#626,#627,#628,
    #629,#630,#631,#632,#633,#634,#635,#636,#637,#638,#639,#640,#641,
    #642,#643,#644,#645,#646,#647,#648,#649,#650,#651,#652,#653,#654,
    #655,#656,#657,#658,#659,#660,#661,#662,#663,#664,#665,#666,#667,
    #668,#669,#670,#671,#672,#673,#674,#675,#676,#677,#678,#679,#680,
    #681,#682,#683,#684,#685,#686,#687,#688,#689,#690,#691,#692,#693,
    #694,#695,#696,#697,#698,#699),.UNSPECIFIED.,.T.,.F.,(9,7,7,7,7,7,7,
    7,7,7,7,7,7,7,7,7,7,7,7,7,9),(0.,0.130808191462,0.171881043848,
    0.202345364113,0.24938941132,0.305977620942,0.349907404208,
    0.455710472977,0.501048039576,0.594758633328,0.632921819055,
    0.673197620486,0.703174774207,0.718783143854,0.749666351949,
    0.770930827413,0.780550454223,0.79601155675,0.825959769201,
    0.866170873749,1.),.UNSPECIFIED.);
#558 = CARTESIAN_POINT('',(25.814558121345,-21.36230106237,
    39.425268028989));
#559 = CARTESIAN_POINT('',(25.837439121608,-21.37766499489,
    39.733527850705));
#560 = CARTESIAN_POINT('',(25.879837722937,-21.36929476175,
    40.040726786382));
#561 = CARTESIAN_POINT('',(25.941509338383,-21.33735737484,
    40.34604215782));
#562 = CARTESIAN_POINT('',(26.022708412002,-21.28104697751,
    40.647830235496));
#563 = CARTESIAN_POINT('',(26.123707444476,-21.1992362425,
    40.943866000224));
#564 = CARTESIAN_POINT('',(26.244831138893,-21.09027684511,
    41.231147998836));
#565 = CARTESIAN_POINT('',(26.386210167624,-20.9523591115,
    41.506091301723));
#566 = CARTESIAN_POINT('',(26.599321821028,-20.72900898595,
    41.844840515633));
#567 = CARTESIAN_POINT('',(26.652269357461,-20.67250668653,
    41.924051828509));
#568 = CARTESIAN_POINT('',(26.707241968011,-20.61279509044,
    42.001364825819));
#569 = CARTESIAN_POINT('',(26.764232309614,-20.5497986726,
    42.076589681089));
#570 = CARTESIAN_POINT('',(26.823221055933,-20.48344836614,
    42.149510429364));
#571 = CARTESIAN_POINT('',(26.884175151606,-20.41368459686,
    42.219886850613));
#572 = CARTESIAN_POINT('',(26.947046066495,-20.34046031775,
    42.287456353128));
#573 = CARTESIAN_POINT('',(27.059773267923,-20.20684248893,
    42.399761224286));
#574 = CARTESIAN_POINT('',(27.108793133787,-20.14802420098,
    42.445882820388));
#575 = CARTESIAN_POINT('',(27.158798210931,-20.08728000117,
    42.490183634952));
#576 = CARTESIAN_POINT('',(27.209749800006,-20.02461017864,
    42.532536504839));
#577 = CARTESIAN_POINT('',(27.261599063883,-19.96002693859,
    42.572806722945));
#578 = CARTESIAN_POINT('',(27.314286152625,-19.89355685068,
    42.610854647103));
#579 = CARTESIAN_POINT('',(27.367739328452,-19.82524329754,
    42.646538308987));
#580 = CARTESIAN_POINT('',(27.505470845503,-19.64690678846,
    42.730950185829));
#581 = CARTESIAN_POINT('',(27.590743124282,-19.53435325623,
    42.776239905665));
#582 = CARTESIAN_POINT('',(27.677316430936,-19.41779750026,
    42.81501050857));
#583 = CARTESIAN_POINT('',(27.764765901215,-19.29764129854,
    42.846740731943));
#584 = CARTESIAN_POINT('',(27.852618874179,-19.1743887139,
    42.870979599698));
#585 = CARTESIAN_POINT('',(27.940357425764,-19.0486589281,
    42.887377520194));
#586 = CARTESIAN_POINT('',(28.027420864459,-18.92120222944,
    42.89573160693));
#587 = CARTESIAN_POINT('',(28.216399802025,-18.63861037297,
    42.896422462397));
#588 = CARTESIAN_POINT('',(28.317840673005,-18.48296281655,42.8851665223
    ));
#589 = CARTESIAN_POINT('',(28.416453603194,-18.3275776731,
    42.862248326924));
#590 = CARTESIAN_POINT('',(28.511443083398,-18.17382868512,
    42.828093695757));
#591 = CARTESIAN_POINT('',(28.602234420982,-18.02288901966,
    42.783398381921));
#592 = CARTESIAN_POINT('',(28.688431666636,-17.87574399689,
    42.729025889415));
#593 = CARTESIAN_POINT('',(28.769786997131,-17.73319765082,
    42.665946684997));
#594 = CARTESIAN_POINT('',(28.905474084423,-17.48928139066,
    42.540238796678));
#595 = CARTESIAN_POINT('',(28.961826335753,-17.38574994543,
    42.480622687801));
#596 = CARTESIAN_POINT('',(29.015219194023,-17.28549114028,42.4167414206
    ));
#597 = CARTESIAN_POINT('',(29.065677751609,-17.18864883691,
    42.348994249128));
#598 = CARTESIAN_POINT('',(29.113253796363,-17.09531571713,
    42.277756468644));
#599 = CARTESIAN_POINT('',(29.158017588741,-17.00554151014,
    42.203370449133));
#600 = CARTESIAN_POINT('',(29.200051583099,-16.91934010878,
    42.12613858936));
#601 = CARTESIAN_POINT('',(29.334326143779,-16.63764962797,
    41.854074059593));
#602 = CARTESIAN_POINT('',(29.413731963797,-16.45957870573,
    41.647145613845));
#603 = CARTESIAN_POINT('',(29.479187142846,-16.30177520389,
    41.428859673511));
#604 = CARTESIAN_POINT('',(29.531783326544,-16.16382590305,
    41.201847908243));
#605 = CARTESIAN_POINT('',(29.57251716202,-16.0451767535,40.968294449398
    ));
#606 = CARTESIAN_POINT('',(29.602196590943,-15.94528376006,
    40.729876663645));
#607 = CARTESIAN_POINT('',(29.621481607355,-15.86361333036,
    40.487801233275));
#608 = CARTESIAN_POINT('',(29.634743292228,-15.77255201378,
    40.137718850886));
#609 = CARTESIAN_POINT('',(29.636882584228,-15.74854440669,
    40.032219942019));
#610 = CARTESIAN_POINT('',(29.637216532924,-15.72782342297,
    39.926324058011));
#611 = CARTESIAN_POINT('',(29.635772928687,-15.71037241982,
    39.820115695694));
#612 = CARTESIAN_POINT('',(29.632573934001,-15.69617958678,
    39.713676030461));
#613 = CARTESIAN_POINT('',(29.627636129647,-15.68523804225,
    39.607083027458));
#614 = CARTESIAN_POINT('',(29.620970560876,-15.67754592996,
    39.500411552777));
#615 = CARTESIAN_POINT('',(29.595245646871,-15.6639304571,
    39.173234991789));
#616 = CARTESIAN_POINT('',(29.570561937154,-15.66865711297,
    38.952852578628));
#617 = CARTESIAN_POINT('',(29.538586585906,-15.6872851357,38.73312812592
    ));
#618 = CARTESIAN_POINT('',(29.49926619776,-15.71995243046,
    38.514713194791));
#619 = CARTESIAN_POINT('',(29.45246006093,-15.7668917504,38.298371433393
    ));
#620 = CARTESIAN_POINT('',(29.397952544454,-15.82840121434,
    38.084976600725));
#621 = CARTESIAN_POINT('',(29.335434505227,-15.90486408052,
    37.875521634845));
#622 = CARTESIAN_POINT('',(29.235515627529,-16.03431378953,
    37.587926541122));
#623 = CARTESIAN_POINT('',(29.20519753642,-16.07434397761,
    37.505556524517));
#624 = CARTESIAN_POINT('',(29.173447147475,-16.11697817566,
    37.424125817535));
#625 = CARTESIAN_POINT('',(29.140233134179,-16.16225265202,
    37.343727068857));
#626 = CARTESIAN_POINT('',(29.105522653644,-16.21020432439,
    37.264464009156));
#627 = CARTESIAN_POINT('',(29.069281249714,-16.26087064235,
    37.186451559025));
#628 = CARTESIAN_POINT('',(29.031472756066,-16.31428946989,
    37.109815936898));
#629 = CARTESIAN_POINT('',(28.950463809526,-16.42982007921,
    36.955415082502));
#630 = CARTESIAN_POINT('',(28.907084985196,-16.49224324743,
    36.877830525868));
#631 = CARTESIAN_POINT('',(28.861876763779,-16.55781541099,
    36.802098823436));
#632 = CARTESIAN_POINT('',(28.814796433568,-16.62657584743,
    36.728405017888));
#633 = CARTESIAN_POINT('',(28.76580624538,-16.69855343356,
    36.656959690445));
#634 = CARTESIAN_POINT('',(28.714875124229,-16.77376390551,
    36.587997183071));
#635 = CARTESIAN_POINT('',(28.661980381021,-16.85220711869,
    36.521773820683));
#636 = CARTESIAN_POINT('',(28.566269141774,-16.99464149985,
    36.411520848308));
#637 = CARTESIAN_POINT('',(28.524337203468,-17.05719453212,
    36.366149936637));
#638 = CARTESIAN_POINT('',(28.481310934043,-17.12151213979,
    36.322568808783));
#639 = CARTESIAN_POINT('',(28.437194151115,-17.1875722226,
    36.280903004759));
#640 = CARTESIAN_POINT('',(28.391998655739,-17.2553399084,
    36.241285605647));
#641 = CARTESIAN_POINT('',(28.345745722974,-17.32476561651,
    36.203854645088));
#642 = CARTESIAN_POINT('',(28.298467592438,-17.39578312116,
    36.168750520776));
#643 = CARTESIAN_POINT('',(28.225081870476,-17.50606934222,
    36.119120059709));
#644 = CARTESIAN_POINT('',(28.199689332487,-17.5442390762,
    36.102795730888));
#645 = CARTESIAN_POINT('',(28.17403801348,-17.58280432424,
    36.087160299844));
#646 = CARTESIAN_POINT('',(28.148135552272,-17.62175115821,
    36.072233554049));
#647 = CARTESIAN_POINT('',(28.121990630571,-17.6610641313,
    36.058034995804));
#648 = CARTESIAN_POINT('',(28.095613045613,-17.700726195,36.044583649953
    ));
#649 = CARTESIAN_POINT('',(28.069013782815,-17.740718616,36.031897871601
    ));
#650 = CARTESIAN_POINT('',(27.989160567654,-17.86076423856,
    35.996444064368));
#651 = CARTESIAN_POINT('',(27.93528815702,-17.94173270149,
    35.975955307243));
#652 = CARTESIAN_POINT('',(27.880691575887,-18.02375399493,
    35.958669263109));
#653 = CARTESIAN_POINT('',(27.825485711402,-18.10664131571,
    35.944706888245));
#654 = CARTESIAN_POINT('',(27.769797204825,-18.19019309793,
    35.93416533234));
#655 = CARTESIAN_POINT('',(27.71376503785,-18.27419276655,
    35.927113556278));
#656 = CARTESIAN_POINT('',(27.657541118942,-18.35840849088,
    35.923587949928));
#657 = CARTESIAN_POINT('',(27.562560047332,-18.50055771,35.923587949928)
  );
#658 = CARTESIAN_POINT('',(27.523812525992,-18.5585139415,
    35.925259324235));
#659 = CARTESIAN_POINT('',(27.48510064994,-18.61638326301,
    35.928602174817));
#660 = CARTESIAN_POINT('',(27.446475379561,-18.67409039018,
    35.933608493256));
#661 = CARTESIAN_POINT('',(27.407986267871,-18.73156308484,
    35.940262686549));
#662 = CARTESIAN_POINT('',(27.36968143706,-18.78873211604,
    35.948542102912));
#663 = CARTESIAN_POINT('',(27.331607555037,-18.84553122104,
    35.958417557576));
#664 = CARTESIAN_POINT('',(27.276710862918,-18.92739585635,
    35.975027414275));
#665 = CARTESIAN_POINT('',(27.259668140896,-18.95280640051,
    35.980520493692));
#666 = CARTESIAN_POINT('',(27.242685676599,-18.97812306593,
    35.986329858781));
#667 = CARTESIAN_POINT('',(27.225767361712,-19.00334045062,
    35.992452093148));
#668 = CARTESIAN_POINT('',(27.208916948913,-19.02845338342,
    35.998883602065));
#669 = CARTESIAN_POINT('',(27.192138051868,-19.053456924,36.005620612469
    ));
#670 = CARTESIAN_POINT('',(27.175434145233,-19.07834636285,
    36.012659172966));
#671 = CARTESIAN_POINT('',(27.132087174014,-19.14293007375,
    36.031785876532));
#672 = CARTESIAN_POINT('',(27.105568046713,-19.18243670438,
    36.044344992874));
#673 = CARTESIAN_POINT('',(27.079265037655,-19.22161849044,
    36.057655499695));
#674 = CARTESIAN_POINT('',(27.053190894153,-19.26045858149,
    36.07169956311));
#675 = CARTESIAN_POINT('',(27.027357302565,-19.29894180518,
    36.086458702152));
#676 = CARTESIAN_POINT('',(27.001774934938,-19.33705457293,
    36.101913972427));
#677 = CARTESIAN_POINT('',(26.976453495643,-19.37478478561,
    36.118046149763));
#678 = CARTESIAN_POINT('',(26.902876479478,-19.48444355567,
    36.167357748654));
#679 = CARTESIAN_POINT('',(26.855364470213,-19.55528785848,
    36.202346093197));
#680 = CARTESIAN_POINT('',(26.808927163593,-19.62458058096,
    36.239661182045));
#681 = CARTESIAN_POINT('',(26.763613585866,-19.69226627928,
    36.279162952626));
#682 = CARTESIAN_POINT('',(26.719461582231,-19.75830601716,
    36.320713637841));
#683 = CARTESIAN_POINT('',(26.676499032908,-19.82267525047,
    36.364180358674));
#684 = CARTESIAN_POINT('',(26.634745069218,-19.88536171189,
    36.409437716793));
#685 = CARTESIAN_POINT('',(26.539787071482,-20.02826938796,36.519386319)
  );
#686 = CARTESIAN_POINT('',(26.487568146919,-20.1071296094,
    36.585415802086));
#687 = CARTESIAN_POINT('',(26.437577019591,-20.18294777767,
    36.654183046073));
#688 = CARTESIAN_POINT('',(26.389822824198,-20.25574423745,
    36.725432332025));
#689 = CARTESIAN_POINT('',(26.344303203766,-20.32555322422,
    36.798929801369));
#690 = CARTESIAN_POINT('',(26.301006186907,-20.3924202282,36.87446524484
    ));
#691 = CARTESIAN_POINT('',(26.259912065076,-20.4563993582,
    36.951853891437));
#692 = CARTESIAN_POINT('',(26.091473816434,-20.72107238163,
    37.294143689538));
#693 = CARTESIAN_POINT('',(25.986320460673,-20.89287902964,
    37.575621847317));
#694 = CARTESIAN_POINT('',(25.904142384658,-21.03586110683,
    37.870045827282));
#695 = CARTESIAN_POINT('',(25.844262088914,-21.15152937539,
    38.173500846482));
#696 = CARTESIAN_POINT('',(25.8058559455,-21.24132053794,38.482769790447
    ));
#697 = CARTESIAN_POINT('',(25.788320967665,-21.30612516828,
    38.795469104627));
#698 = CARTESIAN_POINT('',(25.791149887619,-21.34658310778,
    39.109905157205));
#699 = CARTESIAN_POINT('',(25.814558121356,-21.36230106238,
    39.425268029142));
#700 = PCURVE('',#363,#701);
#701 = DEFINITIONAL_REPRESENTATION('',(#702),#845);
#702 = B_SPLINE_CURVE_WITH_KNOTS('',8,(#703,#704,#705,#706,#707,#708,
    #709,#710,#711,#712,#713,#714,#715,#716,#717,#718,#719,#720,#721,
    #722,#723,#724,#725,#726,#727,#728,#729,#730,#731,#732,#733,#734,
    #735,#736,#737,#738,#739,#740,#741,#742,#743,#744,#745,#746,#747,
    #748,#749,#750,#751,#752,#753,#754,#755,#756,#757,#758,#759,#760,
    #761,#762,#763,#764,#765,#766,#767,#768,#769,#770,#771,#772,#773,
    #774,#775,#776,#777,#778,#779,#780,#781,#782,#783,#784,#785,#786,
    #787,#788,#789,#790,#791,#792,#793,#794,#795,#796,#797,#798,#799,
    #800,#801,#802,#803,#804,#805,#806,#807,#808,#809,#810,#811,#812,
    #813,#814,#815,#816,#817,#818,#819,#820,#821,#822,#823,#824,#825,
    #826,#827,#828,#829,#830,#831,#832,#833,#834,#835,#836,#837,#838,
    #839,#840,#841,#842,#843,#844),.UNSPECIFIED.,.T.,.F.,(9,7,7,7,7,7,7,
    7,7,7,7,7,7,7,7,7,7,7,7,7,9),(0.,0.130808191462,0.171881043848,
    0.202345364113,0.24938941132,0.305977620942,0.349907404208,
    0.455710472977,0.501048039576,0.594758633328,0.632921819055,
    0.673197620486,0.703174774207,0.718783143854,0.749666351949,
    0.770930827413,0.780550454223,0.79601155675,0.825959769201,
    0.866170873749,1.),.UNSPECIFIED.);
#703 = CARTESIAN_POINT('',(5.591882203443,11.425268028989));
#704 = CARTESIAN_POINT('',(5.591964304146,11.733527850705));
#705 = CARTESIAN_POINT('',(5.59296331897,12.040726786381));
#706 = CARTESIAN_POINT('',(5.594867753135,12.346042157824));
#707 = CARTESIAN_POINT('',(5.597698065203,12.647830235491));
#708 = CARTESIAN_POINT('',(5.601482349067,12.943866000228));
#709 = CARTESIAN_POINT('',(5.606261864791,13.231147998835));
#710 = CARTESIAN_POINT('',(5.612078527865,13.506091301723));
#711 = CARTESIAN_POINT('',(5.621191160972,13.844840515633));
#712 = CARTESIAN_POINT('',(5.623477741625,13.924051828509));
#713 = CARTESIAN_POINT('',(5.625875199456,14.001364825819));
#714 = CARTESIAN_POINT('',(5.62838514186,14.076589681089));
#715 = CARTESIAN_POINT('',(5.631008827671,14.149510429364));
#716 = CARTESIAN_POINT('',(5.633747070918,14.219886850613));
#717 = CARTESIAN_POINT('',(5.636600144592,14.287456353128));
#718 = CARTESIAN_POINT('',(5.641768750989,14.399761224286));
#719 = CARTESIAN_POINT('',(5.644032621341,14.445882820388));
#720 = CARTESIAN_POINT('',(5.646359013426,14.490183634952));
#721 = CARTESIAN_POINT('',(5.648747268699,14.532536504839));
#722 = CARTESIAN_POINT('',(5.651196279835,14.572806722945));
#723 = CARTESIAN_POINT('',(5.653704418458,14.610854647103));
#724 = CARTESIAN_POINT('',(5.656269462879,14.646538308987));
#725 = CARTESIAN_POINT('',(5.662932972559,14.730950185829));
#726 = CARTESIAN_POINT('',(5.667108656642,14.776239905665));
#727 = CARTESIAN_POINT('',(5.671401962641,14.81501050857));
#728 = CARTESIAN_POINT('',(5.67579627972,14.846740731943));
#729 = CARTESIAN_POINT('',(5.680271813737,14.870979599698));
#730 = CARTESIAN_POINT('',(5.68480529802,14.887377520194));
#731 = CARTESIAN_POINT('',(5.689369602832,14.89573160693));
#732 = CARTESIAN_POINT('',(5.699422742615,14.896422462397));
#733 = CARTESIAN_POINT('',(5.704916370634,14.885166522299));
#734 = CARTESIAN_POINT('',(5.71035798385,14.862248326925));
#735 = CARTESIAN_POINT('',(5.715701666514,14.828093695758));
#736 = CARTESIAN_POINT('',(5.720909898445,14.783398381919));
#737 = CARTESIAN_POINT('',(5.725952477392,14.729025889416));
#738 = CARTESIAN_POINT('',(5.730805849165,14.665946684997));
#739 = CARTESIAN_POINT('',(5.739059721582,14.540238796678));
#740 = CARTESIAN_POINT('',(5.742545187604,14.480622687801));
#741 = CARTESIAN_POINT('',(5.745903730614,14.4167414206));
#742 = CARTESIAN_POINT('',(5.749132213495,14.348994249128));
#743 = CARTESIAN_POINT('',(5.75222914507,14.277756468644));
#744 = CARTESIAN_POINT('',(5.755194356371,14.203370449133));
#745 = CARTESIAN_POINT('',(5.758028736065,14.12613858936));
#746 = CARTESIAN_POINT('',(5.767249601741,13.854074059593));
#747 = CARTESIAN_POINT('',(5.773005142933,13.647145613845));
#748 = CARTESIAN_POINT('',(5.778041245026,13.428859673511));
#749 = CARTESIAN_POINT('',(5.78238358071,13.201847908243));
#750 = CARTESIAN_POINT('',(5.786059584617,12.968294449398));
#751 = CARTESIAN_POINT('',(5.789093491453,12.729876663645));
#752 = CARTESIAN_POINT('',(5.791507107841,12.487801233275));
#753 = CARTESIAN_POINT('',(5.794085772951,12.137718850886));
#754 = CARTESIAN_POINT('',(5.794747095289,12.032219942019));
#755 = CARTESIAN_POINT('',(5.795297129622,11.926324058011));
#756 = CARTESIAN_POINT('',(5.795736580657,11.820115695694));
#757 = CARTESIAN_POINT('',(5.79606594599,11.713676030461));
#758 = CARTESIAN_POINT('',(5.796285514593,11.607083027458));
#759 = CARTESIAN_POINT('',(5.796395365302,11.500411552777));
#760 = CARTESIAN_POINT('',(5.796395365302,11.173234991789));
#761 = CARTESIAN_POINT('',(5.795926042643,10.952852578628));
#762 = CARTESIAN_POINT('',(5.79498710011,10.733128125921));
#763 = CARTESIAN_POINT('',(5.793573057268,10.514713194791));
#764 = CARTESIAN_POINT('',(5.791674697751,10.298371433392));
#765 = CARTESIAN_POINT('',(5.789280026837,10.084976600725));
#766 = CARTESIAN_POINT('',(5.786373484869,9.875521634845));
#767 = CARTESIAN_POINT('',(5.781530700085,9.587926541122));
#768 = CARTESIAN_POINT('',(5.780040781478,9.505556524517));
#769 = CARTESIAN_POINT('',(5.778460972263,9.424125817535));
#770 = CARTESIAN_POINT('',(5.776789797719,9.343727068857));
#771 = CARTESIAN_POINT('',(5.775025744464,9.264464009156));
#772 = CARTESIAN_POINT('',(5.773167262484,9.186451559025));
#773 = CARTESIAN_POINT('',(5.771212767163,9.109815936898));
#774 = CARTESIAN_POINT('',(5.766994915041,8.955415082502));
#775 = CARTESIAN_POINT('',(5.764720673022,8.877830525868));
#776 = CARTESIAN_POINT('',(5.762335941038,8.802098823436));
#777 = CARTESIAN_POINT('',(5.759838994812,8.728405017888));
#778 = CARTESIAN_POINT('',(5.757228459563,8.656959690445));
#779 = CARTESIAN_POINT('',(5.75450340957,8.587997183071));
#780 = CARTESIAN_POINT('',(5.751663467739,8.521773820683));
#781 = CARTESIAN_POINT('',(5.746509833441,8.411520848308));
#782 = CARTESIAN_POINT('',(5.74424743213,8.366149936637));
#783 = CARTESIAN_POINT('',(5.741921943176,8.322568808783));
#784 = CARTESIAN_POINT('',(5.739533992282,8.280903004759));
#785 = CARTESIAN_POINT('',(5.737084663056,8.241285605647));
#786 = CARTESIAN_POINT('',(5.734575571155,8.203854645088));
#787 = CARTESIAN_POINT('',(5.732008938419,8.168750520776));
#788 = CARTESIAN_POINT('',(5.728022835201,8.119120059709));
#789 = CARTESIAN_POINT('',(5.726643210395,8.102795730888));
#790 = CARTESIAN_POINT('',(5.725249221295,8.087160299844));
#791 = CARTESIAN_POINT('',(5.723841349268,8.072233554049));
#792 = CARTESIAN_POINT('',(5.722420131646,8.058034995804));
#793 = CARTESIAN_POINT('',(5.720986165024,8.044583649953));
#794 = CARTESIAN_POINT('',(5.719540108554,8.031897871601));
#795 = CARTESIAN_POINT('',(5.715198987873,7.996444064368));
#796 = CARTESIAN_POINT('',(5.712270360825,7.975955307243));
#797 = CARTESIAN_POINT('',(5.709302907174,7.958669263109));
#798 = CARTESIAN_POINT('',(5.706303286841,7.944706888245));
#799 = CARTESIAN_POINT('',(5.703278732661,7.93416533234));
#800 = CARTESIAN_POINT('',(5.700237064458,7.927113556278));
#801 = CARTESIAN_POINT('',(5.697186703111,7.923587949928));
#802 = CARTESIAN_POINT('',(5.692036609959,7.923587949928));
#803 = CARTESIAN_POINT('',(5.689936469713,7.925259324235));
#804 = CARTESIAN_POINT('',(5.687839126441,7.928602174817));
#805 = CARTESIAN_POINT('',(5.685747342193,7.933608493256));
#806 = CARTESIAN_POINT('',(5.683663778768,7.940262686549));
#807 = CARTESIAN_POINT('',(5.681590997948,7.948542102912));
#808 = CARTESIAN_POINT('',(5.679531461737,7.958417557576));
#809 = CARTESIAN_POINT('',(5.676562899614,7.975027414275));
#810 = CARTESIAN_POINT('',(5.675641445312,7.980520493692));
#811 = CARTESIAN_POINT('',(5.67472338009,7.986329858781));
#812 = CARTESIAN_POINT('',(5.673808906171,7.992452093148));
#813 = CARTESIAN_POINT('',(5.672898217608,7.998883602065));
#814 = CARTESIAN_POINT('',(5.671991500282,8.005620612469));
#815 = CARTESIAN_POINT('',(5.671088931906,8.012659172966));
#816 = CARTESIAN_POINT('',(5.66874697388,8.031785876532));
#817 = CARTESIAN_POINT('',(5.667314417732,8.044344992874));
#818 = CARTESIAN_POINT('',(5.665893718275,8.057655499695));
#819 = CARTESIAN_POINT('',(5.664485516822,8.07169956311));
#820 = CARTESIAN_POINT('',(5.663090394442,8.086458702152));
#821 = CARTESIAN_POINT('',(5.661708875105,8.101913972427));
#822 = CARTESIAN_POINT('',(5.660341428823,8.118046149763));
#823 = CARTESIAN_POINT('',(5.65636779786,8.167357748654));
#824 = CARTESIAN_POINT('',(5.653801568083,8.202346093197));
#825 = CARTESIAN_POINT('',(5.651292698636,8.239661182045));
#826 = CARTESIAN_POINT('',(5.648843422327,8.279162952626));
#827 = CARTESIAN_POINT('',(5.646455365608,8.320713637841));
#828 = CARTESIAN_POINT('',(5.6441296226,8.364180358674));
#829 = CARTESIAN_POINT('',(5.641866829106,8.409437716793));
#830 = CARTESIAN_POINT('',(5.63671387029,8.519386319));
#831 = CARTESIAN_POINT('',(5.63387474442,8.585415802086));
#832 = CARTESIAN_POINT('',(5.631150152045,8.654183046073));
#833 = CARTESIAN_POINT('',(5.628539735721,8.725432332025));
#834 = CARTESIAN_POINT('',(5.626042587268,8.798929801369));
#835 = CARTESIAN_POINT('',(5.623657347493,8.87446524484));
#836 = CARTESIAN_POINT('',(5.621382305917,8.951853891437));
#837 = CARTESIAN_POINT('',(5.612004018033,9.294143689538));
#838 = CARTESIAN_POINT('',(5.606005355181,9.575621847317));
#839 = CARTESIAN_POINT('',(5.60112278745,9.870045827282));
#840 = CARTESIAN_POINT('',(5.597305375474,10.173500846481));
#841 = CARTESIAN_POINT('',(5.594500999784,10.482769790448));
#842 = CARTESIAN_POINT('',(5.592674454027,10.795469104626));
#843 = CARTESIAN_POINT('',(5.591798210942,11.109905157205));
#844 = CARTESIAN_POINT('',(5.591882203443,11.425268029142));
#845 = ( GEOMETRIC_REPRESENTATION_CONTEXT(2) 
PARAMETRIC_REPRESENTATION_CONTEXT() REPRESENTATION_CONTEXT('2D SPACE',''
  ) );
#846 = PCURVE('',#847,#852);
#847 = CONICAL_SURFACE('',#848,4.185714285714,0.428778027446);
#848 = AXIS2_PLACEMENT_3D('',#849,#850,#851);
#849 = CARTESIAN_POINT('',(29.101459442669,-19.44497353186,
    39.276903830933));
#850 = DIRECTION('',(0.828198879572,-0.553384799279,-8.861083344205E-02)
  );
#851 = DIRECTION('',(-0.55557023302,-0.831469612303,-2.211711532122E-16)
  );
#852 = DEFINITIONAL_REPRESENTATION('',(#853),#996);
#853 = B_SPLINE_CURVE_WITH_KNOTS('',8,(#854,#855,#856,#857,#858,#859,
    #860,#861,#862,#863,#864,#865,#866,#867,#868,#869,#870,#871,#872,
    #873,#874,#875,#876,#877,#878,#879,#880,#881,#882,#883,#884,#885,
    #886,#887,#888,#889,#890,#891,#892,#893,#894,#895,#896,#897,#898,
    #899,#900,#901,#902,#903,#904,#905,#906,#907,#908,#909,#910,#911,
    #912,#913,#914,#915,#916,#917,#918,#919,#920,#921,#922,#923,#924,
    #925,#926,#927,#928,#929,#930,#931,#932,#933,#934,#935,#936,#937,
    #938,#939,#940,#941,#942,#943,#944,#945,#946,#947,#948,#949,#950,
    #951,#952,#953,#954,#955,#956,#957,#958,#959,#960,#961,#962,#963,
    #964,#965,#966,#967,#968,#969,#970,#971,#972,#973,#974,#975,#976,
    #977,#978,#979,#980,#981,#982,#983,#984,#985,#986,#987,#988,#989,
    #990,#991,#992,#993,#994,#995),.UNSPECIFIED.,.F.,.F.,(9,7,7,7,7,7,7,
    7,7,7,7,7,7,7,7,7,7,7,7,7,9),(0.,0.130808191462,0.171881043848,
    0.202345364113,0.24938941132,0.305977620942,0.349907404208,
    0.455710472977,0.501048039576,0.594758633328,0.632921819055,
    0.673197620486,0.703174774207,0.718783143854,0.749666351949,
    0.770930827413,0.780550454223,0.79601155675,0.825959769201,
    0.866170873749,1.),.UNSPECIFIED.);
#854 = CARTESIAN_POINT('',(4.475797510395E-11,-1.674334756206));
#855 = CARTESIAN_POINT('',(-9.048592894119E-02,-1.674197730429));
#856 = CARTESIAN_POINT('',(-0.180738785166,-1.670936369807));
#857 = CARTESIAN_POINT('',(-0.271488513944,-1.664587921031));
#858 = CARTESIAN_POINT('',(-0.363224599364,-1.655241950132));
#859 = CARTESIAN_POINT('',(-0.456363075047,-1.643099457725));
#860 = CARTESIAN_POINT('',(-0.551366666603,-1.628537721239));
#861 = CARTESIAN_POINT('',(-0.648742750063,-1.612132300614));
#862 = CARTESIAN_POINT('',(-0.781130283137,-1.589248882611));
#863 = CARTESIAN_POINT('',(-0.813080476687,-1.583684286331));
#864 = CARTESIAN_POINT('',(-0.845369398921,-1.578050290614));
#865 = CARTESIAN_POINT('',(-0.87801829265,-1.572377950717));
#866 = CARTESIAN_POINT('',(-0.911046229958,-1.566702356414));
#867 = CARTESIAN_POINT('',(-0.944470680528,-1.561062565471));
#868 = CARTESIAN_POINT('',(-0.978308079957,-1.555501537129));
#869 = CARTESIAN_POINT('',(-1.037990214816,-1.546034498822));
#870 = CARTESIAN_POINT('',(-1.063640055397,-1.54207232038));
#871 = CARTESIAN_POINT('',(-1.089528940491,-1.538198620441));
#872 = CARTESIAN_POINT('',(-1.115659825943,-1.534434021718));
#873 = CARTESIAN_POINT('',(-1.14203334008,-1.53080028039));
#874 = CARTESIAN_POINT('',(-1.16864752102,-1.527319887046));
#875 = CARTESIAN_POINT('',(-1.19549755398,-1.524015667628));
#876 = CARTESIAN_POINT('',(-1.2643902139,-1.516115099567));
#877 = CARTESIAN_POINT('',(-1.306773349437,-1.511791267495));
#878 = CARTESIAN_POINT('',(-1.349663222466,-1.508027030975));
#879 = CARTESIAN_POINT('',(-1.392990952196,-1.504905734772));
#880 = CARTESIAN_POINT('',(-1.436678817424,-1.502499934088));
#881 = CARTESIAN_POINT('',(-1.480634033579,-1.500864949658));
#882 = CARTESIAN_POINT('',(-1.524737959156,-1.500031969464));
#883 = CARTESIAN_POINT('',(-1.621868920098,-1.499963080161));
#884 = CARTESIAN_POINT('',(-1.674940007432,-1.501085458012));
#885 = CARTESIAN_POINT('',(-1.727752282654,-1.50337131573));
#886 = CARTESIAN_POINT('',(-1.780113753509,-1.506757017179));
#887 = CARTESIAN_POINT('',(-1.83188290405,-1.511130960588));
#888 = CARTESIAN_POINT('',(-1.882946031297,-1.516352325315));
#889 = CARTESIAN_POINT('',(-1.93320894559,-1.522267411992));
#890 = CARTESIAN_POINT('',(-2.020926278677,-1.53373198824));
#891 = CARTESIAN_POINT('',(-2.058760810813,-1.539071211765));
#892 = CARTESIAN_POINT('',(-2.096091037224,-1.544672432809));
#893 = CARTESIAN_POINT('',(-2.132921349648,-1.550470637242));
#894 = CARTESIAN_POINT('',(-2.169262242484,-1.556404900929));
#895 = CARTESIAN_POINT('',(-2.205129639384,-1.562419852561));
#896 = CARTESIAN_POINT('',(-2.240545213997,-1.568466311264));
#897 = CARTESIAN_POINT('',(-2.359815674042,-1.589035636004));
#898 = CARTESIAN_POINT('',(-2.441494332504,-1.603477464328));
#899 = CARTESIAN_POINT('',(-2.521142618854,-1.617251118539));
#900 = CARTESIAN_POINT('',(-2.599078145653,-1.629914362467));
#901 = CARTESIAN_POINT('',(-2.675585327105,-1.641141914807));
#902 = CARTESIAN_POINT('',(-2.750921428553,-1.650714310419));
#903 = CARTESIAN_POINT('',(-2.825380778056,-1.658487150143));
#904 = CARTESIAN_POINT('',(-2.9310367019,-1.666874694313));
#905 = CARTESIAN_POINT('',(-2.962619518773,-1.669040033662));
#906 = CARTESIAN_POINT('',(-2.994111347465,-1.670846612606));
#907 = CARTESIAN_POINT('',(-3.025530835531,-1.67228811239));
#908 = CARTESIAN_POINT('',(-3.056896054267,-1.673359906816));
#909 = CARTESIAN_POINT('',(-3.088225014539,-1.67405898044));
#910 = CARTESIAN_POINT('',(-3.119536182627,-1.674383846767));
#911 = CARTESIAN_POINT('',(-3.215571092058,-1.674232399688));
#912 = CARTESIAN_POINT('',(-3.280257755867,-1.6725314916));
#913 = CARTESIAN_POINT('',(-3.34510821743,-1.669235010179));
#914 = CARTESIAN_POINT('',(-3.410287471503,-1.664368598145));
#915 = CARTESIAN_POINT('',(-3.475953459727,-1.657987658296));
#916 = CARTESIAN_POINT('',(-3.542269892606,-1.650183226042));
#917 = CARTESIAN_POINT('',(-3.609426217778,-1.64108722913));
#918 = CARTESIAN_POINT('',(-3.705484805002,-1.626720389502));
#919 = CARTESIAN_POINT('',(-3.733461757571,-1.622378825174));
#920 = CARTESIAN_POINT('',(-3.761633404424,-1.617865701784));
#921 = CARTESIAN_POINT('',(-3.790015535496,-1.613195103238));
#922 = CARTESIAN_POINT('',(-3.818623929381,-1.608382991951));
#923 = CARTESIAN_POINT('',(-3.847474857832,-1.603447363662));
#924 = CARTESIAN_POINT('',(-3.876585590239,-1.598408402238));
#925 = CARTESIAN_POINT('',(-3.936991122437,-1.587885449559));
#926 = CARTESIAN_POINT('',(-3.968314421478,-1.582392878622));
#927 = CARTESIAN_POINT('',(-3.999968191295,-1.576836989108));
#928 = CARTESIAN_POINT('',(-4.031973204741,-1.571247815992));
#929 = CARTESIAN_POINT('',(-4.06434815225,-1.565659302894));
#930 = CARTESIAN_POINT('',(-4.097110182603,-1.560109243192));
#931 = CARTESIAN_POINT('',(-4.130275443701,-1.554639221134));
#932 = CARTESIAN_POINT('',(-4.188856223764,-1.545316533044));
#933 = CARTESIAN_POINT('',(-4.214082997092,-1.54140826586));
#934 = CARTESIAN_POINT('',(-4.239544980767,-1.537588427517));
#935 = CARTESIAN_POINT('',(-4.265245168981,-1.533877210422));
#936 = CARTESIAN_POINT('',(-4.291184254585,-1.530295931099));
#937 = CARTESIAN_POINT('',(-4.317360371004,-1.526866638032));
#938 = CARTESIAN_POINT('',(-4.343768834158,-1.523611719501));
#939 = CARTESIAN_POINT('',(-4.384269061245,-1.518961177378));
#940 = CARTESIAN_POINT('',(-4.398196918823,-1.517422185935));
#941 = CARTESIAN_POINT('',(-4.412184158036,-1.515939688974));
#942 = CARTESIAN_POINT('',(-4.426229228342,-1.51451682104));
#943 = CARTESIAN_POINT('',(-4.440330298523,-1.513156668095));
#944 = CARTESIAN_POINT('',(-4.454485227471,-1.51186223628));
#945 = CARTESIAN_POINT('',(-4.468691534978,-1.510636420668));
#946 = CARTESIAN_POINT('',(-4.511151439681,-1.507197749838));
#947 = CARTESIAN_POINT('',(-4.539550811115,-1.505192577516));
#948 = CARTESIAN_POINT('',(-4.56811731404,-1.503488337051));
#949 = CARTESIAN_POINT('',(-4.596823049958,-1.50210397112));
#950 = CARTESIAN_POINT('',(-4.625638216563,-1.501054747585));
#951 = CARTESIAN_POINT('',(-4.654529929648,-1.50035152198));
#952 = CARTESIAN_POINT('',(-4.683461045016,-1.500000000001));
#953 = CARTESIAN_POINT('',(-4.732307162785,-1.500000000001));
#954 = CARTESIAN_POINT('',(-4.752225961108,-1.500166658097));
#955 = CARTESIAN_POINT('',(-4.772132243876,-1.500500000374));
#956 = CARTESIAN_POINT('',(-4.792013800506,-1.500998773089));
#957 = CARTESIAN_POINT('',(-4.811859148961,-1.501660530281));
#958 = CARTESIAN_POINT('',(-4.831657343401,-1.502481721369));
#959 = CARTESIAN_POINT('',(-4.851397781836,-1.503457778754));
#960 = CARTESIAN_POINT('',(-4.879969341201,-1.505092326123));
#961 = CARTESIAN_POINT('',(-4.888854856824,-1.505632026871));
#962 = CARTESIAN_POINT('',(-4.897725679061,-1.506201799645));
#963 = CARTESIAN_POINT('',(-4.906580969963,-1.506801108003));
#964 = CARTESIAN_POINT('',(-4.915419935209,-1.507429387094));
#965 = CARTESIAN_POINT('',(-4.924241824108,-1.508086043651));
#966 = CARTESIAN_POINT('',(-4.933045929599,-1.508770455995));
#967 = CARTESIAN_POINT('',(-4.955952299156,-1.510625558247));
#968 = CARTESIAN_POINT('',(-4.9700253889,-1.511839174667));
#969 = CARTESIAN_POINT('',(-4.984048088848,-1.51312014759));
#970 = CARTESIAN_POINT('',(-4.9980179849,-1.514465664201));
#971 = CARTESIAN_POINT('',(-5.011932989563,-1.5158728044));
#972 = CARTESIAN_POINT('',(-5.025791314018,-1.517338570652));
#973 = CARTESIAN_POINT('',(-5.039591440188,-1.518859917813));
#974 = CARTESIAN_POINT('',(-5.079947787468,-1.523482365582));
#975 = CARTESIAN_POINT('',(-5.106339582871,-1.526727944502));
#976 = CARTESIAN_POINT('',(-5.132499638363,-1.53014825162));
#977 = CARTESIAN_POINT('',(-5.158423195552,-1.533720954156));
#978 = CARTESIAN_POINT('',(-5.184108318459,-1.537424047852));
#979 = CARTESIAN_POINT('',(-5.209555633655,-1.541236250168));
#980 = CARTESIAN_POINT('',(-5.234768070409,-1.545137393467));
#981 = CARTESIAN_POINT('',(-5.293294343849,-1.554441202439));
#982 = CARTESIAN_POINT('',(-5.326420206012,-1.55989973697));
#983 = CARTESIAN_POINT('',(-5.359143695476,-1.565439233587));
#984 = CARTESIAN_POINT('',(-5.391480809873,-1.571018209034));
#985 = CARTESIAN_POINT('',(-5.423448569186,-1.576598947552));
#986 = CARTESIAN_POINT('',(-5.455065548644,-1.582147563432));
#987 = CARTESIAN_POINT('',(-5.486352411597,-1.587634063551));
#988 = CARTESIAN_POINT('',(-5.620439046946,-1.610998988695));
#989 = CARTESIAN_POINT('',(-5.719948109558,-1.627953706853));
#990 = CARTESIAN_POINT('',(-5.81697751641,-1.642978543499));
#991 = CARTESIAN_POINT('',(-5.9120653932,-1.655451677915));
#992 = CARTESIAN_POINT('',(-6.005725955135,-1.664975117293));
#993 = CARTESIAN_POINT('',(-6.098395312666,-1.671344215771));
#994 = CARTESIAN_POINT('',(-6.190614364018,-1.674474939389));
#995 = CARTESIAN_POINT('',(-6.28318530718,-1.674334756206));
#996 = ( GEOMETRIC_REPRESENTATION_CONTEXT(2) 
PARAMETRIC_REPRESENTATION_CONTEXT() REPRESENTATION_CONTEXT('2D SPACE',''
  ) );
#997 = FACE_BOUND('',#998,.F.);
#998 = EDGE_LOOP('',(#999));
#999 = ORIENTED_EDGE('',*,*,#1000,.T.);
#1000 = EDGE_CURVE('',#1001,#1001,#1003,.T.);
#1001 = VERTEX_POINT('',#1002);
#1002 = CARTESIAN_POINT('',(33.664940124699,-10.18738600818,
    58.144604362154));
#1003 = SURFACE_CURVE('',#1004,(#1147,#1293),.PCURVE_S1.);
#1004 = B_SPLINE_CURVE_WITH_KNOTS('',8,(#1005,#1006,#1007,#1008,#1009,
    #1010,#1011,#1012,#1013,#1014,#1015,#1016,#1017,#1018,#1019,#1020,
    #1021,#1022,#1023,#1024,#1025,#1026,#1027,#1028,#1029,#1030,#1031,
    #1032,#1033,#1034,#1035,#1036,#1037,#1038,#1039,#1040,#1041,#1042,
    #1043,#1044,#1045,#1046,#1047,#1048,#1049,#1050,#1051,#1052,#1053,
    #1054,#1055,#1056,#1057,#1058,#1059,#1060,#1061,#1062,#1063,#1064,
    #1065,#1066,#1067,#1068,#1069,#1070,#1071,#1072,#1073,#1074,#1075,
    #1076,#1077,#1078,#1079,#1080,#1081,#1082,#1083,#1084,#1085,#1086,
    #1087,#1088,#1089,#1090,#1091,#1092,#1093,#1094,#1095,#1096,#1097,
    #1098,#1099,#1100,#1101,#1102,#1103,#1104,#1105,#1106,#1107,#1108,
    #1109,#1110,#1111,#1112,#1113,#1114,#1115,#1116,#1117,#1118,#1119,
    #1120,#1121,#1122,#1123,#1124,#1125,#1126,#1127,#1128,#1129,#1130,
    #1131,#1132,#1133,#1134,#1135,#1136,#1137,#1138,#1139,#1140,#1141,
    #1142,#1143,#1144,#1145,#1146),.UNSPECIFIED.,.T.,.F.,(9,7,7,7,7,7,7,
    7,7,7,7,7,7,7,7,7,7,7,7,7,9),(0.,0.130418598534,0.17161692921,
    0.202290239984,0.249633430853,0.297242094057,0.327916653635,
    0.369117649362,0.402476858604,0.429113063061,0.501053990578,
    0.573216133918,0.599511009485,0.632669783844,0.673017164271,
    0.703037210525,0.749702505249,0.796220776885,0.826212481614,
    0.866495808853,1.),.UNSPECIFIED.);
#1005 = CARTESIAN_POINT('',(33.664940124699,-10.18738600818,
    58.144604362154));
#1006 = CARTESIAN_POINT('',(33.691846764242,-10.19279601965,
    58.451708922427));
#1007 = CARTESIAN_POINT('',(33.72751933563,-10.16897443421,
    58.757958474573));
#1008 = CARTESIAN_POINT('',(33.771805654892,-10.1161053111,
    59.062404125894));
#1009 = CARTESIAN_POINT('',(33.824632788832,-10.0333599985,
    59.363371500231));
#1010 = CARTESIAN_POINT('',(33.885820192653,-9.919634266656,
    59.658609301826));
#1011 = CARTESIAN_POINT('',(33.955056858083,-9.773305047349,
    59.945151118325));
#1012 = CARTESIAN_POINT('',(34.031792205387,-9.59273501164,
    60.219461042068));
#1013 = CARTESIAN_POINT('',(34.141857169467,-9.305933357232,
    60.558216138958));
#1014 = CARTESIAN_POINT('',(34.168951249237,-9.233398570549,
    60.637800181662));
#1015 = CARTESIAN_POINT('',(34.196690804078,-9.157104533796,
    60.715484345784));
#1016 = CARTESIAN_POINT('',(34.225041415002,-9.076984312773,
    60.791078086096));
#1017 = CARTESIAN_POINT('',(34.253960212491,-8.992981538668,
    60.86436462451));
#1018 = CARTESIAN_POINT('',(34.283395416711,-8.905053888143,
    60.935102831792));
#1019 = CARTESIAN_POINT('',(34.313285877727,-8.813176563434,
    61.003029109269));
#1020 = CARTESIAN_POINT('',(34.366101005866,-8.645997065198,
    61.116127140911));
#1021 = CARTESIAN_POINT('',(34.38885265469,-8.572462347752,
    61.162674877789));
#1022 = CARTESIAN_POINT('',(34.41178525622,-8.496744483666,
    61.207383680567));
#1023 = CARTESIAN_POINT('',(34.434863542224,-8.41885883639,
    61.250124379242));
#1024 = CARTESIAN_POINT('',(34.458047395415,-8.338835919922,
    61.290760097953));
#1025 = CARTESIAN_POINT('',(34.481291962666,-8.25672404947,
    61.329148918525));
#1026 = CARTESIAN_POINT('',(34.50454776822,-8.172591992125,
    61.365146544009));
#1027 = CARTESIAN_POINT('',(34.563589377537,-7.953700415468,
    61.450257043641));
#1028 = CARTESIAN_POINT('',(34.599338017574,-7.816194641423,
    61.495897679951));
#1029 = CARTESIAN_POINT('',(34.63477932982,-7.674450996794,
    61.534947095327));
#1030 = CARTESIAN_POINT('',(34.669674486576,-7.52901258083,
    61.566876298957));
#1031 = CARTESIAN_POINT('',(34.703779206132,-7.38053687114,
    61.591228119069));
#1032 = CARTESIAN_POINT('',(34.736850878032,-7.229806684394,
    61.607648805415));
#1033 = CARTESIAN_POINT('',(34.768656857114,-7.077744117202,
    61.615934200194));
#1034 = CARTESIAN_POINT('',(34.82948105161,-6.772256716347,
    61.616247630949));
#1035 = CARTESIAN_POINT('',(34.858504813678,-6.618717633941,
    61.608184352878));
#1036 = CARTESIAN_POINT('',(34.885834255155,-6.465907899329,
    61.591888873294));
#1037 = CARTESIAN_POINT('',(34.911327906664,-6.314786038006,
    61.567565352081));
#1038 = CARTESIAN_POINT('',(34.934908236061,-6.166183583717,
    61.535571526928));
#1039 = CARTESIAN_POINT('',(34.956548361646,-6.02081489599,
    61.496371382317));
#1040 = CARTESIAN_POINT('',(34.976261029339,-5.879284633079,
    61.450502839453));
#1041 = CARTESIAN_POINT('',(35.005577076981,-5.653699375636,
    61.365093671696));
#1042 = CARTESIAN_POINT('',(35.016286833359,-5.567071286871,
    61.329091650298));
#1043 = CARTESIAN_POINT('',(35.026233848299,-5.48231413671,
    61.29069843064));
#1044 = CARTESIAN_POINT('',(35.035437521258,-5.399510378108,
    61.250058322421));
#1045 = CARTESIAN_POINT('',(35.043920806862,-5.318721800029,
    61.207313253965));
#1046 = CARTESIAN_POINT('',(35.051709095964,-5.239991933174,
    61.162600108831));
#1047 = CARTESIAN_POINT('',(35.058829096702,-5.163348455717,
    61.116048062422));
#1048 = CARTESIAN_POINT('',(35.074009569847,-4.988682240746,
    61.002938463086));
#1049 = CARTESIAN_POINT('',(35.081553450908,-4.892358948157,
    60.935004809999));
#1050 = CARTESIAN_POINT('',(35.088006399294,-4.799859354639,
    60.864259174062));
#1051 = CARTESIAN_POINT('',(35.093434410458,-4.711183927666,
    60.790965177219));
#1052 = CARTESIAN_POINT('',(35.097901527974,-4.626313359809,
    60.715363967324));
#1053 = CARTESIAN_POINT('',(35.101468936749,-4.545211959713,
    60.637672336831));
#1054 = CARTESIAN_POINT('',(35.104194056248,-4.467831043085,
    60.558080841492));
#1055 = CARTESIAN_POINT('',(35.107696812659,-4.334424489863,
    60.410902332321));
#1056 = CARTESIAN_POINT('',(35.108746319491,-4.277141948948,
    60.343918750263));
#1057 = CARTESIAN_POINT('',(35.109306287036,-4.222235649194,
    60.275890183208));
#1058 = CARTESIAN_POINT('',(35.10940297872,-4.169676520524,
    60.206899197255));
#1059 = CARTESIAN_POINT('',(35.109060844565,-4.119435563676,
    60.137021936916));
#1060 = CARTESIAN_POINT('',(35.108302577196,-4.071483939368,
    60.066328147765));
#1061 = CARTESIAN_POINT('',(35.107149167846,-4.02579305745,
    59.994881199085));
#1062 = CARTESIAN_POINT('',(35.104398943309,-3.947634604985,
    59.865134278154));
#1063 = CARTESIAN_POINT('',(35.102938381672,-3.914358518253,
    59.807087734984));
#1064 = CARTESIAN_POINT('',(35.101248084951,-3.882492430389,
    59.748628017549));
#1065 = CARTESIAN_POINT('',(35.099337273029,-3.852023032097,
    59.689783158232));
#1066 = CARTESIAN_POINT('',(35.097214578169,-3.822937680264,
    59.630579681257));
#1067 = CARTESIAN_POINT('',(35.094888045017,-3.795224397961,
    59.571042602695));
#1068 = CARTESIAN_POINT('',(35.092365130595,-3.768871874439,
    59.511195430458));
#1069 = CARTESIAN_POINT('',(35.082326793328,-3.676341206061,
    59.288642623524));
#1070 = CARTESIAN_POINT('',(35.073619409377,-3.618668354676,
    59.124140475521));
#1071 = CARTESIAN_POINT('',(35.063666315366,-3.570630136005,
    58.957970174788));
#1072 = CARTESIAN_POINT('',(35.052575774702,-3.532064957242,
    58.790515068373));
#1073 = CARTESIAN_POINT('',(35.040433192934,-3.502853200905,
    58.622129181606));
#1074 = CARTESIAN_POINT('',(35.027303639862,-3.482910565171,
    58.453139396324));
#1075 = CARTESIAN_POINT('',(35.013232252101,-3.472191951379,
    58.283846021609));
#1076 = CARTESIAN_POINT('',(34.98320668719,-3.469215276497,
    57.944676826297));
#1077 = CARTESIAN_POINT('',(34.967252459409,-3.477014655299,
    57.774864181941));
#1078 = CARTESIAN_POINT('',(34.950404832404,-3.494099777303,
    57.605358151834));
#1079 = CARTESIAN_POINT('',(34.932671927196,-3.520521617736,
    57.436462739115));
#1080 = CARTESIAN_POINT('',(34.914046446706,-3.556371815343,
    57.268510532221));
#1081 = CARTESIAN_POINT('',(34.894505201027,-3.60177922551,
    57.101863426991));
#1082 = CARTESIAN_POINT('',(34.87400669746,-3.65691759605,
    56.936915160836));
#1083 = CARTESIAN_POINT('',(34.844645243993,-3.745748361696,
    56.714766510166));
#1084 = CARTESIAN_POINT('',(34.836668352532,-3.770795058067,
    56.655722332482));
#1085 = CARTESIAN_POINT('',(34.828553192268,-3.79717539054,
    56.596984777108));
#1086 = CARTESIAN_POINT('',(34.820296516829,-3.824901008497,
    56.538577009215));
#1087 = CARTESIAN_POINT('',(34.811894762124,-3.853984274903,
    56.480523707967));
#1088 = CARTESIAN_POINT('',(34.80334404634,-3.884438266307,
    56.422851066523));
#1089 = CARTESIAN_POINT('',(34.794640169943,-3.916276772843,
    56.365586792036));
#1090 = CARTESIAN_POINT('',(34.774603880221,-3.991428001212,
    56.237099630722));
#1091 = CARTESIAN_POINT('',(34.763178644113,-4.03556543316,
    56.166136792687));
#1092 = CARTESIAN_POINT('',(34.751493575757,-4.081956514087,
    56.095929141912));
#1093 = CARTESIAN_POINT('',(34.739538807771,-4.130631722018,
    56.026540764503));
#1094 = CARTESIAN_POINT('',(34.727303878613,-4.181622027562,
    55.958042320812));
#1095 = CARTESIAN_POINT('',(34.714777674186,-4.234958828476,
    55.890511083935));
#1096 = CARTESIAN_POINT('',(34.701948369462,-4.290673884232,
    55.824030978215));
#1097 = CARTESIAN_POINT('',(34.672808620558,-4.419525817357,
    55.679189326761));
#1098 = CARTESIAN_POINT('',(34.656347886048,-4.493814541616,
    55.601383914107));
#1099 = CARTESIAN_POINT('',(34.63939783703,-4.571726440807,
    55.525434617068));
#1100 = CARTESIAN_POINT('',(34.621935389166,-4.653314203248,
    55.451526994219));
#1101 = CARTESIAN_POINT('',(34.603938237559,-4.738618979387,
    55.37987213575));
#1102 = CARTESIAN_POINT('',(34.585385391012,-4.827667173052,
    55.310704873791));
#1103 = CARTESIAN_POINT('',(34.566257706272,-4.920467232695,
    55.244281992737));
#1104 = CARTESIAN_POINT('',(34.531866495366,-5.088835431729,
    55.133707177318));
#1105 = CARTESIAN_POINT('',(34.516868182753,-5.16272895538,
    55.088210245945));
#1106 = CARTESIAN_POINT('',(34.501537554454,-5.238677560019,
    55.044505115707));
#1107 = CARTESIAN_POINT('',(34.485870594995,-5.316659322014,
    55.002717334426));
#1108 = CARTESIAN_POINT('',(34.46986582062,-5.39663749284,
    54.962979950388));
#1109 = CARTESIAN_POINT('',(34.453524896493,-5.47855814425,
    54.925430935228));
#1110 = CARTESIAN_POINT('',(34.436853253894,-5.562347813431,
    54.89021060682));
#1111 = CARTESIAN_POINT('',(34.393446284782,-5.780916880398,
    54.806547706518));
#1112 = CARTESIAN_POINT('',(34.366240371853,-5.918289366753,
    54.761570190431));
#1113 = CARTESIAN_POINT('',(34.338300150212,-6.059571233786,
    54.723106003399));
#1114 = CARTESIAN_POINT('',(34.309702893356,-6.204203046566,
    54.691681330745));
#1115 = CARTESIAN_POINT('',(34.280551497356,-6.351517546215,
    54.667750941163));
#1116 = CARTESIAN_POINT('',(34.250979676729,-6.500731199479,
    54.651666019091));
#1117 = CARTESIAN_POINT('',(34.221156825544,-6.650933060337,
    54.643627931898));
#1118 = CARTESIAN_POINT('',(34.161522351965,-6.950735804452,
    54.643627931899));
#1119 = CARTESIAN_POINT('',(34.131689832161,-7.100443455118,
    54.651615444824));
#1120 = CARTESIAN_POINT('',(34.102001951266,-7.249151887943,
    54.667599118109));
#1121 = CARTESIAN_POINT('',(34.072649034774,-7.395962848631,
    54.691380195171));
#1122 = CARTESIAN_POINT('',(34.043805854772,-7.540107624769,
    54.72261178828));
#1123 = CARTESIAN_POINT('',(34.015631399552,-7.680935136875,
    54.760844351886));
#1124 = CARTESIAN_POINT('',(33.988267324807,-7.817902332,54.80555735641)
  );
#1125 = CARTESIAN_POINT('',(33.944793441015,-8.036099635281,
    54.88881324773));
#1126 = CARTESIAN_POINT('',(33.92813252619,-8.119877060005,
    54.923917596523));
#1127 = CARTESIAN_POINT('',(33.911879806275,-8.201806944806,
    54.961350529924));
#1128 = CARTESIAN_POINT('',(33.896058423491,-8.281818983538,
    55.000972065839));
#1129 = CARTESIAN_POINT('',(33.880687527512,-8.359862365115,
    55.042644500157));
#1130 = CARTESIAN_POINT('',(33.865782605034,-8.435903365454,
    55.086234987866));
#1131 = CARTESIAN_POINT('',(33.851355809341,-8.509922939407,
    55.131618124176));
#1132 = CARTESIAN_POINT('',(33.818693438708,-8.678609451427,
    55.241887655265));
#1133 = CARTESIAN_POINT('',(33.800851536631,-8.771635825001,
    55.308115959208));
#1134 = CARTESIAN_POINT('',(33.783911019133,-8.86098738299,
    55.377087236423));
#1135 = CARTESIAN_POINT('',(33.76788642257,-8.946678616341,
    55.448545314329));
#1136 = CARTESIAN_POINT('',(33.752787117076,-9.028741382732,
    55.522255849513));
#1137 = CARTESIAN_POINT('',(33.73861803947,-9.107221731915,
    55.598008128436));
#1138 = CARTESIAN_POINT('',(33.725380426167,-9.182176731057,
    55.675616868137));
#1139 = CARTESIAN_POINT('',(33.672282629037,-9.490613566918,
    56.017758233447));
#1140 = CARTESIAN_POINT('',(33.641783009827,-9.689094926685,
    56.298742502295));
#1141 = CARTESIAN_POINT('',(33.621357186425,-9.852263648644,
    56.592598896656));
#1142 = CARTESIAN_POINT('',(33.610929122701,-9.981757234647,
    56.895440195014));
#1143 = CARTESIAN_POINT('',(33.61027172291,-10.07919793678,
    57.204070605695));
#1144 = CARTESIAN_POINT('',(33.619159993102,-10.14563336414,
    57.516119496929));
#1145 = CARTESIAN_POINT('',(33.637367715636,-10.18184213306,
    57.829900902157));
#1146 = CARTESIAN_POINT('',(33.664940124699,-10.18738600818,
    58.144604362154));
#1147 = PCURVE('',#363,#1148);
#1148 = DEFINITIONAL_REPRESENTATION('',(#1149),#1292);
#1149 = B_SPLINE_CURVE_WITH_KNOTS('',8,(#1150,#1151,#1152,#1153,#1154,
    #1155,#1156,#1157,#1158,#1159,#1160,#1161,#1162,#1163,#1164,#1165,
    #1166,#1167,#1168,#1169,#1170,#1171,#1172,#1173,#1174,#1175,#1176,
    #1177,#1178,#1179,#1180,#1181,#1182,#1183,#1184,#1185,#1186,#1187,
    #1188,#1189,#1190,#1191,#1192,#1193,#1194,#1195,#1196,#1197,#1198,
    #1199,#1200,#1201,#1202,#1203,#1204,#1205,#1206,#1207,#1208,#1209,
    #1210,#1211,#1212,#1213,#1214,#1215,#1216,#1217,#1218,#1219,#1220,
    #1221,#1222,#1223,#1224,#1225,#1226,#1227,#1228,#1229,#1230,#1231,
    #1232,#1233,#1234,#1235,#1236,#1237,#1238,#1239,#1240,#1241,#1242,
    #1243,#1244,#1245,#1246,#1247,#1248,#1249,#1250,#1251,#1252,#1253,
    #1254,#1255,#1256,#1257,#1258,#1259,#1260,#1261,#1262,#1263,#1264,
    #1265,#1266,#1267,#1268,#1269,#1270,#1271,#1272,#1273,#1274,#1275,
    #1276,#1277,#1278,#1279,#1280,#1281,#1282,#1283,#1284,#1285,#1286,
    #1287,#1288,#1289,#1290,#1291),.UNSPECIFIED.,.T.,.F.,(9,7,7,7,7,7,7,
    7,7,7,7,7,7,7,7,7,7,7,7,7,9),(0.,0.130418598534,0.17161692921,
    0.202290239984,0.249633430853,0.297242094057,0.327916653635,
    0.369117649362,0.402476858604,0.429113063061,0.501053990578,
    0.573216133918,0.599511009485,0.632669783844,0.673017164271,
    0.703037210525,0.749702505249,0.796220776885,0.826212481614,
    0.866495808853,1.),.UNSPECIFIED.);
#1150 = CARTESIAN_POINT('',(5.989334693644,30.144604362154));
#1151 = CARTESIAN_POINT('',(5.989409044781,30.451708922427));
#1152 = CARTESIAN_POINT('',(5.990350915899,30.757958474569));
#1153 = CARTESIAN_POINT('',(5.992151350836,31.062404125904));
#1154 = CARTESIAN_POINT('',(5.994829667677,31.363371500219));
#1155 = CARTESIAN_POINT('',(5.998411722995,31.658609301833));
#1156 = CARTESIAN_POINT('',(6.002936576075,31.945151118323));
#1157 = CARTESIAN_POINT('',(6.008442281659,32.219461042068));
#1158 = CARTESIAN_POINT('',(6.017083146858,32.558216138958));
#1159 = CARTESIAN_POINT('',(6.01926197201,32.637800181662));
#1160 = CARTESIAN_POINT('',(6.021547081882,32.715484345784));
#1161 = CARTESIAN_POINT('',(6.02394002092,32.791078086096));
#1162 = CARTESIAN_POINT('',(6.02644200145,32.86436462451));
#1163 = CARTESIAN_POINT('',(6.029053811311,32.935102831792));
#1164 = CARTESIAN_POINT('',(6.031775721476,33.003029109269));
#1165 = CARTESIAN_POINT('',(6.036715652925,33.116127140911));
#1166 = CARTESIAN_POINT('',(6.038884593706,33.162674877789));
#1167 = CARTESIAN_POINT('',(6.041113948133,33.207383680567));
#1168 = CARTESIAN_POINT('',(6.043403083233,33.250124379242));
#1169 = CARTESIAN_POINT('',(6.045750930425,33.290760097953));
#1170 = CARTESIAN_POINT('',(6.048155915001,33.329148918525));
#1171 = CARTESIAN_POINT('',(6.050615885601,33.365146544009));
#1172 = CARTESIAN_POINT('',(6.057005472544,33.450257043641));
#1173 = CARTESIAN_POINT('',(6.06100958501,33.495897679951));
#1174 = CARTESIAN_POINT('',(6.065127186318,33.534947095327));
#1175 = CARTESIAN_POINT('',(6.069342177805,33.566876298957));
#1176 = CARTESIAN_POINT('',(6.073635376197,33.591228119069));
#1177 = CARTESIAN_POINT('',(6.077984235674,33.607648805415));
#1178 = CARTESIAN_POINT('',(6.082362472713,33.615934200194));
#1179 = CARTESIAN_POINT('',(6.091141259009,33.616247630949));
#1180 = CARTESIAN_POINT('',(6.095544996462,33.608184352878));
#1181 = CARTESIAN_POINT('',(6.099919742362,33.591888873294));
#1182 = CARTESIAN_POINT('',(6.104238716988,33.567565352081));
#1183 = CARTESIAN_POINT('',(6.108478944332,33.535571526928));
#1184 = CARTESIAN_POINT('',(6.112620870995,33.496371382317));
#1185 = CARTESIAN_POINT('',(6.116648084278,33.450502839453));
#1186 = CARTESIAN_POINT('',(6.123059308669,33.365093671696));
#1187 = CARTESIAN_POINT('',(6.125519293594,33.329091650298));
#1188 = CARTESIAN_POINT('',(6.12792428609,33.29069843064));
#1189 = CARTESIAN_POINT('',(6.130272135183,33.250058322421));
#1190 = CARTESIAN_POINT('',(6.132561266538,33.207313253965));
#1191 = CARTESIAN_POINT('',(6.134790611942,33.162600108831));
#1192 = CARTESIAN_POINT('',(6.136959538774,33.116048062422));
#1193 = CARTESIAN_POINT('',(6.141899494662,33.002938463086));
#1194 = CARTESIAN_POINT('',(6.144621434205,32.935004809999));
#1195 = CARTESIAN_POINT('',(6.147233260598,32.864259174062));
#1196 = CARTESIAN_POINT('',(6.149735245492,32.790965177219));
#1197 = CARTESIAN_POINT('',(6.152128177322,32.715363967324));
#1198 = CARTESIAN_POINT('',(6.154413268948,32.637672336831));
#1199 = CARTESIAN_POINT('',(6.15659206528,32.558080841492));
#1200 = CARTESIAN_POINT('',(6.160345837726,32.410902332321));
#1201 = CARTESIAN_POINT('',(6.161956684901,32.343918750263));
#1202 = CARTESIAN_POINT('',(6.163499786763,32.275890183208));
#1203 = CARTESIAN_POINT('',(6.164976025679,32.206899197255));
#1204 = CARTESIAN_POINT('',(6.166386270764,32.137021936916));
#1205 = CARTESIAN_POINT('',(6.16773137658,32.066328147765));
#1206 = CARTESIAN_POINT('',(6.169012181832,31.994881199085));
#1207 = CARTESIAN_POINT('',(6.171201502054,31.865134278154));
#1208 = CARTESIAN_POINT('',(6.172133006994,31.807087734984));
#1209 = CARTESIAN_POINT('',(6.173024429128,31.748628017549));
#1210 = CARTESIAN_POINT('',(6.173876153353,31.689783158232));
#1211 = CARTESIAN_POINT('',(6.174688543232,31.630579681257));
#1212 = CARTESIAN_POINT('',(6.17546194099,31.571042602695));
#1213 = CARTESIAN_POINT('',(6.176196667517,31.511195430458));
#1214 = CARTESIAN_POINT('',(6.178773786329,31.288642623524));
#1215 = CARTESIAN_POINT('',(6.180374454801,31.124140475521));
#1216 = CARTESIAN_POINT('',(6.181701247915,30.957970174788));
#1217 = CARTESIAN_POINT('',(6.1827586097,30.790515068373));
#1218 = CARTESIAN_POINT('',(6.183549719746,30.622129181606));
#1219 = CARTESIAN_POINT('',(6.184076696509,30.453139396324));
#1220 = CARTESIAN_POINT('',(6.184340492231,30.283846021609));
#1221 = CARTESIAN_POINT('',(6.184340466752,29.944676826297));
#1222 = CARTESIAN_POINT('',(6.184075019961,29.774864181941));
#1223 = CARTESIAN_POINT('',(6.183543874245,29.605358151834));
#1224 = CARTESIAN_POINT('',(6.182745152498,29.436462739115));
#1225 = CARTESIAN_POINT('',(6.181675782876,29.268510532221));
#1226 = CARTESIAN_POINT('',(6.180331593925,29.101863426991));
#1227 = CARTESIAN_POINT('',(6.178707087383,28.936915160836));
#1228 = CARTESIAN_POINT('',(6.17609811017,28.714766510166));
#1229 = CARTESIAN_POINT('',(6.17536315841,28.655722332482));
#1230 = CARTESIAN_POINT('',(6.174589692762,28.596984777108));
#1231 = CARTESIAN_POINT('',(6.173777351408,28.538577009215));
#1232 = CARTESIAN_POINT('',(6.172925751313,28.480523707967));
#1233 = CARTESIAN_POINT('',(6.172034488224,28.422851066523));
#1234 = CARTESIAN_POINT('',(6.171103136666,28.365586792036));
#1235 = CARTESIAN_POINT('',(6.1689056662,28.237099630722));
#1236 = CARTESIAN_POINT('',(6.167615652326,28.166136792687));
#1237 = CARTESIAN_POINT('',(6.166260288062,28.095929141912));
#1238 = CARTESIAN_POINT('',(6.164838635656,28.026540764503));
#1239 = CARTESIAN_POINT('',(6.163349741743,27.958042320812));
#1240 = CARTESIAN_POINT('',(6.161792639208,27.890511083935));
#1241 = CARTESIAN_POINT('',(6.16016634905,27.824030978215));
#1242 = CARTESIAN_POINT('',(6.156405632499,27.679189326761));
#1243 = CARTESIAN_POINT('',(6.15423767008,27.601383914107));
#1244 = CARTESIAN_POINT('',(6.151964118862,27.525434617068));
#1245 = CARTESIAN_POINT('',(6.1495833417,27.451526994219));
#1246 = CARTESIAN_POINT('',(6.147094035863,27.37987213575));
#1247 = CARTESIAN_POINT('',(6.144495328486,27.310704873791));
#1248 = CARTESIAN_POINT('',(6.141786872006,27.244281992737));
#1249 = CARTESIAN_POINT('',(6.136872286493,27.133707177318));
#1250 = CARTESIAN_POINT('',(6.134715186934,27.088210245945));
#1251 = CARTESIAN_POINT('',(6.132497877231,27.044505115707));
#1252 = CARTESIAN_POINT('',(6.130220958701,27.002717334426));
#1253 = CARTESIAN_POINT('',(6.127885468043,26.962979950388));
#1254 = CARTESIAN_POINT('',(6.125492947695,26.925430935228));
#1255 = CARTESIAN_POINT('',(6.123045516191,26.89021060682));
#1256 = CARTESIAN_POINT('',(6.116660417248,26.806547706518));
#1257 = CARTESIAN_POINT('',(6.112646527385,26.761570190431));
#1258 = CARTESIAN_POINT('',(6.108517553838,26.723106003399));
#1259 = CARTESIAN_POINT('',(6.104289805383,26.691681330745));
#1260 = CARTESIAN_POINT('',(6.099982807713,26.667750941163));
#1261 = CARTESIAN_POINT('',(6.095619563702,26.651666019091));
#1262 = CARTESIAN_POINT('',(6.091226880913,26.643627931898));
#1263 = CARTESIAN_POINT('',(6.082458486337,26.643627931899));
#1264 = CARTESIAN_POINT('',(6.078079653581,26.651615444824));
#1265 = CARTESIAN_POINT('',(6.073729971787,26.667599118109));
#1266 = CARTESIAN_POINT('',(6.069436006417,26.691380195171));
#1267 = CARTESIAN_POINT('',(6.065220571292,26.72261178828));
#1268 = CARTESIAN_POINT('',(6.061103049461,26.760844351886));
#1269 = CARTESIAN_POINT('',(6.057099648293,26.80555735641));
#1270 = CARTESIAN_POINT('',(6.05072457871,26.88881324773));
#1271 = CARTESIAN_POINT('',(6.048277532083,26.923917596523));
#1272 = CARTESIAN_POINT('',(6.045885224346,26.961350529924));
#1273 = CARTESIAN_POINT('',(6.043549784419,27.000972065839));
#1274 = CARTESIAN_POINT('',(6.041272764978,27.042644500157));
#1275 = CARTESIAN_POINT('',(6.039055212695,27.086234987866));
#1276 = CARTESIAN_POINT('',(6.036897738483,27.131618124176));
#1277 = CARTESIAN_POINT('',(6.03198380188,27.241887655265));
#1278 = CARTESIAN_POINT('',(6.029276127701,27.308115959208));
#1279 = CARTESIAN_POINT('',(6.026677859231,27.377087236423));
#1280 = CARTESIAN_POINT('',(6.024188667623,27.448545314329));
#1281 = CARTESIAN_POINT('',(6.021807696743,27.522255849513));
#1282 = CARTESIAN_POINT('',(6.019533658753,27.598008128436));
#1283 = CARTESIAN_POINT('',(6.0173649297,27.675616868137));
#1284 = CARTESIAN_POINT('',(6.008455023055,28.017758233447));
#1285 = CARTESIAN_POINT('',(6.002759677048,28.298742502296));
#1286 = CARTESIAN_POINT('',(5.998122828884,28.592598896654));
#1287 = CARTESIAN_POINT('',(5.994496321053,28.895440195019));
#1288 = CARTESIAN_POINT('',(5.991831065139,29.204070605691));
#1289 = CARTESIAN_POINT('',(5.990093760733,29.51611949693));
#1290 = CARTESIAN_POINT('',(5.989258502786,29.829900902157));
#1291 = CARTESIAN_POINT('',(5.989334693644,30.144604362154));
#1292 = ( GEOMETRIC_REPRESENTATION_CONTEXT(2) 
PARAMETRIC_REPRESENTATION_CONTEXT() REPRESENTATION_CONTEXT('2D SPACE',''
  ) );
#1293 = PCURVE('',#1294,#1299);
#1294 = CONICAL_SURFACE('',#1295,4.185714285714,0.428778027446);
#1295 = AXIS2_PLACEMENT_3D('',#1296,#1297,#1298);
#1296 = CARTESIAN_POINT('',(35.960862029814,-7.153060199364,
    57.996943812912));
#1297 = DIRECTION('',(0.976927188092,-0.194322899741,-8.861083344205E-02
    ));
#1298 = DIRECTION('',(-0.195090322016,-0.980785280403,
    -2.211711532122E-16));
#1299 = DEFINITIONAL_REPRESENTATION('',(#1300),#1443);
#1300 = B_SPLINE_CURVE_WITH_KNOTS('',8,(#1301,#1302,#1303,#1304,#1305,
    #1306,#1307,#1308,#1309,#1310,#1311,#1312,#1313,#1314,#1315,#1316,
    #1317,#1318,#1319,#1320,#1321,#1322,#1323,#1324,#1325,#1326,#1327,
    #1328,#1329,#1330,#1331,#1332,#1333,#1334,#1335,#1336,#1337,#1338,
    #1339,#1340,#1341,#1342,#1343,#1344,#1345,#1346,#1347,#1348,#1349,
    #1350,#1351,#1352,#1353,#1354,#1355,#1356,#1357,#1358,#1359,#1360,
    #1361,#1362,#1363,#1364,#1365,#1366,#1367,#1368,#1369,#1370,#1371,
    #1372,#1373,#1374,#1375,#1376,#1377,#1378,#1379,#1380,#1381,#1382,
    #1383,#1384,#1385,#1386,#1387,#1388,#1389,#1390,#1391,#1392,#1393,
    #1394,#1395,#1396,#1397,#1398,#1399,#1400,#1401,#1402,#1403,#1404,
    #1405,#1406,#1407,#1408,#1409,#1410,#1411,#1412,#1413,#1414,#1415,
    #1416,#1417,#1418,#1419,#1420,#1421,#1422,#1423,#1424,#1425,#1426,
    #1427,#1428,#1429,#1430,#1431,#1432,#1433,#1434,#1435,#1436,#1437,
    #1438,#1439,#1440,#1441,#1442),.UNSPECIFIED.,.F.,.F.,(9,7,7,7,7,7,7,
    7,7,7,7,7,7,7,7,7,7,7,7,7,9),(0.,0.130418598534,0.17161692921,
    0.202290239984,0.249633430853,0.297242094057,0.327916653635,
    0.369117649362,0.402476858604,0.429113063061,0.501053990578,
    0.573216133918,0.599511009485,0.632669783844,0.673017164271,
    0.703037210525,0.749702505249,0.796220776885,0.826212481614,
    0.866495808853,1.),.UNSPECIFIED.);
#1301 = CARTESIAN_POINT('',(0.,-1.666393865249));
#1302 = CARTESIAN_POINT('',(-9.005092397769E-02,-1.666269539462));
#1303 = CARTESIAN_POINT('',(-0.179925251962,-1.663186142222));
#1304 = CARTESIAN_POINT('',(-0.270309965363,-1.657172497067));
#1305 = CARTESIAN_POINT('',(-0.361682307834,-1.648312512659));
#1306 = CARTESIAN_POINT('',(-0.454443794766,-1.63679765589));
#1307 = CARTESIAN_POINT('',(-0.549059216901,-1.622984302454));
#1308 = CARTESIAN_POINT('',(-0.646023436672,-1.607415179277));
#1309 = CARTESIAN_POINT('',(-0.778068900906,-1.585639224014));
#1310 = CARTESIAN_POINT('',(-0.810084505054,-1.580317459286));
#1311 = CARTESIAN_POINT('',(-0.842441032746,-1.574927270959));
#1312 = CARTESIAN_POINT('',(-0.875159865762,-1.569498406356));
#1313 = CARTESIAN_POINT('',(-0.908260205194,-1.56406449074));
#1314 = CARTESIAN_POINT('',(-0.94175963994,-1.558662966972));
#1315 = CARTESIAN_POINT('',(-0.975674715202,-1.55333503516));
#1316 = CARTESIAN_POINT('',(-1.035593644719,-1.544247016257));
#1317 = CARTESIAN_POINT('',(-1.061403136496,-1.540434425233));
#1318 = CARTESIAN_POINT('',(-1.087455097324,-1.536706342492));
#1319 = CARTESIAN_POINT('',(-1.113752545259,-1.533082791198));
#1320 = CARTESIAN_POINT('',(-1.140296126869,-1.529584904767));
#1321 = CARTESIAN_POINT('',(-1.167083848711,-1.526234537199));
#1322 = CARTESIAN_POINT('',(-1.194110808804,-1.523053873413));
#1323 = CARTESIAN_POINT('',(-1.263440889447,-1.515451878255));
#1324 = CARTESIAN_POINT('',(-1.306089000178,-1.511292835432));
#1325 = CARTESIAN_POINT('',(-1.349250343834,-1.507673491201));
#1326 = CARTESIAN_POINT('',(-1.39285475884,-1.504674751902));
#1327 = CARTESIAN_POINT('',(-1.436823149357,-1.502366989652));
#1328 = CARTESIAN_POINT('',(-1.481061140513,-1.500803751888));
#1329 = CARTESIAN_POINT('',(-1.525448078034,-1.500015040911));
#1330 = CARTESIAN_POINT('',(-1.614443485401,-1.499985202543));
#1331 = CARTESIAN_POINT('',(-1.659084087487,-1.500752766208));
#1332 = CARTESIAN_POINT('',(-1.703577289668,-1.502304366504));
#1333 = CARTESIAN_POINT('',(-1.747800129398,-1.504610036039));
#1334 = CARTESIAN_POINT('',(-1.79165646573,-1.50761563146));
#1335 = CARTESIAN_POINT('',(-1.835065662359,-1.511249711869));
#1336 = CARTESIAN_POINT('',(-1.877956058399,-1.515429992131));
#1337 = CARTESIAN_POINT('',(-1.947522000292,-1.523058551968));
#1338 = CARTESIAN_POINT('',(-1.97454958822,-1.526239552068));
#1339 = CARTESIAN_POINT('',(-2.001337914743,-1.529590242732));
#1340 = CARTESIAN_POINT('',(-2.027882080711,-1.533088437009));
#1341 = CARTESIAN_POINT('',(-2.054180095323,-1.536712279277));
#1342 = CARTESIAN_POINT('',(-2.080232607671,-1.540440634873));
#1343 = CARTESIAN_POINT('',(-2.106042638285,-1.544253479727));
#1344 = CARTESIAN_POINT('',(-2.165963629962,-1.553342172296));
#1345 = CARTESIAN_POINT('',(-2.199880198887,-1.558670513692));
#1346 = CARTESIAN_POINT('',(-2.233381094328,-1.564072412445));
#1347 = CARTESIAN_POINT('',(-2.266482867238,-1.56950666472));
#1348 = CARTESIAN_POINT('',(-2.299203111449,-1.574935824798));
#1349 = CARTESIAN_POINT('',(-2.331561032475,-1.580326265285));
#1350 = CARTESIAN_POINT('',(-2.363578016313,-1.585648237323));
#1351 = CARTESIAN_POINT('',(-2.420944883804,-1.595108637255));
#1352 = CARTESIAN_POINT('',(-2.446401968935,-1.599279183918));
#1353 = CARTESIAN_POINT('',(-2.471661324963,-1.603373619757));
#1354 = CARTESIAN_POINT('',(-2.496734088923,-1.60737925255));
#1355 = CARTESIAN_POINT('',(-2.521630910327,-1.611284578851));
#1356 = CARTESIAN_POINT('',(-2.546362197932,-1.615079213965));
#1357 = CARTESIAN_POINT('',(-2.570938366509,-1.618753821912));
#1358 = CARTESIAN_POINT('',(-2.614877986422,-1.625131585358));
#1359 = CARTESIAN_POINT('',(-2.634293478139,-1.627881200829));
#1360 = CARTESIAN_POINT('',(-2.653621662336,-1.630544643966));
#1361 = CARTESIAN_POINT('',(-2.672867514758,-1.633117977886));
#1362 = CARTESIAN_POINT('',(-2.692035883315,-1.635597576677));
#1363 = CARTESIAN_POINT('',(-2.71113148808,-1.637980125395));
#1364 = CARTESIAN_POINT('',(-2.730158921293,-1.640262620061));
#1365 = CARTESIAN_POINT('',(-2.800341207591,-1.648329582747));
#1366 = CARTESIAN_POINT('',(-2.85109025333,-1.653466546145));
#1367 = CARTESIAN_POINT('',(-2.901465610002,-1.6578004314));
#1368 = CARTESIAN_POINT('',(-2.951548127175,-1.661290842928));
#1369 = CARTESIAN_POINT('',(-3.00141079461,-1.663908960621));
#1370 = CARTESIAN_POINT('',(-3.051124868999,-1.665636563071));
#1371 = CARTESIAN_POINT('',(-3.100765011394,-1.666464929436));
#1372 = CARTESIAN_POINT('',(-3.200214526405,-1.666322091154));
#1373 = CARTESIAN_POINT('',(-3.250005596551,-1.665345372181));
#1374 = CARTESIAN_POINT('',(-3.299869859861,-1.663464176014));
#1375 = CARTESIAN_POINT('',(-3.349883129851,-1.660687601306));
#1376 = CARTESIAN_POINT('',(-3.400117983577,-1.657034440194));
#1377 = CARTESIAN_POINT('',(-3.450649048879,-1.652534375881));
#1378 = CARTESIAN_POINT('',(-3.501559414716,-1.647229069951));
#1379 = CARTESIAN_POINT('',(-3.571673506202,-1.638966443075));
#1380 = CARTESIAN_POINT('',(-3.590461710523,-1.636660184756));
#1381 = CARTESIAN_POINT('',(-3.609317176377,-1.634257019014));
#1382 = CARTESIAN_POINT('',(-3.62824443382,-1.631759906262));
#1383 = CARTESIAN_POINT('',(-3.647248144163,-1.629172112792));
#1384 = CARTESIAN_POINT('',(-3.666333099972,-1.626497210777));
#1385 = CARTESIAN_POINT('',(-3.685504225065,-1.623739078271));
#1386 = CARTESIAN_POINT('',(-3.729057083036,-1.617324115382));
#1387 = CARTESIAN_POINT('',(-3.75349214896,-1.613620749176));
#1388 = CARTESIAN_POINT('',(-3.778082569916,-1.609800202331));
#1389 = CARTESIAN_POINT('',(-3.802838894281,-1.605871870703));
#1390 = CARTESIAN_POINT('',(-3.827771673404,-1.601846217428));
#1391 = CARTESIAN_POINT('',(-3.852891713835,-1.597734846095));
#1392 = CARTESIAN_POINT('',(-3.878210329547,-1.593550573911));
#1393 = CARTESIAN_POINT('',(-3.934803436884,-1.584144566134));
#1394 = CARTESIAN_POINT('',(-3.96617631554,-1.578895102438));
#1395 = CARTESIAN_POINT('',(-3.997881663164,-1.57358406948));
#1396 = CARTESIAN_POINT('',(-4.029940280057,-1.56824022293));
#1397 = CARTESIAN_POINT('',(-4.062370867308,-1.562896061451));
#1398 = CARTESIAN_POINT('',(-4.095190560318,-1.557587769719));
#1399 = CARTESIAN_POINT('',(-4.12841546232,-1.552355161451));
#1400 = CARTESIAN_POINT('',(-4.187094920548,-1.543436947204));
#1401 = CARTESIAN_POINT('',(-4.212359734785,-1.539698481776));
#1402 = CARTESIAN_POINT('',(-4.237860618121,-1.536044088272));
#1403 = CARTESIAN_POINT('',(-4.263600526645,-1.532493074679));
#1404 = CARTESIAN_POINT('',(-4.28958011675,-1.529065821116));
#1405 = CARTESIAN_POINT('',(-4.315797486855,-1.525783406114));
#1406 = CARTESIAN_POINT('',(-4.342247919126,-1.522667232898));
#1407 = CARTESIAN_POINT('',(-4.410390229491,-1.515186266967));
#1408 = CARTESIAN_POINT('',(-4.45242627626,-1.511084347909));
#1409 = CARTESIAN_POINT('',(-4.494969852927,-1.507517264314));
#1410 = CARTESIAN_POINT('',(-4.537951540568,-1.504564862349));
#1411 = CARTESIAN_POINT('',(-4.581292755557,-1.502296581166));
#1412 = CARTESIAN_POINT('',(-4.624899576066,-1.500765168608));
#1413 = CARTESIAN_POINT('',(-4.668652049432,-1.499999999998));
#1414 = CARTESIAN_POINT('',(-4.75598811432,-1.499999999998));
#1415 = CARTESIAN_POINT('',(-4.799602638563,-1.500760355075));
#1416 = CARTESIAN_POINT('',(-4.843072982601,-1.502282125803));
#1417 = CARTESIAN_POINT('',(-4.886280225284,-1.504536317435));
#1418 = CARTESIAN_POINT('',(-4.929131133109,-1.507470830787));
#1419 = CARTESIAN_POINT('',(-4.971547631482,-1.511017030915));
#1420 = CARTESIAN_POINT('',(-5.013460708968,-1.515095933575));
#1421 = CARTESIAN_POINT('',(-5.081467061686,-1.522543393853));
#1422 = CARTESIAN_POINT('',(-5.1079007891,-1.525650648023));
#1423 = CARTESIAN_POINT('',(-5.134102063839,-1.528924482628));
#1424 = CARTESIAN_POINT('',(-5.160066094043,-1.532343547563));
#1425 = CARTESIAN_POINT('',(-5.185790908902,-1.535886806672));
#1426 = CARTESIAN_POINT('',(-5.211277098624,-1.539533912437));
#1427 = CARTESIAN_POINT('',(-5.236527554411,-1.543265580669));
#1428 = CARTESIAN_POINT('',(-5.295152330889,-1.552165761458));
#1429 = CARTESIAN_POINT('',(-5.32833768823,-1.557387391231));
#1430 = CARTESIAN_POINT('',(-5.361118705064,-1.56268559187));
#1431 = CARTESIAN_POINT('',(-5.3935113338,-1.568020646822));
#1432 = CARTESIAN_POINT('',(-5.425532580309,-1.573356446109));
#1433 = CARTESIAN_POINT('',(-5.457201029591,-1.578660546796));
#1434 = CARTESIAN_POINT('',(-5.488537371441,-1.583904233463));
#1435 = CARTESIAN_POINT('',(-5.622394281949,-1.60615800631));
#1436 = CARTESIAN_POINT('',(-5.721635518078,-1.622282690421));
#1437 = CARTESIAN_POINT('',(-5.818393626313,-1.636568673434));
#1438 = CARTESIAN_POINT('',(-5.913206464258,-1.648427583173));
#1439 = CARTESIAN_POINT('',(-6.006587054649,-1.657482852977));
#1440 = CARTESIAN_POINT('',(-6.098973376046,-1.66354064763));
#1441 = CARTESIAN_POINT('',(-6.190906191146,-1.666521267314));
#1442 = CARTESIAN_POINT('',(-6.28318530718,-1.666393865249));
#1443 = ( GEOMETRIC_REPRESENTATION_CONTEXT(2) 
PARAMETRIC_REPRESENTATION_CONTEXT() REPRESENTATION_CONTEXT('2D SPACE',''
  ) );
#1444 = FACE_BOUND('',#1445,.F.);
#1445 = EDGE_LOOP('',(#1446));
#1446 = ORIENTED_EDGE('',*,*,#1447,.T.);
#1447 = EDGE_CURVE('',#1448,#1448,#1450,.T.);
#1448 = VERTEX_POINT('',#1449);
#1449 = CARTESIAN_POINT('',(28.592654187256,-23.22691597666,
    76.864002157131));
#1450 = SURFACE_CURVE('',#1451,(#1594,#1740),.PCURVE_S1.);
#1451 = B_SPLINE_CURVE_WITH_KNOTS('',8,(#1452,#1453,#1454,#1455,#1456,
    #1457,#1458,#1459,#1460,#1461,#1462,#1463,#1464,#1465,#1466,#1467,
    #1468,#1469,#1470,#1471,#1472,#1473,#1474,#1475,#1476,#1477,#1478,
    #1479,#1480,#1481,#1482,#1483,#1484,#1485,#1486,#1487,#1488,#1489,
    #1490,#1491,#1492,#1493,#1494,#1495,#1496,#1497,#1498,#1499,#1500,
    #1501,#1502,#1503,#1504,#1505,#1506,#1507,#1508,#1509,#1510,#1511,
    #1512,#1513,#1514,#1515,#1516,#1517,#1518,#1519,#1520,#1521,#1522,
    #1523,#1524,#1525,#1526,#1527,#1528,#1529,#1530,#1531,#1532,#1533,
    #1534,#1535,#1536,#1537,#1538,#1539,#1540,#1541,#1542,#1543,#1544,
    #1545,#1546,#1547,#1548,#1549,#1550,#1551,#1552,#1553,#1554,#1555,
    #1556,#1557,#1558,#1559,#1560,#1561,#1562,#1563,#1564,#1565,#1566,
    #1567,#1568,#1569,#1570,#1571,#1572,#1573,#1574,#1575,#1576,#1577,
    #1578,#1579,#1580,#1581,#1582,#1583,#1584,#1585,#1586,#1587,#1588,
    #1589,#1590,#1591,#1592,#1593),.UNSPECIFIED.,.T.,.F.,(9,7,7,7,7,7,7,
    7,7,7,7,7,7,7,7,7,7,7,7,7,9),(0.,0.130429805914,0.171435154607,
    0.20213129631,0.249495145049,0.297389338218,0.328086821697,
    0.369338359835,0.402777415293,0.429068499754,0.500993945002,
    0.573152368047,0.599447692496,0.632369588139,0.672791202652,
    0.703002514922,0.749577758377,0.796413474623,0.826624963459,
    0.867046814211,1.),.UNSPECIFIED.);
#1452 = CARTESIAN_POINT('',(28.592654187226,-23.22691597663,
    76.864002156704));
#1453 = CARTESIAN_POINT('',(28.615462252056,-23.24221842496,
    77.17145802858));
#1454 = CARTESIAN_POINT('',(28.657493372336,-23.23370995664,
    77.477875820783));
#1455 = CARTESIAN_POINT('',(28.718506016952,-23.20156070385,
    77.782434564663));
#1456 = CARTESIAN_POINT('',(28.798755958961,-23.14498154843,
    78.083502198392));
#1457 = CARTESIAN_POINT('',(28.89852651573,-23.0628679887,
    78.378868964057));
#1458 = CARTESIAN_POINT('',(29.018162407097,-22.95361423805,
    78.665559693789));
#1459 = CARTESIAN_POINT('',(29.157832220138,-22.81546081752,
    78.940018584844));
#1460 = CARTESIAN_POINT('',(29.368519076366,-22.59194371004,
    79.278442530725));
#1461 = CARTESIAN_POINT('',(29.420922857196,-22.53535803554,
    79.357665457136));
#1462 = CARTESIAN_POINT('',(29.475340898258,-22.47557307444,
    79.435003502067));
#1463 = CARTESIAN_POINT('',(29.531767789816,-22.41251603757,
    79.510268535832));
#1464 = CARTESIAN_POINT('',(29.590186600201,-22.34612069826,
    79.583246777611));
#1465 = CARTESIAN_POINT('',(29.650567154494,-22.27633036937,
    79.653700643718));
#1466 = CARTESIAN_POINT('',(29.712864313206,-22.20310088053,
    79.721370595859));
#1467 = CARTESIAN_POINT('',(29.825039668259,-22.06898880216,
    79.834340607168));
#1468 = CARTESIAN_POINT('',(29.874098838912,-22.00963504081,
    79.880983633475));
#1469 = CARTESIAN_POINT('',(29.924165243468,-21.94833388428,
    79.925787272872));
#1470 = CARTESIAN_POINT('',(29.975201069973,-21.88508660927,
    79.968622404769));
#1471 = CARTESIAN_POINT('',(30.027158294532,-21.81990662854,
    80.009352235041));
#1472 = CARTESIAN_POINT('',(30.079977761883,-21.75282196339,
    80.047834947623));
#1473 = CARTESIAN_POINT('',(30.133588265968,-21.68387771617,
    80.083926356124));
#1474 = CARTESIAN_POINT('',(30.271716796809,-21.50398868474,
    80.169259445271));
#1475 = CARTESIAN_POINT('',(30.357261451147,-21.39049977243,
    80.215032363717));
#1476 = CARTESIAN_POINT('',(30.444166587507,-21.27298892985,
    80.254218868989));
#1477 = CARTESIAN_POINT('',(30.532007862114,-21.1518667919,
    80.286290808373));
#1478 = CARTESIAN_POINT('',(30.620311815871,-21.02764698705,
    80.310791274877));
#1479 = CARTESIAN_POINT('',(30.708558011941,-20.90095881641,
    80.32736605064));
#1480 = CARTESIAN_POINT('',(30.796181088477,-20.77256312884,
    80.335809537074));
#1481 = CARTESIAN_POINT('',(30.969931712473,-20.51273306501,
    80.336444340674));
#1482 = CARTESIAN_POINT('',(31.056095407668,-20.38118523585,
    80.328452840508));
#1483 = CARTESIAN_POINT('',(31.140429494427,-20.24967148176,
    80.312135886171));
#1484 = CARTESIAN_POINT('',(31.222427313129,-20.11903518003,
    80.287698971928));
#1485 = CARTESIAN_POINT('',(31.301690773794,-19.99002501417,
    80.255504222904));
#1486 = CARTESIAN_POINT('',(31.377914297934,-19.86329914056,
    80.216022142734));
#1487 = CARTESIAN_POINT('',(31.450871790619,-19.73942801604,
    80.169798757387));
#1488 = CARTESIAN_POINT('',(31.564974571244,-19.54164157199,
    80.083877954707));
#1489 = CARTESIAN_POINT('',(31.608154590351,-19.46572739013,
    80.047782527658));
#1490 = CARTESIAN_POINT('',(31.649919188655,-19.39125584364,
    80.009295793272));
#1491 = CARTESIAN_POINT('',(31.690253955801,-19.31830996928,
    79.9685619496));
#1492 = CARTESIAN_POINT('',(31.729155650042,-19.24695513351,
    79.925722822003));
#1493 = CARTESIAN_POINT('',(31.766630265763,-19.17724082829,
    79.880915211675));
#1494 = CARTESIAN_POINT('',(31.802691100999,-19.10920246682,
    79.834268244172));
#1495 = CARTESIAN_POINT('',(31.883940918242,-18.95371588326,
    79.720904026785));
#1496 = CARTESIAN_POINT('',(31.928000931668,-18.8676459976,
    79.65280731237));
#1497 = CARTESIAN_POINT('',(31.96958801557,-18.78470033876,
    79.581895178633));
#1498 = CARTESIAN_POINT('',(32.008761388167,-18.70490394332,
    79.508431656335));
#1499 = CARTESIAN_POINT('',(32.045586194455,-18.62826286578,
    79.432658314442));
#1500 = CARTESIAN_POINT('',(32.0801313651,-18.55476697637,
    79.354792371498));
#1501 = CARTESIAN_POINT('',(32.112467475335,-18.48439275889,
    79.275024807014));
#1502 = CARTESIAN_POINT('',(32.167142805164,-18.36256263838,
    79.127448334569));
#1503 = CARTESIAN_POINT('',(32.190213696781,-18.31005209485,
    79.060240670178));
#1504 = CARTESIAN_POINT('',(32.211914005265,-18.25955809155,
    78.991985008014));
#1505 = CARTESIAN_POINT('',(32.232278779407,-18.21106352049,
    78.922764395768));
#1506 = CARTESIAN_POINT('',(32.251341403409,-18.16455065812,
    78.852655422104));
#1507 = CARTESIAN_POINT('',(32.269133610067,-18.12000127163,
    78.7817282383));
#1508 = CARTESIAN_POINT('',(32.285685493953,-18.07739672515,
    78.710046579885));
#1509 = CARTESIAN_POINT('',(32.313086452633,-18.00473495949,
    78.5807607705));
#1510 = CARTESIAN_POINT('',(32.324398042854,-17.97394297345,
    78.523423877736));
#1511 = CARTESIAN_POINT('',(32.33497394844,-17.94433327347,
    78.465685486681));
#1512 = CARTESIAN_POINT('',(32.344827077997,-17.91589737975,
    78.407572542376));
#1513 = CARTESIAN_POINT('',(32.353969595564,-17.888627187,
    78.349110558203));
#1514 = CARTESIAN_POINT('',(32.362412920606,-17.86251496443,
    78.290323615883));
#1515 = CARTESIAN_POINT('',(32.370167728019,-17.83755335578,
    78.231234365484));
#1516 = CARTESIAN_POINT('',(32.396602612574,-17.74857570264,
    78.009442496142));
#1517 = CARTESIAN_POINT('',(32.410880828438,-17.69198183176,
    77.844934150802));
#1518 = CARTESIAN_POINT('',(32.420286550209,-17.64380066436,
    77.678756125118));
#1519 = CARTESIAN_POINT('',(32.424980154723,-17.60392346334,
    77.511292314193));
#1520 = CARTESIAN_POINT('',(32.425085269761,-17.5722717522,
    77.342897159057));
#1521 = CARTESIAN_POINT('',(32.420693601898,-17.54879214145,
    77.173897823967));
#1522 = CARTESIAN_POINT('',(32.411863763599,-17.5334600859,
    77.00459476446));
#1523 = CARTESIAN_POINT('',(32.38532151779,-17.51910184316,
    76.665378108202));
#1524 = CARTESIAN_POINT('',(32.36758539523,-17.52013133841,
    76.495527878266));
#1525 = CARTESIAN_POINT('',(32.345430445943,-17.52938680004,
    76.325984482653));
#1526 = CARTESIAN_POINT('',(32.3188449056,-17.54691885281,
    76.157052180486));
#1527 = CARTESIAN_POINT('',(32.287787537506,-17.57281007509,
    75.989063908963));
#1528 = CARTESIAN_POINT('',(32.252188590913,-17.60717159963,
    75.82238199701));
#1529 = CARTESIAN_POINT('',(32.211944711589,-17.65014924466,
    75.657400687292));
#1530 = CARTESIAN_POINT('',(32.150495859541,-17.72081199687,
    75.435206051774));
#1531 = CARTESIAN_POINT('',(32.133448021938,-17.74085434485,
    75.376146964899));
#1532 = CARTESIAN_POINT('',(32.115757498909,-17.76207526906,
    75.317394894312));
#1533 = CARTESIAN_POINT('',(32.09741694574,-17.78448435815,
    75.258973044488));
#1534 = CARTESIAN_POINT('',(32.07841846595,-17.80809173979,
    75.200906136029));
#1535 = CARTESIAN_POINT('',(32.0587536113,-17.83290808063,
    75.143220405662));
#1536 = CARTESIAN_POINT('',(32.038413381783,-17.85894458631,
    75.085943606245));
#1537 = CARTESIAN_POINT('',(31.991064610644,-17.92035321224,
    74.957942757204));
#1538 = CARTESIAN_POINT('',(31.963667950826,-17.95642365713,
    74.887469112863));
#1539 = CARTESIAN_POINT('',(31.93517895753,-17.99444801625,
    74.817740523518));
#1540 = CARTESIAN_POINT('',(31.905577696035,-18.0344502806,
    74.748819776092));
#1541 = CARTESIAN_POINT('',(31.874843563778,-18.07645466849,
    74.680776028817));
#1542 = CARTESIAN_POINT('',(31.842955268584,-18.12048554209,
    74.613684845398));
#1543 = CARTESIAN_POINT('',(31.809890806907,-18.16656732382,
    74.547628229177));
#1544 = CARTESIAN_POINT('',(31.733558767118,-18.27385184923,
    74.402968998725));
#1545 = CARTESIAN_POINT('',(31.689686539852,-18.33610240614,
    74.324943698517));
#1546 = CARTESIAN_POINT('',(31.643966805142,-18.40152402553,
    74.248777474052));
#1547 = CARTESIAN_POINT('',(31.596359168223,-18.47015710764,
    74.174656376978));
#1548 = CARTESIAN_POINT('',(31.54682852452,-18.54203173313,
    74.102791993938));
#1549 = CARTESIAN_POINT('',(31.495346789473,-18.61716488522,
    74.033419647294));
#1550 = CARTESIAN_POINT('',(31.441894628373,-18.6955576718,
    73.966796595852));
#1551 = CARTESIAN_POINT('',(31.345033455358,-18.83820685271,
    73.855668005064));
#1552 = CARTESIAN_POINT('',(31.302501211556,-18.90102762488,
    73.809830291578));
#1553 = CARTESIAN_POINT('',(31.258865303194,-18.96564397302,
    73.765804323274));
#1554 = CARTESIAN_POINT('',(31.214131293036,-19.03203404687,
    73.723717576662));
#1555 = CARTESIAN_POINT('',(31.168312949878,-19.10016304526,
    73.683705139599));
#1556 = CARTESIAN_POINT('',(31.121433740226,-19.16998122437,
    73.645907074259));
#1557 = CARTESIAN_POINT('',(31.073528319975,-19.24142190607,
    73.610465780118));
#1558 = CARTESIAN_POINT('',(30.94928159665,-19.42690530948,
    73.526737698671));
#1559 = CARTESIAN_POINT('',(30.871547858606,-19.54313079011,
    73.481860149323));
#1560 = CARTESIAN_POINT('',(30.791672096578,-19.66268003205,
    73.443463468947));
#1561 = CARTESIAN_POINT('',(30.709940284037,-19.78507163733,
    73.412067693153));
#1562 = CARTESIAN_POINT('',(30.62670205013,-19.90973543768,
    73.388122380196));
#1563 = CARTESIAN_POINT('',(30.54237834492,-20.03600664809,
    73.371975102207));
#1564 = CARTESIAN_POINT('',(30.457469803048,-20.16311744236,
    73.363826180565));
#1565 = CARTESIAN_POINT('',(30.28718698161,-20.41796509135,
    73.363512274918));
#1566 = CARTESIAN_POINT('',(30.20175181915,-20.54579266854,
    73.371436829386));
#1567 = CARTESIAN_POINT('',(30.116860262945,-20.67277008819,
    73.387454865789));
#1568 = CARTESIAN_POINT('',(30.033039697315,-20.79812656854,
    73.411366170726));
#1569 = CARTESIAN_POINT('',(29.95075175154,-20.92120639109,
    73.442819347185));
#1570 = CARTESIAN_POINT('',(29.870396930839,-21.0414577939,
    73.481358205364));
#1571 = CARTESIAN_POINT('',(29.792317073171,-21.15842350696,
    73.52645397753));
#1572 = CARTESIAN_POINT('',(29.668080348624,-21.34482343912,
    73.610465780114));
#1573 = CARTESIAN_POINT('',(29.620410375667,-21.41642144167,
    73.645907074256));
#1574 = CARTESIAN_POINT('',(29.573846685842,-21.48645044439,
    73.683705139595));
#1575 = CARTESIAN_POINT('',(29.528437619482,-21.5548529128,
    73.723717576658));
#1576 = CARTESIAN_POINT('',(29.484220153635,-21.62158813053,
    73.765804323269));
#1577 = CARTESIAN_POINT('',(29.441221171312,-21.68663005904,
    73.809830291574));
#1578 = CARTESIAN_POINT('',(29.399458730737,-21.74996519727,
    73.855668005063));
#1579 = CARTESIAN_POINT('',(29.304735238313,-21.8940427307,
    73.966796595853));
#1580 = CARTESIAN_POINT('',(29.252765003776,-21.97342570894,
    74.033419647285));
#1581 = CARTESIAN_POINT('',(29.203052229419,-22.04974084278,
    74.102791993924));
#1582 = CARTESIAN_POINT('',(29.155603290762,-22.12300641911,
    74.174656376968));
#1583 = CARTESIAN_POINT('',(29.110413244852,-22.19325488388,
    74.248777474047));
#1584 = CARTESIAN_POINT('',(29.067467734719,-22.26053018087,
    74.324943698511));
#1585 = CARTESIAN_POINT('',(29.026744893817,-22.32488509047,
    74.402968998712));
#1586 = CARTESIAN_POINT('',(28.86149438082,-22.5886393175,
    74.744923627487));
#1587 = CARTESIAN_POINT('',(28.758758615926,-22.75956419676,
    75.025054021502));
#1588 = CARTESIAN_POINT('',(28.67860542127,-22.90189803093,
    75.317900180999));
#1589 = CARTESIAN_POINT('',(28.620323695878,-23.0170914091,
    75.619630714391));
#1590 = CARTESIAN_POINT('',(28.583083597659,-23.10652182774,
    75.927094366176));
#1591 = CARTESIAN_POINT('',(28.566275977485,-23.17105606058,
    76.237947814826));
#1592 = CARTESIAN_POINT('',(28.569399151569,-23.21131364548,
    76.550521056543));
#1593 = CARTESIAN_POINT('',(28.592654187256,-23.22691597666,
    76.864002157131));
#1594 = PCURVE('',#363,#1595);
#1595 = DEFINITIONAL_REPRESENTATION('',(#1596),#1739);
#1596 = B_SPLINE_CURVE_WITH_KNOTS('',8,(#1597,#1598,#1599,#1600,#1601,
    #1602,#1603,#1604,#1605,#1606,#1607,#1608,#1609,#1610,#1611,#1612,
    #1613,#1614,#1615,#1616,#1617,#1618,#1619,#1620,#1621,#1622,#1623,
    #1624,#1625,#1626,#1627,#1628,#1629,#1630,#1631,#1632,#1633,#1634,
    #1635,#1636,#1637,#1638,#1639,#1640,#1641,#1642,#1643,#1644,#1645,
    #1646,#1647,#1648,#1649,#1650,#1651,#1652,#1653,#1654,#1655,#1656,
    #1657,#1658,#1659,#1660,#1661,#1662,#1663,#1664,#1665,#1666,#1667,
    #1668,#1669,#1670,#1671,#1672,#1673,#1674,#1675,#1676,#1677,#1678,
    #1679,#1680,#1681,#1682,#1683,#1684,#1685,#1686,#1687,#1688,#1689,
    #1690,#1691,#1692,#1693,#1694,#1695,#1696,#1697,#1698,#1699,#1700,
    #1701,#1702,#1703,#1704,#1705,#1706,#1707,#1708,#1709,#1710,#1711,
    #1712,#1713,#1714,#1715,#1716,#1717,#1718,#1719,#1720,#1721,#1722,
    #1723,#1724,#1725,#1726,#1727,#1728,#1729,#1730,#1731,#1732,#1733,
    #1734,#1735,#1736,#1737,#1738),.UNSPECIFIED.,.T.,.F.,(9,7,7,7,7,7,7,
    7,7,7,7,7,7,7,7,7,7,7,7,7,9),(0.,0.130429805914,0.171435154607,
    0.20213129631,0.249495145049,0.297389338218,0.328086821697,
    0.369338359835,0.402777415293,0.429068499754,0.500993945002,
    0.573152368047,0.599447692496,0.632369588139,0.672791202652,
    0.703002514922,0.749577758377,0.796413474623,0.826624963459,
    0.867046814211,1.),.UNSPECIFIED.);
#1597 = CARTESIAN_POINT('',(5.600965994416,48.864002156704));
#1598 = CARTESIAN_POINT('',(5.601033954171,49.17145802858));
#1599 = CARTESIAN_POINT('',(5.601932517191,49.47787582079));
#1600 = CARTESIAN_POINT('',(5.603651498604,49.782434564646));
#1601 = CARTESIAN_POINT('',(5.606209507982,50.083502198411));
#1602 = CARTESIAN_POINT('',(5.60963219018,50.378868964046));
#1603 = CARTESIAN_POINT('',(5.613956947933,50.665559693792));
#1604 = CARTESIAN_POINT('',(5.619221906737,50.940018584844));
#1605 = CARTESIAN_POINT('',(5.627473484396,51.278442530725));
#1606 = CARTESIAN_POINT('',(5.629546171516,51.357665457136));
#1607 = CARTESIAN_POINT('',(5.631719533602,51.435003502067));
#1608 = CARTESIAN_POINT('',(5.633995015835,51.510268535832));
#1609 = CARTESIAN_POINT('',(5.63637374994,51.583246777611));
#1610 = CARTESIAN_POINT('',(5.638856467388,51.653700643718));
#1611 = CARTESIAN_POINT('',(5.641443412593,51.721370595859));
#1612 = CARTESIAN_POINT('',(5.646148591226,51.834340607168));
#1613 = CARTESIAN_POINT('',(5.648220997733,51.880983633475));
#1614 = CARTESIAN_POINT('',(5.650351216968,51.925787272872));
#1615 = CARTESIAN_POINT('',(5.652538641959,51.968622404769));
#1616 = CARTESIAN_POINT('',(5.654782250243,52.009352235041));
#1617 = CARTESIAN_POINT('',(5.657080536682,52.047834947623));
#1618 = CARTESIAN_POINT('',(5.659431446279,52.083926356124));
#1619 = CARTESIAN_POINT('',(5.665536811785,52.169259445271));
#1620 = CARTESIAN_POINT('',(5.669362471741,52.215032363717));
#1621 = CARTESIAN_POINT('',(5.673296724574,52.254218868989));
#1622 = CARTESIAN_POINT('',(5.67732423694,52.286290808373));
#1623 = CARTESIAN_POINT('',(5.681426731868,52.310791274877));
#1624 = CARTESIAN_POINT('',(5.685582724334,52.32736605064));
#1625 = CARTESIAN_POINT('',(5.689767164975,52.335809537074));
#1626 = CARTESIAN_POINT('',(5.698181666233,52.336444340674));
#1627 = CARTESIAN_POINT('',(5.702414806333,52.328452840508));
#1628 = CARTESIAN_POINT('',(5.706620257695,52.312135886171));
#1629 = CARTESIAN_POINT('',(5.710772018816,52.287698971928));
#1630 = CARTESIAN_POINT('',(5.714847778309,52.255504222904));
#1631 = CARTESIAN_POINT('',(5.718828547528,52.216022142734));
#1632 = CARTESIAN_POINT('',(5.722698388733,52.169798757387));
#1633 = CARTESIAN_POINT('',(5.728845117991,52.083877954707));
#1634 = CARTESIAN_POINT('',(5.731196040115,52.047782527658));
#1635 = CARTESIAN_POINT('',(5.733494333484,52.009295793272));
#1636 = CARTESIAN_POINT('',(5.735737943434,51.9685619496));
#1637 = CARTESIAN_POINT('',(5.737925365155,51.925722822003));
#1638 = CARTESIAN_POINT('',(5.740055576502,51.880915211675));
#1639 = CARTESIAN_POINT('',(5.742127970808,51.834268244172));
#1640 = CARTESIAN_POINT('',(5.746849148486,51.720904026785));
#1641 = CARTESIAN_POINT('',(5.74945085542,51.65280731237));
#1642 = CARTESIAN_POINT('',(5.751947080088,51.581895178633));
#1643 = CARTESIAN_POINT('',(5.75433807722,51.508431656335));
#1644 = CARTESIAN_POINT('',(5.756624597775,51.432658314442));
#1645 = CARTESIAN_POINT('',(5.758807800033,51.354792371498));
#1646 = CARTESIAN_POINT('',(5.760889160677,51.275024807014));
#1647 = CARTESIAN_POINT('',(5.764476393866,51.127448334569));
#1648 = CARTESIAN_POINT('',(5.766016483153,51.060240670178));
#1649 = CARTESIAN_POINT('',(5.767491512327,50.991985008014));
#1650 = CARTESIAN_POINT('',(5.768902329032,50.922764395768));
#1651 = CARTESIAN_POINT('',(5.770249768572,50.852655422104));
#1652 = CARTESIAN_POINT('',(5.771534652506,50.7817282383));
#1653 = CARTESIAN_POINT('',(5.772757787239,50.710046579885));
#1654 = CARTESIAN_POINT('',(5.774833710068,50.5807607705));
#1655 = CARTESIAN_POINT('',(5.775709757449,50.523423877736));
#1656 = CARTESIAN_POINT('',(5.776548477681,50.465685486681));
#1657 = CARTESIAN_POINT('',(5.777350224409,50.407572542376));
#1658 = CARTESIAN_POINT('',(5.778115332011,50.349110558203));
#1659 = CARTESIAN_POINT('',(5.778844115599,50.290323615883));
#1660 = CARTESIAN_POINT('',(5.779536871018,50.231234365484));
#1661 = CARTESIAN_POINT('',(5.781991263354,50.009442496142));
#1662 = CARTESIAN_POINT('',(5.783520900485,49.844934150802));
#1663 = CARTESIAN_POINT('',(5.7847887551,49.678756125118));
#1664 = CARTESIAN_POINT('',(5.785799100534,49.511292314193));
#1665 = CARTESIAN_POINT('',(5.786555001705,49.342897159057));
#1666 = CARTESIAN_POINT('',(5.787058507926,49.173897823967));
#1667 = CARTESIAN_POINT('',(5.787310551397,49.00459476446));
#1668 = CARTESIAN_POINT('',(5.787310551397,48.665378108202));
#1669 = CARTESIAN_POINT('',(5.787056871827,48.495527878266));
#1670 = CARTESIAN_POINT('',(5.786549279065,48.325984482653));
#1671 = CARTESIAN_POINT('',(5.785785994773,48.157052180486));
#1672 = CARTESIAN_POINT('',(5.784764096114,47.989063908963));
#1673 = CARTESIAN_POINT('',(5.783479608425,47.82238199701));
#1674 = CARTESIAN_POINT('',(5.781927290355,47.657400687292));
#1675 = CARTESIAN_POINT('',(5.779434267332,47.435206051774));
#1676 = CARTESIAN_POINT('',(5.778731947629,47.376146964899));
#1677 = CARTESIAN_POINT('',(5.777992827615,47.317394894312));
#1678 = CARTESIAN_POINT('',(5.777216562456,47.258973044488));
#1679 = CARTESIAN_POINT('',(5.776402787219,47.200906136029));
#1680 = CARTESIAN_POINT('',(5.775551116872,47.143220405662));
#1681 = CARTESIAN_POINT('',(5.77466114628,47.085943606245));
#1682 = CARTESIAN_POINT('',(5.772569717453,46.957942757204));
#1683 = CARTESIAN_POINT('',(5.771346308852,46.887469112863));
#1684 = CARTESIAN_POINT('',(5.770061367718,46.817740523518));
#1685 = CARTESIAN_POINT('',(5.768714021496,46.748819776092));
#1686 = CARTESIAN_POINT('',(5.767303383653,46.680776028817));
#1687 = CARTESIAN_POINT('',(5.765828555571,46.613684845398));
#1688 = CARTESIAN_POINT('',(5.764288628432,46.547628229177));
#1689 = CARTESIAN_POINT('',(5.760710902475,46.402968998725));
#1690 = CARTESIAN_POINT('',(5.758639779913,46.324943698517));
#1691 = CARTESIAN_POINT('',(5.756467529215,46.248777474052));
#1692 = CARTESIAN_POINT('',(5.75419259096,46.174656376978));
#1693 = CARTESIAN_POINT('',(5.751813726122,46.102791993938));
#1694 = CARTESIAN_POINT('',(5.74933010769,46.033419647294));
#1695 = CARTESIAN_POINT('',(5.746741412281,45.966796595852));
#1696 = CARTESIAN_POINT('',(5.742034776293,45.855668005064));
#1697 = CARTESIAN_POINT('',(5.739963247508,45.809830291578));
#1698 = CARTESIAN_POINT('',(5.737833558516,45.765804323274));
#1699 = CARTESIAN_POINT('',(5.735646297354,45.723717576663));
#1700 = CARTESIAN_POINT('',(5.733402475644,45.683705139599));
#1701 = CARTESIAN_POINT('',(5.731103597258,45.645907074259));
#1702 = CARTESIAN_POINT('',(5.728751726981,45.610465780118));
#1703 = CARTESIAN_POINT('',(5.722646259244,45.526737698671));
#1704 = CARTESIAN_POINT('',(5.718821214548,45.481860149323));
#1705 = CARTESIAN_POINT('',(5.714887013329,45.443463468947));
#1706 = CARTESIAN_POINT('',(5.710859089616,45.412067693153));
#1707 = CARTESIAN_POINT('',(5.706755903646,45.388122380196));
#1708 = CARTESIAN_POINT('',(5.70259918551,45.371975102207));
#1709 = CARTESIAN_POINT('',(5.698414242006,45.363826180565));
#1710 = CARTESIAN_POINT('',(5.690023012799,45.363512274918));
#1711 = CARTESIAN_POINT('',(5.685813735662,45.371436829386));
#1712 = CARTESIAN_POINT('',(5.681632293858,45.387454865789));
#1713 = CARTESIAN_POINT('',(5.677504472361,45.411366170726));
#1714 = CARTESIAN_POINT('',(5.673452417445,45.442819347185));
#1715 = CARTESIAN_POINT('',(5.669494947387,45.481358205364));
#1716 = CARTESIAN_POINT('',(5.665647799018,45.52645397753));
#1717 = CARTESIAN_POINT('',(5.659521642282,45.610465780114));
#1718 = CARTESIAN_POINT('',(5.657169772005,45.645907074256));
#1719 = CARTESIAN_POINT('',(5.654870893619,45.683705139595));
#1720 = CARTESIAN_POINT('',(5.65262707191,45.723717576658));
#1721 = CARTESIAN_POINT('',(5.650439810747,45.765804323269));
#1722 = CARTESIAN_POINT('',(5.648310121755,45.809830291574));
#1723 = CARTESIAN_POINT('',(5.64623859297,45.855668005063));
#1724 = CARTESIAN_POINT('',(5.641531956983,45.966796595853));
#1725 = CARTESIAN_POINT('',(5.638943261573,46.033419647285));
#1726 = CARTESIAN_POINT('',(5.636459643141,46.102791993924));
#1727 = CARTESIAN_POINT('',(5.634080778303,46.174656376968));
#1728 = CARTESIAN_POINT('',(5.631805840048,46.248777474047));
#1729 = CARTESIAN_POINT('',(5.629633589351,46.324943698511));
#1730 = CARTESIAN_POINT('',(5.627562466789,46.402968998712));
#1731 = CARTESIAN_POINT('',(5.619105212125,46.744923627487));
#1732 = CARTESIAN_POINT('',(5.613706625838,47.025054021502));
#1733 = CARTESIAN_POINT('',(5.609310117113,47.317900181));
#1734 = CARTESIAN_POINT('',(5.605870287122,47.61963071439));
#1735 = CARTESIAN_POINT('',(5.603341146617,47.927094366177));
#1736 = CARTESIAN_POINT('',(5.60169135622,48.237947814825));
#1737 = CARTESIAN_POINT('',(5.600896702849,48.550521056543));
#1738 = CARTESIAN_POINT('',(5.600965994416,48.864002157131));
#1739 = ( GEOMETRIC_REPRESENTATION_CONTEXT(2) 
PARAMETRIC_REPRESENTATION_CONTEXT() REPRESENTATION_CONTEXT('2D SPACE',''
  ) );
#1740 = PCURVE('',#1741,#1746);
#1741 = CONICAL_SURFACE('',#1742,4.185714285714,0.428778027446);
#1742 = AXIS2_PLACEMENT_3D('',#1743,#1744,#1745);
#1743 = CARTESIAN_POINT('',(31.870834100933,-21.29541051891,
    76.71698379489));
#1744 = DIRECTION('',(0.828198879572,-0.553384799279,-8.861083344205E-02
    ));
#1745 = DIRECTION('',(-0.55557023302,-0.831469612303,-2.211711532122E-16
    ));
#1746 = DEFINITIONAL_REPRESENTATION('',(#1747),#1890);
#1747 = B_SPLINE_CURVE_WITH_KNOTS('',8,(#1748,#1749,#1750,#1751,#1752,
    #1753,#1754,#1755,#1756,#1757,#1758,#1759,#1760,#1761,#1762,#1763,
    #1764,#1765,#1766,#1767,#1768,#1769,#1770,#1771,#1772,#1773,#1774,
    #1775,#1776,#1777,#1778,#1779,#1780,#1781,#1782,#1783,#1784,#1785,
    #1786,#1787,#1788,#1789,#1790,#1791,#1792,#1793,#1794,#1795,#1796,
    #1797,#1798,#1799,#1800,#1801,#1802,#1803,#1804,#1805,#1806,#1807,
    #1808,#1809,#1810,#1811,#1812,#1813,#1814,#1815,#1816,#1817,#1818,
    #1819,#1820,#1821,#1822,#1823,#1824,#1825,#1826,#1827,#1828,#1829,
    #1830,#1831,#1832,#1833,#1834,#1835,#1836,#1837,#1838,#1839,#1840,
    #1841,#1842,#1843,#1844,#1845,#1846,#1847,#1848,#1849,#1850,#1851,
    #1852,#1853,#1854,#1855,#1856,#1857,#1858,#1859,#1860,#1861,#1862,
    #1863,#1864,#1865,#1866,#1867,#1868,#1869,#1870,#1871,#1872,#1873,
    #1874,#1875,#1876,#1877,#1878,#1879,#1880,#1881,#1882,#1883,#1884,
    #1885,#1886,#1887,#1888,#1889),.UNSPECIFIED.,.F.,.F.,(9,7,7,7,7,7,7,
    7,7,7,7,7,7,7,7,7,7,7,7,7,9),(0.,0.130429805914,0.171435154607,
    0.20213129631,0.249495145049,0.297389338218,0.328086821697,
    0.369338359835,0.402777415293,0.429068499754,0.500993945002,
    0.573152368047,0.599447692496,0.632369588139,0.672791202652,
    0.703002514922,0.749577758377,0.796413474623,0.826624963459,
    0.867046814211,1.),.UNSPECIFIED.);
#1748 = CARTESIAN_POINT('',(1.252677961361E-10,-1.659146591111));
#1749 = CARTESIAN_POINT('',(-9.006651171507E-02,-1.659032756131));
#1750 = CARTESIAN_POINT('',(-0.179900245162,-1.656083022394));
#1751 = CARTESIAN_POINT('',(-0.270231666439,-1.650330530389));
#1752 = CARTESIAN_POINT('',(-0.361553347609,-1.641855516902));
#1753 = CARTESIAN_POINT('',(-0.454285548188,-1.630838744541));
#1754 = CARTESIAN_POINT('',(-0.548892600843,-1.617619702787));
#1755 = CARTESIAN_POINT('',(-0.645882699457,-1.602717354065));
#1756 = CARTESIAN_POINT('',(-0.777796890604,-1.581905733361));
#1757 = CARTESIAN_POINT('',(-0.809664749379,-1.576838642455));
#1758 = CARTESIAN_POINT('',(-0.841871807395,-1.571706759138));
#1759 = CARTESIAN_POINT('',(-0.874439091583,-1.566538173829));
#1760 = CARTESIAN_POINT('',(-0.90738547745,-1.561364614869));
#1761 = CARTESIAN_POINT('',(-0.940728232709,-1.556221390391));
#1762 = CARTESIAN_POINT('',(-0.974483560918,-1.551147330191));
#1763 = CARTESIAN_POINT('',(-1.034256590826,-1.542469779246));
#1764 = CARTESIAN_POINT('',(-1.060084104216,-1.538817575822));
#1765 = CARTESIAN_POINT('',(-1.086154777093,-1.535245851695));
#1766 = CARTESIAN_POINT('',(-1.112471600634,-1.531773774691));
#1767 = CARTESIAN_POINT('',(-1.139035196987,-1.528421574287));
#1768 = CARTESIAN_POINT('',(-1.165843550864,-1.525210169798));
#1769 = CARTESIAN_POINT('',(-1.192891741138,-1.522160798575));
#1770 = CARTESIAN_POINT('',(-1.262264341698,-1.514872195797));
#1771 = CARTESIAN_POINT('',(-1.304933965929,-1.510883224346));
#1772 = CARTESIAN_POINT('',(-1.348117921343,-1.507409550697));
#1773 = CARTESIAN_POINT('',(-1.391746264026,-1.504528576759));
#1774 = CARTESIAN_POINT('',(-1.435740057959,-1.50230769973));
#1775 = CARTESIAN_POINT('',(-1.480005085462,-1.500798311605));
#1776 = CARTESIAN_POINT('',(-1.524420940066,-1.500029383945));
#1777 = CARTESIAN_POINT('',(-1.613727272144,-1.499971570025));
#1778 = CARTESIAN_POINT('',(-1.658650160897,-1.500699329759));
#1779 = CARTESIAN_POINT('',(-1.70342542434,-1.502185787073));
#1780 = CARTESIAN_POINT('',(-1.747928014895,-1.504402053763));
#1781 = CARTESIAN_POINT('',(-1.79206015852,-1.507295605653));
#1782 = CARTESIAN_POINT('',(-1.835739813505,-1.510797000473));
#1783 = CARTESIAN_POINT('',(-1.878894010698,-1.514826191444));
#1784 = CARTESIAN_POINT('',(-1.948737605028,-1.522164894078));
#1785 = CARTESIAN_POINT('',(-1.975786369848,-1.525214559052));
#1786 = CARTESIAN_POINT('',(-2.002595277054,-1.528426245728));
#1787 = CARTESIAN_POINT('',(-2.029159408095,-1.531778714976));
#1788 = CARTESIAN_POINT('',(-2.055476750086,-1.53525104606));
#1789 = CARTESIAN_POINT('',(-2.081547927476,-1.538823008412));
#1790 = CARTESIAN_POINT('',(-2.107375933702,-1.542475433409));
#1791 = CARTESIAN_POINT('',(-2.16735382626,-1.55118303985));
#1792 = CARTESIAN_POINT('',(-2.201308343533,-1.556288245879));
#1793 = CARTESIAN_POINT('',(-2.234845435577,-1.561463153083));
#1794 = CARTESIAN_POINT('',(-2.267981630675,-1.566668258127));
#1795 = CARTESIAN_POINT('',(-2.300734526733,-1.571867663156));
#1796 = CARTESIAN_POINT('',(-2.333123353514,-1.577029133436));
#1797 = CARTESIAN_POINT('',(-2.36516953487,-1.582124155012));
#1798 = CARTESIAN_POINT('',(-2.422616167336,-1.59118417067));
#1799 = CARTESIAN_POINT('',(-2.448123905929,-1.595180093525));
#1800 = CARTESIAN_POINT('',(-2.473432411301,-1.599102345119));
#1801 = CARTESIAN_POINT('',(-2.498552897002,-1.602938724324));
#1802 = CARTESIAN_POINT('',(-2.523496092869,-1.606678176899));
#1803 = CARTESIAN_POINT('',(-2.548272492308,-1.610310727707));
#1804 = CARTESIAN_POINT('',(-2.572892599574,-1.613827412928));
#1805 = CARTESIAN_POINT('',(-2.616610040663,-1.619887762932));
#1806 = CARTESIAN_POINT('',(-2.635762634417,-1.622478663749));
#1807 = CARTESIAN_POINT('',(-2.654829876031,-1.624989021518));
#1808 = CARTESIAN_POINT('',(-2.673816563668,-1.627415225566));
#1809 = CARTESIAN_POINT('',(-2.69272737593,-1.62975394776));
#1810 = CARTESIAN_POINT('',(-2.711566871864,-1.632002142511));
#1811 = CARTESIAN_POINT('',(-2.730339490958,-1.634157046766));
#1812 = CARTESIAN_POINT('',(-2.800235328881,-1.641849423326));
#1813 = CARTESIAN_POINT('',(-2.850948112935,-1.646765187235));
#1814 = CARTESIAN_POINT('',(-2.901284244174,-1.650912931298));
#1815 = CARTESIAN_POINT('',(-2.951325131646,-1.654254022325));
#1816 = CARTESIAN_POINT('',(-3.001144356781,-1.656760906938));
#1817 = CARTESIAN_POINT('',(-3.050813790941,-1.658416169089));
#1818 = CARTESIAN_POINT('',(-3.100408728322,-1.659211472557));
#1819 = CARTESIAN_POINT('',(-3.199776012962,-1.659081093444));
#1820 = CARTESIAN_POINT('',(-3.249530020058,-1.65814985281));
#1821 = CARTESIAN_POINT('',(-3.299357963579,-1.656353343625));
#1822 = CARTESIAN_POINT('',(-3.349336314038,-1.653700254766));
#1823 = CARTESIAN_POINT('',(-3.399538273735,-1.650208542623));
#1824 = CARTESIAN_POINT('',(-3.450039060355,-1.6459065818));
#1825 = CARTESIAN_POINT('',(-3.500922304788,-1.640834210753));
#1826 = CARTESIAN_POINT('',(-3.571005629331,-1.632933536382));
#1827 = CARTESIAN_POINT('',(-3.58978704605,-1.630728130756));
#1828 = CARTESIAN_POINT('',(-3.608636235054,-1.628429995282));
#1829 = CARTESIAN_POINT('',(-3.627557747092,-1.626041962792));
#1830 = CARTESIAN_POINT('',(-3.64655626196,-1.623567159162));
#1831 = CARTESIAN_POINT('',(-3.665636588501,-1.621009003311));
#1832 = CARTESIAN_POINT('',(-3.684803664601,-1.618371207203));
#1833 = CARTESIAN_POINT('',(-3.728174800165,-1.612260544361));
#1834 = CARTESIAN_POINT('',(-3.75243047801,-1.608744863066));
#1835 = CARTESIAN_POINT('',(-3.776840166831,-1.605118604637));
#1836 = CARTESIAN_POINT('',(-3.801414200592,-1.601390566343));
#1837 = CARTESIAN_POINT('',(-3.82616291183,-1.597570537319));
#1838 = CARTESIAN_POINT('',(-3.851096872368,-1.593669365843));
#1839 = CARTESIAN_POINT('',(-3.876227134023,-1.58969902661));
#1840 = CARTESIAN_POINT('',(-3.932675962875,-1.580729135904));
#1841 = CARTESIAN_POINT('',(-3.964097305459,-1.575701666547));
#1842 = CARTESIAN_POINT('',(-3.995852977563,-1.570614217263));
#1843 = CARTESIAN_POINT('',(-4.02796381806,-1.565494372264));
#1844 = CARTESIAN_POINT('',(-4.060448551891,-1.560373307807));
#1845 = CARTESIAN_POINT('',(-4.093324317747,-1.555285737349));
#1846 = CARTESIAN_POINT('',(-4.126607195747,-1.550269856704));
#1847 = CARTESIAN_POINT('',(-4.185504420001,-1.541703086274));
#1848 = CARTESIAN_POINT('',(-4.210930312254,-1.538102464546));
#1849 = CARTESIAN_POINT('',(-4.236595454014,-1.53458279237));
#1850 = CARTESIAN_POINT('',(-4.262502807375,-1.531162850072));
#1851 = CARTESIAN_POINT('',(-4.288652988525,-1.527862463045));
#1852 = CARTESIAN_POINT('',(-4.315044001878,-1.524702134847));
#1853 = CARTESIAN_POINT('',(-4.34167097421,-1.521702680313));
#1854 = CARTESIAN_POINT('',(-4.409926744644,-1.514540766316));
#1855 = CARTESIAN_POINT('',(-4.451893858372,-1.510625709749));
#1856 = CARTESIAN_POINT('',(-4.494365832335,-1.507219631258));
#1857 = CARTESIAN_POINT('',(-4.537273807458,-1.504398167048));
#1858 = CARTESIAN_POINT('',(-4.580539814644,-1.502227112841));
#1859 = CARTESIAN_POINT('',(-4.62407072088,-1.50075651883));
#1860 = CARTESIAN_POINT('',(-4.667747770043,-1.500014413955));
#1861 = CARTESIAN_POINT('',(-4.755319858101,-1.49998582536));
#1862 = CARTESIAN_POINT('',(-4.799245935197,-1.50070749442));
#1863 = CARTESIAN_POINT('',(-4.843027483433,-1.502166583821));
#1864 = CARTESIAN_POINT('',(-4.886543471112,-1.5043351123));
#1865 = CARTESIAN_POINT('',(-4.929699012844,-1.507162486074));
#1866 = CARTESIAN_POINT('',(-4.972414610661,-1.510581920485));
#1867 = CARTESIAN_POINT('',(-5.014619924488,-1.51451649744));
#1868 = CARTESIAN_POINT('',(-5.083106986556,-1.521702680313));
#1869 = CARTESIAN_POINT('',(-5.109733958888,-1.524702134848));
#1870 = CARTESIAN_POINT('',(-5.136124972241,-1.527862463045));
#1871 = CARTESIAN_POINT('',(-5.162275153392,-1.531162850072));
#1872 = CARTESIAN_POINT('',(-5.188182506753,-1.534582792368));
#1873 = CARTESIAN_POINT('',(-5.213847648513,-1.538102464545));
#1874 = CARTESIAN_POINT('',(-5.239273540765,-1.541703086276));
#1875 = CARTESIAN_POINT('',(-5.298170765021,-1.550269856706));
#1876 = CARTESIAN_POINT('',(-5.331453643019,-1.555285737348));
#1877 = CARTESIAN_POINT('',(-5.364329408875,-1.560373307803));
#1878 = CARTESIAN_POINT('',(-5.396814142706,-1.565494372262));
#1879 = CARTESIAN_POINT('',(-5.428924983203,-1.570614217263));
#1880 = CARTESIAN_POINT('',(-5.460680655307,-1.575701666547));
#1881 = CARTESIAN_POINT('',(-5.492101997889,-1.580729135903));
#1882 = CARTESIAN_POINT('',(-5.625539306069,-1.601932730288));
#1883 = CARTESIAN_POINT('',(-5.724311233134,-1.617253733347));
#1884 = CARTESIAN_POINT('',(-5.820612072846,-1.630820481383));
#1885 = CARTESIAN_POINT('',(-5.914976651854,-1.642079670597));
#1886 = CARTESIAN_POINT('',(-6.007913605039,-1.650677054444));
#1887 = CARTESIAN_POINT('',(-6.099860274631,-1.65642982627));
#1888 = CARTESIAN_POINT('',(-6.191353757222,-1.659262656924));
#1889 = CARTESIAN_POINT('',(-6.28318530718,-1.65914659111));
#1890 = ( GEOMETRIC_REPRESENTATION_CONTEXT(2) 
PARAMETRIC_REPRESENTATION_CONTEXT() REPRESENTATION_CONTEXT('2D SPACE',''
  ) );
#1891 = FACE_BOUND('',#1892,.F.);
#1892 = EDGE_LOOP('',(#1893));
#1893 = ORIENTED_EDGE('',*,*,#1894,.T.);
#1894 = EDGE_CURVE('',#1895,#1895,#1897,.T.);
#1895 = VERTEX_POINT('',#1896);
#1896 = CARTESIAN_POINT('',(36.943969424677,-10.84609876507,
    95.583453680648));
#1897 = SURFACE_CURVE('',#1898,(#2062,#2229),.PCURVE_S1.);
#1898 = B_SPLINE_CURVE_WITH_KNOTS('',8,(#1899,#1900,#1901,#1902,#1903,
    #1904,#1905,#1906,#1907,#1908,#1909,#1910,#1911,#1912,#1913,#1914,
    #1915,#1916,#1917,#1918,#1919,#1920,#1921,#1922,#1923,#1924,#1925,
    #1926,#1927,#1928,#1929,#1930,#1931,#1932,#1933,#1934,#1935,#1936,
    #1937,#1938,#1939,#1940,#1941,#1942,#1943,#1944,#1945,#1946,#1947,
    #1948,#1949,#1950,#1951,#1952,#1953,#1954,#1955,#1956,#1957,#1958,
    #1959,#1960,#1961,#1962,#1963,#1964,#1965,#1966,#1967,#1968,#1969,
    #1970,#1971,#1972,#1973,#1974,#1975,#1976,#1977,#1978,#1979,#1980,
    #1981,#1982,#1983,#1984,#1985,#1986,#1987,#1988,#1989,#1990,#1991,
    #1992,#1993,#1994,#1995,#1996,#1997,#1998,#1999,#2000,#2001,#2002,
    #2003,#2004,#2005,#2006,#2007,#2008,#2009,#2010,#2011,#2012,#2013,
    #2014,#2015,#2016,#2017,#2018,#2019,#2020,#2021,#2022,#2023,#2024,
    #2025,#2026,#2027,#2028,#2029,#2030,#2031,#2032,#2033,#2034,#2035,
    #2036,#2037,#2038,#2039,#2040,#2041,#2042,#2043,#2044,#2045,#2046,
    #2047,#2048,#2049,#2050,#2051,#2052,#2053,#2054,#2055,#2056,#2057,
    #2058,#2059,#2060,#2061),.UNSPECIFIED.,.T.,.F.,(9,7,7,7,7,7,7,7,7,7,
    7,7,7,7,7,7,7,7,7,7,7,7,7,9),(0.,0.130211633737,0.171267577451,
    0.201986421617,0.249634215319,0.297547458191,0.328267382212,
    0.369325596505,0.402751557115,0.429033435934,0.500941746748,
    0.572628928224,0.599055280468,0.632070228971,0.672563993323,
    0.70281716817,0.718477356128,0.749717742893,0.77117387398,
    0.780959043433,0.796618816576,0.826871190059,0.867363881788,1.),
  .UNSPECIFIED.);
#1899 = CARTESIAN_POINT('',(36.943969424575,-10.84609876504,
    95.583453679444));
#1900 = CARTESIAN_POINT('',(36.970851657294,-10.85149461879,
    95.89048335558));
#1901 = CARTESIAN_POINT('',(37.006246730227,-10.82756849382,
    96.196486065412));
#1902 = CARTESIAN_POINT('',(37.049998412739,-10.77457028109,
    96.500641273588));
#1903 = CARTESIAN_POINT('',(37.102044178623,-10.69168062948,
    96.801322955359));
#1904 = CARTESIAN_POINT('',(37.162231149873,-10.57777931234,
    97.09632973358));
#1905 = CARTESIAN_POINT('',(37.230278418401,-10.4312663748,
    97.382700814397));
#1906 = CARTESIAN_POINT('',(37.305692317079,-10.25046701022,
    97.656896726389));
#1907 = CARTESIAN_POINT('',(37.41382131884,-9.963669457939,
    97.995322471433));
#1908 = CARTESIAN_POINT('',(37.440402671518,-9.891254501961,
    98.074723815807));
#1909 = CARTESIAN_POINT('',(37.467620625844,-9.815103216679,
    98.152238700109));
#1910 = CARTESIAN_POINT('',(37.495443367785,-9.735150760163,
    98.227678591154));
#1911 = CARTESIAN_POINT('',(37.523831082723,-9.651342814822,
    98.300829293243));
#1912 = CARTESIAN_POINT('',(37.552735500165,-9.563639006888,
    98.371452801774));
#1913 = CARTESIAN_POINT('',(37.582099438462,-9.472016325911,
    98.439289156843));
#1914 = CARTESIAN_POINT('',(37.634121040839,-9.304984855137,
    98.552519809097));
#1915 = CARTESIAN_POINT('',(37.656604039739,-9.231307369334,
    98.599260387194));
#1916 = CARTESIAN_POINT('',(37.679276479312,-9.155443497393,
    98.64416123237));
#1917 = CARTESIAN_POINT('',(37.702104673389,-9.07740911801,
    98.687093255047));
#1918 = CARTESIAN_POINT('',(37.725050198057,-8.99723520141,
    98.727919715354));
#1919 = CARTESIAN_POINT('',(37.748069973169,-8.914970432723,
    98.766498863644));
#1920 = CARTESIAN_POINT('',(37.771116343868,-8.830683835382,98.802686581
    ));
#1921 = CARTESIAN_POINT('',(37.82984459926,-8.610737649765,
    98.888537092392));
#1922 = CARTESIAN_POINT('',(37.86551259535,-8.472282884193,
    98.934668322556));
#1923 = CARTESIAN_POINT('',(37.900917613858,-8.3295464058,
    98.974140702821));
#1924 = CARTESIAN_POINT('',(37.935824146414,-8.183079274006,
    99.006417860609));
#1925 = CARTESIAN_POINT('',(37.969990303038,-8.033548258306,
    99.031036204363));
#1926 = CARTESIAN_POINT('',(38.003174551585,-7.88174684287,
    99.047636934437));
#1927 = CARTESIAN_POINT('',(38.035143606378,-7.72860927706,
    99.056012918731));
#1928 = CARTESIAN_POINT('',(38.096389454235,-7.420991567095,
    99.056328824869));
#1929 = CARTESIAN_POINT('',(38.125672710741,-7.266395915904,
    99.048177029736));
#1930 = CARTESIAN_POINT('',(38.153307589162,-7.11255236527,
    99.031703112603));
#1931 = CARTESIAN_POINT('',(38.179148536947,-6.960431030472,
    99.007114193377));
#1932 = CARTESIAN_POINT('',(38.203112879767,-6.810872984879,
    98.974773077664));
#1933 = CARTESIAN_POINT('',(38.225167877642,-6.664600336299,
    98.935150211301));
#1934 = CARTESIAN_POINT('',(38.245320052818,-6.522223889866,
    98.888790958658));
#1935 = CARTESIAN_POINT('',(38.275331463499,-6.295784407408,
    98.802642093848));
#1936 = CARTESIAN_POINT('',(38.28629397778,-6.209093784147,
    98.766450688106));
#1937 = CARTESIAN_POINT('',(38.296507314855,-6.124281456306,
    98.727867848147));
#1938 = CARTESIAN_POINT('',(38.305989092686,-6.041429419086,
    98.687037703596));
#1939 = CARTESIAN_POINT('',(38.314760485348,-5.960599126929,
    98.644102012639));
#1940 = CARTESIAN_POINT('',(38.322845143805,-5.881833886162,
    98.599197521646));
#1941 = CARTESIAN_POINT('',(38.330268116687,-5.805161247637,
    98.552453324785));
#1942 = CARTESIAN_POINT('',(38.346125363474,-5.630935628894,
    98.439212981772));
#1943 = CARTESIAN_POINT('',(38.354058412251,-5.535049269558,
    98.371370456199));
#1944 = CARTESIAN_POINT('',(38.360916262368,-5.442959708827,
    98.300740732142));
#1945 = CARTESIAN_POINT('',(38.366760557015,-5.354667550981,
    98.227583788956));
#1946 = CARTESIAN_POINT('',(38.371651349797,-5.270153950446,
    98.152137646857));
#1947 = CARTESIAN_POINT('',(38.375646216935,-5.189383945115,
    98.074616513632));
#1948 = CARTESIAN_POINT('',(38.37879936947,-5.11230978968,
    97.995208931367));
#1949 = CARTESIAN_POINT('',(38.383083204865,-4.979089610131,
    97.848024615687));
#1950 = CARTESIAN_POINT('',(38.38448078312,-4.921720956362,
    97.780834662781));
#1951 = CARTESIAN_POINT('',(38.385380571665,-4.866739285479,
    97.712595663011));
#1952 = CARTESIAN_POINT('',(38.385807874363,-4.814115496205,
    97.643390741279));
#1953 = CARTESIAN_POINT('',(38.385786275993,-4.763820526781,
    97.573296568079));
#1954 = CARTESIAN_POINT('',(38.385337690744,-4.715825453603,
    97.502383378761));
#1955 = CARTESIAN_POINT('',(38.384482410704,-4.670101589848,
    97.430714992788));
#1956 = CARTESIAN_POINT('',(38.382261617383,-4.592432710279,
    97.30144938697));
#1957 = CARTESIAN_POINT('',(38.381044261835,-4.559632054279,
    97.244119631801));
#1958 = CARTESIAN_POINT('',(38.379596150338,-4.528205222717,
    97.18638798563));
#1959 = CARTESIAN_POINT('',(38.377925813055,-4.498139449738,
    97.12828143223));
#1960 = CARTESIAN_POINT('',(38.376041247694,-4.469422597013,
    97.069825521022));
#1961 = CARTESIAN_POINT('',(38.373949919509,-4.442043153739,
    97.011044367068));
#1962 = CARTESIAN_POINT('',(38.371658761298,-4.415990236643,
    96.951960651077));
#1963 = CARTESIAN_POINT('',(38.362376237852,-4.323573098447,
    96.730170429828));
#1964 = CARTESIAN_POINT('',(38.354131189043,-4.265752886166,
    96.565656316558));
#1965 = CARTESIAN_POINT('',(38.344570517888,-4.217571721149,
    96.399471045209));
#1966 = CARTESIAN_POINT('',(38.333799217633,-4.178867573234,
    96.231999023321));
#1967 = CARTESIAN_POINT('',(38.321900357286,-4.149520469044,
    96.063595087479));
#1968 = CARTESIAN_POINT('',(38.308937522981,-4.129445894004,
    95.894586679672));
#1969 = CARTESIAN_POINT('',(38.294955127291,-4.118598741423,
    95.725274412905));
#1970 = CARTESIAN_POINT('',(38.265044107014,-4.11538182969,
    95.387108396694));
#1971 = CARTESIAN_POINT('',(38.249127117689,-4.122955957189,
    95.218317252493));
#1972 = CARTESIAN_POINT('',(38.232250222749,-4.139706327136,
    95.04982742631));
#1973 = CARTESIAN_POINT('',(38.214422238094,-4.165683095267,
    94.881937639185));
#1974 = CARTESIAN_POINT('',(38.195637711963,-4.200976341527,
    94.714974464706));
#1975 = CARTESIAN_POINT('',(38.175876577437,-4.245712648318,
    94.549293014242));
#1976 = CARTESIAN_POINT('',(38.155101936741,-4.300062352518,
    94.385279343042));
#1977 = CARTESIAN_POINT('',(38.125202807941,-4.387921992378,
    94.163663558373));
#1978 = CARTESIAN_POINT('',(38.117004341044,-4.412923551444,
    94.104258716787));
#1979 = CARTESIAN_POINT('',(38.108657856108,-4.439273224914,
    94.045161998193));
#1980 = CARTESIAN_POINT('',(38.100160336032,-4.466982811603,
    93.986396885094));
#1981 = CARTESIAN_POINT('',(38.091508467175,-4.49606483268,
    93.927988396741));
#1982 = CARTESIAN_POINT('',(38.082698639354,-4.526532531667,
    93.869963089136));
#1983 = CARTESIAN_POINT('',(38.073726945849,-4.558399874443,
    93.812349055028));
#1984 = CARTESIAN_POINT('',(38.053173201582,-4.633260983633,
    93.683748435108));
#1985 = CARTESIAN_POINT('',(38.041498262216,-4.677046929932,
    93.613010840174));
#1986 = CARTESIAN_POINT('',(38.029555908786,-4.723068817195,
    93.543019919438));
#1987 = CARTESIAN_POINT('',(38.017337240357,-4.771356619788,
    93.473838829112));
#1988 = CARTESIAN_POINT('',(38.004832862372,-4.821940784301,
    93.405537134138));
#1989 = CARTESIAN_POINT('',(37.992032837446,-4.874852156475,
    93.338190841033));
#1990 = CARTESIAN_POINT('',(37.978926636166,-4.930121908122,
    93.27188243073));
#1991 = CARTESIAN_POINT('',(37.949038727782,-5.058502533639,
    93.126753897325));
#1992 = CARTESIAN_POINT('',(37.932098415492,-5.132812326608,
    93.048509503918));
#1993 = CARTESIAN_POINT('',(37.914660863159,-5.210772081087,
    92.97212688267));
#1994 = CARTESIAN_POINT('',(37.896705330773,-5.292434709699,
    92.897792559409));
#1995 = CARTESIAN_POINT('',(37.878212161711,-5.377841553738,
    92.825718607389));
#1996 = CARTESIAN_POINT('',(37.859163318294,-5.467019137348,
    92.756140840358));
#1997 = CARTESIAN_POINT('',(37.839542917328,-5.559975921699,
    92.689317005629));
#1998 = CARTESIAN_POINT('',(37.804242355393,-5.728961592324,
    92.577865506056));
#1999 = CARTESIAN_POINT('',(37.788821701367,-5.80332094839,
    92.531902051217));
#2000 = CARTESIAN_POINT('',(37.773071287748,-5.879767507982,
    92.487751906967));
#2001 = CARTESIAN_POINT('',(37.756988660413,-5.958278980979,
    92.445542583461));
#2002 = CARTESIAN_POINT('',(37.740574026917,-6.0388179986,
    92.405409179866));
#2003 = CARTESIAN_POINT('',(37.723830856458,-6.121329705495,
    92.367491757552));
#2004 = CARTESIAN_POINT('',(37.706766479842,-6.205739351825,
    92.331932713287));
#2005 = CARTESIAN_POINT('',(37.680399358192,-6.33657571936,
    92.28176179052));
#2006 = CARTESIAN_POINT('',(37.671323252437,-6.381683463809,
    92.265319632491));
#2007 = CARTESIAN_POINT('',(37.662166138322,-6.427259048953,
    92.249567480354));
#2008 = CARTESIAN_POINT('',(37.652930123364,-6.473286724207,
    92.234525037753));
#2009 = CARTESIAN_POINT('',(37.643617687593,-6.51974895481,
    92.220211721558));
#2010 = CARTESIAN_POINT('',(37.634231714691,-6.566626318472,
    92.206646473457));
#2011 = CARTESIAN_POINT('',(37.624775523128,-6.613897402038,
    92.193847571547));
#2012 = CARTESIAN_POINT('',(37.596256285326,-6.756577947985,
    92.157863553615));
#2013 = CARTESIAN_POINT('',(37.576992433658,-6.853104951167,
    92.13701034076));
#2014 = CARTESIAN_POINT('',(37.55749454152,-6.95091692633,
    92.119416146243));
#2015 = CARTESIAN_POINT('',(37.537800316032,-7.049792957043,
    92.105204463726));
#2016 = CARTESIAN_POINT('',(37.517952341615,-7.149493517214,
    92.09447447143));
#2017 = CARTESIAN_POINT('',(37.497998449392,-7.24975999651,
    92.087296565917));
#2018 = CARTESIAN_POINT('',(37.47799208659,-7.350314225773,
    92.083707895869));
#2019 = CARTESIAN_POINT('',(37.444256948134,-7.519912219606,
    92.083707895868));
#2020 = CARTESIAN_POINT('',(37.43052298581,-7.588969028491,
    92.085400589399));
#2021 = CARTESIAN_POINT('',(37.416809429423,-7.65793469443,
    92.088786078111));
#2022 = CARTESIAN_POINT('',(37.403134660688,-7.7267188604,
    92.093856269451));
#2023 = CARTESIAN_POINT('',(37.389516785773,-7.795234522456,
    92.100595404825));
#2024 = CARTESIAN_POINT('',(37.375973608486,-7.86339800518,
    92.10898058776));
#2025 = CARTESIAN_POINT('',(37.362522603461,-7.931128937113,
    92.118982312062));
#2026 = CARTESIAN_POINT('',(37.343096337893,-8.02900681112,92.1358473247
    ));
#2027 = CARTESIAN_POINT('',(37.337034414304,-8.059557907068,
    92.141458578569));
#2028 = CARTESIAN_POINT('',(37.330996687688,-8.089996481926,
    92.147395396032));
#2029 = CARTESIAN_POINT('',(37.324984681842,-8.120315780917,
    92.153654235092));
#2030 = CARTESIAN_POINT('',(37.318999875243,-8.150509326607,
    92.160231367311));
#2031 = CARTESIAN_POINT('',(37.313043701046,-8.180570918912,
    92.167122877808));
#2032 = CARTESIAN_POINT('',(37.307117547089,-8.21049463509,
    92.174324665266));
#2033 = CARTESIAN_POINT('',(37.291788980277,-8.287933799259,
    92.193847571539));
#2034 = CARTESIAN_POINT('',(37.28243550161,-8.335225313681,
    92.206646473456));
#2035 = CARTESIAN_POINT('',(37.27316781944,-8.382126206835,
    92.220211721557));
#2036 = CARTESIAN_POINT('',(37.263991062361,-8.428615425619,
    92.234525037744));
#2037 = CARTESIAN_POINT('',(37.25490999879,-8.47467392263,
    92.249567480339));
#2038 = CARTESIAN_POINT('',(37.245929047744,-8.52028454878,
    92.26531963248));
#2039 = CARTESIAN_POINT('',(37.237052289619,-8.565431945923,
    92.281761790522));
#2040 = CARTESIAN_POINT('',(37.211343423435,-8.696399248617,
    92.331932713291));
#2041 = CARTESIAN_POINT('',(37.194806678539,-8.780913847431,
    92.367491757537));
#2042 = CARTESIAN_POINT('',(37.178699487831,-8.863552058562,
    92.405409179842));
#2043 = CARTESIAN_POINT('',(37.163043684052,-8.944242016787,
    92.445542583443));
#2044 = CARTESIAN_POINT('',(37.147857054312,-9.022931714777,
    92.487751906958));
#2045 = CARTESIAN_POINT('',(37.133153707265,-9.099586548862,
    92.531902051205));
#2046 = CARTESIAN_POINT('',(37.118944440286,-9.174186864808,
    92.57786550603));
#2047 = CARTESIAN_POINT('',(37.08688989049,-9.343818207386,
    92.689317005596));
#2048 = CARTESIAN_POINT('',(37.069443756066,-9.437207480239,
    92.756140840334));
#2049 = CARTESIAN_POINT('',(37.052915808832,-9.526886501276,
    92.825718607368));
#2050 = CARTESIAN_POINT('',(37.037317484994,-9.612869165832,
    92.897792559384));
#2051 = CARTESIAN_POINT('',(37.022655298848,-9.695186881743,
    92.972126882639));
#2052 = CARTESIAN_POINT('',(37.008931590114,-9.773885365647,
    93.048509503886));
#2053 = CARTESIAN_POINT('',(36.996145271281,-9.84902143929,
    93.126753897297));
#2054 = CARTESIAN_POINT('',(36.94546839297,-10.15531544146,
    93.468571824296));
#2055 = CARTESIAN_POINT('',(36.916734047528,-10.35200682712,
    93.748221858562));
#2056 = CARTESIAN_POINT('',(36.897813951027,-10.51375879009,
    94.040513048505));
#2057 = CARTESIAN_POINT('',(36.888583670625,-10.64216742381,
    94.341641793095));
#2058 = CARTESIAN_POINT('',(36.888791296533,-10.73880407831,
    94.648478339666));
#2059 = CARTESIAN_POINT('',(36.898199137496,-10.80469609231,
    94.958692548006));
#2060 = CARTESIAN_POINT('',(36.916579184391,-10.84060094316,
    95.270621904988));
#2061 = CARTESIAN_POINT('',(36.943969424677,-10.84609876507,
    95.583453680648));
#2062 = PCURVE('',#363,#2063);
#2063 = DEFINITIONAL_REPRESENTATION('',(#2064),#2228);
#2064 = B_SPLINE_CURVE_WITH_KNOTS('',8,(#2065,#2066,#2067,#2068,#2069,
    #2070,#2071,#2072,#2073,#2074,#2075,#2076,#2077,#2078,#2079,#2080,
    #2081,#2082,#2083,#2084,#2085,#2086,#2087,#2088,#2089,#2090,#2091,
    #2092,#2093,#2094,#2095,#2096,#2097,#2098,#2099,#2100,#2101,#2102,
    #2103,#2104,#2105,#2106,#2107,#2108,#2109,#2110,#2111,#2112,#2113,
    #2114,#2115,#2116,#2117,#2118,#2119,#2120,#2121,#2122,#2123,#2124,
    #2125,#2126,#2127,#2128,#2129,#2130,#2131,#2132,#2133,#2134,#2135,
    #2136,#2137,#2138,#2139,#2140,#2141,#2142,#2143,#2144,#2145,#2146,
    #2147,#2148,#2149,#2150,#2151,#2152,#2153,#2154,#2155,#2156,#2157,
    #2158,#2159,#2160,#2161,#2162,#2163,#2164,#2165,#2166,#2167,#2168,
    #2169,#2170,#2171,#2172,#2173,#2174,#2175,#2176,#2177,#2178,#2179,
    #2180,#2181,#2182,#2183,#2184,#2185,#2186,#2187,#2188,#2189,#2190,
    #2191,#2192,#2193,#2194,#2195,#2196,#2197,#2198,#2199,#2200,#2201,
    #2202,#2203,#2204,#2205,#2206,#2207,#2208,#2209,#2210,#2211,#2212,
    #2213,#2214,#2215,#2216,#2217,#2218,#2219,#2220,#2221,#2222,#2223,
    #2224,#2225,#2226,#2227),.UNSPECIFIED.,.T.,.F.,(9,7,7,7,7,7,7,7,7,7,
    7,7,7,7,7,7,7,7,7,7,7,7,7,9),(0.,0.130211633737,0.171267577451,
    0.201986421617,0.249634215319,0.297547458191,0.328267382212,
    0.369325596505,0.402751557115,0.429033435934,0.500941746748,
    0.572628928224,0.599055280468,0.632070228971,0.672563993323,
    0.70281716817,0.718477356128,0.749717742893,0.77117387398,
    0.780959043433,0.796618816576,0.826871190059,0.867363881788,1.),
  .UNSPECIFIED.);
#2065 = CARTESIAN_POINT('',(5.997626579726,67.583453679444));
#2066 = CARTESIAN_POINT('',(5.997688787769,67.89048335558));
#2067 = CARTESIAN_POINT('',(5.998543883537,68.196486065413));
#2068 = CARTESIAN_POINT('',(6.00018224756,68.500641273586));
#2069 = CARTESIAN_POINT('',(6.002621655427,68.801322955361));
#2070 = CARTESIAN_POINT('',(6.00588664578,69.096329733579));
#2071 = CARTESIAN_POINT('',(6.01001290189,69.382700814397));
#2072 = CARTESIAN_POINT('',(6.015036860926,69.656896726389));
#2073 = CARTESIAN_POINT('',(6.022916419094,69.995322471433));
#2074 = CARTESIAN_POINT('',(6.024900338389,70.074723815807));
#2075 = CARTESIAN_POINT('',(6.026980906291,70.152238700109));
#2076 = CARTESIAN_POINT('',(6.029159507807,70.227678591154));
#2077 = CARTESIAN_POINT('',(6.031437227048,70.300829293243));
#2078 = CARTESIAN_POINT('',(6.033814763581,70.371452801774));
#2079 = CARTESIAN_POINT('',(6.036292348798,70.439289156843));
#2080 = CARTESIAN_POINT('',(6.040798057631,70.552519809097));
#2081 = CARTESIAN_POINT('',(6.042782139468,70.599260387194));
#2082 = CARTESIAN_POINT('',(6.044821658569,70.64416123237));
#2083 = CARTESIAN_POINT('',(6.046916032744,70.687093255047));
#2084 = CARTESIAN_POINT('',(6.049064282678,70.727919715354));
#2085 = CARTESIAN_POINT('',(6.05126496777,70.766498863644));
#2086 = CARTESIAN_POINT('',(6.053516121981,70.802686581));
#2087 = CARTESIAN_POINT('',(6.059381258191,70.888537092392));
#2088 = CARTESIAN_POINT('',(6.06306478905,70.934668322556));
#2089 = CARTESIAN_POINT('',(6.066853561812,70.974140702821));
#2090 = CARTESIAN_POINT('',(6.070732656164,71.006417860609));
#2091 = CARTESIAN_POINT('',(6.074684284823,71.031036204363));
#2092 = CARTESIAN_POINT('',(6.078687537563,71.047636934437));
#2093 = CARTESIAN_POINT('',(6.082718036351,71.056012918731));
#2094 = CARTESIAN_POINT('',(6.090799415252,71.056328824869));
#2095 = CARTESIAN_POINT('',(6.094853246398,71.048177029736));
#2096 = CARTESIAN_POINT('',(6.098880190092,71.031703112603));
#2097 = CARTESIAN_POINT('',(6.102855410781,71.007114193377));
#2098 = CARTESIAN_POINT('',(6.106757601441,70.974773077664));
#2099 = CARTESIAN_POINT('',(6.110568633372,70.935150211302));
#2100 = CARTESIAN_POINT('',(6.114273296652,70.888790958658));
#2101 = CARTESIAN_POINT('',(6.120158215172,70.802642093848));
#2102 = CARTESIAN_POINT('',(6.122409380401,70.766450688106));
#2103 = CARTESIAN_POINT('',(6.124610071592,70.727867848147));
#2104 = CARTESIAN_POINT('',(6.126758322996,70.687037703596));
#2105 = CARTESIAN_POINT('',(6.128852694298,70.644102012639));
#2106 = CARTESIAN_POINT('',(6.130892206462,70.599197521646));
#2107 = CARTESIAN_POINT('',(6.132876277565,70.552453324785));
#2108 = CARTESIAN_POINT('',(6.13738200498,70.439212981772));
#2109 = CARTESIAN_POINT('',(6.139859612668,70.371370456199));
#2110 = CARTESIAN_POINT('',(6.142237161855,70.300740732142));
#2111 = CARTESIAN_POINT('',(6.144514884443,70.227583788956));
#2112 = CARTESIAN_POINT('',(6.146693480455,70.152137646857));
#2113 = CARTESIAN_POINT('',(6.148774034404,70.074616513632));
#2114 = CARTESIAN_POINT('',(6.150757931654,69.995208931367));
#2115 = CARTESIAN_POINT('',(6.154184503537,69.848024615687));
#2116 = CARTESIAN_POINT('',(6.155659119313,69.780834662781));
#2117 = CARTESIAN_POINT('',(6.157071440217,69.712595663011));
#2118 = CARTESIAN_POINT('',(6.158422275111,69.643390741279));
#2119 = CARTESIAN_POINT('',(6.159712422075,69.573296568079));
#2120 = CARTESIAN_POINT('',(6.160942666865,69.502383378761));
#2121 = CARTESIAN_POINT('',(6.162113781367,69.430714992788));
#2122 = CARTESIAN_POINT('',(6.164101438299,69.30144938697));
#2123 = CARTESIAN_POINT('',(6.164940250511,69.244119631801));
#2124 = CARTESIAN_POINT('',(6.165743316009,69.18638798563));
#2125 = CARTESIAN_POINT('',(6.166510973793,69.12828143223));
#2126 = CARTESIAN_POINT('',(6.167243544546,69.069825521022));
#2127 = CARTESIAN_POINT('',(6.167941330633,69.011044367068));
#2128 = CARTESIAN_POINT('',(6.168604616103,68.951960651077));
#2129 = CARTESIAN_POINT('',(6.170954775184,68.730170429828));
#2130 = CARTESIAN_POINT('',(6.172419433022,68.565656316558));
#2131 = CARTESIAN_POINT('',(6.173633375872,68.399471045209));
#2132 = CARTESIAN_POINT('',(6.174600717694,68.231999023321));
#2133 = CARTESIAN_POINT('',(6.175324415517,68.063595087479));
#2134 = CARTESIAN_POINT('',(6.175806452777,67.894586679672));
#2135 = CARTESIAN_POINT('',(6.176047741196,67.725274412905));
#2136 = CARTESIAN_POINT('',(6.176047741196,67.387108396694));
#2137 = CARTESIAN_POINT('',(6.175807934032,67.218317252493));
#2138 = CARTESIAN_POINT('',(6.175328114129,67.04982742631));
#2139 = CARTESIAN_POINT('',(6.174606635487,66.881937639185));
#2140 = CARTESIAN_POINT('',(6.173640780743,66.714974464706));
#2141 = CARTESIAN_POINT('',(6.172426847875,66.549293014242));
#2142 = CARTESIAN_POINT('',(6.170959954565,66.385279343042));
#2143 = CARTESIAN_POINT('',(6.168597152065,66.163663558373));
#2144 = CARTESIAN_POINT('',(6.167925503309,66.104258716787));
#2145 = CARTESIAN_POINT('',(6.167218300946,66.045161998193));
#2146 = CARTESIAN_POINT('',(6.166475212428,65.986396885094));
#2147 = CARTESIAN_POINT('',(6.165695885655,65.927988396741));
#2148 = CARTESIAN_POINT('',(6.164879948966,65.869963089136));
#2149 = CARTESIAN_POINT('',(6.164027011144,65.812349055028));
#2150 = CARTESIAN_POINT('',(6.162024330432,65.683748435108));
#2151 = CARTESIAN_POINT('',(6.160853633024,65.613010840174));
#2152 = CARTESIAN_POINT('',(6.159623747082,65.543019919438));
#2153 = CARTESIAN_POINT('',(6.158333835146,65.473838829112));
#2154 = CARTESIAN_POINT('',(6.156983046326,65.405537134138));
#2155 = CARTESIAN_POINT('',(6.15557051824,65.338190841033));
#2156 = CARTESIAN_POINT('',(6.154095378934,65.27188243073));
#2157 = CARTESIAN_POINT('',(6.150669575642,65.126753897325));
#2158 = CARTESIAN_POINT('',(6.148687060067,65.048509503918));
#2159 = CARTESIAN_POINT('',(6.146607493109,64.97212688267));
#2160 = CARTESIAN_POINT('',(6.144429385062,64.897792559409));
#2161 = CARTESIAN_POINT('',(6.142151553554,64.825718607389));
#2162 = CARTESIAN_POINT('',(6.139773211612,64.756140840358));
#2163 = CARTESIAN_POINT('',(6.137294055714,64.689317005629));
#2164 = CARTESIAN_POINT('',(6.132787040521,64.577865506056));
#2165 = CARTESIAN_POINT('',(6.130803750682,64.531902051217));
#2166 = CARTESIAN_POINT('',(6.128764710315,64.487751906967));
#2167 = CARTESIAN_POINT('',(6.126670484449,64.445542583461));
#2168 = CARTESIAN_POINT('',(6.124522042668,64.405409179866));
#2169 = CARTESIAN_POINT('',(6.122320824617,64.367491757552));
#2170 = CARTESIAN_POINT('',(6.120068805509,64.331932713287));
#2171 = CARTESIAN_POINT('',(6.116577868375,64.28176179052));
#2172 = CARTESIAN_POINT('',(6.115374270308,64.265319632491));
#2173 = CARTESIAN_POINT('',(6.114158141029,64.249567480354));
#2174 = CARTESIAN_POINT('',(6.112929899438,64.234525037753));
#2175 = CARTESIAN_POINT('',(6.111690012557,64.220211721558));
#2176 = CARTESIAN_POINT('',(6.110438998339,64.206646473457));
#2177 = CARTESIAN_POINT('',(6.109177428483,64.193847571547));
#2178 = CARTESIAN_POINT('',(6.105369431337,64.157863553615));
#2179 = CARTESIAN_POINT('',(6.102793038884,64.137010340759));
#2180 = CARTESIAN_POINT('',(6.100182171901,64.119416146243));
#2181 = CARTESIAN_POINT('',(6.097542744429,64.105204463726));
#2182 = CARTESIAN_POINT('',(6.09488117895,64.09447447143));
#2183 = CARTESIAN_POINT('',(6.092204418786,64.087296565917));
#2184 = CARTESIAN_POINT('',(6.089519940507,64.083707895869));
#2185 = CARTESIAN_POINT('',(6.084992255448,64.083707895868));
#2186 = CARTESIAN_POINT('',(6.083148687069,64.085400589399));
#2187 = CARTESIAN_POINT('',(6.08130758307,64.088786078111));
#2188 = CARTESIAN_POINT('',(6.079471377269,64.093856269451));
#2189 = CARTESIAN_POINT('',(6.077642415622,64.100595404825));
#2190 = CARTESIAN_POINT('',(6.075822956415,64.10898058776));
#2191 = CARTESIAN_POINT('',(6.074015170462,64.118982312062));
#2192 = CARTESIAN_POINT('',(6.07140296587,64.1358473247));
#2193 = CARTESIAN_POINT('',(6.070587638046,64.141458578569));
#2194 = CARTESIAN_POINT('',(6.069775347994,64.147395396032));
#2195 = CARTESIAN_POINT('',(6.06896627847,64.153654235092));
#2196 = CARTESIAN_POINT('',(6.068160604818,64.160231367311));
#2197 = CARTESIAN_POINT('',(6.067358494975,64.167122877808));
#2198 = CARTESIAN_POINT('',(6.066560109467,64.174324665266));
#2199 = CARTESIAN_POINT('',(6.064494104178,64.193847571539));
#2200 = CARTESIAN_POINT('',(6.063232534322,64.206646473456));
#2201 = CARTESIAN_POINT('',(6.061981520104,64.220211721557));
#2202 = CARTESIAN_POINT('',(6.060741633223,64.234525037744));
#2203 = CARTESIAN_POINT('',(6.059513391632,64.249567480339));
#2204 = CARTESIAN_POINT('',(6.058297262353,64.26531963248));
#2205 = CARTESIAN_POINT('',(6.057093664286,64.281761790522));
#2206 = CARTESIAN_POINT('',(6.053602727152,64.331932713291));
#2207 = CARTESIAN_POINT('',(6.051350708044,64.367491757537));
#2208 = CARTESIAN_POINT('',(6.049149489993,64.405409179842));
#2209 = CARTESIAN_POINT('',(6.047001048212,64.445542583443));
#2210 = CARTESIAN_POINT('',(6.044906822347,64.487751906958));
#2211 = CARTESIAN_POINT('',(6.04286778198,64.531902051205));
#2212 = CARTESIAN_POINT('',(6.04088449214,64.57786550603));
#2213 = CARTESIAN_POINT('',(6.036377476947,64.689317005596));
#2214 = CARTESIAN_POINT('',(6.033898321049,64.756140840334));
#2215 = CARTESIAN_POINT('',(6.031519979107,64.825718607368));
#2216 = CARTESIAN_POINT('',(6.0292421476,64.897792559384));
#2217 = CARTESIAN_POINT('',(6.027064039552,64.972126882639));
#2218 = CARTESIAN_POINT('',(6.024984472594,65.048509503886));
#2219 = CARTESIAN_POINT('',(6.02300195702,65.126753897297));
#2220 = CARTESIAN_POINT('',(6.014933240604,65.468571824296));
#2221 = CARTESIAN_POINT('',(6.009786155503,65.748221858562));
#2222 = CARTESIAN_POINT('',(6.005593512476,66.040513048508));
#2223 = CARTESIAN_POINT('',(6.002312214569,66.34164179309));
#2224 = CARTESIAN_POINT('',(5.999898753128,66.648478339671));
#2225 = CARTESIAN_POINT('',(5.998323375447,66.958692548004));
#2226 = CARTESIAN_POINT('',(5.997563196104,67.270621904988));
#2227 = CARTESIAN_POINT('',(5.997626579726,67.583453680648));
#2228 = ( GEOMETRIC_REPRESENTATION_CONTEXT(2) 
PARAMETRIC_REPRESENTATION_CONTEXT() REPRESENTATION_CONTEXT('2D SPACE',''
  ) );
#2229 = PCURVE('',#2230,#2235);
#2230 = CONICAL_SURFACE('',#2231,4.185714285714,0.428778027446);
#2231 = AXIS2_PLACEMENT_3D('',#2232,#2233,#2234);
#2232 = CARTESIAN_POINT('',(39.227562172018,-7.802847258169,
    95.437023776869));
#2233 = DIRECTION('',(0.976927188092,-0.194322899741,-8.861083344205E-02
    ));
#2234 = DIRECTION('',(-0.195090322016,-0.980785280403,
    -2.211711532122E-16));
#2235 = DEFINITIONAL_REPRESENTATION('',(#2236),#2400);
#2236 = B_SPLINE_CURVE_WITH_KNOTS('',8,(#2237,#2238,#2239,#2240,#2241,
    #2242,#2243,#2244,#2245,#2246,#2247,#2248,#2249,#2250,#2251,#2252,
    #2253,#2254,#2255,#2256,#2257,#2258,#2259,#2260,#2261,#2262,#2263,
    #2264,#2265,#2266,#2267,#2268,#2269,#2270,#2271,#2272,#2273,#2274,
    #2275,#2276,#2277,#2278,#2279,#2280,#2281,#2282,#2283,#2284,#2285,
    #2286,#2287,#2288,#2289,#2290,#2291,#2292,#2293,#2294,#2295,#2296,
    #2297,#2298,#2299,#2300,#2301,#2302,#2303,#2304,#2305,#2306,#2307,
    #2308,#2309,#2310,#2311,#2312,#2313,#2314,#2315,#2316,#2317,#2318,
    #2319,#2320,#2321,#2322,#2323,#2324,#2325,#2326,#2327,#2328,#2329,
    #2330,#2331,#2332,#2333,#2334,#2335,#2336,#2337,#2338,#2339,#2340,
    #2341,#2342,#2343,#2344,#2345,#2346,#2347,#2348,#2349,#2350,#2351,
    #2352,#2353,#2354,#2355,#2356,#2357,#2358,#2359,#2360,#2361,#2362,
    #2363,#2364,#2365,#2366,#2367,#2368,#2369,#2370,#2371,#2372,#2373,
    #2374,#2375,#2376,#2377,#2378,#2379,#2380,#2381,#2382,#2383,#2384,
    #2385,#2386,#2387,#2388,#2389,#2390,#2391,#2392,#2393,#2394,#2395,
    #2396,#2397,#2398,#2399),.UNSPECIFIED.,.F.,.F.,(9,7,7,7,7,7,7,7,7,7,
    7,7,7,7,7,7,7,7,7,7,7,7,7,9),(0.,0.130211633737,0.171267577451,
    0.201986421617,0.249634215319,0.297547458191,0.328267382212,
    0.369325596505,0.402751557115,0.429033435934,0.500941746748,
    0.572628928224,0.599055280468,0.632070228971,0.672563993323,
    0.70281716817,0.718477356128,0.749717742893,0.77117387398,
    0.780959043433,0.796618816576,0.826871190059,0.867363881788,1.),
  .UNSPECIFIED.);
#2237 = CARTESIAN_POINT('',(3.522382385768E-10,-1.652505659762));
#2238 = CARTESIAN_POINT('',(-8.986181992536E-02,-1.652401293288));
#2239 = CARTESIAN_POINT('',(-0.179491295574,-1.649587433352));
#2240 = CARTESIAN_POINT('',(-0.269618280979,-1.644095438068));
#2241 = CARTESIAN_POINT('',(-0.36073622139,-1.636001526187));
#2242 = CARTESIAN_POINT('',(-0.453266855576,-1.625477668381));
#2243 = CARTESIAN_POINT('',(-0.547674832564,-1.612846840659));
#2244 = CARTESIAN_POINT('',(-0.644468355725,-1.59860313778));
#2245 = CARTESIAN_POINT('',(-0.776209387428,-1.578688495463));
#2246 = CARTESIAN_POINT('',(-0.80810710673,-1.573828152866));
#2247 = CARTESIAN_POINT('',(-0.840345606465,-1.568904790357));
#2248 = CARTESIAN_POINT('',(-0.872945960184,-1.563945382118));
#2249 = CARTESIAN_POINT('',(-0.905927078404,-1.558980399227));
#2250 = CARTESIAN_POINT('',(-0.939306247153,-1.554043754201));
#2251 = CARTESIAN_POINT('',(-0.973099666526,-1.549172745541));
#2252 = CARTESIAN_POINT('',(-1.032929535371,-1.540842930026));
#2253 = CARTESIAN_POINT('',(-1.058774841357,-1.537337621397));
#2254 = CARTESIAN_POINT('',(-1.08486397973,-1.533909087651));
#2255 = CARTESIAN_POINT('',(-1.111199924269,-1.530575713394));
#2256 = CARTESIAN_POINT('',(-1.137783281843,-1.527356901134));
#2257 = CARTESIAN_POINT('',(-1.164612024266,-1.524272715845));
#2258 = CARTESIAN_POINT('',(-1.191681220148,-1.521343529522));
#2259 = CARTESIAN_POINT('',(-1.261330013061,-1.514318166062));
#2260 = CARTESIAN_POINT('',(-1.304262123389,-1.510465789219));
#2261 = CARTESIAN_POINT('',(-1.347715267466,-1.507112310934));
#2262 = CARTESIAN_POINT('',(-1.391618224124,-1.504333193858));
#2263 = CARTESIAN_POINT('',(-1.435890675707,-1.502194099074));
#2264 = CARTESIAN_POINT('',(-1.480436787644,-1.500745000214));
#2265 = CARTESIAN_POINT('',(-1.525134073199,-1.500013900198));
#2266 = CARTESIAN_POINT('',(-1.614749948301,-1.499986324387));
#2267 = CARTESIAN_POINT('',(-1.659701070212,-1.500697852827));
#2268 = CARTESIAN_POINT('',(-1.704502593774,-1.502136146089));
#2269 = CARTESIAN_POINT('',(-1.74902970254,-1.504273235889));
#2270 = CARTESIAN_POINT('',(-1.793184777978,-1.507058597731));
#2271 = CARTESIAN_POINT('',(-1.836885946004,-1.510425580695));
#2272 = CARTESIAN_POINT('',(-1.880060471073,-1.514297444768));
#2273 = CARTESIAN_POINT('',(-1.949945094412,-1.521347135857));
#2274 = CARTESIAN_POINT('',(-1.977014818225,-1.524276580276));
#2275 = CARTESIAN_POINT('',(-2.003844069062,-1.527361013481));
#2276 = CARTESIAN_POINT('',(-2.030427917884,-1.530580061908));
#2277 = CARTESIAN_POINT('',(-2.056764338711,-1.533913659336));
#2278 = CARTESIAN_POINT('',(-2.082853940519,-1.537342402296));
#2279 = CARTESIAN_POINT('',(-2.108699699157,-1.540847905481));
#2280 = CARTESIAN_POINT('',(-2.168531294946,-1.549178236236));
#2281 = CARTESIAN_POINT('',(-2.202325963822,-1.554049557856));
#2282 = CARTESIAN_POINT('',(-2.235706354252,-1.558986489386));
#2283 = CARTESIAN_POINT('',(-2.268688671098,-1.563951729483));
#2284 = CARTESIAN_POINT('',(-2.301290204496,-1.568911363437));
#2285 = CARTESIAN_POINT('',(-2.333529868659,-1.573834918539));
#2286 = CARTESIAN_POINT('',(-2.36542874067,-1.578695419429));
#2287 = CARTESIAN_POINT('',(-2.422721750629,-1.587356030875));
#2288 = CARTESIAN_POINT('',(-2.44822090853,-1.591184984112));
#2289 = CARTESIAN_POINT('',(-2.473519995284,-1.594943439296));
#2290 = CARTESIAN_POINT('',(-2.498630215124,-1.598619697205));
#2291 = CARTESIAN_POINT('',(-2.523562299247,-1.602203158432));
#2292 = CARTESIAN_POINT('',(-2.548326750857,-1.605684258544));
#2293 = CARTESIAN_POINT('',(-2.572934090197,-1.609054403249));
#2294 = CARTESIAN_POINT('',(-2.616628093137,-1.614862465454));
#2295 = CARTESIAN_POINT('',(-2.635770315388,-1.617345614388));
#2296 = CARTESIAN_POINT('',(-2.654826696101,-1.619751617637));
#2297 = CARTESIAN_POINT('',(-2.673802047166,-1.622077013605));
#2298 = CARTESIAN_POINT('',(-2.692701062609,-1.624318611824));
#2299 = CARTESIAN_POINT('',(-2.71152831859,-1.626473492954));
#2300 = CARTESIAN_POINT('',(-2.730288273405,-1.628539008781));
#2301 = CARTESIAN_POINT('',(-2.80014101898,-1.635913108235));
#2302 = CARTESIAN_POINT('',(-2.8508206344,-1.640625979216));
#2303 = CARTESIAN_POINT('',(-2.901120917101,-1.644602947098));
#2304 = CARTESIAN_POINT('',(-2.951123782689,-1.647806989979));
#2305 = CARTESIAN_POINT('',(-3.000903348142,-1.650211711437));
#2306 = CARTESIAN_POINT('',(-3.050532040646,-1.651800430468));
#2307 = CARTESIAN_POINT('',(-3.100085726142,-1.652565162044));
#2308 = CARTESIAN_POINT('',(-3.199057577677,-1.652445998054));
#2309 = CARTESIAN_POINT('',(-3.248457644818,-1.65156718729));
#2310 = CARTESIAN_POINT('',(-3.297930852645,-1.649869680425));
#2311 = CARTESIAN_POINT('',(-3.347552755176,-1.647361588474));
#2312 = CARTESIAN_POINT('',(-3.39739572221,-1.644059670765));
#2313 = CARTESIAN_POINT('',(-3.447534050211,-1.639990400078));
#2314 = CARTESIAN_POINT('',(-3.498050128664,-1.635190931179));
#2315 = CARTESIAN_POINT('',(-3.567838888843,-1.627689503633));
#2316 = CARTESIAN_POINT('',(-3.58670007408,-1.625576520865));
#2317 = CARTESIAN_POINT('',(-3.605629716428,-1.623373474478));
#2318 = CARTESIAN_POINT('',(-3.624632444089,-1.621083099986));
#2319 = CARTESIAN_POINT('',(-3.643713014655,-1.618708418404));
#2320 = CARTESIAN_POINT('',(-3.662876315109,-1.616252736243));
#2321 = CARTESIAN_POINT('',(-3.682127361822,-1.613719645517));
#2322 = CARTESIAN_POINT('',(-3.725638054076,-1.607856521182));
#2323 = CARTESIAN_POINT('',(-3.749949301238,-1.604485357568));
#2324 = CARTESIAN_POINT('',(-3.774415710689,-1.601007106917));
#2325 = CARTESIAN_POINT('',(-3.799047703713,-1.597430236414));
#2326 = CARTESIAN_POINT('',(-3.823855695665,-1.593764171594));
#2327 = CARTESIAN_POINT('',(-3.848850337401,-1.590019361522));
#2328 = CARTESIAN_POINT('',(-3.874042756714,-1.586207343975));
#2329 = CARTESIAN_POINT('',(-3.930601121121,-1.577598398549));
#2330 = CARTESIAN_POINT('',(-3.962069976055,-1.572774454837));
#2331 = CARTESIAN_POINT('',(-3.993874901439,-1.567891980521));
#2332 = CARTESIAN_POINT('',(-4.026036784226,-1.562977483157));
#2333 = CARTESIAN_POINT('',(-4.058574384496,-1.558060924259));
#2334 = CARTESIAN_POINT('',(-4.091504858512,-1.553175666731));
#2335 = CARTESIAN_POINT('',(-4.124844281767,-1.5483584223));
#2336 = CARTESIAN_POINT('',(-4.183833410848,-1.540130905213));
#2337 = CARTESIAN_POINT('',(-4.209293682864,-1.536673175653));
#2338 = CARTESIAN_POINT('',(-4.234994010796,-1.533292684728));
#2339 = CARTESIAN_POINT('',(-4.260937338393,-1.530007460199));
#2340 = CARTESIAN_POINT('',(-4.287124264678,-1.526836532157));
#2341 = CARTESIAN_POINT('',(-4.313552778169,-1.523799582052));
#2342 = CARTESIAN_POINT('',(-4.34021799111,-1.520916591722));
#2343 = CARTESIAN_POINT('',(-4.381033164878,-1.516805160121));
#2344 = CARTESIAN_POINT('',(-4.395015524188,-1.51544943357));
#2345 = CARTESIAN_POINT('',(-4.409057637525,-1.514143076123));
#2346 = CARTESIAN_POINT('',(-4.423157941525,-1.512888835546));
#2347 = CARTESIAN_POINT('',(-4.437314594813,-1.511689416981));
#2348 = CARTESIAN_POINT('',(-4.451525449253,-1.510547455914));
#2349 = CARTESIAN_POINT('',(-4.465788021208,-1.509465491149));
#2350 = CARTESIAN_POINT('',(-4.508649245923,-1.506412038697));
#2351 = CARTESIAN_POINT('',(-4.537397911587,-1.504626191408));
#2352 = CARTESIAN_POINT('',(-4.566317636339,-1.503108069467));
#2353 = CARTESIAN_POINT('',(-4.595379853093,-1.501874707759));
#2354 = CARTESIAN_POINT('',(-4.624554049499,-1.500939838076));
#2355 = CARTESIAN_POINT('',(-4.653806566334,-1.500313224703));
#2356 = CARTESIAN_POINT('',(-4.683099395895,-1.500000000003));
#2357 = CARTESIAN_POINT('',(-4.732505285884,-1.500000000003));
#2358 = CARTESIAN_POINT('',(-4.752622212769,-1.500147752835));
#2359 = CARTESIAN_POINT('',(-4.772726432407,-1.500443281704));
#2360 = CARTESIAN_POINT('',(-4.792805544735,-1.500885470364));
#2361 = CARTESIAN_POINT('',(-4.81284788441,-1.501472140884));
#2362 = CARTESIAN_POINT('',(-4.832842326965,-1.502200131417));
#2363 = CARTESIAN_POINT('',(-4.85277809496,-1.503065373966));
#2364 = CARTESIAN_POINT('',(-4.881704760808,-1.504517931491));
#2365 = CARTESIAN_POINT('',(-4.89075069451,-1.505000429786));
#2366 = CARTESIAN_POINT('',(-4.899781446246,-1.505510003284));
#2367 = CARTESIAN_POINT('',(-4.908796142551,-1.506046162097));
#2368 = CARTESIAN_POINT('',(-4.917793955497,-1.506608390194));
#2369 = CARTESIAN_POINT('',(-4.926774102696,-1.507196145404));
#2370 = CARTESIAN_POINT('',(-4.935735847293,-1.507808859414));
#2371 = CARTESIAN_POINT('',(-4.958989939554,-1.509465491148));
#2372 = CARTESIAN_POINT('',(-4.973252511507,-1.510547455917));
#2373 = CARTESIAN_POINT('',(-4.987463365948,-1.511689416983));
#2374 = CARTESIAN_POINT('',(-5.001620019238,-1.512888835545));
#2375 = CARTESIAN_POINT('',(-5.01572032324,-1.514143076119));
#2376 = CARTESIAN_POINT('',(-5.029762436576,-1.515449433568));
#2377 = CARTESIAN_POINT('',(-5.043744795882,-1.516805160126));
#2378 = CARTESIAN_POINT('',(-5.084559969653,-1.520916591727));
#2379 = CARTESIAN_POINT('',(-5.111225182594,-1.523799582049));
#2380 = CARTESIAN_POINT('',(-5.137653696084,-1.526836532151));
#2381 = CARTESIAN_POINT('',(-5.163840622366,-1.530007460197));
#2382 = CARTESIAN_POINT('',(-5.189783949962,-1.533292684731));
#2383 = CARTESIAN_POINT('',(-5.215484277894,-1.536673175655));
#2384 = CARTESIAN_POINT('',(-5.240944549912,-1.540130905209));
#2385 = CARTESIAN_POINT('',(-5.29993367899,-1.548358422295));
#2386 = CARTESIAN_POINT('',(-5.333273102246,-1.553175666729));
#2387 = CARTESIAN_POINT('',(-5.366203576261,-1.558060924259));
#2388 = CARTESIAN_POINT('',(-5.398741176531,-1.562977483156));
#2389 = CARTESIAN_POINT('',(-5.430903059317,-1.567891980519));
#2390 = CARTESIAN_POINT('',(-5.462707984702,-1.572774454835));
#2391 = CARTESIAN_POINT('',(-5.494176839637,-1.577598398547));
#2392 = CARTESIAN_POINT('',(-5.627387466264,-1.597874851498));
#2393 = CARTESIAN_POINT('',(-5.725898816086,-1.612504596975));
#2394 = CARTESIAN_POINT('',(-5.821939152932,-1.625456209144));
#2395 = CARTESIAN_POINT('',(-5.91604256654,-1.636204051954));
#2396 = CARTESIAN_POINT('',(-6.008716161288,-1.644411543788));
#2397 = CARTESIAN_POINT('',(-6.100398316018,-1.649904780485));
#2398 = CARTESIAN_POINT('',(-6.191625321333,-1.652611998509));
#2399 = CARTESIAN_POINT('',(-6.28318530718,-1.652505659758));
#2400 = ( GEOMETRIC_REPRESENTATION_CONTEXT(2) 
PARAMETRIC_REPRESENTATION_CONTEXT() REPRESENTATION_CONTEXT('2D SPACE',''
  ) );
#2401 = FACE_BOUND('',#2402,.F.);
#2402 = EDGE_LOOP('',(#2403));
#2403 = ORIENTED_EDGE('',*,*,#2404,.T.);
#2404 = EDGE_CURVE('',#2405,#2405,#2407,.T.);
#2405 = VERTEX_POINT('',#2406);
#2406 = CARTESIAN_POINT('',(31.369349461051,-25.08925369792,
    114.30295244706));
#2407 = SURFACE_CURVE('',#2408,(#2572,#2739),.PCURVE_S1.);
#2408 = B_SPLINE_CURVE_WITH_KNOTS('',8,(#2409,#2410,#2411,#2412,#2413,
    #2414,#2415,#2416,#2417,#2418,#2419,#2420,#2421,#2422,#2423,#2424,
    #2425,#2426,#2427,#2428,#2429,#2430,#2431,#2432,#2433,#2434,#2435,
    #2436,#2437,#2438,#2439,#2440,#2441,#2442,#2443,#2444,#2445,#2446,
    #2447,#2448,#2449,#2450,#2451,#2452,#2453,#2454,#2455,#2456,#2457,
    #2458,#2459,#2460,#2461,#2462,#2463,#2464,#2465,#2466,#2467,#2468,
    #2469,#2470,#2471,#2472,#2473,#2474,#2475,#2476,#2477,#2478,#2479,
    #2480,#2481,#2482,#2483,#2484,#2485,#2486,#2487,#2488,#2489,#2490,
    #2491,#2492,#2493,#2494,#2495,#2496,#2497,#2498,#2499,#2500,#2501,
    #2502,#2503,#2504,#2505,#2506,#2507,#2508,#2509,#2510,#2511,#2512,
    #2513,#2514,#2515,#2516,#2517,#2518,#2519,#2520,#2521,#2522,#2523,
    #2524,#2525,#2526,#2527,#2528,#2529,#2530,#2531,#2532,#2533,#2534,
    #2535,#2536,#2537,#2538,#2539,#2540,#2541,#2542,#2543,#2544,#2545,
    #2546,#2547,#2548,#2549,#2550,#2551,#2552,#2553,#2554,#2555,#2556,
    #2557,#2558,#2559,#2560,#2561,#2562,#2563,#2564,#2565,#2566,#2567,
    #2568,#2569,#2570,#2571),.UNSPECIFIED.,.T.,.F.,(9,7,7,7,7,7,7,7,7,7,
    7,7,7,7,7,7,7,7,7,7,7,7,7,9),(0.,0.129994252327,0.1712821603,
    0.201996483353,0.218048569646,0.249661259403,0.271598991316,
    0.281540220317,0.297592164098,0.328485125141,0.369595225952,
    0.403102670239,0.429508637019,0.500931158887,0.572611467116,
    0.598703896325,0.631812646495,0.672378507828,0.702672798445,
    0.749740169173,0.796660044941,0.82692566735,0.867426688503,1.),
  .UNSPECIFIED.);
#2409 = CARTESIAN_POINT('',(31.369349461043,-25.08925369792,
    114.30295244695));
#2410 = CARTESIAN_POINT('',(31.392083117984,-25.1044966332,
    114.60954226046));
#2411 = CARTESIAN_POINT('',(31.433771131988,-25.09589552504,
    114.91511603405));
#2412 = CARTESIAN_POINT('',(31.494175119459,-25.06362207484,
    115.21885348653));
#2413 = CARTESIAN_POINT('',(31.573550536017,-25.00690347552,
    115.51913475341));
#2414 = CARTESIAN_POINT('',(31.672188279747,-24.92465708625,
    115.81376727102));
#2415 = CARTESIAN_POINT('',(31.790448050134,-24.81531668819,
    116.09980527211));
#2416 = CARTESIAN_POINT('',(31.928529407174,-24.67716821382,
    116.37372656897));
#2417 = CARTESIAN_POINT('',(32.137399365723,-24.45334936976,
    116.71250124294));
#2418 = CARTESIAN_POINT('',(32.189781503533,-24.39622797486,
    116.79242194062));
#2419 = CARTESIAN_POINT('',(32.244203168077,-24.33586092501,
    116.87043760403));
#2420 = CARTESIAN_POINT('',(32.300660501618,-24.27217580678,
    116.94635674356));
#2421 = CARTESIAN_POINT('',(32.359138097786,-24.20510710413,
    117.01996170716));
#2422 = CARTESIAN_POINT('',(32.419607221668,-24.13459926842,
    117.09101058951));
#2423 = CARTESIAN_POINT('',(32.482024029894,-24.06060978833,
    117.15923914118));
#2424 = CARTESIAN_POINT('',(32.594163745149,-23.92546138236,
    117.2728084685));
#2425 = CARTESIAN_POINT('',(32.643040303599,-23.86587350669,
    117.31953212705));
#2426 = CARTESIAN_POINT('',(32.692929846392,-23.80434144692,
    117.36441493471));
#2427 = CARTESIAN_POINT('',(32.743795593504,-23.74086772201,
    117.40732796535));
#2428 = CARTESIAN_POINT('',(32.795590670588,-23.67546699205,
    117.44813471952));
#2429 = CARTESIAN_POINT('',(32.84825717498,-23.60816849453,
    117.48669375843));
#2430 = CARTESIAN_POINT('',(32.901725241719,-23.53901848055,
    117.52286133794));
#2431 = CARTESIAN_POINT('',(32.984231544656,-23.43100978265,
    117.57407134924));
#2432 = CARTESIAN_POINT('',(33.012746923737,-23.39344966795,
    117.59095608252));
#2433 = CARTESIAN_POINT('',(33.041446067337,-23.35541221866,
    117.60712767197));
#2434 = CARTESIAN_POINT('',(33.070315807007,-23.31690887311,
    117.62256565459));
#2435 = CARTESIAN_POINT('',(33.099341959115,-23.27795271649,
    117.63724987178));
#2436 = CARTESIAN_POINT('',(33.128509298651,-23.23855860128,
    117.65116066634));
#2437 = CARTESIAN_POINT('',(33.157801533029,-23.19874326754,
    117.66427907948));
#2438 = CARTESIAN_POINT('',(33.245100600217,-23.07932124358,
    117.70082613896));
#2439 = CARTESIAN_POINT('',(33.303425577773,-22.99854415657,
    117.72192535527));
#2440 = CARTESIAN_POINT('',(33.362033539451,-22.9163505221,
    117.73974178342));
#2441 = CARTESIAN_POINT('',(33.420774931466,-22.83291473081,
    117.75415230109));
#2442 = CARTESIAN_POINT('',(33.479493874632,-22.74843024984,
    117.76505795026));
#2443 = CARTESIAN_POINT('',(33.538028723628,-22.66311062855,
    117.77238831058));
#2444 = CARTESIAN_POINT('',(33.596212626276,-22.57719050423,
    117.77610587271));
#2445 = CARTESIAN_POINT('',(33.693888443643,-22.43106348809,
    117.77628295677));
#2446 = CARTESIAN_POINT('',(33.733655601693,-22.37102825796,
    117.77461568468));
#2447 = CARTESIAN_POINT('',(33.773119799113,-22.31090420805,
    117.77120824665));
#2448 = CARTESIAN_POINT('',(33.812228794196,-22.25077278313,
    117.76606876071));
#2449 = CARTESIAN_POINT('',(33.850933748136,-22.19071352586,
    117.75921327227));
#2450 = CARTESIAN_POINT('',(33.8891891118,-22.13080402038,
    117.75066521477));
#2451 = CARTESIAN_POINT('',(33.926952512501,-22.07111983593,
    117.74045487035));
#2452 = CARTESIAN_POINT('',(33.981056627109,-21.98482359756,
    117.72325525031));
#2453 = CARTESIAN_POINT('',(33.997819799438,-21.95797362708,
    117.71755772615));
#2454 = CARTESIAN_POINT('',(34.014470661296,-21.93119115186,
    117.71152964132));
#2455 = CARTESIAN_POINT('',(34.031005910991,-21.90448254972,
    117.70517456794));
#2456 = CARTESIAN_POINT('',(34.047422441589,-21.87785398351,
    117.69849626684));
#2457 = CARTESIAN_POINT('',(34.063717340916,-21.85131140113,
    117.69149868761));
#2458 = CARTESIAN_POINT('',(34.079887891559,-21.8248605355,
    117.68418596855));
#2459 = CARTESIAN_POINT('',(34.121837043746,-21.75595411742,
    117.6642528416));
#2460 = CARTESIAN_POINT('',(34.147411796918,-21.71365471726,
    117.65113280112));
#2461 = CARTESIAN_POINT('',(34.172645164131,-21.67163194064,
    117.63722038083));
#2462 = CARTESIAN_POINT('',(34.19752791569,-21.62990724508,
    117.62253454147));
#2463 = CARTESIAN_POINT('',(34.22205215729,-21.58850037932,
    117.60709494197));
#2464 = CARTESIAN_POINT('',(34.246211228855,-21.54742945361,
    117.59092174248));
#2465 = CARTESIAN_POINT('',(34.269999603372,-21.50671100993,
    117.57403540734));
#2466 = CARTESIAN_POINT('',(34.338472906822,-21.38870224945,
    117.52262482668));
#2467 = CARTESIAN_POINT('',(34.382142053538,-21.31240782728,
    117.48622870796));
#2468 = CARTESIAN_POINT('',(34.424390728012,-21.23758015802,
    117.44741409074));
#2469 = CARTESIAN_POINT('',(34.465202753733,-21.16430278428,
    117.40632723902));
#2470 = CARTESIAN_POINT('',(34.504573331602,-21.0926413034,
    117.36311204026));
#2471 = CARTESIAN_POINT('',(34.542507095985,-21.0226452119,
    117.31790730356));
#2472 = CARTESIAN_POINT('',(34.579016170762,-20.95434974991,
    117.27084405789));
#2473 = CARTESIAN_POINT('',(34.660829481132,-20.7991885747,
    117.1571017603));
#2474 = CARTESIAN_POINT('',(34.705044500981,-20.71366023551,
    117.08908982977));
#2475 = CARTESIAN_POINT('',(34.746810577019,-20.63123753231,
    117.01828759068));
#2476 = CARTESIAN_POINT('',(34.786183197956,-20.55194398101,
    116.94495546151));
#2477 = CARTESIAN_POINT('',(34.823223949997,-20.47578455819,
    116.86933189005));
#2478 = CARTESIAN_POINT('',(34.857998417717,-20.40274845018,
    116.7916314963));
#2479 = CARTESIAN_POINT('',(34.890574084935,-20.33281180207,
    116.7120432152));
#2480 = CARTESIAN_POINT('',(34.945832226843,-20.21143591688,
    116.56445153285));
#2481 = CARTESIAN_POINT('',(34.969228389133,-20.15897178394,
    116.49703260206));
#2482 = CARTESIAN_POINT('',(34.991242561275,-20.1085312935,
    116.42856175264));
#2483 = CARTESIAN_POINT('',(35.01190900305,-20.06009695382,
    116.35912257879));
#2484 = CARTESIAN_POINT('',(35.031260398858,-20.01365066727,
    116.28879218225));
#2485 = CARTESIAN_POINT('',(35.049327861371,-19.96917384166,
    116.21764119091));
#2486 = CARTESIAN_POINT('',(35.066140935181,-19.92664750158,
    116.14573377753));
#2487 = CARTESIAN_POINT('',(35.094010869868,-19.85406091459,
    116.01590952055));
#2488 = CARTESIAN_POINT('',(35.105532275691,-19.82326941408,
    115.95825853359));
#2489 = CARTESIAN_POINT('',(35.116305328792,-19.79366882501,
    115.90020348565));
#2490 = CARTESIAN_POINT('',(35.126342805009,-19.76525046311,
    115.84177169009));
#2491 = CARTESIAN_POINT('',(35.135656745145,-19.73800603305,
    115.78298900565));
#2492 = CARTESIAN_POINT('',(35.144258454975,-19.71192762846,
    115.7238798364));
#2493 = CARTESIAN_POINT('',(35.152158505244,-19.68700773196,
    115.66446713176));
#2494 = CARTESIAN_POINT('',(35.178863450465,-19.59895043414,
    115.44331080151));
#2495 = CARTESIAN_POINT('',(35.193297149703,-19.54309135891,
    115.27980230858));
#2496 = CARTESIAN_POINT('',(35.202866920375,-19.49551122533,
    115.11465558408));
#2497 = CARTESIAN_POINT('',(35.207726534376,-19.45610265284,
    114.94824698445));
#2498 = CARTESIAN_POINT('',(35.207994755695,-19.42478813892,
    114.78092416488));
#2499 = CARTESIAN_POINT('',(35.203759883795,-19.40151512103,
    114.61300816252));
#2500 = CARTESIAN_POINT('',(35.195078529157,-19.38625960597,
    114.44479394412));
#2501 = CARTESIAN_POINT('',(35.168811395071,-19.37179106373,
    114.10769764446));
#2502 = CARTESIAN_POINT('',(35.151198417648,-19.37263881382,
    113.93887741072));
#2503 = CARTESIAN_POINT('',(35.129153889902,-19.38158755429,
    113.77035871746));
#2504 = CARTESIAN_POINT('',(35.1026669682,-19.3986873294,113.60244052348
    ));
#2505 = CARTESIAN_POINT('',(35.071698627508,-19.424019831,
    113.43544970649));
#2506 = CARTESIAN_POINT('',(35.036182712751,-19.45769507992,
    113.26974174147));
#2507 = CARTESIAN_POINT('',(34.996021178131,-19.49985724779,
    113.10570309647));
#2508 = CARTESIAN_POINT('',(34.93471206505,-19.56920680813,
    112.88480456413));
#2509 = CARTESIAN_POINT('',(34.917717018362,-19.58886348612,
    112.82613308494));
#2510 = CARTESIAN_POINT('',(34.900081956764,-19.60967855255,
    112.76776207568));
#2511 = CARTESIAN_POINT('',(34.881799950977,-19.63166143524,
    112.70971416071));
#2512 = CARTESIAN_POINT('',(34.862863560027,-19.65482209084,
    112.65201342154));
#2513 = CARTESIAN_POINT('',(34.843264831246,-19.67917100473,
    112.59468539679));
#2514 = CARTESIAN_POINT('',(34.822995300274,-19.70471919109,
    112.53775708219));
#2515 = CARTESIAN_POINT('',(34.775463358996,-19.76543275871,
    112.40956374374));
#2516 = CARTESIAN_POINT('',(34.747786807126,-19.80133607107,
    112.33856167537));
#2517 = CARTESIAN_POINT('',(34.71899745119,-19.83921234639,
    112.26830783115));
#2518 = CARTESIAN_POINT('',(34.689075811268,-19.87908615802,
    112.19886573148));
#2519 = CARTESIAN_POINT('',(34.658001798089,-19.92098234749,
    112.13030534325));
#2520 = CARTESIAN_POINT('',(34.625754699349,-19.96492593571,
    112.06270311165));
#2521 = CARTESIAN_POINT('',(34.592313166024,-20.01094203424,
    111.99614199192));
#2522 = CARTESIAN_POINT('',(34.515191188715,-20.11800617218,
    111.85054400237));
#2523 = CARTESIAN_POINT('',(34.470904895451,-20.18010015764,
    111.77208115662));
#2524 = CARTESIAN_POINT('',(34.424753984874,-20.2453866233,
    111.6954825474));
#2525 = CARTESIAN_POINT('',(34.376699934162,-20.31390705695,
    111.62093515899));
#2526 = CARTESIAN_POINT('',(34.326709774642,-20.38569271566,
    111.54865154357));
#2527 = CARTESIAN_POINT('',(34.274757834745,-20.46076181767,
    111.47886800823));
#2528 = CARTESIAN_POINT('',(34.220827482954,-20.53911673434,
    111.41184280208));
#2529 = CARTESIAN_POINT('',(34.123156244472,-20.68169772671,
    111.30006815726));
#2530 = CARTESIAN_POINT('',(34.080296137311,-20.74447312075,
    111.25397933252));
#2531 = CARTESIAN_POINT('',(34.036332651356,-20.80905702788,
    111.2097051921));
#2532 = CARTESIAN_POINT('',(33.991272677778,-20.87542823408,
    111.16737329053));
#2533 = CARTESIAN_POINT('',(33.945131358243,-20.94355264903,
    111.12711875662));
#2534 = CARTESIAN_POINT('',(33.897933546329,-21.01338130762,
    111.08908167626));
#2535 = CARTESIAN_POINT('',(33.849715268936,-21.0848483714,
    111.05340447515));
#2536 = CARTESIAN_POINT('',(33.724099968851,-21.27131938923,
    110.96868598561));
#2537 = CARTESIAN_POINT('',(33.64528228884,-21.3885893142,110.9231501427
    ));
#2538 = CARTESIAN_POINT('',(33.564312423059,-21.50927671584,
    110.88420901623));
#2539 = CARTESIAN_POINT('',(33.481488506475,-21.63289140304,
    110.85239526119));
#2540 = CARTESIAN_POINT('',(33.397173332302,-21.75885167453,
    110.82816895491));
#2541 = CARTESIAN_POINT('',(33.311801841531,-21.88647810541,
    110.81188527974));
#2542 = CARTESIAN_POINT('',(33.225889303315,-22.01498462879,
    110.80374787784));
#2543 = CARTESIAN_POINT('',(33.054460094349,-22.27154657082,
    110.80374787784));
#2544 = CARTESIAN_POINT('',(32.968881975338,-22.39969350972,
    110.81183435456));
#2545 = CARTESIAN_POINT('',(32.883904126184,-22.5270120031,
    110.82801607805));
#2546 = CARTESIAN_POINT('',(32.800050814131,-22.65273214985,
    110.85209203242));
#2547 = CARTESIAN_POINT('',(32.71777947508,-22.77619748638,
    110.88371135824));
#2548 = CARTESIAN_POINT('',(32.637485717586,-22.8968542321,
    110.92241923548));
#2549 = CARTESIAN_POINT('',(32.559506132412,-23.01424216759,
    110.96768870704));
#2550 = CARTESIAN_POINT('',(32.435490448157,-23.20135823843,
    111.05199703762));
#2551 = CARTESIAN_POINT('',(32.387921711986,-23.27324210062,
    111.08755711178));
#2552 = CARTESIAN_POINT('',(32.341472521442,-23.34356104597,
    111.1254769333));
#2553 = CARTESIAN_POINT('',(32.296190101845,-23.41225628559,
    111.1656144198));
#2554 = CARTESIAN_POINT('',(32.252110365938,-23.47928581617,
    111.20782975986));
#2555 = CARTESIAN_POINT('',(32.209259198279,-23.54462230818,
    111.25198803403));
#2556 = CARTESIAN_POINT('',(32.167653739634,-23.60825099409,
    111.29796183599));
#2557 = CARTESIAN_POINT('',(32.073307789641,-23.75302341104,
    111.40942795644));
#2558 = CARTESIAN_POINT('',(32.021565362433,-23.83280501462,
    111.47625648912));
#2559 = CARTESIAN_POINT('',(31.972094034929,-23.90951091815,
    111.54584187664));
#2560 = CARTESIAN_POINT('',(31.924898312837,-23.98315684042,
    111.61792649777));
#2561 = CARTESIAN_POINT('',(31.879971490542,-24.05377297815,
    111.69227454872));
#2562 = CARTESIAN_POINT('',(31.837297579249,-24.12140131603,
    111.7686738668));
#2563 = CARTESIAN_POINT('',(31.796853235132,-24.1860929367,
    111.84693775408));
#2564 = CARTESIAN_POINT('',(31.633425837502,-24.45023785334,
    112.18867208672));
#2565 = CARTESIAN_POINT('',(31.532056286613,-24.62134396142,
    112.46821916906));
#2566 = CARTESIAN_POINT('',(31.453072795758,-24.76388055185,
    112.76041414811));
#2567 = CARTESIAN_POINT('',(31.395733714684,-24.87926004541,
    113.06145340596));
#2568 = CARTESIAN_POINT('',(31.359195453096,-24.9688272231,
    113.36820586761));
#2569 = CARTESIAN_POINT('',(31.342838179683,-25.03343799193,
    113.67834046912));
#2570 = CARTESIAN_POINT('',(31.346158375183,-25.07370405619,
    113.99019367234));
#2571 = CARTESIAN_POINT('',(31.369349461051,-25.08925369792,
    114.30295244706));
#2572 = PCURVE('',#363,#2573);
#2573 = DEFINITIONAL_REPRESENTATION('',(#2574),#2738);
#2574 = B_SPLINE_CURVE_WITH_KNOTS('',8,(#2575,#2576,#2577,#2578,#2579,
    #2580,#2581,#2582,#2583,#2584,#2585,#2586,#2587,#2588,#2589,#2590,
    #2591,#2592,#2593,#2594,#2595,#2596,#2597,#2598,#2599,#2600,#2601,
    #2602,#2603,#2604,#2605,#2606,#2607,#2608,#2609,#2610,#2611,#2612,
    #2613,#2614,#2615,#2616,#2617,#2618,#2619,#2620,#2621,#2622,#2623,
    #2624,#2625,#2626,#2627,#2628,#2629,#2630,#2631,#2632,#2633,#2634,
    #2635,#2636,#2637,#2638,#2639,#2640,#2641,#2642,#2643,#2644,#2645,
    #2646,#2647,#2648,#2649,#2650,#2651,#2652,#2653,#2654,#2655,#2656,
    #2657,#2658,#2659,#2660,#2661,#2662,#2663,#2664,#2665,#2666,#2667,
    #2668,#2669,#2670,#2671,#2672,#2673,#2674,#2675,#2676,#2677,#2678,
    #2679,#2680,#2681,#2682,#2683,#2684,#2685,#2686,#2687,#2688,#2689,
    #2690,#2691,#2692,#2693,#2694,#2695,#2696,#2697,#2698,#2699,#2700,
    #2701,#2702,#2703,#2704,#2705,#2706,#2707,#2708,#2709,#2710,#2711,
    #2712,#2713,#2714,#2715,#2716,#2717,#2718,#2719,#2720,#2721,#2722,
    #2723,#2724,#2725,#2726,#2727,#2728,#2729,#2730,#2731,#2732,#2733,
    #2734,#2735,#2736,#2737),.UNSPECIFIED.,.T.,.F.,(9,7,7,7,7,7,7,7,7,7,
    7,7,7,7,7,7,7,7,7,7,7,7,7,9),(0.,0.129994252327,0.1712821603,
    0.201996483353,0.218048569646,0.249661259403,0.271598991316,
    0.281540220317,0.297592164098,0.328485125141,0.369595225952,
    0.403102670239,0.429508637019,0.500931158887,0.572611467116,
    0.598703896325,0.631812646495,0.672378507828,0.702672798445,
    0.749740169173,0.796660044941,0.82692566735,0.867426688503,1.),
  .UNSPECIFIED.);
#2575 = CARTESIAN_POINT('',(5.60856539489,86.302952446952));
#2576 = CARTESIAN_POINT('',(5.608622543411,86.609542260461));
#2577 = CARTESIAN_POINT('',(5.609437903639,86.915116034052));
#2578 = CARTESIAN_POINT('',(5.611002372033,87.21885348654));
#2579 = CARTESIAN_POINT('',(5.613332944431,87.519134753407));
#2580 = CARTESIAN_POINT('',(5.616453124337,87.813767271027));
#2581 = CARTESIAN_POINT('',(5.620396997679,88.099805272112));
#2582 = CARTESIAN_POINT('',(5.625199433538,88.373726568976));
#2583 = CARTESIAN_POINT('',(5.632744904258,88.712501242941));
#2584 = CARTESIAN_POINT('',(5.634655962943,88.792421940629));
#2585 = CARTESIAN_POINT('',(5.63666079002,88.870437604034));
#2586 = CARTESIAN_POINT('',(5.638760733529,88.946356743564));
#2587 = CARTESIAN_POINT('',(5.640956846238,89.019961707166));
#2588 = CARTESIAN_POINT('',(5.643249802872,89.091010589511));
#2589 = CARTESIAN_POINT('',(5.645639817344,89.159239141187));
#2590 = CARTESIAN_POINT('',(5.649976462786,89.272808468505));
#2591 = CARTESIAN_POINT('',(5.651879755022,89.319532127057));
#2592 = CARTESIAN_POINT('',(5.653836189129,89.364414934718));
#2593 = CARTESIAN_POINT('',(5.655845198242,89.407327965359));
#2594 = CARTESIAN_POINT('',(5.657905834883,89.448134719528));
#2595 = CARTESIAN_POINT('',(5.660016709664,89.486693758438));
#2596 = CARTESIAN_POINT('',(5.662175929975,89.522861337948));
#2597 = CARTESIAN_POINT('',(5.66553348457,89.574071349243));
#2598 = CARTESIAN_POINT('',(5.666698448113,89.590956082522));
#2599 = CARTESIAN_POINT('',(5.667875562528,89.607127671973));
#2600 = CARTESIAN_POINT('',(5.669064417,89.622565654593));
#2601 = CARTESIAN_POINT('',(5.670264553854,89.637249871785));
#2602 = CARTESIAN_POINT('',(5.671475465736,89.651160666349));
#2603 = CARTESIAN_POINT('',(5.672696592788,89.664279079483));
#2604 = CARTESIAN_POINT('',(5.676351091494,89.700826138964));
#2605 = CARTESIAN_POINT('',(5.678812460588,89.721925355273));
#2606 = CARTESIAN_POINT('',(5.681306321603,89.739741783424));
#2607 = CARTESIAN_POINT('',(5.683827119476,89.754152301093));
#2608 = CARTESIAN_POINT('',(5.686368832956,89.765057950266));
#2609 = CARTESIAN_POINT('',(5.688924957975,89.772388310589));
#2610 = CARTESIAN_POINT('',(5.69148849102,89.77610587271));
#2611 = CARTESIAN_POINT('',(5.695830807423,89.776282956777));
#2612 = CARTESIAN_POINT('',(5.697609843491,89.774615684684));
#2613 = CARTESIAN_POINT('',(5.699386580351,89.771208246652));
#2614 = CARTESIAN_POINT('',(5.70115866372,89.766068760711));
#2615 = CARTESIAN_POINT('',(5.702923824291,89.759213272271));
#2616 = CARTESIAN_POINT('',(5.704679876645,89.750665214778));
#2617 = CARTESIAN_POINT('',(5.706424718152,89.740454870355));
#2618 = CARTESIAN_POINT('',(5.708941018338,89.723255250314));
#2619 = CARTESIAN_POINT('',(5.709723004985,89.71755772615));
#2620 = CARTESIAN_POINT('',(5.710502107069,89.711529641326));
#2621 = CARTESIAN_POINT('',(5.711278150805,89.705174567945));
#2622 = CARTESIAN_POINT('',(5.712050969369,89.698496266847));
#2623 = CARTESIAN_POINT('',(5.7128204029,89.691498687613));
#2624 = CARTESIAN_POINT('',(5.713586298503,89.684185968558));
#2625 = CARTESIAN_POINT('',(5.715579241377,89.6642528416));
#2626 = CARTESIAN_POINT('',(5.71680037128,89.651132801122));
#2627 = CARTESIAN_POINT('',(5.718011284803,89.637220380836));
#2628 = CARTESIAN_POINT('',(5.719211422124,89.622534541475));
#2629 = CARTESIAN_POINT('',(5.720400275928,89.607094941975));
#2630 = CARTESIAN_POINT('',(5.721577388583,89.59092174248));
#2631 = CARTESIAN_POINT('',(5.722742349315,89.574035407343));
#2632 = CARTESIAN_POINT('',(5.726112737604,89.52262482668));
#2633 = CARTESIAN_POINT('',(5.72828425397,89.486228707963));
#2634 = CARTESIAN_POINT('',(5.730406841905,89.447414090743));
#2635 = CARTESIAN_POINT('',(5.732478579881,89.406327239025));
#2636 = CARTESIAN_POINT('',(5.734498060464,89.363112040261));
#2637 = CARTESIAN_POINT('',(5.736464327344,89.31790730356));
#2638 = CARTESIAN_POINT('',(5.738376812377,89.270844057894));
#2639 = CARTESIAN_POINT('',(5.74270837605,89.157101760303));
#2640 = CARTESIAN_POINT('',(5.745085563606,89.089089829775));
#2641 = CARTESIAN_POINT('',(5.747366525632,89.018287590686));
#2642 = CARTESIAN_POINT('',(5.749551483604,88.94495546151));
#2643 = CARTESIAN_POINT('',(5.751641109461,88.869331890059));
#2644 = CARTESIAN_POINT('',(5.753636444936,88.791631496304));
#2645 = CARTESIAN_POINT('',(5.755538820892,88.712043215206));
#2646 = CARTESIAN_POINT('',(5.758825825063,88.564451532851));
#2647 = CARTESIAN_POINT('',(5.760241031417,88.497032602069));
#2648 = CARTESIAN_POINT('',(5.761596184702,88.428561752641));
#2649 = CARTESIAN_POINT('',(5.762892065264,88.359122578799));
#2650 = CARTESIAN_POINT('',(5.764129443215,88.288792182257));
#2651 = CARTESIAN_POINT('',(5.765309076836,88.217641190911));
#2652 = CARTESIAN_POINT('',(5.766431710988,88.145733777538));
#2653 = CARTESIAN_POINT('',(5.768338437625,88.015909520554));
#2654 = CARTESIAN_POINT('',(5.769143838386,87.958258533596));
#2655 = CARTESIAN_POINT('',(5.76991462499,87.900203485651));
#2656 = CARTESIAN_POINT('',(5.770651126739,87.841771690097));
#2657 = CARTESIAN_POINT('',(5.771353655049,87.782989005659));
#2658 = CARTESIAN_POINT('',(5.772022503449,87.723879836409));
#2659 = CARTESIAN_POINT('',(5.772657947585,87.664467131766));
#2660 = CARTESIAN_POINT('',(5.774889332167,87.44331080151));
#2661 = CARTESIAN_POINT('',(5.776275765637,87.279802308583));
#2662 = CARTESIAN_POINT('',(5.777424914397,87.114655584089));
#2663 = CARTESIAN_POINT('',(5.77834064022,86.948246984455));
#2664 = CARTESIAN_POINT('',(5.779025724273,86.780924164883));
#2665 = CARTESIAN_POINT('',(5.779482034664,86.613008162529));
#2666 = CARTESIAN_POINT('',(5.779710435179,86.44479394412));
#2667 = CARTESIAN_POINT('',(5.779710435179,86.107697644465));
#2668 = CARTESIAN_POINT('',(5.779480382431,85.938877410721));
#2669 = CARTESIAN_POINT('',(5.779020094462,85.770358717467));
#2670 = CARTESIAN_POINT('',(5.778328004633,85.602440523488));
#2671 = CARTESIAN_POINT('',(5.777401517015,85.435449706499));
#2672 = CARTESIAN_POINT('',(5.776237090812,85.269741741472));
#2673 = CARTESIAN_POINT('',(5.774830054366,85.105703096471));
#2674 = CARTESIAN_POINT('',(5.772571380634,84.884804564134));
#2675 = CARTESIAN_POINT('',(5.771935658164,84.826133084944));
#2676 = CARTESIAN_POINT('',(5.77126669302,84.767762075681));
#2677 = CARTESIAN_POINT('',(5.77056417919,84.709714160717));
#2678 = CARTESIAN_POINT('',(5.76982779293,84.652013421548));
#2679 = CARTESIAN_POINT('',(5.769057192766,84.594685396793));
#2680 = CARTESIAN_POINT('',(5.768252019488,84.537757082194));
#2681 = CARTESIAN_POINT('',(5.766345861511,84.409563743742));
#2682 = CARTESIAN_POINT('',(5.7652235782,84.338561675371));
#2683 = CARTESIAN_POINT('',(5.764044255702,84.268307831155));
#2684 = CARTESIAN_POINT('',(5.762807088568,84.198865731484));
#2685 = CARTESIAN_POINT('',(5.76151125837,84.130305343255));
#2686 = CARTESIAN_POINT('',(5.760155935651,84.062703111652));
#2687 = CARTESIAN_POINT('',(5.758740281872,83.996141991923));
#2688 = CARTESIAN_POINT('',(5.755453993108,83.850544002376));
#2689 = CARTESIAN_POINT('',(5.75355286088,83.772081156623));
#2690 = CARTESIAN_POINT('',(5.751558417414,83.6954825474));
#2691 = CARTESIAN_POINT('',(5.749469235846,83.620935158999));
#2692 = CARTESIAN_POINT('',(5.747284184464,83.548651543575));
#2693 = CARTESIAN_POINT('',(5.745002511455,83.478868008232));
#2694 = CARTESIAN_POINT('',(5.742623929647,83.411842802089));
#2695 = CARTESIAN_POINT('',(5.738300218675,83.300068157269));
#2696 = CARTESIAN_POINT('',(5.73639797501,83.253979332526));
#2697 = CARTESIAN_POINT('',(5.734442188767,83.209705192109));
#2698 = CARTESIAN_POINT('',(5.732433402944,83.167373290535));
#2699 = CARTESIAN_POINT('',(5.730372547668,83.127118756624));
#2700 = CARTESIAN_POINT('',(5.728261002842,83.089081676262));
#2701 = CARTESIAN_POINT('',(5.726100660778,83.053404475153));
#2702 = CARTESIAN_POINT('',(5.720465545926,82.968685985611));
#2703 = CARTESIAN_POINT('',(5.716923175828,82.923150142702));
#2704 = CARTESIAN_POINT('',(5.713278695188,82.884209016232));
#2705 = CARTESIAN_POINT('',(5.709546597231,82.852395261195));
#2706 = CARTESIAN_POINT('',(5.705744219971,82.828168954911));
#2707 = CARTESIAN_POINT('',(5.701891974702,82.811885279747));
#2708 = CARTESIAN_POINT('',(5.698013634771,82.803747877843));
#2709 = CARTESIAN_POINT('',(5.690271883687,82.803747877842));
#2710 = CARTESIAN_POINT('',(5.686405706605,82.811834354566));
#2711 = CARTESIAN_POINT('',(5.682565370455,82.828016078052));
#2712 = CARTESIAN_POINT('',(5.67877443497,82.852092032423));
#2713 = CARTESIAN_POINT('',(5.675053144476,82.883711358246));
#2714 = CARTESIAN_POINT('',(5.671418710842,82.922419235482));
#2715 = CARTESIAN_POINT('',(5.667885537451,82.967688707045));
#2716 = CARTESIAN_POINT('',(5.662259217498,83.051997037621));
#2717 = CARTESIAN_POINT('',(5.660099218324,83.087557111789));
#2718 = CARTESIAN_POINT('',(5.657987863136,83.125476933301));
#2719 = CARTESIAN_POINT('',(5.655927053353,83.165614419808));
#2720 = CARTESIAN_POINT('',(5.653918177878,83.207829759862));
#2721 = CARTESIAN_POINT('',(5.651962175631,83.25198803403));
#2722 = CARTESIAN_POINT('',(5.65005959808,83.297961835994));
#2723 = CARTESIAN_POINT('',(5.645736465152,83.409427956446));
#2724 = CARTESIAN_POINT('',(5.643358581053,83.476256489124));
#2725 = CARTESIAN_POINT('',(5.641077299896,83.545841876648));
#2726 = CARTESIAN_POINT('',(5.638892350911,83.617926497776));
#2727 = CARTESIAN_POINT('',(5.636802996998,83.692274548721));
#2728 = CARTESIAN_POINT('',(5.634808119579,83.768673866801));
#2729 = CARTESIAN_POINT('',(5.632906303455,83.846937754085));
#2730 = CARTESIAN_POINT('',(5.625169939995,84.188672086728));
#2731 = CARTESIAN_POINT('',(5.620234680549,84.468219169068));
#2732 = CARTESIAN_POINT('',(5.6162139143,84.76041414811));
#2733 = CARTESIAN_POINT('',(5.613066444887,85.06145340597));
#2734 = CARTESIAN_POINT('',(5.610750711346,85.36820586761));
#2735 = CARTESIAN_POINT('',(5.609238219078,85.678340469123));
#2736 = CARTESIAN_POINT('',(5.608507096472,85.990193672344));
#2737 = CARTESIAN_POINT('',(5.60856539489,86.302952447061));
#2738 = ( GEOMETRIC_REPRESENTATION_CONTEXT(2) 
PARAMETRIC_REPRESENTATION_CONTEXT() REPRESENTATION_CONTEXT('2D SPACE',''
  ) );
#2739 = PCURVE('',#2740,#2745);
#2740 = CONICAL_SURFACE('',#2741,4.185714285714,0.428778027446);
#2741 = AXIS2_PLACEMENT_3D('',#2742,#2743,#2744);
#2742 = CARTESIAN_POINT('',(34.640208759196,-23.14584750596,
    114.15706375884));
#2743 = DIRECTION('',(0.828198879572,-0.553384799279,-8.861083344205E-02
    ));
#2744 = DIRECTION('',(-0.55557023302,-0.831469612303,-2.211711532122E-16
    ));
#2745 = DEFINITIONAL_REPRESENTATION('',(#2746),#2910);
#2746 = B_SPLINE_CURVE_WITH_KNOTS('',8,(#2747,#2748,#2749,#2750,#2751,
    #2752,#2753,#2754,#2755,#2756,#2757,#2758,#2759,#2760,#2761,#2762,
    #2763,#2764,#2765,#2766,#2767,#2768,#2769,#2770,#2771,#2772,#2773,
    #2774,#2775,#2776,#2777,#2778,#2779,#2780,#2781,#2782,#2783,#2784,
    #2785,#2786,#2787,#2788,#2789,#2790,#2791,#2792,#2793,#2794,#2795,
    #2796,#2797,#2798,#2799,#2800,#2801,#2802,#2803,#2804,#2805,#2806,
    #2807,#2808,#2809,#2810,#2811,#2812,#2813,#2814,#2815,#2816,#2817,
    #2818,#2819,#2820,#2821,#2822,#2823,#2824,#2825,#2826,#2827,#2828,
    #2829,#2830,#2831,#2832,#2833,#2834,#2835,#2836,#2837,#2838,#2839,
    #2840,#2841,#2842,#2843,#2844,#2845,#2846,#2847,#2848,#2849,#2850,
    #2851,#2852,#2853,#2854,#2855,#2856,#2857,#2858,#2859,#2860,#2861,
    #2862,#2863,#2864,#2865,#2866,#2867,#2868,#2869,#2870,#2871,#2872,
    #2873,#2874,#2875,#2876,#2877,#2878,#2879,#2880,#2881,#2882,#2883,
    #2884,#2885,#2886,#2887,#2888,#2889,#2890,#2891,#2892,#2893,#2894,
    #2895,#2896,#2897,#2898,#2899,#2900,#2901,#2902,#2903,#2904,#2905,
    #2906,#2907,#2908,#2909),.UNSPECIFIED.,.F.,.F.,(9,7,7,7,7,7,7,7,7,7,
    7,7,7,7,7,7,7,7,7,7,7,7,7,9),(0.,0.129994252327,0.1712821603,
    0.201996483353,0.218048569646,0.249661259403,0.271598991316,
    0.281540220317,0.297592164098,0.328485125141,0.369595225952,
    0.403102670239,0.429508637019,0.500931158887,0.572611467116,
    0.598703896325,0.631812646495,0.672378507828,0.702672798445,
    0.749740169173,0.796660044941,0.82692566735,0.867426688503,1.),
  .UNSPECIFIED.);
#2747 = CARTESIAN_POINT('',(3.191846786876E-11,-1.646397878755));
#2748 = CARTESIAN_POINT('',(-8.965988814961E-02,-1.646301859768));
#2749 = CARTESIAN_POINT('',(-0.179088020665,-1.64361276255));
#2750 = CARTESIAN_POINT('',(-0.269013171951,-1.638360313345));
#2751 = CARTESIAN_POINT('',(-0.359929291917,-1.630617066396));
#2752 = CARTESIAN_POINT('',(-0.452259251584,-1.620546932012));
#2753 = CARTESIAN_POINT('',(-0.546467744092,-1.608457702654));
#2754 = CARTESIAN_POINT('',(-0.643062757722,-1.594820537612));
#2755 = CARTESIAN_POINT('',(-0.774765293874,-1.575711724271));
#2756 = CARTESIAN_POINT('',(-0.806833632604,-1.571020847715));
#2757 = CARTESIAN_POINT('',(-0.83924732432,-1.566268126834));
#2758 = CARTESIAN_POINT('',(-0.872027777291,-1.561479861049));
#2759 = CARTESIAN_POINT('',(-0.905194178032,-1.556685779143));
#2760 = CARTESIAN_POINT('',(-0.938764035806,-1.551918983688));
#2761 = CARTESIAN_POINT('',(-0.97275372712,-1.547215895464));
#2762 = CARTESIAN_POINT('',(-1.032788237678,-1.539194455193));
#2763 = CARTESIAN_POINT('',(-1.058636580337,-1.535830191189));
#2764 = CARTESIAN_POINT('',(-1.084729062828,-1.532539737287));
#2765 = CARTESIAN_POINT('',(-1.111068583161,-1.529340736453));
#2766 = CARTESIAN_POINT('',(-1.137655673138,-1.526251801963));
#2767 = CARTESIAN_POINT('',(-1.164488228763,-1.523292176148));
#2768 = CARTESIAN_POINT('',(-1.19156124065,-1.520481389151));
#2769 = CARTESIAN_POINT('',(-1.23313696012,-1.516457894888));
#2770 = CARTESIAN_POINT('',(-1.247470632317,-1.515122856712));
#2771 = CARTESIAN_POINT('',(-1.261866163814,-1.513836582395));
#2772 = CARTESIAN_POINT('',(-1.276321918396,-1.512601835004));
#2773 = CARTESIAN_POINT('',(-1.290835970086,-1.511421333981));
#2774 = CARTESIAN_POINT('',(-1.305406072361,-1.510297727695));
#2775 = CARTESIAN_POINT('',(-1.320029627388,-1.509233565996));
#2776 = CARTESIAN_POINT('',(-1.363602421532,-1.506257374523));
#2777 = CARTESIAN_POINT('',(-1.392701344256,-1.504523124682));
#2778 = CARTESIAN_POINT('',(-1.421972460803,-1.503047512946));
#2779 = CARTESIAN_POINT('',(-1.45138712141,-1.501846984492));
#2780 = CARTESIAN_POINT('',(-1.480914770932,-1.50093480776));
#2781 = CARTESIAN_POINT('',(-1.510521730605,-1.500320442247));
#2782 = CARTESIAN_POINT('',(-1.54016997981,-1.500008906292));
#2783 = CARTESIAN_POINT('',(-1.590388849672,-1.49999406485));
#2784 = CARTESIAN_POINT('',(-1.61096287243,-1.500133794512));
#2785 = CARTESIAN_POINT('',(-1.631524224728,-1.500419389797));
#2786 = CARTESIAN_POINT('',(-1.652060093731,-1.500849766263));
#2787 = CARTESIAN_POINT('',(-1.672558427797,-1.50142277626));
#2788 = CARTESIAN_POINT('',(-1.693007729118,-1.502135286105));
#2789 = CARTESIAN_POINT('',(-1.713396846362,-1.502983253257));
#2790 = CARTESIAN_POINT('',(-1.742921968229,-1.504405240038));
#2791 = CARTESIAN_POINT('',(-1.75211470501,-1.50487550266));
#2792 = CARTESIAN_POINT('',(-1.761292044662,-1.505372138579));
#2793 = CARTESIAN_POINT('',(-1.770453100009,-1.505894669394));
#2794 = CARTESIAN_POINT('',(-1.779597029702,-1.506442591086));
#2795 = CARTESIAN_POINT('',(-1.788723038219,-1.507015374017));
#2796 = CARTESIAN_POINT('',(-1.797830375868,-1.507612462929));
#2797 = CARTESIAN_POINT('',(-1.821592527437,-1.509235695431));
#2798 = CARTESIAN_POINT('',(-1.836216237121,-1.510299980858));
#2799 = CARTESIAN_POINT('',(-1.850786488202,-1.511423709053));
#2800 = CARTESIAN_POINT('',(-1.865300683142,-1.512604329903));
#2801 = CARTESIAN_POINT('',(-1.879756575726,-1.513839194801));
#2802 = CARTESIAN_POINT('',(-1.894152240289,-1.515125584095));
#2803 = CARTESIAN_POINT('',(-1.908486040954,-1.516460734527));
#2804 = CARTESIAN_POINT('',(-1.950221178161,-1.520499941157));
#2805 = CARTESIAN_POINT('',(-1.977450734027,-1.523328285863));
#2806 = CARTESIAN_POINT('',(-2.00443696054,-1.52630708015));
#2807 = CARTESIAN_POINT('',(-2.03117478998,-1.529416450761));
#2808 = CARTESIAN_POINT('',(-2.057662119291,-1.532636821717));
#2809 = CARTESIAN_POINT('',(-2.083899534552,-1.535949264209));
#2810 = CARTESIAN_POINT('',(-2.109890035453,-1.53933584648));
#2811 = CARTESIAN_POINT('',(-2.169903285292,-1.547363190511));
#2812 = CARTESIAN_POINT('',(-2.203736255146,-1.552047849582));
#2813 = CARTESIAN_POINT('',(-2.237153317808,-1.556794857853));
#2814 = CARTESIAN_POINT('',(-2.270170690391,-1.561568322195));
#2815 = CARTESIAN_POINT('',(-2.30280569344,-1.566335612071));
#2816 = CARTESIAN_POINT('',(-2.335077285736,-1.57106741219));
#2817 = CARTESIAN_POINT('',(-2.367006599097,-1.575737775152));
#2818 = CARTESIAN_POINT('',(-2.424382421003,-1.58406239182));
#2819 = CARTESIAN_POINT('',(-2.44993393224,-1.587744522455));
#2820 = CARTESIAN_POINT('',(-2.475284009338,-1.591358151396));
#2821 = CARTESIAN_POINT('',(-2.500443937523,-1.594891991745));
#2822 = CARTESIAN_POINT('',(-2.525424530754,-1.598335821323));
#2823 = CARTESIAN_POINT('',(-2.55023637768,-1.601680419686));
#2824 = CARTESIAN_POINT('',(-2.574890087588,-1.604917505131));
#2825 = CARTESIAN_POINT('',(-2.618709154369,-1.610500134708));
#2826 = CARTESIAN_POINT('',(-2.637930006846,-1.612889165644));
#2827 = CARTESIAN_POINT('',(-2.65706410158,-1.61520314499));
#2828 = CARTESIAN_POINT('',(-2.676116327871,-1.617438717828));
#2829 = CARTESIAN_POINT('',(-2.695091456534,-1.619592793845));
#2830 = CARTESIAN_POINT('',(-2.713994139897,-1.621662547336));
#2831 = CARTESIAN_POINT('',(-2.7328289118,-1.623645417204));
#2832 = CARTESIAN_POINT('',(-2.802372494746,-1.630661134825));
#2833 = CARTESIAN_POINT('',(-2.85267561995,-1.635130100586));
#2834 = CARTESIAN_POINT('',(-2.902604554522,-1.638900761015));
#2835 = CARTESIAN_POINT('',(-2.952239961321,-1.64193853442));
#2836 = CARTESIAN_POINT('',(-3.001654993659,-1.644218755323));
#2837 = CARTESIAN_POINT('',(-3.050921183805,-1.6457258289));
#2838 = CARTESIAN_POINT('',(-3.100113401096,-1.646452285136));
#2839 = CARTESIAN_POINT('',(-3.198691938185,-1.646342983439));
#2840 = CARTESIAN_POINT('',(-3.248060383421,-1.645501597977));
#2841 = CARTESIAN_POINT('',(-3.297502562059,-1.643874172347));
#2842 = CARTESIAN_POINT('',(-3.347094553699,-1.641468484496));
#2843 = CARTESIAN_POINT('',(-3.396909229875,-1.638300612773));
#2844 = CARTESIAN_POINT('',(-3.447021361232,-1.634395961826));
#2845 = CARTESIAN_POINT('',(-3.497513772847,-1.629790195946));
#2846 = CARTESIAN_POINT('',(-3.567038476453,-1.622615339121));
#2847 = CARTESIAN_POINT('',(-3.585655153865,-1.620613982272));
#2848 = CARTESIAN_POINT('',(-3.60433892904,-1.618528275394));
#2849 = CARTESIAN_POINT('',(-3.623094272314,-1.616360744849));
#2850 = CARTESIAN_POINT('',(-3.641925775234,-1.614114177282));
#2851 = CARTESIAN_POINT('',(-3.660838150556,-1.611791619621));
#2852 = CARTESIAN_POINT('',(-3.679836232247,-1.609396379076));
#2853 = CARTESIAN_POINT('',(-3.723146730597,-1.603804995592));
#2854 = CARTESIAN_POINT('',(-3.747513967463,-1.600566785087));
#2855 = CARTESIAN_POINT('',(-3.772037447438,-1.597224690714));
#2856 = CARTESIAN_POINT('',(-3.79672767968,-1.593786875794));
#2857 = CARTESIAN_POINT('',(-3.821595163503,-1.590262431147));
#2858 = CARTESIAN_POINT('',(-3.846650630718,-1.586661438363));
#2859 = CARTESIAN_POINT('',(-3.871905287992,-1.582995033059));
#2860 = CARTESIAN_POINT('',(-3.928572507086,-1.57471814257));
#2861 = CARTESIAN_POINT('',(-3.96008806078,-1.57008147519));
#2862 = CARTESIAN_POINT('',(-3.991941321253,-1.565387603321));
#2863 = CARTESIAN_POINT('',(-4.024153231735,-1.560662041641));
#2864 = CARTESIAN_POINT('',(-4.056742597181,-1.555933632006));
#2865 = CARTESIAN_POINT('',(-4.089726603757,-1.551234493246));
#2866 = CARTESIAN_POINT('',(-4.123121338319,-1.546599970965));
#2867 = CARTESIAN_POINT('',(-4.182199562338,-1.538684582961));
#2868 = CARTESIAN_POINT('',(-4.207692641254,-1.535358357688));
#2869 = CARTESIAN_POINT('',(-4.233426556309,-1.532105946529));
#2870 = CARTESIAN_POINT('',(-4.259404240996,-1.528944684458));
#2871 = CARTESIAN_POINT('',(-4.285626285063,-1.525892870103));
#2872 = CARTESIAN_POINT('',(-4.312090668957,-1.522969429441));
#2873 = CARTESIAN_POINT('',(-4.338792498253,-1.520193579486));
#2874 = CARTESIAN_POINT('',(-4.407566033246,-1.513530827535));
#2875 = CARTESIAN_POINT('',(-4.449987504209,-1.50987717892));
#2876 = CARTESIAN_POINT('',(-4.492925009223,-1.506699151841));
#2877 = CARTESIAN_POINT('',(-4.53630780711,-1.504068294545));
#2878 = CARTESIAN_POINT('',(-4.580055864883,-1.502046814582));
#2879 = CARTESIAN_POINT('',(-4.624073616433,-1.500681950717));
#2880 = CARTESIAN_POINT('',(-4.668239172277,-1.500000000001));
#2881 = CARTESIAN_POINT('',(-4.756400436289,-1.500000000001));
#2882 = CARTESIAN_POINT('',(-4.800427486149,-1.500677683658));
#2883 = CARTESIAN_POINT('',(-4.844308217689,-1.50203400022));
#2884 = CARTESIAN_POINT('',(-4.887921784922,-1.504042991519));
#2885 = CARTESIAN_POINT('',(-4.931173319754,-1.506657996679));
#2886 = CARTESIAN_POINT('',(-4.973983306273,-1.509817524928));
#2887 = CARTESIAN_POINT('',(-5.016281417713,-1.513450796477));
#2888 = CARTESIAN_POINT('',(-5.08491845561,-1.520083889364));
#2889 = CARTESIAN_POINT('',(-5.11160338918,-1.522851834524));
#2890 = CARTESIAN_POINT('',(-5.138051501008,-1.52576767362));
#2891 = CARTESIAN_POINT('',(-5.164257822082,-1.528812237538));
#2892 = CARTESIAN_POINT('',(-5.190220262904,-1.53196663857));
#2893 = CARTESIAN_POINT('',(-5.215939346184,-1.535212607574));
#2894 = CARTESIAN_POINT('',(-5.241417939548,-1.538532831136));
#2895 = CARTESIAN_POINT('',(-5.300440873386,-1.546432292149));
#2896 = CARTESIAN_POINT('',(-5.333795600797,-1.551057117686));
#2897 = CARTESIAN_POINT('',(-5.366740496113,-1.555747353851));
#2898 = CARTESIAN_POINT('',(-5.39929149356,-1.560467742451));
#2899 = CARTESIAN_POINT('',(-5.431465647599,-1.565186231891));
#2900 = CARTESIAN_POINT('',(-5.463281644593,-1.569874030479));
#2901 = CARTESIAN_POINT('',(-5.494760314467,-1.574505659726));
#2902 = CARTESIAN_POINT('',(-5.627937988452,-1.59396362969));
#2903 = CARTESIAN_POINT('',(-5.726398452341,-1.608001158813));
#2904 = CARTESIAN_POINT('',(-5.822375631773,-1.620429255657));
#2905 = CARTESIAN_POINT('',(-5.916405252763,-1.630743499876));
#2906 = CARTESIAN_POINT('',(-6.008995742688,-1.63862092397));
#2907 = CARTESIAN_POINT('',(-6.100588314454,-1.64389466756));
#2908 = CARTESIAN_POINT('',(-6.191721352627,-1.646495829762));
#2909 = CARTESIAN_POINT('',(-6.28318530718,-1.646397878755));
#2910 = ( GEOMETRIC_REPRESENTATION_CONTEXT(2) 
PARAMETRIC_REPRESENTATION_CONTEXT() REPRESENTATION_CONTEXT('2D SPACE',''
  ) );
#2911 = ADVANCED_FACE('',(#2912),#2740,.T.);
#2912 = FACE_BOUND('',#2913,.T.);
#2913 = EDGE_LOOP('',(#2914,#2937,#2964,#2965));
#2914 = ORIENTED_EDGE('',*,*,#2915,.T.);
#2915 = EDGE_CURVE('',#2405,#2916,#2918,.T.);
#2916 = VERTEX_POINT('',#2917);
#2917 = CARTESIAN_POINT('',(27.43384721293,-18.69151759578,
    114.9102558431));
#2918 = SEAM_CURVE('',#2919,(#2923,#2930),.PCURVE_S1.);
#2919 = LINE('',#2920,#2921);
#2920 = CARTESIAN_POINT('',(32.314750498128,-26.62614174031,
    114.15706375884));
#2921 = VECTOR('',#2922,1.);
#2922 = DIRECTION('',(-0.522241994787,0.848980956802,8.058929127593E-02)
  );
#2923 = PCURVE('',#2740,#2924);
#2924 = DEFINITIONAL_REPRESENTATION('',(#2925),#2929);
#2925 = LINE('',#2926,#2927);
#2926 = CARTESIAN_POINT('',(-6.28318530718,0.));
#2927 = VECTOR('',#2928,1.);
#2928 = DIRECTION('',(-0.,-1.));
#2929 = ( GEOMETRIC_REPRESENTATION_CONTEXT(2) 
PARAMETRIC_REPRESENTATION_CONTEXT() REPRESENTATION_CONTEXT('2D SPACE',''
  ) );
#2930 = PCURVE('',#2740,#2931);
#2931 = DEFINITIONAL_REPRESENTATION('',(#2932),#2936);
#2932 = LINE('',#2933,#2934);
#2933 = CARTESIAN_POINT('',(0.,-0.));
#2934 = VECTOR('',#2935,1.);
#2935 = DIRECTION('',(-0.,-1.));
#2936 = ( GEOMETRIC_REPRESENTATION_CONTEXT(2) 
PARAMETRIC_REPRESENTATION_CONTEXT() REPRESENTATION_CONTEXT('2D SPACE',''
  ) );
#2937 = ORIENTED_EDGE('',*,*,#2938,.F.);
#2938 = EDGE_CURVE('',#2916,#2916,#2939,.T.);
#2939 = SURFACE_CURVE('',#2940,(#2945,#2952),.PCURVE_S1.);
#2940 = CIRCLE('',#2941,0.3);
#2941 = AXIS2_PLACEMENT_3D('',#2942,#2943,#2944);
#2942 = CARTESIAN_POINT('',(27.600518282835,-18.44207671209,
    114.9102558431));
#2943 = DIRECTION('',(-0.828198879572,0.553384799279,8.861083344205E-02)
  );
#2944 = DIRECTION('',(-0.55557023302,-0.831469612303,-2.211711532122E-16
    ));
#2945 = PCURVE('',#2740,#2946);
#2946 = DEFINITIONAL_REPRESENTATION('',(#2947),#2951);
#2947 = LINE('',#2948,#2949);
#2948 = CARTESIAN_POINT('',(-0.,-8.5));
#2949 = VECTOR('',#2950,1.);
#2950 = DIRECTION('',(-1.,-0.));
#2951 = ( GEOMETRIC_REPRESENTATION_CONTEXT(2) 
PARAMETRIC_REPRESENTATION_CONTEXT() REPRESENTATION_CONTEXT('2D SPACE',''
  ) );
#2952 = PCURVE('',#2953,#2958);
#2953 = PLANE('',#2954);
#2954 = AXIS2_PLACEMENT_3D('',#2955,#2956,#2957);
#2955 = CARTESIAN_POINT('',(27.600518282835,-18.44207671209,
    114.9102558431));
#2956 = DIRECTION('',(-0.828198879572,0.553384799279,8.861083344205E-02)
  );
#2957 = DIRECTION('',(-0.55557023302,-0.831469612303,-2.211711532122E-16
    ));
#2958 = DEFINITIONAL_REPRESENTATION('',(#2959),#2963);
#2959 = CIRCLE('',#2960,0.3);
#2960 = AXIS2_PLACEMENT_2D('',#2961,#2962);
#2961 = CARTESIAN_POINT('',(0.,0.));
#2962 = DIRECTION('',(1.,0.));
#2963 = ( GEOMETRIC_REPRESENTATION_CONTEXT(2) 
PARAMETRIC_REPRESENTATION_CONTEXT() REPRESENTATION_CONTEXT('2D SPACE',''
  ) );
#2964 = ORIENTED_EDGE('',*,*,#2915,.F.);
#2965 = ORIENTED_EDGE('',*,*,#2404,.T.);
#2966 = ADVANCED_FACE('',(#2967),#2953,.T.);
#2967 = FACE_BOUND('',#2968,.T.);
#2968 = EDGE_LOOP('',(#2969));
#2969 = ORIENTED_EDGE('',*,*,#2938,.T.);
#2970 = ADVANCED_FACE('',(#2971),#2230,.T.);
#2971 = FACE_BOUND('',#2972,.T.);
#2972 = EDGE_LOOP('',(#2973,#2996,#3023,#3024));
#2973 = ORIENTED_EDGE('',*,*,#2974,.T.);
#2974 = EDGE_CURVE('',#1895,#2975,#2977,.T.);
#2975 = VERTEX_POINT('',#2976);
#2976 = CARTESIAN_POINT('',(30.865153976632,-6.445338194492,
    96.190215861126));
#2977 = SEAM_CURVE('',#2978,(#2982,#2989),.PCURVE_S1.);
#2978 = LINE('',#2979,#2980);
#2979 = CARTESIAN_POINT('',(38.41096982415,-11.90813421757,
    95.437023776869));
#2980 = VECTOR('',#2981,1.);
#2981 = DIRECTION('',(-0.807379636563,0.584502770391,8.058929127593E-02)
  );
#2982 = PCURVE('',#2230,#2983);
#2983 = DEFINITIONAL_REPRESENTATION('',(#2984),#2988);
#2984 = LINE('',#2985,#2986);
#2985 = CARTESIAN_POINT('',(-6.28318530718,0.));
#2986 = VECTOR('',#2987,1.);
#2987 = DIRECTION('',(-0.,-1.));
#2988 = ( GEOMETRIC_REPRESENTATION_CONTEXT(2) 
PARAMETRIC_REPRESENTATION_CONTEXT() REPRESENTATION_CONTEXT('2D SPACE',''
  ) );
#2989 = PCURVE('',#2230,#2990);
#2990 = DEFINITIONAL_REPRESENTATION('',(#2991),#2995);
#2991 = LINE('',#2992,#2993);
#2992 = CARTESIAN_POINT('',(0.,-0.));
#2993 = VECTOR('',#2994,1.);
#2994 = DIRECTION('',(-0.,-1.));
#2995 = ( GEOMETRIC_REPRESENTATION_CONTEXT(2) 
PARAMETRIC_REPRESENTATION_CONTEXT() REPRESENTATION_CONTEXT('2D SPACE',''
  ) );
#2996 = ORIENTED_EDGE('',*,*,#2997,.F.);
#2997 = EDGE_CURVE('',#2975,#2975,#2998,.T.);
#2998 = SURFACE_CURVE('',#2999,(#3004,#3011),.PCURVE_S1.);
#2999 = CIRCLE('',#3000,0.3);
#3000 = AXIS2_PLACEMENT_3D('',#3001,#3002,#3003);
#3001 = CARTESIAN_POINT('',(30.923681073237,-6.151102610371,
    96.190215861126));
#3002 = DIRECTION('',(-0.976927188092,0.194322899741,8.861083344205E-02)
  );
#3003 = DIRECTION('',(-0.195090322016,-0.980785280403,
    -2.211711532122E-16));
#3004 = PCURVE('',#2230,#3005);
#3005 = DEFINITIONAL_REPRESENTATION('',(#3006),#3010);
#3006 = LINE('',#3007,#3008);
#3007 = CARTESIAN_POINT('',(-0.,-8.5));
#3008 = VECTOR('',#3009,1.);
#3009 = DIRECTION('',(-1.,-0.));
#3010 = ( GEOMETRIC_REPRESENTATION_CONTEXT(2) 
PARAMETRIC_REPRESENTATION_CONTEXT() REPRESENTATION_CONTEXT('2D SPACE',''
  ) );
#3011 = PCURVE('',#3012,#3017);
#3012 = PLANE('',#3013);
#3013 = AXIS2_PLACEMENT_3D('',#3014,#3015,#3016);
#3014 = CARTESIAN_POINT('',(30.923681073237,-6.151102610371,
    96.190215861126));
#3015 = DIRECTION('',(-0.976927188092,0.194322899741,8.861083344205E-02)
  );
#3016 = DIRECTION('',(-0.195090322016,-0.980785280403,
    -2.211711532122E-16));
#3017 = DEFINITIONAL_REPRESENTATION('',(#3018),#3022);
#3018 = CIRCLE('',#3019,0.3);
#3019 = AXIS2_PLACEMENT_2D('',#3020,#3021);
#3020 = CARTESIAN_POINT('',(0.,0.));
#3021 = DIRECTION('',(1.,0.));
#3022 = ( GEOMETRIC_REPRESENTATION_CONTEXT(2) 
PARAMETRIC_REPRESENTATION_CONTEXT() REPRESENTATION_CONTEXT('2D SPACE',''
  ) );
#3023 = ORIENTED_EDGE('',*,*,#2974,.F.);
#3024 = ORIENTED_EDGE('',*,*,#1894,.T.);
#3025 = ADVANCED_FACE('',(#3026),#3012,.T.);
#3026 = FACE_BOUND('',#3027,.T.);
#3027 = EDGE_LOOP('',(#3028));
#3028 = ORIENTED_EDGE('',*,*,#2997,.T.);
#3029 = ADVANCED_FACE('',(#3030),#1741,.T.);
#3030 = FACE_BOUND('',#3031,.T.);
#3031 = EDGE_LOOP('',(#3032,#3055,#3082,#3083));
#3032 = ORIENTED_EDGE('',*,*,#3033,.T.);
#3033 = EDGE_CURVE('',#1448,#3034,#3036,.T.);
#3034 = VERTEX_POINT('',#3035);
#3035 = CARTESIAN_POINT('',(24.664472554666,-16.84108060873,
    77.470175879148));
#3036 = SEAM_CURVE('',#3037,(#3041,#3048),.PCURVE_S1.);
#3037 = LINE('',#3038,#3039);
#3038 = CARTESIAN_POINT('',(29.545375839865,-24.77570475326,
    76.71698379489));
#3039 = VECTOR('',#3040,1.);
#3040 = DIRECTION('',(-0.522241994787,0.848980956802,8.058929127593E-02)
  );
#3041 = PCURVE('',#1741,#3042);
#3042 = DEFINITIONAL_REPRESENTATION('',(#3043),#3047);
#3043 = LINE('',#3044,#3045);
#3044 = CARTESIAN_POINT('',(-6.28318530718,0.));
#3045 = VECTOR('',#3046,1.);
#3046 = DIRECTION('',(-0.,-1.));
#3047 = ( GEOMETRIC_REPRESENTATION_CONTEXT(2) 
PARAMETRIC_REPRESENTATION_CONTEXT() REPRESENTATION_CONTEXT('2D SPACE',''
  ) );
#3048 = PCURVE('',#1741,#3049);
#3049 = DEFINITIONAL_REPRESENTATION('',(#3050),#3054);
#3050 = LINE('',#3051,#3052);
#3051 = CARTESIAN_POINT('',(0.,-0.));
#3052 = VECTOR('',#3053,1.);
#3053 = DIRECTION('',(-0.,-1.));
#3054 = ( GEOMETRIC_REPRESENTATION_CONTEXT(2) 
PARAMETRIC_REPRESENTATION_CONTEXT() REPRESENTATION_CONTEXT('2D SPACE',''
  ) );
#3055 = ORIENTED_EDGE('',*,*,#3056,.F.);
#3056 = EDGE_CURVE('',#3034,#3034,#3057,.T.);
#3057 = SURFACE_CURVE('',#3058,(#3063,#3070),.PCURVE_S1.);
#3058 = CIRCLE('',#3059,0.3);
#3059 = AXIS2_PLACEMENT_3D('',#3060,#3061,#3062);
#3060 = CARTESIAN_POINT('',(24.831143624572,-16.59163972504,
    77.470175879148));
#3061 = DIRECTION('',(-0.828198879572,0.553384799279,8.861083344205E-02)
  );
#3062 = DIRECTION('',(-0.55557023302,-0.831469612303,-2.211711532122E-16
    ));
#3063 = PCURVE('',#1741,#3064);
#3064 = DEFINITIONAL_REPRESENTATION('',(#3065),#3069);
#3065 = LINE('',#3066,#3067);
#3066 = CARTESIAN_POINT('',(-0.,-8.5));
#3067 = VECTOR('',#3068,1.);
#3068 = DIRECTION('',(-1.,-0.));
#3069 = ( GEOMETRIC_REPRESENTATION_CONTEXT(2) 
PARAMETRIC_REPRESENTATION_CONTEXT() REPRESENTATION_CONTEXT('2D SPACE',''
  ) );
#3070 = PCURVE('',#3071,#3076);
#3071 = PLANE('',#3072);
#3072 = AXIS2_PLACEMENT_3D('',#3073,#3074,#3075);
#3073 = CARTESIAN_POINT('',(24.831143624572,-16.59163972504,
    77.470175879148));
#3074 = DIRECTION('',(-0.828198879572,0.553384799279,8.861083344205E-02)
  );
#3075 = DIRECTION('',(-0.55557023302,-0.831469612303,-2.211711532122E-16
    ));
#3076 = DEFINITIONAL_REPRESENTATION('',(#3077),#3081);
#3077 = CIRCLE('',#3078,0.3);
#3078 = AXIS2_PLACEMENT_2D('',#3079,#3080);
#3079 = CARTESIAN_POINT('',(0.,0.));
#3080 = DIRECTION('',(1.,0.));
#3081 = ( GEOMETRIC_REPRESENTATION_CONTEXT(2) 
PARAMETRIC_REPRESENTATION_CONTEXT() REPRESENTATION_CONTEXT('2D SPACE',''
  ) );
#3082 = ORIENTED_EDGE('',*,*,#3033,.F.);
#3083 = ORIENTED_EDGE('',*,*,#1447,.T.);
#3084 = ADVANCED_FACE('',(#3085),#3071,.T.);
#3085 = FACE_BOUND('',#3086,.T.);
#3086 = EDGE_LOOP('',(#3087));
#3087 = ORIENTED_EDGE('',*,*,#3056,.T.);
#3088 = ADVANCED_FACE('',(#3089),#1294,.T.);
#3089 = FACE_BOUND('',#3090,.T.);
#3090 = EDGE_LOOP('',(#3091,#3114,#3141,#3142));
#3091 = ORIENTED_EDGE('',*,*,#3092,.T.);
#3092 = EDGE_CURVE('',#1001,#3093,#3095,.T.);
#3093 = VERTEX_POINT('',#3094);
#3094 = CARTESIAN_POINT('',(27.598453834429,-5.795551135687,
    58.750135897169));
#3095 = SEAM_CURVE('',#3096,(#3100,#3107),.PCURVE_S1.);
#3096 = LINE('',#3097,#3098);
#3097 = CARTESIAN_POINT('',(35.144269681947,-11.25834715876,
    57.996943812912));
#3098 = VECTOR('',#3099,1.);
#3099 = DIRECTION('',(-0.807379636563,0.584502770391,8.058929127593E-02)
  );
#3100 = PCURVE('',#1294,#3101);
#3101 = DEFINITIONAL_REPRESENTATION('',(#3102),#3106);
#3102 = LINE('',#3103,#3104);
#3103 = CARTESIAN_POINT('',(-6.28318530718,0.));
#3104 = VECTOR('',#3105,1.);
#3105 = DIRECTION('',(-0.,-1.));
#3106 = ( GEOMETRIC_REPRESENTATION_CONTEXT(2) 
PARAMETRIC_REPRESENTATION_CONTEXT() REPRESENTATION_CONTEXT('2D SPACE',''
  ) );
#3107 = PCURVE('',#1294,#3108);
#3108 = DEFINITIONAL_REPRESENTATION('',(#3109),#3113);
#3109 = LINE('',#3110,#3111);
#3110 = CARTESIAN_POINT('',(0.,-0.));
#3111 = VECTOR('',#3112,1.);
#3112 = DIRECTION('',(-0.,-1.));
#3113 = ( GEOMETRIC_REPRESENTATION_CONTEXT(2) 
PARAMETRIC_REPRESENTATION_CONTEXT() REPRESENTATION_CONTEXT('2D SPACE',''
  ) );
#3114 = ORIENTED_EDGE('',*,*,#3115,.F.);
#3115 = EDGE_CURVE('',#3093,#3093,#3116,.T.);
#3116 = SURFACE_CURVE('',#3117,(#3122,#3129),.PCURVE_S1.);
#3117 = CIRCLE('',#3118,0.3);
#3118 = AXIS2_PLACEMENT_3D('',#3119,#3120,#3121);
#3119 = CARTESIAN_POINT('',(27.656980931034,-5.501315551566,
    58.750135897169));
#3120 = DIRECTION('',(-0.976927188092,0.194322899741,8.861083344205E-02)
  );
#3121 = DIRECTION('',(-0.195090322016,-0.980785280403,
    -2.211711532122E-16));
#3122 = PCURVE('',#1294,#3123);
#3123 = DEFINITIONAL_REPRESENTATION('',(#3124),#3128);
#3124 = LINE('',#3125,#3126);
#3125 = CARTESIAN_POINT('',(-0.,-8.5));
#3126 = VECTOR('',#3127,1.);
#3127 = DIRECTION('',(-1.,-0.));
#3128 = ( GEOMETRIC_REPRESENTATION_CONTEXT(2) 
PARAMETRIC_REPRESENTATION_CONTEXT() REPRESENTATION_CONTEXT('2D SPACE',''
  ) );
#3129 = PCURVE('',#3130,#3135);
#3130 = PLANE('',#3131);
#3131 = AXIS2_PLACEMENT_3D('',#3132,#3133,#3134);
#3132 = CARTESIAN_POINT('',(27.656980931034,-5.501315551566,
    58.750135897169));
#3133 = DIRECTION('',(-0.976927188092,0.194322899741,8.861083344205E-02)
  );
#3134 = DIRECTION('',(-0.195090322016,-0.980785280403,
    -2.211711532122E-16));
#3135 = DEFINITIONAL_REPRESENTATION('',(#3136),#3140);
#3136 = CIRCLE('',#3137,0.3);
#3137 = AXIS2_PLACEMENT_2D('',#3138,#3139);
#3138 = CARTESIAN_POINT('',(0.,0.));
#3139 = DIRECTION('',(1.,0.));
#3140 = ( GEOMETRIC_REPRESENTATION_CONTEXT(2) 
PARAMETRIC_REPRESENTATION_CONTEXT() REPRESENTATION_CONTEXT('2D SPACE',''
  ) );
#3141 = ORIENTED_EDGE('',*,*,#3092,.F.);
#3142 = ORIENTED_EDGE('',*,*,#1000,.T.);
#3143 = ADVANCED_FACE('',(#3144),#3130,.T.);
#3144 = FACE_BOUND('',#3145,.T.);
#3145 = EDGE_LOOP('',(#3146));
#3146 = ORIENTED_EDGE('',*,*,#3115,.T.);
#3147 = ADVANCED_FACE('',(#3148),#847,.T.);
#3148 = FACE_BOUND('',#3149,.T.);
#3149 = EDGE_LOOP('',(#3150,#3173,#3200,#3201));
#3150 = ORIENTED_EDGE('',*,*,#3151,.T.);
#3151 = EDGE_CURVE('',#554,#3152,#3154,.T.);
#3152 = VERTEX_POINT('',#3153);
#3153 = CARTESIAN_POINT('',(21.895097896403,-14.99064362168,
    40.030095915191));
#3154 = SEAM_CURVE('',#3155,(#3159,#3166),.PCURVE_S1.);
#3155 = LINE('',#3156,#3157);
#3156 = CARTESIAN_POINT('',(26.776001181601,-22.92526776621,
    39.276903830933));
#3157 = VECTOR('',#3158,1.);
#3158 = DIRECTION('',(-0.522241994787,0.848980956802,8.058929127593E-02)
  );
#3159 = PCURVE('',#847,#3160);
#3160 = DEFINITIONAL_REPRESENTATION('',(#3161),#3165);
#3161 = LINE('',#3162,#3163);
#3162 = CARTESIAN_POINT('',(-6.28318530718,0.));
#3163 = VECTOR('',#3164,1.);
#3164 = DIRECTION('',(-0.,-1.));
#3165 = ( GEOMETRIC_REPRESENTATION_CONTEXT(2) 
PARAMETRIC_REPRESENTATION_CONTEXT() REPRESENTATION_CONTEXT('2D SPACE',''
  ) );
#3166 = PCURVE('',#847,#3167);
#3167 = DEFINITIONAL_REPRESENTATION('',(#3168),#3172);
#3168 = LINE('',#3169,#3170);
#3169 = CARTESIAN_POINT('',(0.,-0.));
#3170 = VECTOR('',#3171,1.);
#3171 = DIRECTION('',(-0.,-1.));
#3172 = ( GEOMETRIC_REPRESENTATION_CONTEXT(2) 
PARAMETRIC_REPRESENTATION_CONTEXT() REPRESENTATION_CONTEXT('2D SPACE',''
  ) );
#3173 = ORIENTED_EDGE('',*,*,#3174,.F.);
#3174 = EDGE_CURVE('',#3152,#3152,#3175,.T.);
#3175 = SURFACE_CURVE('',#3176,(#3181,#3188),.PCURVE_S1.);
#3176 = CIRCLE('',#3177,0.3);
#3177 = AXIS2_PLACEMENT_3D('',#3178,#3179,#3180);
#3178 = CARTESIAN_POINT('',(22.061768966308,-14.74120273799,
    40.030095915191));
#3179 = DIRECTION('',(-0.828198879572,0.553384799279,8.861083344205E-02)
  );
#3180 = DIRECTION('',(-0.55557023302,-0.831469612303,-2.211711532122E-16
    ));
#3181 = PCURVE('',#847,#3182);
#3182 = DEFINITIONAL_REPRESENTATION('',(#3183),#3187);
#3183 = LINE('',#3184,#3185);
#3184 = CARTESIAN_POINT('',(-0.,-8.5));
#3185 = VECTOR('',#3186,1.);
#3186 = DIRECTION('',(-1.,-0.));
#3187 = ( GEOMETRIC_REPRESENTATION_CONTEXT(2) 
PARAMETRIC_REPRESENTATION_CONTEXT() REPRESENTATION_CONTEXT('2D SPACE',''
  ) );
#3188 = PCURVE('',#3189,#3194);
#3189 = PLANE('',#3190);
#3190 = AXIS2_PLACEMENT_3D('',#3191,#3192,#3193);
#3191 = CARTESIAN_POINT('',(22.061768966308,-14.74120273799,
    40.030095915191));
#3192 = DIRECTION('',(-0.828198879572,0.553384799279,8.861083344205E-02)
  );
#3193 = DIRECTION('',(-0.55557023302,-0.831469612303,-2.211711532122E-16
    ));
#3194 = DEFINITIONAL_REPRESENTATION('',(#3195),#3199);
#3195 = CIRCLE('',#3196,0.3);
#3196 = AXIS2_PLACEMENT_2D('',#3197,#3198);
#3197 = CARTESIAN_POINT('',(0.,0.));
#3198 = DIRECTION('',(1.,0.));
#3199 = ( GEOMETRIC_REPRESENTATION_CONTEXT(2) 
PARAMETRIC_REPRESENTATION_CONTEXT() REPRESENTATION_CONTEXT('2D SPACE',''
  ) );
#3200 = ORIENTED_EDGE('',*,*,#3151,.F.);
#3201 = ORIENTED_EDGE('',*,*,#553,.T.);
#3202 = ADVANCED_FACE('',(#3203),#3189,.T.);
#3203 = FACE_BOUND('',#3204,.T.);
#3204 = EDGE_LOOP('',(#3205));
#3205 = ORIENTED_EDGE('',*,*,#3174,.T.);
#3206 = ADVANCED_FACE('',(#3207,#3291,#3738,#4185,#4695,#5184),#516,.F.
  );
#3207 = FACE_BOUND('',#3208,.F.);
#3208 = EDGE_LOOP('',(#3209,#3233,#3234,#3267));
#3209 = ORIENTED_EDGE('',*,*,#3210,.F.);
#3210 = EDGE_CURVE('',#501,#3211,#3213,.T.);
#3211 = VERTEX_POINT('',#3212);
#3212 = CARTESIAN_POINT('',(28.991378028648,28.991378028649,123.65));
#3213 = SURFACE_CURVE('',#3214,(#3219,#3226),.PCURVE_S1.);
#3214 = CIRCLE('',#3215,41.);
#3215 = AXIS2_PLACEMENT_3D('',#3216,#3217,#3218);
#3216 = CARTESIAN_POINT('',(0.,0.,123.65));
#3217 = DIRECTION('',(0.,0.,1.));
#3218 = DIRECTION('',(1.,0.,-0.));
#3219 = PCURVE('',#516,#3220);
#3220 = DEFINITIONAL_REPRESENTATION('',(#3221),#3225);
#3221 = LINE('',#3222,#3223);
#3222 = CARTESIAN_POINT('',(0.,95.65));
#3223 = VECTOR('',#3224,1.);
#3224 = DIRECTION('',(1.,0.));
#3225 = ( GEOMETRIC_REPRESENTATION_CONTEXT(2) 
PARAMETRIC_REPRESENTATION_CONTEXT() REPRESENTATION_CONTEXT('2D SPACE',''
  ) );
#3226 = PCURVE('',#107,#3227);
#3227 = DEFINITIONAL_REPRESENTATION('',(#3228),#3232);
#3228 = CIRCLE('',#3229,41.);
#3229 = AXIS2_PLACEMENT_2D('',#3230,#3231);
#3230 = CARTESIAN_POINT('',(0.,0.));
#3231 = DIRECTION('',(1.,0.));
#3232 = ( GEOMETRIC_REPRESENTATION_CONTEXT(2) 
PARAMETRIC_REPRESENTATION_CONTEXT() REPRESENTATION_CONTEXT('2D SPACE',''
  ) );
#3233 = ORIENTED_EDGE('',*,*,#500,.F.);
#3234 = ORIENTED_EDGE('',*,*,#3235,.T.);
#3235 = EDGE_CURVE('',#477,#3236,#3238,.T.);
#3236 = VERTEX_POINT('',#3237);
#3237 = CARTESIAN_POINT('',(22.974536946356,22.974536946356,28.));
#3238 = SURFACE_CURVE('',#3239,(#3244,#3251),.PCURVE_S1.);
#3239 = CIRCLE('',#3240,32.490901738779);
#3240 = AXIS2_PLACEMENT_3D('',#3241,#3242,#3243);
#3241 = CARTESIAN_POINT('',(0.,0.,28.));
#3242 = DIRECTION('',(0.,0.,1.));
#3243 = DIRECTION('',(1.,0.,-0.));
#3244 = PCURVE('',#516,#3245);
#3245 = DEFINITIONAL_REPRESENTATION('',(#3246),#3250);
#3246 = LINE('',#3247,#3248);
#3247 = CARTESIAN_POINT('',(0.,-3.524818198019E-15));
#3248 = VECTOR('',#3249,1.);
#3249 = DIRECTION('',(1.,0.));
#3250 = ( GEOMETRIC_REPRESENTATION_CONTEXT(2) 
PARAMETRIC_REPRESENTATION_CONTEXT() REPRESENTATION_CONTEXT('2D SPACE',''
  ) );
#3251 = PCURVE('',#3252,#3261);
#3252 = SURFACE_OF_REVOLUTION('',#3253,#3258);
#3253 = ELLIPSE('',#3254,28.,16.490901738779);
#3254 = AXIS2_PLACEMENT_3D('',#3255,#3256,#3257);
#3255 = CARTESIAN_POINT('',(16.,0.,28.));
#3256 = DIRECTION('',(0.,-1.,0.));
#3257 = DIRECTION('',(1.110223024625E-16,0.,1.));
#3258 = AXIS1_PLACEMENT('',#3259,#3260);
#3259 = CARTESIAN_POINT('',(0.,0.,0.));
#3260 = DIRECTION('',(0.,0.,1.));
#3261 = DEFINITIONAL_REPRESENTATION('',(#3262),#3266);
#3262 = LINE('',#3263,#3264);
#3263 = CARTESIAN_POINT('',(0.,4.712388980385));
#3264 = VECTOR('',#3265,1.);
#3265 = DIRECTION('',(1.,0.));
#3266 = ( GEOMETRIC_REPRESENTATION_CONTEXT(2) 
PARAMETRIC_REPRESENTATION_CONTEXT() REPRESENTATION_CONTEXT('2D SPACE',''
  ) );
#3267 = ORIENTED_EDGE('',*,*,#3268,.T.);
#3268 = EDGE_CURVE('',#3236,#3211,#3269,.T.);
#3269 = SURFACE_CURVE('',#3270,(#3274,#3280),.PCURVE_S1.);
#3270 = LINE('',#3271,#3272);
#3271 = CARTESIAN_POINT('',(0.,0.,-337.2272727272));
#3272 = VECTOR('',#3273,1.);
#3273 = DIRECTION('',(6.265732121346E-02,6.265732121346E-02,
    0.996066323192));
#3274 = PCURVE('',#516,#3275);
#3275 = DEFINITIONAL_REPRESENTATION('',(#3276),#3279);
#3276 = B_SPLINE_CURVE_WITH_KNOTS('',1,(#3277,#3278),.UNSPECIFIED.,.F.,
  .F.,(2,2),(366.66963255715,462.69737465921),.PIECEWISE_BEZIER_KNOTS.);
#3277 = CARTESIAN_POINT('',(0.785398163397,-1.132396304447E-13));
#3278 = CARTESIAN_POINT('',(0.785398163397,95.65));
#3279 = ( GEOMETRIC_REPRESENTATION_CONTEXT(2) 
PARAMETRIC_REPRESENTATION_CONTEXT() REPRESENTATION_CONTEXT('2D SPACE',''
  ) );
#3280 = PCURVE('',#3281,#3286);
#3281 = PLANE('',#3282);
#3282 = AXIS2_PLACEMENT_3D('',#3283,#3284,#3285);
#3283 = CARTESIAN_POINT('',(13.543894538979,13.543894538979,
    64.643065840243));
#3284 = DIRECTION('',(-0.707106781187,0.707106781187,0.));
#3285 = DIRECTION('',(0.707106781187,0.707106781187,0.));
#3286 = DEFINITIONAL_REPRESENTATION('',(#3287),#3290);
#3287 = B_SPLINE_CURVE_WITH_KNOTS('',1,(#3288,#3289),.UNSPECIFIED.,.F.,
  .F.,(2,2),(366.66963255715,462.69737465921),.PIECEWISE_BEZIER_KNOTS.);
#3288 = CARTESIAN_POINT('',(13.336942394403,36.643065840243));
#3289 = CARTESIAN_POINT('',(21.846040655625,-59.00693415975));
#3290 = ( GEOMETRIC_REPRESENTATION_CONTEXT(2) 
PARAMETRIC_REPRESENTATION_CONTEXT() REPRESENTATION_CONTEXT('2D SPACE',''
  ) );
#3291 = FACE_BOUND('',#3292,.F.);
#3292 = EDGE_LOOP('',(#3293));
#3293 = ORIENTED_EDGE('',*,*,#3294,.T.);
#3294 = EDGE_CURVE('',#3295,#3295,#3297,.T.);
#3295 = VERTEX_POINT('',#3296);
#3296 = CARTESIAN_POINT('',(33.792681290339,18.453981317937,
    95.583453680648));
#3297 = SURFACE_CURVE('',#3298,(#3441,#3587),.PCURVE_S1.);
#3298 = B_SPLINE_CURVE_WITH_KNOTS('',8,(#3299,#3300,#3301,#3302,#3303,
    #3304,#3305,#3306,#3307,#3308,#3309,#3310,#3311,#3312,#3313,#3314,
    #3315,#3316,#3317,#3318,#3319,#3320,#3321,#3322,#3323,#3324,#3325,
    #3326,#3327,#3328,#3329,#3330,#3331,#3332,#3333,#3334,#3335,#3336,
    #3337,#3338,#3339,#3340,#3341,#3342,#3343,#3344,#3345,#3346,#3347,
    #3348,#3349,#3350,#3351,#3352,#3353,#3354,#3355,#3356,#3357,#3358,
    #3359,#3360,#3361,#3362,#3363,#3364,#3365,#3366,#3367,#3368,#3369,
    #3370,#3371,#3372,#3373,#3374,#3375,#3376,#3377,#3378,#3379,#3380,
    #3381,#3382,#3383,#3384,#3385,#3386,#3387,#3388,#3389,#3390,#3391,
    #3392,#3393,#3394,#3395,#3396,#3397,#3398,#3399,#3400,#3401,#3402,
    #3403,#3404,#3405,#3406,#3407,#3408,#3409,#3410,#3411,#3412,#3413,
    #3414,#3415,#3416,#3417,#3418,#3419,#3420,#3421,#3422,#3423,#3424,
    #3425,#3426,#3427,#3428,#3429,#3430,#3431,#3432,#3433,#3434,#3435,
    #3436,#3437,#3438,#3439,#3440),.UNSPECIFIED.,.T.,.F.,(9,7,7,7,7,7,7,
    7,7,7,7,7,7,7,7,7,7,7,7,7,9),(0.,0.130214807538,0.171271751957,
    0.201991344871,0.24977261781,0.297554427247,0.328274916428,
    0.369333886076,0.40276046163,0.429042823961,0.500952457684,
    0.572640958009,0.599067796423,0.632083352308,0.672577861632,
    0.702831593053,0.749589696306,0.796608496507,0.826862405071,
    0.867357151501,1.),.UNSPECIFIED.);
#3299 = CARTESIAN_POINT('',(33.792681290245,18.453981317885,
    95.583453679444));
#3300 = CARTESIAN_POINT('',(33.81550534409,18.469174482168,
    95.890483355813));
#3301 = CARTESIAN_POINT('',(33.823615114897,18.511120903469,
    96.19648606492));
#3302 = CARTESIAN_POINT('',(33.817076830823,18.579533410413,
    96.500641274254));
#3303 = CARTESIAN_POINT('',(33.79526690988,18.674947159277,
    96.801322954771));
#3304 = CARTESIAN_POINT('',(33.757285131815,18.798046168392,
    97.096329733951));
#3305 = CARTESIAN_POINT('',(33.701801525077,18.949763145148,
    97.38270081426));
#3306 = CARTESIAN_POINT('',(33.627282747514,19.130933281031,
    97.656896726433));
#3307 = CARTESIAN_POINT('',(33.500945003866,19.410188525441,
    97.995322471446));
#3308 = CARTESIAN_POINT('',(33.468535752159,19.480189486619,
    98.074723815822));
#3309 = CARTESIAN_POINT('',(33.433934662009,19.553282576919,
    98.152238700122));
#3310 = CARTESIAN_POINT('',(33.397073387333,19.629491150587,
    98.22767859116));
#3311 = CARTESIAN_POINT('',(33.357885366604,19.708825462782,
    98.300829293245));
#3312 = CARTESIAN_POINT('',(33.31630791886,19.791279929685,
    98.371452801779));
#3313 = CARTESIAN_POINT('',(33.272284339722,19.876830388609,
    98.439289156858));
#3314 = CARTESIAN_POINT('',(33.19096008188,20.031724302066,
    98.552519809105));
#3315 = CARTESIAN_POINT('',(33.154760113024,20.099720032892,
    98.599260387195));
#3316 = CARTESIAN_POINT('',(33.117148090493,20.169395726961,
    98.644161232369));
#3317 = CARTESIAN_POINT('',(33.078111422503,20.240716336617,
    98.687093255048));
#3318 = CARTESIAN_POINT('',(33.037644838496,20.313632792803,
    98.727919715358));
#3319 = CARTESIAN_POINT('',(32.99575230179,20.388080207675,
    98.766498863648));
#3320 = CARTESIAN_POINT('',(32.952448922246,20.463976077226,
    98.802686581001));
#3321 = CARTESIAN_POINT('',(32.838258155234,20.661361368807,
    98.888682042837));
#3322 = CARTESIAN_POINT('',(32.765365242157,20.784836713802,
    98.934924846121));
#3323 = CARTESIAN_POINT('',(32.68924115743,20.911168423029,
    98.974470011634));
#3324 = CARTESIAN_POINT('',(32.610111337379,21.039794994512,
    99.006776703765));
#3325 = CARTESIAN_POINT('',(32.528279300946,21.170067865937,
    99.031377940152));
#3326 = CARTESIAN_POINT('',(32.444139317503,21.301248409917,
    99.04791295468));
#3327 = CARTESIAN_POINT('',(32.35819206849,21.432503578716,
    99.056174652601));
#3328 = CARTESIAN_POINT('',(32.18393355891,21.693298282291,
    99.056169662899));
#3329 = CARTESIAN_POINT('',(32.09555874043,21.822932878626,
    99.047902787806));
#3330 = CARTESIAN_POINT('',(32.006561551173,21.950868754555,
    99.031362494777));
#3331 = CARTESIAN_POINT('',(31.91752003568,22.076324565576,
    99.00675596353));
#3332 = CARTESIAN_POINT('',(31.828965713132,22.19865343028,
    98.974444036177));
#3333 = CARTESIAN_POINT('',(31.741381609151,22.317326789023,
    98.93489375598));
#3334 = CARTESIAN_POINT('',(31.65520018556,22.431921546583,
    98.888645999863));
#3335 = CARTESIAN_POINT('',(31.516538277366,22.612954582641,
    98.802642093848));
#3336 = CARTESIAN_POINT('',(31.462990417981,22.682005778399,
    98.766450688102));
#3337 = CARTESIAN_POINT('',(31.410240965741,22.749199070448,
    98.727867848143));
#3338 = CARTESIAN_POINT('',(31.358360357788,22.814488937205,
    98.687037703592));
#3339 = CARTESIAN_POINT('',(31.307407021309,22.877846896148,
    98.644102012637));
#3340 = CARTESIAN_POINT('',(31.25742830226,22.939259048835,
    98.599197521644));
#3341 = CARTESIAN_POINT('',(31.20846139409,22.998723625927,
    98.55245332478));
#3342 = CARTESIAN_POINT('',(31.096478044352,23.133132509133,
    98.439212981765));
#3343 = CARTESIAN_POINT('',(31.034285662029,23.206543916626,
    98.371370456192));
#3344 = CARTESIAN_POINT('',(30.974017741481,23.27651030182,
    98.300740732134));
#3345 = CARTESIAN_POINT('',(30.915718298314,23.343074825739,
    98.227583788948));
#3346 = CARTESIAN_POINT('',(30.859416471012,23.406293278525,
    98.152137646847));
#3347 = CARTESIAN_POINT('',(30.805128250172,23.466231094651,
    98.074616513619));
#3348 = CARTESIAN_POINT('',(30.752858207755,23.522960368144,
    97.995208931351));
#3349 = CARTESIAN_POINT('',(30.66168644446,23.620190389554,
    97.848024615667));
#3350 = CARTESIAN_POINT('',(30.622108917411,23.661744390728,
    97.780834662766));
#3351 = CARTESIAN_POINT('',(30.583867251669,23.701258549633,
    97.712595662999));
#3352 = CARTESIAN_POINT('',(30.546958762058,23.738771336515,
    97.643390741265));
#3353 = CARTESIAN_POINT('',(30.511379575767,23.774319978097,
    97.573296568061));
#3354 = CARTESIAN_POINT('',(30.477124736389,23.807940422131,
    97.502383378743));
#3355 = CARTESIAN_POINT('',(30.44418830795,23.839667301938,
    97.430714992774));
#3356 = CARTESIAN_POINT('',(30.387697778503,23.893017155351,
    97.301449386953));
#3357 = CARTESIAN_POINT('',(30.363643411853,23.915349921276,
    97.244119631784));
#3358 = CARTESIAN_POINT('',(30.340397316684,23.936548077526,
    97.186387985612));
#3359 = CARTESIAN_POINT('',(30.317956497908,23.956626682662,
    97.128281432212));
#3360 = CARTESIAN_POINT('',(30.296318027666,23.975599975012,
    97.069825521003));
#3361 = CARTESIAN_POINT('',(30.275479045322,23.993481372673,
    97.011044367048));
#3362 = CARTESIAN_POINT('',(30.255436757467,24.010283473512,
    96.951960651056));
#3363 = CARTESIAN_POINT('',(30.183524237077,24.069068523351,
    96.730170429807));
#3364 = CARTESIAN_POINT('',(30.13680904296,24.104123457621,
    96.565656316544));
#3365 = CARTESIAN_POINT('',(30.095979399044,24.131432270725,
    96.399471045195));
#3366 = CARTESIAN_POINT('',(30.060994974144,24.151183776719,
    96.231999023309));
#3367 = CARTESIAN_POINT('',(30.031829672929,24.163521548253,
    96.063595087472));
#3368 = CARTESIAN_POINT('',(30.008468696751,24.168550308351,
    95.894586679668));
#3369 = CARTESIAN_POINT('',(29.990911554785,24.166333356698,
    95.725274412898));
#3370 = CARTESIAN_POINT('',(29.967486569414,24.147457771529,
    95.387108396683));
#3371 = CARTESIAN_POINT('',(29.961587275252,24.130847043514,
    95.218317252482));
#3372 = CARTESIAN_POINT('',(29.961497808569,24.107068976481,
    95.049827426286));
#3373 = CARTESIAN_POINT('',(29.96725986862,24.07609433874,
    94.881937639148));
#3374 = CARTESIAN_POINT('',(29.978933296575,24.037855579165,
    94.714974464664));
#3375 = CARTESIAN_POINT('',(29.99659341025,23.992249001033,
    94.549293014197));
#3376 = CARTESIAN_POINT('',(30.020334565331,23.939128067326,
    94.385279342982));
#3377 = CARTESIAN_POINT('',(30.061318835746,23.855860043457,
    94.163663558312));
#3378 = CARTESIAN_POINT('',(30.073200416165,23.832384079962,
    94.104258716729));
#3379 = CARTESIAN_POINT('',(30.085930592862,23.80785019107,
    94.045161998138));
#3380 = CARTESIAN_POINT('',(30.099515575446,23.782247900349,
    93.986396885042));
#3381 = CARTESIAN_POINT('',(30.11396187462,23.755566010897,
    93.927988396693));
#3382 = CARTESIAN_POINT('',(30.129276302188,23.727792605344,
    93.86996308909));
#3383 = CARTESIAN_POINT('',(30.145465971046,23.698915045855,
    93.812349054986));
#3384 = CARTESIAN_POINT('',(30.183867077051,23.63144655595,
    93.683748435069));
#3385 = CARTESIAN_POINT('',(30.206572987805,23.592229787604,
    93.613010840141));
#3386 = CARTESIAN_POINT('',(30.230670857278,23.551242879945,
    93.543019919408));
#3387 = CARTESIAN_POINT('',(30.256175586634,23.508458343983,
    93.473838829081));
#3388 = CARTESIAN_POINT('',(30.283102061912,23.46384800777,
    93.405537134107));
#3389 = CARTESIAN_POINT('',(30.311465067554,23.41738303328,
    93.338190841006));
#3390 = CARTESIAN_POINT('',(30.34127919994,23.369033933292,
    93.271882430711));
#3391 = CARTESIAN_POINT('',(30.410924068123,23.257121179721,
    93.126753897307));
#3392 = CARTESIAN_POINT('',(30.451490416941,23.192597611512,
    93.048509503899));
#3393 = CARTESIAN_POINT('',(30.49428607649,23.125141528961,
    92.972126882651));
#3394 = CARTESIAN_POINT('',(30.539333796243,23.054700851787,
    92.897792559393));
#3395 = CARTESIAN_POINT('',(30.586648909576,22.981232447955,
    92.825718607374));
#3396 = CARTESIAN_POINT('',(30.636237417322,22.9047048075,
    92.756140840343));
#3397 = CARTESIAN_POINT('',(30.68809407132,22.825100716359,
    92.689317005613));
#3398 = CARTESIAN_POINT('',(30.782623718218,22.680648536013,
    92.577865506042));
#3399 = CARTESIAN_POINT('',(30.824299674106,22.61716448206,
    92.53190205121));
#3400 = CARTESIAN_POINT('',(30.867218330515,22.551971377098,
    92.487751906961));
#3401 = CARTESIAN_POINT('',(30.911362190622,22.485083247296,
    92.445542583451));
#3402 = CARTESIAN_POINT('',(30.956704977475,22.416526663133,
    92.405409179853));
#3403 = CARTESIAN_POINT('',(31.003210355577,22.34634286629,
    92.367491757545));
#3404 = CARTESIAN_POINT('',(31.050830652475,22.27458989655,
    92.331932713291));
#3405 = CARTESIAN_POINT('',(31.174734228052,22.088141968855,
    92.247781096147));
#3406 = CARTESIAN_POINT('',(31.252527035809,21.971307116011,
    92.202629603487));
#3407 = CARTESIAN_POINT('',(31.332606588369,21.851208025832,
    92.163996948444));
#3408 = CARTESIAN_POINT('',(31.414637524377,21.728298259056,
    92.1324071948));
#3409 = CARTESIAN_POINT('',(31.498226020773,21.603124687261,
    92.108313402861));
#3410 = CARTESIAN_POINT('',(31.582917117779,21.476336757293,
    92.092065906121));
#3411 = CARTESIAN_POINT('',(31.668189884476,21.348697404342,
    92.083866657842));
#3412 = CARTESIAN_POINT('',(31.839186330394,21.09278238704,
    92.083551761871));
#3413 = CARTESIAN_POINT('',(31.924971278834,20.964415244234,
    92.09152593471));
#3414 = CARTESIAN_POINT('',(32.010199977982,20.836899453632,
    92.107643791974));
#3415 = CARTESIAN_POINT('',(32.094357220633,20.71102270443,
    92.131703487364));
#3416 = CARTESIAN_POINT('',(32.177008847512,20.587466543078,
    92.163350843188));
#3417 = CARTESIAN_POINT('',(32.257793393708,20.466815124078,
    92.202126136529));
#3418 = CARTESIAN_POINT('',(32.336414418728,20.34956127516,
    92.24749653076));
#3419 = CARTESIAN_POINT('',(32.461676152378,20.163110391164,
    92.331932713286));
#3420 = CARTESIAN_POINT('',(32.509743753853,20.091656300783,
    92.367491757543));
#3421 = CARTESIAN_POINT('',(32.556788289555,20.021832757529,
    92.405409179852));
#3422 = CARTESIAN_POINT('',(32.602774381176,19.95370601587,
    92.445542583447));
#3423 = CARTESIAN_POINT('',(32.647677831364,19.887325427935,
    92.487751906956));
#3424 = CARTESIAN_POINT('',(32.691484147952,19.822725438543,
    92.531902051207));
#3425 = CARTESIAN_POINT('',(32.734187068194,19.759927580233,
    92.577865506043));
#3426 = CARTESIAN_POINT('',(32.831468551305,19.617314118063,
    92.689317005611));
#3427 = CARTESIAN_POINT('',(32.885168459475,19.538941649977,
    92.756140840338));
#3428 = CARTESIAN_POINT('',(32.936894079811,19.463841982504,
    92.825718607367));
#3429 = CARTESIAN_POINT('',(32.986663324419,19.392013376777,
    92.897792559386));
#3430 = CARTESIAN_POINT('',(33.034503008298,19.323438230398,
    92.972126882645));
#3431 = CARTESIAN_POINT('',(33.080447112426,19.258085871251,
    93.04850950389));
#3432 = CARTESIAN_POINT('',(33.124535046861,19.195915351307,
    93.126753897293));
#3433 = CARTESIAN_POINT('',(33.305283648525,18.94349882104,
    93.468571824281));
#3434 = CARTESIAN_POINT('',(33.424047210598,18.784098757955,
    93.748221858608));
#3435 = CARTESIAN_POINT('',(33.525044592015,18.656344319394,
    94.040513048404));
#3436 = CARTESIAN_POINT('',(33.609316413696,18.559018910113,
    94.341641793225));
#3437 = CARTESIAN_POINT('',(33.677795661217,18.490833289828,
    94.648478339554));
#3438 = CARTESIAN_POINT('',(33.73104069921,18.450892948205,
    94.958692548064));
#3439 = CARTESIAN_POINT('',(33.769425918542,18.438501040441,
    95.270621904966));
#3440 = CARTESIAN_POINT('',(33.792681290339,18.453981317937,
    95.583453680648));
#3441 = PCURVE('',#516,#3442);
#3442 = DEFINITIONAL_REPRESENTATION('',(#3443),#3586);
#3443 = B_SPLINE_CURVE_WITH_KNOTS('',8,(#3444,#3445,#3446,#3447,#3448,
    #3449,#3450,#3451,#3452,#3453,#3454,#3455,#3456,#3457,#3458,#3459,
    #3460,#3461,#3462,#3463,#3464,#3465,#3466,#3467,#3468,#3469,#3470,
    #3471,#3472,#3473,#3474,#3475,#3476,#3477,#3478,#3479,#3480,#3481,
    #3482,#3483,#3484,#3485,#3486,#3487,#3488,#3489,#3490,#3491,#3492,
    #3493,#3494,#3495,#3496,#3497,#3498,#3499,#3500,#3501,#3502,#3503,
    #3504,#3505,#3506,#3507,#3508,#3509,#3510,#3511,#3512,#3513,#3514,
    #3515,#3516,#3517,#3518,#3519,#3520,#3521,#3522,#3523,#3524,#3525,
    #3526,#3527,#3528,#3529,#3530,#3531,#3532,#3533,#3534,#3535,#3536,
    #3537,#3538,#3539,#3540,#3541,#3542,#3543,#3544,#3545,#3546,#3547,
    #3548,#3549,#3550,#3551,#3552,#3553,#3554,#3555,#3556,#3557,#3558,
    #3559,#3560,#3561,#3562,#3563,#3564,#3565,#3566,#3567,#3568,#3569,
    #3570,#3571,#3572,#3573,#3574,#3575,#3576,#3577,#3578,#3579,#3580,
    #3581,#3582,#3583,#3584,#3585),.UNSPECIFIED.,.T.,.F.,(9,7,7,7,7,7,7,
    7,7,7,7,7,7,7,7,7,7,7,7,7,9),(0.,0.130214807538,0.171271751957,
    0.201991344871,0.24977261781,0.297554427247,0.328274916428,
    0.369333886076,0.40276046163,0.429042823961,0.500952457684,
    0.572640958009,0.599067796423,0.632083352308,0.672577861632,
    0.702831593053,0.749589696306,0.796608496507,0.826862405071,
    0.867357151501,1.),.UNSPECIFIED.);
#3444 = CARTESIAN_POINT('',(0.499839435944,67.583453679444));
#3445 = CARTESIAN_POINT('',(0.499901643987,67.890483355813));
#3446 = CARTESIAN_POINT('',(0.500756739756,68.196486064915));
#3447 = CARTESIAN_POINT('',(0.502395103776,68.500641274265));
#3448 = CARTESIAN_POINT('',(0.504834511648,68.80132295476));
#3449 = CARTESIAN_POINT('',(0.508099501996,69.096329733958));
#3450 = CARTESIAN_POINT('',(0.512225758108,69.382700814258));
#3451 = CARTESIAN_POINT('',(0.517249717145,69.656896726433));
#3452 = CARTESIAN_POINT('',(0.525129275312,69.995322471446));
#3453 = CARTESIAN_POINT('',(0.527113194608,70.074723815822));
#3454 = CARTESIAN_POINT('',(0.529193762509,70.152238700122));
#3455 = CARTESIAN_POINT('',(0.531372364026,70.22767859116));
#3456 = CARTESIAN_POINT('',(0.533650083266,70.300829293245));
#3457 = CARTESIAN_POINT('',(0.536027619799,70.371452801779));
#3458 = CARTESIAN_POINT('',(0.538505205016,70.439289156857));
#3459 = CARTESIAN_POINT('',(0.543010913849,70.552519809105));
#3460 = CARTESIAN_POINT('',(0.544994995686,70.599260387195));
#3461 = CARTESIAN_POINT('',(0.547034514787,70.644161232369));
#3462 = CARTESIAN_POINT('',(0.549128888963,70.687093255048));
#3463 = CARTESIAN_POINT('',(0.551277138896,70.727919715358));
#3464 = CARTESIAN_POINT('',(0.553477823988,70.766498863648));
#3465 = CARTESIAN_POINT('',(0.555728978199,70.802686581001));
#3466 = CARTESIAN_POINT('',(0.561604017135,70.888682042837));
#3467 = CARTESIAN_POINT('',(0.565298128647,70.934924846121));
#3468 = CARTESIAN_POINT('',(0.569098039709,70.974470011634));
#3469 = CARTESIAN_POINT('',(0.572988684925,71.006776703765));
#3470 = CARTESIAN_POINT('',(0.576952106259,71.031377940152));
#3471 = CARTESIAN_POINT('',(0.580967195319,71.04791295468));
#3472 = CARTESIAN_POINT('',(0.585009345883,71.056174652601));
#3473 = CARTESIAN_POINT('',(0.593090732844,71.056169662899));
#3474 = CARTESIAN_POINT('',(0.597132915273,71.047902787806));
#3475 = CARTESIAN_POINT('',(0.601148022187,71.031362494777));
#3476 = CARTESIAN_POINT('',(0.605111447595,71.006755963529));
#3477 = CARTESIAN_POINT('',(0.609002083912,70.974444036177));
#3478 = CARTESIAN_POINT('',(0.612801974362,70.93489375598));
#3479 = CARTESIAN_POINT('',(0.616496055156,70.888645999863));
#3480 = CARTESIAN_POINT('',(0.62237107139,70.802642093848));
#3481 = CARTESIAN_POINT('',(0.624622236619,70.766450688102));
#3482 = CARTESIAN_POINT('',(0.62682292781,70.727867848143));
#3483 = CARTESIAN_POINT('',(0.628971179214,70.687037703592));
#3484 = CARTESIAN_POINT('',(0.631065550516,70.644102012637));
#3485 = CARTESIAN_POINT('',(0.63310506268,70.599197521644));
#3486 = CARTESIAN_POINT('',(0.635089133783,70.55245332478));
#3487 = CARTESIAN_POINT('',(0.639594861198,70.439212981765));
#3488 = CARTESIAN_POINT('',(0.642072468886,70.371370456192));
#3489 = CARTESIAN_POINT('',(0.644450018073,70.300740732134));
#3490 = CARTESIAN_POINT('',(0.646727740661,70.227583788948));
#3491 = CARTESIAN_POINT('',(0.648906336674,70.152137646847));
#3492 = CARTESIAN_POINT('',(0.650986890622,70.074616513619));
#3493 = CARTESIAN_POINT('',(0.652970787872,69.995208931351));
#3494 = CARTESIAN_POINT('',(0.656397359755,69.848024615667));
#3495 = CARTESIAN_POINT('',(0.657871975531,69.780834662766));
#3496 = CARTESIAN_POINT('',(0.659284296435,69.712595662999));
#3497 = CARTESIAN_POINT('',(0.660635131329,69.643390741265));
#3498 = CARTESIAN_POINT('',(0.661925278293,69.573296568061));
#3499 = CARTESIAN_POINT('',(0.663155523083,69.502383378742));
#3500 = CARTESIAN_POINT('',(0.664326637585,69.430714992774));
#3501 = CARTESIAN_POINT('',(0.666314294517,69.301449386953));
#3502 = CARTESIAN_POINT('',(0.667153106729,69.244119631784));
#3503 = CARTESIAN_POINT('',(0.667956172227,69.186387985613));
#3504 = CARTESIAN_POINT('',(0.668723830011,69.128281432212));
#3505 = CARTESIAN_POINT('',(0.669456400764,69.069825521003));
#3506 = CARTESIAN_POINT('',(0.670154186851,69.011044367048));
#3507 = CARTESIAN_POINT('',(0.670817472321,68.951960651055));
#3508 = CARTESIAN_POINT('',(0.673167631402,68.730170429807));
#3509 = CARTESIAN_POINT('',(0.67463228924,68.565656316544));
#3510 = CARTESIAN_POINT('',(0.67584623209,68.399471045195));
#3511 = CARTESIAN_POINT('',(0.676813573912,68.231999023309));
#3512 = CARTESIAN_POINT('',(0.677537271734,68.063595087472));
#3513 = CARTESIAN_POINT('',(0.678019308995,67.894586679668));
#3514 = CARTESIAN_POINT('',(0.678260597413,67.725274412898));
#3515 = CARTESIAN_POINT('',(0.678260597413,67.387108396683));
#3516 = CARTESIAN_POINT('',(0.67802079025,67.218317252482));
#3517 = CARTESIAN_POINT('',(0.677540970347,67.049827426286));
#3518 = CARTESIAN_POINT('',(0.676819491705,66.881937639148));
#3519 = CARTESIAN_POINT('',(0.67585363696,66.714974464664));
#3520 = CARTESIAN_POINT('',(0.674639704093,66.549293014197));
#3521 = CARTESIAN_POINT('',(0.673172810782,66.385279342982));
#3522 = CARTESIAN_POINT('',(0.670810008283,66.163663558312));
#3523 = CARTESIAN_POINT('',(0.670138359527,66.104258716728));
#3524 = CARTESIAN_POINT('',(0.669431157163,66.045161998138));
#3525 = CARTESIAN_POINT('',(0.668688068645,65.986396885042));
#3526 = CARTESIAN_POINT('',(0.667908741872,65.927988396693));
#3527 = CARTESIAN_POINT('',(0.667092805183,65.86996308909));
#3528 = CARTESIAN_POINT('',(0.666239867362,65.812349054986));
#3529 = CARTESIAN_POINT('',(0.66423718665,65.683748435069));
#3530 = CARTESIAN_POINT('',(0.663066489241,65.613010840141));
#3531 = CARTESIAN_POINT('',(0.6618366033,65.543019919408));
#3532 = CARTESIAN_POINT('',(0.660546691363,65.473838829081));
#3533 = CARTESIAN_POINT('',(0.659195902544,65.405537134107));
#3534 = CARTESIAN_POINT('',(0.657783374457,65.338190841006));
#3535 = CARTESIAN_POINT('',(0.656308235152,65.271882430711));
#3536 = CARTESIAN_POINT('',(0.652882431859,65.126753897307));
#3537 = CARTESIAN_POINT('',(0.650899916285,65.048509503899));
#3538 = CARTESIAN_POINT('',(0.648820349327,64.972126882651));
#3539 = CARTESIAN_POINT('',(0.646642241279,64.897792559393));
#3540 = CARTESIAN_POINT('',(0.644364409771,64.825718607374));
#3541 = CARTESIAN_POINT('',(0.64198606783,64.756140840343));
#3542 = CARTESIAN_POINT('',(0.639506911931,64.689317005613));
#3543 = CARTESIAN_POINT('',(0.634999896738,64.577865506042));
#3544 = CARTESIAN_POINT('',(0.633016606899,64.53190205121));
#3545 = CARTESIAN_POINT('',(0.630977566532,64.487751906961));
#3546 = CARTESIAN_POINT('',(0.628883340666,64.445542583451));
#3547 = CARTESIAN_POINT('',(0.626734898886,64.405409179853));
#3548 = CARTESIAN_POINT('',(0.624533680835,64.367491757545));
#3549 = CARTESIAN_POINT('',(0.622281661727,64.331932713291));
#3550 = CARTESIAN_POINT('',(0.616426317854,64.247781096147));
#3551 = CARTESIAN_POINT('',(0.612753898248,64.202629603487));
#3552 = CARTESIAN_POINT('',(0.608976285735,64.163996948444));
#3553 = CARTESIAN_POINT('',(0.605108351076,64.1324071948));
#3554 = CARTESIAN_POINT('',(0.601167882573,64.108313402861));
#3555 = CARTESIAN_POINT('',(0.597175820964,64.092065906121));
#3556 = CARTESIAN_POINT('',(0.593156555731,64.083866657842));
#3557 = CARTESIAN_POINT('',(0.585097606282,64.083551761871));
#3558 = CARTESIAN_POINT('',(0.581055038999,64.09152593471));
#3559 = CARTESIAN_POINT('',(0.577039300612,64.107643791974));
#3560 = CARTESIAN_POINT('',(0.57307524006,64.131703487364));
#3561 = CARTESIAN_POINT('',(0.56918419795,64.163350843188));
#3562 = CARTESIAN_POINT('',(0.565384306566,64.202126136529));
#3563 = CARTESIAN_POINT('',(0.561690727553,64.24749653076));
#3564 = CARTESIAN_POINT('',(0.555815583369,64.331932713286));
#3565 = CARTESIAN_POINT('',(0.553563564261,64.367491757543));
#3566 = CARTESIAN_POINT('',(0.55136234621,64.405409179852));
#3567 = CARTESIAN_POINT('',(0.54921390443,64.445542583447));
#3568 = CARTESIAN_POINT('',(0.547119678564,64.487751906956));
#3569 = CARTESIAN_POINT('',(0.545080638197,64.531902051207));
#3570 = CARTESIAN_POINT('',(0.543097348358,64.577865506043));
#3571 = CARTESIAN_POINT('',(0.538590333165,64.689317005611));
#3572 = CARTESIAN_POINT('',(0.536111177267,64.756140840338));
#3573 = CARTESIAN_POINT('',(0.533732835325,64.825718607367));
#3574 = CARTESIAN_POINT('',(0.531455003817,64.897792559386));
#3575 = CARTESIAN_POINT('',(0.52927689577,64.972126882644));
#3576 = CARTESIAN_POINT('',(0.527197328812,65.04850950389));
#3577 = CARTESIAN_POINT('',(0.525214813237,65.126753897293));
#3578 = CARTESIAN_POINT('',(0.517146096822,65.468571824281));
#3579 = CARTESIAN_POINT('',(0.511999011722,65.748221858607));
#3580 = CARTESIAN_POINT('',(0.507806368691,66.040513048408));
#3581 = CARTESIAN_POINT('',(0.504525070791,66.341641793217));
#3582 = CARTESIAN_POINT('',(0.502111609342,66.648478339561));
#3583 = CARTESIAN_POINT('',(0.500536231666,66.95869254806));
#3584 = CARTESIAN_POINT('',(0.499776052322,67.270621904966));
#3585 = CARTESIAN_POINT('',(0.499839435944,67.583453680648));
#3586 = ( GEOMETRIC_REPRESENTATION_CONTEXT(2) 
PARAMETRIC_REPRESENTATION_CONTEXT() REPRESENTATION_CONTEXT('2D SPACE',''
  ) );
#3587 = PCURVE('',#3588,#3593);
#3588 = CONICAL_SURFACE('',#3589,4.185714285714,0.428778027446);
#3589 = AXIS2_PLACEMENT_3D('',#3590,#3591,#3592);
#3590 = CARTESIAN_POINT('',(33.255521430064,22.220629012437,
    95.437023776869));
#3591 = DIRECTION('',(0.828198879572,0.553384799279,-8.861083344205E-02)
  );
#3592 = DIRECTION('',(0.55557023302,-0.831469612303,-2.211711532122E-16)
  );
#3593 = DEFINITIONAL_REPRESENTATION('',(#3594),#3737);
#3594 = B_SPLINE_CURVE_WITH_KNOTS('',8,(#3595,#3596,#3597,#3598,#3599,
    #3600,#3601,#3602,#3603,#3604,#3605,#3606,#3607,#3608,#3609,#3610,
    #3611,#3612,#3613,#3614,#3615,#3616,#3617,#3618,#3619,#3620,#3621,
    #3622,#3623,#3624,#3625,#3626,#3627,#3628,#3629,#3630,#3631,#3632,
    #3633,#3634,#3635,#3636,#3637,#3638,#3639,#3640,#3641,#3642,#3643,
    #3644,#3645,#3646,#3647,#3648,#3649,#3650,#3651,#3652,#3653,#3654,
    #3655,#3656,#3657,#3658,#3659,#3660,#3661,#3662,#3663,#3664,#3665,
    #3666,#3667,#3668,#3669,#3670,#3671,#3672,#3673,#3674,#3675,#3676,
    #3677,#3678,#3679,#3680,#3681,#3682,#3683,#3684,#3685,#3686,#3687,
    #3688,#3689,#3690,#3691,#3692,#3693,#3694,#3695,#3696,#3697,#3698,
    #3699,#3700,#3701,#3702,#3703,#3704,#3705,#3706,#3707,#3708,#3709,
    #3710,#3711,#3712,#3713,#3714,#3715,#3716,#3717,#3718,#3719,#3720,
    #3721,#3722,#3723,#3724,#3725,#3726,#3727,#3728,#3729,#3730,#3731,
    #3732,#3733,#3734,#3735,#3736),.UNSPECIFIED.,.F.,.F.,(9,7,7,7,7,7,7,
    7,7,7,7,7,7,7,7,7,7,7,7,7,9),(0.,0.130214807538,0.171271751957,
    0.201991344871,0.24977261781,0.297554427247,0.328274916428,
    0.369333886076,0.40276046163,0.429042823961,0.500952457684,
    0.572640958009,0.599067796423,0.632083352308,0.672577861632,
    0.702831593053,0.749589696306,0.796608496507,0.826862405071,
    0.867357151501,1.),.UNSPECIFIED.);
#3595 = CARTESIAN_POINT('',(3.522382385768E-10,-1.652505659762));
#3596 = CARTESIAN_POINT('',(-8.986181999361E-02,-1.652401293288));
#3597 = CARTESIAN_POINT('',(-0.179491295443,-1.649587433378));
#3598 = CARTESIAN_POINT('',(-0.269618281137,-1.644095437995));
#3599 = CARTESIAN_POINT('',(-0.360736221267,-1.636001526287));
#3600 = CARTESIAN_POINT('',(-0.453266855648,-1.625477668302));
#3601 = CARTESIAN_POINT('',(-0.547674832539,-1.612846840696));
#3602 = CARTESIAN_POINT('',(-0.644468355739,-1.598603137774));
#3603 = CARTESIAN_POINT('',(-0.776209387429,-1.578688495459));
#3604 = CARTESIAN_POINT('',(-0.808107106735,-1.573828152864));
#3605 = CARTESIAN_POINT('',(-0.840345606472,-1.568904790358));
#3606 = CARTESIAN_POINT('',(-0.872945960189,-1.56394538212));
#3607 = CARTESIAN_POINT('',(-0.905927078406,-1.558980399228));
#3608 = CARTESIAN_POINT('',(-0.939306247155,-1.5540437542));
#3609 = CARTESIAN_POINT('',(-0.97309966653,-1.549172745538));
#3610 = CARTESIAN_POINT('',(-1.032929535371,-1.540842930024));
#3611 = CARTESIAN_POINT('',(-1.05877484136,-1.537337621398));
#3612 = CARTESIAN_POINT('',(-1.084863979734,-1.533909087653));
#3613 = CARTESIAN_POINT('',(-1.111199924272,-1.530575713395));
#3614 = CARTESIAN_POINT('',(-1.137783281844,-1.527356901133));
#3615 = CARTESIAN_POINT('',(-1.164612024266,-1.524272715843));
#3616 = CARTESIAN_POINT('',(-1.19168122015,-1.521343529522));
#3617 = CARTESIAN_POINT('',(-1.261447608442,-1.514306304402));
#3618 = CARTESIAN_POINT('',(-1.304500858758,-1.510444367674));
#3619 = CARTESIAN_POINT('',(-1.348077921641,-1.507084331875));
#3620 = CARTESIAN_POINT('',(-1.392106816565,-1.504302293656));
#3621 = CARTESIAN_POINT('',(-1.436506446218,-1.502164403799));
#3622 = CARTESIAN_POINT('',(-1.481180083704,-1.500720906231));
#3623 = CARTESIAN_POINT('',(-1.52600407927,-1.499999782264));
#3624 = CARTESIAN_POINT('',(-1.615619996952,-1.500000217821));
#3625 = CARTESIAN_POINT('',(-1.660444423217,-1.500721793707));
#3626 = CARTESIAN_POINT('',(-1.705118418559,-1.502165747959));
#3627 = CARTESIAN_POINT('',(-1.749518336551,-1.504304087281));
#3628 = CARTESIAN_POINT('',(-1.793547456202,-1.507086556949));
#3629 = CARTESIAN_POINT('',(-1.837124688263,-1.510446997638));
#3630 = CARTESIAN_POINT('',(-1.880178062767,-1.514309306964));
#3631 = CARTESIAN_POINT('',(-1.949945094413,-1.521347135857));
#3632 = CARTESIAN_POINT('',(-1.977014818227,-1.524276580277));
#3633 = CARTESIAN_POINT('',(-2.003844069063,-1.527361013482));
#3634 = CARTESIAN_POINT('',(-2.030427917887,-1.530580061908));
#3635 = CARTESIAN_POINT('',(-2.056764338713,-1.533913659335));
#3636 = CARTESIAN_POINT('',(-2.082853940521,-1.537342402295));
#3637 = CARTESIAN_POINT('',(-2.108699699159,-1.540847905481));
#3638 = CARTESIAN_POINT('',(-2.16853129495,-1.549178236237));
#3639 = CARTESIAN_POINT('',(-2.202325963825,-1.554049557857));
#3640 = CARTESIAN_POINT('',(-2.235706354256,-1.558986489387));
#3641 = CARTESIAN_POINT('',(-2.268688671103,-1.563951729482));
#3642 = CARTESIAN_POINT('',(-2.301290204502,-1.568911363436));
#3643 = CARTESIAN_POINT('',(-2.333529868665,-1.57383491854));
#3644 = CARTESIAN_POINT('',(-2.365428740674,-1.578695419432));
#3645 = CARTESIAN_POINT('',(-2.422721750635,-1.587356030878));
#3646 = CARTESIAN_POINT('',(-2.448220908536,-1.591184984112));
#3647 = CARTESIAN_POINT('',(-2.47351999529,-1.594943439295));
#3648 = CARTESIAN_POINT('',(-2.49863021513,-1.598619697205));
#3649 = CARTESIAN_POINT('',(-2.523562299253,-1.602203158433));
#3650 = CARTESIAN_POINT('',(-2.548326750862,-1.605684258546));
#3651 = CARTESIAN_POINT('',(-2.572934090202,-1.60905440325));
#3652 = CARTESIAN_POINT('',(-2.616628093142,-1.614862465456));
#3653 = CARTESIAN_POINT('',(-2.635770315394,-1.617345614388));
#3654 = CARTESIAN_POINT('',(-2.654826696107,-1.619751617637));
#3655 = CARTESIAN_POINT('',(-2.673802047172,-1.622077013605));
#3656 = CARTESIAN_POINT('',(-2.692701062615,-1.624318611824));
#3657 = CARTESIAN_POINT('',(-2.711528318596,-1.626473492954));
#3658 = CARTESIAN_POINT('',(-2.730288273412,-1.628539008782));
#3659 = CARTESIAN_POINT('',(-2.800141018986,-1.635913108236));
#3660 = CARTESIAN_POINT('',(-2.850820634405,-1.640625979216));
#3661 = CARTESIAN_POINT('',(-2.901120917105,-1.644602947096));
#3662 = CARTESIAN_POINT('',(-2.951123782692,-1.647806989979));
#3663 = CARTESIAN_POINT('',(-3.000903348143,-1.65021171144));
#3664 = CARTESIAN_POINT('',(-3.050532040647,-1.651800430471));
#3665 = CARTESIAN_POINT('',(-3.100085726144,-1.652565162043));
#3666 = CARTESIAN_POINT('',(-3.199057577681,-1.652445998053));
#3667 = CARTESIAN_POINT('',(-3.248457644822,-1.651567187293));
#3668 = CARTESIAN_POINT('',(-3.297930852652,-1.649869680427));
#3669 = CARTESIAN_POINT('',(-3.347552755187,-1.647361588473));
#3670 = CARTESIAN_POINT('',(-3.397395722223,-1.644059670765));
#3671 = CARTESIAN_POINT('',(-3.447534050226,-1.639990400079));
#3672 = CARTESIAN_POINT('',(-3.498050128682,-1.635190931176));
#3673 = CARTESIAN_POINT('',(-3.567838888862,-1.62768950363));
#3674 = CARTESIAN_POINT('',(-3.586700074099,-1.625576520862));
#3675 = CARTESIAN_POINT('',(-3.605629716446,-1.623373474476));
#3676 = CARTESIAN_POINT('',(-3.624632444106,-1.621083099985));
#3677 = CARTESIAN_POINT('',(-3.643713014671,-1.618708418402));
#3678 = CARTESIAN_POINT('',(-3.662876315124,-1.616252736241));
#3679 = CARTESIAN_POINT('',(-3.682127361836,-1.613719645515));
#3680 = CARTESIAN_POINT('',(-3.725638054089,-1.60785652118));
#3681 = CARTESIAN_POINT('',(-3.74994930125,-1.604485357567));
#3682 = CARTESIAN_POINT('',(-3.7744157107,-1.601007106916));
#3683 = CARTESIAN_POINT('',(-3.799047703723,-1.597430236412));
#3684 = CARTESIAN_POINT('',(-3.823855695675,-1.593764171591));
#3685 = CARTESIAN_POINT('',(-3.84885033741,-1.59001936152));
#3686 = CARTESIAN_POINT('',(-3.874042756722,-1.586207343975));
#3687 = CARTESIAN_POINT('',(-3.930601121129,-1.577598398549));
#3688 = CARTESIAN_POINT('',(-3.962069976063,-1.572774454836));
#3689 = CARTESIAN_POINT('',(-3.993874901446,-1.567891980519));
#3690 = CARTESIAN_POINT('',(-4.026036784233,-1.562977483156));
#3691 = CARTESIAN_POINT('',(-4.058574384504,-1.558060924259));
#3692 = CARTESIAN_POINT('',(-4.091504858519,-1.55317566673));
#3693 = CARTESIAN_POINT('',(-4.124844281774,-1.548358422298));
#3694 = CARTESIAN_POINT('',(-4.183833410854,-1.540130905212));
#3695 = CARTESIAN_POINT('',(-4.20929368287,-1.536673175654));
#3696 = CARTESIAN_POINT('',(-4.234994010802,-1.533292684729));
#3697 = CARTESIAN_POINT('',(-4.260937338399,-1.530007460198));
#3698 = CARTESIAN_POINT('',(-4.287124264683,-1.526836532154));
#3699 = CARTESIAN_POINT('',(-4.313552778173,-1.523799582051));
#3700 = CARTESIAN_POINT('',(-4.340217991113,-1.520916591726));
#3701 = CARTESIAN_POINT('',(-4.408677223818,-1.51402049337));
#3702 = CARTESIAN_POINT('',(-4.450813530525,-1.510246297344));
#3703 = CARTESIAN_POINT('',(-4.49345889032,-1.506962240783));
#3704 = CARTESIAN_POINT('',(-4.536543871706,-1.504241513706));
#3705 = CARTESIAN_POINT('',(-4.579989856876,-1.502147795571));
#3706 = CARTESIAN_POINT('',(-4.623702939596,-1.500729532875));
#3707 = CARTESIAN_POINT('',(-4.667563379304,-1.500013858516));
#3708 = CARTESIAN_POINT('',(-4.755502311095,-1.499986370884));
#3709 = CARTESIAN_POINT('',(-4.799612080081,-1.500682396371));
#3710 = CARTESIAN_POINT('',(-4.8435761146,-1.502089600175));
#3711 = CARTESIAN_POINT('',(-4.887272386647,-1.504180895347));
#3712 = CARTESIAN_POINT('',(-4.9306052284,-1.506907310701));
#3713 = CARTESIAN_POINT('',(-4.973494485128,-1.510204212409));
#3714 = CARTESIAN_POINT('',(-5.015869236613,-1.513997173664));
#3715 = CARTESIAN_POINT('',(-5.084559969654,-1.520916591724));
#3716 = CARTESIAN_POINT('',(-5.111225182595,-1.523799582051));
#3717 = CARTESIAN_POINT('',(-5.137653696086,-1.526836532154));
#3718 = CARTESIAN_POINT('',(-5.16384062237,-1.530007460197));
#3719 = CARTESIAN_POINT('',(-5.189783949966,-1.533292684727));
#3720 = CARTESIAN_POINT('',(-5.215484277898,-1.536673175653));
#3721 = CARTESIAN_POINT('',(-5.240944549915,-1.540130905212));
#3722 = CARTESIAN_POINT('',(-5.299933678994,-1.548358422299));
#3723 = CARTESIAN_POINT('',(-5.333273102249,-1.553175666729));
#3724 = CARTESIAN_POINT('',(-5.366203576264,-1.558060924257));
#3725 = CARTESIAN_POINT('',(-5.398741176532,-1.562977483156));
#3726 = CARTESIAN_POINT('',(-5.430903059318,-1.567891980521));
#3727 = CARTESIAN_POINT('',(-5.462707984702,-1.572774454836));
#3728 = CARTESIAN_POINT('',(-5.494176839637,-1.577598398545));
#3729 = CARTESIAN_POINT('',(-5.627387466259,-1.597874851495));
#3730 = CARTESIAN_POINT('',(-5.725898816089,-1.612504596995));
#3731 = CARTESIAN_POINT('',(-5.821939152929,-1.625456209095));
#3732 = CARTESIAN_POINT('',(-5.916042566542,-1.636204052021));
#3733 = CARTESIAN_POINT('',(-6.008716161282,-1.644411543736));
#3734 = CARTESIAN_POINT('',(-6.100398316024,-1.649904780503));
#3735 = CARTESIAN_POINT('',(-6.191625321326,-1.652611998509));
#3736 = CARTESIAN_POINT('',(-6.28318530718,-1.652505659758));
#3737 = ( GEOMETRIC_REPRESENTATION_CONTEXT(2) 
PARAMETRIC_REPRESENTATION_CONTEXT() REPRESENTATION_CONTEXT('2D SPACE',''
  ) );
#3738 = FACE_BOUND('',#3739,.F.);
#3739 = EDGE_LOOP('',(#3740));
#3740 = ORIENTED_EDGE('',*,*,#3741,.T.);
#3741 = EDGE_CURVE('',#3742,#3742,#3744,.T.);
#3742 = VERTEX_POINT('',#3743);
#3743 = CARTESIAN_POINT('',(39.922261150033,4.440698300606,
    114.30295244706));
#3744 = SURFACE_CURVE('',#3745,(#3888,#4034),.PCURVE_S1.);
#3745 = B_SPLINE_CURVE_WITH_KNOTS('',8,(#3746,#3747,#3748,#3749,#3750,
    #3751,#3752,#3753,#3754,#3755,#3756,#3757,#3758,#3759,#3760,#3761,
    #3762,#3763,#3764,#3765,#3766,#3767,#3768,#3769,#3770,#3771,#3772,
    #3773,#3774,#3775,#3776,#3777,#3778,#3779,#3780,#3781,#3782,#3783,
    #3784,#3785,#3786,#3787,#3788,#3789,#3790,#3791,#3792,#3793,#3794,
    #3795,#3796,#3797,#3798,#3799,#3800,#3801,#3802,#3803,#3804,#3805,
    #3806,#3807,#3808,#3809,#3810,#3811,#3812,#3813,#3814,#3815,#3816,
    #3817,#3818,#3819,#3820,#3821,#3822,#3823,#3824,#3825,#3826,#3827,
    #3828,#3829,#3830,#3831,#3832,#3833,#3834,#3835,#3836,#3837,#3838,
    #3839,#3840,#3841,#3842,#3843,#3844,#3845,#3846,#3847,#3848,#3849,
    #3850,#3851,#3852,#3853,#3854,#3855,#3856,#3857,#3858,#3859,#3860,
    #3861,#3862,#3863,#3864,#3865,#3866,#3867,#3868,#3869,#3870,#3871,
    #3872,#3873,#3874,#3875,#3876,#3877,#3878,#3879,#3880,#3881,#3882,
    #3883,#3884,#3885,#3886,#3887),.UNSPECIFIED.,.T.,.F.,(9,7,7,7,7,7,7,
    7,7,7,7,7,7,7,7,7,7,7,7,7,9),(0.,0.130014198436,0.171122868173,
    0.202015329976,0.24979828883,0.297581740457,0.328475031941,
    0.369585572479,0.403093375173,0.429499624399,0.500922910051,
    0.572603984106,0.598696692081,0.631805795979,0.672372090711,
    0.702666704989,0.749473951405,0.796655499597,0.826921798547,
    0.867423725036,1.),.UNSPECIFIED.);
#3746 = CARTESIAN_POINT('',(39.922261150033,4.440698300606,
    114.30295244706));
#3747 = CARTESIAN_POINT('',(39.949098147575,4.445991784497,
    114.60935378277));
#3748 = CARTESIAN_POINT('',(39.972498165376,4.481514562724,
    114.91492644795));
#3749 = CARTESIAN_POINT('',(39.992395854489,4.547036872604,
    115.21872222336));
#3750 = CARTESIAN_POINT('',(40.008421368024,4.64328596633,115.5190747899
    ));
#3751 = CARTESIAN_POINT('',(40.020013866717,4.771205840499,
    115.81374437677));
#3752 = CARTESIAN_POINT('',(40.026317980423,4.932161236597,
    116.09978483928));
#3753 = CARTESIAN_POINT('',(40.026273993753,5.127447535356,
    116.37368323374));
#3754 = CARTESIAN_POINT('',(40.015713206424,5.433124799381,
    116.71214796031));
#3755 = CARTESIAN_POINT('',(40.01238000165,5.510204728472,
    116.79173048151));
#3756 = CARTESIAN_POINT('',(40.008201507918,5.590989338367,
    116.86942510538));
#3757 = CARTESIAN_POINT('',(40.003124511558,5.67552648025,
    116.94504290525));
#3758 = CARTESIAN_POINT('',(39.997092563898,5.763851228419,
    117.01836927237));
#3759 = CARTESIAN_POINT('',(39.990046868737,5.855982537105,
    117.08916577342));
#3760 = CARTESIAN_POINT('',(39.981927169809,5.951919897289,
    117.15717200799));
#3761 = CARTESIAN_POINT('',(39.965718016161,6.126577939297,
    117.27090535151));
#3762 = CARTESIAN_POINT('',(39.95812302506,6.203646466168,
    117.31796524737));
#3763 = CARTESIAN_POINT('',(39.94986260702,6.282831236312,
    117.36316660919));
#3764 = CARTESIAN_POINT('',(39.94091207816,6.364104322103,
    117.40637841229));
#3765 = CARTESIAN_POINT('',(39.931248218798,6.447421758301,
    117.44746185369));
#3766 = CARTESIAN_POINT('',(39.920850363591,6.532721094251,
    117.48627305395));
#3767 = CARTESIAN_POINT('',(39.909701491685,6.619918946072,
    117.5226657591));
#3768 = CARTESIAN_POINT('',(39.879364143644,6.846553342441,
    117.60881798764));
#3769 = CARTESIAN_POINT('',(39.859101561506,6.988569819466,
    117.6550397635));
#3770 = CARTESIAN_POINT('',(39.836967961473,7.134458228788,
    117.69456358135));
#3771 = CARTESIAN_POINT('',(39.812960019765,7.283614242411,
    117.7268504032));
#3772 = CARTESIAN_POINT('',(39.787112737968,7.435323763217,
    117.75143507562));
#3773 = CARTESIAN_POINT('',(39.759509692378,7.588755352969,
    117.76795844204));
#3774 = CARTESIAN_POINT('',(39.730295492491,7.742950280586,
    117.77621443379));
#3775 = CARTESIAN_POINT('',(39.669085089194,8.050671687523,
    117.7762098458));
#3776 = CARTESIAN_POINT('',(39.637066617886,8.20430996248,117.767949094)
  );
#3777 = CARTESIAN_POINT('',(39.603851837496,8.356625943379,
    117.7514208743));
#3778 = CARTESIAN_POINT('',(39.569674052357,8.506678550027,
    117.72683133326));
#3779 = CARTESIAN_POINT('',(39.534774235421,8.653667682188,
    117.69453969711));
#3780 = CARTESIAN_POINT('',(39.49939332597,8.796920252768,
    117.65501117516));
#3781 = CARTESIAN_POINT('',(39.463765658031,8.935879266223,
    117.60878484337));
#3782 = CARTESIAN_POINT('',(39.405063449369,9.156870646659,
    117.52262482666));
#3783 = CARTESIAN_POINT('',(39.381993895854,9.24169769971,
    117.48622870795));
#3784 = CARTESIAN_POINT('',(39.358957067719,9.32448317628,
    117.44741409073));
#3785 = CARTESIAN_POINT('',(39.336000599979,9.405156564313,
    117.40632723901));
#3786 = CARTESIAN_POINT('',(39.313167483485,9.483668085994,
    117.36311204024));
#3787 = CARTESIAN_POINT('',(39.290495994559,9.559986018976,
    117.31790730354));
#3788 = CARTESIAN_POINT('',(39.26801962462,9.634094017599,
    117.27084405787));
#3789 = CARTESIAN_POINT('',(39.216154852,9.801660283334,117.15710176026)
  );
#3790 = CARTESIAN_POINT('',(39.18694192374,9.893402692332,
    117.08908982975));
#3791 = CARTESIAN_POINT('',(39.158193346977,9.981217420278,
    117.01828759067));
#3792 = CARTESIAN_POINT('',(39.129964986403,10.065127075363,
    116.94495546148));
#3793 = CARTESIAN_POINT('',(39.102303909023,10.145171686634,
    116.86933189002));
#3794 = CARTESIAN_POINT('',(39.075248843714,10.221405275814,
    116.79163149626));
#3795 = CARTESIAN_POINT('',(39.048830640779,10.293892429134,
    116.71204321517));
#3796 = CARTESIAN_POINT('',(39.002078336143,10.418791547487,
    116.56445153281));
#3797 = CARTESIAN_POINT('',(38.98152417698,10.472432876669,
    116.49703260203));
#3798 = CARTESIAN_POINT('',(38.961423734546,10.523666059911,
    116.4285617526));
#3799 = CARTESIAN_POINT('',(38.941788865642,10.572527691059,
    116.35912257876));
#3800 = CARTESIAN_POINT('',(38.922629884664,10.619053678439,
    116.28879218221));
#3801 = CARTESIAN_POINT('',(38.903955644927,10.663279168698,
    116.21764119086));
#3802 = CARTESIAN_POINT('',(38.885773619985,10.705238470648,
    116.14573377749));
#3803 = CARTESIAN_POINT('',(38.854154171911,10.776271958338,
    116.0159095205));
#3804 = CARTESIAN_POINT('',(38.840528157279,10.806191701341,
    115.95825853354));
#3805 = CARTESIAN_POINT('',(38.827215078926,10.834740177496,
    115.90020348559));
#3806 = CARTESIAN_POINT('',(38.814217830013,10.861932561405,
    115.84177169004));
#3807 = CARTESIAN_POINT('',(38.801539058996,10.887783232884,
    115.7829890056));
#3808 = CARTESIAN_POINT('',(38.789181169622,10.912305776962,
    115.72387983635));
#3809 = CARTESIAN_POINT('',(38.777146320936,10.935512983883,
    115.66446713171));
#3810 = CARTESIAN_POINT('',(38.73376365645,11.016662144013,
    115.44331080184));
#3811 = CARTESIAN_POINT('',(38.704471492163,11.066366641537,
    115.2798023089));
#3812 = CARTESIAN_POINT('',(38.677594106802,11.106777726373,
    115.11465558448));
#3813 = CARTESIAN_POINT('',(38.653164304023,11.138080061162,
    114.94824698519));
#3814 = CARTESIAN_POINT('',(38.631211260064,11.16041242737,
    114.78092416619));
#3815 = CARTESIAN_POINT('',(38.611760244682,11.173874429579,
    114.61300816434));
#3816 = CARTESIAN_POINT('',(38.594834321735,11.178523063172,
    114.44479394581));
#3817 = CARTESIAN_POINT('',(38.566029848619,11.17018019883,
    114.10769764445));
#3818 = CARTESIAN_POINT('',(38.554175042684,11.157126493216,
    113.93887741071));
#3819 = CARTESIAN_POINT('',(38.5449149227,11.135210943088,
    113.77035871744));
#3820 = CARTESIAN_POINT('',(38.538277207681,11.104390494211,
    113.60244052345));
#3821 = CARTESIAN_POINT('',(38.534292067643,11.064579786831,
    113.43544970646));
#3822 = CARTESIAN_POINT('',(38.532990520351,11.015654245786,
    113.26974174143));
#3823 = CARTESIAN_POINT('',(38.534405181692,10.957442597503,
    113.10570309642));
#3824 = CARTESIAN_POINT('',(38.540090636474,10.865052963503,
    112.88480456408));
#3825 = CARTESIAN_POINT('',(38.541972694016,10.839136280439,
    112.82613308489));
#3826 = CARTESIAN_POINT('',(38.544221296993,10.811947934175,
    112.76776207563));
#3827 = CARTESIAN_POINT('',(38.546838212153,10.783476358483,
    112.70971416067));
#3828 = CARTESIAN_POINT('',(38.549825218328,10.753709251404,
    112.65201342151));
#3829 = CARTESIAN_POINT('',(38.553184106431,10.722633575258,
    112.59468539676));
#3830 = CARTESIAN_POINT('',(38.556916679454,10.690235556634,
    112.53775708216));
#3831 = CARTESIAN_POINT('',(38.566237496829,10.613694423257,
    112.40956374371));
#3832 = CARTESIAN_POINT('',(38.572054694953,10.568736670125,
    112.33856167534));
#3833 = CARTESIAN_POINT('',(38.578480117268,10.521596950193,
    112.26830783112));
#3834 = CARTESIAN_POINT('',(38.585517365378,10.472244113088,
    112.19886573146));
#3835 = CARTESIAN_POINT('',(38.593169799624,10.42064638796,
    112.13030534323));
#3836 = CARTESIAN_POINT('',(38.601440466652,10.366771436549,
    112.06270311162));
#3837 = CARTESIAN_POINT('',(38.610332026969,10.310586406264,
    111.99614199189));
#3838 = CARTESIAN_POINT('',(38.631504331797,10.180347155171,
    111.85054400234));
#3839 = CARTESIAN_POINT('',(38.644096271712,10.105124938688,
    111.7720811566));
#3840 = CARTESIAN_POINT('',(38.657627152474,10.02632681427,
    111.69548254738));
#3841 = CARTESIAN_POINT('',(38.672099070633,9.943896205872,
    111.62093515898));
#3842 = CARTESIAN_POINT('',(38.687510815903,9.857787699033,
    111.54865154355));
#3843 = CARTESIAN_POINT('',(38.703857117995,9.76797025895,
    111.47886800821));
#3844 = CARTESIAN_POINT('',(38.721127893449,9.674430448565,
    111.41184280208));
#3845 = CARTESIAN_POINT('',(38.752883884968,9.504546466926,
    111.30006815726));
#3846 = CARTESIAN_POINT('',(38.766966119365,9.429850887709,
    111.25397933252));
#3847 = CARTESIAN_POINT('',(38.781546959008,9.353096289984,
    111.2097051921));
#3848 = CARTESIAN_POINT('',(38.796616276112,9.274302547121,
    111.16737329052));
#3849 = CARTESIAN_POINT('',(38.812160671956,9.193504471398,
    111.12711875661));
#3850 = CARTESIAN_POINT('',(38.828163097103,9.110754260528,
    111.08908167626));
#3851 = CARTESIAN_POINT('',(38.84460247161,9.026123944182,
    111.05340447515));
#3852 = CARTESIAN_POINT('',(38.88748899313,8.806189037723,
    110.96897139448));
#3853 = CARTESIAN_POINT('',(38.914522373396,8.668327912087,
    110.9236553082));
#3854 = CARTESIAN_POINT('',(38.942441093027,8.526569921549,
    110.88485770438));
#3855 = CARTESIAN_POINT('',(38.971111898493,8.381461792709,
    110.85310246894));
#3856 = CARTESIAN_POINT('',(39.000382856499,8.233658703192,
    110.82884300503));
#3857 = CARTESIAN_POINT('',(39.030084201524,8.083933841591,
    110.8124306225));
#3858 = CARTESIAN_POINT('',(39.060027810166,7.933190335006,
    110.80406902362));
#3859 = CARTESIAN_POINT('',(39.120222514283,7.630555537946,110.803438235
    ));
#3860 = CARTESIAN_POINT('',(39.150495835505,7.478555710768,
    110.81129804484));
#3861 = CARTESIAN_POINT('',(39.180610837838,7.327552008436,
    110.82734877489));
#3862 = CARTESIAN_POINT('',(39.21039038499,7.178476683331,
    110.85138956455));
#3863 = CARTESIAN_POINT('',(39.239690934538,7.03213233835,
    110.88306573598));
#3864 = CARTESIAN_POINT('',(39.268398407193,6.889203214452,
    110.92191581065));
#3865 = CARTESIAN_POINT('',(39.29642362327,6.750263721812,
    110.96740403894));
#3866 = CARTESIAN_POINT('',(39.341192990142,6.529517503858,
    111.05199703763));
#3867 = CARTESIAN_POINT('',(39.358386380636,6.445051761524,
    111.08755711178));
#3868 = CARTESIAN_POINT('',(39.375264846124,6.362484220808,
    111.12547693329));
#3869 = CARTESIAN_POINT('',(39.391820209926,6.281889845077,
    111.1656144198));
#3870 = CARTESIAN_POINT('',(39.408048165364,6.203323729296,
    111.20782975987));
#3871 = CARTESIAN_POINT('',(39.423947690691,6.126823501504,
    111.25198803403));
#3872 = CARTESIAN_POINT('',(39.439520464036,6.052411724274,
    111.29796183599));
#3873 = CARTESIAN_POINT('',(39.475177360774,5.883329505501,
    111.40942795644));
#3874 = CARTESIAN_POINT('',(39.495004052522,5.790327971445,
    111.47625648912));
#3875 = CARTESIAN_POINT('',(39.514261805911,5.701107195753,
    111.54584187664));
#3876 = CARTESIAN_POINT('',(39.532964921821,5.615659249579,
    111.61792649777));
#3877 = CARTESIAN_POINT('',(39.551130010973,5.533958039025,
    111.69227454872));
#3878 = CARTESIAN_POINT('',(39.568775455232,5.455962570653,
    111.76867386679));
#3879 = CARTESIAN_POINT('',(39.585920868906,5.381620217,111.84693775408)
  );
#3880 = CARTESIAN_POINT('',(39.657138909581,5.079280934142,
    112.18867208671));
#3881 = CARTESIAN_POINT('',(39.706450102074,4.886611548012,
    112.46821916913));
#3882 = CARTESIAN_POINT('',(39.751388929747,4.729973196171,
    112.76041414795));
#3883 = CARTESIAN_POINT('',(39.792429698985,4.60784272122,
    113.06145340617));
#3884 = CARTESIAN_POINT('',(39.829926805184,4.518672709466,
    113.36820586742));
#3885 = CARTESIAN_POINT('',(39.864047178994,4.461419658093,
    113.67834046922));
#3886 = CARTESIAN_POINT('',(39.894867318836,4.435294983639,
    113.99019367232));
#3887 = CARTESIAN_POINT('',(39.922261150033,4.440698300606,
    114.30295244706));
#3888 = PCURVE('',#516,#3889);
#3889 = DEFINITIONAL_REPRESENTATION('',(#3890),#4033);
#3890 = B_SPLINE_CURVE_WITH_KNOTS('',8,(#3891,#3892,#3893,#3894,#3895,
    #3896,#3897,#3898,#3899,#3900,#3901,#3902,#3903,#3904,#3905,#3906,
    #3907,#3908,#3909,#3910,#3911,#3912,#3913,#3914,#3915,#3916,#3917,
    #3918,#3919,#3920,#3921,#3922,#3923,#3924,#3925,#3926,#3927,#3928,
    #3929,#3930,#3931,#3932,#3933,#3934,#3935,#3936,#3937,#3938,#3939,
    #3940,#3941,#3942,#3943,#3944,#3945,#3946,#3947,#3948,#3949,#3950,
    #3951,#3952,#3953,#3954,#3955,#3956,#3957,#3958,#3959,#3960,#3961,
    #3962,#3963,#3964,#3965,#3966,#3967,#3968,#3969,#3970,#3971,#3972,
    #3973,#3974,#3975,#3976,#3977,#3978,#3979,#3980,#3981,#3982,#3983,
    #3984,#3985,#3986,#3987,#3988,#3989,#3990,#3991,#3992,#3993,#3994,
    #3995,#3996,#3997,#3998,#3999,#4000,#4001,#4002,#4003,#4004,#4005,
    #4006,#4007,#4008,#4009,#4010,#4011,#4012,#4013,#4014,#4015,#4016,
    #4017,#4018,#4019,#4020,#4021,#4022,#4023,#4024,#4025,#4026,#4027,
    #4028,#4029,#4030,#4031,#4032),.UNSPECIFIED.,.T.,.F.,(9,7,7,7,7,7,7,
    7,7,7,7,7,7,7,7,7,7,7,7,7,9),(0.,0.130014198436,0.171122868173,
    0.202015329976,0.24979828883,0.297581740457,0.328475031941,
    0.369585572479,0.403093375173,0.429499624399,0.500922910051,
    0.572603984106,0.598696692081,0.631805795979,0.672372090711,
    0.702666704989,0.749473951405,0.796655499597,0.826921798547,
    0.867423725036,1.),.UNSPECIFIED.);
#3891 = CARTESIAN_POINT('',(0.110778251108,86.302952447061));
#3892 = CARTESIAN_POINT('',(0.110835364497,86.609353782771));
#3893 = CARTESIAN_POINT('',(0.111649798146,86.914926447957));
#3894 = CARTESIAN_POINT('',(0.113213992361,87.218722223366));
#3895 = CARTESIAN_POINT('',(0.11554495021,87.519074789902));
#3896 = CARTESIAN_POINT('',(0.118665506463,87.813744376778));
#3897 = CARTESIAN_POINT('',(0.12260982281,88.099784839289));
#3898 = CARTESIAN_POINT('',(0.127411324557,88.373683233748));
#3899 = CARTESIAN_POINT('',(0.134949891872,88.712147960313));
#3900 = CARTESIAN_POINT('',(0.136852287397,88.791730481513));
#3901 = CARTESIAN_POINT('',(0.138847635257,88.869425105385));
#3902 = CARTESIAN_POINT('',(0.140937265997,88.945042905252));
#3903 = CARTESIAN_POINT('',(0.143122220994,89.018369272373));
#3904 = CARTESIAN_POINT('',(0.145403171786,89.089165773427));
#3905 = CARTESIAN_POINT('',(0.147780339397,89.157172007995));
#3906 = CARTESIAN_POINT('',(0.152111886659,89.270905351514));
#3907 = CARTESIAN_POINT('',(0.154024381279,89.317965247375));
#3908 = CARTESIAN_POINT('',(0.155990654356,89.363166609191));
#3909 = CARTESIAN_POINT('',(0.158010137506,89.406378412298));
#3910 = CARTESIAN_POINT('',(0.16008187417,89.447461853698));
#3911 = CARTESIAN_POINT('',(0.162204456657,89.486273053957));
#3912 = CARTESIAN_POINT('',(0.16437596318,89.522665759107));
#3913 = CARTESIAN_POINT('',(0.170024483918,89.608817987644));
#3914 = CARTESIAN_POINT('',(0.173568260686,89.655039763507));
#3915 = CARTESIAN_POINT('',(0.177213375811,89.69456358135));
#3916 = CARTESIAN_POINT('',(0.180945376497,89.726850403204));
#3917 = CARTESIAN_POINT('',(0.184747047228,89.751435075622));
#3918 = CARTESIAN_POINT('',(0.188598165918,89.76795844204));
#3919 = CARTESIAN_POINT('',(0.192475175544,89.776214433799));
#3920 = CARTESIAN_POINT('',(0.200226406929,89.776209845805));
#3921 = CARTESIAN_POINT('',(0.204103444636,89.767949094));
#3922 = CARTESIAN_POINT('',(0.207954579067,89.751420874309));
#3923 = CARTESIAN_POINT('',(0.2117562534,89.726831333263));
#3924 = CARTESIAN_POINT('',(0.215488246259,89.694539697112));
#3925 = CARTESIAN_POINT('',(0.219133343227,89.655011175168));
#3926 = CARTESIAN_POINT('',(0.22267709292,89.608784843373));
#3927 = CARTESIAN_POINT('',(0.228325593823,89.522624826663));
#3928 = CARTESIAN_POINT('',(0.230497110189,89.48622870795));
#3929 = CARTESIAN_POINT('',(0.232619698123,89.447414090733));
#3930 = CARTESIAN_POINT('',(0.2346914361,89.406327239014));
#3931 = CARTESIAN_POINT('',(0.236710916683,89.363112040247));
#3932 = CARTESIAN_POINT('',(0.238677183563,89.317907303541));
#3933 = CARTESIAN_POINT('',(0.240589668596,89.27084405787));
#3934 = CARTESIAN_POINT('',(0.244921232268,89.157101760269));
#3935 = CARTESIAN_POINT('',(0.247298419825,89.089089829755));
#3936 = CARTESIAN_POINT('',(0.249579381851,89.018287590671));
#3937 = CARTESIAN_POINT('',(0.251764339823,88.944955461489));
#3938 = CARTESIAN_POINT('',(0.253853965679,88.869331890027));
#3939 = CARTESIAN_POINT('',(0.255849301154,88.791631496269));
#3940 = CARTESIAN_POINT('',(0.25775167711,88.712043215177));
#3941 = CARTESIAN_POINT('',(0.261038681282,88.564451532818));
#3942 = CARTESIAN_POINT('',(0.262453887635,88.497032602034));
#3943 = CARTESIAN_POINT('',(0.26380904092,88.428561752605));
#3944 = CARTESIAN_POINT('',(0.265104921483,88.35912257876));
#3945 = CARTESIAN_POINT('',(0.266342299434,88.288792182215));
#3946 = CARTESIAN_POINT('',(0.267521933054,88.217641190867));
#3947 = CARTESIAN_POINT('',(0.268644567207,88.145733777492));
#3948 = CARTESIAN_POINT('',(0.270551293843,88.015909520503));
#3949 = CARTESIAN_POINT('',(0.271356694604,87.958258533545));
#3950 = CARTESIAN_POINT('',(0.272127481209,87.900203485599));
#3951 = CARTESIAN_POINT('',(0.272863982958,87.841771690044));
#3952 = CARTESIAN_POINT('',(0.273566511267,87.782989005606));
#3953 = CARTESIAN_POINT('',(0.274235359667,87.723879836355));
#3954 = CARTESIAN_POINT('',(0.274870803804,87.664467131712));
#3955 = CARTESIAN_POINT('',(0.277102188381,87.443310801846));
#3956 = CARTESIAN_POINT('',(0.278488621852,87.279802308904));
#3957 = CARTESIAN_POINT('',(0.279637770612,87.114655584482));
#3958 = CARTESIAN_POINT('',(0.280553496433,86.948246985196));
#3959 = CARTESIAN_POINT('',(0.281238580484,86.780924166195));
#3960 = CARTESIAN_POINT('',(0.281694890877,86.613008164347));
#3961 = CARTESIAN_POINT('',(0.281923291397,86.444793945813));
#3962 = CARTESIAN_POINT('',(0.281923291397,86.107697644452));
#3963 = CARTESIAN_POINT('',(0.281693238649,85.938877410713));
#3964 = CARTESIAN_POINT('',(0.281232950679,85.770358717447));
#3965 = CARTESIAN_POINT('',(0.280540860851,85.602440523455));
#3966 = CARTESIAN_POINT('',(0.279614373232,85.435449706465));
#3967 = CARTESIAN_POINT('',(0.278449947029,85.269741741437));
#3968 = CARTESIAN_POINT('',(0.277042910583,85.10570309642));
#3969 = CARTESIAN_POINT('',(0.274784236851,84.884804564085));
#3970 = CARTESIAN_POINT('',(0.274148514382,84.826133084898));
#3971 = CARTESIAN_POINT('',(0.273479549237,84.767762075638));
#3972 = CARTESIAN_POINT('',(0.272777035407,84.709714160678));
#3973 = CARTESIAN_POINT('',(0.272040649147,84.652013421513));
#3974 = CARTESIAN_POINT('',(0.271270048983,84.594685396763));
#3975 = CARTESIAN_POINT('',(0.270464875706,84.537757082168));
#3976 = CARTESIAN_POINT('',(0.268558717729,84.409563743718));
#3977 = CARTESIAN_POINT('',(0.267436434418,84.33856167534));
#3978 = CARTESIAN_POINT('',(0.26625711192,84.268307831125));
#3979 = CARTESIAN_POINT('',(0.265019944786,84.198865731461));
#3980 = CARTESIAN_POINT('',(0.263724114587,84.130305343237));
#3981 = CARTESIAN_POINT('',(0.262368791868,84.062703111629));
#3982 = CARTESIAN_POINT('',(0.26095313809,83.99614199189));
#3983 = CARTESIAN_POINT('',(0.257666849325,83.850544002348));
#3984 = CARTESIAN_POINT('',(0.255765717098,83.772081156607));
#3985 = CARTESIAN_POINT('',(0.253771273632,83.695482547388));
#3986 = CARTESIAN_POINT('',(0.251682092064,83.620935158982));
#3987 = CARTESIAN_POINT('',(0.249497040682,83.548651543555));
#3988 = CARTESIAN_POINT('',(0.247215367673,83.478868008217));
#3989 = CARTESIAN_POINT('',(0.244836785865,83.411842802089));
#3990 = CARTESIAN_POINT('',(0.240513074892,83.300068157266));
#3991 = CARTESIAN_POINT('',(0.238610831228,83.253979332524));
#3992 = CARTESIAN_POINT('',(0.236655044985,83.209705192105));
#3993 = CARTESIAN_POINT('',(0.234646259162,83.167373290528));
#3994 = CARTESIAN_POINT('',(0.232585403886,83.127118756617));
#3995 = CARTESIAN_POINT('',(0.230473859059,83.08908167626));
#3996 = CARTESIAN_POINT('',(0.228313516996,83.053404475159));
#3997 = CARTESIAN_POINT('',(0.222697386332,82.968971394487));
#3998 = CARTESIAN_POINT('',(0.21917530439,82.923655308204));
#3999 = CARTESIAN_POINT('',(0.215552187096,82.884857704387));
#4000 = CARTESIAN_POINT('',(0.211842249764,82.853102468942));
#4001 = CARTESIAN_POINT('',(0.20806250156,82.828843005038));
#4002 = CARTESIAN_POINT('',(0.204232971296,82.812430622503));
#4003 = CARTESIAN_POINT('',(0.200376992586,82.804069023623));
#4004 = CARTESIAN_POINT('',(0.192635273503,82.803438235008));
#4005 = CARTESIAN_POINT('',(0.188746753246,82.811298044842));
#4006 = CARTESIAN_POINT('',(0.184883708174,82.827348774895));
#4007 = CARTESIAN_POINT('',(0.181070140183,82.851389564556));
#4008 = CARTESIAN_POINT('',(0.177326678811,82.883065735987));
#4009 = CARTESIAN_POINT('',(0.17367086767,82.921915810651));
#4010 = CARTESIAN_POINT('',(0.170117391006,82.967404038948));
#4011 = CARTESIAN_POINT('',(0.164472073715,83.051997037636));
#4012 = CARTESIAN_POINT('',(0.162312074542,83.087557111789));
#4013 = CARTESIAN_POINT('',(0.160200719354,83.125476933296));
#4014 = CARTESIAN_POINT('',(0.15813990957,83.165614419808));
#4015 = CARTESIAN_POINT('',(0.156131034095,83.20782975987));
#4016 = CARTESIAN_POINT('',(0.154175031848,83.251988034038));
#4017 = CARTESIAN_POINT('',(0.152272454298,83.297961835993));
#4018 = CARTESIAN_POINT('',(0.14794932137,83.409427956445));
#4019 = CARTESIAN_POINT('',(0.145571437271,83.476256489124));
#4020 = CARTESIAN_POINT('',(0.143290156114,83.545841876649));
#4021 = CARTESIAN_POINT('',(0.141105207129,83.617926497777));
#4022 = CARTESIAN_POINT('',(0.139015853216,83.69227454872));
#4023 = CARTESIAN_POINT('',(0.137020975796,83.768673866799));
#4024 = CARTESIAN_POINT('',(0.135119159673,83.846937754081));
#4025 = CARTESIAN_POINT('',(0.127382796213,84.18867208671));
#4026 = CARTESIAN_POINT('',(0.122447536768,84.468219169132));
#4027 = CARTESIAN_POINT('',(0.118426770514,84.76041414796));
#4028 = CARTESIAN_POINT('',(0.115279301112,85.061453406173));
#4029 = CARTESIAN_POINT('',(0.112963567558,85.368205867423));
#4030 = CARTESIAN_POINT('',(0.111451075299,85.678340469221));
#4031 = CARTESIAN_POINT('',(0.110719952689,85.99019367232));
#4032 = CARTESIAN_POINT('',(0.110778251108,86.302952447061));
#4033 = ( GEOMETRIC_REPRESENTATION_CONTEXT(2) 
PARAMETRIC_REPRESENTATION_CONTEXT() REPRESENTATION_CONTEXT('2D SPACE',''
  ) );
#4034 = PCURVE('',#4035,#4040);
#4035 = CONICAL_SURFACE('',#4036,4.185714285714,0.428778027446);
#4036 = AXIS2_PLACEMENT_3D('',#4037,#4038,#4039);
#4037 = CARTESIAN_POINT('',(40.860912243119,8.127740787571,
    114.15706375884));
#4038 = DIRECTION('',(0.976927188092,0.194322899741,-8.861083344205E-02)
  );
#4039 = DIRECTION('',(0.195090322016,-0.980785280403,-2.211711532122E-16
    ));
#4040 = DEFINITIONAL_REPRESENTATION('',(#4041),#4184);
#4041 = B_SPLINE_CURVE_WITH_KNOTS('',8,(#4042,#4043,#4044,#4045,#4046,
    #4047,#4048,#4049,#4050,#4051,#4052,#4053,#4054,#4055,#4056,#4057,
    #4058,#4059,#4060,#4061,#4062,#4063,#4064,#4065,#4066,#4067,#4068,
    #4069,#4070,#4071,#4072,#4073,#4074,#4075,#4076,#4077,#4078,#4079,
    #4080,#4081,#4082,#4083,#4084,#4085,#4086,#4087,#4088,#4089,#4090,
    #4091,#4092,#4093,#4094,#4095,#4096,#4097,#4098,#4099,#4100,#4101,
    #4102,#4103,#4104,#4105,#4106,#4107,#4108,#4109,#4110,#4111,#4112,
    #4113,#4114,#4115,#4116,#4117,#4118,#4119,#4120,#4121,#4122,#4123,
    #4124,#4125,#4126,#4127,#4128,#4129,#4130,#4131,#4132,#4133,#4134,
    #4135,#4136,#4137,#4138,#4139,#4140,#4141,#4142,#4143,#4144,#4145,
    #4146,#4147,#4148,#4149,#4150,#4151,#4152,#4153,#4154,#4155,#4156,
    #4157,#4158,#4159,#4160,#4161,#4162,#4163,#4164,#4165,#4166,#4167,
    #4168,#4169,#4170,#4171,#4172,#4173,#4174,#4175,#4176,#4177,#4178,
    #4179,#4180,#4181,#4182,#4183),.UNSPECIFIED.,.F.,.F.,(9,7,7,7,7,7,7,
    7,7,7,7,7,7,7,7,7,7,7,7,7,9),(0.,0.130014198436,0.171122868173,
    0.202015329976,0.24979828883,0.297581740457,0.328475031941,
    0.369585572479,0.403093375173,0.429499624399,0.500922910051,
    0.572603984106,0.598696692081,0.631805795979,0.672372090711,
    0.702666704989,0.749473951405,0.796655499597,0.826921798547,
    0.867423725036,1.),.UNSPECIFIED.);
#4042 = CARTESIAN_POINT('',(0.,-1.646397878755));
#4043 = CARTESIAN_POINT('',(-8.960476926491E-02,-1.646301918795));
#4044 = CARTESIAN_POINT('',(-0.179032318361,-1.64361596447));
#4045 = CARTESIAN_POINT('',(-0.268973092588,-1.638364482602));
#4046 = CARTESIAN_POINT('',(-0.359909611295,-1.630619810984));
#4047 = CARTESIAN_POINT('',(-0.452250165451,-1.620547940622));
#4048 = CARTESIAN_POINT('',(-0.546462972045,-1.60845824504));
#4049 = CARTESIAN_POINT('',(-0.643045910656,-1.594822981966));
#4050 = CARTESIAN_POINT('',(-0.774627951205,-1.575731651416));
#4051 = CARTESIAN_POINT('',(-0.806556200483,-1.571061427985));
#4052 = CARTESIAN_POINT('',(-0.838826717753,-1.566329797842));
#4053 = CARTESIAN_POINT('',(-0.87146063156,-1.561562707341));
#4054 = CARTESIAN_POINT('',(-0.904476897261,-1.556789470326));
#4055 = CARTESIAN_POINT('',(-0.937892831601,-1.552042715391));
#4056 = CARTESIAN_POINT('',(-0.971724647291,-1.547358333137));
#4057 = CARTESIAN_POINT('',(-1.031736301452,-1.539331445204));
#4058 = CARTESIAN_POINT('',(-1.057726383777,-1.535945035474));
#4059 = CARTESIAN_POINT('',(-1.083963370387,-1.532632778636));
#4060 = CARTESIAN_POINT('',(-1.110450259037,-1.529412605815));
#4061 = CARTESIAN_POINT('',(-1.137187633838,-1.526303444952));
#4062 = CARTESIAN_POINT('',(-1.164173389677,-1.523324870895));
#4063 = CARTESIAN_POINT('',(-1.191402456641,-1.52049675549));
#4064 = CARTESIAN_POINT('',(-1.261346610036,-1.513727903296));
#4065 = CARTESIAN_POINT('',(-1.30441502279,-1.510021667148));
#4066 = CARTESIAN_POINT('',(-1.34800703705,-1.506797362491));
#4067 = CARTESIAN_POINT('',(-1.392050570858,-1.504127906586));
#4068 = CARTESIAN_POINT('',(-1.436464438254,-1.502076653223));
#4069 = CARTESIAN_POINT('',(-1.481151874279,-1.500691696773));
#4070 = CARTESIAN_POINT('',(-1.525989332695,-1.499999807773));
#4071 = CARTESIAN_POINT('',(-1.615632242327,-1.500000192293));
#4072 = CARTESIAN_POINT('',(-1.6604700965,-1.500692480227));
#4073 = CARTESIAN_POINT('',(-1.705157861342,-1.502077839835));
#4074 = CARTESIAN_POINT('',(-1.749571993655,-1.504129490005));
#4075 = CARTESIAN_POINT('',(-1.793615733886,-1.50679932684));
#4076 = CARTESIAN_POINT('',(-1.83720790343,-1.510023989032));
#4077 = CARTESIAN_POINT('',(-1.880276429974,-1.513730554271));
#4078 = CARTESIAN_POINT('',(-1.95022117817,-1.52049994116));
#4079 = CARTESIAN_POINT('',(-1.977450734034,-1.523328285866));
#4080 = CARTESIAN_POINT('',(-2.004436960547,-1.526307080151));
#4081 = CARTESIAN_POINT('',(-2.03117478999,-1.52941645076));
#4082 = CARTESIAN_POINT('',(-2.057662119304,-1.532636821716));
#4083 = CARTESIAN_POINT('',(-2.083899534563,-1.53594926421));
#4084 = CARTESIAN_POINT('',(-2.10989003546,-1.539335846485));
#4085 = CARTESIAN_POINT('',(-2.169903285303,-1.547363190517));
#4086 = CARTESIAN_POINT('',(-2.203736255157,-1.552047849582));
#4087 = CARTESIAN_POINT('',(-2.23715331782,-1.55679485785));
#4088 = CARTESIAN_POINT('',(-2.270170690403,-1.561568322194));
#4089 = CARTESIAN_POINT('',(-2.302805693452,-1.566335612074));
#4090 = CARTESIAN_POINT('',(-2.335077285747,-1.571067412195));
#4091 = CARTESIAN_POINT('',(-2.367006599108,-1.575737775155));
#4092 = CARTESIAN_POINT('',(-2.424382421015,-1.584062391823));
#4093 = CARTESIAN_POINT('',(-2.449933932253,-1.587744522457));
#4094 = CARTESIAN_POINT('',(-2.475284009352,-1.591358151398));
#4095 = CARTESIAN_POINT('',(-2.500443937537,-1.594891991747));
#4096 = CARTESIAN_POINT('',(-2.525424530769,-1.598335821326));
#4097 = CARTESIAN_POINT('',(-2.550236377695,-1.601680419689));
#4098 = CARTESIAN_POINT('',(-2.574890087603,-1.604917505133));
#4099 = CARTESIAN_POINT('',(-2.618709154385,-1.61050013471));
#4100 = CARTESIAN_POINT('',(-2.637930006863,-1.612889165647));
#4101 = CARTESIAN_POINT('',(-2.657064101596,-1.615203144993));
#4102 = CARTESIAN_POINT('',(-2.676116327887,-1.617438717831));
#4103 = CARTESIAN_POINT('',(-2.695091456551,-1.619592793847));
#4104 = CARTESIAN_POINT('',(-2.713994139914,-1.621662547337));
#4105 = CARTESIAN_POINT('',(-2.732828911818,-1.623645417204));
#4106 = CARTESIAN_POINT('',(-2.802372494641,-1.630661134813));
#4107 = CARTESIAN_POINT('',(-2.852675619852,-1.635130100583));
#4108 = CARTESIAN_POINT('',(-2.902604554403,-1.638900761009));
#4109 = CARTESIAN_POINT('',(-2.952239961099,-1.641938534401));
#4110 = CARTESIAN_POINT('',(-3.00165499327,-1.644218755301));
#4111 = CARTESIAN_POINT('',(-3.050921183272,-1.645725828888));
#4112 = CARTESIAN_POINT('',(-3.100113400601,-1.646452285137));
#4113 = CARTESIAN_POINT('',(-3.198691938189,-1.646342983439));
#4114 = CARTESIAN_POINT('',(-3.248060383424,-1.64550159798));
#4115 = CARTESIAN_POINT('',(-3.297502562064,-1.643874172347));
#4116 = CARTESIAN_POINT('',(-3.347094553708,-1.641468484494));
#4117 = CARTESIAN_POINT('',(-3.396909229885,-1.638300612773));
#4118 = CARTESIAN_POINT('',(-3.447021361244,-1.634395961828));
#4119 = CARTESIAN_POINT('',(-3.497513772862,-1.629790195943));
#4120 = CARTESIAN_POINT('',(-3.567038476468,-1.622615339118));
#4121 = CARTESIAN_POINT('',(-3.58565515388,-1.62061398227));
#4122 = CARTESIAN_POINT('',(-3.604338929054,-1.618528275393));
#4123 = CARTESIAN_POINT('',(-3.623094272327,-1.616360744849));
#4124 = CARTESIAN_POINT('',(-3.641925775246,-1.614114177282));
#4125 = CARTESIAN_POINT('',(-3.660838150567,-1.611791619621));
#4126 = CARTESIAN_POINT('',(-3.679836232256,-1.609396379076));
#4127 = CARTESIAN_POINT('',(-3.723146730606,-1.603804995592));
#4128 = CARTESIAN_POINT('',(-3.747513967472,-1.600566785082));
#4129 = CARTESIAN_POINT('',(-3.772037447446,-1.597224690709));
#4130 = CARTESIAN_POINT('',(-3.796727679689,-1.593786875793));
#4131 = CARTESIAN_POINT('',(-3.821595163512,-1.59026243115));
#4132 = CARTESIAN_POINT('',(-3.846650630728,-1.586661438364));
#4133 = CARTESIAN_POINT('',(-3.871905288002,-1.582995033054));
#4134 = CARTESIAN_POINT('',(-3.928572507095,-1.574718142565));
#4135 = CARTESIAN_POINT('',(-3.960088060789,-1.570081475192));
#4136 = CARTESIAN_POINT('',(-3.991941321262,-1.565387603323));
#4137 = CARTESIAN_POINT('',(-4.024153231742,-1.56066204164));
#4138 = CARTESIAN_POINT('',(-4.056742597186,-1.555933632001));
#4139 = CARTESIAN_POINT('',(-4.089726603761,-1.551234493243));
#4140 = CARTESIAN_POINT('',(-4.123121338323,-1.546599970967));
#4141 = CARTESIAN_POINT('',(-4.182199562343,-1.538684582963));
#4142 = CARTESIAN_POINT('',(-4.207692641255,-1.535358357688));
#4143 = CARTESIAN_POINT('',(-4.23342655631,-1.532105946528));
#4144 = CARTESIAN_POINT('',(-4.259404240997,-1.528944684456));
#4145 = CARTESIAN_POINT('',(-4.285626285067,-1.525892870102));
#4146 = CARTESIAN_POINT('',(-4.312090668961,-1.522969429442));
#4147 = CARTESIAN_POINT('',(-4.338792498254,-1.520193579489));
#4148 = CARTESIAN_POINT('',(-4.407334341476,-1.513553273742));
#4149 = CARTESIAN_POINT('',(-4.449517167391,-1.509917707083));
#4150 = CARTESIAN_POINT('',(-4.492210558751,-1.506752086597));
#4151 = CARTESIAN_POINT('',(-4.535345258531,-1.504126771734));
#4152 = CARTESIAN_POINT('',(-4.578842768395,-1.502103050667));
#4153 = CARTESIAN_POINT('',(-4.622609282702,-1.500727653556));
#4154 = CARTESIAN_POINT('',(-4.66652519786,-1.500026915236));
#4155 = CARTESIAN_POINT('',(-4.754686289707,-1.499974048827));
#4156 = CARTESIAN_POINT('',(-4.798962888268,-1.500632729731));
#4157 = CARTESIAN_POINT('',(-4.843094827198,-1.50197831106));
#4158 = CARTESIAN_POINT('',(-4.886958961007,-1.503984885659));
#4159 = CARTESIAN_POINT('',(-4.930458648764,-1.506605291605));
#4160 = CARTESIAN_POINT('',(-4.973512825991,-1.509777120376));
#4161 = CARTESIAN_POINT('',(-5.016049663918,-1.513428399762));
#4162 = CARTESIAN_POINT('',(-5.084918455614,-1.520083889368));
#4163 = CARTESIAN_POINT('',(-5.111603389183,-1.522851834523));
#4164 = CARTESIAN_POINT('',(-5.13805150101,-1.525767673617));
#4165 = CARTESIAN_POINT('',(-5.164257822084,-1.528812237537));
#4166 = CARTESIAN_POINT('',(-5.190220262906,-1.531966638572));
#4167 = CARTESIAN_POINT('',(-5.215939346186,-1.535212607576));
#4168 = CARTESIAN_POINT('',(-5.241417939549,-1.538532831135));
#4169 = CARTESIAN_POINT('',(-5.300440873387,-1.546432292148));
#4170 = CARTESIAN_POINT('',(-5.333795600797,-1.551057117686));
#4171 = CARTESIAN_POINT('',(-5.366740496114,-1.555747353851));
#4172 = CARTESIAN_POINT('',(-5.399291493559,-1.560467742452));
#4173 = CARTESIAN_POINT('',(-5.431465647597,-1.565186231892));
#4174 = CARTESIAN_POINT('',(-5.463281644592,-1.569874030479));
#4175 = CARTESIAN_POINT('',(-5.494760314467,-1.574505659725));
#4176 = CARTESIAN_POINT('',(-5.627937988446,-1.593963629687));
#4177 = CARTESIAN_POINT('',(-5.726398452346,-1.60800115884));
#4178 = CARTESIAN_POINT('',(-5.822375631769,-1.620429255584));
#4179 = CARTESIAN_POINT('',(-5.916405252765,-1.630743499982));
#4180 = CARTESIAN_POINT('',(-6.008995742681,-1.638620923877));
#4181 = CARTESIAN_POINT('',(-6.100588314463,-1.643894667604));
#4182 = CARTESIAN_POINT('',(-6.19172135262,-1.646495829762));
#4183 = CARTESIAN_POINT('',(-6.28318530718,-1.646397878755));
#4184 = ( GEOMETRIC_REPRESENTATION_CONTEXT(2) 
PARAMETRIC_REPRESENTATION_CONTEXT() REPRESENTATION_CONTEXT('2D SPACE',''
  ) );
#4185 = FACE_BOUND('',#4186,.F.);
#4186 = EDGE_LOOP('',(#4187));
#4187 = ORIENTED_EDGE('',*,*,#4188,.T.);
#4188 = EDGE_CURVE('',#4189,#4189,#4191,.T.);
#4189 = VERTEX_POINT('',#4190);
#4190 = CARTESIAN_POINT('',(33.359077043903,3.148221157987,
    39.425268029142));
#4191 = SURFACE_CURVE('',#4192,(#4356,#4523),.PCURVE_S1.);
#4192 = B_SPLINE_CURVE_WITH_KNOTS('',8,(#4193,#4194,#4195,#4196,#4197,
    #4198,#4199,#4200,#4201,#4202,#4203,#4204,#4205,#4206,#4207,#4208,
    #4209,#4210,#4211,#4212,#4213,#4214,#4215,#4216,#4217,#4218,#4219,
    #4220,#4221,#4222,#4223,#4224,#4225,#4226,#4227,#4228,#4229,#4230,
    #4231,#4232,#4233,#4234,#4235,#4236,#4237,#4238,#4239,#4240,#4241,
    #4242,#4243,#4244,#4245,#4246,#4247,#4248,#4249,#4250,#4251,#4252,
    #4253,#4254,#4255,#4256,#4257,#4258,#4259,#4260,#4261,#4262,#4263,
    #4264,#4265,#4266,#4267,#4268,#4269,#4270,#4271,#4272,#4273,#4274,
    #4275,#4276,#4277,#4278,#4279,#4280,#4281,#4282,#4283,#4284,#4285,
    #4286,#4287,#4288,#4289,#4290,#4291,#4292,#4293,#4294,#4295,#4296,
    #4297,#4298,#4299,#4300,#4301,#4302,#4303,#4304,#4305,#4306,#4307,
    #4308,#4309,#4310,#4311,#4312,#4313,#4314,#4315,#4316,#4317,#4318,
    #4319,#4320,#4321,#4322,#4323,#4324,#4325,#4326,#4327,#4328,#4329,
    #4330,#4331,#4332,#4333,#4334,#4335,#4336,#4337,#4338,#4339,#4340,
    #4341,#4342,#4343,#4344,#4345,#4346,#4347,#4348,#4349,#4350,#4351,
    #4352,#4353,#4354,#4355),.UNSPECIFIED.,.T.,.F.,(9,7,7,7,7,7,7,7,7,7,
    7,7,7,7,7,7,7,7,7,7,7,7,7,9),(0.,0.130850278573,0.171936346008,
    0.202410468065,0.249866427534,0.297058287064,0.327533388475,
    0.368621849276,0.402146472615,0.42866097008,0.50108568802,
    0.573714409359,0.59987925844,0.632943926689,0.673392362123,
    0.703339567208,0.718800149672,0.74981153991,0.770944668684,
    0.780563714238,0.796023882544,0.825970285404,0.866178960237,1.),
  .UNSPECIFIED.);
#4193 = CARTESIAN_POINT('',(33.359077043849,3.148221157981,
    39.425268028529));
#4194 = CARTESIAN_POINT('',(33.386120295177,3.153536527518,
    39.733527850317));
#4195 = CARTESIAN_POINT('',(33.410181985074,3.189435514667,
    40.040726785985));
#4196 = CARTESIAN_POINT('',(33.431207259743,3.255627074802,
    40.346042157652));
#4197 = CARTESIAN_POINT('',(33.448806211483,3.35286095446,40.64783023514
    ));
#4198 = CARTESIAN_POINT('',(33.462374386784,3.482126980506,
    40.943866000157));
#4199 = CARTESIAN_POINT('',(33.47097584368,3.644820295069,
    41.231147998694));
#4200 = CARTESIAN_POINT('',(33.473423348945,3.842312929697,
    41.506091301682));
#4201 = CARTESIAN_POINT('',(33.466183655859,4.150938013364,
    41.844840515633));
#4202 = CARTESIAN_POINT('',(33.463670058847,4.228330734496,
    41.924051828502));
#4203 = CARTESIAN_POINT('',(33.460319090032,4.309424714707,
    42.001364825813));
#4204 = CARTESIAN_POINT('',(33.456072152798,4.394268165957,
    42.076589681087));
#4205 = CARTESIAN_POINT('',(33.450866743702,4.482896260122,
    42.149510429365));
#4206 = CARTESIAN_POINT('',(33.444637363755,4.575327748851,
    42.219886850611));
#4207 = CARTESIAN_POINT('',(33.437316429705,4.671561583419,
    42.287456353117));
#4208 = CARTESIAN_POINT('',(33.422544525414,4.845753824822,
    42.399761224278));
#4209 = CARTESIAN_POINT('',(33.415615994713,4.922006914646,
    42.445882820377));
#4210 = CARTESIAN_POINT('',(33.408022288249,5.000318479389,
    42.490183634944));
#4211 = CARTESIAN_POINT('',(33.399736245912,5.080660950023,
    42.532536504838));
#4212 = CARTESIAN_POINT('',(33.390731965007,5.162991163107,
    42.572806722947));
#4213 = CARTESIAN_POINT('',(33.380985912835,5.24724801074,
    42.610854647099));
#4214 = CARTESIAN_POINT('',(33.370478039263,5.333350090513,
    42.646538308971));
#4215 = CARTESIAN_POINT('',(33.341619040308,5.557987662878,
    42.731382162846));
#4216 = CARTESIAN_POINT('',(33.322149420219,5.69908988856,
    42.777004277435));
#4217 = CARTESIAN_POINT('',(33.300736836797,5.844002158452,
    42.815991649409));
#4218 = CARTESIAN_POINT('',(33.277365011526,5.992122678849,
    42.847809772858));
#4219 = CARTESIAN_POINT('',(33.252057553324,6.14274066224,
    42.871997609742));
#4220 = CARTESIAN_POINT('',(33.22488919862,6.295028941107,
    42.888199736723));
#4221 = CARTESIAN_POINT('',(33.195999317778,6.448034269666,
    42.896213382376));
#4222 = CARTESIAN_POINT('',(33.13538519225,6.752446941521,
    42.895888234497));
#4223 = CARTESIAN_POINT('',(33.103655805102,6.903967975046,
    42.887640085667));
#4224 = CARTESIAN_POINT('',(33.070631509284,7.054156344346,
    42.871299891461));
#4225 = CARTESIAN_POINT('',(33.036544926765,7.202095619378,
    42.847070632279));
#4226 = CARTESIAN_POINT('',(33.001639595681,7.3470081278,42.815303944829
    ));
#4227 = CARTESIAN_POINT('',(32.966161432202,7.488241027699,
    42.776454226062));
#4228 = CARTESIAN_POINT('',(32.93035137726,7.625255335098,
    42.731047181974));
#4229 = CARTESIAN_POINT('',(32.871248228685,7.843093723892,
    42.646480327133));
#4230 = CARTESIAN_POINT('',(32.848005504349,7.926663187099,
    42.61079186558));
#4231 = CARTESIAN_POINT('',(32.824765151942,8.008236099241,
    42.572739138932));
#4232 = CARTESIAN_POINT('',(32.801576847215,8.087744942785,
    42.532464129265));
#4233 = CARTESIAN_POINT('',(32.778485716361,8.165142282218,
    42.490106489693));
#4234 = CARTESIAN_POINT('',(32.755532207545,8.240398166977,
    42.445800935614));
#4235 = CARTESIAN_POINT('',(32.732751962432,8.313497534365,
    42.399674635978));
#4236 = CARTESIAN_POINT('',(32.679736925071,8.480083516309,
    42.287357128497));
#4237 = CARTESIAN_POINT('',(32.64967212764,8.5717943483,42.219779566266)
  );
#4238 = CARTESIAN_POINT('',(32.620054092025,8.659574067122,
    42.149395028581));
#4239 = CARTESIAN_POINT('',(32.590945659349,8.743447595113,
    42.076466132375));
#4240 = CARTESIAN_POINT('',(32.562400167019,8.823457346954,
    42.001233117824));
#4241 = CARTESIAN_POINT('',(32.534461900489,8.899659758339,
    41.923911965397));
#4242 = CARTESIAN_POINT('',(32.507166545018,8.972121814643,
    41.844692512907));
#4243 = CARTESIAN_POINT('',(32.458818020133,9.097048962043,
    41.697683540776));
#4244 = CARTESIAN_POINT('',(32.437542425049,9.150735384098,
    41.630479593095));
#4245 = CARTESIAN_POINT('',(32.416730678716,9.202015366357,
    41.562215442283));
#4246 = CARTESIAN_POINT('',(32.396396773453,9.250926695665,
    41.492975190106));
#4247 = CARTESIAN_POINT('',(32.376552958319,9.297506365995,
    41.422836351739));
#4248 = CARTESIAN_POINT('',(32.357209830072,9.341790519318,
    41.351869880164));
#4249 = CARTESIAN_POINT('',(32.338376424117,9.383814386484,
    41.280140190583));
#4250 = CARTESIAN_POINT('',(32.305574156676,9.455088190108,
    41.150416613447));
#4251 = CARTESIAN_POINT('',(32.291411877292,9.485171144402,
    41.092687971594));
#4252 = CARTESIAN_POINT('',(32.277577331296,9.51387764243,
    41.034548430894));
#4253 = CARTESIAN_POINT('',(32.264074085237,9.541223404659,
    40.97602567688));
#4254 = CARTESIAN_POINT('',(32.250905408236,9.567223320579,
    40.917145908981));
#4255 = CARTESIAN_POINT('',(32.238074271977,9.591891448694,
    40.857933840525));
#4256 = CARTESIAN_POINT('',(32.225583350713,9.615241016531,
    40.798412698734));
#4257 = CARTESIAN_POINT('',(32.180251690713,9.697496284985,
    40.575236547632));
#4258 = CARTESIAN_POINT('',(32.149628100411,9.747956595864,
    40.409742485485));
#4259 = CARTESIAN_POINT('',(32.121608647672,9.788928826076,
    40.242547437482));
#4260 = CARTESIAN_POINT('',(32.096234339393,9.820609048148,
    40.07404269695));
#4261 = CARTESIAN_POINT('',(32.073540421138,9.843144389919,
    39.904589409763));
#4262 = CARTESIAN_POINT('',(32.053556175546,9.856640503929,
    39.734520848563));
#4263 = CARTESIAN_POINT('',(32.036306890082,9.861158050615,
    39.564143002808));
#4264 = CARTESIAN_POINT('',(32.007288286351,9.852225777654,
    39.222843962945));
#4265 = CARTESIAN_POINT('',(31.995540069066,9.838726994497,
    39.051987573843));
#4266 = CARTESIAN_POINT('',(31.986595078292,9.816215807171,
    38.88144333467));
#4267 = CARTESIAN_POINT('',(31.980480344782,9.784647110069,
    38.711520805426));
#4268 = CARTESIAN_POINT('',(31.977223754602,9.743931232387,
    38.542558938389));
#4269 = CARTESIAN_POINT('',(31.976852186701,9.693936972985,
    38.374926831293));
#4270 = CARTESIAN_POINT('',(31.979392227449,9.634483168377,
    38.209026384092));
#4271 = CARTESIAN_POINT('',(31.986848103529,9.540401992498,
    37.986312503951));
#4272 = CARTESIAN_POINT('',(31.98920437907,9.514225843698,
    37.927612231436));
#4273 = CARTESIAN_POINT('',(31.991943619631,9.486779192697,
    37.869217434626));
#4274 = CARTESIAN_POINT('',(31.995067122729,9.458050111524,
    37.81115099956));
#4275 = CARTESIAN_POINT('',(31.998576152536,9.428025898986,
    37.753437305429));
#4276 = CARTESIAN_POINT('',(32.002471939883,9.396693080665,
    37.696102224574));
#4277 = CARTESIAN_POINT('',(32.006755682257,9.36403740892,
    37.639173122486));
#4278 = CARTESIAN_POINT('',(32.017333665456,9.287086025872,
    37.511286734975));
#4279 = CARTESIAN_POINT('',(32.02386002418,9.241992682605,
    37.440590792482));
#4280 = CARTESIAN_POINT('',(32.031010038491,9.194732639186,
    37.370648225276));
#4281 = CARTESIAN_POINT('',(32.038785803898,9.145273972404,
    37.301522723371));
#4282 = CARTESIAN_POINT('',(32.047189012738,9.093584060941,
    37.233284512394));
#4283 = CARTESIAN_POINT('',(32.056220874005,9.039629616561,
    37.166010394131));
#4284 = CARTESIAN_POINT('',(32.065882033184,8.98337671531,
    37.099783787076));
#4285 = CARTESIAN_POINT('',(32.08876094326,8.853121957474,
    36.955070528588));
#4286 = CARTESIAN_POINT('',(32.1022899114,8.777968491901,36.87715625564)
  );
#4287 = CARTESIAN_POINT('',(32.11676010681,8.699263826663,
    36.801111657239));
#4288 = CARTESIAN_POINT('',(32.132169062865,8.616949221013,
    36.727124287452));
#4289 = CARTESIAN_POINT('',(32.148510391272,8.530977029143,
    36.655407717411));
#4290 = CARTESIAN_POINT('',(32.165773037315,8.441313930522,
    36.586199707412));
#4291 = CARTESIAN_POINT('',(32.183940535122,8.347944160251,
    36.519760379015));
#4292 = CARTESIAN_POINT('',(32.217094296836,8.179003018946,
    36.409437716784));
#4293 = CARTESIAN_POINT('',(32.231680859074,8.105109730126,
    36.364180358678));
#4294 = CARTESIAN_POINT('',(32.246740039915,8.029199257105,
    36.320713637846));
#4295 = CARTESIAN_POINT('',(32.262258858827,7.951290254655,
    36.279162952622));
#4296 = CARTESIAN_POINT('',(32.278220950476,7.871416067883,
    36.239661182034));
#4297 = CARTESIAN_POINT('',(32.294606250733,7.789627151952,
    36.202346093192));
#4298 = CARTESIAN_POINT('',(32.311390682679,7.705993491798,
    36.167357748664));
#4299 = CARTESIAN_POINT('',(32.337402387464,7.576525293484,
    36.118046149771));
#4300 = CARTESIAN_POINT('',(32.346357619668,7.531977026941,
    36.101913972429));
#4301 = CARTESIAN_POINT('',(32.35540752073,7.486975472639,
    36.086458702149));
#4302 = CARTESIAN_POINT('',(32.364547755118,7.441535522419,
    36.071699563106));
#4303 = CARTESIAN_POINT('',(32.373773663273,7.395673814521,
    36.057655499693));
#4304 = CARTESIAN_POINT('',(32.383080254612,7.349408838551,
    36.044344992874));
#4305 = CARTESIAN_POINT('',(32.392462200532,7.302761040453,
    36.031785876533));
#4306 = CARTESIAN_POINT('',(32.420872239249,7.161462370238,
    35.99634489978));
#4307 = CARTESIAN_POINT('',(32.440113944046,7.065707669934,
    35.975782774962));
#4308 = CARTESIAN_POINT('',(32.459589807154,6.968686633489,
    35.95845100013));
#4309 = CARTESIAN_POINT('',(32.479248300423,6.870615476206,
    35.944471999748));
#4310 = CARTESIAN_POINT('',(32.499035748405,6.771729413014,
    35.933943943763));
#4311 = CARTESIAN_POINT('',(32.518896574544,6.672283249717,
    35.926936289376));
#4312 = CARTESIAN_POINT('',(32.538773547374,6.572551974238,
    35.923485322815));
#4313 = CARTESIAN_POINT('',(32.572124499308,6.404875386452,35.9236608311
    ));
#4314 = CARTESIAN_POINT('',(32.585622691926,6.336916998358,
    35.92538294814));
#4315 = CARTESIAN_POINT('',(32.599084562171,6.26904688639,
    35.928755912484));
#4316 = CARTESIAN_POINT('',(32.612493245146,6.201352648831,
    35.933771678438));
#4317 = CARTESIAN_POINT('',(32.625833010178,6.133918791223,
    35.94041480726));
#4318 = CARTESIAN_POINT('',(32.639089217533,6.066826738135,
    35.948662980055));
#4319 = CARTESIAN_POINT('',(32.652248275141,6.000154844944,
    35.958487510669));
#4320 = CARTESIAN_POINT('',(32.671237179867,5.903857259404,
    35.975027414275));
#4321 = CARTESIAN_POINT('',(32.677154123645,5.873838267003,
    35.980520493691));
#4322 = CARTESIAN_POINT('',(32.683047293774,5.843928265542,
    35.986329858779));
#4323 = CARTESIAN_POINT('',(32.688915622308,5.814133826643,
    35.992452093146));
#4324 = CARTESIAN_POINT('',(32.694758106228,5.78446126041,
    35.998883602063));
#4325 = CARTESIAN_POINT('',(32.700573807442,5.754916615433,
    36.005620612468));
#4326 = CARTESIAN_POINT('',(32.706361852786,5.725505678782,
    36.012659172966));
#4327 = CARTESIAN_POINT('',(32.721378495419,5.649187161562,
    36.031785876533));
#4328 = CARTESIAN_POINT('',(32.730562047098,5.602499900393,
    36.044344992872));
#4329 = CARTESIAN_POINT('',(32.739668717644,5.556195157706,
    36.057655499692));
#4330 = CARTESIAN_POINT('',(32.748695605723,5.510293862259,
    36.071699563108));
#4331 = CARTESIAN_POINT('',(32.757640246366,5.464815006027,
    36.086458702153));
#4332 = CARTESIAN_POINT('',(32.766500577266,5.419775743871,
    36.101913972428));
#4333 = CARTESIAN_POINT('',(32.775274905071,5.375191493199,
    36.118046149763));
#4334 = CARTESIAN_POINT('',(32.800788557926,5.245624226202,
    36.167357748654));
#4335 = CARTESIAN_POINT('',(32.817286980916,5.16193367533,
    36.202346093193));
#4336 = CARTESIAN_POINT('',(32.833448200453,5.080100186973,
    36.239661182041));
#4337 = CARTESIAN_POINT('',(32.849267678633,5.000197632618,
    36.279162952624));
#4338 = CARTESIAN_POINT('',(32.864744643941,4.922280304968,
    36.320713637842));
#4339 = CARTESIAN_POINT('',(32.879881455354,4.846385273626,
    36.364180358673));
#4340 = CARTESIAN_POINT('',(32.894682966448,4.772534740789,
    36.409437716785));
#4341 = CARTESIAN_POINT('',(32.928588509152,4.604338309834,
    36.519386318989));
#4342 = CARTESIAN_POINT('',(32.947426750833,4.511651356828,
    36.585415802085));
#4343 = CARTESIAN_POINT('',(32.965689226618,4.422690750779,
    36.654183046075));
#4344 = CARTESIAN_POINT('',(32.983396781582,4.337448565027,
    36.725432332025));
#4345 = CARTESIAN_POINT('',(33.000571957237,4.255898924799,
    36.798929801364));
#4346 = CARTESIAN_POINT('',(33.017238454958,4.178001198624,
    36.874465244835));
#4347 = CARTESIAN_POINT('',(33.033420599421,4.103703189736,
    36.951853891437));
#4348 = CARTESIAN_POINT('',(33.101468861262,3.797447272241,
    37.29414368954));
#4349 = CARTESIAN_POINT('',(33.148599856198,3.601606975454,
    37.575621847308));
#4350 = CARTESIAN_POINT('',(33.191594777756,3.442394704287,
    37.870045827297));
#4351 = CARTESIAN_POINT('',(33.23104283164,3.318263124006,38.17350084646
    ));
#4352 = CARTESIAN_POINT('',(33.267377527126,3.227613939667,
    38.482769790468));
#4353 = CARTESIAN_POINT('',(33.300802218953,3.169391044342,
    38.795469104614));
#4354 = CARTESIAN_POINT('',(33.331410650813,3.142783309456,
    39.109905157211));
#4355 = CARTESIAN_POINT('',(33.359077043903,3.148221157987,
    39.425268029142));
#4356 = PCURVE('',#516,#4357);
#4357 = DEFINITIONAL_REPRESENTATION('',(#4358),#4522);
#4358 = B_SPLINE_CURVE_WITH_KNOTS('',8,(#4359,#4360,#4361,#4362,#4363,
    #4364,#4365,#4366,#4367,#4368,#4369,#4370,#4371,#4372,#4373,#4374,
    #4375,#4376,#4377,#4378,#4379,#4380,#4381,#4382,#4383,#4384,#4385,
    #4386,#4387,#4388,#4389,#4390,#4391,#4392,#4393,#4394,#4395,#4396,
    #4397,#4398,#4399,#4400,#4401,#4402,#4403,#4404,#4405,#4406,#4407,
    #4408,#4409,#4410,#4411,#4412,#4413,#4414,#4415,#4416,#4417,#4418,
    #4419,#4420,#4421,#4422,#4423,#4424,#4425,#4426,#4427,#4428,#4429,
    #4430,#4431,#4432,#4433,#4434,#4435,#4436,#4437,#4438,#4439,#4440,
    #4441,#4442,#4443,#4444,#4445,#4446,#4447,#4448,#4449,#4450,#4451,
    #4452,#4453,#4454,#4455,#4456,#4457,#4458,#4459,#4460,#4461,#4462,
    #4463,#4464,#4465,#4466,#4467,#4468,#4469,#4470,#4471,#4472,#4473,
    #4474,#4475,#4476,#4477,#4478,#4479,#4480,#4481,#4482,#4483,#4484,
    #4485,#4486,#4487,#4488,#4489,#4490,#4491,#4492,#4493,#4494,#4495,
    #4496,#4497,#4498,#4499,#4500,#4501,#4502,#4503,#4504,#4505,#4506,
    #4507,#4508,#4509,#4510,#4511,#4512,#4513,#4514,#4515,#4516,#4517,
    #4518,#4519,#4520,#4521),.UNSPECIFIED.,.T.,.F.,(9,7,7,7,7,7,7,7,7,7,
    7,7,7,7,7,7,7,7,7,7,7,7,7,9),(0.,0.130850278573,0.171936346008,
    0.202410468065,0.249866427534,0.297058287064,0.327533388475,
    0.368621849276,0.402146472615,0.42866097008,0.50108568802,
    0.573714409359,0.59987925844,0.632943926689,0.673392362123,
    0.703339567208,0.718800149672,0.74981153991,0.770944668684,
    0.780563714238,0.796023882544,0.825970285404,0.866178960237,1.),
  .UNSPECIFIED.);
#4359 = CARTESIAN_POINT('',(9.409505966131E-02,11.425268028529));
#4360 = CARTESIAN_POINT('',(9.417716036306E-02,11.733527850317));
#4361 = CARTESIAN_POINT('',(9.517617518732E-02,12.040726785985));
#4362 = CARTESIAN_POINT('',(9.708060934622E-02,12.346042157652));
#4363 = CARTESIAN_POINT('',(9.991092142231E-02,12.647830235141));
#4364 = CARTESIAN_POINT('',(0.10369520528,12.943866000156));
#4365 = CARTESIAN_POINT('',(0.108474721008,13.231147998694));
#4366 = CARTESIAN_POINT('',(0.114291384082,13.506091301682));
#4367 = CARTESIAN_POINT('',(0.12340401719,13.844840515633));
#4368 = CARTESIAN_POINT('',(0.125690597843,13.924051828502));
#4369 = CARTESIAN_POINT('',(0.128088055674,14.001364825813));
#4370 = CARTESIAN_POINT('',(0.130597998078,14.076589681087));
#4371 = CARTESIAN_POINT('',(0.133221683888,14.149510429365));
#4372 = CARTESIAN_POINT('',(0.135959927136,14.219886850611));
#4373 = CARTESIAN_POINT('',(0.138813000809,14.287456353117));
#4374 = CARTESIAN_POINT('',(0.143981607207,14.399761224278));
#4375 = CARTESIAN_POINT('',(0.146245477559,14.445882820377));
#4376 = CARTESIAN_POINT('',(0.148571869644,14.490183634944));
#4377 = CARTESIAN_POINT('',(0.150960124917,14.532536504838));
#4378 = CARTESIAN_POINT('',(0.153409136052,14.572806722947));
#4379 = CARTESIAN_POINT('',(0.155917274676,14.610854647099));
#4380 = CARTESIAN_POINT('',(0.158482319096,14.646538308971));
#4381 = CARTESIAN_POINT('',(0.165179929228,14.731382162846));
#4382 = CARTESIAN_POINT('',(0.169392020726,14.777004277434));
#4383 = CARTESIAN_POINT('',(0.173723631104,14.815991649409));
#4384 = CARTESIAN_POINT('',(0.178157655668,14.847809772858));
#4385 = CARTESIAN_POINT('',(0.1826737195,14.871997609742));
#4386 = CARTESIAN_POINT('',(0.187247882114,14.888199736722));
#4387 = CARTESIAN_POINT('',(0.191852237705,14.896213382376));
#4388 = CARTESIAN_POINT('',(0.201030972519,14.895888234497));
#4389 = CARTESIAN_POINT('',(0.205608678393,14.887640085667));
#4390 = CARTESIAN_POINT('',(0.210155748077,14.871299891461));
#4391 = CARTESIAN_POINT('',(0.214644795075,14.847070632279));
#4392 = CARTESIAN_POINT('',(0.219052330778,14.815303944829));
#4393 = CARTESIAN_POINT('',(0.223358370659,14.776454226061));
#4394 = CARTESIAN_POINT('',(0.227546142854,14.731047181974));
#4395 = CARTESIAN_POINT('',(0.234220986108,14.646480327133));
#4396 = CARTESIAN_POINT('',(0.236786046824,14.61079186558));
#4397 = CARTESIAN_POINT('',(0.239294194457,14.572739138932));
#4398 = CARTESIAN_POINT('',(0.241743207752,14.532464129265));
#4399 = CARTESIAN_POINT('',(0.244131458764,14.490106489693));
#4400 = CARTESIAN_POINT('',(0.246457840584,14.445800935614));
#4401 = CARTESIAN_POINT('',(0.248721695067,14.399674635978));
#4402 = CARTESIAN_POINT('',(0.25389032943,14.287357128497));
#4403 = CARTESIAN_POINT('',(0.256743436625,14.219779566266));
#4404 = CARTESIAN_POINT('',(0.25948169873,14.149395028581));
#4405 = CARTESIAN_POINT('',(0.262105389509,14.076466132375));
#4406 = CARTESIAN_POINT('',(0.264615323682,14.001233117824));
#4407 = CARTESIAN_POINT('',(0.26701276069,13.923911965397));
#4408 = CARTESIAN_POINT('',(0.269299308461,13.844692512907));
#4409 = CARTESIAN_POINT('',(0.273253493759,13.697683540776));
#4410 = CARTESIAN_POINT('',(0.274957442951,13.630479593095));
#4411 = CARTESIAN_POINT('',(0.276589628846,13.562215442283));
#4412 = CARTESIAN_POINT('',(0.278150992347,13.492975190106));
#4413 = CARTESIAN_POINT('',(0.279642459915,13.422836351739));
#4414 = CARTESIAN_POINT('',(0.281064942321,13.351869880164));
#4415 = CARTESIAN_POINT('',(0.282419333384,13.280140190583));
#4416 = CARTESIAN_POINT('',(0.284724530814,13.150416613447));
#4417 = CARTESIAN_POINT('',(0.285700489156,13.092687971594));
#4418 = CARTESIAN_POINT('',(0.286634804104,13.034548430894));
#4419 = CARTESIAN_POINT('',(0.287527873984,12.97602567688));
#4420 = CARTESIAN_POINT('',(0.288380075087,12.917145908981));
#4421 = CARTESIAN_POINT('',(0.289191761673,12.857933840525));
#4422 = CARTESIAN_POINT('',(0.289963265969,12.798412698734));
#4423 = CARTESIAN_POINT('',(0.29269336169,12.575236547632));
#4424 = CARTESIAN_POINT('',(0.294394131089,12.409742485485));
#4425 = CARTESIAN_POINT('',(0.295803877561,12.242547437482));
#4426 = CARTESIAN_POINT('',(0.296927350528,12.07404269695));
#4427 = CARTESIAN_POINT('',(0.297767938859,11.904589409763));
#4428 = CARTESIAN_POINT('',(0.298327894931,11.734520848563));
#4429 = CARTESIAN_POINT('',(0.29860822152,11.564143002808));
#4430 = CARTESIAN_POINT('',(0.29860822152,11.222843962945));
#4431 = CARTESIAN_POINT('',(0.298326312682,11.051987573844));
#4432 = CARTESIAN_POINT('',(0.297762191483,10.88144333467));
#4433 = CARTESIAN_POINT('',(0.296913820531,10.711520805426));
#4434 = CARTESIAN_POINT('',(0.295777882595,10.542558938388));
#4435 = CARTESIAN_POINT('',(0.294349882188,10.374926831294));
#4436 = CARTESIAN_POINT('',(0.292623894711,10.209026384092));
#4437 = CARTESIAN_POINT('',(0.289859949932,9.986312503951));
#4438 = CARTESIAN_POINT('',(0.289088257463,9.927612231436));
#4439 = CARTESIAN_POINT('',(0.288276530867,9.869217434626));
#4440 = CARTESIAN_POINT('',(0.287424393345,9.81115099956));
#4441 = CARTESIAN_POINT('',(0.286531446161,9.753437305429));
#4442 = CARTESIAN_POINT('',(0.285597268638,9.696102224574));
#4443 = CARTESIAN_POINT('',(0.284621418164,9.639173122486));
#4444 = CARTESIAN_POINT('',(0.282316993001,9.511286734975));
#4445 = CARTESIAN_POINT('',(0.280963294865,9.440590792482));
#4446 = CARTESIAN_POINT('',(0.279541372403,9.370648225276));
#4447 = CARTESIAN_POINT('',(0.278050243979,9.301522723371));
#4448 = CARTESIAN_POINT('',(0.276488911462,9.233284512394));
#4449 = CARTESIAN_POINT('',(0.274856361981,9.166010394131));
#4450 = CARTESIAN_POINT('',(0.273151569688,9.099783787076));
#4451 = CARTESIAN_POINT('',(0.269198358893,8.955070528588));
#4452 = CARTESIAN_POINT('',(0.266913761132,8.87715625564));
#4453 = CARTESIAN_POINT('',(0.264517702528,8.801111657239));
#4454 = CARTESIAN_POINT('',(0.262008436094,8.727124287452));
#4455 = CARTESIAN_POINT('',(0.259384571733,8.655407717411));
#4456 = CARTESIAN_POINT('',(0.256645178397,8.586199707412));
#4457 = CARTESIAN_POINT('',(0.253789886254,8.519760379015));
#4458 = CARTESIAN_POINT('',(0.248619396375,8.409437716784));
#4459 = CARTESIAN_POINT('',(0.246356602881,8.364180358678));
#4460 = CARTESIAN_POINT('',(0.244030859873,8.320713637846));
#4461 = CARTESIAN_POINT('',(0.241642803154,8.279162952622));
#4462 = CARTESIAN_POINT('',(0.239193526844,8.239661182034));
#4463 = CARTESIAN_POINT('',(0.236684657398,8.202346093192));
#4464 = CARTESIAN_POINT('',(0.234118427621,8.167357748664));
#4465 = CARTESIAN_POINT('',(0.230144796657,8.118046149771));
#4466 = CARTESIAN_POINT('',(0.228777350376,8.101913972429));
#4467 = CARTESIAN_POINT('',(0.227395831039,8.086458702149));
#4468 = CARTESIAN_POINT('',(0.226000708659,8.071699563106));
#4469 = CARTESIAN_POINT('',(0.224592507206,8.057655499693));
#4470 = CARTESIAN_POINT('',(0.223171807749,8.044344992874));
#4471 = CARTESIAN_POINT('',(0.221739251601,8.031785876533));
#4472 = CARTESIAN_POINT('',(0.217399701941,7.99634489978));
#4473 = CARTESIAN_POINT('',(0.214458547553,7.975782774962));
#4474 = CARTESIAN_POINT('',(0.211478263844,7.95845100013));
#4475 = CARTESIAN_POINT('',(0.208465600809,7.944471999748));
#4476 = CARTESIAN_POINT('',(0.205427888948,7.933943943763));
#4477 = CARTESIAN_POINT('',(0.202373053331,7.926936289376));
#4478 = CARTESIAN_POINT('',(0.199309627654,7.923485322815));
#4479 = CARTESIAN_POINT('',(0.194159541628,7.9236608311));
#4480 = CARTESIAN_POINT('',(0.192072351526,7.92538294814));
#4481 = CARTESIAN_POINT('',(0.189988007006,7.928755912484));
#4482 = CARTESIAN_POINT('',(0.187909218369,7.933771678438));
#4483 = CARTESIAN_POINT('',(0.185838597471,7.94041480726));
#4484 = CARTESIAN_POINT('',(0.183778657998,7.948662980055));
#4485 = CARTESIAN_POINT('',(0.181731815734,7.958487510669));
#4486 = CARTESIAN_POINT('',(0.178775755832,7.975027414275));
#4487 = CARTESIAN_POINT('',(0.17785430153,7.980520493691));
#4488 = CARTESIAN_POINT('',(0.176936236308,7.986329858779));
#4489 = CARTESIAN_POINT('',(0.176021762389,7.992452093146));
#4490 = CARTESIAN_POINT('',(0.175111073826,7.998883602063));
#4491 = CARTESIAN_POINT('',(0.1742043565,8.005620612468));
#4492 = CARTESIAN_POINT('',(0.173301788124,8.012659172966));
#4493 = CARTESIAN_POINT('',(0.170959830098,8.031785876533));
#4494 = CARTESIAN_POINT('',(0.16952727395,8.044344992872));
#4495 = CARTESIAN_POINT('',(0.168106574493,8.057655499692));
#4496 = CARTESIAN_POINT('',(0.16669837304,8.071699563108));
#4497 = CARTESIAN_POINT('',(0.16530325066,8.086458702153));
#4498 = CARTESIAN_POINT('',(0.163921731323,8.101913972428));
#4499 = CARTESIAN_POINT('',(0.162554285041,8.118046149763));
#4500 = CARTESIAN_POINT('',(0.158580654078,8.167357748654));
#4501 = CARTESIAN_POINT('',(0.156014424301,8.202346093193));
#4502 = CARTESIAN_POINT('',(0.153505554854,8.239661182041));
#4503 = CARTESIAN_POINT('',(0.151056278545,8.279162952624));
#4504 = CARTESIAN_POINT('',(0.148668221826,8.320713637842));
#4505 = CARTESIAN_POINT('',(0.146342478818,8.364180358673));
#4506 = CARTESIAN_POINT('',(0.144079685324,8.409437716785));
#4507 = CARTESIAN_POINT('',(0.138926726508,8.519386318989));
#4508 = CARTESIAN_POINT('',(0.136087600638,8.585415802084));
#4509 = CARTESIAN_POINT('',(0.133363008263,8.654183046075));
#4510 = CARTESIAN_POINT('',(0.130752591939,8.725432332025));
#4511 = CARTESIAN_POINT('',(0.128255443486,8.798929801364));
#4512 = CARTESIAN_POINT('',(0.125870203711,8.874465244835));
#4513 = CARTESIAN_POINT('',(0.123595162135,8.951853891437));
#4514 = CARTESIAN_POINT('',(0.114216874251,9.29414368954));
#4515 = CARTESIAN_POINT('',(0.108218211399,9.575621847307));
#4516 = CARTESIAN_POINT('',(0.103335643669,9.8700458273));
#4517 = CARTESIAN_POINT('',(9.951823169163E-02,10.173500846455));
#4518 = CARTESIAN_POINT('',(9.67138560024E-02,10.482769790472));
#4519 = CARTESIAN_POINT('',(9.488731024484E-02,10.795469104612));
#4520 = CARTESIAN_POINT('',(9.401106715965E-02,11.109905157211));
#4521 = CARTESIAN_POINT('',(9.409505966131E-02,11.425268029142));
#4522 = ( GEOMETRIC_REPRESENTATION_CONTEXT(2) 
PARAMETRIC_REPRESENTATION_CONTEXT() REPRESENTATION_CONTEXT('2D SPACE',''
  ) );
#4523 = PCURVE('',#4524,#4529);
#4524 = CONICAL_SURFACE('',#4525,4.185714285714,0.428778027446);
#4525 = AXIS2_PLACEMENT_3D('',#4526,#4527,#4528);
#4526 = CARTESIAN_POINT('',(34.327511958712,6.828166669961,
    39.276903830933));
#4527 = DIRECTION('',(0.976927188092,0.194322899741,-8.861083344205E-02)
  );
#4528 = DIRECTION('',(0.195090322016,-0.980785280403,-2.211711532122E-16
    ));
#4529 = DEFINITIONAL_REPRESENTATION('',(#4530),#4694);
#4530 = B_SPLINE_CURVE_WITH_KNOTS('',8,(#4531,#4532,#4533,#4534,#4535,
    #4536,#4537,#4538,#4539,#4540,#4541,#4542,#4543,#4544,#4545,#4546,
    #4547,#4548,#4549,#4550,#4551,#4552,#4553,#4554,#4555,#4556,#4557,
    #4558,#4559,#4560,#4561,#4562,#4563,#4564,#4565,#4566,#4567,#4568,
    #4569,#4570,#4571,#4572,#4573,#4574,#4575,#4576,#4577,#4578,#4579,
    #4580,#4581,#4582,#4583,#4584,#4585,#4586,#4587,#4588,#4589,#4590,
    #4591,#4592,#4593,#4594,#4595,#4596,#4597,#4598,#4599,#4600,#4601,
    #4602,#4603,#4604,#4605,#4606,#4607,#4608,#4609,#4610,#4611,#4612,
    #4613,#4614,#4615,#4616,#4617,#4618,#4619,#4620,#4621,#4622,#4623,
    #4624,#4625,#4626,#4627,#4628,#4629,#4630,#4631,#4632,#4633,#4634,
    #4635,#4636,#4637,#4638,#4639,#4640,#4641,#4642,#4643,#4644,#4645,
    #4646,#4647,#4648,#4649,#4650,#4651,#4652,#4653,#4654,#4655,#4656,
    #4657,#4658,#4659,#4660,#4661,#4662,#4663,#4664,#4665,#4666,#4667,
    #4668,#4669,#4670,#4671,#4672,#4673,#4674,#4675,#4676,#4677,#4678,
    #4679,#4680,#4681,#4682,#4683,#4684,#4685,#4686,#4687,#4688,#4689,
    #4690,#4691,#4692,#4693),.UNSPECIFIED.,.F.,.F.,(9,7,7,7,7,7,7,7,7,7,
    7,7,7,7,7,7,7,7,7,7,7,7,7,9),(0.,0.130850278573,0.171936346008,
    0.202410468065,0.249866427534,0.297058287064,0.327533388475,
    0.368621849276,0.402146472615,0.42866097008,0.50108568802,
    0.573714409359,0.59987925844,0.632943926689,0.673392362123,
    0.703339567208,0.718800149672,0.74981153991,0.770944668684,
    0.780563714238,0.796023882544,0.825970285404,0.866178960237,1.),
  .UNSPECIFIED.);
#4531 = CARTESIAN_POINT('',(1.798410309561E-10,-1.674334756208));
#4532 = CARTESIAN_POINT('',(-9.04859288274E-02,-1.674197730435));
#4533 = CARTESIAN_POINT('',(-0.180738785057,-1.670936369836));
#4534 = CARTESIAN_POINT('',(-0.271488513872,-1.664587920983));
#4535 = CARTESIAN_POINT('',(-0.363224599277,-1.655241950204));
#4536 = CARTESIAN_POINT('',(-0.456363075007,-1.643099457693));
#4537 = CARTESIAN_POINT('',(-0.55136666656,-1.628537721259));
#4538 = CARTESIAN_POINT('',(-0.648742750047,-1.612132300616));
#4539 = CARTESIAN_POINT('',(-0.781130283136,-1.589248882611));
#4540 = CARTESIAN_POINT('',(-0.813080476686,-1.583684286333));
#4541 = CARTESIAN_POINT('',(-0.84536939892,-1.578050290615));
#4542 = CARTESIAN_POINT('',(-0.878018292648,-1.572377950716));
#4543 = CARTESIAN_POINT('',(-0.911046229956,-1.566702356411));
#4544 = CARTESIAN_POINT('',(-0.944470680526,-1.56106256547));
#4545 = CARTESIAN_POINT('',(-0.978308079954,-1.555501537131));
#4546 = CARTESIAN_POINT('',(-1.037990214814,-1.546034498824));
#4547 = CARTESIAN_POINT('',(-1.063640055393,-1.542072320382));
#4548 = CARTESIAN_POINT('',(-1.089528940486,-1.538198620441));
#4549 = CARTESIAN_POINT('',(-1.115659825939,-1.534434021716));
#4550 = CARTESIAN_POINT('',(-1.142033340078,-1.530800280388));
#4551 = CARTESIAN_POINT('',(-1.168647521017,-1.527319887046));
#4552 = CARTESIAN_POINT('',(-1.195497553975,-1.524015667632));
#4553 = CARTESIAN_POINT('',(-1.264742771472,-1.516074668484));
#4554 = CARTESIAN_POINT('',(-1.307488962345,-1.51171828963));
#4555 = CARTESIAN_POINT('',(-1.350750117639,-1.507931755575));
#4556 = CARTESIAN_POINT('',(-1.394455107574,-1.504800548523));
#4557 = CARTESIAN_POINT('',(-1.438523904173,-1.5023988736));
#4558 = CARTESIAN_POINT('',(-1.482861083036,-1.500782961994));
#4559 = CARTESIAN_POINT('',(-1.527344558847,-1.499983928749));
#4560 = CARTESIAN_POINT('',(-1.61602709566,-1.500016351223));
#4561 = CARTESIAN_POINT('',(-1.660258110317,-1.50083877024));
#4562 = CARTESIAN_POINT('',(-1.704341108512,-1.502468145036));
#4563 = CARTESIAN_POINT('',(-1.748156312186,-1.504873290488));
#4564 = CARTESIAN_POINT('',(-1.791610069728,-1.507998565937));
#4565 = CARTESIAN_POINT('',(-1.834623906609,-1.511770855817));
#4566 = CARTESIAN_POINT('',(-1.877128212227,-1.516106098558));
#4567 = CARTESIAN_POINT('',(-1.946139229802,-1.524021044428));
#4568 = CARTESIAN_POINT('',(-1.972989946568,-1.527325649014));
#4569 = CARTESIAN_POINT('',(-1.999604786252,-1.53080641249));
#4570 = CARTESIAN_POINT('',(-2.025978937142,-1.534440506618));
#4571 = CARTESIAN_POINT('',(-2.052110440219,-1.538205438978));
#4572 = CARTESIAN_POINT('',(-2.077999926547,-1.54207945198));
#4573 = CARTESIAN_POINT('',(-2.103650354654,-1.546041921885));
#4574 = CARTESIAN_POINT('',(-2.163334738187,-1.555509734246));
#4575 = CARTESIAN_POINT('',(-2.197173766526,-1.561071233342));
#4576 = CARTESIAN_POINT('',(-2.230599810277,-1.566711455547));
#4577 = CARTESIAN_POINT('',(-2.263629311313,-1.572387437384));
#4578 = CARTESIAN_POINT('',(-2.29627974469,-1.578060117829));
#4579 = CARTESIAN_POINT('',(-2.328570187306,-1.583694404685));
#4580 = CARTESIAN_POINT('',(-2.360521886548,-1.589259240943));
#4581 = CARTESIAN_POINT('',(-2.417971832327,-1.599189436325));
#4582 = CARTESIAN_POINT('',(-2.443573343538,-1.603586644579));
#4583 = CARTESIAN_POINT('',(-2.468975439879,-1.607904387253));
#4584 = CARTESIAN_POINT('',(-2.494189434884,-1.61212910435));
#4585 = CARTESIAN_POINT('',(-2.519226134099,-1.616248509338));
#4586 = CARTESIAN_POINT('',(-2.544096090868,-1.620251513948));
#4587 = CARTESIAN_POINT('',(-2.568809862107,-1.624128152969));
#4588 = CARTESIAN_POINT('',(-2.612809320048,-1.63082853338));
#4589 = CARTESIAN_POINT('',(-2.632149124962,-1.633702859174));
#4590 = CARTESIAN_POINT('',(-2.651402700874,-1.636488080197));
#4591 = CARTESIAN_POINT('',(-2.670574942058,-1.639180110578));
#4592 = CARTESIAN_POINT('',(-2.689670615016,-1.641775184811));
#4593 = CARTESIAN_POINT('',(-2.708694358483,-1.644269857755));
#4594 = CARTESIAN_POINT('',(-2.72765068342,-1.646661004632));
#4595 = CARTESIAN_POINT('',(-2.798151255875,-1.655186828729));
#4596 = CARTESIAN_POINT('',(-2.849283272894,-1.660633685979));
#4597 = CARTESIAN_POINT('',(-2.900037500678,-1.665229516025));
#4598 = CARTESIAN_POINT('',(-2.950495851377,-1.668930829549));
#4599 = CARTESIAN_POINT('',(-3.000732069396,-1.671706605327));
#4600 = CARTESIAN_POINT('',(-3.050818085598,-1.673537237216));
#4601 = CARTESIAN_POINT('',(-3.100829329015,-1.67441334748));
#4602 = CARTESIAN_POINT('',(-3.201009556728,-1.674255363233));
#4603 = CARTESIAN_POINT('',(-3.251159751501,-1.673215911756));
#4604 = CARTESIAN_POINT('',(-3.301383735734,-1.67121688847));
#4605 = CARTESIAN_POINT('',(-3.351758074775,-1.668268081713));
#4606 = CARTESIAN_POINT('',(-3.402356021634,-1.664389708755));
#4607 = CARTESIAN_POINT('',(-3.453252980765,-1.659613712271));
#4608 = CARTESIAN_POINT('',(-3.504533157963,-1.653984936228));
#4609 = CARTESIAN_POINT('',(-3.57494571429,-1.645248352544));
#4610 = CARTESIAN_POINT('',(-3.59365619375,-1.642831587973));
#4611 = CARTESIAN_POINT('',(-3.612433154566,-1.64031465059));
#4612 = CARTESIAN_POINT('',(-3.631281047914,-1.637700618646));
#4613 = CARTESIAN_POINT('',(-3.650204456329,-1.634992885528));
#4614 = CARTESIAN_POINT('',(-3.669208093707,-1.632195159762));
#4615 = CARTESIAN_POINT('',(-3.688296805301,-1.629311465013));
#4616 = CARTESIAN_POINT('',(-3.731711878627,-1.622598842141));
#4617 = CARTESIAN_POINT('',(-3.756091490581,-1.618721307702));
#4618 = CARTESIAN_POINT('',(-3.780625105369,-1.614722303833));
#4619 = CARTESIAN_POINT('',(-3.805323181984,-1.61061163041));
#4620 = CARTESIAN_POINT('',(-3.830196188576,-1.606400195962));
#4621 = CARTESIAN_POINT('',(-3.855254854412,-1.602100093528));
#4622 = CARTESIAN_POINT('',(-3.880510421816,-1.5977246765));
#4623 = CARTESIAN_POINT('',(-3.93712592067,-1.587861967015));
#4624 = CARTESIAN_POINT('',(-3.968586665983,-1.582345140904));
#4625 = CARTESIAN_POINT('',(-4.000380863006,-1.576764557122));
#4626 = CARTESIAN_POINT('',(-4.032529560322,-1.571150659372));
#4627 = CARTESIAN_POINT('',(-4.065051677022,-1.565537871942));
#4628 = CARTESIAN_POINT('',(-4.097964553563,-1.55996453756));
#4629 = CARTESIAN_POINT('',(-4.131284502619,-1.554472855254));
#4630 = CARTESIAN_POINT('',(-4.190009890362,-1.545137393464));
#4631 = CARTESIAN_POINT('',(-4.215222327116,-1.54123625017));
#4632 = CARTESIAN_POINT('',(-4.240669642313,-1.537424047856));
#4633 = CARTESIAN_POINT('',(-4.266354765219,-1.533720954155));
#4634 = CARTESIAN_POINT('',(-4.292278322408,-1.530148251616));
#4635 = CARTESIAN_POINT('',(-4.318438377898,-1.526727944499));
#4636 = CARTESIAN_POINT('',(-4.344830173301,-1.523482365585));
#4637 = CARTESIAN_POINT('',(-4.385186520582,-1.518859917816));
#4638 = CARTESIAN_POINT('',(-4.398986646751,-1.517338570652));
#4639 = CARTESIAN_POINT('',(-4.412844971205,-1.515872804399));
#4640 = CARTESIAN_POINT('',(-4.426759975869,-1.514465664199));
#4641 = CARTESIAN_POINT('',(-4.440729871923,-1.51312014759));
#4642 = CARTESIAN_POINT('',(-4.454752571871,-1.511839174667));
#4643 = CARTESIAN_POINT('',(-4.468825661613,-1.510625558247));
#4644 = CARTESIAN_POINT('',(-4.511270200378,-1.507188131847));
#4645 = CARTESIAN_POINT('',(-4.539790032246,-1.505175691295));
#4646 = CARTESIAN_POINT('',(-4.56847829736,-1.503466817239));
#4647 = CARTESIAN_POINT('',(-4.597306709929,-1.502080681476));
#4648 = CARTESIAN_POINT('',(-4.626245066189,-1.501032712288));
#4649 = CARTESIAN_POINT('',(-4.655260041451,-1.50033384398));
#4650 = CARTESIAN_POINT('',(-4.684313987159,-1.499989766428));
#4651 = CARTESIAN_POINT('',(-4.733160064312,-1.500007267427));
#4652 = CARTESIAN_POINT('',(-4.752956555503,-1.500178985332));
#4653 = CARTESIAN_POINT('',(-4.772740321863,-1.500515316431));
#4654 = CARTESIAN_POINT('',(-4.792499383288,-1.501015001215));
#4655 = CARTESIAN_POINT('',(-4.812222472648,-1.501675618005));
#4656 = CARTESIAN_POINT('',(-4.831898849221,-1.502493668401));
#4657 = CARTESIAN_POINT('',(-4.851518112129,-1.503464662718));
#4658 = CARTESIAN_POINT('',(-4.8799693412,-1.505092326123));
#4659 = CARTESIAN_POINT('',(-4.888854856823,-1.505632026871));
#4660 = CARTESIAN_POINT('',(-4.89772567906,-1.506201799644));
#4661 = CARTESIAN_POINT('',(-4.906580969962,-1.506801108002));
#4662 = CARTESIAN_POINT('',(-4.915419935208,-1.507429387093));
#4663 = CARTESIAN_POINT('',(-4.924241824107,-1.508086043651));
#4664 = CARTESIAN_POINT('',(-4.933045929599,-1.508770455995));
#4665 = CARTESIAN_POINT('',(-4.955952299156,-1.510625558247));
#4666 = CARTESIAN_POINT('',(-4.970025388899,-1.511839174666));
#4667 = CARTESIAN_POINT('',(-4.984048088846,-1.51312014759));
#4668 = CARTESIAN_POINT('',(-4.998017984899,-1.5144656642));
#4669 = CARTESIAN_POINT('',(-5.011932989563,-1.515872804401));
#4670 = CARTESIAN_POINT('',(-5.025791314017,-1.517338570653));
#4671 = CARTESIAN_POINT('',(-5.039591440187,-1.518859917813));
#4672 = CARTESIAN_POINT('',(-5.079947787467,-1.523482365582));
#4673 = CARTESIAN_POINT('',(-5.106339582871,-1.5267279445));
#4674 = CARTESIAN_POINT('',(-5.132499638362,-1.530148251619));
#4675 = CARTESIAN_POINT('',(-5.158423195549,-1.533720954157));
#4676 = CARTESIAN_POINT('',(-5.184108318455,-1.537424047855));
#4677 = CARTESIAN_POINT('',(-5.209555633653,-1.541236250169));
#4678 = CARTESIAN_POINT('',(-5.234768070408,-1.545137393464));
#4679 = CARTESIAN_POINT('',(-5.293294343846,-1.554441202436));
#4680 = CARTESIAN_POINT('',(-5.32642020601,-1.55989973697));
#4681 = CARTESIAN_POINT('',(-5.359143695475,-1.56543923359));
#4682 = CARTESIAN_POINT('',(-5.391480809871,-1.571018209035));
#4683 = CARTESIAN_POINT('',(-5.423448569185,-1.576598947551));
#4684 = CARTESIAN_POINT('',(-5.455065548643,-1.582147563431));
#4685 = CARTESIAN_POINT('',(-5.486352411597,-1.587634063551));
#4686 = CARTESIAN_POINT('',(-5.620439046947,-1.610998988695));
#4687 = CARTESIAN_POINT('',(-5.719948109556,-1.62795370685));
#4688 = CARTESIAN_POINT('',(-5.816977516415,-1.642978543506));
#4689 = CARTESIAN_POINT('',(-5.912065393191,-1.655451677907));
#4690 = CARTESIAN_POINT('',(-6.005725955144,-1.664975117301));
#4691 = CARTESIAN_POINT('',(-6.098395312661,-1.671344215769));
#4692 = CARTESIAN_POINT('',(-6.19061436402,-1.674474939389));
#4693 = CARTESIAN_POINT('',(-6.28318530718,-1.674334756206));
#4694 = ( GEOMETRIC_REPRESENTATION_CONTEXT(2) 
PARAMETRIC_REPRESENTATION_CONTEXT() REPRESENTATION_CONTEXT('2D SPACE',''
  ) );
#4695 = FACE_BOUND('',#4696,.F.);
#4696 = EDGE_LOOP('',(#4697));
#4697 = ORIENTED_EDGE('',*,*,#4698,.T.);
#4698 = EDGE_CURVE('',#4699,#4699,#4701,.T.);
#4699 = VERTEX_POINT('',#4700);
#4700 = CARTESIAN_POINT('',(31.008277179364,16.601137721464,
    58.144604362154));
#4701 = SURFACE_CURVE('',#4702,(#4859,#5019),.PCURVE_S1.);
#4702 = B_SPLINE_CURVE_WITH_KNOTS('',8,(#4703,#4704,#4705,#4706,#4707,
    #4708,#4709,#4710,#4711,#4712,#4713,#4714,#4715,#4716,#4717,#4718,
    #4719,#4720,#4721,#4722,#4723,#4724,#4725,#4726,#4727,#4728,#4729,
    #4730,#4731,#4732,#4733,#4734,#4735,#4736,#4737,#4738,#4739,#4740,
    #4741,#4742,#4743,#4744,#4745,#4746,#4747,#4748,#4749,#4750,#4751,
    #4752,#4753,#4754,#4755,#4756,#4757,#4758,#4759,#4760,#4761,#4762,
    #4763,#4764,#4765,#4766,#4767,#4768,#4769,#4770,#4771,#4772,#4773,
    #4774,#4775,#4776,#4777,#4778,#4779,#4780,#4781,#4782,#4783,#4784,
    #4785,#4786,#4787,#4788,#4789,#4790,#4791,#4792,#4793,#4794,#4795,
    #4796,#4797,#4798,#4799,#4800,#4801,#4802,#4803,#4804,#4805,#4806,
    #4807,#4808,#4809,#4810,#4811,#4812,#4813,#4814,#4815,#4816,#4817,
    #4818,#4819,#4820,#4821,#4822,#4823,#4824,#4825,#4826,#4827,#4828,
    #4829,#4830,#4831,#4832,#4833,#4834,#4835,#4836,#4837,#4838,#4839,
    #4840,#4841,#4842,#4843,#4844,#4845,#4846,#4847,#4848,#4849,#4850,
    #4851,#4852,#4853,#4854,#4855,#4856,#4857,#4858),.UNSPECIFIED.,.T.,
  .F.,(9,7,7,7,7,7,7,7,7,7,7,7,7,7,7,7,7,7,7,7,7,7,9),(0.,0.130399345953
    ,0.171591594873,0.20226037761,0.218152057711,0.249742352863,
    0.274679606538,0.286423620432,0.306246598787,0.350413717552,
    0.456494277551,0.501054082225,0.608670538831,0.682729581511,
    0.707717538278,0.721430445558,0.749732817573,0.774236941868,
    0.785640926683,0.80497069157,0.848178658559,0.955491041627,1.),
  .UNSPECIFIED.);
#4703 = CARTESIAN_POINT('',(31.008277179364,16.601137721464,
    58.144604362154));
#4704 = CARTESIAN_POINT('',(31.031128502442,16.616338132946,
    58.451708922432));
#4705 = CARTESIAN_POINT('',(31.039508414962,16.658406854689,
    58.757958474546));
#4706 = CARTESIAN_POINT('',(31.033439456184,16.727106126786,
    59.062404125953));
#4707 = CARTESIAN_POINT('',(31.012284109144,16.822970323114,
    59.363371500158));
#4708 = CARTESIAN_POINT('',(30.975133901138,16.946652587454,
    59.658609301876));
#4709 = CARTESIAN_POINT('',(30.920621233515,17.099080686329,
    59.945151118307));
#4710 = CARTESIAN_POINT('',(30.847199021216,17.281023067506,
    60.21946104207));
#4711 = CARTESIAN_POINT('',(30.722227309002,17.561650144663,
    60.558216138959));
#4712 = CARTESIAN_POINT('',(30.690095877001,17.632098391734,
    60.637800181656));
#4713 = CARTESIAN_POINT('',(30.655762673585,17.70566124982,
    60.715484345779));
#4714 = CARTESIAN_POINT('',(30.619156031227,17.782361710648,
    60.791078086095));
#4715 = CARTESIAN_POINT('',(30.580205777828,17.862209319663,
    60.864364624512));
#4716 = CARTESIAN_POINT('',(30.538845372397,17.945197390112,
    60.93510283179));
#4717 = CARTESIAN_POINT('',(30.495014040733,18.031300217131,
    61.003029109257));
#4718 = CARTESIAN_POINT('',(30.414146219109,18.18685990927,
    61.116127140903));
#4719 = CARTESIAN_POINT('',(30.378237166923,18.254944651785,
    61.162674877788));
#4720 = CARTESIAN_POINT('',(30.340912349826,18.324701064986,
    61.20738368057));
#4721 = CARTESIAN_POINT('',(30.302157693009,18.396093346868,
    61.250124379241));
#4722 = CARTESIAN_POINT('',(30.261966405925,18.469071553566,
    61.290760097948));
#4723 = CARTESIAN_POINT('',(30.22034093664,18.543569805109,
    61.32914891852));
#4724 = CARTESIAN_POINT('',(30.177294926188,18.619504491178,
    61.365146544008));
#4725 = CARTESIAN_POINT('',(30.10982775725,18.736810522098,
    61.415948223781));
#4726 = CARTESIAN_POINT('',(30.086426470861,18.77720598802,
    61.432606570086));
#4727 = CARTESIAN_POINT('',(30.062655382004,18.817943986223,
    61.448563867789));
#4728 = CARTESIAN_POINT('',(30.038519579755,18.859008163532,
    61.463800084095));
#4729 = CARTESIAN_POINT('',(30.014025265638,18.900380635197,
    61.478295478792));
#4730 = CARTESIAN_POINT('',(29.989179855239,18.942041918098,
    61.492030796303));
#4731 = CARTESIAN_POINT('',(29.963992079828,18.983970863944,
    61.504987457719));
#4732 = CARTESIAN_POINT('',(29.887742141873,19.109979688804,
    61.541320609946));
#4733 = CARTESIAN_POINT('',(29.835691613349,19.194794947277,
    61.562350065272));
#4734 = CARTESIAN_POINT('',(29.782408717924,19.280396111616,
    61.580091932372));
#4735 = CARTESIAN_POINT('',(29.727996205336,19.366575641986,
    61.594422041886));
#4736 = CARTESIAN_POINT('',(29.672572594338,19.453112897484,
    61.605240707233));
#4737 = CARTESIAN_POINT('',(29.6162734075,19.539774318612,
    61.612477190299));
#4738 = CARTESIAN_POINT('',(29.559252406018,19.626313609761,
    61.616094167133));
#4739 = CARTESIAN_POINT('',(29.456237625245,19.78048495134,
    61.616090635762));
#4740 = CARTESIAN_POINT('',(29.410444127214,19.848270245412,
    61.613834051456));
#4741 = CARTESIAN_POINT('',(29.364385660092,19.915702966806,
    61.609322249655));
#4742 = CARTESIAN_POINT('',(29.318144705387,19.982665865843,
    61.60256952991));
#4743 = CARTESIAN_POINT('',(29.271802692873,20.049049052694,
    61.593603506218));
#4744 = CARTESIAN_POINT('',(29.225439797028,20.114749769812,
    61.58246393086));
#4745 = CARTESIAN_POINT('',(29.179134733462,20.179672164357,
    61.569201518237));
#4746 = CARTESIAN_POINT('',(29.111221053831,20.273893236964,
    61.546659692052));
#4747 = CARTESIAN_POINT('',(29.089506821685,20.30386789039,
    61.53898496863));
#4748 = CARTESIAN_POINT('',(29.06782954902,20.333642230292,
    61.530858864751));
#4749 = CARTESIAN_POINT('',(29.046196655876,20.363208000599,
    61.522287943023));
#4750 = CARTESIAN_POINT('',(29.024615292225,20.392557479788,
    61.513279062354));
#4751 = CARTESIAN_POINT('',(29.00309233797,20.421683480883,
    61.503839377947));
#4752 = CARTESIAN_POINT('',(28.981634402945,20.450579351455,
    61.493976341307));
#4753 = CARTESIAN_POINT('',(28.924148956669,20.527614177791,
    61.466348156771));
#4754 = CARTESIAN_POINT('',(28.888253309533,20.575316338256,
    61.447814334753));
#4755 = CARTESIAN_POINT('',(28.852591219972,20.622316071577,
    61.428133042573));
#4756 = CARTESIAN_POINT('',(28.817190409688,20.668588517837,
    61.407342438076));
#4757 = CARTESIAN_POINT('',(28.782076080573,20.714112979418,
    61.385481524603));
#4758 = CARTESIAN_POINT('',(28.747271007663,20.758872559771,
    61.362589647042));
#4759 = CARTESIAN_POINT('',(28.712795632088,20.802853802194,
    61.338705987871));
#4760 = CARTESIAN_POINT('',(28.602629510899,20.942282595906,
    61.258530486837));
#4761 = CARTESIAN_POINT('',(28.528329441772,21.034588878808,
    61.198467958538));
#4762 = CARTESIAN_POINT('',(28.455952431863,21.122873032119,
    61.134099445981));
#4763 = CARTESIAN_POINT('',(28.385640568874,21.207101066634,
    61.065829661805));
#4764 = CARTESIAN_POINT('',(28.317498444687,21.287284007936,
    60.994038987105));
#4765 = CARTESIAN_POINT('',(28.251597745305,21.363466994088,
    60.919074350632));
#4766 = CARTESIAN_POINT('',(28.187981529042,21.435720612214,
    60.841242063708));
#4767 = CARTESIAN_POINT('',(27.979405858186,21.668450847133,
    60.567603180012));
#4768 = CARTESIAN_POINT('',(27.845681830774,21.810333775507,
    60.359696821219));
#4769 = CARTESIAN_POINT('',(27.725403676404,21.931453492723,
    60.140423669805));
#4770 = CARTESIAN_POINT('',(27.618591051474,22.032969058736,
    59.912426622221));
#4771 = CARTESIAN_POINT('',(27.52510056314,22.116008097946,
    59.677899267075));
#4772 = CARTESIAN_POINT('',(27.444730057898,22.181520934693,
    59.438526433685));
#4773 = CARTESIAN_POINT('',(27.377233681201,22.230317472173,
    59.195520541597));
#4774 = CARTESIAN_POINT('',(27.29948811035,22.276540143183,
    58.846228559006));
#4775 = CARTESIAN_POINT('',(27.278753947492,22.287338132532,
    58.74244642302));
#4776 = CARTESIAN_POINT('',(27.260276272732,22.295297714056,
    58.638287019231));
#4777 = CARTESIAN_POINT('',(27.244050511771,22.300448745312,
    58.533830544232));
#4778 = CARTESIAN_POINT('',(27.230074307958,22.302814545032,
    58.429154083813));
#4779 = CARTESIAN_POINT('',(27.218347626748,22.302411883718,
    58.324331713053));
#4780 = CARTESIAN_POINT('',(27.208872860161,22.299250974238,
    58.219434596401));
#4781 = CARTESIAN_POINT('',(27.184222899355,22.279048900255,
    57.86117845377));
#4782 = CARTESIAN_POINT('',(27.179974586085,22.248710781689,
    57.608074190991));
#4783 = CARTESIAN_POINT('',(27.188914369489,22.202418638502,
    57.355949436081));
#4784 = CARTESIAN_POINT('',(27.211240078097,22.139958612824,
    57.105778637881));
#4785 = CARTESIAN_POINT('',(27.247220750981,22.060956119817,
    56.858755519743));
#4786 = CARTESIAN_POINT('',(27.297201582658,21.96484421313,
    56.616317087982));
#4787 = CARTESIAN_POINT('',(27.361560986154,21.850909168404,
    56.380135715023));
#4788 = CARTESIAN_POINT('',(27.495539806247,21.626474384805,
    55.995400120731));
#4789 = CARTESIAN_POINT('',(27.557200952642,21.526082686937,
    55.842659267644));
#4790 = CARTESIAN_POINT('',(27.62610542449,21.416400099041,55.6945968853
    ));
#4791 = CARTESIAN_POINT('',(27.702444694571,21.297043402707,
    55.55209558873));
#4792 = CARTESIAN_POINT('',(27.786358197522,21.167678886961,
    55.416306834808));
#4793 = CARTESIAN_POINT('',(27.877898346808,21.028063355687,
    55.288625465743));
#4794 = CARTESIAN_POINT('',(27.977006153236,20.878082244337,
    55.170668646505));
#4795 = CARTESIAN_POINT('',(28.119428233481,20.663699560496,
    55.028356021532));
#4796 = CARTESIAN_POINT('',(28.156187636218,20.608457818253,
    54.993779439011));
#4797 = CARTESIAN_POINT('',(28.19376197047,20.552071418286,
    54.960603359636));
#4798 = CARTESIAN_POINT('',(28.23213302588,20.494558550779,
    54.928905585697));
#4799 = CARTESIAN_POINT('',(28.271277519855,20.435944760862,
    54.898766470305));
#4800 = CARTESIAN_POINT('',(28.311166552914,20.376263912466,
    54.870267576937));
#4801 = CARTESIAN_POINT('',(28.351765064035,20.315559152179,
    54.843490338979));
#4802 = CARTESIAN_POINT('',(28.415677390321,20.220037673066,
    54.804808582329));
#4803 = CARTESIAN_POINT('',(28.438524485794,20.185899352381,
    54.791644943595));
#4804 = CARTESIAN_POINT('',(28.461565567279,20.151477869381,
    54.779037259967));
#4805 = CARTESIAN_POINT('',(28.484793008266,20.11678316193,
    54.766998580552));
#4806 = CARTESIAN_POINT('',(28.508198560875,20.081826147428,
    54.755541546662));
#4807 = CARTESIAN_POINT('',(28.531773355857,20.046618722809,
    54.744678391816));
#4808 = CARTESIAN_POINT('',(28.555507902598,20.011173764541,
    54.73442094174));
#4809 = CARTESIAN_POINT('',(28.628687188847,19.901887843665,
    54.704883729901));
#4810 = CARTESIAN_POINT('',(28.678624894879,19.827310104126,
    54.687613215898));
#4811 = CARTESIAN_POINT('',(28.729109763438,19.751903619277,
    54.673070670094));
#4812 = CARTESIAN_POINT('',(28.780040300529,19.675810717149,
    54.661342587731));
#4813 = CARTESIAN_POINT('',(28.831308974474,19.599184670936,
    54.652497713724));
#4814 = CARTESIAN_POINT('',(28.882802228454,19.522190025402,
    54.646584394846));
#4815 = CARTESIAN_POINT('',(28.934400493051,19.445002923271,
    54.643627931899));
#4816 = CARTESIAN_POINT('',(29.030634049961,19.300979227438,
    54.643627931899));
#4817 = CARTESIAN_POINT('',(29.075280006378,19.234135465705,
    54.645844062911));
#4818 = CARTESIAN_POINT('',(29.119835473694,19.167400701304,
    54.650276528811));
#4819 = CARTESIAN_POINT('',(29.1642242672,19.100890513648,
    54.656911231494));
#4820 = CARTESIAN_POINT('',(29.208374498318,19.034715525536,
    54.665720939974));
#4821 = CARTESIAN_POINT('',(29.252218461081,18.968981422002,
    54.676666459468));
#4822 = CARTESIAN_POINT('',(29.295692518623,18.903788969159,
    54.689697800495));
#4823 = CARTESIAN_POINT('',(29.358769474327,18.809190783912,
    54.711762986376));
#4824 = CARTESIAN_POINT('',(29.378709484125,18.779284751942,
    54.719209711818));
#4825 = CARTESIAN_POINT('',(29.398551335785,18.749525106909,
    54.727089566136));
#4826 = CARTESIAN_POINT('',(29.418289666326,18.719920571996,
    54.735396312281));
#4827 = CARTESIAN_POINT('',(29.437919433063,18.6904794238,
    54.744123434314));
#4828 = CARTESIAN_POINT('',(29.457435913601,18.661209492334,
    54.753264137405));
#4829 = CARTESIAN_POINT('',(29.476834705842,18.632118161025,
    54.762811347828));
#4830 = CARTESIAN_POINT('',(29.528786298467,18.55421701842,
    54.789616811148));
#4831 = CARTESIAN_POINT('',(29.561111055661,18.505754652201,
    54.807622868405));
#4832 = CARTESIAN_POINT('',(29.593066160348,18.45785894734,
    54.826740503742));
#4833 = CARTESIAN_POINT('',(29.62463457221,18.410559565451,
    54.846933031943));
#4834 = CARTESIAN_POINT('',(29.655801841673,18.363882405135,
    54.868162945995));
#4835 = CARTESIAN_POINT('',(29.686555901754,18.31784985662,
    54.890392399504));
#4836 = CARTESIAN_POINT('',(29.716886859909,18.272481056419,
    54.913583689123));
#4837 = CARTESIAN_POINT('',(29.813622325353,18.127898679675,
    54.991606517783));
#4838 = CARTESIAN_POINT('',(29.878294320136,18.031417088227,
    55.05012598012));
#4839 = CARTESIAN_POINT('',(29.940729236697,17.938505211778,
    55.112851634552));
#4840 = CARTESIAN_POINT('',(30.000891214588,17.849263539715,
    55.179389561682));
#4841 = CARTESIAN_POINT('',(30.05877385194,17.763745352931,
    55.249369372144));
#4842 = CARTESIAN_POINT('',(30.114393596608,17.681965547663,
    55.322453158311));
#4843 = CARTESIAN_POINT('',(30.167784746975,17.603908136877,
    55.398342437683));
#4844 = CARTESIAN_POINT('',(30.346185760955,17.344811069048,
    55.671600240923));
#4845 = CARTESIAN_POINT('',(30.459694413666,17.183141131441,
    55.88179544767));
#4846 = CARTESIAN_POINT('',(30.560609861014,17.043383485491,
    56.103775429506));
#4847 = CARTESIAN_POINT('',(30.649645082979,16.924830195066,
    56.334729173625));
#4848 = CARTESIAN_POINT('',(30.727486319637,16.826670966601,
    56.572334966054));
#4849 = CARTESIAN_POINT('',(30.794695470829,16.748172756755,
    56.814830322926));
#4850 = CARTESIAN_POINT('',(30.851755315788,16.688664806348,
    57.060962755374));
#4851 = CARTESIAN_POINT('',(30.91852014496,16.630845765416,
    57.413387698813));
#4852 = CARTESIAN_POINT('',(30.936382827654,16.61711278647,
    57.517149562127));
#4853 = CARTESIAN_POINT('',(30.952552570016,16.606570571199,
    57.621272058832));
#4854 = CARTESIAN_POINT('',(30.96704192634,16.599197436139,
    57.725675859713));
#4855 = CARTESIAN_POINT('',(30.979858533757,16.59497678148,
    57.830284180298));
#4856 = CARTESIAN_POINT('',(30.991005240944,16.59389698463,
    57.935022674927));
#4857 = CARTESIAN_POINT('',(31.000480236842,16.595951293779,
    58.039819330821));
#4858 = CARTESIAN_POINT('',(31.008277179364,16.601137721464,
    58.144604362154));
#4859 = PCURVE('',#516,#4860);
#4860 = DEFINITIONAL_REPRESENTATION('',(#4861),#5018);
#4861 = B_SPLINE_CURVE_WITH_KNOTS('',8,(#4862,#4863,#4864,#4865,#4866,
    #4867,#4868,#4869,#4870,#4871,#4872,#4873,#4874,#4875,#4876,#4877,
    #4878,#4879,#4880,#4881,#4882,#4883,#4884,#4885,#4886,#4887,#4888,
    #4889,#4890,#4891,#4892,#4893,#4894,#4895,#4896,#4897,#4898,#4899,
    #4900,#4901,#4902,#4903,#4904,#4905,#4906,#4907,#4908,#4909,#4910,
    #4911,#4912,#4913,#4914,#4915,#4916,#4917,#4918,#4919,#4920,#4921,
    #4922,#4923,#4924,#4925,#4926,#4927,#4928,#4929,#4930,#4931,#4932,
    #4933,#4934,#4935,#4936,#4937,#4938,#4939,#4940,#4941,#4942,#4943,
    #4944,#4945,#4946,#4947,#4948,#4949,#4950,#4951,#4952,#4953,#4954,
    #4955,#4956,#4957,#4958,#4959,#4960,#4961,#4962,#4963,#4964,#4965,
    #4966,#4967,#4968,#4969,#4970,#4971,#4972,#4973,#4974,#4975,#4976,
    #4977,#4978,#4979,#4980,#4981,#4982,#4983,#4984,#4985,#4986,#4987,
    #4988,#4989,#4990,#4991,#4992,#4993,#4994,#4995,#4996,#4997,#4998,
    #4999,#5000,#5001,#5002,#5003,#5004,#5005,#5006,#5007,#5008,#5009,
    #5010,#5011,#5012,#5013,#5014,#5015,#5016,#5017),.UNSPECIFIED.,.T.,
  .F.,(9,7,7,7,7,7,7,7,7,7,7,7,7,7,7,7,7,7,7,7,7,7,9),(0.,0.130399345953
    ,0.171591594873,0.20226037761,0.218152057711,0.249742352863,
    0.274679606538,0.286423620432,0.306246598787,0.350413717552,
    0.456494277551,0.501054082225,0.608670538831,0.682729581511,
    0.707717538278,0.721430445558,0.749732817573,0.774236941868,
    0.785640926683,0.80497069157,0.848178658559,0.955491041627,1.),
  .UNSPECIFIED.);
#4862 = CARTESIAN_POINT('',(0.491547549862,30.144604362154));
#4863 = CARTESIAN_POINT('',(0.491621900999,30.451708922432));
#4864 = CARTESIAN_POINT('',(0.492563772117,30.757958474546));
#4865 = CARTESIAN_POINT('',(0.494364207053,31.062404125954));
#4866 = CARTESIAN_POINT('',(0.497042523895,31.363371500157));
#4867 = CARTESIAN_POINT('',(0.500624579213,31.658609301877));
#4868 = CARTESIAN_POINT('',(0.505149432293,31.945151118307));
#4869 = CARTESIAN_POINT('',(0.510655137877,32.21946104207));
#4870 = CARTESIAN_POINT('',(0.519296003076,32.558216138959));
#4871 = CARTESIAN_POINT('',(0.521474828228,32.637800181656));
#4872 = CARTESIAN_POINT('',(0.5237599381,32.715484345779));
#4873 = CARTESIAN_POINT('',(0.526152877138,32.791078086095));
#4874 = CARTESIAN_POINT('',(0.528654857668,32.864364624512));
#4875 = CARTESIAN_POINT('',(0.531266667529,32.93510283179));
#4876 = CARTESIAN_POINT('',(0.533988577694,33.003029109257));
#4877 = CARTESIAN_POINT('',(0.538928509143,33.116127140903));
#4878 = CARTESIAN_POINT('',(0.541097449923,33.162674877788));
#4879 = CARTESIAN_POINT('',(0.543326804351,33.20738368057));
#4880 = CARTESIAN_POINT('',(0.545615939451,33.250124379241));
#4881 = CARTESIAN_POINT('',(0.547963786643,33.290760097948));
#4882 = CARTESIAN_POINT('',(0.550368771219,33.32914891852));
#4883 = CARTESIAN_POINT('',(0.552828741819,33.365146544008));
#4884 = CARTESIAN_POINT('',(0.556642627898,33.415948223781));
#4885 = CARTESIAN_POINT('',(0.557958349448,33.432606570086));
#4886 = CARTESIAN_POINT('',(0.55928765698,33.448563867789));
#4887 = CARTESIAN_POINT('',(0.56063009393,33.463800084095));
#4888 = CARTESIAN_POINT('',(0.56198515161,33.478295478792));
#4889 = CARTESIAN_POINT('',(0.56335226606,33.492030796303));
#4890 = CARTESIAN_POINT('',(0.564730814904,33.504987457719));
#4891 = CARTESIAN_POINT('',(0.568881834474,33.541320609946));
#4892 = CARTESIAN_POINT('',(0.571686460921,33.562350065272));
#4893 = CARTESIAN_POINT('',(0.574528145332,33.580091932372));
#4894 = CARTESIAN_POINT('',(0.577400522575,33.594422041886));
#4895 = CARTESIAN_POINT('',(0.580296690559,33.605240707233));
#4896 = CARTESIAN_POINT('',(0.583209190192,33.612477190299));
#4897 = CARTESIAN_POINT('',(0.586129985343,33.616094167133));
#4898 = CARTESIAN_POINT('',(0.591355840324,33.616090635762));
#4899 = CARTESIAN_POINT('',(0.593661354754,33.613834051456));
#4900 = CARTESIAN_POINT('',(0.595962826941,33.609322249655));
#4901 = CARTESIAN_POINT('',(0.598256288407,33.60256952991));
#4902 = CARTESIAN_POINT('',(0.600537957473,33.593603506218));
#4903 = CARTESIAN_POINT('',(0.602804235393,33.58246393086));
#4904 = CARTESIAN_POINT('',(0.60505170248,33.569201518237));
#4905 = CARTESIAN_POINT('',(0.608325155332,33.546659692052));
#4906 = CARTESIAN_POINT('',(0.609368335539,33.53898496863));
#4907 = CARTESIAN_POINT('',(0.610406333925,33.530858864751));
#4908 = CARTESIAN_POINT('',(0.611438845962,33.522287943023));
#4909 = CARTESIAN_POINT('',(0.612465583527,33.513279062354));
#4910 = CARTESIAN_POINT('',(0.613486274902,33.503839377947));
#4911 = CARTESIAN_POINT('',(0.614500664777,33.493976341307));
#4912 = CARTESIAN_POINT('',(0.617209685445,33.466348156771));
#4913 = CARTESIAN_POINT('',(0.618892224886,33.447814334753));
#4914 = CARTESIAN_POINT('',(0.620554986947,33.428133042573));
#4915 = CARTESIAN_POINT('',(0.622196969896,33.407342438076));
#4916 = CARTESIAN_POINT('',(0.623817306109,33.385481524603));
#4917 = CARTESIAN_POINT('',(0.625415252288,33.362589647042));
#4918 = CARTESIAN_POINT('',(0.626990179671,33.338705987871));
#4919 = CARTESIAN_POINT('',(0.631998168302,33.258530486837));
#4920 = CARTESIAN_POINT('',(0.635337375822,33.198467958538));
#4921 = CARTESIAN_POINT('',(0.638554187163,33.134099445981));
#4922 = CARTESIAN_POINT('',(0.64164557012,33.065829661805));
#4923 = CARTESIAN_POINT('',(0.644610087836,32.994038987105));
#4924 = CARTESIAN_POINT('',(0.647447583949,32.919074350632));
#4925 = CARTESIAN_POINT('',(0.650158924983,32.841242063708));
#4926 = CARTESIAN_POINT('',(0.658958954862,32.567603180012));
#4927 = CARTESIAN_POINT('',(0.664443399281,32.359696821221));
#4928 = CARTESIAN_POINT('',(0.669238063725,32.140423669798));
#4929 = CARTESIAN_POINT('',(0.673367613703,31.91242662223));
#4930 = CARTESIAN_POINT('',(0.676858403771,31.677899267068));
#4931 = CARTESIAN_POINT('',(0.679733684735,31.438526433687));
#4932 = CARTESIAN_POINT('',(0.682014331946,31.195520541597));
#4933 = CARTESIAN_POINT('',(0.684424466965,30.846228559006));
#4934 = CARTESIAN_POINT('',(0.685034019475,30.74244642302));
#4935 = CARTESIAN_POINT('',(0.685541016509,30.638287019231));
#4936 = CARTESIAN_POINT('',(0.685946091349,30.533830544232));
#4937 = CARTESIAN_POINT('',(0.686249692672,30.429154083813));
#4938 = CARTESIAN_POINT('',(0.686452082762,30.324331713053));
#4939 = CARTESIAN_POINT('',(0.686553335729,30.219434596401));
#4940 = CARTESIAN_POINT('',(0.686553335729,29.86117845377));
#4941 = CARTESIAN_POINT('',(0.685962726469,29.608074190995));
#4942 = CARTESIAN_POINT('',(0.684782060656,29.355949436071));
#4943 = CARTESIAN_POINT('',(0.683001559705,29.105778637893));
#4944 = CARTESIAN_POINT('',(0.680606606446,28.858755519736));
#4945 = CARTESIAN_POINT('',(0.677576951762,28.616317087984));
#4946 = CARTESIAN_POINT('',(0.673888522128,28.380135715023));
#4947 = CARTESIAN_POINT('',(0.666483740924,27.995400120731));
#4948 = CARTESIAN_POINT('',(0.663138064162,27.842659267644));
#4949 = CARTESIAN_POINT('',(0.65945256971,27.6945968853));
#4950 = CARTESIAN_POINT('',(0.65541483371,27.55209558873));
#4951 = CARTESIAN_POINT('',(0.651014481035,27.416306834808));
#4952 = CARTESIAN_POINT('',(0.646244759654,27.288625465743));
#4953 = CARTESIAN_POINT('',(0.641103877054,27.170668646505));
#4954 = CARTESIAN_POINT('',(0.633737741862,27.028356021532));
#4955 = CARTESIAN_POINT('',(0.631838234303,26.993779439011));
#4956 = CARTESIAN_POINT('',(0.629898081114,26.960603359636));
#4957 = CARTESIAN_POINT('',(0.627918014104,26.928905585697));
#4958 = CARTESIAN_POINT('',(0.625899023682,26.898766470305));
#4959 = CARTESIAN_POINT('',(0.623842390748,26.870267576937));
#4960 = CARTESIAN_POINT('',(0.62174971859,26.843490338979));
#4961 = CARTESIAN_POINT('',(0.618455843419,26.804808582329));
#4962 = CARTESIAN_POINT('',(0.617278463396,26.791644943595));
#4963 = CARTESIAN_POINT('',(0.616091153046,26.779037259967));
#4964 = CARTESIAN_POINT('',(0.614894274242,26.766998580552));
#4965 = CARTESIAN_POINT('',(0.613688222387,26.755541546662));
#4966 = CARTESIAN_POINT('',(0.612473426412,26.744678391816));
#4967 = CARTESIAN_POINT('',(0.611250348781,26.73442094174));
#4968 = CARTESIAN_POINT('',(0.607479079556,26.704883729901));
#4969 = CARTESIAN_POINT('',(0.604905243953,26.687613215898));
#4970 = CARTESIAN_POINT('',(0.602302678932,26.673070670094));
#4971 = CARTESIAN_POINT('',(0.59967643967,26.661342587731));
#4972 = CARTESIAN_POINT('',(0.597031942635,26.652497713724));
#4973 = CARTESIAN_POINT('',(0.594374971945,26.646584394846));
#4974 = CARTESIAN_POINT('',(0.591711685741,26.643627931899));
#4975 = CARTESIAN_POINT('',(0.586742948966,26.643627931899));
#4976 = CARTESIAN_POINT('',(0.58443715739,26.645844062911));
#4977 = CARTESIAN_POINT('',(0.582135441127,26.650276528811));
#4978 = CARTESIAN_POINT('',(0.579841804405,26.656911231494));
#4979 = CARTESIAN_POINT('',(0.577560063999,26.665720939974));
#4980 = CARTESIAN_POINT('',(0.57529385086,26.676666459468));
#4981 = CARTESIAN_POINT('',(0.573046611743,26.689697800495));
#4982 = CARTESIAN_POINT('',(0.569786116721,26.711762986376));
#4983 = CARTESIAN_POINT('',(0.568755409543,26.719209711818));
#4984 = CARTESIAN_POINT('',(0.567729801287,26.727089566136));
#4985 = CARTESIAN_POINT('',(0.566709588061,26.735396312281));
#4986 = CARTESIAN_POINT('',(0.565695050093,26.744123434314));
#4987 = CARTESIAN_POINT('',(0.564686451733,26.753264137405));
#4988 = CARTESIAN_POINT('',(0.563684041454,26.762811347828));
#4989 = CARTESIAN_POINT('',(0.560999848541,26.789616811148));
#4990 = CARTESIAN_POINT('',(0.559330089737,26.807622868405));
#4991 = CARTESIAN_POINT('',(0.557679905076,26.826740503742));
#4992 = CARTESIAN_POINT('',(0.556050282685,26.846933031943));
#4993 = CARTESIAN_POINT('',(0.554442078603,26.868162945995));
#4994 = CARTESIAN_POINT('',(0.552856026206,26.890392399504));
#4995 = CARTESIAN_POINT('',(0.551292745635,26.913583689123));
#4996 = CARTESIAN_POINT('',(0.546310396726,26.991606517783));
#4997 = CARTESIAN_POINT('',(0.542984910156,27.05012598012));
#4998 = CARTESIAN_POINT('',(0.539781288138,27.112851634552));
#4999 = CARTESIAN_POINT('',(0.536702534227,27.179389561682));
#5000 = CARTESIAN_POINT('',(0.533750037015,27.249369372144));
#5001 = CARTESIAN_POINT('',(0.530923889635,27.322453158311));
#5002 = CARTESIAN_POINT('',(0.528223152645,27.398342437683));
#5003 = CARTESIAN_POINT('',(0.51924552959,27.671600240923));
#5004 = CARTESIAN_POINT('',(0.513619511344,27.881795447669));
#5005 = CARTESIAN_POINT('',(0.50872324251,28.103775429508));
#5006 = CARTESIAN_POINT('',(0.504527851029,28.334729173622));
#5007 = CARTESIAN_POINT('',(0.501002177483,28.572334966056));
#5008 = CARTESIAN_POINT('',(0.498118705759,28.814830322925));
#5009 = CARTESIAN_POINT('',(0.495852593599,29.060962755374));
#5010 = CARTESIAN_POINT('',(0.493500090339,29.413387698813));
#5011 = CARTESIAN_POINT('',(0.492914650083,29.517149562127));
#5012 = CARTESIAN_POINT('',(0.492432426707,29.621272058832));
#5013 = CARTESIAN_POINT('',(0.492052600143,29.725675859713));
#5014 = CARTESIAN_POINT('',(0.491774544158,29.830284180298));
#5015 = CARTESIAN_POINT('',(0.49159782183,29.935022674927));
#5016 = CARTESIAN_POINT('',(0.491522181023,30.039819330821));
#5017 = CARTESIAN_POINT('',(0.491547549862,30.144604362154));
#5018 = ( GEOMETRIC_REPRESENTATION_CONTEXT(2) 
PARAMETRIC_REPRESENTATION_CONTEXT() REPRESENTATION_CONTEXT('2D SPACE',''
  ) );
#5019 = PCURVE('',#5020,#5025);
#5020 = CONICAL_SURFACE('',#5021,4.185714285714,0.428778027446);
#5021 = AXIS2_PLACEMENT_3D('',#5022,#5023,#5024);
#5022 = CARTESIAN_POINT('',(30.486146771801,20.37019202539,
    57.996943812912));
#5023 = DIRECTION('',(0.828198879572,0.553384799279,-8.861083344205E-02)
  );
#5024 = DIRECTION('',(0.55557023302,-0.831469612303,-2.211711532122E-16)
  );
#5025 = DEFINITIONAL_REPRESENTATION('',(#5026),#5183);
#5026 = B_SPLINE_CURVE_WITH_KNOTS('',8,(#5027,#5028,#5029,#5030,#5031,
    #5032,#5033,#5034,#5035,#5036,#5037,#5038,#5039,#5040,#5041,#5042,
    #5043,#5044,#5045,#5046,#5047,#5048,#5049,#5050,#5051,#5052,#5053,
    #5054,#5055,#5056,#5057,#5058,#5059,#5060,#5061,#5062,#5063,#5064,
    #5065,#5066,#5067,#5068,#5069,#5070,#5071,#5072,#5073,#5074,#5075,
    #5076,#5077,#5078,#5079,#5080,#5081,#5082,#5083,#5084,#5085,#5086,
    #5087,#5088,#5089,#5090,#5091,#5092,#5093,#5094,#5095,#5096,#5097,
    #5098,#5099,#5100,#5101,#5102,#5103,#5104,#5105,#5106,#5107,#5108,
    #5109,#5110,#5111,#5112,#5113,#5114,#5115,#5116,#5117,#5118,#5119,
    #5120,#5121,#5122,#5123,#5124,#5125,#5126,#5127,#5128,#5129,#5130,
    #5131,#5132,#5133,#5134,#5135,#5136,#5137,#5138,#5139,#5140,#5141,
    #5142,#5143,#5144,#5145,#5146,#5147,#5148,#5149,#5150,#5151,#5152,
    #5153,#5154,#5155,#5156,#5157,#5158,#5159,#5160,#5161,#5162,#5163,
    #5164,#5165,#5166,#5167,#5168,#5169,#5170,#5171,#5172,#5173,#5174,
    #5175,#5176,#5177,#5178,#5179,#5180,#5181,#5182),.UNSPECIFIED.,.F.,
  .F.,(9,7,7,7,7,7,7,7,7,7,7,7,7,7,7,7,7,7,7,7,7,7,9),(0.,0.130399345953
    ,0.171591594873,0.20226037761,0.218152057711,0.249742352863,
    0.274679606538,0.286423620432,0.306246598787,0.350413717552,
    0.456494277551,0.501054082225,0.608670538831,0.682729581511,
    0.707717538278,0.721430445558,0.749732817573,0.774236941868,
    0.785640926683,0.80497069157,0.848178658559,0.955491041627,1.),
  .UNSPECIFIED.);
#5027 = CARTESIAN_POINT('',(0.,-1.666393865249));
#5028 = CARTESIAN_POINT('',(-9.005092397926E-02,-1.666269539462));
#5029 = CARTESIAN_POINT('',(-0.179925251956,-1.663186142228));
#5030 = CARTESIAN_POINT('',(-0.270309965373,-1.657172497052));
#5031 = CARTESIAN_POINT('',(-0.36168230782,-1.648312512677));
#5032 = CARTESIAN_POINT('',(-0.454443794777,-1.636797655881));
#5033 = CARTESIAN_POINT('',(-0.549059216895,-1.622984302455));
#5034 = CARTESIAN_POINT('',(-0.646023436673,-1.607415179276));
#5035 = CARTESIAN_POINT('',(-0.778068900906,-1.585639224013));
#5036 = CARTESIAN_POINT('',(-0.810084505053,-1.580317459287));
#5037 = CARTESIAN_POINT('',(-0.842441032745,-1.57492727096));
#5038 = CARTESIAN_POINT('',(-0.875159865761,-1.569498406355));
#5039 = CARTESIAN_POINT('',(-0.908260205192,-1.564064490738));
#5040 = CARTESIAN_POINT('',(-0.941759639938,-1.558662966971));
#5041 = CARTESIAN_POINT('',(-0.9756747152,-1.553335035163));
#5042 = CARTESIAN_POINT('',(-1.035593644718,-1.54424701626));
#5043 = CARTESIAN_POINT('',(-1.061403136493,-1.540434425231));
#5044 = CARTESIAN_POINT('',(-1.087455097321,-1.536706342489));
#5045 = CARTESIAN_POINT('',(-1.113752545256,-1.533082791197));
#5046 = CARTESIAN_POINT('',(-1.140296126868,-1.529584904768));
#5047 = CARTESIAN_POINT('',(-1.16708384871,-1.526234537201));
#5048 = CARTESIAN_POINT('',(-1.194110808803,-1.523053873413));
#5049 = CARTESIAN_POINT('',(-1.23549330063,-1.518516311945));
#5050 = CARTESIAN_POINT('',(-1.249679529897,-1.517019104263));
#5051 = CARTESIAN_POINT('',(-1.263926284028,-1.515576493911));
#5052 = CARTESIAN_POINT('',(-1.278231978443,-1.514191540598));
#5053 = CARTESIAN_POINT('',(-1.2925947459,-1.512867256183));
#5054 = CARTESIAN_POINT('',(-1.307012406541,-1.511606574495));
#5055 = CARTESIAN_POINT('',(-1.321482437938,-1.510412321156));
#5056 = CARTESIAN_POINT('',(-1.364864564735,-1.507050576985));
#5057 = CARTESIAN_POINT('',(-1.393927192615,-1.505086729165));
#5058 = CARTESIAN_POINT('',(-1.423161753807,-1.503417301941));
#5059 = CARTESIAN_POINT('',(-1.452539513955,-1.502061044733));
#5060 = CARTESIAN_POINT('',(-1.482029829332,-1.501033066455));
#5061 = CARTESIAN_POINT('',(-1.511598896874,-1.500344107574));
#5062 = CARTESIAN_POINT('',(-1.5412085042,-1.499999812182));
#5063 = CARTESIAN_POINT('',(-1.59418585603,-1.500000148366));
#5064 = CARTESIAN_POINT('',(-1.617558115249,-1.500214962956));
#5065 = CARTESIAN_POINT('',(-1.64091079815,-1.50064449631));
#5066 = CARTESIAN_POINT('',(-1.664224997253,-1.501286588621));
#5067 = CARTESIAN_POINT('',(-1.687483257457,-1.502137058099));
#5068 = CARTESIAN_POINT('',(-1.710669176759,-1.503189891279));
#5069 = CARTESIAN_POINT('',(-1.733767006964,-1.504437433332));
#5070 = CARTESIAN_POINT('',(-1.767590223984,-1.506545507353));
#5071 = CARTESIAN_POINT('',(-1.778396538047,-1.507261628879));
#5072 = CARTESIAN_POINT('',(-1.789178776047,-1.508017993866));
#5073 = CARTESIAN_POINT('',(-1.79993561133,-1.508813607345));
#5074 = CARTESIAN_POINT('',(-1.810665811127,-1.509647428465));
#5075 = CARTESIAN_POINT('',(-1.821368236561,-1.510518370491));
#5076 = CARTESIAN_POINT('',(-1.832041842644,-1.511425300802));
#5077 = CARTESIAN_POINT('',(-1.860651641639,-1.513956624631));
#5078 = CARTESIAN_POINT('',(-1.878532802989,-1.515645411462));
#5079 = CARTESIAN_POINT('',(-1.896324620038,-1.517427800389));
#5080 = CARTESIAN_POINT('',(-1.914023384208,-1.519297970625));
#5081 = CARTESIAN_POINT('',(-1.931626148814,-1.521249959858));
#5082 = CARTESIAN_POINT('',(-1.949130657245,-1.523277742504));
#5083 = CARTESIAN_POINT('',(-1.966535271143,-1.525375307971));
#5084 = CARTESIAN_POINT('',(-2.022392709956,-1.532352573116));
#5085 = CARTESIAN_POINT('',(-2.06043938138,-1.537484722597));
#5086 = CARTESIAN_POINT('',(-2.097975409519,-1.542868425105));
#5087 = CARTESIAN_POINT('',(-2.13500520478,-1.548440674802));
#5088 = CARTESIAN_POINT('',(-2.17153938971,-1.554142453308));
#5089 = CARTESIAN_POINT('',(-2.207594109432,-1.559920153284));
#5090 = CARTESIAN_POINT('',(-2.243191354097,-1.56572619454));
#5091 = CARTESIAN_POINT('',(-2.362829031149,-1.585431587566));
#5092 = CARTESIAN_POINT('',(-2.444681435373,-1.599243065661));
#5093 = CARTESIAN_POINT('',(-2.524489308349,-1.612401511271));
#5094 = CARTESIAN_POINT('',(-2.602572761071,-1.624483428002));
#5095 = CARTESIAN_POINT('',(-2.679219098618,-1.635177939263));
#5096 = CARTESIAN_POINT('',(-2.75468865689,-1.644275867364));
#5097 = CARTESIAN_POINT('',(-2.829279157227,-1.651640074193));
#5098 = CARTESIAN_POINT('',(-2.934498974972,-1.659498891652));
#5099 = CARTESIAN_POINT('',(-2.965517162389,-1.661499237364));
#5100 = CARTESIAN_POINT('',(-2.996448086886,-1.663168063891));
#5101 = CARTESIAN_POINT('',(-3.027309603461,-1.664499743234));
#5102 = CARTESIAN_POINT('',(-3.05811905484,-1.665490153572));
#5103 = CARTESIAN_POINT('',(-3.088893744734,-1.666136606826));
#5104 = CARTESIAN_POINT('',(-3.119651411103,-1.666437776224));
#5105 = CARTESIAN_POINT('',(-3.224697506532,-1.666286991416));
#5106 = CARTESIAN_POINT('',(-3.298910077405,-1.664166313685));
#5107 = CARTESIAN_POINT('',(-3.373378139795,-1.660038778791));
#5108 = CARTESIAN_POINT('',(-3.448360351211,-1.653945237763));
#5109 = CARTESIAN_POINT('',(-3.524093449537,-1.645975939182));
#5110 = CARTESIAN_POINT('',(-3.600833076321,-1.636286067054));
#5111 = CARTESIAN_POINT('',(-3.678871248522,-1.625105374754));
#5112 = CARTESIAN_POINT('',(-3.813586922329,-1.604251322075));
#5113 = CARTESIAN_POINT('',(-3.869276864348,-1.595204374997));
#5114 = CARTESIAN_POINT('',(-3.925909276964,-1.585714514402));
#5115 = CARTESIAN_POINT('',(-3.983617214062,-1.575913439243));
#5116 = CARTESIAN_POINT('',(-4.042511237063,-1.565972372039));
#5117 = CARTESIAN_POINT('',(-4.102692075006,-1.556106083186));
#5118 = CARTESIAN_POINT('',(-4.164262840745,-1.546570124084));
#5119 = CARTESIAN_POINT('',(-4.248623678969,-1.534641994957));
#5120 = CARTESIAN_POINT('',(-4.270071087347,-1.531703979442));
#5121 = CARTESIAN_POINT('',(-4.291683972522,-1.528848574498));
#5122 = CARTESIAN_POINT('',(-4.313462086286,-1.526087689875));
#5123 = CARTESIAN_POINT('',(-4.335403825525,-1.523433592059));
#5124 = CARTESIAN_POINT('',(-4.357506069652,-1.520898703189));
#5125 = CARTESIAN_POINT('',(-4.379764018043,-1.518495399978));
#5126 = CARTESIAN_POINT('',(-4.414467560775,-1.514995794807));
#5127 = CARTESIAN_POINT('',(-4.426808925203,-1.513799042676));
#5128 = CARTESIAN_POINT('',(-4.439193966185,-1.512647592914));
#5129 = CARTESIAN_POINT('',(-4.451621344919,-1.511543418616));
#5130 = CARTESIAN_POINT('',(-4.464089538368,-1.510488429302));
#5131 = CARTESIAN_POINT('',(-4.476596839262,-1.509484470913));
#5132 = CARTESIAN_POINT('',(-4.489141356096,-1.508533325812));
#5133 = CARTESIAN_POINT('',(-4.527684444958,-1.505786173362));
#5134 = CARTESIAN_POINT('',(-4.553800297777,-1.50416765396));
#5135 = CARTESIAN_POINT('',(-4.580046629684,-1.502796317763));
#5136 = CARTESIAN_POINT('',(-4.606400989291,-1.501685124227));
#5137 = CARTESIAN_POINT('',(-4.632839650282,-1.500844403456));
#5138 = CARTESIAN_POINT('',(-4.659336845983,-1.500281430554));
#5139 = CARTESIAN_POINT('',(-4.68586400392,-1.499999999998));
#5140 = CARTESIAN_POINT('',(-4.735354239969,-1.499999999998));
#5141 = CARTESIAN_POINT('',(-4.758320659535,-1.500210963804));
#5142 = CARTESIAN_POINT('',(-4.781267843306,-1.500632944395));
#5143 = CARTESIAN_POINT('',(-4.804177196141,-1.501263828727));
#5144 = CARTESIAN_POINT('',(-4.827031543137,-1.502099524906));
#5145 = CARTESIAN_POINT('',(-4.849814749222,-1.503134149365));
#5146 = CARTESIAN_POINT('',(-4.872511338761,-1.504360214038));
#5147 = CARTESIAN_POINT('',(-4.90562150774,-1.506424362264));
#5148 = CARTESIAN_POINT('',(-4.916115150109,-1.507119472537));
#5149 = CARTESIAN_POINT('',(-4.926585695453,-1.507853248875));
#5150 = CARTESIAN_POINT('',(-4.937031885282,-1.508624752946));
#5151 = CARTESIAN_POINT('',(-4.94745254942,-1.509433003571));
#5152 = CARTESIAN_POINT('',(-4.95784660601,-1.510276976724));
#5153 = CARTESIAN_POINT('',(-4.96821306151,-1.511155605535));
#5154 = CARTESIAN_POINT('',(-4.996073844195,-1.513613917341));
#5155 = CARTESIAN_POINT('',(-5.013514793299,-1.515256458193));
#5156 = CARTESIAN_POINT('',(-5.030869478412,-1.516990060916));
#5157 = CARTESIAN_POINT('',(-5.048134316399,-1.518809173288));
#5158 = CARTESIAN_POINT('',(-5.065306453046,-1.520708107011));
#5159 = CARTESIAN_POINT('',(-5.082383695523,-1.522681111931));
#5160 = CARTESIAN_POINT('',(-5.099364444843,-1.524722450265));
#5161 = CARTESIAN_POINT('',(-5.153986733717,-1.531529603578));
#5162 = CARTESIAN_POINT('',(-5.191232783603,-1.536545234408));
#5163 = CARTESIAN_POINT('',(-5.227981977586,-1.541810899081));
#5164 = CARTESIAN_POINT('',(-5.264238315722,-1.54726578236));
#5165 = CARTESIAN_POINT('',(-5.300011926915,-1.552852880917));
#5166 = CARTESIAN_POINT('',(-5.335318368605,-1.558520387027));
#5167 = CARTESIAN_POINT('',(-5.370178897752,-1.564222293007));
#5168 = CARTESIAN_POINT('',(-5.490164747233,-1.584064753678));
#5169 = CARTESIAN_POINT('',(-5.572973143947,-1.598148273116));
#5170 = CARTESIAN_POINT('',(-5.653666856927,-1.611579800716));
#5171 = CARTESIAN_POINT('',(-5.732584219677,-1.62391152227));
#5172 = CARTESIAN_POINT('',(-5.810030107959,-1.634817769463));
#5173 = CARTESIAN_POINT('',(-5.886278249655,-1.644082657574));
#5174 = CARTESIAN_POINT('',(-5.961643383336,-1.651566553059));
#5175 = CARTESIAN_POINT('',(-6.067595222598,-1.659496842668));
#5176 = CARTESIAN_POINT('',(-6.098554428095,-1.661497035863));
#5177 = CARTESIAN_POINT('',(-6.129430615624,-1.663165556252));
#5178 = CARTESIAN_POINT('',(-6.160241907117,-1.664496976254));
#5179 = CARTESIAN_POINT('',(-6.191005701018,-1.665487352953));
#5180 = CARTESIAN_POINT('',(-6.221739152184,-1.666134171014));
#5181 = CARTESIAN_POINT('',(-6.25245965178,-1.666436285594));
#5182 = CARTESIAN_POINT('',(-6.28318530718,-1.666393865249));
#5183 = ( GEOMETRIC_REPRESENTATION_CONTEXT(2) 
PARAMETRIC_REPRESENTATION_CONTEXT() REPRESENTATION_CONTEXT('2D SPACE',''
  ) );
#5184 = FACE_BOUND('',#5185,.F.);
#5185 = EDGE_LOOP('',(#5186));
#5186 = ORIENTED_EDGE('',*,*,#5187,.T.);
#5187 = EDGE_CURVE('',#5188,#5188,#5190,.T.);
#5188 = VERTEX_POINT('',#5189);
#5189 = CARTESIAN_POINT('',(36.641969461078,3.794149874784,
    76.864002157131));
#5190 = SURFACE_CURVE('',#5191,(#5355,#5522),.PCURVE_S1.);
#5191 = B_SPLINE_CURVE_WITH_KNOTS('',8,(#5192,#5193,#5194,#5195,#5196,
    #5197,#5198,#5199,#5200,#5201,#5202,#5203,#5204,#5205,#5206,#5207,
    #5208,#5209,#5210,#5211,#5212,#5213,#5214,#5215,#5216,#5217,#5218,
    #5219,#5220,#5221,#5222,#5223,#5224,#5225,#5226,#5227,#5228,#5229,
    #5230,#5231,#5232,#5233,#5234,#5235,#5236,#5237,#5238,#5239,#5240,
    #5241,#5242,#5243,#5244,#5245,#5246,#5247,#5248,#5249,#5250,#5251,
    #5252,#5253,#5254,#5255,#5256,#5257,#5258,#5259,#5260,#5261,#5262,
    #5263,#5264,#5265,#5266,#5267,#5268,#5269,#5270,#5271,#5272,#5273,
    #5274,#5275,#5276,#5277,#5278,#5279,#5280,#5281,#5282,#5283,#5284,
    #5285,#5286,#5287,#5288,#5289,#5290,#5291,#5292,#5293,#5294,#5295,
    #5296,#5297,#5298,#5299,#5300,#5301,#5302,#5303,#5304,#5305,#5306,
    #5307,#5308,#5309,#5310,#5311,#5312,#5313,#5314,#5315,#5316,#5317,
    #5318,#5319,#5320,#5321,#5322,#5323,#5324,#5325,#5326,#5327,#5328,
    #5329,#5330,#5331,#5332,#5333,#5334,#5335,#5336,#5337,#5338,#5339,
    #5340,#5341,#5342,#5343,#5344,#5345,#5346,#5347,#5348,#5349,#5350,
    #5351,#5352,#5353,#5354),.UNSPECIFIED.,.T.,.F.,(9,7,7,7,7,7,7,7,7,7,
    7,7,7,7,7,7,7,7,7,7,7,7,7,9),(0.,0.130429913328,0.171435295789,
    0.202131462773,0.218034611498,0.249773542516,0.271573546826,
    0.281513677567,0.29741671642,0.32811302681,0.369362988542,
    0.402800766143,0.429090845904,0.501013542555,0.572705248761,
    0.59913133147,0.632383974575,0.672804007271,0.703014137285,
    0.749587558111,0.796421441539,0.826631748114,0.867052017044,1.),
  .UNSPECIFIED.);
#5192 = CARTESIAN_POINT('',(36.64196946104,3.79414987478,76.864002156704
    ));
#5193 = CARTESIAN_POINT('',(36.668917663315,3.799457147102,
    77.171458028427));
#5194 = CARTESIAN_POINT('',(36.692621757872,3.835194032974,
    77.47787582109));
#5195 = CARTESIAN_POINT('',(36.71303125792,3.901069442236,
    77.782434564297));
#5196 = CARTESIAN_POINT('',(36.729769031669,3.997822225072,
    78.083502198689));
#5197 = CARTESIAN_POINT('',(36.742254413984,4.126433717103,
    78.378868963893));
#5198 = CARTESIAN_POINT('',(36.749595696105,4.288283135181,
    78.665559693847));
#5199 = CARTESIAN_POINT('',(36.75066794753,4.484733827581,
    78.940018584834));
#5200 = CARTESIAN_POINT('',(36.74159558986,4.791762394751,
    79.278442530725));
#5201 = CARTESIAN_POINT('',(36.738638544489,4.86882957769,
    79.357665457135));
#5202 = CARTESIAN_POINT('',(36.734843558934,4.949583294952,
    79.435003502066));
#5203 = CARTESIAN_POINT('',(36.73015533823,5.034071190979,
    79.510268535832));
#5204 = CARTESIAN_POINT('',(36.724515080532,5.12232812262,
    79.583246777612));
#5205 = CARTESIAN_POINT('',(36.717861365109,5.214372836829,
    79.653700643717));
#5206 = CARTESIAN_POINT('',(36.710131040335,5.310204648353,
    79.721370595853));
#5207 = CARTESIAN_POINT('',(36.69461943452,5.484356162653,
    79.834340607166));
#5208 = CARTESIAN_POINT('',(36.687340059633,5.561015682026,
    79.880983633465));
#5209 = CARTESIAN_POINT('',(36.679395890329,5.639764439668,
    79.925787272864));
#5210 = CARTESIAN_POINT('',(36.670761092285,5.720574795726,
    79.968622404772));
#5211 = CARTESIAN_POINT('',(36.66141119173,5.80340330792,80.00935223505)
  );
#5212 = CARTESIAN_POINT('',(36.651324173631,5.888188333104,
    80.047834947625));
#5213 = CARTESIAN_POINT('',(36.640481579877,5.974847628814,
    80.083926356107));
#5214 = CARTESIAN_POINT('',(36.622853647083,6.109089128206,
    80.134867436993));
#5215 = CARTESIAN_POINT('',(36.616631276566,6.155376471785,
    80.15157163704));
#5216 = CARTESIAN_POINT('',(36.610200693485,6.202122724194,
    80.167575047993));
#5217 = CARTESIAN_POINT('',(36.603560466205,6.249310891247,
    80.182857662033));
#5218 = CARTESIAN_POINT('',(36.596709600554,6.296922145656,
    80.197399761816));
#5219 = CARTESIAN_POINT('',(36.589647606492,6.344935726758,
    80.211182111213));
#5220 = CARTESIAN_POINT('',(36.582374564781,6.393328840227,
    80.224186146047));
#5221 = CARTESIAN_POINT('',(36.559956151306,6.539365495476,
    80.260758488699));
#5222 = CARTESIAN_POINT('',(36.544181025837,6.638081926814,
    80.281955756725));
#5223 = CARTESIAN_POINT('',(36.527573866629,6.738010808556,
    80.299840103268));
#5224 = CARTESIAN_POINT('',(36.510151038748,6.838919016354,
    80.31428588844));
#5225 = CARTESIAN_POINT('',(36.491938421547,6.940555029911,
    80.325192227688));
#5226 = CARTESIAN_POINT('',(36.472972607264,7.04264861812,
    80.332487521382));
#5227 = CARTESIAN_POINT('',(36.453302099623,7.144910524205,
    80.336133984399));
#5228 = CARTESIAN_POINT('',(36.419036048566,7.31717477476,
    80.336130933404));
#5229 = CARTESIAN_POINT('',(36.404778658743,7.387259000688,
    80.334408658488));
#5230 = CARTESIAN_POINT('',(36.39023561135,7.457187792671,
    80.330965254849));
#5231 = CARTESIAN_POINT('',(36.375427421152,7.526867910164,
    80.32580896336));
#5232 = CARTESIAN_POINT('',(36.360375724253,7.596209865034,
    80.318955825553));
#5233 = CARTESIAN_POINT('',(36.345103153052,7.665127878538,
    80.310429147288));
#5234 = CARTESIAN_POINT('',(36.329633211208,7.7335398383,80.300258962421
    ));
#5235 = CARTESIAN_POINT('',(36.306857393692,7.832294469025,
    80.28311133464));
#5236 = CARTESIAN_POINT('',(36.299688519955,7.863100675046,
    80.27740690021));
#5237 = CARTESIAN_POINT('',(36.29248576603,7.893778721739,
    80.271371606195));
#5238 = CARTESIAN_POINT('',(36.285251357822,7.924321751334,
    80.265009054979));
#5239 = CARTESIAN_POINT('',(36.277987508492,7.95472319991,
    80.258323038322));
#5240 = CARTESIAN_POINT('',(36.270696418457,7.98497679739,
    80.251317537362));
#5241 = CARTESIAN_POINT('',(36.263380275388,8.015076567545,
    80.243996722613));
#5242 = CARTESIAN_POINT('',(36.244299684418,8.092917719604,
    80.224155022681));
#5243 = CARTESIAN_POINT('',(36.232499510209,8.140410452093,
    80.211149074945));
#5244 = CARTESIAN_POINT('',(36.220649607909,8.18747172159,80.19736481469
    ));
#5245 = CARTESIAN_POINT('',(36.208758626089,8.234080439825,
    80.182820808329));
#5246 = CARTESIAN_POINT('',(36.196834962351,8.280217615934,
    80.16753629401));
#5247 = CARTESIAN_POINT('',(36.184886740108,8.325866238284,
    80.151530990869));
#5248 = CARTESIAN_POINT('',(36.172921785373,8.371011156283,
    80.134824908285));
#5249 = CARTESIAN_POINT('',(36.137834838378,8.501780296241,
    80.083877954696));
#5250 = CARTESIAN_POINT('',(36.114688289922,8.585992613344,
    80.047782527658));
#5251 = CARTESIAN_POINT('',(36.091560985069,8.668183979544,
    80.009295793275));
#5252 = CARTESIAN_POINT('',(36.068501450012,8.748285489332,
    79.968561949599));
#5253 = CARTESIAN_POINT('',(36.045553613566,8.826248629371,
    79.925722821996));
#5254 = CARTESIAN_POINT('',(36.022756710498,8.902042642237,
    79.880915211668));
#5255 = CARTESIAN_POINT('',(36.000145184855,8.975651890144,
    79.834268244173));
#5256 = CARTESIAN_POINT('',(35.947651863981,9.143049804505,
    79.720904026783));
#5257 = CARTESIAN_POINT('',(35.917946398446,9.235065538581,
    79.652807312365));
#5258 = CARTESIAN_POINT('',(35.888701469649,9.323123485453,
    79.581895178626));
#5259 = CARTESIAN_POINT('',(35.85997665472,9.407247815199,
    79.508431656328));
#5260 = CARTESIAN_POINT('',(35.83182229931,9.487480311097,
    79.432658314433));
#5261 = CARTESIAN_POINT('',(35.804279981944,9.563876877301,
    79.354792371488));
#5262 = CARTESIAN_POINT('',(35.777382978368,9.636504046516,79.275024807)
  );
#5263 = CARTESIAN_POINT('',(35.729897370491,9.761312247366,
    79.127448334551));
#5264 = CARTESIAN_POINT('',(35.709080392981,9.814756392703,
    79.060240670167));
#5265 = CARTESIAN_POINT('',(35.688720176126,9.865805480124,
    78.991985008008));
#5266 = CARTESIAN_POINT('',(35.66882940597,9.914496390062,
    78.922764395761));
#5267 = CARTESIAN_POINT('',(35.649419156278,9.960865261146,
    78.852655422094));
#5268 = CARTESIAN_POINT('',(35.630498972977,10.004947424407,
    78.781728238292));
#5269 = CARTESIAN_POINT('',(35.612076958586,10.04677733748,
    78.710046579883));
#5270 = CARTESIAN_POINT('',(35.58007273505,10.117532368402,
    78.580760770498));
#5271 = CARTESIAN_POINT('',(35.56629801506,10.147304092694,
    78.523423877731));
#5272 = CARTESIAN_POINT('',(35.552839089974,10.175719606892,
    78.465685486672));
#5273 = CARTESIAN_POINT('',(35.539699091424,10.202794034893,
    78.407572542364));
#5274 = CARTESIAN_POINT('',(35.526880889373,10.228541709282,
    78.349110558188));
#5275 = CARTESIAN_POINT('',(35.514387092115,10.252976171325,
    78.290323615867));
#5276 = CARTESIAN_POINT('',(35.502220046279,10.276110170978,
    78.231234365465));
#5277 = CARTESIAN_POINT('',(35.457995630498,10.357719159017,
    78.009442496121));
#5278 = CARTESIAN_POINT('',(35.428073943887,10.407833292153,
    77.844934150789));
#5279 = CARTESIAN_POINT('',(35.400655563341,10.448553371987,
    77.678756125105));
#5280 = CARTESIAN_POINT('',(35.375777003661,10.480069690823,
    77.511292314179));
#5281 = CARTESIAN_POINT('',(35.353470191635,10.502525157963,
    77.342897159049));
#5282 = CARTESIAN_POINT('',(35.33376222153,10.51602237182,
    77.173897823964));
#5283 = CARTESIAN_POINT('',(35.316677182539,10.520620133733,
    77.004594764454));
#5284 = CARTESIAN_POINT('',(35.287849300818,10.512032485714,
    76.666470449439));
#5285 = CARTESIAN_POINT('',(35.27609478581,10.498905710605,
    76.497711635262));
#5286 = CARTESIAN_POINT('',(35.266997703739,10.476952141493,
    76.329253915174));
#5287 = CARTESIAN_POINT('',(35.260584977501,10.446128920522,
    76.161395768134));
#5288 = CARTESIAN_POINT('',(35.256885238921,10.406350807443,
    75.994463448813));
#5289 = CARTESIAN_POINT('',(35.255927169433,10.357493139779,
    75.828811680294));
#5290 = CARTESIAN_POINT('',(35.25774020485,10.299384214386,
    75.664826071157));
#5291 = CARTESIAN_POINT('',(35.264059611096,10.206870300411,
    75.443250180193));
#5292 = CARTESIAN_POINT('',(35.26614257871,10.180665241312,
    75.383858944298));
#5293 = CARTESIAN_POINT('',(35.268608125205,10.153160617631,
    75.32477546075));
#5294 = CARTESIAN_POINT('',(35.271457860517,10.124344344166,
    75.266023175966));
#5295 = CARTESIAN_POINT('',(35.274693386368,10.094203546001,
    75.207627071307));
#5296 = CARTESIAN_POINT('',(35.278316296266,10.062724558507,
    75.149613663071));
#5297 = CARTESIAN_POINT('',(35.282328175501,10.029892927343,
    75.092011002502));
#5298 = CARTESIAN_POINT('',(35.292270290506,9.95265924374,
    74.962919798905));
#5299 = CARTESIAN_POINT('',(35.298428207037,9.907460212808,
    74.891689934393));
#5300 = CARTESIAN_POINT('',(35.305207558876,9.86006506993,
    74.821216979602));
#5301 = CARTESIAN_POINT('',(35.312611311551,9.81044185428,
    74.751565408134));
#5302 = CARTESIAN_POINT('',(35.320642110139,9.758557934074,
    74.682806306642));
#5303 = CARTESIAN_POINT('',(35.329302201415,9.704380050712,
    74.61501741164));
#5304 = CARTESIAN_POINT('',(35.338593356001,9.64787436293,
    74.548283146304));
#5305 = CARTESIAN_POINT('',(35.360579156404,9.517450034408,
    74.402968998712));
#5306 = CARTESIAN_POINT('',(35.373574597924,9.442409894079,
    74.324943698511));
#5307 = CARTESIAN_POINT('',(35.387505934184,9.363821088924,
    74.248777474047));
#5308 = CARTESIAN_POINT('',(35.402373169055,9.281626488251,
    74.17465637697));
#5309 = CARTESIAN_POINT('',(35.418172750096,9.195779999133,
    74.102791993927));
#5310 = CARTESIAN_POINT('',(35.434896827471,9.10624975384,
    74.033419647287));
#5311 = CARTESIAN_POINT('',(35.452532512871,9.013021297274,
    73.966796595853));
#5312 = CARTESIAN_POINT('',(35.484909523753,8.843661901846,
    73.855668005063));
#5313 = CARTESIAN_POINT('',(35.49925567974,8.769166069838,
    73.809830291574));
#5314 = CARTESIAN_POINT('',(35.514091090978,8.692620165189,
    73.765804323269));
#5315 = CARTESIAN_POINT('',(35.529404240472,8.614043571829,
    73.723717576659));
#5316 = CARTESIAN_POINT('',(35.545180256079,8.53347063392,
    73.683705139597));
#5317 = CARTESIAN_POINT('',(35.561400556939,8.450953118976,
    73.645907074257));
#5318 = CARTESIAN_POINT('',(35.578042499904,8.366562680982,
    73.610465780114));
#5319 = CARTESIAN_POINT('',(35.621343371649,8.147550408037,
    73.52673769867));
#5320 = CARTESIAN_POINT('',(35.64856114385,8.01040052923,73.48186014931)
  );
#5321 = CARTESIAN_POINT('',(35.676614530531,7.86938575659,73.44346346895
    ));
#5322 = CARTESIAN_POINT('',(35.7053653457,7.725048703651,73.412067693165
    ));
#5323 = CARTESIAN_POINT('',(35.734657644643,7.5780397654,73.388122380191
    ));
#5324 = CARTESIAN_POINT('',(35.764319010025,7.429126672478,
    73.371975102189));
#5325 = CARTESIAN_POINT('',(35.794160508878,7.279206362166,
    73.363826180573));
#5326 = CARTESIAN_POINT('',(35.853956871891,6.978593723611,
    73.363512274926));
#5327 = CARTESIAN_POINT('',(35.883932835809,6.827794194273,
    73.371436829377));
#5328 = CARTESIAN_POINT('',(35.91369203525,6.677980204702,
    73.387454865781));
#5329 = CARTESIAN_POINT('',(35.943062362214,6.530069697005,
    73.411366170729));
#5330 = CARTESIAN_POINT('',(35.971906574897,6.384852755409,
    73.442819347193));
#5331 = CARTESIAN_POINT('',(36.000117718649,6.243002734435,
    73.481358205366));
#5332 = CARTESIAN_POINT('',(36.027614170693,6.105084688684,
    73.526453977525));
#5333 = CARTESIAN_POINT('',(36.071570196332,5.885431402266,
    73.610465780099));
#5334 = CARTESIAN_POINT('',(36.088489868317,5.801096208009,
    73.645907074257));
#5335 = CARTESIAN_POINT('',(36.105082350191,5.718652724472,
    73.683705139604));
#5336 = CARTESIAN_POINT('',(36.121341140701,5.638175816462,
    73.723717576662));
#5337 = CARTESIAN_POINT('',(36.137263595755,5.559720421512,
    73.765804323265));
#5338 = CARTESIAN_POINT('',(36.152850312481,5.483323960814,
    73.809830291569));
#5339 = CARTESIAN_POINT('',(36.168104513285,5.409008750147,
    73.855668005064));
#5340 = CARTESIAN_POINT('',(36.203003090353,5.24015092542,
    73.966796595853));
#5341 = CARTESIAN_POINT('',(36.222386827323,5.14727017793,
    74.033419647287));
#5342 = CARTESIAN_POINT('',(36.241197536105,5.058154989431,
    74.102791993928));
#5343 = CARTESIAN_POINT('',(36.259452655672,4.972796937294,
    74.17465637697));
#5344 = CARTESIAN_POINT('',(36.277171633576,4.891169583578,
    74.248777474047));
#5345 = CARTESIAN_POINT('',(36.294375390847,4.813231703433,
    74.32494369851));
#5346 = CARTESIAN_POINT('',(36.311085786877,4.738930513501,
    74.402968998713));
#5347 = CARTESIAN_POINT('',(36.380738431041,4.43557835267,
    74.744923627484));
#5348 = CARTESIAN_POINT('',(36.428955416214,4.242071055447,
    75.025054021522));
#5349 = CARTESIAN_POINT('',(36.472923768067,4.084748968603,
    75.317900180943));
#5350 = CARTESIAN_POINT('',(36.513166383671,3.962083546637,
    75.619630714483));
#5351 = CARTESIAN_POINT('',(36.550070513163,3.872513964983,
    75.92709436609));
#5352 = CARTESIAN_POINT('',(36.583818324613,3.814996589293,
    76.237947814867));
#5353 = CARTESIAN_POINT('',(36.61449315347,3.788738595529,
    76.550521056537));
#5354 = CARTESIAN_POINT('',(36.641969461078,3.794149874784,
    76.864002157131));
#5355 = PCURVE('',#516,#5356);
#5356 = DEFINITIONAL_REPRESENTATION('',(#5357),#5521);
#5357 = B_SPLINE_CURVE_WITH_KNOTS('',8,(#5358,#5359,#5360,#5361,#5362,
    #5363,#5364,#5365,#5366,#5367,#5368,#5369,#5370,#5371,#5372,#5373,
    #5374,#5375,#5376,#5377,#5378,#5379,#5380,#5381,#5382,#5383,#5384,
    #5385,#5386,#5387,#5388,#5389,#5390,#5391,#5392,#5393,#5394,#5395,
    #5396,#5397,#5398,#5399,#5400,#5401,#5402,#5403,#5404,#5405,#5406,
    #5407,#5408,#5409,#5410,#5411,#5412,#5413,#5414,#5415,#5416,#5417,
    #5418,#5419,#5420,#5421,#5422,#5423,#5424,#5425,#5426,#5427,#5428,
    #5429,#5430,#5431,#5432,#5433,#5434,#5435,#5436,#5437,#5438,#5439,
    #5440,#5441,#5442,#5443,#5444,#5445,#5446,#5447,#5448,#5449,#5450,
    #5451,#5452,#5453,#5454,#5455,#5456,#5457,#5458,#5459,#5460,#5461,
    #5462,#5463,#5464,#5465,#5466,#5467,#5468,#5469,#5470,#5471,#5472,
    #5473,#5474,#5475,#5476,#5477,#5478,#5479,#5480,#5481,#5482,#5483,
    #5484,#5485,#5486,#5487,#5488,#5489,#5490,#5491,#5492,#5493,#5494,
    #5495,#5496,#5497,#5498,#5499,#5500,#5501,#5502,#5503,#5504,#5505,
    #5506,#5507,#5508,#5509,#5510,#5511,#5512,#5513,#5514,#5515,#5516,
    #5517,#5518,#5519,#5520),.UNSPECIFIED.,.T.,.F.,(9,7,7,7,7,7,7,7,7,7,
    7,7,7,7,7,7,7,7,7,7,7,7,7,9),(0.,0.130429913328,0.171435295789,
    0.202131462773,0.218034611498,0.249773542516,0.271573546826,
    0.281513677567,0.29741671642,0.32811302681,0.369362988542,
    0.402800766143,0.429090845904,0.501013542555,0.572705248761,
    0.59913133147,0.632383974575,0.672804007271,0.703014137285,
    0.749587558111,0.796421441539,0.826631748114,0.867052017044,1.),
  .UNSPECIFIED.);
#5358 = CARTESIAN_POINT('',(0.103178850634,48.864002156704));
#5359 = CARTESIAN_POINT('',(0.103246810389,49.171458028427));
#5360 = CARTESIAN_POINT('',(0.10414537341,49.477875821094));
#5361 = CARTESIAN_POINT('',(0.10586435482,49.782434564288));
#5362 = CARTESIAN_POINT('',(0.108422364202,50.083502198699));
#5363 = CARTESIAN_POINT('',(0.111845046396,50.378868963888));
#5364 = CARTESIAN_POINT('',(0.116169804151,50.665559693848));
#5365 = CARTESIAN_POINT('',(0.121434762954,50.940018584834));
#5366 = CARTESIAN_POINT('',(0.129686340614,51.278442530725));
#5367 = CARTESIAN_POINT('',(0.131759027734,51.357665457135));
#5368 = CARTESIAN_POINT('',(0.13393238982,51.435003502066));
#5369 = CARTESIAN_POINT('',(0.136207872053,51.510268535832));
#5370 = CARTESIAN_POINT('',(0.138586606157,51.583246777612));
#5371 = CARTESIAN_POINT('',(0.141069323606,51.653700643717));
#5372 = CARTESIAN_POINT('',(0.143656268811,51.721370595853));
#5373 = CARTESIAN_POINT('',(0.148361447444,51.834340607166));
#5374 = CARTESIAN_POINT('',(0.150433853951,51.880983633465));
#5375 = CARTESIAN_POINT('',(0.152564073185,51.925787272864));
#5376 = CARTESIAN_POINT('',(0.154751498177,51.968622404772));
#5377 = CARTESIAN_POINT('',(0.156995106461,52.00935223505));
#5378 = CARTESIAN_POINT('',(0.1592933929,52.047834947625));
#5379 = CARTESIAN_POINT('',(0.161644302497,52.083926356107));
#5380 = CARTESIAN_POINT('',(0.165289007279,52.134867436993));
#5381 = CARTESIAN_POINT('',(0.166546240851,52.15157163704));
#5382 = CARTESIAN_POINT('',(0.16781647512,52.167575047993));
#5383 = CARTESIAN_POINT('',(0.169099274628,52.182857662033));
#5384 = CARTESIAN_POINT('',(0.170394154289,52.197399761816));
#5385 = CARTESIAN_POINT('',(0.171700576398,52.211182111213));
#5386 = CARTESIAN_POINT('',(0.173017947641,52.224186146047));
#5387 = CARTESIAN_POINT('',(0.176995328998,52.260758488699));
#5388 = CARTESIAN_POINT('',(0.179686467586,52.281955756725));
#5389 = CARTESIAN_POINT('',(0.18241338959,52.299840103268));
#5390 = CARTESIAN_POINT('',(0.185169951747,52.31428588844));
#5391 = CARTESIAN_POINT('',(0.187949490653,52.325192227688));
#5392 = CARTESIAN_POINT('',(0.190744803591,52.332487521382));
#5393 = CARTESIAN_POINT('',(0.193548129364,52.336133984399));
#5394 = CARTESIAN_POINT('',(0.198276380066,52.336130933404));
#5395 = CARTESIAN_POINT('',(0.20020169056,52.334408658488));
#5396 = CARTESIAN_POINT('',(0.202124440076,52.330965254849));
#5397 = CARTESIAN_POINT('',(0.204042101602,52.32580896336));
#5398 = CARTESIAN_POINT('',(0.205952240336,52.318955825553));
#5399 = CARTESIAN_POINT('',(0.207852512382,52.310429147288));
#5400 = CARTESIAN_POINT('',(0.209740663441,52.300258962421));
#5401 = CARTESIAN_POINT('',(0.212468951829,52.28311133464));
#5402 = CARTESIAN_POINT('',(0.213320420254,52.27740690021));
#5403 = CARTESIAN_POINT('',(0.214168735428,52.271371606195));
#5404 = CARTESIAN_POINT('',(0.215013707667,52.265009054979));
#5405 = CARTESIAN_POINT('',(0.21585515496,52.258323038322));
#5406 = CARTESIAN_POINT('',(0.216692902968,52.251317537362));
#5407 = CARTESIAN_POINT('',(0.217526785024,52.243996722613));
#5408 = CARTESIAN_POINT('',(0.219684315806,52.224155022681));
#5409 = CARTESIAN_POINT('',(0.221001690668,52.211149074945));
#5410 = CARTESIAN_POINT('',(0.222308114859,52.19736481469));
#5411 = CARTESIAN_POINT('',(0.223602995112,52.182820808329));
#5412 = CARTESIAN_POINT('',(0.224885793773,52.16753629401));
#5413 = CARTESIAN_POINT('',(0.226156025806,52.151530990869));
#5414 = CARTESIAN_POINT('',(0.227413255812,52.134824908285));
#5415 = CARTESIAN_POINT('',(0.231057974209,52.083877954696));
#5416 = CARTESIAN_POINT('',(0.233408896333,52.047782527658));
#5417 = CARTESIAN_POINT('',(0.235707189702,52.009295793275));
#5418 = CARTESIAN_POINT('',(0.237950799652,51.968561949599));
#5419 = CARTESIAN_POINT('',(0.240138221373,51.925722821996));
#5420 = CARTESIAN_POINT('',(0.24226843272,51.880915211668));
#5421 = CARTESIAN_POINT('',(0.244340827026,51.834268244173));
#5422 = CARTESIAN_POINT('',(0.249062004704,51.720904026783));
#5423 = CARTESIAN_POINT('',(0.251663711638,51.652807312365));
#5424 = CARTESIAN_POINT('',(0.254159936306,51.581895178626));
#5425 = CARTESIAN_POINT('',(0.256550933438,51.508431656328));
#5426 = CARTESIAN_POINT('',(0.258837453994,51.432658314433));
#5427 = CARTESIAN_POINT('',(0.261020656251,51.354792371488));
#5428 = CARTESIAN_POINT('',(0.263102016895,51.275024806999));
#5429 = CARTESIAN_POINT('',(0.266689250084,51.127448334551));
#5430 = CARTESIAN_POINT('',(0.268229339371,51.060240670167));
#5431 = CARTESIAN_POINT('',(0.269704368545,50.991985008008));
#5432 = CARTESIAN_POINT('',(0.27111518525,50.922764395761));
#5433 = CARTESIAN_POINT('',(0.27246262479,50.852655422094));
#5434 = CARTESIAN_POINT('',(0.273747508723,50.781728238292));
#5435 = CARTESIAN_POINT('',(0.274970643458,50.710046579883));
#5436 = CARTESIAN_POINT('',(0.277046566286,50.580760770498));
#5437 = CARTESIAN_POINT('',(0.277922613667,50.523423877731));
#5438 = CARTESIAN_POINT('',(0.278761333899,50.465685486672));
#5439 = CARTESIAN_POINT('',(0.279563080627,50.407572542364));
#5440 = CARTESIAN_POINT('',(0.280328188229,50.349110558188));
#5441 = CARTESIAN_POINT('',(0.281056971817,50.290323615867));
#5442 = CARTESIAN_POINT('',(0.281749727236,50.231234365465));
#5443 = CARTESIAN_POINT('',(0.284204119572,50.009442496121));
#5444 = CARTESIAN_POINT('',(0.285733756703,49.844934150789));
#5445 = CARTESIAN_POINT('',(0.287001611318,49.678756125105));
#5446 = CARTESIAN_POINT('',(0.288011956751,49.511292314179));
#5447 = CARTESIAN_POINT('',(0.288767857923,49.342897159049));
#5448 = CARTESIAN_POINT('',(0.289271364144,49.173897823964));
#5449 = CARTESIAN_POINT('',(0.289523407615,49.004594764454));
#5450 = CARTESIAN_POINT('',(0.289523407615,48.666470449439));
#5451 = CARTESIAN_POINT('',(0.289272979987,48.497711635262));
#5452 = CARTESIAN_POINT('',(0.288771892567,48.329253915174));
#5453 = CARTESIAN_POINT('',(0.288018412067,48.161395768134));
#5454 = CARTESIAN_POINT('',(0.287009688454,47.994463448813));
#5455 = CARTESIAN_POINT('',(0.285741843982,47.828811680294));
#5456 = CARTESIAN_POINT('',(0.284209766888,47.664826071157));
#5457 = CARTESIAN_POINT('',(0.281741952957,47.443250180193));
#5458 = CARTESIAN_POINT('',(0.281040488368,47.383858944298));
#5459 = CARTESIAN_POINT('',(0.280301888352,47.32477546075));
#5460 = CARTESIAN_POINT('',(0.279525804688,47.266023175966));
#5461 = CARTESIAN_POINT('',(0.278711868564,47.207627071307));
#5462 = CARTESIAN_POINT('',(0.277859690583,47.149613663071));
#5463 = CARTESIAN_POINT('',(0.276968860755,47.092011002502));
#5464 = CARTESIAN_POINT('',(0.274868815174,46.962919798905));
#5465 = CARTESIAN_POINT('',(0.273636827435,46.891689934393));
#5466 = CARTESIAN_POINT('',(0.272342104088,46.821216979602));
#5467 = CARTESIAN_POINT('',(0.270983747101,46.751565408134));
#5468 = CARTESIAN_POINT('',(0.269560843545,46.682806306642));
#5469 = CARTESIAN_POINT('',(0.268072467525,46.61501741164));
#5470 = CARTESIAN_POINT('',(0.266517682123,46.548283146304));
#5471 = CARTESIAN_POINT('',(0.262923758692,46.402968998712));
#5472 = CARTESIAN_POINT('',(0.26085263613,46.324943698511));
#5473 = CARTESIAN_POINT('',(0.258680385433,46.248777474047));
#5474 = CARTESIAN_POINT('',(0.256405447178,46.17465637697));
#5475 = CARTESIAN_POINT('',(0.25402658234,46.102791993927));
#5476 = CARTESIAN_POINT('',(0.251542963908,46.033419647287));
#5477 = CARTESIAN_POINT('',(0.248954268498,45.966796595853));
#5478 = CARTESIAN_POINT('',(0.244247632511,45.855668005063));
#5479 = CARTESIAN_POINT('',(0.242176103726,45.809830291574));
#5480 = CARTESIAN_POINT('',(0.240046414734,45.765804323269));
#5481 = CARTESIAN_POINT('',(0.237859153571,45.723717576659));
#5482 = CARTESIAN_POINT('',(0.235615331862,45.683705139597));
#5483 = CARTESIAN_POINT('',(0.233316453476,45.645907074257));
#5484 = CARTESIAN_POINT('',(0.230964583198,45.610465780114));
#5485 = CARTESIAN_POINT('',(0.224859115462,45.52673769867));
#5486 = CARTESIAN_POINT('',(0.221034070765,45.48186014931));
#5487 = CARTESIAN_POINT('',(0.217099869547,45.44346346895));
#5488 = CARTESIAN_POINT('',(0.213071945833,45.412067693165));
#5489 = CARTESIAN_POINT('',(0.208968759864,45.388122380191));
#5490 = CARTESIAN_POINT('',(0.204812041728,45.371975102189));
#5491 = CARTESIAN_POINT('',(0.200627098224,45.363826180573));
#5492 = CARTESIAN_POINT('',(0.192235869016,45.363512274926));
#5493 = CARTESIAN_POINT('',(0.188026591881,45.371436829377));
#5494 = CARTESIAN_POINT('',(0.183845150076,45.387454865781));
#5495 = CARTESIAN_POINT('',(0.179717328579,45.411366170729));
#5496 = CARTESIAN_POINT('',(0.175665273663,45.442819347193));
#5497 = CARTESIAN_POINT('',(0.171707803606,45.481358205366));
#5498 = CARTESIAN_POINT('',(0.167860655236,45.526453977525));
#5499 = CARTESIAN_POINT('',(0.1617344985,45.610465780099));
#5500 = CARTESIAN_POINT('',(0.159382628223,45.645907074257));
#5501 = CARTESIAN_POINT('',(0.157083749837,45.683705139604));
#5502 = CARTESIAN_POINT('',(0.154839928127,45.723717576662));
#5503 = CARTESIAN_POINT('',(0.152652666965,45.765804323265));
#5504 = CARTESIAN_POINT('',(0.150522977973,45.809830291569));
#5505 = CARTESIAN_POINT('',(0.148451449188,45.855668005064));
#5506 = CARTESIAN_POINT('',(0.143744813201,45.966796595853));
#5507 = CARTESIAN_POINT('',(0.141156117791,46.033419647287));
#5508 = CARTESIAN_POINT('',(0.138672499359,46.102791993928));
#5509 = CARTESIAN_POINT('',(0.136293634521,46.17465637697));
#5510 = CARTESIAN_POINT('',(0.134018696266,46.248777474047));
#5511 = CARTESIAN_POINT('',(0.131846445568,46.32494369851));
#5512 = CARTESIAN_POINT('',(0.129775323006,46.402968998713));
#5513 = CARTESIAN_POINT('',(0.121318068342,46.744923627484));
#5514 = CARTESIAN_POINT('',(0.115919482056,47.025054021521));
#5515 = CARTESIAN_POINT('',(0.11152297333,47.317900180946));
#5516 = CARTESIAN_POINT('',(0.108083143342,47.619630714479));
#5517 = CARTESIAN_POINT('',(0.105554002831,47.927094366095));
#5518 = CARTESIAN_POINT('',(0.103904212439,48.237947814865));
#5519 = CARTESIAN_POINT('',(0.103109559067,48.550521056537));
#5520 = CARTESIAN_POINT('',(0.103178850634,48.864002157131));
#5521 = ( GEOMETRIC_REPRESENTATION_CONTEXT(2) 
PARAMETRIC_REPRESENTATION_CONTEXT() REPRESENTATION_CONTEXT('2D SPACE',''
  ) );
#5522 = PCURVE('',#5523,#5528);
#5523 = CONICAL_SURFACE('',#5524,4.185714285714,0.428778027446);
#5524 = AXIS2_PLACEMENT_3D('',#5525,#5526,#5527);
#5525 = CARTESIAN_POINT('',(37.594212100916,7.477953728766,
    76.71698379489));
#5526 = DIRECTION('',(0.976927188092,0.194322899741,-8.861083344205E-02)
  );
#5527 = DIRECTION('',(0.195090322016,-0.980785280403,-2.211711532122E-16
    ));
#5528 = DEFINITIONAL_REPRESENTATION('',(#5529),#5693);
#5529 = B_SPLINE_CURVE_WITH_KNOTS('',8,(#5530,#5531,#5532,#5533,#5534,
    #5535,#5536,#5537,#5538,#5539,#5540,#5541,#5542,#5543,#5544,#5545,
    #5546,#5547,#5548,#5549,#5550,#5551,#5552,#5553,#5554,#5555,#5556,
    #5557,#5558,#5559,#5560,#5561,#5562,#5563,#5564,#5565,#5566,#5567,
    #5568,#5569,#5570,#5571,#5572,#5573,#5574,#5575,#5576,#5577,#5578,
    #5579,#5580,#5581,#5582,#5583,#5584,#5585,#5586,#5587,#5588,#5589,
    #5590,#5591,#5592,#5593,#5594,#5595,#5596,#5597,#5598,#5599,#5600,
    #5601,#5602,#5603,#5604,#5605,#5606,#5607,#5608,#5609,#5610,#5611,
    #5612,#5613,#5614,#5615,#5616,#5617,#5618,#5619,#5620,#5621,#5622,
    #5623,#5624,#5625,#5626,#5627,#5628,#5629,#5630,#5631,#5632,#5633,
    #5634,#5635,#5636,#5637,#5638,#5639,#5640,#5641,#5642,#5643,#5644,
    #5645,#5646,#5647,#5648,#5649,#5650,#5651,#5652,#5653,#5654,#5655,
    #5656,#5657,#5658,#5659,#5660,#5661,#5662,#5663,#5664,#5665,#5666,
    #5667,#5668,#5669,#5670,#5671,#5672,#5673,#5674,#5675,#5676,#5677,
    #5678,#5679,#5680,#5681,#5682,#5683,#5684,#5685,#5686,#5687,#5688,
    #5689,#5690,#5691,#5692),.UNSPECIFIED.,.F.,.F.,(9,7,7,7,7,7,7,7,7,7,
    7,7,7,7,7,7,7,7,7,7,7,7,7,9),(0.,0.130429913328,0.171435295789,
    0.202131462773,0.218034611498,0.249773542516,0.271573546826,
    0.281513677567,0.29741671642,0.32811302681,0.369362988542,
    0.402800766143,0.429090845904,0.501013542555,0.572705248761,
    0.59913133147,0.632383974575,0.672804007271,0.703014137285,
    0.749587558111,0.796421441539,0.826631748114,0.867052017044,1.),
  .UNSPECIFIED.);
#5530 = CARTESIAN_POINT('',(1.252677961361E-10,-1.659146591111));
#5531 = CARTESIAN_POINT('',(-9.006651167022E-02,-1.659032756131));
#5532 = CARTESIAN_POINT('',(-0.179900245251,-1.656083022402));
#5533 = CARTESIAN_POINT('',(-0.270231666335,-1.650330530382));
#5534 = CARTESIAN_POINT('',(-0.361553347691,-1.641855516903));
#5535 = CARTESIAN_POINT('',(-0.454285548144,-1.630838744548));
#5536 = CARTESIAN_POINT('',(-0.548892600859,-1.617619702781));
#5537 = CARTESIAN_POINT('',(-0.645882699453,-1.602717354066));
#5538 = CARTESIAN_POINT('',(-0.777796890604,-1.581905733361));
#5539 = CARTESIAN_POINT('',(-0.809664749379,-1.576838642455));
#5540 = CARTESIAN_POINT('',(-0.841871807394,-1.571706759138));
#5541 = CARTESIAN_POINT('',(-0.874439091583,-1.566538173829));
#5542 = CARTESIAN_POINT('',(-0.90738547745,-1.561364614869));
#5543 = CARTESIAN_POINT('',(-0.940728232709,-1.556221390391));
#5544 = CARTESIAN_POINT('',(-0.974483560917,-1.551147330193));
#5545 = CARTESIAN_POINT('',(-1.034256590828,-1.542469779247));
#5546 = CARTESIAN_POINT('',(-1.060084104214,-1.538817575825));
#5547 = CARTESIAN_POINT('',(-1.086154777089,-1.535245851696));
#5548 = CARTESIAN_POINT('',(-1.112471600633,-1.531773774689));
#5549 = CARTESIAN_POINT('',(-1.139035196988,-1.528421574283));
#5550 = CARTESIAN_POINT('',(-1.165843550863,-1.525210169798));
#5551 = CARTESIAN_POINT('',(-1.192891741134,-1.52216079858));
#5552 = CARTESIAN_POINT('',(-1.234304929051,-1.517809739602));
#5553 = CARTESIAN_POINT('',(-1.2485001791,-1.516374024797));
#5554 = CARTESIAN_POINT('',(-1.262756090891,-1.514990444506));
#5555 = CARTESIAN_POINT('',(-1.277071080693,-1.513661926783));
#5556 = CARTESIAN_POINT('',(-1.291443282986,-1.512391354263));
#5557 = CARTESIAN_POINT('',(-1.305870520724,-1.511181535426));
#5558 = CARTESIAN_POINT('',(-1.320350275583,-1.510035175841));
#5559 = CARTESIAN_POINT('',(-1.363876876371,-1.506798772926));
#5560 = CARTESIAN_POINT('',(-1.393076323814,-1.504905366288));
#5561 = CARTESIAN_POINT('',(-1.422449629373,-1.50329562842));
#5562 = CARTESIAN_POINT('',(-1.451967749924,-1.501987740188));
#5563 = CARTESIAN_POINT('',(-1.481599705793,-1.500996356037));
#5564 = CARTESIAN_POINT('',(-1.511311316155,-1.500331895603));
#5565 = CARTESIAN_POINT('',(-1.541063934439,-1.499999835323));
#5566 = CARTESIAN_POINT('',(-1.591246567653,-1.500000113189));
#5567 = CARTESIAN_POINT('',(-1.611680586463,-1.500156962714));
#5568 = CARTESIAN_POINT('',(-1.632101668243,-1.50047057261));
#5569 = CARTESIAN_POINT('',(-1.652497201392,-1.50093975045));
#5570 = CARTESIAN_POINT('',(-1.672855329976,-1.501562170382));
#5571 = CARTESIAN_POINT('',(-1.693164749075,-1.502334456122));
#5572 = CARTESIAN_POINT('',(-1.713414500134,-1.503252263951));
#5573 = CARTESIAN_POINT('',(-1.742794890361,-1.504792827519));
#5574 = CARTESIAN_POINT('',(-1.751981515507,-1.505304469208));
#5575 = CARTESIAN_POINT('',(-1.761152708266,-1.505844795923));
#5576 = CARTESIAN_POINT('',(-1.770307581497,-1.506413284947));
#5577 = CARTESIAN_POINT('',(-1.779445294399,-1.507009385696));
#5578 = CARTESIAN_POINT('',(-1.788565052511,-1.507632519714));
#5579 = CARTESIAN_POINT('',(-1.797666107709,-1.508282080676));
#5580 = CARTESIAN_POINT('',(-1.821277329758,-1.510037920804));
#5581 = CARTESIAN_POINT('',(-1.835757266403,-1.511184438449));
#5582 = CARTESIAN_POINT('',(-1.850184679127,-1.512394413038));
#5583 = CARTESIAN_POINT('',(-1.864557049951,-1.513665138666));
#5584 = CARTESIAN_POINT('',(-1.878872202186,-1.514993806555));
#5585 = CARTESIAN_POINT('',(-1.893128270688,-1.516377533798));
#5586 = CARTESIAN_POINT('',(-1.907323672109,-1.517813392107));
#5587 = CARTESIAN_POINT('',(-1.948737605031,-1.522164894081));
#5588 = CARTESIAN_POINT('',(-1.975786369851,-1.525214559051));
#5589 = CARTESIAN_POINT('',(-2.002595277056,-1.528426245726));
#5590 = CARTESIAN_POINT('',(-2.029159408096,-1.531778714976));
#5591 = CARTESIAN_POINT('',(-2.055476750088,-1.535251046062));
#5592 = CARTESIAN_POINT('',(-2.081547927477,-1.538823008414));
#5593 = CARTESIAN_POINT('',(-2.107375933703,-1.542475433408));
#5594 = CARTESIAN_POINT('',(-2.167353826262,-1.551183039849));
#5595 = CARTESIAN_POINT('',(-2.201308343535,-1.55628824588));
#5596 = CARTESIAN_POINT('',(-2.234845435579,-1.561463153084));
#5597 = CARTESIAN_POINT('',(-2.267981630679,-1.566668258127));
#5598 = CARTESIAN_POINT('',(-2.300734526739,-1.571867663154));
#5599 = CARTESIAN_POINT('',(-2.333123353519,-1.577029133436));
#5600 = CARTESIAN_POINT('',(-2.365169534874,-1.582124155016));
#5601 = CARTESIAN_POINT('',(-2.422616167341,-1.591184170673));
#5602 = CARTESIAN_POINT('',(-2.448123905933,-1.595180093524));
#5603 = CARTESIAN_POINT('',(-2.473432411305,-1.599102345117));
#5604 = CARTESIAN_POINT('',(-2.498552897005,-1.602938724324));
#5605 = CARTESIAN_POINT('',(-2.523496092871,-1.606678176902));
#5606 = CARTESIAN_POINT('',(-2.548272492309,-1.610310727709));
#5607 = CARTESIAN_POINT('',(-2.572892599575,-1.613827412927));
#5608 = CARTESIAN_POINT('',(-2.616610040664,-1.61988776293));
#5609 = CARTESIAN_POINT('',(-2.635762634419,-1.622478663749));
#5610 = CARTESIAN_POINT('',(-2.654829876034,-1.624989021518));
#5611 = CARTESIAN_POINT('',(-2.673816563671,-1.627415225567));
#5612 = CARTESIAN_POINT('',(-2.692727375934,-1.629753947762));
#5613 = CARTESIAN_POINT('',(-2.711566871869,-1.632002142512));
#5614 = CARTESIAN_POINT('',(-2.730339490964,-1.634157046767));
#5615 = CARTESIAN_POINT('',(-2.800235328887,-1.641849423328));
#5616 = CARTESIAN_POINT('',(-2.85094811294,-1.646765187234));
#5617 = CARTESIAN_POINT('',(-2.901284244178,-1.650912931298));
#5618 = CARTESIAN_POINT('',(-2.95132513165,-1.654254022327));
#5619 = CARTESIAN_POINT('',(-3.001144356783,-1.656760906939));
#5620 = CARTESIAN_POINT('',(-3.050813790942,-1.658416169087));
#5621 = CARTESIAN_POINT('',(-3.100408728323,-1.659211472556));
#5622 = CARTESIAN_POINT('',(-3.199456031675,-1.659081513289));
#5623 = CARTESIAN_POINT('',(-3.248890331007,-1.658161792412));
#5624 = CARTESIAN_POINT('',(-3.298397114666,-1.656387881448));
#5625 = CARTESIAN_POINT('',(-3.348051356699,-1.653768255428));
#5626 = CARTESIAN_POINT('',(-3.39792487395,-1.650320416977));
#5627 = CARTESIAN_POINT('',(-3.448091440639,-1.646072003496));
#5628 = CARTESIAN_POINT('',(-3.49863296631,-1.641061793283));
#5629 = CARTESIAN_POINT('',(-3.568450782966,-1.63323174117));
#5630 = CARTESIAN_POINT('',(-3.587318344007,-1.631026369637));
#5631 = CARTESIAN_POINT('',(-3.606253897881,-1.628727051743));
#5632 = CARTESIAN_POINT('',(-3.625262053589,-1.626336640736));
#5633 = CARTESIAN_POINT('',(-3.644347551537,-1.623858287362));
#5634 = CARTESIAN_POINT('',(-3.663515263537,-1.621295439859));
#5635 = CARTESIAN_POINT('',(-3.6827701928,-1.618651843968));
#5636 = CARTESIAN_POINT('',(-3.726462672667,-1.612508515728));
#5637 = CARTESIAN_POINT('',(-3.750953588585,-1.608964148741));
#5638 = CARTESIAN_POINT('',(-3.775601115105,-1.605306509949));
#5639 = CARTESIAN_POINT('',(-3.800415890474,-1.601544626029));
#5640 = CARTESIAN_POINT('',(-3.825408550537,-1.597688553082));
#5641 = CARTESIAN_POINT('',(-3.850589981502,-1.593749447377));
#5642 = CARTESIAN_POINT('',(-3.875971572697,-1.589739636082));
#5643 = CARTESIAN_POINT('',(-3.93267596288,-1.580729135903));
#5644 = CARTESIAN_POINT('',(-3.964097305462,-1.575701666547));
#5645 = CARTESIAN_POINT('',(-3.995852977566,-1.570614217263));
#5646 = CARTESIAN_POINT('',(-4.027963818063,-1.565494372262));
#5647 = CARTESIAN_POINT('',(-4.060448551895,-1.560373307804));
#5648 = CARTESIAN_POINT('',(-4.09332431775,-1.555285737348));
#5649 = CARTESIAN_POINT('',(-4.126607195748,-1.550269856706));
#5650 = CARTESIAN_POINT('',(-4.185504420003,-1.541703086276));
#5651 = CARTESIAN_POINT('',(-4.210930312256,-1.538102464545));
#5652 = CARTESIAN_POINT('',(-4.236595454016,-1.534582792369));
#5653 = CARTESIAN_POINT('',(-4.262502807377,-1.531162850072));
#5654 = CARTESIAN_POINT('',(-4.288652988527,-1.527862463045));
#5655 = CARTESIAN_POINT('',(-4.315044001881,-1.524702134848));
#5656 = CARTESIAN_POINT('',(-4.341670974213,-1.521702680312));
#5657 = CARTESIAN_POINT('',(-4.409926744644,-1.514540766315));
#5658 = CARTESIAN_POINT('',(-4.451893858376,-1.510625709746));
#5659 = CARTESIAN_POINT('',(-4.494365832337,-1.50721963126));
#5660 = CARTESIAN_POINT('',(-4.537273807459,-1.504398167052));
#5661 = CARTESIAN_POINT('',(-4.580539814647,-1.502227112839));
#5662 = CARTESIAN_POINT('',(-4.624070720884,-1.500756518824));
#5663 = CARTESIAN_POINT('',(-4.667747770042,-1.500014413958));
#5664 = CARTESIAN_POINT('',(-4.755319858108,-1.499985825363));
#5665 = CARTESIAN_POINT('',(-4.799245935192,-1.500707494418));
#5666 = CARTESIAN_POINT('',(-4.843027483433,-1.502166583817));
#5667 = CARTESIAN_POINT('',(-4.886543471116,-1.5043351123));
#5668 = CARTESIAN_POINT('',(-4.929699012841,-1.507162486079));
#5669 = CARTESIAN_POINT('',(-4.972414610654,-1.510581920488));
#5670 = CARTESIAN_POINT('',(-5.014619924494,-1.514516497435));
#5671 = CARTESIAN_POINT('',(-5.083106986554,-1.521702680307));
#5672 = CARTESIAN_POINT('',(-5.109733958887,-1.524702134848));
#5673 = CARTESIAN_POINT('',(-5.136124972241,-1.527862463048));
#5674 = CARTESIAN_POINT('',(-5.162275153391,-1.531162850074));
#5675 = CARTESIAN_POINT('',(-5.188182506752,-1.534582792368));
#5676 = CARTESIAN_POINT('',(-5.213847648513,-1.538102464543));
#5677 = CARTESIAN_POINT('',(-5.239273540767,-1.541703086276));
#5678 = CARTESIAN_POINT('',(-5.298170765021,-1.550269856706));
#5679 = CARTESIAN_POINT('',(-5.33145364302,-1.555285737348));
#5680 = CARTESIAN_POINT('',(-5.364329408875,-1.560373307805));
#5681 = CARTESIAN_POINT('',(-5.396814142706,-1.565494372262));
#5682 = CARTESIAN_POINT('',(-5.428924983204,-1.570614217263));
#5683 = CARTESIAN_POINT('',(-5.460680655307,-1.575701666547));
#5684 = CARTESIAN_POINT('',(-5.49210199789,-1.580729135903));
#5685 = CARTESIAN_POINT('',(-5.625539306068,-1.601932730288));
#5686 = CARTESIAN_POINT('',(-5.724311233132,-1.617253733352));
#5687 = CARTESIAN_POINT('',(-5.820612072859,-1.630820481363));
#5688 = CARTESIAN_POINT('',(-5.914976651828,-1.642079670638));
#5689 = CARTESIAN_POINT('',(-6.007913605064,-1.6506770544));
#5690 = CARTESIAN_POINT('',(-6.09986027462,-1.656429826291));
#5691 = CARTESIAN_POINT('',(-6.191353757221,-1.659262656924));
#5692 = CARTESIAN_POINT('',(-6.28318530718,-1.65914659111));
#5693 = ( GEOMETRIC_REPRESENTATION_CONTEXT(2) 
PARAMETRIC_REPRESENTATION_CONTEXT() REPRESENTATION_CONTEXT('2D SPACE',''
  ) );
#5694 = ADVANCED_FACE('',(#5695),#3588,.T.);
#5695 = FACE_BOUND('',#5696,.T.);
#5696 = EDGE_LOOP('',(#5697,#5720,#5747,#5748));
#5697 = ORIENTED_EDGE('',*,*,#5698,.T.);
#5698 = EDGE_CURVE('',#3295,#5699,#5701,.T.);
#5699 = VERTEX_POINT('',#5700);
#5700 = CARTESIAN_POINT('',(26.38250202361,17.267417334878,
    96.190215861126));
#5701 = SEAM_CURVE('',#5702,(#5706,#5713),.PCURVE_S1.);
#5702 = LINE('',#5703,#5704);
#5703 = CARTESIAN_POINT('',(35.580979691132,18.740334778084,
    95.437023776869));
#5704 = VECTOR('',#5705,1.);
#5705 = DIRECTION('',(-0.984209488572,-0.15759774344,8.058929127593E-02)
  );
#5706 = PCURVE('',#3588,#5707);
#5707 = DEFINITIONAL_REPRESENTATION('',(#5708),#5712);
#5708 = LINE('',#5709,#5710);
#5709 = CARTESIAN_POINT('',(-6.28318530718,0.));
#5710 = VECTOR('',#5711,1.);
#5711 = DIRECTION('',(-0.,-1.));
#5712 = ( GEOMETRIC_REPRESENTATION_CONTEXT(2) 
PARAMETRIC_REPRESENTATION_CONTEXT() REPRESENTATION_CONTEXT('2D SPACE',''
  ) );
#5713 = PCURVE('',#3588,#5714);
#5714 = DEFINITIONAL_REPRESENTATION('',(#5715),#5719);
#5715 = LINE('',#5716,#5717);
#5716 = CARTESIAN_POINT('',(0.,-0.));
#5717 = VECTOR('',#5718,1.);
#5718 = DIRECTION('',(-0.,-1.));
#5719 = ( GEOMETRIC_REPRESENTATION_CONTEXT(2) 
PARAMETRIC_REPRESENTATION_CONTEXT() REPRESENTATION_CONTEXT('2D SPACE',''
  ) );
#5720 = ORIENTED_EDGE('',*,*,#5721,.F.);
#5721 = EDGE_CURVE('',#5699,#5699,#5722,.T.);
#5722 = SURFACE_CURVE('',#5723,(#5728,#5735),.PCURVE_S1.);
#5723 = CIRCLE('',#5724,0.3);
#5724 = AXIS2_PLACEMENT_3D('',#5725,#5726,#5727);
#5725 = CARTESIAN_POINT('',(26.215830953704,17.516858218568,
    96.190215861126));
#5726 = DIRECTION('',(-0.828198879572,-0.553384799279,8.861083344205E-02
    ));
#5727 = DIRECTION('',(0.55557023302,-0.831469612303,-2.211711532122E-16)
  );
#5728 = PCURVE('',#3588,#5729);
#5729 = DEFINITIONAL_REPRESENTATION('',(#5730),#5734);
#5730 = LINE('',#5731,#5732);
#5731 = CARTESIAN_POINT('',(-0.,-8.5));
#5732 = VECTOR('',#5733,1.);
#5733 = DIRECTION('',(-1.,-0.));
#5734 = ( GEOMETRIC_REPRESENTATION_CONTEXT(2) 
PARAMETRIC_REPRESENTATION_CONTEXT() REPRESENTATION_CONTEXT('2D SPACE',''
  ) );
#5735 = PCURVE('',#5736,#5741);
#5736 = PLANE('',#5737);
#5737 = AXIS2_PLACEMENT_3D('',#5738,#5739,#5740);
#5738 = CARTESIAN_POINT('',(26.215830953704,17.516858218568,
    96.190215861126));
#5739 = DIRECTION('',(-0.828198879572,-0.553384799279,8.861083344205E-02
    ));
#5740 = DIRECTION('',(0.55557023302,-0.831469612303,-2.211711532122E-16)
  );
#5741 = DEFINITIONAL_REPRESENTATION('',(#5742),#5746);
#5742 = CIRCLE('',#5743,0.3);
#5743 = AXIS2_PLACEMENT_2D('',#5744,#5745);
#5744 = CARTESIAN_POINT('',(0.,0.));
#5745 = DIRECTION('',(1.,0.));
#5746 = ( GEOMETRIC_REPRESENTATION_CONTEXT(2) 
PARAMETRIC_REPRESENTATION_CONTEXT() REPRESENTATION_CONTEXT('2D SPACE',''
  ) );
#5747 = ORIENTED_EDGE('',*,*,#5698,.F.);
#5748 = ORIENTED_EDGE('',*,*,#3294,.T.);
#5749 = ADVANCED_FACE('',(#5750),#5736,.T.);
#5750 = FACE_BOUND('',#5751,.T.);
#5751 = EDGE_LOOP('',(#5752));
#5752 = ORIENTED_EDGE('',*,*,#5721,.T.);
#5753 = ADVANCED_FACE('',(#5754),#5523,.T.);
#5754 = FACE_BOUND('',#5755,.T.);
#5755 = EDGE_LOOP('',(#5756,#5779,#5806,#5807));
#5756 = ORIENTED_EDGE('',*,*,#5757,.T.);
#5757 = EDGE_CURVE('',#5188,#5758,#5760,.T.);
#5758 = VERTEX_POINT('',#5759);
#5759 = CARTESIAN_POINT('',(29.34885809874,5.531973496848,
    77.470175879148));
#5760 = SEAM_CURVE('',#5761,(#5765,#5772),.PCURVE_S1.);
#5761 = LINE('',#5762,#5763);
#5762 = CARTESIAN_POINT('',(38.410804448783,3.372666769364,
    76.71698379489));
#5763 = VECTOR('',#5764,1.);
#5764 = DIRECTION('',(-0.969601047587,0.231039335718,8.058929127593E-02)
  );
#5765 = PCURVE('',#5523,#5766);
#5766 = DEFINITIONAL_REPRESENTATION('',(#5767),#5771);
#5767 = LINE('',#5768,#5769);
#5768 = CARTESIAN_POINT('',(-6.28318530718,0.));
#5769 = VECTOR('',#5770,1.);
#5770 = DIRECTION('',(-0.,-1.));
#5771 = ( GEOMETRIC_REPRESENTATION_CONTEXT(2) 
PARAMETRIC_REPRESENTATION_CONTEXT() REPRESENTATION_CONTEXT('2D SPACE',''
  ) );
#5772 = PCURVE('',#5523,#5773);
#5773 = DEFINITIONAL_REPRESENTATION('',(#5774),#5778);
#5774 = LINE('',#5775,#5776);
#5775 = CARTESIAN_POINT('',(0.,-0.));
#5776 = VECTOR('',#5777,1.);
#5777 = DIRECTION('',(-0.,-1.));
#5778 = ( GEOMETRIC_REPRESENTATION_CONTEXT(2) 
PARAMETRIC_REPRESENTATION_CONTEXT() REPRESENTATION_CONTEXT('2D SPACE',''
  ) );
#5779 = ORIENTED_EDGE('',*,*,#5780,.F.);
#5780 = EDGE_CURVE('',#5758,#5758,#5781,.T.);
#5781 = SURFACE_CURVE('',#5782,(#5787,#5794),.PCURVE_S1.);
#5782 = CIRCLE('',#5783,0.3);
#5783 = AXIS2_PLACEMENT_3D('',#5784,#5785,#5786);
#5784 = CARTESIAN_POINT('',(29.290331002135,5.826209080969,
    77.470175879148));
#5785 = DIRECTION('',(-0.976927188092,-0.194322899741,8.861083344205E-02
    ));
#5786 = DIRECTION('',(0.195090322016,-0.980785280403,-2.211711532122E-16
    ));
#5787 = PCURVE('',#5523,#5788);
#5788 = DEFINITIONAL_REPRESENTATION('',(#5789),#5793);
#5789 = LINE('',#5790,#5791);
#5790 = CARTESIAN_POINT('',(-0.,-8.5));
#5791 = VECTOR('',#5792,1.);
#5792 = DIRECTION('',(-1.,-0.));
#5793 = ( GEOMETRIC_REPRESENTATION_CONTEXT(2) 
PARAMETRIC_REPRESENTATION_CONTEXT() REPRESENTATION_CONTEXT('2D SPACE',''
  ) );
#5794 = PCURVE('',#5795,#5800);
#5795 = PLANE('',#5796);
#5796 = AXIS2_PLACEMENT_3D('',#5797,#5798,#5799);
#5797 = CARTESIAN_POINT('',(29.290331002135,5.826209080969,
    77.470175879148));
#5798 = DIRECTION('',(-0.976927188092,-0.194322899741,8.861083344205E-02
    ));
#5799 = DIRECTION('',(0.195090322016,-0.980785280403,-2.211711532122E-16
    ));
#5800 = DEFINITIONAL_REPRESENTATION('',(#5801),#5805);
#5801 = CIRCLE('',#5802,0.3);
#5802 = AXIS2_PLACEMENT_2D('',#5803,#5804);
#5803 = CARTESIAN_POINT('',(0.,0.));
#5804 = DIRECTION('',(1.,0.));
#5805 = ( GEOMETRIC_REPRESENTATION_CONTEXT(2) 
PARAMETRIC_REPRESENTATION_CONTEXT() REPRESENTATION_CONTEXT('2D SPACE',''
  ) );
#5806 = ORIENTED_EDGE('',*,*,#5757,.F.);
#5807 = ORIENTED_EDGE('',*,*,#5187,.T.);
#5808 = ADVANCED_FACE('',(#5809),#5795,.T.);
#5809 = FACE_BOUND('',#5810,.T.);
#5810 = EDGE_LOOP('',(#5811));
#5811 = ORIENTED_EDGE('',*,*,#5780,.T.);
#5812 = ADVANCED_FACE('',(#5813),#5020,.T.);
#5813 = FACE_BOUND('',#5814,.T.);
#5814 = EDGE_LOOP('',(#5815,#5838,#5865,#5866));
#5815 = ORIENTED_EDGE('',*,*,#5816,.T.);
#5816 = EDGE_CURVE('',#4699,#5817,#5819,.T.);
#5817 = VERTEX_POINT('',#5818);
#5818 = CARTESIAN_POINT('',(23.613127365346,15.416980347831,
    58.750135897169));
#5819 = SEAM_CURVE('',#5820,(#5824,#5831),.PCURVE_S1.);
#5820 = LINE('',#5821,#5822);
#5821 = CARTESIAN_POINT('',(32.811605032869,16.889897791038,
    57.996943812912));
#5822 = VECTOR('',#5823,1.);
#5823 = DIRECTION('',(-0.984209488572,-0.15759774344,8.058929127593E-02)
  );
#5824 = PCURVE('',#5020,#5825);
#5825 = DEFINITIONAL_REPRESENTATION('',(#5826),#5830);
#5826 = LINE('',#5827,#5828);
#5827 = CARTESIAN_POINT('',(-6.28318530718,0.));
#5828 = VECTOR('',#5829,1.);
#5829 = DIRECTION('',(-0.,-1.));
#5830 = ( GEOMETRIC_REPRESENTATION_CONTEXT(2) 
PARAMETRIC_REPRESENTATION_CONTEXT() REPRESENTATION_CONTEXT('2D SPACE',''
  ) );
#5831 = PCURVE('',#5020,#5832);
#5832 = DEFINITIONAL_REPRESENTATION('',(#5833),#5837);
#5833 = LINE('',#5834,#5835);
#5834 = CARTESIAN_POINT('',(0.,-0.));
#5835 = VECTOR('',#5836,1.);
#5836 = DIRECTION('',(-0.,-1.));
#5837 = ( GEOMETRIC_REPRESENTATION_CONTEXT(2) 
PARAMETRIC_REPRESENTATION_CONTEXT() REPRESENTATION_CONTEXT('2D SPACE',''
  ) );
#5838 = ORIENTED_EDGE('',*,*,#5839,.F.);
#5839 = EDGE_CURVE('',#5817,#5817,#5840,.T.);
#5840 = SURFACE_CURVE('',#5841,(#5846,#5853),.PCURVE_S1.);
#5841 = CIRCLE('',#5842,0.3);
#5842 = AXIS2_PLACEMENT_3D('',#5843,#5844,#5845);
#5843 = CARTESIAN_POINT('',(23.44645629544,15.666421231522,
    58.750135897169));
#5844 = DIRECTION('',(-0.828198879572,-0.553384799279,8.861083344205E-02
    ));
#5845 = DIRECTION('',(0.55557023302,-0.831469612303,-2.211711532122E-16)
  );
#5846 = PCURVE('',#5020,#5847);
#5847 = DEFINITIONAL_REPRESENTATION('',(#5848),#5852);
#5848 = LINE('',#5849,#5850);
#5849 = CARTESIAN_POINT('',(-0.,-8.5));
#5850 = VECTOR('',#5851,1.);
#5851 = DIRECTION('',(-1.,-0.));
#5852 = ( GEOMETRIC_REPRESENTATION_CONTEXT(2) 
PARAMETRIC_REPRESENTATION_CONTEXT() REPRESENTATION_CONTEXT('2D SPACE',''
  ) );
#5853 = PCURVE('',#5854,#5859);
#5854 = PLANE('',#5855);
#5855 = AXIS2_PLACEMENT_3D('',#5856,#5857,#5858);
#5856 = CARTESIAN_POINT('',(23.44645629544,15.666421231522,
    58.750135897169));
#5857 = DIRECTION('',(-0.828198879572,-0.553384799279,8.861083344205E-02
    ));
#5858 = DIRECTION('',(0.55557023302,-0.831469612303,-2.211711532122E-16)
  );
#5859 = DEFINITIONAL_REPRESENTATION('',(#5860),#5864);
#5860 = CIRCLE('',#5861,0.3);
#5861 = AXIS2_PLACEMENT_2D('',#5862,#5863);
#5862 = CARTESIAN_POINT('',(0.,0.));
#5863 = DIRECTION('',(1.,0.));
#5864 = ( GEOMETRIC_REPRESENTATION_CONTEXT(2) 
PARAMETRIC_REPRESENTATION_CONTEXT() REPRESENTATION_CONTEXT('2D SPACE',''
  ) );
#5865 = ORIENTED_EDGE('',*,*,#5816,.F.);
#5866 = ORIENTED_EDGE('',*,*,#4698,.T.);
#5867 = ADVANCED_FACE('',(#5868),#5854,.T.);
#5868 = FACE_BOUND('',#5869,.T.);
#5869 = EDGE_LOOP('',(#5870));
#5870 = ORIENTED_EDGE('',*,*,#5839,.T.);
#5871 = ADVANCED_FACE('',(#5872),#4524,.T.);
#5872 = FACE_BOUND('',#5873,.T.);
#5873 = EDGE_LOOP('',(#5874,#5897,#5924,#5925));
#5874 = ORIENTED_EDGE('',*,*,#5875,.T.);
#5875 = EDGE_CURVE('',#4189,#5876,#5878,.T.);
#5876 = VERTEX_POINT('',#5877);
#5877 = CARTESIAN_POINT('',(26.082157956537,4.882186438042,
    40.030095915191));
#5878 = SEAM_CURVE('',#5879,(#5883,#5890),.PCURVE_S1.);
#5879 = LINE('',#5880,#5881);
#5880 = CARTESIAN_POINT('',(35.14410430658,2.722879710559,
    39.276903830933));
#5881 = VECTOR('',#5882,1.);
#5882 = DIRECTION('',(-0.969601047587,0.231039335718,8.058929127593E-02)
  );
#5883 = PCURVE('',#4524,#5884);
#5884 = DEFINITIONAL_REPRESENTATION('',(#5885),#5889);
#5885 = LINE('',#5886,#5887);
#5886 = CARTESIAN_POINT('',(-6.28318530718,0.));
#5887 = VECTOR('',#5888,1.);
#5888 = DIRECTION('',(-0.,-1.));
#5889 = ( GEOMETRIC_REPRESENTATION_CONTEXT(2) 
PARAMETRIC_REPRESENTATION_CONTEXT() REPRESENTATION_CONTEXT('2D SPACE',''
  ) );
#5890 = PCURVE('',#4524,#5891);
#5891 = DEFINITIONAL_REPRESENTATION('',(#5892),#5896);
#5892 = LINE('',#5893,#5894);
#5893 = CARTESIAN_POINT('',(0.,-0.));
#5894 = VECTOR('',#5895,1.);
#5895 = DIRECTION('',(-0.,-1.));
#5896 = ( GEOMETRIC_REPRESENTATION_CONTEXT(2) 
PARAMETRIC_REPRESENTATION_CONTEXT() REPRESENTATION_CONTEXT('2D SPACE',''
  ) );
#5897 = ORIENTED_EDGE('',*,*,#5898,.F.);
#5898 = EDGE_CURVE('',#5876,#5876,#5899,.T.);
#5899 = SURFACE_CURVE('',#5900,(#5905,#5912),.PCURVE_S1.);
#5900 = CIRCLE('',#5901,0.3);
#5901 = AXIS2_PLACEMENT_3D('',#5902,#5903,#5904);
#5902 = CARTESIAN_POINT('',(26.023630859932,5.176422022163,
    40.030095915191));
#5903 = DIRECTION('',(-0.976927188092,-0.194322899741,8.861083344205E-02
    ));
#5904 = DIRECTION('',(0.195090322016,-0.980785280403,-2.211711532122E-16
    ));
#5905 = PCURVE('',#4524,#5906);
#5906 = DEFINITIONAL_REPRESENTATION('',(#5907),#5911);
#5907 = LINE('',#5908,#5909);
#5908 = CARTESIAN_POINT('',(-0.,-8.5));
#5909 = VECTOR('',#5910,1.);
#5910 = DIRECTION('',(-1.,-0.));
#5911 = ( GEOMETRIC_REPRESENTATION_CONTEXT(2) 
PARAMETRIC_REPRESENTATION_CONTEXT() REPRESENTATION_CONTEXT('2D SPACE',''
  ) );
#5912 = PCURVE('',#5913,#5918);
#5913 = PLANE('',#5914);
#5914 = AXIS2_PLACEMENT_3D('',#5915,#5916,#5917);
#5915 = CARTESIAN_POINT('',(26.023630859932,5.176422022163,
    40.030095915191));
#5916 = DIRECTION('',(-0.976927188092,-0.194322899741,8.861083344205E-02
    ));
#5917 = DIRECTION('',(0.195090322016,-0.980785280403,-2.211711532122E-16
    ));
#5918 = DEFINITIONAL_REPRESENTATION('',(#5919),#5923);
#5919 = CIRCLE('',#5920,0.3);
#5920 = AXIS2_PLACEMENT_2D('',#5921,#5922);
#5921 = CARTESIAN_POINT('',(0.,0.));
#5922 = DIRECTION('',(1.,0.));
#5923 = ( GEOMETRIC_REPRESENTATION_CONTEXT(2) 
PARAMETRIC_REPRESENTATION_CONTEXT() REPRESENTATION_CONTEXT('2D SPACE',''
  ) );
#5924 = ORIENTED_EDGE('',*,*,#5875,.F.);
#5925 = ORIENTED_EDGE('',*,*,#4188,.T.);
#5926 = ADVANCED_FACE('',(#5927),#5913,.T.);
#5927 = FACE_BOUND('',#5928,.T.);
#5928 = EDGE_LOOP('',(#5929));
#5929 = ORIENTED_EDGE('',*,*,#5898,.T.);
#5930 = ADVANCED_FACE('',(#5931),#4035,.T.);
#5931 = FACE_BOUND('',#5932,.T.);
#5932 = EDGE_LOOP('',(#5933,#5956,#5983,#5984));
#5933 = ORIENTED_EDGE('',*,*,#5934,.T.);
#5934 = EDGE_CURVE('',#3742,#5935,#5937,.T.);
#5935 = VERTEX_POINT('',#5936);
#5936 = CARTESIAN_POINT('',(32.615558240944,6.181760555653,
    114.9102558431));
#5937 = SEAM_CURVE('',#5938,(#5942,#5949),.PCURVE_S1.);
#5938 = LINE('',#5939,#5940);
#5939 = CARTESIAN_POINT('',(41.677504590987,4.022453828169,
    114.15706375884));
#5940 = VECTOR('',#5941,1.);
#5941 = DIRECTION('',(-0.969601047587,0.231039335718,8.058929127593E-02)
  );
#5942 = PCURVE('',#4035,#5943);
#5943 = DEFINITIONAL_REPRESENTATION('',(#5944),#5948);
#5944 = LINE('',#5945,#5946);
#5945 = CARTESIAN_POINT('',(-6.28318530718,0.));
#5946 = VECTOR('',#5947,1.);
#5947 = DIRECTION('',(-0.,-1.));
#5948 = ( GEOMETRIC_REPRESENTATION_CONTEXT(2) 
PARAMETRIC_REPRESENTATION_CONTEXT() REPRESENTATION_CONTEXT('2D SPACE',''
  ) );
#5949 = PCURVE('',#4035,#5950);
#5950 = DEFINITIONAL_REPRESENTATION('',(#5951),#5955);
#5951 = LINE('',#5952,#5953);
#5952 = CARTESIAN_POINT('',(0.,-0.));
#5953 = VECTOR('',#5954,1.);
#5954 = DIRECTION('',(-0.,-1.));
#5955 = ( GEOMETRIC_REPRESENTATION_CONTEXT(2) 
PARAMETRIC_REPRESENTATION_CONTEXT() REPRESENTATION_CONTEXT('2D SPACE',''
  ) );
#5956 = ORIENTED_EDGE('',*,*,#5957,.F.);
#5957 = EDGE_CURVE('',#5935,#5935,#5958,.T.);
#5958 = SURFACE_CURVE('',#5959,(#5964,#5971),.PCURVE_S1.);
#5959 = CIRCLE('',#5960,0.3);
#5960 = AXIS2_PLACEMENT_3D('',#5961,#5962,#5963);
#5961 = CARTESIAN_POINT('',(32.557031144339,6.475996139774,
    114.9102558431));
#5962 = DIRECTION('',(-0.976927188092,-0.194322899741,8.861083344205E-02
    ));
#5963 = DIRECTION('',(0.195090322016,-0.980785280403,-2.211711532122E-16
    ));
#5964 = PCURVE('',#4035,#5965);
#5965 = DEFINITIONAL_REPRESENTATION('',(#5966),#5970);
#5966 = LINE('',#5967,#5968);
#5967 = CARTESIAN_POINT('',(-0.,-8.5));
#5968 = VECTOR('',#5969,1.);
#5969 = DIRECTION('',(-1.,-0.));
#5970 = ( GEOMETRIC_REPRESENTATION_CONTEXT(2) 
PARAMETRIC_REPRESENTATION_CONTEXT() REPRESENTATION_CONTEXT('2D SPACE',''
  ) );
#5971 = PCURVE('',#5972,#5977);
#5972 = PLANE('',#5973);
#5973 = AXIS2_PLACEMENT_3D('',#5974,#5975,#5976);
#5974 = CARTESIAN_POINT('',(32.557031144339,6.475996139774,
    114.9102558431));
#5975 = DIRECTION('',(-0.976927188092,-0.194322899741,8.861083344205E-02
    ));
#5976 = DIRECTION('',(0.195090322016,-0.980785280403,-2.211711532122E-16
    ));
#5977 = DEFINITIONAL_REPRESENTATION('',(#5978),#5982);
#5978 = CIRCLE('',#5979,0.3);
#5979 = AXIS2_PLACEMENT_2D('',#5980,#5981);
#5980 = CARTESIAN_POINT('',(0.,0.));
#5981 = DIRECTION('',(1.,0.));
#5982 = ( GEOMETRIC_REPRESENTATION_CONTEXT(2) 
PARAMETRIC_REPRESENTATION_CONTEXT() REPRESENTATION_CONTEXT('2D SPACE',''
  ) );
#5983 = ORIENTED_EDGE('',*,*,#5934,.F.);
#5984 = ORIENTED_EDGE('',*,*,#3741,.T.);
#5985 = ADVANCED_FACE('',(#5986),#5972,.T.);
#5986 = FACE_BOUND('',#5987,.T.);
#5987 = EDGE_LOOP('',(#5988));
#5988 = ORIENTED_EDGE('',*,*,#5957,.T.);
#5989 = ADVANCED_FACE('',(#5990),#3281,.T.);
#5990 = FACE_BOUND('',#5991,.T.);
#5991 = EDGE_LOOP('',(#5992,#6016,#6106,#6107,#6129));
#5992 = ORIENTED_EDGE('',*,*,#5993,.F.);
#5993 = EDGE_CURVE('',#5994,#5996,#5998,.T.);
#5994 = VERTEX_POINT('',#5995);
#5995 = CARTESIAN_POINT('',(15.079144370749,15.079144370748,1.5));
#5996 = VERTEX_POINT('',#5997);
#5997 = CARTESIAN_POINT('',(23.075327540925,23.075327540925,1.5));
#5998 = SURFACE_CURVE('',#5999,(#6003,#6009),.PCURVE_S1.);
#5999 = LINE('',#6000,#6001);
#6000 = CARTESIAN_POINT('',(0.,0.,1.5));
#6001 = VECTOR('',#6002,1.);
#6002 = DIRECTION('',(0.707106781187,0.707106781187,0.));
#6003 = PCURVE('',#3281,#6004);
#6004 = DEFINITIONAL_REPRESENTATION('',(#6005),#6008);
#6005 = B_SPLINE_CURVE_WITH_KNOTS('',1,(#6006,#6007),.UNSPECIFIED.,.F.,
  .F.,(2,2),(0.,32.633441164577),.PIECEWISE_BEZIER_KNOTS.);
#6006 = CARTESIAN_POINT('',(-19.15395934437,63.143065840243));
#6007 = CARTESIAN_POINT('',(13.479481820202,63.143065840243));
#6008 = ( GEOMETRIC_REPRESENTATION_CONTEXT(2) 
PARAMETRIC_REPRESENTATION_CONTEXT() REPRESENTATION_CONTEXT('2D SPACE',''
  ) );
#6009 = PCURVE('',#45,#6010);
#6010 = DEFINITIONAL_REPRESENTATION('',(#6011),#6015);
#6011 = LINE('',#6012,#6013);
#6012 = CARTESIAN_POINT('',(0.,0.));
#6013 = VECTOR('',#6014,1.);
#6014 = DIRECTION('',(0.707106781187,0.707106781187));
#6015 = ( GEOMETRIC_REPRESENTATION_CONTEXT(2) 
PARAMETRIC_REPRESENTATION_CONTEXT() REPRESENTATION_CONTEXT('2D SPACE',''
  ) );
#6016 = ORIENTED_EDGE('',*,*,#6017,.T.);
#6017 = EDGE_CURVE('',#5994,#3236,#6018,.T.);
#6018 = SURFACE_CURVE('',#6019,(#6046,#6076),.PCURVE_S1.);
#6019 = B_SPLINE_CURVE_WITH_KNOTS('',7,(#6020,#6021,#6022,#6023,#6024,
    #6025,#6026,#6027,#6028,#6029,#6030,#6031,#6032,#6033,#6034,#6035,
    #6036,#6037,#6038,#6039,#6040,#6041,#6042,#6043,#6044,#6045),
  .UNSPECIFIED.,.F.,.F.,(8,6,6,6,8),(0.,0.184985097813,0.351481552619,
    0.662299294203,1.),.UNSPECIFIED.);
#6020 = CARTESIAN_POINT('',(15.079144369027,15.079144369027,1.5));
#6021 = CARTESIAN_POINT('',(15.562886538352,15.562886538352,
    1.896315062347));
#6022 = CARTESIAN_POINT('',(16.026100146228,16.026100146228,
    2.342126736825));
#6023 = CARTESIAN_POINT('',(16.467907162558,16.467907162558,
    2.830748112831));
#6024 = CARTESIAN_POINT('',(16.888156885511,16.888156885511,
    3.35591022073));
#6025 = CARTESIAN_POINT('',(17.28717600681,17.28717600681,3.912187438787
    ));
#6026 = CARTESIAN_POINT('',(17.665663091111,17.665663091111,
    4.495167269436));
#6027 = CARTESIAN_POINT('',(18.347608684601,18.347608684601,
    5.647508482887));
#6028 = CARTESIAN_POINT('',(18.654673947395,18.654673947395,
    6.212218713682));
#6029 = CARTESIAN_POINT('',(18.946411171333,18.946411171333,
    6.793297216636));
#6030 = CARTESIAN_POINT('',(19.22341610401,19.22341610401,7.388629842518
    ));
#6031 = CARTESIAN_POINT('',(19.486266087289,19.486266087289,
    7.996437310316));
#6032 = CARTESIAN_POINT('',(19.735529482597,19.735529482597,
    8.615265281024));
#6033 = CARTESIAN_POINT('',(20.412743977373,20.412743977373,
    10.417714599418));
#6034 = CARTESIAN_POINT('',(20.808075466464,20.808075466464,
    11.625348959608));
#6035 = CARTESIAN_POINT('',(21.161439802484,21.161439802484,
    12.859656502113));
#6036 = CARTESIAN_POINT('',(21.475387629156,21.475387629156,
    14.115021973506));
#6037 = CARTESIAN_POINT('',(21.752101637114,21.752101637114,
    15.387013999209));
#6038 = CARTESIAN_POINT('',(21.993361674909,21.993361674909,
    16.672407618574));
#6039 = CARTESIAN_POINT('',(22.42572185436,22.42572185436,
    19.378035300125));
#6040 = CARTESIAN_POINT('',(22.610574316321,22.610574316321,
    20.799665707574));
#6041 = CARTESIAN_POINT('',(22.756930136769,22.756930136769,
    22.230876591383));
#6042 = CARTESIAN_POINT('',(22.865927368295,22.865927368295,
    23.668866758308));
#6043 = CARTESIAN_POINT('',(22.938329002926,22.938329002926,
    25.111136193688));
#6044 = CARTESIAN_POINT('',(22.974536946356,22.974536946356,
    26.55548223339));
#6045 = CARTESIAN_POINT('',(22.974536946356,22.974536946356,28.));
#6046 = PCURVE('',#3281,#6047);
#6047 = DEFINITIONAL_REPRESENTATION('',(#6048),#6075);
#6048 = B_SPLINE_CURVE_WITH_KNOTS('',7,(#6049,#6050,#6051,#6052,#6053,
    #6054,#6055,#6056,#6057,#6058,#6059,#6060,#6061,#6062,#6063,#6064,
    #6065,#6066,#6067,#6068,#6069,#6070,#6071,#6072,#6073,#6074),
  .UNSPECIFIED.,.F.,.F.,(8,6,6,6,8),(0.,0.184985097813,0.351481552619,
    0.662299294203,1.),.UNSPECIFIED.);
#6049 = CARTESIAN_POINT('',(2.171171131285,63.143065840243));
#6050 = CARTESIAN_POINT('',(2.855285867835,62.746750777897));
#6051 = CARTESIAN_POINT('',(3.51036883437,62.300939103418));
#6052 = CARTESIAN_POINT('',(4.135178308815,61.812317727412));
#6053 = CARTESIAN_POINT('',(4.729501166599,61.287155619513));
#6054 = CARTESIAN_POINT('',(5.293799419586,60.730878401456));
#6055 = CARTESIAN_POINT('',(5.829060987387,60.147898570807));
#6056 = CARTESIAN_POINT('',(6.793477694502,58.995557357356));
#6057 = CARTESIAN_POINT('',(7.227733553678,58.430847126561));
#6058 = CARTESIAN_POINT('',(7.64031229242,57.849768623607));
#6059 = CARTESIAN_POINT('',(8.032056425057,57.254435997725));
#6060 = CARTESIAN_POINT('',(8.403782436279,56.646628529927));
#6061 = CARTESIAN_POINT('',(8.756294110528,56.027800559219));
#6062 = CARTESIAN_POINT('',(9.714020033674,54.225351240825));
#6063 = CARTESIAN_POINT('',(10.273103187181,53.017716880636));
#6064 = CARTESIAN_POINT('',(10.77283582364,51.78340933813));
#6065 = CARTESIAN_POINT('',(11.216825097996,50.528043866737));
#6066 = CARTESIAN_POINT('',(11.608157800948,49.256051841034));
#6067 = CARTESIAN_POINT('',(11.949351018457,47.970658221669));
#6068 = CARTESIAN_POINT('',(12.560800648067,45.265030540118));
#6069 = CARTESIAN_POINT('',(12.822221506811,43.843400132669));
#6070 = CARTESIAN_POINT('',(13.02919989302,42.41218924886));
#6071 = CARTESIAN_POINT('',(13.183345256106,40.974199081936));
#6072 = CARTESIAN_POINT('',(13.285736629738,39.531929646556));
#6073 = CARTESIAN_POINT('',(13.336942394403,38.087583606853));
#6074 = CARTESIAN_POINT('',(13.336942394403,36.643065840243));
#6075 = ( GEOMETRIC_REPRESENTATION_CONTEXT(2) 
PARAMETRIC_REPRESENTATION_CONTEXT() REPRESENTATION_CONTEXT('2D SPACE',''
  ) );
#6076 = PCURVE('',#3252,#6077);
#6077 = DEFINITIONAL_REPRESENTATION('',(#6078),#6105);
#6078 = B_SPLINE_CURVE_WITH_KNOTS('',7,(#6079,#6080,#6081,#6082,#6083,
    #6084,#6085,#6086,#6087,#6088,#6089,#6090,#6091,#6092,#6093,#6094,
    #6095,#6096,#6097,#6098,#6099,#6100,#6101,#6102,#6103,#6104),
  .UNSPECIFIED.,.F.,.F.,(8,6,6,6,8),(0.,0.184985097813,0.351481552619,
    0.662299294203,1.),.UNSPECIFIED.);
#6079 = CARTESIAN_POINT('',(0.785398163397,3.470398668195));
#6080 = CARTESIAN_POINT('',(0.785398163397,3.514231214372));
#6081 = CARTESIAN_POINT('',(0.785398163397,3.556968426856));
#6082 = CARTESIAN_POINT('',(0.785398163397,3.598599484571));
#6083 = CARTESIAN_POINT('',(0.785398163397,3.639146383105));
#6084 = CARTESIAN_POINT('',(0.785398163397,3.6786510499));
#6085 = CARTESIAN_POINT('',(0.785398163397,3.717177569444));
#6086 = CARTESIAN_POINT('',(0.785398163397,3.788688771837));
#6087 = CARTESIAN_POINT('',(0.785398163397,3.8218308212));
#6088 = CARTESIAN_POINT('',(0.785398163397,3.854297762702));
#6089 = CARTESIAN_POINT('',(0.785398163397,3.886139176513));
#6090 = CARTESIAN_POINT('',(0.785398163397,3.917401293222));
#6091 = CARTESIAN_POINT('',(0.785398163397,3.948130027996));
#6092 = CARTESIAN_POINT('',(0.785398163397,4.03482911432));
#6093 = CARTESIAN_POINT('',(0.785398163397,4.089562435812));
#6094 = CARTESIAN_POINT('',(0.785398163397,4.142885953208));
#6095 = CARTESIAN_POINT('',(0.785398163397,4.19501147372));
#6096 = CARTESIAN_POINT('',(0.785398163397,4.246125378304));
#6097 = CARTESIAN_POINT('',(0.785398163397,4.29639731208));
#6098 = CARTESIAN_POINT('',(0.785398163397,4.399896345156));
#6099 = CARTESIAN_POINT('',(0.785398163397,4.452978027849));
#6100 = CARTESIAN_POINT('',(0.785398163397,4.505452103931));
#6101 = CARTESIAN_POINT('',(0.785398163397,4.557481342404));
#6102 = CARTESIAN_POINT('',(0.785398163397,4.609215282564));
#6103 = CARTESIAN_POINT('',(0.785398163397,4.660799060149));
#6104 = CARTESIAN_POINT('',(0.785398163397,4.712388980385));
#6105 = ( GEOMETRIC_REPRESENTATION_CONTEXT(2) 
PARAMETRIC_REPRESENTATION_CONTEXT() REPRESENTATION_CONTEXT('2D SPACE',''
  ) );
#6106 = ORIENTED_EDGE('',*,*,#3268,.T.);
#6107 = ORIENTED_EDGE('',*,*,#6108,.F.);
#6108 = EDGE_CURVE('',#6109,#3211,#6111,.T.);
#6109 = VERTEX_POINT('',#6110);
#6110 = CARTESIAN_POINT('',(30.759144981615,30.759144981615,123.65));
#6111 = SURFACE_CURVE('',#6112,(#6116,#6122),.PCURVE_S1.);
#6112 = LINE('',#6113,#6114);
#6113 = CARTESIAN_POINT('',(30.759144981615,30.759144981615,123.65));
#6114 = VECTOR('',#6115,1.);
#6115 = DIRECTION('',(-0.707106781187,-0.707106781187,0.));
#6116 = PCURVE('',#3281,#6117);
#6117 = DEFINITIONAL_REPRESENTATION('',(#6118),#6121);
#6118 = B_SPLINE_CURVE_WITH_KNOTS('',1,(#6119,#6120),.UNSPECIFIED.,.F.,
  .F.,(2,2),(0.,43.5),.PIECEWISE_BEZIER_KNOTS.);
#6119 = CARTESIAN_POINT('',(24.346040655625,-59.00693415975));
#6120 = CARTESIAN_POINT('',(-19.15395934437,-59.00693415975));
#6121 = ( GEOMETRIC_REPRESENTATION_CONTEXT(2) 
PARAMETRIC_REPRESENTATION_CONTEXT() REPRESENTATION_CONTEXT('2D SPACE',''
  ) );
#6122 = PCURVE('',#107,#6123);
#6123 = DEFINITIONAL_REPRESENTATION('',(#6124),#6128);
#6124 = LINE('',#6125,#6126);
#6125 = CARTESIAN_POINT('',(30.759144981615,30.759144981615));
#6126 = VECTOR('',#6127,1.);
#6127 = DIRECTION('',(-0.707106781187,-0.707106781187));
#6128 = ( GEOMETRIC_REPRESENTATION_CONTEXT(2) 
PARAMETRIC_REPRESENTATION_CONTEXT() REPRESENTATION_CONTEXT('2D SPACE',''
  ) );
#6129 = ORIENTED_EDGE('',*,*,#6130,.F.);
#6130 = EDGE_CURVE('',#5996,#6109,#6131,.T.);
#6131 = SURFACE_CURVE('',#6132,(#6136,#6142),.PCURVE_S1.);
#6132 = LINE('',#6133,#6134);
#6133 = CARTESIAN_POINT('',(23.075327540925,23.075327540925,1.5));
#6134 = VECTOR('',#6135,1.);
#6135 = DIRECTION('',(6.265732121346E-02,6.265732121346E-02,
    0.996066323192));
#6136 = PCURVE('',#3281,#6137);
#6137 = DEFINITIONAL_REPRESENTATION('',(#6138),#6141);
#6138 = B_SPLINE_CURVE_WITH_KNOTS('',1,(#6139,#6140),.UNSPECIFIED.,.F.,
  .F.,(2,2),(0.,122.63239621292),.PIECEWISE_BEZIER_KNOTS.);
#6139 = CARTESIAN_POINT('',(13.479481820202,63.143065840243));
#6140 = CARTESIAN_POINT('',(24.346040655625,-59.00693415975));
#6141 = ( GEOMETRIC_REPRESENTATION_CONTEXT(2) 
PARAMETRIC_REPRESENTATION_CONTEXT() REPRESENTATION_CONTEXT('2D SPACE',''
  ) );
#6142 = PCURVE('',#6143,#6148);
#6143 = PLANE('',#6144);
#6144 = AXIS2_PLACEMENT_3D('',#6145,#6146,#6147);
#6145 = CARTESIAN_POINT('',(26.91723626127,28.16723626127,62.575));
#6146 = DIRECTION('',(-0.998027347494,3.206095026617E-15,
    6.278067899269E-02));
#6147 = DIRECTION('',(-6.278067899269E-02,2.465190328816E-32,
    -0.998027347494));
#6148 = DEFINITIONAL_REPRESENTATION('',(#6149),#6153);
#6149 = LINE('',#6150,#6151);
#6150 = CARTESIAN_POINT('',(61.195717886266,5.091908720345));
#6151 = VECTOR('',#6152,1.);
#6152 = DIRECTION('',(-0.998035099632,-6.265732121346E-02));
#6153 = ( GEOMETRIC_REPRESENTATION_CONTEXT(2) 
PARAMETRIC_REPRESENTATION_CONTEXT() REPRESENTATION_CONTEXT('2D SPACE',''
  ) );
#6154 = ADVANCED_FACE('',(#6155),#6143,.T.);
#6155 = FACE_BOUND('',#6156,.T.);
#6156 = EDGE_LOOP('',(#6157,#6179,#6180,#6202));
#6157 = ORIENTED_EDGE('',*,*,#6158,.F.);
#6158 = EDGE_CURVE('',#5996,#6159,#6161,.T.);
#6159 = VERTEX_POINT('',#6160);
#6160 = CARTESIAN_POINT('',(23.075327540925,25.575327540925,1.5));
#6161 = SURFACE_CURVE('',#6162,(#6166,#6172),.PCURVE_S1.);
#6162 = LINE('',#6163,#6164);
#6163 = CARTESIAN_POINT('',(23.075327540925,23.075327540925,1.5));
#6164 = VECTOR('',#6165,1.);
#6165 = DIRECTION('',(0.,1.,0.));
#6166 = PCURVE('',#6143,#6167);
#6167 = DEFINITIONAL_REPRESENTATION('',(#6168),#6171);
#6168 = B_SPLINE_CURVE_WITH_KNOTS('',1,(#6169,#6170),.UNSPECIFIED.,.F.,
  .F.,(2,2),(0.,2.5),.PIECEWISE_BEZIER_KNOTS.);
#6169 = CARTESIAN_POINT('',(61.195717886266,5.091908720345));
#6170 = CARTESIAN_POINT('',(61.195717886266,2.591908720345));
#6171 = ( GEOMETRIC_REPRESENTATION_CONTEXT(2) 
PARAMETRIC_REPRESENTATION_CONTEXT() REPRESENTATION_CONTEXT('2D SPACE',''
  ) );
#6172 = PCURVE('',#45,#6173);
#6173 = DEFINITIONAL_REPRESENTATION('',(#6174),#6178);
#6174 = LINE('',#6175,#6176);
#6175 = CARTESIAN_POINT('',(23.075327540925,23.075327540925));
#6176 = VECTOR('',#6177,1.);
#6177 = DIRECTION('',(0.,1.));
#6178 = ( GEOMETRIC_REPRESENTATION_CONTEXT(2) 
PARAMETRIC_REPRESENTATION_CONTEXT() REPRESENTATION_CONTEXT('2D SPACE',''
  ) );
#6179 = ORIENTED_EDGE('',*,*,#6130,.T.);
#6180 = ORIENTED_EDGE('',*,*,#6181,.F.);
#6181 = EDGE_CURVE('',#6182,#6109,#6184,.T.);
#6182 = VERTEX_POINT('',#6183);
#6183 = CARTESIAN_POINT('',(30.759144981615,33.259144981615,123.65));
#6184 = SURFACE_CURVE('',#6185,(#6189,#6195),.PCURVE_S1.);
#6185 = LINE('',#6186,#6187);
#6186 = CARTESIAN_POINT('',(30.759144981615,33.259144981615,123.65));
#6187 = VECTOR('',#6188,1.);
#6188 = DIRECTION('',(0.,-1.,0.));
#6189 = PCURVE('',#6143,#6190);
#6190 = DEFINITIONAL_REPRESENTATION('',(#6191),#6194);
#6191 = B_SPLINE_CURVE_WITH_KNOTS('',1,(#6192,#6193),.UNSPECIFIED.,.F.,
  .F.,(2,2),(0.,2.5),.PIECEWISE_BEZIER_KNOTS.);
#6192 = CARTESIAN_POINT('',(-61.19571788626,-5.091908720345));
#6193 = CARTESIAN_POINT('',(-61.19571788626,-2.591908720345));
#6194 = ( GEOMETRIC_REPRESENTATION_CONTEXT(2) 
PARAMETRIC_REPRESENTATION_CONTEXT() REPRESENTATION_CONTEXT('2D SPACE',''
  ) );
#6195 = PCURVE('',#107,#6196);
#6196 = DEFINITIONAL_REPRESENTATION('',(#6197),#6201);
#6197 = LINE('',#6198,#6199);
#6198 = CARTESIAN_POINT('',(30.759144981615,33.259144981615));
#6199 = VECTOR('',#6200,1.);
#6200 = DIRECTION('',(0.,-1.));
#6201 = ( GEOMETRIC_REPRESENTATION_CONTEXT(2) 
PARAMETRIC_REPRESENTATION_CONTEXT() REPRESENTATION_CONTEXT('2D SPACE',''
  ) );
#6202 = ORIENTED_EDGE('',*,*,#6203,.F.);
#6203 = EDGE_CURVE('',#6159,#6182,#6204,.T.);
#6204 = SURFACE_CURVE('',#6205,(#6209,#6215),.PCURVE_S1.);
#6205 = LINE('',#6206,#6207);
#6206 = CARTESIAN_POINT('',(23.075327540925,25.575327540925,1.5));
#6207 = VECTOR('',#6208,1.);
#6208 = DIRECTION('',(6.265732121346E-02,6.265732121346E-02,
    0.996066323192));
#6209 = PCURVE('',#6143,#6210);
#6210 = DEFINITIONAL_REPRESENTATION('',(#6211),#6214);
#6211 = B_SPLINE_CURVE_WITH_KNOTS('',1,(#6212,#6213),.UNSPECIFIED.,.F.,
  .F.,(2,2),(0.,122.63239621292),.PIECEWISE_BEZIER_KNOTS.);
#6212 = CARTESIAN_POINT('',(61.195717886266,2.591908720345));
#6213 = CARTESIAN_POINT('',(-61.19571788626,-5.091908720345));
#6214 = ( GEOMETRIC_REPRESENTATION_CONTEXT(2) 
PARAMETRIC_REPRESENTATION_CONTEXT() REPRESENTATION_CONTEXT('2D SPACE',''
  ) );
#6215 = PCURVE('',#78,#6216);
#6216 = DEFINITIONAL_REPRESENTATION('',(#6217),#6221);
#6217 = LINE('',#6218,#6219);
#6218 = CARTESIAN_POINT('',(-136.2793200733,60.211569331794));
#6219 = VECTOR('',#6220,1.);
#6220 = DIRECTION('',(8.861083344205E-02,-0.996066323192));
#6221 = ( GEOMETRIC_REPRESENTATION_CONTEXT(2) 
PARAMETRIC_REPRESENTATION_CONTEXT() REPRESENTATION_CONTEXT('2D SPACE',''
  ) );
#6222 = ADVANCED_FACE('',(#6223,#6962,#7353),#3252,.F.);
#6223 = FACE_BOUND('',#6224,.F.);
#6224 = EDGE_LOOP('',(#6225,#6226,#6250,#6961));
#6225 = ORIENTED_EDGE('',*,*,#3235,.F.);
#6226 = ORIENTED_EDGE('',*,*,#6227,.F.);
#6227 = EDGE_CURVE('',#6228,#477,#6230,.T.);
#6228 = VERTEX_POINT('',#6229);
#6229 = CARTESIAN_POINT('',(21.32513047566,0.,1.5));
#6230 = SURFACE_CURVE('',#6231,(#6236,#6243),.PCURVE_S1.);
#6231 = ELLIPSE('',#6232,28.,16.490901738779);
#6232 = AXIS2_PLACEMENT_3D('',#6233,#6234,#6235);
#6233 = CARTESIAN_POINT('',(16.,0.,28.));
#6234 = DIRECTION('',(0.,-1.,0.));
#6235 = DIRECTION('',(1.110223024625E-16,0.,1.));
#6236 = PCURVE('',#3252,#6237);
#6237 = DEFINITIONAL_REPRESENTATION('',(#6238),#6242);
#6238 = LINE('',#6239,#6240);
#6239 = CARTESIAN_POINT('',(0.,0.));
#6240 = VECTOR('',#6241,1.);
#6241 = DIRECTION('',(0.,1.));
#6242 = ( GEOMETRIC_REPRESENTATION_CONTEXT(2) 
PARAMETRIC_REPRESENTATION_CONTEXT() REPRESENTATION_CONTEXT('2D SPACE',''
  ) );
#6243 = PCURVE('',#434,#6244);
#6244 = DEFINITIONAL_REPRESENTATION('',(#6245),#6249);
#6245 = LINE('',#6246,#6247);
#6246 = CARTESIAN_POINT('',(6.28318530718,0.));
#6247 = VECTOR('',#6248,1.);
#6248 = DIRECTION('',(0.,1.));
#6249 = ( GEOMETRIC_REPRESENTATION_CONTEXT(2) 
PARAMETRIC_REPRESENTATION_CONTEXT() REPRESENTATION_CONTEXT('2D SPACE',''
  ) );
#6250 = ORIENTED_EDGE('',*,*,#6251,.F.);
#6251 = EDGE_CURVE('',#5994,#6228,#6252,.T.);
#6252 = SURFACE_CURVE('',#6253,(#6487,#6724),.PCURVE_S1.);
#6253 = B_SPLINE_CURVE_WITH_KNOTS('',8,(#6254,#6255,#6256,#6257,#6258,
    #6259,#6260,#6261,#6262,#6263,#6264,#6265,#6266,#6267,#6268,#6269,
    #6270,#6271,#6272,#6273,#6274,#6275,#6276,#6277,#6278,#6279,#6280,
    #6281,#6282,#6283,#6284,#6285,#6286,#6287,#6288,#6289,#6290,#6291,
    #6292,#6293,#6294,#6295,#6296,#6297,#6298,#6299,#6300,#6301,#6302,
    #6303,#6304,#6305,#6306,#6307,#6308,#6309,#6310,#6311,#6312,#6313,
    #6314,#6315,#6316,#6317,#6318,#6319,#6320,#6321,#6322,#6323,#6324,
    #6325,#6326,#6327,#6328,#6329,#6330,#6331,#6332,#6333,#6334,#6335,
    #6336,#6337,#6338,#6339,#6340,#6341,#6342,#6343,#6344,#6345,#6346,
    #6347,#6348,#6349,#6350,#6351,#6352,#6353,#6354,#6355,#6356,#6357,
    #6358,#6359,#6360,#6361,#6362,#6363,#6364,#6365,#6366,#6367,#6368,
    #6369,#6370,#6371,#6372,#6373,#6374,#6375,#6376,#6377,#6378,#6379,
    #6380,#6381,#6382,#6383,#6384,#6385,#6386,#6387,#6388,#6389,#6390,
    #6391,#6392,#6393,#6394,#6395,#6396,#6397,#6398,#6399,#6400,#6401,
    #6402,#6403,#6404,#6405,#6406,#6407,#6408,#6409,#6410,#6411,#6412,
    #6413,#6414,#6415,#6416,#6417,#6418,#6419,#6420,#6421,#6422,#6423,
    #6424,#6425,#6426,#6427,#6428,#6429,#6430,#6431,#6432,#6433,#6434,
    #6435,#6436,#6437,#6438,#6439,#6440,#6441,#6442,#6443,#6444,#6445,
    #6446,#6447,#6448,#6449,#6450,#6451,#6452,#6453,#6454,#6455,#6456,
    #6457,#6458,#6459,#6460,#6461,#6462,#6463,#6464,#6465,#6466,#6467,
    #6468,#6469,#6470,#6471,#6472,#6473,#6474,#6475,#6476,#6477,#6478,
    #6479,#6480,#6481,#6482,#6483,#6484,#6485,#6486),.UNSPECIFIED.,.T.,
  .F.,(9,7,7,7,7,7,7,7,7,7,7,7,7,7,7,7,7,7,7,7,7,7,7,7,7,7,7,7,7,7,7,7,7
    ,9),(0.,2.900040737443E-02,5.800081474886E-02,8.700122212329E-02,
    0.114001606544,0.135001913196,0.163002309331,0.192002716706,
    0.22100312408,0.250003531454,0.27500389121,0.302004275631,
    0.331004683005,0.358005067426,0.380005387734,0.406005760012,
    0.435006167387,0.464006574761,0.493006982136,0.52200738951,
    0.551007796884,0.57900819302,0.608008600394,0.63600899653,
    0.665009403905,0.694009811279,0.723010218653,0.752010626028,
    0.781011033402,0.808011417823,0.836011813958,0.864012210094,
    0.893012617468,1.),.UNSPECIFIED.);
#6254 = CARTESIAN_POINT('',(21.32513047566,-3.552713678801E-15,1.5));
#6255 = CARTESIAN_POINT('',(21.32513047566,-0.48571245925,1.5));
#6256 = CARTESIAN_POINT('',(21.312487181249,-0.971425874547,1.5));
#6257 = CARTESIAN_POINT('',(21.287200646173,-1.456754905464,1.5));
#6258 = CARTESIAN_POINT('',(21.249284868039,-1.941315485472,1.5));
#6259 = CARTESIAN_POINT('',(21.198767788315,-2.424724821941,1.5));
#6260 = CARTESIAN_POINT('',(21.135691292328,-2.90660139614,1.5));
#6261 = CARTESIAN_POINT('',(21.06011120927,-3.386564963234,1.5));
#6262 = CARTESIAN_POINT('',(20.884083415106,-4.341908141346,1.5));
#6263 = CARTESIAN_POINT('',(20.783635357519,-4.817289632803,1.5));
#6264 = CARTESIAN_POINT('',(20.67082301819,-5.290002075206,1.5));
#6265 = CARTESIAN_POINT('',(20.545729758066,-5.759670296614,1.5));
#6266 = CARTESIAN_POINT('',(20.408452420282,-6.225922904607,1.5));
#6267 = CARTESIAN_POINT('',(20.259101330155,-6.68839228628,1.5));
#6268 = CARTESIAN_POINT('',(20.097800295189,-7.146714608246,1.5));
#6269 = CARTESIAN_POINT('',(19.751572914958,-8.054345025024,1.5));
#6270 = CARTESIAN_POINT('',(19.566645888199,-8.503654906361,1.5));
#6271 = CARTESIAN_POINT('',(19.370042914919,-8.948099445089,1.5));
#6272 = CARTESIAN_POINT('',(19.161913959362,-9.387324785646,1.5));
#6273 = CARTESIAN_POINT('',(18.942421559889,-9.820983232472,1.5));
#6274 = CARTESIAN_POINT('',(18.711740828982,-10.24873325,1.5));
#6275 = CARTESIAN_POINT('',(18.470059453245,-10.67023946266,1.5));
#6276 = CARTESIAN_POINT('',(17.982508423957,-11.47148983846,1.5));
#6277 = CARTESIAN_POINT('',(17.73807633544,-11.85211064426,1.5));
#6278 = CARTESIAN_POINT('',(17.484443036954,-12.22676954825,1.5));
#6279 = CARTESIAN_POINT('',(17.221778628918,-12.59520723653,1.5));
#6280 = CARTESIAN_POINT('',(16.950261703065,-12.95717060535,1.5));
#6281 = CARTESIAN_POINT('',(16.670079342442,-13.31241276112,1.5));
#6282 = CARTESIAN_POINT('',(16.38142712141,-13.6606930204,1.5));
#6283 = CARTESIAN_POINT('',(15.853572786952,-14.26706447623,1.5));
#6284 = CARTESIAN_POINT('',(15.617635786747,-14.5279991358,1.5));
#6285 = CARTESIAN_POINT('',(15.376794019895,-14.78447071844,1.5));
#6286 = CARTESIAN_POINT('',(15.131146131361,-15.03637176695,1.5));
#6287 = CARTESIAN_POINT('',(14.880793496207,-15.28359753716,1.5));
#6288 = CARTESIAN_POINT('',(14.625840219594,-15.52604599788,1.5));
#6289 = CARTESIAN_POINT('',(14.366393136782,-15.76361783092,1.5));
#6290 = CARTESIAN_POINT('',(13.750786874894,-16.30634775698,1.5));
#6291 = CARTESIAN_POINT('',(13.391216866172,-16.60763852395,1.5));
#6292 = CARTESIAN_POINT('',(13.024111918435,-16.89985945332,1.5));
#6293 = CARTESIAN_POINT('',(12.649739376854,-17.18279106513,1.5));
#6294 = CARTESIAN_POINT('',(12.268373800295,-17.45622367817,1.5));
#6295 = CARTESIAN_POINT('',(11.880296961325,-17.71995740993,1.5));
#6296 = CARTESIAN_POINT('',(11.485797846206,-17.97380217668,1.5));
#6297 = CARTESIAN_POINT('',(10.670239462666,-18.47005945324,1.5));
#6298 = CARTESIAN_POINT('',(10.248733250002,-18.71174082898,1.5));
#6299 = CARTESIAN_POINT('',(9.820983232473,-18.94242155988,1.5));
#6300 = CARTESIAN_POINT('',(9.387324785648,-19.16191395936,1.5));
#6301 = CARTESIAN_POINT('',(8.948099445091,-19.37004291491,1.5));
#6302 = CARTESIAN_POINT('',(8.503654906363,-19.56664588819,1.5));
#6303 = CARTESIAN_POINT('',(8.054345025026,-19.75157291495,1.5));
#6304 = CARTESIAN_POINT('',(7.146714608248,-20.09780029518,1.5));
#6305 = CARTESIAN_POINT('',(6.688392286282,-20.25910133015,1.5));
#6306 = CARTESIAN_POINT('',(6.225922904609,-20.40845242028,1.5));
#6307 = CARTESIAN_POINT('',(5.759670296616,-20.54572975806,1.5));
#6308 = CARTESIAN_POINT('',(5.290002075208,-20.67082301819,1.5));
#6309 = CARTESIAN_POINT('',(4.817289632805,-20.78363535751,1.5));
#6310 = CARTESIAN_POINT('',(4.341908141348,-20.8840834151,1.5));
#6311 = CARTESIAN_POINT('',(3.386564963236,-21.06011120926,1.5));
#6312 = CARTESIAN_POINT('',(2.906601396142,-21.13569129232,1.5));
#6313 = CARTESIAN_POINT('',(2.424724821943,-21.19876778831,1.5));
#6314 = CARTESIAN_POINT('',(1.941315485474,-21.24928486803,1.5));
#6315 = CARTESIAN_POINT('',(1.456754905466,-21.28720064617,1.5));
#6316 = CARTESIAN_POINT('',(0.971425874549,-21.31248718124,1.5));
#6317 = CARTESIAN_POINT('',(0.485712459252,-21.32513047566,1.5));
#6318 = CARTESIAN_POINT('',(-0.418717780834,-21.32513047566,1.5));
#6319 = CARTESIAN_POINT('',(-0.837436016787,-21.31573445652,1.5));
#6320 = CARTESIAN_POINT('',(-1.255908063639,-21.29694244031,1.5));
#6321 = CARTESIAN_POINT('',(-1.673887883804,-21.26876215703,1.5));
#6322 = CARTESIAN_POINT('',(-2.091130046322,-21.23120904469,1.5));
#6323 = CARTESIAN_POINT('',(-2.507389726867,-21.18430624922,1.5));
#6324 = CARTESIAN_POINT('',(-2.922422707739,-21.12808462452,1.5));
#6325 = CARTESIAN_POINT('',(-3.782632993532,-20.99184069985,1.5));
#6326 = CARTESIAN_POINT('',(-4.227566822921,-20.91027397151,1.5));
#6327 = CARTESIAN_POINT('',(-4.670479860032,-20.81793120787,1.5));
#6328 = CARTESIAN_POINT('',(-5.111067618907,-20.71487128296,1.5));
#6329 = CARTESIAN_POINT('',(-5.549028133631,-20.6011632844,1.5));
#6330 = CARTESIAN_POINT('',(-5.984061958339,-20.47688651344,1.5));
#6331 = CARTESIAN_POINT('',(-6.415872167208,-20.34213048492,1.5));
#6332 = CARTESIAN_POINT('',(-7.304181801336,-20.04110861729,1.5));
#6333 = CARTESIAN_POINT('',(-7.760142369129,-19.87324755774,1.5));
#6334 = CARTESIAN_POINT('',(-8.211681119829,-19.69353547211,1.5));
#6335 = CARTESIAN_POINT('',(-8.658438797119,-19.50210888118,1.5));
#6336 = CARTESIAN_POINT('',(-9.100061826384,-19.29911710314,1.5));
#6337 = CARTESIAN_POINT('',(-9.536202314708,-19.08472225351,1.5));
#6338 = CARTESIAN_POINT('',(-9.966518050876,-18.85909924515,1.5));
#6339 = CARTESIAN_POINT('',(-10.78557500371,-18.40209390724,1.5));
#6340 = CARTESIAN_POINT('',(-11.17513805809,-18.1721811621,1.5));
#6341 = CARTESIAN_POINT('',(-11.55909024203,-17.93284903955,1.5));
#6342 = CARTESIAN_POINT('',(-11.93716601477,-17.68425774553,1.5));
#6343 = CARTESIAN_POINT('',(-12.30910572124,-17.42657620537,1.5));
#6344 = CARTESIAN_POINT('',(-12.67465559209,-17.15998206373,1.5));
#6345 = CARTESIAN_POINT('',(-13.03356774365,-16.88466168459,1.5));
#6346 = CARTESIAN_POINT('',(-13.67244151299,-16.36952364238,1.5));
#6347 = CARTESIAN_POINT('',(-13.95471578058,-16.13257267765,1.5));
#6348 = CARTESIAN_POINT('',(-14.23229222101,-15.89006270474,1.5));
#6349 = CARTESIAN_POINT('',(-14.50504322693,-15.6421025708,1.5));
#6350 = CARTESIAN_POINT('',(-14.77284434338,-15.38880452248,1.5));
#6351 = CARTESIAN_POINT('',(-15.03557426781,-15.13028420597,1.5));
#6352 = CARTESIAN_POINT('',(-15.29311485008,-14.86666066696,1.5));
#6353 = CARTESIAN_POINT('',(-15.84344839789,-14.28061496245,1.5));
#6354 = CARTESIAN_POINT('',(-16.13413776658,-13.95621629895,1.5));
#6355 = CARTESIAN_POINT('',(-16.417229256,-13.62506266917,1.5));
#6356 = CARTESIAN_POINT('',(-16.69254000072,-13.28736201553,1.5));
#6357 = CARTESIAN_POINT('',(-16.95989421243,-12.94332791387,1.5));
#6358 = CARTESIAN_POINT('',(-17.21912317992,-12.59317957344,1.5));
#6359 = CARTESIAN_POINT('',(-17.47006526908,-12.2371418369,1.5));
#6360 = CARTESIAN_POINT('',(-17.98304734807,-11.47201440348,1.5));
#6361 = CARTESIAN_POINT('',(-18.24302783716,-11.06154209018,1.5));
#6362 = CARTESIAN_POINT('',(-18.49229284812,-10.64434833253,1.5));
#6363 = CARTESIAN_POINT('',(-18.73064013,-10.22075992954,1.5));
#6364 = CARTESIAN_POINT('',(-18.95787972301,-9.791110387127,1.5));
#6365 = CARTESIAN_POINT('',(-19.17383395843,-9.355739918091,1.5));
#6366 = CARTESIAN_POINT('',(-19.3783374587,-8.914995442152,1.5));
#6367 = CARTESIAN_POINT('',(-19.76413681599,-8.023465729694,1.5));
#6368 = CARTESIAN_POINT('',(-19.9454334324,-7.572678738342,1.5));
#6369 = CARTESIAN_POINT('',(-20.11497399876,-7.117223281172,1.5));
#6370 = CARTESIAN_POINT('',(-20.27261883023,-6.657457396138,1.5));
#6371 = CARTESIAN_POINT('',(-20.41824154492,-6.193743489841,1.5));
#6372 = CARTESIAN_POINT('',(-20.55172906395,-5.726448337532,1.5));
#6373 = CARTESIAN_POINT('',(-20.67298161137,-5.25594308311,1.5));
#6374 = CARTESIAN_POINT('',(-20.89084381704,-4.309263395138,1.5));
#6375 = CARTESIAN_POINT('',(-20.98745390413,-3.833087098199,1.5));
#6376 = CARTESIAN_POINT('',(-21.07165660726,-3.354449884964,1.5));
#6377 = CARTESIAN_POINT('',(-21.14337943257,-2.873729177838,1.5));
#6378 = CARTESIAN_POINT('',(-21.20256376058,-2.391304284983,1.5));
#6379 = CARTESIAN_POINT('',(-21.24916484618,-1.907556400307,1.5));
#6380 = CARTESIAN_POINT('',(-21.28315181861,-1.422868603475,1.5));
#6381 = CARTESIAN_POINT('',(-21.32586354437,-0.452383116326,1.5));
#6382 = CARTESIAN_POINT('',(-21.33458838176,3.34164842352E-02,1.5));
#6383 = CARTESIAN_POINT('',(-21.33066530467,0.519387971643,1.5));
#6384 = CARTESIAN_POINT('',(-21.31409141048,1.005147035337,1.5));
#6385 = CARTESIAN_POINT('',(-21.28487778298,1.490310024339,1.5));
#6386 = CARTESIAN_POINT('',(-21.24304949231,1.974493947251,1.5));
#6387 = CARTESIAN_POINT('',(-21.18864559503,2.457316472259,1.5));
#6388 = CARTESIAN_POINT('',(-21.05479267314,3.419475381994,1.5));
#6389 = CARTESIAN_POINT('',(-20.97534338505,3.898813660577,1.5));
#6390 = CARTESIAN_POINT('',(-20.88342441921,4.376029105452,1.5));
#6391 = CARTESIAN_POINT('',(-20.77910256037,4.850743242273,1.5));
#6392 = CARTESIAN_POINT('',(-20.66245822858,5.322580779768,1.5));
#6393 = CARTESIAN_POINT('',(-20.5335854792,5.791169609741,1.5));
#6394 = CARTESIAN_POINT('',(-20.39259200295,6.256140807073,1.5));
#6395 = CARTESIAN_POINT('',(-20.0918818504,7.1622203652,1.5));
#6396 = CARTESIAN_POINT('',(-19.93297792043,7.603600313175,1.5));
#6397 = CARTESIAN_POINT('',(-19.76299659955,8.040939386169,1.5));
#6398 = CARTESIAN_POINT('',(-19.58205831831,8.473913329074,1.5));
#6399 = CARTESIAN_POINT('',(-19.39029467422,8.902202719157,1.5));
#6400 = CARTESIAN_POINT('',(-19.18784843173,9.325492966055,1.5));
#6401 = CARTESIAN_POINT('',(-18.97487352226,9.743474311778,1.5));
#6402 = CARTESIAN_POINT('',(-18.52022021509,10.582936718192,1.5));
#6403 = CARTESIAN_POINT('',(-18.27778747571,11.004011226522,1.5));
#6404 = CARTESIAN_POINT('',(-18.02442038711,11.418726545175,1.5));
#6405 = CARTESIAN_POINT('',(-17.76031416479,11.826751624382,1.5));
#6406 = CARTESIAN_POINT('',(-17.48567567861,12.227763175136,1.5));
#6407 = CARTESIAN_POINT('',(-17.20072345282,12.621445669185,1.5));
#6408 = CARTESIAN_POINT('',(-16.90568766604,13.007491339039,1.5));
#6409 = CARTESIAN_POINT('',(-16.30644562478,13.750670817689,1.5));
#6410 = CARTESIAN_POINT('',(-16.00290534715,14.108343876911,1.5));
#6411 = CARTESIAN_POINT('',(-15.69040700568,14.458349449433,1.5));
#6412 = CARTESIAN_POINT('',(-15.36917705214,14.800426069214,1.5));
#6413 = CARTESIAN_POINT('',(-15.03945070279,15.134320710372,1.5));
#6414 = CARTESIAN_POINT('',(-14.70147193837,15.459788787181,1.5));
#6415 = CARTESIAN_POINT('',(-14.35549350416,15.776594154074,1.5));
#6416 = CARTESIAN_POINT('',(-13.63542761686,16.403420987778,1.5));
#6417 = CARTESIAN_POINT('',(-13.26077619571,16.712797275374,1.5));
#6418 = CARTESIAN_POINT('',(-12.87811332529,17.012384999932,1.5));
#6419 = CARTESIAN_POINT('',(-12.48773787893,17.301942546555,1.5));
#6420 = CARTESIAN_POINT('',(-12.08995692447,17.581239653946,1.5));
#6421 = CARTESIAN_POINT('',(-11.68508572424,17.850057414406,1.5));
#6422 = CARTESIAN_POINT('',(-11.27344773511,18.108188273838,1.5));
#6423 = CARTESIAN_POINT('',(-10.43730148167,18.602683789646,1.5));
#6424 = CARTESIAN_POINT('',(-10.01279157156,18.839049419359,1.5));
#6425 = CARTESIAN_POINT('',(-9.582176584115,19.064336812904,1.5));
#6426 = CARTESIAN_POINT('',(-9.145794226892,19.278362512842,1.5));
#6427 = CARTESIAN_POINT('',(-8.703988208965,19.480955712265,1.5));
#6428 = CARTESIAN_POINT('',(-8.257108240906,19.6719582548,1.5));
#6429 = CARTESIAN_POINT('',(-7.805510034795,19.85122463461,1.5));
#6430 = CARTESIAN_POINT('',(-6.89360057363,20.186019358166,1.5));
#6431 = CARTESIAN_POINT('',(-6.433287523629,20.341548360903,1.5));
#6432 = CARTESIAN_POINT('',(-5.968977904839,20.485076250201,1.5));
#6433 = CARTESIAN_POINT('',(-5.501037077691,20.616483800277,1.5));
#6434 = CARTESIAN_POINT('',(-5.029834012415,20.73566531396,1.5));
#6435 = CARTESIAN_POINT('',(-4.555741289044,20.842528622697,1.5));
#6436 = CARTESIAN_POINT('',(-4.079135097413,20.936995086546,1.5));
#6437 = CARTESIAN_POINT('',(-3.1216553769,21.101004101817,1.5));
#6438 = CARTESIAN_POINT('',(-2.640779963373,21.170546976063,1.5));
#6439 = CARTESIAN_POINT('',(-2.158148814359,21.227563211544,1.5));
#6440 = CARTESIAN_POINT('',(-1.674142846221,21.27200176165,1.5));
#6441 = CARTESIAN_POINT('',(-1.189144073899,21.30382553854,1.5));
#6442 = CARTESIAN_POINT('',(-0.703535610913,21.323011413138,1.5));
#6443 = CARTESIAN_POINT('',(-0.217701669364,21.32955021514,1.5));
#6444 = CARTESIAN_POINT('',(0.753646549508,21.31734325087,1.5));
#6445 = CARTESIAN_POINT('',(1.239162738774,21.298597460572,1.5));
#6446 = CARTESIAN_POINT('',(1.724135698543,21.267214258055,1.5));
#6447 = CARTESIAN_POINT('',(2.208181568505,21.223212466017,1.5));
#6448 = CARTESIAN_POINT('',(2.690917937366,21.166624833907,1.5));
#6449 = CARTESIAN_POINT('',(3.171963842852,21.097498037926,1.5));
#6450 = CARTESIAN_POINT('',(3.650939771702,21.015892681026,1.5));
#6451 = CARTESIAN_POINT('',(4.571131639855,20.83435729421,1.5));
#6452 = CARTESIAN_POINT('',(5.012675066694,20.736078883956,1.5));
#6453 = CARTESIAN_POINT('',(5.451792986345,20.627108259102,1.5));
#6454 = CARTESIAN_POINT('',(5.888183348167,20.507515727974,1.5));
#6455 = CARTESIAN_POINT('',(6.321547004727,20.377381710262,1.5));
#6456 = CARTESIAN_POINT('',(6.7515877118,20.236796737027,1.5));
#6457 = CARTESIAN_POINT('',(7.178012128371,20.085861450698,1.5));
#6458 = CARTESIAN_POINT('',(8.038696268685,19.757542335783,1.5));
#6459 = CARTESIAN_POINT('',(8.472662666625,19.579385430517,1.5));
#6460 = CARTESIAN_POINT('',(8.902105045338,19.390339516569,1.5));
#6461 = CARTESIAN_POINT('',(9.3267047584,19.190539164915,1.5));
#6462 = CARTESIAN_POINT('',(9.746148478073,18.980129890215,1.5));
#6463 = CARTESIAN_POINT('',(10.16012819531,18.759268150811,1.5));
#6464 = CARTESIAN_POINT('',(10.568341219751,18.528121348731,1.5));
#6465 = CARTESIAN_POINT('',(11.372639139702,18.045614310644,1.5));
#6466 = CARTESIAN_POINT('',(11.768725410961,17.794253249309,1.5));
#6467 = CARTESIAN_POINT('',(12.158451666632,17.532963066072,1.5));
#6468 = CARTESIAN_POINT('',(12.541527731833,17.261932025187,1.5));
#6469 = CARTESIAN_POINT('',(12.91767058367,16.981358234777,1.5));
#6470 = CARTESIAN_POINT('',(13.286604351239,16.691449646834,1.5));
#6471 = CARTESIAN_POINT('',(13.648060315622,16.392424057215,1.5));
#6472 = CARTESIAN_POINT('',(14.36812620292,15.765597223511,1.5));
#6473 = CARTESIAN_POINT('',(14.726174810034,15.437148491382,1.5));
#6474 = CARTESIAN_POINT('',(15.075632122971,15.099415958833,1.5));
#6475 = CARTESIAN_POINT('',(15.416217649651,14.752662356191,1.5));
#6476 = CARTESIAN_POINT('',(15.747661014175,14.397160094535,1.5));
#6477 = CARTESIAN_POINT('',(16.069701956821,14.033191265695,1.5));
#6478 = CARTESIAN_POINT('',(16.38209033405,13.661047642258,1.5));
#6479 = CARTESIAN_POINT('',(17.800543966526,11.879084151567,1.5));
#6480 = CARTESIAN_POINT('',(18.782264214473,10.369479818203,1.5));
#6481 = CARTESIAN_POINT('',(19.616976439367,8.767922469646,1.5));
#6482 = CARTESIAN_POINT('',(20.294947143089,7.091287169792,1.5));
#6483 = CARTESIAN_POINT('',(20.808697071863,5.357271248281,1.5));
#6484 = CARTESIAN_POINT('',(21.15305624401,3.58437892254,1.5));
#6485 = CARTESIAN_POINT('',(21.32513047566,1.791874990125,1.5));
#6486 = CARTESIAN_POINT('',(21.32513047566,0.,1.5));
#6487 = PCURVE('',#3252,#6488);
#6488 = DEFINITIONAL_REPRESENTATION('',(#6489),#6723);
#6489 = B_SPLINE_CURVE_WITH_KNOTS('',8,(#6490,#6491,#6492,#6493,#6494,
    #6495,#6496,#6497,#6498,#6499,#6500,#6501,#6502,#6503,#6504,#6505,
    #6506,#6507,#6508,#6509,#6510,#6511,#6512,#6513,#6514,#6515,#6516,
    #6517,#6518,#6519,#6520,#6521,#6522,#6523,#6524,#6525,#6526,#6527,
    #6528,#6529,#6530,#6531,#6532,#6533,#6534,#6535,#6536,#6537,#6538,
    #6539,#6540,#6541,#6542,#6543,#6544,#6545,#6546,#6547,#6548,#6549,
    #6550,#6551,#6552,#6553,#6554,#6555,#6556,#6557,#6558,#6559,#6560,
    #6561,#6562,#6563,#6564,#6565,#6566,#6567,#6568,#6569,#6570,#6571,
    #6572,#6573,#6574,#6575,#6576,#6577,#6578,#6579,#6580,#6581,#6582,
    #6583,#6584,#6585,#6586,#6587,#6588,#6589,#6590,#6591,#6592,#6593,
    #6594,#6595,#6596,#6597,#6598,#6599,#6600,#6601,#6602,#6603,#6604,
    #6605,#6606,#6607,#6608,#6609,#6610,#6611,#6612,#6613,#6614,#6615,
    #6616,#6617,#6618,#6619,#6620,#6621,#6622,#6623,#6624,#6625,#6626,
    #6627,#6628,#6629,#6630,#6631,#6632,#6633,#6634,#6635,#6636,#6637,
    #6638,#6639,#6640,#6641,#6642,#6643,#6644,#6645,#6646,#6647,#6648,
    #6649,#6650,#6651,#6652,#6653,#6654,#6655,#6656,#6657,#6658,#6659,
    #6660,#6661,#6662,#6663,#6664,#6665,#6666,#6667,#6668,#6669,#6670,
    #6671,#6672,#6673,#6674,#6675,#6676,#6677,#6678,#6679,#6680,#6681,
    #6682,#6683,#6684,#6685,#6686,#6687,#6688,#6689,#6690,#6691,#6692,
    #6693,#6694,#6695,#6696,#6697,#6698,#6699,#6700,#6701,#6702,#6703,
    #6704,#6705,#6706,#6707,#6708,#6709,#6710,#6711,#6712,#6713,#6714,
    #6715,#6716,#6717,#6718,#6719,#6720,#6721,#6722),.UNSPECIFIED.,.F.,
  .F.,(9,7,7,7,7,7,7,7,7,7,7,7,7,7,7,7,7,7,7,7,7,7,7,7,7,7,7,7,7,7,7,7,7
    ,9),(0.,2.900040737443E-02,5.800081474886E-02,8.700122212329E-02,
    0.114001606544,0.135001913196,0.163002309331,0.192002716706,
    0.22100312408,0.250003531454,0.27500389121,0.302004275631,
    0.331004683005,0.358005067426,0.380005387734,0.406005760012,
    0.435006167387,0.464006574761,0.493006982136,0.52200738951,
    0.551007796884,0.57900819302,0.608008600394,0.63600899653,
    0.665009403905,0.694009811279,0.723010218653,0.752010626028,
    0.781011033402,0.808011417823,0.836011813958,0.864012210094,
    0.893012617468,1.),.UNSPECIFIED.);
#6490 = CARTESIAN_POINT('',(6.28318530718,3.47039866916));
#6491 = CARTESIAN_POINT('',(6.260408777873,3.47039866916));
#6492 = CARTESIAN_POINT('',(6.237632233625,3.47039866916));
#6493 = CARTESIAN_POINT('',(6.214855679415,3.47039866916));
#6494 = CARTESIAN_POINT('',(6.192079120225,3.47039866916));
#6495 = CARTESIAN_POINT('',(6.169302561036,3.47039866916));
#6496 = CARTESIAN_POINT('',(6.146526006826,3.47039866916));
#6497 = CARTESIAN_POINT('',(6.123749462578,3.47039866916));
#6498 = CARTESIAN_POINT('',(6.078196403965,3.47039866916));
#6499 = CARTESIAN_POINT('',(6.055419859716,3.47039866916));
#6500 = CARTESIAN_POINT('',(6.032643305507,3.47039866916));
#6501 = CARTESIAN_POINT('',(6.009866746317,3.47039866916));
#6502 = CARTESIAN_POINT('',(5.987090187128,3.47039866916));
#6503 = CARTESIAN_POINT('',(5.964313632918,3.47039866916));
#6504 = CARTESIAN_POINT('',(5.94153708867,3.47039866916));
#6505 = CARTESIAN_POINT('',(5.895984030056,3.47039866916));
#6506 = CARTESIAN_POINT('',(5.873207485808,3.47039866916));
#6507 = CARTESIAN_POINT('',(5.850430931599,3.47039866916));
#6508 = CARTESIAN_POINT('',(5.827654372409,3.47039866916));
#6509 = CARTESIAN_POINT('',(5.804877813219,3.47039866916));
#6510 = CARTESIAN_POINT('',(5.78210125901,3.47039866916));
#6511 = CARTESIAN_POINT('',(5.759324714762,3.47039866916));
#6512 = CARTESIAN_POINT('',(5.715342447235,3.47039866916));
#6513 = CARTESIAN_POINT('',(5.694136698565,3.47039866916));
#6514 = CARTESIAN_POINT('',(5.672930942928,3.47039866916));
#6515 = CARTESIAN_POINT('',(5.651725183808,3.47039866916));
#6516 = CARTESIAN_POINT('',(5.630519424688,3.47039866916));
#6517 = CARTESIAN_POINT('',(5.609313669051,3.47039866916));
#6518 = CARTESIAN_POINT('',(5.588107920381,3.47039866916));
#6519 = CARTESIAN_POINT('',(5.550408824198,3.47039866916));
#6520 = CARTESIAN_POINT('',(5.533915463262,3.47039866916));
#6521 = CARTESIAN_POINT('',(5.517422100344,3.47039866916));
#6522 = CARTESIAN_POINT('',(5.500928736436,3.47039866916));
#6523 = CARTESIAN_POINT('',(5.484435372527,3.47039866916));
#6524 = CARTESIAN_POINT('',(5.467942009609,3.47039866916));
#6525 = CARTESIAN_POINT('',(5.451448648673,3.47039866916));
#6526 = CARTESIAN_POINT('',(5.41296415676,3.47039866916));
#6527 = CARTESIAN_POINT('',(5.390973010274,3.47039866916));
#6528 = CARTESIAN_POINT('',(5.368981855431,3.47039866916));
#6529 = CARTESIAN_POINT('',(5.34699069641,3.47039866916));
#6530 = CARTESIAN_POINT('',(5.324999537389,3.47039866916));
#6531 = CARTESIAN_POINT('',(5.303008382546,3.47039866916));
#6532 = CARTESIAN_POINT('',(5.28101723606,3.47039866916));
#6533 = CARTESIAN_POINT('',(5.236249572803,3.47039866916));
#6534 = CARTESIAN_POINT('',(5.213473028554,3.47039866916));
#6535 = CARTESIAN_POINT('',(5.190696474345,3.47039866916));
#6536 = CARTESIAN_POINT('',(5.167919915155,3.47039866916));
#6537 = CARTESIAN_POINT('',(5.145143355966,3.47039866916));
#6538 = CARTESIAN_POINT('',(5.122366801756,3.47039866916));
#6539 = CARTESIAN_POINT('',(5.099590257508,3.47039866916));
#6540 = CARTESIAN_POINT('',(5.054037198894,3.47039866916));
#6541 = CARTESIAN_POINT('',(5.031260654646,3.47039866916));
#6542 = CARTESIAN_POINT('',(5.008484100437,3.47039866916));
#6543 = CARTESIAN_POINT('',(4.985707541247,3.47039866916));
#6544 = CARTESIAN_POINT('',(4.962930982057,3.47039866916));
#6545 = CARTESIAN_POINT('',(4.940154427848,3.47039866916));
#6546 = CARTESIAN_POINT('',(4.9173778836,3.47039866916));
#6547 = CARTESIAN_POINT('',(4.871824824986,3.47039866916));
#6548 = CARTESIAN_POINT('',(4.849048280738,3.47039866916));
#6549 = CARTESIAN_POINT('',(4.826271726529,3.47039866916));
#6550 = CARTESIAN_POINT('',(4.803495167339,3.47039866916));
#6551 = CARTESIAN_POINT('',(4.780718608149,3.47039866916));
#6552 = CARTESIAN_POINT('',(4.75794205394,3.47039866916));
#6553 = CARTESIAN_POINT('',(4.735165509692,3.47039866916));
#6554 = CARTESIAN_POINT('',(4.692754034596,3.47039866916));
#6555 = CARTESIAN_POINT('',(4.673119081696,3.47039866916));
#6556 = CARTESIAN_POINT('',(4.653484124056,3.47039866916));
#6557 = CARTESIAN_POINT('',(4.633849164045,3.47039866916));
#6558 = CARTESIAN_POINT('',(4.614214204035,3.47039866916));
#6559 = CARTESIAN_POINT('',(4.594579246394,3.47039866916));
#6560 = CARTESIAN_POINT('',(4.574944293494,3.47039866916));
#6561 = CARTESIAN_POINT('',(4.534103609485,3.47039866916));
#6562 = CARTESIAN_POINT('',(4.512897860815,3.47039866916));
#6563 = CARTESIAN_POINT('',(4.491692105179,3.47039866916));
#6564 = CARTESIAN_POINT('',(4.470486346058,3.47039866916));
#6565 = CARTESIAN_POINT('',(4.449280586938,3.47039866916));
#6566 = CARTESIAN_POINT('',(4.428074831301,3.47039866916));
#6567 = CARTESIAN_POINT('',(4.406869082631,3.47039866916));
#6568 = CARTESIAN_POINT('',(4.362886815105,3.47039866916));
#6569 = CARTESIAN_POINT('',(4.340110270856,3.47039866916));
#6570 = CARTESIAN_POINT('',(4.317333716647,3.47039866916));
#6571 = CARTESIAN_POINT('',(4.294557157457,3.47039866916));
#6572 = CARTESIAN_POINT('',(4.271780598268,3.47039866916));
#6573 = CARTESIAN_POINT('',(4.249004044058,3.47039866916));
#6574 = CARTESIAN_POINT('',(4.22622749981,3.47039866916));
#6575 = CARTESIAN_POINT('',(4.182245232283,3.47039866916));
#6576 = CARTESIAN_POINT('',(4.161039483613,3.47039866916));
#6577 = CARTESIAN_POINT('',(4.139833727977,3.47039866916));
#6578 = CARTESIAN_POINT('',(4.118627968856,3.47039866916));
#6579 = CARTESIAN_POINT('',(4.097422209736,3.47039866916));
#6580 = CARTESIAN_POINT('',(4.076216454099,3.47039866916));
#6581 = CARTESIAN_POINT('',(4.055010705429,3.47039866916));
#6582 = CARTESIAN_POINT('',(4.016526211992,3.47039866916));
#6583 = CARTESIAN_POINT('',(3.999247453022,3.47039866916));
#6584 = CARTESIAN_POINT('',(3.981968691552,3.47039866916));
#6585 = CARTESIAN_POINT('',(3.96468992883,3.47039866916));
#6586 = CARTESIAN_POINT('',(3.947411166109,3.47039866916));
#6587 = CARTESIAN_POINT('',(3.930132404639,3.47039866916));
#6588 = CARTESIAN_POINT('',(3.912853645669,3.47039866916));
#6589 = CARTESIAN_POINT('',(3.875154548297,3.47039866916));
#6590 = CARTESIAN_POINT('',(3.854734197491,3.47039866916));
#6591 = CARTESIAN_POINT('',(3.834313840917,3.47039866916));
#6592 = CARTESIAN_POINT('',(3.813893481458,3.47039866916));
#6593 = CARTESIAN_POINT('',(3.793473122,3.47039866916));
#6594 = CARTESIAN_POINT('',(3.773052765425,3.47039866916));
#6595 = CARTESIAN_POINT('',(3.752632414619,3.47039866916));
#6596 = CARTESIAN_POINT('',(3.709435543158,3.47039866916));
#6597 = CARTESIAN_POINT('',(3.68665899891,3.47039866916));
#6598 = CARTESIAN_POINT('',(3.6638824447,3.47039866916));
#6599 = CARTESIAN_POINT('',(3.641105885511,3.47039866916));
#6600 = CARTESIAN_POINT('',(3.618329326321,3.47039866916));
#6601 = CARTESIAN_POINT('',(3.595552772112,3.47039866916));
#6602 = CARTESIAN_POINT('',(3.572776227863,3.47039866916));
#6603 = CARTESIAN_POINT('',(3.52722316925,3.47039866916));
#6604 = CARTESIAN_POINT('',(3.504446625002,3.47039866916));
#6605 = CARTESIAN_POINT('',(3.481670070792,3.47039866916));
#6606 = CARTESIAN_POINT('',(3.458893511602,3.47039866916));
#6607 = CARTESIAN_POINT('',(3.436116952413,3.47039866916));
#6608 = CARTESIAN_POINT('',(3.413340398203,3.47039866916));
#6609 = CARTESIAN_POINT('',(3.390563853955,3.47039866916));
#6610 = CARTESIAN_POINT('',(3.345010795342,3.47039866916));
#6611 = CARTESIAN_POINT('',(3.322234251093,3.47039866916));
#6612 = CARTESIAN_POINT('',(3.299457696884,3.47039866916));
#6613 = CARTESIAN_POINT('',(3.276681137694,3.47039866916));
#6614 = CARTESIAN_POINT('',(3.253904578505,3.47039866916));
#6615 = CARTESIAN_POINT('',(3.231128024295,3.47039866916));
#6616 = CARTESIAN_POINT('',(3.208351480047,3.47039866916));
#6617 = CARTESIAN_POINT('',(3.162798421433,3.47039866916));
#6618 = CARTESIAN_POINT('',(3.140021877185,3.47039866916));
#6619 = CARTESIAN_POINT('',(3.117245322976,3.47039866916));
#6620 = CARTESIAN_POINT('',(3.094468763786,3.47039866916));
#6621 = CARTESIAN_POINT('',(3.071692204596,3.47039866916));
#6622 = CARTESIAN_POINT('',(3.048915650387,3.47039866916));
#6623 = CARTESIAN_POINT('',(3.026139106139,3.47039866916));
#6624 = CARTESIAN_POINT('',(2.980586047525,3.47039866916));
#6625 = CARTESIAN_POINT('',(2.957809503277,3.47039866916));
#6626 = CARTESIAN_POINT('',(2.935032949068,3.47039866916));
#6627 = CARTESIAN_POINT('',(2.912256389878,3.47039866916));
#6628 = CARTESIAN_POINT('',(2.889479830688,3.47039866916));
#6629 = CARTESIAN_POINT('',(2.866703276479,3.47039866916));
#6630 = CARTESIAN_POINT('',(2.843926732231,3.47039866916));
#6631 = CARTESIAN_POINT('',(2.799159068973,3.47039866916));
#6632 = CARTESIAN_POINT('',(2.777167922488,3.47039866916));
#6633 = CARTESIAN_POINT('',(2.755176767645,3.47039866916));
#6634 = CARTESIAN_POINT('',(2.733185608623,3.47039866916));
#6635 = CARTESIAN_POINT('',(2.711194449602,3.47039866916));
#6636 = CARTESIAN_POINT('',(2.689203294759,3.47039866916));
#6637 = CARTESIAN_POINT('',(2.667212148273,3.47039866916));
#6638 = CARTESIAN_POINT('',(2.622444485016,3.47039866916));
#6639 = CARTESIAN_POINT('',(2.599667940768,3.47039866916));
#6640 = CARTESIAN_POINT('',(2.576891386558,3.47039866916));
#6641 = CARTESIAN_POINT('',(2.554114827369,3.47039866916));
#6642 = CARTESIAN_POINT('',(2.531338268179,3.47039866916));
#6643 = CARTESIAN_POINT('',(2.50856171397,3.47039866916));
#6644 = CARTESIAN_POINT('',(2.485785169721,3.47039866916));
#6645 = CARTESIAN_POINT('',(2.441017506464,3.47039866916));
#6646 = CARTESIAN_POINT('',(2.419026359978,3.47039866916));
#6647 = CARTESIAN_POINT('',(2.397035205135,3.47039866916));
#6648 = CARTESIAN_POINT('',(2.375044046114,3.47039866916));
#6649 = CARTESIAN_POINT('',(2.353052887093,3.47039866916));
#6650 = CARTESIAN_POINT('',(2.33106173225,3.47039866916));
#6651 = CARTESIAN_POINT('',(2.309070585764,3.47039866916));
#6652 = CARTESIAN_POINT('',(2.264302922507,3.47039866916));
#6653 = CARTESIAN_POINT('',(2.241526378258,3.47039866916));
#6654 = CARTESIAN_POINT('',(2.218749824049,3.47039866916));
#6655 = CARTESIAN_POINT('',(2.195973264859,3.47039866916));
#6656 = CARTESIAN_POINT('',(2.17319670567,3.47039866916));
#6657 = CARTESIAN_POINT('',(2.15042015146,3.47039866916));
#6658 = CARTESIAN_POINT('',(2.127643607212,3.47039866916));
#6659 = CARTESIAN_POINT('',(2.082090548598,3.47039866916));
#6660 = CARTESIAN_POINT('',(2.05931400435,3.47039866916));
#6661 = CARTESIAN_POINT('',(2.036537450141,3.47039866916));
#6662 = CARTESIAN_POINT('',(2.013760890951,3.47039866916));
#6663 = CARTESIAN_POINT('',(1.990984331761,3.47039866916));
#6664 = CARTESIAN_POINT('',(1.968207777552,3.47039866916));
#6665 = CARTESIAN_POINT('',(1.945431233304,3.47039866916));
#6666 = CARTESIAN_POINT('',(1.89987817469,3.47039866916));
#6667 = CARTESIAN_POINT('',(1.877101630442,3.47039866916));
#6668 = CARTESIAN_POINT('',(1.854325076233,3.47039866916));
#6669 = CARTESIAN_POINT('',(1.831548517043,3.47039866916));
#6670 = CARTESIAN_POINT('',(1.808771957853,3.47039866916));
#6671 = CARTESIAN_POINT('',(1.785995403644,3.47039866916));
#6672 = CARTESIAN_POINT('',(1.763218859396,3.47039866916));
#6673 = CARTESIAN_POINT('',(1.717665800782,3.47039866916));
#6674 = CARTESIAN_POINT('',(1.694889256534,3.47039866916));
#6675 = CARTESIAN_POINT('',(1.672112702325,3.47039866916));
#6676 = CARTESIAN_POINT('',(1.649336143135,3.47039866916));
#6677 = CARTESIAN_POINT('',(1.626559583945,3.47039866916));
#6678 = CARTESIAN_POINT('',(1.603783029736,3.47039866916));
#6679 = CARTESIAN_POINT('',(1.581006485487,3.47039866916));
#6680 = CARTESIAN_POINT('',(1.535453426874,3.47039866916));
#6681 = CARTESIAN_POINT('',(1.512676882626,3.47039866916));
#6682 = CARTESIAN_POINT('',(1.489900328416,3.47039866916));
#6683 = CARTESIAN_POINT('',(1.467123769227,3.47039866916));
#6684 = CARTESIAN_POINT('',(1.444347210037,3.47039866916));
#6685 = CARTESIAN_POINT('',(1.421570655828,3.47039866916));
#6686 = CARTESIAN_POINT('',(1.398794111579,3.47039866916));
#6687 = CARTESIAN_POINT('',(1.354811844053,3.47039866916));
#6688 = CARTESIAN_POINT('',(1.333606095382,3.47039866916));
#6689 = CARTESIAN_POINT('',(1.312400339746,3.47039866916));
#6690 = CARTESIAN_POINT('',(1.291194580626,3.47039866916));
#6691 = CARTESIAN_POINT('',(1.269988821505,3.47039866916));
#6692 = CARTESIAN_POINT('',(1.248783065869,3.47039866916));
#6693 = CARTESIAN_POINT('',(1.227577317199,3.47039866916));
#6694 = CARTESIAN_POINT('',(1.184380445028,3.47039866916));
#6695 = CARTESIAN_POINT('',(1.162389298542,3.47039866916));
#6696 = CARTESIAN_POINT('',(1.140398143699,3.47039866916));
#6697 = CARTESIAN_POINT('',(1.118406984678,3.47039866916));
#6698 = CARTESIAN_POINT('',(1.096415825657,3.47039866916));
#6699 = CARTESIAN_POINT('',(1.074424670814,3.47039866916));
#6700 = CARTESIAN_POINT('',(1.052433524328,3.47039866916));
#6701 = CARTESIAN_POINT('',(1.008451256427,3.47039866916));
#6702 = CARTESIAN_POINT('',(0.986460109941,3.47039866916));
#6703 = CARTESIAN_POINT('',(0.964468955098,3.47039866916));
#6704 = CARTESIAN_POINT('',(0.942477796077,3.47039866916));
#6705 = CARTESIAN_POINT('',(0.920486637056,3.47039866916));
#6706 = CARTESIAN_POINT('',(0.898495482213,3.47039866916));
#6707 = CARTESIAN_POINT('',(0.876504335727,3.47039866916));
#6708 = CARTESIAN_POINT('',(0.83173667247,3.47039866916));
#6709 = CARTESIAN_POINT('',(0.808960128221,3.47039866916));
#6710 = CARTESIAN_POINT('',(0.786183574012,3.47039866916));
#6711 = CARTESIAN_POINT('',(0.763407014822,3.47039866916));
#6712 = CARTESIAN_POINT('',(0.740630455633,3.47039866916));
#6713 = CARTESIAN_POINT('',(0.717853901423,3.47039866916));
#6714 = CARTESIAN_POINT('',(0.695077357175,3.47039866916));
#6715 = CARTESIAN_POINT('',(0.588274378783,3.47039866916));
#6716 = CARTESIAN_POINT('',(0.504218457484,3.47039866916));
#6717 = CARTESIAN_POINT('',(0.420178017026,3.47039866916));
#6718 = CARTESIAN_POINT('',(0.336150413939,3.47039866916));
#6719 = CARTESIAN_POINT('',(0.252122810835,3.47039866916));
#6720 = CARTESIAN_POINT('',(0.168082370388,3.47039866916));
#6721 = CARTESIAN_POINT('',(8.40264490841E-02,3.47039866916));
#6722 = CARTESIAN_POINT('',(0.,3.47039866916));
#6723 = ( GEOMETRIC_REPRESENTATION_CONTEXT(2) 
PARAMETRIC_REPRESENTATION_CONTEXT() REPRESENTATION_CONTEXT('2D SPACE',''
  ) );
#6724 = PCURVE('',#45,#6725);
#6725 = DEFINITIONAL_REPRESENTATION('',(#6726),#6960);
#6726 = B_SPLINE_CURVE_WITH_KNOTS('',8,(#6727,#6728,#6729,#6730,#6731,
    #6732,#6733,#6734,#6735,#6736,#6737,#6738,#6739,#6740,#6741,#6742,
    #6743,#6744,#6745,#6746,#6747,#6748,#6749,#6750,#6751,#6752,#6753,
    #6754,#6755,#6756,#6757,#6758,#6759,#6760,#6761,#6762,#6763,#6764,
    #6765,#6766,#6767,#6768,#6769,#6770,#6771,#6772,#6773,#6774,#6775,
    #6776,#6777,#6778,#6779,#6780,#6781,#6782,#6783,#6784,#6785,#6786,
    #6787,#6788,#6789,#6790,#6791,#6792,#6793,#6794,#6795,#6796,#6797,
    #6798,#6799,#6800,#6801,#6802,#6803,#6804,#6805,#6806,#6807,#6808,
    #6809,#6810,#6811,#6812,#6813,#6814,#6815,#6816,#6817,#6818,#6819,
    #6820,#6821,#6822,#6823,#6824,#6825,#6826,#6827,#6828,#6829,#6830,
    #6831,#6832,#6833,#6834,#6835,#6836,#6837,#6838,#6839,#6840,#6841,
    #6842,#6843,#6844,#6845,#6846,#6847,#6848,#6849,#6850,#6851,#6852,
    #6853,#6854,#6855,#6856,#6857,#6858,#6859,#6860,#6861,#6862,#6863,
    #6864,#6865,#6866,#6867,#6868,#6869,#6870,#6871,#6872,#6873,#6874,
    #6875,#6876,#6877,#6878,#6879,#6880,#6881,#6882,#6883,#6884,#6885,
    #6886,#6887,#6888,#6889,#6890,#6891,#6892,#6893,#6894,#6895,#6896,
    #6897,#6898,#6899,#6900,#6901,#6902,#6903,#6904,#6905,#6906,#6907,
    #6908,#6909,#6910,#6911,#6912,#6913,#6914,#6915,#6916,#6917,#6918,
    #6919,#6920,#6921,#6922,#6923,#6924,#6925,#6926,#6927,#6928,#6929,
    #6930,#6931,#6932,#6933,#6934,#6935,#6936,#6937,#6938,#6939,#6940,
    #6941,#6942,#6943,#6944,#6945,#6946,#6947,#6948,#6949,#6950,#6951,
    #6952,#6953,#6954,#6955,#6956,#6957,#6958,#6959),.UNSPECIFIED.,.T.,
  .F.,(9,7,7,7,7,7,7,7,7,7,7,7,7,7,7,7,7,7,7,7,7,7,7,7,7,7,7,7,7,7,7,7,7
    ,9),(0.,2.900040737443E-02,5.800081474886E-02,8.700122212329E-02,
    0.114001606544,0.135001913196,0.163002309331,0.192002716706,
    0.22100312408,0.250003531454,0.27500389121,0.302004275631,
    0.331004683005,0.358005067426,0.380005387734,0.406005760012,
    0.435006167387,0.464006574761,0.493006982136,0.52200738951,
    0.551007796884,0.57900819302,0.608008600394,0.63600899653,
    0.665009403905,0.694009811279,0.723010218653,0.752010626028,
    0.781011033402,0.808011417823,0.836011813958,0.864012210094,
    0.893012617468,1.),.UNSPECIFIED.);
#6727 = CARTESIAN_POINT('',(21.32513047566,-3.552713678801E-15));
#6728 = CARTESIAN_POINT('',(21.32513047566,-0.48571245925));
#6729 = CARTESIAN_POINT('',(21.312487181249,-0.971425874547));
#6730 = CARTESIAN_POINT('',(21.287200646173,-1.456754905464));
#6731 = CARTESIAN_POINT('',(21.249284868039,-1.941315485472));
#6732 = CARTESIAN_POINT('',(21.198767788315,-2.424724821941));
#6733 = CARTESIAN_POINT('',(21.135691292328,-2.90660139614));
#6734 = CARTESIAN_POINT('',(21.06011120927,-3.386564963234));
#6735 = CARTESIAN_POINT('',(20.884083415106,-4.341908141346));
#6736 = CARTESIAN_POINT('',(20.783635357519,-4.817289632803));
#6737 = CARTESIAN_POINT('',(20.67082301819,-5.290002075206));
#6738 = CARTESIAN_POINT('',(20.545729758066,-5.759670296614));
#6739 = CARTESIAN_POINT('',(20.408452420282,-6.225922904607));
#6740 = CARTESIAN_POINT('',(20.259101330155,-6.68839228628));
#6741 = CARTESIAN_POINT('',(20.097800295189,-7.146714608246));
#6742 = CARTESIAN_POINT('',(19.751572914958,-8.054345025024));
#6743 = CARTESIAN_POINT('',(19.566645888199,-8.503654906361));
#6744 = CARTESIAN_POINT('',(19.370042914919,-8.948099445089));
#6745 = CARTESIAN_POINT('',(19.161913959362,-9.387324785646));
#6746 = CARTESIAN_POINT('',(18.942421559889,-9.820983232472));
#6747 = CARTESIAN_POINT('',(18.711740828982,-10.24873325));
#6748 = CARTESIAN_POINT('',(18.470059453245,-10.67023946266));
#6749 = CARTESIAN_POINT('',(17.982508423957,-11.47148983846));
#6750 = CARTESIAN_POINT('',(17.73807633544,-11.85211064426));
#6751 = CARTESIAN_POINT('',(17.484443036954,-12.22676954825));
#6752 = CARTESIAN_POINT('',(17.221778628918,-12.59520723653));
#6753 = CARTESIAN_POINT('',(16.950261703065,-12.95717060535));
#6754 = CARTESIAN_POINT('',(16.670079342442,-13.31241276112));
#6755 = CARTESIAN_POINT('',(16.38142712141,-13.6606930204));
#6756 = CARTESIAN_POINT('',(15.853572786952,-14.26706447623));
#6757 = CARTESIAN_POINT('',(15.617635786747,-14.5279991358));
#6758 = CARTESIAN_POINT('',(15.376794019895,-14.78447071844));
#6759 = CARTESIAN_POINT('',(15.131146131361,-15.03637176695));
#6760 = CARTESIAN_POINT('',(14.880793496207,-15.28359753716));
#6761 = CARTESIAN_POINT('',(14.625840219594,-15.52604599788));
#6762 = CARTESIAN_POINT('',(14.366393136782,-15.76361783092));
#6763 = CARTESIAN_POINT('',(13.750786874894,-16.30634775698));
#6764 = CARTESIAN_POINT('',(13.391216866172,-16.60763852395));
#6765 = CARTESIAN_POINT('',(13.024111918435,-16.89985945332));
#6766 = CARTESIAN_POINT('',(12.649739376854,-17.18279106513));
#6767 = CARTESIAN_POINT('',(12.268373800295,-17.45622367817));
#6768 = CARTESIAN_POINT('',(11.880296961325,-17.71995740993));
#6769 = CARTESIAN_POINT('',(11.485797846206,-17.97380217668));
#6770 = CARTESIAN_POINT('',(10.670239462666,-18.47005945324));
#6771 = CARTESIAN_POINT('',(10.248733250002,-18.71174082898));
#6772 = CARTESIAN_POINT('',(9.820983232473,-18.94242155988));
#6773 = CARTESIAN_POINT('',(9.387324785648,-19.16191395936));
#6774 = CARTESIAN_POINT('',(8.948099445091,-19.37004291491));
#6775 = CARTESIAN_POINT('',(8.503654906363,-19.56664588819));
#6776 = CARTESIAN_POINT('',(8.054345025026,-19.75157291495));
#6777 = CARTESIAN_POINT('',(7.146714608248,-20.09780029518));
#6778 = CARTESIAN_POINT('',(6.688392286282,-20.25910133015));
#6779 = CARTESIAN_POINT('',(6.225922904609,-20.40845242028));
#6780 = CARTESIAN_POINT('',(5.759670296616,-20.54572975806));
#6781 = CARTESIAN_POINT('',(5.290002075208,-20.67082301819));
#6782 = CARTESIAN_POINT('',(4.817289632805,-20.78363535751));
#6783 = CARTESIAN_POINT('',(4.341908141348,-20.8840834151));
#6784 = CARTESIAN_POINT('',(3.386564963236,-21.06011120926));
#6785 = CARTESIAN_POINT('',(2.906601396142,-21.13569129232));
#6786 = CARTESIAN_POINT('',(2.424724821943,-21.19876778831));
#6787 = CARTESIAN_POINT('',(1.941315485474,-21.24928486803));
#6788 = CARTESIAN_POINT('',(1.456754905466,-21.28720064617));
#6789 = CARTESIAN_POINT('',(0.971425874549,-21.31248718124));
#6790 = CARTESIAN_POINT('',(0.485712459252,-21.32513047566));
#6791 = CARTESIAN_POINT('',(-0.418717780834,-21.32513047566));
#6792 = CARTESIAN_POINT('',(-0.837436016787,-21.31573445652));
#6793 = CARTESIAN_POINT('',(-1.255908063639,-21.29694244031));
#6794 = CARTESIAN_POINT('',(-1.673887883804,-21.26876215703));
#6795 = CARTESIAN_POINT('',(-2.091130046322,-21.23120904469));
#6796 = CARTESIAN_POINT('',(-2.507389726867,-21.18430624922));
#6797 = CARTESIAN_POINT('',(-2.922422707739,-21.12808462452));
#6798 = CARTESIAN_POINT('',(-3.782632993532,-20.99184069985));
#6799 = CARTESIAN_POINT('',(-4.227566822921,-20.91027397151));
#6800 = CARTESIAN_POINT('',(-4.670479860032,-20.81793120787));
#6801 = CARTESIAN_POINT('',(-5.111067618907,-20.71487128296));
#6802 = CARTESIAN_POINT('',(-5.549028133631,-20.6011632844));
#6803 = CARTESIAN_POINT('',(-5.984061958339,-20.47688651344));
#6804 = CARTESIAN_POINT('',(-6.415872167208,-20.34213048492));
#6805 = CARTESIAN_POINT('',(-7.304181801336,-20.04110861729));
#6806 = CARTESIAN_POINT('',(-7.760142369129,-19.87324755774));
#6807 = CARTESIAN_POINT('',(-8.211681119829,-19.69353547211));
#6808 = CARTESIAN_POINT('',(-8.658438797119,-19.50210888118));
#6809 = CARTESIAN_POINT('',(-9.100061826384,-19.29911710314));
#6810 = CARTESIAN_POINT('',(-9.536202314708,-19.08472225351));
#6811 = CARTESIAN_POINT('',(-9.966518050876,-18.85909924515));
#6812 = CARTESIAN_POINT('',(-10.78557500371,-18.40209390724));
#6813 = CARTESIAN_POINT('',(-11.17513805809,-18.1721811621));
#6814 = CARTESIAN_POINT('',(-11.55909024203,-17.93284903955));
#6815 = CARTESIAN_POINT('',(-11.93716601477,-17.68425774553));
#6816 = CARTESIAN_POINT('',(-12.30910572124,-17.42657620537));
#6817 = CARTESIAN_POINT('',(-12.67465559209,-17.15998206373));
#6818 = CARTESIAN_POINT('',(-13.03356774365,-16.88466168459));
#6819 = CARTESIAN_POINT('',(-13.67244151299,-16.36952364238));
#6820 = CARTESIAN_POINT('',(-13.95471578058,-16.13257267765));
#6821 = CARTESIAN_POINT('',(-14.23229222101,-15.89006270474));
#6822 = CARTESIAN_POINT('',(-14.50504322693,-15.6421025708));
#6823 = CARTESIAN_POINT('',(-14.77284434338,-15.38880452248));
#6824 = CARTESIAN_POINT('',(-15.03557426781,-15.13028420597));
#6825 = CARTESIAN_POINT('',(-15.29311485008,-14.86666066696));
#6826 = CARTESIAN_POINT('',(-15.84344839789,-14.28061496245));
#6827 = CARTESIAN_POINT('',(-16.13413776658,-13.95621629895));
#6828 = CARTESIAN_POINT('',(-16.417229256,-13.62506266917));
#6829 = CARTESIAN_POINT('',(-16.69254000072,-13.28736201553));
#6830 = CARTESIAN_POINT('',(-16.95989421243,-12.94332791387));
#6831 = CARTESIAN_POINT('',(-17.21912317992,-12.59317957344));
#6832 = CARTESIAN_POINT('',(-17.47006526908,-12.2371418369));
#6833 = CARTESIAN_POINT('',(-17.98304734807,-11.47201440348));
#6834 = CARTESIAN_POINT('',(-18.24302783716,-11.06154209018));
#6835 = CARTESIAN_POINT('',(-18.49229284812,-10.64434833253));
#6836 = CARTESIAN_POINT('',(-18.73064013,-10.22075992954));
#6837 = CARTESIAN_POINT('',(-18.95787972301,-9.791110387127));
#6838 = CARTESIAN_POINT('',(-19.17383395843,-9.355739918091));
#6839 = CARTESIAN_POINT('',(-19.3783374587,-8.914995442152));
#6840 = CARTESIAN_POINT('',(-19.76413681599,-8.023465729694));
#6841 = CARTESIAN_POINT('',(-19.9454334324,-7.572678738342));
#6842 = CARTESIAN_POINT('',(-20.11497399876,-7.117223281172));
#6843 = CARTESIAN_POINT('',(-20.27261883023,-6.657457396138));
#6844 = CARTESIAN_POINT('',(-20.41824154492,-6.193743489841));
#6845 = CARTESIAN_POINT('',(-20.55172906395,-5.726448337532));
#6846 = CARTESIAN_POINT('',(-20.67298161137,-5.25594308311));
#6847 = CARTESIAN_POINT('',(-20.89084381704,-4.309263395138));
#6848 = CARTESIAN_POINT('',(-20.98745390413,-3.833087098199));
#6849 = CARTESIAN_POINT('',(-21.07165660726,-3.354449884964));
#6850 = CARTESIAN_POINT('',(-21.14337943257,-2.873729177838));
#6851 = CARTESIAN_POINT('',(-21.20256376058,-2.391304284983));
#6852 = CARTESIAN_POINT('',(-21.24916484618,-1.907556400307));
#6853 = CARTESIAN_POINT('',(-21.28315181861,-1.422868603475));
#6854 = CARTESIAN_POINT('',(-21.32586354437,-0.452383116326));
#6855 = CARTESIAN_POINT('',(-21.33458838176,3.34164842352E-02));
#6856 = CARTESIAN_POINT('',(-21.33066530467,0.519387971643));
#6857 = CARTESIAN_POINT('',(-21.31409141048,1.005147035337));
#6858 = CARTESIAN_POINT('',(-21.28487778298,1.490310024339));
#6859 = CARTESIAN_POINT('',(-21.24304949231,1.974493947251));
#6860 = CARTESIAN_POINT('',(-21.18864559503,2.457316472259));
#6861 = CARTESIAN_POINT('',(-21.05479267314,3.419475381994));
#6862 = CARTESIAN_POINT('',(-20.97534338505,3.898813660577));
#6863 = CARTESIAN_POINT('',(-20.88342441921,4.376029105452));
#6864 = CARTESIAN_POINT('',(-20.77910256037,4.850743242273));
#6865 = CARTESIAN_POINT('',(-20.66245822858,5.322580779768));
#6866 = CARTESIAN_POINT('',(-20.5335854792,5.791169609741));
#6867 = CARTESIAN_POINT('',(-20.39259200295,6.256140807073));
#6868 = CARTESIAN_POINT('',(-20.0918818504,7.1622203652));
#6869 = CARTESIAN_POINT('',(-19.93297792043,7.603600313175));
#6870 = CARTESIAN_POINT('',(-19.76299659955,8.040939386169));
#6871 = CARTESIAN_POINT('',(-19.58205831831,8.473913329074));
#6872 = CARTESIAN_POINT('',(-19.39029467422,8.902202719157));
#6873 = CARTESIAN_POINT('',(-19.18784843173,9.325492966055));
#6874 = CARTESIAN_POINT('',(-18.97487352226,9.743474311778));
#6875 = CARTESIAN_POINT('',(-18.52022021509,10.582936718192));
#6876 = CARTESIAN_POINT('',(-18.27778747571,11.004011226522));
#6877 = CARTESIAN_POINT('',(-18.02442038711,11.418726545175));
#6878 = CARTESIAN_POINT('',(-17.76031416479,11.826751624382));
#6879 = CARTESIAN_POINT('',(-17.48567567861,12.227763175136));
#6880 = CARTESIAN_POINT('',(-17.20072345282,12.621445669185));
#6881 = CARTESIAN_POINT('',(-16.90568766604,13.007491339039));
#6882 = CARTESIAN_POINT('',(-16.30644562478,13.750670817689));
#6883 = CARTESIAN_POINT('',(-16.00290534715,14.108343876911));
#6884 = CARTESIAN_POINT('',(-15.69040700568,14.458349449433));
#6885 = CARTESIAN_POINT('',(-15.36917705214,14.800426069214));
#6886 = CARTESIAN_POINT('',(-15.03945070279,15.134320710372));
#6887 = CARTESIAN_POINT('',(-14.70147193837,15.459788787181));
#6888 = CARTESIAN_POINT('',(-14.35549350416,15.776594154074));
#6889 = CARTESIAN_POINT('',(-13.63542761686,16.403420987778));
#6890 = CARTESIAN_POINT('',(-13.26077619571,16.712797275374));
#6891 = CARTESIAN_POINT('',(-12.87811332529,17.012384999932));
#6892 = CARTESIAN_POINT('',(-12.48773787893,17.301942546555));
#6893 = CARTESIAN_POINT('',(-12.08995692447,17.581239653946));
#6894 = CARTESIAN_POINT('',(-11.68508572424,17.850057414406));
#6895 = CARTESIAN_POINT('',(-11.27344773511,18.108188273838));
#6896 = CARTESIAN_POINT('',(-10.43730148167,18.602683789646));
#6897 = CARTESIAN_POINT('',(-10.01279157156,18.839049419359));
#6898 = CARTESIAN_POINT('',(-9.582176584115,19.064336812904));
#6899 = CARTESIAN_POINT('',(-9.145794226892,19.278362512842));
#6900 = CARTESIAN_POINT('',(-8.703988208965,19.480955712265));
#6901 = CARTESIAN_POINT('',(-8.257108240906,19.6719582548));
#6902 = CARTESIAN_POINT('',(-7.805510034795,19.85122463461));
#6903 = CARTESIAN_POINT('',(-6.89360057363,20.186019358166));
#6904 = CARTESIAN_POINT('',(-6.433287523629,20.341548360903));
#6905 = CARTESIAN_POINT('',(-5.968977904839,20.485076250201));
#6906 = CARTESIAN_POINT('',(-5.501037077691,20.616483800277));
#6907 = CARTESIAN_POINT('',(-5.029834012415,20.73566531396));
#6908 = CARTESIAN_POINT('',(-4.555741289044,20.842528622697));
#6909 = CARTESIAN_POINT('',(-4.079135097413,20.936995086546));
#6910 = CARTESIAN_POINT('',(-3.1216553769,21.101004101817));
#6911 = CARTESIAN_POINT('',(-2.640779963373,21.170546976063));
#6912 = CARTESIAN_POINT('',(-2.158148814359,21.227563211544));
#6913 = CARTESIAN_POINT('',(-1.674142846221,21.27200176165));
#6914 = CARTESIAN_POINT('',(-1.189144073899,21.30382553854));
#6915 = CARTESIAN_POINT('',(-0.703535610913,21.323011413138));
#6916 = CARTESIAN_POINT('',(-0.217701669364,21.32955021514));
#6917 = CARTESIAN_POINT('',(0.753646549508,21.31734325087));
#6918 = CARTESIAN_POINT('',(1.239162738774,21.298597460572));
#6919 = CARTESIAN_POINT('',(1.724135698543,21.267214258055));
#6920 = CARTESIAN_POINT('',(2.208181568505,21.223212466017));
#6921 = CARTESIAN_POINT('',(2.690917937366,21.166624833907));
#6922 = CARTESIAN_POINT('',(3.171963842852,21.097498037926));
#6923 = CARTESIAN_POINT('',(3.650939771702,21.015892681026));
#6924 = CARTESIAN_POINT('',(4.571131639855,20.83435729421));
#6925 = CARTESIAN_POINT('',(5.012675066694,20.736078883956));
#6926 = CARTESIAN_POINT('',(5.451792986345,20.627108259102));
#6927 = CARTESIAN_POINT('',(5.888183348167,20.507515727974));
#6928 = CARTESIAN_POINT('',(6.321547004727,20.377381710262));
#6929 = CARTESIAN_POINT('',(6.7515877118,20.236796737027));
#6930 = CARTESIAN_POINT('',(7.178012128371,20.085861450698));
#6931 = CARTESIAN_POINT('',(8.038696268685,19.757542335783));
#6932 = CARTESIAN_POINT('',(8.472662666625,19.579385430517));
#6933 = CARTESIAN_POINT('',(8.902105045338,19.390339516569));
#6934 = CARTESIAN_POINT('',(9.3267047584,19.190539164915));
#6935 = CARTESIAN_POINT('',(9.746148478073,18.980129890215));
#6936 = CARTESIAN_POINT('',(10.16012819531,18.759268150811));
#6937 = CARTESIAN_POINT('',(10.568341219751,18.528121348731));
#6938 = CARTESIAN_POINT('',(11.372639139702,18.045614310644));
#6939 = CARTESIAN_POINT('',(11.768725410961,17.794253249309));
#6940 = CARTESIAN_POINT('',(12.158451666632,17.532963066072));
#6941 = CARTESIAN_POINT('',(12.541527731833,17.261932025187));
#6942 = CARTESIAN_POINT('',(12.91767058367,16.981358234777));
#6943 = CARTESIAN_POINT('',(13.286604351239,16.691449646834));
#6944 = CARTESIAN_POINT('',(13.648060315622,16.392424057215));
#6945 = CARTESIAN_POINT('',(14.36812620292,15.765597223511));
#6946 = CARTESIAN_POINT('',(14.726174810034,15.437148491382));
#6947 = CARTESIAN_POINT('',(15.075632122971,15.099415958833));
#6948 = CARTESIAN_POINT('',(15.416217649651,14.752662356191));
#6949 = CARTESIAN_POINT('',(15.747661014175,14.397160094535));
#6950 = CARTESIAN_POINT('',(16.069701956821,14.033191265695));
#6951 = CARTESIAN_POINT('',(16.38209033405,13.661047642258));
#6952 = CARTESIAN_POINT('',(17.800543966526,11.879084151567));
#6953 = CARTESIAN_POINT('',(18.782264214473,10.369479818203));
#6954 = CARTESIAN_POINT('',(19.616976439367,8.767922469646));
#6955 = CARTESIAN_POINT('',(20.294947143089,7.091287169792));
#6956 = CARTESIAN_POINT('',(20.808697071863,5.357271248281));
#6957 = CARTESIAN_POINT('',(21.15305624401,3.58437892254));
#6958 = CARTESIAN_POINT('',(21.32513047566,1.791874990125));
#6959 = CARTESIAN_POINT('',(21.32513047566,0.));
#6960 = ( GEOMETRIC_REPRESENTATION_CONTEXT(2) 
PARAMETRIC_REPRESENTATION_CONTEXT() REPRESENTATION_CONTEXT('2D SPACE',''
  ) );
#6961 = ORIENTED_EDGE('',*,*,#6017,.T.);
#6962 = FACE_BOUND('',#6963,.F.);
#6963 = EDGE_LOOP('',(#6964));
#6964 = ORIENTED_EDGE('',*,*,#6965,.F.);
#6965 = EDGE_CURVE('',#6966,#6966,#6968,.T.);
#6966 = VERTEX_POINT('',#6967);
#6967 = CARTESIAN_POINT('',(28.289552732218,14.79258636346,
    20.719324114039));
#6968 = SURFACE_CURVE('',#6969,(#7070,#7209),.PCURVE_S1.);
#6969 = B_SPLINE_CURVE_WITH_KNOTS('',8,(#6970,#6971,#6972,#6973,#6974,
    #6975,#6976,#6977,#6978,#6979,#6980,#6981,#6982,#6983,#6984,#6985,
    #6986,#6987,#6988,#6989,#6990,#6991,#6992,#6993,#6994,#6995,#6996,
    #6997,#6998,#6999,#7000,#7001,#7002,#7003,#7004,#7005,#7006,#7007,
    #7008,#7009,#7010,#7011,#7012,#7013,#7014,#7015,#7016,#7017,#7018,
    #7019,#7020,#7021,#7022,#7023,#7024,#7025,#7026,#7027,#7028,#7029,
    #7030,#7031,#7032,#7033,#7034,#7035,#7036,#7037,#7038,#7039,#7040,
    #7041,#7042,#7043,#7044,#7045,#7046,#7047,#7048,#7049,#7050,#7051,
    #7052,#7053,#7054,#7055,#7056,#7057,#7058,#7059,#7060,#7061,#7062,
    #7063,#7064,#7065,#7066,#7067,#7068,#7069),.UNSPECIFIED.,.T.,.F.,(9,
    7,7,7,7,7,7,7,7,7,7,7,7,7,9),(0.,0.390909817929,0.582224281121,1.,
    1.728333767782,1.933509348118,2.163645528766,2.382509571824,
    2.596204833158,2.817884600075,3.017719291032,3.533958634649,
    4.033579701534,4.230225729379,4.697665055907),.UNSPECIFIED.);
#6970 = CARTESIAN_POINT('',(28.289552732218,14.79258636346,
    20.719324114039));
#6971 = CARTESIAN_POINT('',(28.260211794991,14.773004965259,
    20.498173627087));
#6972 = CARTESIAN_POINT('',(28.222047563877,14.767445735501,
    20.276928712632));
#6973 = CARTESIAN_POINT('',(28.175243498141,14.776040771718,
    20.057035818985));
#6974 = CARTESIAN_POINT('',(28.120050886673,14.798780257763,
    19.839911738885));
#6975 = CARTESIAN_POINT('',(28.056780036173,14.835528990163,
    19.626946120504));
#6976 = CARTESIAN_POINT('',(27.985798894479,14.886032145424,
    19.419500318319));
#6977 = CARTESIAN_POINT('',(27.907539109061,14.949910288274,
    19.218902583841));
#6978 = CARTESIAN_POINT('',(27.780895344423,15.064197541614,
    18.932246635399));
#6979 = CARTESIAN_POINT('',(27.737657343489,15.104832642698,
    18.839996904231));
#6980 = CARTESIAN_POINT('',(27.692853781935,15.148489471409,
    18.749838925154));
#6981 = CARTESIAN_POINT('',(27.646545938993,15.195102101781,
    18.661916754002));
#6982 = CARTESIAN_POINT('',(27.598798207579,15.244598149591,
    18.57636985914));
#6983 = CARTESIAN_POINT('',(27.549678192816,15.296898787388,
    18.493333000603));
#6984 = CARTESIAN_POINT('',(27.499256810562,15.35191875951,
    18.412936109241));
#6985 = CARTESIAN_POINT('',(27.334823093216,15.535452244098,
    18.165778347385));
#6986 = CARTESIAN_POINT('',(27.216165948117,15.673891298688,
    18.009406290126));
#6987 = CARTESIAN_POINT('',(27.092431074309,15.823909660286,
    17.867531811066));
#6988 = CARTESIAN_POINT('',(26.96446115491,15.984411550157,
    17.741311947522));
#6989 = CARTESIAN_POINT('',(26.833144495305,16.154199805568,
    17.631740304182));
#6990 = CARTESIAN_POINT('',(26.699415067601,16.331984578939,
    17.539650538797));
#6991 = CARTESIAN_POINT('',(26.56425553668,16.516380241988,
    17.465699986528));
#6992 = CARTESIAN_POINT('',(26.192386770223,17.036275221177,
    17.313809532127));
#6993 = CARTESIAN_POINT('',(25.954377670586,17.38290243167,
    17.273564261591));
#6994 = CARTESIAN_POINT('',(25.720685124389,17.737227061411,
    17.292573254838));
#6995 = CARTESIAN_POINT('',(25.496750680937,18.091010266831,
    17.370708264958));
#6996 = CARTESIAN_POINT('',(25.287737932185,18.436340800263,
    17.506344184952));
#6997 = CARTESIAN_POINT('',(25.098401102833,18.765696816107,
    17.696032635345));
#6998 = CARTESIAN_POINT('',(24.933140309193,19.071923396178,
    17.934892275194));
#6999 = CARTESIAN_POINT('',(24.756683916078,19.426475603417,
    18.294556915528));
#7000 = CARTESIAN_POINT('',(24.720073769821,19.502085910617,
    18.376954061412));
#7001 = CARTESIAN_POINT('',(24.685711459211,19.575245468757,
    18.462550657222));
#7002 = CARTESIAN_POINT('',(24.653665740816,19.645827346596,
    18.55119251776));
#7003 = CARTESIAN_POINT('',(24.623999338274,19.713711760734,
    18.642718626808));
#7004 = CARTESIAN_POINT('',(24.596768867097,19.778785961213,
    18.736961317396));
#7005 = CARTESIAN_POINT('',(24.572024759474,19.840944117116,
    18.833746452072));
#7006 = CARTESIAN_POINT('',(24.524895230547,19.96642532918,
    19.044102484065));
#7007 = CARTESIAN_POINT('',(24.503162447531,20.028971564968,
    19.158285465574));
#7008 = CARTESIAN_POINT('',(24.4846750872,20.087586221059,
    19.275187543667));
#7009 = CARTESIAN_POINT('',(24.469484706602,20.142142434655,
    19.394547348056));
#7010 = CARTESIAN_POINT('',(24.457632059038,20.192525977013,
    19.516097387376));
#7011 = CARTESIAN_POINT('',(24.449146980448,20.238635061798,
    19.639564294373));
#7012 = CARTESIAN_POINT('',(24.444048275791,20.280380153458,
    19.764669071078));
#7013 = CARTESIAN_POINT('',(24.440722430322,20.353160255362,
    20.011391634124));
#7014 = CARTESIAN_POINT('',(24.442170900631,20.384620501269,
    20.132882750261));
#7015 = CARTESIAN_POINT('',(24.446695500803,20.411998137237,
    20.255356161143));
#7016 = CARTESIAN_POINT('',(24.454293533535,20.435237607259,
    20.378566175998));
#7017 = CARTESIAN_POINT('',(24.46495309685,20.45429410077,
    20.502266065176));
#7018 = CARTESIAN_POINT('',(24.478653061155,20.469133478029,
    20.626208190773));
#7019 = CARTESIAN_POINT('',(24.495363046308,20.479732195492,
    20.750144137261));
#7020 = CARTESIAN_POINT('',(24.534258971897,20.492272419983,
    20.994584653442));
#7021 = CARTESIAN_POINT('',(24.55630660047,20.494412578959,
    21.115103229884));
#7022 = CARTESIAN_POINT('',(24.581149293778,20.492485803259,
    21.235148731128));
#7023 = CARTESIAN_POINT('',(24.608742066007,20.486489906341,
    21.354491519514));
#7024 = CARTESIAN_POINT('',(24.639031983559,20.476432469422,
    21.472904252382));
#7025 = CARTESIAN_POINT('',(24.671958212443,20.462330890909,
    21.590161974413));
#7026 = CARTESIAN_POINT('',(24.707452065682,20.44421243583,
    21.706042209981));
#7027 = CARTESIAN_POINT('',(24.784841305982,20.399190459827,
    21.938877963008));
#7028 = CARTESIAN_POINT('',(24.826927103896,20.371983531154,
    22.055714186592));
#7029 = CARTESIAN_POINT('',(24.871608924889,20.3405352716,
    22.170588148547));
#7030 = CARTESIAN_POINT('',(24.918793257692,20.304898336063,
    22.283260378193));
#7031 = CARTESIAN_POINT('',(24.968378742798,20.265136446254,
    22.393497655679));
#7032 = CARTESIAN_POINT('',(25.020256315939,20.22132457496,
    22.50107315579));
#7033 = CARTESIAN_POINT('',(25.074309351547,20.173549130314,
    22.605766591764));
#7034 = CARTESIAN_POINT('',(25.180989537698,20.075356028109,
    22.798950337922));
#7035 = CARTESIAN_POINT('',(25.233233141898,20.025661924126,
    22.888022251216));
#7036 = CARTESIAN_POINT('',(25.28705376525,19.972897721162,
    22.974423834288));
#7037 = CARTESIAN_POINT('',(25.342356660438,19.917142098444,
    23.058005070571));
#7038 = CARTESIAN_POINT('',(25.39904330669,19.858480666918,
    23.138622318407));
#7039 = CARTESIAN_POINT('',(25.457011530065,19.797006114782,
    23.21613843782));
#7040 = CARTESIAN_POINT('',(25.516155623739,19.732818353026,
    23.290422917296));
#7041 = CARTESIAN_POINT('',(25.731911067273,19.493474381633,
    23.54458536816));
#7042 = CARTESIAN_POINT('',(25.894636803869,19.30346434234,
    23.705499321368));
#7043 = CARTESIAN_POINT('',(26.062593311411,19.097909312731,
    23.84184170889));
#7044 = CARTESIAN_POINT('',(26.233769610323,18.878979420326,
    23.951862461482));
#7045 = CARTESIAN_POINT('',(26.40613340532,18.649052286949,
    24.034230229173));
#7046 = CARTESIAN_POINT('',(26.577649521892,18.41070497581,
    24.088004087425));
#7047 = CARTESIAN_POINT('',(26.746289528582,18.166733188271,
    24.112684819774));
#7048 = CARTESIAN_POINT('',(27.068528210128,17.681573745877,
    24.104194638515));
#7049 = CARTESIAN_POINT('',(27.222558168865,17.440365846184,
    24.072857268598));
#7050 = CARTESIAN_POINT('',(27.37031462228,17.199299272255,
    24.014378369826));
#7051 = CARTESIAN_POINT('',(27.510190550765,16.961034926241,
    23.929285339108));
#7052 = CARTESIAN_POINT('',(27.640759928478,16.728159951413,
    23.818488601075));
#7053 = CARTESIAN_POINT('',(27.760759117067,16.503186579501,
    23.683239779048));
#7054 = CARTESIAN_POINT('',(27.869086951837,16.288534680572,
    23.525154716814));
#7055 = CARTESIAN_POINT('',(28.00251212763,16.00696163428,
    23.275882013628));
#7056 = CARTESIAN_POINT('',(28.038250772897,15.929378636243,
    23.202250406321));
#7057 = CARTESIAN_POINT('',(28.071990942809,15.853871512074,
    23.125507864286));
#7058 = CARTESIAN_POINT('',(28.103683807831,15.780569104242,
    23.045779505362));
#7059 = CARTESIAN_POINT('',(28.133285522266,15.709594573073,
    22.963196620213));
#7060 = CARTESIAN_POINT('',(28.160757057625,15.641065346705,
    22.877896556539));
#7061 = CARTESIAN_POINT('',(28.186064035991,15.575093071028,
    22.790022603285));
#7062 = CARTESIAN_POINT('',(28.264116418303,15.361293078397,
    22.485078416383));
#7063 = CARTESIAN_POINT('',(28.306668719332,15.225815486684,
    22.256685148185));
#7064 = CARTESIAN_POINT('',(28.33641065377,15.106819157817,
    22.016593074684));
#7065 = CARTESIAN_POINT('',(28.353106536209,15.005496977897,
    21.766964635132));
#7066 = CARTESIAN_POINT('',(28.356664843097,14.922805624043,
    21.510052475066));
#7067 = CARTESIAN_POINT('',(28.347120015297,14.859477034242,
    21.248187599619));
#7068 = CARTESIAN_POINT('',(28.324639028597,14.816002068809,
    20.983778908702));
#7069 = CARTESIAN_POINT('',(28.289552732218,14.79258636346,
    20.719324114039));
#7070 = PCURVE('',#3252,#7071);
#7071 = DEFINITIONAL_REPRESENTATION('',(#7072),#7208);
#7072 = B_SPLINE_CURVE_WITH_KNOTS('',3,(#7073,#7074,#7075,#7076,#7077,
    #7078,#7079,#7080,#7081,#7082,#7083,#7084,#7085,#7086,#7087,#7088,
    #7089,#7090,#7091,#7092,#7093,#7094,#7095,#7096,#7097,#7098,#7099,
    #7100,#7101,#7102,#7103,#7104,#7105,#7106,#7107,#7108,#7109,#7110,
    #7111,#7112,#7113,#7114,#7115,#7116,#7117,#7118,#7119,#7120,#7121,
    #7122,#7123,#7124,#7125,#7126,#7127,#7128,#7129,#7130,#7131,#7132,
    #7133,#7134,#7135,#7136,#7137,#7138,#7139,#7140,#7141,#7142,#7143,
    #7144,#7145,#7146,#7147,#7148,#7149,#7150,#7151,#7152,#7153,#7154,
    #7155,#7156,#7157,#7158,#7159,#7160,#7161,#7162,#7163,#7164,#7165,
    #7166,#7167,#7168,#7169,#7170,#7171,#7172,#7173,#7174,#7175,#7176,
    #7177,#7178,#7179,#7180,#7181,#7182,#7183,#7184,#7185,#7186,#7187,
    #7188,#7189,#7190,#7191,#7192,#7193,#7194,#7195,#7196,#7197,#7198,
    #7199,#7200,#7201,#7202,#7203,#7204,#7205,#7206,#7207),
  .UNSPECIFIED.,.T.,.F.,(4,1,1,1,1,1,1,1,1,1,1,1,1,1,1,1,1,1,1,1,1,1,1,1
    ,1,1,1,1,1,1,1,1,1,1,1,1,1,1,1,1,1,1,1,1,1,1,1,1,1,1,1,1,1,1,1,1,1,1
    ,1,1,1,1,1,1,1,1,1,1,1,1,1,1,1,1,1,1,1,1,1,1,1,1,1,1,1,1,1,1,1,1,1,1
    ,1,1,1,1,1,1,1,1,1,1,1,1,1,1,1,1,1,1,1,1,1,1,1,1,1,1,1,1,1,1,1,1,1,1
    ,1,1,1,1,1,1,4),(0.,3.558837163566E-02,7.117674327132E-02,
    0.106765114907,0.142353486543,0.177941858178,0.213530229814,
    0.24911860145,0.284706973085,0.320295344721,0.355883716357,
    0.391472087992,0.427060459628,0.462648831264,0.498237202899,
    0.533825574535,0.569413946171,0.605002317806,0.640590689442,
    0.676179061078,0.711767432713,0.747355804349,0.782944175985,
    0.81853254762,0.854120919256,0.889709290892,0.925297662527,
    0.960886034163,0.996474405798,1.032062777434,1.06765114907,
    1.103239520705,1.138827892341,1.174416263977,1.210004635612,
    1.245593007248,1.281181378884,1.316769750519,1.352358122155,
    1.387946493791,1.423534865426,1.459123237062,1.494711608698,
    1.530299980333,1.565888351969,1.601476723605,1.63706509524,
    1.672653466876,1.708241838512,1.743830210147,1.779418581783,
    1.815006953419,1.850595325054,1.88618369669,1.921772068326,
    1.957360439961,1.992948811597,2.028537183233,2.064125554868,
    2.099713926504,2.13530229814,2.170890669775,2.206479041411,
    2.242067413047,2.277655784682,2.313244156318,2.348832527954,
    2.384420899589,2.420009271225,2.455597642861,2.491186014496,
    2.526774386132,2.562362757768,2.597951129403,2.633539501039,
    2.669127872675,2.70471624431,2.740304615946,2.775892987582,
    2.811481359217,2.847069730853,2.882658102488,2.918246474124,
    2.95383484576,2.989423217395,3.025011589031,3.060599960667,
    3.096188332302,3.131776703938,3.167365075574,3.202953447209,
    3.238541818845,3.274130190481,3.309718562116,3.345306933752,
    3.380895305388,3.416483677023,3.452072048659,3.487660420295,
    3.52324879193,3.558837163566,3.594425535202,3.630013906837,
    3.665602278473,3.701190650109,3.736779021744,3.77236739338,
    3.807955765016,3.843544136651,3.879132508287,3.914720879923,
    3.950309251558,3.985897623194,4.02148599483,4.057074366465,
    4.092662738101,4.128251109737,4.163839481372,4.199427853008,
    4.235016224644,4.270604596279,4.306192967915,4.341781339551,
    4.377369711186,4.412958082822,4.448546454458,4.484134826093,
    4.519723197729,4.555311569365,4.590899941,4.626488312636,
    4.662076684272,4.697665055907),.QUASI_UNIFORM_KNOTS.);
#7073 = CARTESIAN_POINT('',(0.481798750885,4.449341778874));
#7074 = CARTESIAN_POINT('',(0.481770140306,4.447355992334));
#7075 = CARTESIAN_POINT('',(0.481793073235,4.443380704386));
#7076 = CARTESIAN_POINT('',(0.482067923563,4.437419867625));
#7077 = CARTESIAN_POINT('',(0.482583414662,4.431474378044));
#7078 = CARTESIAN_POINT('',(0.483339032286,4.425557444774));
#7079 = CARTESIAN_POINT('',(0.484333809374,4.419682253985));
#7080 = CARTESIAN_POINT('',(0.485566261082,4.413861965737));
#7081 = CARTESIAN_POINT('',(0.487034397845,4.408109714767));
#7082 = CARTESIAN_POINT('',(0.488735712275,4.402438604821));
#7083 = CARTESIAN_POINT('',(0.490667162556,4.396861710607));
#7084 = CARTESIAN_POINT('',(0.492825166082,4.39139204088));
#7085 = CARTESIAN_POINT('',(0.495205525966,4.386042634103));
#7086 = CARTESIAN_POINT('',(0.497803586577,4.380826146519));
#7087 = CARTESIAN_POINT('',(0.500614248059,4.375754904173));
#7088 = CARTESIAN_POINT('',(0.503631764092,4.370841258087));
#7089 = CARTESIAN_POINT('',(0.506849901394,4.366097209241));
#7090 = CARTESIAN_POINT('',(0.510261875666,4.361534506162));
#7091 = CARTESIAN_POINT('',(0.513860396371,4.357164537727));
#7092 = CARTESIAN_POINT('',(0.517637938759,4.3529980506));
#7093 = CARTESIAN_POINT('',(0.521585939831,4.349046007701));
#7094 = CARTESIAN_POINT('',(0.52569552046,4.34531865653));
#7095 = CARTESIAN_POINT('',(0.529957348535,4.341825726231));
#7096 = CARTESIAN_POINT('',(0.534361686998,4.338576369305));
#7097 = CARTESIAN_POINT('',(0.538898391284,4.335579163912));
#7098 = CARTESIAN_POINT('',(0.543556913989,4.332842093871));
#7099 = CARTESIAN_POINT('',(0.548326321116,4.330372522774));
#7100 = CARTESIAN_POINT('',(0.553195244874,4.32817718022));
#7101 = CARTESIAN_POINT('',(0.558152068934,4.326262072612));
#7102 = CARTESIAN_POINT('',(0.563184237608,4.324632651634));
#7103 = CARTESIAN_POINT('',(0.568280827216,4.323292996489));
#7104 = CARTESIAN_POINT('',(0.573431212707,4.322246712726));
#7105 = CARTESIAN_POINT('',(0.578621000967,4.321497413931));
#7106 = CARTESIAN_POINT('',(0.583836934198,4.321047348747));
#7107 = CARTESIAN_POINT('',(0.589065616494,4.32089785131));
#7108 = CARTESIAN_POINT('',(0.594293868094,4.321049296761));
#7109 = CARTESIAN_POINT('',(0.599508644862,4.321501176836));
#7110 = CARTESIAN_POINT('',(0.604697075289,4.322252132787));
#7111 = CARTESIAN_POINT('',(0.609846466751,4.323299990961));
#7112 = CARTESIAN_POINT('',(0.614944320546,4.324641790283));
#7113 = CARTESIAN_POINT('',(0.61997834498,4.326273805616));
#7114 = CARTESIAN_POINT('',(0.624936469317,4.328191566691));
#7115 = CARTESIAN_POINT('',(0.629806857827,4.330389873114));
#7116 = CARTESIAN_POINT('',(0.634577924309,4.332862805542));
#7117 = CARTESIAN_POINT('',(0.639238346833,4.335603732428));
#7118 = CARTESIAN_POINT('',(0.643777084212,4.338605313517));
#7119 = CARTESIAN_POINT('',(0.648183389651,4.341859493301));
#7120 = CARTESIAN_POINT('',(0.652446839957,4.345357506378));
#7121 = CARTESIAN_POINT('',(0.656557313287,4.349089808256));
#7122 = CARTESIAN_POINT('',(0.660505167585,4.353046248624));
#7123 = CARTESIAN_POINT('',(0.664280680923,4.357215297184));
#7124 = CARTESIAN_POINT('',(0.667877393908,4.361588069913));
#7125 = CARTESIAN_POINT('',(0.671287423993,4.366153491037));
#7126 = CARTESIAN_POINT('',(0.674503490309,4.370900148902));
#7127 = CARTESIAN_POINT('',(0.677518823969,4.375816310258));
#7128 = CARTESIAN_POINT('',(0.680327181884,4.380889935869));
#7129 = CARTESIAN_POINT('',(0.68292283464,4.386108704773));
#7130 = CARTESIAN_POINT('',(0.685300635943,4.391460162068));
#7131 = CARTESIAN_POINT('',(0.687455919907,4.396931551946));
#7132 = CARTESIAN_POINT('',(0.689384584607,4.402510031525));
#7133 = CARTESIAN_POINT('',(0.6910830613,4.408182632467));
#7134 = CARTESIAN_POINT('',(0.692548312665,4.41393629437));
#7135 = CARTESIAN_POINT('',(0.693777809672,4.419757814896));
#7136 = CARTESIAN_POINT('',(0.694769569378,4.425634072568));
#7137 = CARTESIAN_POINT('',(0.695522115711,4.431551848749));
#7138 = CARTESIAN_POINT('',(0.696034481189,4.43749793929));
#7139 = CARTESIAN_POINT('',(0.696306209946,4.443459201356));
#7140 = CARTESIAN_POINT('',(0.696337345965,4.449422549261));
#7141 = CARTESIAN_POINT('',(0.69612842788,4.455374921655));
#7142 = CARTESIAN_POINT('',(0.695680475399,4.461303411061));
#7143 = CARTESIAN_POINT('',(0.694994996319,4.467195203452));
#7144 = CARTESIAN_POINT('',(0.694073969962,4.473037591861));
#7145 = CARTESIAN_POINT('',(0.692919839863,4.478818059315));
#7146 = CARTESIAN_POINT('',(0.691535508532,4.484524260392));
#7147 = CARTESIAN_POINT('',(0.689924345285,4.490143988155));
#7148 = CARTESIAN_POINT('',(0.688090143136,4.495665301097));
#7149 = CARTESIAN_POINT('',(0.686037148514,4.501076455254));
#7150 = CARTESIAN_POINT('',(0.683770045531,4.506365915124));
#7151 = CARTESIAN_POINT('',(0.681293928546,4.511522442961));
#7152 = CARTESIAN_POINT('',(0.678614309236,4.516535073801));
#7153 = CARTESIAN_POINT('',(0.675737122571,4.521393110118));
#7154 = CARTESIAN_POINT('',(0.672668705426,4.526086154004));
#7155 = CARTESIAN_POINT('',(0.669415758102,4.530604194586));
#7156 = CARTESIAN_POINT('',(0.665985404188,4.534937496925));
#7157 = CARTESIAN_POINT('',(0.662385125318,4.539076724378));
#7158 = CARTESIAN_POINT('',(0.658622717304,4.54301296628));
#7159 = CARTESIAN_POINT('',(0.654706547907,4.546737522889));
#7160 = CARTESIAN_POINT('',(0.650644500706,4.55024283371));
#7161 = CARTESIAN_POINT('',(0.646445603911,4.553520952795));
#7162 = CARTESIAN_POINT('',(0.642119300981,4.55656441596));
#7163 = CARTESIAN_POINT('',(0.637675196565,4.559366403343));
#7164 = CARTESIAN_POINT('',(0.633123112512,4.561920667802));
#7165 = CARTESIAN_POINT('',(0.628473063904,4.564221533114));
#7166 = CARTESIAN_POINT('',(0.623735259397,4.566263880769));
#7167 = CARTESIAN_POINT('',(0.618920097782,4.568043147341));
#7168 = CARTESIAN_POINT('',(0.614038167948,4.569555326829));
#7169 = CARTESIAN_POINT('',(0.609100250702,4.570796979623));
#7170 = CARTESIAN_POINT('',(0.604117320626,4.571765248291));
#7171 = CARTESIAN_POINT('',(0.599100556036,4.572457879079));
#7172 = CARTESIAN_POINT('',(0.594061325862,4.572873254664));
#7173 = CARTESIAN_POINT('',(0.589011269385,4.573010418568));
#7174 = CARTESIAN_POINT('',(0.583962035634,4.572869165528));
#7175 = CARTESIAN_POINT('',(0.578923404687,4.572449769024));
#7176 = CARTESIAN_POINT('',(0.573907432652,4.571753169704));
#7177 = CARTESIAN_POINT('',(0.568925418074,4.570780998951));
#7178 = CARTESIAN_POINT('',(0.563988585682,4.569535521687));
#7179 = CARTESIAN_POINT('',(0.55910791286,4.568019610259));
#7180 = CARTESIAN_POINT('',(0.554294183923,4.56623671894));
#7181 = CARTESIAN_POINT('',(0.549557981315,4.564190866951));
#7182 = CARTESIAN_POINT('',(0.544909691524,4.561886627643));
#7183 = CARTESIAN_POINT('',(0.540359504713,4.559329124145));
#7184 = CARTESIAN_POINT('',(0.535917413565,4.556524031473));
#7185 = CARTESIAN_POINT('',(0.531593209565,4.553477583771));
#7186 = CARTESIAN_POINT('',(0.527396477513,4.550196590959));
#7187 = CARTESIAN_POINT('',(0.523336585996,4.546688448019));
#7188 = CARTESIAN_POINT('',(0.519422681198,4.542961198794));
#7189 = CARTESIAN_POINT('',(0.515662659088,4.539022432409));
#7190 = CARTESIAN_POINT('',(0.512064842604,4.534880815332));
#7191 = CARTESIAN_POINT('',(0.508637036997,4.530545279812));
#7192 = CARTESIAN_POINT('',(0.505386699374,4.526025137186));
#7193 = CARTESIAN_POINT('',(0.502321002046,4.521330217584));
#7194 = CARTESIAN_POINT('',(0.499446414469,4.516470160337));
#7195 = CARTESIAN_POINT('',(0.496769356561,4.511455419057));
#7196 = CARTESIAN_POINT('',(0.494295880963,4.506296895588));
#7197 = CARTESIAN_POINT('',(0.492031530876,4.501005648077));
#7198 = CARTESIAN_POINT('',(0.48998140222,4.495592963033));
#7199 = CARTESIAN_POINT('',(0.488150144918,4.4900703323));
#7200 = CARTESIAN_POINT('',(0.486541974189,4.484449458011));
#7201 = CARTESIAN_POINT('',(0.485160673305,4.478742252263));
#7202 = CARTESIAN_POINT('',(0.484009590874,4.472960841336));
#7203 = CARTESIAN_POINT('',(0.483091638726,4.467117568317));
#7204 = CARTESIAN_POINT('',(0.482409262756,4.461225008587));
#7205 = CARTESIAN_POINT('',(0.481964490973,4.455295946265));
#7206 = CARTESIAN_POINT('',(0.481827276403,4.451327651704));
#7207 = CARTESIAN_POINT('',(0.481798750885,4.449341778874));
#7208 = ( GEOMETRIC_REPRESENTATION_CONTEXT(2) 
PARAMETRIC_REPRESENTATION_CONTEXT() REPRESENTATION_CONTEXT('2D SPACE',''
  ) );
#7209 = PCURVE('',#7210,#7215);
#7210 = CONICAL_SURFACE('',#7211,4.185714285714,0.428778027446);
#7211 = AXIS2_PLACEMENT_3D('',#7212,#7213,#7214);
#7212 = CARTESIAN_POINT('',(27.771343847573,18.55621870526,
    20.454855558293));
#7213 = DIRECTION('',(0.821115076463,0.548651553366,-0.157326107796));
#7214 = DIRECTION('',(0.55557023302,-0.831469612303,-2.192794180972E-16)
  );
#7215 = DEFINITIONAL_REPRESENTATION('',(#7216),#7352);
#7216 = B_SPLINE_CURVE_WITH_KNOTS('',3,(#7217,#7218,#7219,#7220,#7221,
    #7222,#7223,#7224,#7225,#7226,#7227,#7228,#7229,#7230,#7231,#7232,
    #7233,#7234,#7235,#7236,#7237,#7238,#7239,#7240,#7241,#7242,#7243,
    #7244,#7245,#7246,#7247,#7248,#7249,#7250,#7251,#7252,#7253,#7254,
    #7255,#7256,#7257,#7258,#7259,#7260,#7261,#7262,#7263,#7264,#7265,
    #7266,#7267,#7268,#7269,#7270,#7271,#7272,#7273,#7274,#7275,#7276,
    #7277,#7278,#7279,#7280,#7281,#7282,#7283,#7284,#7285,#7286,#7287,
    #7288,#7289,#7290,#7291,#7292,#7293,#7294,#7295,#7296,#7297,#7298,
    #7299,#7300,#7301,#7302,#7303,#7304,#7305,#7306,#7307,#7308,#7309,
    #7310,#7311,#7312,#7313,#7314,#7315,#7316,#7317,#7318,#7319,#7320,
    #7321,#7322,#7323,#7324,#7325,#7326,#7327,#7328,#7329,#7330,#7331,
    #7332,#7333,#7334,#7335,#7336,#7337,#7338,#7339,#7340,#7341,#7342,
    #7343,#7344,#7345,#7346,#7347,#7348,#7349,#7350,#7351),
  .UNSPECIFIED.,.F.,.F.,(4,1,1,1,1,1,1,1,1,1,1,1,1,1,1,1,1,1,1,1,1,1,1,1
    ,1,1,1,1,1,1,1,1,1,1,1,1,1,1,1,1,1,1,1,1,1,1,1,1,1,1,1,1,1,1,1,1,1,1
    ,1,1,1,1,1,1,1,1,1,1,1,1,1,1,1,1,1,1,1,1,1,1,1,1,1,1,1,1,1,1,1,1,1,1
    ,1,1,1,1,1,1,1,1,1,1,1,1,1,1,1,1,1,1,1,1,1,1,1,1,1,1,1,1,1,1,1,1,1,1
    ,1,1,1,1,1,1,4),(0.,3.558837163566E-02,7.117674327132E-02,
    0.106765114907,0.142353486543,0.177941858178,0.213530229814,
    0.24911860145,0.284706973085,0.320295344721,0.355883716357,
    0.391472087992,0.427060459628,0.462648831264,0.498237202899,
    0.533825574535,0.569413946171,0.605002317806,0.640590689442,
    0.676179061078,0.711767432713,0.747355804349,0.782944175985,
    0.81853254762,0.854120919256,0.889709290892,0.925297662527,
    0.960886034163,0.996474405798,1.032062777434,1.06765114907,
    1.103239520705,1.138827892341,1.174416263977,1.210004635612,
    1.245593007248,1.281181378884,1.316769750519,1.352358122155,
    1.387946493791,1.423534865426,1.459123237062,1.494711608698,
    1.530299980333,1.565888351969,1.601476723605,1.63706509524,
    1.672653466876,1.708241838512,1.743830210147,1.779418581783,
    1.815006953419,1.850595325054,1.88618369669,1.921772068326,
    1.957360439961,1.992948811597,2.028537183233,2.064125554868,
    2.099713926504,2.13530229814,2.170890669775,2.206479041411,
    2.242067413047,2.277655784682,2.313244156318,2.348832527954,
    2.384420899589,2.420009271225,2.455597642861,2.491186014496,
    2.526774386132,2.562362757768,2.597951129403,2.633539501039,
    2.669127872675,2.70471624431,2.740304615946,2.775892987582,
    2.811481359217,2.847069730853,2.882658102488,2.918246474124,
    2.95383484576,2.989423217395,3.025011589031,3.060599960667,
    3.096188332302,3.131776703938,3.167365075574,3.202953447209,
    3.238541818845,3.274130190481,3.309718562116,3.345306933752,
    3.380895305388,3.416483677023,3.452072048659,3.487660420295,
    3.52324879193,3.558837163566,3.594425535202,3.630013906837,
    3.665602278473,3.701190650109,3.736779021744,3.77236739338,
    3.807955765016,3.843544136651,3.879132508287,3.914720879923,
    3.950309251558,3.985897623194,4.02148599483,4.057074366465,
    4.092662738101,4.128251109737,4.163839481372,4.199427853008,
    4.235016224644,4.270604596279,4.306192967915,4.341781339551,
    4.377369711186,4.412958082822,4.448546454458,4.484134826093,
    4.519723197729,4.555311569365,4.590899941,4.626488312636,
    4.662076684272,4.697665055907),.QUASI_UNIFORM_KNOTS.);
#7217 = CARTESIAN_POINT('',(-6.28318530718,-1.681021411198));
#7218 = CARTESIAN_POINT('',(-6.267275336478,-1.681031989635));
#7219 = CARTESIAN_POINT('',(-6.235454560404,-1.680980866119));
#7220 = CARTESIAN_POINT('',(-6.187723359523,-1.680691602231));
#7221 = CARTESIAN_POINT('',(-6.139994885868,-1.680193278413));
#7222 = CARTESIAN_POINT('',(-6.092270864788,-1.679492016888));
#7223 = CARTESIAN_POINT('',(-6.044552589806,-1.678595540765));
#7224 = CARTESIAN_POINT('',(-5.996840981758,-1.67751333237));
#7225 = CARTESIAN_POINT('',(-5.94913678538,-1.676256469103));
#7226 = CARTESIAN_POINT('',(-5.901440703567,-1.67483752988));
#7227 = CARTESIAN_POINT('',(-5.853753636943,-1.673270470558));
#7228 = CARTESIAN_POINT('',(-5.80607661219,-1.671570486022));
#7229 = CARTESIAN_POINT('',(-5.758411950401,-1.669753911393));
#7230 = CARTESIAN_POINT('',(-5.710759933499,-1.667837972947));
#7231 = CARTESIAN_POINT('',(-5.663119341781,-1.665840548487));
#7232 = CARTESIAN_POINT('',(-5.615491025896,-1.663780253324));
#7233 = CARTESIAN_POINT('',(-5.567874854874,-1.661676083705));
#7234 = CARTESIAN_POINT('',(-5.520270951391,-1.659547276716));
#7235 = CARTESIAN_POINT('',(-5.472679043692,-1.657413191117));
#7236 = CARTESIAN_POINT('',(-5.425095408524,-1.655292934143));
#7237 = CARTESIAN_POINT('',(-5.377523103376,-1.653205688792));
#7238 = CARTESIAN_POINT('',(-5.329962447005,-1.651170109636));
#7239 = CARTESIAN_POINT('',(-5.282413347226,-1.649204266678));
#7240 = CARTESIAN_POINT('',(-5.234875001353,-1.64732549213));
#7241 = CARTESIAN_POINT('',(-5.187346265108,-1.645550264383));
#7242 = CARTESIAN_POINT('',(-5.139825869542,-1.643894087905));
#7243 = CARTESIAN_POINT('',(-5.092312533544,-1.642371374303));
#7244 = CARTESIAN_POINT('',(-5.044805665673,-1.640995339296));
#7245 = CARTESIAN_POINT('',(-4.997303895891,-1.639777865875));
#7246 = CARTESIAN_POINT('',(-4.949811841497,-1.638729552254));
#7247 = CARTESIAN_POINT('',(-4.902316304626,-1.637859173503));
#7248 = CARTESIAN_POINT('',(-4.854799983589,-1.63717407651));
#7249 = CARTESIAN_POINT('',(-4.807278567331,-1.636680581872));
#7250 = CARTESIAN_POINT('',(-4.759755506201,-1.636383022994));
#7251 = CARTESIAN_POINT('',(-4.712234595001,-1.636283996009));
#7252 = CARTESIAN_POINT('',(-4.664717209269,-1.636384316455));
#7253 = CARTESIAN_POINT('',(-4.617203550919,-1.636683068011));
#7254 = CARTESIAN_POINT('',(-4.569692739881,-1.637177633272));
#7255 = CARTESIAN_POINT('',(-4.522183154793,-1.637863733211));
#7256 = CARTESIAN_POINT('',(-4.474672663018,-1.638735468037));
#7257 = CARTESIAN_POINT('',(-4.427158849761,-1.639785362763));
#7258 = CARTESIAN_POINT('',(-4.379639227771,-1.641004418511));
#7259 = CARTESIAN_POINT('',(-4.332111442284,-1.642382171077));
#7260 = CARTESIAN_POINT('',(-4.284573474596,-1.643906757634));
#7261 = CARTESIAN_POINT('',(-4.237023856113,-1.645564991679));
#7262 = CARTESIAN_POINT('',(-4.189461882597,-1.647342446864));
#7263 = CARTESIAN_POINT('',(-4.141887902635,-1.649223546738));
#7264 = CARTESIAN_POINT('',(-4.094303446889,-1.651191671351));
#7265 = CARTESIAN_POINT('',(-4.046712121078,-1.65322924295));
#7266 = CARTESIAN_POINT('',(-3.999117880772,-1.655317942082));
#7267 = CARTESIAN_POINT('',(-3.951533384135,-1.657438511294));
#7268 = CARTESIAN_POINT('',(-3.903936480957,-1.65957287049));
#7269 = CARTESIAN_POINT('',(-3.85632757985,-1.661701695871));
#7270 = CARTESIAN_POINT('',(-3.808706455164,-1.663805671102));
#7271 = CARTESIAN_POINT('',(-3.761073029494,-1.665865536444));
#7272 = CARTESIAN_POINT('',(-3.713427451669,-1.667862252062));
#7273 = CARTESIAN_POINT('',(-3.66577026936,-1.669777283145));
#7274 = CARTESIAN_POINT('',(-3.618101337472,-1.671592655927));
#7275 = CARTESIAN_POINT('',(-3.570421677442,-1.673291131645));
#7276 = CARTESIAN_POINT('',(-3.522731835496,-1.674856494872));
#7277 = CARTESIAN_POINT('',(-3.475032487116,-1.676273571087));
#7278 = CARTESIAN_POINT('',(-3.427324401083,-1.677528376158));
#7279 = CARTESIAN_POINT('',(-3.37960908179,-1.678608324667));
#7280 = CARTESIAN_POINT('',(-3.331887141178,-1.679502416768));
#7281 = CARTESIAN_POINT('',(-3.284159941091,-1.680201115808));
#7282 = CARTESIAN_POINT('',(-3.236428885817,-1.680696729369));
#7283 = CARTESIAN_POINT('',(-3.188695199617,-1.6809833407));
#7284 = CARTESIAN_POINT('',(-3.140960127733,-1.681056861554));
#7285 = CARTESIAN_POINT('',(-3.093225354688,-1.680915129343));
#7286 = CARTESIAN_POINT('',(-3.045492102512,-1.680558038622));
#7287 = CARTESIAN_POINT('',(-2.997761761093,-1.679987319636));
#7288 = CARTESIAN_POINT('',(-2.95003590757,-1.67920679111));
#7289 = CARTESIAN_POINT('',(-2.902315766259,-1.678222206198));
#7290 = CARTESIAN_POINT('',(-2.854602484865,-1.677041188572));
#7291 = CARTESIAN_POINT('',(-2.806897551824,-1.675673227056));
#7292 = CARTESIAN_POINT('',(-2.759201830662,-1.674129678885));
#7293 = CARTESIAN_POINT('',(-2.711516310326,-1.672423446168));
#7294 = CARTESIAN_POINT('',(-2.663842114765,-1.670569133675));
#7295 = CARTESIAN_POINT('',(-2.616179877535,-1.668582774189));
#7296 = CARTESIAN_POINT('',(-2.568530105623,-1.666481668625));
#7297 = CARTESIAN_POINT('',(-2.520893403362,-1.664284261143));
#7298 = CARTESIAN_POINT('',(-2.473270298276,-1.662010106074));
#7299 = CARTESIAN_POINT('',(-2.425660622413,-1.659679423991));
#7300 = CARTESIAN_POINT('',(-2.37806474188,-1.657313163679));
#7301 = CARTESIAN_POINT('',(-2.330482581646,-1.654932697937));
#7302 = CARTESIAN_POINT('',(-2.282913359829,-1.652559565412));
#7303 = CARTESIAN_POINT('',(-2.235358755917,-1.650215472976));
#7304 = CARTESIAN_POINT('',(-2.187810662676,-1.64792153829));
#7305 = CARTESIAN_POINT('',(-2.140271001886,-1.645698934845));
#7306 = CARTESIAN_POINT('',(-2.092742246307,-1.643568332957));
#7307 = CARTESIAN_POINT('',(-2.045225001024,-1.641549520608));
#7308 = CARTESIAN_POINT('',(-1.9977190175,-1.639661258886));
#7309 = CARTESIAN_POINT('',(-1.950223257527,-1.63792110518));
#7310 = CARTESIAN_POINT('',(-1.902736188815,-1.636345265971));
#7311 = CARTESIAN_POINT('',(-1.855256004786,-1.634948455272));
#7312 = CARTESIAN_POINT('',(-1.807780859512,-1.633743760351));
#7313 = CARTESIAN_POINT('',(-1.760309109412,-1.632742512334));
#7314 = CARTESIAN_POINT('',(-1.712839555968,-1.631954163373));
#7315 = CARTESIAN_POINT('',(-1.665371774787,-1.631386174244));
#7316 = CARTESIAN_POINT('',(-1.617906250216,-1.631043918492));
#7317 = CARTESIAN_POINT('',(-1.570445407472,-1.63093061369));
#7318 = CARTESIAN_POINT('',(-1.522991506867,-1.631047285783));
#7319 = CARTESIAN_POINT('',(-1.475529272123,-1.631392850659));
#7320 = CARTESIAN_POINT('',(-1.428065074167,-1.63196404737));
#7321 = CARTESIAN_POINT('',(-1.380598768346,-1.632755473316));
#7322 = CARTESIAN_POINT('',(-1.333130406163,-1.633759641813));
#7323 = CARTESIAN_POINT('',(-1.285658864213,-1.634967074383));
#7324 = CARTESIAN_POINT('',(-1.238182589886,-1.63636641239));
#7325 = CARTESIAN_POINT('',(-1.19069974179,-1.637944541779));
#7326 = CARTESIAN_POINT('',(-1.14320846582,-1.639686725553));
#7327 = CARTESIAN_POINT('',(-1.095707119386,-1.641576741575));
#7328 = CARTESIAN_POINT('',(-1.048194507153,-1.643597025867));
#7329 = CARTESIAN_POINT('',(-1.0006701154,-1.645728823334));
#7330 = CARTESIAN_POINT('',(-0.953134383406,-1.647952352418));
#7331 = CARTESIAN_POINT('',(-0.905588917116,-1.650246983448));
#7332 = CARTESIAN_POINT('',(-0.858037026133,-1.652591465095));
#7333 = CARTESIAN_POINT('',(-0.810470863055,-1.654964682434));
#7334 = CARTESIAN_POINT('',(-0.762891638424,-1.657344942782));
#7335 = CARTESIAN_POINT('',(-0.715298782333,-1.659710707078));
#7336 = CARTESIAN_POINT('',(-0.667691934785,-1.662040627856));
#7337 = CARTESIAN_POINT('',(-0.620072371703,-1.664313723471));
#7338 = CARTESIAN_POINT('',(-0.572436246129,-1.66650994923));
#7339 = CARTESIAN_POINT('',(-0.524784909726,-1.668609738181));
#7340 = CARTESIAN_POINT('',(-0.477120943336,-1.670594533356));
#7341 = CARTESIAN_POINT('',(-0.429445646605,-1.672447009102));
#7342 = CARTESIAN_POINT('',(-0.381760005669,-1.674151170065));
#7343 = CARTESIAN_POINT('',(-0.334064687371,-1.675692486578));
#7344 = CARTESIAN_POINT('',(-0.2863602622,-1.677058012808));
#7345 = CARTESIAN_POINT('',(-0.238647343157,-1.678236491723));
#7346 = CARTESIAN_POINT('',(-0.190926739476,-1.679218448336));
#7347 = CARTESIAN_POINT('',(-0.143199595514,-1.679996241979));
#7348 = CARTESIAN_POINT('',(-9.546758922011E-02,-1.680564190886));
#7349 = CARTESIAN_POINT('',(-4.773297603258E-02,-1.680918359959));
#7350 = CARTESIAN_POINT('',(-1.591053286019E-02,-1.681011164304));
#7351 = CARTESIAN_POINT('',(-4.440892098501E-15,-1.681021411198));
#7352 = ( GEOMETRIC_REPRESENTATION_CONTEXT(2) 
PARAMETRIC_REPRESENTATION_CONTEXT() REPRESENTATION_CONTEXT('2D SPACE',''
  ) );
#7353 = FACE_BOUND('',#7354,.F.);
#7354 = EDGE_LOOP('',(#7355));
#7355 = ORIENTED_EDGE('',*,*,#7356,.F.);
#7356 = EDGE_CURVE('',#7357,#7357,#7359,.T.);
#7357 = VERTEX_POINT('',#7358);
#7358 = CARTESIAN_POINT('',(24.401261537276,1.364559259701,
    3.944405376501));
#7359 = SURFACE_CURVE('',#7360,(#7475,#7636),.PCURVE_S1.);
#7360 = B_SPLINE_CURVE_WITH_KNOTS('',8,(#7361,#7362,#7363,#7364,#7365,
    #7366,#7367,#7368,#7369,#7370,#7371,#7372,#7373,#7374,#7375,#7376,
    #7377,#7378,#7379,#7380,#7381,#7382,#7383,#7384,#7385,#7386,#7387,
    #7388,#7389,#7390,#7391,#7392,#7393,#7394,#7395,#7396,#7397,#7398,
    #7399,#7400,#7401,#7402,#7403,#7404,#7405,#7406,#7407,#7408,#7409,
    #7410,#7411,#7412,#7413,#7414,#7415,#7416,#7417,#7418,#7419,#7420,
    #7421,#7422,#7423,#7424,#7425,#7426,#7427,#7428,#7429,#7430,#7431,
    #7432,#7433,#7434,#7435,#7436,#7437,#7438,#7439,#7440,#7441,#7442,
    #7443,#7444,#7445,#7446,#7447,#7448,#7449,#7450,#7451,#7452,#7453,
    #7454,#7455,#7456,#7457,#7458,#7459,#7460,#7461,#7462,#7463,#7464,
    #7465,#7466,#7467,#7468,#7469,#7470,#7471,#7472,#7473,#7474),
  .UNSPECIFIED.,.T.,.F.,(9,7,7,7,7,7,7,7,7,7,7,7,7,7,7,7,9),(0.,
    0.756050561713,1.221197231959,2.31048366543,2.927647654682,
    3.164209435534,3.524708909325,3.845034030676,4.329261828639,
    4.605494398659,4.933013474544,5.375755415711,6.448070030697,
    7.17306919574,7.41063633288,7.720622705157,8.25712941667),
  .UNSPECIFIED.);
#7361 = CARTESIAN_POINT('',(24.401261537276,1.364559259701,
    3.944405376501));
#7362 = CARTESIAN_POINT('',(24.232231434371,1.330392668144,
    3.771785970864));
#7363 = CARTESIAN_POINT('',(24.057830576262,1.316254147967,
    3.600308742826));
#7364 = CARTESIAN_POINT('',(23.879481221118,1.322535078175,
    3.431659513862));
#7365 = CARTESIAN_POINT('',(23.698648231143,1.349282067289,
    3.267401057501));
#7366 = CARTESIAN_POINT('',(23.516850328675,1.396265838482,
    3.108960136157));
#7367 = CARTESIAN_POINT('',(23.335664397679,1.463008956352,
    2.957614352603));
#7368 = CARTESIAN_POINT('',(23.156722830656,1.548772395361,
    2.814478816067));
#7369 = CARTESIAN_POINT('',(22.874026647475,1.716318099439,
    2.598059999105));
#7370 = CARTESIAN_POINT('',(22.767804618964,1.786952667376,
    2.519068062075));
#7371 = CARTESIAN_POINT('',(22.663405040728,1.86417964396,2.443720212773
    ));
#7372 = CARTESIAN_POINT('',(22.561185744662,1.947747998803,
    2.372185598564));
#7373 = CARTESIAN_POINT('',(22.461493633015,2.037384457899,
    2.304602434256));
#7374 = CARTESIAN_POINT('',(22.364671196189,2.132790947074,
    2.241086867828));
#7375 = CARTESIAN_POINT('',(22.271029646905,2.233667808748,
    2.181711685662));
#7376 = CARTESIAN_POINT('',(21.96976048544,2.587981770164,1.997375157558
    ));
#7377 = CARTESIAN_POINT('',(21.777716300388,2.864575300581,
    1.891257236884));
#7378 = CARTESIAN_POINT('',(21.608748192252,3.16530742871,1.809094867214
    ));
#7379 = CARTESIAN_POINT('',(21.466242887509,3.485663415104,
    1.751080913102));
#7380 = CARTESIAN_POINT('',(21.352993845409,3.820900569856,
    1.717130979942));
#7381 = CARTESIAN_POINT('',(21.270917482099,4.16597597023,1.707199448958
    ));
#7382 = CARTESIAN_POINT('',(21.220998505049,4.515522542177,
    1.721405963082));
#7383 = CARTESIAN_POINT('',(21.193076344488,5.061112761202,
    1.781314061722));
#7384 = CARTESIAN_POINT('',(21.193277322362,5.258087480677,
    1.810703319904));
#7385 = CARTESIAN_POINT('',(21.203775681709,5.453721704,1.847810359657)
  );
#7386 = CARTESIAN_POINT('',(21.224472436395,5.647025384562,
    1.892625831754));
#7387 = CARTESIAN_POINT('',(21.255185675872,5.837011794451,
    1.945127165911));
#7388 = CARTESIAN_POINT('',(21.295661041838,6.02269901335,2.005265023626
    ));
#7389 = CARTESIAN_POINT('',(21.345578694206,6.203113679205,
    2.072944868828));
#7390 = CARTESIAN_POINT('',(21.427163331306,6.44406226469,2.176774033033
    ));
#7391 = CARTESIAN_POINT('',(21.451101128862,6.509912191055,
    2.206628635329));
#7392 = CARTESIAN_POINT('',(21.476348623409,6.574792793914,
    2.237558312772));
#7393 = CARTESIAN_POINT('',(21.502882985567,6.638650523199,
    2.269552518186));
#7394 = CARTESIAN_POINT('',(21.530680094619,6.701432346863,2.30259915355
    ));
#7395 = CARTESIAN_POINT('',(21.5597145409,6.763085833152,2.33668441587)
  );
#7396 = CARTESIAN_POINT('',(21.589959628194,6.823559232881,
    2.371792643042));
#7397 = CARTESIAN_POINT('',(21.669280516558,6.973081691863,
    2.462940002107));
#7398 = CARTESIAN_POINT('',(21.719921126571,7.060504535452,
    2.520309465304));
#7399 = CARTESIAN_POINT('',(21.773209138844,7.144887989927,2.57995111241
    ));
#7400 = CARTESIAN_POINT('',(21.829038652041,7.226056277441,
    2.641791641268));
#7401 = CARTESIAN_POINT('',(21.887297784685,7.303840788138,2.70574719578
    ));
#7402 = CARTESIAN_POINT('',(21.947868529031,7.378080923437,
    2.771722677227));
#7403 = CARTESIAN_POINT('',(22.010626604938,7.448624939325,
    2.839611055572));
#7404 = CARTESIAN_POINT('',(22.13303301907,7.574602886141,2.971208929409
    ));
#7405 = CARTESIAN_POINT('',(22.192249980353,7.630846155455,3.03454262306
    ));
#7406 = CARTESIAN_POINT('',(22.253000190027,7.683960792312,
    3.099209765312));
#7407 = CARTESIAN_POINT('',(22.315189552146,7.733855186243,3.16512064943
    ));
#7408 = CARTESIAN_POINT('',(22.378721811683,7.780446089685,
    3.232179963304));
#7409 = CARTESIAN_POINT('',(22.443498483836,7.823658786078,
    3.300286894386));
#7410 = CARTESIAN_POINT('',(22.509418783323,7.863427257965,
    3.369335234635));
#7411 = CARTESIAN_POINT('',(22.677602543151,7.954518455384,
    3.544846760094));
#7412 = CARTESIAN_POINT('',(22.781210630854,8.001345497197,
    3.652384350083));
#7413 = CARTESIAN_POINT('',(22.88684351377,8.039974346024,3.761437254064
    ));
#7414 = CARTESIAN_POINT('',(22.994143156791,8.070261814718,
    3.871604951999));
#7415 = CARTESIAN_POINT('',(23.102753861499,8.092115847607,
    3.982478175942));
#7416 = CARTESIAN_POINT('',(23.212321704335,8.105491585292,
    4.093641447353));
#7417 = CARTESIAN_POINT('',(23.322493344174,8.110390310135,
    4.204675380945));
#7418 = CARTESIAN_POINT('',(23.495904875844,8.104848097746,4.37818509618
    ));
#7419 = CARTESIAN_POINT('',(23.558979221691,8.100092217794,
    4.441034839785));
#7420 = CARTESIAN_POINT('',(23.622072931333,8.092602396039,
    4.503631255164));
#7421 = CARTESIAN_POINT('',(23.685122762455,8.082391955085,
    4.565898571749));
#7422 = CARTESIAN_POINT('',(23.748066457154,8.069478579367,
    4.627762057618));
#7423 = CARTESIAN_POINT('',(23.810842663162,8.05388411782,4.689148098007
    ));
#7424 = CARTESIAN_POINT('',(23.873390855067,8.035634386559,
    4.749984273815));
#7425 = CARTESIAN_POINT('',(24.009471184974,7.990007738791,
    4.881594408565));
#7426 = CARTESIAN_POINT('',(24.082887132457,7.961565103745,
    4.952116940981));
#7427 = CARTESIAN_POINT('',(24.155799607186,7.929480475174,
    5.021648546884));
#7428 = CARTESIAN_POINT('',(24.228111541237,7.893810313187,
    5.090074175804));
#7429 = CARTESIAN_POINT('',(24.299728133415,7.854617831097,
    5.157282289395));
#7430 = CARTESIAN_POINT('',(24.370556693104,7.811972697276,
    5.223164933561));
#7431 = CARTESIAN_POINT('',(24.440506484113,7.765950737016,5.28761781058
    ));
#7432 = CARTESIAN_POINT('',(24.602738898689,7.649966525932,
    5.435599359499));
#7433 = CARTESIAN_POINT('',(24.694222408745,7.577276709078,
    5.517863274388));
#7434 = CARTESIAN_POINT('',(24.783719306668,7.498766717911,
    5.597083434388));
#7435 = CARTESIAN_POINT('',(24.871018346258,7.414656539754,
    5.673025941972));
#7436 = CARTESIAN_POINT('',(24.955916547892,7.325183120776,
    5.745471834022));
#7437 = CARTESIAN_POINT('',(25.038218919263,7.230599871613,
    5.814217252257));
#7438 = CARTESIAN_POINT('',(25.117738176126,7.131176172985,
    5.879073613663));
#7439 = CARTESIAN_POINT('',(25.379712689067,6.775360532071,
    6.087110379807));
#7440 = CARTESIAN_POINT('',(25.547853998152,6.496661536602,
    6.210606648007));
#7441 = CARTESIAN_POINT('',(25.696003420552,6.19527911071,6.307750801292
    ));
#7442 = CARTESIAN_POINT('',(25.821988921307,5.875787108906,
    6.376736119047));
#7443 = CARTESIAN_POINT('',(25.923996001376,5.542996475499,
    6.416359071977));
#7444 = CARTESIAN_POINT('',(26.000612026066,5.201961719281,
    6.426049641696));
#7445 = CARTESIAN_POINT('',(26.050800705516,4.857954032683,6.40585152056
    ));
#7446 = CARTESIAN_POINT('',(26.089925743117,4.285702185762,
    6.323463002778));
#7447 = CARTESIAN_POINT('',(26.093445085312,4.055921535682,
    6.276973713999));
#7448 = CARTESIAN_POINT('',(26.08455316818,3.82884501409,6.217481317778)
  );
#7449 = CARTESIAN_POINT('',(26.063217093281,3.606069457345,
    6.145383136285));
#7450 = CARTESIAN_POINT('',(26.029502062407,3.389143923512,6.06120460803
    ));
#7451 = CARTESIAN_POINT('',(25.98356576846,3.179570148527,5.96559226786)
  );
#7452 = CARTESIAN_POINT('',(25.92566454998,2.978797841066,5.859316553637
    ));
#7453 = CARTESIAN_POINT('',(25.833399820707,2.725764725367,5.70526313079
    ));
#7454 = CARTESIAN_POINT('',(25.809382908775,2.664406550988,
    5.666192937998));
#7455 = CARTESIAN_POINT('',(25.784133186024,2.604188349833,
    5.626105106392));
#7456 = CARTESIAN_POINT('',(25.757664401382,2.545157116375,
    5.585032097867));
#7457 = CARTESIAN_POINT('',(25.729991440208,2.487358782683,
    5.543007591059));
#7458 = CARTESIAN_POINT('',(25.701130324293,2.430838218421,
    5.500066481342));
#7459 = CARTESIAN_POINT('',(25.671098211859,2.375639230846,
    5.456244880825));
#7460 = CARTESIAN_POINT('',(25.599222300423,2.251559104825,
    5.353299887122));
#7461 = CARTESIAN_POINT('',(25.556568440654,2.18363617622,5.293583785876
    ));
#7462 = CARTESIAN_POINT('',(25.511992742022,2.118130815339,
    5.232514886383));
#7463 = CARTESIAN_POINT('',(25.465539258711,2.055134401844,
    5.170179349534));
#7464 = CARTESIAN_POINT('',(25.417255357496,1.994734513257,
    5.106666380263));
#7465 = CARTESIAN_POINT('',(25.367191899922,1.937014779499,
    5.042068182459));
#7466 = CARTESIAN_POINT('',(25.315403424481,1.882054737433,
    4.976479913872));
#7467 = CARTESIAN_POINT('',(25.169431301696,1.739714621918,
    4.794939381133));
#7468 = CARTESIAN_POINT('',(25.071915146543,1.6579848767,4.677198600988)
  );
#7469 = CARTESIAN_POINT('',(24.969708435791,1.585139446029,
    4.557293595773));
#7470 = CARTESIAN_POINT('',(24.863148925704,1.521525934983,
    4.435757430528));
#7471 = CARTESIAN_POINT('',(24.752604345139,1.467442986204,
    4.313137439335));
#7472 = CARTESIAN_POINT('',(24.638475252718,1.42313837839,4.189992581893
    ));
#7473 = CARTESIAN_POINT('',(24.521199962375,1.388802794503,
    4.066890657512));
#7474 = CARTESIAN_POINT('',(24.401261537276,1.364559259701,
    3.944405376501));
#7475 = PCURVE('',#3252,#7476);
#7476 = DEFINITIONAL_REPRESENTATION('',(#7477),#7635);
#7477 = B_SPLINE_CURVE_WITH_KNOTS('',3,(#7478,#7479,#7480,#7481,#7482,
    #7483,#7484,#7485,#7486,#7487,#7488,#7489,#7490,#7491,#7492,#7493,
    #7494,#7495,#7496,#7497,#7498,#7499,#7500,#7501,#7502,#7503,#7504,
    #7505,#7506,#7507,#7508,#7509,#7510,#7511,#7512,#7513,#7514,#7515,
    #7516,#7517,#7518,#7519,#7520,#7521,#7522,#7523,#7524,#7525,#7526,
    #7527,#7528,#7529,#7530,#7531,#7532,#7533,#7534,#7535,#7536,#7537,
    #7538,#7539,#7540,#7541,#7542,#7543,#7544,#7545,#7546,#7547,#7548,
    #7549,#7550,#7551,#7552,#7553,#7554,#7555,#7556,#7557,#7558,#7559,
    #7560,#7561,#7562,#7563,#7564,#7565,#7566,#7567,#7568,#7569,#7570,
    #7571,#7572,#7573,#7574,#7575,#7576,#7577,#7578,#7579,#7580,#7581,
    #7582,#7583,#7584,#7585,#7586,#7587,#7588,#7589,#7590,#7591,#7592,
    #7593,#7594,#7595,#7596,#7597,#7598,#7599,#7600,#7601,#7602,#7603,
    #7604,#7605,#7606,#7607,#7608,#7609,#7610,#7611,#7612,#7613,#7614,
    #7615,#7616,#7617,#7618,#7619,#7620,#7621,#7622,#7623,#7624,#7625,
    #7626,#7627,#7628,#7629,#7630,#7631,#7632,#7633,#7634),
  .UNSPECIFIED.,.T.,.F.,(4,1,1,1,1,1,1,1,1,1,1,1,1,1,1,1,1,1,1,1,1,1,1,1
    ,1,1,1,1,1,1,1,1,1,1,1,1,1,1,1,1,1,1,1,1,1,1,1,1,1,1,1,1,1,1,1,1,1,1
    ,1,1,1,1,1,1,1,1,1,1,1,1,1,1,1,1,1,1,1,1,1,1,1,1,1,1,1,1,1,1,1,1,1,1
    ,1,1,1,1,1,1,1,1,1,1,1,1,1,1,1,1,1,1,1,1,1,1,1,1,1,1,1,1,1,1,1,1,1,1
    ,1,1,1,1,1,1,1,1,1,1,1,1,1,1,1,1,1,1,1,1,1,1,1,1,1,1,1,1,4),(0.,
    5.361772348487E-02,0.10723544697,0.160853170455,0.214470893939,
    0.268088617424,0.321706340909,0.375324064394,0.428941787879,
    0.482559511364,0.536177234849,0.589794958334,0.643412681818,
    0.697030405303,0.750648128788,0.804265852273,0.857883575758,
    0.911501299243,0.965119022728,1.018736746213,1.072354469697,
    1.125972193182,1.179589916667,1.233207640152,1.286825363637,
    1.340443087122,1.394060810607,1.447678534092,1.501296257576,
    1.554913981061,1.608531704546,1.662149428031,1.715767151516,
    1.769384875001,1.823002598486,1.876620321971,1.930238045455,
    1.98385576894,2.037473492425,2.09109121591,2.144708939395,
    2.19832666288,2.251944386365,2.305562109849,2.359179833334,
    2.412797556819,2.466415280304,2.520033003789,2.573650727274,
    2.627268450759,2.680886174244,2.734503897728,2.788121621213,
    2.841739344698,2.895357068183,2.948974791668,3.002592515153,
    3.056210238638,3.109827962123,3.163445685607,3.217063409092,
    3.270681132577,3.324298856062,3.377916579547,3.431534303032,
    3.485152026517,3.538769750002,3.592387473486,3.646005196971,
    3.699622920456,3.753240643941,3.806858367426,3.860476090911,
    3.914093814396,3.967711537881,4.021329261365,4.07494698485,
    4.128564708335,4.18218243182,4.235800155305,4.28941787879,
    4.343035602275,4.396653325759,4.450271049244,4.503888772729,
    4.557506496214,4.611124219699,4.664741943184,4.718359666669,
    4.771977390154,4.825595113638,4.879212837123,4.932830560608,
    4.986448284093,5.040066007578,5.093683731063,5.147301454548,
    5.200919178033,5.254536901517,5.308154625002,5.361772348487,
    5.415390071972,5.469007795457,5.522625518942,5.576243242427,
    5.629860965912,5.683478689396,5.737096412881,5.790714136366,
    5.844331859851,5.897949583336,5.951567306821,6.005185030306,
    6.058802753791,6.112420477275,6.16603820076,6.219655924245,
    6.27327364773,6.326891371215,6.3805090947,6.434126818185,
    6.487744541669,6.541362265154,6.594979988639,6.648597712124,
    6.702215435609,6.755833159094,6.809450882579,6.863068606064,
    6.916686329548,6.970304053033,7.023921776518,7.077539500003,
    7.131157223488,7.184774946973,7.238392670458,7.292010393943,
    7.345628117427,7.399245840912,7.452863564397,7.506481287882,
    7.560099011367,7.613716734852,7.667334458337,7.720952181822,
    7.774569905306,7.828187628791,7.881805352276,7.935423075761,
    7.989040799246,8.042658522731,8.096276246216,8.149893969701,
    8.203511693185,8.25712941667),.QUASI_UNIFORM_KNOTS.);
#7478 = CARTESIAN_POINT('',(5.586348431404E-02,3.678824932542));
#7479 = CARTESIAN_POINT('',(5.567250432401E-02,3.676546748478));
#7480 = CARTESIAN_POINT('',(5.536714031338E-02,3.671971671253));
#7481 = CARTESIAN_POINT('',(5.514233746261E-02,3.665065044159));
#7482 = CARTESIAN_POINT('',(5.51544066884E-02,3.65812645415));
#7483 = CARTESIAN_POINT('',(5.54063691114E-02,3.651168186515));
#7484 = CARTESIAN_POINT('',(5.590084604242E-02,3.644202699359));
#7485 = CARTESIAN_POINT('',(5.663999466112E-02,3.637242654955));
#7486 = CARTESIAN_POINT('',(5.762550936473E-02,3.630300921867));
#7487 = CARTESIAN_POINT('',(5.885859807366E-02,3.623390581055));
#7488 = CARTESIAN_POINT('',(6.033995793158E-02,3.616524926213));
#7489 = CARTESIAN_POINT('',(6.206974306476E-02,3.609717462383));
#7490 = CARTESIAN_POINT('',(6.404752918581E-02,3.602981894579));
#7491 = CARTESIAN_POINT('',(6.627226334036E-02,3.596332133426));
#7492 = CARTESIAN_POINT('',(6.874224118329E-02,3.589782215976));
#7493 = CARTESIAN_POINT('',(7.145495461348E-02,3.583346519919));
#7494 = CARTESIAN_POINT('',(7.440739709059E-02,3.577038857946));
#7495 = CARTESIAN_POINT('',(7.759658536607E-02,3.570871747161));
#7496 = CARTESIAN_POINT('',(8.101834971743E-02,3.564858903221));
#7497 = CARTESIAN_POINT('',(8.466807309329E-02,3.559013483));
#7498 = CARTESIAN_POINT('',(8.854049077982E-02,3.553348513985));
#7499 = CARTESIAN_POINT('',(9.262975360307E-02,3.547876723901));
#7500 = CARTESIAN_POINT('',(9.692941565778E-02,3.542610537677));
#7501 = CARTESIAN_POINT('',(0.101432496583,3.537561977902));
#7502 = CARTESIAN_POINT('',(0.106131295151,3.532742887364));
#7503 = CARTESIAN_POINT('',(0.111018064963,3.528164174503));
#7504 = CARTESIAN_POINT('',(0.116084035663,3.523836811524));
#7505 = CARTESIAN_POINT('',(0.121319770188,3.519771379004));
#7506 = CARTESIAN_POINT('',(0.126715326981,3.515977870583));
#7507 = CARTESIAN_POINT('',(0.132260232842,3.512465711331));
#7508 = CARTESIAN_POINT('',(0.137943510577,3.509243714931));
#7509 = CARTESIAN_POINT('',(0.143753696409,3.506320054374));
#7510 = CARTESIAN_POINT('',(0.14967886482,3.503702227163));
#7511 = CARTESIAN_POINT('',(0.15570665626,3.50139702111));
#7512 = CARTESIAN_POINT('',(0.161824308961,3.499410479996));
#7513 = CARTESIAN_POINT('',(0.168018694447,3.497747870154));
#7514 = CARTESIAN_POINT('',(0.174276356628,3.496413648425));
#7515 = CARTESIAN_POINT('',(0.1805835542,3.495411432012));
#7516 = CARTESIAN_POINT('',(0.186926305861,3.494743970583));
#7517 = CARTESIAN_POINT('',(0.193290438382,3.494413121003));
#7518 = CARTESIAN_POINT('',(0.199661635184,3.494419824435));
#7519 = CARTESIAN_POINT('',(0.206025491643,3.494764087317));
#7520 = CARTESIAN_POINT('',(0.212367551127,3.495444960596));
#7521 = CARTESIAN_POINT('',(0.218673415847,3.496460537417));
#7522 = CARTESIAN_POINT('',(0.224928578302,3.497807892557));
#7523 = CARTESIAN_POINT('',(0.231119292172,3.49948324777));
#7524 = CARTESIAN_POINT('',(0.237232966303,3.501482314019));
#7525 = CARTESIAN_POINT('',(0.243256170597,3.503799710072));
#7526 = CARTESIAN_POINT('',(0.249176191635,3.506429349077));
#7527 = CARTESIAN_POINT('',(0.25498066495,3.509364388437));
#7528 = CARTESIAN_POINT('',(0.260657710165,3.51259729509));
#7529 = CARTESIAN_POINT('',(0.266195926911,3.516119879661));
#7530 = CARTESIAN_POINT('',(0.271584423398,3.519923338098));
#7531 = CARTESIAN_POINT('',(0.276812831782,3.523998290049));
#7532 = CARTESIAN_POINT('',(0.281871321939,3.528334815562));
#7533 = CARTESIAN_POINT('',(0.286750613352,3.532922491699));
#7534 = CARTESIAN_POINT('',(0.291441975399,3.537750418347));
#7535 = CARTESIAN_POINT('',(0.295937266394,3.542807282225));
#7536 = CARTESIAN_POINT('',(0.300228900762,3.548081349781));
#7537 = CARTESIAN_POINT('',(0.304309883554,3.55356053254));
#7538 = CARTESIAN_POINT('',(0.308173792533,3.559232382406));
#7539 = CARTESIAN_POINT('',(0.31181483743,3.565084220913));
#7540 = CARTESIAN_POINT('',(0.315227776967,3.571103024959));
#7541 = CARTESIAN_POINT('',(0.318407949895,3.577275497377));
#7542 = CARTESIAN_POINT('',(0.321351335535,3.583588207921));
#7543 = CARTESIAN_POINT('',(0.324054522155,3.590027576532));
#7544 = CARTESIAN_POINT('',(0.326514705317,3.596579916697));
#7545 = CARTESIAN_POINT('',(0.328729649081,3.603231377361));
#7546 = CARTESIAN_POINT('',(0.330697772261,3.609968252312));
#7547 = CARTESIAN_POINT('',(0.332418042458,3.616776707871));
#7548 = CARTESIAN_POINT('',(0.333890022903,3.623643032864));
#7549 = CARTESIAN_POINT('',(0.335113854064,3.630553669257));
#7550 = CARTESIAN_POINT('',(0.336090225963,3.637495241647));
#7551 = CARTESIAN_POINT('',(0.336820341931,3.644454434544));
#7552 = CARTESIAN_POINT('',(0.337305942586,3.651418557391));
#7553 = CARTESIAN_POINT('',(0.337549204571,3.658374796154));
#7554 = CARTESIAN_POINT('',(0.337552778496,3.665310755878));
#7555 = CARTESIAN_POINT('',(0.337319737344,3.672214479339));
#7556 = CARTESIAN_POINT('',(0.336853535947,3.679074420888));
#7557 = CARTESIAN_POINT('',(0.336157975799,3.685879434392));
#7558 = CARTESIAN_POINT('',(0.335237180253,3.692618743548));
#7559 = CARTESIAN_POINT('',(0.334095564232,3.699281964194));
#7560 = CARTESIAN_POINT('',(0.332737855495,3.705858933075));
#7561 = CARTESIAN_POINT('',(0.331168936436,3.712340332584));
#7562 = CARTESIAN_POINT('',(0.329393895129,3.718717154252));
#7563 = CARTESIAN_POINT('',(0.3274180101,3.724980736932));
#7564 = CARTESIAN_POINT('',(0.325246701948,3.731122864321));
#7565 = CARTESIAN_POINT('',(0.322885532646,3.737135687448));
#7566 = CARTESIAN_POINT('',(0.320340160556,3.743011776487));
#7567 = CARTESIAN_POINT('',(0.317616344742,3.748744068731));
#7568 = CARTESIAN_POINT('',(0.314719922382,3.754325856243));
#7569 = CARTESIAN_POINT('',(0.311656791449,3.759750791845));
#7570 = CARTESIAN_POINT('',(0.308432906016,3.765012861064));
#7571 = CARTESIAN_POINT('',(0.305054284879,3.770106343919));
#7572 = CARTESIAN_POINT('',(0.301526958708,3.775025857909));
#7573 = CARTESIAN_POINT('',(0.297857005155,3.779766308898));
#7574 = CARTESIAN_POINT('',(0.294050554688,3.784322846985));
#7575 = CARTESIAN_POINT('',(0.290113743785,3.788690916844));
#7576 = CARTESIAN_POINT('',(0.286052731372,3.792866225043));
#7577 = CARTESIAN_POINT('',(0.281873704477,3.796844725816));
#7578 = CARTESIAN_POINT('',(0.277582865347,3.80062262113));
#7579 = CARTESIAN_POINT('',(0.273186504881,3.804196290019));
#7580 = CARTESIAN_POINT('',(0.268690750404,3.807562491312));
#7581 = CARTESIAN_POINT('',(0.264101214089,3.810718516599));
#7582 = CARTESIAN_POINT('',(0.259424660008,3.813661039441));
#7583 = CARTESIAN_POINT('',(0.254667542655,3.816387261353));
#7584 = CARTESIAN_POINT('',(0.249836354997,3.818894607521));
#7585 = CARTESIAN_POINT('',(0.244937541355,3.821180778494));
#7586 = CARTESIAN_POINT('',(0.239977527633,3.823243711665));
#7587 = CARTESIAN_POINT('',(0.234962720763,3.825081571521));
#7588 = CARTESIAN_POINT('',(0.229899516993,3.826692736285));
#7589 = CARTESIAN_POINT('',(0.224794308359,3.828075789261));
#7590 = CARTESIAN_POINT('',(0.219653490133,3.829229512377));
#7591 = CARTESIAN_POINT('',(0.214483468513,3.830152882433));
#7592 = CARTESIAN_POINT('',(0.209290668715,3.83084506984));
#7593 = CARTESIAN_POINT('',(0.204081543484,3.83130543994));
#7594 = CARTESIAN_POINT('',(0.198862581889,3.831533556993));
#7595 = CARTESIAN_POINT('',(0.193640319128,3.831529191085));
#7596 = CARTESIAN_POINT('',(0.188421344823,3.831292327986));
#7597 = CARTESIAN_POINT('',(0.183212319553,3.830823183237));
#7598 = CARTESIAN_POINT('',(0.178019963632,3.830122217324));
#7599 = CARTESIAN_POINT('',(0.172851152995,3.829190165855));
#7600 = CARTESIAN_POINT('',(0.167712619455,3.828028035224));
#7601 = CARTESIAN_POINT('',(0.162609510866,3.826636598204));
#7602 = CARTESIAN_POINT('',(0.157548721034,3.825017177701));
#7603 = CARTESIAN_POINT('',(0.15253666428,3.823171228624));
#7604 = CARTESIAN_POINT('',(0.147579807463,3.821100426155));
#7605 = CARTESIAN_POINT('',(0.142684541893,3.818806637877));
#7606 = CARTESIAN_POINT('',(0.137857230795,3.816291930258));
#7607 = CARTESIAN_POINT('',(0.133104208501,3.813558569259));
#7608 = CARTESIAN_POINT('',(0.128431791237,3.810609025742));
#7609 = CARTESIAN_POINT('',(0.123846284197,3.807445983607));
#7610 = CARTESIAN_POINT('',(0.119353986443,3.804072348688));
#7611 = CARTESIAN_POINT('',(0.114961203019,3.800491268803));
#7612 = CARTESIAN_POINT('',(0.110674225304,3.796706125921));
#7613 = CARTESIAN_POINT('',(0.106499426204,3.792720646764));
#7614 = CARTESIAN_POINT('',(0.102442889471,3.788538553626));
#7615 = CARTESIAN_POINT('',(9.85107535424E-02,3.784163850919));
#7616 = CARTESIAN_POINT('',(9.47091955899E-02,3.779600860777));
#7617 = CARTESIAN_POINT('',(9.104434815733E-02,3.774854146169));
#7618 = CARTESIAN_POINT('',(8.752232382977E-02,3.769928538901));
#7619 = CARTESIAN_POINT('',(8.414919591363E-02,3.764829147726));
#7620 = CARTESIAN_POINT('',(8.093101867791E-02,3.759561393813));
#7621 = CARTESIAN_POINT('',(7.787379428958E-02,3.754130988516));
#7622 = CARTESIAN_POINT('',(7.498346894366E-02,3.748543945528));
#7623 = CARTESIAN_POINT('',(7.226596451941E-02,3.7428066823));
#7624 = CARTESIAN_POINT('',(6.972703819733E-02,3.736925740541));
#7625 = CARTESIAN_POINT('',(6.73724545895E-02,3.73090817453));
#7626 = CARTESIAN_POINT('',(6.520794097775E-02,3.724761587082));
#7627 = CARTESIAN_POINT('',(6.323905542074E-02,3.718493857797));
#7628 = CARTESIAN_POINT('',(6.147121638968E-02,3.71211324257));
#7629 = CARTESIAN_POINT('',(5.990968215009E-02,3.70562837724));
#7630 = CARTESIAN_POINT('',(5.855954022204E-02,3.699048303541));
#7631 = CARTESIAN_POINT('',(5.742567609837E-02,3.692382511949));
#7632 = CARTESIAN_POINT('',(5.651278276054E-02,3.685640904841));
#7633 = CARTESIAN_POINT('',(5.605439033041E-02,3.6811030159));
#7634 = CARTESIAN_POINT('',(5.586348431404E-02,3.678824932542));
#7635 = ( GEOMETRIC_REPRESENTATION_CONTEXT(2) 
PARAMETRIC_REPRESENTATION_CONTEXT() REPRESENTATION_CONTEXT('2D SPACE',''
  ) );
#7636 = PCURVE('',#7637,#7642);
#7637 = CONICAL_SURFACE('',#7638,4.185714285714,0.428778027446);
#7638 = AXIS2_PLACEMENT_3D('',#7639,#7640,#7641);
#7639 = CARTESIAN_POINT('',(24.887105221567,4.950353016849,
    2.758209902411));
#7640 = DIRECTION('',(0.690538545739,0.1373566569,-0.710133554801));
#7641 = DIRECTION('',(0.195090322016,-0.980785280403,-1.56334277887E-16)
  );
#7642 = DEFINITIONAL_REPRESENTATION('',(#7643),#7801);
#7643 = B_SPLINE_CURVE_WITH_KNOTS('',3,(#7644,#7645,#7646,#7647,#7648,
    #7649,#7650,#7651,#7652,#7653,#7654,#7655,#7656,#7657,#7658,#7659,
    #7660,#7661,#7662,#7663,#7664,#7665,#7666,#7667,#7668,#7669,#7670,
    #7671,#7672,#7673,#7674,#7675,#7676,#7677,#7678,#7679,#7680,#7681,
    #7682,#7683,#7684,#7685,#7686,#7687,#7688,#7689,#7690,#7691,#7692,
    #7693,#7694,#7695,#7696,#7697,#7698,#7699,#7700,#7701,#7702,#7703,
    #7704,#7705,#7706,#7707,#7708,#7709,#7710,#7711,#7712,#7713,#7714,
    #7715,#7716,#7717,#7718,#7719,#7720,#7721,#7722,#7723,#7724,#7725,
    #7726,#7727,#7728,#7729,#7730,#7731,#7732,#7733,#7734,#7735,#7736,
    #7737,#7738,#7739,#7740,#7741,#7742,#7743,#7744,#7745,#7746,#7747,
    #7748,#7749,#7750,#7751,#7752,#7753,#7754,#7755,#7756,#7757,#7758,
    #7759,#7760,#7761,#7762,#7763,#7764,#7765,#7766,#7767,#7768,#7769,
    #7770,#7771,#7772,#7773,#7774,#7775,#7776,#7777,#7778,#7779,#7780,
    #7781,#7782,#7783,#7784,#7785,#7786,#7787,#7788,#7789,#7790,#7791,
    #7792,#7793,#7794,#7795,#7796,#7797,#7798,#7799,#7800),
  .UNSPECIFIED.,.F.,.F.,(4,1,1,1,1,1,1,1,1,1,1,1,1,1,1,1,1,1,1,1,1,1,1,1
    ,1,1,1,1,1,1,1,1,1,1,1,1,1,1,1,1,1,1,1,1,1,1,1,1,1,1,1,1,1,1,1,1,1,1
    ,1,1,1,1,1,1,1,1,1,1,1,1,1,1,1,1,1,1,1,1,1,1,1,1,1,1,1,1,1,1,1,1,1,1
    ,1,1,1,1,1,1,1,1,1,1,1,1,1,1,1,1,1,1,1,1,1,1,1,1,1,1,1,1,1,1,1,1,1,1
    ,1,1,1,1,1,1,1,1,1,1,1,1,1,1,1,1,1,1,1,1,1,1,1,1,1,1,1,1,4),(0.,
    5.361772348487E-02,0.10723544697,0.160853170455,0.214470893939,
    0.268088617424,0.321706340909,0.375324064394,0.428941787879,
    0.482559511364,0.536177234849,0.589794958334,0.643412681818,
    0.697030405303,0.750648128788,0.804265852273,0.857883575758,
    0.911501299243,0.965119022728,1.018736746213,1.072354469697,
    1.125972193182,1.179589916667,1.233207640152,1.286825363637,
    1.340443087122,1.394060810607,1.447678534092,1.501296257576,
    1.554913981061,1.608531704546,1.662149428031,1.715767151516,
    1.769384875001,1.823002598486,1.876620321971,1.930238045455,
    1.98385576894,2.037473492425,2.09109121591,2.144708939395,
    2.19832666288,2.251944386365,2.305562109849,2.359179833334,
    2.412797556819,2.466415280304,2.520033003789,2.573650727274,
    2.627268450759,2.680886174244,2.734503897728,2.788121621213,
    2.841739344698,2.895357068183,2.948974791668,3.002592515153,
    3.056210238638,3.109827962123,3.163445685607,3.217063409092,
    3.270681132577,3.324298856062,3.377916579547,3.431534303032,
    3.485152026517,3.538769750002,3.592387473486,3.646005196971,
    3.699622920456,3.753240643941,3.806858367426,3.860476090911,
    3.914093814396,3.967711537881,4.021329261365,4.07494698485,
    4.128564708335,4.18218243182,4.235800155305,4.28941787879,
    4.343035602275,4.396653325759,4.450271049244,4.503888772729,
    4.557506496214,4.611124219699,4.664741943184,4.718359666669,
    4.771977390154,4.825595113638,4.879212837123,4.932830560608,
    4.986448284093,5.040066007578,5.093683731063,5.147301454548,
    5.200919178033,5.254536901517,5.308154625002,5.361772348487,
    5.415390071972,5.469007795457,5.522625518942,5.576243242427,
    5.629860965912,5.683478689396,5.737096412881,5.790714136366,
    5.844331859851,5.897949583336,5.951567306821,6.005185030306,
    6.058802753791,6.112420477275,6.16603820076,6.219655924245,
    6.27327364773,6.326891371215,6.3805090947,6.434126818185,
    6.487744541669,6.541362265154,6.594979988639,6.648597712124,
    6.702215435609,6.755833159094,6.809450882579,6.863068606064,
    6.916686329548,6.970304053033,7.023921776518,7.077539500003,
    7.131157223488,7.184774946973,7.238392670458,7.292010393943,
    7.345628117427,7.399245840912,7.452863564397,7.506481287882,
    7.560099011367,7.613716734852,7.667334458337,7.720952181822,
    7.774569905306,7.828187628791,7.881805352276,7.935423075761,
    7.989040799246,8.042658522731,8.096276246216,8.149893969701,
    8.203511693185,8.25712941667),.QUASI_UNIFORM_KNOTS.);
#7644 = CARTESIAN_POINT('',(-6.28318530718,-1.670383642725));
#7645 = CARTESIAN_POINT('',(-6.269701271206,-1.670162477867));
#7646 = CARTESIAN_POINT('',(-6.242731611767,-1.669887247131));
#7647 = CARTESIAN_POINT('',(-6.202273797529,-1.669989880823));
#7648 = CARTESIAN_POINT('',(-6.161814597111,-1.670623538285));
#7649 = CARTESIAN_POINT('',(-6.121354194148,-1.671798999551));
#7650 = CARTESIAN_POINT('',(-6.080891949286,-1.673523581349));
#7651 = CARTESIAN_POINT('',(-6.040426452683,-1.675800493376));
#7652 = CARTESIAN_POINT('',(-5.999955792575,-1.67862875453));
#7653 = CARTESIAN_POINT('',(-5.959477753533,-1.682002993162));
#7654 = CARTESIAN_POINT('',(-5.918990024954,-1.685913309957));
#7655 = CARTESIAN_POINT('',(-5.878490416677,-1.690345152592));
#7656 = CARTESIAN_POINT('',(-5.83797704731,-1.695279223305));
#7657 = CARTESIAN_POINT('',(-5.797448679804,-1.700691390825));
#7658 = CARTESIAN_POINT('',(-5.756904573455,-1.706552713593));
#7659 = CARTESIAN_POINT('',(-5.716346232258,-1.71282919751));
#7660 = CARTESIAN_POINT('',(-5.675772189211,-1.719482718977));
#7661 = CARTESIAN_POINT('',(-5.635173066566,-1.726472479497));
#7662 = CARTESIAN_POINT('',(-5.594547932035,-1.73375236993));
#7663 = CARTESIAN_POINT('',(-5.553893486305,-1.741273101603));
#7664 = CARTESIAN_POINT('',(-5.51320707549,-1.74898206729));
#7665 = CARTESIAN_POINT('',(-5.472485895291,-1.756823813699));
#7666 = CARTESIAN_POINT('',(-5.431727273008,-1.764740452041));
#7667 = CARTESIAN_POINT('',(-5.390928217309,-1.772672122465));
#7668 = CARTESIAN_POINT('',(-5.350087401649,-1.780558393201));
#7669 = CARTESIAN_POINT('',(-5.309199231325,-1.788338091589));
#7670 = CARTESIAN_POINT('',(-5.268262580312,-1.795948527418));
#7671 = CARTESIAN_POINT('',(-5.22727759976,-1.803327835831));
#7672 = CARTESIAN_POINT('',(-5.186244458079,-1.810415031522));
#7673 = CARTESIAN_POINT('',(-5.145163808756,-1.817150756303));
#7674 = CARTESIAN_POINT('',(-5.104036765106,-1.823477852982));
#7675 = CARTESIAN_POINT('',(-5.062864980371,-1.829341983835));
#7676 = CARTESIAN_POINT('',(-5.021650675893,-1.834692222217));
#7677 = CARTESIAN_POINT('',(-4.980396662303,-1.839481624467));
#7678 = CARTESIAN_POINT('',(-4.93910634434,-1.843667768976));
#7679 = CARTESIAN_POINT('',(-4.897783714404,-1.847213255512));
#7680 = CARTESIAN_POINT('',(-4.856433336168,-1.850086156862));
#7681 = CARTESIAN_POINT('',(-4.815060320481,-1.852260415794));
#7682 = CARTESIAN_POINT('',(-4.773670296848,-1.85371618082));
#7683 = CARTESIAN_POINT('',(-4.732269380043,-1.854440074606));
#7684 = CARTESIAN_POINT('',(-4.690864147032,-1.854425390446));
#7685 = CARTESIAN_POINT('',(-4.649461582905,-1.853672209484));
#7686 = CARTESIAN_POINT('',(-4.608069167368,-1.852187445365));
#7687 = CARTESIAN_POINT('',(-4.566694481101,-1.849984774857));
#7688 = CARTESIAN_POINT('',(-4.525346670369,-1.847084597754));
#7689 = CARTESIAN_POINT('',(-4.484031066881,-1.843513485348));
#7690 = CARTESIAN_POINT('',(-4.442746589383,-1.839303134768));
#7691 = CARTESIAN_POINT('',(-4.401499341749,-1.834491311789));
#7692 = CARTESIAN_POINT('',(-4.360292552833,-1.829120665244));
#7693 = CARTESIAN_POINT('',(-4.319129230899,-1.823238353235));
#7694 = CARTESIAN_POINT('',(-4.278011470845,-1.816895437366));
#7695 = CARTESIAN_POINT('',(-4.236940666737,-1.810146320825));
#7696 = CARTESIAN_POINT('',(-4.195917493787,-1.803048156972));
#7697 = CARTESIAN_POINT('',(-4.154941965476,-1.795660249982));
#7698 = CARTESIAN_POINT('',(-4.11401349291,-1.788043442673));
#7699 = CARTESIAN_POINT('',(-4.073130945457,-1.780259501452));
#7700 = CARTESIAN_POINT('',(-4.032292800972,-1.77237047926));
#7701 = CARTESIAN_POINT('',(-3.991496953991,-1.764438150956));
#7702 = CARTESIAN_POINT('',(-3.950741137183,-1.756523491476));
#7703 = CARTESIAN_POINT('',(-3.910022736158,-1.748686067225));
#7704 = CARTESIAN_POINT('',(-3.869339125082,-1.740983585131));
#7705 = CARTESIAN_POINT('',(-3.828687095571,-1.733471277425));
#7706 = CARTESIAN_POINT('',(-3.788063930154,-1.726201669611));
#7707 = CARTESIAN_POINT('',(-3.747467208298,-1.719224085473));
#7708 = CARTESIAN_POINT('',(-3.706894160801,-1.712584172404));
#7709 = CARTESIAN_POINT('',(-3.666342097663,-1.706323663584));
#7710 = CARTESIAN_POINT('',(-3.625808437911,-1.700480109856));
#7711 = CARTESIAN_POINT('',(-3.585291362263,-1.695086731272));
#7712 = CARTESIAN_POINT('',(-3.544788203365,-1.690172048502));
#7713 = CARTESIAN_POINT('',(-3.504297375844,-1.685760021594));
#7714 = CARTESIAN_POINT('',(-3.463817160333,-1.681869847212));
#7715 = CARTESIAN_POINT('',(-3.423345782289,-1.678515973493));
#7716 = CARTESIAN_POINT('',(-3.382881497754,-1.675708173428));
#7717 = CARTESIAN_POINT('',(-3.342423543204,-1.673451704878));
#7718 = CARTESIAN_POINT('',(-3.301969063943,-1.67174730748));
#7719 = CARTESIAN_POINT('',(-3.261517654483,-1.67059162802));
#7720 = CARTESIAN_POINT('',(-3.221068385359,-1.669977253082));
#7721 = CARTESIAN_POINT('',(-3.180619846731,-1.669893014778));
#7722 = CARTESIAN_POINT('',(-3.140170419929,-1.670324296316));
#7723 = CARTESIAN_POINT('',(-3.099718441477,-1.671253337495));
#7724 = CARTESIAN_POINT('',(-3.059262458312,-1.672659529215));
#7725 = CARTESIAN_POINT('',(-3.018801150126,-1.674519721297));
#7726 = CARTESIAN_POINT('',(-2.978334452581,-1.676808447312));
#7727 = CARTESIAN_POINT('',(-2.937859735827,-1.679498458112));
#7728 = CARTESIAN_POINT('',(-2.897375018379,-1.682560874938));
#7729 = CARTESIAN_POINT('',(-2.856878753529,-1.685965504821));
#7730 = CARTESIAN_POINT('',(-2.816369181775,-1.68968110693));
#7731 = CARTESIAN_POINT('',(-2.775844781684,-1.693675631819));
#7732 = CARTESIAN_POINT('',(-2.735303853771,-1.697916560455));
#7733 = CARTESIAN_POINT('',(-2.694744816782,-1.70237098897));
#7734 = CARTESIAN_POINT('',(-2.654166192148,-1.707005971271));
#7735 = CARTESIAN_POINT('',(-2.613566491395,-1.71178864884));
#7736 = CARTESIAN_POINT('',(-2.5729443274,-1.716686404643));
#7737 = CARTESIAN_POINT('',(-2.532298632082,-1.721667004318));
#7738 = CARTESIAN_POINT('',(-2.49162817983,-1.726698906876));
#7739 = CARTESIAN_POINT('',(-2.450931965597,-1.731751104726));
#7740 = CARTESIAN_POINT('',(-2.410209429659,-1.736793431454));
#7741 = CARTESIAN_POINT('',(-2.369459954646,-1.741796687366));
#7742 = CARTESIAN_POINT('',(-2.328683072059,-1.746732646536));
#7743 = CARTESIAN_POINT('',(-2.287878534663,-1.751574114041));
#7744 = CARTESIAN_POINT('',(-2.247046220458,-1.756295019894));
#7745 = CARTESIAN_POINT('',(-2.206186837187,-1.760870433802));
#7746 = CARTESIAN_POINT('',(-2.16529957405,-1.765276975108));
#7747 = CARTESIAN_POINT('',(-2.124379199634,-1.769492869751));
#7748 = CARTESIAN_POINT('',(-2.083430904843,-1.773496628007));
#7749 = CARTESIAN_POINT('',(-2.04245686204,-1.777268514526));
#7750 = CARTESIAN_POINT('',(-2.001459524448,-1.780790213556));
#7751 = CARTESIAN_POINT('',(-1.960440867565,-1.784044928688));
#7752 = CARTESIAN_POINT('',(-1.919402700005,-1.787017363118));
#7753 = CARTESIAN_POINT('',(-1.87834667419,-1.789693729447));
#7754 = CARTESIAN_POINT('',(-1.837274367572,-1.792061750035));
#7755 = CARTESIAN_POINT('',(-1.796187338201,-1.794110659408));
#7756 = CARTESIAN_POINT('',(-1.755087183122,-1.795831206753));
#7757 = CARTESIAN_POINT('',(-1.713975594411,-1.797215659961));
#7758 = CARTESIAN_POINT('',(-1.672854416391,-1.798257811625));
#7759 = CARTESIAN_POINT('',(-1.631725705696,-1.798952987439));
#7760 = CARTESIAN_POINT('',(-1.590591794733,-1.799298057217));
#7761 = CARTESIAN_POINT('',(-1.549455366134,-1.799291448801));
#7762 = CARTESIAN_POINT('',(-1.508319520336,-1.79893316463));
#7763 = CARTESIAN_POINT('',(-1.467187915203,-1.798224802739));
#7764 = CARTESIAN_POINT('',(-1.426064697501,-1.797169577207));
#7765 = CARTESIAN_POINT('',(-1.384955288801,-1.79577235984));
#7766 = CARTESIAN_POINT('',(-1.343864079576,-1.794039667319));
#7767 = CARTESIAN_POINT('',(-1.30278274887,-1.791978897022));
#7768 = CARTESIAN_POINT('',(-1.261716884273,-1.789599505179));
#7769 = CARTESIAN_POINT('',(-1.220668275992,-1.786912354689));
#7770 = CARTESIAN_POINT('',(-1.179639138236,-1.783929836428));
#7771 = CARTESIAN_POINT('',(-1.138631080567,-1.780665813976));
#7772 = CARTESIAN_POINT('',(-1.097645474435,-1.777135617973));
#7773 = CARTESIAN_POINT('',(-1.056683437701,-1.773356026808));
#7774 = CARTESIAN_POINT('',(-1.01574591464,-1.76934524846));
#7775 = CARTESIAN_POINT('',(-0.974833733711,-1.765122899532));
#7776 = CARTESIAN_POINT('',(-0.933947651997,-1.760709978749));
#7777 = CARTESIAN_POINT('',(-0.893088484105,-1.756128850297));
#7778 = CARTESIAN_POINT('',(-0.852256930758,-1.751403183002));
#7779 = CARTESIAN_POINT('',(-0.811454562823,-1.746558054892));
#7780 = CARTESIAN_POINT('',(-0.77068020743,-1.741619401559));
#7781 = CARTESIAN_POINT('',(-0.729933134191,-1.73661443912));
#7782 = CARTESIAN_POINT('',(-0.689213065822,-1.731571437815));
#7783 = CARTESIAN_POINT('',(-0.648519360275,-1.726519612591));
#7784 = CARTESIAN_POINT('',(-0.607851240506,-1.721489212168));
#7785 = CARTESIAN_POINT('',(-0.567207710739,-1.716511147926));
#7786 = CARTESIAN_POINT('',(-0.526587800187,-1.711617091836));
#7787 = CARTESIAN_POINT('',(-0.485990274399,-1.706839260992));
#7788 = CARTESIAN_POINT('',(-0.445413661677,-1.702210250703));
#7789 = CARTESIAN_POINT('',(-0.404856882468,-1.697762963538));
#7790 = CARTESIAN_POINT('',(-0.364317226467,-1.693530252682));
#7791 = CARTESIAN_POINT('',(-0.323793040308,-1.689544980816));
#7792 = CARTESIAN_POINT('',(-0.283283732907,-1.685839803956));
#7793 = CARTESIAN_POINT('',(-0.242787871058,-1.682446731842));
#7794 = CARTESIAN_POINT('',(-0.202303843276,-1.679396973152));
#7795 = CARTESIAN_POINT('',(-0.161829837138,-1.676720669541));
#7796 = CARTESIAN_POINT('',(-0.121364000906,-1.674446658291));
#7797 = CARTESIAN_POINT('',(-8.090459255957E-02,-1.672602102502));
#7798 = CARTESIAN_POINT('',(-4.045006421821E-02,-1.671212503341));
#7799 = CARTESIAN_POINT('',(-1.348303284197E-02,-1.670604311304));
#7800 = CARTESIAN_POINT('',(-1.7763568394E-15,-1.670383642725));
#7801 = ( GEOMETRIC_REPRESENTATION_CONTEXT(2) 
PARAMETRIC_REPRESENTATION_CONTEXT() REPRESENTATION_CONTEXT('2D SPACE',''
  ) );
#7802 = ADVANCED_FACE('',(#7803),#7637,.T.);
#7803 = FACE_BOUND('',#7804,.T.);
#7804 = EDGE_LOOP('',(#7805,#7828,#7855,#7856));
#7805 = ORIENTED_EDGE('',*,*,#7806,.T.);
#7806 = EDGE_CURVE('',#7357,#7807,#7809,.T.);
#7807 = VERTEX_POINT('',#7808);
#7808 = CARTESIAN_POINT('',(19.076054679392,3.488585849079,
    8.794345118219));
#7809 = SEAM_CURVE('',#7810,(#7814,#7821),.PCURVE_S1.);
#7810 = LINE('',#7811,#7812);
#7811 = CARTESIAN_POINT('',(25.703697569435,0.845066057446,
    2.758209902411));
#7812 = VECTOR('',#7813,1.);
#7813 = DIRECTION('',(-0.70913788727,0.282848679552,0.645848342348));
#7814 = PCURVE('',#7637,#7815);
#7815 = DEFINITIONAL_REPRESENTATION('',(#7816),#7820);
#7816 = LINE('',#7817,#7818);
#7817 = CARTESIAN_POINT('',(-6.28318530718,0.));
#7818 = VECTOR('',#7819,1.);
#7819 = DIRECTION('',(-0.,-1.));
#7820 = ( GEOMETRIC_REPRESENTATION_CONTEXT(2) 
PARAMETRIC_REPRESENTATION_CONTEXT() REPRESENTATION_CONTEXT('2D SPACE',''
  ) );
#7821 = PCURVE('',#7637,#7822);
#7822 = DEFINITIONAL_REPRESENTATION('',(#7823),#7827);
#7823 = LINE('',#7824,#7825);
#7824 = CARTESIAN_POINT('',(0.,-0.));
#7825 = VECTOR('',#7826,1.);
#7826 = DIRECTION('',(-0.,-1.));
#7827 = ( GEOMETRIC_REPRESENTATION_CONTEXT(2) 
PARAMETRIC_REPRESENTATION_CONTEXT() REPRESENTATION_CONTEXT('2D SPACE',''
  ) );
#7828 = ORIENTED_EDGE('',*,*,#7829,.F.);
#7829 = EDGE_CURVE('',#7807,#7807,#7830,.T.);
#7830 = SURFACE_CURVE('',#7831,(#7836,#7843),.PCURVE_S1.);
#7831 = CIRCLE('',#7832,0.3);
#7832 = AXIS2_PLACEMENT_3D('',#7833,#7834,#7835);
#7833 = CARTESIAN_POINT('',(19.017527582787,3.7828214332,8.794345118219)
  );
#7834 = DIRECTION('',(-0.690538545739,-0.1373566569,0.710133554801));
#7835 = DIRECTION('',(0.195090322016,-0.980785280403,-1.56334277887E-16)
  );
#7836 = PCURVE('',#7637,#7837);
#7837 = DEFINITIONAL_REPRESENTATION('',(#7838),#7842);
#7838 = LINE('',#7839,#7840);
#7839 = CARTESIAN_POINT('',(-0.,-8.5));
#7840 = VECTOR('',#7841,1.);
#7841 = DIRECTION('',(-1.,-0.));
#7842 = ( GEOMETRIC_REPRESENTATION_CONTEXT(2) 
PARAMETRIC_REPRESENTATION_CONTEXT() REPRESENTATION_CONTEXT('2D SPACE',''
  ) );
#7843 = PCURVE('',#7844,#7849);
#7844 = PLANE('',#7845);
#7845 = AXIS2_PLACEMENT_3D('',#7846,#7847,#7848);
#7846 = CARTESIAN_POINT('',(19.017527582787,3.7828214332,8.794345118219)
  );
#7847 = DIRECTION('',(-0.690538545739,-0.1373566569,0.710133554801));
#7848 = DIRECTION('',(0.195090322016,-0.980785280403,-1.56334277887E-16)
  );
#7849 = DEFINITIONAL_REPRESENTATION('',(#7850),#7854);
#7850 = CIRCLE('',#7851,0.3);
#7851 = AXIS2_PLACEMENT_2D('',#7852,#7853);
#7852 = CARTESIAN_POINT('',(0.,0.));
#7853 = DIRECTION('',(1.,0.));
#7854 = ( GEOMETRIC_REPRESENTATION_CONTEXT(2) 
PARAMETRIC_REPRESENTATION_CONTEXT() REPRESENTATION_CONTEXT('2D SPACE',''
  ) );
#7855 = ORIENTED_EDGE('',*,*,#7806,.F.);
#7856 = ORIENTED_EDGE('',*,*,#7356,.F.);
#7857 = ADVANCED_FACE('',(#7858),#7844,.T.);
#7858 = FACE_BOUND('',#7859,.T.);
#7859 = EDGE_LOOP('',(#7860));
#7860 = ORIENTED_EDGE('',*,*,#7829,.T.);
#7861 = ADVANCED_FACE('',(#7862),#7210,.T.);
#7862 = FACE_BOUND('',#7863,.T.);
#7863 = EDGE_LOOP('',(#7864,#7887,#7914,#7915));
#7864 = ORIENTED_EDGE('',*,*,#7865,.T.);
#7865 = EDGE_CURVE('',#6966,#7866,#7868,.T.);
#7866 = VERTEX_POINT('',#7867);
#7867 = CARTESIAN_POINT('',(20.958536767544,13.643239617958,
    21.792127474561));
#7868 = SEAM_CURVE('',#7869,(#7873,#7880),.PCURVE_S1.);
#7869 = LINE('',#7870,#7871);
#7870 = CARTESIAN_POINT('',(30.09680210864,15.075924470907,
    20.454855558293));
#7871 = VECTOR('',#7872,1.);
#7872 = DIRECTION('',(-0.977766950454,-0.153292977096,0.143084079384));
#7873 = PCURVE('',#7210,#7874);
#7874 = DEFINITIONAL_REPRESENTATION('',(#7875),#7879);
#7875 = LINE('',#7876,#7877);
#7876 = CARTESIAN_POINT('',(-6.28318530718,0.));
#7877 = VECTOR('',#7878,1.);
#7878 = DIRECTION('',(-0.,-1.));
#7879 = ( GEOMETRIC_REPRESENTATION_CONTEXT(2) 
PARAMETRIC_REPRESENTATION_CONTEXT() REPRESENTATION_CONTEXT('2D SPACE',''
  ) );
#7880 = PCURVE('',#7210,#7881);
#7881 = DEFINITIONAL_REPRESENTATION('',(#7882),#7886);
#7882 = LINE('',#7883,#7884);
#7883 = CARTESIAN_POINT('',(0.,-0.));
#7884 = VECTOR('',#7885,1.);
#7885 = DIRECTION('',(-0.,-1.));
#7886 = ( GEOMETRIC_REPRESENTATION_CONTEXT(2) 
PARAMETRIC_REPRESENTATION_CONTEXT() REPRESENTATION_CONTEXT('2D SPACE',''
  ) );
#7887 = ORIENTED_EDGE('',*,*,#7888,.F.);
#7888 = EDGE_CURVE('',#7866,#7866,#7889,.T.);
#7889 = SURFACE_CURVE('',#7890,(#7895,#7902),.PCURVE_S1.);
#7890 = CIRCLE('',#7891,0.3);
#7891 = AXIS2_PLACEMENT_3D('',#7892,#7893,#7894);
#7892 = CARTESIAN_POINT('',(20.791865697638,13.892680501649,
    21.792127474561));
#7893 = DIRECTION('',(-0.821115076463,-0.548651553366,0.157326107796));
#7894 = DIRECTION('',(0.55557023302,-0.831469612303,-2.192794180972E-16)
  );
#7895 = PCURVE('',#7210,#7896);
#7896 = DEFINITIONAL_REPRESENTATION('',(#7897),#7901);
#7897 = LINE('',#7898,#7899);
#7898 = CARTESIAN_POINT('',(-0.,-8.5));
#7899 = VECTOR('',#7900,1.);
#7900 = DIRECTION('',(-1.,-0.));
#7901 = ( GEOMETRIC_REPRESENTATION_CONTEXT(2) 
PARAMETRIC_REPRESENTATION_CONTEXT() REPRESENTATION_CONTEXT('2D SPACE',''
  ) );
#7902 = PCURVE('',#7903,#7908);
#7903 = PLANE('',#7904);
#7904 = AXIS2_PLACEMENT_3D('',#7905,#7906,#7907);
#7905 = CARTESIAN_POINT('',(20.791865697638,13.892680501649,
    21.792127474561));
#7906 = DIRECTION('',(-0.821115076463,-0.548651553366,0.157326107796));
#7907 = DIRECTION('',(0.55557023302,-0.831469612303,-2.192794180972E-16)
  );
#7908 = DEFINITIONAL_REPRESENTATION('',(#7909),#7913);
#7909 = CIRCLE('',#7910,0.3);
#7910 = AXIS2_PLACEMENT_2D('',#7911,#7912);
#7911 = CARTESIAN_POINT('',(0.,0.));
#7912 = DIRECTION('',(1.,0.));
#7913 = ( GEOMETRIC_REPRESENTATION_CONTEXT(2) 
PARAMETRIC_REPRESENTATION_CONTEXT() REPRESENTATION_CONTEXT('2D SPACE',''
  ) );
#7914 = ORIENTED_EDGE('',*,*,#7865,.F.);
#7915 = ORIENTED_EDGE('',*,*,#6965,.F.);
#7916 = ADVANCED_FACE('',(#7917),#7903,.T.);
#7917 = FACE_BOUND('',#7918,.T.);
#7918 = EDGE_LOOP('',(#7919));
#7919 = ORIENTED_EDGE('',*,*,#7888,.T.);
#7920 = ADVANCED_FACE('',(#7921,#8637,#9028),#434,.F.);
#7921 = FACE_BOUND('',#7922,.F.);
#7922 = EDGE_LOOP('',(#7923,#8634,#8635,#8636));
#7923 = ORIENTED_EDGE('',*,*,#7924,.F.);
#7924 = EDGE_CURVE('',#6228,#304,#7925,.T.);
#7925 = SURFACE_CURVE('',#7926,(#8160,#8397),.PCURVE_S1.);
#7926 = B_SPLINE_CURVE_WITH_KNOTS('',8,(#7927,#7928,#7929,#7930,#7931,
    #7932,#7933,#7934,#7935,#7936,#7937,#7938,#7939,#7940,#7941,#7942,
    #7943,#7944,#7945,#7946,#7947,#7948,#7949,#7950,#7951,#7952,#7953,
    #7954,#7955,#7956,#7957,#7958,#7959,#7960,#7961,#7962,#7963,#7964,
    #7965,#7966,#7967,#7968,#7969,#7970,#7971,#7972,#7973,#7974,#7975,
    #7976,#7977,#7978,#7979,#7980,#7981,#7982,#7983,#7984,#7985,#7986,
    #7987,#7988,#7989,#7990,#7991,#7992,#7993,#7994,#7995,#7996,#7997,
    #7998,#7999,#8000,#8001,#8002,#8003,#8004,#8005,#8006,#8007,#8008,
    #8009,#8010,#8011,#8012,#8013,#8014,#8015,#8016,#8017,#8018,#8019,
    #8020,#8021,#8022,#8023,#8024,#8025,#8026,#8027,#8028,#8029,#8030,
    #8031,#8032,#8033,#8034,#8035,#8036,#8037,#8038,#8039,#8040,#8041,
    #8042,#8043,#8044,#8045,#8046,#8047,#8048,#8049,#8050,#8051,#8052,
    #8053,#8054,#8055,#8056,#8057,#8058,#8059,#8060,#8061,#8062,#8063,
    #8064,#8065,#8066,#8067,#8068,#8069,#8070,#8071,#8072,#8073,#8074,
    #8075,#8076,#8077,#8078,#8079,#8080,#8081,#8082,#8083,#8084,#8085,
    #8086,#8087,#8088,#8089,#8090,#8091,#8092,#8093,#8094,#8095,#8096,
    #8097,#8098,#8099,#8100,#8101,#8102,#8103,#8104,#8105,#8106,#8107,
    #8108,#8109,#8110,#8111,#8112,#8113,#8114,#8115,#8116,#8117,#8118,
    #8119,#8120,#8121,#8122,#8123,#8124,#8125,#8126,#8127,#8128,#8129,
    #8130,#8131,#8132,#8133,#8134,#8135,#8136,#8137,#8138,#8139,#8140,
    #8141,#8142,#8143,#8144,#8145,#8146,#8147,#8148,#8149,#8150,#8151,
    #8152,#8153,#8154,#8155,#8156,#8157,#8158,#8159),.UNSPECIFIED.,.T.,
  .F.,(9,7,7,7,7,7,7,7,7,7,7,7,7,7,7,7,7,7,7,7,7,7,7,7,7,7,7,7,7,7,7,7,7
    ,9),(0.,2.900040737443E-02,5.800081474886E-02,8.700122212329E-02,
    0.114001606544,0.135001913196,0.163002309331,0.192002716706,
    0.22100312408,0.250003531454,0.27500389121,0.302004275631,
    0.331004683005,0.358005067426,0.380005387734,0.406005760012,
    0.435006167387,0.464006574761,0.493006982136,0.52200738951,
    0.551007796884,0.57900819302,0.608008600394,0.63600899653,
    0.665009403905,0.694009811279,0.723010218653,0.752010626028,
    0.781011033402,0.808011417823,0.836011813958,0.864012210094,
    0.893012617468,1.),.UNSPECIFIED.);
#7927 = CARTESIAN_POINT('',(21.32513047566,-3.552713678801E-15,1.5));
#7928 = CARTESIAN_POINT('',(21.32513047566,-0.48571245925,1.5));
#7929 = CARTESIAN_POINT('',(21.312487181249,-0.971425874547,1.5));
#7930 = CARTESIAN_POINT('',(21.287200646173,-1.456754905464,1.5));
#7931 = CARTESIAN_POINT('',(21.249284868039,-1.941315485472,1.5));
#7932 = CARTESIAN_POINT('',(21.198767788315,-2.424724821941,1.5));
#7933 = CARTESIAN_POINT('',(21.135691292328,-2.90660139614,1.5));
#7934 = CARTESIAN_POINT('',(21.06011120927,-3.386564963234,1.5));
#7935 = CARTESIAN_POINT('',(20.884083415106,-4.341908141346,1.5));
#7936 = CARTESIAN_POINT('',(20.783635357519,-4.817289632803,1.5));
#7937 = CARTESIAN_POINT('',(20.67082301819,-5.290002075206,1.5));
#7938 = CARTESIAN_POINT('',(20.545729758066,-5.759670296614,1.5));
#7939 = CARTESIAN_POINT('',(20.408452420282,-6.225922904607,1.5));
#7940 = CARTESIAN_POINT('',(20.259101330155,-6.68839228628,1.5));
#7941 = CARTESIAN_POINT('',(20.097800295189,-7.146714608246,1.5));
#7942 = CARTESIAN_POINT('',(19.751572914958,-8.054345025024,1.5));
#7943 = CARTESIAN_POINT('',(19.566645888199,-8.503654906361,1.5));
#7944 = CARTESIAN_POINT('',(19.370042914919,-8.948099445089,1.5));
#7945 = CARTESIAN_POINT('',(19.161913959362,-9.387324785646,1.5));
#7946 = CARTESIAN_POINT('',(18.942421559889,-9.820983232472,1.5));
#7947 = CARTESIAN_POINT('',(18.711740828982,-10.24873325,1.5));
#7948 = CARTESIAN_POINT('',(18.470059453245,-10.67023946266,1.5));
#7949 = CARTESIAN_POINT('',(17.982508423957,-11.47148983846,1.5));
#7950 = CARTESIAN_POINT('',(17.73807633544,-11.85211064426,1.5));
#7951 = CARTESIAN_POINT('',(17.484443036954,-12.22676954825,1.5));
#7952 = CARTESIAN_POINT('',(17.221778628918,-12.59520723653,1.5));
#7953 = CARTESIAN_POINT('',(16.950261703065,-12.95717060535,1.5));
#7954 = CARTESIAN_POINT('',(16.670079342442,-13.31241276112,1.5));
#7955 = CARTESIAN_POINT('',(16.38142712141,-13.6606930204,1.5));
#7956 = CARTESIAN_POINT('',(15.853572786952,-14.26706447623,1.5));
#7957 = CARTESIAN_POINT('',(15.617635786747,-14.5279991358,1.5));
#7958 = CARTESIAN_POINT('',(15.376794019895,-14.78447071844,1.5));
#7959 = CARTESIAN_POINT('',(15.131146131361,-15.03637176695,1.5));
#7960 = CARTESIAN_POINT('',(14.880793496207,-15.28359753716,1.5));
#7961 = CARTESIAN_POINT('',(14.625840219594,-15.52604599788,1.5));
#7962 = CARTESIAN_POINT('',(14.366393136782,-15.76361783092,1.5));
#7963 = CARTESIAN_POINT('',(13.750786874894,-16.30634775698,1.5));
#7964 = CARTESIAN_POINT('',(13.391216866172,-16.60763852395,1.5));
#7965 = CARTESIAN_POINT('',(13.024111918435,-16.89985945332,1.5));
#7966 = CARTESIAN_POINT('',(12.649739376854,-17.18279106513,1.5));
#7967 = CARTESIAN_POINT('',(12.268373800295,-17.45622367817,1.5));
#7968 = CARTESIAN_POINT('',(11.880296961325,-17.71995740993,1.5));
#7969 = CARTESIAN_POINT('',(11.485797846206,-17.97380217668,1.5));
#7970 = CARTESIAN_POINT('',(10.670239462666,-18.47005945324,1.5));
#7971 = CARTESIAN_POINT('',(10.248733250002,-18.71174082898,1.5));
#7972 = CARTESIAN_POINT('',(9.820983232473,-18.94242155988,1.5));
#7973 = CARTESIAN_POINT('',(9.387324785648,-19.16191395936,1.5));
#7974 = CARTESIAN_POINT('',(8.948099445091,-19.37004291491,1.5));
#7975 = CARTESIAN_POINT('',(8.503654906363,-19.56664588819,1.5));
#7976 = CARTESIAN_POINT('',(8.054345025026,-19.75157291495,1.5));
#7977 = CARTESIAN_POINT('',(7.146714608248,-20.09780029518,1.5));
#7978 = CARTESIAN_POINT('',(6.688392286282,-20.25910133015,1.5));
#7979 = CARTESIAN_POINT('',(6.225922904609,-20.40845242028,1.5));
#7980 = CARTESIAN_POINT('',(5.759670296616,-20.54572975806,1.5));
#7981 = CARTESIAN_POINT('',(5.290002075208,-20.67082301819,1.5));
#7982 = CARTESIAN_POINT('',(4.817289632805,-20.78363535751,1.5));
#7983 = CARTESIAN_POINT('',(4.341908141348,-20.8840834151,1.5));
#7984 = CARTESIAN_POINT('',(3.386564963236,-21.06011120926,1.5));
#7985 = CARTESIAN_POINT('',(2.906601396142,-21.13569129232,1.5));
#7986 = CARTESIAN_POINT('',(2.424724821943,-21.19876778831,1.5));
#7987 = CARTESIAN_POINT('',(1.941315485474,-21.24928486803,1.5));
#7988 = CARTESIAN_POINT('',(1.456754905466,-21.28720064617,1.5));
#7989 = CARTESIAN_POINT('',(0.971425874549,-21.31248718124,1.5));
#7990 = CARTESIAN_POINT('',(0.485712459252,-21.32513047566,1.5));
#7991 = CARTESIAN_POINT('',(-0.418717780834,-21.32513047566,1.5));
#7992 = CARTESIAN_POINT('',(-0.837436016787,-21.31573445652,1.5));
#7993 = CARTESIAN_POINT('',(-1.255908063639,-21.29694244031,1.5));
#7994 = CARTESIAN_POINT('',(-1.673887883804,-21.26876215703,1.5));
#7995 = CARTESIAN_POINT('',(-2.091130046322,-21.23120904469,1.5));
#7996 = CARTESIAN_POINT('',(-2.507389726867,-21.18430624922,1.5));
#7997 = CARTESIAN_POINT('',(-2.922422707739,-21.12808462452,1.5));
#7998 = CARTESIAN_POINT('',(-3.782632993532,-20.99184069985,1.5));
#7999 = CARTESIAN_POINT('',(-4.227566822921,-20.91027397151,1.5));
#8000 = CARTESIAN_POINT('',(-4.670479860032,-20.81793120787,1.5));
#8001 = CARTESIAN_POINT('',(-5.111067618907,-20.71487128296,1.5));
#8002 = CARTESIAN_POINT('',(-5.549028133631,-20.6011632844,1.5));
#8003 = CARTESIAN_POINT('',(-5.984061958339,-20.47688651344,1.5));
#8004 = CARTESIAN_POINT('',(-6.415872167208,-20.34213048492,1.5));
#8005 = CARTESIAN_POINT('',(-7.304181801336,-20.04110861729,1.5));
#8006 = CARTESIAN_POINT('',(-7.760142369129,-19.87324755774,1.5));
#8007 = CARTESIAN_POINT('',(-8.211681119829,-19.69353547211,1.5));
#8008 = CARTESIAN_POINT('',(-8.658438797119,-19.50210888118,1.5));
#8009 = CARTESIAN_POINT('',(-9.100061826384,-19.29911710314,1.5));
#8010 = CARTESIAN_POINT('',(-9.536202314708,-19.08472225351,1.5));
#8011 = CARTESIAN_POINT('',(-9.966518050876,-18.85909924515,1.5));
#8012 = CARTESIAN_POINT('',(-10.78557500371,-18.40209390724,1.5));
#8013 = CARTESIAN_POINT('',(-11.17513805809,-18.1721811621,1.5));
#8014 = CARTESIAN_POINT('',(-11.55909024203,-17.93284903955,1.5));
#8015 = CARTESIAN_POINT('',(-11.93716601477,-17.68425774553,1.5));
#8016 = CARTESIAN_POINT('',(-12.30910572124,-17.42657620537,1.5));
#8017 = CARTESIAN_POINT('',(-12.67465559209,-17.15998206373,1.5));
#8018 = CARTESIAN_POINT('',(-13.03356774365,-16.88466168459,1.5));
#8019 = CARTESIAN_POINT('',(-13.67244151299,-16.36952364238,1.5));
#8020 = CARTESIAN_POINT('',(-13.95471578058,-16.13257267765,1.5));
#8021 = CARTESIAN_POINT('',(-14.23229222101,-15.89006270474,1.5));
#8022 = CARTESIAN_POINT('',(-14.50504322693,-15.6421025708,1.5));
#8023 = CARTESIAN_POINT('',(-14.77284434338,-15.38880452248,1.5));
#8024 = CARTESIAN_POINT('',(-15.03557426781,-15.13028420597,1.5));
#8025 = CARTESIAN_POINT('',(-15.29311485008,-14.86666066696,1.5));
#8026 = CARTESIAN_POINT('',(-15.84344839789,-14.28061496245,1.5));
#8027 = CARTESIAN_POINT('',(-16.13413776658,-13.95621629895,1.5));
#8028 = CARTESIAN_POINT('',(-16.417229256,-13.62506266917,1.5));
#8029 = CARTESIAN_POINT('',(-16.69254000072,-13.28736201553,1.5));
#8030 = CARTESIAN_POINT('',(-16.95989421243,-12.94332791387,1.5));
#8031 = CARTESIAN_POINT('',(-17.21912317992,-12.59317957344,1.5));
#8032 = CARTESIAN_POINT('',(-17.47006526908,-12.2371418369,1.5));
#8033 = CARTESIAN_POINT('',(-17.98304734807,-11.47201440348,1.5));
#8034 = CARTESIAN_POINT('',(-18.24302783716,-11.06154209018,1.5));
#8035 = CARTESIAN_POINT('',(-18.49229284812,-10.64434833253,1.5));
#8036 = CARTESIAN_POINT('',(-18.73064013,-10.22075992954,1.5));
#8037 = CARTESIAN_POINT('',(-18.95787972301,-9.791110387127,1.5));
#8038 = CARTESIAN_POINT('',(-19.17383395843,-9.355739918091,1.5));
#8039 = CARTESIAN_POINT('',(-19.3783374587,-8.914995442152,1.5));
#8040 = CARTESIAN_POINT('',(-19.76413681599,-8.023465729694,1.5));
#8041 = CARTESIAN_POINT('',(-19.9454334324,-7.572678738342,1.5));
#8042 = CARTESIAN_POINT('',(-20.11497399876,-7.117223281172,1.5));
#8043 = CARTESIAN_POINT('',(-20.27261883023,-6.657457396138,1.5));
#8044 = CARTESIAN_POINT('',(-20.41824154492,-6.193743489841,1.5));
#8045 = CARTESIAN_POINT('',(-20.55172906395,-5.726448337532,1.5));
#8046 = CARTESIAN_POINT('',(-20.67298161137,-5.25594308311,1.5));
#8047 = CARTESIAN_POINT('',(-20.89084381704,-4.309263395138,1.5));
#8048 = CARTESIAN_POINT('',(-20.98745390413,-3.833087098199,1.5));
#8049 = CARTESIAN_POINT('',(-21.07165660726,-3.354449884964,1.5));
#8050 = CARTESIAN_POINT('',(-21.14337943257,-2.873729177838,1.5));
#8051 = CARTESIAN_POINT('',(-21.20256376058,-2.391304284983,1.5));
#8052 = CARTESIAN_POINT('',(-21.24916484618,-1.907556400307,1.5));
#8053 = CARTESIAN_POINT('',(-21.28315181861,-1.422868603475,1.5));
#8054 = CARTESIAN_POINT('',(-21.32586354437,-0.452383116326,1.5));
#8055 = CARTESIAN_POINT('',(-21.33458838176,3.34164842352E-02,1.5));
#8056 = CARTESIAN_POINT('',(-21.33066530467,0.519387971643,1.5));
#8057 = CARTESIAN_POINT('',(-21.31409141048,1.005147035337,1.5));
#8058 = CARTESIAN_POINT('',(-21.28487778298,1.490310024339,1.5));
#8059 = CARTESIAN_POINT('',(-21.24304949231,1.974493947251,1.5));
#8060 = CARTESIAN_POINT('',(-21.18864559503,2.457316472259,1.5));
#8061 = CARTESIAN_POINT('',(-21.05479267314,3.419475381994,1.5));
#8062 = CARTESIAN_POINT('',(-20.97534338505,3.898813660577,1.5));
#8063 = CARTESIAN_POINT('',(-20.88342441921,4.376029105452,1.5));
#8064 = CARTESIAN_POINT('',(-20.77910256037,4.850743242273,1.5));
#8065 = CARTESIAN_POINT('',(-20.66245822858,5.322580779768,1.5));
#8066 = CARTESIAN_POINT('',(-20.5335854792,5.791169609741,1.5));
#8067 = CARTESIAN_POINT('',(-20.39259200295,6.256140807073,1.5));
#8068 = CARTESIAN_POINT('',(-20.0918818504,7.1622203652,1.5));
#8069 = CARTESIAN_POINT('',(-19.93297792043,7.603600313175,1.5));
#8070 = CARTESIAN_POINT('',(-19.76299659955,8.040939386169,1.5));
#8071 = CARTESIAN_POINT('',(-19.58205831831,8.473913329074,1.5));
#8072 = CARTESIAN_POINT('',(-19.39029467422,8.902202719157,1.5));
#8073 = CARTESIAN_POINT('',(-19.18784843173,9.325492966055,1.5));
#8074 = CARTESIAN_POINT('',(-18.97487352226,9.743474311778,1.5));
#8075 = CARTESIAN_POINT('',(-18.52022021509,10.582936718192,1.5));
#8076 = CARTESIAN_POINT('',(-18.27778747571,11.004011226522,1.5));
#8077 = CARTESIAN_POINT('',(-18.02442038711,11.418726545175,1.5));
#8078 = CARTESIAN_POINT('',(-17.76031416479,11.826751624382,1.5));
#8079 = CARTESIAN_POINT('',(-17.48567567861,12.227763175136,1.5));
#8080 = CARTESIAN_POINT('',(-17.20072345282,12.621445669185,1.5));
#8081 = CARTESIAN_POINT('',(-16.90568766604,13.007491339039,1.5));
#8082 = CARTESIAN_POINT('',(-16.30644562478,13.750670817689,1.5));
#8083 = CARTESIAN_POINT('',(-16.00290534715,14.108343876911,1.5));
#8084 = CARTESIAN_POINT('',(-15.69040700568,14.458349449433,1.5));
#8085 = CARTESIAN_POINT('',(-15.36917705214,14.800426069214,1.5));
#8086 = CARTESIAN_POINT('',(-15.03945070279,15.134320710372,1.5));
#8087 = CARTESIAN_POINT('',(-14.70147193837,15.459788787181,1.5));
#8088 = CARTESIAN_POINT('',(-14.35549350416,15.776594154074,1.5));
#8089 = CARTESIAN_POINT('',(-13.63542761686,16.403420987778,1.5));
#8090 = CARTESIAN_POINT('',(-13.26077619571,16.712797275374,1.5));
#8091 = CARTESIAN_POINT('',(-12.87811332529,17.012384999932,1.5));
#8092 = CARTESIAN_POINT('',(-12.48773787893,17.301942546555,1.5));
#8093 = CARTESIAN_POINT('',(-12.08995692447,17.581239653946,1.5));
#8094 = CARTESIAN_POINT('',(-11.68508572424,17.850057414406,1.5));
#8095 = CARTESIAN_POINT('',(-11.27344773511,18.108188273838,1.5));
#8096 = CARTESIAN_POINT('',(-10.43730148167,18.602683789646,1.5));
#8097 = CARTESIAN_POINT('',(-10.01279157156,18.839049419359,1.5));
#8098 = CARTESIAN_POINT('',(-9.582176584115,19.064336812904,1.5));
#8099 = CARTESIAN_POINT('',(-9.145794226892,19.278362512842,1.5));
#8100 = CARTESIAN_POINT('',(-8.703988208965,19.480955712265,1.5));
#8101 = CARTESIAN_POINT('',(-8.257108240906,19.6719582548,1.5));
#8102 = CARTESIAN_POINT('',(-7.805510034795,19.85122463461,1.5));
#8103 = CARTESIAN_POINT('',(-6.89360057363,20.186019358166,1.5));
#8104 = CARTESIAN_POINT('',(-6.433287523629,20.341548360903,1.5));
#8105 = CARTESIAN_POINT('',(-5.968977904839,20.485076250201,1.5));
#8106 = CARTESIAN_POINT('',(-5.501037077691,20.616483800277,1.5));
#8107 = CARTESIAN_POINT('',(-5.029834012415,20.73566531396,1.5));
#8108 = CARTESIAN_POINT('',(-4.555741289044,20.842528622697,1.5));
#8109 = CARTESIAN_POINT('',(-4.079135097413,20.936995086546,1.5));
#8110 = CARTESIAN_POINT('',(-3.1216553769,21.101004101817,1.5));
#8111 = CARTESIAN_POINT('',(-2.640779963373,21.170546976063,1.5));
#8112 = CARTESIAN_POINT('',(-2.158148814359,21.227563211544,1.5));
#8113 = CARTESIAN_POINT('',(-1.674142846221,21.27200176165,1.5));
#8114 = CARTESIAN_POINT('',(-1.189144073899,21.30382553854,1.5));
#8115 = CARTESIAN_POINT('',(-0.703535610913,21.323011413138,1.5));
#8116 = CARTESIAN_POINT('',(-0.217701669364,21.32955021514,1.5));
#8117 = CARTESIAN_POINT('',(0.753646549508,21.31734325087,1.5));
#8118 = CARTESIAN_POINT('',(1.239162738774,21.298597460572,1.5));
#8119 = CARTESIAN_POINT('',(1.724135698543,21.267214258055,1.5));
#8120 = CARTESIAN_POINT('',(2.208181568505,21.223212466017,1.5));
#8121 = CARTESIAN_POINT('',(2.690917937366,21.166624833907,1.5));
#8122 = CARTESIAN_POINT('',(3.171963842852,21.097498037926,1.5));
#8123 = CARTESIAN_POINT('',(3.650939771702,21.015892681026,1.5));
#8124 = CARTESIAN_POINT('',(4.571131639855,20.83435729421,1.5));
#8125 = CARTESIAN_POINT('',(5.012675066694,20.736078883956,1.5));
#8126 = CARTESIAN_POINT('',(5.451792986345,20.627108259102,1.5));
#8127 = CARTESIAN_POINT('',(5.888183348167,20.507515727974,1.5));
#8128 = CARTESIAN_POINT('',(6.321547004727,20.377381710262,1.5));
#8129 = CARTESIAN_POINT('',(6.7515877118,20.236796737027,1.5));
#8130 = CARTESIAN_POINT('',(7.178012128371,20.085861450698,1.5));
#8131 = CARTESIAN_POINT('',(8.038696268685,19.757542335783,1.5));
#8132 = CARTESIAN_POINT('',(8.472662666625,19.579385430517,1.5));
#8133 = CARTESIAN_POINT('',(8.902105045338,19.390339516569,1.5));
#8134 = CARTESIAN_POINT('',(9.3267047584,19.190539164915,1.5));
#8135 = CARTESIAN_POINT('',(9.746148478073,18.980129890215,1.5));
#8136 = CARTESIAN_POINT('',(10.16012819531,18.759268150811,1.5));
#8137 = CARTESIAN_POINT('',(10.568341219751,18.528121348731,1.5));
#8138 = CARTESIAN_POINT('',(11.372639139702,18.045614310644,1.5));
#8139 = CARTESIAN_POINT('',(11.768725410961,17.794253249309,1.5));
#8140 = CARTESIAN_POINT('',(12.158451666632,17.532963066072,1.5));
#8141 = CARTESIAN_POINT('',(12.541527731833,17.261932025187,1.5));
#8142 = CARTESIAN_POINT('',(12.91767058367,16.981358234777,1.5));
#8143 = CARTESIAN_POINT('',(13.286604351239,16.691449646834,1.5));
#8144 = CARTESIAN_POINT('',(13.648060315622,16.392424057215,1.5));
#8145 = CARTESIAN_POINT('',(14.36812620292,15.765597223511,1.5));
#8146 = CARTESIAN_POINT('',(14.726174810034,15.437148491382,1.5));
#8147 = CARTESIAN_POINT('',(15.075632122971,15.099415958833,1.5));
#8148 = CARTESIAN_POINT('',(15.416217649651,14.752662356191,1.5));
#8149 = CARTESIAN_POINT('',(15.747661014175,14.397160094535,1.5));
#8150 = CARTESIAN_POINT('',(16.069701956821,14.033191265695,1.5));
#8151 = CARTESIAN_POINT('',(16.38209033405,13.661047642258,1.5));
#8152 = CARTESIAN_POINT('',(17.800543966526,11.879084151567,1.5));
#8153 = CARTESIAN_POINT('',(18.782264214473,10.369479818203,1.5));
#8154 = CARTESIAN_POINT('',(19.616976439367,8.767922469646,1.5));
#8155 = CARTESIAN_POINT('',(20.294947143089,7.091287169792,1.5));
#8156 = CARTESIAN_POINT('',(20.808697071863,5.357271248281,1.5));
#8157 = CARTESIAN_POINT('',(21.15305624401,3.58437892254,1.5));
#8158 = CARTESIAN_POINT('',(21.32513047566,1.791874990125,1.5));
#8159 = CARTESIAN_POINT('',(21.32513047566,0.,1.5));
#8160 = PCURVE('',#434,#8161);
#8161 = DEFINITIONAL_REPRESENTATION('',(#8162),#8396);
#8162 = B_SPLINE_CURVE_WITH_KNOTS('',8,(#8163,#8164,#8165,#8166,#8167,
    #8168,#8169,#8170,#8171,#8172,#8173,#8174,#8175,#8176,#8177,#8178,
    #8179,#8180,#8181,#8182,#8183,#8184,#8185,#8186,#8187,#8188,#8189,
    #8190,#8191,#8192,#8193,#8194,#8195,#8196,#8197,#8198,#8199,#8200,
    #8201,#8202,#8203,#8204,#8205,#8206,#8207,#8208,#8209,#8210,#8211,
    #8212,#8213,#8214,#8215,#8216,#8217,#8218,#8219,#8220,#8221,#8222,
    #8223,#8224,#8225,#8226,#8227,#8228,#8229,#8230,#8231,#8232,#8233,
    #8234,#8235,#8236,#8237,#8238,#8239,#8240,#8241,#8242,#8243,#8244,
    #8245,#8246,#8247,#8248,#8249,#8250,#8251,#8252,#8253,#8254,#8255,
    #8256,#8257,#8258,#8259,#8260,#8261,#8262,#8263,#8264,#8265,#8266,
    #8267,#8268,#8269,#8270,#8271,#8272,#8273,#8274,#8275,#8276,#8277,
    #8278,#8279,#8280,#8281,#8282,#8283,#8284,#8285,#8286,#8287,#8288,
    #8289,#8290,#8291,#8292,#8293,#8294,#8295,#8296,#8297,#8298,#8299,
    #8300,#8301,#8302,#8303,#8304,#8305,#8306,#8307,#8308,#8309,#8310,
    #8311,#8312,#8313,#8314,#8315,#8316,#8317,#8318,#8319,#8320,#8321,
    #8322,#8323,#8324,#8325,#8326,#8327,#8328,#8329,#8330,#8331,#8332,
    #8333,#8334,#8335,#8336,#8337,#8338,#8339,#8340,#8341,#8342,#8343,
    #8344,#8345,#8346,#8347,#8348,#8349,#8350,#8351,#8352,#8353,#8354,
    #8355,#8356,#8357,#8358,#8359,#8360,#8361,#8362,#8363,#8364,#8365,
    #8366,#8367,#8368,#8369,#8370,#8371,#8372,#8373,#8374,#8375,#8376,
    #8377,#8378,#8379,#8380,#8381,#8382,#8383,#8384,#8385,#8386,#8387,
    #8388,#8389,#8390,#8391,#8392,#8393,#8394,#8395),.UNSPECIFIED.,.F.,
  .F.,(9,7,7,7,7,7,7,7,7,7,7,7,7,7,7,7,7,7,7,7,7,7,7,7,7,7,7,7,7,7,7,7,7
    ,9),(0.,2.900040737443E-02,5.800081474886E-02,8.700122212329E-02,
    0.114001606544,0.135001913196,0.163002309331,0.192002716706,
    0.22100312408,0.250003531454,0.27500389121,0.302004275631,
    0.331004683005,0.358005067426,0.380005387734,0.406005760012,
    0.435006167387,0.464006574761,0.493006982136,0.52200738951,
    0.551007796884,0.57900819302,0.608008600394,0.63600899653,
    0.665009403905,0.694009811279,0.723010218653,0.752010626028,
    0.781011033402,0.808011417823,0.836011813958,0.864012210094,
    0.893012617468,1.),.UNSPECIFIED.);
#8163 = CARTESIAN_POINT('',(6.28318530718,3.47039866916));
#8164 = CARTESIAN_POINT('',(6.260408777873,3.47039866916));
#8165 = CARTESIAN_POINT('',(6.237632233625,3.47039866916));
#8166 = CARTESIAN_POINT('',(6.214855679415,3.47039866916));
#8167 = CARTESIAN_POINT('',(6.192079120225,3.47039866916));
#8168 = CARTESIAN_POINT('',(6.169302561036,3.47039866916));
#8169 = CARTESIAN_POINT('',(6.146526006826,3.47039866916));
#8170 = CARTESIAN_POINT('',(6.123749462578,3.47039866916));
#8171 = CARTESIAN_POINT('',(6.078196403965,3.47039866916));
#8172 = CARTESIAN_POINT('',(6.055419859716,3.47039866916));
#8173 = CARTESIAN_POINT('',(6.032643305507,3.47039866916));
#8174 = CARTESIAN_POINT('',(6.009866746317,3.47039866916));
#8175 = CARTESIAN_POINT('',(5.987090187128,3.47039866916));
#8176 = CARTESIAN_POINT('',(5.964313632918,3.47039866916));
#8177 = CARTESIAN_POINT('',(5.94153708867,3.47039866916));
#8178 = CARTESIAN_POINT('',(5.895984030056,3.47039866916));
#8179 = CARTESIAN_POINT('',(5.873207485808,3.47039866916));
#8180 = CARTESIAN_POINT('',(5.850430931599,3.47039866916));
#8181 = CARTESIAN_POINT('',(5.827654372409,3.47039866916));
#8182 = CARTESIAN_POINT('',(5.804877813219,3.47039866916));
#8183 = CARTESIAN_POINT('',(5.78210125901,3.47039866916));
#8184 = CARTESIAN_POINT('',(5.759324714762,3.47039866916));
#8185 = CARTESIAN_POINT('',(5.715342447235,3.47039866916));
#8186 = CARTESIAN_POINT('',(5.694136698565,3.47039866916));
#8187 = CARTESIAN_POINT('',(5.672930942928,3.47039866916));
#8188 = CARTESIAN_POINT('',(5.651725183808,3.47039866916));
#8189 = CARTESIAN_POINT('',(5.630519424688,3.47039866916));
#8190 = CARTESIAN_POINT('',(5.609313669051,3.47039866916));
#8191 = CARTESIAN_POINT('',(5.588107920381,3.47039866916));
#8192 = CARTESIAN_POINT('',(5.550408824198,3.47039866916));
#8193 = CARTESIAN_POINT('',(5.533915463262,3.47039866916));
#8194 = CARTESIAN_POINT('',(5.517422100344,3.47039866916));
#8195 = CARTESIAN_POINT('',(5.500928736436,3.47039866916));
#8196 = CARTESIAN_POINT('',(5.484435372527,3.47039866916));
#8197 = CARTESIAN_POINT('',(5.467942009609,3.47039866916));
#8198 = CARTESIAN_POINT('',(5.451448648673,3.47039866916));
#8199 = CARTESIAN_POINT('',(5.41296415676,3.47039866916));
#8200 = CARTESIAN_POINT('',(5.390973010274,3.47039866916));
#8201 = CARTESIAN_POINT('',(5.368981855431,3.47039866916));
#8202 = CARTESIAN_POINT('',(5.34699069641,3.47039866916));
#8203 = CARTESIAN_POINT('',(5.324999537389,3.47039866916));
#8204 = CARTESIAN_POINT('',(5.303008382546,3.47039866916));
#8205 = CARTESIAN_POINT('',(5.28101723606,3.47039866916));
#8206 = CARTESIAN_POINT('',(5.236249572803,3.47039866916));
#8207 = CARTESIAN_POINT('',(5.213473028554,3.47039866916));
#8208 = CARTESIAN_POINT('',(5.190696474345,3.47039866916));
#8209 = CARTESIAN_POINT('',(5.167919915155,3.47039866916));
#8210 = CARTESIAN_POINT('',(5.145143355966,3.47039866916));
#8211 = CARTESIAN_POINT('',(5.122366801756,3.47039866916));
#8212 = CARTESIAN_POINT('',(5.099590257508,3.47039866916));
#8213 = CARTESIAN_POINT('',(5.054037198894,3.47039866916));
#8214 = CARTESIAN_POINT('',(5.031260654646,3.47039866916));
#8215 = CARTESIAN_POINT('',(5.008484100437,3.47039866916));
#8216 = CARTESIAN_POINT('',(4.985707541247,3.47039866916));
#8217 = CARTESIAN_POINT('',(4.962930982057,3.47039866916));
#8218 = CARTESIAN_POINT('',(4.940154427848,3.47039866916));
#8219 = CARTESIAN_POINT('',(4.9173778836,3.47039866916));
#8220 = CARTESIAN_POINT('',(4.871824824986,3.47039866916));
#8221 = CARTESIAN_POINT('',(4.849048280738,3.47039866916));
#8222 = CARTESIAN_POINT('',(4.826271726529,3.47039866916));
#8223 = CARTESIAN_POINT('',(4.803495167339,3.47039866916));
#8224 = CARTESIAN_POINT('',(4.780718608149,3.47039866916));
#8225 = CARTESIAN_POINT('',(4.75794205394,3.47039866916));
#8226 = CARTESIAN_POINT('',(4.735165509692,3.47039866916));
#8227 = CARTESIAN_POINT('',(4.692754034596,3.47039866916));
#8228 = CARTESIAN_POINT('',(4.673119081696,3.47039866916));
#8229 = CARTESIAN_POINT('',(4.653484124056,3.47039866916));
#8230 = CARTESIAN_POINT('',(4.633849164045,3.47039866916));
#8231 = CARTESIAN_POINT('',(4.614214204035,3.47039866916));
#8232 = CARTESIAN_POINT('',(4.594579246394,3.47039866916));
#8233 = CARTESIAN_POINT('',(4.574944293494,3.47039866916));
#8234 = CARTESIAN_POINT('',(4.534103609485,3.47039866916));
#8235 = CARTESIAN_POINT('',(4.512897860815,3.47039866916));
#8236 = CARTESIAN_POINT('',(4.491692105179,3.47039866916));
#8237 = CARTESIAN_POINT('',(4.470486346058,3.47039866916));
#8238 = CARTESIAN_POINT('',(4.449280586938,3.47039866916));
#8239 = CARTESIAN_POINT('',(4.428074831301,3.47039866916));
#8240 = CARTESIAN_POINT('',(4.406869082631,3.47039866916));
#8241 = CARTESIAN_POINT('',(4.362886815105,3.47039866916));
#8242 = CARTESIAN_POINT('',(4.340110270856,3.47039866916));
#8243 = CARTESIAN_POINT('',(4.317333716647,3.47039866916));
#8244 = CARTESIAN_POINT('',(4.294557157457,3.47039866916));
#8245 = CARTESIAN_POINT('',(4.271780598268,3.47039866916));
#8246 = CARTESIAN_POINT('',(4.249004044058,3.47039866916));
#8247 = CARTESIAN_POINT('',(4.22622749981,3.47039866916));
#8248 = CARTESIAN_POINT('',(4.182245232283,3.47039866916));
#8249 = CARTESIAN_POINT('',(4.161039483613,3.47039866916));
#8250 = CARTESIAN_POINT('',(4.139833727977,3.47039866916));
#8251 = CARTESIAN_POINT('',(4.118627968856,3.47039866916));
#8252 = CARTESIAN_POINT('',(4.097422209736,3.47039866916));
#8253 = CARTESIAN_POINT('',(4.076216454099,3.47039866916));
#8254 = CARTESIAN_POINT('',(4.055010705429,3.47039866916));
#8255 = CARTESIAN_POINT('',(4.016526211992,3.47039866916));
#8256 = CARTESIAN_POINT('',(3.999247453022,3.47039866916));
#8257 = CARTESIAN_POINT('',(3.981968691552,3.47039866916));
#8258 = CARTESIAN_POINT('',(3.96468992883,3.47039866916));
#8259 = CARTESIAN_POINT('',(3.947411166109,3.47039866916));
#8260 = CARTESIAN_POINT('',(3.930132404639,3.47039866916));
#8261 = CARTESIAN_POINT('',(3.912853645669,3.47039866916));
#8262 = CARTESIAN_POINT('',(3.875154548297,3.47039866916));
#8263 = CARTESIAN_POINT('',(3.854734197491,3.47039866916));
#8264 = CARTESIAN_POINT('',(3.834313840917,3.47039866916));
#8265 = CARTESIAN_POINT('',(3.813893481458,3.47039866916));
#8266 = CARTESIAN_POINT('',(3.793473122,3.47039866916));
#8267 = CARTESIAN_POINT('',(3.773052765425,3.47039866916));
#8268 = CARTESIAN_POINT('',(3.752632414619,3.47039866916));
#8269 = CARTESIAN_POINT('',(3.709435543158,3.47039866916));
#8270 = CARTESIAN_POINT('',(3.68665899891,3.47039866916));
#8271 = CARTESIAN_POINT('',(3.6638824447,3.47039866916));
#8272 = CARTESIAN_POINT('',(3.641105885511,3.47039866916));
#8273 = CARTESIAN_POINT('',(3.618329326321,3.47039866916));
#8274 = CARTESIAN_POINT('',(3.595552772112,3.47039866916));
#8275 = CARTESIAN_POINT('',(3.572776227863,3.47039866916));
#8276 = CARTESIAN_POINT('',(3.52722316925,3.47039866916));
#8277 = CARTESIAN_POINT('',(3.504446625002,3.47039866916));
#8278 = CARTESIAN_POINT('',(3.481670070792,3.47039866916));
#8279 = CARTESIAN_POINT('',(3.458893511602,3.47039866916));
#8280 = CARTESIAN_POINT('',(3.436116952413,3.47039866916));
#8281 = CARTESIAN_POINT('',(3.413340398203,3.47039866916));
#8282 = CARTESIAN_POINT('',(3.390563853955,3.47039866916));
#8283 = CARTESIAN_POINT('',(3.345010795342,3.47039866916));
#8284 = CARTESIAN_POINT('',(3.322234251093,3.47039866916));
#8285 = CARTESIAN_POINT('',(3.299457696884,3.47039866916));
#8286 = CARTESIAN_POINT('',(3.276681137694,3.47039866916));
#8287 = CARTESIAN_POINT('',(3.253904578505,3.47039866916));
#8288 = CARTESIAN_POINT('',(3.231128024295,3.47039866916));
#8289 = CARTESIAN_POINT('',(3.208351480047,3.47039866916));
#8290 = CARTESIAN_POINT('',(3.162798421433,3.47039866916));
#8291 = CARTESIAN_POINT('',(3.140021877185,3.47039866916));
#8292 = CARTESIAN_POINT('',(3.117245322976,3.47039866916));
#8293 = CARTESIAN_POINT('',(3.094468763786,3.47039866916));
#8294 = CARTESIAN_POINT('',(3.071692204596,3.47039866916));
#8295 = CARTESIAN_POINT('',(3.048915650387,3.47039866916));
#8296 = CARTESIAN_POINT('',(3.026139106139,3.47039866916));
#8297 = CARTESIAN_POINT('',(2.980586047525,3.47039866916));
#8298 = CARTESIAN_POINT('',(2.957809503277,3.47039866916));
#8299 = CARTESIAN_POINT('',(2.935032949068,3.47039866916));
#8300 = CARTESIAN_POINT('',(2.912256389878,3.47039866916));
#8301 = CARTESIAN_POINT('',(2.889479830688,3.47039866916));
#8302 = CARTESIAN_POINT('',(2.866703276479,3.47039866916));
#8303 = CARTESIAN_POINT('',(2.843926732231,3.47039866916));
#8304 = CARTESIAN_POINT('',(2.799159068973,3.47039866916));
#8305 = CARTESIAN_POINT('',(2.777167922488,3.47039866916));
#8306 = CARTESIAN_POINT('',(2.755176767645,3.47039866916));
#8307 = CARTESIAN_POINT('',(2.733185608623,3.47039866916));
#8308 = CARTESIAN_POINT('',(2.711194449602,3.47039866916));
#8309 = CARTESIAN_POINT('',(2.689203294759,3.47039866916));
#8310 = CARTESIAN_POINT('',(2.667212148273,3.47039866916));
#8311 = CARTESIAN_POINT('',(2.622444485016,3.47039866916));
#8312 = CARTESIAN_POINT('',(2.599667940768,3.47039866916));
#8313 = CARTESIAN_POINT('',(2.576891386558,3.47039866916));
#8314 = CARTESIAN_POINT('',(2.554114827369,3.47039866916));
#8315 = CARTESIAN_POINT('',(2.531338268179,3.47039866916));
#8316 = CARTESIAN_POINT('',(2.50856171397,3.47039866916));
#8317 = CARTESIAN_POINT('',(2.485785169721,3.47039866916));
#8318 = CARTESIAN_POINT('',(2.441017506464,3.47039866916));
#8319 = CARTESIAN_POINT('',(2.419026359978,3.47039866916));
#8320 = CARTESIAN_POINT('',(2.397035205135,3.47039866916));
#8321 = CARTESIAN_POINT('',(2.375044046114,3.47039866916));
#8322 = CARTESIAN_POINT('',(2.353052887093,3.47039866916));
#8323 = CARTESIAN_POINT('',(2.33106173225,3.47039866916));
#8324 = CARTESIAN_POINT('',(2.309070585764,3.47039866916));
#8325 = CARTESIAN_POINT('',(2.264302922507,3.47039866916));
#8326 = CARTESIAN_POINT('',(2.241526378258,3.47039866916));
#8327 = CARTESIAN_POINT('',(2.218749824049,3.47039866916));
#8328 = CARTESIAN_POINT('',(2.195973264859,3.47039866916));
#8329 = CARTESIAN_POINT('',(2.17319670567,3.47039866916));
#8330 = CARTESIAN_POINT('',(2.15042015146,3.47039866916));
#8331 = CARTESIAN_POINT('',(2.127643607212,3.47039866916));
#8332 = CARTESIAN_POINT('',(2.082090548598,3.47039866916));
#8333 = CARTESIAN_POINT('',(2.05931400435,3.47039866916));
#8334 = CARTESIAN_POINT('',(2.036537450141,3.47039866916));
#8335 = CARTESIAN_POINT('',(2.013760890951,3.47039866916));
#8336 = CARTESIAN_POINT('',(1.990984331761,3.47039866916));
#8337 = CARTESIAN_POINT('',(1.968207777552,3.47039866916));
#8338 = CARTESIAN_POINT('',(1.945431233304,3.47039866916));
#8339 = CARTESIAN_POINT('',(1.89987817469,3.47039866916));
#8340 = CARTESIAN_POINT('',(1.877101630442,3.47039866916));
#8341 = CARTESIAN_POINT('',(1.854325076233,3.47039866916));
#8342 = CARTESIAN_POINT('',(1.831548517043,3.47039866916));
#8343 = CARTESIAN_POINT('',(1.808771957853,3.47039866916));
#8344 = CARTESIAN_POINT('',(1.785995403644,3.47039866916));
#8345 = CARTESIAN_POINT('',(1.763218859396,3.47039866916));
#8346 = CARTESIAN_POINT('',(1.717665800782,3.47039866916));
#8347 = CARTESIAN_POINT('',(1.694889256534,3.47039866916));
#8348 = CARTESIAN_POINT('',(1.672112702325,3.47039866916));
#8349 = CARTESIAN_POINT('',(1.649336143135,3.47039866916));
#8350 = CARTESIAN_POINT('',(1.626559583945,3.47039866916));
#8351 = CARTESIAN_POINT('',(1.603783029736,3.47039866916));
#8352 = CARTESIAN_POINT('',(1.581006485487,3.47039866916));
#8353 = CARTESIAN_POINT('',(1.535453426874,3.47039866916));
#8354 = CARTESIAN_POINT('',(1.512676882626,3.47039866916));
#8355 = CARTESIAN_POINT('',(1.489900328416,3.47039866916));
#8356 = CARTESIAN_POINT('',(1.467123769227,3.47039866916));
#8357 = CARTESIAN_POINT('',(1.444347210037,3.47039866916));
#8358 = CARTESIAN_POINT('',(1.421570655828,3.47039866916));
#8359 = CARTESIAN_POINT('',(1.398794111579,3.47039866916));
#8360 = CARTESIAN_POINT('',(1.354811844053,3.47039866916));
#8361 = CARTESIAN_POINT('',(1.333606095382,3.47039866916));
#8362 = CARTESIAN_POINT('',(1.312400339746,3.47039866916));
#8363 = CARTESIAN_POINT('',(1.291194580626,3.47039866916));
#8364 = CARTESIAN_POINT('',(1.269988821505,3.47039866916));
#8365 = CARTESIAN_POINT('',(1.248783065869,3.47039866916));
#8366 = CARTESIAN_POINT('',(1.227577317199,3.47039866916));
#8367 = CARTESIAN_POINT('',(1.184380445028,3.47039866916));
#8368 = CARTESIAN_POINT('',(1.162389298542,3.47039866916));
#8369 = CARTESIAN_POINT('',(1.140398143699,3.47039866916));
#8370 = CARTESIAN_POINT('',(1.118406984678,3.47039866916));
#8371 = CARTESIAN_POINT('',(1.096415825657,3.47039866916));
#8372 = CARTESIAN_POINT('',(1.074424670814,3.47039866916));
#8373 = CARTESIAN_POINT('',(1.052433524328,3.47039866916));
#8374 = CARTESIAN_POINT('',(1.008451256427,3.47039866916));
#8375 = CARTESIAN_POINT('',(0.986460109941,3.47039866916));
#8376 = CARTESIAN_POINT('',(0.964468955098,3.47039866916));
#8377 = CARTESIAN_POINT('',(0.942477796077,3.47039866916));
#8378 = CARTESIAN_POINT('',(0.920486637056,3.47039866916));
#8379 = CARTESIAN_POINT('',(0.898495482213,3.47039866916));
#8380 = CARTESIAN_POINT('',(0.876504335727,3.47039866916));
#8381 = CARTESIAN_POINT('',(0.83173667247,3.47039866916));
#8382 = CARTESIAN_POINT('',(0.808960128221,3.47039866916));
#8383 = CARTESIAN_POINT('',(0.786183574012,3.47039866916));
#8384 = CARTESIAN_POINT('',(0.763407014822,3.47039866916));
#8385 = CARTESIAN_POINT('',(0.740630455633,3.47039866916));
#8386 = CARTESIAN_POINT('',(0.717853901423,3.47039866916));
#8387 = CARTESIAN_POINT('',(0.695077357175,3.47039866916));
#8388 = CARTESIAN_POINT('',(0.588274378783,3.47039866916));
#8389 = CARTESIAN_POINT('',(0.504218457484,3.47039866916));
#8390 = CARTESIAN_POINT('',(0.420178017026,3.47039866916));
#8391 = CARTESIAN_POINT('',(0.336150413939,3.47039866916));
#8392 = CARTESIAN_POINT('',(0.252122810835,3.47039866916));
#8393 = CARTESIAN_POINT('',(0.168082370388,3.47039866916));
#8394 = CARTESIAN_POINT('',(8.40264490841E-02,3.47039866916));
#8395 = CARTESIAN_POINT('',(0.,3.47039866916));
#8396 = ( GEOMETRIC_REPRESENTATION_CONTEXT(2) 
PARAMETRIC_REPRESENTATION_CONTEXT() REPRESENTATION_CONTEXT('2D SPACE',''
  ) );
#8397 = PCURVE('',#45,#8398);
#8398 = DEFINITIONAL_REPRESENTATION('',(#8399),#8633);
#8399 = B_SPLINE_CURVE_WITH_KNOTS('',8,(#8400,#8401,#8402,#8403,#8404,
    #8405,#8406,#8407,#8408,#8409,#8410,#8411,#8412,#8413,#8414,#8415,
    #8416,#8417,#8418,#8419,#8420,#8421,#8422,#8423,#8424,#8425,#8426,
    #8427,#8428,#8429,#8430,#8431,#8432,#8433,#8434,#8435,#8436,#8437,
    #8438,#8439,#8440,#8441,#8442,#8443,#8444,#8445,#8446,#8447,#8448,
    #8449,#8450,#8451,#8452,#8453,#8454,#8455,#8456,#8457,#8458,#8459,
    #8460,#8461,#8462,#8463,#8464,#8465,#8466,#8467,#8468,#8469,#8470,
    #8471,#8472,#8473,#8474,#8475,#8476,#8477,#8478,#8479,#8480,#8481,
    #8482,#8483,#8484,#8485,#8486,#8487,#8488,#8489,#8490,#8491,#8492,
    #8493,#8494,#8495,#8496,#8497,#8498,#8499,#8500,#8501,#8502,#8503,
    #8504,#8505,#8506,#8507,#8508,#8509,#8510,#8511,#8512,#8513,#8514,
    #8515,#8516,#8517,#8518,#8519,#8520,#8521,#8522,#8523,#8524,#8525,
    #8526,#8527,#8528,#8529,#8530,#8531,#8532,#8533,#8534,#8535,#8536,
    #8537,#8538,#8539,#8540,#8541,#8542,#8543,#8544,#8545,#8546,#8547,
    #8548,#8549,#8550,#8551,#8552,#8553,#8554,#8555,#8556,#8557,#8558,
    #8559,#8560,#8561,#8562,#8563,#8564,#8565,#8566,#8567,#8568,#8569,
    #8570,#8571,#8572,#8573,#8574,#8575,#8576,#8577,#8578,#8579,#8580,
    #8581,#8582,#8583,#8584,#8585,#8586,#8587,#8588,#8589,#8590,#8591,
    #8592,#8593,#8594,#8595,#8596,#8597,#8598,#8599,#8600,#8601,#8602,
    #8603,#8604,#8605,#8606,#8607,#8608,#8609,#8610,#8611,#8612,#8613,
    #8614,#8615,#8616,#8617,#8618,#8619,#8620,#8621,#8622,#8623,#8624,
    #8625,#8626,#8627,#8628,#8629,#8630,#8631,#8632),.UNSPECIFIED.,.T.,
  .F.,(9,7,7,7,7,7,7,7,7,7,7,7,7,7,7,7,7,7,7,7,7,7,7,7,7,7,7,7,7,7,7,7,7
    ,9),(0.,2.900040737443E-02,5.800081474886E-02,8.700122212329E-02,
    0.114001606544,0.135001913196,0.163002309331,0.192002716706,
    0.22100312408,0.250003531454,0.27500389121,0.302004275631,
    0.331004683005,0.358005067426,0.380005387734,0.406005760012,
    0.435006167387,0.464006574761,0.493006982136,0.52200738951,
    0.551007796884,0.57900819302,0.608008600394,0.63600899653,
    0.665009403905,0.694009811279,0.723010218653,0.752010626028,
    0.781011033402,0.808011417823,0.836011813958,0.864012210094,
    0.893012617468,1.),.UNSPECIFIED.);
#8400 = CARTESIAN_POINT('',(21.32513047566,-3.552713678801E-15));
#8401 = CARTESIAN_POINT('',(21.32513047566,-0.48571245925));
#8402 = CARTESIAN_POINT('',(21.312487181249,-0.971425874547));
#8403 = CARTESIAN_POINT('',(21.287200646173,-1.456754905464));
#8404 = CARTESIAN_POINT('',(21.249284868039,-1.941315485472));
#8405 = CARTESIAN_POINT('',(21.198767788315,-2.424724821941));
#8406 = CARTESIAN_POINT('',(21.135691292328,-2.90660139614));
#8407 = CARTESIAN_POINT('',(21.06011120927,-3.386564963234));
#8408 = CARTESIAN_POINT('',(20.884083415106,-4.341908141346));
#8409 = CARTESIAN_POINT('',(20.783635357519,-4.817289632803));
#8410 = CARTESIAN_POINT('',(20.67082301819,-5.290002075206));
#8411 = CARTESIAN_POINT('',(20.545729758066,-5.759670296614));
#8412 = CARTESIAN_POINT('',(20.408452420282,-6.225922904607));
#8413 = CARTESIAN_POINT('',(20.259101330155,-6.68839228628));
#8414 = CARTESIAN_POINT('',(20.097800295189,-7.146714608246));
#8415 = CARTESIAN_POINT('',(19.751572914958,-8.054345025024));
#8416 = CARTESIAN_POINT('',(19.566645888199,-8.503654906361));
#8417 = CARTESIAN_POINT('',(19.370042914919,-8.948099445089));
#8418 = CARTESIAN_POINT('',(19.161913959362,-9.387324785646));
#8419 = CARTESIAN_POINT('',(18.942421559889,-9.820983232472));
#8420 = CARTESIAN_POINT('',(18.711740828982,-10.24873325));
#8421 = CARTESIAN_POINT('',(18.470059453245,-10.67023946266));
#8422 = CARTESIAN_POINT('',(17.982508423957,-11.47148983846));
#8423 = CARTESIAN_POINT('',(17.73807633544,-11.85211064426));
#8424 = CARTESIAN_POINT('',(17.484443036954,-12.22676954825));
#8425 = CARTESIAN_POINT('',(17.221778628918,-12.59520723653));
#8426 = CARTESIAN_POINT('',(16.950261703065,-12.95717060535));
#8427 = CARTESIAN_POINT('',(16.670079342442,-13.31241276112));
#8428 = CARTESIAN_POINT('',(16.38142712141,-13.6606930204));
#8429 = CARTESIAN_POINT('',(15.853572786952,-14.26706447623));
#8430 = CARTESIAN_POINT('',(15.617635786747,-14.5279991358));
#8431 = CARTESIAN_POINT('',(15.376794019895,-14.78447071844));
#8432 = CARTESIAN_POINT('',(15.131146131361,-15.03637176695));
#8433 = CARTESIAN_POINT('',(14.880793496207,-15.28359753716));
#8434 = CARTESIAN_POINT('',(14.625840219594,-15.52604599788));
#8435 = CARTESIAN_POINT('',(14.366393136782,-15.76361783092));
#8436 = CARTESIAN_POINT('',(13.750786874894,-16.30634775698));
#8437 = CARTESIAN_POINT('',(13.391216866172,-16.60763852395));
#8438 = CARTESIAN_POINT('',(13.024111918435,-16.89985945332));
#8439 = CARTESIAN_POINT('',(12.649739376854,-17.18279106513));
#8440 = CARTESIAN_POINT('',(12.268373800295,-17.45622367817));
#8441 = CARTESIAN_POINT('',(11.880296961325,-17.71995740993));
#8442 = CARTESIAN_POINT('',(11.485797846206,-17.97380217668));
#8443 = CARTESIAN_POINT('',(10.670239462666,-18.47005945324));
#8444 = CARTESIAN_POINT('',(10.248733250002,-18.71174082898));
#8445 = CARTESIAN_POINT('',(9.820983232473,-18.94242155988));
#8446 = CARTESIAN_POINT('',(9.387324785648,-19.16191395936));
#8447 = CARTESIAN_POINT('',(8.948099445091,-19.37004291491));
#8448 = CARTESIAN_POINT('',(8.503654906363,-19.56664588819));
#8449 = CARTESIAN_POINT('',(8.054345025026,-19.75157291495));
#8450 = CARTESIAN_POINT('',(7.146714608248,-20.09780029518));
#8451 = CARTESIAN_POINT('',(6.688392286282,-20.25910133015));
#8452 = CARTESIAN_POINT('',(6.225922904609,-20.40845242028));
#8453 = CARTESIAN_POINT('',(5.759670296616,-20.54572975806));
#8454 = CARTESIAN_POINT('',(5.290002075208,-20.67082301819));
#8455 = CARTESIAN_POINT('',(4.817289632805,-20.78363535751));
#8456 = CARTESIAN_POINT('',(4.341908141348,-20.8840834151));
#8457 = CARTESIAN_POINT('',(3.386564963236,-21.06011120926));
#8458 = CARTESIAN_POINT('',(2.906601396142,-21.13569129232));
#8459 = CARTESIAN_POINT('',(2.424724821943,-21.19876778831));
#8460 = CARTESIAN_POINT('',(1.941315485474,-21.24928486803));
#8461 = CARTESIAN_POINT('',(1.456754905466,-21.28720064617));
#8462 = CARTESIAN_POINT('',(0.971425874549,-21.31248718124));
#8463 = CARTESIAN_POINT('',(0.485712459252,-21.32513047566));
#8464 = CARTESIAN_POINT('',(-0.418717780834,-21.32513047566));
#8465 = CARTESIAN_POINT('',(-0.837436016787,-21.31573445652));
#8466 = CARTESIAN_POINT('',(-1.255908063639,-21.29694244031));
#8467 = CARTESIAN_POINT('',(-1.673887883804,-21.26876215703));
#8468 = CARTESIAN_POINT('',(-2.091130046322,-21.23120904469));
#8469 = CARTESIAN_POINT('',(-2.507389726867,-21.18430624922));
#8470 = CARTESIAN_POINT('',(-2.922422707739,-21.12808462452));
#8471 = CARTESIAN_POINT('',(-3.782632993532,-20.99184069985));
#8472 = CARTESIAN_POINT('',(-4.227566822921,-20.91027397151));
#8473 = CARTESIAN_POINT('',(-4.670479860032,-20.81793120787));
#8474 = CARTESIAN_POINT('',(-5.111067618907,-20.71487128296));
#8475 = CARTESIAN_POINT('',(-5.549028133631,-20.6011632844));
#8476 = CARTESIAN_POINT('',(-5.984061958339,-20.47688651344));
#8477 = CARTESIAN_POINT('',(-6.415872167208,-20.34213048492));
#8478 = CARTESIAN_POINT('',(-7.304181801336,-20.04110861729));
#8479 = CARTESIAN_POINT('',(-7.760142369129,-19.87324755774));
#8480 = CARTESIAN_POINT('',(-8.211681119829,-19.69353547211));
#8481 = CARTESIAN_POINT('',(-8.658438797119,-19.50210888118));
#8482 = CARTESIAN_POINT('',(-9.100061826384,-19.29911710314));
#8483 = CARTESIAN_POINT('',(-9.536202314708,-19.08472225351));
#8484 = CARTESIAN_POINT('',(-9.966518050876,-18.85909924515));
#8485 = CARTESIAN_POINT('',(-10.78557500371,-18.40209390724));
#8486 = CARTESIAN_POINT('',(-11.17513805809,-18.1721811621));
#8487 = CARTESIAN_POINT('',(-11.55909024203,-17.93284903955));
#8488 = CARTESIAN_POINT('',(-11.93716601477,-17.68425774553));
#8489 = CARTESIAN_POINT('',(-12.30910572124,-17.42657620537));
#8490 = CARTESIAN_POINT('',(-12.67465559209,-17.15998206373));
#8491 = CARTESIAN_POINT('',(-13.03356774365,-16.88466168459));
#8492 = CARTESIAN_POINT('',(-13.67244151299,-16.36952364238));
#8493 = CARTESIAN_POINT('',(-13.95471578058,-16.13257267765));
#8494 = CARTESIAN_POINT('',(-14.23229222101,-15.89006270474));
#8495 = CARTESIAN_POINT('',(-14.50504322693,-15.6421025708));
#8496 = CARTESIAN_POINT('',(-14.77284434338,-15.38880452248));
#8497 = CARTESIAN_POINT('',(-15.03557426781,-15.13028420597));
#8498 = CARTESIAN_POINT('',(-15.29311485008,-14.86666066696));
#8499 = CARTESIAN_POINT('',(-15.84344839789,-14.28061496245));
#8500 = CARTESIAN_POINT('',(-16.13413776658,-13.95621629895));
#8501 = CARTESIAN_POINT('',(-16.417229256,-13.62506266917));
#8502 = CARTESIAN_POINT('',(-16.69254000072,-13.28736201553));
#8503 = CARTESIAN_POINT('',(-16.95989421243,-12.94332791387));
#8504 = CARTESIAN_POINT('',(-17.21912317992,-12.59317957344));
#8505 = CARTESIAN_POINT('',(-17.47006526908,-12.2371418369));
#8506 = CARTESIAN_POINT('',(-17.98304734807,-11.47201440348));
#8507 = CARTESIAN_POINT('',(-18.24302783716,-11.06154209018));
#8508 = CARTESIAN_POINT('',(-18.49229284812,-10.64434833253));
#8509 = CARTESIAN_POINT('',(-18.73064013,-10.22075992954));
#8510 = CARTESIAN_POINT('',(-18.95787972301,-9.791110387127));
#8511 = CARTESIAN_POINT('',(-19.17383395843,-9.355739918091));
#8512 = CARTESIAN_POINT('',(-19.3783374587,-8.914995442152));
#8513 = CARTESIAN_POINT('',(-19.76413681599,-8.023465729694));
#8514 = CARTESIAN_POINT('',(-19.9454334324,-7.572678738342));
#8515 = CARTESIAN_POINT('',(-20.11497399876,-7.117223281172));
#8516 = CARTESIAN_POINT('',(-20.27261883023,-6.657457396138));
#8517 = CARTESIAN_POINT('',(-20.41824154492,-6.193743489841));
#8518 = CARTESIAN_POINT('',(-20.55172906395,-5.726448337532));
#8519 = CARTESIAN_POINT('',(-20.67298161137,-5.25594308311));
#8520 = CARTESIAN_POINT('',(-20.89084381704,-4.309263395138));
#8521 = CARTESIAN_POINT('',(-20.98745390413,-3.833087098199));
#8522 = CARTESIAN_POINT('',(-21.07165660726,-3.354449884964));
#8523 = CARTESIAN_POINT('',(-21.14337943257,-2.873729177838));
#8524 = CARTESIAN_POINT('',(-21.20256376058,-2.391304284983));
#8525 = CARTESIAN_POINT('',(-21.24916484618,-1.907556400307));
#8526 = CARTESIAN_POINT('',(-21.28315181861,-1.422868603475));
#8527 = CARTESIAN_POINT('',(-21.32586354437,-0.452383116326));
#8528 = CARTESIAN_POINT('',(-21.33458838176,3.34164842352E-02));
#8529 = CARTESIAN_POINT('',(-21.33066530467,0.519387971643));
#8530 = CARTESIAN_POINT('',(-21.31409141048,1.005147035337));
#8531 = CARTESIAN_POINT('',(-21.28487778298,1.490310024339));
#8532 = CARTESIAN_POINT('',(-21.24304949231,1.974493947251));
#8533 = CARTESIAN_POINT('',(-21.18864559503,2.457316472259));
#8534 = CARTESIAN_POINT('',(-21.05479267314,3.419475381994));
#8535 = CARTESIAN_POINT('',(-20.97534338505,3.898813660577));
#8536 = CARTESIAN_POINT('',(-20.88342441921,4.376029105452));
#8537 = CARTESIAN_POINT('',(-20.77910256037,4.850743242273));
#8538 = CARTESIAN_POINT('',(-20.66245822858,5.322580779768));
#8539 = CARTESIAN_POINT('',(-20.5335854792,5.791169609741));
#8540 = CARTESIAN_POINT('',(-20.39259200295,6.256140807073));
#8541 = CARTESIAN_POINT('',(-20.0918818504,7.1622203652));
#8542 = CARTESIAN_POINT('',(-19.93297792043,7.603600313175));
#8543 = CARTESIAN_POINT('',(-19.76299659955,8.040939386169));
#8544 = CARTESIAN_POINT('',(-19.58205831831,8.473913329074));
#8545 = CARTESIAN_POINT('',(-19.39029467422,8.902202719157));
#8546 = CARTESIAN_POINT('',(-19.18784843173,9.325492966055));
#8547 = CARTESIAN_POINT('',(-18.97487352226,9.743474311778));
#8548 = CARTESIAN_POINT('',(-18.52022021509,10.582936718192));
#8549 = CARTESIAN_POINT('',(-18.27778747571,11.004011226522));
#8550 = CARTESIAN_POINT('',(-18.02442038711,11.418726545175));
#8551 = CARTESIAN_POINT('',(-17.76031416479,11.826751624382));
#8552 = CARTESIAN_POINT('',(-17.48567567861,12.227763175136));
#8553 = CARTESIAN_POINT('',(-17.20072345282,12.621445669185));
#8554 = CARTESIAN_POINT('',(-16.90568766604,13.007491339039));
#8555 = CARTESIAN_POINT('',(-16.30644562478,13.750670817689));
#8556 = CARTESIAN_POINT('',(-16.00290534715,14.108343876911));
#8557 = CARTESIAN_POINT('',(-15.69040700568,14.458349449433));
#8558 = CARTESIAN_POINT('',(-15.36917705214,14.800426069214));
#8559 = CARTESIAN_POINT('',(-15.03945070279,15.134320710372));
#8560 = CARTESIAN_POINT('',(-14.70147193837,15.459788787181));
#8561 = CARTESIAN_POINT('',(-14.35549350416,15.776594154074));
#8562 = CARTESIAN_POINT('',(-13.63542761686,16.403420987778));
#8563 = CARTESIAN_POINT('',(-13.26077619571,16.712797275374));
#8564 = CARTESIAN_POINT('',(-12.87811332529,17.012384999932));
#8565 = CARTESIAN_POINT('',(-12.48773787893,17.301942546555));
#8566 = CARTESIAN_POINT('',(-12.08995692447,17.581239653946));
#8567 = CARTESIAN_POINT('',(-11.68508572424,17.850057414406));
#8568 = CARTESIAN_POINT('',(-11.27344773511,18.108188273838));
#8569 = CARTESIAN_POINT('',(-10.43730148167,18.602683789646));
#8570 = CARTESIAN_POINT('',(-10.01279157156,18.839049419359));
#8571 = CARTESIAN_POINT('',(-9.582176584115,19.064336812904));
#8572 = CARTESIAN_POINT('',(-9.145794226892,19.278362512842));
#8573 = CARTESIAN_POINT('',(-8.703988208965,19.480955712265));
#8574 = CARTESIAN_POINT('',(-8.257108240906,19.6719582548));
#8575 = CARTESIAN_POINT('',(-7.805510034795,19.85122463461));
#8576 = CARTESIAN_POINT('',(-6.89360057363,20.186019358166));
#8577 = CARTESIAN_POINT('',(-6.433287523629,20.341548360903));
#8578 = CARTESIAN_POINT('',(-5.968977904839,20.485076250201));
#8579 = CARTESIAN_POINT('',(-5.501037077691,20.616483800277));
#8580 = CARTESIAN_POINT('',(-5.029834012415,20.73566531396));
#8581 = CARTESIAN_POINT('',(-4.555741289044,20.842528622697));
#8582 = CARTESIAN_POINT('',(-4.079135097413,20.936995086546));
#8583 = CARTESIAN_POINT('',(-3.1216553769,21.101004101817));
#8584 = CARTESIAN_POINT('',(-2.640779963373,21.170546976063));
#8585 = CARTESIAN_POINT('',(-2.158148814359,21.227563211544));
#8586 = CARTESIAN_POINT('',(-1.674142846221,21.27200176165));
#8587 = CARTESIAN_POINT('',(-1.189144073899,21.30382553854));
#8588 = CARTESIAN_POINT('',(-0.703535610913,21.323011413138));
#8589 = CARTESIAN_POINT('',(-0.217701669364,21.32955021514));
#8590 = CARTESIAN_POINT('',(0.753646549508,21.31734325087));
#8591 = CARTESIAN_POINT('',(1.239162738774,21.298597460572));
#8592 = CARTESIAN_POINT('',(1.724135698543,21.267214258055));
#8593 = CARTESIAN_POINT('',(2.208181568505,21.223212466017));
#8594 = CARTESIAN_POINT('',(2.690917937366,21.166624833907));
#8595 = CARTESIAN_POINT('',(3.171963842852,21.097498037926));
#8596 = CARTESIAN_POINT('',(3.650939771702,21.015892681026));
#8597 = CARTESIAN_POINT('',(4.571131639855,20.83435729421));
#8598 = CARTESIAN_POINT('',(5.012675066694,20.736078883956));
#8599 = CARTESIAN_POINT('',(5.451792986345,20.627108259102));
#8600 = CARTESIAN_POINT('',(5.888183348167,20.507515727974));
#8601 = CARTESIAN_POINT('',(6.321547004727,20.377381710262));
#8602 = CARTESIAN_POINT('',(6.7515877118,20.236796737027));
#8603 = CARTESIAN_POINT('',(7.178012128371,20.085861450698));
#8604 = CARTESIAN_POINT('',(8.038696268685,19.757542335783));
#8605 = CARTESIAN_POINT('',(8.472662666625,19.579385430517));
#8606 = CARTESIAN_POINT('',(8.902105045338,19.390339516569));
#8607 = CARTESIAN_POINT('',(9.3267047584,19.190539164915));
#8608 = CARTESIAN_POINT('',(9.746148478073,18.980129890215));
#8609 = CARTESIAN_POINT('',(10.16012819531,18.759268150811));
#8610 = CARTESIAN_POINT('',(10.568341219751,18.528121348731));
#8611 = CARTESIAN_POINT('',(11.372639139702,18.045614310644));
#8612 = CARTESIAN_POINT('',(11.768725410961,17.794253249309));
#8613 = CARTESIAN_POINT('',(12.158451666632,17.532963066072));
#8614 = CARTESIAN_POINT('',(12.541527731833,17.261932025187));
#8615 = CARTESIAN_POINT('',(12.91767058367,16.981358234777));
#8616 = CARTESIAN_POINT('',(13.286604351239,16.691449646834));
#8617 = CARTESIAN_POINT('',(13.648060315622,16.392424057215));
#8618 = CARTESIAN_POINT('',(14.36812620292,15.765597223511));
#8619 = CARTESIAN_POINT('',(14.726174810034,15.437148491382));
#8620 = CARTESIAN_POINT('',(15.075632122971,15.099415958833));
#8621 = CARTESIAN_POINT('',(15.416217649651,14.752662356191));
#8622 = CARTESIAN_POINT('',(15.747661014175,14.397160094535));
#8623 = CARTESIAN_POINT('',(16.069701956821,14.033191265695));
#8624 = CARTESIAN_POINT('',(16.38209033405,13.661047642258));
#8625 = CARTESIAN_POINT('',(17.800543966526,11.879084151567));
#8626 = CARTESIAN_POINT('',(18.782264214473,10.369479818203));
#8627 = CARTESIAN_POINT('',(19.616976439367,8.767922469646));
#8628 = CARTESIAN_POINT('',(20.294947143089,7.091287169792));
#8629 = CARTESIAN_POINT('',(20.808697071863,5.357271248281));
#8630 = CARTESIAN_POINT('',(21.15305624401,3.58437892254));
#8631 = CARTESIAN_POINT('',(21.32513047566,1.791874990125));
#8632 = CARTESIAN_POINT('',(21.32513047566,0.));
#8633 = ( GEOMETRIC_REPRESENTATION_CONTEXT(2) 
PARAMETRIC_REPRESENTATION_CONTEXT() REPRESENTATION_CONTEXT('2D SPACE',''
  ) );
#8634 = ORIENTED_EDGE('',*,*,#6227,.T.);
#8635 = ORIENTED_EDGE('',*,*,#476,.F.);
#8636 = ORIENTED_EDGE('',*,*,#374,.F.);
#8637 = FACE_BOUND('',#8638,.F.);
#8638 = EDGE_LOOP('',(#8639));
#8639 = ORIENTED_EDGE('',*,*,#8640,.F.);
#8640 = EDGE_CURVE('',#8641,#8641,#8643,.T.);
#8641 = VERTEX_POINT('',#8642);
#8642 = CARTESIAN_POINT('',(30.463672702575,-9.543796444796,
    20.719324114039));
#8643 = SURFACE_CURVE('',#8644,(#8745,#8884),.PCURVE_S1.);
#8644 = B_SPLINE_CURVE_WITH_KNOTS('',8,(#8645,#8646,#8647,#8648,#8649,
    #8650,#8651,#8652,#8653,#8654,#8655,#8656,#8657,#8658,#8659,#8660,
    #8661,#8662,#8663,#8664,#8665,#8666,#8667,#8668,#8669,#8670,#8671,
    #8672,#8673,#8674,#8675,#8676,#8677,#8678,#8679,#8680,#8681,#8682,
    #8683,#8684,#8685,#8686,#8687,#8688,#8689,#8690,#8691,#8692,#8693,
    #8694,#8695,#8696,#8697,#8698,#8699,#8700,#8701,#8702,#8703,#8704,
    #8705,#8706,#8707,#8708,#8709,#8710,#8711,#8712,#8713,#8714,#8715,
    #8716,#8717,#8718,#8719,#8720,#8721,#8722,#8723,#8724,#8725,#8726,
    #8727,#8728,#8729,#8730,#8731,#8732,#8733,#8734,#8735,#8736,#8737,
    #8738,#8739,#8740,#8741,#8742,#8743,#8744),.UNSPECIFIED.,.T.,.F.,(9,
    7,7,7,7,7,7,7,7,7,7,7,7,7,9),(0.,0.270034349576,0.405715961813,
    0.537586243535,1.,1.204473532671,1.391127580522,1.568028637253,
    1.708731095082,1.854411991182,1.985251848063,2.184565712681,
    2.655424079522,2.785695005139,3.096120770026),.UNSPECIFIED.);
#8645 = CARTESIAN_POINT('',(30.463672702575,-9.543796444796,
    20.719324114039));
#8646 = CARTESIAN_POINT('',(30.427415558682,-9.536563490609,
    20.487536989937));
#8647 = CARTESIAN_POINT('',(30.39519608393,-9.511584920323,
    20.255642190191));
#8648 = CARTESIAN_POINT('',(30.367272051275,-9.468901689462,
    20.025309121723));
#8649 = CARTESIAN_POINT('',(30.343837301578,-9.408735153505,
    19.798169196531));
#8650 = CARTESIAN_POINT('',(30.325028990881,-9.331463398591,
    19.575819459195));
#8651 = CARTESIAN_POINT('',(30.310931680266,-9.237614518067,
    19.359821183461));
#8652 = CARTESIAN_POINT('',(30.30157826832,-9.127876834874,
    19.151693437901));
#8653 = CARTESIAN_POINT('',(30.294621121466,-8.940443729689,
    18.853016571565));
#8654 = CARTESIAN_POINT('',(30.293486700157,-8.87396670458,
    18.755481623243));
#8655 = CARTESIAN_POINT('',(30.293541964975,-8.803803244416,
    18.660479641565));
#8656 = CARTESIAN_POINT('',(30.29478114612,-8.730070425649,
    18.568187185357));
#8657 = CARTESIAN_POINT('',(30.297195356579,-8.652894229919,
    18.478774323974));
#8658 = CARTESIAN_POINT('',(30.300772707442,-8.572409622762,
    18.392404454866));
#8659 = CARTESIAN_POINT('',(30.305498423201,-8.488760632311,
    18.309234121152));
#8660 = CARTESIAN_POINT('',(30.317046979419,-8.317874530555,
    18.151833737338));
#8661 = CARTESIAN_POINT('',(30.32380727713,-8.230802811262,
    18.077416875916));
#8662 = CARTESIAN_POINT('',(30.331619690482,-8.141026030611,
    18.006299436845));
#8663 = CARTESIAN_POINT('',(30.340465711761,-8.048691294669,
    17.938610621863));
#8664 = CARTESIAN_POINT('',(30.350324568785,-7.953952076221,
    17.874471473213));
#8665 = CARTESIAN_POINT('',(30.361173308457,-7.856968235926,
    17.813994704321));
#8666 = CARTESIAN_POINT('',(30.372986880304,-7.757906043467,
    17.75728453048));
#8667 = CARTESIAN_POINT('',(30.430451819032,-7.30288632461,
    17.519120625518));
#8668 = CARTESIAN_POINT('',(30.486765701224,-6.924851914861,
    17.381005361675));
#8669 = CARTESIAN_POINT('',(30.553472882871,-6.530949897392,
    17.294873117935));
#8670 = CARTESIAN_POINT('',(30.629038001927,-6.12951511251,
    17.263014298803));
#8671 = CARTESIAN_POINT('',(30.711854943058,-5.728925425681,
    17.286342990707));
#8672 = CARTESIAN_POINT('',(30.800209558261,-5.337554181345,
    17.364130382757));
#8673 = CARTESIAN_POINT('',(30.892334659019,-4.963739048665,
    17.494274720891));
#8674 = CARTESIAN_POINT('',(31.027755802448,-4.461583829699,
    17.750827313071));
#8675 = CARTESIAN_POINT('',(31.069654148151,-4.3125177543,
    17.838881395133));
#8676 = CARTESIAN_POINT('',(31.111774242043,-4.16900015311,
    17.935984091676));
#8677 = CARTESIAN_POINT('',(31.153965060937,-4.031635966836,
    18.041738563189));
#8678 = CARTESIAN_POINT('',(31.196079191353,-3.900989418289,
    18.155701350243));
#8679 = CARTESIAN_POINT('',(31.23797205084,-3.77758522726,
    18.277385400791));
#8680 = CARTESIAN_POINT('',(31.27950097665,-3.661907374357,
    18.406260082171));
#8681 = CARTESIAN_POINT('',(31.357972291498,-3.456252918923,
    18.6654287401));
#8682 = CARTESIAN_POINT('',(31.395001784297,-3.364907719788,
    18.794629503156));
#8683 = CARTESIAN_POINT('',(31.431505303097,-3.280694311701,
    18.928914814645));
#8684 = CARTESIAN_POINT('',(31.467379596028,-3.203907790245,
    19.067828862768));
#8685 = CARTESIAN_POINT('',(31.502524500961,-3.13480673727,
    19.210897914599));
#8686 = CARTESIAN_POINT('',(31.536842154011,-3.07361430803,
    19.357631538887));
#8687 = CARTESIAN_POINT('',(31.570236421993,-3.020517519428,
    19.507522813376));
#8688 = CARTESIAN_POINT('',(31.633296987504,-2.933155593318,
    19.804602544998));
#8689 = CARTESIAN_POINT('',(31.663068381859,-2.898049585704,
    19.951530360552));
#8690 = CARTESIAN_POINT('',(31.691846417523,-2.870473014096,
    20.100386110107));
#8691 = CARTESIAN_POINT('',(31.719553442927,-2.850520257617,
    20.250720844346));
#8692 = CARTESIAN_POINT('',(31.746114257344,-2.838253846716,
    20.402081948188));
#8693 = CARTESIAN_POINT('',(31.771455888925,-2.833704532933,
    20.554013571156));
#8694 = CARTESIAN_POINT('',(31.795507372742,-2.836871358655,
    20.706057057748));
#8695 = CARTESIAN_POINT('',(31.836248274225,-2.856351824983,
    20.97840505883));
#8696 = CARTESIAN_POINT('',(31.853437580223,-2.869842795673,
    21.098840975142));
#8697 = CARTESIAN_POINT('',(31.869732896224,-2.888178021903,
    21.218827989554));
#8698 = CARTESIAN_POINT('',(31.885100878871,-2.911328405416,
    21.338137104502));
#8699 = CARTESIAN_POINT('',(31.89950945786,-2.939252365721,
    21.456541553806));
#8700 = CARTESIAN_POINT('',(31.91292790176,-2.971895839085,
    21.573816894436));
#8701 = CARTESIAN_POINT('',(31.92532688382,-3.009192277527,
    21.689741098281));
#8702 = CARTESIAN_POINT('',(31.948431864728,-3.09441450644,
    21.922494331131));
#8703 = CARTESIAN_POINT('',(31.959062663609,-3.142670548576,
    22.039212526255));
#8704 = CARTESIAN_POINT('',(31.968540121947,-3.195742779946,
    22.154005486938));
#8705 = CARTESIAN_POINT('',(31.976835422084,-3.25352999142,
    22.266635441077));
#8706 = CARTESIAN_POINT('',(31.983921977104,-3.31591773079,
    22.376870727111));
#8707 = CARTESIAN_POINT('',(31.989775656731,-3.382778274552,
    22.484485934342));
#8708 = CARTESIAN_POINT('',(31.994375013234,-3.453970599694,
    22.58926204324));
#8709 = CARTESIAN_POINT('',(32.000689119457,-3.597031921929,
    22.782348043652));
#8710 = CARTESIAN_POINT('',(32.002650061537,-3.668094221227,
    22.871249529122));
#8711 = CARTESIAN_POINT('',(32.00357097005,-3.742415391229,
    22.957537296131));
#8712 = CARTESIAN_POINT('',(32.003440457517,-3.819876181713,
    23.041063651276));
#8713 = CARTESIAN_POINT('',(32.002249293752,-3.900349936303,
    23.121687055059));
#8714 = CARTESIAN_POINT('',(31.999990587116,-3.983702574398,
    23.199272243145));
#8715 = CARTESIAN_POINT('',(31.996659965768,-4.069792573095,
    23.273690347622));
#8716 = CARTESIAN_POINT('',(31.985546645135,-4.293558454223,
    23.453172318016));
#8717 = CARTESIAN_POINT('',(31.976345835183,-4.434660449645,
    23.55389882143));
#8718 = CARTESIAN_POINT('',(31.964647390986,-4.581244909428,
    23.646559941635));
#8719 = CARTESIAN_POINT('',(31.950460319066,-4.732750616707,
    23.730766353192));
#8720 = CARTESIAN_POINT('',(31.933808832875,-4.888589753171,
    23.806174500451));
#8721 = CARTESIAN_POINT('',(31.914733287151,-5.04814897995,
    23.872486168241));
#8722 = CARTESIAN_POINT('',(31.893291784284,-5.210789009943,
    23.929451114901));
#8723 = CARTESIAN_POINT('',(31.813504363943,-5.765764856354,
    24.088901511917));
#8724 = CARTESIAN_POINT('',(31.744572300431,-6.169892654698,
    24.147880772499));
#8725 = CARTESIAN_POINT('',(31.663854114595,-6.578537691641,
    24.150591777465));
#8726 = CARTESIAN_POINT('',(31.573010975187,-6.982505019055,
    24.096663313428));
#8727 = CARTESIAN_POINT('',(31.474087651347,-7.373009787661,
    23.987113733197));
#8728 = CARTESIAN_POINT('',(31.369516205972,-7.741771966365,
    23.824634992489));
#8729 = CARTESIAN_POINT('',(31.262004942696,-8.080975920129,
    23.613257727133));
#8730 = CARTESIAN_POINT('',(31.124778586991,-8.467472030655,
    23.289167851195));
#8731 = CARTESIAN_POINT('',(31.095029978803,-8.548472316696,
    23.215654269659));
#8732 = CARTESIAN_POINT('',(31.065328945429,-8.626579024206,
    23.13898058132));
#8733 = CARTESIAN_POINT('',(31.035732981321,-8.701663748835,
    23.05927310347));
#8734 = CARTESIAN_POINT('',(31.006299102992,-8.773605763733,
    22.976664499137));
#8735 = CARTESIAN_POINT('',(30.977083691193,-8.84229193538,
    22.891293657239));
#8736 = CARTESIAN_POINT('',(30.948142333087,-8.907616639413,
    22.803305572731));
#8737 = CARTESIAN_POINT('',(30.851347838654,-9.116901381602,
    22.497305360301));
#8738 = CARTESIAN_POINT('',(30.78501710753,-9.24470909663,
    22.267706793417));
#8739 = CARTESIAN_POINT('',(30.721295781874,-9.351525426628,
    22.026146241996));
#8740 = CARTESIAN_POINT('',(30.660878154601,-9.436308910119,
    21.774832529702));
#8741 = CARTESIAN_POINT('',(30.604391741309,-9.498295218151,
    21.516068159742));
#8742 = CARTESIAN_POINT('',(30.552392284037,-9.536975227527,
    21.252236878703));
#8743 = CARTESIAN_POINT('',(30.505356518181,-9.552111968199,
    20.985803232444));
#8744 = CARTESIAN_POINT('',(30.463672702575,-9.543796444796,
    20.719324114039));
#8745 = PCURVE('',#434,#8746);
#8746 = DEFINITIONAL_REPRESENTATION('',(#8747),#8883);
#8747 = B_SPLINE_CURVE_WITH_KNOTS('',3,(#8748,#8749,#8750,#8751,#8752,
    #8753,#8754,#8755,#8756,#8757,#8758,#8759,#8760,#8761,#8762,#8763,
    #8764,#8765,#8766,#8767,#8768,#8769,#8770,#8771,#8772,#8773,#8774,
    #8775,#8776,#8777,#8778,#8779,#8780,#8781,#8782,#8783,#8784,#8785,
    #8786,#8787,#8788,#8789,#8790,#8791,#8792,#8793,#8794,#8795,#8796,
    #8797,#8798,#8799,#8800,#8801,#8802,#8803,#8804,#8805,#8806,#8807,
    #8808,#8809,#8810,#8811,#8812,#8813,#8814,#8815,#8816,#8817,#8818,
    #8819,#8820,#8821,#8822,#8823,#8824,#8825,#8826,#8827,#8828,#8829,
    #8830,#8831,#8832,#8833,#8834,#8835,#8836,#8837,#8838,#8839,#8840,
    #8841,#8842,#8843,#8844,#8845,#8846,#8847,#8848,#8849,#8850,#8851,
    #8852,#8853,#8854,#8855,#8856,#8857,#8858,#8859,#8860,#8861,#8862,
    #8863,#8864,#8865,#8866,#8867,#8868,#8869,#8870,#8871,#8872,#8873,
    #8874,#8875,#8876,#8877,#8878,#8879,#8880,#8881,#8882),
  .UNSPECIFIED.,.T.,.F.,(4,1,1,1,1,1,1,1,1,1,1,1,1,1,1,1,1,1,1,1,1,1,1,1
    ,1,1,1,1,1,1,1,1,1,1,1,1,1,1,1,1,1,1,1,1,1,1,1,1,1,1,1,1,1,1,1,1,1,1
    ,1,1,1,1,1,1,1,1,1,1,1,1,1,1,1,1,1,1,1,1,1,1,1,1,1,1,1,1,1,1,1,1,1,1
    ,1,1,1,1,1,1,1,1,1,1,1,1,1,1,1,1,1,1,1,1,1,1,1,1,1,1,1,1,1,1,1,1,1,1
    ,1,1,1,1,1,1,4),(0.,2.345546037899E-02,4.691092075797E-02,
    7.036638113696E-02,9.382184151594E-02,0.117277301895,0.140732762274,
    0.164188222653,0.187643683032,0.211099143411,0.23455460379,
    0.258010064169,0.281465524548,0.304920984927,0.328376445306,
    0.351831905685,0.375287366064,0.398742826443,0.422198286822,
    0.445653747201,0.46910920758,0.492564667959,0.516020128338,
    0.539475588717,0.562931049096,0.586386509475,0.609841969854,
    0.633297430233,0.656752890612,0.680208350991,0.70366381137,
    0.727119271749,0.750574732128,0.774030192507,0.797485652886,
    0.820941113265,0.844396573643,0.867852034022,0.891307494401,
    0.91476295478,0.938218415159,0.961673875538,0.985129335917,
    1.008584796296,1.032040256675,1.055495717054,1.078951177433,
    1.102406637812,1.125862098191,1.14931755857,1.172773018949,
    1.196228479328,1.219683939707,1.243139400086,1.266594860465,
    1.290050320844,1.313505781223,1.336961241602,1.360416701981,
    1.38387216236,1.407327622739,1.430783083118,1.454238543497,
    1.477694003876,1.501149464255,1.524604924634,1.548060385013,
    1.571515845392,1.594971305771,1.61842676615,1.641882226529,
    1.665337686908,1.688793147287,1.712248607666,1.735704068045,
    1.759159528424,1.782614988803,1.806070449182,1.829525909561,
    1.85298136994,1.876436830319,1.899892290698,1.923347751077,
    1.946803211456,1.970258671835,1.993714132214,2.017169592593,
    2.040625052972,2.064080513351,2.08753597373,2.110991434109,
    2.134446894488,2.157902354867,2.181357815246,2.204813275625,
    2.228268736004,2.251724196383,2.275179656762,2.298635117141,
    2.32209057752,2.345546037899,2.369001498278,2.392456958657,
    2.415912419036,2.439367879415,2.462823339794,2.486278800172,
    2.509734260551,2.53318972093,2.556645181309,2.580100641688,
    2.603556102067,2.627011562446,2.650467022825,2.673922483204,
    2.697377943583,2.720833403962,2.744288864341,2.76774432472,
    2.791199785099,2.814655245478,2.838110705857,2.861566166236,
    2.885021626615,2.908477086994,2.931932547373,2.955388007752,
    2.978843468131,3.00229892851,3.025754388889,3.049209849268,
    3.072665309647,3.096120770026),.QUASI_UNIFORM_KNOTS.);
#8748 = CARTESIAN_POINT('',(5.979585894667,4.449341778874));
#8749 = CARTESIAN_POINT('',(5.97955728415,4.44735601544));
#8750 = CARTESIAN_POINT('',(5.979580216139,4.443380755482));
#8751 = CARTESIAN_POINT('',(5.979855063388,4.437419926755));
#8752 = CARTESIAN_POINT('',(5.980370552321,4.431474434646));
#8753 = CARTESIAN_POINT('',(5.981126167587,4.425557502333));
#8754 = CARTESIAN_POINT('',(5.98212094009,4.419682324344));
#8755 = CARTESIAN_POINT('',(5.983353382709,4.413862063014));
#8756 = CARTESIAN_POINT('',(5.984821505051,4.408109849043));
#8757 = CARTESIAN_POINT('',(5.986522800271,4.402438778625));
#8758 = CARTESIAN_POINT('',(5.988454234691,4.396861905541));
#8759 = CARTESIAN_POINT('',(5.990612224431,4.391392241723));
#8760 = CARTESIAN_POINT('',(5.992992631762,4.386042713302));
#8761 = CARTESIAN_POINT('',(5.995590666399,4.380826270088));
#8762 = CARTESIAN_POINT('',(5.998401295144,4.375755072701));
#8763 = CARTESIAN_POINT('',(6.001418776964,4.370841462134));
#8764 = CARTESIAN_POINT('',(6.004636868218,4.366097458196));
#8765 = CARTESIAN_POINT('',(6.008048799254,4.361534788001));
#8766 = CARTESIAN_POINT('',(6.011647268038,4.357164859493));
#8767 = CARTESIAN_POINT('',(6.015424442366,4.35299873809));
#8768 = CARTESIAN_POINT('',(6.019372032792,4.349047020908));
#8769 = CARTESIAN_POINT('',(6.023481206339,4.345319924357));
#8770 = CARTESIAN_POINT('',(6.027742650445,4.34182716333));
#8771 = CARTESIAN_POINT('',(6.032146763849,4.338577826461));
#8772 = CARTESIAN_POINT('',(6.03668284469,4.335580843563));
#8773 = CARTESIAN_POINT('',(6.041342197624,4.332843079518));
#8774 = CARTESIAN_POINT('',(6.046114087336,4.330372155607));
#8775 = CARTESIAN_POINT('',(6.050986172036,4.328175528662));
#8776 = CARTESIAN_POINT('',(6.055946337051,4.326259470973));
#8777 = CARTESIAN_POINT('',(6.060982229591,4.324629402897));
#8778 = CARTESIAN_POINT('',(6.066081408605,4.323289849877));
#8779 = CARTESIAN_POINT('',(6.071231329117,4.322244489171));
#8780 = CARTESIAN_POINT('',(6.076419370362,4.321496163458));
#8781 = CARTESIAN_POINT('',(6.081632851744,4.32104689578));
#8782 = CARTESIAN_POINT('',(6.086859051739,4.320897897759));
#8783 = CARTESIAN_POINT('',(6.092085225793,4.321049574113));
#8784 = CARTESIAN_POINT('',(6.09729862433,4.321501523135));
#8785 = CARTESIAN_POINT('',(6.102486510797,4.322252533467));
#8786 = CARTESIAN_POINT('',(6.107636179311,4.323300576555));
#8787 = CARTESIAN_POINT('',(6.1127349741,4.324642795729));
#8788 = CARTESIAN_POINT('',(6.117770302816,4.326275485807));
#8789 = CARTESIAN_POINT('',(6.122729673592,4.328194082205));
#8790 = CARTESIAN_POINT('',(6.127600644736,4.330393083621));
#8791 = CARTESIAN_POINT('',(6.132371102116,4.332866185272));
#8792 = CARTESIAN_POINT('',(6.137028315651,4.335605581448));
#8793 = CARTESIAN_POINT('',(6.141563678466,4.338605015134));
#8794 = CARTESIAN_POINT('',(6.145966609827,4.341856532802));
#8795 = CARTESIAN_POINT('',(6.150226861102,4.345351449922));
#8796 = CARTESIAN_POINT('',(6.154334706159,4.349080591035));
#8797 = CARTESIAN_POINT('',(6.158280882612,4.353034264335));
#8798 = CARTESIAN_POINT('',(6.162056602652,4.357202300504));
#8799 = CARTESIAN_POINT('',(6.165653548867,4.361574066651));
#8800 = CARTESIAN_POINT('',(6.169063875127,4.366138481571));
#8801 = CARTESIAN_POINT('',(6.172280217236,4.370884016018));
#8802 = CARTESIAN_POINT('',(6.17529594815,4.3757991401));
#8803 = CARTESIAN_POINT('',(6.178104743769,4.380871708076));
#8804 = CARTESIAN_POINT('',(6.180700901237,4.386089435256));
#8805 = CARTESIAN_POINT('',(6.183079251183,4.3914398245));
#8806 = CARTESIAN_POINT('',(6.18523516262,4.396910204345));
#8807 = CARTESIAN_POINT('',(6.187164529146,4.402487733774));
#8808 = CARTESIAN_POINT('',(6.188863763279,4.408159403893));
#8809 = CARTESIAN_POINT('',(6.1903298034,4.413912060679));
#8810 = CARTESIAN_POINT('',(6.191560177801,4.419732734542));
#8811 = CARTESIAN_POINT('',(6.192552868412,4.425608141728));
#8812 = CARTESIAN_POINT('',(6.193306398622,4.431525098929));
#8813 = CARTESIAN_POINT('',(6.193819803133,4.437470436807));
#8814 = CARTESIAN_POINT('',(6.194092625265,4.443431020438));
#8815 = CARTESIAN_POINT('',(6.194124907328,4.449393760568));
#8816 = CARTESIAN_POINT('',(6.19391718418,4.455345549866));
#8817 = CARTESIAN_POINT('',(6.19347047388,4.461273516221));
#8818 = CARTESIAN_POINT('',(6.192786282984,4.467164856339));
#8819 = CARTESIAN_POINT('',(6.191866586647,4.473006869461));
#8820 = CARTESIAN_POINT('',(6.190713825369,4.478787042771));
#8821 = CARTESIAN_POINT('',(6.18933089831,4.484493033831));
#8822 = CARTESIAN_POINT('',(6.187721172729,4.490112631525));
#8823 = CARTESIAN_POINT('',(6.185888433553,4.49563391341));
#8824 = CARTESIAN_POINT('',(6.183836928843,4.501045120446));
#8825 = CARTESIAN_POINT('',(6.181571335081,4.506334729369));
#8826 = CARTESIAN_POINT('',(6.179096742848,4.511491503824));
#8827 = CARTESIAN_POINT('',(6.176418659065,4.516504481853));
#8828 = CARTESIAN_POINT('',(6.173543019068,4.521362958653));
#8829 = CARTESIAN_POINT('',(6.170476145532,4.526056553686));
#8830 = CARTESIAN_POINT('',(6.167224743039,4.530575243516));
#8831 = CARTESIAN_POINT('',(6.163795927664,4.534909298825));
#8832 = CARTESIAN_POINT('',(6.160197166675,4.539049392075));
#8833 = CARTESIAN_POINT('',(6.156436286846,4.542986581646));
#8834 = CARTESIAN_POINT('',(6.152521523999,4.546712276731));
#8835 = CARTESIAN_POINT('',(6.148461270085,4.550218471215));
#8836 = CARTESIAN_POINT('',(6.144264485177,4.553497378513));
#8837 = CARTESIAN_POINT('',(6.139940377959,4.556541758306));
#8838 = CARTESIAN_POINT('',(6.135498418175,4.559344884174));
#8839 = CARTESIAN_POINT('',(6.13094832209,4.561900548709));
#8840 = CARTESIAN_POINT('',(6.126300092399,4.564203051183));
#8841 = CARTESIAN_POINT('',(6.121563883226,4.566247255304));
#8842 = CARTESIAN_POINT('',(6.116750526192,4.56802842138));
#8843 = CARTESIAN_POINT('',(6.111869603126,4.569542907772));
#8844 = CARTESIAN_POINT('',(6.106930224652,4.570787473899));
#8845 = CARTESIAN_POINT('',(6.101945060251,4.571758546208));
#8846 = CARTESIAN_POINT('',(6.096925707159,4.57245373635));
#8847 = CARTESIAN_POINT('',(6.091883888649,4.572871358145));
#8848 = CARTESIAN_POINT('',(6.086831137661,4.573010481393));
#8849 = CARTESIAN_POINT('',(6.081778885017,4.57287085656));
#8850 = CARTESIAN_POINT('',(6.076738438153,4.572452886688));
#8851 = CARTESIAN_POINT('',(6.071720988216,4.571757597462));
#8852 = CARTESIAN_POINT('',(6.066737608659,4.57078661713));
#8853 = CARTESIAN_POINT('',(6.061799255223,4.569542162014));
#8854 = CARTESIAN_POINT('',(6.0569167646,4.568027027917));
#8855 = CARTESIAN_POINT('',(6.052100852393,4.566244586861));
#8856 = CARTESIAN_POINT('',(6.047362110125,4.564198789192));
#8857 = CARTESIAN_POINT('',(6.042711000812,4.56189417092));
#8858 = CARTESIAN_POINT('',(6.038157854295,4.559335867836));
#8859 = CARTESIAN_POINT('',(6.033712856718,4.556529632931));
#8860 = CARTESIAN_POINT('',(6.029386053802,4.553481873526));
#8861 = CARTESIAN_POINT('',(6.025187293212,4.550199651585));
#8862 = CARTESIAN_POINT('',(6.021126383027,4.546690864006));
#8863 = CARTESIAN_POINT('',(6.017212430742,4.542963800977));
#8864 = CARTESIAN_POINT('',(6.013452121598,4.539024985803));
#8865 = CARTESIAN_POINT('',(6.009854090801,4.534883358181));
#8866 = CARTESIAN_POINT('',(6.006426059482,4.530547776194));
#8867 = CARTESIAN_POINT('',(6.003175508961,4.526027572439));
#8868 = CARTESIAN_POINT('',(6.000109608663,4.521332576896));
#8869 = CARTESIAN_POINT('',(5.997234797115,4.516472371026));
#8870 = CARTESIAN_POINT('',(5.994557550556,4.511457500121));
#8871 = CARTESIAN_POINT('',(5.992083901162,4.506298836076));
#8872 = CARTESIAN_POINT('',(5.989819394079,4.501007440759));
#8873 = CARTESIAN_POINT('',(5.987769122698,4.495594596469));
#8874 = CARTESIAN_POINT('',(5.985937736848,4.490071794091));
#8875 = CARTESIAN_POINT('',(5.984329451938,4.48445073509));
#8876 = CARTESIAN_POINT('',(5.982948052005,4.478743332049));
#8877 = CARTESIAN_POINT('',(5.981796886632,4.472961712725));
#8878 = CARTESIAN_POINT('',(5.980878868659,4.467118222803));
#8879 = CARTESIAN_POINT('',(5.980196444771,4.461225441504));
#8880 = CARTESIAN_POINT('',(5.979751643439,4.455296157936));
#8881 = CARTESIAN_POINT('',(5.979614421111,4.451327720739));
#8882 = CARTESIAN_POINT('',(5.979585894667,4.449341778874));
#8883 = ( GEOMETRIC_REPRESENTATION_CONTEXT(2) 
PARAMETRIC_REPRESENTATION_CONTEXT() REPRESENTATION_CONTEXT('2D SPACE',''
  ) );
#8884 = PCURVE('',#8885,#8890);
#8885 = CONICAL_SURFACE('',#8886,4.185714285714,0.428778027446);
#8886 = AXIS2_PLACEMENT_3D('',#8887,#8888,#8889);
#8887 = CARTESIAN_POINT('',(32.758533636952,-6.516077477612,
    20.454855558293));
#8888 = DIRECTION('',(0.968571272595,-0.192660804808,-0.157326107796));
#8889 = DIRECTION('',(-0.195090322016,-0.980785280403,
    -2.192794180972E-16));
#8890 = DEFINITIONAL_REPRESENTATION('',(#8891),#9027);
#8891 = B_SPLINE_CURVE_WITH_KNOTS('',3,(#8892,#8893,#8894,#8895,#8896,
    #8897,#8898,#8899,#8900,#8901,#8902,#8903,#8904,#8905,#8906,#8907,
    #8908,#8909,#8910,#8911,#8912,#8913,#8914,#8915,#8916,#8917,#8918,
    #8919,#8920,#8921,#8922,#8923,#8924,#8925,#8926,#8927,#8928,#8929,
    #8930,#8931,#8932,#8933,#8934,#8935,#8936,#8937,#8938,#8939,#8940,
    #8941,#8942,#8943,#8944,#8945,#8946,#8947,#8948,#8949,#8950,#8951,
    #8952,#8953,#8954,#8955,#8956,#8957,#8958,#8959,#8960,#8961,#8962,
    #8963,#8964,#8965,#8966,#8967,#8968,#8969,#8970,#8971,#8972,#8973,
    #8974,#8975,#8976,#8977,#8978,#8979,#8980,#8981,#8982,#8983,#8984,
    #8985,#8986,#8987,#8988,#8989,#8990,#8991,#8992,#8993,#8994,#8995,
    #8996,#8997,#8998,#8999,#9000,#9001,#9002,#9003,#9004,#9005,#9006,
    #9007,#9008,#9009,#9010,#9011,#9012,#9013,#9014,#9015,#9016,#9017,
    #9018,#9019,#9020,#9021,#9022,#9023,#9024,#9025,#9026),
  .UNSPECIFIED.,.F.,.F.,(4,1,1,1,1,1,1,1,1,1,1,1,1,1,1,1,1,1,1,1,1,1,1,1
    ,1,1,1,1,1,1,1,1,1,1,1,1,1,1,1,1,1,1,1,1,1,1,1,1,1,1,1,1,1,1,1,1,1,1
    ,1,1,1,1,1,1,1,1,1,1,1,1,1,1,1,1,1,1,1,1,1,1,1,1,1,1,1,1,1,1,1,1,1,1
    ,1,1,1,1,1,1,1,1,1,1,1,1,1,1,1,1,1,1,1,1,1,1,1,1,1,1,1,1,1,1,1,1,1,1
    ,1,1,1,1,1,1,4),(0.,2.345546037899E-02,4.691092075797E-02,
    7.036638113696E-02,9.382184151594E-02,0.117277301895,0.140732762274,
    0.164188222653,0.187643683032,0.211099143411,0.23455460379,
    0.258010064169,0.281465524548,0.304920984927,0.328376445306,
    0.351831905685,0.375287366064,0.398742826443,0.422198286822,
    0.445653747201,0.46910920758,0.492564667959,0.516020128338,
    0.539475588717,0.562931049096,0.586386509475,0.609841969854,
    0.633297430233,0.656752890612,0.680208350991,0.70366381137,
    0.727119271749,0.750574732128,0.774030192507,0.797485652886,
    0.820941113265,0.844396573643,0.867852034022,0.891307494401,
    0.91476295478,0.938218415159,0.961673875538,0.985129335917,
    1.008584796296,1.032040256675,1.055495717054,1.078951177433,
    1.102406637812,1.125862098191,1.14931755857,1.172773018949,
    1.196228479328,1.219683939707,1.243139400086,1.266594860465,
    1.290050320844,1.313505781223,1.336961241602,1.360416701981,
    1.38387216236,1.407327622739,1.430783083118,1.454238543497,
    1.477694003876,1.501149464255,1.524604924634,1.548060385013,
    1.571515845392,1.594971305771,1.61842676615,1.641882226529,
    1.665337686908,1.688793147287,1.712248607666,1.735704068045,
    1.759159528424,1.782614988803,1.806070449182,1.829525909561,
    1.85298136994,1.876436830319,1.899892290698,1.923347751077,
    1.946803211456,1.970258671835,1.993714132214,2.017169592593,
    2.040625052972,2.064080513351,2.08753597373,2.110991434109,
    2.134446894488,2.157902354867,2.181357815246,2.204813275625,
    2.228268736004,2.251724196383,2.275179656762,2.298635117141,
    2.32209057752,2.345546037899,2.369001498278,2.392456958657,
    2.415912419036,2.439367879415,2.462823339794,2.486278800172,
    2.509734260551,2.53318972093,2.556645181309,2.580100641688,
    2.603556102067,2.627011562446,2.650467022825,2.673922483204,
    2.697377943583,2.720833403962,2.744288864341,2.76774432472,
    2.791199785099,2.814655245478,2.838110705857,2.861566166236,
    2.885021626615,2.908477086994,2.931932547373,2.955388007752,
    2.978843468131,3.00229892851,3.025754388889,3.049209849268,
    3.072665309647,3.096120770026),.QUASI_UNIFORM_KNOTS.);
#8892 = CARTESIAN_POINT('',(-6.28318530718,-1.681021411198));
#8893 = CARTESIAN_POINT('',(-6.267275521396,-1.681031990054));
#8894 = CARTESIAN_POINT('',(-6.235454969371,-1.680980867903));
#8895 = CARTESIAN_POINT('',(-6.187723833385,-1.680691606693));
#8896 = CARTESIAN_POINT('',(-6.139995341238,-1.680193283829));
#8897 = CARTESIAN_POINT('',(-6.092271330418,-1.6794920241));
#8898 = CARTESIAN_POINT('',(-6.044553163107,-1.678595552476));
#8899 = CARTESIAN_POINT('',(-5.996841782327,-1.677513352293));
#8900 = CARTESIAN_POINT('',(-5.949137904505,-1.676256500496));
#8901 = CARTESIAN_POINT('',(-5.901442175918,-1.674837575191));
#8902 = CARTESIAN_POINT('',(-5.853755317214,-1.673270526867));
#8903 = CARTESIAN_POINT('',(-5.806078386132,-1.671570552673));
#8904 = CARTESIAN_POINT('',(-5.758412667176,-1.669753942133));
#8905 = CARTESIAN_POINT('',(-5.710761073383,-1.667838015561));
#8906 = CARTESIAN_POINT('',(-5.663120940518,-1.665840625231));
#8907 = CARTESIAN_POINT('',(-5.615493032883,-1.663780339504));
#8908 = CARTESIAN_POINT('',(-5.567877398925,-1.661676187499));
#8909 = CARTESIAN_POINT('',(-5.520273947964,-1.659547419798));
#8910 = CARTESIAN_POINT('',(-5.472682592144,-1.657413348635));
#8911 = CARTESIAN_POINT('',(-5.425103369809,-1.655293294985));
#8912 = CARTESIAN_POINT('',(-5.377535564168,-1.653206236318));
#8913 = CARTESIAN_POINT('',(-5.32997905291,-1.651170803996));
#8914 = CARTESIAN_POINT('',(-5.282433567983,-1.649205083275));
#8915 = CARTESIAN_POINT('',(-5.234897022186,-1.647326349298));
#8916 = CARTESIAN_POINT('',(-5.187374069952,-1.645551270403));
#8917 = CARTESIAN_POINT('',(-5.139844467192,-1.64389470344));
#8918 = CARTESIAN_POINT('',(-5.092306197106,-1.642371153387));
#8919 = CARTESIAN_POINT('',(-5.044768911793,-1.640994291352));
#8920 = CARTESIAN_POINT('',(-4.997236001449,-1.639776192469));
#8921 = CARTESIAN_POINT('',(-4.949710017507,-1.638727456732));
#8922 = CARTESIAN_POINT('',(-4.902191734693,-1.637857115569));
#8923 = CARTESIAN_POINT('',(-4.854680837422,-1.637172609481));
#8924 = CARTESIAN_POINT('',(-4.807176110695,-1.636679755745));
#8925 = CARTESIAN_POINT('',(-4.759675720056,-1.63638272617));
#8926 = CARTESIAN_POINT('',(-4.712177437724,-1.636284029459));
#8927 = CARTESIAN_POINT('',(-4.664678864507,-1.636384500282));
#8928 = CARTESIAN_POINT('',(-4.617177644483,-1.636683295096));
#8929 = CARTESIAN_POINT('',(-4.569671680827,-1.637177894957));
#8930 = CARTESIAN_POINT('',(-4.52215936525,-1.637864114691));
#8931 = CARTESIAN_POINT('',(-4.474639806808,-1.638736118592));
#8932 = CARTESIAN_POINT('',(-4.427113153374,-1.639786439008));
#8933 = CARTESIAN_POINT('',(-4.379580704176,-1.641006009545));
#8934 = CARTESIAN_POINT('',(-4.332045995319,-1.642384171534));
#8935 = CARTESIAN_POINT('',(-4.28451251528,-1.643908818827));
#8936 = CARTESIAN_POINT('',(-4.236994339378,-1.645566088435));
#8937 = CARTESIAN_POINT('',(-4.189467370677,-1.647342262864));
#8938 = CARTESIAN_POINT('',(-4.141930527144,-1.649221844528));
#8939 = CARTESIAN_POINT('',(-4.094383923433,-1.65118829703));
#8940 = CARTESIAN_POINT('',(-4.04682681237,-1.653224272851));
#8941 = CARTESIAN_POINT('',(-3.99925845421,-1.655311719258));
#8942 = CARTESIAN_POINT('',(-3.951678178109,-1.657432026916));
#8943 = CARTESIAN_POINT('',(-3.904085649757,-1.659566172499));
#8944 = CARTESIAN_POINT('',(-3.856481085391,-1.661694866636));
#8945 = CARTESIAN_POINT('',(-3.808865498732,-1.663798711335));
#8946 = CARTESIAN_POINT('',(-3.761236778541,-1.665858542778));
#8947 = CARTESIAN_POINT('',(-3.713596220709,-1.667855312547));
#8948 = CARTESIAN_POINT('',(-3.665944026902,-1.669770459903));
#8949 = CARTESIAN_POINT('',(-3.618280481622,-1.671586025371));
#8950 = CARTESIAN_POINT('',(-3.570605894227,-1.673284820037));
#8951 = CARTESIAN_POINT('',(-3.522920843291,-1.674850581938));
#8952 = CARTESIAN_POINT('',(-3.47522639607,-1.676268109902));
#8953 = CARTESIAN_POINT('',(-3.427524130514,-1.677523477752));
#8954 = CARTESIAN_POINT('',(-3.379813650753,-1.678604121393));
#8955 = CARTESIAN_POINT('',(-3.332096935071,-1.679498880647));
#8956 = CARTESIAN_POINT('',(-3.284375103303,-1.680198379034));
#8957 = CARTESIAN_POINT('',(-3.236649307271,-1.680694909476));
#8958 = CARTESIAN_POINT('',(-3.188920736944,-1.68098250762));
#8959 = CARTESIAN_POINT('',(-3.141190698197,-1.681057028421));
#8960 = CARTESIAN_POINT('',(-3.093461276633,-1.680916348913));
#8961 = CARTESIAN_POINT('',(-3.045733440259,-1.680560376934));
#8962 = CARTESIAN_POINT('',(-2.998008523907,-1.679990803882));
#8963 = CARTESIAN_POINT('',(-2.950288082562,-1.679211450305));
#8964 = CARTESIAN_POINT('',(-2.902573334705,-1.678228050479));
#8965 = CARTESIAN_POINT('',(-2.854865430649,-1.677048210785));
#8966 = CARTESIAN_POINT('',(-2.807165919167,-1.675681420325));
#8967 = CARTESIAN_POINT('',(-2.759475527356,-1.674139008745));
#8968 = CARTESIAN_POINT('',(-2.711795397281,-1.672433871028));
#8969 = CARTESIAN_POINT('',(-2.664126567678,-1.67058060233));
#8970 = CARTESIAN_POINT('',(-2.616469680803,-1.668595216649));
#8971 = CARTESIAN_POINT('',(-2.568825235918,-1.666494995655));
#8972 = CARTESIAN_POINT('',(-2.521193924868,-1.664298383039));
#8973 = CARTESIAN_POINT('',(-2.473576119476,-1.662024913337));
#8974 = CARTESIAN_POINT('',(-2.425971793226,-1.659694794464));
#8975 = CARTESIAN_POINT('',(-2.378381269375,-1.657328972965));
#8976 = CARTESIAN_POINT('',(-2.330804362225,-1.654948800547));
#8977 = CARTESIAN_POINT('',(-2.283240714227,-1.652575822764));
#8978 = CARTESIAN_POINT('',(-2.235690525688,-1.650231683387));
#8979 = CARTESIAN_POINT('',(-2.188151710117,-1.647937759948));
#8980 = CARTESIAN_POINT('',(-2.140624966777,-1.645715174156));
#8981 = CARTESIAN_POINT('',(-2.093110014894,-1.643584432402));
#8982 = CARTESIAN_POINT('',(-2.045606078812,-1.641565237284));
#8983 = CARTESIAN_POINT('',(-1.998111975789,-1.639676309385));
#8984 = CARTESIAN_POINT('',(-1.950626734838,-1.637935223779));
#8985 = CARTESIAN_POINT('',(-1.903148476962,-1.636358204095));
#8986 = CARTESIAN_POINT('',(-1.855679771448,-1.634960101954));
#8987 = CARTESIAN_POINT('',(-1.808208942306,-1.633753731979));
#8988 = CARTESIAN_POINT('',(-1.76071877936,-1.632750238488));
#8989 = CARTESIAN_POINT('',(-1.713224782258,-1.631959650238));
#8990 = CARTESIAN_POINT('',(-1.66573041204,-1.631389572018));
#8991 = CARTESIAN_POINT('',(-1.618239351996,-1.631045467206));
#8992 = CARTESIAN_POINT('',(-1.570752842788,-1.630930563904));
#8993 = CARTESIAN_POINT('',(-1.523270915331,-1.631045887387));
#8994 = CARTESIAN_POINT('',(-1.475792500576,-1.631390277534));
#8995 = CARTESIAN_POINT('',(-1.428315780809,-1.631960426163));
#8996 = CARTESIAN_POINT('',(-1.380838432831,-1.632750924363));
#8997 = CARTESIAN_POINT('',(-1.333357869806,-1.633754323178));
#8998 = CARTESIAN_POINT('',(-1.285871464153,-1.634961207759));
#8999 = CARTESIAN_POINT('',(-1.238376765307,-1.636360285699));
#9000 = CARTESIAN_POINT('',(-1.190871718388,-1.637938489317));
#9001 = CARTESIAN_POINT('',(-1.143354886933,-1.639681091402));
#9002 = CARTESIAN_POINT('',(-1.095825703456,-1.641571832433));
#9003 = CARTESIAN_POINT('',(-1.048284697204,-1.64359306125));
#9004 = CARTESIAN_POINT('',(-1.000733934056,-1.64572587719));
#9005 = CARTESIAN_POINT('',(-0.953176847295,-1.647950317655));
#9006 = CARTESIAN_POINT('',(-0.905620591294,-1.65024543438));
#9007 = CARTESIAN_POINT('',(-0.858069308717,-1.652589863294));
#9008 = CARTESIAN_POINT('',(-0.810500873844,-1.65496317897));
#9009 = CARTESIAN_POINT('',(-0.762920157011,-1.657343518393));
#9010 = CARTESIAN_POINT('',(-0.715325585046,-1.659709385036));
#9011 = CARTESIAN_POINT('',(-0.667717071505,-1.662039410727));
#9012 = CARTESIAN_POINT('',(-0.620095861965,-1.664312621492));
#9013 = CARTESIAN_POINT('',(-0.572457549884,-1.666508989814));
#9014 = CARTESIAN_POINT('',(-0.524804384342,-1.668608903465));
#9015 = CARTESIAN_POINT('',(-0.477138626133,-1.670593821613));
#9016 = CARTESIAN_POINT('',(-0.429461599001,-1.672446414764));
#9017 = CARTESIAN_POINT('',(-0.381774236581,-1.674150687304));
#9018 = CARTESIAN_POINT('',(-0.334077187387,-1.675692107665));
#9019 = CARTESIAN_POINT('',(-0.28637100653,-1.677057728434));
#9020 = CARTESIAN_POINT('',(-0.23865630188,-1.678236290979));
#9021 = CARTESIAN_POINT('',(-0.190933885312,-1.67921831877));
#9022 = CARTESIAN_POINT('',(-0.143204912145,-1.679996169555));
#9023 = CARTESIAN_POINT('',(-9.547108036165E-02,-1.680564160097));
#9024 = CARTESIAN_POINT('',(-4.773467389841E-02,-1.680918354014));
#9025 = CARTESIAN_POINT('',(-1.591108596551E-02,-1.681011164117));
#9026 = CARTESIAN_POINT('',(-5.329070518201E-15,-1.681021411198));
#9027 = ( GEOMETRIC_REPRESENTATION_CONTEXT(2) 
PARAMETRIC_REPRESENTATION_CONTEXT() REPRESENTATION_CONTEXT('2D SPACE',''
  ) );
#9028 = FACE_BOUND('',#9029,.F.);
#9029 = EDGE_LOOP('',(#9030));
#9030 = ORIENTED_EDGE('',*,*,#9031,.F.);
#9031 = EDGE_CURVE('',#9032,#9032,#9034,.T.);
#9032 = VERTEX_POINT('',#9033);
#9033 = CARTESIAN_POINT('',(18.21918660838,-16.28940839664,
    3.944405376501));
#9034 = SURFACE_CURVE('',#9035,(#9137,#9298),.PCURVE_S1.);
#9035 = B_SPLINE_CURVE_WITH_KNOTS('',7,(#9036,#9037,#9038,#9039,#9040,
    #9041,#9042,#9043,#9044,#9045,#9046,#9047,#9048,#9049,#9050,#9051,
    #9052,#9053,#9054,#9055,#9056,#9057,#9058,#9059,#9060,#9061,#9062,
    #9063,#9064,#9065,#9066,#9067,#9068,#9069,#9070,#9071,#9072,#9073,
    #9074,#9075,#9076,#9077,#9078,#9079,#9080,#9081,#9082,#9083,#9084,
    #9085,#9086,#9087,#9088,#9089,#9090,#9091,#9092,#9093,#9094,#9095,
    #9096,#9097,#9098,#9099,#9100,#9101,#9102,#9103,#9104,#9105,#9106,
    #9107,#9108,#9109,#9110,#9111,#9112,#9113,#9114,#9115,#9116,#9117,
    #9118,#9119,#9120,#9121,#9122,#9123,#9124,#9125,#9126,#9127,#9128,
    #9129,#9130,#9131,#9132,#9133,#9134,#9135,#9136),.UNSPECIFIED.,.T.,
  .F.,(8,6,3,6,6,6,6,6,6,6,6,6,6,6,6,6,6,8),(0.,0.760664160048,1.,
    1.431697288132,2.437693069341,3.056042275799,3.304683740303,
    3.693114109818,4.018042332749,4.52690713024,4.827360575893,
    5.171708107454,5.639915955579,6.711531850713,7.495060027121,
    7.745312438357,8.070960397611,8.63924415841),.UNSPECIFIED.);
#9036 = CARTESIAN_POINT('',(18.21918660838,-16.28940839664,
    3.944405376501));
#9037 = CARTESIAN_POINT('',(18.061290385942,-16.18461122441,
    3.754708702673));
#9038 = CARTESIAN_POINT('',(17.916178890508,-16.05767836417,
    3.566429148845));
#9039 = CARTESIAN_POINT('',(17.785664892142,-15.90964378628,
    3.381953537016));
#9040 = CARTESIAN_POINT('',(17.671206296063,-15.74200787518,
    3.203465743686));
#9041 = CARTESIAN_POINT('',(17.574024894311,-15.55665227044,
    3.032917194134));
#9042 = CARTESIAN_POINT('',(17.495118032299,-15.35583307107,
    2.871995880535));
#9043 = CARTESIAN_POINT('',(17.416298961783,-15.07505125032,
    2.674928653604));
#9044 = CARTESIAN_POINT('',(17.399308388942,-15.00657730866,
    2.628847912823));
#9045 = CARTESIAN_POINT('',(17.3842119076,-14.93690951255,2.583891952254
    ));
#9046 = CARTESIAN_POINT('',(17.347245513795,-14.73845744616,
    2.461103906924));
#9047 = CARTESIAN_POINT('',(17.32542459728,-14.53189144239,
    2.347705505495));
#9048 = CARTESIAN_POINT('',(17.319015685312,-14.31904034564,
    2.244343661186));
#9049 = CARTESIAN_POINT('',(17.328122506495,-14.10176656426,
    2.151450711643));
#9050 = CARTESIAN_POINT('',(17.340406086933,-13.96065018582,
    2.096106428976));
#9051 = CARTESIAN_POINT('',(17.359091032562,-13.81868905605,
    2.045237898851));
#9052 = CARTESIAN_POINT('',(17.442474968257,-13.34471728511,
    1.890873022922));
#9053 = CARTESIAN_POINT('',(17.535339468023,-13.01100118121,
    1.807352052352));
#9054 = CARTESIAN_POINT('',(17.662112822202,-12.68151108958,
    1.748924325325));
#9055 = CARTESIAN_POINT('',(17.821353524355,-12.36220122194,
    1.715536850147));
#9056 = CARTESIAN_POINT('',(18.010765153898,-12.05854758876,
    1.707075522642));
#9057 = CARTESIAN_POINT('',(18.226949453443,-11.77546114795,
    1.723686409834));
#9058 = CARTESIAN_POINT('',(18.611930833171,-11.35857069054,
    1.790827356214));
#9059 = CARTESIAN_POINT('',(18.766927286364,-11.20923344779,
    1.825827712944));
#9060 = CARTESIAN_POINT('',(18.929362782649,-11.0702299194,
    1.870261504075));
#9061 = CARTESIAN_POINT('',(19.098124607475,-10.94241237388,
    1.924111396715));
#9062 = CARTESIAN_POINT('',(19.272011628533,-10.82653656496,
    1.987330868939));
#9063 = CARTESIAN_POINT('',(19.449751500865,-10.72327089038,
    2.059809558949));
#9064 = CARTESIAN_POINT('',(19.702499908269,-10.59697184419,
    2.174101094404));
#9065 = CARTESIAN_POINT('',(19.775393052372,-10.56288311206,
    2.208339448425));
#9066 = CARTESIAN_POINT('',(19.848607978294,-10.53096405012,
    2.244024346938));
#9067 = CARTESIAN_POINT('',(19.922056967147,-10.50124968409,
    2.281138471951));
#9068 = CARTESIAN_POINT('',(19.995651204275,-10.47377240981,2.319661273)
  );
#9069 = CARTESIAN_POINT('',(20.069300942495,-10.44856184293,
    2.359568544785));
#9070 = CARTESIAN_POINT('',(20.257917376939,-10.38984321227,
    2.465294225777));
#9071 = CARTESIAN_POINT('',(20.372836465018,-10.35963804606,
    2.533067796977));
#9072 = CARTESIAN_POINT('',(20.487324232451,-10.33513175769,
    2.604043247835));
#9073 = CARTESIAN_POINT('',(20.601032692215,-10.31640767984,
    2.67808902016));
#9074 = CARTESIAN_POINT('',(20.713616094938,-10.30352773699,
    2.755049346142));
#9075 = CARTESIAN_POINT('',(20.824732456459,-10.29653029235,
    2.834742126336));
#9076 = CARTESIAN_POINT('',(21.025486849587,-10.2945059052,
    2.985730704841));
#9077 = CARTESIAN_POINT('',(21.115669073352,-10.29770891752,
    3.056271324123));
#9078 = CARTESIAN_POINT('',(21.204394451173,-10.30504424942,
    3.128455532124));
#9079 = CARTESIAN_POINT('',(21.291473319507,-10.31650625169,
    3.202150116178));
#9080 = CARTESIAN_POINT('',(21.376723811874,-10.33207602163,
    3.277212022422));
#9081 = CARTESIAN_POINT('',(21.459972013958,-10.35172101651,
    3.353488593873));
#9082 = CARTESIAN_POINT('',(21.66803035012,-10.41246958556,
    3.551921832061));
#9083 = CARTESIAN_POINT('',(21.789702031058,-10.45942832989,
    3.675618013772));
#9084 = CARTESIAN_POINT('',(21.905420773478,-10.51609163217,
    3.801277133281));
#9085 = CARTESIAN_POINT('',(22.014626758305,-10.58219980874,
    3.928246039582));
#9086 = CARTESIAN_POINT('',(22.116833794623,-10.65742607869,
    4.055855222536));
#9087 = CARTESIAN_POINT('',(22.211622875351,-10.7413796532,
    4.183425421543));
#9088 = CARTESIAN_POINT('',(22.350021819572,-10.88804822391,
    4.385169145002));
#9089 = CARTESIAN_POINT('',(22.398695312992,-10.94538208164,
    4.459816973986));
#9090 = CARTESIAN_POINT('',(22.444591756086,-11.00550749359,
    4.534078727604));
#9091 = CARTESIAN_POINT('',(22.487649502705,-11.06832601178,
    4.607818621226));
#9092 = CARTESIAN_POINT('',(22.527815584662,-11.13373368605,
    4.680903370101));
#9093 = CARTESIAN_POINT('',(22.565045082275,-11.20162133451,
    4.753202443136));
#9094 = CARTESIAN_POINT('',(22.638560376798,-11.35239182123,
    4.906403152536));
#9095 = CARTESIAN_POINT('',(22.673914098142,-11.43601724513,
    4.987019308438));
#9096 = CARTESIAN_POINT('',(22.705305518806,-11.52257937149,
    5.066245022337));
#9097 = CARTESIAN_POINT('',(22.732692089327,-11.61189989311,5.1438956138
    ));
#9098 = CARTESIAN_POINT('',(22.756043987156,-11.70379417689,
    5.219793675334));
#9099 = CARTESIAN_POINT('',(22.775343252907,-11.79807153083,
    5.293769263724));
#9100 = CARTESIAN_POINT('',(22.81130424493,-12.02569707324,
    5.463409738528));
#9101 = CARTESIAN_POINT('',(22.824520576914,-12.16090393634,
    5.557307089288));
#9102 = CARTESIAN_POINT('',(22.830215207442,-12.29966108607,
    5.646943771295));
#9103 = CARTESIAN_POINT('',(22.828409603632,-12.4414606649,
    5.731942395837));
#9104 = CARTESIAN_POINT('',(22.819161937763,-12.58578235381,
    5.811957038877));
#9105 = CARTESIAN_POINT('',(22.80256561022,-12.73209379393,
    5.886673722087));
#9106 = CARTESIAN_POINT('',(22.724234432534,-13.21803196828,
    6.114049361121));
#9107 = CARTESIAN_POINT('',(22.631860654409,-13.56398291345,
    6.243152159585));
#9108 = CARTESIAN_POINT('',(22.503133729152,-13.91091596507,
    6.339561249227));
#9109 = CARTESIAN_POINT('',(22.340623301818,-14.25219610813,
    6.401006393594));
#9110 = CARTESIAN_POINT('',(22.147571970788,-14.58136847425,
    6.426219578019));
#9111 = CARTESIAN_POINT('',(21.927917251048,-14.89212928003,
    6.414909246194));
#9112 = CARTESIAN_POINT('',(21.510145998002,-15.38793759267,
    6.33402191595));
#9113 = CARTESIAN_POINT('',(21.322013782093,-15.58444168581,
    6.280907185235));
#9114 = CARTESIAN_POINT('',(21.124045206427,-15.76576311141,
    6.209227577228));
#9115 = CARTESIAN_POINT('',(20.918194489068,-15.9298920246,
    6.119704377931));
#9116 = CARTESIAN_POINT('',(20.706494004265,-16.07503687862,
    6.01333874647));
#9117 = CARTESIAN_POINT('',(20.491049775427,-16.19962977594,
    5.891405184398));
#9118 = CARTESIAN_POINT('',(20.204755492952,-16.33520942995,
    5.712083971547));
#9119 = CARTESIAN_POINT('',(20.135290103882,-16.36580409656,
    5.667246896002));
#9120 = CARTESIAN_POINT('',(20.065734027568,-16.39413157489,
    5.621032528194));
#9121 = CARTESIAN_POINT('',(19.996157402483,-16.42015363371,
    5.573493984277));
#9122 = CARTESIAN_POINT('',(19.926630485395,-16.44383522389,
    5.524686891625));
#9123 = CARTESIAN_POINT('',(19.857223651359,-16.46514447845,
    5.47466938883));
#9124 = CARTESIAN_POINT('',(19.697937799844,-16.50865758168,
    5.35691929146));
#9125 = CARTESIAN_POINT('',(19.608190399726,-16.52919692766,
    5.288389130214));
#9126 = CARTESIAN_POINT('',(19.518920926526,-16.54560777655,
    5.218045508692));
#9127 = CARTESIAN_POINT('',(19.430284383073,-16.55783687309,
    5.146028604974));
#9128 = CARTESIAN_POINT('',(19.342435113022,-16.56584130166,
    5.07248478862));
#9129 = CARTESIAN_POINT('',(19.255526872013,-16.56958910728,
    4.99756650079));
#9130 = CARTESIAN_POINT('',(19.019960118173,-16.56813643326,
    4.788571101937));
#9131 = CARTESIAN_POINT('',(18.873526109144,-16.55418818441,
    4.651994667598));
#9132 = CARTESIAN_POINT('',(18.731242634504,-16.52710336903,
    4.512557944051));
#9133 = CARTESIAN_POINT('',(18.593908563195,-16.48688973719,
    4.371151688903));
#9134 = CARTESIAN_POINT('',(18.462296362923,-16.43367104418,
    4.228695235599));
#9135 = CARTESIAN_POINT('',(18.337151765991,-16.36770295461,
    4.086128830558));
#9136 = CARTESIAN_POINT('',(18.21918660838,-16.28940839664,
    3.944405376501));
#9137 = PCURVE('',#434,#9138);
#9138 = DEFINITIONAL_REPRESENTATION('',(#9139),#9297);
#9139 = B_SPLINE_CURVE_WITH_KNOTS('',3,(#9140,#9141,#9142,#9143,#9144,
    #9145,#9146,#9147,#9148,#9149,#9150,#9151,#9152,#9153,#9154,#9155,
    #9156,#9157,#9158,#9159,#9160,#9161,#9162,#9163,#9164,#9165,#9166,
    #9167,#9168,#9169,#9170,#9171,#9172,#9173,#9174,#9175,#9176,#9177,
    #9178,#9179,#9180,#9181,#9182,#9183,#9184,#9185,#9186,#9187,#9188,
    #9189,#9190,#9191,#9192,#9193,#9194,#9195,#9196,#9197,#9198,#9199,
    #9200,#9201,#9202,#9203,#9204,#9205,#9206,#9207,#9208,#9209,#9210,
    #9211,#9212,#9213,#9214,#9215,#9216,#9217,#9218,#9219,#9220,#9221,
    #9222,#9223,#9224,#9225,#9226,#9227,#9228,#9229,#9230,#9231,#9232,
    #9233,#9234,#9235,#9236,#9237,#9238,#9239,#9240,#9241,#9242,#9243,
    #9244,#9245,#9246,#9247,#9248,#9249,#9250,#9251,#9252,#9253,#9254,
    #9255,#9256,#9257,#9258,#9259,#9260,#9261,#9262,#9263,#9264,#9265,
    #9266,#9267,#9268,#9269,#9270,#9271,#9272,#9273,#9274,#9275,#9276,
    #9277,#9278,#9279,#9280,#9281,#9282,#9283,#9284,#9285,#9286,#9287,
    #9288,#9289,#9290,#9291,#9292,#9293,#9294,#9295,#9296),
  .UNSPECIFIED.,.T.,.F.,(4,1,1,1,1,1,1,1,1,1,1,1,1,1,1,1,1,1,1,1,1,1,1,1
    ,1,1,1,1,1,1,1,1,1,1,1,1,1,1,1,1,1,1,1,1,1,1,1,1,1,1,1,1,1,1,1,1,1,1
    ,1,1,1,1,1,1,1,1,1,1,1,1,1,1,1,1,1,1,1,1,1,1,1,1,1,1,1,1,1,1,1,1,1,1
    ,1,1,1,1,1,1,1,1,1,1,1,1,1,1,1,1,1,1,1,1,1,1,1,1,1,1,1,1,1,1,1,1,1,1
    ,1,1,1,1,1,1,1,1,1,1,1,1,1,1,1,1,1,1,1,1,1,1,1,1,1,1,1,1,4),(0.,
    5.609898804162E-02,0.112197976083,0.168296964125,0.224395952166,
    0.280494940208,0.33659392825,0.392692916291,0.448791904333,
    0.504890892375,0.560989880416,0.617088868458,0.673187856499,
    0.729286844541,0.785385832583,0.841484820624,0.897583808666,
    0.953682796708,1.009781784749,1.065880772791,1.121979760832,
    1.178078748874,1.234177736916,1.290276724957,1.346375712999,
    1.402474701041,1.458573689082,1.514672677124,1.570771665165,
    1.626870653207,1.682969641249,1.73906862929,1.795167617332,
    1.851266605374,1.907365593415,1.963464581457,2.019563569498,
    2.07566255754,2.131761545582,2.187860533623,2.243959521665,
    2.300058509707,2.356157497748,2.41225648579,2.468355473831,
    2.524454461873,2.580553449915,2.636652437956,2.692751425998,
    2.74885041404,2.804949402081,2.861048390123,2.917147378164,
    2.973246366206,3.029345354248,3.085444342289,3.141543330331,
    3.197642318373,3.253741306414,3.309840294456,3.365939282497,
    3.422038270539,3.478137258581,3.534236246622,3.590335234664,
    3.646434222705,3.702533210747,3.758632198789,3.81473118683,
    3.870830174872,3.926929162914,3.983028150955,4.039127138997,
    4.095226127038,4.15132511508,4.207424103122,4.263523091163,
    4.319622079205,4.375721067247,4.431820055288,4.48791904333,
    4.544018031371,4.600117019413,4.656216007455,4.712314995496,
    4.768413983538,4.82451297158,4.880611959621,4.936710947663,
    4.992809935704,5.048908923746,5.105007911788,5.161106899829,
    5.217205887871,5.273304875913,5.329403863954,5.385502851996,
    5.441601840037,5.497700828079,5.553799816121,5.609898804162,
    5.665997792204,5.722096780246,5.778195768287,5.834294756329,
    5.89039374437,5.946492732412,6.002591720454,6.058690708495,
    6.114789696537,6.170888684579,6.22698767262,6.283086660662,
    6.339185648703,6.395284636745,6.451383624787,6.507482612828,
    6.56358160087,6.619680588912,6.675779576953,6.731878564995,
    6.787977553036,6.844076541078,6.90017552912,6.956274517161,
    7.012373505203,7.068472493244,7.124571481286,7.180670469328,
    7.236769457369,7.292868445411,7.348967433453,7.405066421494,
    7.461165409536,7.517264397577,7.573363385619,7.629462373661,
    7.685561361702,7.741660349744,7.797759337786,7.853858325827,
    7.909957313869,7.96605630191,8.022155289952,8.078254277994,
    8.134353266035,8.190452254077,8.246551242119,8.30265023016,
    8.358749218202,8.414848206243,8.470947194285,8.527046182327,
    8.583145170368,8.63924415841),.QUASI_UNIFORM_KNOTS.);
#9140 = CARTESIAN_POINT('',(5.553650628096,3.678824932542));
#9141 = CARTESIAN_POINT('',(5.553459656259,3.676546840165));
#9142 = CARTESIAN_POINT('',(5.553154304142,3.671971992684));
#9143 = CARTESIAN_POINT('',(5.552929497944,3.665065802642));
#9144 = CARTESIAN_POINT('',(5.552941532435,3.658127691223));
#9145 = CARTESIAN_POINT('',(5.553193426385,3.651169907593));
#9146 = CARTESIAN_POINT('',(5.553687802038,3.644204883116));
#9147 = CARTESIAN_POINT('',(5.554426820042,3.637245263907));
#9148 = CARTESIAN_POINT('',(5.555412178918,3.630303912393));
#9149 = CARTESIAN_POINT('',(5.556645089612,3.623393913444));
#9150 = CARTESIAN_POINT('',(5.558126249448,3.616528574286));
#9151 = CARTESIAN_POINT('',(5.559855807363,3.609721423991));
#9152 = CARTESIAN_POINT('',(5.561833328454,3.602986198292));
#9153 = CARTESIAN_POINT('',(5.564057733883,3.59633685882));
#9154 = CARTESIAN_POINT('',(5.566527304315,3.589787462537));
#9155 = CARTESIAN_POINT('',(5.569239418832,3.58335256696));
#9156 = CARTESIAN_POINT('',(5.57219160947,3.577044821937));
#9157 = CARTESIAN_POINT('',(5.575380433031,3.57087782709));
#9158 = CARTESIAN_POINT('',(5.578801851545,3.564865011703));
#9159 = CARTESIAN_POINT('',(5.582451216454,3.559019615878));
#9160 = CARTESIAN_POINT('',(5.586323265268,3.553354645387));
#9161 = CARTESIAN_POINT('',(5.590412145131,3.547882826123));
#9162 = CARTESIAN_POINT('',(5.594711422689,3.542616573507));
#9163 = CARTESIAN_POINT('',(5.599214085118,3.537567964199));
#9164 = CARTESIAN_POINT('',(5.603912541236,3.532748705511));
#9165 = CARTESIAN_POINT('',(5.60879861297,3.528170110506));
#9166 = CARTESIAN_POINT('',(5.613863565177,3.523843050179));
#9167 = CARTESIAN_POINT('',(5.619098009459,3.519777988771));
#9168 = CARTESIAN_POINT('',(5.624492712084,3.515984402306));
#9169 = CARTESIAN_POINT('',(5.630037034474,3.512471922895));
#9170 = CARTESIAN_POINT('',(5.635719936781,3.509249448853));
#9171 = CARTESIAN_POINT('',(5.641529875002,3.506325232515));
#9172 = CARTESIAN_POINT('',(5.647454859755,3.503706818848));
#9173 = CARTESIAN_POINT('',(5.653482476526,3.501401023655));
#9174 = CARTESIAN_POINT('',(5.659599920981,3.499413901402));
#9175 = CARTESIAN_POINT('',(5.665794034839,3.497750716651));
#9176 = CARTESIAN_POINT('',(5.67205134596,3.496415915967));
#9177 = CARTESIAN_POINT('',(5.678358111318,3.495413101652));
#9178 = CARTESIAN_POINT('',(5.684700362825,3.494745007497));
#9179 = CARTESIAN_POINT('',(5.691063955412,3.494413476886));
#9180 = CARTESIAN_POINT('',(5.697434617294,3.494419443723));
#9181 = CARTESIAN_POINT('',(5.703798000428,3.494762915787));
#9182 = CARTESIAN_POINT('',(5.710139736134,3.495442962972));
#9183 = CARTESIAN_POINT('',(5.716445474555,3.496457701996));
#9184 = CARTESIAN_POINT('',(5.722700984807,3.49780430931));
#9185 = CARTESIAN_POINT('',(5.728892026099,3.499478943742));
#9186 = CARTESIAN_POINT('',(5.735005950996,3.501477277694));
#9187 = CARTESIAN_POINT('',(5.741029471075,3.503793974581));
#9188 = CARTESIAN_POINT('',(5.746949829419,3.506422937498));
#9189 = CARTESIAN_POINT('',(5.75275466857,3.509357327906));
#9190 = CARTESIAN_POINT('',(5.758432102393,3.512589612656));
#9191 = CARTESIAN_POINT('',(5.763970728815,3.516111603181));
#9192 = CARTESIAN_POINT('',(5.769359653799,3.519914495937));
#9193 = CARTESIAN_POINT('',(5.774588507789,3.523988911154));
#9194 = CARTESIAN_POINT('',(5.779647459333,3.528324929756));
#9195 = CARTESIAN_POINT('',(5.784527226148,3.532912129172));
#9196 = CARTESIAN_POINT('',(5.789219078581,3.537739612533));
#9197 = CARTESIAN_POINT('',(5.793714871812,3.542796065391));
#9198 = CARTESIAN_POINT('',(5.798007017491,3.548069753447));
#9199 = CARTESIAN_POINT('',(5.802088521018,3.553548590913));
#9200 = CARTESIAN_POINT('',(5.805952954628,3.559220123484));
#9201 = CARTESIAN_POINT('',(5.809594540179,3.565071695967));
#9202 = CARTESIAN_POINT('',(5.813008018563,3.571090258558));
#9203 = CARTESIAN_POINT('',(5.816188731802,3.577262521943));
#9204 = CARTESIAN_POINT('',(5.819132657109,3.58357505455));
#9205 = CARTESIAN_POINT('',(5.821836382307,3.590014277655));
#9206 = CARTESIAN_POINT('',(5.824297102224,3.596566505597));
#9207 = CARTESIAN_POINT('',(5.826512580481,3.603217888931));
#9208 = CARTESIAN_POINT('',(5.828481226993,3.609954697943));
#9209 = CARTESIAN_POINT('',(5.83020201747,3.616763126166));
#9210 = CARTESIAN_POINT('',(5.831674510903,3.623629451833));
#9211 = CARTESIAN_POINT('',(5.832898847158,3.630540117695));
#9212 = CARTESIAN_POINT('',(5.833875714307,3.637481741494));
#9213 = CARTESIAN_POINT('',(5.834606316276,3.644441019818));
#9214 = CARTESIAN_POINT('',(5.835092392549,3.651405269826));
#9215 = CARTESIAN_POINT('',(5.835336116357,3.658361641437));
#9216 = CARTESIAN_POINT('',(5.835340139573,3.665297756668));
#9217 = CARTESIAN_POINT('',(5.835107534264,3.672201657775));
#9218 = CARTESIAN_POINT('',(5.834641754505,3.679061800188));
#9219 = CARTESIAN_POINT('',(5.833946601036,3.685867035564));
#9220 = CARTESIAN_POINT('',(5.833026197044,3.692606583413));
#9221 = CARTESIAN_POINT('',(5.831884957928,3.699270053725));
#9222 = CARTESIAN_POINT('',(5.830527613971,3.705847273726));
#9223 = CARTESIAN_POINT('',(5.828959040755,3.712328955156));
#9224 = CARTESIAN_POINT('',(5.827184330947,3.718706065971));
#9225 = CARTESIAN_POINT('',(5.825208761601,3.724969950122));
#9226 = CARTESIAN_POINT('',(5.823037753735,3.731112388368));
#9227 = CARTESIAN_POINT('',(5.820676867321,3.737125536667));
#9228 = CARTESIAN_POINT('',(5.818131766654,3.743001949334));
#9229 = CARTESIAN_POINT('',(5.815408204474,3.748734578096));
#9230 = CARTESIAN_POINT('',(5.812512021726,3.754316706834));
#9231 = CARTESIAN_POINT('',(5.809449115749,3.759741988715));
#9232 = CARTESIAN_POINT('',(5.806225441393,3.765004407387));
#9233 = CARTESIAN_POINT('',(5.802847011685,3.770098251135));
#9234 = CARTESIAN_POINT('',(5.799319872019,3.775018117148));
#9235 = CARTESIAN_POINT('',(5.795650083103,3.779758931254));
#9236 = CARTESIAN_POINT('',(5.791843783675,3.784315834707));
#9237 = CARTESIAN_POINT('',(5.787907110873,3.788684270839));
#9238 = CARTESIAN_POINT('',(5.783846225939,3.792859943331));
#9239 = CARTESIAN_POINT('',(5.779667310303,3.796838810058));
#9240 = CARTESIAN_POINT('',(5.775376582408,3.80061706051));
#9241 = CARTESIAN_POINT('',(5.77098026254,3.804191128222));
#9242 = CARTESIAN_POINT('',(5.766484726003,3.807557584311));
#9243 = CARTESIAN_POINT('',(5.761895450085,3.810713844842));
#9244 = CARTESIAN_POINT('',(5.757219088592,3.813656659337));
#9245 = CARTESIAN_POINT('',(5.752462131875,3.816383196673));
#9246 = CARTESIAN_POINT('',(5.747631070732,3.818890878316));
#9247 = CARTESIAN_POINT('',(5.742732358148,3.821177395377));
#9248 = CARTESIAN_POINT('',(5.737772426001,3.823240680196));
#9249 = CARTESIAN_POINT('',(5.732757687769,3.825078893804));
#9250 = CARTESIAN_POINT('',(5.727694545686,3.826690412774));
#9251 = CARTESIAN_POINT('',(5.722589397347,3.828073819822));
#9252 = CARTESIAN_POINT('',(5.717448643076,3.829227896953));
#9253 = CARTESIAN_POINT('',(5.712278693698,3.830151621467));
#9254 = CARTESIAN_POINT('',(5.707085978732,3.830844164715));
#9255 = CARTESIAN_POINT('',(5.701876955224,3.831304893709));
#9256 = CARTESIAN_POINT('',(5.69665811626,3.831533375383));
#9257 = CARTESIAN_POINT('',(5.691436002787,3.831529384373));
#9258 = CARTESIAN_POINT('',(5.686217205167,3.831292911287));
#9259 = CARTESIAN_POINT('',(5.681008405089,3.830824183052));
#9260 = CARTESIAN_POINT('',(5.675816268991,3.830123652452));
#9261 = CARTESIAN_POINT('',(5.670647897675,3.829192117265));
#9262 = CARTESIAN_POINT('',(5.665508689795,3.82803026936));
#9263 = CARTESIAN_POINT('',(5.660405219387,3.826639138471));
#9264 = CARTESIAN_POINT('',(5.65534404351,3.825019996126));
#9265 = CARTESIAN_POINT('',(5.650331639477,3.82317430927));
#9266 = CARTESIAN_POINT('',(5.645374436844,3.821103746151));
#9267 = CARTESIAN_POINT('',(5.640478822681,3.818810171424));
#9268 = CARTESIAN_POINT('',(5.635651152716,3.816295647398));
#9269 = CARTESIAN_POINT('',(5.630897759748,3.813562437011));
#9270 = CARTESIAN_POINT('',(5.626224961495,3.810613009586));
#9271 = CARTESIAN_POINT('',(5.621639068057,3.80745004991));
#9272 = CARTESIAN_POINT('',(5.617146386359,3.804076467882));
#9273 = CARTESIAN_POINT('',(5.61275323207,3.800495419672));
#9274 = CARTESIAN_POINT('',(5.608465909842,3.796710299931));
#9275 = CARTESIAN_POINT('',(5.604290808044,3.792724856516));
#9276 = CARTESIAN_POINT('',(5.600233936895,3.788542740055));
#9277 = CARTESIAN_POINT('',(5.596301483803,3.78416800053));
#9278 = CARTESIAN_POINT('',(5.592499612343,3.779604947224));
#9279 = CARTESIAN_POINT('',(5.588834461782,3.774858148907));
#9280 = CARTESIAN_POINT('',(5.585312141174,3.769932431904));
#9281 = CARTESIAN_POINT('',(5.581938729393,3.76483291287));
#9282 = CARTESIAN_POINT('',(5.578720279444,3.759565009542));
#9283 = CARTESIAN_POINT('',(5.575662794467,3.754134434544));
#9284 = CARTESIAN_POINT('',(5.572772220126,3.748547199071));
#9285 = CARTESIAN_POINT('',(5.570054485753,3.742809735843));
#9286 = CARTESIAN_POINT('',(5.56751532345,3.736928526483));
#9287 = CARTESIAN_POINT('',(5.565160533785,3.730910702799));
#9288 = CARTESIAN_POINT('',(5.562995831987,3.724763842986));
#9289 = CARTESIAN_POINT('',(5.5610267781,3.718495830286));
#9290 = CARTESIAN_POINT('',(5.559258789763,3.71211491764));
#9291 = CARTESIAN_POINT('',(5.557697125883,3.705629740771));
#9292 = CARTESIAN_POINT('',(5.556346874735,3.699049341709));
#9293 = CARTESIAN_POINT('',(5.555212922835,3.692383212462));
#9294 = CARTESIAN_POINT('',(5.55429996425,3.685641257931));
#9295 = CARTESIAN_POINT('',(5.553841543966,3.681103133771));
#9296 = CARTESIAN_POINT('',(5.553650628096,3.678824932542));
#9297 = ( GEOMETRIC_REPRESENTATION_CONTEXT(2) 
PARAMETRIC_REPRESENTATION_CONTEXT() REPRESENTATION_CONTEXT('2D SPACE',''
  ) );
#9298 = PCURVE('',#9299,#9304);
#9299 = CONICAL_SURFACE('',#9300,4.185714285714,0.428778027446);
#9300 = AXIS2_PLACEMENT_3D('',#9301,#9302,#9303);
#9301 = CARTESIAN_POINT('',(21.098269053754,-14.09741267879,
    2.758209902411));
#9302 = DIRECTION('',(0.585410311898,-0.391158664828,-0.710133554801));
#9303 = DIRECTION('',(-0.55557023302,-0.831469612303,-1.56334277887E-16)
  );
#9304 = DEFINITIONAL_REPRESENTATION('',(#9305),#9463);
#9305 = B_SPLINE_CURVE_WITH_KNOTS('',3,(#9306,#9307,#9308,#9309,#9310,
    #9311,#9312,#9313,#9314,#9315,#9316,#9317,#9318,#9319,#9320,#9321,
    #9322,#9323,#9324,#9325,#9326,#9327,#9328,#9329,#9330,#9331,#9332,
    #9333,#9334,#9335,#9336,#9337,#9338,#9339,#9340,#9341,#9342,#9343,
    #9344,#9345,#9346,#9347,#9348,#9349,#9350,#9351,#9352,#9353,#9354,
    #9355,#9356,#9357,#9358,#9359,#9360,#9361,#9362,#9363,#9364,#9365,
    #9366,#9367,#9368,#9369,#9370,#9371,#9372,#9373,#9374,#9375,#9376,
    #9377,#9378,#9379,#9380,#9381,#9382,#9383,#9384,#9385,#9386,#9387,
    #9388,#9389,#9390,#9391,#9392,#9393,#9394,#9395,#9396,#9397,#9398,
    #9399,#9400,#9401,#9402,#9403,#9404,#9405,#9406,#9407,#9408,#9409,
    #9410,#9411,#9412,#9413,#9414,#9415,#9416,#9417,#9418,#9419,#9420,
    #9421,#9422,#9423,#9424,#9425,#9426,#9427,#9428,#9429,#9430,#9431,
    #9432,#9433,#9434,#9435,#9436,#9437,#9438,#9439,#9440,#9441,#9442,
    #9443,#9444,#9445,#9446,#9447,#9448,#9449,#9450,#9451,#9452,#9453,
    #9454,#9455,#9456,#9457,#9458,#9459,#9460,#9461,#9462),
  .UNSPECIFIED.,.F.,.F.,(4,1,1,1,1,1,1,1,1,1,1,1,1,1,1,1,1,1,1,1,1,1,1,1
    ,1,1,1,1,1,1,1,1,1,1,1,1,1,1,1,1,1,1,1,1,1,1,1,1,1,1,1,1,1,1,1,1,1,1
    ,1,1,1,1,1,1,1,1,1,1,1,1,1,1,1,1,1,1,1,1,1,1,1,1,1,1,1,1,1,1,1,1,1,1
    ,1,1,1,1,1,1,1,1,1,1,1,1,1,1,1,1,1,1,1,1,1,1,1,1,1,1,1,1,1,1,1,1,1,1
    ,1,1,1,1,1,1,1,1,1,1,1,1,1,1,1,1,1,1,1,1,1,1,1,1,1,1,1,1,4),(0.,
    5.609898804162E-02,0.112197976083,0.168296964125,0.224395952166,
    0.280494940208,0.33659392825,0.392692916291,0.448791904333,
    0.504890892375,0.560989880416,0.617088868458,0.673187856499,
    0.729286844541,0.785385832583,0.841484820624,0.897583808666,
    0.953682796708,1.009781784749,1.065880772791,1.121979760832,
    1.178078748874,1.234177736916,1.290276724957,1.346375712999,
    1.402474701041,1.458573689082,1.514672677124,1.570771665165,
    1.626870653207,1.682969641249,1.73906862929,1.795167617332,
    1.851266605374,1.907365593415,1.963464581457,2.019563569498,
    2.07566255754,2.131761545582,2.187860533623,2.243959521665,
    2.300058509707,2.356157497748,2.41225648579,2.468355473831,
    2.524454461873,2.580553449915,2.636652437956,2.692751425998,
    2.74885041404,2.804949402081,2.861048390123,2.917147378164,
    2.973246366206,3.029345354248,3.085444342289,3.141543330331,
    3.197642318373,3.253741306414,3.309840294456,3.365939282497,
    3.422038270539,3.478137258581,3.534236246622,3.590335234664,
    3.646434222705,3.702533210747,3.758632198789,3.81473118683,
    3.870830174872,3.926929162914,3.983028150955,4.039127138997,
    4.095226127038,4.15132511508,4.207424103122,4.263523091163,
    4.319622079205,4.375721067247,4.431820055288,4.48791904333,
    4.544018031371,4.600117019413,4.656216007455,4.712314995496,
    4.768413983538,4.82451297158,4.880611959621,4.936710947663,
    4.992809935704,5.048908923746,5.105007911788,5.161106899829,
    5.217205887871,5.273304875913,5.329403863954,5.385502851996,
    5.441601840037,5.497700828079,5.553799816121,5.609898804162,
    5.665997792204,5.722096780246,5.778195768287,5.834294756329,
    5.89039374437,5.946492732412,6.002591720454,6.058690708495,
    6.114789696537,6.170888684579,6.22698767262,6.283086660662,
    6.339185648703,6.395284636745,6.451383624787,6.507482612828,
    6.56358160087,6.619680588912,6.675779576953,6.731878564995,
    6.787977553036,6.844076541078,6.90017552912,6.956274517161,
    7.012373505203,7.068472493244,7.124571481286,7.180670469328,
    7.236769457369,7.292868445411,7.348967433453,7.405066421494,
    7.461165409536,7.517264397577,7.573363385619,7.629462373661,
    7.685561361702,7.741660349744,7.797759337786,7.853858325827,
    7.909957313869,7.96605630191,8.022155289952,8.078254277994,
    8.134353266035,8.190452254077,8.246551242119,8.30265023016,
    8.358749218202,8.414848206243,8.470947194285,8.527046182327,
    8.583145170368,8.63924415841),.QUASI_UNIFORM_KNOTS.);
#9306 = CARTESIAN_POINT('',(-6.28318530718,-1.670383642725));
#9307 = CARTESIAN_POINT('',(-6.2697018148,-1.670162486465));
#9308 = CARTESIAN_POINT('',(-6.242733504486,-1.669887257687));
#9309 = CARTESIAN_POINT('',(-6.202278233328,-1.66998983955));
#9310 = CARTESIAN_POINT('',(-6.161821800916,-1.670623380795));
#9311 = CARTESIAN_POINT('',(-6.121364194604,-1.671798653851));
#9312 = CARTESIAN_POINT('',(-6.080904635237,-1.673522974207));
#9313 = CARTESIAN_POINT('',(-6.040441634804,-1.67579955696));
#9314 = CARTESIAN_POINT('',(-5.999973259507,-1.678627431299));
#9315 = CARTESIAN_POINT('',(-5.959497328186,-1.682001236857));
#9316 = CARTESIAN_POINT('',(-5.919011619778,-1.685911081618));
#9317 = CARTESIAN_POINT('',(-5.87851409847,-1.690342409049));
#9318 = CARTESIAN_POINT('',(-5.838003082345,-1.695275903196));
#9319 = CARTESIAN_POINT('',(-5.797477677469,-1.700687377131));
#9320 = CARTESIAN_POINT('',(-5.756937296688,-1.706547851252));
#9321 = CARTESIAN_POINT('',(-5.71638469478,-1.712823075287));
#9322 = CARTESIAN_POINT('',(-5.675810968253,-1.719476265192));
#9323 = CARTESIAN_POINT('',(-5.635213585049,-1.726465327682));
#9324 = CARTESIAN_POINT('',(-5.594589784074,-1.733744678002));
#9325 = CARTESIAN_POINT('',(-5.553936782803,-1.74126501632));
#9326 = CARTESIAN_POINT('',(-5.513251822659,-1.748973633747));
#9327 = CARTESIAN_POINT('',(-5.472532118972,-1.756815016525));
#9328 = CARTESIAN_POINT('',(-5.431774919138,-1.764731375866));
#9329 = CARTESIAN_POINT('',(-5.390977607871,-1.772663113841));
#9330 = CARTESIAN_POINT('',(-5.350137807977,-1.780549298212));
#9331 = CARTESIAN_POINT('',(-5.309253559131,-1.788328147796));
#9332 = CARTESIAN_POINT('',(-5.268323226834,-1.795937604749));
#9333 = CARTESIAN_POINT('',(-5.227346356891,-1.80331580439));
#9334 = CARTESIAN_POINT('',(-5.186317719701,-1.81040274919));
#9335 = CARTESIAN_POINT('',(-5.14523952612,-1.817138746158));
#9336 = CARTESIAN_POINT('',(-5.104113489082,-1.823466495103));
#9337 = CARTESIAN_POINT('',(-5.062941933859,-1.829331509496));
#9338 = CARTESIAN_POINT('',(-5.02172756953,-1.834682764074));
#9339 = CARTESIAN_POINT('',(-4.98047359601,-1.839473250334));
#9340 = CARTESIAN_POINT('',(-4.939183699749,-1.843660515297));
#9341 = CARTESIAN_POINT('',(-4.897862060083,-1.847207153737));
#9342 = CARTESIAN_POINT('',(-4.856513336224,-1.85008125275));
#9343 = CARTESIAN_POINT('',(-4.815142646024,-1.852256780454));
#9344 = CARTESIAN_POINT('',(-4.773755536803,-1.853713913088));
#9345 = CARTESIAN_POINT('',(-4.73235795256,-1.854439294875));
#9346 = CARTESIAN_POINT('',(-4.690956197808,-1.854426225336));
#9347 = CARTESIAN_POINT('',(-4.649556911555,-1.853674770822));
#9348 = CARTESIAN_POINT('',(-4.60816701655,-1.852191791796));
#9349 = CARTESIAN_POINT('',(-4.566793789356,-1.849990899941));
#9350 = CARTESIAN_POINT('',(-4.525444523205,-1.847092277859));
#9351 = CARTESIAN_POINT('',(-4.484127768902,-1.843522600441));
#9352 = CARTESIAN_POINT('',(-4.442842839983,-1.839313669099));
#9353 = CARTESIAN_POINT('',(-4.40159488305,-1.834503131376));
#9354 = CARTESIAN_POINT('',(-4.360387408807,-1.82913364782));
#9355 = CARTESIAN_POINT('',(-4.319223369475,-1.823252363523));
#9356 = CARTESIAN_POINT('',(-4.278104889536,-1.816910339359));
#9357 = CARTESIAN_POINT('',(-4.23703336562,-1.810161976924));
#9358 = CARTESIAN_POINT('',(-4.196009479131,-1.803064428552));
#9359 = CARTESIAN_POINT('',(-4.155033246073,-1.795676996585));
#9360 = CARTESIAN_POINT('',(-4.114104076688,-1.788060521533));
#9361 = CARTESIAN_POINT('',(-4.073220843072,-1.780276768107));
#9362 = CARTESIAN_POINT('',(-4.032382001148,-1.772387789045));
#9363 = CARTESIAN_POINT('',(-3.991585459303,-1.764455371354));
#9364 = CARTESIAN_POINT('',(-3.950828960661,-1.756540492148));
#9365 = CARTESIAN_POINT('',(-3.910109872241,-1.748702721857));
#9366 = CARTESIAN_POINT('',(-3.869425612733,-1.740999782516));
#9367 = CARTESIAN_POINT('',(-3.82877281544,-1.733486884341));
#9368 = CARTESIAN_POINT('',(-3.788148946425,-1.726216598686));
#9369 = CARTESIAN_POINT('',(-3.747551530427,-1.719238246406));
#9370 = CARTESIAN_POINT('',(-3.706977805119,-1.71259748621));
#9371 = CARTESIAN_POINT('',(-3.66642506847,-1.706336059753));
#9372 = CARTESIAN_POINT('',(-3.625890730447,-1.7004915277));
#9373 = CARTESIAN_POINT('',(-3.585372957564,-1.695097119943));
#9374 = CARTESIAN_POINT('',(-3.544869222044,-1.690181383664));
#9375 = CARTESIAN_POINT('',(-3.504377767471,-1.685768268563));
#9376 = CARTESIAN_POINT('',(-3.463896933409,-1.681876988461));
#9377 = CARTESIAN_POINT('',(-3.423424934895,-1.678522000267));
#9378 = CARTESIAN_POINT('',(-3.382960062289,-1.675713089049));
#9379 = CARTESIAN_POINT('',(-3.342501475679,-1.673455517464));
#9380 = CARTESIAN_POINT('',(-3.302046268599,-1.671750032834));
#9381 = CARTESIAN_POINT('',(-3.261594238092,-1.670593299002));
#9382 = CARTESIAN_POINT('',(-3.221144348949,-1.669977903283));
#9383 = CARTESIAN_POINT('',(-3.180695187038,-1.669892684736));
#9384 = CARTESIAN_POINT('',(-3.140245119718,-1.670323032461));
#9385 = CARTESIAN_POINT('',(-3.099792488533,-1.671251191775));
#9386 = CARTESIAN_POINT('',(-3.059335857477,-1.67265655733));
#9387 = CARTESIAN_POINT('',(-3.018873933845,-1.67451598058));
#9388 = CARTESIAN_POINT('',(-2.978406706619,-1.676803993512));
#9389 = CARTESIAN_POINT('',(-2.937931357191,-1.679493359781));
#9390 = CARTESIAN_POINT('',(-2.897446042032,-1.682555192432));
#9391 = CARTESIAN_POINT('',(-2.856949175768,-1.68595930366));
#9392 = CARTESIAN_POINT('',(-2.8164390103,-1.689674453802));
#9393 = CARTESIAN_POINT('',(-2.775913984445,-1.693668590855));
#9394 = CARTESIAN_POINT('',(-2.735372499236,-1.697909189747));
#9395 = CARTESIAN_POINT('',(-2.694812867839,-1.702363357743));
#9396 = CARTESIAN_POINT('',(-2.654233663459,-1.706998134012));
#9397 = CARTESIAN_POINT('',(-2.613633388216,-1.711780664356));
#9398 = CARTESIAN_POINT('',(-2.573010662897,-1.716678332679));
#9399 = CARTESIAN_POINT('',(-2.53236434659,-1.721658906397));
#9400 = CARTESIAN_POINT('',(-2.491693377688,-1.726690812448));
#9401 = CARTESIAN_POINT('',(-2.450996568535,-1.731743092341));
#9402 = CARTESIAN_POINT('',(-2.41027343696,-1.736785537897));
#9403 = CARTESIAN_POINT('',(-2.369523371379,-1.741788949345));
#9404 = CARTESIAN_POINT('',(-2.328745925143,-1.746725101152));
#9405 = CARTESIAN_POINT('',(-2.287940798544,-1.751566808667));
#9406 = CARTESIAN_POINT('',(-2.247108013966,-1.756287986544));
#9407 = CARTESIAN_POINT('',(-2.206247627013,-1.760863756986));
#9408 = CARTESIAN_POINT('',(-2.165361084998,-1.765270482549));
#9409 = CARTESIAN_POINT('',(-2.124441860196,-1.769486590106));
#9410 = CARTESIAN_POINT('',(-2.083494160493,-1.773490633527));
#9411 = CARTESIAN_POINT('',(-2.042520502471,-1.77726284851));
#9412 = CARTESIAN_POINT('',(-2.001523333801,-1.780784925176));
#9413 = CARTESIAN_POINT('',(-1.960504714518,-1.78404006365));
#9414 = CARTESIAN_POINT('',(-1.919466506382,-1.787012960046));
#9415 = CARTESIAN_POINT('',(-1.878410415653,-1.78968981497));
#9416 = CARTESIAN_POINT('',(-1.83733806655,-1.792058337959));
#9417 = CARTESIAN_POINT('',(-1.796251060011,-1.794107753573));
#9418 = CARTESIAN_POINT('',(-1.755151032172,-1.795828806715));
#9419 = CARTESIAN_POINT('',(-1.71403971129,-1.797213767518));
#9420 = CARTESIAN_POINT('',(-1.672918975485,-1.798256435927));
#9421 = CARTESIAN_POINT('',(-1.63179091518,-1.798952146898));
#9422 = CARTESIAN_POINT('',(-1.59065789456,-1.799297777041));
#9423 = CARTESIAN_POINT('',(-1.549522643018,-1.79929175596));
#9424 = CARTESIAN_POINT('',(-1.508388270091,-1.79893407874));
#9425 = CARTESIAN_POINT('',(-1.467258609947,-1.798226343756));
#9426 = CARTESIAN_POINT('',(-1.426137387751,-1.797171738487));
#9427 = CARTESIAN_POINT('',(-1.385031841343,-1.795775276904));
#9428 = CARTESIAN_POINT('',(-1.343935695575,-1.794042986152));
#9429 = CARTESIAN_POINT('',(-1.302851962061,-1.791982643615));
#9430 = CARTESIAN_POINT('',(-1.261783551301,-1.789603628306));
#9431 = CARTESIAN_POINT('',(-1.220732748565,-1.786916818099));
#9432 = CARTESIAN_POINT('',(-1.179701464513,-1.783934592137));
#9433 = CARTESIAN_POINT('',(-1.138691265178,-1.780670809699));
#9434 = CARTESIAN_POINT('',(-1.097703450595,-1.777140796736));
#9435 = CARTESIAN_POINT('',(-1.056739113404,-1.77336132937));
#9436 = CARTESIAN_POINT('',(-1.015799197162,-1.769350615426));
#9437 = CARTESIAN_POINT('',(-0.974884559407,-1.765128274021));
#9438 = CARTESIAN_POINT('',(-0.933996015194,-1.760715309892));
#9439 = CARTESIAN_POINT('',(-0.893134468769,-1.756134097812));
#9440 = CARTESIAN_POINT('',(-0.852300742012,-1.751408325386));
#9441 = CARTESIAN_POINT('',(-0.811496571538,-1.746563096085));
#9442 = CARTESIAN_POINT('',(-0.770720053564,-1.741624267183));
#9443 = CARTESIAN_POINT('',(-0.729970924761,-1.736619110315));
#9444 = CARTESIAN_POINT('',(-0.689248768756,-1.731575868349));
#9445 = CARTESIAN_POINT('',(-0.648552998925,-1.726523782925));
#9446 = CARTESIAN_POINT('',(-0.607882787272,-1.72149309994));
#9447 = CARTESIAN_POINT('',(-0.567237195942,-1.716514730953));
#9448 = CARTESIAN_POINT('',(-0.526615223841,-1.711620359276));
#9449 = CARTESIAN_POINT('',(-0.486015639657,-1.706842202677));
#9450 = CARTESIAN_POINT('',(-0.445436949366,-1.702212855615));
#9451 = CARTESIAN_POINT('',(-0.404878174218,-1.697765241744));
#9452 = CARTESIAN_POINT('',(-0.364336185169,-1.693532172185));
#9453 = CARTESIAN_POINT('',(-0.323809864278,-1.68954657509));
#9454 = CARTESIAN_POINT('',(-0.283298435869,-1.685841089146));
#9455 = CARTESIAN_POINT('',(-0.242800484346,-1.682447731245));
#9456 = CARTESIAN_POINT('',(-0.202314369966,-1.679397712448));
#9457 = CARTESIAN_POINT('',(-0.161838272076,-1.676721179263));
#9458 = CARTESIAN_POINT('',(-0.121370332768,-1.674446973743));
#9459 = CARTESIAN_POINT('',(-8.090881103587E-02,-1.672602263826));
#9460 = CARTESIAN_POINT('',(-4.045216532824E-02,-1.671212555206));
#9461 = CARTESIAN_POINT('',(-1.348373040168E-02,-1.670604322706));
#9462 = CARTESIAN_POINT('',(0.,-1.670383642725));
#9463 = ( GEOMETRIC_REPRESENTATION_CONTEXT(2) 
PARAMETRIC_REPRESENTATION_CONTEXT() REPRESENTATION_CONTEXT('2D SPACE',''
  ) );
#9464 = ADVANCED_FACE('',(#9465),#8885,.T.);
#9465 = FACE_BOUND('',#9466,.T.);
#9466 = EDGE_LOOP('',(#9467,#9490,#9517,#9518));
#9467 = ORIENTED_EDGE('',*,*,#9468,.T.);
#9468 = EDGE_CURVE('',#8641,#9469,#9471,.T.);
#9469 = VERTEX_POINT('',#9470);
#9470 = CARTESIAN_POINT('',(24.467150723288,-5.172696220867,
    21.792127474561));
#9471 = SEAM_CURVE('',#9472,(#9476,#9483),.PCURVE_S1.);
#9472 = LINE('',#9473,#9474);
#9473 = CARTESIAN_POINT('',(31.941941289084,-10.62136443701,
    20.454855558293));
#9474 = VECTOR('',#9475,1.);
#9475 = DIRECTION('',(-0.799780144699,0.582991137473,0.143084079384));
#9476 = PCURVE('',#8885,#9477);
#9477 = DEFINITIONAL_REPRESENTATION('',(#9478),#9482);
#9478 = LINE('',#9479,#9480);
#9479 = CARTESIAN_POINT('',(-6.28318530718,0.));
#9480 = VECTOR('',#9481,1.);
#9481 = DIRECTION('',(-0.,-1.));
#9482 = ( GEOMETRIC_REPRESENTATION_CONTEXT(2) 
PARAMETRIC_REPRESENTATION_CONTEXT() REPRESENTATION_CONTEXT('2D SPACE',''
  ) );
#9483 = PCURVE('',#8885,#9484);
#9484 = DEFINITIONAL_REPRESENTATION('',(#9485),#9489);
#9485 = LINE('',#9486,#9487);
#9486 = CARTESIAN_POINT('',(0.,-0.));
#9487 = VECTOR('',#9488,1.);
#9488 = DIRECTION('',(-0.,-1.));
#9489 = ( GEOMETRIC_REPRESENTATION_CONTEXT(2) 
PARAMETRIC_REPRESENTATION_CONTEXT() REPRESENTATION_CONTEXT('2D SPACE',''
  ) );
#9490 = ORIENTED_EDGE('',*,*,#9491,.F.);
#9491 = EDGE_CURVE('',#9469,#9469,#9492,.T.);
#9492 = SURFACE_CURVE('',#9493,(#9498,#9505),.PCURVE_S1.);
#9493 = CIRCLE('',#9494,0.3);
#9494 = AXIS2_PLACEMENT_3D('',#9495,#9496,#9497);
#9495 = CARTESIAN_POINT('',(24.525677819893,-4.878460636746,
    21.792127474561));
#9496 = DIRECTION('',(-0.968571272595,0.192660804808,0.157326107796));
#9497 = DIRECTION('',(-0.195090322016,-0.980785280403,
    -2.192794180972E-16));
#9498 = PCURVE('',#8885,#9499);
#9499 = DEFINITIONAL_REPRESENTATION('',(#9500),#9504);
#9500 = LINE('',#9501,#9502);
#9501 = CARTESIAN_POINT('',(-0.,-8.5));
#9502 = VECTOR('',#9503,1.);
#9503 = DIRECTION('',(-1.,-0.));
#9504 = ( GEOMETRIC_REPRESENTATION_CONTEXT(2) 
PARAMETRIC_REPRESENTATION_CONTEXT() REPRESENTATION_CONTEXT('2D SPACE',''
  ) );
#9505 = PCURVE('',#9506,#9511);
#9506 = PLANE('',#9507);
#9507 = AXIS2_PLACEMENT_3D('',#9508,#9509,#9510);
#9508 = CARTESIAN_POINT('',(24.525677819893,-4.878460636746,
    21.792127474561));
#9509 = DIRECTION('',(-0.968571272595,0.192660804808,0.157326107796));
#9510 = DIRECTION('',(-0.195090322016,-0.980785280403,
    -2.192794180972E-16));
#9511 = DEFINITIONAL_REPRESENTATION('',(#9512),#9516);
#9512 = CIRCLE('',#9513,0.3);
#9513 = AXIS2_PLACEMENT_2D('',#9514,#9515);
#9514 = CARTESIAN_POINT('',(0.,0.));
#9515 = DIRECTION('',(1.,0.));
#9516 = ( GEOMETRIC_REPRESENTATION_CONTEXT(2) 
PARAMETRIC_REPRESENTATION_CONTEXT() REPRESENTATION_CONTEXT('2D SPACE',''
  ) );
#9517 = ORIENTED_EDGE('',*,*,#9468,.F.);
#9518 = ORIENTED_EDGE('',*,*,#8640,.F.);
#9519 = ADVANCED_FACE('',(#9520),#9506,.T.);
#9520 = FACE_BOUND('',#9521,.T.);
#9521 = EDGE_LOOP('',(#9522));
#9522 = ORIENTED_EDGE('',*,*,#9491,.T.);
#9523 = ADVANCED_FACE('',(#9524),#9299,.T.);
#9524 = FACE_BOUND('',#9525,.T.);
#9525 = EDGE_LOOP('',(#9526,#9549,#9576,#9577));
#9526 = ORIENTED_EDGE('',*,*,#9527,.T.);
#9527 = EDGE_CURVE('',#9032,#9528,#9530,.T.);
#9528 = VERTEX_POINT('',#9529);
#9529 = CARTESIAN_POINT('',(15.955610332719,-11.02200491144,
    8.794345118219));
#9530 = SEAM_CURVE('',#9531,(#9535,#9542),.PCURVE_S1.);
#9531 = LINE('',#9532,#9533);
#9532 = CARTESIAN_POINT('',(18.772810792686,-17.57770691314,
    2.758209902411));
#9533 = VECTOR('',#9534,1.);
#9534 = DIRECTION('',(-0.301431989523,0.701440428246,0.645848342348));
#9535 = PCURVE('',#9299,#9536);
#9536 = DEFINITIONAL_REPRESENTATION('',(#9537),#9541);
#9537 = LINE('',#9538,#9539);
#9538 = CARTESIAN_POINT('',(-6.28318530718,0.));
#9539 = VECTOR('',#9540,1.);
#9540 = DIRECTION('',(-0.,-1.));
#9541 = ( GEOMETRIC_REPRESENTATION_CONTEXT(2) 
PARAMETRIC_REPRESENTATION_CONTEXT() REPRESENTATION_CONTEXT('2D SPACE',''
  ) );
#9542 = PCURVE('',#9299,#9543);
#9543 = DEFINITIONAL_REPRESENTATION('',(#9544),#9548);
#9544 = LINE('',#9545,#9546);
#9545 = CARTESIAN_POINT('',(0.,-0.));
#9546 = VECTOR('',#9547,1.);
#9547 = DIRECTION('',(-0.,-1.));
#9548 = ( GEOMETRIC_REPRESENTATION_CONTEXT(2) 
PARAMETRIC_REPRESENTATION_CONTEXT() REPRESENTATION_CONTEXT('2D SPACE',''
  ) );
#9549 = ORIENTED_EDGE('',*,*,#9550,.F.);
#9550 = EDGE_CURVE('',#9528,#9528,#9551,.T.);
#9551 = SURFACE_CURVE('',#9552,(#9557,#9564),.PCURVE_S1.);
#9552 = CIRCLE('',#9553,0.3);
#9553 = AXIS2_PLACEMENT_3D('',#9554,#9555,#9556);
#9554 = CARTESIAN_POINT('',(16.122281402624,-10.77256402775,
    8.794345118219));
#9555 = DIRECTION('',(-0.585410311898,0.391158664828,0.710133554801));
#9556 = DIRECTION('',(-0.55557023302,-0.831469612303,-1.56334277887E-16)
  );
#9557 = PCURVE('',#9299,#9558);
#9558 = DEFINITIONAL_REPRESENTATION('',(#9559),#9563);
#9559 = LINE('',#9560,#9561);
#9560 = CARTESIAN_POINT('',(-0.,-8.5));
#9561 = VECTOR('',#9562,1.);
#9562 = DIRECTION('',(-1.,-0.));
#9563 = ( GEOMETRIC_REPRESENTATION_CONTEXT(2) 
PARAMETRIC_REPRESENTATION_CONTEXT() REPRESENTATION_CONTEXT('2D SPACE',''
  ) );
#9564 = PCURVE('',#9565,#9570);
#9565 = PLANE('',#9566);
#9566 = AXIS2_PLACEMENT_3D('',#9567,#9568,#9569);
#9567 = CARTESIAN_POINT('',(16.122281402624,-10.77256402775,
    8.794345118219));
#9568 = DIRECTION('',(-0.585410311898,0.391158664828,0.710133554801));
#9569 = DIRECTION('',(-0.55557023302,-0.831469612303,-1.56334277887E-16)
  );
#9570 = DEFINITIONAL_REPRESENTATION('',(#9571),#9575);
#9571 = CIRCLE('',#9572,0.3);
#9572 = AXIS2_PLACEMENT_2D('',#9573,#9574);
#9573 = CARTESIAN_POINT('',(0.,0.));
#9574 = DIRECTION('',(1.,0.));
#9575 = ( GEOMETRIC_REPRESENTATION_CONTEXT(2) 
PARAMETRIC_REPRESENTATION_CONTEXT() REPRESENTATION_CONTEXT('2D SPACE',''
  ) );
#9576 = ORIENTED_EDGE('',*,*,#9527,.F.);
#9577 = ORIENTED_EDGE('',*,*,#9031,.F.);
#9578 = ADVANCED_FACE('',(#9579),#9565,.T.);
#9579 = FACE_BOUND('',#9580,.T.);
#9580 = EDGE_LOOP('',(#9581));
#9581 = ORIENTED_EDGE('',*,*,#9550,.T.);
#9582 = ADVANCED_FACE('',(#9583),#107,.T.);
#9583 = FACE_BOUND('',#9584,.T.);
#9584 = EDGE_LOOP('',(#9585,#9586,#9587,#9607,#9608,#9609,#9610,#9611,
    #9612));
#9585 = ORIENTED_EDGE('',*,*,#180,.T.);
#9586 = ORIENTED_EDGE('',*,*,#90,.F.);
#9587 = ORIENTED_EDGE('',*,*,#9588,.T.);
#9588 = EDGE_CURVE('',#58,#6182,#9589,.T.);
#9589 = SURFACE_CURVE('',#9590,(#9594,#9601),.PCURVE_S1.);
#9590 = LINE('',#9591,#9592);
#9591 = CARTESIAN_POINT('',(212.13203435596,214.63203435596,123.65));
#9592 = VECTOR('',#9593,1.);
#9593 = DIRECTION('',(-0.707106781187,-0.707106781187,0.));
#9594 = PCURVE('',#107,#9595);
#9595 = DEFINITIONAL_REPRESENTATION('',(#9596),#9600);
#9596 = LINE('',#9597,#9598);
#9597 = CARTESIAN_POINT('',(212.13203435596,214.63203435596));
#9598 = VECTOR('',#9599,1.);
#9599 = DIRECTION('',(-0.707106781187,-0.707106781187));
#9600 = ( GEOMETRIC_REPRESENTATION_CONTEXT(2) 
PARAMETRIC_REPRESENTATION_CONTEXT() REPRESENTATION_CONTEXT('2D SPACE',''
  ) );
#9601 = PCURVE('',#78,#9602);
#9602 = DEFINITIONAL_REPRESENTATION('',(#9603),#9606);
#9603 = B_SPLINE_CURVE_WITH_KNOTS('',1,(#9604,#9605),.UNSPECIFIED.,.F.,
  .F.,(2,2),(0.,256.5),.PIECEWISE_BEZIER_KNOTS.);
#9604 = CARTESIAN_POINT('',(131.08723876208,-61.9384306682));
#9605 = CARTESIAN_POINT('',(-125.4127612379,-61.9384306682));
#9606 = ( GEOMETRIC_REPRESENTATION_CONTEXT(2) 
PARAMETRIC_REPRESENTATION_CONTEXT() REPRESENTATION_CONTEXT('2D SPACE',''
  ) );
#9607 = ORIENTED_EDGE('',*,*,#6181,.T.);
#9608 = ORIENTED_EDGE('',*,*,#6108,.T.);
#9609 = ORIENTED_EDGE('',*,*,#3210,.F.);
#9610 = ORIENTED_EDGE('',*,*,#528,.F.);
#9611 = ORIENTED_EDGE('',*,*,#326,.T.);
#9612 = ORIENTED_EDGE('',*,*,#253,.T.);
#9613 = ADVANCED_FACE('',(#9614),#78,.T.);
#9614 = FACE_BOUND('',#9615,.T.);
#9615 = EDGE_LOOP('',(#9616,#9636,#9637,#9638));
#9616 = ORIENTED_EDGE('',*,*,#9617,.F.);
#9617 = EDGE_CURVE('',#6159,#24,#9618,.T.);
#9618 = SURFACE_CURVE('',#9619,(#9623,#9629),.PCURVE_S1.);
#9619 = LINE('',#9620,#9621);
#9620 = CARTESIAN_POINT('',(23.075327540925,25.575327540925,1.5));
#9621 = VECTOR('',#9622,1.);
#9622 = DIRECTION('',(0.707106781187,0.707106781187,0.));
#9623 = PCURVE('',#78,#9624);
#9624 = DEFINITIONAL_REPRESENTATION('',(#9625),#9628);
#9625 = B_SPLINE_CURVE_WITH_KNOTS('',1,(#9626,#9627),.UNSPECIFIED.,.F.,
  .F.,(2,2),(0.,267.36655883542),.PIECEWISE_BEZIER_KNOTS.);
#9626 = CARTESIAN_POINT('',(-136.2793200733,60.211569331794));
#9627 = CARTESIAN_POINT('',(131.08723876208,60.211569331794));
#9628 = ( GEOMETRIC_REPRESENTATION_CONTEXT(2) 
PARAMETRIC_REPRESENTATION_CONTEXT() REPRESENTATION_CONTEXT('2D SPACE',''
  ) );
#9629 = PCURVE('',#45,#9630);
#9630 = DEFINITIONAL_REPRESENTATION('',(#9631),#9635);
#9631 = LINE('',#9632,#9633);
#9632 = CARTESIAN_POINT('',(23.075327540925,25.575327540925));
#9633 = VECTOR('',#9634,1.);
#9634 = DIRECTION('',(0.707106781187,0.707106781187));
#9635 = ( GEOMETRIC_REPRESENTATION_CONTEXT(2) 
PARAMETRIC_REPRESENTATION_CONTEXT() REPRESENTATION_CONTEXT('2D SPACE',''
  ) );
#9636 = ORIENTED_EDGE('',*,*,#6203,.T.);
#9637 = ORIENTED_EDGE('',*,*,#9588,.F.);
#9638 = ORIENTED_EDGE('',*,*,#57,.F.);
#9639 = ADVANCED_FACE('',(#9640),#45,.F.);
#9640 = FACE_BOUND('',#9641,.F.);
#9641 = EDGE_LOOP('',(#9642,#9643,#9644,#9645,#9646,#9647,#9648,#9649,
    #9650));
#9642 = ORIENTED_EDGE('',*,*,#21,.T.);
#9643 = ORIENTED_EDGE('',*,*,#9617,.F.);
#9644 = ORIENTED_EDGE('',*,*,#6158,.F.);
#9645 = ORIENTED_EDGE('',*,*,#5993,.F.);
#9646 = ORIENTED_EDGE('',*,*,#6251,.T.);
#9647 = ORIENTED_EDGE('',*,*,#7924,.T.);
#9648 = ORIENTED_EDGE('',*,*,#303,.F.);
#9649 = ORIENTED_EDGE('',*,*,#230,.F.);
#9650 = ORIENTED_EDGE('',*,*,#157,.F.);
#9651 = ( GEOMETRIC_REPRESENTATION_CONTEXT(3) 
GLOBAL_UNCERTAINTY_ASSIGNED_CONTEXT((#9655)) 
GLOBAL_UNIT_ASSIGNED_CONTEXT((#9652,#9653,#9654)) REPRESENTATION_CONTEXT
('Context #1','3D Context with UNIT and UNCERTAINTY') );
#9652 = ( LENGTH_UNIT() NAMED_UNIT(*) SI_UNIT(.MILLI.,.METRE.) );
#9653 = ( NAMED_UNIT(*) PLANE_ANGLE_UNIT() SI_UNIT($,.RADIAN.) );
#9654 = ( NAMED_UNIT(*) SI_UNIT($,.STERADIAN.) SOLID_ANGLE_UNIT() );
#9655 = UNCERTAINTY_MEASURE_WITH_UNIT(LENGTH_MEASURE(1.E-06),#9652,
  'distance_accuracy_value','confusion accuracy');
#9656 = PRODUCT_RELATED_PRODUCT_CATEGORY('part',$,(#7));
ENDSEC;
END-ISO-10303-21;
