ISO-10303-21;
HEADER;
FILE_DESCRIPTION(('Open CASCADE Model'),'2;1');
FILE_NAME('Open CASCADE Shape Model','2026-10-08T03:11:37',('Author'),(
    'Open CASCADE'),'Open CASCADE STEP processor 8.0','build123d',
  'Unknown');
FILE_SCHEMA(('AUTOMOTIVE_DESIGN { 1 0 10303 214 1 1 1 1 }'));
ENDSEC;
DATA;
#1 = APPLICATION_PROTOCOL_DEFINITION('international standard',
  'automotive_design',2000,#2);
#2 = APPLICATION_CONTEXT(
  'core data for automotive mechanical design processes');
#3 = SHAPE_DEFINITION_REPRESENTATION(#4,#10);
#4 = PRODUCT_DEFINITION_SHAPE('','',#5);
#5 = PRODUCT_DEFINITION('design','',#6,#9);
#6 = PRODUCT_DEFINITION_FORMATION('','',#7);
#7 = PRODUCT('SOLID','SOLID','',(#8));
#8 = PRODUCT_CONTEXT('',#2,'mechanical');
#9 = PRODUCT_DEFINITION_CONTEXT('part definition',#2,'design');
#10 = ADVANCED_BREP_SHAPE_REPRESENTATION('',(#11,#15),#7148);
#11 = AXIS2_PLACEMENT_3D('',#12,#13,#14);
#12 = CARTESIAN_POINT('',(0.,0.,0.));
#13 = DIRECTION('',(0.,0.,1.));
#14 = DIRECTION('',(1.,0.,-0.));
#15 = MANIFOLD_SOLID_BREP('',#16);
#16 = CLOSED_SHELL('',(#17,#153,#226,#299,#2208,#2292,#2377,#2462,#2547,
    #2632,#2717,#2802,#2887,#3069,#4712,#4955,#5220,#5464,#5729,#5973,
    #6238,#6482,#6747,#6815,#6872,#7065,#7103,#7129));
#17 = ADVANCED_FACE('',(#18),#33,.T.);
#18 = FACE_BOUND('',#19,.T.);
#19 = EDGE_LOOP('',(#20,#56,#89,#122));
#20 = ORIENTED_EDGE('',*,*,#21,.T.);
#21 = EDGE_CURVE('',#22,#24,#26,.T.);
#22 = VERTEX_POINT('',#23);
#23 = CARTESIAN_POINT('',(26.06162719437,-23.56162719437,1.5));
#24 = VERTEX_POINT('',#25);
#25 = CARTESIAN_POINT('',(23.56162719437,26.06162719437,1.5));
#26 = SURFACE_CURVE('',#27,(#32,#44),.PCURVE_S1.);
#27 = CIRCLE('',#28,35.133441164577);
#28 = AXIS2_PLACEMENT_3D('',#29,#30,#31);
#29 = CARTESIAN_POINT('',(0.,0.,1.5));
#30 = DIRECTION('',(0.,0.,1.));
#31 = DIRECTION('',(0.741789768679,-0.670632491819,0.));
#32 = PCURVE('',#33,#38);
#33 = CONICAL_SURFACE('',#34,35.133441164577,8.872720536395E-02);
#34 = AXIS2_PLACEMENT_3D('',#35,#36,#37);
#35 = CARTESIAN_POINT('',(0.,0.,1.5));
#36 = DIRECTION('',(0.,0.,1.));
#37 = DIRECTION('',(1.,0.,-0.));
#38 = DEFINITIONAL_REPRESENTATION('',(#39),#43);
#39 = LINE('',#40,#41);
#40 = CARTESIAN_POINT('',(5.548124191577,0.));
#41 = VECTOR('',#42,1.);
#42 = DIRECTION('',(1.,0.));
#43 = ( GEOMETRIC_REPRESENTATION_CONTEXT(2) 
PARAMETRIC_REPRESENTATION_CONTEXT() REPRESENTATION_CONTEXT('2D SPACE',''
  ) );
#44 = PCURVE('',#45,#50);
#45 = PLANE('',#46);
#46 = AXIS2_PLACEMENT_3D('',#47,#48,#49);
#47 = CARTESIAN_POINT('',(0.,0.,1.5));
#48 = DIRECTION('',(0.,0.,1.));
#49 = DIRECTION('',(1.,0.,-0.));
#50 = DEFINITIONAL_REPRESENTATION('',(#51),#55);
#51 = CIRCLE('',#52,35.133441164577);
#52 = AXIS2_PLACEMENT_2D('',#53,#54);
#53 = CARTESIAN_POINT('',(0.,0.));
#54 = DIRECTION('',(0.741789768679,-0.670632491819));
#55 = ( GEOMETRIC_REPRESENTATION_CONTEXT(2) 
PARAMETRIC_REPRESENTATION_CONTEXT() REPRESENTATION_CONTEXT('2D SPACE',''
  ) );
#56 = ORIENTED_EDGE('',*,*,#57,.T.);
#57 = EDGE_CURVE('',#24,#58,#60,.T.);
#58 = VERTEX_POINT('',#59);
#59 = CARTESIAN_POINT('',(31.252884487381,33.75288448738,123.65));
#60 = SURFACE_CURVE('',#61,(#66,#77),.PCURVE_S1.);
#61 = HYPERBOLA('',#62,19.871307612208,1.767766952966);
#62 = AXIS2_PLACEMENT_3D('',#63,#64,#65);
#63 = CARTESIAN_POINT('',(-1.25,1.25,-393.4318181818));
#64 = DIRECTION('',(-0.707106781187,0.707106781187,0.));
#65 = DIRECTION('',(0.,0.,1.));
#66 = PCURVE('',#33,#67);
#67 = DEFINITIONAL_REPRESENTATION('',(#68),#76);
#68 = B_SPLINE_CURVE_WITH_KNOTS('',6,(#69,#70,#71,#72,#73,#74,#75),
  .UNSPECIFIED.,.F.,.F.,(7,7),(3.681949934117,3.951702020037),
  .PIECEWISE_BEZIER_KNOTS.);
#69 = CARTESIAN_POINT('',(7.118920518372,1.698184146319E-13));
#70 = CARTESIAN_POINT('',(7.116658386686,17.733123624453));
#71 = CARTESIAN_POINT('',(7.11451814336,36.424170064682));
#72 = CARTESIAN_POINT('',(7.112491599757,56.137657522747));
#73 = CARTESIAN_POINT('',(7.110571295012,76.943914678342));
#74 = CARTESIAN_POINT('',(7.108750401707,98.919856154505));
#75 = CARTESIAN_POINT('',(7.107022652348,122.15));
#76 = ( GEOMETRIC_REPRESENTATION_CONTEXT(2) 
PARAMETRIC_REPRESENTATION_CONTEXT() REPRESENTATION_CONTEXT('2D SPACE',''
  ) );
#77 = PCURVE('',#78,#83);
#78 = PLANE('',#79);
#79 = AXIS2_PLACEMENT_3D('',#80,#81,#82);
#80 = CARTESIAN_POINT('',(119.43935890027,121.93935890027,
    61.711569331794));
#81 = DIRECTION('',(-0.707106781187,0.707106781187,0.));
#82 = DIRECTION('',(0.707106781187,0.707106781187,0.));
#83 = DEFINITIONAL_REPRESENTATION('',(#84),#88);
#84 = ( BOUNDED_CURVE() B_SPLINE_CURVE(2,(#85,#86,#87),.UNSPECIFIED.,.F.
,.F.) B_SPLINE_CURVE_WITH_KNOTS((3,3),(3.681949934117,3.951702020037),
.PIECEWISE_BEZIER_KNOTS.) CURVE() GEOMETRIC_REPRESENTATION_ITEM() 
RATIONAL_B_SPLINE_CURVE((1.,1.009109570696,1.)) REPRESENTATION_ITEM('') 
  );
#85 = CARTESIAN_POINT('',(-135.591588508,60.211569331794));
#86 = CARTESIAN_POINT('',(-130.8814559421,7.332461181644));
#87 = CARTESIAN_POINT('',(-124.7145081325,-61.9384306682));
#88 = ( GEOMETRIC_REPRESENTATION_CONTEXT(2) 
PARAMETRIC_REPRESENTATION_CONTEXT() REPRESENTATION_CONTEXT('2D SPACE',''
  ) );
#89 = ORIENTED_EDGE('',*,*,#90,.T.);
#90 = EDGE_CURVE('',#58,#91,#93,.T.);
#91 = VERTEX_POINT('',#92);
#92 = CARTESIAN_POINT('',(33.75288448738,-31.25288448738,123.65));
#93 = SURFACE_CURVE('',#94,(#99,#106),.PCURVE_S1.);
#94 = CIRCLE('',#95,46.);
#95 = AXIS2_PLACEMENT_3D('',#96,#97,#98);
#96 = CARTESIAN_POINT('',(0.,0.,123.65));
#97 = DIRECTION('',(0.,0.,-1.));
#98 = DIRECTION('',(0.679410532334,0.733758358421,0.));
#99 = PCURVE('',#33,#100);
#100 = DEFINITIONAL_REPRESENTATION('',(#101),#105);
#101 = LINE('',#102,#103);
#102 = CARTESIAN_POINT('',(7.107022652348,122.15));
#103 = VECTOR('',#104,1.);
#104 = DIRECTION('',(-1.,-0.));
#105 = ( GEOMETRIC_REPRESENTATION_CONTEXT(2) 
PARAMETRIC_REPRESENTATION_CONTEXT() REPRESENTATION_CONTEXT('2D SPACE',''
  ) );
#106 = PCURVE('',#107,#112);
#107 = PLANE('',#108);
#108 = AXIS2_PLACEMENT_3D('',#109,#110,#111);
#109 = CARTESIAN_POINT('',(0.,0.,123.65));
#110 = DIRECTION('',(0.,0.,1.));
#111 = DIRECTION('',(1.,0.,-0.));
#112 = DEFINITIONAL_REPRESENTATION('',(#113),#121);
#113 = ( BOUNDED_CURVE() B_SPLINE_CURVE(2,(#114,#115,#116,#117,#118,#119
,#120),.UNSPECIFIED.,.T.,.F.) B_SPLINE_CURVE_WITH_KNOTS((1,2,2,2,2,1),(
    -2.094395102393,0.,2.094395102393,4.188790204786,6.28318530718,
8.377580409573),.UNSPECIFIED.) CURVE() GEOMETRIC_REPRESENTATION_ITEM() 
RATIONAL_B_SPLINE_CURVE((1.,0.5,1.,0.5,1.,0.5,1.)) REPRESENTATION_ITEM(
  '') );
#114 = CARTESIAN_POINT('',(31.252884487381,33.75288448738));
#115 = CARTESIAN_POINT('',(89.714595321527,-20.37869932784));
#116 = CARTESIAN_POINT('',(13.604413173383,-43.9422341513));
#117 = CARTESIAN_POINT('',(-62.50576897476,-67.50576897476));
#118 = CARTESIAN_POINT('',(-44.85729766076,10.189349663922));
#119 = CARTESIAN_POINT('',(-27.20882634676,87.884468302605));
#120 = CARTESIAN_POINT('',(31.252884487381,33.75288448738));
#121 = ( GEOMETRIC_REPRESENTATION_CONTEXT(2) 
PARAMETRIC_REPRESENTATION_CONTEXT() REPRESENTATION_CONTEXT('2D SPACE',''
  ) );
#122 = ORIENTED_EDGE('',*,*,#123,.T.);
#123 = EDGE_CURVE('',#91,#22,#124,.T.);
#124 = SURFACE_CURVE('',#125,(#130,#141),.PCURVE_S1.);
#125 = HYPERBOLA('',#126,19.871307612208,1.767766952966);
#126 = AXIS2_PLACEMENT_3D('',#127,#128,#129);
#127 = CARTESIAN_POINT('',(1.25,1.25,-393.4318181818));
#128 = DIRECTION('',(-0.707106781187,-0.707106781187,0.));
#129 = DIRECTION('',(0.,-0.,1.));
#130 = PCURVE('',#33,#131);
#131 = DEFINITIONAL_REPRESENTATION('',(#132),#140);
#132 = B_SPLINE_CURVE_WITH_KNOTS('',6,(#133,#134,#135,#136,#137,#138,
    #139),.UNSPECIFIED.,.F.,.F.,(7,7),(-3.951702020037,-3.681949934117),
  .PIECEWISE_BEZIER_KNOTS.);
#133 = CARTESIAN_POINT('',(5.536226325553,122.15));
#134 = CARTESIAN_POINT('',(5.537954074912,98.919856154505));
#135 = CARTESIAN_POINT('',(5.539774968217,76.94391467834));
#136 = CARTESIAN_POINT('',(5.541695272962,56.137657522751));
#137 = CARTESIAN_POINT('',(5.543721816565,36.42417006468));
#138 = CARTESIAN_POINT('',(5.545862059891,17.733123624453));
#139 = CARTESIAN_POINT('',(5.548124191577,1.698184146319E-13));
#140 = ( GEOMETRIC_REPRESENTATION_CONTEXT(2) 
PARAMETRIC_REPRESENTATION_CONTEXT() REPRESENTATION_CONTEXT('2D SPACE',''
  ) );
#141 = PCURVE('',#142,#147);
#142 = PLANE('',#143);
#143 = AXIS2_PLACEMENT_3D('',#144,#145,#146);
#144 = CARTESIAN_POINT('',(121.93935890027,-119.4393589002,
    61.711569331794));
#145 = DIRECTION('',(-0.707106781187,-0.707106781187,-0.));
#146 = DIRECTION('',(-0.707106781187,0.707106781187,0.));
#147 = DEFINITIONAL_REPRESENTATION('',(#148),#152);
#148 = ( BOUNDED_CURVE() B_SPLINE_CURVE(2,(#149,#150,#151),
.UNSPECIFIED.,.F.,.F.) B_SPLINE_CURVE_WITH_KNOTS((3,3),(-3.951702020037,
-3.681949934117),.PIECEWISE_BEZIER_KNOTS.) CURVE() 
GEOMETRIC_REPRESENTATION_ITEM() RATIONAL_B_SPLINE_CURVE((1.,
1.009109570696,1.)) REPRESENTATION_ITEM('') );
#149 = CARTESIAN_POINT('',(124.71450813258,-61.9384306682));
#150 = CARTESIAN_POINT('',(130.88145594213,7.332461181644));
#151 = CARTESIAN_POINT('',(135.59158850805,60.211569331794));
#152 = ( GEOMETRIC_REPRESENTATION_CONTEXT(2) 
PARAMETRIC_REPRESENTATION_CONTEXT() REPRESENTATION_CONTEXT('2D SPACE',''
  ) );
#153 = ADVANCED_FACE('',(#154),#142,.T.);
#154 = FACE_BOUND('',#155,.T.);
#155 = EDGE_LOOP('',(#156,#178,#179,#201));
#156 = ORIENTED_EDGE('',*,*,#157,.F.);
#157 = EDGE_CURVE('',#22,#158,#160,.T.);
#158 = VERTEX_POINT('',#159);
#159 = CARTESIAN_POINT('',(25.575327540925,-23.07532754092,1.5));
#160 = SURFACE_CURVE('',#161,(#165,#171),.PCURVE_S1.);
#161 = LINE('',#162,#163);
#162 = CARTESIAN_POINT('',(214.63203435596,-212.1320343559,1.5));
#163 = VECTOR('',#164,1.);
#164 = DIRECTION('',(-0.707106781187,0.707106781187,0.));
#165 = PCURVE('',#142,#166);
#166 = DEFINITIONAL_REPRESENTATION('',(#167),#170);
#167 = B_SPLINE_CURVE_WITH_KNOTS('',1,(#168,#169),.UNSPECIFIED.,.F.,.F.,
  (2,2),(0.,267.36655883542),.PIECEWISE_BEZIER_KNOTS.);
#168 = CARTESIAN_POINT('',(-131.087238762,60.211569331794));
#169 = CARTESIAN_POINT('',(136.27932007333,60.211569331794));
#170 = ( GEOMETRIC_REPRESENTATION_CONTEXT(2) 
PARAMETRIC_REPRESENTATION_CONTEXT() REPRESENTATION_CONTEXT('2D SPACE',''
  ) );
#171 = PCURVE('',#45,#172);
#172 = DEFINITIONAL_REPRESENTATION('',(#173),#177);
#173 = LINE('',#174,#175);
#174 = CARTESIAN_POINT('',(214.63203435596,-212.1320343559));
#175 = VECTOR('',#176,1.);
#176 = DIRECTION('',(-0.707106781187,0.707106781187));
#177 = ( GEOMETRIC_REPRESENTATION_CONTEXT(2) 
PARAMETRIC_REPRESENTATION_CONTEXT() REPRESENTATION_CONTEXT('2D SPACE',''
  ) );
#178 = ORIENTED_EDGE('',*,*,#123,.F.);
#179 = ORIENTED_EDGE('',*,*,#180,.F.);
#180 = EDGE_CURVE('',#181,#91,#183,.T.);
#181 = VERTEX_POINT('',#182);
#182 = CARTESIAN_POINT('',(33.259144981615,-30.75914498161,123.65));
#183 = SURFACE_CURVE('',#184,(#188,#194),.PCURVE_S1.);
#184 = LINE('',#185,#186);
#185 = CARTESIAN_POINT('',(33.259144981615,-30.75914498161,123.65));
#186 = VECTOR('',#187,1.);
#187 = DIRECTION('',(0.707106781187,-0.707106781187,0.));
#188 = PCURVE('',#142,#189);
#189 = DEFINITIONAL_REPRESENTATION('',(#190),#193);
#190 = B_SPLINE_CURVE_WITH_KNOTS('',1,(#191,#192),.UNSPECIFIED.,.F.,.F.,
  (2,2),(0.,256.5),.PIECEWISE_BEZIER_KNOTS.);
#191 = CARTESIAN_POINT('',(125.41276123791,-61.9384306682));
#192 = CARTESIAN_POINT('',(-131.087238762,-61.9384306682));
#193 = ( GEOMETRIC_REPRESENTATION_CONTEXT(2) 
PARAMETRIC_REPRESENTATION_CONTEXT() REPRESENTATION_CONTEXT('2D SPACE',''
  ) );
#194 = PCURVE('',#107,#195);
#195 = DEFINITIONAL_REPRESENTATION('',(#196),#200);
#196 = LINE('',#197,#198);
#197 = CARTESIAN_POINT('',(33.259144981615,-30.75914498161));
#198 = VECTOR('',#199,1.);
#199 = DIRECTION('',(0.707106781187,-0.707106781187));
#200 = ( GEOMETRIC_REPRESENTATION_CONTEXT(2) 
PARAMETRIC_REPRESENTATION_CONTEXT() REPRESENTATION_CONTEXT('2D SPACE',''
  ) );
#201 = ORIENTED_EDGE('',*,*,#202,.F.);
#202 = EDGE_CURVE('',#158,#181,#203,.T.);
#203 = SURFACE_CURVE('',#204,(#208,#214),.PCURVE_S1.);
#204 = LINE('',#205,#206);
#205 = CARTESIAN_POINT('',(25.575327540925,-23.07532754092,1.5));
#206 = VECTOR('',#207,1.);
#207 = DIRECTION('',(6.265732121346E-02,-6.265732121346E-02,
    0.996066323192));
#208 = PCURVE('',#142,#209);
#209 = DEFINITIONAL_REPRESENTATION('',(#210),#213);
#210 = B_SPLINE_CURVE_WITH_KNOTS('',1,(#211,#212),.UNSPECIFIED.,.F.,.F.,
  (2,2),(0.,122.63239621292),.PIECEWISE_BEZIER_KNOTS.);
#211 = CARTESIAN_POINT('',(136.27932007333,60.211569331794));
#212 = CARTESIAN_POINT('',(125.41276123791,-61.9384306682));
#213 = ( GEOMETRIC_REPRESENTATION_CONTEXT(2) 
PARAMETRIC_REPRESENTATION_CONTEXT() REPRESENTATION_CONTEXT('2D SPACE',''
  ) );
#214 = PCURVE('',#215,#220);
#215 = PLANE('',#216);
#216 = AXIS2_PLACEMENT_3D('',#217,#218,#219);
#217 = CARTESIAN_POINT('',(28.16723626127,-26.91723626127,62.575));
#218 = DIRECTION('',(-2.33862858818E-15,-0.998027347494,
    -6.278067899269E-02));
#219 = DIRECTION('',(0.,6.278067899269E-02,-0.998027347494));
#220 = DEFINITIONAL_REPRESENTATION('',(#221),#225);
#221 = LINE('',#222,#223);
#222 = CARTESIAN_POINT('',(61.195717886266,-2.591908720345));
#223 = VECTOR('',#224,1.);
#224 = DIRECTION('',(-0.998035099632,6.265732121346E-02));
#225 = ( GEOMETRIC_REPRESENTATION_CONTEXT(2) 
PARAMETRIC_REPRESENTATION_CONTEXT() REPRESENTATION_CONTEXT('2D SPACE',''
  ) );
#226 = ADVANCED_FACE('',(#227),#215,.T.);
#227 = FACE_BOUND('',#228,.T.);
#228 = EDGE_LOOP('',(#229,#251,#252,#274));
#229 = ORIENTED_EDGE('',*,*,#230,.F.);
#230 = EDGE_CURVE('',#158,#231,#233,.T.);
#231 = VERTEX_POINT('',#232);
#232 = CARTESIAN_POINT('',(23.075327540925,-23.07532754092,1.5));
#233 = SURFACE_CURVE('',#234,(#238,#244),.PCURVE_S1.);
#234 = LINE('',#235,#236);
#235 = CARTESIAN_POINT('',(25.575327540925,-23.07532754092,1.5));
#236 = VECTOR('',#237,1.);
#237 = DIRECTION('',(-1.,0.,0.));
#238 = PCURVE('',#215,#239);
#239 = DEFINITIONAL_REPRESENTATION('',(#240),#243);
#240 = B_SPLINE_CURVE_WITH_KNOTS('',1,(#241,#242),.UNSPECIFIED.,.F.,.F.,
  (2,2),(0.,2.5),.PIECEWISE_BEZIER_KNOTS.);
#241 = CARTESIAN_POINT('',(61.195717886266,-2.591908720345));
#242 = CARTESIAN_POINT('',(61.195717886266,-5.091908720345));
#243 = ( GEOMETRIC_REPRESENTATION_CONTEXT(2) 
PARAMETRIC_REPRESENTATION_CONTEXT() REPRESENTATION_CONTEXT('2D SPACE',''
  ) );
#244 = PCURVE('',#45,#245);
#245 = DEFINITIONAL_REPRESENTATION('',(#246),#250);
#246 = LINE('',#247,#248);
#247 = CARTESIAN_POINT('',(25.575327540925,-23.07532754092));
#248 = VECTOR('',#249,1.);
#249 = DIRECTION('',(-1.,0.));
#250 = ( GEOMETRIC_REPRESENTATION_CONTEXT(2) 
PARAMETRIC_REPRESENTATION_CONTEXT() REPRESENTATION_CONTEXT('2D SPACE',''
  ) );
#251 = ORIENTED_EDGE('',*,*,#202,.T.);
#252 = ORIENTED_EDGE('',*,*,#253,.F.);
#253 = EDGE_CURVE('',#254,#181,#256,.T.);
#254 = VERTEX_POINT('',#255);
#255 = CARTESIAN_POINT('',(30.759144981615,-30.75914498161,123.65));
#256 = SURFACE_CURVE('',#257,(#261,#267),.PCURVE_S1.);
#257 = LINE('',#258,#259);
#258 = CARTESIAN_POINT('',(30.759144981615,-30.75914498161,123.65));
#259 = VECTOR('',#260,1.);
#260 = DIRECTION('',(1.,0.,0.));
#261 = PCURVE('',#215,#262);
#262 = DEFINITIONAL_REPRESENTATION('',(#263),#266);
#263 = B_SPLINE_CURVE_WITH_KNOTS('',1,(#264,#265),.UNSPECIFIED.,.F.,.F.,
  (2,2),(0.,2.5),.PIECEWISE_BEZIER_KNOTS.);
#264 = CARTESIAN_POINT('',(-61.19571788626,2.591908720345));
#265 = CARTESIAN_POINT('',(-61.19571788626,5.091908720345));
#266 = ( GEOMETRIC_REPRESENTATION_CONTEXT(2) 
PARAMETRIC_REPRESENTATION_CONTEXT() REPRESENTATION_CONTEXT('2D SPACE',''
  ) );
#267 = PCURVE('',#107,#268);
#268 = DEFINITIONAL_REPRESENTATION('',(#269),#273);
#269 = LINE('',#270,#271);
#270 = CARTESIAN_POINT('',(30.759144981615,-30.75914498161));
#271 = VECTOR('',#272,1.);
#272 = DIRECTION('',(1.,0.));
#273 = ( GEOMETRIC_REPRESENTATION_CONTEXT(2) 
PARAMETRIC_REPRESENTATION_CONTEXT() REPRESENTATION_CONTEXT('2D SPACE',''
  ) );
#274 = ORIENTED_EDGE('',*,*,#275,.F.);
#275 = EDGE_CURVE('',#231,#254,#276,.T.);
#276 = SURFACE_CURVE('',#277,(#281,#287),.PCURVE_S1.);
#277 = LINE('',#278,#279);
#278 = CARTESIAN_POINT('',(23.075327540925,-23.07532754092,1.5));
#279 = VECTOR('',#280,1.);
#280 = DIRECTION('',(6.265732121346E-02,-6.265732121346E-02,
    0.996066323192));
#281 = PCURVE('',#215,#282);
#282 = DEFINITIONAL_REPRESENTATION('',(#283),#286);
#283 = B_SPLINE_CURVE_WITH_KNOTS('',1,(#284,#285),.UNSPECIFIED.,.F.,.F.,
  (2,2),(0.,122.63239621292),.PIECEWISE_BEZIER_KNOTS.);
#284 = CARTESIAN_POINT('',(61.195717886266,-5.091908720345));
#285 = CARTESIAN_POINT('',(-61.19571788626,2.591908720345));
#286 = ( GEOMETRIC_REPRESENTATION_CONTEXT(2) 
PARAMETRIC_REPRESENTATION_CONTEXT() REPRESENTATION_CONTEXT('2D SPACE',''
  ) );
#287 = PCURVE('',#288,#293);
#288 = PLANE('',#289);
#289 = AXIS2_PLACEMENT_3D('',#290,#291,#292);
#290 = CARTESIAN_POINT('',(13.543894538979,-13.54389453897,
    64.643065840243));
#291 = DIRECTION('',(-0.707106781187,-0.707106781187,-0.));
#292 = DIRECTION('',(-0.707106781187,0.707106781187,0.));
#293 = DEFINITIONAL_REPRESENTATION('',(#294),#298);
#294 = LINE('',#295,#296);
#295 = CARTESIAN_POINT('',(-13.4794818202,63.143065840243));
#296 = VECTOR('',#297,1.);
#297 = DIRECTION('',(-8.861083344205E-02,-0.996066323192));
#298 = ( GEOMETRIC_REPRESENTATION_CONTEXT(2) 
PARAMETRIC_REPRESENTATION_CONTEXT() REPRESENTATION_CONTEXT('2D SPACE',''
  ) );
#299 = ADVANCED_FACE('',(#300),#288,.T.);
#300 = FACE_BOUND('',#301,.T.);
#301 = EDGE_LOOP('',(#302,#538,#558,#559,#581,#740,#875,#1022,#1157,
    #1304,#1451,#1664,#1841,#2048));
#302 = ORIENTED_EDGE('',*,*,#303,.F.);
#303 = EDGE_CURVE('',#304,#306,#308,.T.);
#304 = VERTEX_POINT('',#305);
#305 = CARTESIAN_POINT('',(13.401396527931,-13.40139652793,1.5));
#306 = VERTEX_POINT('',#307);
#307 = CARTESIAN_POINT('',(16.488146117867,-16.48814611786,
    8.173592289901));
#308 = SURFACE_CURVE('',#309,(#361,#416),.PCURVE_S1.);
#309 = B_SPLINE_CURVE_WITH_KNOTS('',8,(#310,#311,#312,#313,#314,#315,
    #316,#317,#318,#319,#320,#321,#322,#323,#324,#325,#326,#327,#328,
    #329,#330,#331,#332,#333,#334,#335,#336,#337,#338,#339,#340,#341,
    #342,#343,#344,#345,#346,#347,#348,#349,#350,#351,#352,#353,#354,
    #355,#356,#357,#358,#359,#360),.UNSPECIFIED.,.F.,.F.,(9,7,7,7,7,7,7,
    9),(0.,0.182057490491,0.466007827052,0.682814118911,0.750649401648,
    0.802304982372,0.966532824899,1.),.UNSPECIFIED.);
#310 = CARTESIAN_POINT('',(13.401396513781,-13.40139651378,1.5));
#311 = CARTESIAN_POINT('',(13.517881168401,-13.5178811684,1.589120361696
    ));
#312 = CARTESIAN_POINT('',(13.633192043834,-13.63319204383,
    1.681259804363));
#313 = CARTESIAN_POINT('',(13.747124252158,-13.74712425215,
    1.776865433349));
#314 = CARTESIAN_POINT('',(13.859427290562,-13.85942729056,
    1.876360789454));
#315 = CARTESIAN_POINT('',(13.969787386217,-13.96978738621,
    1.980170010586));
#316 = CARTESIAN_POINT('',(14.077850730044,-14.07785073004,
    2.088688850225));
#317 = CARTESIAN_POINT('',(14.183197730276,-14.18319773027,
    2.202317233474));
#318 = CARTESIAN_POINT('',(14.444730482151,-14.44473048215,
    2.507173271989));
#319 = CARTESIAN_POINT('',(14.596343452786,-14.59634345278,
    2.706132566698));
#320 = CARTESIAN_POINT('',(14.740020846866,-14.74002084686,
    2.916830424348));
#321 = CARTESIAN_POINT('',(14.875715609412,-14.87571560941,
    3.137880396033));
#322 = CARTESIAN_POINT('',(15.003507693029,-15.00350769302,
    3.367995538277));
#323 = CARTESIAN_POINT('',(15.123596273545,-15.12359627354,
    3.605999420815));
#324 = CARTESIAN_POINT('',(15.236300155993,-15.23630015599,
    3.850826437146));
#325 = CARTESIAN_POINT('',(15.422822679083,-15.42282267908,
    4.292918414433));
#326 = CARTESIAN_POINT('',(15.499532205497,-15.49953220549,
    4.487736083637));
#327 = CARTESIAN_POINT('',(15.572392701492,-15.57239270149,
    4.685530362823));
#328 = CARTESIAN_POINT('',(15.641642985257,-15.64164298525,
    4.885898692832));
#329 = CARTESIAN_POINT('',(15.707566372951,-15.70756637295,
    5.088467833018));
#330 = CARTESIAN_POINT('',(15.770494109771,-15.77049410977,
    5.292891676258));
#331 = CARTESIAN_POINT('',(15.830808801025,-15.83080880102,5.49884906396
    ));
#332 = CARTESIAN_POINT('',(15.907138636142,-15.90713863614,
    5.770868890991));
#333 = CARTESIAN_POINT('',(15.925116352033,-15.92511635203,
    5.835816665653));
#334 = CARTESIAN_POINT('',(15.942894344924,-15.94289434492,
    5.900875668719));
#335 = CARTESIAN_POINT('',(15.960486502566,-15.96048650256,
    5.966036735949));
#336 = CARTESIAN_POINT('',(15.977907246406,-15.9779072464,6.031290795212
    ));
#337 = CARTESIAN_POINT('',(15.995171531589,-15.99517153158,
    6.096628866483));
#338 = CARTESIAN_POINT('',(16.012294846956,-16.01229484695,
    6.162042061848));
#339 = CARTESIAN_POINT('',(16.042237225005,-16.042237225,6.277383289956)
  );
#340 = CARTESIAN_POINT('',(16.055108305365,-16.05510830536,6.32728370787
    ));
#341 = CARTESIAN_POINT('',(16.067919099372,-16.06791909937,
    6.377216048996));
#342 = CARTESIAN_POINT('',(16.080654926135,-16.08065492613,
    6.427187601755));
#343 = CARTESIAN_POINT('',(16.093331324716,-16.09333132471,
    6.477190149294));
#344 = CARTESIAN_POINT('',(16.105938782316,-16.10593878231,
    6.527228382535));
#345 = CARTESIAN_POINT('',(16.118482774974,-16.11848277497,6.57729925499
    ));
#346 = CARTESIAN_POINT('',(16.170639230502,-16.1706392305,6.786697090659
    ));
#347 = CARTESIAN_POINT('',(16.209668369146,-16.20966836914,6.94632178358
    ));
#348 = CARTESIAN_POINT('',(16.248070100626,-16.24807010062,
    7.106260641503));
#349 = CARTESIAN_POINT('',(16.285860573312,-16.28586057331,
    7.266499443325));
#350 = CARTESIAN_POINT('',(16.323051792222,-16.32305179222,
    7.427026246246));
#351 = CARTESIAN_POINT('',(16.359651483093,-16.35965148309,7.58783145342
    ));
#352 = CARTESIAN_POINT('',(16.395662956458,-16.39566295645,
    7.748907881601));
#353 = CARTESIAN_POINT('',(16.438303448006,-16.438303448,7.943130105422)
  );
#354 = CARTESIAN_POINT('',(16.445497442423,-16.44549744242,
    7.976020435285));
#355 = CARTESIAN_POINT('',(16.452666943987,-16.45266694398,
    8.008921774271));
#356 = CARTESIAN_POINT('',(16.459811933762,-16.45981193376,
    8.041834081523));
#357 = CARTESIAN_POINT('',(16.466932384859,-16.46693238485,
    8.074757319435));
#358 = CARTESIAN_POINT('',(16.474028262434,-16.47402826243,
    8.107691453659));
#359 = CARTESIAN_POINT('',(16.481099523687,-16.48109952368,
    8.140636453095));
#360 = CARTESIAN_POINT('',(16.488146117867,-16.48814611786,
    8.173592289901));
#361 = PCURVE('',#288,#362);
#362 = DEFINITIONAL_REPRESENTATION('',(#363),#415);
#363 = B_SPLINE_CURVE_WITH_KNOTS('',8,(#364,#365,#366,#367,#368,#369,
    #370,#371,#372,#373,#374,#375,#376,#377,#378,#379,#380,#381,#382,
    #383,#384,#385,#386,#387,#388,#389,#390,#391,#392,#393,#394,#395,
    #396,#397,#398,#399,#400,#401,#402,#403,#404,#405,#406,#407,#408,
    #409,#410,#411,#412,#413,#414),.UNSPECIFIED.,.F.,.F.,(9,7,7,7,7,7,7,
    9),(0.,0.182057490491,0.466007827052,0.682814118911,0.750649401648,
    0.802304982372,0.966532824899,1.),.UNSPECIFIED.);
#364 = CARTESIAN_POINT('',(0.201522639848,63.143065840243));
#365 = CARTESIAN_POINT('',(3.678846147501E-02,63.053945478547));
#366 = CARTESIAN_POINT('',(-0.126285742452,62.96180603588));
#367 = CARTESIAN_POINT('',(-0.287410216655,62.866200406894));
#368 = CARTESIAN_POINT('',(-0.446230696661,62.766705050789));
#369 = CARTESIAN_POINT('',(-0.602303440681,62.662895829657));
#370 = CARTESIAN_POINT('',(-0.755128087117,62.554376990018));
#371 = CARTESIAN_POINT('',(-0.9041112436,62.440748606769));
#372 = CARTESIAN_POINT('',(-1.273974408306,62.135892568254));
#373 = CARTESIAN_POINT('',(-1.48838752761,61.936933273545));
#374 = CARTESIAN_POINT('',(-1.691578046925,61.726235415895));
#375 = CARTESIAN_POINT('',(-1.88347942046,61.50518544421));
#376 = CARTESIAN_POINT('',(-2.064204718275,61.275070301966));
#377 = CARTESIAN_POINT('',(-2.234035617527,61.037066419429));
#378 = CARTESIAN_POINT('',(-2.393422976617,60.792239403097));
#379 = CARTESIAN_POINT('',(-2.657205658459,60.35014742581));
#380 = CARTESIAN_POINT('',(-2.765689311077,60.155329756606));
#381 = CARTESIAN_POINT('',(-2.868729612674,59.957535477421));
#382 = CARTESIAN_POINT('',(-2.966664303173,59.757167147411));
#383 = CARTESIAN_POINT('',(-3.059894052127,59.554598007225));
#384 = CARTESIAN_POINT('',(-3.148887310987,59.350174163985));
#385 = CARTESIAN_POINT('',(-3.234185165369,59.144216776283));
#386 = CARTESIAN_POINT('',(-3.342131853406,58.872196949252));
#387 = CARTESIAN_POINT('',(-3.367556183039,58.80724917459));
#388 = CARTESIAN_POINT('',(-3.392698061698,58.742190171525));
#389 = CARTESIAN_POINT('',(-3.417577129626,58.677029104294));
#390 = CARTESIAN_POINT('',(-3.442213781831,58.611775045031));
#391 = CARTESIAN_POINT('',(-3.466629168081,58.54643697376));
#392 = CARTESIAN_POINT('',(-3.490845192907,58.481023778395));
#393 = CARTESIAN_POINT('',(-3.533190110034,58.365682550287));
#394 = CARTESIAN_POINT('',(-3.551392566441,58.315782132373));
#395 = CARTESIAN_POINT('',(-3.56950976507,58.265849791247));
#396 = CARTESIAN_POINT('',(-3.587520944007,58.215878238488));
#397 = CARTESIAN_POINT('',(-3.605448078802,58.165875690949));
#398 = CARTESIAN_POINT('',(-3.623277716326,58.115837457708));
#399 = CARTESIAN_POINT('',(-3.641017600869,58.065766585253));
#400 = CARTESIAN_POINT('',(-3.714777967643,57.856368749584));
#401 = CARTESIAN_POINT('',(-3.769973504841,57.696744056664));
#402 = CARTESIAN_POINT('',(-3.824281754318,57.53680519874));
#403 = CARTESIAN_POINT('',(-3.87772555332,57.376566396918));
#404 = CARTESIAN_POINT('',(-3.930321879503,57.216039593997));
#405 = CARTESIAN_POINT('',(-3.982081658712,57.055234386823));
#406 = CARTESIAN_POINT('',(-4.033009572746,56.894157958642));
#407 = CARTESIAN_POINT('',(-4.093312334199,56.699935734821));
#408 = CARTESIAN_POINT('',(-4.103486178671,56.667045404958));
#409 = CARTESIAN_POINT('',(-4.113625385018,56.634144065972));
#410 = CARTESIAN_POINT('',(-4.123729926462,56.601231758721));
#411 = CARTESIAN_POINT('',(-4.133799764973,56.568308520808));
#412 = CARTESIAN_POINT('',(-4.143834851276,56.535374386584));
#413 = CARTESIAN_POINT('',(-4.153835124844,56.502429387148));
#414 = CARTESIAN_POINT('',(-4.163800513902,56.469473550343));
#415 = ( GEOMETRIC_REPRESENTATION_CONTEXT(2) 
PARAMETRIC_REPRESENTATION_CONTEXT() REPRESENTATION_CONTEXT('2D SPACE',''
  ) );
#416 = PCURVE('',#417,#484);
#417 = ( BOUNDED_SURFACE() B_SPLINE_SURFACE(1,3,(
    (#418,#419,#420,#421,#422,#423,#424,#425,#426,#427,#428,#429,#430
      ,#431,#432,#433,#434,#435,#436,#437,#438,#439,#440,#441,#442,#443
      ,#444,#445,#446,#447,#448,#449,#450)
    ,(#451,#452,#453,#454,#455,#456,#457,#458,#459,#460,#461,#462,#463
      ,#464,#465,#466,#467,#468,#469,#470,#471,#472,#473,#474,#475,#476
      ,#477,#478,#479,#480,#481,#482,#483
)),.UNSPECIFIED.,.F.,.F.,.F.) B_SPLINE_SURFACE_WITH_KNOTS((2,2),(4,1,1,1
    ,1,1,1,1,1,1,1,1,1,1,1,1,1,1,1,1,1,1,1,1,1,1,1,1,1,1,4),(27.,28.),(
    0.,3.068165821138E-02,6.601269782959E-02,9.830800907E-02,
    0.127216197096,0.157262707878,0.188138205668,0.219565799738,
    0.251333925196,0.283659313393,0.31744062664,0.35073174851,
    0.384111710396,0.417581465102,0.45114195778,0.484794125941,
    0.51853889945,0.552377200543,0.586309943827,0.620338036294,
    0.654462377335,0.688683858749,0.723003364765,0.757421772058,
    0.791939949764,0.826558759507,0.861279055419,0.896101684163,
    0.931027484962,0.96605728962,1.),.UNSPECIFIED.) 
GEOMETRIC_REPRESENTATION_ITEM() RATIONAL_B_SPLINE_SURFACE((
    (1.,1.000000000002,0.999999999999,1.,1.,1.,1.,1.,1.,1.,1.,1.,1.,1.
      ,1.,1.,1.,1.,1.,1.,1.,1.,1.,1.,1.,1.,1.,1.,0.999999999999
      ,1.000000000003,0.999999999988,1.000000000025,1.)
    ,(1.,1.000000000002,0.999999999999,1.,1.,1.,1.,1.,1.,1.,1.,1.,1.,1.
      ,1.,1.,1.,1.,1.,1.,1.,1.,1.,1.,1.,1.,1.,1.,0.999999999999
      ,1.000000000003,0.999999999988,1.000000000025,1.
))) REPRESENTATION_ITEM('') SURFACE() );
#418 = CARTESIAN_POINT('',(5.733201379855,-12.56918081055,
    -10.11982966802));
#419 = CARTESIAN_POINT('',(9.199916797257,-17.29004224091,
    -12.85547423447));
#420 = CARTESIAN_POINT('',(5.297626796946,-9.590119482788,
    -2.952170729409));
#421 = CARTESIAN_POINT('',(7.438484095702,-11.4602939082,2.074211451366)
  );
#422 = CARTESIAN_POINT('',(12.234276433258,-15.82891775764,
    3.324693262476));
#423 = CARTESIAN_POINT('',(15.281293327796,-16.39608406593,
    6.627972299613));
#424 = CARTESIAN_POINT('',(18.19802421304,-16.66532599974,
    10.293545432463));
#425 = CARTESIAN_POINT('',(20.710118305205,-16.07346605819,
    14.436104726298));
#426 = CARTESIAN_POINT('',(22.839012145711,-14.94708671671,
    18.810975887307));
#427 = CARTESIAN_POINT('',(24.576960531188,-13.36685228601,
    23.338395863153));
#428 = CARTESIAN_POINT('',(25.629950027898,-11.31845359803,
    28.043852332174));
#429 = CARTESIAN_POINT('',(26.878281994939,-9.471079301826,
    33.366718058391));
#430 = CARTESIAN_POINT('',(27.91824013674,-7.331615814655,
    38.364162653567));
#431 = CARTESIAN_POINT('',(28.803516772921,-5.137776535382,
    43.430315313796));
#432 = CARTESIAN_POINT('',(29.508475713971,-2.838080658584,
    48.470245820927));
#433 = CARTESIAN_POINT('',(30.02920689377,-0.460837257152,
    53.517229585308));
#434 = CARTESIAN_POINT('',(30.355797059834,1.98260024035,58.562314412655
    ));
#435 = CARTESIAN_POINT('',(30.481512132844,4.475239033778,
    63.607908825541));
#436 = CARTESIAN_POINT('',(30.400429124542,7.000656206991,
    68.653364824306));
#437 = CARTESIAN_POINT('',(30.108164592518,9.54146798611,73.698856747151
    ));
#438 = CARTESIAN_POINT('',(29.601758196354,12.079889951824,
    78.744337770558));
#439 = CARTESIAN_POINT('',(28.879770802445,14.597742235302,
    83.78982021861));
#440 = CARTESIAN_POINT('',(27.942312185262,17.076610373336,
    88.835301850638));
#441 = CARTESIAN_POINT('',(26.791071421728,19.497970078911,
    93.880779285128));
#442 = CARTESIAN_POINT('',(25.429340949109,21.843324024145,
    98.926268414461));
#443 = CARTESIAN_POINT('',(23.86199455367,24.09434507952,103.97170885322
    ));
#444 = CARTESIAN_POINT('',(22.095586223907,26.232993891643,
    109.01732721786));
#445 = CARTESIAN_POINT('',(20.137938010747,28.241739339203,
    114.06227402731));
#446 = CARTESIAN_POINT('',(17.999586281638,30.103391627484,
    119.10973365218));
#447 = CARTESIAN_POINT('',(15.688204141811,31.802381675355,
    124.14776911856));
#448 = CARTESIAN_POINT('',(13.257185398837,33.303388281674,
    129.16358721253));
#449 = CARTESIAN_POINT('',(11.531000125871,34.177773965141,
    132.39837068759));
#450 = CARTESIAN_POINT('',(10.588208124339,34.590939475468,
    133.73002152875));
#451 = CARTESIAN_POINT('',(9.352352473758,-12.9820454169,-10.11982966802
    ));
#452 = CARTESIAN_POINT('',(12.327722438703,-15.8422482139,
    -13.20549020304));
#453 = CARTESIAN_POINT('',(9.351128724746,-10.71565703892,
    -2.349153047964));
#454 = CARTESIAN_POINT('',(10.47381573779,-10.73769839505,0.402167973074
    ));
#455 = CARTESIAN_POINT('',(15.787419791615,-13.768205503,0.556268184895)
  );
#456 = CARTESIAN_POINT('',(20.334819113998,-14.69112103431,
    4.338199718794));
#457 = CARTESIAN_POINT('',(23.932289751494,-14.51551563755,
    8.389705231602));
#458 = CARTESIAN_POINT('',(26.910752175025,-13.46584728118,
    13.012356568386));
#459 = CARTESIAN_POINT('',(29.212995291015,-11.77757678928,
    17.855593946091));
#460 = CARTESIAN_POINT('',(30.919421980521,-9.626933600541,
    22.862616673986));
#461 = CARTESIAN_POINT('',(31.676289631597,-7.066431880643,
    28.032637662535));
#462 = CARTESIAN_POINT('',(32.644110251474,-4.68095380449,
    32.865744682983));
#463 = CARTESIAN_POINT('',(33.350189885952,-2.019132133496,
    37.987629462079));
#464 = CARTESIAN_POINT('',(33.857470794183,0.671682918641,
    43.013612385695));
#465 = CARTESIAN_POINT('',(34.139077480076,3.441362337582,
    48.057464389687));
#466 = CARTESIAN_POINT('',(34.193250543875,6.257632253586,
    53.096507709553));
#467 = CARTESIAN_POINT('',(34.012299039251,9.105165174217,
    58.136843432611));
#468 = CARTESIAN_POINT('',(33.592146741715,11.963204204351,
    63.176830119094));
#469 = CARTESIAN_POINT('',(32.929850558975,14.811754046115,
    68.21690940437));
#470 = CARTESIAN_POINT('',(32.024340298633,17.630094700157,
    73.256962481845));
#471 = CARTESIAN_POINT('',(30.876276434181,20.397367732474,
    78.297021288927));
#472 = CARTESIAN_POINT('',(29.488128971211,23.092610655026,
    83.337077385979));
#473 = CARTESIAN_POINT('',(27.864180988375,25.694943948982,
    88.377132512319));
#474 = CARTESIAN_POINT('',(26.010532752508,28.183720555911,
    93.417188239103));
#475 = CARTESIAN_POINT('',(23.935098551569,30.538684467694,
    98.457236548315));
#476 = CARTESIAN_POINT('',(21.647549954766,32.740135877069,
    103.49730811583));
#477 = CARTESIAN_POINT('',(19.159398691831,34.769058918754,
    108.53728784062));
#478 = CARTESIAN_POINT('',(16.483489620378,36.607383999014,
    113.57760725616));
#479 = CARTESIAN_POINT('',(13.635640393458,38.237730821425,
    118.61664877333));
#480 = CARTESIAN_POINT('',(10.628170134951,39.645078524207,
    123.66047617316));
#481 = CARTESIAN_POINT('',(7.529321155707,40.797960490594,
    128.62935510852));
#482 = CARTESIAN_POINT('',(5.372831756674,41.405944425226,
    131.96152364674));
#483 = CARTESIAN_POINT('',(4.211543056896,41.684512710909,
    133.73002152875));
#484 = DEFINITIONAL_REPRESENTATION('',(#485),#537);
#485 = B_SPLINE_CURVE_WITH_KNOTS('',8,(#486,#487,#488,#489,#490,#491,
    #492,#493,#494,#495,#496,#497,#498,#499,#500,#501,#502,#503,#504,
    #505,#506,#507,#508,#509,#510,#511,#512,#513,#514,#515,#516,#517,
    #518,#519,#520,#521,#522,#523,#524,#525,#526,#527,#528,#529,#530,
    #531,#532,#533,#534,#535,#536),.UNSPECIFIED.,.F.,.F.,(9,7,7,7,7,7,7,
    9),(0.,0.182057490491,0.466007827052,0.682814118911,0.750649401648,
    0.802304982372,0.966532824899,1.),.UNSPECIFIED.);
#486 = CARTESIAN_POINT('',(27.69324681202,8.935436492305E-02));
#487 = CARTESIAN_POINT('',(27.678378974805,9.048724355296E-02));
#488 = CARTESIAN_POINT('',(27.663538988899,9.161426730826E-02));
#489 = CARTESIAN_POINT('',(27.648683162391,9.2737741515E-02));
#490 = CARTESIAN_POINT('',(27.633774373638,9.385941623027E-02));
#491 = CARTESIAN_POINT('',(27.618779481912,9.498059461656E-02));
#492 = CARTESIAN_POINT('',(27.603669543222,9.6102228754E-02));
#493 = CARTESIAN_POINT('',(27.588417575941,9.722493592424E-02));
#494 = CARTESIAN_POINT('',(27.548953412429,0.100102269524));
#495 = CARTESIAN_POINT('',(27.524514310784,0.101858290182));
#496 = CARTESIAN_POINT('',(27.499750847679,0.103616657596));
#497 = CARTESIAN_POINT('',(27.474722797825,0.105377445343));
#498 = CARTESIAN_POINT('',(27.449484145308,0.107141082974));
#499 = CARTESIAN_POINT('',(27.424085258357,0.108908251698));
#500 = CARTESIAN_POINT('',(27.398574575386,0.110679835212));
#501 = CARTESIAN_POINT('',(27.353472543478,0.113813798189));
#502 = CARTESIAN_POINT('',(27.333908408319,0.115173846993));
#503 = CARTESIAN_POINT('',(27.314329110533,0.116537523975));
#504 = CARTESIAN_POINT('',(27.294756569245,0.117905317817));
#505 = CARTESIAN_POINT('',(27.275213272362,0.119277748652));
#506 = CARTESIAN_POINT('',(27.255722639936,0.120655362702));
#507 = CARTESIAN_POINT('',(27.23630938752,0.122038726903));
#508 = CARTESIAN_POINT('',(27.210958250955,0.123863237786));
#509 = CARTESIAN_POINT('',(27.204926809054,0.124298669139));
#510 = CARTESIAN_POINT('',(27.198906381357,0.124734734645));
#511 = CARTESIAN_POINT('',(27.192897812361,0.125171450741));
#512 = CARTESIAN_POINT('',(27.186901973526,0.125608833255));
#513 = CARTESIAN_POINT('',(27.180919763277,0.126046897404));
#514 = CARTESIAN_POINT('',(27.174952107005,0.126485657795));
#515 = CARTESIAN_POINT('',(27.164467481492,0.127259778916));
#516 = CARTESIAN_POINT('',(27.159943966714,0.127594840207));
#517 = CARTESIAN_POINT('',(27.15543018401,0.127930330647));
#518 = CARTESIAN_POINT('',(27.150925216507,0.128266205463));
#519 = CARTESIAN_POINT('',(27.146429998574,0.128602490732));
#520 = CARTESIAN_POINT('',(27.14194391936,0.128939154415));
#521 = CARTESIAN_POINT('',(27.137467287746,0.129276199638));
#522 = CARTESIAN_POINT('',(27.118797300444,0.130686356825));
#523 = CARTESIAN_POINT('',(27.104689404323,0.131762844746));
#524 = CARTESIAN_POINT('',(27.090676459782,0.132842830274));
#525 = CARTESIAN_POINT('',(27.076757996146,0.133926084472));
#526 = CARTESIAN_POINT('',(27.06293297331,0.135012399849));
#527 = CARTESIAN_POINT('',(27.049199811032,0.136101591764));
#528 = CARTESIAN_POINT('',(27.035556418237,0.137193499835));
#529 = CARTESIAN_POINT('',(27.019237672585,0.138511029919));
#530 = CARTESIAN_POINT('',(27.016478745249,0.138734177592));
#531 = CARTESIAN_POINT('',(27.013723418872,0.138957431194));
#532 = CARTESIAN_POINT('',(27.010971671285,0.13918078959));
#533 = CARTESIAN_POINT('',(27.008223479593,0.139404251684));
#534 = CARTESIAN_POINT('',(27.005478820172,0.139627816416));
#535 = CARTESIAN_POINT('',(27.002737668668,0.139851482762));
#536 = CARTESIAN_POINT('',(27.,0.140075249738));
#537 = ( GEOMETRIC_REPRESENTATION_CONTEXT(2) 
PARAMETRIC_REPRESENTATION_CONTEXT() REPRESENTATION_CONTEXT('2D SPACE',''
  ) );
#538 = ORIENTED_EDGE('',*,*,#539,.F.);
#539 = EDGE_CURVE('',#231,#304,#540,.T.);
#540 = SURFACE_CURVE('',#541,(#545,#551),.PCURVE_S1.);
#541 = LINE('',#542,#543);
#542 = CARTESIAN_POINT('',(23.075327540925,-23.07532754092,1.5));
#543 = VECTOR('',#544,1.);
#544 = DIRECTION('',(-0.707106781187,0.707106781187,0.));
#545 = PCURVE('',#288,#546);
#546 = DEFINITIONAL_REPRESENTATION('',(#547),#550);
#547 = B_SPLINE_CURVE_WITH_KNOTS('',1,(#548,#549),.UNSPECIFIED.,.F.,.F.,
  (2,2),(0.,32.633441164577),.PIECEWISE_BEZIER_KNOTS.);
#548 = CARTESIAN_POINT('',(-13.4794818202,63.143065840243));
#549 = CARTESIAN_POINT('',(19.153959344375,63.143065840243));
#550 = ( GEOMETRIC_REPRESENTATION_CONTEXT(2) 
PARAMETRIC_REPRESENTATION_CONTEXT() REPRESENTATION_CONTEXT('2D SPACE',''
  ) );
#551 = PCURVE('',#45,#552);
#552 = DEFINITIONAL_REPRESENTATION('',(#553),#557);
#553 = LINE('',#554,#555);
#554 = CARTESIAN_POINT('',(23.075327540925,-23.07532754092));
#555 = VECTOR('',#556,1.);
#556 = DIRECTION('',(-0.707106781187,0.707106781187));
#557 = ( GEOMETRIC_REPRESENTATION_CONTEXT(2) 
PARAMETRIC_REPRESENTATION_CONTEXT() REPRESENTATION_CONTEXT('2D SPACE',''
  ) );
#558 = ORIENTED_EDGE('',*,*,#275,.T.);
#559 = ORIENTED_EDGE('',*,*,#560,.F.);
#560 = EDGE_CURVE('',#561,#254,#563,.T.);
#561 = VERTEX_POINT('',#562);
#562 = CARTESIAN_POINT('',(26.204676362659,-26.20467636266,123.65));
#563 = SURFACE_CURVE('',#564,(#568,#574),.PCURVE_S1.);
#564 = LINE('',#565,#566);
#565 = CARTESIAN_POINT('',(0.,0.,123.65));
#566 = VECTOR('',#567,1.);
#567 = DIRECTION('',(0.707106781187,-0.707106781187,0.));
#568 = PCURVE('',#288,#569);
#569 = DEFINITIONAL_REPRESENTATION('',(#570),#573);
#570 = B_SPLINE_CURVE_WITH_KNOTS('',1,(#571,#572),.UNSPECIFIED.,.F.,.F.,
  (2,2),(0.,43.5),.PIECEWISE_BEZIER_KNOTS.);
#571 = CARTESIAN_POINT('',(19.153959344375,-59.00693415975));
#572 = CARTESIAN_POINT('',(-24.34604065562,-59.00693415975));
#573 = ( GEOMETRIC_REPRESENTATION_CONTEXT(2) 
PARAMETRIC_REPRESENTATION_CONTEXT() REPRESENTATION_CONTEXT('2D SPACE',''
  ) );
#574 = PCURVE('',#107,#575);
#575 = DEFINITIONAL_REPRESENTATION('',(#576),#580);
#576 = LINE('',#577,#578);
#577 = CARTESIAN_POINT('',(0.,0.));
#578 = VECTOR('',#579,1.);
#579 = DIRECTION('',(0.707106781187,-0.707106781187));
#580 = ( GEOMETRIC_REPRESENTATION_CONTEXT(2) 
PARAMETRIC_REPRESENTATION_CONTEXT() REPRESENTATION_CONTEXT('2D SPACE',''
  ) );
#581 = ORIENTED_EDGE('',*,*,#582,.F.);
#582 = EDGE_CURVE('',#583,#561,#585,.T.);
#583 = VERTEX_POINT('',#584);
#584 = CARTESIAN_POINT('',(28.47620831383,-28.47620831383,
    115.45998695978));
#585 = SURFACE_CURVE('',#586,(#613,#643),.PCURVE_S1.);
#586 = B_SPLINE_CURVE_WITH_KNOTS('',7,(#587,#588,#589,#590,#591,#592,
    #593,#594,#595,#596,#597,#598,#599,#600,#601,#602,#603,#604,#605,
    #606,#607,#608,#609,#610,#611,#612),.UNSPECIFIED.,.F.,.F.,(8,6,6,6,8
    ),(0.,0.236921411446,0.482142826776,0.953507580995,1.),
  .UNSPECIFIED.);
#587 = CARTESIAN_POINT('',(28.47620831383,-28.47620831383,
    115.45998695978));
#588 = CARTESIAN_POINT('',(28.386309363331,-28.38630936333,
    115.7293301484));
#589 = CARTESIAN_POINT('',(28.297482910915,-28.29748291091,
    115.99940180304));
#590 = CARTESIAN_POINT('',(28.209723346262,-28.20972334626,
    116.2701853864));
#591 = CARTESIAN_POINT('',(28.123024633126,-28.12302463312,
    116.54166449271));
#592 = CARTESIAN_POINT('',(28.037380309327,-28.03738030932,
    116.81382284783));
#593 = CARTESIAN_POINT('',(27.952783486757,-27.95278348675,
    117.08664430917));
#594 = CARTESIAN_POINT('',(27.782742998936,-27.78274299893,
    117.64316177244));
#595 = CARTESIAN_POINT('',(27.697373854205,-27.6973738542,
    117.92690399058));
#596 = CARTESIAN_POINT('',(27.613109350826,-27.61310935082,
    118.21132090549));
#597 = CARTESIAN_POINT('',(27.529946488296,-27.52994648829,
    118.49639798028));
#598 = CARTESIAN_POINT('',(27.447868172594,-27.44786817259,
    118.78211364102));
#599 = CARTESIAN_POINT('',(27.366870812898,-27.36687081289,
    119.06845368514));
#600 = CARTESIAN_POINT('',(27.133323419641,-27.13332341964,
    119.90698031349));
#601 = CARTESIAN_POINT('',(26.983671604141,-26.98367160414,
    120.46081071961));
#602 = CARTESIAN_POINT('',(26.837953673608,-26.8379536736,121.0167932335
    ));
#603 = CARTESIAN_POINT('',(26.696136961087,-26.69613696108,
    121.57483303491));
#604 = CARTESIAN_POINT('',(26.558194108839,-26.55819410883,
    122.13484153576));
#605 = CARTESIAN_POINT('',(26.424101103972,-26.42410110397,
    122.69673536459));
#606 = CARTESIAN_POINT('',(26.280986725741,-26.28098672574,
    123.31603512953));
#607 = CARTESIAN_POINT('',(26.268175372189,-26.26817537218,
    123.37165247311));
#608 = CARTESIAN_POINT('',(26.255401231828,-26.25540123182,
    123.42728730566));
#609 = CARTESIAN_POINT('',(26.242664283208,-26.2426642832,
    123.48293955101));
#610 = CARTESIAN_POINT('',(26.229964505032,-26.22996450503,
    123.53860913283));
#611 = CARTESIAN_POINT('',(26.217301876149,-26.21730187614,
    123.59429597469));
#612 = CARTESIAN_POINT('',(26.20467637556,-26.20467637556,123.65));
#613 = PCURVE('',#288,#614);
#614 = DEFINITIONAL_REPRESENTATION('',(#615),#642);
#615 = B_SPLINE_CURVE_WITH_KNOTS('',7,(#616,#617,#618,#619,#620,#621,
    #622,#623,#624,#625,#626,#627,#628,#629,#630,#631,#632,#633,#634,
    #635,#636,#637,#638,#639,#640,#641),.UNSPECIFIED.,.F.,.F.,(8,6,6,6,8
    ),(0.,0.236921411446,0.482142826776,0.953507580995,1.),
  .UNSPECIFIED.);
#616 = CARTESIAN_POINT('',(-21.117480658,-50.81692111954));
#617 = CARTESIAN_POINT('',(-20.99034434296,-51.08626430815));
#618 = CARTESIAN_POINT('',(-20.86472476926,-51.3563359628));
#619 = CARTESIAN_POINT('',(-20.7406140027,-51.62711954615));
#620 = CARTESIAN_POINT('',(-20.61800350674,-51.89859865247));
#621 = CARTESIAN_POINT('',(-20.49688414248,-52.17075700759));
#622 = CARTESIAN_POINT('',(-20.37724616867,-52.44357846892));
#623 = CARTESIAN_POINT('',(-20.13677260464,-53.0000959322));
#624 = CARTESIAN_POINT('',(-20.01604240236,-53.28383815034));
#625 = CARTESIAN_POINT('',(-19.89687439885,-53.56825506524));
#626 = CARTESIAN_POINT('',(-19.77926435077,-53.85333214004));
#627 = CARTESIAN_POINT('',(-19.66318808353,-54.13904780078));
#628 = CARTESIAN_POINT('',(-19.54864051893,-54.42538784489));
#629 = CARTESIAN_POINT('',(-19.21835462793,-55.26391447325));
#630 = CARTESIAN_POINT('',(-19.00671500082,-55.81774487936));
#631 = CARTESIAN_POINT('',(-18.80063872718,-56.37372739326));
#632 = CARTESIAN_POINT('',(-18.60007960896,-56.93176719467));
#633 = CARTESIAN_POINT('',(-18.40499895648,-57.49177569552));
#634 = CARTESIAN_POINT('',(-18.21536281037,-58.05366952435));
#635 = CARTESIAN_POINT('',(-18.01296851571,-58.67296928929));
#636 = CARTESIAN_POINT('',(-17.99485052576,-58.72858663287));
#637 = CARTESIAN_POINT('',(-17.97678516322,-58.78422146542));
#638 = CARTESIAN_POINT('',(-17.95877239774,-58.83987371076));
#639 = CARTESIAN_POINT('',(-17.9408121992,-58.89554329259));
#640 = CARTESIAN_POINT('',(-17.9229045377,-58.95123013444));
#641 = CARTESIAN_POINT('',(-17.90504938354,-59.00693415975));
#642 = ( GEOMETRIC_REPRESENTATION_CONTEXT(2) 
PARAMETRIC_REPRESENTATION_CONTEXT() REPRESENTATION_CONTEXT('2D SPACE',''
  ) );
#643 = PCURVE('',#644,#711);
#644 = ( BOUNDED_SURFACE() B_SPLINE_SURFACE(1,3,(
    (#645,#646,#647,#648,#649,#650,#651,#652,#653,#654,#655,#656,#657
      ,#658,#659,#660,#661,#662,#663,#664,#665,#666,#667,#668,#669,#670
      ,#671,#672,#673,#674,#675,#676,#677)
    ,(#678,#679,#680,#681,#682,#683,#684,#685,#686,#687,#688,#689,#690
      ,#691,#692,#693,#694,#695,#696,#697,#698,#699,#700,#701,#702,#703
      ,#704,#705,#706,#707,#708,#709,#710
)),.UNSPECIFIED.,.F.,.F.,.F.) B_SPLINE_SURFACE_WITH_KNOTS((2,2),(4,1,1,1
    ,1,1,1,1,1,1,1,1,1,1,1,1,1,1,1,1,1,1,1,1,1,1,1,1,1,1,4),(17.,18.),(
    0.,3.068165821138E-02,6.601269782959E-02,9.830800907E-02,
    0.127216197096,0.157262707878,0.188138205668,0.219565799738,
    0.251333925196,0.283659313393,0.31744062664,0.35073174851,
    0.384111710396,0.417581465102,0.45114195778,0.484794125941,
    0.51853889945,0.552377200543,0.586309943827,0.620338036294,
    0.654462377335,0.688683858749,0.723003364765,0.757421772058,
    0.791939949764,0.826558759507,0.861279055419,0.896101684163,
    0.931027484962,0.96605728962,1.),.UNSPECIFIED.) 
GEOMETRIC_REPRESENTATION_ITEM() RATIONAL_B_SPLINE_SURFACE((
    (1.,1.000000000002,0.999999999999,1.,1.,1.,1.,1.,1.,1.,1.,1.,1.,1.
      ,1.,1.,1.,1.,1.,1.,1.,1.,1.,1.,1.,1.,1.,1.,0.999999999999
      ,1.000000000003,0.999999999988,1.000000000025,1.)
    ,(1.,1.000000000002,0.999999999999,1.,1.,1.,1.,1.,1.,1.,1.,1.,1.,1.
      ,1.,1.,1.,1.,1.,1.,1.,1.,1.,1.,1.,1.,1.,1.,0.999999999999
      ,1.000000000003,0.999999999988,1.000000000025,1.
))) REPRESENTATION_ITEM('') SURFACE() );
#645 = CARTESIAN_POINT('',(-13.80641007378,-0.486770156014,
    -10.11982966802));
#646 = CARTESIAN_POINT('',(-19.49457188062,-1.883002119189,
    -12.85547423447));
#647 = CARTESIAN_POINT('',(-10.88742911023,-1.224389128179,
    -2.952170729409));
#648 = CARTESIAN_POINT('',(-13.43451560376,-2.48659860021,2.074211451366
    ));
#649 = CARTESIAN_POINT('',(-19.30586803605,-5.245533013658,
    3.324693262476));
#650 = CARTESIAN_POINT('',(-20.99590426351,-7.843564408152,
    6.627972299613));
#651 = CARTESIAN_POINT('',(-22.36083596189,-10.4352379475,
    10.293545432463));
#652 = CARTESIAN_POINT('',(-22.7753654654,-12.98260525691,
    14.436104726298));
#653 = CARTESIAN_POINT('',(-22.54941904799,-15.38049341558,
    18.810975887307));
#654 = CARTESIAN_POINT('',(-21.75455685432,-17.59087789337,
    23.338395863153));
#655 = CARTESIAN_POINT('',(-20.26504486692,-19.3476015781,
    28.043852332174));
#656 = CARTESIAN_POINT('',(-19.03600952764,-21.20786946876,
    33.366718058391));
#657 = CARTESIAN_POINT('',(-17.45737775251,-22.98740274133,
    38.364162653567));
#658 = CARTESIAN_POINT('',(-15.7693152465,-24.64483765156,
    43.430315313796));
#659 = CARTESIAN_POINT('',(-13.91444940216,-26.17619029998,
    48.470245820927));
#660 = CARTESIAN_POINT('',(-11.91743807501,-27.56701484337,
    53.517229585308));
#661 = CARTESIAN_POINT('',(-9.784976827824,-28.80380786163,
    58.562314412655));
#662 = CARTESIAN_POINT('',(-7.530187940271,-29.87384501363,
    63.607908825541));
#663 = CARTESIAN_POINT('',(-5.165977578964,-30.76536939382,
    68.653364824306));
#664 = CARTESIAN_POINT('',(-2.706728785999,-31.46767874723,
    73.698856747151));
#665 = CARTESIAN_POINT('',(-0.167739349143,-31.97123227331,
    78.744337770558));
#666 = CARTESIAN_POINT('',(2.434745455475,-32.26774325138,83.78982021861
    ));
#667 = CARTESIAN_POINT('',(5.083670873322,-32.35026618983,
    88.835301850638));
#668 = CARTESIAN_POINT('',(7.761276313018,-32.21327265453,
    93.880779285128));
#669 = CARTESIAN_POINT('',(10.449212510732,-31.85272583995,
    98.926268414461));
#670 = CARTESIAN_POINT('',(13.128682289357,-31.26611504865,
    103.97170885322));
#671 = CARTESIAN_POINT('',(15.780511356699,-30.45259201477,
    109.01732721786));
#672 = CARTESIAN_POINT('',(18.3855096993,-29.4126745014,114.06227402731)
  );
#673 = CARTESIAN_POINT('',(20.923763924399,-28.14951859308,
    119.10973365218));
#674 = CARTESIAN_POINT('',(23.377953706326,-26.66425528547,
    124.14776911856));
#675 = CARTESIAN_POINT('',(25.695013584841,-24.99269718538,
    129.16358721253));
#676 = CARTESIAN_POINT('',(27.163423126308,-23.73252285794,
    132.39837068759));
#677 = CARTESIAN_POINT('',(27.905929164104,-23.01960821925,
    133.73002152875));
#678 = CARTESIAN_POINT('',(-15.57283639615,-3.672433332076,
    -10.11982966802));
#679 = CARTESIAN_POINT('',(-19.3539440104,-5.326764521907,
    -13.20549020304));
#680 = CARTESIAN_POINT('',(-13.47849825226,-4.538612018329,
    -2.349153047964));
#681 = CARTESIAN_POINT('',(-13.92849553004,-5.567404710082,
    0.402167973074));
#682 = CARTESIAN_POINT('',(-18.76174725766,-9.3168098772,0.556268184895)
  );
#683 = CARTESIAN_POINT('',(-21.35462440831,-13.16487455405,
    4.338199718794));
#684 = CARTESIAN_POINT('',(-22.56907858783,-16.5557053208,8.389705231602
    ));
#685 = CARTESIAN_POINT('',(-22.73911970087,-19.70913648172,
    13.012356568386));
#686 = CARTESIAN_POINT('',(-22.06039144583,-22.48220492204,
    17.855593946091));
#687 = CARTESIAN_POINT('',(-20.72647744463,-24.88175313147,
    22.862616673986));
#688 = CARTESIAN_POINT('',(-18.65052302322,-26.56086924987,
    28.032637662535));
#689 = CARTESIAN_POINT('',(-16.81699757013,-28.36790184973,
    32.865744682983));
#690 = CARTESIAN_POINT('',(-14.62799998715,-30.03886942575,
    37.987629462079));
#691 = CARTESIAN_POINT('',(-12.33613903384,-31.53726621411,
    43.013612385695));
#692 = CARTESIAN_POINT('',(-9.885055120206,-32.85734729401,
    48.057464389687));
#693 = CARTESIAN_POINT('',(-7.303892120779,-33.98513651679,
    53.096507709553));
#694 = CARTESIAN_POINT('',(-4.603867594375,-34.90766279713,
    58.136843432611));
#695 = CARTESIAN_POINT('',(-1.802598507978,-35.61321687479,
    63.176830119094));
#696 = CARTESIAN_POINT('',(1.082568164619,-36.0914278178,68.21690940437)
  );
#697 = CARTESIAN_POINT('',(4.032899185002,-36.33337769686,
    73.256962481845));
#698 = CARTESIAN_POINT('',(7.028871120653,-36.33169453277,
    78.297021288927));
#699 = CARTESIAN_POINT('',(10.050171927703,-36.08063831629,
    83.337077385979));
#700 = CARTESIAN_POINT('',(13.075872382816,-35.57617585017,
    88.377132512319));
#701 = CARTESIAN_POINT('',(16.08456262025,-34.81604175891,
    93.417188239103));
#702 = CARTESIAN_POINT('',(19.054499861811,-33.79979625244,
    98.457236548315));
#703 = CARTESIAN_POINT('',(21.963782709479,-32.52883590576,
    103.49730811583));
#704 = CARTESIAN_POINT('',(24.790437446274,-31.00651911373,
    108.53728784062));
#705 = CARTESIAN_POINT('',(27.51285443019,-29.23779804327,
    113.57760725616));
#706 = CARTESIAN_POINT('',(30.108923207324,-27.23063514879,
    118.61664877333));
#707 = CARTESIAN_POINT('',(32.560051986321,-24.99066358175,
    123.66047617316));
#708 = CARTESIAN_POINT('',(34.811054202193,-22.5688892635,
    128.62935510852));
#709 = CARTESIAN_POINT('',(36.198010880656,-20.80921822456,
    131.96152364674));
#710 = CARTESIAN_POINT('',(36.899780363749,-19.84293083123,
    133.73002152875));
#711 = DEFINITIONAL_REPRESENTATION('',(#712),#739);
#712 = B_SPLINE_CURVE_WITH_KNOTS('',7,(#713,#714,#715,#716,#717,#718,
    #719,#720,#721,#722,#723,#724,#725,#726,#727,#728,#729,#730,#731,
    #732,#733,#734,#735,#736,#737,#738),.UNSPECIFIED.,.F.,.F.,(8,6,6,6,8
    ),(0.,0.236921411446,0.482142826776,0.953507580995,1.),
  .UNSPECIFIED.);
#713 = CARTESIAN_POINT('',(18.,0.874326741685));
#714 = CARTESIAN_POINT('',(17.975589119817,0.87610490971));
#715 = CARTESIAN_POINT('',(17.951316810788,0.877888733932));
#716 = CARTESIAN_POINT('',(17.927182207712,0.879678098303));
#717 = CARTESIAN_POINT('',(17.903184348066,0.881472891766));
#718 = CARTESIAN_POINT('',(17.879322172005,0.883273008253));
#719 = CARTESIAN_POINT('',(17.855594522364,0.88507834669));
#720 = CARTESIAN_POINT('',(17.807579191477,0.888762700801));
#721 = CARTESIAN_POINT('',(17.78330107096,0.890642083391));
#722 = CARTESIAN_POINT('',(17.759164083697,0.892526840631));
#723 = CARTESIAN_POINT('',(17.735167572318,0.894416911191));
#724 = CARTESIAN_POINT('',(17.711308730322,0.896312137876));
#725 = CARTESIAN_POINT('',(17.687586620175,0.898212494958));
#726 = CARTESIAN_POINT('',(17.618662670365,0.90378044635));
#727 = CARTESIAN_POINT('',(17.573826717173,0.907461617998));
#728 = CARTESIAN_POINT('',(17.529485161595,0.911160813003));
#729 = CARTESIAN_POINT('',(17.485633239309,0.914877212106));
#730 = CARTESIAN_POINT('',(17.442268477155,0.918609761685));
#731 = CARTESIAN_POINT('',(17.399390466568,0.922357165067));
#732 = CARTESIAN_POINT('',(17.352819574058,0.926488806204));
#733 = CARTESIAN_POINT('',(17.34864325337,0.926859867977));
#734 = CARTESIAN_POINT('',(17.344471687701,0.927231057678));
#735 = CARTESIAN_POINT('',(17.340304883707,0.927602373802));
#736 = CARTESIAN_POINT('',(17.336142841965,0.927973814811));
#737 = CARTESIAN_POINT('',(17.33198555697,0.928345379134));
#738 = CARTESIAN_POINT('',(17.327833017133,0.928717065162));
#739 = ( GEOMETRIC_REPRESENTATION_CONTEXT(2) 
PARAMETRIC_REPRESENTATION_CONTEXT() REPRESENTATION_CONTEXT('2D SPACE',''
  ) );
#740 = ORIENTED_EDGE('',*,*,#741,.F.);
#741 = EDGE_CURVE('',#742,#583,#744,.T.);
#742 = VERTEX_POINT('',#743);
#743 = CARTESIAN_POINT('',(23.935016055093,-23.93501605509,
    103.64905044768));
#744 = SURFACE_CURVE('',#745,(#764,#786),.PCURVE_S1.);
#745 = B_SPLINE_CURVE_WITH_KNOTS('',5,(#746,#747,#748,#749,#750,#751,
    #752,#753,#754,#755,#756,#757,#758,#759,#760,#761,#762,#763),
  .UNSPECIFIED.,.F.,.F.,(6,4,4,4,6),(0.,0.268904795865,0.523101277858,
    0.766758567503,1.),.UNSPECIFIED.);
#746 = CARTESIAN_POINT('',(23.935016055093,-23.93501605509,
    103.64905044768));
#747 = CARTESIAN_POINT('',(24.131172985371,-24.13117298537,
    104.31872504979));
#748 = CARTESIAN_POINT('',(24.333333386339,-24.33333338633,
    104.98483993893));
#749 = CARTESIAN_POINT('',(24.541641490402,-24.5416414904,
    105.64713997718));
#750 = CARTESIAN_POINT('',(24.756238176966,-24.75623817696,
    106.30534739522));
#751 = CARTESIAN_POINT('',(25.186169933266,-25.18616993326,
    107.57722823814));
#752 = CARTESIAN_POINT('',(25.40082251122,-25.40082251122,108.1913683634
    ));
#753 = CARTESIAN_POINT('',(25.621312928545,-25.62131292854,
    108.80134020428));
#754 = CARTESIAN_POINT('',(25.847734414179,-25.84773441417,
    109.40688300188));
#755 = CARTESIAN_POINT('',(26.302961949321,-26.30296194932,
    110.5836542265));
#756 = CARTESIAN_POINT('',(26.531279624254,-26.53127962425,
    111.15526484476));
#757 = CARTESIAN_POINT('',(26.765189958648,-26.76518995864,
    111.72231551305));
#758 = CARTESIAN_POINT('',(27.004748346201,-27.0047483462,
    112.28455935885));
#759 = CARTESIAN_POINT('',(27.484758315676,-27.48475831567,
    113.37510870732));
#760 = CARTESIAN_POINT('',(27.724734032564,-27.72473403256,
    113.90383824488));
#761 = CARTESIAN_POINT('',(27.969955597323,-27.96995559732,
    114.42771061579));
#762 = CARTESIAN_POINT('',(28.220449935778,-28.22044993577,
    114.9464968865));
#763 = CARTESIAN_POINT('',(28.47620831383,-28.47620831383,
    115.45998695978));
#764 = PCURVE('',#288,#765);
#765 = DEFINITIONAL_REPRESENTATION('',(#766),#785);
#766 = B_SPLINE_CURVE_WITH_KNOTS('',5,(#767,#768,#769,#770,#771,#772,
    #773,#774,#775,#776,#777,#778,#779,#780,#781,#782,#783,#784),
  .UNSPECIFIED.,.F.,.F.,(6,4,4,4,6),(0.,0.268904795865,0.523101277858,
    0.766758567503,1.),.UNSPECIFIED.);
#767 = CARTESIAN_POINT('',(-14.69526497635,-39.00598460744));
#768 = CARTESIAN_POINT('',(-14.9726727675,-39.67565920955));
#769 = CARTESIAN_POINT('',(-15.25857074833,-40.34177409868));
#770 = CARTESIAN_POINT('',(-15.55316289424,-41.00407413694));
#771 = CARTESIAN_POINT('',(-15.85664843882,-41.66228155497));
#772 = CARTESIAN_POINT('',(-16.46466375948,-42.93416239789));
#773 = CARTESIAN_POINT('',(-16.76822834642,-43.54830252315));
#774 = CARTESIAN_POINT('',(-17.08004888497,-44.15827436404));
#775 = CARTESIAN_POINT('',(-17.40025722077,-44.76381716164));
#776 = CARTESIAN_POINT('',(-18.04404617493,-45.94058838626));
#777 = CARTESIAN_POINT('',(-18.36693612735,-46.51219900451));
#778 = CARTESIAN_POINT('',(-18.69773529463,-47.0792496728));
#779 = CARTESIAN_POINT('',(-19.03652201529,-47.64149351861));
#780 = CARTESIAN_POINT('',(-19.7153586242,-48.73204286707));
#781 = CARTESIAN_POINT('',(-20.05473553766,-49.26077240464));
#782 = CARTESIAN_POINT('',(-20.40153120033,-49.78464477555));
#783 = CARTESIAN_POINT('',(-20.75578369107,-50.30343104625));
#784 = CARTESIAN_POINT('',(-21.117480658,-50.81692111954));
#785 = ( GEOMETRIC_REPRESENTATION_CONTEXT(2) 
PARAMETRIC_REPRESENTATION_CONTEXT() REPRESENTATION_CONTEXT('2D SPACE',''
  ) );
#786 = PCURVE('',#787,#854);
#787 = ( BOUNDED_SURFACE() B_SPLINE_SURFACE(1,3,(
    (#788,#789,#790,#791,#792,#793,#794,#795,#796,#797,#798,#799,#800
      ,#801,#802,#803,#804,#805,#806,#807,#808,#809,#810,#811,#812,#813
      ,#814,#815,#816,#817,#818,#819,#820)
    ,(#821,#822,#823,#824,#825,#826,#827,#828,#829,#830,#831,#832,#833
      ,#834,#835,#836,#837,#838,#839,#840,#841,#842,#843,#844,#845,#846
      ,#847,#848,#849,#850,#851,#852,#853
)),.UNSPECIFIED.,.F.,.F.,.F.) B_SPLINE_SURFACE_WITH_KNOTS((2,2),(4,1,1,1
    ,1,1,1,1,1,1,1,1,1,1,1,1,1,1,1,1,1,1,1,1,1,1,1,1,1,1,4),(18.,19.),(
    0.,3.068165821138E-02,6.601269782959E-02,9.830800907E-02,
    0.127216197096,0.157262707878,0.188138205668,0.219565799738,
    0.251333925196,0.283659313393,0.31744062664,0.35073174851,
    0.384111710396,0.417581465102,0.45114195778,0.484794125941,
    0.51853889945,0.552377200543,0.586309943827,0.620338036294,
    0.654462377335,0.688683858749,0.723003364765,0.757421772058,
    0.791939949764,0.826558759507,0.861279055419,0.896101684163,
    0.931027484962,0.96605728962,1.),.UNSPECIFIED.) 
GEOMETRIC_REPRESENTATION_ITEM() RATIONAL_B_SPLINE_SURFACE((
    (1.,1.000000000002,0.999999999999,1.,1.,1.,1.,1.,1.,1.,1.,1.,1.,1.
      ,1.,1.,1.,1.,1.,1.,1.,1.,1.,1.,1.,1.,1.,1.,0.999999999999
      ,1.000000000003,0.999999999988,1.000000000025,1.)
    ,(1.,1.000000000002,0.999999999999,1.,1.,1.,1.,1.,1.,1.,1.,1.,1.,1.
      ,1.,1.,1.,1.,1.,1.,1.,1.,1.,1.,1.,1.,1.,1.,0.999999999999
      ,1.000000000003,0.999999999988,1.000000000025,1.
))) REPRESENTATION_ITEM('') SURFACE() );
#788 = CARTESIAN_POINT('',(-15.57283639615,-3.672433332076,
    -10.11982966802));
#789 = CARTESIAN_POINT('',(-19.3539440104,-5.326764521907,
    -13.20549020304));
#790 = CARTESIAN_POINT('',(-13.47849825226,-4.538612018329,
    -2.349153047964));
#791 = CARTESIAN_POINT('',(-13.92849553004,-5.567404710082,
    0.402167973074));
#792 = CARTESIAN_POINT('',(-18.76174725766,-9.3168098772,0.556268184895)
  );
#793 = CARTESIAN_POINT('',(-21.35462440831,-13.16487455405,
    4.338199718794));
#794 = CARTESIAN_POINT('',(-22.56907858783,-16.5557053208,8.389705231602
    ));
#795 = CARTESIAN_POINT('',(-22.73911970087,-19.70913648172,
    13.012356568386));
#796 = CARTESIAN_POINT('',(-22.06039144583,-22.48220492204,
    17.855593946091));
#797 = CARTESIAN_POINT('',(-20.72647744463,-24.88175313147,
    22.862616673986));
#798 = CARTESIAN_POINT('',(-18.65052302322,-26.56086924987,
    28.032637662535));
#799 = CARTESIAN_POINT('',(-16.81699757013,-28.36790184973,
    32.865744682983));
#800 = CARTESIAN_POINT('',(-14.62799998715,-30.03886942575,
    37.987629462079));
#801 = CARTESIAN_POINT('',(-12.33613903384,-31.53726621411,
    43.013612385695));
#802 = CARTESIAN_POINT('',(-9.885055120206,-32.85734729401,
    48.057464389687));
#803 = CARTESIAN_POINT('',(-7.303892120779,-33.98513651679,
    53.096507709553));
#804 = CARTESIAN_POINT('',(-4.603867594375,-34.90766279713,
    58.136843432611));
#805 = CARTESIAN_POINT('',(-1.802598507978,-35.61321687479,
    63.176830119094));
#806 = CARTESIAN_POINT('',(1.082568164619,-36.0914278178,68.21690940437)
  );
#807 = CARTESIAN_POINT('',(4.032899185002,-36.33337769686,
    73.256962481845));
#808 = CARTESIAN_POINT('',(7.028871120653,-36.33169453277,
    78.297021288927));
#809 = CARTESIAN_POINT('',(10.050171927703,-36.08063831629,
    83.337077385979));
#810 = CARTESIAN_POINT('',(13.075872382816,-35.57617585017,
    88.377132512319));
#811 = CARTESIAN_POINT('',(16.08456262025,-34.81604175891,
    93.417188239103));
#812 = CARTESIAN_POINT('',(19.054499861811,-33.79979625244,
    98.457236548315));
#813 = CARTESIAN_POINT('',(21.963782709479,-32.52883590576,
    103.49730811583));
#814 = CARTESIAN_POINT('',(24.790437446274,-31.00651911373,
    108.53728784062));
#815 = CARTESIAN_POINT('',(27.51285443019,-29.23779804327,
    113.57760725616));
#816 = CARTESIAN_POINT('',(30.108923207324,-27.23063514879,
    118.61664877333));
#817 = CARTESIAN_POINT('',(32.560051986321,-24.99066358175,
    123.66047617316));
#818 = CARTESIAN_POINT('',(34.811054202193,-22.5688892635,
    128.62935510852));
#819 = CARTESIAN_POINT('',(36.198010880656,-20.80921822456,
    131.96152364674));
#820 = CARTESIAN_POINT('',(36.899780363749,-19.84293083123,
    133.73002152875));
#821 = CARTESIAN_POINT('',(-12.56918081055,-5.733201379855,
    -10.11982966802));
#822 = CARTESIAN_POINT('',(-17.29004224133,-9.199916795694,
    -12.85547423447));
#823 = CARTESIAN_POINT('',(-9.590119482558,-5.297626797789,
    -2.952170729409));
#824 = CARTESIAN_POINT('',(-11.46029390826,-7.438484095485,
    2.074211451366));
#825 = CARTESIAN_POINT('',(-15.82891775762,-12.2342764333,3.324693262476
    ));
#826 = CARTESIAN_POINT('',(-16.39608406593,-15.28129332778,
    6.627972299613));
#827 = CARTESIAN_POINT('',(-16.66532599974,-18.19802421304,
    10.293545432463));
#828 = CARTESIAN_POINT('',(-16.0734660582,-20.7101183052,14.436104726298
    ));
#829 = CARTESIAN_POINT('',(-14.94708671671,-22.83901214571,
    18.810975887307));
#830 = CARTESIAN_POINT('',(-13.36685228601,-24.57696053118,
    23.338395863153));
#831 = CARTESIAN_POINT('',(-11.31845359803,-25.62995002789,
    28.043852332174));
#832 = CARTESIAN_POINT('',(-9.471079301825,-26.87828199493,
    33.366718058391));
#833 = CARTESIAN_POINT('',(-7.331615814655,-27.91824013674,
    38.364162653567));
#834 = CARTESIAN_POINT('',(-5.137776535382,-28.80351677292,
    43.430315313796));
#835 = CARTESIAN_POINT('',(-2.838080658584,-29.50847571397,
    48.470245820927));
#836 = CARTESIAN_POINT('',(-0.460837257152,-30.02920689377,
    53.517229585308));
#837 = CARTESIAN_POINT('',(1.98260024035,-30.35579705983,58.562314412655
    ));
#838 = CARTESIAN_POINT('',(4.475239033778,-30.48151213284,
    63.607908825541));
#839 = CARTESIAN_POINT('',(7.000656206991,-30.40042912454,
    68.653364824306));
#840 = CARTESIAN_POINT('',(9.54146798611,-30.10816459251,73.698856747151
    ));
#841 = CARTESIAN_POINT('',(12.079889951824,-29.60175819635,
    78.744337770558));
#842 = CARTESIAN_POINT('',(14.597742235302,-28.87977080244,
    83.78982021861));
#843 = CARTESIAN_POINT('',(17.076610373336,-27.94231218526,
    88.835301850638));
#844 = CARTESIAN_POINT('',(19.497970078911,-26.79107142172,
    93.880779285128));
#845 = CARTESIAN_POINT('',(21.843324024145,-25.4293409491,
    98.926268414461));
#846 = CARTESIAN_POINT('',(24.09434507952,-23.86199455367,
    103.97170885322));
#847 = CARTESIAN_POINT('',(26.232993891643,-22.0955862239,
    109.01732721786));
#848 = CARTESIAN_POINT('',(28.241739339203,-20.13793801074,
    114.06227402731));
#849 = CARTESIAN_POINT('',(30.103391627484,-17.99958628163,
    119.10973365218));
#850 = CARTESIAN_POINT('',(31.802381675352,-15.68820414182,
    124.14776911856));
#851 = CARTESIAN_POINT('',(33.303388281685,-13.25718539879,
    129.16358721253));
#852 = CARTESIAN_POINT('',(34.177773965118,-11.53100012596,
    132.39837068759));
#853 = CARTESIAN_POINT('',(34.590939475468,-10.58820812433,
    133.73002152875));
#854 = DEFINITIONAL_REPRESENTATION('',(#855),#874);
#855 = B_SPLINE_CURVE_WITH_KNOTS('',5,(#856,#857,#858,#859,#860,#861,
    #862,#863,#864,#865,#866,#867,#868,#869,#870,#871,#872,#873),
  .UNSPECIFIED.,.F.,.F.,(6,4,4,4,6),(0.,0.268904795865,0.523101277858,
    0.766758567503,1.),.UNSPECIFIED.);
#856 = CARTESIAN_POINT('',(19.,0.78977961389));
#857 = CARTESIAN_POINT('',(18.951008910413,0.794526060429));
#858 = CARTESIAN_POINT('',(18.901432465081,0.799252995074));
#859 = CARTESIAN_POINT('',(18.851250694337,0.803958737655));
#860 = CARTESIAN_POINT('',(18.800445143112,0.808641441663));
#861 = CARTESIAN_POINT('',(18.700368183794,0.817701991773));
#862 = CARTESIAN_POINT('',(18.651165085137,0.822082502534));
#863 = CARTESIAN_POINT('',(18.601376036887,0.826438934625));
#864 = CARTESIAN_POINT('',(18.550990033886,0.830769464012));
#865 = CARTESIAN_POINT('',(18.451122953881,0.839196417927));
#866 = CARTESIAN_POINT('',(18.401690957233,0.843295115499));
#867 = CARTESIAN_POINT('',(18.351696252272,0.847366545148));
#868 = CARTESIAN_POINT('',(18.301133496044,0.851409022202));
#869 = CARTESIAN_POINT('',(18.201050789071,0.859261203771));
#870 = CARTESIAN_POINT('',(18.151578643719,0.863073463356));
#871 = CARTESIAN_POINT('',(18.10158001315,0.866856242087));
#872 = CARTESIAN_POINT('',(18.051052543721,0.870607900983));
#873 = CARTESIAN_POINT('',(18.,0.874326741685));
#874 = ( GEOMETRIC_REPRESENTATION_CONTEXT(2) 
PARAMETRIC_REPRESENTATION_CONTEXT() REPRESENTATION_CONTEXT('2D SPACE',''
  ) );
#875 = ORIENTED_EDGE('',*,*,#876,.F.);
#876 = EDGE_CURVE('',#877,#742,#879,.T.);
#877 = VERTEX_POINT('',#878);
#878 = CARTESIAN_POINT('',(26.930609943283,-26.93060994328,
    90.889927503685));
#879 = SURFACE_CURVE('',#880,(#903,#929),.PCURVE_S1.);
#880 = B_SPLINE_CURVE_WITH_KNOTS('',6,(#881,#882,#883,#884,#885,#886,
    #887,#888,#889,#890,#891,#892,#893,#894,#895,#896,#897,#898,#899,
    #900,#901,#902),.UNSPECIFIED.,.F.,.F.,(7,5,5,5,7),(0.,0.23066259016,
    0.472265573561,0.728723869626,1.),.UNSPECIFIED.);
#881 = CARTESIAN_POINT('',(26.930609943283,-26.93060994328,
    90.889927503685));
#882 = CARTESIAN_POINT('',(26.78251175109,-26.78251175109,
    91.362831720296));
#883 = CARTESIAN_POINT('',(26.637700191643,-26.63770019164,
    91.837836297031));
#884 = CARTESIAN_POINT('',(26.496138075428,-26.49613807542,
    92.314848020111));
#885 = CARTESIAN_POINT('',(26.357784722064,-26.35778472206,
    92.793776225498));
#886 = CARTESIAN_POINT('',(26.222597141889,-26.22259714188,
    93.274533423687));
#887 = CARTESIAN_POINT('',(25.9522013683,-25.9522013683,94.262423658245)
  );
#888 = CARTESIAN_POINT('',(25.817296786522,-25.81729678652,
    94.769726370866));
#889 = CARTESIAN_POINT('',(25.685767874312,-25.68576787431,
    95.278848667831));
#890 = CARTESIAN_POINT('',(25.557563616505,-25.5575636165,
    95.789699309223));
#891 = CARTESIAN_POINT('',(25.432631580678,-25.43263158067,
    96.302191209752));
#892 = CARTESIAN_POINT('',(25.181720511075,-25.18172051107,
    97.361898797639));
#893 = CARTESIAN_POINT('',(25.056149244313,-25.05614924431,
    97.909311718024));
#894 = CARTESIAN_POINT('',(24.93414215813,-24.93414215813,
    98.458382203718));
#895 = CARTESIAN_POINT('',(24.815629263607,-24.8156292636,
    99.009014637812));
#896 = CARTESIAN_POINT('',(24.700550623848,-24.70055062384,
    99.561122316477));
#897 = CARTESIAN_POINT('',(24.470683338741,-24.47068333874,
    100.7001057599));
#898 = CARTESIAN_POINT('',(24.356295695691,-24.35629569569,
    101.28714679177));
#899 = CARTESIAN_POINT('',(24.245607442512,-24.24560744251,
    101.8756498905));
#900 = CARTESIAN_POINT('',(24.138545801471,-24.13854580147,
    102.46552400036));
#901 = CARTESIAN_POINT('',(24.035038956881,-24.03503895688,
    103.05668394904));
#902 = CARTESIAN_POINT('',(23.935016055093,-23.93501605509,
    103.64905044768));
#903 = PCURVE('',#288,#904);
#904 = DEFINITIONAL_REPRESENTATION('',(#905),#928);
#905 = B_SPLINE_CURVE_WITH_KNOTS('',6,(#906,#907,#908,#909,#910,#911,
    #912,#913,#914,#915,#916,#917,#918,#919,#920,#921,#922,#923,#924,
    #925,#926,#927),.UNSPECIFIED.,.F.,.F.,(7,5,5,5,7),(0.,0.23066259016,
    0.472265573561,0.728723869626,1.),.UNSPECIFIED.);
#906 = CARTESIAN_POINT('',(-18.93167448039,-26.24686166344));
#907 = CARTESIAN_POINT('',(-18.72223200843,-26.71976588005));
#908 = CARTESIAN_POINT('',(-18.51743753707,-27.19477045678));
#909 = CARTESIAN_POINT('',(-18.3172384724,-27.67178217986));
#910 = CARTESIAN_POINT('',(-18.12157728367,-28.15071038525));
#911 = CARTESIAN_POINT('',(-17.93039317433,-28.63146758344));
#912 = CARTESIAN_POINT('',(-17.54799580411,-29.619357818));
#913 = CARTESIAN_POINT('',(-17.35721191493,-30.12666053062));
#914 = CARTESIAN_POINT('',(-17.17120194344,-30.63578282758));
#915 = CARTESIAN_POINT('',(-16.98989374329,-31.14663346898));
#916 = CARTESIAN_POINT('',(-16.81321316385,-31.6591253695));
#917 = CARTESIAN_POINT('',(-16.45837132627,-32.71883295739));
#918 = CARTESIAN_POINT('',(-16.28078673777,-33.26624587778));
#919 = CARTESIAN_POINT('',(-16.10824266179,-33.81531636347));
#920 = CARTESIAN_POINT('',(-15.94064011904,-34.36594879756));
#921 = CARTESIAN_POINT('',(-15.77789434595,-34.91805647623));
#922 = CARTESIAN_POINT('',(-15.4528129138,-36.05703991966));
#923 = CARTESIAN_POINT('',(-15.29104435764,-36.64408095152));
#924 = CARTESIAN_POINT('',(-15.13450752879,-37.23258405025));
#925 = CARTESIAN_POINT('',(-14.98309950402,-37.82245816011));
#926 = CARTESIAN_POINT('',(-14.83671872061,-38.4136181088));
#927 = CARTESIAN_POINT('',(-14.69526497635,-39.00598460744));
#928 = ( GEOMETRIC_REPRESENTATION_CONTEXT(2) 
PARAMETRIC_REPRESENTATION_CONTEXT() REPRESENTATION_CONTEXT('2D SPACE',''
  ) );
#929 = PCURVE('',#930,#997);
#930 = ( BOUNDED_SURFACE() B_SPLINE_SURFACE(1,3,(
    (#931,#932,#933,#934,#935,#936,#937,#938,#939,#940,#941,#942,#943
      ,#944,#945,#946,#947,#948,#949,#950,#951,#952,#953,#954,#955,#956
      ,#957,#958,#959,#960,#961,#962,#963)
    ,(#964,#965,#966,#967,#968,#969,#970,#971,#972,#973,#974,#975,#976
      ,#977,#978,#979,#980,#981,#982,#983,#984,#985,#986,#987,#988,#989
      ,#990,#991,#992,#993,#994,#995,#996
)),.UNSPECIFIED.,.F.,.F.,.F.) B_SPLINE_SURFACE_WITH_KNOTS((2,2),(4,1,1,1
    ,1,1,1,1,1,1,1,1,1,1,1,1,1,1,1,1,1,1,1,1,1,1,1,1,1,1,4),(19.,20.),(
    0.,3.068165821138E-02,6.601269782959E-02,9.830800907E-02,
    0.127216197096,0.157262707878,0.188138205668,0.219565799738,
    0.251333925196,0.283659313393,0.31744062664,0.35073174851,
    0.384111710396,0.417581465102,0.45114195778,0.484794125941,
    0.51853889945,0.552377200543,0.586309943827,0.620338036294,
    0.654462377335,0.688683858749,0.723003364765,0.757421772058,
    0.791939949764,0.826558759507,0.861279055419,0.896101684163,
    0.931027484962,0.96605728962,1.),.UNSPECIFIED.) 
GEOMETRIC_REPRESENTATION_ITEM() RATIONAL_B_SPLINE_SURFACE((
    (1.,1.000000000002,0.999999999999,1.,1.,1.,1.,1.,1.,1.,1.,1.,1.,1.
      ,1.,1.,1.,1.,1.,1.,1.,1.,1.,1.,1.,1.,1.,1.,0.999999999999
      ,1.000000000003,0.999999999988,1.000000000025,1.)
    ,(1.,1.000000000002,0.999999999999,1.,1.,1.,1.,1.,1.,1.,1.,1.,1.,1.
      ,1.,1.,1.,1.,1.,1.,1.,1.,1.,1.,1.,1.,1.,1.,0.999999999999
      ,1.000000000003,0.999999999988,1.000000000025,1.
))) REPRESENTATION_ITEM('') SURFACE() );
#931 = CARTESIAN_POINT('',(-12.56918081055,-5.733201379855,
    -10.11982966802));
#932 = CARTESIAN_POINT('',(-17.29004224133,-9.199916795694,
    -12.85547423447));
#933 = CARTESIAN_POINT('',(-9.590119482558,-5.297626797789,
    -2.952170729409));
#934 = CARTESIAN_POINT('',(-11.46029390826,-7.438484095485,
    2.074211451366));
#935 = CARTESIAN_POINT('',(-15.82891775762,-12.2342764333,3.324693262476
    ));
#936 = CARTESIAN_POINT('',(-16.39608406593,-15.28129332778,
    6.627972299613));
#937 = CARTESIAN_POINT('',(-16.66532599974,-18.19802421304,
    10.293545432463));
#938 = CARTESIAN_POINT('',(-16.0734660582,-20.7101183052,14.436104726298
    ));
#939 = CARTESIAN_POINT('',(-14.94708671671,-22.83901214571,
    18.810975887307));
#940 = CARTESIAN_POINT('',(-13.36685228601,-24.57696053118,
    23.338395863153));
#941 = CARTESIAN_POINT('',(-11.31845359803,-25.62995002789,
    28.043852332174));
#942 = CARTESIAN_POINT('',(-9.471079301825,-26.87828199493,
    33.366718058391));
#943 = CARTESIAN_POINT('',(-7.331615814655,-27.91824013674,
    38.364162653567));
#944 = CARTESIAN_POINT('',(-5.137776535382,-28.80351677292,
    43.430315313796));
#945 = CARTESIAN_POINT('',(-2.838080658584,-29.50847571397,
    48.470245820927));
#946 = CARTESIAN_POINT('',(-0.460837257152,-30.02920689377,
    53.517229585308));
#947 = CARTESIAN_POINT('',(1.98260024035,-30.35579705983,58.562314412655
    ));
#948 = CARTESIAN_POINT('',(4.475239033778,-30.48151213284,
    63.607908825541));
#949 = CARTESIAN_POINT('',(7.000656206991,-30.40042912454,
    68.653364824306));
#950 = CARTESIAN_POINT('',(9.54146798611,-30.10816459251,73.698856747151
    ));
#951 = CARTESIAN_POINT('',(12.079889951824,-29.60175819635,
    78.744337770558));
#952 = CARTESIAN_POINT('',(14.597742235302,-28.87977080244,
    83.78982021861));
#953 = CARTESIAN_POINT('',(17.076610373336,-27.94231218526,
    88.835301850638));
#954 = CARTESIAN_POINT('',(19.497970078911,-26.79107142172,
    93.880779285128));
#955 = CARTESIAN_POINT('',(21.843324024145,-25.4293409491,
    98.926268414461));
#956 = CARTESIAN_POINT('',(24.09434507952,-23.86199455367,
    103.97170885322));
#957 = CARTESIAN_POINT('',(26.232993891643,-22.0955862239,
    109.01732721786));
#958 = CARTESIAN_POINT('',(28.241739339203,-20.13793801074,
    114.06227402731));
#959 = CARTESIAN_POINT('',(30.103391627484,-17.99958628163,
    119.10973365218));
#960 = CARTESIAN_POINT('',(31.802381675352,-15.68820414182,
    124.14776911856));
#961 = CARTESIAN_POINT('',(33.303388281685,-13.25718539879,
    129.16358721253));
#962 = CARTESIAN_POINT('',(34.177773965118,-11.53100012596,
    132.39837068759));
#963 = CARTESIAN_POINT('',(34.590939475468,-10.58820812433,
    133.73002152875));
#964 = CARTESIAN_POINT('',(-12.9820454169,-9.352352473758,
    -10.11982966802));
#965 = CARTESIAN_POINT('',(-15.8422482145,-12.32772243973,
    -13.20549020304));
#966 = CARTESIAN_POINT('',(-10.7156570386,-9.351128724192,
    -2.349153047964));
#967 = CARTESIAN_POINT('',(-10.73769839514,-10.47381573793,
    0.402167973074));
#968 = CARTESIAN_POINT('',(-13.76820550298,-15.78741979158,
    0.556268184895));
#969 = CARTESIAN_POINT('',(-14.69112103431,-20.334819114,4.338199718794)
  );
#970 = CARTESIAN_POINT('',(-14.51551563754,-23.93228975149,
    8.389705231602));
#971 = CARTESIAN_POINT('',(-13.46584728118,-26.91075217502,
    13.012356568386));
#972 = CARTESIAN_POINT('',(-11.77757678928,-29.21299529101,
    17.855593946091));
#973 = CARTESIAN_POINT('',(-9.626933600541,-30.91942198052,
    22.862616673986));
#974 = CARTESIAN_POINT('',(-7.066431880643,-31.67628963159,
    28.032637662535));
#975 = CARTESIAN_POINT('',(-4.68095380449,-32.64411025147,
    32.865744682983));
#976 = CARTESIAN_POINT('',(-2.019132133496,-33.35018988595,
    37.987629462079));
#977 = CARTESIAN_POINT('',(0.671682918641,-33.85747079418,
    43.013612385695));
#978 = CARTESIAN_POINT('',(3.441362337582,-34.13907748007,
    48.057464389687));
#979 = CARTESIAN_POINT('',(6.257632253586,-34.19325054387,
    53.096507709553));
#980 = CARTESIAN_POINT('',(9.105165174217,-34.01229903925,
    58.136843432611));
#981 = CARTESIAN_POINT('',(11.963204204351,-33.59214674171,
    63.176830119094));
#982 = CARTESIAN_POINT('',(14.811754046115,-32.92985055897,
    68.21690940437));
#983 = CARTESIAN_POINT('',(17.630094700157,-32.02434029863,
    73.256962481845));
#984 = CARTESIAN_POINT('',(20.397367732474,-30.87627643418,
    78.297021288927));
#985 = CARTESIAN_POINT('',(23.092610655026,-29.48812897121,
    83.337077385979));
#986 = CARTESIAN_POINT('',(25.694943948982,-27.86418098837,
    88.377132512319));
#987 = CARTESIAN_POINT('',(28.183720555911,-26.0105327525,
    93.417188239103));
#988 = CARTESIAN_POINT('',(30.538684467694,-23.93509855156,
    98.457236548315));
#989 = CARTESIAN_POINT('',(32.740135877069,-21.64754995476,
    103.49730811583));
#990 = CARTESIAN_POINT('',(34.769058918754,-19.15939869183,
    108.53728784062));
#991 = CARTESIAN_POINT('',(36.607383999013,-16.48348962037,
    113.57760725616));
#992 = CARTESIAN_POINT('',(38.237730821429,-13.63564039347,
    118.61664877333));
#993 = CARTESIAN_POINT('',(39.645078524191,-10.6281701349,
    123.66047617316));
#994 = CARTESIAN_POINT('',(40.797960490653,-7.529321155871,
    128.62935510852));
#995 = CARTESIAN_POINT('',(41.405944425103,-5.372831756334,
    131.96152364674));
#996 = CARTESIAN_POINT('',(41.684512710909,-4.211543056896,
    133.73002152875));
#997 = DEFINITIONAL_REPRESENTATION('',(#998),#1021);
#998 = B_SPLINE_CURVE_WITH_KNOTS('',6,(#999,#1000,#1001,#1002,#1003,
    #1004,#1005,#1006,#1007,#1008,#1009,#1010,#1011,#1012,#1013,#1014,
    #1015,#1016,#1017,#1018,#1019,#1020),.UNSPECIFIED.,.F.,.F.,(7,5,5,5,
    7),(0.,0.23066259016,0.472265573561,0.728723869626,1.),
  .UNSPECIFIED.);
#999 = CARTESIAN_POINT('',(20.,0.705831284506));
#1000 = CARTESIAN_POINT('',(19.957035050816,0.708916644619));
#1001 = CARTESIAN_POINT('',(19.914531758897,0.712018368433));
#1002 = CARTESIAN_POINT('',(19.872483802116,0.715135824077));
#1003 = CARTESIAN_POINT('',(19.830884247093,0.718268394121));
#1004 = CARTESIAN_POINT('',(19.789725659731,0.721415480123));
#1005 = CARTESIAN_POINT('',(19.706343152198,0.727887462662));
#1006 = CARTESIAN_POINT('',(19.664161322516,0.731213714386));
#1007 = CARTESIAN_POINT('',(19.622445690835,0.734554606833));
#1008 = CARTESIAN_POINT('',(19.581186877032,0.737909510867));
#1009 = CARTESIAN_POINT('',(19.540375156732,0.741277823735));
#1010 = CARTESIAN_POINT('',(19.457143268706,0.748248009063));
#1011 = CARTESIAN_POINT('',(19.414778519046,0.751851506433));
#1012 = CARTESIAN_POINT('',(19.372894294396,0.75546877894));
#1013 = CARTESIAN_POINT('',(19.331478131856,0.759099162347));
#1014 = CARTESIAN_POINT('',(19.290517757249,0.762742047351));
#1015 = CARTESIAN_POINT('',(19.207142701334,0.770262834424));
#1016 = CARTESIAN_POINT('',(19.164780768385,0.774142151435));
#1017 = CARTESIAN_POINT('',(19.122900208966,0.778034119925));
#1018 = CARTESIAN_POINT('',(19.081486327501,0.781938089568));
#1019 = CARTESIAN_POINT('',(19.040524465189,0.785853446614));
#1020 = CARTESIAN_POINT('',(19.,0.78977961389));
#1021 = ( GEOMETRIC_REPRESENTATION_CONTEXT(2) 
PARAMETRIC_REPRESENTATION_CONTEXT() REPRESENTATION_CONTEXT('2D SPACE',''
  ) );
#1022 = ORIENTED_EDGE('',*,*,#1023,.F.);
#1023 = EDGE_CURVE('',#1024,#877,#1026,.T.);
#1024 = VERTEX_POINT('',#1025);
#1025 = CARTESIAN_POINT('',(22.599681210075,-22.59968121007,
    79.052552252845));
#1026 = SURFACE_CURVE('',#1027,(#1046,#1068),.PCURVE_S1.);
#1027 = B_SPLINE_CURVE_WITH_KNOTS('',5,(#1028,#1029,#1030,#1031,#1032,
    #1033,#1034,#1035,#1036,#1037,#1038,#1039,#1040,#1041,#1042,#1043,
    #1044,#1045),.UNSPECIFIED.,.F.,.F.,(6,4,4,4,6),(0.,0.2697247526,
    0.524204804219,0.767589504628,1.),.UNSPECIFIED.);
#1028 = CARTESIAN_POINT('',(22.599681210075,-22.59968121007,
    79.052552252845));
#1029 = CARTESIAN_POINT('',(22.786825574712,-22.78682557471,
    79.722919884679));
#1030 = CARTESIAN_POINT('',(22.979732299321,-22.97973229932,
    80.39002595985));
#1031 = CARTESIAN_POINT('',(23.178553375694,-23.17855337569,
    81.05363067422));
#1032 = CARTESIAN_POINT('',(23.383436895728,-23.38343689572,
    81.713472117142));
#1033 = CARTESIAN_POINT('',(23.793675918644,-23.79367591864,
    82.988001766072));
#1034 = CARTESIAN_POINT('',(23.998350554672,-23.99835055467,
    83.603133646757));
#1035 = CARTESIAN_POINT('',(24.208659818978,-24.20865981897,
    84.214430910214));
#1036 = CARTESIAN_POINT('',(24.424716231089,-24.42471623108,
    84.821638297749));
#1037 = CARTESIAN_POINT('',(24.858842150597,-24.85884215059,
    86.001057640718));
#1038 = CARTESIAN_POINT('',(25.076413106719,-25.07641310671,
    86.573641064051));
#1039 = CARTESIAN_POINT('',(25.299414007074,-25.29941400707,
    87.14200742057));
#1040 = CARTESIAN_POINT('',(25.527917409016,-25.52791740901,
    87.705914010425));
#1041 = CARTESIAN_POINT('',(25.985485728062,-25.98548572806,
    88.799097339037));
#1042 = CARTESIAN_POINT('',(26.214060651502,-26.2140606515,
    89.328789514098));
#1043 = CARTESIAN_POINT('',(26.447752462064,-26.44775246206,
    89.853971911183));
#1044 = CARTESIAN_POINT('',(26.686596845809,-26.6865968458,
    90.374424054329));
#1045 = CARTESIAN_POINT('',(26.930609943283,-26.93060994328,
    90.889927503685));
#1046 = PCURVE('',#288,#1047);
#1047 = DEFINITIONAL_REPRESENTATION('',(#1048),#1067);
#1048 = B_SPLINE_CURVE_WITH_KNOTS('',5,(#1049,#1050,#1051,#1052,#1053,
    #1054,#1055,#1056,#1057,#1058,#1059,#1060,#1061,#1062,#1063,#1064,
    #1065,#1066),.UNSPECIFIED.,.F.,.F.,(6,4,4,4,6),(0.,0.2697247526,
    0.524204804219,0.767589504628,1.),.UNSPECIFIED.);
#1049 = CARTESIAN_POINT('',(-12.80681632822,-14.4094864126));
#1050 = CARTESIAN_POINT('',(-13.07147842681,-15.07985404443));
#1051 = CARTESIAN_POINT('',(-13.34428973302,-15.7469601196));
#1052 = CARTESIAN_POINT('',(-13.62546519572,-16.41056483397));
#1053 = CARTESIAN_POINT('',(-13.91521424845,-17.07040627689));
#1054 = CARTESIAN_POINT('',(-14.49537983848,-18.34493592582));
#1055 = CARTESIAN_POINT('',(-14.78483348462,-18.96006780651));
#1056 = CARTESIAN_POINT('',(-15.0822556985,-19.57136506997));
#1057 = CARTESIAN_POINT('',(-15.38780560674,-20.1785724575));
#1058 = CARTESIAN_POINT('',(-16.00175236989,-21.35799180047));
#1059 = CARTESIAN_POINT('',(-16.30944416681,-21.9305752238));
#1060 = CARTESIAN_POINT('',(-16.62481506452,-22.49894158032));
#1061 = CARTESIAN_POINT('',(-16.94796767459,-23.06284817018));
#1062 = CARTESIAN_POINT('',(-17.5950669971,-24.15603149879));
#1063 = CARTESIAN_POINT('',(-17.91832075385,-24.68572367385));
#1064 = CARTESIAN_POINT('',(-18.24881088176,-25.21090607094));
#1065 = CARTESIAN_POINT('',(-18.58658784855,-25.73135821408));
#1066 = CARTESIAN_POINT('',(-18.93167448039,-26.24686166344));
#1067 = ( GEOMETRIC_REPRESENTATION_CONTEXT(2) 
PARAMETRIC_REPRESENTATION_CONTEXT() REPRESENTATION_CONTEXT('2D SPACE',''
  ) );
#1068 = PCURVE('',#1069,#1136);
#1069 = ( BOUNDED_SURFACE() B_SPLINE_SURFACE(1,3,(
    (#1070,#1071,#1072,#1073,#1074,#1075,#1076,#1077,#1078,#1079,#1080
      ,#1081,#1082,#1083,#1084,#1085,#1086,#1087,#1088,#1089,#1090,#1091
      ,#1092,#1093,#1094,#1095,#1096,#1097,#1098,#1099,#1100,#1101,#1102
      )
    ,(#1103,#1104,#1105,#1106,#1107,#1108,#1109,#1110,#1111,#1112,#1113
      ,#1114,#1115,#1116,#1117,#1118,#1119,#1120,#1121,#1122,#1123,#1124
      ,#1125,#1126,#1127,#1128,#1129,#1130,#1131,#1132,#1133,#1134,#1135
)),.UNSPECIFIED.,.F.,.F.,.F.) B_SPLINE_SURFACE_WITH_KNOTS((2,2),(4,1,1,1
    ,1,1,1,1,1,1,1,1,1,1,1,1,1,1,1,1,1,1,1,1,1,1,1,1,1,1,4),(20.,21.),(
    0.,3.068165821138E-02,6.601269782959E-02,9.830800907E-02,
    0.127216197096,0.157262707878,0.188138205668,0.219565799738,
    0.251333925196,0.283659313393,0.31744062664,0.35073174851,
    0.384111710396,0.417581465102,0.45114195778,0.484794125941,
    0.51853889945,0.552377200543,0.586309943827,0.620338036294,
    0.654462377335,0.688683858749,0.723003364765,0.757421772058,
    0.791939949764,0.826558759507,0.861279055419,0.896101684163,
    0.931027484962,0.96605728962,1.),.UNSPECIFIED.) 
GEOMETRIC_REPRESENTATION_ITEM() RATIONAL_B_SPLINE_SURFACE((
    (1.,1.000000000002,0.999999999999,1.,1.,1.,1.,1.,1.,1.,1.,1.,1.,1.
      ,1.,1.,1.,1.,1.,1.,1.,1.,1.,1.,1.,1.,1.,1.,0.999999999999
      ,1.000000000003,0.999999999988,1.000000000025,1.)
    ,(1.,1.000000000002,0.999999999999,1.,1.,1.,1.,1.,1.,1.,1.,1.,1.,1.
      ,1.,1.,1.,1.,1.,1.,1.,1.,1.,1.,1.,1.,1.,1.,0.999999999999
      ,1.000000000003,0.999999999988,1.000000000025,1.
))) REPRESENTATION_ITEM('') SURFACE() );
#1070 = CARTESIAN_POINT('',(-12.9820454169,-9.352352473758,
    -10.11982966802));
#1071 = CARTESIAN_POINT('',(-15.8422482145,-12.32772243973,
    -13.20549020304));
#1072 = CARTESIAN_POINT('',(-10.7156570386,-9.351128724192,
    -2.349153047964));
#1073 = CARTESIAN_POINT('',(-10.73769839514,-10.47381573793,
    0.402167973074));
#1074 = CARTESIAN_POINT('',(-13.76820550298,-15.78741979158,
    0.556268184895));
#1075 = CARTESIAN_POINT('',(-14.69112103431,-20.334819114,4.338199718794
    ));
#1076 = CARTESIAN_POINT('',(-14.51551563754,-23.93228975149,
    8.389705231602));
#1077 = CARTESIAN_POINT('',(-13.46584728118,-26.91075217502,
    13.012356568386));
#1078 = CARTESIAN_POINT('',(-11.77757678928,-29.21299529101,
    17.855593946091));
#1079 = CARTESIAN_POINT('',(-9.626933600541,-30.91942198052,
    22.862616673986));
#1080 = CARTESIAN_POINT('',(-7.066431880643,-31.67628963159,
    28.032637662535));
#1081 = CARTESIAN_POINT('',(-4.68095380449,-32.64411025147,
    32.865744682983));
#1082 = CARTESIAN_POINT('',(-2.019132133496,-33.35018988595,
    37.987629462079));
#1083 = CARTESIAN_POINT('',(0.671682918641,-33.85747079418,
    43.013612385695));
#1084 = CARTESIAN_POINT('',(3.441362337582,-34.13907748007,
    48.057464389687));
#1085 = CARTESIAN_POINT('',(6.257632253586,-34.19325054387,
    53.096507709553));
#1086 = CARTESIAN_POINT('',(9.105165174217,-34.01229903925,
    58.136843432611));
#1087 = CARTESIAN_POINT('',(11.963204204351,-33.59214674171,
    63.176830119094));
#1088 = CARTESIAN_POINT('',(14.811754046115,-32.92985055897,
    68.21690940437));
#1089 = CARTESIAN_POINT('',(17.630094700157,-32.02434029863,
    73.256962481845));
#1090 = CARTESIAN_POINT('',(20.397367732474,-30.87627643418,
    78.297021288927));
#1091 = CARTESIAN_POINT('',(23.092610655026,-29.48812897121,
    83.337077385979));
#1092 = CARTESIAN_POINT('',(25.694943948982,-27.86418098837,
    88.377132512319));
#1093 = CARTESIAN_POINT('',(28.183720555911,-26.0105327525,
    93.417188239103));
#1094 = CARTESIAN_POINT('',(30.538684467694,-23.93509855156,
    98.457236548315));
#1095 = CARTESIAN_POINT('',(32.740135877069,-21.64754995476,
    103.49730811583));
#1096 = CARTESIAN_POINT('',(34.769058918754,-19.15939869183,
    108.53728784062));
#1097 = CARTESIAN_POINT('',(36.607383999013,-16.48348962037,
    113.57760725616));
#1098 = CARTESIAN_POINT('',(38.237730821429,-13.63564039347,
    118.61664877333));
#1099 = CARTESIAN_POINT('',(39.645078524191,-10.6281701349,
    123.66047617316));
#1100 = CARTESIAN_POINT('',(40.797960490653,-7.529321155871,
    128.62935510852));
#1101 = CARTESIAN_POINT('',(41.405944425103,-5.372831756334,
    131.96152364674));
#1102 = CARTESIAN_POINT('',(41.684512710909,-4.211543056896,
    133.73002152875));
#1103 = CARTESIAN_POINT('',(-9.418407708819,-10.10680466521,
    -10.11982966802));
#1104 = CARTESIAN_POINT('',(-12.45326040468,-15.1162275404,
    -12.85547423447));
#1105 = CARTESIAN_POINT('',(-6.83280109871,-8.564348808978,
    -2.952170729409));
#1106 = CARTESIAN_POINT('',(-7.741346352947,-11.25792781765,
    2.074211451366));
#1107 = CARTESIAN_POINT('',(-9.942158240122,-17.36046216988,
    3.324693262476));
#1108 = CARTESIAN_POINT('',(-9.300108700189,-20.39258386355,
    6.627972299613));
#1109 = CARTESIAN_POINT('',(-8.432671225682,-23.19032625763,
    10.293545432463));
#1110 = CARTESIAN_POINT('',(-6.924527149962,-25.28470357922,
    14.436104726298));
#1111 = CARTESIAN_POINT('',(-5.069195928495,-26.82049831281,
    18.810975887307));
#1112 = CARTESIAN_POINT('',(-2.944165627975,-27.82142371883,
    23.338395863153));
#1113 = CARTESIAN_POINT('',(-0.648730370883,-28.01037092202,
    28.043852332174));
#1114 = CARTESIAN_POINT('',(1.535736892152,-28.45671973961,
    33.366718058391));
#1115 = CARTESIAN_POINT('',(3.910318169725,-28.5987785508,
    38.364162653567));
#1116 = CARTESIAN_POINT('',(6.275942079191,-28.57712157013,
    43.430315313796));
#1117 = CARTESIAN_POINT('',(8.670360138003,-28.3483631955,
    48.470245820927));
#1118 = CARTESIAN_POINT('',(11.065921855608,-27.91972441003,
    53.517229585308));
#1119 = CARTESIAN_POINT('',(13.448344394247,-27.28639133166,
    58.562314412655));
#1120 = CARTESIAN_POINT('',(15.799351433078,-26.44864534542,
    63.607908825541));
#1121 = CARTESIAN_POINT('',(18.101503546539,-25.40729910162,
    68.653364824306));
#1122 = CARTESIAN_POINT('',(20.337062750957,-24.16495530978,
    73.698856747151));
#1123 = CARTESIAN_POINT('',(22.488465512101,-22.7256847746,
    78.744337770558));
#1124 = CARTESIAN_POINT('',(24.538365088668,-21.09511504461,
    83.78982021861));
#1125 = CARTESIAN_POINT('',(26.469790743868,-19.28039444817,
    88.835301850638));
#1126 = CARTESIAN_POINT('',(28.266274649829,-17.29017242663,
    93.880779285128));
#1127 = CARTESIAN_POINT('',(29.911987465107,-15.13456941631,
    98.926268414461));
#1128 = CARTESIAN_POINT('',(31.391862247109,-12.82510169741,
    103.97170885322));
#1129 = CARTESIAN_POINT('',(32.691740909262,-10.37472772744,
    109.01732721786));
#1130 = CARTESIAN_POINT('',(33.798420176731,-7.797383008823,
    114.06227402731));
#1131 = CARTESIAN_POINT('',(34.700050843161,-5.109380125444,
    119.10973365218));
#1132 = CARTESIAN_POINT('',(35.3851853238,-2.323766131555,
    124.14776911856));
#1133 = CARTESIAN_POINT('',(35.841624007921,0.496612688274,
    129.16358721253));
#1134 = CARTESIAN_POINT('',(35.988868541464,2.426012846009,
    132.39837068759));
#1135 = CARTESIAN_POINT('',(36.00979281934,3.455150675159,
    133.73002152875));
#1136 = DEFINITIONAL_REPRESENTATION('',(#1137),#1156);
#1137 = B_SPLINE_CURVE_WITH_KNOTS('',5,(#1138,#1139,#1140,#1141,#1142,
    #1143,#1144,#1145,#1146,#1147,#1148,#1149,#1150,#1151,#1152,#1153,
    #1154,#1155),.UNSPECIFIED.,.F.,.F.,(6,4,4,4,6),(0.,0.2697247526,
    0.524204804219,0.767589504628,1.),.UNSPECIFIED.);
#1138 = CARTESIAN_POINT('',(21.,0.622467977829));
#1139 = CARTESIAN_POINT('',(20.951052217191,0.627144345586));
#1140 = CARTESIAN_POINT('',(20.901499541725,0.631803391777));
#1141 = CARTESIAN_POINT('',(20.851320142764,0.636443539623));
#1142 = CARTESIAN_POINT('',(20.800493231195,0.641063053914));
#1143 = CARTESIAN_POINT('',(20.700416581445,0.649997245509));
#1144 = CARTESIAN_POINT('',(20.651240157364,0.654314391339));
#1145 = CARTESIAN_POINT('',(20.601454054758,0.658609933437));
#1146 = CARTESIAN_POINT('',(20.551044401624,0.662882152597));
#1147 = CARTESIAN_POINT('',(20.451180068862,0.671191165332));
#1148 = CARTESIAN_POINT('',(20.401779573512,0.675230101785));
#1149 = CARTESIAN_POINT('',(20.351787728799,0.67924447348));
#1150 = CARTESIAN_POINT('',(20.301196192631,0.683232621522));
#1151 = CARTESIAN_POINT('',(20.201110716464,0.690974485589));
#1152 = CARTESIAN_POINT('',(20.151670071859,0.694730667168));
#1153 = CARTESIAN_POINT('',(20.101672596948,0.698459882037));
#1154 = CARTESIAN_POINT('',(20.051115865323,0.702160598195));
#1155 = CARTESIAN_POINT('',(20.,0.705831284506));
#1156 = ( GEOMETRIC_REPRESENTATION_CONTEXT(2) 
PARAMETRIC_REPRESENTATION_CONTEXT() REPRESENTATION_CONTEXT('2D SPACE',''
  ) );
#1157 = ORIENTED_EDGE('',*,*,#1158,.F.);
#1158 = EDGE_CURVE('',#1159,#1024,#1161,.T.);
#1159 = VERTEX_POINT('',#1160);
#1160 = CARTESIAN_POINT('',(25.385037400407,-25.3850374004,
    66.319875493247));
#1161 = SURFACE_CURVE('',#1162,(#1185,#1211),.PCURVE_S1.);
#1162 = B_SPLINE_CURVE_WITH_KNOTS('',6,(#1163,#1164,#1165,#1166,#1167,
    #1168,#1169,#1170,#1171,#1172,#1173,#1174,#1175,#1176,#1177,#1178,
    #1179,#1180,#1181,#1182,#1183,#1184),.UNSPECIFIED.,.F.,.F.,(7,5,5,5,
    7),(0.,0.229964380333,0.471343770947,0.728039715949,1.),
  .UNSPECIFIED.);
#1163 = CARTESIAN_POINT('',(25.385037400407,-25.3850374004,
    66.319875493247));
#1164 = CARTESIAN_POINT('',(25.246916616044,-25.24691661604,
    66.792185598381));
#1165 = CARTESIAN_POINT('',(25.111949994899,-25.11194999489,
    67.266384318246));
#1166 = CARTESIAN_POINT('',(24.980094619949,-24.98009461994,
    67.742383259102));
#1167 = CARTESIAN_POINT('',(24.851303930993,-24.85130393099,
    68.220096455325));
#1168 = CARTESIAN_POINT('',(24.725530543834,-24.72553054383,
    68.699441899755));
#1169 = CARTESIAN_POINT('',(24.473831955022,-24.47383195502,
    69.68511530105));
#1170 = CARTESIAN_POINT('',(24.348209001422,-24.34820900142,
    70.191601327915));
#1171 = CARTESIAN_POINT('',(24.225805951244,-24.22580595124,
    70.699711805746));
#1172 = CARTESIAN_POINT('',(24.106567857787,-24.10656785778,
    71.209361765894));
#1173 = CARTESIAN_POINT('',(23.990439085073,-23.99043908507,
    71.720470619956));
#1174 = CARTESIAN_POINT('',(23.757112389088,-23.75711238908,
    72.77797347902));
#1175 = CARTESIAN_POINT('',(23.640314550008,-23.64031455,73.324548336469
    ));
#1176 = CARTESIAN_POINT('',(23.526901851868,-23.52690185186,
    73.872595483602));
#1177 = CARTESIAN_POINT('',(23.416805758009,-23.416805758,
    74.422027774469));
#1178 = CARTESIAN_POINT('',(23.309965853943,-23.30996585394,
    74.972767297548));
#1179 = CARTESIAN_POINT('',(23.096504348975,-23.09650434897,
    76.109532812218));
#1180 = CARTESIAN_POINT('',(22.990273823009,-22.990273823,
    76.695709431103));
#1181 = CARTESIAN_POINT('',(22.887550057599,-22.88755005759,
    77.283179931408));
#1182 = CARTESIAN_POINT('',(22.788258207825,-22.78825820782,
    77.871861137522));
#1183 = CARTESIAN_POINT('',(22.69232520927,-22.69232520927,
    78.461675656482));
#1184 = CARTESIAN_POINT('',(22.599681210075,-22.59968121007,
    79.052552252845));
#1185 = PCURVE('',#288,#1186);
#1186 = DEFINITIONAL_REPRESENTATION('',(#1187),#1210);
#1187 = B_SPLINE_CURVE_WITH_KNOTS('',6,(#1188,#1189,#1190,#1191,#1192,
    #1193,#1194,#1195,#1196,#1197,#1198,#1199,#1200,#1201,#1202,#1203,
    #1204,#1205,#1206,#1207,#1208,#1209),.UNSPECIFIED.,.F.,.F.,(7,5,5,5,
    7),(0.,0.229964380333,0.471343770947,0.728039715949,1.),
  .UNSPECIFIED.);
#1188 = CARTESIAN_POINT('',(-16.74590482862,-1.676809653004));
#1189 = CARTESIAN_POINT('',(-16.55057254213,-2.149119758138));
#1190 = CARTESIAN_POINT('',(-16.35970091604,-2.623318478003));
#1191 = CARTESIAN_POINT('',(-16.17322925652,-3.099317418858));
#1192 = CARTESIAN_POINT('',(-15.99109171749,-3.577030615082));
#1193 = CARTESIAN_POINT('',(-15.81322128758,-4.056376059512));
#1194 = CARTESIAN_POINT('',(-15.45726572965,-5.042049460807));
#1195 = CARTESIAN_POINT('',(-15.27960804493,-5.548535487672));
#1196 = CARTESIAN_POINT('',(-15.10650399129,-6.056645965502));
#1197 = CARTESIAN_POINT('',(-14.93787586237,-6.566295925651));
#1198 = CARTESIAN_POINT('',(-14.77364497702,-7.077404779713));
#1199 = CARTESIAN_POINT('',(-14.44367119909,-8.134907638777));
#1200 = CARTESIAN_POINT('',(-14.27849411101,-8.681482496226));
#1201 = CARTESIAN_POINT('',(-14.11810433515,-9.229529643358));
#1202 = CARTESIAN_POINT('',(-13.96240494605,-9.778961934226));
#1203 = CARTESIAN_POINT('',(-13.81131050472,-10.3297014573));
#1204 = CARTESIAN_POINT('',(-13.50943034935,-11.46646697197));
#1205 = CARTESIAN_POINT('',(-13.35919769879,-12.05264359086));
#1206 = CARTESIAN_POINT('',(-13.21392435657,-12.64011409116));
#1207 = CARTESIAN_POINT('',(-13.07350447599,-13.22879529727));
#1208 = CARTESIAN_POINT('',(-12.93783472835,-13.81860981623));
#1209 = CARTESIAN_POINT('',(-12.80681632822,-14.4094864126));
#1210 = ( GEOMETRIC_REPRESENTATION_CONTEXT(2) 
PARAMETRIC_REPRESENTATION_CONTEXT() REPRESENTATION_CONTEXT('2D SPACE',''
  ) );
#1211 = PCURVE('',#1212,#1279);
#1212 = ( BOUNDED_SURFACE() B_SPLINE_SURFACE(1,3,(
    (#1213,#1214,#1215,#1216,#1217,#1218,#1219,#1220,#1221,#1222,#1223
      ,#1224,#1225,#1226,#1227,#1228,#1229,#1230,#1231,#1232,#1233,#1234
      ,#1235,#1236,#1237,#1238,#1239,#1240,#1241,#1242,#1243,#1244,#1245
      )
    ,(#1246,#1247,#1248,#1249,#1250,#1251,#1252,#1253,#1254,#1255,#1256
      ,#1257,#1258,#1259,#1260,#1261,#1262,#1263,#1264,#1265,#1266,#1267
      ,#1268,#1269,#1270,#1271,#1272,#1273,#1274,#1275,#1276,#1277,#1278
)),.UNSPECIFIED.,.F.,.F.,.F.) B_SPLINE_SURFACE_WITH_KNOTS((2,2),(4,1,1,1
    ,1,1,1,1,1,1,1,1,1,1,1,1,1,1,1,1,1,1,1,1,1,1,1,1,1,1,4),(21.,22.),(
    0.,3.068165821138E-02,6.601269782959E-02,9.830800907E-02,
    0.127216197096,0.157262707878,0.188138205668,0.219565799738,
    0.251333925196,0.283659313393,0.31744062664,0.35073174851,
    0.384111710396,0.417581465102,0.45114195778,0.484794125941,
    0.51853889945,0.552377200543,0.586309943827,0.620338036294,
    0.654462377335,0.688683858749,0.723003364765,0.757421772058,
    0.791939949764,0.826558759507,0.861279055419,0.896101684163,
    0.931027484962,0.96605728962,1.),.UNSPECIFIED.) 
GEOMETRIC_REPRESENTATION_ITEM() RATIONAL_B_SPLINE_SURFACE((
    (1.,1.000000000002,0.999999999999,1.,1.,1.,1.,1.,1.,1.,1.,1.,1.,1.
      ,1.,1.,1.,1.,1.,1.,1.,1.,1.,1.,1.,1.,1.,1.,0.999999999999
      ,1.000000000003,0.999999999988,1.000000000025,1.)
    ,(1.,1.000000000002,0.999999999999,1.,1.,1.,1.,1.,1.,1.,1.,1.,1.,1.
      ,1.,1.,1.,1.,1.,1.,1.,1.,1.,1.,1.,1.,1.,1.,0.999999999999
      ,1.000000000003,0.999999999988,1.000000000025,1.
))) REPRESENTATION_ITEM('') SURFACE() );
#1213 = CARTESIAN_POINT('',(-9.418407708819,-10.10680466521,
    -10.11982966802));
#1214 = CARTESIAN_POINT('',(-12.45326040468,-15.1162275404,
    -12.85547423447));
#1215 = CARTESIAN_POINT('',(-6.83280109871,-8.564348808978,
    -2.952170729409));
#1216 = CARTESIAN_POINT('',(-7.741346352947,-11.25792781765,
    2.074211451366));
#1217 = CARTESIAN_POINT('',(-9.942158240122,-17.36046216988,
    3.324693262476));
#1218 = CARTESIAN_POINT('',(-9.300108700189,-20.39258386355,
    6.627972299613));
#1219 = CARTESIAN_POINT('',(-8.432671225682,-23.19032625763,
    10.293545432463));
#1220 = CARTESIAN_POINT('',(-6.924527149962,-25.28470357922,
    14.436104726298));
#1221 = CARTESIAN_POINT('',(-5.069195928495,-26.82049831281,
    18.810975887307));
#1222 = CARTESIAN_POINT('',(-2.944165627975,-27.82142371883,
    23.338395863153));
#1223 = CARTESIAN_POINT('',(-0.648730370883,-28.01037092202,
    28.043852332174));
#1224 = CARTESIAN_POINT('',(1.535736892152,-28.45671973961,
    33.366718058391));
#1225 = CARTESIAN_POINT('',(3.910318169725,-28.5987785508,
    38.364162653567));
#1226 = CARTESIAN_POINT('',(6.275942079191,-28.57712157013,
    43.430315313796));
#1227 = CARTESIAN_POINT('',(8.670360138003,-28.3483631955,
    48.470245820927));
#1228 = CARTESIAN_POINT('',(11.065921855608,-27.91972441003,
    53.517229585308));
#1229 = CARTESIAN_POINT('',(13.448344394247,-27.28639133166,
    58.562314412655));
#1230 = CARTESIAN_POINT('',(15.799351433078,-26.44864534542,
    63.607908825541));
#1231 = CARTESIAN_POINT('',(18.101503546539,-25.40729910162,
    68.653364824306));
#1232 = CARTESIAN_POINT('',(20.337062750957,-24.16495530978,
    73.698856747151));
#1233 = CARTESIAN_POINT('',(22.488465512101,-22.7256847746,
    78.744337770558));
#1234 = CARTESIAN_POINT('',(24.538365088668,-21.09511504461,
    83.78982021861));
#1235 = CARTESIAN_POINT('',(26.469790743868,-19.28039444817,
    88.835301850638));
#1236 = CARTESIAN_POINT('',(28.266274649829,-17.29017242663,
    93.880779285128));
#1237 = CARTESIAN_POINT('',(29.911987465107,-15.13456941631,
    98.926268414461));
#1238 = CARTESIAN_POINT('',(31.391862247109,-12.82510169741,
    103.97170885322));
#1239 = CARTESIAN_POINT('',(32.691740909262,-10.37472772744,
    109.01732721786));
#1240 = CARTESIAN_POINT('',(33.798420176731,-7.797383008823,
    114.06227402731));
#1241 = CARTESIAN_POINT('',(34.700050843161,-5.109380125444,
    119.10973365218));
#1242 = CARTESIAN_POINT('',(35.3851853238,-2.323766131555,
    124.14776911856));
#1243 = CARTESIAN_POINT('',(35.841624007921,0.496612688274,
    129.16358721253));
#1244 = CARTESIAN_POINT('',(35.988868541464,2.426012846009,
    132.39837068759));
#1245 = CARTESIAN_POINT('',(36.00979281934,3.455150675159,
    133.73002152875));
#1246 = CARTESIAN_POINT('',(-8.414855705465,-13.60846073059,
    -10.11982966802));
#1247 = CARTESIAN_POINT('',(-9.918713737839,-17.45189636581,
    -13.20549020304));
#1248 = CARTESIAN_POINT('',(-6.321454178724,-12.74002085073,
    -2.349153047964));
#1249 = CARTESIAN_POINT('',(-5.912184016995,-13.78568326486,
    0.402167973074));
#1250 = CARTESIAN_POINT('',(-6.67857926959,-19.85453815605,
    0.556268184895));
#1251 = CARTESIAN_POINT('',(-5.791027658179,-24.40897179943,
    4.338199718794));
#1252 = CARTESIAN_POINT('',(-4.252097014922,-27.66540001426,
    8.389705231602));
#1253 = CARTESIAN_POINT('',(-2.142521681145,-30.01544979625,
    13.012356568386));
#1254 = CARTESIAN_POINT('',(0.298267169427,-31.49637194338,
    17.855593946091));
#1255 = CARTESIAN_POINT('',(2.938223615866,-32.24988911828,
    22.862616673986));
#1256 = CARTESIAN_POINT('',(5.593459458399,-31.96928206319,
    28.032637662535));
#1257 = CARTESIAN_POINT('',(8.167722744939,-31.95054878702,
    32.865744682983));
#1258 = CARTESIAN_POINT('',(10.89713028401,-31.58424625624,
    37.987629462079));
#1259 = CARTESIAN_POINT('',(13.577247235589,-31.02318236457,
    43.013612385695));
#1260 = CARTESIAN_POINT('',(16.243863575501,-30.2234425913,
    48.057464389687));
#1261 = CARTESIAN_POINT('',(18.86648884292,-29.19575213823,
    53.096507709553));
#1262 = CARTESIAN_POINT('',(21.428019083562,-27.93887107489,
    58.136843432611));
#1263 = CARTESIAN_POINT('',(23.907717523285,-26.45697678078,
    63.176830119094));
#1264 = CARTESIAN_POINT('',(26.285984642975,-24.75500206237,
    68.21690940437));
#1265 = CARTESIAN_POINT('',(28.543268114419,-22.8398873913,
    73.256962481845));
#1266 = CARTESIAN_POINT('',(30.660550009624,-20.72022514262,
    78.297021288927));
#1267 = CARTESIAN_POINT('',(32.619408745158,-18.40631930081,
    83.337077385979));
#1268 = CARTESIAN_POINT('',(34.402193224162,-15.91011716052,
    88.377132512319));
#1269 = CARTESIAN_POINT('',(35.992162522999,-13.2451559206,
    93.417188239103));
#1270 = CARTESIAN_POINT('',(37.373631197233,-10.42649906842,
    98.457236548315));
#1271 = CARTESIAN_POINT('',(38.532100147448,-7.470620758687,
    103.49730811583));
#1272 = CARTESIAN_POINT('',(39.454406353155,-4.395433499475,
    108.53728784062));
#1273 = CARTESIAN_POINT('',(40.128771200757,-1.219719325977,
    113.57760725616));
#1274 = CARTESIAN_POINT('',(40.545190543831,2.035257004384,
    118.61664877333));
#1275 = CARTESIAN_POINT('',(40.694501240412,5.352365870338,
    123.66047617316));
#1276 = CARTESIAN_POINT('',(40.573747128371,8.656517844426,
    128.62935510852));
#1277 = CARTESIAN_POINT('',(40.310198277636,10.881519641654,
    131.96152364674));
#1278 = CARTESIAN_POINT('',(40.123155868882,12.061013970121,
    133.73002152875));
#1279 = DEFINITIONAL_REPRESENTATION('',(#1280),#1303);
#1280 = B_SPLINE_CURVE_WITH_KNOTS('',6,(#1281,#1282,#1283,#1284,#1285,
    #1286,#1287,#1288,#1289,#1290,#1291,#1292,#1293,#1294,#1295,#1296,
    #1297,#1298,#1299,#1300,#1301,#1302),.UNSPECIFIED.,.F.,.F.,(7,5,5,5,
    7),(0.,0.229964380333,0.471343770947,0.728039715949,1.),
  .UNSPECIFIED.);
#1281 = CARTESIAN_POINT('',(22.,0.539676828548));
#1282 = CARTESIAN_POINT('',(21.956985734971,0.542723475318));
#1283 = CARTESIAN_POINT('',(21.914455000921,0.545784793471));
#1284 = CARTESIAN_POINT('',(21.872399782493,0.54886018852));
#1285 = CARTESIAN_POINT('',(21.830811550348,0.551949079125));
#1286 = CARTESIAN_POINT('',(21.789681403185,0.555050907458));
#1287 = CARTESIAN_POINT('',(21.70629967649,0.561433976954));
#1288 = CARTESIAN_POINT('',(21.664093795742,0.564716479946));
#1289 = CARTESIAN_POINT('',(21.62237192208,0.568012047499));
#1290 = CARTESIAN_POINT('',(21.581123180682,0.571320096509));
#1291 = CARTESIAN_POINT('',(21.540336467351,0.574640071813));
#1292 = CARTESIAN_POINT('',(21.457104936826,0.581514210524));
#1293 = CARTESIAN_POINT('',(21.414719177561,0.585069865338));
#1294 = CARTESIAN_POINT('',(21.372829554514,0.588637779274));
#1295 = CARTESIAN_POINT('',(21.331422310642,0.592217347724));
#1296 = CARTESIAN_POINT('',(21.290483924762,0.595808026152));
#1297 = CARTESIAN_POINT('',(21.207110194067,0.603224693378));
#1298 = CARTESIAN_POINT('',(21.164730626913,0.60705197652));
#1299 = CARTESIAN_POINT('',(21.122845834459,0.610890513922));
#1300 = CARTESIAN_POINT('',(21.081439718314,0.614739719009));
#1301 = CARTESIAN_POINT('',(21.040496340733,0.618599042996));
#1302 = CARTESIAN_POINT('',(21.,0.622467977829));
#1303 = ( GEOMETRIC_REPRESENTATION_CONTEXT(2) 
PARAMETRIC_REPRESENTATION_CONTEXT() REPRESENTATION_CONTEXT('2D SPACE',''
  ) );
#1304 = ORIENTED_EDGE('',*,*,#1305,.F.);
#1305 = EDGE_CURVE('',#1306,#1159,#1308,.T.);
#1306 = VERTEX_POINT('',#1307);
#1307 = CARTESIAN_POINT('',(21.264357238306,-21.2643572383,
    54.456184979003));
#1308 = SURFACE_CURVE('',#1309,(#1332,#1358),.PCURVE_S1.);
#1309 = B_SPLINE_CURVE_WITH_KNOTS('',6,(#1310,#1311,#1312,#1313,#1314,
    #1315,#1316,#1317,#1318,#1319,#1320,#1321,#1322,#1323,#1324,#1325,
    #1326,#1327,#1328,#1329,#1330,#1331),.UNSPECIFIED.,.F.,.F.,(7,5,5,5,
    7),(0.,0.270527074448,0.525279072733,0.768401229289,1.),
  .UNSPECIFIED.);
#1310 = CARTESIAN_POINT('',(21.264357238306,-21.2643572383,
    54.456184979003));
#1311 = CARTESIAN_POINT('',(21.412807824988,-21.41280782498,
    55.015411295477));
#1312 = CARTESIAN_POINT('',(21.564939634584,-21.56493963458,
    55.572652605355));
#1313 = CARTESIAN_POINT('',(21.720829545994,-21.72082954599,
    56.127797882681));
#1314 = CARTESIAN_POINT('',(21.880553471715,-21.88055347171,
    56.680728978615));
#1315 = CARTESIAN_POINT('',(22.044186357835,-22.04418635783,
    57.231320621433));
#1316 = CARTESIAN_POINT('',(22.369643933363,-22.36964393336,
    58.295598044675));
#1317 = CARTESIAN_POINT('',(22.531017789069,-22.53101778906,
    58.809563415418));
#1318 = CARTESIAN_POINT('',(22.695982898068,-22.69598289806,
    59.321227425348));
#1319 = CARTESIAN_POINT('',(22.864606519256,-22.86460651925,
    59.830468763984));
#1320 = CARTESIAN_POINT('',(23.036946056859,-23.03694605685,
    60.337165294113));
#1321 = CARTESIAN_POINT('',(23.381130940606,-23.3811309406,
    61.322201516985));
#1322 = CARTESIAN_POINT('',(23.552639398793,-23.55263939879,
    61.800779817842));
#1323 = CARTESIAN_POINT('',(23.727632833513,-23.72763283351,
    62.276810944252));
#1324 = CARTESIAN_POINT('',(23.906156256543,-23.90615625654,
    62.750179389691));
#1325 = CARTESIAN_POINT('',(24.088250638337,-24.08825063833,
    63.220766234895));
#1326 = CARTESIAN_POINT('',(24.450853351772,-24.45085335177,
    64.133965053375));
#1327 = CARTESIAN_POINT('',(24.631027841998,-24.63102784199,
    64.576845851424));
#1328 = CARTESIAN_POINT('',(24.814508238347,-24.81450823834,
    65.016985634979));
#1329 = CARTESIAN_POINT('',(25.001322301064,-25.00132230106,
    65.454276613021));
#1330 = CARTESIAN_POINT('',(25.191492929465,-25.19149292946,
    65.888609764659));
#1331 = CARTESIAN_POINT('',(25.385037400407,-25.3850374004,
    66.319875493247));
#1332 = PCURVE('',#288,#1333);
#1333 = DEFINITIONAL_REPRESENTATION('',(#1334),#1357);
#1334 = B_SPLINE_CURVE_WITH_KNOTS('',6,(#1335,#1336,#1337,#1338,#1339,
    #1340,#1341,#1342,#1343,#1344,#1345,#1346,#1347,#1348,#1349,#1350,
    #1351,#1352,#1353,#1354,#1355,#1356),.UNSPECIFIED.,.F.,.F.,(7,5,5,5,
    7),(0.,0.270527074448,0.525279072733,0.768401229289,1.),
  .UNSPECIFIED.);
#1335 = CARTESIAN_POINT('',(-10.91838305718,10.186880861241));
#1336 = CARTESIAN_POINT('',(-11.12832389021,9.627654544766));
#1337 = CARTESIAN_POINT('',(-11.34347075861,9.070413234889));
#1338 = CARTESIAN_POINT('',(-11.56393238556,8.515267957563));
#1339 = CARTESIAN_POINT('',(-11.78981612755,7.962336861628));
#1340 = CARTESIAN_POINT('',(-12.02122797435,7.41174521881));
#1341 = CARTESIAN_POINT('',(-12.48149449164,6.347467795568));
#1342 = CARTESIAN_POINT('',(-12.70971158699,5.833502424825));
#1343 = CARTESIAN_POINT('',(-12.94300748146,5.321838414895));
#1344 = CARTESIAN_POINT('',(-13.18147729348,4.812597076259));
#1345 = CARTESIAN_POINT('',(-13.42520220489,4.305900546131));
#1346 = CARTESIAN_POINT('',(-13.91195313545,3.320864323259));
#1347 = CARTESIAN_POINT('',(-14.15450272308,2.842286022401));
#1348 = CARTESIAN_POINT('',(-14.40198081178,2.366254895991));
#1349 = CARTESIAN_POINT('',(-14.65445105783,1.892886450553));
#1350 = CARTESIAN_POINT('',(-14.9119714022,1.422299605348));
#1351 = CARTESIAN_POINT('',(-15.42476907729,0.509100786868));
#1352 = CARTESIAN_POINT('',(-15.67957428496,6.62199888193E-02));
#1353 = CARTESIAN_POINT('',(-15.93905474991,-0.373919794736));
#1354 = CARTESIAN_POINT('',(-16.20324973105,-0.811210772778));
#1355 = CARTESIAN_POINT('',(-16.4721916129,-1.245543924416));
#1356 = CARTESIAN_POINT('',(-16.74590482862,-1.676809653004));
#1357 = ( GEOMETRIC_REPRESENTATION_CONTEXT(2) 
PARAMETRIC_REPRESENTATION_CONTEXT() REPRESENTATION_CONTEXT('2D SPACE',''
  ) );
#1358 = PCURVE('',#1359,#1426);
#1359 = ( BOUNDED_SURFACE() B_SPLINE_SURFACE(1,3,(
    (#1360,#1361,#1362,#1363,#1364,#1365,#1366,#1367,#1368,#1369,#1370
      ,#1371,#1372,#1373,#1374,#1375,#1376,#1377,#1378,#1379,#1380,#1381
      ,#1382,#1383,#1384,#1385,#1386,#1387,#1388,#1389,#1390,#1391,#1392
      )
    ,(#1393,#1394,#1395,#1396,#1397,#1398,#1399,#1400,#1401,#1402,#1403
      ,#1404,#1405,#1406,#1407,#1408,#1409,#1410,#1411,#1412,#1413,#1414
      ,#1415,#1416,#1417,#1418,#1419,#1420,#1421,#1422,#1423,#1424,#1425
)),.UNSPECIFIED.,.F.,.F.,.F.) B_SPLINE_SURFACE_WITH_KNOTS((2,2),(4,1,1,1
    ,1,1,1,1,1,1,1,1,1,1,1,1,1,1,1,1,1,1,1,1,1,1,1,1,1,1,4),(22.,23.),(
    0.,3.068165821138E-02,6.601269782959E-02,9.830800907E-02,
    0.127216197096,0.157262707878,0.188138205668,0.219565799738,
    0.251333925196,0.283659313393,0.31744062664,0.35073174851,
    0.384111710396,0.417581465102,0.45114195778,0.484794125941,
    0.51853889945,0.552377200543,0.586309943827,0.620338036294,
    0.654462377335,0.688683858749,0.723003364765,0.757421772058,
    0.791939949764,0.826558759507,0.861279055419,0.896101684163,
    0.931027484962,0.96605728962,1.),.UNSPECIFIED.) 
GEOMETRIC_REPRESENTATION_ITEM() RATIONAL_B_SPLINE_SURFACE((
    (1.,1.000000000002,0.999999999999,1.,1.,1.,1.,1.,1.,1.,1.,1.,1.,1.
      ,1.,1.,1.,1.,1.,1.,1.,1.,1.,1.,1.,1.,1.,1.,0.999999999999
      ,1.000000000003,0.999999999988,1.000000000025,1.)
    ,(1.,1.000000000002,0.999999999999,1.,1.,1.,1.,1.,1.,1.,1.,1.,1.,1.
      ,1.,1.,1.,1.,1.,1.,1.,1.,1.,1.,1.,1.,1.,1.,0.999999999999
      ,1.000000000003,0.999999999988,1.000000000025,1.
))) REPRESENTATION_ITEM('') SURFACE() );
#1360 = CARTESIAN_POINT('',(-8.414855705465,-13.60846073059,
    -10.11982966802));
#1361 = CARTESIAN_POINT('',(-9.918713737839,-17.45189636581,
    -13.20549020304));
#1362 = CARTESIAN_POINT('',(-6.321454178724,-12.74002085073,
    -2.349153047964));
#1363 = CARTESIAN_POINT('',(-5.912184016995,-13.78568326486,
    0.402167973074));
#1364 = CARTESIAN_POINT('',(-6.67857926959,-19.85453815605,
    0.556268184895));
#1365 = CARTESIAN_POINT('',(-5.791027658179,-24.40897179943,
    4.338199718794));
#1366 = CARTESIAN_POINT('',(-4.252097014922,-27.66540001426,
    8.389705231602));
#1367 = CARTESIAN_POINT('',(-2.142521681145,-30.01544979625,
    13.012356568386));
#1368 = CARTESIAN_POINT('',(0.298267169427,-31.49637194338,
    17.855593946091));
#1369 = CARTESIAN_POINT('',(2.938223615866,-32.24988911828,
    22.862616673986));
#1370 = CARTESIAN_POINT('',(5.593459458399,-31.96928206319,
    28.032637662535));
#1371 = CARTESIAN_POINT('',(8.167722744939,-31.95054878702,
    32.865744682983));
#1372 = CARTESIAN_POINT('',(10.89713028401,-31.58424625624,
    37.987629462079));
#1373 = CARTESIAN_POINT('',(13.577247235589,-31.02318236457,
    43.013612385695));
#1374 = CARTESIAN_POINT('',(16.243863575501,-30.2234425913,
    48.057464389687));
#1375 = CARTESIAN_POINT('',(18.86648884292,-29.19575213823,
    53.096507709553));
#1376 = CARTESIAN_POINT('',(21.428019083562,-27.93887107489,
    58.136843432611));
#1377 = CARTESIAN_POINT('',(23.907717523285,-26.45697678078,
    63.176830119094));
#1378 = CARTESIAN_POINT('',(26.285984642975,-24.75500206237,
    68.21690940437));
#1379 = CARTESIAN_POINT('',(28.543268114419,-22.8398873913,
    73.256962481845));
#1380 = CARTESIAN_POINT('',(30.660550009624,-20.72022514262,
    78.297021288927));
#1381 = CARTESIAN_POINT('',(32.619408745158,-18.40631930081,
    83.337077385979));
#1382 = CARTESIAN_POINT('',(34.402193224162,-15.91011716052,
    88.377132512319));
#1383 = CARTESIAN_POINT('',(35.992162522999,-13.2451559206,
    93.417188239103));
#1384 = CARTESIAN_POINT('',(37.373631197233,-10.42649906842,
    98.457236548315));
#1385 = CARTESIAN_POINT('',(38.532100147448,-7.470620758687,
    103.49730811583));
#1386 = CARTESIAN_POINT('',(39.454406353155,-4.395433499475,
    108.53728784062));
#1387 = CARTESIAN_POINT('',(40.128771200757,-1.219719325977,
    113.57760725616));
#1388 = CARTESIAN_POINT('',(40.545190543831,2.035257004384,
    118.61664877333));
#1389 = CARTESIAN_POINT('',(40.694501240412,5.352365870338,
    123.66047617316));
#1390 = CARTESIAN_POINT('',(40.573747128371,8.656517844426,
    128.62935510852));
#1391 = CARTESIAN_POINT('',(40.310198277636,10.881519641654,
    131.96152364674));
#1392 = CARTESIAN_POINT('',(40.123155868882,12.061013970121,
    133.73002152875));
#1393 = CARTESIAN_POINT('',(-4.833767411498,-12.9417385587,
    -10.11982966802));
#1394 = CARTESIAN_POINT('',(-5.720582561729,-18.73122966847,
    -12.85547423447));
#1395 = CARTESIAN_POINT('',(-3.035250686421,-10.5272263514,
    -2.952170729409));
#1396 = CARTESIAN_POINT('',(-2.843848991045,-13.36345408259,
    2.074211451366));
#1397 = CARTESIAN_POINT('',(-2.541795256408,-19.84367491416,
    3.324693262476));
#1398 = CARTESIAN_POINT('',(-0.788276090541,-22.3992883653,
    6.627972299613));
#1399 = CARTESIAN_POINT('',(1.083781300135,-24.65211135034,
    10.293545432463));
#1400 = CARTESIAN_POINT('',(3.278608245862,-26.00992193971,
    14.436104726298));
#1401 = CARTESIAN_POINT('',(5.580433987463,-26.7188067402,
    18.810975887307));
#1402 = CARTESIAN_POINT('',(7.926743557997,-26.83032734711,
    23.338395863153));
#1403 = CARTESIAN_POINT('',(10.119756174482,-26.12646675791,
    28.043852332174));
#1404 = CARTESIAN_POINT('',(12.308751065789,-25.70287986474,
    33.366718058391));
#1405 = CARTESIAN_POINT('',(14.556941659887,-24.92541217908,
    38.364162653567));
#1406 = CARTESIAN_POINT('',(16.734205403763,-24.00011866054,
    43.430315313796));
#1407 = CARTESIAN_POINT('',(18.858817200588,-22.87246935906,
    48.470245820927));
#1408 = CARTESIAN_POINT('',(20.907994678683,-21.55971697779,
    53.517229585308));
#1409 = CARTESIAN_POINT('',(22.866700023665,-20.06287987499,
    58.562314412655));
#1410 = CARTESIAN_POINT('',(24.718155798169,-18.38921206173,
    63.607908825541));
#1411 = CARTESIAN_POINT('',(26.446561061664,-16.54613810822,
    68.653364824306));
#1412 = CARTESIAN_POINT('',(28.036524067903,-14.54285063699,
    73.698856747151));
#1413 = CARTESIAN_POINT('',(29.473376056608,-12.38983185476,
    78.744337770558));
#1414 = CARTESIAN_POINT('',(30.743244298118,-10.09891924892,
    83.78982021861));
#1415 = CARTESIAN_POINT('',(31.833185422897,-7.683211433564,
    88.835301850638));
#1416 = CARTESIAN_POINT('',(32.731295139727,-5.157001415386,
    93.880779285128));
#1417 = CARTESIAN_POINT('',(33.426821967348,-2.535696885092,
    98.926268414461));
#1418 = CARTESIAN_POINT('',(33.910252955514,0.164296632441,
    103.97170885322));
#1419 = CARTESIAN_POINT('',(34.173466724822,2.92558901839,
    109.01732721786));
#1420 = CARTESIAN_POINT('',(34.209597925771,5.730252872737,
    114.06227402731));
#1421 = CARTESIAN_POINT('',(34.013941874793,8.558682838223,
    119.10973365218));
#1422 = CARTESIAN_POINT('',(33.580915273893,11.394444207163,
    124.14776911856));
#1423 = CARTESIAN_POINT('',(32.923297385231,14.174805995679,
    129.16358721253));
#1424 = CARTESIAN_POINT('',(32.320984119884,16.013687353363,
    132.39837068759));
#1425 = CARTESIAN_POINT('',(31.946481636051,16.972494105383,
    133.73002152875));
#1426 = DEFINITIONAL_REPRESENTATION('',(#1427),#1450);
#1427 = B_SPLINE_CURVE_WITH_KNOTS('',6,(#1428,#1429,#1430,#1431,#1432,
    #1433,#1434,#1435,#1436,#1437,#1438,#1439,#1440,#1441,#1442,#1443,
    #1444,#1445,#1446,#1447,#1448,#1449),.UNSPECIFIED.,.F.,.F.,(7,5,5,5,
    7),(0.,0.270527074448,0.525279072733,0.768401229289,1.),
  .UNSPECIFIED.);
#1428 = CARTESIAN_POINT('',(23.,0.45744514651));
#1429 = CARTESIAN_POINT('',(22.95924932748,0.4612861341));
#1430 = CARTESIAN_POINT('',(22.918080042077,0.465117092369));
#1431 = CARTESIAN_POINT('',(22.876481214175,0.468937213021));
#1432 = CARTESIAN_POINT('',(22.83444201688,0.472745662254));
#1433 = CARTESIAN_POINT('',(22.791951726013,0.47654158076));
#1434 = CARTESIAN_POINT('',(22.708552347689,0.483886019965));
#1435 = CARTESIAN_POINT('',(22.667695533037,0.487436059313));
#1436 = CARTESIAN_POINT('',(22.626420725278,0.490973456785));
#1437 = CARTESIAN_POINT('',(22.584718375466,0.494497477229));
#1438 = CARTESIAN_POINT('',(22.542580537325,0.498007300085));
#1439 = CARTESIAN_POINT('',(22.459362291976,0.504837328539));
#1440 = CARTESIAN_POINT('',(22.418321501624,0.508158874905));
#1441 = CARTESIAN_POINT('',(22.376870379772,0.511465986472));
#1442 = CARTESIAN_POINT('',(22.335002968613,0.514757894426));
#1443 = CARTESIAN_POINT('',(22.292714068909,0.518033799394));
#1444 = CARTESIAN_POINT('',(22.209308987794,0.524397471572));
#1445 = CARTESIAN_POINT('',(22.168232310488,0.527486797656));
#1446 = CARTESIAN_POINT('',(22.126765625888,0.530560133244));
#1447 = CARTESIAN_POINT('',(22.084905996467,0.533616746685));
#1448 = CARTESIAN_POINT('',(22.042651233301,0.536655895135));
#1449 = CARTESIAN_POINT('',(22.,0.539676828548));
#1450 = ( GEOMETRIC_REPRESENTATION_CONTEXT(2) 
PARAMETRIC_REPRESENTATION_CONTEXT() REPRESENTATION_CONTEXT('2D SPACE',''
  ) );
#1451 = ORIENTED_EDGE('',*,*,#1452,.F.);
#1452 = EDGE_CURVE('',#1453,#1306,#1455,.T.);
#1453 = VERTEX_POINT('',#1454);
#1454 = CARTESIAN_POINT('',(23.839048019229,-23.83904801922,
    41.749588679906));
#1455 = SURFACE_CURVE('',#1456,(#1501,#1549),.PCURVE_S1.);
#1456 = B_SPLINE_CURVE_WITH_KNOTS('',8,(#1457,#1458,#1459,#1460,#1461,
    #1462,#1463,#1464,#1465,#1466,#1467,#1468,#1469,#1470,#1471,#1472,
    #1473,#1474,#1475,#1476,#1477,#1478,#1479,#1480,#1481,#1482,#1483,
    #1484,#1485,#1486,#1487,#1488,#1489,#1490,#1491,#1492,#1493,#1494,
    #1495,#1496,#1497,#1498,#1499,#1500),.UNSPECIFIED.,.F.,.F.,(9,7,7,7,
    7,7,9),(0.,0.112528089021,0.229327645593,0.470466204404,
    0.596973470663,0.727338693994,1.),.UNSPECIFIED.);
#1457 = CARTESIAN_POINT('',(23.839048019229,-23.83904801922,
    41.749588679906));
#1458 = CARTESIAN_POINT('',(23.791933992167,-23.79193399216,
    41.923237411021));
#1459 = CARTESIAN_POINT('',(23.745214965096,-23.74521496509,
    42.0971066085));
#1460 = CARTESIAN_POINT('',(23.698887833725,-23.69888783372,
    42.271192068437));
#1461 = CARTESIAN_POINT('',(23.652948965558,-23.65294896555,
    42.44548940923));
#1462 = CARTESIAN_POINT('',(23.607394337894,-23.60739433789,
    42.619994137438));
#1463 = CARTESIAN_POINT('',(23.562219675832,-23.56221967583,
    42.794701713633));
#1464 = CARTESIAN_POINT('',(23.517420590277,-23.51742059027,
    42.969607618254));
#1465 = CARTESIAN_POINT('',(23.426878398463,-23.42687839846,
    43.32645385145));
#1466 = CARTESIAN_POINT('',(23.381164524828,-23.38116452482,
    43.508409464925));
#1467 = CARTESIAN_POINT('',(23.335848280482,-23.33584828048,
    43.69057040271));
#1468 = CARTESIAN_POINT('',(23.290926962113,-23.29092696211,
    43.872932930391));
#1469 = CARTESIAN_POINT('',(23.246397977658,-23.24639797765,
    44.055493434312));
#1470 = CARTESIAN_POINT('',(23.202258846295,-23.20225884629,
    44.238248421579));
#1471 = CARTESIAN_POINT('',(23.158507198448,-23.15850719844,
    44.42119452006));
#1472 = CARTESIAN_POINT('',(23.025608615138,-23.02560861513,
    44.982417745797));
#1473 = CARTESIAN_POINT('',(22.937718441498,-22.93771844149,
    45.361307533657));
#1474 = CARTESIAN_POINT('',(22.851450242198,-22.85145024219,
    45.740969341336));
#1475 = CARTESIAN_POINT('',(22.766785886613,-22.76678588661,
    46.121376321362));
#1476 = CARTESIAN_POINT('',(22.683708913773,-22.68370891377,
    46.502503182551));
#1477 = CARTESIAN_POINT('',(22.602204319978,-22.60220431997,
    46.884326093155));
#1478 = CARTESIAN_POINT('',(22.52225834641,-22.52225834641,
    47.266822583994));
#1479 = CARTESIAN_POINT('',(22.402727641266,-22.40272764126,
    47.850980846572));
#1480 = CARTESIAN_POINT('',(22.362022395143,-22.36202239514,
    48.052169739106));
#1481 = CARTESIAN_POINT('',(22.321740890119,-22.32174089011,
    48.253535033469));
#1482 = CARTESIAN_POINT('',(22.281881818729,-22.28188181872,
    48.455073923214));
#1483 = CARTESIAN_POINT('',(22.242442926733,-22.24244292673,
    48.656783261722));
#1484 = CARTESIAN_POINT('',(22.203420795108,-22.2034207951,
    48.858659433187));
#1485 = CARTESIAN_POINT('',(22.164811681606,-22.1648116816,
    49.060698724034));
#1486 = CARTESIAN_POINT('',(22.087250270551,-22.08725027055,
    49.471263926999));
#1487 = CARTESIAN_POINT('',(22.048323190768,-22.04832319076,
    49.679799674077));
#1488 = CARTESIAN_POINT('',(22.009828927511,-22.00982892751,
    49.888501837961));
#1489 = CARTESIAN_POINT('',(21.971764215948,-21.97176421594,
    50.097366884351));
#1490 = CARTESIAN_POINT('',(21.934125781415,-21.93412578141,
    50.306391342716));
#1491 = CARTESIAN_POINT('',(21.896910339409,-21.8969103394,
    50.515571806296));
#1492 = CARTESIAN_POINT('',(21.860114595593,-21.86011459559,
    50.724904932101));
#1493 = CARTESIAN_POINT('',(21.7476471544,-21.7476471544,51.372524031157
    ));
#1494 = CARTESIAN_POINT('',(21.673380121662,-21.67338012166,
    51.811313680458));
#1495 = CARTESIAN_POINT('',(21.600907652446,-21.60090765244,
    52.250727727518));
#1496 = CARTESIAN_POINT('',(21.530186901713,-21.53018690171,
    52.690733736802));
#1497 = CARTESIAN_POINT('',(21.461213713371,-21.46121371337,
    53.131312127069));
#1498 = CARTESIAN_POINT('',(21.393924447919,-21.39392444791,
    53.572426213434));
#1499 = CARTESIAN_POINT('',(21.328314907947,-21.32831490794,
    54.014058218552));
#1500 = CARTESIAN_POINT('',(21.264357238306,-21.2643572383,
    54.456184979003));
#1501 = PCURVE('',#288,#1502);
#1502 = DEFINITIONAL_REPRESENTATION('',(#1503),#1548);
#1503 = B_SPLINE_CURVE_WITH_KNOTS('',8,(#1504,#1505,#1506,#1507,#1508,
    #1509,#1510,#1511,#1512,#1513,#1514,#1515,#1516,#1517,#1518,#1519,
    #1520,#1521,#1522,#1523,#1524,#1525,#1526,#1527,#1528,#1529,#1530,
    #1531,#1532,#1533,#1534,#1535,#1536,#1537,#1538,#1539,#1540,#1541,
    #1542,#1543,#1544,#1545,#1546,#1547),.UNSPECIFIED.,.F.,.F.,(9,7,7,7,
    7,7,9),(0.,0.112528089021,0.229327645593,0.470466204404,
    0.596973470663,0.727338693994,1.),.UNSPECIFIED.);
#1504 = CARTESIAN_POINT('',(-14.55954567848,22.893477160337));
#1505 = CARTESIAN_POINT('',(-14.49291638243,22.719828429222));
#1506 = CARTESIAN_POINT('',(-14.42684570072,22.545959231743));
#1507 = CARTESIAN_POINT('',(-14.36132924323,22.371873771807));
#1508 = CARTESIAN_POINT('',(-14.29636187283,22.197576431014));
#1509 = CARTESIAN_POINT('',(-14.23193790056,22.023071702805));
#1510 = CARTESIAN_POINT('',(-14.1680512808,21.84836412661));
#1511 = CARTESIAN_POINT('',(-14.10469580642,21.673458221989));
#1512 = CARTESIAN_POINT('',(-13.97664981079,21.316611988794));
#1513 = CARTESIAN_POINT('',(-13.91200063071,21.134656375318));
#1514 = CARTESIAN_POINT('',(-13.84791378336,20.952495437533));
#1515 = CARTESIAN_POINT('',(-13.78438544568,20.770132909852));
#1516 = CARTESIAN_POINT('',(-13.72141195195,20.587572405931));
#1517 = CARTESIAN_POINT('',(-13.65898979374,20.404817418664));
#1518 = CARTESIAN_POINT('',(-13.59711561998,20.221871320183));
#1519 = CARTESIAN_POINT('',(-13.40916864104,19.660648094446));
#1520 = CARTESIAN_POINT('',(-13.28487316548,19.281758306586));
#1521 = CARTESIAN_POINT('',(-13.16287150803,18.902096498907));
#1522 = CARTESIAN_POINT('',(-13.04313802811,18.521689518882));
#1523 = CARTESIAN_POINT('',(-12.9256494464,18.140562657692));
#1524 = CARTESIAN_POINT('',(-12.81038454446,17.758739747088));
#1525 = CARTESIAN_POINT('',(-12.69732386438,17.376243256249));
#1526 = CARTESIAN_POINT('',(-12.52828192005,16.792084993671));
#1527 = CARTESIAN_POINT('',(-12.47071600892,16.590896101137));
#1528 = CARTESIAN_POINT('',(-12.4137493582,16.389530806774));
#1529 = CARTESIAN_POINT('',(-12.35738011886,16.187991917029));
#1530 = CARTESIAN_POINT('',(-12.30160510292,15.986282578521));
#1531 = CARTESIAN_POINT('',(-12.24641947514,15.784406407057));
#1532 = CARTESIAN_POINT('',(-12.19181794319,15.582367116209));
#1533 = CARTESIAN_POINT('',(-12.08212954376,15.171801913245));
#1534 = CARTESIAN_POINT('',(-12.02707833959,14.963266166166));
#1535 = CARTESIAN_POINT('',(-11.97263923042,14.754564002282));
#1536 = CARTESIAN_POINT('',(-11.91880759908,14.545698955892));
#1537 = CARTESIAN_POINT('',(-11.86557881449,14.336674497527));
#1538 = CARTESIAN_POINT('',(-11.81294823168,14.127494033947));
#1539 = CARTESIAN_POINT('',(-11.76091119174,13.918160908142));
#1540 = CARTESIAN_POINT('',(-11.60185821108,13.270541809086));
#1541 = CARTESIAN_POINT('',(-11.49682876614,12.831752159785));
#1542 = CARTESIAN_POINT('',(-11.39433721728,12.392338112725));
#1543 = CARTESIAN_POINT('',(-11.29432297245,11.952332103442));
#1544 = CARTESIAN_POINT('',(-11.19678015406,11.511753713174));
#1545 = CARTESIAN_POINT('',(-11.10161876225,11.070639626809));
#1546 = CARTESIAN_POINT('',(-11.008832861,10.629007621691));
#1547 = CARTESIAN_POINT('',(-10.91838305718,10.186880861241));
#1548 = ( GEOMETRIC_REPRESENTATION_CONTEXT(2) 
PARAMETRIC_REPRESENTATION_CONTEXT() REPRESENTATION_CONTEXT('2D SPACE',''
  ) );
#1549 = PCURVE('',#1550,#1617);
#1550 = ( BOUNDED_SURFACE() B_SPLINE_SURFACE(1,3,(
    (#1551,#1552,#1553,#1554,#1555,#1556,#1557,#1558,#1559,#1560,#1561
      ,#1562,#1563,#1564,#1565,#1566,#1567,#1568,#1569,#1570,#1571,#1572
      ,#1573,#1574,#1575,#1576,#1577,#1578,#1579,#1580,#1581,#1582,#1583
      )
    ,(#1584,#1585,#1586,#1587,#1588,#1589,#1590,#1591,#1592,#1593,#1594
      ,#1595,#1596,#1597,#1598,#1599,#1600,#1601,#1602,#1603,#1604,#1605
      ,#1606,#1607,#1608,#1609,#1610,#1611,#1612,#1613,#1614,#1615,#1616
)),.UNSPECIFIED.,.F.,.F.,.F.) B_SPLINE_SURFACE_WITH_KNOTS((2,2),(4,1,1,1
    ,1,1,1,1,1,1,1,1,1,1,1,1,1,1,1,1,1,1,1,1,1,1,1,1,1,1,4),(23.,24.),(
    0.,3.068165821138E-02,6.601269782959E-02,9.830800907E-02,
    0.127216197096,0.157262707878,0.188138205668,0.219565799738,
    0.251333925196,0.283659313393,0.31744062664,0.35073174851,
    0.384111710396,0.417581465102,0.45114195778,0.484794125941,
    0.51853889945,0.552377200543,0.586309943827,0.620338036294,
    0.654462377335,0.688683858749,0.723003364765,0.757421772058,
    0.791939949764,0.826558759507,0.861279055419,0.896101684163,
    0.931027484962,0.96605728962,1.),.UNSPECIFIED.) 
GEOMETRIC_REPRESENTATION_ITEM() RATIONAL_B_SPLINE_SURFACE((
    (1.,1.000000000002,0.999999999999,1.,1.,1.,1.,1.,1.,1.,1.,1.,1.,1.
      ,1.,1.,1.,1.,1.,1.,1.,1.,1.,1.,1.,1.,1.,1.,0.999999999999
      ,1.000000000003,0.999999999988,1.000000000025,1.)
    ,(1.,1.000000000002,0.999999999999,1.,1.,1.,1.,1.,1.,1.,1.,1.,1.,1.
      ,1.,1.,1.,1.,1.,1.,1.,1.,1.,1.,1.,1.,1.,1.,0.999999999999
      ,1.000000000003,0.999999999988,1.000000000025,1.
))) REPRESENTATION_ITEM('') SURFACE() );
#1551 = CARTESIAN_POINT('',(-4.833767411498,-12.9417385587,
    -10.11982966802));
#1552 = CARTESIAN_POINT('',(-5.720582561729,-18.73122966847,
    -12.85547423447));
#1553 = CARTESIAN_POINT('',(-3.035250686421,-10.5272263514,
    -2.952170729409));
#1554 = CARTESIAN_POINT('',(-2.843848991045,-13.36345408259,
    2.074211451366));
#1555 = CARTESIAN_POINT('',(-2.541795256408,-19.84367491416,
    3.324693262476));
#1556 = CARTESIAN_POINT('',(-0.788276090541,-22.3992883653,
    6.627972299613));
#1557 = CARTESIAN_POINT('',(1.083781300135,-24.65211135034,
    10.293545432463));
#1558 = CARTESIAN_POINT('',(3.278608245862,-26.00992193971,
    14.436104726298));
#1559 = CARTESIAN_POINT('',(5.580433987463,-26.7188067402,
    18.810975887307));
#1560 = CARTESIAN_POINT('',(7.926743557997,-26.83032734711,
    23.338395863153));
#1561 = CARTESIAN_POINT('',(10.119756174482,-26.12646675791,
    28.043852332174));
#1562 = CARTESIAN_POINT('',(12.308751065789,-25.70287986474,
    33.366718058391));
#1563 = CARTESIAN_POINT('',(14.556941659887,-24.92541217908,
    38.364162653567));
#1564 = CARTESIAN_POINT('',(16.734205403763,-24.00011866054,
    43.430315313796));
#1565 = CARTESIAN_POINT('',(18.858817200588,-22.87246935906,
    48.470245820927));
#1566 = CARTESIAN_POINT('',(20.907994678683,-21.55971697779,
    53.517229585308));
#1567 = CARTESIAN_POINT('',(22.866700023665,-20.06287987499,
    58.562314412655));
#1568 = CARTESIAN_POINT('',(24.718155798169,-18.38921206173,
    63.607908825541));
#1569 = CARTESIAN_POINT('',(26.446561061664,-16.54613810822,
    68.653364824306));
#1570 = CARTESIAN_POINT('',(28.036524067903,-14.54285063699,
    73.698856747151));
#1571 = CARTESIAN_POINT('',(29.473376056608,-12.38983185476,
    78.744337770558));
#1572 = CARTESIAN_POINT('',(30.743244298118,-10.09891924892,
    83.78982021861));
#1573 = CARTESIAN_POINT('',(31.833185422897,-7.683211433564,
    88.835301850638));
#1574 = CARTESIAN_POINT('',(32.731295139727,-5.157001415386,
    93.880779285128));
#1575 = CARTESIAN_POINT('',(33.426821967348,-2.535696885092,
    98.926268414461));
#1576 = CARTESIAN_POINT('',(33.910252955514,0.164296632441,
    103.97170885322));
#1577 = CARTESIAN_POINT('',(34.173466724822,2.92558901839,
    109.01732721786));
#1578 = CARTESIAN_POINT('',(34.209597925771,5.730252872737,
    114.06227402731));
#1579 = CARTESIAN_POINT('',(34.013941874793,8.558682838223,
    119.10973365218));
#1580 = CARTESIAN_POINT('',(33.580915273893,11.394444207163,
    124.14776911856));
#1581 = CARTESIAN_POINT('',(32.923297385231,14.174805995679,
    129.16358721253));
#1582 = CARTESIAN_POINT('',(32.320984119884,16.013687353363,
    132.39837068759));
#1583 = CARTESIAN_POINT('',(31.946481636051,16.972494105383,
    133.73002152875));
#1584 = CARTESIAN_POINT('',(-2.566580493724,-15.7928042022,
    -10.11982966802));
#1585 = CARTESIAN_POINT('',(-2.485145008364,-19.91917727474,
    -13.20549020304));
#1586 = CARTESIAN_POINT('',(-0.964867224041,-14.18936028986,
    -2.349153047964));
#1587 = CARTESIAN_POINT('',(-0.1865932164,-14.99880548263,0.402167973074
    ));
#1588 = CARTESIAN_POINT('',(1.427800116145,-20.89898306802,
    0.556268184895));
#1589 = CARTESIAN_POINT('',(3.990697183116,-24.7670797963,4.338199718794
    ));
#1590 = CARTESIAN_POINT('',(6.658664832872,-27.18670391233,
    8.389705231602));
#1591 = CARTESIAN_POINT('',(9.506983422842,-28.55056727674,
    13.012356568386));
#1592 = CARTESIAN_POINT('',(12.328702655396,-28.98471148269,
    17.855593946091));
#1593 = CARTESIAN_POINT('',(15.05606292182,-28.67060298377,
    22.862616673986));
#1594 = CARTESIAN_POINT('',(17.401797299736,-27.39524110292,
    28.032637662535));
#1595 = CARTESIAN_POINT('',(19.772937547042,-26.39280590219,
    32.865744682983));
#1596 = CARTESIAN_POINT('',(22.154403398509,-25.00988744592,
    37.987629462079));
#1597 = CARTESIAN_POINT('',(24.415798738971,-23.46589564581,
    43.013612385695));
#1598 = CARTESIAN_POINT('',(26.57338383504,-21.70656254419,
    48.057464389687));
#1599 = CARTESIAN_POINT('',(28.603093531067,-19.7534651297,
    53.096507709553));
#1600 = CARTESIAN_POINT('',(30.488651332912,-17.61200325588,
    58.136843432611));
#1601 = CARTESIAN_POINT('',(32.212497573297,-15.29397193806,
    63.176830119094));
#1602 = CARTESIAN_POINT('',(33.758412360986,-12.81142890643,
    68.21690940437));
#1603 = CARTESIAN_POINT('',(35.110987703631,-10.17826867274,
    73.256962481845));
#1604 = CARTESIAN_POINT('',(36.255941486388,-7.409707402412,
    78.297021288927));
#1605 = CARTESIAN_POINT('',(37.180197549517,-4.522314370577,
    83.337077385979));
#1606 = CARTESIAN_POINT('',(37.872020437622,-1.533882220556,
    88.377132512319));
#1607 = CARTESIAN_POINT('',(38.321124015725,1.536675832578,
    93.417188239103));
#1608 = CARTESIAN_POINT('',(38.518781369805,4.66944038144,
    98.457236548315));
#1609 = CARTESIAN_POINT('',(38.457901464735,7.843642726555,
    103.49730811583));
#1610 = CARTESIAN_POINT('',(38.133178075372,11.037696598475,
    108.53728784062));
#1611 = CARTESIAN_POINT('',(37.540916755405,14.229742179014,
    113.57760725616));
#1612 = CARTESIAN_POINT('',(36.680012548994,17.396304972985,
    118.61664877333));
#1613 = CARTESIAN_POINT('',(35.548555039383,20.518052691092,
    123.66047617316));
#1614 = CARTESIAN_POINT('',(34.17254856762,23.524480474621,
    128.62935510852));
#1615 = CARTESIAN_POINT('',(33.077589855481,25.47925831504,
    131.96152364674));
#1616 = CARTESIAN_POINT('',(32.453412263131,26.497390953551,
    133.73002152875));
#1617 = DEFINITIONAL_REPRESENTATION('',(#1618),#1663);
#1618 = B_SPLINE_CURVE_WITH_KNOTS('',8,(#1619,#1620,#1621,#1622,#1623,
    #1624,#1625,#1626,#1627,#1628,#1629,#1630,#1631,#1632,#1633,#1634,
    #1635,#1636,#1637,#1638,#1639,#1640,#1641,#1642,#1643,#1644,#1645,
    #1646,#1647,#1648,#1649,#1650,#1651,#1652,#1653,#1654,#1655,#1656,
    #1657,#1658,#1659,#1660,#1661,#1662),.UNSPECIFIED.,.F.,.F.,(9,7,7,7,
    7,7,9),(0.,0.112528089021,0.229327645593,0.470466204404,
    0.596973470663,0.727338693994,1.),.UNSPECIFIED.);
#1619 = CARTESIAN_POINT('',(24.,0.375745952267));
#1620 = CARTESIAN_POINT('',(23.984144116705,0.376855885093));
#1621 = CARTESIAN_POINT('',(23.968355235669,0.377967419989));
#1622 = CARTESIAN_POINT('',(23.952632983293,0.379080495812));
#1623 = CARTESIAN_POINT('',(23.936976861206,0.380195054982));
#1624 = CARTESIAN_POINT('',(23.92138625976,0.381311045435));
#1625 = CARTESIAN_POINT('',(23.905860471532,0.382428422574));
#1626 = CARTESIAN_POINT('',(23.890398704823,0.383547151224));
#1627 = CARTESIAN_POINT('',(23.859016971857,0.385829780288));
#1628 = CARTESIAN_POINT('',(23.843101932704,0.386993792097));
#1629 = CARTESIAN_POINT('',(23.827254200638,0.388159248137));
#1630 = CARTESIAN_POINT('',(23.811473029758,0.389326151954));
#1631 = CARTESIAN_POINT('',(23.795757707334,0.390494505502));
#1632 = CARTESIAN_POINT('',(23.780107553797,0.391664309148));
#1633 = CARTESIAN_POINT('',(23.764521922745,0.392835561671));
#1634 = CARTESIAN_POINT('',(23.716954825638,0.396429355479));
#1635 = CARTESIAN_POINT('',(23.685181865663,0.398856613063));
#1636 = CARTESIAN_POINT('',(23.653675893281,0.401290009084));
#1637 = CARTESIAN_POINT('',(23.622432074267,0.403729487507));
#1638 = CARTESIAN_POINT('',(23.591446132388,0.406174959582));
#1639 = CARTESIAN_POINT('',(23.560714313883,0.408626303234));
#1640 = CARTESIAN_POINT('',(23.530233351943,0.411083362459));
#1641 = CARTESIAN_POINT('',(23.484139491431,0.414837879458));
#1642 = CARTESIAN_POINT('',(23.468346801926,0.416131332523));
#1643 = CARTESIAN_POINT('',(23.452621991643,0.41742627928));
#1644 = CARTESIAN_POINT('',(23.436964803373,0.418722686297));
#1645 = CARTESIAN_POINT('',(23.421374782676,0.420020520423));
#1646 = CARTESIAN_POINT('',(23.40585121215,0.421319751985));
#1647 = CARTESIAN_POINT('',(23.390393291037,0.422620354096));
#1648 = CARTESIAN_POINT('',(23.359138413594,0.425263946075));
#1649 = CARTESIAN_POINT('',(23.343345444724,0.426607019454));
#1650 = CARTESIAN_POINT('',(23.327620957309,0.427951488339));
#1651 = CARTESIAN_POINT('',(23.311964245437,0.429297324267));
#1652 = CARTESIAN_POINT('',(23.296374593524,0.4306445002));
#1653 = CARTESIAN_POINT('',(23.28085127631,0.43199299052));
#1654 = CARTESIAN_POINT('',(23.265393558865,0.433342771035));
#1655 = CARTESIAN_POINT('',(23.217806236852,0.437519561042));
#1656 = CARTESIAN_POINT('',(23.185895386086,0.44035085062));
#1657 = CARTESIAN_POINT('',(23.154262205652,0.443187444809));
#1658 = CARTESIAN_POINT('',(23.122896742844,0.446029284484));
#1659 = CARTESIAN_POINT('',(23.091797982012,0.448875972564));
#1660 = CARTESIAN_POINT('',(23.060950862065,0.451727689252));
#1661 = CARTESIAN_POINT('',(23.030353815877,0.454584120438));
#1662 = CARTESIAN_POINT('',(23.,0.45744514651));
#1663 = ( GEOMETRIC_REPRESENTATION_CONTEXT(2) 
PARAMETRIC_REPRESENTATION_CONTEXT() REPRESENTATION_CONTEXT('2D SPACE',''
  ) );
#1664 = ORIENTED_EDGE('',*,*,#1665,.F.);
#1665 = EDGE_CURVE('',#1666,#1453,#1668,.T.);
#1666 = VERTEX_POINT('',#1667);
#1667 = CARTESIAN_POINT('',(19.910363124757,-19.91036312475,
    29.672319355956));
#1668 = SURFACE_CURVE('',#1669,(#1702,#1738),.PCURVE_S1.);
#1669 = B_SPLINE_CURVE_WITH_KNOTS('',7,(#1670,#1671,#1672,#1673,#1674,
    #1675,#1676,#1677,#1678,#1679,#1680,#1681,#1682,#1683,#1684,#1685,
    #1686,#1687,#1688,#1689,#1690,#1691,#1692,#1693,#1694,#1695,#1696,
    #1697,#1698,#1699,#1700,#1701),.UNSPECIFIED.,.F.,.F.,(8,6,6,6,6,8),(
    0.,0.255550937134,0.341234850281,0.584352863884,0.691413181277,1.),
  .UNSPECIFIED.);
#1670 = CARTESIAN_POINT('',(19.910363124757,-19.91036312475,
    29.672319355956));
#1671 = CARTESIAN_POINT('',(20.019640448328,-20.01964044832,
    30.133727312293));
#1672 = CARTESIAN_POINT('',(20.131882632371,-20.13188263237,
    30.593732743797));
#1673 = CARTESIAN_POINT('',(20.247102582418,-20.24710258241,
    31.052266447727));
#1674 = CARTESIAN_POINT('',(20.365332837646,-20.36533283764,
    31.509248690513));
#1675 = CARTESIAN_POINT('',(20.486612631152,-20.48661263115,
    31.964594771404));
#1676 = CARTESIAN_POINT('',(20.610964876039,-20.61096487603,
    32.41822687871));
#1677 = CARTESIAN_POINT('',(20.781078539564,-20.78107853956,
    33.021598598532));
#1678 = CARTESIAN_POINT('',(20.824136413289,-20.82413641328,
    33.17290630973));
#1679 = CARTESIAN_POINT('',(20.8675354903,-20.8675354903,33.324013678271
    ));
#1680 = CARTESIAN_POINT('',(20.911275387623,-20.91127538762,
    33.474917415005));
#1681 = CARTESIAN_POINT('',(20.955350391113,-20.95535039111,
    33.625620662957));
#1682 = CARTESIAN_POINT('',(20.999759280829,-20.99975928082,
    33.776121179889));
#1683 = CARTESIAN_POINT('',(21.171440301248,-21.17144030124,
    34.352873569503));
#1684 = CARTESIAN_POINT('',(21.301041213734,-21.30104121373,
    34.777697919288));
#1685 = CARTESIAN_POINT('',(21.433231079122,-21.43323107912,
    35.200894364783));
#1686 = CARTESIAN_POINT('',(21.567937215869,-21.56793721586,
    35.62246844364));
#1687 = CARTESIAN_POINT('',(21.705096506723,-21.70509650672,
    36.042421474208));
#1688 = CARTESIAN_POINT('',(21.844667607323,-21.84466760732,
    36.460742539756));
#1689 = CARTESIAN_POINT('',(22.049164014331,-22.04916401433,
    37.060881449193));
#1690 = CARTESIAN_POINT('',(22.112151100338,-22.11215110033,
    37.244039678076));
#1691 = CARTESIAN_POINT('',(22.175603484639,-22.17560348463,
    37.426872586955));
#1692 = CARTESIAN_POINT('',(22.239521579963,-22.23952157996,
    37.609376533685));
#1693 = CARTESIAN_POINT('',(22.303907139953,-22.30390713995,
    37.791546806353));
#1694 = CARTESIAN_POINT('',(22.368763259175,-22.36876325917,
    37.973377623279));
#1695 = CARTESIAN_POINT('',(22.622402432556,-22.62240243255,
    38.677966574231));
#1696 = CARTESIAN_POINT('',(22.814659579388,-22.81465957938,
    39.198194009391));
#1697 = CARTESIAN_POINT('',(23.010995427597,-23.01099542759,
    39.715351869294));
#1698 = CARTESIAN_POINT('',(23.211525427322,-23.21152542732,
    40.22924796546));
#1699 = CARTESIAN_POINT('',(23.41634256199,-23.41634256199,
    40.739697117857));
#1700 = CARTESIAN_POINT('',(23.625509045473,-23.62550904547,
    41.246527782646));
#1701 = CARTESIAN_POINT('',(23.839048019229,-23.83904801922,
    41.749588679906));
#1702 = PCURVE('',#288,#1703);
#1703 = DEFINITIONAL_REPRESENTATION('',(#1704),#1737);
#1704 = B_SPLINE_CURVE_WITH_KNOTS('',7,(#1705,#1706,#1707,#1708,#1709,
    #1710,#1711,#1712,#1713,#1714,#1715,#1716,#1717,#1718,#1719,#1720,
    #1721,#1722,#1723,#1724,#1725,#1726,#1727,#1728,#1729,#1730,#1731,
    #1732,#1733,#1734,#1735,#1736),.UNSPECIFIED.,.F.,.F.,(8,6,6,6,6,8),(
    0.,0.255550937134,0.341234850281,0.584352863884,0.691413181277,1.),
  .UNSPECIFIED.);
#1705 = CARTESIAN_POINT('',(-9.003546218429,34.970746484287));
#1706 = CARTESIAN_POINT('',(-9.158087691483,34.509338527951));
#1707 = CARTESIAN_POINT('',(-9.316822110427,34.049333096446));
#1708 = CARTESIAN_POINT('',(-9.47976772644,33.590799392516));
#1709 = CARTESIAN_POINT('',(-9.646970556866,33.13381714973));
#1710 = CARTESIAN_POINT('',(-9.818486085684,32.678471068839));
#1711 = CARTESIAN_POINT('',(-9.994346716915,32.224838961533));
#1712 = CARTESIAN_POINT('',(-10.23492376701,31.621467241711));
#1713 = CARTESIAN_POINT('',(-10.295816796,31.470159530513));
#1714 = CARTESIAN_POINT('',(-10.3571923593,31.319052161972));
#1715 = CARTESIAN_POINT('',(-10.41904991532,31.168148425238));
#1716 = CARTESIAN_POINT('',(-10.48138138301,31.017445177286));
#1717 = CARTESIAN_POINT('',(-10.54418503714,30.866944660354));
#1718 = CARTESIAN_POINT('',(-10.78697866462,30.29019227074));
#1719 = CARTESIAN_POINT('',(-10.97026203275,29.865367920955));
#1720 = CARTESIAN_POINT('',(-11.15720673319,29.44217147546));
#1721 = CARTESIAN_POINT('',(-11.34770997871,29.020597396603));
#1722 = CARTESIAN_POINT('',(-11.54168250804,28.600644366035));
#1723 = CARTESIAN_POINT('',(-11.73906585143,28.182323300487));
#1724 = CARTESIAN_POINT('',(-12.02826744368,27.582184391051));
#1725 = CARTESIAN_POINT('',(-12.11734463496,27.399026162167));
#1726 = CARTESIAN_POINT('',(-12.20707985741,27.216193253288));
#1727 = CARTESIAN_POINT('',(-12.29747369469,27.033689306558));
#1728 = CARTESIAN_POINT('',(-12.38852862685,26.85151903389));
#1729 = CARTESIAN_POINT('',(-12.48024903026,26.669688216964));
#1730 = CARTESIAN_POINT('',(-12.8389489892,25.965099266012));
#1731 = CARTESIAN_POINT('',(-13.11084165372,25.444871830852));
#1732 = CARTESIAN_POINT('',(-13.38850247303,24.927713970949));
#1733 = CARTESIAN_POINT('',(-13.67209471831,24.413817874784));
#1734 = CARTESIAN_POINT('',(-13.96174988796,23.903368722386));
#1735 = CARTESIAN_POINT('',(-14.2575559657,23.396538057597));
#1736 = CARTESIAN_POINT('',(-14.55954567848,22.893477160337));
#1737 = ( GEOMETRIC_REPRESENTATION_CONTEXT(2) 
PARAMETRIC_REPRESENTATION_CONTEXT() REPRESENTATION_CONTEXT('2D SPACE',''
  ) );
#1738 = PCURVE('',#1739,#1806);
#1739 = ( BOUNDED_SURFACE() B_SPLINE_SURFACE(1,3,(
    (#1740,#1741,#1742,#1743,#1744,#1745,#1746,#1747,#1748,#1749,#1750
      ,#1751,#1752,#1753,#1754,#1755,#1756,#1757,#1758,#1759,#1760,#1761
      ,#1762,#1763,#1764,#1765,#1766,#1767,#1768,#1769,#1770,#1771,#1772
      )
    ,(#1773,#1774,#1775,#1776,#1777,#1778,#1779,#1780,#1781,#1782,#1783
      ,#1784,#1785,#1786,#1787,#1788,#1789,#1790,#1791,#1792,#1793,#1794
      ,#1795,#1796,#1797,#1798,#1799,#1800,#1801,#1802,#1803,#1804,#1805
)),.UNSPECIFIED.,.F.,.F.,.F.) B_SPLINE_SURFACE_WITH_KNOTS((2,2),(4,1,1,1
    ,1,1,1,1,1,1,1,1,1,1,1,1,1,1,1,1,1,1,1,1,1,1,1,1,1,1,4),(24.,25.),(
    0.,3.068165821138E-02,6.601269782959E-02,9.830800907E-02,
    0.127216197096,0.157262707878,0.188138205668,0.219565799738,
    0.251333925196,0.283659313393,0.31744062664,0.35073174851,
    0.384111710396,0.417581465102,0.45114195778,0.484794125941,
    0.51853889945,0.552377200543,0.586309943827,0.620338036294,
    0.654462377335,0.688683858749,0.723003364765,0.757421772058,
    0.791939949764,0.826558759507,0.861279055419,0.896101684163,
    0.931027484962,0.96605728962,1.),.UNSPECIFIED.) 
GEOMETRIC_REPRESENTATION_ITEM() RATIONAL_B_SPLINE_SURFACE((
    (1.,1.000000000002,0.999999999999,1.,1.,1.,1.,1.,1.,1.,1.,1.,1.,1.
      ,1.,1.,1.,1.,1.,1.,1.,1.,1.,1.,1.,1.,1.,1.,0.999999999999
      ,1.000000000003,0.999999999988,1.000000000025,1.)
    ,(1.,1.000000000002,0.999999999999,1.,1.,1.,1.,1.,1.,1.,1.,1.,1.,1.
      ,1.,1.,1.,1.,1.,1.,1.,1.,1.,1.,1.,1.,1.,1.,0.999999999999
      ,1.000000000003,0.999999999988,1.000000000025,1.
))) REPRESENTATION_ITEM('') SURFACE() );
#1740 = CARTESIAN_POINT('',(-2.566580493724,-15.7928042022,
    -10.11982966802));
#1741 = CARTESIAN_POINT('',(-2.485145008364,-19.91917727474,
    -13.20549020304));
#1742 = CARTESIAN_POINT('',(-0.964867224041,-14.18936028986,
    -2.349153047964));
#1743 = CARTESIAN_POINT('',(-0.1865932164,-14.99880548263,0.402167973074
    ));
#1744 = CARTESIAN_POINT('',(1.427800116145,-20.89898306802,
    0.556268184895));
#1745 = CARTESIAN_POINT('',(3.990697183116,-24.7670797963,4.338199718794
    ));
#1746 = CARTESIAN_POINT('',(6.658664832872,-27.18670391233,
    8.389705231602));
#1747 = CARTESIAN_POINT('',(9.506983422842,-28.55056727674,
    13.012356568386));
#1748 = CARTESIAN_POINT('',(12.328702655396,-28.98471148269,
    17.855593946091));
#1749 = CARTESIAN_POINT('',(15.05606292182,-28.67060298377,
    22.862616673986));
#1750 = CARTESIAN_POINT('',(17.401797299736,-27.39524110292,
    28.032637662535));
#1751 = CARTESIAN_POINT('',(19.772937547042,-26.39280590219,
    32.865744682983));
#1752 = CARTESIAN_POINT('',(22.154403398509,-25.00988744592,
    37.987629462079));
#1753 = CARTESIAN_POINT('',(24.415798738971,-23.46589564581,
    43.013612385695));
#1754 = CARTESIAN_POINT('',(26.57338383504,-21.70656254419,
    48.057464389687));
#1755 = CARTESIAN_POINT('',(28.603093531067,-19.7534651297,
    53.096507709553));
#1756 = CARTESIAN_POINT('',(30.488651332912,-17.61200325588,
    58.136843432611));
#1757 = CARTESIAN_POINT('',(32.212497573297,-15.29397193806,
    63.176830119094));
#1758 = CARTESIAN_POINT('',(33.758412360986,-12.81142890643,
    68.21690940437));
#1759 = CARTESIAN_POINT('',(35.110987703631,-10.17826867274,
    73.256962481845));
#1760 = CARTESIAN_POINT('',(36.255941486388,-7.409707402412,
    78.297021288927));
#1761 = CARTESIAN_POINT('',(37.180197549517,-4.522314370577,
    83.337077385979));
#1762 = CARTESIAN_POINT('',(37.872020437622,-1.533882220556,
    88.377132512319));
#1763 = CARTESIAN_POINT('',(38.321124015725,1.536675832578,
    93.417188239103));
#1764 = CARTESIAN_POINT('',(38.518781369805,4.66944038144,
    98.457236548315));
#1765 = CARTESIAN_POINT('',(38.457901464735,7.843642726555,
    103.49730811583));
#1766 = CARTESIAN_POINT('',(38.133178075372,11.037696598475,
    108.53728784062));
#1767 = CARTESIAN_POINT('',(37.540916755405,14.229742179014,
    113.57760725616));
#1768 = CARTESIAN_POINT('',(36.680012548994,17.396304972985,
    118.61664877333));
#1769 = CARTESIAN_POINT('',(35.548555039383,20.518052691092,
    123.66047617316));
#1770 = CARTESIAN_POINT('',(34.17254856762,23.524480474621,
    128.62935510852));
#1771 = CARTESIAN_POINT('',(33.077589855481,25.47925831504,
    131.96152364674));
#1772 = CARTESIAN_POINT('',(32.453412263131,26.497390953551,
    133.73002152875));
#1773 = CARTESIAN_POINT('',(0.486770156014,-13.80641007378,
    -10.11982966802));
#1774 = CARTESIAN_POINT('',(1.883002118767,-19.49457188165,
    -12.85547423447));
#1775 = CARTESIAN_POINT('',(1.224389128407,-10.88742910968,
    -2.952170729409));
#1776 = CARTESIAN_POINT('',(2.486598600151,-13.4345156039,2.074211451366
    ));
#1777 = CARTESIAN_POINT('',(5.245533013671,-19.30586803602,
    3.324693262476));
#1778 = CARTESIAN_POINT('',(7.843564408149,-20.99590426352,
    6.627972299613));
#1779 = CARTESIAN_POINT('',(10.435237947509,-22.36083596189,
    10.293545432463));
#1780 = CARTESIAN_POINT('',(12.98260525691,-22.7753654654,
    14.436104726298));
#1781 = CARTESIAN_POINT('',(15.380493415589,-22.54941904799,
    18.810975887307));
#1782 = CARTESIAN_POINT('',(17.590877893373,-21.75455685432,
    23.338395863153));
#1783 = CARTESIAN_POINT('',(19.3476015781,-20.26504486692,
    28.043852332174));
#1784 = CARTESIAN_POINT('',(21.207869468766,-19.03600952764,
    33.366718058391));
#1785 = CARTESIAN_POINT('',(22.987402741335,-17.45737775251,
    38.364162653567));
#1786 = CARTESIAN_POINT('',(24.644837651563,-15.7693152465,
    43.430315313796));
#1787 = CARTESIAN_POINT('',(26.176190299988,-13.91444940216,
    48.470245820927));
#1788 = CARTESIAN_POINT('',(27.567014843373,-11.91743807501,
    53.517229585308));
#1789 = CARTESIAN_POINT('',(28.803807861632,-9.784976827824,
    58.562314412655));
#1790 = CARTESIAN_POINT('',(29.87384501363,-7.530187940271,
    63.607908825541));
#1791 = CARTESIAN_POINT('',(30.765369393824,-5.165977578964,
    68.653364824306));
#1792 = CARTESIAN_POINT('',(31.467678747235,-2.706728785999,
    73.698856747151));
#1793 = CARTESIAN_POINT('',(31.971232273316,-0.167739349143,
    78.744337770558));
#1794 = CARTESIAN_POINT('',(32.267743251383,2.434745455475,
    83.78982021861));
#1795 = CARTESIAN_POINT('',(32.350266189834,5.083670873322,
    88.835301850638));
#1796 = CARTESIAN_POINT('',(32.213272654532,7.761276313018,
    93.880779285128));
#1797 = CARTESIAN_POINT('',(31.852725839956,10.449212510732,
    98.926268414461));
#1798 = CARTESIAN_POINT('',(31.266115048651,13.128682289357,
    103.97170885322));
#1799 = CARTESIAN_POINT('',(30.452592014771,15.780511356699,
    109.01732721786));
#1800 = CARTESIAN_POINT('',(29.412674501404,18.385509699301,
    114.06227402731));
#1801 = CARTESIAN_POINT('',(28.149518593084,20.923763924396,
    119.10973365218));
#1802 = CARTESIAN_POINT('',(26.664255285493,23.377953706338,
    124.14776911856));
#1803 = CARTESIAN_POINT('',(24.992697185323,25.695013584798,
    129.16358721253));
#1804 = CARTESIAN_POINT('',(23.732522858066,27.1634231264,
    132.39837068759));
#1805 = CARTESIAN_POINT('',(23.019608219251,27.905929164104,
    133.73002152875));
#1806 = DEFINITIONAL_REPRESENTATION('',(#1807),#1840);
#1807 = B_SPLINE_CURVE_WITH_KNOTS('',7,(#1808,#1809,#1810,#1811,#1812,
    #1813,#1814,#1815,#1816,#1817,#1818,#1819,#1820,#1821,#1822,#1823,
    #1824,#1825,#1826,#1827,#1828,#1829,#1830,#1831,#1832,#1833,#1834,
    #1835,#1836,#1837,#1838,#1839),.UNSPECIFIED.,.F.,.F.,(8,6,6,6,6,8),(
    0.,0.255550937134,0.341234850281,0.584352863884,0.691413181277,1.),
  .UNSPECIFIED.);
#1808 = CARTESIAN_POINT('',(25.,0.294098960148));
#1809 = CARTESIAN_POINT('',(24.968296444354,0.297097575869));
#1810 = CARTESIAN_POINT('',(24.936598445938,0.300080873306));
#1811 = CARTESIAN_POINT('',(24.904738436859,0.303059698166));
#1812 = CARTESIAN_POINT('',(24.872574523776,0.306041729748));
#1813 = CARTESIAN_POINT('',(24.839975556848,0.309032515855));
#1814 = CARTESIAN_POINT('',(24.806818735903,0.312035541765));
#1815 = CARTESIAN_POINT('',(24.761660555637,0.316062500789));
#1816 = CARTESIAN_POINT('',(24.750246658883,0.317075111322));
#1817 = CARTESIAN_POINT('',(24.738757304981,0.318089081422));
#1818 = CARTESIAN_POINT('',(24.727173879425,0.319104914232));
#1819 = CARTESIAN_POINT('',(24.715524245056,0.32012141948));
#1820 = CARTESIAN_POINT('',(24.703796832118,0.321138889453));
#1821 = CARTESIAN_POINT('',(24.658526451907,0.325045355869));
#1822 = CARTESIAN_POINT('',(24.624485378942,0.327938345721));
#1823 = CARTESIAN_POINT('',(24.589947206537,0.330830186391));
#1824 = CARTESIAN_POINT('',(24.554978019535,0.333716268255));
#1825 = CARTESIAN_POINT('',(24.5196356099,0.336593156707));
#1826 = CARTESIAN_POINT('',(24.483965896065,0.339458701233));
#1827 = CARTESIAN_POINT('',(24.432160982109,0.343568696962));
#1828 = CARTESIAN_POINT('',(24.416265090303,0.344822896896));
#1829 = CARTESIAN_POINT('',(24.400314396868,0.34607467551));
#1830 = CARTESIAN_POINT('',(24.384311090123,0.34732400757));
#1831 = CARTESIAN_POINT('',(24.368256816697,0.348570911389));
#1832 = CARTESIAN_POINT('',(24.352152681533,0.349815448829));
#1833 = CARTESIAN_POINT('',(24.289439170134,0.354638418429));
#1834 = CARTESIAN_POINT('',(24.242465656666,0.35820028371));
#1835 = CARTESIAN_POINT('',(24.19502989096,0.361744733276));
#1836 = CARTESIAN_POINT('',(24.147091463268,0.365272266552));
#1837 = CARTESIAN_POINT('',(24.098619217641,0.368782531203));
#1838 = CARTESIAN_POINT('',(24.049592098967,0.372274384098));
#1839 = CARTESIAN_POINT('',(24.,0.375745952267));
#1840 = ( GEOMETRIC_REPRESENTATION_CONTEXT(2) 
PARAMETRIC_REPRESENTATION_CONTEXT() REPRESENTATION_CONTEXT('2D SPACE',''
  ) );
#1841 = ORIENTED_EDGE('',*,*,#1842,.F.);
#1842 = EDGE_CURVE('',#1843,#1666,#1845,.T.);
#1843 = VERTEX_POINT('',#1844);
#1844 = CARTESIAN_POINT('',(22.077460378256,-22.07746037825,
    17.238280111919));
#1845 = SURFACE_CURVE('',#1846,(#1889,#1935),.PCURVE_S1.);
#1846 = B_SPLINE_CURVE_WITH_KNOTS('',6,(#1847,#1848,#1849,#1850,#1851,
    #1852,#1853,#1854,#1855,#1856,#1857,#1858,#1859,#1860,#1861,#1862,
    #1863,#1864,#1865,#1866,#1867,#1868,#1869,#1870,#1871,#1872,#1873,
    #1874,#1875,#1876,#1877,#1878,#1879,#1880,#1881,#1882,#1883,#1884,
    #1885,#1886,#1887,#1888),.UNSPECIFIED.,.F.,.F.,(7,5,5,5,5,5,5,5,7),(
    0.,5.33210929125E-02,0.466973633033,0.570589930075,0.604945851904,
    0.643645607926,0.703408880745,0.87022273483,1.),.UNSPECIFIED.);
#1847 = CARTESIAN_POINT('',(22.077460378256,-22.07746037825,
    17.238280111919));
#1848 = CARTESIAN_POINT('',(22.062721953957,-22.06272195395,
    17.350144761426));
#1849 = CARTESIAN_POINT('',(22.047837555182,-22.04783755518,
    17.461972585878));
#1850 = CARTESIAN_POINT('',(22.032810760717,-22.03281076071,
    17.573764027714));
#1851 = CARTESIAN_POINT('',(22.01764503525,-22.01764503525,
    17.685519540794));
#1852 = CARTESIAN_POINT('',(22.002343729371,-22.00234372937,
    17.797239590409));
#1853 = CARTESIAN_POINT('',(21.867179442187,-21.86717944218,
    18.775351191511));
#1854 = CARTESIAN_POINT('',(21.739486213008,-21.739486213,
    19.639657860249));
#1855 = CARTESIAN_POINT('',(21.603325962582,-21.60332596258,
    20.501555187241));
#1856 = CARTESIAN_POINT('',(21.457966412566,-21.45796641256,
    21.360582773252));
#1857 = CARTESIAN_POINT('',(21.302486884857,-21.30248688485,
    22.216122169682));
#1858 = CARTESIAN_POINT('',(21.094163038893,-21.09416303889,
    23.280680874573));
#1859 = CARTESIAN_POINT('',(21.051730900633,-21.05173090063,
    23.49365847809));
#1860 = CARTESIAN_POINT('',(21.008709399974,-21.00870939997,
    23.706405663931));
#1861 = CARTESIAN_POINT('',(20.965215565527,-20.96521556552,
    23.918965421138));
#1862 = CARTESIAN_POINT('',(20.921370904706,-20.9213709047,
    24.131385515967));
#1863 = CARTESIAN_POINT('',(20.862689336184,-20.86268933618,
    24.414121462573));
#1864 = CARTESIAN_POINT('',(20.848052559944,-20.84805255994,
    24.484514816812));
#1865 = CARTESIAN_POINT('',(20.833395675797,-20.83339567579,
    24.554900447381));
#1866 = CARTESIAN_POINT('',(20.818723343994,-20.81872334399,
    24.625280284609));
#1867 = CARTESIAN_POINT('',(20.804040284248,-20.80404028424,
    24.695656296383));
#1868 = CARTESIAN_POINT('',(20.772805043944,-20.77280504394,
    24.845302529367));
#1869 = CARTESIAN_POINT('',(20.756251263833,-20.75625126383,
    24.924572254677));
#1870 = CARTESIAN_POINT('',(20.739696767839,-20.73969676783,
    25.003842533587));
#1871 = CARTESIAN_POINT('',(20.723148481378,-20.72314848137,
    25.083116271023));
#1872 = CARTESIAN_POINT('',(20.706613422837,-20.70661342283,
    25.162396407322));
#1873 = CARTESIAN_POINT('',(20.664595347127,-20.66459534712,
    25.36413115199));
#1874 = CARTESIAN_POINT('',(20.639140481462,-20.63914048146,
    25.486598687168));
#1875 = CARTESIAN_POINT('',(20.613760332277,-20.61376033227,
    25.60909955048));
#1876 = CARTESIAN_POINT('',(20.588481561039,-20.58848156103,
    25.731644721306));
#1877 = CARTESIAN_POINT('',(20.563331264988,-20.56333126498,
    25.854245131694));
#1878 = CARTESIAN_POINT('',(20.468571830605,-20.4685718306,
    26.31930384888));
#1879 = CARTESIAN_POINT('',(20.400023050614,-20.40002305061,
    26.66220600578));
#1880 = CARTESIAN_POINT('',(20.333285518577,-20.33328551857,
    27.005864046803));
#1881 = CARTESIAN_POINT('',(20.268979753381,-20.26897975338,
    27.350490397174));
#1882 = CARTESIAN_POINT('',(20.207722630536,-20.20772263053,
    27.696252846462));
#1883 = CARTESIAN_POINT('',(20.105216417829,-20.10521641782,
    28.313208942958));
#1884 = CARTESIAN_POINT('',(20.062543319456,-20.06254331945,
    28.58390964044));
#1885 = CARTESIAN_POINT('',(20.021893719308,-20.0218937193,
    28.855255955005));
#1886 = CARTESIAN_POINT('',(19.983097101648,-19.98309710164,
    29.127157475894));
#1887 = CARTESIAN_POINT('',(19.945977646658,-19.94597764665,
    29.399534199653));
#1888 = CARTESIAN_POINT('',(19.910363124757,-19.91036312475,
    29.672319355956));
#1889 = PCURVE('',#288,#1890);
#1890 = DEFINITIONAL_REPRESENTATION('',(#1891),#1934);
#1891 = B_SPLINE_CURVE_WITH_KNOTS('',6,(#1892,#1893,#1894,#1895,#1896,
    #1897,#1898,#1899,#1900,#1901,#1902,#1903,#1904,#1905,#1906,#1907,
    #1908,#1909,#1910,#1911,#1912,#1913,#1914,#1915,#1916,#1917,#1918,
    #1919,#1920,#1921,#1922,#1923,#1924,#1925,#1926,#1927,#1928,#1929,
    #1930,#1931,#1932,#1933),.UNSPECIFIED.,.F.,.F.,(7,5,5,5,5,5,5,5,7),(
    0.,5.33210929125E-02,0.466973633033,0.570589930075,0.604945851904,
    0.643645607926,0.703408880745,0.87022273483,1.),.UNSPECIFIED.);
#1892 = CARTESIAN_POINT('',(-12.0682845453,47.404785728324));
#1893 = CARTESIAN_POINT('',(-12.04744126577,47.292921078817));
#1894 = CARTESIAN_POINT('',(-12.02639154716,47.181093254365));
#1895 = CARTESIAN_POINT('',(-12.00514045063,47.069301812529));
#1896 = CARTESIAN_POINT('',(-11.98369287599,46.957546299449));
#1897 = CARTESIAN_POINT('',(-11.96205356169,46.845826249834));
#1898 = CARTESIAN_POINT('',(-11.77090239361,45.867714648732));
#1899 = CARTESIAN_POINT('',(-11.59031689708,45.003407979994));
#1900 = CARTESIAN_POINT('',(-11.39775722427,44.141510653002));
#1901 = CARTESIAN_POINT('',(-11.19218777722,43.282483066991));
#1902 = CARTESIAN_POINT('',(-10.97230652046,42.426943670562));
#1903 = CARTESIAN_POINT('',(-10.67769211213,41.362384965671));
#1904 = CARTESIAN_POINT('',(-10.61768400672,41.149407362153));
#1905 = CARTESIAN_POINT('',(-10.55684241702,40.936660176312));
#1906 = CARTESIAN_POINT('',(-10.49533284646,40.724100419105));
#1907 = CARTESIAN_POINT('',(-10.43332713249,40.511680324276));
#1908 = CARTESIAN_POINT('',(-10.35033886243,40.22894437767));
#1909 = CARTESIAN_POINT('',(-10.32963933496,40.158551023431));
#1910 = CARTESIAN_POINT('',(-10.30891137062,40.088165392862));
#1911 = CARTESIAN_POINT('',(-10.28816155999,40.017785555634));
#1912 = CARTESIAN_POINT('',(-10.26739657776,39.947409543861));
#1913 = CARTESIAN_POINT('',(-10.2232232773,39.797763310876));
#1914 = CARTESIAN_POINT('',(-10.19981269696,39.718493585566));
#1915 = CARTESIAN_POINT('',(-10.1764011042,39.639223306656));
#1916 = CARTESIAN_POINT('',(-10.15299829306,39.55994956922));
#1917 = CARTESIAN_POINT('',(-10.12961418901,39.480669432921));
#1918 = CARTESIAN_POINT('',(-10.07019165648,39.278934688253));
#1919 = CARTESIAN_POINT('',(-10.03419304023,39.156467153075));
#1920 = CARTESIAN_POINT('',(-9.998300089039,39.033966289763));
#1921 = CARTESIAN_POINT('',(-9.962550507914,38.911421118937));
#1922 = CARTESIAN_POINT('',(-9.926982618141,38.788820708549));
#1923 = CARTESIAN_POINT('',(-9.792972540874,38.323761991363));
#1924 = CARTESIAN_POINT('',(-9.696029926527,37.980859834463));
#1925 = CARTESIAN_POINT('',(-9.6016488036,37.637201793441));
#1926 = CARTESIAN_POINT('',(-9.510706718322,37.292575443069));
#1927 = CARTESIAN_POINT('',(-9.424076064402,36.946812993781));
#1928 = CARTESIAN_POINT('',(-9.279110388165,36.329856897285));
#1929 = CARTESIAN_POINT('',(-9.218761513697,36.059156199803));
#1930 = CARTESIAN_POINT('',(-9.161274297863,35.787809885239));
#1931 = CARTESIAN_POINT('',(-9.106407594994,35.515908364349));
#1932 = CARTESIAN_POINT('',(-9.053912758319,35.243531640591));
#1933 = CARTESIAN_POINT('',(-9.003546218429,34.970746484287));
#1934 = ( GEOMETRIC_REPRESENTATION_CONTEXT(2) 
PARAMETRIC_REPRESENTATION_CONTEXT() REPRESENTATION_CONTEXT('2D SPACE',''
  ) );
#1935 = PCURVE('',#1936,#2003);
#1936 = ( BOUNDED_SURFACE() B_SPLINE_SURFACE(1,3,(
    (#1937,#1938,#1939,#1940,#1941,#1942,#1943,#1944,#1945,#1946,#1947
      ,#1948,#1949,#1950,#1951,#1952,#1953,#1954,#1955,#1956,#1957,#1958
      ,#1959,#1960,#1961,#1962,#1963,#1964,#1965,#1966,#1967,#1968,#1969
      )
    ,(#1970,#1971,#1972,#1973,#1974,#1975,#1976,#1977,#1978,#1979,#1980
      ,#1981,#1982,#1983,#1984,#1985,#1986,#1987,#1988,#1989,#1990,#1991
      ,#1992,#1993,#1994,#1995,#1996,#1997,#1998,#1999,#2000,#2001,#2002
)),.UNSPECIFIED.,.F.,.F.,.F.) B_SPLINE_SURFACE_WITH_KNOTS((2,2),(4,1,1,1
    ,1,1,1,1,1,1,1,1,1,1,1,1,1,1,1,1,1,1,1,1,1,1,1,1,1,1,4),(25.,26.),(
    0.,3.068165821138E-02,6.601269782959E-02,9.830800907E-02,
    0.127216197096,0.157262707878,0.188138205668,0.219565799738,
    0.251333925196,0.283659313393,0.31744062664,0.35073174851,
    0.384111710396,0.417581465102,0.45114195778,0.484794125941,
    0.51853889945,0.552377200543,0.586309943827,0.620338036294,
    0.654462377335,0.688683858749,0.723003364765,0.757421772058,
    0.791939949764,0.826558759507,0.861279055419,0.896101684163,
    0.931027484962,0.96605728962,1.),.UNSPECIFIED.) 
GEOMETRIC_REPRESENTATION_ITEM() RATIONAL_B_SPLINE_SURFACE((
    (1.,1.000000000002,0.999999999999,1.,1.,1.,1.,1.,1.,1.,1.,1.,1.,1.
      ,1.,1.,1.,1.,1.,1.,1.,1.,1.,1.,1.,1.,1.,1.,0.999999999999
      ,1.000000000003,0.999999999988,1.000000000025,1.)
    ,(1.,1.000000000002,0.999999999999,1.,1.,1.,1.,1.,1.,1.,1.,1.,1.,1.
      ,1.,1.,1.,1.,1.,1.,1.,1.,1.,1.,1.,1.,1.,1.,0.999999999999
      ,1.000000000003,0.999999999988,1.000000000025,1.
))) REPRESENTATION_ITEM('') SURFACE() );
#1937 = CARTESIAN_POINT('',(0.486770156014,-13.80641007378,
    -10.11982966802));
#1938 = CARTESIAN_POINT('',(1.883002118767,-19.49457188165,
    -12.85547423447));
#1939 = CARTESIAN_POINT('',(1.224389128407,-10.88742910968,
    -2.952170729409));
#1940 = CARTESIAN_POINT('',(2.486598600151,-13.4345156039,2.074211451366
    ));
#1941 = CARTESIAN_POINT('',(5.245533013671,-19.30586803602,
    3.324693262476));
#1942 = CARTESIAN_POINT('',(7.843564408149,-20.99590426352,
    6.627972299613));
#1943 = CARTESIAN_POINT('',(10.435237947509,-22.36083596189,
    10.293545432463));
#1944 = CARTESIAN_POINT('',(12.98260525691,-22.7753654654,
    14.436104726298));
#1945 = CARTESIAN_POINT('',(15.380493415589,-22.54941904799,
    18.810975887307));
#1946 = CARTESIAN_POINT('',(17.590877893373,-21.75455685432,
    23.338395863153));
#1947 = CARTESIAN_POINT('',(19.3476015781,-20.26504486692,
    28.043852332174));
#1948 = CARTESIAN_POINT('',(21.207869468766,-19.03600952764,
    33.366718058391));
#1949 = CARTESIAN_POINT('',(22.987402741335,-17.45737775251,
    38.364162653567));
#1950 = CARTESIAN_POINT('',(24.644837651563,-15.7693152465,
    43.430315313796));
#1951 = CARTESIAN_POINT('',(26.176190299988,-13.91444940216,
    48.470245820927));
#1952 = CARTESIAN_POINT('',(27.567014843373,-11.91743807501,
    53.517229585308));
#1953 = CARTESIAN_POINT('',(28.803807861632,-9.784976827824,
    58.562314412655));
#1954 = CARTESIAN_POINT('',(29.87384501363,-7.530187940271,
    63.607908825541));
#1955 = CARTESIAN_POINT('',(30.765369393824,-5.165977578964,
    68.653364824306));
#1956 = CARTESIAN_POINT('',(31.467678747235,-2.706728785999,
    73.698856747151));
#1957 = CARTESIAN_POINT('',(31.971232273316,-0.167739349143,
    78.744337770558));
#1958 = CARTESIAN_POINT('',(32.267743251383,2.434745455475,
    83.78982021861));
#1959 = CARTESIAN_POINT('',(32.350266189834,5.083670873322,
    88.835301850638));
#1960 = CARTESIAN_POINT('',(32.213272654532,7.761276313018,
    93.880779285128));
#1961 = CARTESIAN_POINT('',(31.852725839956,10.449212510732,
    98.926268414461));
#1962 = CARTESIAN_POINT('',(31.266115048651,13.128682289357,
    103.97170885322));
#1963 = CARTESIAN_POINT('',(30.452592014771,15.780511356699,
    109.01732721786));
#1964 = CARTESIAN_POINT('',(29.412674501404,18.385509699301,
    114.06227402731));
#1965 = CARTESIAN_POINT('',(28.149518593084,20.923763924396,
    119.10973365218));
#1966 = CARTESIAN_POINT('',(26.664255285493,23.377953706338,
    124.14776911856));
#1967 = CARTESIAN_POINT('',(24.992697185323,25.695013584798,
    129.16358721253));
#1968 = CARTESIAN_POINT('',(23.732522858066,27.1634231264,
    132.39837068759));
#1969 = CARTESIAN_POINT('',(23.019608219251,27.905929164104,
    133.73002152875));
#1970 = CARTESIAN_POINT('',(3.672433332076,-15.57283639615,
    -10.11982966802));
#1971 = CARTESIAN_POINT('',(5.326764520871,-19.3539440116,
    -13.20549020304));
#1972 = CARTESIAN_POINT('',(4.538612018888,-13.47849825161,
    -2.349153047964));
#1973 = CARTESIAN_POINT('',(5.567404709938,-13.92849553021,
    0.402167973074));
#1974 = CARTESIAN_POINT('',(9.316809877233,-18.76174725762,
    0.556268184895));
#1975 = CARTESIAN_POINT('',(13.164874554042,-21.35462440832,
    4.338199718794));
#1976 = CARTESIAN_POINT('',(16.555705320808,-22.56907858783,
    8.389705231602));
#1977 = CARTESIAN_POINT('',(19.709136481721,-22.73911970087,
    13.012356568386));
#1978 = CARTESIAN_POINT('',(22.482204922049,-22.06039144583,
    17.855593946091));
#1979 = CARTESIAN_POINT('',(24.881753131478,-20.72647744463,
    22.862616673986));
#1980 = CARTESIAN_POINT('',(26.560869249874,-18.65052302322,
    28.032637662535));
#1981 = CARTESIAN_POINT('',(28.367901849734,-16.81699757013,
    32.865744682983));
#1982 = CARTESIAN_POINT('',(30.038869425751,-14.62799998715,
    37.987629462079));
#1983 = CARTESIAN_POINT('',(31.537266214111,-12.33613903384,
    43.013612385695));
#1984 = CARTESIAN_POINT('',(32.857347294018,-9.885055120206,
    48.057464389687));
#1985 = CARTESIAN_POINT('',(33.985136516798,-7.303892120779,
    53.096507709553));
#1986 = CARTESIAN_POINT('',(34.907662797138,-4.603867594375,
    58.136843432611));
#1987 = CARTESIAN_POINT('',(35.613216874792,-1.802598507978,
    63.176830119094));
#1988 = CARTESIAN_POINT('',(36.091427817807,1.082568164619,
    68.21690940437));
#1989 = CARTESIAN_POINT('',(36.333377696861,4.032899185002,
    73.256962481845));
#1990 = CARTESIAN_POINT('',(36.331694532776,7.028871120653,
    78.297021288927));
#1991 = CARTESIAN_POINT('',(36.080638316291,10.050171927703,
    83.337077385979));
#1992 = CARTESIAN_POINT('',(35.576175850174,13.075872382816,
    88.377132512319));
#1993 = CARTESIAN_POINT('',(34.816041758911,16.08456262025,
    93.417188239103));
#1994 = CARTESIAN_POINT('',(33.799796252446,19.054499861812,
    98.457236548315));
#1995 = CARTESIAN_POINT('',(32.52883590576,21.963782709478,
    103.49730811583));
#1996 = CARTESIAN_POINT('',(31.006519113739,24.790437446275,
    108.53728784062));
#1997 = CARTESIAN_POINT('',(29.237798043279,27.512854430186,
    113.57760725616));
#1998 = CARTESIAN_POINT('',(27.230635148795,30.108923207337,
    118.61664877333));
#1999 = CARTESIAN_POINT('',(24.990663581759,32.56005198627,
    123.66047617316));
#2000 = CARTESIAN_POINT('',(22.568889263487,34.811054202384,
    128.62935510852));
#2001 = CARTESIAN_POINT('',(20.809218224604,36.198010880258,
    131.96152364674));
#2002 = CARTESIAN_POINT('',(19.842930831233,36.899780363749,
    133.73002152875));
#2003 = DEFINITIONAL_REPRESENTATION('',(#2004),#2047);
#2004 = B_SPLINE_CURVE_WITH_KNOTS('',6,(#2005,#2006,#2007,#2008,#2009,
    #2010,#2011,#2012,#2013,#2014,#2015,#2016,#2017,#2018,#2019,#2020,
    #2021,#2022,#2023,#2024,#2025,#2026,#2027,#2028,#2029,#2030,#2031,
    #2032,#2033,#2034,#2035,#2036,#2037,#2038,#2039,#2040,#2041,#2042,
    #2043,#2044,#2045,#2046),.UNSPECIFIED.,.F.,.F.,(7,5,5,5,5,5,5,5,7),(
    0.,5.33210929125E-02,0.466973633033,0.570589930075,0.604945851904,
    0.643645607926,0.703408880745,0.87022273483,1.),.UNSPECIFIED.);
#2005 = CARTESIAN_POINT('',(26.,0.21561914755));
#2006 = CARTESIAN_POINT('',(25.990120383279,0.216274073116));
#2007 = CARTESIAN_POINT('',(25.980259422443,0.216930067136));
#2008 = CARTESIAN_POINT('',(25.970417020805,0.217587134365));
#2009 = CARTESIAN_POINT('',(25.960593070676,0.218245279903));
#2010 = CARTESIAN_POINT('',(25.950787453355,0.218904509198));
#2011 = CARTESIAN_POINT('',(25.865071573843,0.224687426867));
#2012 = CARTESIAN_POINT('',(25.790239869663,0.229875514186));
#2013 = CARTESIAN_POINT('',(25.716577467921,0.235129208855));
#2014 = CARTESIAN_POINT('',(25.644136418696,0.240446435087));
#2015 = CARTESIAN_POINT('',(25.572944693103,0.245822819226));
#2016 = CARTESIAN_POINT('',(25.485479981098,0.252611877892));
#2017 = CARTESIAN_POINT('',(25.46803810325,0.253975109593));
#2018 = CARTESIAN_POINT('',(25.450670714264,0.255341813369));
#2019 = CARTESIAN_POINT('',(25.43337546361,0.256712098839));
#2020 = CARTESIAN_POINT('',(25.416151707969,0.258085999962));
#2021 = CARTESIAN_POINT('',(25.393313711068,0.259920202671));
#2022 = CARTESIAN_POINT('',(25.3876348908,0.2603773228));
#2023 = CARTESIAN_POINT('',(25.381964090924,0.260834833615));
#2024 = CARTESIAN_POINT('',(25.376301373901,0.261292732149));
#2025 = CARTESIAN_POINT('',(25.37064682416,0.261751014279));
#2026 = CARTESIAN_POINT('',(25.358640378007,0.262726326484));
#2027 = CARTESIAN_POINT('',(25.352290706384,0.263243458221));
#2028 = CARTESIAN_POINT('',(25.345951685266,0.263761062408));
#2029 = CARTESIAN_POINT('',(25.339623503094,0.264279129435));
#2030 = CARTESIAN_POINT('',(25.333306384714,0.264797647609));
#2031 = CARTESIAN_POINT('',(25.317262678625,0.266118016007));
#2032 = CARTESIAN_POINT('',(25.307551775283,0.266920471577));
#2033 = CARTESIAN_POINT('',(25.297868843854,0.267723919436));
#2034 = CARTESIAN_POINT('',(25.288215057309,0.268528295742));
#2035 = CARTESIAN_POINT('',(25.278591799084,0.269333523239));
#2036 = CARTESIAN_POINT('',(25.242229465889,0.27238922018));
#2037 = CARTESIAN_POINT('',(25.215708919816,0.274644820666));
#2038 = CARTESIAN_POINT('',(25.189472749272,0.276904405596));
#2039 = CARTESIAN_POINT('',(25.163568961366,0.279165078946));
#2040 = CARTESIAN_POINT('',(25.138057218448,0.281422971598));
#2041 = CARTESIAN_POINT('',(25.093507694826,0.285424619486));
#2042 = CARTESIAN_POINT('',(25.074290257575,0.287171202335));
#2043 = CARTESIAN_POINT('',(25.055344406291,0.288912247409));
#2044 = CARTESIAN_POINT('',(25.036658945506,0.290647193593));
#2045 = CARTESIAN_POINT('',(25.018217444043,0.292375980145));
#2046 = CARTESIAN_POINT('',(25.,0.294098960148));
#2047 = ( GEOMETRIC_REPRESENTATION_CONTEXT(2) 
PARAMETRIC_REPRESENTATION_CONTEXT() REPRESENTATION_CONTEXT('2D SPACE',''
  ) );
#2048 = ORIENTED_EDGE('',*,*,#2049,.F.);
#2049 = EDGE_CURVE('',#306,#1843,#2050,.T.);
#2050 = SURFACE_CURVE('',#2051,(#2079,#2110),.PCURVE_S1.);
#2051 = B_SPLINE_CURVE_WITH_KNOTS('',6,(#2052,#2053,#2054,#2055,#2056,
    #2057,#2058,#2059,#2060,#2061,#2062,#2063,#2064,#2065,#2066,#2067,
    #2068,#2069,#2070,#2071,#2072,#2073,#2074,#2075,#2076,#2077,#2078),
  .UNSPECIFIED.,.F.,.F.,(7,5,5,5,5,7),(0.,0.207036031233,0.417874638662,
    0.522994468677,0.629012412891,1.),.UNSPECIFIED.);
#2052 = CARTESIAN_POINT('',(16.488146117867,-16.48814611786,
    8.173592289901));
#2053 = CARTESIAN_POINT('',(16.703954750021,-16.70395475002,
    8.455340955575));
#2054 = CARTESIAN_POINT('',(16.917775755004,-16.917775755,8.740257085009
    ));
#2055 = CARTESIAN_POINT('',(17.129307781766,-17.12930778176,
    9.028655484366));
#2056 = CARTESIAN_POINT('',(17.338346098351,-17.33834609835,
    9.320709885905));
#2057 = CARTESIAN_POINT('',(17.544739740881,-17.54473974088,
    9.61650216367));
#2058 = CARTESIAN_POINT('',(17.955836831184,-17.95583683118,
    10.220967505462));
#2059 = CARTESIAN_POINT('',(18.160434047403,-18.1604340474,
    10.529784701544));
#2060 = CARTESIAN_POINT('',(18.362521062817,-18.36252106281,
    10.841903098322));
#2061 = CARTESIAN_POINT('',(18.562385977776,-18.56238597777,
    11.156858184199));
#2062 = CARTESIAN_POINT('',(18.760291260487,-18.76029126048,
    11.474257111629));
#2063 = CARTESIAN_POINT('',(19.054283106921,-19.05428310692,
    11.953090301822));
#2064 = CARTESIAN_POINT('',(19.151665363035,-19.15166536303,
    12.112926254167));
#2065 = CARTESIAN_POINT('',(19.248647045307,-19.2486470453,
    12.273249449971));
#2066 = CARTESIAN_POINT('',(19.34525487865,-19.34525487865,12.4340231122
    ));
#2067 = CARTESIAN_POINT('',(19.441513629498,-19.44151362949,
    12.595213899379));
#2068 = CARTESIAN_POINT('',(19.634198202134,-19.63419820213,
    12.919750388748));
#2069 = CARTESIAN_POINT('',(19.730618027548,-19.73061802754,
    13.083102955213));
#2070 = CARTESIAN_POINT('',(19.826731178911,-19.82673117891,
    13.246816444558));
#2071 = CARTESIAN_POINT('',(19.922553159504,-19.9225531595,
    13.410869748902));
#2072 = CARTESIAN_POINT('',(20.018113118064,-20.01811311806,
    13.575226956507));
#2073 = CARTESIAN_POINT('',(20.446917663433,-20.44691766343,
    14.316039451613));
#2074 = CARTESIAN_POINT('',(20.777297432953,-20.77729743295,
    14.895789327187));
#2075 = CARTESIAN_POINT('',(21.105051998656,-21.10505199865,
    15.478478370067));
#2076 = CARTESIAN_POINT('',(21.430675833306,-21.4306758333,
    16.063493985931));
#2077 = CARTESIAN_POINT('',(21.754655243575,-21.75465524357,
    16.650267268725));
#2078 = CARTESIAN_POINT('',(22.077460378256,-22.07746037825,
    17.238280111919));
#2079 = PCURVE('',#288,#2080);
#2080 = DEFINITIONAL_REPRESENTATION('',(#2081),#2109);
#2081 = B_SPLINE_CURVE_WITH_KNOTS('',6,(#2082,#2083,#2084,#2085,#2086,
    #2087,#2088,#2089,#2090,#2091,#2092,#2093,#2094,#2095,#2096,#2097,
    #2098,#2099,#2100,#2101,#2102,#2103,#2104,#2105,#2106,#2107,#2108),
  .UNSPECIFIED.,.F.,.F.,(7,5,5,5,5,7),(0.,0.207036031233,0.417874638662,
    0.522994468677,0.629012412891,1.),.UNSPECIFIED.);
#2082 = CARTESIAN_POINT('',(-4.163800513902,56.469473550343));
#2083 = CARTESIAN_POINT('',(-4.469000008371,56.187724884669));
#2084 = CARTESIAN_POINT('',(-4.771388573538,55.902808755234));
#2085 = CARTESIAN_POINT('',(-5.070540034661,55.614410355877));
#2086 = CARTESIAN_POINT('',(-5.366164857031,55.322355954338));
#2087 = CARTESIAN_POINT('',(-5.658049545485,55.026563676573));
#2088 = CARTESIAN_POINT('',(-6.239428626043,54.422098334781));
#2089 = CARTESIAN_POINT('',(-6.528772784044,54.113281138699));
#2090 = CARTESIAN_POINT('',(-6.814566982021,53.801162741921));
#2091 = CARTESIAN_POINT('',(-7.097218655399,53.486207656044));
#2092 = CARTESIAN_POINT('',(-7.377098990275,53.168808728614));
#2093 = CARTESIAN_POINT('',(-7.792866246729,52.689975538421));
#2094 = CARTESIAN_POINT('',(-7.930585554059,52.530139586076));
#2095 = CARTESIAN_POINT('',(-8.06773836443,52.369816390272));
#2096 = CARTESIAN_POINT('',(-8.204362472576,52.209042728043));
#2097 = CARTESIAN_POINT('',(-8.340492903522,52.047851940865));
#2098 = CARTESIAN_POINT('',(-8.612990039403,51.723315451496));
#2099 = CARTESIAN_POINT('',(-8.749348264186,51.55996288503));
#2100 = CARTESIAN_POINT('',(-8.885272786367,51.396249395685));
#2101 = CARTESIAN_POINT('',(-9.020785530894,51.232196091341));
#2102 = CARTESIAN_POINT('',(-9.155927720309,51.067838883736));
#2103 = CARTESIAN_POINT('',(-9.762348923977,50.32702638863));
#2104 = CARTESIAN_POINT('',(-10.22957647476,49.747276513056));
#2105 = CARTESIAN_POINT('',(-10.69309142671,49.164587470177));
#2106 = CARTESIAN_POINT('',(-11.1535930699,48.579571854313));
#2107 = CARTESIAN_POINT('',(-11.61176914583,47.992798571519));
#2108 = CARTESIAN_POINT('',(-12.0682845453,47.404785728324));
#2109 = ( GEOMETRIC_REPRESENTATION_CONTEXT(2) 
PARAMETRIC_REPRESENTATION_CONTEXT() REPRESENTATION_CONTEXT('2D SPACE',''
  ) );
#2110 = PCURVE('',#2111,#2178);
#2111 = ( BOUNDED_SURFACE() B_SPLINE_SURFACE(1,3,(
    (#2112,#2113,#2114,#2115,#2116,#2117,#2118,#2119,#2120,#2121,#2122
      ,#2123,#2124,#2125,#2126,#2127,#2128,#2129,#2130,#2131,#2132,#2133
      ,#2134,#2135,#2136,#2137,#2138,#2139,#2140,#2141,#2142,#2143,#2144
      )
    ,(#2145,#2146,#2147,#2148,#2149,#2150,#2151,#2152,#2153,#2154,#2155
      ,#2156,#2157,#2158,#2159,#2160,#2161,#2162,#2163,#2164,#2165,#2166
      ,#2167,#2168,#2169,#2170,#2171,#2172,#2173,#2174,#2175,#2176,#2177
)),.UNSPECIFIED.,.F.,.F.,.F.) B_SPLINE_SURFACE_WITH_KNOTS((2,2),(4,1,1,1
    ,1,1,1,1,1,1,1,1,1,1,1,1,1,1,1,1,1,1,1,1,1,1,1,1,1,1,4),(26.,27.),(
    0.,3.068165821138E-02,6.601269782959E-02,9.830800907E-02,
    0.127216197096,0.157262707878,0.188138205668,0.219565799738,
    0.251333925196,0.283659313393,0.31744062664,0.35073174851,
    0.384111710396,0.417581465102,0.45114195778,0.484794125941,
    0.51853889945,0.552377200543,0.586309943827,0.620338036294,
    0.654462377335,0.688683858749,0.723003364765,0.757421772058,
    0.791939949764,0.826558759507,0.861279055419,0.896101684163,
    0.931027484962,0.96605728962,1.),.UNSPECIFIED.) 
GEOMETRIC_REPRESENTATION_ITEM() RATIONAL_B_SPLINE_SURFACE((
    (1.,1.000000000002,0.999999999999,1.,1.,1.,1.,1.,1.,1.,1.,1.,1.,1.
      ,1.,1.,1.,1.,1.,1.,1.,1.,1.,1.,1.,1.,1.,1.,0.999999999999
      ,1.000000000003,0.999999999988,1.000000000025,1.)
    ,(1.,1.000000000002,0.999999999999,1.,1.,1.,1.,1.,1.,1.,1.,1.,1.,1.
      ,1.,1.,1.,1.,1.,1.,1.,1.,1.,1.,1.,1.,1.,1.,0.999999999999
      ,1.000000000003,0.999999999988,1.000000000025,1.
))) REPRESENTATION_ITEM('') SURFACE() );
#2112 = CARTESIAN_POINT('',(3.672433332076,-15.57283639615,
    -10.11982966802));
#2113 = CARTESIAN_POINT('',(5.326764520871,-19.3539440116,
    -13.20549020304));
#2114 = CARTESIAN_POINT('',(4.538612018888,-13.47849825161,
    -2.349153047964));
#2115 = CARTESIAN_POINT('',(5.567404709938,-13.92849553021,
    0.402167973074));
#2116 = CARTESIAN_POINT('',(9.316809877233,-18.76174725762,
    0.556268184895));
#2117 = CARTESIAN_POINT('',(13.164874554042,-21.35462440832,
    4.338199718794));
#2118 = CARTESIAN_POINT('',(16.555705320808,-22.56907858783,
    8.389705231602));
#2119 = CARTESIAN_POINT('',(19.709136481721,-22.73911970087,
    13.012356568386));
#2120 = CARTESIAN_POINT('',(22.482204922049,-22.06039144583,
    17.855593946091));
#2121 = CARTESIAN_POINT('',(24.881753131478,-20.72647744463,
    22.862616673986));
#2122 = CARTESIAN_POINT('',(26.560869249874,-18.65052302322,
    28.032637662535));
#2123 = CARTESIAN_POINT('',(28.367901849734,-16.81699757013,
    32.865744682983));
#2124 = CARTESIAN_POINT('',(30.038869425751,-14.62799998715,
    37.987629462079));
#2125 = CARTESIAN_POINT('',(31.537266214111,-12.33613903384,
    43.013612385695));
#2126 = CARTESIAN_POINT('',(32.857347294018,-9.885055120206,
    48.057464389687));
#2127 = CARTESIAN_POINT('',(33.985136516798,-7.303892120779,
    53.096507709553));
#2128 = CARTESIAN_POINT('',(34.907662797138,-4.603867594375,
    58.136843432611));
#2129 = CARTESIAN_POINT('',(35.613216874792,-1.802598507978,
    63.176830119094));
#2130 = CARTESIAN_POINT('',(36.091427817807,1.082568164619,
    68.21690940437));
#2131 = CARTESIAN_POINT('',(36.333377696861,4.032899185002,
    73.256962481845));
#2132 = CARTESIAN_POINT('',(36.331694532776,7.028871120653,
    78.297021288927));
#2133 = CARTESIAN_POINT('',(36.080638316291,10.050171927703,
    83.337077385979));
#2134 = CARTESIAN_POINT('',(35.576175850174,13.075872382816,
    88.377132512319));
#2135 = CARTESIAN_POINT('',(34.816041758911,16.08456262025,
    93.417188239103));
#2136 = CARTESIAN_POINT('',(33.799796252446,19.054499861812,
    98.457236548315));
#2137 = CARTESIAN_POINT('',(32.52883590576,21.963782709478,
    103.49730811583));
#2138 = CARTESIAN_POINT('',(31.006519113739,24.790437446275,
    108.53728784062));
#2139 = CARTESIAN_POINT('',(29.237798043279,27.512854430186,
    113.57760725616));
#2140 = CARTESIAN_POINT('',(27.230635148795,30.108923207337,
    118.61664877333));
#2141 = CARTESIAN_POINT('',(24.990663581759,32.56005198627,
    123.66047617316));
#2142 = CARTESIAN_POINT('',(22.568889263487,34.811054202384,
    128.62935510852));
#2143 = CARTESIAN_POINT('',(20.809218224604,36.198010880258,
    131.96152364674));
#2144 = CARTESIAN_POINT('',(19.842930831233,36.899780363749,
    133.73002152875));
#2145 = CARTESIAN_POINT('',(5.733201379855,-12.56918081055,
    -10.11982966802));
#2146 = CARTESIAN_POINT('',(9.199916797257,-17.29004224091,
    -12.85547423447));
#2147 = CARTESIAN_POINT('',(5.297626796946,-9.590119482788,
    -2.952170729409));
#2148 = CARTESIAN_POINT('',(7.438484095702,-11.4602939082,2.074211451366
    ));
#2149 = CARTESIAN_POINT('',(12.234276433258,-15.82891775764,
    3.324693262476));
#2150 = CARTESIAN_POINT('',(15.281293327796,-16.39608406593,
    6.627972299613));
#2151 = CARTESIAN_POINT('',(18.19802421304,-16.66532599974,
    10.293545432463));
#2152 = CARTESIAN_POINT('',(20.710118305205,-16.07346605819,
    14.436104726298));
#2153 = CARTESIAN_POINT('',(22.839012145711,-14.94708671671,
    18.810975887307));
#2154 = CARTESIAN_POINT('',(24.576960531188,-13.36685228601,
    23.338395863153));
#2155 = CARTESIAN_POINT('',(25.629950027898,-11.31845359803,
    28.043852332174));
#2156 = CARTESIAN_POINT('',(26.878281994939,-9.471079301826,
    33.366718058391));
#2157 = CARTESIAN_POINT('',(27.91824013674,-7.331615814655,
    38.364162653567));
#2158 = CARTESIAN_POINT('',(28.803516772921,-5.137776535382,
    43.430315313796));
#2159 = CARTESIAN_POINT('',(29.508475713971,-2.838080658584,
    48.470245820927));
#2160 = CARTESIAN_POINT('',(30.02920689377,-0.460837257152,
    53.517229585308));
#2161 = CARTESIAN_POINT('',(30.355797059834,1.98260024035,
    58.562314412655));
#2162 = CARTESIAN_POINT('',(30.481512132844,4.475239033778,
    63.607908825541));
#2163 = CARTESIAN_POINT('',(30.400429124542,7.000656206991,
    68.653364824306));
#2164 = CARTESIAN_POINT('',(30.108164592518,9.54146798611,
    73.698856747151));
#2165 = CARTESIAN_POINT('',(29.601758196354,12.079889951824,
    78.744337770558));
#2166 = CARTESIAN_POINT('',(28.879770802445,14.597742235302,
    83.78982021861));
#2167 = CARTESIAN_POINT('',(27.942312185262,17.076610373336,
    88.835301850638));
#2168 = CARTESIAN_POINT('',(26.791071421728,19.497970078911,
    93.880779285128));
#2169 = CARTESIAN_POINT('',(25.429340949109,21.843324024145,
    98.926268414461));
#2170 = CARTESIAN_POINT('',(23.86199455367,24.09434507952,
    103.97170885322));
#2171 = CARTESIAN_POINT('',(22.095586223907,26.232993891643,
    109.01732721786));
#2172 = CARTESIAN_POINT('',(20.137938010747,28.241739339203,
    114.06227402731));
#2173 = CARTESIAN_POINT('',(17.999586281638,30.103391627484,
    119.10973365218));
#2174 = CARTESIAN_POINT('',(15.688204141811,31.802381675355,
    124.14776911856));
#2175 = CARTESIAN_POINT('',(13.257185398837,33.303388281674,
    129.16358721253));
#2176 = CARTESIAN_POINT('',(11.531000125871,34.177773965141,
    132.39837068759));
#2177 = CARTESIAN_POINT('',(10.588208124339,34.590939475468,
    133.73002152875));
#2178 = DEFINITIONAL_REPRESENTATION('',(#2179),#2207);
#2179 = B_SPLINE_CURVE_WITH_KNOTS('',6,(#2180,#2181,#2182,#2183,#2184,
    #2185,#2186,#2187,#2188,#2189,#2190,#2191,#2192,#2193,#2194,#2195,
    #2196,#2197,#2198,#2199,#2200,#2201,#2202,#2203,#2204,#2205,#2206),
  .UNSPECIFIED.,.F.,.F.,(7,5,5,5,5,7),(0.,0.207036031233,0.417874638662,
    0.522994468677,0.629012412891,1.),.UNSPECIFIED.);
#2180 = CARTESIAN_POINT('',(27.,0.140075249738));
#2181 = CARTESIAN_POINT('',(26.963889081382,0.143034447243));
#2182 = CARTESIAN_POINT('',(26.928686723731,0.145936971811));
#2183 = CARTESIAN_POINT('',(26.89398804982,0.148798747592));
#2184 = CARTESIAN_POINT('',(26.859570737961,0.151627516203));
#2185 = CARTESIAN_POINT('',(26.825272631361,0.154428127671));
#2186 = CARTESIAN_POINT('',(26.75609781095,0.160027607588));
#2187 = CARTESIAN_POINT('',(26.721220249788,0.16282555274));
#2188 = CARTESIAN_POINT('',(26.686374426764,0.165595291123));
#2189 = CARTESIAN_POINT('',(26.651560692854,0.168336689498));
#2190 = CARTESIAN_POINT('',(26.616773085561,0.171050261126));
#2191 = CARTESIAN_POINT('',(26.564662571445,0.175076569139));
#2192 = CARTESIAN_POINT('',(26.547328990973,0.176409452342));
#2193 = CARTESIAN_POINT('',(26.529997687824,0.177735780951));
#2194 = CARTESIAN_POINT('',(26.512667020279,0.179055696777));
#2195 = CARTESIAN_POINT('',(26.495335090668,0.180369362733));
#2196 = CARTESIAN_POINT('',(26.460516291767,0.182995734687));
#2197 = CARTESIAN_POINT('',(26.443029321231,0.184308326843));
#2198 = CARTESIAN_POINT('',(26.425536994364,0.185614976126));
#2199 = CARTESIAN_POINT('',(26.408035868752,0.186915748969));
#2200 = CARTESIAN_POINT('',(26.390525008674,0.188211087325));
#2201 = CARTESIAN_POINT('',(26.311673452903,0.194014684362));
#2202 = CARTESIAN_POINT('',(26.25017102484,0.198461752013));
#2203 = CARTESIAN_POINT('',(26.188329067135,0.202845141575));
#2204 = CARTESIAN_POINT('',(26.126048513483,0.207165911338));
#2205 = CARTESIAN_POINT('',(26.063278448727,0.211424023178));
#2206 = CARTESIAN_POINT('',(26.,0.21561914755));
#2207 = ( GEOMETRIC_REPRESENTATION_CONTEXT(2) 
PARAMETRIC_REPRESENTATION_CONTEXT() REPRESENTATION_CONTEXT('2D SPACE',''
  ) );
#2208 = ADVANCED_FACE('',(#2209),#644,.F.);
#2209 = FACE_BOUND('',#2210,.F.);
#2210 = EDGE_LOOP('',(#2211,#2240,#2241));
#2211 = ORIENTED_EDGE('',*,*,#2212,.T.);
#2212 = EDGE_CURVE('',#2213,#561,#2215,.T.);
#2213 = VERTEX_POINT('',#2214);
#2214 = CARTESIAN_POINT('',(32.527486951941,-24.95921858935,123.65));
#2215 = SURFACE_CURVE('',#2216,(#2222,#2231),.PCURVE_S1.);
#2216 = B_SPLINE_CURVE_WITH_KNOTS('',4,(#2217,#2218,#2219,#2220,#2221),
  .UNSPECIFIED.,.F.,.F.,(5,5),(0.,1.),.PIECEWISE_BEZIER_KNOTS.);
#2217 = CARTESIAN_POINT('',(32.527486951941,-24.95921858935,123.65));
#2218 = CARTESIAN_POINT('',(30.179201403002,-25.43468782144,123.65));
#2219 = CARTESIAN_POINT('',(27.828438883569,-25.89781545374,123.65));
#2220 = CARTESIAN_POINT('',(25.475311232972,-26.348658494,123.65));
#2221 = CARTESIAN_POINT('',(23.119920788179,-26.7872391719,123.65));
#2222 = PCURVE('',#644,#2223);
#2223 = DEFINITIONAL_REPRESENTATION('',(#2224),#2230);
#2224 = B_SPLINE_CURVE_WITH_KNOTS('',4,(#2225,#2226,#2227,#2228,#2229),
  .UNSPECIFIED.,.F.,.F.,(5,5),(0.,1.),.PIECEWISE_BEZIER_KNOTS.);
#2225 = CARTESIAN_POINT('',(18.,0.931027484962));
#2226 = CARTESIAN_POINT('',(17.750301864692,0.930166839005));
#2227 = CARTESIAN_POINT('',(17.500398299605,0.929308032704));
#2228 = CARTESIAN_POINT('',(17.250295897578,0.928450627883));
#2229 = CARTESIAN_POINT('',(17.,0.927594267825));
#2230 = ( GEOMETRIC_REPRESENTATION_CONTEXT(2) 
PARAMETRIC_REPRESENTATION_CONTEXT() REPRESENTATION_CONTEXT('2D SPACE',''
  ) );
#2231 = PCURVE('',#107,#2232);
#2232 = DEFINITIONAL_REPRESENTATION('',(#2233),#2239);
#2233 = B_SPLINE_CURVE_WITH_KNOTS('',4,(#2234,#2235,#2236,#2237,#2238),
  .UNSPECIFIED.,.F.,.F.,(5,5),(0.,1.),.PIECEWISE_BEZIER_KNOTS.);
#2234 = CARTESIAN_POINT('',(32.527486951941,-24.95921858935));
#2235 = CARTESIAN_POINT('',(30.179201403002,-25.43468782144));
#2236 = CARTESIAN_POINT('',(27.828438883569,-25.89781545374));
#2237 = CARTESIAN_POINT('',(25.475311232972,-26.348658494));
#2238 = CARTESIAN_POINT('',(23.119920788179,-26.7872391719));
#2239 = ( GEOMETRIC_REPRESENTATION_CONTEXT(2) 
PARAMETRIC_REPRESENTATION_CONTEXT() REPRESENTATION_CONTEXT('2D SPACE',''
  ) );
#2240 = ORIENTED_EDGE('',*,*,#582,.F.);
#2241 = ORIENTED_EDGE('',*,*,#2242,.T.);
#2242 = EDGE_CURVE('',#583,#2213,#2243,.T.);
#2243 = SURFACE_CURVE('',#2244,(#2278,#2285),.PCURVE_S1.);
#2244 = ( BOUNDED_CURVE() B_SPLINE_CURVE(3,(#2245,#2246,#2247,#2248,
    #2249,#2250,#2251,#2252,#2253,#2254,#2255,#2256,#2257,#2258,#2259,
    #2260,#2261,#2262,#2263,#2264,#2265,#2266,#2267,#2268,#2269,#2270,
    #2271,#2272,#2273,#2274,#2275,#2276,#2277),.UNSPECIFIED.,.F.,.F.) 
B_SPLINE_CURVE_WITH_KNOTS((4,1,1,1,1,1,1,1,1,1,1,1,1,1,1,1,1,1,1,1,1,1,1
    ,1,1,1,1,1,1,1,4),(0.,3.068165821138E-02,6.601269782959E-02,
    9.830800907E-02,0.127216197096,0.157262707878,0.188138205668,
    0.219565799738,0.251333925196,0.283659313393,0.31744062664,
    0.35073174851,0.384111710396,0.417581465102,0.45114195778,
    0.484794125941,0.51853889945,0.552377200543,0.586309943827,
    0.620338036294,0.654462377335,0.688683858749,0.723003364765,
    0.757421772058,0.791939949764,0.826558759507,0.861279055419,
0.896101684163,0.931027484962,0.96605728962,1.),.UNSPECIFIED.) CURVE() 
GEOMETRIC_REPRESENTATION_ITEM() RATIONAL_B_SPLINE_CURVE((1.,
    1.000000000002,0.999999999999,1.,1.,1.,1.,1.,1.,1.,1.,1.,1.,1.,1.,1.
    ,1.,1.,1.,1.,1.,1.,1.,1.,1.,1.,1.,1.,0.999999999999,1.000000000003,
0.999999999988,1.000000000025,1.)) REPRESENTATION_ITEM('') );
#2245 = CARTESIAN_POINT('',(-15.57283639615,-3.672433332076,
    -10.11982966802));
#2246 = CARTESIAN_POINT('',(-19.3539440104,-5.326764521907,
    -13.20549020304));
#2247 = CARTESIAN_POINT('',(-13.47849825226,-4.538612018329,
    -2.349153047964));
#2248 = CARTESIAN_POINT('',(-13.92849553004,-5.567404710082,
    0.402167973074));
#2249 = CARTESIAN_POINT('',(-18.76174725766,-9.3168098772,0.556268184895
    ));
#2250 = CARTESIAN_POINT('',(-21.35462440831,-13.16487455405,
    4.338199718794));
#2251 = CARTESIAN_POINT('',(-22.56907858783,-16.5557053208,
    8.389705231602));
#2252 = CARTESIAN_POINT('',(-22.73911970087,-19.70913648172,
    13.012356568386));
#2253 = CARTESIAN_POINT('',(-22.06039144583,-22.48220492204,
    17.855593946091));
#2254 = CARTESIAN_POINT('',(-20.72647744463,-24.88175313147,
    22.862616673986));
#2255 = CARTESIAN_POINT('',(-18.65052302322,-26.56086924987,
    28.032637662535));
#2256 = CARTESIAN_POINT('',(-16.81699757013,-28.36790184973,
    32.865744682983));
#2257 = CARTESIAN_POINT('',(-14.62799998715,-30.03886942575,
    37.987629462079));
#2258 = CARTESIAN_POINT('',(-12.33613903384,-31.53726621411,
    43.013612385695));
#2259 = CARTESIAN_POINT('',(-9.885055120206,-32.85734729401,
    48.057464389687));
#2260 = CARTESIAN_POINT('',(-7.303892120779,-33.98513651679,
    53.096507709553));
#2261 = CARTESIAN_POINT('',(-4.603867594375,-34.90766279713,
    58.136843432611));
#2262 = CARTESIAN_POINT('',(-1.802598507978,-35.61321687479,
    63.176830119094));
#2263 = CARTESIAN_POINT('',(1.082568164619,-36.0914278178,68.21690940437
    ));
#2264 = CARTESIAN_POINT('',(4.032899185002,-36.33337769686,
    73.256962481845));
#2265 = CARTESIAN_POINT('',(7.028871120653,-36.33169453277,
    78.297021288927));
#2266 = CARTESIAN_POINT('',(10.050171927703,-36.08063831629,
    83.337077385979));
#2267 = CARTESIAN_POINT('',(13.075872382816,-35.57617585017,
    88.377132512319));
#2268 = CARTESIAN_POINT('',(16.08456262025,-34.81604175891,
    93.417188239103));
#2269 = CARTESIAN_POINT('',(19.054499861811,-33.79979625244,
    98.457236548315));
#2270 = CARTESIAN_POINT('',(21.963782709479,-32.52883590576,
    103.49730811583));
#2271 = CARTESIAN_POINT('',(24.790437446274,-31.00651911373,
    108.53728784062));
#2272 = CARTESIAN_POINT('',(27.51285443019,-29.23779804327,
    113.57760725616));
#2273 = CARTESIAN_POINT('',(30.108923207324,-27.23063514879,
    118.61664877333));
#2274 = CARTESIAN_POINT('',(32.560051986321,-24.99066358175,
    123.66047617316));
#2275 = CARTESIAN_POINT('',(34.811054202193,-22.5688892635,
    128.62935510852));
#2276 = CARTESIAN_POINT('',(36.198010880656,-20.80921822456,
    131.96152364674));
#2277 = CARTESIAN_POINT('',(36.899780363749,-19.84293083123,
    133.73002152875));
#2278 = PCURVE('',#644,#2279);
#2279 = DEFINITIONAL_REPRESENTATION('',(#2280),#2284);
#2280 = LINE('',#2281,#2282);
#2281 = CARTESIAN_POINT('',(18.,0.));
#2282 = VECTOR('',#2283,1.);
#2283 = DIRECTION('',(0.,1.));
#2284 = ( GEOMETRIC_REPRESENTATION_CONTEXT(2) 
PARAMETRIC_REPRESENTATION_CONTEXT() REPRESENTATION_CONTEXT('2D SPACE',''
  ) );
#2285 = PCURVE('',#787,#2286);
#2286 = DEFINITIONAL_REPRESENTATION('',(#2287),#2291);
#2287 = LINE('',#2288,#2289);
#2288 = CARTESIAN_POINT('',(18.,0.));
#2289 = VECTOR('',#2290,1.);
#2290 = DIRECTION('',(0.,1.));
#2291 = ( GEOMETRIC_REPRESENTATION_CONTEXT(2) 
PARAMETRIC_REPRESENTATION_CONTEXT() REPRESENTATION_CONTEXT('2D SPACE',''
  ) );
#2292 = ADVANCED_FACE('',(#2293),#787,.F.);
#2293 = FACE_BOUND('',#2294,.F.);
#2294 = EDGE_LOOP('',(#2295,#2296,#2297,#2350));
#2295 = ORIENTED_EDGE('',*,*,#2242,.F.);
#2296 = ORIENTED_EDGE('',*,*,#741,.F.);
#2297 = ORIENTED_EDGE('',*,*,#2298,.T.);
#2298 = EDGE_CURVE('',#742,#2299,#2301,.T.);
#2299 = VERTEX_POINT('',#2300);
#2300 = CARTESIAN_POINT('',(31.611054239367,-15.90057136016,123.65));
#2301 = SURFACE_CURVE('',#2302,(#2336,#2343),.PCURVE_S1.);
#2302 = ( BOUNDED_CURVE() B_SPLINE_CURVE(3,(#2303,#2304,#2305,#2306,
    #2307,#2308,#2309,#2310,#2311,#2312,#2313,#2314,#2315,#2316,#2317,
    #2318,#2319,#2320,#2321,#2322,#2323,#2324,#2325,#2326,#2327,#2328,
    #2329,#2330,#2331,#2332,#2333,#2334,#2335),.UNSPECIFIED.,.F.,.F.) 
B_SPLINE_CURVE_WITH_KNOTS((4,1,1,1,1,1,1,1,1,1,1,1,1,1,1,1,1,1,1,1,1,1,1
    ,1,1,1,1,1,1,1,4),(0.,3.068165821138E-02,6.601269782959E-02,
    9.830800907E-02,0.127216197096,0.157262707878,0.188138205668,
    0.219565799738,0.251333925196,0.283659313393,0.31744062664,
    0.35073174851,0.384111710396,0.417581465102,0.45114195778,
    0.484794125941,0.51853889945,0.552377200543,0.586309943827,
    0.620338036294,0.654462377335,0.688683858749,0.723003364765,
    0.757421772058,0.791939949764,0.826558759507,0.861279055419,
0.896101684163,0.931027484962,0.96605728962,1.),.UNSPECIFIED.) CURVE() 
GEOMETRIC_REPRESENTATION_ITEM() RATIONAL_B_SPLINE_CURVE((1.,
    1.000000000002,0.999999999999,1.,1.,1.,1.,1.,1.,1.,1.,1.,1.,1.,1.,1.
    ,1.,1.,1.,1.,1.,1.,1.,1.,1.,1.,1.,1.,0.999999999999,1.000000000003,
0.999999999988,1.000000000025,1.)) REPRESENTATION_ITEM('') );
#2303 = CARTESIAN_POINT('',(-12.56918081055,-5.733201379855,
    -10.11982966802));
#2304 = CARTESIAN_POINT('',(-17.29004224133,-9.199916795694,
    -12.85547423447));
#2305 = CARTESIAN_POINT('',(-9.590119482558,-5.297626797789,
    -2.952170729409));
#2306 = CARTESIAN_POINT('',(-11.46029390826,-7.438484095485,
    2.074211451366));
#2307 = CARTESIAN_POINT('',(-15.82891775762,-12.2342764333,
    3.324693262476));
#2308 = CARTESIAN_POINT('',(-16.39608406593,-15.28129332778,
    6.627972299613));
#2309 = CARTESIAN_POINT('',(-16.66532599974,-18.19802421304,
    10.293545432463));
#2310 = CARTESIAN_POINT('',(-16.0734660582,-20.7101183052,
    14.436104726298));
#2311 = CARTESIAN_POINT('',(-14.94708671671,-22.83901214571,
    18.810975887307));
#2312 = CARTESIAN_POINT('',(-13.36685228601,-24.57696053118,
    23.338395863153));
#2313 = CARTESIAN_POINT('',(-11.31845359803,-25.62995002789,
    28.043852332174));
#2314 = CARTESIAN_POINT('',(-9.471079301825,-26.87828199493,
    33.366718058391));
#2315 = CARTESIAN_POINT('',(-7.331615814655,-27.91824013674,
    38.364162653567));
#2316 = CARTESIAN_POINT('',(-5.137776535382,-28.80351677292,
    43.430315313796));
#2317 = CARTESIAN_POINT('',(-2.838080658584,-29.50847571397,
    48.470245820927));
#2318 = CARTESIAN_POINT('',(-0.460837257152,-30.02920689377,
    53.517229585308));
#2319 = CARTESIAN_POINT('',(1.98260024035,-30.35579705983,
    58.562314412655));
#2320 = CARTESIAN_POINT('',(4.475239033778,-30.48151213284,
    63.607908825541));
#2321 = CARTESIAN_POINT('',(7.000656206991,-30.40042912454,
    68.653364824306));
#2322 = CARTESIAN_POINT('',(9.54146798611,-30.10816459251,
    73.698856747151));
#2323 = CARTESIAN_POINT('',(12.079889951824,-29.60175819635,
    78.744337770558));
#2324 = CARTESIAN_POINT('',(14.597742235302,-28.87977080244,
    83.78982021861));
#2325 = CARTESIAN_POINT('',(17.076610373336,-27.94231218526,
    88.835301850638));
#2326 = CARTESIAN_POINT('',(19.497970078911,-26.79107142172,
    93.880779285128));
#2327 = CARTESIAN_POINT('',(21.843324024145,-25.4293409491,
    98.926268414461));
#2328 = CARTESIAN_POINT('',(24.09434507952,-23.86199455367,
    103.97170885322));
#2329 = CARTESIAN_POINT('',(26.232993891643,-22.0955862239,
    109.01732721786));
#2330 = CARTESIAN_POINT('',(28.241739339203,-20.13793801074,
    114.06227402731));
#2331 = CARTESIAN_POINT('',(30.103391627484,-17.99958628163,
    119.10973365218));
#2332 = CARTESIAN_POINT('',(31.802381675352,-15.68820414182,
    124.14776911856));
#2333 = CARTESIAN_POINT('',(33.303388281685,-13.25718539879,
    129.16358721253));
#2334 = CARTESIAN_POINT('',(34.177773965118,-11.53100012596,
    132.39837068759));
#2335 = CARTESIAN_POINT('',(34.590939475468,-10.58820812433,
    133.73002152875));
#2336 = PCURVE('',#787,#2337);
#2337 = DEFINITIONAL_REPRESENTATION('',(#2338),#2342);
#2338 = LINE('',#2339,#2340);
#2339 = CARTESIAN_POINT('',(19.,0.));
#2340 = VECTOR('',#2341,1.);
#2341 = DIRECTION('',(0.,1.));
#2342 = ( GEOMETRIC_REPRESENTATION_CONTEXT(2) 
PARAMETRIC_REPRESENTATION_CONTEXT() REPRESENTATION_CONTEXT('2D SPACE',''
  ) );
#2343 = PCURVE('',#930,#2344);
#2344 = DEFINITIONAL_REPRESENTATION('',(#2345),#2349);
#2345 = LINE('',#2346,#2347);
#2346 = CARTESIAN_POINT('',(19.,0.));
#2347 = VECTOR('',#2348,1.);
#2348 = DIRECTION('',(0.,1.));
#2349 = ( GEOMETRIC_REPRESENTATION_CONTEXT(2) 
PARAMETRIC_REPRESENTATION_CONTEXT() REPRESENTATION_CONTEXT('2D SPACE',''
  ) );
#2350 = ORIENTED_EDGE('',*,*,#2351,.T.);
#2351 = EDGE_CURVE('',#2299,#2213,#2352,.T.);
#2352 = SURFACE_CURVE('',#2353,(#2359,#2368),.PCURVE_S1.);
#2353 = B_SPLINE_CURVE_WITH_KNOTS('',4,(#2354,#2355,#2356,#2357,#2358),
  .UNSPECIFIED.,.F.,.F.,(5,5),(0.,1.),.PIECEWISE_BEZIER_KNOTS.);
#2354 = CARTESIAN_POINT('',(31.611054239367,-15.90057136016,123.65));
#2355 = CARTESIAN_POINT('',(31.821946096635,-18.16699684964,123.65));
#2356 = CARTESIAN_POINT('',(32.044951555314,-20.43231506393,123.65));
#2357 = CARTESIAN_POINT('',(32.280107033138,-22.69642499777,123.65));
#2358 = CARTESIAN_POINT('',(32.527486951941,-24.95921858935,123.65));
#2359 = PCURVE('',#787,#2360);
#2360 = DEFINITIONAL_REPRESENTATION('',(#2361),#2367);
#2361 = B_SPLINE_CURVE_WITH_KNOTS('',4,(#2362,#2363,#2364,#2365,#2366),
  .UNSPECIFIED.,.F.,.F.,(5,5),(0.,1.),.PIECEWISE_BEZIER_KNOTS.);
#2362 = CARTESIAN_POINT('',(19.,0.927594267825));
#2363 = CARTESIAN_POINT('',(18.749728356384,0.928450544901));
#2364 = CARTESIAN_POINT('',(18.49963759789,0.929307909569));
#2365 = CARTESIAN_POINT('',(18.249728013633,0.930166736022));
#2366 = CARTESIAN_POINT('',(18.,0.931027484962));
#2367 = ( GEOMETRIC_REPRESENTATION_CONTEXT(2) 
PARAMETRIC_REPRESENTATION_CONTEXT() REPRESENTATION_CONTEXT('2D SPACE',''
  ) );
#2368 = PCURVE('',#107,#2369);
#2369 = DEFINITIONAL_REPRESENTATION('',(#2370),#2376);
#2370 = B_SPLINE_CURVE_WITH_KNOTS('',4,(#2371,#2372,#2373,#2374,#2375),
  .UNSPECIFIED.,.F.,.F.,(5,5),(0.,1.),.PIECEWISE_BEZIER_KNOTS.);
#2371 = CARTESIAN_POINT('',(31.611054239367,-15.90057136016));
#2372 = CARTESIAN_POINT('',(31.821946096635,-18.16699684964));
#2373 = CARTESIAN_POINT('',(32.044951555314,-20.43231506393));
#2374 = CARTESIAN_POINT('',(32.280107033138,-22.69642499777));
#2375 = CARTESIAN_POINT('',(32.527486951941,-24.95921858935));
#2376 = ( GEOMETRIC_REPRESENTATION_CONTEXT(2) 
PARAMETRIC_REPRESENTATION_CONTEXT() REPRESENTATION_CONTEXT('2D SPACE',''
  ) );
#2377 = ADVANCED_FACE('',(#2378),#930,.F.);
#2378 = FACE_BOUND('',#2379,.F.);
#2379 = EDGE_LOOP('',(#2380,#2381,#2382,#2435));
#2380 = ORIENTED_EDGE('',*,*,#2298,.F.);
#2381 = ORIENTED_EDGE('',*,*,#876,.F.);
#2382 = ORIENTED_EDGE('',*,*,#2383,.T.);
#2383 = EDGE_CURVE('',#877,#2384,#2386,.T.);
#2384 = VERTEX_POINT('',#2385);
#2385 = CARTESIAN_POINT('',(39.602958877852,-10.6115808492,123.65));
#2386 = SURFACE_CURVE('',#2387,(#2421,#2428),.PCURVE_S1.);
#2387 = ( BOUNDED_CURVE() B_SPLINE_CURVE(3,(#2388,#2389,#2390,#2391,
    #2392,#2393,#2394,#2395,#2396,#2397,#2398,#2399,#2400,#2401,#2402,
    #2403,#2404,#2405,#2406,#2407,#2408,#2409,#2410,#2411,#2412,#2413,
    #2414,#2415,#2416,#2417,#2418,#2419,#2420),.UNSPECIFIED.,.F.,.F.) 
B_SPLINE_CURVE_WITH_KNOTS((4,1,1,1,1,1,1,1,1,1,1,1,1,1,1,1,1,1,1,1,1,1,1
    ,1,1,1,1,1,1,1,4),(0.,3.068165821138E-02,6.601269782959E-02,
    9.830800907E-02,0.127216197096,0.157262707878,0.188138205668,
    0.219565799738,0.251333925196,0.283659313393,0.31744062664,
    0.35073174851,0.384111710396,0.417581465102,0.45114195778,
    0.484794125941,0.51853889945,0.552377200543,0.586309943827,
    0.620338036294,0.654462377335,0.688683858749,0.723003364765,
    0.757421772058,0.791939949764,0.826558759507,0.861279055419,
0.896101684163,0.931027484962,0.96605728962,1.),.UNSPECIFIED.) CURVE() 
GEOMETRIC_REPRESENTATION_ITEM() RATIONAL_B_SPLINE_CURVE((1.,
    1.000000000002,0.999999999999,1.,1.,1.,1.,1.,1.,1.,1.,1.,1.,1.,1.,1.
    ,1.,1.,1.,1.,1.,1.,1.,1.,1.,1.,1.,1.,0.999999999999,1.000000000003,
0.999999999988,1.000000000025,1.)) REPRESENTATION_ITEM('') );
#2388 = CARTESIAN_POINT('',(-12.9820454169,-9.352352473758,
    -10.11982966802));
#2389 = CARTESIAN_POINT('',(-15.8422482145,-12.32772243973,
    -13.20549020304));
#2390 = CARTESIAN_POINT('',(-10.7156570386,-9.351128724192,
    -2.349153047964));
#2391 = CARTESIAN_POINT('',(-10.73769839514,-10.47381573793,
    0.402167973074));
#2392 = CARTESIAN_POINT('',(-13.76820550298,-15.78741979158,
    0.556268184895));
#2393 = CARTESIAN_POINT('',(-14.69112103431,-20.334819114,4.338199718794
    ));
#2394 = CARTESIAN_POINT('',(-14.51551563754,-23.93228975149,
    8.389705231602));
#2395 = CARTESIAN_POINT('',(-13.46584728118,-26.91075217502,
    13.012356568386));
#2396 = CARTESIAN_POINT('',(-11.77757678928,-29.21299529101,
    17.855593946091));
#2397 = CARTESIAN_POINT('',(-9.626933600541,-30.91942198052,
    22.862616673986));
#2398 = CARTESIAN_POINT('',(-7.066431880643,-31.67628963159,
    28.032637662535));
#2399 = CARTESIAN_POINT('',(-4.68095380449,-32.64411025147,
    32.865744682983));
#2400 = CARTESIAN_POINT('',(-2.019132133496,-33.35018988595,
    37.987629462079));
#2401 = CARTESIAN_POINT('',(0.671682918641,-33.85747079418,
    43.013612385695));
#2402 = CARTESIAN_POINT('',(3.441362337582,-34.13907748007,
    48.057464389687));
#2403 = CARTESIAN_POINT('',(6.257632253586,-34.19325054387,
    53.096507709553));
#2404 = CARTESIAN_POINT('',(9.105165174217,-34.01229903925,
    58.136843432611));
#2405 = CARTESIAN_POINT('',(11.963204204351,-33.59214674171,
    63.176830119094));
#2406 = CARTESIAN_POINT('',(14.811754046115,-32.92985055897,
    68.21690940437));
#2407 = CARTESIAN_POINT('',(17.630094700157,-32.02434029863,
    73.256962481845));
#2408 = CARTESIAN_POINT('',(20.397367732474,-30.87627643418,
    78.297021288927));
#2409 = CARTESIAN_POINT('',(23.092610655026,-29.48812897121,
    83.337077385979));
#2410 = CARTESIAN_POINT('',(25.694943948982,-27.86418098837,
    88.377132512319));
#2411 = CARTESIAN_POINT('',(28.183720555911,-26.0105327525,
    93.417188239103));
#2412 = CARTESIAN_POINT('',(30.538684467694,-23.93509855156,
    98.457236548315));
#2413 = CARTESIAN_POINT('',(32.740135877069,-21.64754995476,
    103.49730811583));
#2414 = CARTESIAN_POINT('',(34.769058918754,-19.15939869183,
    108.53728784062));
#2415 = CARTESIAN_POINT('',(36.607383999013,-16.48348962037,
    113.57760725616));
#2416 = CARTESIAN_POINT('',(38.237730821429,-13.63564039347,
    118.61664877333));
#2417 = CARTESIAN_POINT('',(39.645078524191,-10.6281701349,
    123.66047617316));
#2418 = CARTESIAN_POINT('',(40.797960490653,-7.529321155871,
    128.62935510852));
#2419 = CARTESIAN_POINT('',(41.405944425103,-5.372831756334,
    131.96152364674));
#2420 = CARTESIAN_POINT('',(41.684512710909,-4.211543056896,
    133.73002152875));
#2421 = PCURVE('',#930,#2422);
#2422 = DEFINITIONAL_REPRESENTATION('',(#2423),#2427);
#2423 = LINE('',#2424,#2425);
#2424 = CARTESIAN_POINT('',(20.,0.));
#2425 = VECTOR('',#2426,1.);
#2426 = DIRECTION('',(0.,1.));
#2427 = ( GEOMETRIC_REPRESENTATION_CONTEXT(2) 
PARAMETRIC_REPRESENTATION_CONTEXT() REPRESENTATION_CONTEXT('2D SPACE',''
  ) );
#2428 = PCURVE('',#1069,#2429);
#2429 = DEFINITIONAL_REPRESENTATION('',(#2430),#2434);
#2430 = LINE('',#2431,#2432);
#2431 = CARTESIAN_POINT('',(20.,0.));
#2432 = VECTOR('',#2433,1.);
#2433 = DIRECTION('',(0.,1.));
#2434 = ( GEOMETRIC_REPRESENTATION_CONTEXT(2) 
PARAMETRIC_REPRESENTATION_CONTEXT() REPRESENTATION_CONTEXT('2D SPACE',''
  ) );
#2435 = ORIENTED_EDGE('',*,*,#2436,.T.);
#2436 = EDGE_CURVE('',#2384,#2299,#2437,.T.);
#2437 = SURFACE_CURVE('',#2438,(#2444,#2453),.PCURVE_S1.);
#2438 = B_SPLINE_CURVE_WITH_KNOTS('',4,(#2439,#2440,#2441,#2442,#2443),
  .UNSPECIFIED.,.F.,.F.,(5,5),(0.,1.),.PIECEWISE_BEZIER_KNOTS.);
#2439 = CARTESIAN_POINT('',(39.602958877852,-10.6115808492,123.65));
#2440 = CARTESIAN_POINT('',(37.615380120414,-11.9495071151,123.65));
#2441 = CARTESIAN_POINT('',(35.620790014865,-13.27697912513,123.65));
#2442 = CARTESIAN_POINT('',(33.619313703197,-14.59400674853,123.65));
#2443 = CARTESIAN_POINT('',(31.611054239367,-15.90057136016,123.65));
#2444 = PCURVE('',#930,#2445);
#2445 = DEFINITIONAL_REPRESENTATION('',(#2446),#2452);
#2446 = B_SPLINE_CURVE_WITH_KNOTS('',4,(#2447,#2448,#2449,#2450,#2451),
  .UNSPECIFIED.,.F.,.F.,(5,5),(0.,1.),.PIECEWISE_BEZIER_KNOTS.);
#2447 = CARTESIAN_POINT('',(20.,0.931027484962));
#2448 = CARTESIAN_POINT('',(19.750301864692,0.930166839005));
#2449 = CARTESIAN_POINT('',(19.500398299605,0.929308032704));
#2450 = CARTESIAN_POINT('',(19.250295897578,0.928450627883));
#2451 = CARTESIAN_POINT('',(19.,0.927594267825));
#2452 = ( GEOMETRIC_REPRESENTATION_CONTEXT(2) 
PARAMETRIC_REPRESENTATION_CONTEXT() REPRESENTATION_CONTEXT('2D SPACE',''
  ) );
#2453 = PCURVE('',#107,#2454);
#2454 = DEFINITIONAL_REPRESENTATION('',(#2455),#2461);
#2455 = B_SPLINE_CURVE_WITH_KNOTS('',4,(#2456,#2457,#2458,#2459,#2460),
  .UNSPECIFIED.,.F.,.F.,(5,5),(0.,1.),.PIECEWISE_BEZIER_KNOTS.);
#2456 = CARTESIAN_POINT('',(39.602958877852,-10.6115808492));
#2457 = CARTESIAN_POINT('',(37.615380120414,-11.9495071151));
#2458 = CARTESIAN_POINT('',(35.620790014865,-13.27697912513));
#2459 = CARTESIAN_POINT('',(33.619313703197,-14.59400674853));
#2460 = CARTESIAN_POINT('',(31.611054239367,-15.90057136016));
#2461 = ( GEOMETRIC_REPRESENTATION_CONTEXT(2) 
PARAMETRIC_REPRESENTATION_CONTEXT() REPRESENTATION_CONTEXT('2D SPACE',''
  ) );
#2462 = ADVANCED_FACE('',(#2463),#1069,.F.);
#2463 = FACE_BOUND('',#2464,.F.);
#2464 = EDGE_LOOP('',(#2465,#2466,#2467,#2520));
#2465 = ORIENTED_EDGE('',*,*,#2383,.F.);
#2466 = ORIENTED_EDGE('',*,*,#1023,.F.);
#2467 = ORIENTED_EDGE('',*,*,#2468,.T.);
#2468 = EDGE_CURVE('',#1024,#2469,#2471,.T.);
#2469 = VERTEX_POINT('',#2470);
#2470 = CARTESIAN_POINT('',(35.289691237559,-2.593185697892,123.65));
#2471 = SURFACE_CURVE('',#2472,(#2506,#2513),.PCURVE_S1.);
#2472 = ( BOUNDED_CURVE() B_SPLINE_CURVE(3,(#2473,#2474,#2475,#2476,
    #2477,#2478,#2479,#2480,#2481,#2482,#2483,#2484,#2485,#2486,#2487,
    #2488,#2489,#2490,#2491,#2492,#2493,#2494,#2495,#2496,#2497,#2498,
    #2499,#2500,#2501,#2502,#2503,#2504,#2505),.UNSPECIFIED.,.F.,.F.) 
B_SPLINE_CURVE_WITH_KNOTS((4,1,1,1,1,1,1,1,1,1,1,1,1,1,1,1,1,1,1,1,1,1,1
    ,1,1,1,1,1,1,1,4),(0.,3.068165821138E-02,6.601269782959E-02,
    9.830800907E-02,0.127216197096,0.157262707878,0.188138205668,
    0.219565799738,0.251333925196,0.283659313393,0.31744062664,
    0.35073174851,0.384111710396,0.417581465102,0.45114195778,
    0.484794125941,0.51853889945,0.552377200543,0.586309943827,
    0.620338036294,0.654462377335,0.688683858749,0.723003364765,
    0.757421772058,0.791939949764,0.826558759507,0.861279055419,
0.896101684163,0.931027484962,0.96605728962,1.),.UNSPECIFIED.) CURVE() 
GEOMETRIC_REPRESENTATION_ITEM() RATIONAL_B_SPLINE_CURVE((1.,
    1.000000000002,0.999999999999,1.,1.,1.,1.,1.,1.,1.,1.,1.,1.,1.,1.,1.
    ,1.,1.,1.,1.,1.,1.,1.,1.,1.,1.,1.,1.,0.999999999999,1.000000000003,
0.999999999988,1.000000000025,1.)) REPRESENTATION_ITEM('') );
#2473 = CARTESIAN_POINT('',(-9.418407708819,-10.10680466521,
    -10.11982966802));
#2474 = CARTESIAN_POINT('',(-12.45326040468,-15.1162275404,
    -12.85547423447));
#2475 = CARTESIAN_POINT('',(-6.83280109871,-8.564348808978,
    -2.952170729409));
#2476 = CARTESIAN_POINT('',(-7.741346352947,-11.25792781765,
    2.074211451366));
#2477 = CARTESIAN_POINT('',(-9.942158240122,-17.36046216988,
    3.324693262476));
#2478 = CARTESIAN_POINT('',(-9.300108700189,-20.39258386355,
    6.627972299613));
#2479 = CARTESIAN_POINT('',(-8.432671225682,-23.19032625763,
    10.293545432463));
#2480 = CARTESIAN_POINT('',(-6.924527149962,-25.28470357922,
    14.436104726298));
#2481 = CARTESIAN_POINT('',(-5.069195928495,-26.82049831281,
    18.810975887307));
#2482 = CARTESIAN_POINT('',(-2.944165627975,-27.82142371883,
    23.338395863153));
#2483 = CARTESIAN_POINT('',(-0.648730370883,-28.01037092202,
    28.043852332174));
#2484 = CARTESIAN_POINT('',(1.535736892152,-28.45671973961,
    33.366718058391));
#2485 = CARTESIAN_POINT('',(3.910318169725,-28.5987785508,
    38.364162653567));
#2486 = CARTESIAN_POINT('',(6.275942079191,-28.57712157013,
    43.430315313796));
#2487 = CARTESIAN_POINT('',(8.670360138003,-28.3483631955,
    48.470245820927));
#2488 = CARTESIAN_POINT('',(11.065921855608,-27.91972441003,
    53.517229585308));
#2489 = CARTESIAN_POINT('',(13.448344394247,-27.28639133166,
    58.562314412655));
#2490 = CARTESIAN_POINT('',(15.799351433078,-26.44864534542,
    63.607908825541));
#2491 = CARTESIAN_POINT('',(18.101503546539,-25.40729910162,
    68.653364824306));
#2492 = CARTESIAN_POINT('',(20.337062750957,-24.16495530978,
    73.698856747151));
#2493 = CARTESIAN_POINT('',(22.488465512101,-22.7256847746,
    78.744337770558));
#2494 = CARTESIAN_POINT('',(24.538365088668,-21.09511504461,
    83.78982021861));
#2495 = CARTESIAN_POINT('',(26.469790743868,-19.28039444817,
    88.835301850638));
#2496 = CARTESIAN_POINT('',(28.266274649829,-17.29017242663,
    93.880779285128));
#2497 = CARTESIAN_POINT('',(29.911987465107,-15.13456941631,
    98.926268414461));
#2498 = CARTESIAN_POINT('',(31.391862247109,-12.82510169741,
    103.97170885322));
#2499 = CARTESIAN_POINT('',(32.691740909262,-10.37472772744,
    109.01732721786));
#2500 = CARTESIAN_POINT('',(33.798420176731,-7.797383008823,
    114.06227402731));
#2501 = CARTESIAN_POINT('',(34.700050843161,-5.109380125444,
    119.10973365218));
#2502 = CARTESIAN_POINT('',(35.3851853238,-2.323766131555,
    124.14776911856));
#2503 = CARTESIAN_POINT('',(35.841624007921,0.496612688274,
    129.16358721253));
#2504 = CARTESIAN_POINT('',(35.988868541464,2.426012846009,
    132.39837068759));
#2505 = CARTESIAN_POINT('',(36.00979281934,3.455150675159,
    133.73002152875));
#2506 = PCURVE('',#1069,#2507);
#2507 = DEFINITIONAL_REPRESENTATION('',(#2508),#2512);
#2508 = LINE('',#2509,#2510);
#2509 = CARTESIAN_POINT('',(21.,0.));
#2510 = VECTOR('',#2511,1.);
#2511 = DIRECTION('',(0.,1.));
#2512 = ( GEOMETRIC_REPRESENTATION_CONTEXT(2) 
PARAMETRIC_REPRESENTATION_CONTEXT() REPRESENTATION_CONTEXT('2D SPACE',''
  ) );
#2513 = PCURVE('',#1212,#2514);
#2514 = DEFINITIONAL_REPRESENTATION('',(#2515),#2519);
#2515 = LINE('',#2516,#2517);
#2516 = CARTESIAN_POINT('',(21.,0.));
#2517 = VECTOR('',#2518,1.);
#2518 = DIRECTION('',(0.,1.));
#2519 = ( GEOMETRIC_REPRESENTATION_CONTEXT(2) 
PARAMETRIC_REPRESENTATION_CONTEXT() REPRESENTATION_CONTEXT('2D SPACE',''
  ) );
#2520 = ORIENTED_EDGE('',*,*,#2521,.T.);
#2521 = EDGE_CURVE('',#2469,#2384,#2522,.T.);
#2522 = SURFACE_CURVE('',#2523,(#2529,#2538),.PCURVE_S1.);
#2523 = B_SPLINE_CURVE_WITH_KNOTS('',4,(#2524,#2525,#2526,#2527,#2528),
  .UNSPECIFIED.,.F.,.F.,(5,5),(0.,1.),.PIECEWISE_BEZIER_KNOTS.);
#2524 = CARTESIAN_POINT('',(35.289691237559,-2.593185697892,123.65));
#2525 = CARTESIAN_POINT('',(36.351853393561,-4.606384999784,123.65));
#2526 = CARTESIAN_POINT('',(37.424783322107,-6.613925638229,123.65));
#2527 = CARTESIAN_POINT('',(38.508476015755,-8.615700360068,123.65));
#2528 = CARTESIAN_POINT('',(39.602958877852,-10.6115808492,123.65));
#2529 = PCURVE('',#1069,#2530);
#2530 = DEFINITIONAL_REPRESENTATION('',(#2531),#2537);
#2531 = B_SPLINE_CURVE_WITH_KNOTS('',4,(#2532,#2533,#2534,#2535,#2536),
  .UNSPECIFIED.,.F.,.F.,(5,5),(0.,1.),.PIECEWISE_BEZIER_KNOTS.);
#2532 = CARTESIAN_POINT('',(21.,0.927594267825));
#2533 = CARTESIAN_POINT('',(20.749728356383,0.928450544901));
#2534 = CARTESIAN_POINT('',(20.499637597889,0.929307909569));
#2535 = CARTESIAN_POINT('',(20.249728013632,0.930166736022));
#2536 = CARTESIAN_POINT('',(20.,0.931027484962));
#2537 = ( GEOMETRIC_REPRESENTATION_CONTEXT(2) 
PARAMETRIC_REPRESENTATION_CONTEXT() REPRESENTATION_CONTEXT('2D SPACE',''
  ) );
#2538 = PCURVE('',#107,#2539);
#2539 = DEFINITIONAL_REPRESENTATION('',(#2540),#2546);
#2540 = B_SPLINE_CURVE_WITH_KNOTS('',4,(#2541,#2542,#2543,#2544,#2545),
  .UNSPECIFIED.,.F.,.F.,(5,5),(0.,1.),.PIECEWISE_BEZIER_KNOTS.);
#2541 = CARTESIAN_POINT('',(35.289691237559,-2.593185697892));
#2542 = CARTESIAN_POINT('',(36.351853393561,-4.606384999784));
#2543 = CARTESIAN_POINT('',(37.424783322107,-6.613925638229));
#2544 = CARTESIAN_POINT('',(38.508476015755,-8.615700360068));
#2545 = CARTESIAN_POINT('',(39.602958877852,-10.6115808492));
#2546 = ( GEOMETRIC_REPRESENTATION_CONTEXT(2) 
PARAMETRIC_REPRESENTATION_CONTEXT() REPRESENTATION_CONTEXT('2D SPACE',''
  ) );
#2547 = ADVANCED_FACE('',(#2548),#1212,.F.);
#2548 = FACE_BOUND('',#2549,.F.);
#2549 = EDGE_LOOP('',(#2550,#2551,#2552,#2605));
#2550 = ORIENTED_EDGE('',*,*,#2468,.F.);
#2551 = ORIENTED_EDGE('',*,*,#1158,.F.);
#2552 = ORIENTED_EDGE('',*,*,#2553,.T.);
#2553 = EDGE_CURVE('',#1159,#2554,#2556,.T.);
#2554 = VERTEX_POINT('',#2555);
#2555 = CARTESIAN_POINT('',(40.649239316326,5.351573881022,123.65));
#2556 = SURFACE_CURVE('',#2557,(#2591,#2598),.PCURVE_S1.);
#2557 = ( BOUNDED_CURVE() B_SPLINE_CURVE(3,(#2558,#2559,#2560,#2561,
    #2562,#2563,#2564,#2565,#2566,#2567,#2568,#2569,#2570,#2571,#2572,
    #2573,#2574,#2575,#2576,#2577,#2578,#2579,#2580,#2581,#2582,#2583,
    #2584,#2585,#2586,#2587,#2588,#2589,#2590),.UNSPECIFIED.,.F.,.F.) 
B_SPLINE_CURVE_WITH_KNOTS((4,1,1,1,1,1,1,1,1,1,1,1,1,1,1,1,1,1,1,1,1,1,1
    ,1,1,1,1,1,1,1,4),(0.,3.068165821138E-02,6.601269782959E-02,
    9.830800907E-02,0.127216197096,0.157262707878,0.188138205668,
    0.219565799738,0.251333925196,0.283659313393,0.31744062664,
    0.35073174851,0.384111710396,0.417581465102,0.45114195778,
    0.484794125941,0.51853889945,0.552377200543,0.586309943827,
    0.620338036294,0.654462377335,0.688683858749,0.723003364765,
    0.757421772058,0.791939949764,0.826558759507,0.861279055419,
0.896101684163,0.931027484962,0.96605728962,1.),.UNSPECIFIED.) CURVE() 
GEOMETRIC_REPRESENTATION_ITEM() RATIONAL_B_SPLINE_CURVE((1.,
    1.000000000002,0.999999999999,1.,1.,1.,1.,1.,1.,1.,1.,1.,1.,1.,1.,1.
    ,1.,1.,1.,1.,1.,1.,1.,1.,1.,1.,1.,1.,0.999999999999,1.000000000003,
0.999999999988,1.000000000025,1.)) REPRESENTATION_ITEM('') );
#2558 = CARTESIAN_POINT('',(-8.414855705465,-13.60846073059,
    -10.11982966802));
#2559 = CARTESIAN_POINT('',(-9.918713737839,-17.45189636581,
    -13.20549020304));
#2560 = CARTESIAN_POINT('',(-6.321454178724,-12.74002085073,
    -2.349153047964));
#2561 = CARTESIAN_POINT('',(-5.912184016995,-13.78568326486,
    0.402167973074));
#2562 = CARTESIAN_POINT('',(-6.67857926959,-19.85453815605,
    0.556268184895));
#2563 = CARTESIAN_POINT('',(-5.791027658179,-24.40897179943,
    4.338199718794));
#2564 = CARTESIAN_POINT('',(-4.252097014922,-27.66540001426,
    8.389705231602));
#2565 = CARTESIAN_POINT('',(-2.142521681145,-30.01544979625,
    13.012356568386));
#2566 = CARTESIAN_POINT('',(0.298267169427,-31.49637194338,
    17.855593946091));
#2567 = CARTESIAN_POINT('',(2.938223615866,-32.24988911828,
    22.862616673986));
#2568 = CARTESIAN_POINT('',(5.593459458399,-31.96928206319,
    28.032637662535));
#2569 = CARTESIAN_POINT('',(8.167722744939,-31.95054878702,
    32.865744682983));
#2570 = CARTESIAN_POINT('',(10.89713028401,-31.58424625624,
    37.987629462079));
#2571 = CARTESIAN_POINT('',(13.577247235589,-31.02318236457,
    43.013612385695));
#2572 = CARTESIAN_POINT('',(16.243863575501,-30.2234425913,
    48.057464389687));
#2573 = CARTESIAN_POINT('',(18.86648884292,-29.19575213823,
    53.096507709553));
#2574 = CARTESIAN_POINT('',(21.428019083562,-27.93887107489,
    58.136843432611));
#2575 = CARTESIAN_POINT('',(23.907717523285,-26.45697678078,
    63.176830119094));
#2576 = CARTESIAN_POINT('',(26.285984642975,-24.75500206237,
    68.21690940437));
#2577 = CARTESIAN_POINT('',(28.543268114419,-22.8398873913,
    73.256962481845));
#2578 = CARTESIAN_POINT('',(30.660550009624,-20.72022514262,
    78.297021288927));
#2579 = CARTESIAN_POINT('',(32.619408745158,-18.40631930081,
    83.337077385979));
#2580 = CARTESIAN_POINT('',(34.402193224162,-15.91011716052,
    88.377132512319));
#2581 = CARTESIAN_POINT('',(35.992162522999,-13.2451559206,
    93.417188239103));
#2582 = CARTESIAN_POINT('',(37.373631197233,-10.42649906842,
    98.457236548315));
#2583 = CARTESIAN_POINT('',(38.532100147448,-7.470620758687,
    103.49730811583));
#2584 = CARTESIAN_POINT('',(39.454406353155,-4.395433499475,
    108.53728784062));
#2585 = CARTESIAN_POINT('',(40.128771200757,-1.219719325977,
    113.57760725616));
#2586 = CARTESIAN_POINT('',(40.545190543831,2.035257004384,
    118.61664877333));
#2587 = CARTESIAN_POINT('',(40.694501240412,5.352365870338,
    123.66047617316));
#2588 = CARTESIAN_POINT('',(40.573747128371,8.656517844426,
    128.62935510852));
#2589 = CARTESIAN_POINT('',(40.310198277636,10.881519641654,
    131.96152364674));
#2590 = CARTESIAN_POINT('',(40.123155868882,12.061013970121,
    133.73002152875));
#2591 = PCURVE('',#1212,#2592);
#2592 = DEFINITIONAL_REPRESENTATION('',(#2593),#2597);
#2593 = LINE('',#2594,#2595);
#2594 = CARTESIAN_POINT('',(22.,0.));
#2595 = VECTOR('',#2596,1.);
#2596 = DIRECTION('',(0.,1.));
#2597 = ( GEOMETRIC_REPRESENTATION_CONTEXT(2) 
PARAMETRIC_REPRESENTATION_CONTEXT() REPRESENTATION_CONTEXT('2D SPACE',''
  ) );
#2598 = PCURVE('',#1359,#2599);
#2599 = DEFINITIONAL_REPRESENTATION('',(#2600),#2604);
#2600 = LINE('',#2601,#2602);
#2601 = CARTESIAN_POINT('',(22.,0.));
#2602 = VECTOR('',#2603,1.);
#2603 = DIRECTION('',(0.,1.));
#2604 = ( GEOMETRIC_REPRESENTATION_CONTEXT(2) 
PARAMETRIC_REPRESENTATION_CONTEXT() REPRESENTATION_CONTEXT('2D SPACE',''
  ) );
#2605 = ORIENTED_EDGE('',*,*,#2606,.T.);
#2606 = EDGE_CURVE('',#2554,#2469,#2607,.T.);
#2607 = SURFACE_CURVE('',#2608,(#2614,#2623),.PCURVE_S1.);
#2608 = B_SPLINE_CURVE_WITH_KNOTS('',4,(#2609,#2610,#2611,#2612,#2613),
  .UNSPECIFIED.,.F.,.F.,(5,5),(0.,1.),.PIECEWISE_BEZIER_KNOTS.);
#2609 = CARTESIAN_POINT('',(40.649239316326,5.351573881022,123.65));
#2610 = CARTESIAN_POINT('',(39.32495819877,3.354877726953,123.65));
#2611 = CARTESIAN_POINT('',(37.990198769676,1.365156919155,123.65));
#2612 = CARTESIAN_POINT('',(36.645080421967,-0.617549770597,123.65));
#2613 = CARTESIAN_POINT('',(35.289691237559,-2.593185697892,123.65));
#2614 = PCURVE('',#1212,#2615);
#2615 = DEFINITIONAL_REPRESENTATION('',(#2616),#2622);
#2616 = B_SPLINE_CURVE_WITH_KNOTS('',4,(#2617,#2618,#2619,#2620,#2621),
  .UNSPECIFIED.,.F.,.F.,(5,5),(0.,1.),.PIECEWISE_BEZIER_KNOTS.);
#2617 = CARTESIAN_POINT('',(22.,0.931027484962));
#2618 = CARTESIAN_POINT('',(21.750301864692,0.930166839005));
#2619 = CARTESIAN_POINT('',(21.500398299606,0.929308032704));
#2620 = CARTESIAN_POINT('',(21.250295897578,0.928450627883));
#2621 = CARTESIAN_POINT('',(21.,0.927594267825));
#2622 = ( GEOMETRIC_REPRESENTATION_CONTEXT(2) 
PARAMETRIC_REPRESENTATION_CONTEXT() REPRESENTATION_CONTEXT('2D SPACE',''
  ) );
#2623 = PCURVE('',#107,#2624);
#2624 = DEFINITIONAL_REPRESENTATION('',(#2625),#2631);
#2625 = B_SPLINE_CURVE_WITH_KNOTS('',4,(#2626,#2627,#2628,#2629,#2630),
  .UNSPECIFIED.,.F.,.F.,(5,5),(0.,1.),.PIECEWISE_BEZIER_KNOTS.);
#2626 = CARTESIAN_POINT('',(40.649239316326,5.351573881022));
#2627 = CARTESIAN_POINT('',(39.32495819877,3.354877726953));
#2628 = CARTESIAN_POINT('',(37.990198769676,1.365156919155));
#2629 = CARTESIAN_POINT('',(36.645080421967,-0.617549770597));
#2630 = CARTESIAN_POINT('',(35.289691237559,-2.593185697892));
#2631 = ( GEOMETRIC_REPRESENTATION_CONTEXT(2) 
PARAMETRIC_REPRESENTATION_CONTEXT() REPRESENTATION_CONTEXT('2D SPACE',''
  ) );
#2632 = ADVANCED_FACE('',(#2633),#1359,.F.);
#2633 = FACE_BOUND('',#2634,.F.);
#2634 = EDGE_LOOP('',(#2635,#2636,#2637,#2690));
#2635 = ORIENTED_EDGE('',*,*,#2553,.F.);
#2636 = ORIENTED_EDGE('',*,*,#1305,.F.);
#2637 = ORIENTED_EDGE('',*,*,#2638,.T.);
#2638 = EDGE_CURVE('',#1306,#2639,#2641,.T.);
#2639 = VERTEX_POINT('',#2640);
#2640 = CARTESIAN_POINT('',(33.595792646635,11.10898897959,123.65));
#2641 = SURFACE_CURVE('',#2642,(#2676,#2683),.PCURVE_S1.);
#2642 = ( BOUNDED_CURVE() B_SPLINE_CURVE(3,(#2643,#2644,#2645,#2646,
    #2647,#2648,#2649,#2650,#2651,#2652,#2653,#2654,#2655,#2656,#2657,
    #2658,#2659,#2660,#2661,#2662,#2663,#2664,#2665,#2666,#2667,#2668,
    #2669,#2670,#2671,#2672,#2673,#2674,#2675),.UNSPECIFIED.,.F.,.F.) 
B_SPLINE_CURVE_WITH_KNOTS((4,1,1,1,1,1,1,1,1,1,1,1,1,1,1,1,1,1,1,1,1,1,1
    ,1,1,1,1,1,1,1,4),(0.,3.068165821138E-02,6.601269782959E-02,
    9.830800907E-02,0.127216197096,0.157262707878,0.188138205668,
    0.219565799738,0.251333925196,0.283659313393,0.31744062664,
    0.35073174851,0.384111710396,0.417581465102,0.45114195778,
    0.484794125941,0.51853889945,0.552377200543,0.586309943827,
    0.620338036294,0.654462377335,0.688683858749,0.723003364765,
    0.757421772058,0.791939949764,0.826558759507,0.861279055419,
0.896101684163,0.931027484962,0.96605728962,1.),.UNSPECIFIED.) CURVE() 
GEOMETRIC_REPRESENTATION_ITEM() RATIONAL_B_SPLINE_CURVE((1.,
    1.000000000002,0.999999999999,1.,1.,1.,1.,1.,1.,1.,1.,1.,1.,1.,1.,1.
    ,1.,1.,1.,1.,1.,1.,1.,1.,1.,1.,1.,1.,0.999999999999,1.000000000003,
0.999999999988,1.000000000025,1.)) REPRESENTATION_ITEM('') );
#2643 = CARTESIAN_POINT('',(-4.833767411498,-12.9417385587,
    -10.11982966802));
#2644 = CARTESIAN_POINT('',(-5.720582561729,-18.73122966847,
    -12.85547423447));
#2645 = CARTESIAN_POINT('',(-3.035250686421,-10.5272263514,
    -2.952170729409));
#2646 = CARTESIAN_POINT('',(-2.843848991045,-13.36345408259,
    2.074211451366));
#2647 = CARTESIAN_POINT('',(-2.541795256408,-19.84367491416,
    3.324693262476));
#2648 = CARTESIAN_POINT('',(-0.788276090541,-22.3992883653,
    6.627972299613));
#2649 = CARTESIAN_POINT('',(1.083781300135,-24.65211135034,
    10.293545432463));
#2650 = CARTESIAN_POINT('',(3.278608245862,-26.00992193971,
    14.436104726298));
#2651 = CARTESIAN_POINT('',(5.580433987463,-26.7188067402,
    18.810975887307));
#2652 = CARTESIAN_POINT('',(7.926743557997,-26.83032734711,
    23.338395863153));
#2653 = CARTESIAN_POINT('',(10.119756174482,-26.12646675791,
    28.043852332174));
#2654 = CARTESIAN_POINT('',(12.308751065789,-25.70287986474,
    33.366718058391));
#2655 = CARTESIAN_POINT('',(14.556941659887,-24.92541217908,
    38.364162653567));
#2656 = CARTESIAN_POINT('',(16.734205403763,-24.00011866054,
    43.430315313796));
#2657 = CARTESIAN_POINT('',(18.858817200588,-22.87246935906,
    48.470245820927));
#2658 = CARTESIAN_POINT('',(20.907994678683,-21.55971697779,
    53.517229585308));
#2659 = CARTESIAN_POINT('',(22.866700023665,-20.06287987499,
    58.562314412655));
#2660 = CARTESIAN_POINT('',(24.718155798169,-18.38921206173,
    63.607908825541));
#2661 = CARTESIAN_POINT('',(26.446561061664,-16.54613810822,
    68.653364824306));
#2662 = CARTESIAN_POINT('',(28.036524067903,-14.54285063699,
    73.698856747151));
#2663 = CARTESIAN_POINT('',(29.473376056608,-12.38983185476,
    78.744337770558));
#2664 = CARTESIAN_POINT('',(30.743244298118,-10.09891924892,
    83.78982021861));
#2665 = CARTESIAN_POINT('',(31.833185422897,-7.683211433564,
    88.835301850638));
#2666 = CARTESIAN_POINT('',(32.731295139727,-5.157001415386,
    93.880779285128));
#2667 = CARTESIAN_POINT('',(33.426821967348,-2.535696885092,
    98.926268414461));
#2668 = CARTESIAN_POINT('',(33.910252955514,0.164296632441,
    103.97170885322));
#2669 = CARTESIAN_POINT('',(34.173466724822,2.92558901839,
    109.01732721786));
#2670 = CARTESIAN_POINT('',(34.209597925771,5.730252872737,
    114.06227402731));
#2671 = CARTESIAN_POINT('',(34.013941874793,8.558682838223,
    119.10973365218));
#2672 = CARTESIAN_POINT('',(33.580915273893,11.394444207163,
    124.14776911856));
#2673 = CARTESIAN_POINT('',(32.923297385231,14.174805995679,
    129.16358721253));
#2674 = CARTESIAN_POINT('',(32.320984119884,16.013687353363,
    132.39837068759));
#2675 = CARTESIAN_POINT('',(31.946481636051,16.972494105383,
    133.73002152875));
#2676 = PCURVE('',#1359,#2677);
#2677 = DEFINITIONAL_REPRESENTATION('',(#2678),#2682);
#2678 = LINE('',#2679,#2680);
#2679 = CARTESIAN_POINT('',(23.,0.));
#2680 = VECTOR('',#2681,1.);
#2681 = DIRECTION('',(0.,1.));
#2682 = ( GEOMETRIC_REPRESENTATION_CONTEXT(2) 
PARAMETRIC_REPRESENTATION_CONTEXT() REPRESENTATION_CONTEXT('2D SPACE',''
  ) );
#2683 = PCURVE('',#1550,#2684);
#2684 = DEFINITIONAL_REPRESENTATION('',(#2685),#2689);
#2685 = LINE('',#2686,#2687);
#2686 = CARTESIAN_POINT('',(23.,0.));
#2687 = VECTOR('',#2688,1.);
#2688 = DIRECTION('',(0.,1.));
#2689 = ( GEOMETRIC_REPRESENTATION_CONTEXT(2) 
PARAMETRIC_REPRESENTATION_CONTEXT() REPRESENTATION_CONTEXT('2D SPACE',''
  ) );
#2690 = ORIENTED_EDGE('',*,*,#2691,.T.);
#2691 = EDGE_CURVE('',#2639,#2554,#2692,.T.);
#2692 = SURFACE_CURVE('',#2693,(#2699,#2708),.PCURVE_S1.);
#2693 = B_SPLINE_CURVE_WITH_KNOTS('',4,(#2694,#2695,#2696,#2697,#2698),
  .UNSPECIFIED.,.F.,.F.,(5,5),(0.,1.),.PIECEWISE_BEZIER_KNOTS.);
#2694 = CARTESIAN_POINT('',(33.595792646635,11.10898897959,123.65));
#2695 = CARTESIAN_POINT('',(35.347520541667,9.655507209305,123.65));
#2696 = CARTESIAN_POINT('',(37.107031084609,8.211374010512,123.65));
#2697 = CARTESIAN_POINT('',(38.87427860518,6.776686555944,123.65));
#2698 = CARTESIAN_POINT('',(40.649239316326,5.351573881022,123.65));
#2699 = PCURVE('',#1359,#2700);
#2700 = DEFINITIONAL_REPRESENTATION('',(#2701),#2707);
#2701 = B_SPLINE_CURVE_WITH_KNOTS('',4,(#2702,#2703,#2704,#2705,#2706),
  .UNSPECIFIED.,.F.,.F.,(5,5),(0.,1.),.PIECEWISE_BEZIER_KNOTS.);
#2702 = CARTESIAN_POINT('',(23.,0.927594267825));
#2703 = CARTESIAN_POINT('',(22.749728356384,0.928450544901));
#2704 = CARTESIAN_POINT('',(22.49963759789,0.929307909569));
#2705 = CARTESIAN_POINT('',(22.249728013633,0.930166736022));
#2706 = CARTESIAN_POINT('',(22.,0.931027484962));
#2707 = ( GEOMETRIC_REPRESENTATION_CONTEXT(2) 
PARAMETRIC_REPRESENTATION_CONTEXT() REPRESENTATION_CONTEXT('2D SPACE',''
  ) );
#2708 = PCURVE('',#107,#2709);
#2709 = DEFINITIONAL_REPRESENTATION('',(#2710),#2716);
#2710 = B_SPLINE_CURVE_WITH_KNOTS('',4,(#2711,#2712,#2713,#2714,#2715),
  .UNSPECIFIED.,.F.,.F.,(5,5),(0.,1.),.PIECEWISE_BEZIER_KNOTS.);
#2711 = CARTESIAN_POINT('',(33.595792646635,11.10898897959));
#2712 = CARTESIAN_POINT('',(35.347520541667,9.655507209305));
#2713 = CARTESIAN_POINT('',(37.107031084609,8.211374010512));
#2714 = CARTESIAN_POINT('',(38.87427860518,6.776686555944));
#2715 = CARTESIAN_POINT('',(40.649239316326,5.351573881022));
#2716 = ( GEOMETRIC_REPRESENTATION_CONTEXT(2) 
PARAMETRIC_REPRESENTATION_CONTEXT() REPRESENTATION_CONTEXT('2D SPACE',''
  ) );
#2717 = ADVANCED_FACE('',(#2718),#1550,.F.);
#2718 = FACE_BOUND('',#2719,.F.);
#2719 = EDGE_LOOP('',(#2720,#2721,#2722,#2775));
#2720 = ORIENTED_EDGE('',*,*,#2638,.F.);
#2721 = ORIENTED_EDGE('',*,*,#1452,.F.);
#2722 = ORIENTED_EDGE('',*,*,#2723,.T.);
#2723 = EDGE_CURVE('',#1453,#2724,#2726,.T.);
#2724 = VERTEX_POINT('',#2725);
#2725 = CARTESIAN_POINT('',(35.507041555162,20.5,123.65));
#2726 = SURFACE_CURVE('',#2727,(#2761,#2768),.PCURVE_S1.);
#2727 = ( BOUNDED_CURVE() B_SPLINE_CURVE(3,(#2728,#2729,#2730,#2731,
    #2732,#2733,#2734,#2735,#2736,#2737,#2738,#2739,#2740,#2741,#2742,
    #2743,#2744,#2745,#2746,#2747,#2748,#2749,#2750,#2751,#2752,#2753,
    #2754,#2755,#2756,#2757,#2758,#2759,#2760),.UNSPECIFIED.,.F.,.F.) 
B_SPLINE_CURVE_WITH_KNOTS((4,1,1,1,1,1,1,1,1,1,1,1,1,1,1,1,1,1,1,1,1,1,1
    ,1,1,1,1,1,1,1,4),(0.,3.068165821138E-02,6.601269782959E-02,
    9.830800907E-02,0.127216197096,0.157262707878,0.188138205668,
    0.219565799738,0.251333925196,0.283659313393,0.31744062664,
    0.35073174851,0.384111710396,0.417581465102,0.45114195778,
    0.484794125941,0.51853889945,0.552377200543,0.586309943827,
    0.620338036294,0.654462377335,0.688683858749,0.723003364765,
    0.757421772058,0.791939949764,0.826558759507,0.861279055419,
0.896101684163,0.931027484962,0.96605728962,1.),.UNSPECIFIED.) CURVE() 
GEOMETRIC_REPRESENTATION_ITEM() RATIONAL_B_SPLINE_CURVE((1.,
    1.000000000002,0.999999999999,1.,1.,1.,1.,1.,1.,1.,1.,1.,1.,1.,1.,1.
    ,1.,1.,1.,1.,1.,1.,1.,1.,1.,1.,1.,1.,0.999999999999,1.000000000003,
0.999999999988,1.000000000025,1.)) REPRESENTATION_ITEM('') );
#2728 = CARTESIAN_POINT('',(-2.566580493724,-15.7928042022,
    -10.11982966802));
#2729 = CARTESIAN_POINT('',(-2.485145008364,-19.91917727474,
    -13.20549020304));
#2730 = CARTESIAN_POINT('',(-0.964867224041,-14.18936028986,
    -2.349153047964));
#2731 = CARTESIAN_POINT('',(-0.1865932164,-14.99880548263,0.402167973074
    ));
#2732 = CARTESIAN_POINT('',(1.427800116145,-20.89898306802,
    0.556268184895));
#2733 = CARTESIAN_POINT('',(3.990697183116,-24.7670797963,4.338199718794
    ));
#2734 = CARTESIAN_POINT('',(6.658664832872,-27.18670391233,
    8.389705231602));
#2735 = CARTESIAN_POINT('',(9.506983422842,-28.55056727674,
    13.012356568386));
#2736 = CARTESIAN_POINT('',(12.328702655396,-28.98471148269,
    17.855593946091));
#2737 = CARTESIAN_POINT('',(15.05606292182,-28.67060298377,
    22.862616673986));
#2738 = CARTESIAN_POINT('',(17.401797299736,-27.39524110292,
    28.032637662535));
#2739 = CARTESIAN_POINT('',(19.772937547042,-26.39280590219,
    32.865744682983));
#2740 = CARTESIAN_POINT('',(22.154403398509,-25.00988744592,
    37.987629462079));
#2741 = CARTESIAN_POINT('',(24.415798738971,-23.46589564581,
    43.013612385695));
#2742 = CARTESIAN_POINT('',(26.57338383504,-21.70656254419,
    48.057464389687));
#2743 = CARTESIAN_POINT('',(28.603093531067,-19.7534651297,
    53.096507709553));
#2744 = CARTESIAN_POINT('',(30.488651332912,-17.61200325588,
    58.136843432611));
#2745 = CARTESIAN_POINT('',(32.212497573297,-15.29397193806,
    63.176830119094));
#2746 = CARTESIAN_POINT('',(33.758412360986,-12.81142890643,
    68.21690940437));
#2747 = CARTESIAN_POINT('',(35.110987703631,-10.17826867274,
    73.256962481845));
#2748 = CARTESIAN_POINT('',(36.255941486388,-7.409707402412,
    78.297021288927));
#2749 = CARTESIAN_POINT('',(37.180197549517,-4.522314370577,
    83.337077385979));
#2750 = CARTESIAN_POINT('',(37.872020437622,-1.533882220556,
    88.377132512319));
#2751 = CARTESIAN_POINT('',(38.321124015725,1.536675832578,
    93.417188239103));
#2752 = CARTESIAN_POINT('',(38.518781369805,4.66944038144,
    98.457236548315));
#2753 = CARTESIAN_POINT('',(38.457901464735,7.843642726555,
    103.49730811583));
#2754 = CARTESIAN_POINT('',(38.133178075372,11.037696598475,
    108.53728784062));
#2755 = CARTESIAN_POINT('',(37.540916755405,14.229742179014,
    113.57760725616));
#2756 = CARTESIAN_POINT('',(36.680012548994,17.396304972985,
    118.61664877333));
#2757 = CARTESIAN_POINT('',(35.548555039383,20.518052691092,
    123.66047617316));
#2758 = CARTESIAN_POINT('',(34.17254856762,23.524480474621,
    128.62935510852));
#2759 = CARTESIAN_POINT('',(33.077589855481,25.47925831504,
    131.96152364674));
#2760 = CARTESIAN_POINT('',(32.453412263131,26.497390953551,
    133.73002152875));
#2761 = PCURVE('',#1550,#2762);
#2762 = DEFINITIONAL_REPRESENTATION('',(#2763),#2767);
#2763 = LINE('',#2764,#2765);
#2764 = CARTESIAN_POINT('',(24.,0.));
#2765 = VECTOR('',#2766,1.);
#2766 = DIRECTION('',(0.,1.));
#2767 = ( GEOMETRIC_REPRESENTATION_CONTEXT(2) 
PARAMETRIC_REPRESENTATION_CONTEXT() REPRESENTATION_CONTEXT('2D SPACE',''
  ) );
#2768 = PCURVE('',#1739,#2769);
#2769 = DEFINITIONAL_REPRESENTATION('',(#2770),#2774);
#2770 = LINE('',#2771,#2772);
#2771 = CARTESIAN_POINT('',(24.,0.));
#2772 = VECTOR('',#2773,1.);
#2773 = DIRECTION('',(0.,1.));
#2774 = ( GEOMETRIC_REPRESENTATION_CONTEXT(2) 
PARAMETRIC_REPRESENTATION_CONTEXT() REPRESENTATION_CONTEXT('2D SPACE',''
  ) );
#2775 = ORIENTED_EDGE('',*,*,#2776,.T.);
#2776 = EDGE_CURVE('',#2724,#2639,#2777,.T.);
#2777 = SURFACE_CURVE('',#2778,(#2784,#2793),.PCURVE_S1.);
#2778 = B_SPLINE_CURVE_WITH_KNOTS('',4,(#2779,#2780,#2781,#2782,#2783),
  .UNSPECIFIED.,.F.,.F.,(5,5),(0.,1.),.PIECEWISE_BEZIER_KNOTS.);
#2779 = CARTESIAN_POINT('',(35.507041555162,20.5,123.65));
#2780 = CARTESIAN_POINT('',(35.047667872995,18.148512847121,123.65));
#2781 = CARTESIAN_POINT('',(34.575944143803,15.799460197673,123.65));
#2782 = CARTESIAN_POINT('',(34.091965834949,13.452923561795,123.65));
#2783 = CARTESIAN_POINT('',(33.595792646635,11.10898897959,123.65));
#2784 = PCURVE('',#1550,#2785);
#2785 = DEFINITIONAL_REPRESENTATION('',(#2786),#2792);
#2786 = B_SPLINE_CURVE_WITH_KNOTS('',4,(#2787,#2788,#2789,#2790,#2791),
  .UNSPECIFIED.,.F.,.F.,(5,5),(0.,1.),.PIECEWISE_BEZIER_KNOTS.);
#2787 = CARTESIAN_POINT('',(24.,0.931027484962));
#2788 = CARTESIAN_POINT('',(23.750301864692,0.930166839005));
#2789 = CARTESIAN_POINT('',(23.500398299605,0.929308032704));
#2790 = CARTESIAN_POINT('',(23.250295897578,0.928450627883));
#2791 = CARTESIAN_POINT('',(23.,0.927594267825));
#2792 = ( GEOMETRIC_REPRESENTATION_CONTEXT(2) 
PARAMETRIC_REPRESENTATION_CONTEXT() REPRESENTATION_CONTEXT('2D SPACE',''
  ) );
#2793 = PCURVE('',#107,#2794);
#2794 = DEFINITIONAL_REPRESENTATION('',(#2795),#2801);
#2795 = B_SPLINE_CURVE_WITH_KNOTS('',4,(#2796,#2797,#2798,#2799,#2800),
  .UNSPECIFIED.,.F.,.F.,(5,5),(0.,1.),.PIECEWISE_BEZIER_KNOTS.);
#2796 = CARTESIAN_POINT('',(35.507041555162,20.5));
#2797 = CARTESIAN_POINT('',(35.047667872995,18.148512847121));
#2798 = CARTESIAN_POINT('',(34.575944143803,15.799460197673));
#2799 = CARTESIAN_POINT('',(34.091965834949,13.452923561795));
#2800 = CARTESIAN_POINT('',(33.595792646635,11.10898897959));
#2801 = ( GEOMETRIC_REPRESENTATION_CONTEXT(2) 
PARAMETRIC_REPRESENTATION_CONTEXT() REPRESENTATION_CONTEXT('2D SPACE',''
  ) );
#2802 = ADVANCED_FACE('',(#2803),#1739,.F.);
#2803 = FACE_BOUND('',#2804,.F.);
#2804 = EDGE_LOOP('',(#2805,#2806,#2807,#2860));
#2805 = ORIENTED_EDGE('',*,*,#2723,.F.);
#2806 = ORIENTED_EDGE('',*,*,#1665,.F.);
#2807 = ORIENTED_EDGE('',*,*,#2808,.T.);
#2808 = EDGE_CURVE('',#1666,#2809,#2811,.T.);
#2809 = VERTEX_POINT('',#2810);
#2810 = CARTESIAN_POINT('',(26.787239171909,23.119920788181,123.65));
#2811 = SURFACE_CURVE('',#2812,(#2846,#2853),.PCURVE_S1.);
#2812 = ( BOUNDED_CURVE() B_SPLINE_CURVE(3,(#2813,#2814,#2815,#2816,
    #2817,#2818,#2819,#2820,#2821,#2822,#2823,#2824,#2825,#2826,#2827,
    #2828,#2829,#2830,#2831,#2832,#2833,#2834,#2835,#2836,#2837,#2838,
    #2839,#2840,#2841,#2842,#2843,#2844,#2845),.UNSPECIFIED.,.F.,.F.) 
B_SPLINE_CURVE_WITH_KNOTS((4,1,1,1,1,1,1,1,1,1,1,1,1,1,1,1,1,1,1,1,1,1,1
    ,1,1,1,1,1,1,1,4),(0.,3.068165821138E-02,6.601269782959E-02,
    9.830800907E-02,0.127216197096,0.157262707878,0.188138205668,
    0.219565799738,0.251333925196,0.283659313393,0.31744062664,
    0.35073174851,0.384111710396,0.417581465102,0.45114195778,
    0.484794125941,0.51853889945,0.552377200543,0.586309943827,
    0.620338036294,0.654462377335,0.688683858749,0.723003364765,
    0.757421772058,0.791939949764,0.826558759507,0.861279055419,
0.896101684163,0.931027484962,0.96605728962,1.),.UNSPECIFIED.) CURVE() 
GEOMETRIC_REPRESENTATION_ITEM() RATIONAL_B_SPLINE_CURVE((1.,
    1.000000000002,0.999999999999,1.,1.,1.,1.,1.,1.,1.,1.,1.,1.,1.,1.,1.
    ,1.,1.,1.,1.,1.,1.,1.,1.,1.,1.,1.,1.,0.999999999999,1.000000000003,
0.999999999988,1.000000000025,1.)) REPRESENTATION_ITEM('') );
#2813 = CARTESIAN_POINT('',(0.486770156014,-13.80641007378,
    -10.11982966802));
#2814 = CARTESIAN_POINT('',(1.883002118767,-19.49457188165,
    -12.85547423447));
#2815 = CARTESIAN_POINT('',(1.224389128407,-10.88742910968,
    -2.952170729409));
#2816 = CARTESIAN_POINT('',(2.486598600151,-13.4345156039,2.074211451366
    ));
#2817 = CARTESIAN_POINT('',(5.245533013671,-19.30586803602,
    3.324693262476));
#2818 = CARTESIAN_POINT('',(7.843564408149,-20.99590426352,
    6.627972299613));
#2819 = CARTESIAN_POINT('',(10.435237947509,-22.36083596189,
    10.293545432463));
#2820 = CARTESIAN_POINT('',(12.98260525691,-22.7753654654,
    14.436104726298));
#2821 = CARTESIAN_POINT('',(15.380493415589,-22.54941904799,
    18.810975887307));
#2822 = CARTESIAN_POINT('',(17.590877893373,-21.75455685432,
    23.338395863153));
#2823 = CARTESIAN_POINT('',(19.3476015781,-20.26504486692,
    28.043852332174));
#2824 = CARTESIAN_POINT('',(21.207869468766,-19.03600952764,
    33.366718058391));
#2825 = CARTESIAN_POINT('',(22.987402741335,-17.45737775251,
    38.364162653567));
#2826 = CARTESIAN_POINT('',(24.644837651563,-15.7693152465,
    43.430315313796));
#2827 = CARTESIAN_POINT('',(26.176190299988,-13.91444940216,
    48.470245820927));
#2828 = CARTESIAN_POINT('',(27.567014843373,-11.91743807501,
    53.517229585308));
#2829 = CARTESIAN_POINT('',(28.803807861632,-9.784976827824,
    58.562314412655));
#2830 = CARTESIAN_POINT('',(29.87384501363,-7.530187940271,
    63.607908825541));
#2831 = CARTESIAN_POINT('',(30.765369393824,-5.165977578964,
    68.653364824306));
#2832 = CARTESIAN_POINT('',(31.467678747235,-2.706728785999,
    73.698856747151));
#2833 = CARTESIAN_POINT('',(31.971232273316,-0.167739349143,
    78.744337770558));
#2834 = CARTESIAN_POINT('',(32.267743251383,2.434745455475,
    83.78982021861));
#2835 = CARTESIAN_POINT('',(32.350266189834,5.083670873322,
    88.835301850638));
#2836 = CARTESIAN_POINT('',(32.213272654532,7.761276313018,
    93.880779285128));
#2837 = CARTESIAN_POINT('',(31.852725839956,10.449212510732,
    98.926268414461));
#2838 = CARTESIAN_POINT('',(31.266115048651,13.128682289357,
    103.97170885322));
#2839 = CARTESIAN_POINT('',(30.452592014771,15.780511356699,
    109.01732721786));
#2840 = CARTESIAN_POINT('',(29.412674501404,18.385509699301,
    114.06227402731));
#2841 = CARTESIAN_POINT('',(28.149518593084,20.923763924396,
    119.10973365218));
#2842 = CARTESIAN_POINT('',(26.664255285493,23.377953706338,
    124.14776911856));
#2843 = CARTESIAN_POINT('',(24.992697185323,25.695013584798,
    129.16358721253));
#2844 = CARTESIAN_POINT('',(23.732522858066,27.1634231264,
    132.39837068759));
#2845 = CARTESIAN_POINT('',(23.019608219251,27.905929164104,
    133.73002152875));
#2846 = PCURVE('',#1739,#2847);
#2847 = DEFINITIONAL_REPRESENTATION('',(#2848),#2852);
#2848 = LINE('',#2849,#2850);
#2849 = CARTESIAN_POINT('',(25.,0.));
#2850 = VECTOR('',#2851,1.);
#2851 = DIRECTION('',(0.,1.));
#2852 = ( GEOMETRIC_REPRESENTATION_CONTEXT(2) 
PARAMETRIC_REPRESENTATION_CONTEXT() REPRESENTATION_CONTEXT('2D SPACE',''
  ) );
#2853 = PCURVE('',#1936,#2854);
#2854 = DEFINITIONAL_REPRESENTATION('',(#2855),#2859);
#2855 = LINE('',#2856,#2857);
#2856 = CARTESIAN_POINT('',(25.,0.));
#2857 = VECTOR('',#2858,1.);
#2858 = DIRECTION('',(0.,1.));
#2859 = ( GEOMETRIC_REPRESENTATION_CONTEXT(2) 
PARAMETRIC_REPRESENTATION_CONTEXT() REPRESENTATION_CONTEXT('2D SPACE',''
  ) );
#2860 = ORIENTED_EDGE('',*,*,#2861,.T.);
#2861 = EDGE_CURVE('',#2809,#2724,#2862,.T.);
#2862 = SURFACE_CURVE('',#2863,(#2869,#2878),.PCURVE_S1.);
#2863 = B_SPLINE_CURVE_WITH_KNOTS('',4,(#2864,#2865,#2866,#2867,#2868),
  .UNSPECIFIED.,.F.,.F.,(5,5),(0.,1.),.PIECEWISE_BEZIER_KNOTS.);
#2864 = CARTESIAN_POINT('',(26.787239171909,23.119920788181,123.65));
#2865 = CARTESIAN_POINT('',(28.961848113389,22.447435973173,123.65));
#2866 = CARTESIAN_POINT('',(31.140069740556,21.786566402441,123.65));
#2867 = CARTESIAN_POINT('',(33.321824673177,21.137384374626,123.65));
#2868 = CARTESIAN_POINT('',(35.507041555162,20.5,123.65));
#2869 = PCURVE('',#1739,#2870);
#2870 = DEFINITIONAL_REPRESENTATION('',(#2871),#2877);
#2871 = B_SPLINE_CURVE_WITH_KNOTS('',4,(#2872,#2873,#2874,#2875,#2876),
  .UNSPECIFIED.,.F.,.F.,(5,5),(0.,1.),.PIECEWISE_BEZIER_KNOTS.);
#2872 = CARTESIAN_POINT('',(25.,0.927594267825));
#2873 = CARTESIAN_POINT('',(24.749728356384,0.928450544901));
#2874 = CARTESIAN_POINT('',(24.49963759789,0.929307909569));
#2875 = CARTESIAN_POINT('',(24.249728013633,0.930166736022));
#2876 = CARTESIAN_POINT('',(24.,0.931027484962));
#2877 = ( GEOMETRIC_REPRESENTATION_CONTEXT(2) 
PARAMETRIC_REPRESENTATION_CONTEXT() REPRESENTATION_CONTEXT('2D SPACE',''
  ) );
#2878 = PCURVE('',#107,#2879);
#2879 = DEFINITIONAL_REPRESENTATION('',(#2880),#2886);
#2880 = B_SPLINE_CURVE_WITH_KNOTS('',4,(#2881,#2882,#2883,#2884,#2885),
  .UNSPECIFIED.,.F.,.F.,(5,5),(0.,1.),.PIECEWISE_BEZIER_KNOTS.);
#2881 = CARTESIAN_POINT('',(26.787239171909,23.119920788181));
#2882 = CARTESIAN_POINT('',(28.961848113389,22.447435973173));
#2883 = CARTESIAN_POINT('',(31.140069740556,21.786566402441));
#2884 = CARTESIAN_POINT('',(33.321824673177,21.137384374626));
#2885 = CARTESIAN_POINT('',(35.507041555162,20.5));
#2886 = ( GEOMETRIC_REPRESENTATION_CONTEXT(2) 
PARAMETRIC_REPRESENTATION_CONTEXT() REPRESENTATION_CONTEXT('2D SPACE',''
  ) );
#2887 = ADVANCED_FACE('',(#2888),#1936,.F.);
#2888 = FACE_BOUND('',#2889,.F.);
#2889 = EDGE_LOOP('',(#2890,#2891,#2892,#2945,#3042));
#2890 = ORIENTED_EDGE('',*,*,#2808,.F.);
#2891 = ORIENTED_EDGE('',*,*,#1842,.F.);
#2892 = ORIENTED_EDGE('',*,*,#2893,.T.);
#2893 = EDGE_CURVE('',#1843,#2894,#2896,.T.);
#2894 = VERTEX_POINT('',#2895);
#2895 = CARTESIAN_POINT('',(28.476208313831,28.476208313831,
    115.45998695978));
#2896 = SURFACE_CURVE('',#2897,(#2931,#2938),.PCURVE_S1.);
#2897 = ( BOUNDED_CURVE() B_SPLINE_CURVE(3,(#2898,#2899,#2900,#2901,
    #2902,#2903,#2904,#2905,#2906,#2907,#2908,#2909,#2910,#2911,#2912,
    #2913,#2914,#2915,#2916,#2917,#2918,#2919,#2920,#2921,#2922,#2923,
    #2924,#2925,#2926,#2927,#2928,#2929,#2930),.UNSPECIFIED.,.F.,.F.) 
B_SPLINE_CURVE_WITH_KNOTS((4,1,1,1,1,1,1,1,1,1,1,1,1,1,1,1,1,1,1,1,1,1,1
    ,1,1,1,1,1,1,1,4),(0.,3.068165821138E-02,6.601269782959E-02,
    9.830800907E-02,0.127216197096,0.157262707878,0.188138205668,
    0.219565799738,0.251333925196,0.283659313393,0.31744062664,
    0.35073174851,0.384111710396,0.417581465102,0.45114195778,
    0.484794125941,0.51853889945,0.552377200543,0.586309943827,
    0.620338036294,0.654462377335,0.688683858749,0.723003364765,
    0.757421772058,0.791939949764,0.826558759507,0.861279055419,
0.896101684163,0.931027484962,0.96605728962,1.),.UNSPECIFIED.) CURVE() 
GEOMETRIC_REPRESENTATION_ITEM() RATIONAL_B_SPLINE_CURVE((1.,
    1.000000000002,0.999999999999,1.,1.,1.,1.,1.,1.,1.,1.,1.,1.,1.,1.,1.
    ,1.,1.,1.,1.,1.,1.,1.,1.,1.,1.,1.,1.,0.999999999999,1.000000000003,
0.999999999988,1.000000000025,1.)) REPRESENTATION_ITEM('') );
#2898 = CARTESIAN_POINT('',(3.672433332076,-15.57283639615,
    -10.11982966802));
#2899 = CARTESIAN_POINT('',(5.326764520871,-19.3539440116,
    -13.20549020304));
#2900 = CARTESIAN_POINT('',(4.538612018888,-13.47849825161,
    -2.349153047964));
#2901 = CARTESIAN_POINT('',(5.567404709938,-13.92849553021,
    0.402167973074));
#2902 = CARTESIAN_POINT('',(9.316809877233,-18.76174725762,
    0.556268184895));
#2903 = CARTESIAN_POINT('',(13.164874554042,-21.35462440832,
    4.338199718794));
#2904 = CARTESIAN_POINT('',(16.555705320808,-22.56907858783,
    8.389705231602));
#2905 = CARTESIAN_POINT('',(19.709136481721,-22.73911970087,
    13.012356568386));
#2906 = CARTESIAN_POINT('',(22.482204922049,-22.06039144583,
    17.855593946091));
#2907 = CARTESIAN_POINT('',(24.881753131478,-20.72647744463,
    22.862616673986));
#2908 = CARTESIAN_POINT('',(26.560869249874,-18.65052302322,
    28.032637662535));
#2909 = CARTESIAN_POINT('',(28.367901849734,-16.81699757013,
    32.865744682983));
#2910 = CARTESIAN_POINT('',(30.038869425751,-14.62799998715,
    37.987629462079));
#2911 = CARTESIAN_POINT('',(31.537266214111,-12.33613903384,
    43.013612385695));
#2912 = CARTESIAN_POINT('',(32.857347294018,-9.885055120206,
    48.057464389687));
#2913 = CARTESIAN_POINT('',(33.985136516798,-7.303892120779,
    53.096507709553));
#2914 = CARTESIAN_POINT('',(34.907662797138,-4.603867594375,
    58.136843432611));
#2915 = CARTESIAN_POINT('',(35.613216874792,-1.802598507978,
    63.176830119094));
#2916 = CARTESIAN_POINT('',(36.091427817807,1.082568164619,
    68.21690940437));
#2917 = CARTESIAN_POINT('',(36.333377696861,4.032899185002,
    73.256962481845));
#2918 = CARTESIAN_POINT('',(36.331694532776,7.028871120653,
    78.297021288927));
#2919 = CARTESIAN_POINT('',(36.080638316291,10.050171927703,
    83.337077385979));
#2920 = CARTESIAN_POINT('',(35.576175850174,13.075872382816,
    88.377132512319));
#2921 = CARTESIAN_POINT('',(34.816041758911,16.08456262025,
    93.417188239103));
#2922 = CARTESIAN_POINT('',(33.799796252446,19.054499861812,
    98.457236548315));
#2923 = CARTESIAN_POINT('',(32.52883590576,21.963782709478,
    103.49730811583));
#2924 = CARTESIAN_POINT('',(31.006519113739,24.790437446275,
    108.53728784062));
#2925 = CARTESIAN_POINT('',(29.237798043279,27.512854430186,
    113.57760725616));
#2926 = CARTESIAN_POINT('',(27.230635148795,30.108923207337,
    118.61664877333));
#2927 = CARTESIAN_POINT('',(24.990663581759,32.56005198627,
    123.66047617316));
#2928 = CARTESIAN_POINT('',(22.568889263487,34.811054202384,
    128.62935510852));
#2929 = CARTESIAN_POINT('',(20.809218224604,36.198010880258,
    131.96152364674));
#2930 = CARTESIAN_POINT('',(19.842930831233,36.899780363749,
    133.73002152875));
#2931 = PCURVE('',#1936,#2932);
#2932 = DEFINITIONAL_REPRESENTATION('',(#2933),#2937);
#2933 = LINE('',#2934,#2935);
#2934 = CARTESIAN_POINT('',(26.,0.));
#2935 = VECTOR('',#2936,1.);
#2936 = DIRECTION('',(0.,1.));
#2937 = ( GEOMETRIC_REPRESENTATION_CONTEXT(2) 
PARAMETRIC_REPRESENTATION_CONTEXT() REPRESENTATION_CONTEXT('2D SPACE',''
  ) );
#2938 = PCURVE('',#2111,#2939);
#2939 = DEFINITIONAL_REPRESENTATION('',(#2940),#2944);
#2940 = LINE('',#2941,#2942);
#2941 = CARTESIAN_POINT('',(26.,0.));
#2942 = VECTOR('',#2943,1.);
#2943 = DIRECTION('',(0.,1.));
#2944 = ( GEOMETRIC_REPRESENTATION_CONTEXT(2) 
PARAMETRIC_REPRESENTATION_CONTEXT() REPRESENTATION_CONTEXT('2D SPACE',''
  ) );
#2945 = ORIENTED_EDGE('',*,*,#2946,.T.);
#2946 = EDGE_CURVE('',#2894,#2947,#2949,.T.);
#2947 = VERTEX_POINT('',#2948);
#2948 = CARTESIAN_POINT('',(26.204676362661,26.20467636266,123.65));
#2949 = SURFACE_CURVE('',#2950,(#2977,#3007),.PCURVE_S1.);
#2950 = B_SPLINE_CURVE_WITH_KNOTS('',7,(#2951,#2952,#2953,#2954,#2955,
    #2956,#2957,#2958,#2959,#2960,#2961,#2962,#2963,#2964,#2965,#2966,
    #2967,#2968,#2969,#2970,#2971,#2972,#2973,#2974,#2975,#2976),
  .UNSPECIFIED.,.F.,.F.,(8,6,6,6,8),(0.,0.236921411445,0.482142826777,
    0.953507580996,1.),.UNSPECIFIED.);
#2951 = CARTESIAN_POINT('',(28.476208313831,28.476208313831,
    115.45998695978));
#2952 = CARTESIAN_POINT('',(28.386309363332,28.386309363332,
    115.72933014839));
#2953 = CARTESIAN_POINT('',(28.297482910916,28.297482910916,
    115.99940180304));
#2954 = CARTESIAN_POINT('',(28.209723346263,28.209723346263,
    116.27018538639));
#2955 = CARTESIAN_POINT('',(28.123024633127,28.123024633127,
    116.54166449271));
#2956 = CARTESIAN_POINT('',(28.037380309328,28.037380309328,
    116.81382284783));
#2957 = CARTESIAN_POINT('',(27.952783486758,27.952783486758,
    117.08664430916));
#2958 = CARTESIAN_POINT('',(27.782742998936,27.782742998936,
    117.64316177244));
#2959 = CARTESIAN_POINT('',(27.697373854209,27.697373854209,
    117.92690399057));
#2960 = CARTESIAN_POINT('',(27.613109350821,27.613109350821,
    118.21132090551));
#2961 = CARTESIAN_POINT('',(27.529946488301,27.529946488301,
    118.49639798026));
#2962 = CARTESIAN_POINT('',(27.447868172591,27.447868172591,
    118.78211364103));
#2963 = CARTESIAN_POINT('',(27.366870812898,27.366870812898,
    119.06845368514));
#2964 = CARTESIAN_POINT('',(27.13332341964,27.13332341964,
    119.90698031349));
#2965 = CARTESIAN_POINT('',(26.983671604141,26.983671604141,
    120.46081071961));
#2966 = CARTESIAN_POINT('',(26.837953673608,26.837953673608,
    121.01679323351));
#2967 = CARTESIAN_POINT('',(26.696136961088,26.696136961088,
    121.57483303492));
#2968 = CARTESIAN_POINT('',(26.55819410884,26.55819410884,
    122.13484153577));
#2969 = CARTESIAN_POINT('',(26.424101103973,26.424101103973,
    122.6967353646));
#2970 = CARTESIAN_POINT('',(26.280986725742,26.280986725742,
    123.31603512954));
#2971 = CARTESIAN_POINT('',(26.26817537219,26.26817537219,
    123.37165247312));
#2972 = CARTESIAN_POINT('',(26.255401231828,26.255401231828,
    123.42728730567));
#2973 = CARTESIAN_POINT('',(26.242664283209,26.242664283209,
    123.48293955101));
#2974 = CARTESIAN_POINT('',(26.229964505033,26.229964505033,
    123.53860913283));
#2975 = CARTESIAN_POINT('',(26.21730187615,26.21730187615,
    123.59429597469));
#2976 = CARTESIAN_POINT('',(26.204676375561,26.204676375561,123.65));
#2977 = PCURVE('',#1936,#2978);
#2978 = DEFINITIONAL_REPRESENTATION('',(#2979),#3006);
#2979 = B_SPLINE_CURVE_WITH_KNOTS('',7,(#2980,#2981,#2982,#2983,#2984,
    #2985,#2986,#2987,#2988,#2989,#2990,#2991,#2992,#2993,#2994,#2995,
    #2996,#2997,#2998,#2999,#3000,#3001,#3002,#3003,#3004,#3005),
  .UNSPECIFIED.,.F.,.F.,(8,6,6,6,8),(0.,0.236921411445,0.482142826777,
    0.953507580996,1.),.UNSPECIFIED.);
#2980 = CARTESIAN_POINT('',(26.,0.874326741685));
#2981 = CARTESIAN_POINT('',(25.975589119817,0.87610490971));
#2982 = CARTESIAN_POINT('',(25.951316810788,0.877888733932));
#2983 = CARTESIAN_POINT('',(25.927182207712,0.879678098303));
#2984 = CARTESIAN_POINT('',(25.903184348066,0.881472891765));
#2985 = CARTESIAN_POINT('',(25.879322172005,0.883273008253));
#2986 = CARTESIAN_POINT('',(25.855594522364,0.88507834669));
#2987 = CARTESIAN_POINT('',(25.807579191477,0.888762700801));
#2988 = CARTESIAN_POINT('',(25.78330107096,0.890642083391));
#2989 = CARTESIAN_POINT('',(25.759164083696,0.892526840631));
#2990 = CARTESIAN_POINT('',(25.735167572319,0.894416911191));
#2991 = CARTESIAN_POINT('',(25.711308730322,0.896312137876));
#2992 = CARTESIAN_POINT('',(25.687586620176,0.898212494958));
#2993 = CARTESIAN_POINT('',(25.618662670366,0.90378044635));
#2994 = CARTESIAN_POINT('',(25.573826717173,0.907461617998));
#2995 = CARTESIAN_POINT('',(25.529485161595,0.911160813003));
#2996 = CARTESIAN_POINT('',(25.48563323931,0.914877212106));
#2997 = CARTESIAN_POINT('',(25.442268477155,0.918609761685));
#2998 = CARTESIAN_POINT('',(25.399390466569,0.922357165067));
#2999 = CARTESIAN_POINT('',(25.352819574058,0.926488806204));
#3000 = CARTESIAN_POINT('',(25.348643253371,0.926859867977));
#3001 = CARTESIAN_POINT('',(25.344471687701,0.927231057678));
#3002 = CARTESIAN_POINT('',(25.340304883707,0.927602373802));
#3003 = CARTESIAN_POINT('',(25.336142841965,0.927973814811));
#3004 = CARTESIAN_POINT('',(25.33198555697,0.928345379134));
#3005 = CARTESIAN_POINT('',(25.327833017133,0.928717065162));
#3006 = ( GEOMETRIC_REPRESENTATION_CONTEXT(2) 
PARAMETRIC_REPRESENTATION_CONTEXT() REPRESENTATION_CONTEXT('2D SPACE',''
  ) );
#3007 = PCURVE('',#3008,#3013);
#3008 = PLANE('',#3009);
#3009 = AXIS2_PLACEMENT_3D('',#3010,#3011,#3012);
#3010 = CARTESIAN_POINT('',(13.543894538979,13.543894538979,
    64.643065840243));
#3011 = DIRECTION('',(-0.707106781187,0.707106781187,0.));
#3012 = DIRECTION('',(0.707106781187,0.707106781187,0.));
#3013 = DEFINITIONAL_REPRESENTATION('',(#3014),#3041);
#3014 = B_SPLINE_CURVE_WITH_KNOTS('',7,(#3015,#3016,#3017,#3018,#3019,
    #3020,#3021,#3022,#3023,#3024,#3025,#3026,#3027,#3028,#3029,#3030,
    #3031,#3032,#3033,#3034,#3035,#3036,#3037,#3038,#3039,#3040),
  .UNSPECIFIED.,.F.,.F.,(8,6,6,6,8),(0.,0.236921411445,0.482142826777,
    0.953507580996,1.),.UNSPECIFIED.);
#3015 = CARTESIAN_POINT('',(21.117480658006,-50.81692111953));
#3016 = CARTESIAN_POINT('',(20.990344342968,-51.08626430815));
#3017 = CARTESIAN_POINT('',(20.864724769262,-51.3563359628));
#3018 = CARTESIAN_POINT('',(20.740614002703,-51.62711954615));
#3019 = CARTESIAN_POINT('',(20.618003506745,-51.89859865247));
#3020 = CARTESIAN_POINT('',(20.496884142488,-52.17075700758));
#3021 = CARTESIAN_POINT('',(20.377246168677,-52.44357846892));
#3022 = CARTESIAN_POINT('',(20.136772604645,-53.0000959322));
#3023 = CARTESIAN_POINT('',(20.016042402364,-53.28383815033));
#3024 = CARTESIAN_POINT('',(19.896874398847,-53.56825506526));
#3025 = CARTESIAN_POINT('',(19.779264350785,-53.85333214002));
#3026 = CARTESIAN_POINT('',(19.663188083532,-54.13904780079));
#3027 = CARTESIAN_POINT('',(19.548640518937,-54.42538784489));
#3028 = CARTESIAN_POINT('',(19.218354627935,-55.26391447325));
#3029 = CARTESIAN_POINT('',(19.006715000823,-55.81774487937));
#3030 = CARTESIAN_POINT('',(18.800638727182,-56.37372739327));
#3031 = CARTESIAN_POINT('',(18.600079608965,-56.93176719467));
#3032 = CARTESIAN_POINT('',(18.404998956484,-57.49177569552));
#3033 = CARTESIAN_POINT('',(18.215362810381,-58.05366952435));
#3034 = CARTESIAN_POINT('',(18.012968515716,-58.67296928929));
#3035 = CARTESIAN_POINT('',(17.99485052577,-58.72858663287));
#3036 = CARTESIAN_POINT('',(17.976785163223,-58.78422146542));
#3037 = CARTESIAN_POINT('',(17.958772397743,-58.83987371077));
#3038 = CARTESIAN_POINT('',(17.940812199207,-58.89554329259));
#3039 = CARTESIAN_POINT('',(17.922904537706,-58.95123013444));
#3040 = CARTESIAN_POINT('',(17.905049383541,-59.00693415975));
#3041 = ( GEOMETRIC_REPRESENTATION_CONTEXT(2) 
PARAMETRIC_REPRESENTATION_CONTEXT() REPRESENTATION_CONTEXT('2D SPACE',''
  ) );
#3042 = ORIENTED_EDGE('',*,*,#3043,.T.);
#3043 = EDGE_CURVE('',#2947,#2809,#3044,.T.);
#3044 = SURFACE_CURVE('',#3045,(#3051,#3060),.PCURVE_S1.);
#3045 = B_SPLINE_CURVE_WITH_KNOTS('',4,(#3046,#3047,#3048,#3049,#3050),
  .UNSPECIFIED.,.F.,.F.,(5,5),(0.,1.),.PIECEWISE_BEZIER_KNOTS.);
#3046 = CARTESIAN_POINT('',(24.959218589358,32.527486951941,123.65));
#3047 = CARTESIAN_POINT('',(25.434687821446,30.179201403002,123.65));
#3048 = CARTESIAN_POINT('',(25.897815453742,27.82843888357,123.65));
#3049 = CARTESIAN_POINT('',(26.348658494006,25.475311232973,123.65));
#3050 = CARTESIAN_POINT('',(26.787239171909,23.119920788181,123.65));
#3051 = PCURVE('',#1936,#3052);
#3052 = DEFINITIONAL_REPRESENTATION('',(#3053),#3059);
#3053 = B_SPLINE_CURVE_WITH_KNOTS('',4,(#3054,#3055,#3056,#3057,#3058),
  .UNSPECIFIED.,.F.,.F.,(5,5),(0.,1.),.PIECEWISE_BEZIER_KNOTS.);
#3054 = CARTESIAN_POINT('',(26.,0.931027484962));
#3055 = CARTESIAN_POINT('',(25.750301864692,0.930166839005));
#3056 = CARTESIAN_POINT('',(25.500398299606,0.929308032704));
#3057 = CARTESIAN_POINT('',(25.250295897578,0.928450627883));
#3058 = CARTESIAN_POINT('',(25.,0.927594267825));
#3059 = ( GEOMETRIC_REPRESENTATION_CONTEXT(2) 
PARAMETRIC_REPRESENTATION_CONTEXT() REPRESENTATION_CONTEXT('2D SPACE',''
  ) );
#3060 = PCURVE('',#107,#3061);
#3061 = DEFINITIONAL_REPRESENTATION('',(#3062),#3068);
#3062 = B_SPLINE_CURVE_WITH_KNOTS('',4,(#3063,#3064,#3065,#3066,#3067),
  .UNSPECIFIED.,.F.,.F.,(5,5),(0.,1.),.PIECEWISE_BEZIER_KNOTS.);
#3063 = CARTESIAN_POINT('',(24.959218589358,32.527486951941));
#3064 = CARTESIAN_POINT('',(25.434687821446,30.179201403002));
#3065 = CARTESIAN_POINT('',(25.897815453742,27.82843888357));
#3066 = CARTESIAN_POINT('',(26.348658494006,25.475311232973));
#3067 = CARTESIAN_POINT('',(26.787239171909,23.119920788181));
#3068 = ( GEOMETRIC_REPRESENTATION_CONTEXT(2) 
PARAMETRIC_REPRESENTATION_CONTEXT() REPRESENTATION_CONTEXT('2D SPACE',''
  ) );
#3069 = ADVANCED_FACE('',(#3070),#3008,.T.);
#3070 = FACE_BOUND('',#3071,.T.);
#3071 = EDGE_LOOP('',(#3072,#3096,#3330,#3492,#3699,#3876,#4089,#4236,
    #4383,#4518,#4598,#4664,#4665,#4687));
#3072 = ORIENTED_EDGE('',*,*,#3073,.F.);
#3073 = EDGE_CURVE('',#3074,#3076,#3078,.T.);
#3074 = VERTEX_POINT('',#3075);
#3075 = CARTESIAN_POINT('',(13.401396527934,13.401396527934,1.5));
#3076 = VERTEX_POINT('',#3077);
#3077 = CARTESIAN_POINT('',(23.075327540925,23.075327540925,1.5));
#3078 = SURFACE_CURVE('',#3079,(#3083,#3089),.PCURVE_S1.);
#3079 = LINE('',#3080,#3081);
#3080 = CARTESIAN_POINT('',(0.,0.,1.5));
#3081 = VECTOR('',#3082,1.);
#3082 = DIRECTION('',(0.707106781187,0.707106781187,0.));
#3083 = PCURVE('',#3008,#3084);
#3084 = DEFINITIONAL_REPRESENTATION('',(#3085),#3088);
#3085 = B_SPLINE_CURVE_WITH_KNOTS('',1,(#3086,#3087),.UNSPECIFIED.,.F.,
  .F.,(2,2),(0.,32.633441164577),.PIECEWISE_BEZIER_KNOTS.);
#3086 = CARTESIAN_POINT('',(-19.15395934437,63.143065840243));
#3087 = CARTESIAN_POINT('',(13.479481820202,63.143065840243));
#3088 = ( GEOMETRIC_REPRESENTATION_CONTEXT(2) 
PARAMETRIC_REPRESENTATION_CONTEXT() REPRESENTATION_CONTEXT('2D SPACE',''
  ) );
#3089 = PCURVE('',#45,#3090);
#3090 = DEFINITIONAL_REPRESENTATION('',(#3091),#3095);
#3091 = LINE('',#3092,#3093);
#3092 = CARTESIAN_POINT('',(0.,0.));
#3093 = VECTOR('',#3094,1.);
#3094 = DIRECTION('',(0.707106781187,0.707106781187));
#3095 = ( GEOMETRIC_REPRESENTATION_CONTEXT(2) 
PARAMETRIC_REPRESENTATION_CONTEXT() REPRESENTATION_CONTEXT('2D SPACE',''
  ) );
#3096 = ORIENTED_EDGE('',*,*,#3097,.T.);
#3097 = EDGE_CURVE('',#3074,#3098,#3100,.T.);
#3098 = VERTEX_POINT('',#3099);
#3099 = CARTESIAN_POINT('',(16.488146117868,16.488146117868,
    8.173592289899));
#3100 = SURFACE_CURVE('',#3101,(#3153,#3208),.PCURVE_S1.);
#3101 = B_SPLINE_CURVE_WITH_KNOTS('',8,(#3102,#3103,#3104,#3105,#3106,
    #3107,#3108,#3109,#3110,#3111,#3112,#3113,#3114,#3115,#3116,#3117,
    #3118,#3119,#3120,#3121,#3122,#3123,#3124,#3125,#3126,#3127,#3128,
    #3129,#3130,#3131,#3132,#3133,#3134,#3135,#3136,#3137,#3138,#3139,
    #3140,#3141,#3142,#3143,#3144,#3145,#3146,#3147,#3148,#3149,#3150,
    #3151,#3152),.UNSPECIFIED.,.F.,.F.,(9,7,7,7,7,7,7,9),(0.,
    0.182057490489,0.466007827051,0.682814118912,0.750649401648,
    0.802304982373,0.966532824898,1.),.UNSPECIFIED.);
#3102 = CARTESIAN_POINT('',(13.401396513783,13.401396513783,1.5));
#3103 = CARTESIAN_POINT('',(13.517881168404,13.517881168404,
    1.589120361696));
#3104 = CARTESIAN_POINT('',(13.633192043833,13.633192043833,
    1.681259804357));
#3105 = CARTESIAN_POINT('',(13.747124252162,13.747124252162,
    1.776865433361));
#3106 = CARTESIAN_POINT('',(13.859427290557,13.859427290557,
    1.876360789435));
#3107 = CARTESIAN_POINT('',(13.969787386219,13.969787386219,
    1.980170010597));
#3108 = CARTESIAN_POINT('',(14.077850730041,14.077850730041,
    2.088688850217));
#3109 = CARTESIAN_POINT('',(14.183197730273,14.183197730273,
    2.202317233471));
#3110 = CARTESIAN_POINT('',(14.444730482147,14.444730482147,
    2.507173271985));
#3111 = CARTESIAN_POINT('',(14.596343452781,14.596343452781,
    2.706132566694));
#3112 = CARTESIAN_POINT('',(14.740020846862,14.740020846862,
    2.916830424344));
#3113 = CARTESIAN_POINT('',(14.875715609407,14.875715609407,
    3.137880396029));
#3114 = CARTESIAN_POINT('',(15.003507693024,15.003507693024,
    3.367995538273));
#3115 = CARTESIAN_POINT('',(15.12359627354,15.12359627354,3.60599942081)
  );
#3116 = CARTESIAN_POINT('',(15.236300155988,15.236300155988,
    3.850826437141));
#3117 = CARTESIAN_POINT('',(15.422822679078,15.422822679078,
    4.292918414428));
#3118 = CARTESIAN_POINT('',(15.499532205492,15.499532205492,
    4.487736083631));
#3119 = CARTESIAN_POINT('',(15.572392701487,15.572392701487,
    4.685530362816));
#3120 = CARTESIAN_POINT('',(15.641642985253,15.641642985253,
    4.885898692825));
#3121 = CARTESIAN_POINT('',(15.707566372946,15.707566372946,
    5.088467833011));
#3122 = CARTESIAN_POINT('',(15.770494109767,15.770494109767,
    5.292891676249));
#3123 = CARTESIAN_POINT('',(15.830808801021,15.830808801021,
    5.498849063951));
#3124 = CARTESIAN_POINT('',(15.907138636139,15.907138636139,
    5.770868890981));
#3125 = CARTESIAN_POINT('',(15.92511635203,15.92511635203,5.835816665643
    ));
#3126 = CARTESIAN_POINT('',(15.942894344921,15.942894344921,
    5.900875668708));
#3127 = CARTESIAN_POINT('',(15.960486502563,15.960486502563,
    5.966036735938));
#3128 = CARTESIAN_POINT('',(15.977907246403,15.977907246403,
    6.031290795201));
#3129 = CARTESIAN_POINT('',(15.995171531585,15.995171531585,
    6.096628866472));
#3130 = CARTESIAN_POINT('',(16.012294846953,16.012294846953,
    6.162042061837));
#3131 = CARTESIAN_POINT('',(16.042237225002,16.042237225002,
    6.277383289944));
#3132 = CARTESIAN_POINT('',(16.055108305363,16.055108305363,
    6.327283707861));
#3133 = CARTESIAN_POINT('',(16.067919099368,16.067919099368,
    6.377216048979));
#3134 = CARTESIAN_POINT('',(16.080654926133,16.080654926133,
    6.427187601749));
#3135 = CARTESIAN_POINT('',(16.093331324713,16.093331324713,
    6.477190149277));
#3136 = CARTESIAN_POINT('',(16.105938782313,16.105938782313,
    6.527228382524));
#3137 = CARTESIAN_POINT('',(16.118482774971,16.118482774971,
    6.577299254977));
#3138 = CARTESIAN_POINT('',(16.1706392305,16.1706392305,6.786697090645)
  );
#3139 = CARTESIAN_POINT('',(16.209668369143,16.209668369143,
    6.946321783566));
#3140 = CARTESIAN_POINT('',(16.248070100623,16.248070100623,
    7.106260641489));
#3141 = CARTESIAN_POINT('',(16.28586057331,16.28586057331,7.266499443311
    ));
#3142 = CARTESIAN_POINT('',(16.323051792219,16.323051792219,
    7.427026246231));
#3143 = CARTESIAN_POINT('',(16.359651483091,16.359651483091,
    7.587831453405));
#3144 = CARTESIAN_POINT('',(16.395662956456,16.395662956456,
    7.748907881585));
#3145 = CARTESIAN_POINT('',(16.438303448004,16.438303448004,
    7.943130105407));
#3146 = CARTESIAN_POINT('',(16.445497442421,16.445497442421,
    7.976020435273));
#3147 = CARTESIAN_POINT('',(16.452666943986,16.452666943986,
    8.00892177426));
#3148 = CARTESIAN_POINT('',(16.459811933762,16.459811933762,
    8.041834081514));
#3149 = CARTESIAN_POINT('',(16.466932384859,16.466932384859,
    8.074757319428));
#3150 = CARTESIAN_POINT('',(16.474028262434,16.474028262434,
    8.107691453654));
#3151 = CARTESIAN_POINT('',(16.481099523688,16.481099523688,
    8.140636453092));
#3152 = CARTESIAN_POINT('',(16.488146117868,16.488146117868,
    8.173592289899));
#3153 = PCURVE('',#3008,#3154);
#3154 = DEFINITIONAL_REPRESENTATION('',(#3155),#3207);
#3155 = B_SPLINE_CURVE_WITH_KNOTS('',8,(#3156,#3157,#3158,#3159,#3160,
    #3161,#3162,#3163,#3164,#3165,#3166,#3167,#3168,#3169,#3170,#3171,
    #3172,#3173,#3174,#3175,#3176,#3177,#3178,#3179,#3180,#3181,#3182,
    #3183,#3184,#3185,#3186,#3187,#3188,#3189,#3190,#3191,#3192,#3193,
    #3194,#3195,#3196,#3197,#3198,#3199,#3200,#3201,#3202,#3203,#3204,
    #3205,#3206),.UNSPECIFIED.,.F.,.F.,(9,7,7,7,7,7,7,9),(0.,
    0.182057490489,0.466007827051,0.682814118912,0.750649401648,
    0.802304982373,0.966532824898,1.),.UNSPECIFIED.);
#3156 = CARTESIAN_POINT('',(-0.201522639843,63.143065840243));
#3157 = CARTESIAN_POINT('',(-3.678846147101E-02,63.053945478547));
#3158 = CARTESIAN_POINT('',(0.126285742451,62.961806035886));
#3159 = CARTESIAN_POINT('',(0.28741021666,62.866200406883));
#3160 = CARTESIAN_POINT('',(0.446230696655,62.766705050808));
#3161 = CARTESIAN_POINT('',(0.602303440683,62.662895829646));
#3162 = CARTESIAN_POINT('',(0.755128087112,62.554376990026));
#3163 = CARTESIAN_POINT('',(0.904111243596,62.440748606772));
#3164 = CARTESIAN_POINT('',(1.273974408301,62.135892568258));
#3165 = CARTESIAN_POINT('',(1.488387527604,61.936933273549));
#3166 = CARTESIAN_POINT('',(1.691578046919,61.726235415899));
#3167 = CARTESIAN_POINT('',(1.883479420453,61.505185444214));
#3168 = CARTESIAN_POINT('',(2.064204718268,61.27507030197));
#3169 = CARTESIAN_POINT('',(2.23403561752,61.037066419433));
#3170 = CARTESIAN_POINT('',(2.39342297661,60.792239403102));
#3171 = CARTESIAN_POINT('',(2.657205658452,60.350147425815));
#3172 = CARTESIAN_POINT('',(2.76568931107,60.155329756612));
#3173 = CARTESIAN_POINT('',(2.868729612668,59.957535477427));
#3174 = CARTESIAN_POINT('',(2.966664303167,59.757167147418));
#3175 = CARTESIAN_POINT('',(3.059894052121,59.554598007233));
#3176 = CARTESIAN_POINT('',(3.148887310981,59.350174163994));
#3177 = CARTESIAN_POINT('',(3.234185165363,59.144216776292));
#3178 = CARTESIAN_POINT('',(3.342131853401,58.872196949262));
#3179 = CARTESIAN_POINT('',(3.367556183034,58.8072491746));
#3180 = CARTESIAN_POINT('',(3.392698061693,58.742190171535));
#3181 = CARTESIAN_POINT('',(3.417577129621,58.677029104305));
#3182 = CARTESIAN_POINT('',(3.442213781827,58.611775045042));
#3183 = CARTESIAN_POINT('',(3.466629168077,58.546436973771));
#3184 = CARTESIAN_POINT('',(3.490845192903,58.481023778406));
#3185 = CARTESIAN_POINT('',(3.533190110029,58.365682550299));
#3186 = CARTESIAN_POINT('',(3.551392566437,58.315782132382));
#3187 = CARTESIAN_POINT('',(3.569509765065,58.265849791264));
#3188 = CARTESIAN_POINT('',(3.587520944004,58.215878238494));
#3189 = CARTESIAN_POINT('',(3.605448078797,58.165875690966));
#3190 = CARTESIAN_POINT('',(3.623277716323,58.115837457719));
#3191 = CARTESIAN_POINT('',(3.641017600865,58.065766585266));
#3192 = CARTESIAN_POINT('',(3.71477796764,57.856368749598));
#3193 = CARTESIAN_POINT('',(3.769973504837,57.696744056677));
#3194 = CARTESIAN_POINT('',(3.824281754315,57.536805198754));
#3195 = CARTESIAN_POINT('',(3.877725553316,57.376566396932));
#3196 = CARTESIAN_POINT('',(3.930321879499,57.216039594012));
#3197 = CARTESIAN_POINT('',(3.982081658708,57.055234386838));
#3198 = CARTESIAN_POINT('',(4.033009572743,56.894157958658));
#3199 = CARTESIAN_POINT('',(4.093312334196,56.699935734836));
#3200 = CARTESIAN_POINT('',(4.103486178668,56.667045404971));
#3201 = CARTESIAN_POINT('',(4.113625385016,56.634144065983));
#3202 = CARTESIAN_POINT('',(4.123729926461,56.60123175873));
#3203 = CARTESIAN_POINT('',(4.133799764973,56.568308520815));
#3204 = CARTESIAN_POINT('',(4.143834851276,56.53537438659));
#3205 = CARTESIAN_POINT('',(4.153835124845,56.502429387151));
#3206 = CARTESIAN_POINT('',(4.163800513903,56.469473550344));
#3207 = ( GEOMETRIC_REPRESENTATION_CONTEXT(2) 
PARAMETRIC_REPRESENTATION_CONTEXT() REPRESENTATION_CONTEXT('2D SPACE',''
  ) );
#3208 = PCURVE('',#3209,#3276);
#3209 = ( BOUNDED_SURFACE() B_SPLINE_SURFACE(1,3,(
    (#3210,#3211,#3212,#3213,#3214,#3215,#3216,#3217,#3218,#3219,#3220
      ,#3221,#3222,#3223,#3224,#3225,#3226,#3227,#3228,#3229,#3230,#3231
      ,#3232,#3233,#3234,#3235,#3236,#3237,#3238,#3239,#3240,#3241,#3242
      )
    ,(#3243,#3244,#3245,#3246,#3247,#3248,#3249,#3250,#3251,#3252,#3253
      ,#3254,#3255,#3256,#3257,#3258,#3259,#3260,#3261,#3262,#3263,#3264
      ,#3265,#3266,#3267,#3268,#3269,#3270,#3271,#3272,#3273,#3274,#3275
)),.UNSPECIFIED.,.F.,.F.,.F.) B_SPLINE_SURFACE_WITH_KNOTS((2,2),(4,1,1,1
    ,1,1,1,1,1,1,1,1,1,1,1,1,1,1,1,1,1,1,1,1,1,1,1,1,1,1,4),(3.,4.),(0.,
    3.068165821138E-02,6.601269782959E-02,9.830800907E-02,0.127216197096
    ,0.157262707878,0.188138205668,0.219565799738,0.251333925196,
    0.283659313393,0.31744062664,0.35073174851,0.384111710396,
    0.417581465102,0.45114195778,0.484794125941,0.51853889945,
    0.552377200543,0.586309943827,0.620338036294,0.654462377335,
    0.688683858749,0.723003364765,0.757421772058,0.791939949764,
    0.826558759507,0.861279055419,0.896101684163,0.931027484962,
0.96605728962,1.),.UNSPECIFIED.) GEOMETRIC_REPRESENTATION_ITEM() 
RATIONAL_B_SPLINE_SURFACE((
    (1.,1.000000000002,0.999999999999,1.,1.,1.,1.,1.,1.,1.,1.,1.,1.,1.
      ,1.,1.,1.,1.,1.,1.,1.,1.,1.,1.,1.,1.,1.,1.,0.999999999999
      ,1.000000000003,0.999999999988,1.000000000025,1.)
    ,(1.,1.000000000002,0.999999999999,1.,1.,1.,1.,1.,1.,1.,1.,1.,1.,1.
      ,1.,1.,1.,1.,1.,1.,1.,1.,1.,1.,1.,1.,1.,1.,0.999999999999
      ,1.000000000003,0.999999999988,1.000000000025,1.
))) REPRESENTATION_ITEM('') SURFACE() );
#3210 = CARTESIAN_POINT('',(12.569180810552,5.733201379855,
    -10.11982966802));
#3211 = CARTESIAN_POINT('',(17.290042241336,9.1999167981,-12.85547423447
    ));
#3212 = CARTESIAN_POINT('',(9.590119482558,5.297626796491,
    -2.952170729409));
#3213 = CARTESIAN_POINT('',(11.460293908263,7.43848409582,2.074211451366
    ));
#3214 = CARTESIAN_POINT('',(15.828917757628,12.234276433232,
    3.324693262476));
#3215 = CARTESIAN_POINT('',(16.396084065939,15.281293327803,
    6.627972299613));
#3216 = CARTESIAN_POINT('',(16.665325999741,18.198024213038,
    10.293545432463));
#3217 = CARTESIAN_POINT('',(16.0734660582,20.710118305206,
    14.436104726298));
#3218 = CARTESIAN_POINT('',(14.947086716714,22.839012145711,
    18.810975887307));
#3219 = CARTESIAN_POINT('',(13.366852286015,24.576960531188,
    23.338395863153));
#3220 = CARTESIAN_POINT('',(11.318453598036,25.629950027898,
    28.043852332174));
#3221 = CARTESIAN_POINT('',(9.471079301825,26.878281994939,
    33.366718058391));
#3222 = CARTESIAN_POINT('',(7.331615814655,27.91824013674,
    38.364162653567));
#3223 = CARTESIAN_POINT('',(5.137776535382,28.803516772921,
    43.430315313796));
#3224 = CARTESIAN_POINT('',(2.838080658584,29.508475713971,
    48.470245820927));
#3225 = CARTESIAN_POINT('',(0.460837257152,30.02920689377,
    53.517229585308));
#3226 = CARTESIAN_POINT('',(-1.98260024035,30.355797059834,
    58.562314412655));
#3227 = CARTESIAN_POINT('',(-4.475239033778,30.481512132844,
    63.607908825541));
#3228 = CARTESIAN_POINT('',(-7.000656206991,30.400429124542,
    68.653364824306));
#3229 = CARTESIAN_POINT('',(-9.54146798611,30.108164592518,
    73.698856747151));
#3230 = CARTESIAN_POINT('',(-12.07988995182,29.601758196353,
    78.744337770558));
#3231 = CARTESIAN_POINT('',(-14.5977422353,28.879770802445,
    83.78982021861));
#3232 = CARTESIAN_POINT('',(-17.07661037333,27.942312185262,
    88.835301850638));
#3233 = CARTESIAN_POINT('',(-19.49797007891,26.791071421728,
    93.880779285128));
#3234 = CARTESIAN_POINT('',(-21.84332402414,25.429340949109,
    98.926268414461));
#3235 = CARTESIAN_POINT('',(-24.09434507952,23.86199455367,
    103.97170885322));
#3236 = CARTESIAN_POINT('',(-26.23299389164,22.095586223907,
    109.01732721786));
#3237 = CARTESIAN_POINT('',(-28.2417393392,20.13793801075,
    114.06227402731));
#3238 = CARTESIAN_POINT('',(-30.10339162748,17.999586281628,
    119.10973365218));
#3239 = CARTESIAN_POINT('',(-31.80238167536,15.688204141849,
    124.14776911856));
#3240 = CARTESIAN_POINT('',(-33.30338828162,13.257185398696,
    129.16358721253));
#3241 = CARTESIAN_POINT('',(-34.17777396523,11.531000126165,
    132.39837068759));
#3242 = CARTESIAN_POINT('',(-34.59093947546,10.588208124339,
    133.73002152875));
#3243 = CARTESIAN_POINT('',(12.982045416905,9.352352473758,
    -10.11982966802));
#3244 = CARTESIAN_POINT('',(15.842248213992,12.327722438869,
    -13.20549020304));
#3245 = CARTESIAN_POINT('',(10.715657038876,9.351128724656,
    -2.349153047964));
#3246 = CARTESIAN_POINT('',(10.73769839507,10.473815737813,
    0.402167973074));
#3247 = CARTESIAN_POINT('',(13.768205503005,15.78741979161,
    0.556268184895));
#3248 = CARTESIAN_POINT('',(14.691121034312,20.334819113999,
    4.338199718794));
#3249 = CARTESIAN_POINT('',(14.51551563755,23.932289751494,
    8.389705231602));
#3250 = CARTESIAN_POINT('',(13.465847281185,26.910752175025,
    13.012356568386));
#3251 = CARTESIAN_POINT('',(11.777576789289,29.212995291015,
    17.855593946091));
#3252 = CARTESIAN_POINT('',(9.626933600541,30.919421980521,
    22.862616673986));
#3253 = CARTESIAN_POINT('',(7.066431880643,31.676289631597,
    28.032637662535));
#3254 = CARTESIAN_POINT('',(4.68095380449,32.644110251474,
    32.865744682983));
#3255 = CARTESIAN_POINT('',(2.019132133496,33.350189885952,
    37.987629462079));
#3256 = CARTESIAN_POINT('',(-0.671682918641,33.857470794183,
    43.013612385695));
#3257 = CARTESIAN_POINT('',(-3.441362337582,34.139077480076,
    48.057464389687));
#3258 = CARTESIAN_POINT('',(-6.257632253586,34.193250543875,
    53.096507709553));
#3259 = CARTESIAN_POINT('',(-9.105165174217,34.012299039251,
    58.136843432611));
#3260 = CARTESIAN_POINT('',(-11.96320420435,33.592146741715,
    63.176830119094));
#3261 = CARTESIAN_POINT('',(-14.81175404611,32.929850558975,
    68.21690940437));
#3262 = CARTESIAN_POINT('',(-17.63009470015,32.024340298633,
    73.256962481845));
#3263 = CARTESIAN_POINT('',(-20.39736773247,30.876276434181,
    78.297021288927));
#3264 = CARTESIAN_POINT('',(-23.09261065502,29.488128971211,
    83.337077385979));
#3265 = CARTESIAN_POINT('',(-25.69494394898,27.864180988375,
    88.377132512319));
#3266 = CARTESIAN_POINT('',(-28.18372055591,26.010532752508,
    93.417188239103));
#3267 = CARTESIAN_POINT('',(-30.53868446769,23.935098551569,
    98.457236548315));
#3268 = CARTESIAN_POINT('',(-32.74013587706,21.647549954765,
    103.49730811583));
#3269 = CARTESIAN_POINT('',(-34.76905891875,19.159398691833,
    108.53728784062));
#3270 = CARTESIAN_POINT('',(-36.60738399901,16.483489620372,
    113.57760725616));
#3271 = CARTESIAN_POINT('',(-38.23773082143,13.635640393482,
    118.61664877333));
#3272 = CARTESIAN_POINT('',(-39.64507852418,10.628170134863,
    123.66047617316));
#3273 = CARTESIAN_POINT('',(-40.79796049067,7.529321156034,
    128.62935510852));
#3274 = CARTESIAN_POINT('',(-41.40594442505,5.372831755992,
    131.96152364674));
#3275 = CARTESIAN_POINT('',(-41.6845127109,4.211543056896,
    133.73002152875));
#3276 = DEFINITIONAL_REPRESENTATION('',(#3277),#3329);
#3277 = B_SPLINE_CURVE_WITH_KNOTS('',8,(#3278,#3279,#3280,#3281,#3282,
    #3283,#3284,#3285,#3286,#3287,#3288,#3289,#3290,#3291,#3292,#3293,
    #3294,#3295,#3296,#3297,#3298,#3299,#3300,#3301,#3302,#3303,#3304,
    #3305,#3306,#3307,#3308,#3309,#3310,#3311,#3312,#3313,#3314,#3315,
    #3316,#3317,#3318,#3319,#3320,#3321,#3322,#3323,#3324,#3325,#3326,
    #3327,#3328),.UNSPECIFIED.,.F.,.F.,(9,7,7,7,7,7,7,9),(0.,
    0.182057490489,0.466007827051,0.682814118912,0.750649401648,
    0.802304982373,0.966532824898,1.),.UNSPECIFIED.);
#3278 = CARTESIAN_POINT('',(3.69324681202,8.935436492303E-02));
#3279 = CARTESIAN_POINT('',(3.678378974805,9.048724355294E-02));
#3280 = CARTESIAN_POINT('',(3.663538988899,9.16142673082E-02));
#3281 = CARTESIAN_POINT('',(3.648683162391,9.273774151502E-02));
#3282 = CARTESIAN_POINT('',(3.633774373638,9.385941623018E-02));
#3283 = CARTESIAN_POINT('',(3.618779481912,9.498059461658E-02));
#3284 = CARTESIAN_POINT('',(3.603669543223,9.610222875394E-02));
#3285 = CARTESIAN_POINT('',(3.588417575941,9.722493592421E-02));
#3286 = CARTESIAN_POINT('',(3.54895341243,0.100102269524));
#3287 = CARTESIAN_POINT('',(3.524514310784,0.101858290182));
#3288 = CARTESIAN_POINT('',(3.49975084768,0.103616657596));
#3289 = CARTESIAN_POINT('',(3.474722797825,0.105377445343));
#3290 = CARTESIAN_POINT('',(3.449484145308,0.107141082974));
#3291 = CARTESIAN_POINT('',(3.424085258358,0.108908251698));
#3292 = CARTESIAN_POINT('',(3.398574575387,0.110679835212));
#3293 = CARTESIAN_POINT('',(3.353472543479,0.113813798189));
#3294 = CARTESIAN_POINT('',(3.33390840832,0.115173846993));
#3295 = CARTESIAN_POINT('',(3.314329110534,0.116537523975));
#3296 = CARTESIAN_POINT('',(3.294756569246,0.117905317816));
#3297 = CARTESIAN_POINT('',(3.275213272363,0.119277748652));
#3298 = CARTESIAN_POINT('',(3.255722639937,0.120655362702));
#3299 = CARTESIAN_POINT('',(3.236309387521,0.122038726903));
#3300 = CARTESIAN_POINT('',(3.210958250956,0.123863237786));
#3301 = CARTESIAN_POINT('',(3.204926809055,0.124298669139));
#3302 = CARTESIAN_POINT('',(3.198906381358,0.124734734645));
#3303 = CARTESIAN_POINT('',(3.192897812362,0.125171450741));
#3304 = CARTESIAN_POINT('',(3.186901973527,0.125608833255));
#3305 = CARTESIAN_POINT('',(3.180919763278,0.126046897404));
#3306 = CARTESIAN_POINT('',(3.174952107006,0.126485657795));
#3307 = CARTESIAN_POINT('',(3.164467481493,0.127259778916));
#3308 = CARTESIAN_POINT('',(3.159943966715,0.127594840207));
#3309 = CARTESIAN_POINT('',(3.155430184012,0.127930330646));
#3310 = CARTESIAN_POINT('',(3.150925216508,0.128266205463));
#3311 = CARTESIAN_POINT('',(3.146429998575,0.128602490732));
#3312 = CARTESIAN_POINT('',(3.141943919361,0.128939154415));
#3313 = CARTESIAN_POINT('',(3.137467287747,0.129276199638));
#3314 = CARTESIAN_POINT('',(3.118797300445,0.130686356825));
#3315 = CARTESIAN_POINT('',(3.104689404325,0.131762844746));
#3316 = CARTESIAN_POINT('',(3.090676459783,0.132842830274));
#3317 = CARTESIAN_POINT('',(3.076757996148,0.133926084472));
#3318 = CARTESIAN_POINT('',(3.062932973312,0.135012399849));
#3319 = CARTESIAN_POINT('',(3.049199811034,0.136101591764));
#3320 = CARTESIAN_POINT('',(3.035556418239,0.137193499834));
#3321 = CARTESIAN_POINT('',(3.019237672586,0.138511029919));
#3322 = CARTESIAN_POINT('',(3.01647874525,0.138734177592));
#3323 = CARTESIAN_POINT('',(3.013723418873,0.138957431194));
#3324 = CARTESIAN_POINT('',(3.010971671286,0.13918078959));
#3325 = CARTESIAN_POINT('',(3.008223479594,0.139404251684));
#3326 = CARTESIAN_POINT('',(3.005478820172,0.139627816416));
#3327 = CARTESIAN_POINT('',(3.002737668668,0.139851482762));
#3328 = CARTESIAN_POINT('',(3.,0.140075249738));
#3329 = ( GEOMETRIC_REPRESENTATION_CONTEXT(2) 
PARAMETRIC_REPRESENTATION_CONTEXT() REPRESENTATION_CONTEXT('2D SPACE',''
  ) );
#3330 = ORIENTED_EDGE('',*,*,#3331,.T.);
#3331 = EDGE_CURVE('',#3098,#3332,#3334,.T.);
#3332 = VERTEX_POINT('',#3333);
#3333 = CARTESIAN_POINT('',(22.077460378255,22.077460378255,
    17.238280111919));
#3334 = SURFACE_CURVE('',#3335,(#3363,#3394),.PCURVE_S1.);
#3335 = B_SPLINE_CURVE_WITH_KNOTS('',6,(#3336,#3337,#3338,#3339,#3340,
    #3341,#3342,#3343,#3344,#3345,#3346,#3347,#3348,#3349,#3350,#3351,
    #3352,#3353,#3354,#3355,#3356,#3357,#3358,#3359,#3360,#3361,#3362),
  .UNSPECIFIED.,.F.,.F.,(7,5,5,5,5,7),(0.,0.207036031233,0.417874638661,
    0.522994468676,0.62901241289,1.),.UNSPECIFIED.);
#3336 = CARTESIAN_POINT('',(16.488146117868,16.488146117868,
    8.173592289899));
#3337 = CARTESIAN_POINT('',(16.703954750022,16.703954750022,
    8.455340955573));
#3338 = CARTESIAN_POINT('',(16.917775755003,16.917775755003,
    8.740257085006));
#3339 = CARTESIAN_POINT('',(17.129307781767,17.129307781767,
    9.028655484366));
#3340 = CARTESIAN_POINT('',(17.338346098349,17.338346098349,
    9.320709885902));
#3341 = CARTESIAN_POINT('',(17.54473974088,17.54473974088,9.616502163669
    ));
#3342 = CARTESIAN_POINT('',(17.955836831182,17.955836831182,
    10.220967505459));
#3343 = CARTESIAN_POINT('',(18.160434047401,18.160434047401,
    10.529784701541));
#3344 = CARTESIAN_POINT('',(18.362521062814,18.362521062814,
    10.841903098319));
#3345 = CARTESIAN_POINT('',(18.562385977773,18.562385977773,
    11.156858184196));
#3346 = CARTESIAN_POINT('',(18.760291260484,18.760291260484,
    11.474257111625));
#3347 = CARTESIAN_POINT('',(19.054283106918,19.054283106918,
    11.953090301817));
#3348 = CARTESIAN_POINT('',(19.151665363031,19.151665363031,
    12.112926254161));
#3349 = CARTESIAN_POINT('',(19.248647045303,19.248647045303,
    12.273249449966));
#3350 = CARTESIAN_POINT('',(19.345254878647,19.345254878647,
    12.434023112195));
#3351 = CARTESIAN_POINT('',(19.441513629494,19.441513629494,
    12.595213899372));
#3352 = CARTESIAN_POINT('',(19.63419820213,19.63419820213,
    12.919750388741));
#3353 = CARTESIAN_POINT('',(19.730618027544,19.730618027544,
    13.083102955206));
#3354 = CARTESIAN_POINT('',(19.826731178908,19.826731178908,
    13.246816444551));
#3355 = CARTESIAN_POINT('',(19.922553159499,19.922553159499,
    13.410869748894));
#3356 = CARTESIAN_POINT('',(20.018113118059,20.018113118059,
    13.5752269565));
#3357 = CARTESIAN_POINT('',(20.446917663429,20.446917663429,
    14.316039451606));
#3358 = CARTESIAN_POINT('',(20.77729743295,20.77729743295,
    14.895789327182));
#3359 = CARTESIAN_POINT('',(21.105051998654,21.105051998654,
    15.478478370062));
#3360 = CARTESIAN_POINT('',(21.430675833304,21.430675833304,
    16.063493985928));
#3361 = CARTESIAN_POINT('',(21.754655243574,21.754655243574,
    16.650267268723));
#3362 = CARTESIAN_POINT('',(22.077460378255,22.077460378255,
    17.238280111919));
#3363 = PCURVE('',#3008,#3364);
#3364 = DEFINITIONAL_REPRESENTATION('',(#3365),#3393);
#3365 = B_SPLINE_CURVE_WITH_KNOTS('',6,(#3366,#3367,#3368,#3369,#3370,
    #3371,#3372,#3373,#3374,#3375,#3376,#3377,#3378,#3379,#3380,#3381,
    #3382,#3383,#3384,#3385,#3386,#3387,#3388,#3389,#3390,#3391,#3392),
  .UNSPECIFIED.,.F.,.F.,(7,5,5,5,5,7),(0.,0.207036031233,0.417874638661,
    0.522994468676,0.62901241289,1.),.UNSPECIFIED.);
#3366 = CARTESIAN_POINT('',(4.163800513903,56.469473550344));
#3367 = CARTESIAN_POINT('',(4.469000008372,56.18772488467));
#3368 = CARTESIAN_POINT('',(4.771388573537,55.902808755237));
#3369 = CARTESIAN_POINT('',(5.070540034662,55.614410355878));
#3370 = CARTESIAN_POINT('',(5.366164857028,55.322355954341));
#3371 = CARTESIAN_POINT('',(5.658049545484,55.026563676575));
#3372 = CARTESIAN_POINT('',(6.23942862604,54.422098334784));
#3373 = CARTESIAN_POINT('',(6.528772784041,54.113281138702));
#3374 = CARTESIAN_POINT('',(6.814566982018,53.801162741925));
#3375 = CARTESIAN_POINT('',(7.097218655395,53.486207656048));
#3376 = CARTESIAN_POINT('',(7.37709899027,53.168808728618));
#3377 = CARTESIAN_POINT('',(7.792866246724,52.689975538426));
#3378 = CARTESIAN_POINT('',(7.930585554055,52.530139586082));
#3379 = CARTESIAN_POINT('',(8.067738364425,52.369816390277));
#3380 = CARTESIAN_POINT('',(8.204362472571,52.209042728049));
#3381 = CARTESIAN_POINT('',(8.340492903517,52.047851940871));
#3382 = CARTESIAN_POINT('',(8.612990039398,51.723315451502));
#3383 = CARTESIAN_POINT('',(8.74934826418,51.559962885037));
#3384 = CARTESIAN_POINT('',(8.885272786361,51.396249395692));
#3385 = CARTESIAN_POINT('',(9.020785530887,51.232196091349));
#3386 = CARTESIAN_POINT('',(9.155927720303,51.067838883743));
#3387 = CARTESIAN_POINT('',(9.762348923972,50.327026388637));
#3388 = CARTESIAN_POINT('',(10.229576474762,49.747276513061));
#3389 = CARTESIAN_POINT('',(10.69309142671,49.164587470181));
#3390 = CARTESIAN_POINT('',(11.153593069904,48.579571854315));
#3391 = CARTESIAN_POINT('',(11.611769145838,47.99279857152));
#3392 = CARTESIAN_POINT('',(12.068284545308,47.404785728324));
#3393 = ( GEOMETRIC_REPRESENTATION_CONTEXT(2) 
PARAMETRIC_REPRESENTATION_CONTEXT() REPRESENTATION_CONTEXT('2D SPACE',''
  ) );
#3394 = PCURVE('',#3395,#3462);
#3395 = ( BOUNDED_SURFACE() B_SPLINE_SURFACE(1,3,(
    (#3396,#3397,#3398,#3399,#3400,#3401,#3402,#3403,#3404,#3405,#3406
      ,#3407,#3408,#3409,#3410,#3411,#3412,#3413,#3414,#3415,#3416,#3417
      ,#3418,#3419,#3420,#3421,#3422,#3423,#3424,#3425,#3426,#3427,#3428
      )
    ,(#3429,#3430,#3431,#3432,#3433,#3434,#3435,#3436,#3437,#3438,#3439
      ,#3440,#3441,#3442,#3443,#3444,#3445,#3446,#3447,#3448,#3449,#3450
      ,#3451,#3452,#3453,#3454,#3455,#3456,#3457,#3458,#3459,#3460,#3461
)),.UNSPECIFIED.,.F.,.F.,.F.) B_SPLINE_SURFACE_WITH_KNOTS((2,2),(4,1,1,1
    ,1,1,1,1,1,1,1,1,1,1,1,1,1,1,1,1,1,1,1,1,1,1,1,1,1,1,4),(2.,3.),(0.,
    3.068165821138E-02,6.601269782959E-02,9.830800907E-02,0.127216197096
    ,0.157262707878,0.188138205668,0.219565799738,0.251333925196,
    0.283659313393,0.31744062664,0.35073174851,0.384111710396,
    0.417581465102,0.45114195778,0.484794125941,0.51853889945,
    0.552377200543,0.586309943827,0.620338036294,0.654462377335,
    0.688683858749,0.723003364765,0.757421772058,0.791939949764,
    0.826558759507,0.861279055419,0.896101684163,0.931027484962,
0.96605728962,1.),.UNSPECIFIED.) GEOMETRIC_REPRESENTATION_ITEM() 
RATIONAL_B_SPLINE_SURFACE((
    (1.,1.000000000002,0.999999999999,1.,1.,1.,1.,1.,1.,1.,1.,1.,1.,1.
      ,1.,1.,1.,1.,1.,1.,1.,1.,1.,1.,1.,1.,1.,1.,0.999999999999
      ,1.000000000003,0.999999999988,1.000000000025,1.)
    ,(1.,1.000000000002,0.999999999999,1.,1.,1.,1.,1.,1.,1.,1.,1.,1.,1.
      ,1.,1.,1.,1.,1.,1.,1.,1.,1.,1.,1.,1.,1.,1.,0.999999999999
      ,1.000000000003,0.999999999988,1.000000000025,1.
))) REPRESENTATION_ITEM('') SURFACE() );
#3396 = CARTESIAN_POINT('',(15.572836396157,3.672433332076,
    -10.11982966802));
#3397 = CARTESIAN_POINT('',(19.353944010405,5.326764520695,
    -13.20549020304));
#3398 = CARTESIAN_POINT('',(13.47849825226,4.538612018983,
    -2.349153047964));
#3399 = CARTESIAN_POINT('',(13.928495530044,5.567404709913,
    0.402167973074));
#3400 = CARTESIAN_POINT('',(18.761747257665,9.316809877239,
    0.556268184895));
#3401 = CARTESIAN_POINT('',(21.354624408318,13.164874554041,
    4.338199718794));
#3402 = CARTESIAN_POINT('',(22.569078587837,16.555705320808,
    8.389705231602));
#3403 = CARTESIAN_POINT('',(22.739119700875,19.709136481721,
    13.012356568386));
#3404 = CARTESIAN_POINT('',(22.060391445834,22.482204922049,
    17.855593946091));
#3405 = CARTESIAN_POINT('',(20.726477444635,24.881753131478,
    22.862616673986));
#3406 = CARTESIAN_POINT('',(18.650523023222,26.560869249874,
    28.032637662535));
#3407 = CARTESIAN_POINT('',(16.816997570138,28.367901849734,
    32.865744682983));
#3408 = CARTESIAN_POINT('',(14.627999987157,30.038869425751,
    37.987629462079));
#3409 = CARTESIAN_POINT('',(12.336139033849,31.537266214111,
    43.013612385695));
#3410 = CARTESIAN_POINT('',(9.885055120206,32.857347294018,
    48.057464389687));
#3411 = CARTESIAN_POINT('',(7.303892120779,33.985136516798,
    53.096507709553));
#3412 = CARTESIAN_POINT('',(4.603867594375,34.907662797138,
    58.136843432611));
#3413 = CARTESIAN_POINT('',(1.802598507978,35.613216874792,
    63.176830119094));
#3414 = CARTESIAN_POINT('',(-1.082568164619,36.091427817807,
    68.21690940437));
#3415 = CARTESIAN_POINT('',(-4.032899185002,36.333377696861,
    73.256962481845));
#3416 = CARTESIAN_POINT('',(-7.028871120653,36.331694532776,
    78.297021288927));
#3417 = CARTESIAN_POINT('',(-10.0501719277,36.080638316291,
    83.337077385979));
#3418 = CARTESIAN_POINT('',(-13.07587238281,35.576175850174,
    88.377132512319));
#3419 = CARTESIAN_POINT('',(-16.08456262025,34.816041758911,
    93.417188239103));
#3420 = CARTESIAN_POINT('',(-19.05449986181,33.799796252447,
    98.457236548315));
#3421 = CARTESIAN_POINT('',(-21.96378270947,32.52883590576,
    103.49730811583));
#3422 = CARTESIAN_POINT('',(-24.79043744627,31.00651911374,
    108.53728784062));
#3423 = CARTESIAN_POINT('',(-27.51285443018,29.237798043276,
    113.57760725616));
#3424 = CARTESIAN_POINT('',(-30.10892320734,27.230635148805,
    118.61664877333));
#3425 = CARTESIAN_POINT('',(-32.56005198623,24.990663581721,
    123.66047617316));
#3426 = CARTESIAN_POINT('',(-34.81105420252,22.568889263629,
    128.62935510852));
#3427 = CARTESIAN_POINT('',(-36.19801087997,20.809218224308,
    131.96152364674));
#3428 = CARTESIAN_POINT('',(-36.89978036374,19.842930831233,
    133.73002152875));
#3429 = CARTESIAN_POINT('',(12.569180810552,5.733201379855,
    -10.11982966802));
#3430 = CARTESIAN_POINT('',(17.290042241336,9.1999167981,-12.85547423447
    ));
#3431 = CARTESIAN_POINT('',(9.590119482558,5.297626796491,
    -2.952170729409));
#3432 = CARTESIAN_POINT('',(11.460293908263,7.43848409582,2.074211451366
    ));
#3433 = CARTESIAN_POINT('',(15.828917757628,12.234276433232,
    3.324693262476));
#3434 = CARTESIAN_POINT('',(16.396084065939,15.281293327803,
    6.627972299613));
#3435 = CARTESIAN_POINT('',(16.665325999741,18.198024213038,
    10.293545432463));
#3436 = CARTESIAN_POINT('',(16.0734660582,20.710118305206,
    14.436104726298));
#3437 = CARTESIAN_POINT('',(14.947086716714,22.839012145711,
    18.810975887307));
#3438 = CARTESIAN_POINT('',(13.366852286015,24.576960531188,
    23.338395863153));
#3439 = CARTESIAN_POINT('',(11.318453598036,25.629950027898,
    28.043852332174));
#3440 = CARTESIAN_POINT('',(9.471079301825,26.878281994939,
    33.366718058391));
#3441 = CARTESIAN_POINT('',(7.331615814655,27.91824013674,
    38.364162653567));
#3442 = CARTESIAN_POINT('',(5.137776535382,28.803516772921,
    43.430315313796));
#3443 = CARTESIAN_POINT('',(2.838080658584,29.508475713971,
    48.470245820927));
#3444 = CARTESIAN_POINT('',(0.460837257152,30.02920689377,
    53.517229585308));
#3445 = CARTESIAN_POINT('',(-1.98260024035,30.355797059834,
    58.562314412655));
#3446 = CARTESIAN_POINT('',(-4.475239033778,30.481512132844,
    63.607908825541));
#3447 = CARTESIAN_POINT('',(-7.000656206991,30.400429124542,
    68.653364824306));
#3448 = CARTESIAN_POINT('',(-9.54146798611,30.108164592518,
    73.698856747151));
#3449 = CARTESIAN_POINT('',(-12.07988995182,29.601758196353,
    78.744337770558));
#3450 = CARTESIAN_POINT('',(-14.5977422353,28.879770802445,
    83.78982021861));
#3451 = CARTESIAN_POINT('',(-17.07661037333,27.942312185262,
    88.835301850638));
#3452 = CARTESIAN_POINT('',(-19.49797007891,26.791071421728,
    93.880779285128));
#3453 = CARTESIAN_POINT('',(-21.84332402414,25.429340949109,
    98.926268414461));
#3454 = CARTESIAN_POINT('',(-24.09434507952,23.86199455367,
    103.97170885322));
#3455 = CARTESIAN_POINT('',(-26.23299389164,22.095586223907,
    109.01732721786));
#3456 = CARTESIAN_POINT('',(-28.2417393392,20.13793801075,
    114.06227402731));
#3457 = CARTESIAN_POINT('',(-30.10339162748,17.999586281628,
    119.10973365218));
#3458 = CARTESIAN_POINT('',(-31.80238167536,15.688204141849,
    124.14776911856));
#3459 = CARTESIAN_POINT('',(-33.30338828162,13.257185398696,
    129.16358721253));
#3460 = CARTESIAN_POINT('',(-34.17777396523,11.531000126165,
    132.39837068759));
#3461 = CARTESIAN_POINT('',(-34.59093947546,10.588208124339,
    133.73002152875));
#3462 = DEFINITIONAL_REPRESENTATION('',(#3463),#3491);
#3463 = B_SPLINE_CURVE_WITH_KNOTS('',6,(#3464,#3465,#3466,#3467,#3468,
    #3469,#3470,#3471,#3472,#3473,#3474,#3475,#3476,#3477,#3478,#3479,
    #3480,#3481,#3482,#3483,#3484,#3485,#3486,#3487,#3488,#3489,#3490),
  .UNSPECIFIED.,.F.,.F.,(7,5,5,5,5,7),(0.,0.207036031233,0.417874638661,
    0.522994468676,0.62901241289,1.),.UNSPECIFIED.);
#3464 = CARTESIAN_POINT('',(3.,0.140075249738));
#3465 = CARTESIAN_POINT('',(2.963889081382,0.143034447243));
#3466 = CARTESIAN_POINT('',(2.928686723732,0.145936971811));
#3467 = CARTESIAN_POINT('',(2.89398804982,0.148798747592));
#3468 = CARTESIAN_POINT('',(2.859570737961,0.151627516203));
#3469 = CARTESIAN_POINT('',(2.825272631361,0.154428127671));
#3470 = CARTESIAN_POINT('',(2.756097810951,0.160027607588));
#3471 = CARTESIAN_POINT('',(2.721220249788,0.16282555274));
#3472 = CARTESIAN_POINT('',(2.686374426764,0.165595291123));
#3473 = CARTESIAN_POINT('',(2.651560692854,0.168336689498));
#3474 = CARTESIAN_POINT('',(2.616773085561,0.171050261126));
#3475 = CARTESIAN_POINT('',(2.564662571446,0.175076569139));
#3476 = CARTESIAN_POINT('',(2.547328990974,0.176409452342));
#3477 = CARTESIAN_POINT('',(2.529997687825,0.177735780951));
#3478 = CARTESIAN_POINT('',(2.51266702028,0.179055696777));
#3479 = CARTESIAN_POINT('',(2.495335090669,0.180369362733));
#3480 = CARTESIAN_POINT('',(2.460516291768,0.182995734687));
#3481 = CARTESIAN_POINT('',(2.443029321232,0.184308326843));
#3482 = CARTESIAN_POINT('',(2.425536994364,0.185614976126));
#3483 = CARTESIAN_POINT('',(2.408035868752,0.186915748969));
#3484 = CARTESIAN_POINT('',(2.390525008674,0.188211087325));
#3485 = CARTESIAN_POINT('',(2.311673452904,0.194014684362));
#3486 = CARTESIAN_POINT('',(2.25017102484,0.198461752013));
#3487 = CARTESIAN_POINT('',(2.188329067135,0.202845141575));
#3488 = CARTESIAN_POINT('',(2.126048513483,0.207165911338));
#3489 = CARTESIAN_POINT('',(2.063278448727,0.211424023178));
#3490 = CARTESIAN_POINT('',(2.,0.21561914755));
#3491 = ( GEOMETRIC_REPRESENTATION_CONTEXT(2) 
PARAMETRIC_REPRESENTATION_CONTEXT() REPRESENTATION_CONTEXT('2D SPACE',''
  ) );
#3492 = ORIENTED_EDGE('',*,*,#3493,.T.);
#3493 = EDGE_CURVE('',#3332,#3494,#3496,.T.);
#3494 = VERTEX_POINT('',#3495);
#3495 = CARTESIAN_POINT('',(19.910363124757,19.910363124757,
    29.672319355956));
#3496 = SURFACE_CURVE('',#3497,(#3540,#3586),.PCURVE_S1.);
#3497 = B_SPLINE_CURVE_WITH_KNOTS('',6,(#3498,#3499,#3500,#3501,#3502,
    #3503,#3504,#3505,#3506,#3507,#3508,#3509,#3510,#3511,#3512,#3513,
    #3514,#3515,#3516,#3517,#3518,#3519,#3520,#3521,#3522,#3523,#3524,
    #3525,#3526,#3527,#3528,#3529,#3530,#3531,#3532,#3533,#3534,#3535,
    #3536,#3537,#3538,#3539),.UNSPECIFIED.,.F.,.F.,(7,5,5,5,5,5,5,5,7),(
    0.,5.332109291238E-02,0.466973633032,0.570589930074,0.604945851903,
    0.643645607925,0.703408880743,0.870222734829,1.),.UNSPECIFIED.);
#3498 = CARTESIAN_POINT('',(22.077460378255,22.077460378255,
    17.238280111919));
#3499 = CARTESIAN_POINT('',(22.062721953957,22.062721953957,
    17.350144761426));
#3500 = CARTESIAN_POINT('',(22.047837555182,22.047837555182,
    17.461972585878));
#3501 = CARTESIAN_POINT('',(22.032810760717,22.032810760717,
    17.573764027713));
#3502 = CARTESIAN_POINT('',(22.01764503525,22.01764503525,
    17.685519540794));
#3503 = CARTESIAN_POINT('',(22.002343729372,22.002343729372,
    17.797239590408));
#3504 = CARTESIAN_POINT('',(21.867179442187,21.867179442187,
    18.77535119151));
#3505 = CARTESIAN_POINT('',(21.739486213009,21.739486213009,
    19.639657860244));
#3506 = CARTESIAN_POINT('',(21.603325962582,21.603325962582,
    20.50155518724));
#3507 = CARTESIAN_POINT('',(21.457966412567,21.457966412567,
    21.360582773245));
#3508 = CARTESIAN_POINT('',(21.302486884858,21.302486884858,
    22.216122169676));
#3509 = CARTESIAN_POINT('',(21.094163038894,21.094163038894,
    23.280680874565));
#3510 = CARTESIAN_POINT('',(21.051730900634,21.051730900634,
    23.493658478082));
#3511 = CARTESIAN_POINT('',(21.008709399975,21.008709399975,
    23.706405663923));
#3512 = CARTESIAN_POINT('',(20.965215565529,20.965215565529,
    23.918965421129));
#3513 = CARTESIAN_POINT('',(20.921370904708,20.921370904708,
    24.131385515958));
#3514 = CARTESIAN_POINT('',(20.862689336186,20.862689336186,
    24.414121462563));
#3515 = CARTESIAN_POINT('',(20.848052559946,20.848052559946,
    24.484514816802));
#3516 = CARTESIAN_POINT('',(20.8333956758,20.8333956758,24.554900447371)
  );
#3517 = CARTESIAN_POINT('',(20.818723343997,20.818723343996,
    24.625280284599));
#3518 = CARTESIAN_POINT('',(20.80404028425,20.80404028425,
    24.695656296372));
#3519 = CARTESIAN_POINT('',(20.772805043946,20.772805043946,
    24.845302529356));
#3520 = CARTESIAN_POINT('',(20.756251263835,20.756251263835,
    24.924572254666));
#3521 = CARTESIAN_POINT('',(20.739696767841,20.739696767841,
    25.003842533577));
#3522 = CARTESIAN_POINT('',(20.72314848138,20.72314848138,
    25.083116271012));
#3523 = CARTESIAN_POINT('',(20.70661342284,20.70661342284,
    25.162396407311));
#3524 = CARTESIAN_POINT('',(20.664595347129,20.664595347129,
    25.364131151979));
#3525 = CARTESIAN_POINT('',(20.639140481464,20.639140481464,
    25.486598687157));
#3526 = CARTESIAN_POINT('',(20.61376033228,20.61376033228,
    25.609099550469));
#3527 = CARTESIAN_POINT('',(20.588481561041,20.588481561041,
    25.731644721294));
#3528 = CARTESIAN_POINT('',(20.563331264991,20.563331264991,
    25.854245131682));
#3529 = CARTESIAN_POINT('',(20.468571830608,20.468571830608,
    26.319303848867));
#3530 = CARTESIAN_POINT('',(20.400023050617,20.400023050617,
    26.662206005766));
#3531 = CARTESIAN_POINT('',(20.333285518579,20.333285518579,
    27.005864046789));
#3532 = CARTESIAN_POINT('',(20.268979753384,20.268979753384,
    27.350490397159));
#3533 = CARTESIAN_POINT('',(20.207722630538,20.207722630538,
    27.696252846446));
#3534 = CARTESIAN_POINT('',(20.105216417831,20.105216417831,
    28.313208942945));
#3535 = CARTESIAN_POINT('',(20.062543319458,20.062543319458,
    28.583909640429));
#3536 = CARTESIAN_POINT('',(20.02189371931,20.02189371931,
    28.855255954996));
#3537 = CARTESIAN_POINT('',(19.983097101649,19.983097101649,
    29.127157475889));
#3538 = CARTESIAN_POINT('',(19.945977646659,19.945977646659,
    29.39953419965));
#3539 = CARTESIAN_POINT('',(19.910363124757,19.910363124757,
    29.672319355956));
#3540 = PCURVE('',#3008,#3541);
#3541 = DEFINITIONAL_REPRESENTATION('',(#3542),#3585);
#3542 = B_SPLINE_CURVE_WITH_KNOTS('',6,(#3543,#3544,#3545,#3546,#3547,
    #3548,#3549,#3550,#3551,#3552,#3553,#3554,#3555,#3556,#3557,#3558,
    #3559,#3560,#3561,#3562,#3563,#3564,#3565,#3566,#3567,#3568,#3569,
    #3570,#3571,#3572,#3573,#3574,#3575,#3576,#3577,#3578,#3579,#3580,
    #3581,#3582,#3583,#3584),.UNSPECIFIED.,.F.,.F.,(7,5,5,5,5,5,5,5,7),(
    0.,5.332109291238E-02,0.466973633032,0.570589930074,0.604945851903,
    0.643645607925,0.703408880743,0.870222734829,1.),.UNSPECIFIED.);
#3543 = CARTESIAN_POINT('',(12.068284545308,47.404785728324));
#3544 = CARTESIAN_POINT('',(12.047441265777,47.292921078818));
#3545 = CARTESIAN_POINT('',(12.026391547162,47.181093254365));
#3546 = CARTESIAN_POINT('',(12.005140450631,47.06930181253));
#3547 = CARTESIAN_POINT('',(11.983692875991,46.95754629945));
#3548 = CARTESIAN_POINT('',(11.962053561696,46.845826249835));
#3549 = CARTESIAN_POINT('',(11.770902393612,45.867714648733));
#3550 = CARTESIAN_POINT('',(11.590316897084,45.003407979999));
#3551 = CARTESIAN_POINT('',(11.397757224275,44.141510653004));
#3552 = CARTESIAN_POINT('',(11.192187777223,43.282483066999));
#3553 = CARTESIAN_POINT('',(10.972306520466,42.426943670568));
#3554 = CARTESIAN_POINT('',(10.677692112138,41.362384965679));
#3555 = CARTESIAN_POINT('',(10.61768400673,41.149407362161));
#3556 = CARTESIAN_POINT('',(10.556842417025,40.93666017632));
#3557 = CARTESIAN_POINT('',(10.495332846471,40.724100419114));
#3558 = CARTESIAN_POINT('',(10.433327132501,40.511680324285));
#3559 = CARTESIAN_POINT('',(10.350338862435,40.22894437768));
#3560 = CARTESIAN_POINT('',(10.329639334968,40.158551023441));
#3561 = CARTESIAN_POINT('',(10.308911370625,40.088165392872));
#3562 = CARTESIAN_POINT('',(10.288161559998,40.017785555644));
#3563 = CARTESIAN_POINT('',(10.267396577767,39.947409543871));
#3564 = CARTESIAN_POINT('',(10.223223277306,39.797763310887));
#3565 = CARTESIAN_POINT('',(10.199812696964,39.718493585577));
#3566 = CARTESIAN_POINT('',(10.176401104211,39.639223306667));
#3567 = CARTESIAN_POINT('',(10.152998293063,39.559949569231));
#3568 = CARTESIAN_POINT('',(10.129614189021,39.480669432932));
#3569 = CARTESIAN_POINT('',(10.070191656486,39.278934688264));
#3570 = CARTESIAN_POINT('',(10.034193040235,39.156467153086));
#3571 = CARTESIAN_POINT('',(9.998300089043,39.033966289774));
#3572 = CARTESIAN_POINT('',(9.962550507917,38.911421118949));
#3573 = CARTESIAN_POINT('',(9.926982618145,38.788820708561));
#3574 = CARTESIAN_POINT('',(9.792972540878,38.323761991376));
#3575 = CARTESIAN_POINT('',(9.69602992653,37.980859834477));
#3576 = CARTESIAN_POINT('',(9.601648803604,37.637201793455));
#3577 = CARTESIAN_POINT('',(9.510706718326,37.292575443084));
#3578 = CARTESIAN_POINT('',(9.424076064405,36.946812993797));
#3579 = CARTESIAN_POINT('',(9.279110388168,36.329856897298));
#3580 = CARTESIAN_POINT('',(9.218761513699,36.059156199814));
#3581 = CARTESIAN_POINT('',(9.161274297865,35.787809885247));
#3582 = CARTESIAN_POINT('',(9.106407594995,35.515908364354));
#3583 = CARTESIAN_POINT('',(9.05391275832,35.243531640593));
#3584 = CARTESIAN_POINT('',(9.003546218429,34.970746484287));
#3585 = ( GEOMETRIC_REPRESENTATION_CONTEXT(2) 
PARAMETRIC_REPRESENTATION_CONTEXT() REPRESENTATION_CONTEXT('2D SPACE',''
  ) );
#3586 = PCURVE('',#3587,#3654);
#3587 = ( BOUNDED_SURFACE() B_SPLINE_SURFACE(1,3,(
    (#3588,#3589,#3590,#3591,#3592,#3593,#3594,#3595,#3596,#3597,#3598
      ,#3599,#3600,#3601,#3602,#3603,#3604,#3605,#3606,#3607,#3608,#3609
      ,#3610,#3611,#3612,#3613,#3614,#3615,#3616,#3617,#3618,#3619,#3620
      )
    ,(#3621,#3622,#3623,#3624,#3625,#3626,#3627,#3628,#3629,#3630,#3631
      ,#3632,#3633,#3634,#3635,#3636,#3637,#3638,#3639,#3640,#3641,#3642
      ,#3643,#3644,#3645,#3646,#3647,#3648,#3649,#3650,#3651,#3652,#3653
)),.UNSPECIFIED.,.F.,.F.,.F.) B_SPLINE_SURFACE_WITH_KNOTS((2,2),(4,1,1,1
    ,1,1,1,1,1,1,1,1,1,1,1,1,1,1,1,1,1,1,1,1,1,1,1,1,1,1,4),(1.,2.),(0.,
    3.068165821138E-02,6.601269782959E-02,9.830800907E-02,0.127216197096
    ,0.157262707878,0.188138205668,0.219565799738,0.251333925196,
    0.283659313393,0.31744062664,0.35073174851,0.384111710396,
    0.417581465102,0.45114195778,0.484794125941,0.51853889945,
    0.552377200543,0.586309943827,0.620338036294,0.654462377335,
    0.688683858749,0.723003364765,0.757421772058,0.791939949764,
    0.826558759507,0.861279055419,0.896101684163,0.931027484962,
0.96605728962,1.),.UNSPECIFIED.) GEOMETRIC_REPRESENTATION_ITEM() 
RATIONAL_B_SPLINE_SURFACE((
    (1.,1.000000000002,0.999999999999,1.,1.,1.,1.,1.,1.,1.,1.,1.,1.,1.
      ,1.,1.,1.,1.,1.,1.,1.,1.,1.,1.,1.,1.,1.,1.,0.999999999999
      ,1.000000000003,0.999999999988,1.000000000025,1.)
    ,(1.,1.000000000002,0.999999999999,1.,1.,1.,1.,1.,1.,1.,1.,1.,1.,1.
      ,1.,1.,1.,1.,1.,1.,1.,1.,1.,1.,1.,1.,1.,1.,0.999999999999
      ,1.000000000003,0.999999999988,1.000000000025,1.
))) REPRESENTATION_ITEM('') SURFACE() );
#3588 = CARTESIAN_POINT('',(13.806410073786,0.486770156014,
    -10.11982966802));
#3589 = CARTESIAN_POINT('',(19.494571879951,1.883002118856,
    -12.85547423447));
#3590 = CARTESIAN_POINT('',(10.887429110599,1.224389128359,
    -2.952170729409));
#3591 = CARTESIAN_POINT('',(13.434515603672,2.486598600164,
    2.074211451366));
#3592 = CARTESIAN_POINT('',(19.305868036076,5.245533013668,
    3.324693262476));
#3593 = CARTESIAN_POINT('',(20.99590426351,7.84356440815,6.627972299613)
  );
#3594 = CARTESIAN_POINT('',(22.360835961899,10.435237947509,
    10.293545432463));
#3595 = CARTESIAN_POINT('',(22.775365465408,12.982605256911,
    14.436104726298));
#3596 = CARTESIAN_POINT('',(22.549419047992,15.380493415589,
    18.810975887307));
#3597 = CARTESIAN_POINT('',(21.754556854327,17.590877893373,
    23.338395863153));
#3598 = CARTESIAN_POINT('',(20.265044866926,19.3476015781,
    28.043852332174));
#3599 = CARTESIAN_POINT('',(19.036009527648,21.207869468766,
    33.366718058391));
#3600 = CARTESIAN_POINT('',(17.457377752516,22.987402741335,
    38.364162653567));
#3601 = CARTESIAN_POINT('',(15.769315246503,24.644837651563,
    43.430315313796));
#3602 = CARTESIAN_POINT('',(13.914449402166,26.176190299988,
    48.470245820927));
#3603 = CARTESIAN_POINT('',(11.917438075011,27.567014843373,
    53.517229585308));
#3604 = CARTESIAN_POINT('',(9.784976827824,28.803807861632,
    58.562314412655));
#3605 = CARTESIAN_POINT('',(7.530187940271,29.87384501363,
    63.607908825541));
#3606 = CARTESIAN_POINT('',(5.165977578964,30.765369393824,
    68.653364824306));
#3607 = CARTESIAN_POINT('',(2.706728785999,31.467678747235,
    73.698856747151));
#3608 = CARTESIAN_POINT('',(0.167739349143,31.971232273316,
    78.744337770558));
#3609 = CARTESIAN_POINT('',(-2.434745455475,32.267743251383,
    83.78982021861));
#3610 = CARTESIAN_POINT('',(-5.083670873322,32.350266189834,
    88.835301850638));
#3611 = CARTESIAN_POINT('',(-7.761276313018,32.213272654532,
    93.880779285128));
#3612 = CARTESIAN_POINT('',(-10.44921251073,31.852725839956,
    98.926268414461));
#3613 = CARTESIAN_POINT('',(-13.12868228935,31.266115048651,
    103.97170885322));
#3614 = CARTESIAN_POINT('',(-15.78051135669,30.452592014773,
    109.01732721786));
#3615 = CARTESIAN_POINT('',(-18.38550969929,29.412674501395,
    114.06227402731));
#3616 = CARTESIAN_POINT('',(-20.9237639244,28.14951859312,
    119.10973365218));
#3617 = CARTESIAN_POINT('',(-23.3779537063,26.664255285361,
    124.14776911856));
#3618 = CARTESIAN_POINT('',(-25.69501358491,24.992697185812,
    129.16358721253));
#3619 = CARTESIAN_POINT('',(-27.16342312614,23.732522857046,
    132.39837068759));
#3620 = CARTESIAN_POINT('',(-27.9059291641,23.019608219251,
    133.73002152875));
#3621 = CARTESIAN_POINT('',(15.572836396157,3.672433332076,
    -10.11982966802));
#3622 = CARTESIAN_POINT('',(19.353944010405,5.326764520695,
    -13.20549020304));
#3623 = CARTESIAN_POINT('',(13.47849825226,4.538612018983,
    -2.349153047964));
#3624 = CARTESIAN_POINT('',(13.928495530044,5.567404709913,
    0.402167973074));
#3625 = CARTESIAN_POINT('',(18.761747257665,9.316809877239,
    0.556268184895));
#3626 = CARTESIAN_POINT('',(21.354624408318,13.164874554041,
    4.338199718794));
#3627 = CARTESIAN_POINT('',(22.569078587837,16.555705320808,
    8.389705231602));
#3628 = CARTESIAN_POINT('',(22.739119700875,19.709136481721,
    13.012356568386));
#3629 = CARTESIAN_POINT('',(22.060391445834,22.482204922049,
    17.855593946091));
#3630 = CARTESIAN_POINT('',(20.726477444635,24.881753131478,
    22.862616673986));
#3631 = CARTESIAN_POINT('',(18.650523023222,26.560869249874,
    28.032637662535));
#3632 = CARTESIAN_POINT('',(16.816997570138,28.367901849734,
    32.865744682983));
#3633 = CARTESIAN_POINT('',(14.627999987157,30.038869425751,
    37.987629462079));
#3634 = CARTESIAN_POINT('',(12.336139033849,31.537266214111,
    43.013612385695));
#3635 = CARTESIAN_POINT('',(9.885055120206,32.857347294018,
    48.057464389687));
#3636 = CARTESIAN_POINT('',(7.303892120779,33.985136516798,
    53.096507709553));
#3637 = CARTESIAN_POINT('',(4.603867594375,34.907662797138,
    58.136843432611));
#3638 = CARTESIAN_POINT('',(1.802598507978,35.613216874792,
    63.176830119094));
#3639 = CARTESIAN_POINT('',(-1.082568164619,36.091427817807,
    68.21690940437));
#3640 = CARTESIAN_POINT('',(-4.032899185002,36.333377696861,
    73.256962481845));
#3641 = CARTESIAN_POINT('',(-7.028871120653,36.331694532776,
    78.297021288927));
#3642 = CARTESIAN_POINT('',(-10.0501719277,36.080638316291,
    83.337077385979));
#3643 = CARTESIAN_POINT('',(-13.07587238281,35.576175850174,
    88.377132512319));
#3644 = CARTESIAN_POINT('',(-16.08456262025,34.816041758911,
    93.417188239103));
#3645 = CARTESIAN_POINT('',(-19.05449986181,33.799796252447,
    98.457236548315));
#3646 = CARTESIAN_POINT('',(-21.96378270947,32.52883590576,
    103.49730811583));
#3647 = CARTESIAN_POINT('',(-24.79043744627,31.00651911374,
    108.53728784062));
#3648 = CARTESIAN_POINT('',(-27.51285443018,29.237798043276,
    113.57760725616));
#3649 = CARTESIAN_POINT('',(-30.10892320734,27.230635148805,
    118.61664877333));
#3650 = CARTESIAN_POINT('',(-32.56005198623,24.990663581721,
    123.66047617316));
#3651 = CARTESIAN_POINT('',(-34.81105420252,22.568889263629,
    128.62935510852));
#3652 = CARTESIAN_POINT('',(-36.19801087997,20.809218224308,
    131.96152364674));
#3653 = CARTESIAN_POINT('',(-36.89978036374,19.842930831233,
    133.73002152875));
#3654 = DEFINITIONAL_REPRESENTATION('',(#3655),#3698);
#3655 = B_SPLINE_CURVE_WITH_KNOTS('',6,(#3656,#3657,#3658,#3659,#3660,
    #3661,#3662,#3663,#3664,#3665,#3666,#3667,#3668,#3669,#3670,#3671,
    #3672,#3673,#3674,#3675,#3676,#3677,#3678,#3679,#3680,#3681,#3682,
    #3683,#3684,#3685,#3686,#3687,#3688,#3689,#3690,#3691,#3692,#3693,
    #3694,#3695,#3696,#3697),.UNSPECIFIED.,.F.,.F.,(7,5,5,5,5,5,5,5,7),(
    0.,5.332109291238E-02,0.466973633032,0.570589930074,0.604945851903,
    0.643645607925,0.703408880743,0.870222734829,1.),.UNSPECIFIED.);
#3656 = CARTESIAN_POINT('',(2.,0.21561914755));
#3657 = CARTESIAN_POINT('',(1.990120383279,0.216274073116));
#3658 = CARTESIAN_POINT('',(1.980259422443,0.216930067136));
#3659 = CARTESIAN_POINT('',(1.970417020806,0.217587134365));
#3660 = CARTESIAN_POINT('',(1.960593070676,0.218245279903));
#3661 = CARTESIAN_POINT('',(1.950787453355,0.218904509198));
#3662 = CARTESIAN_POINT('',(1.865071573843,0.224687426867));
#3663 = CARTESIAN_POINT('',(1.790239869663,0.229875514186));
#3664 = CARTESIAN_POINT('',(1.716577467921,0.235129208855));
#3665 = CARTESIAN_POINT('',(1.644136418697,0.240446435087));
#3666 = CARTESIAN_POINT('',(1.572944693104,0.245822819226));
#3667 = CARTESIAN_POINT('',(1.485479981098,0.252611877892));
#3668 = CARTESIAN_POINT('',(1.46803810325,0.253975109593));
#3669 = CARTESIAN_POINT('',(1.450670714264,0.255341813369));
#3670 = CARTESIAN_POINT('',(1.433375463611,0.256712098839));
#3671 = CARTESIAN_POINT('',(1.41615170797,0.258085999962));
#3672 = CARTESIAN_POINT('',(1.393313711068,0.259920202671));
#3673 = CARTESIAN_POINT('',(1.387634890801,0.2603773228));
#3674 = CARTESIAN_POINT('',(1.381964090925,0.260834833615));
#3675 = CARTESIAN_POINT('',(1.376301373902,0.261292732149));
#3676 = CARTESIAN_POINT('',(1.370646824161,0.261751014279));
#3677 = CARTESIAN_POINT('',(1.358640378008,0.262726326484));
#3678 = CARTESIAN_POINT('',(1.352290706385,0.263243458221));
#3679 = CARTESIAN_POINT('',(1.345951685266,0.263761062408));
#3680 = CARTESIAN_POINT('',(1.339623503094,0.264279129435));
#3681 = CARTESIAN_POINT('',(1.333306384715,0.264797647609));
#3682 = CARTESIAN_POINT('',(1.317262678625,0.266118016007));
#3683 = CARTESIAN_POINT('',(1.307551775284,0.266920471577));
#3684 = CARTESIAN_POINT('',(1.297868843855,0.267723919436));
#3685 = CARTESIAN_POINT('',(1.28821505731,0.268528295742));
#3686 = CARTESIAN_POINT('',(1.278591799084,0.269333523239));
#3687 = CARTESIAN_POINT('',(1.24222946589,0.27238922018));
#3688 = CARTESIAN_POINT('',(1.215708919817,0.274644820666));
#3689 = CARTESIAN_POINT('',(1.189472749273,0.276904405596));
#3690 = CARTESIAN_POINT('',(1.163568961367,0.279165078946));
#3691 = CARTESIAN_POINT('',(1.138057218449,0.281422971598));
#3692 = CARTESIAN_POINT('',(1.093507694827,0.285424619486));
#3693 = CARTESIAN_POINT('',(1.074290257576,0.287171202335));
#3694 = CARTESIAN_POINT('',(1.055344406291,0.288912247409));
#3695 = CARTESIAN_POINT('',(1.036658945506,0.290647193593));
#3696 = CARTESIAN_POINT('',(1.018217444043,0.292375980145));
#3697 = CARTESIAN_POINT('',(1.,0.294098960148));
#3698 = ( GEOMETRIC_REPRESENTATION_CONTEXT(2) 
PARAMETRIC_REPRESENTATION_CONTEXT() REPRESENTATION_CONTEXT('2D SPACE',''
  ) );
#3699 = ORIENTED_EDGE('',*,*,#3700,.T.);
#3700 = EDGE_CURVE('',#3494,#3701,#3703,.T.);
#3701 = VERTEX_POINT('',#3702);
#3702 = CARTESIAN_POINT('',(23.839048019229,23.839048019229,
    41.749588679906));
#3703 = SURFACE_CURVE('',#3704,(#3737,#3773),.PCURVE_S1.);
#3704 = B_SPLINE_CURVE_WITH_KNOTS('',7,(#3705,#3706,#3707,#3708,#3709,
    #3710,#3711,#3712,#3713,#3714,#3715,#3716,#3717,#3718,#3719,#3720,
    #3721,#3722,#3723,#3724,#3725,#3726,#3727,#3728,#3729,#3730,#3731,
    #3732,#3733,#3734,#3735,#3736),.UNSPECIFIED.,.F.,.F.,(8,6,6,6,6,8),(
    0.,0.255550937135,0.341234850281,0.584352863883,0.691413181277,1.),
  .UNSPECIFIED.);
#3705 = CARTESIAN_POINT('',(19.910363124757,19.910363124757,
    29.672319355956));
#3706 = CARTESIAN_POINT('',(20.019640448328,20.019640448328,
    30.133727312293));
#3707 = CARTESIAN_POINT('',(20.131882632371,20.131882632371,
    30.593732743795));
#3708 = CARTESIAN_POINT('',(20.247102582418,20.247102582418,
    31.052266447726));
#3709 = CARTESIAN_POINT('',(20.365332837646,20.365332837646,
    31.509248690511));
#3710 = CARTESIAN_POINT('',(20.486612631151,20.486612631151,
    31.964594771401));
#3711 = CARTESIAN_POINT('',(20.610964876038,20.610964876038,
    32.418226878707));
#3712 = CARTESIAN_POINT('',(20.781078539563,20.781078539563,
    33.021598598527));
#3713 = CARTESIAN_POINT('',(20.824136413288,20.824136413288,
    33.17290630973));
#3714 = CARTESIAN_POINT('',(20.867535490298,20.867535490298,
    33.324013678262));
#3715 = CARTESIAN_POINT('',(20.911275387622,20.911275387622,
    33.474917415005));
#3716 = CARTESIAN_POINT('',(20.955350391111,20.955350391111,
    33.62562066295));
#3717 = CARTESIAN_POINT('',(20.999759280827,20.999759280827,
    33.776121179885));
#3718 = CARTESIAN_POINT('',(21.171440301247,21.171440301247,
    34.352873569498));
#3719 = CARTESIAN_POINT('',(21.301041213733,21.301041213733,
    34.777697919282));
#3720 = CARTESIAN_POINT('',(21.43323107912,21.43323107912,
    35.200894364777));
#3721 = CARTESIAN_POINT('',(21.567937215867,21.567937215867,
    35.622468443633));
#3722 = CARTESIAN_POINT('',(21.705096506721,21.705096506721,
    36.042421474201));
#3723 = CARTESIAN_POINT('',(21.844667607321,21.844667607321,
    36.460742539748));
#3724 = CARTESIAN_POINT('',(22.049164014328,22.049164014328,
    37.060881449184));
#3725 = CARTESIAN_POINT('',(22.112151100335,22.112151100335,
    37.244039678068));
#3726 = CARTESIAN_POINT('',(22.175603484636,22.175603484636,
    37.426872586947));
#3727 = CARTESIAN_POINT('',(22.23952157996,22.23952157996,
    37.609376533676));
#3728 = CARTESIAN_POINT('',(22.30390713995,22.30390713995,
    37.791546806344));
#3729 = CARTESIAN_POINT('',(22.368763259171,22.368763259171,
    37.97337762327));
#3730 = CARTESIAN_POINT('',(22.622402432553,22.622402432553,
    38.677966574223));
#3731 = CARTESIAN_POINT('',(22.814659579385,22.814659579385,
    39.198194009384));
#3732 = CARTESIAN_POINT('',(23.010995427595,23.010995427595,
    39.715351869289));
#3733 = CARTESIAN_POINT('',(23.21152542732,23.21152542732,
    40.229247965456));
#3734 = CARTESIAN_POINT('',(23.416342561989,23.416342561989,
    40.739697117855));
#3735 = CARTESIAN_POINT('',(23.625509045472,23.625509045472,
    41.246527782644));
#3736 = CARTESIAN_POINT('',(23.839048019229,23.839048019229,
    41.749588679906));
#3737 = PCURVE('',#3008,#3738);
#3738 = DEFINITIONAL_REPRESENTATION('',(#3739),#3772);
#3739 = B_SPLINE_CURVE_WITH_KNOTS('',7,(#3740,#3741,#3742,#3743,#3744,
    #3745,#3746,#3747,#3748,#3749,#3750,#3751,#3752,#3753,#3754,#3755,
    #3756,#3757,#3758,#3759,#3760,#3761,#3762,#3763,#3764,#3765,#3766,
    #3767,#3768,#3769,#3770,#3771),.UNSPECIFIED.,.F.,.F.,(8,6,6,6,6,8),(
    0.,0.255550937135,0.341234850281,0.584352863883,0.691413181277,1.),
  .UNSPECIFIED.);
#3740 = CARTESIAN_POINT('',(9.003546218429,34.970746484287));
#3741 = CARTESIAN_POINT('',(9.158087691483,34.509338527951));
#3742 = CARTESIAN_POINT('',(9.316822110426,34.049333096448));
#3743 = CARTESIAN_POINT('',(9.47976772644,33.590799392518));
#3744 = CARTESIAN_POINT('',(9.646970556865,33.133817149732));
#3745 = CARTESIAN_POINT('',(9.818486085683,32.678471068843));
#3746 = CARTESIAN_POINT('',(9.994346716914,32.224838961536));
#3747 = CARTESIAN_POINT('',(10.234923767015,31.621467241716));
#3748 = CARTESIAN_POINT('',(10.295816796004,31.470159530513));
#3749 = CARTESIAN_POINT('',(10.357192359305,31.319052161981));
#3750 = CARTESIAN_POINT('',(10.419049915319,31.168148425238));
#3751 = CARTESIAN_POINT('',(10.481381383014,31.017445177293));
#3752 = CARTESIAN_POINT('',(10.544185037141,30.866944660358));
#3753 = CARTESIAN_POINT('',(10.78697866462,30.290192270745));
#3754 = CARTESIAN_POINT('',(10.970262032753,29.865367920961));
#3755 = CARTESIAN_POINT('',(11.157206733192,29.442171475466));
#3756 = CARTESIAN_POINT('',(11.347709978715,29.02059739661));
#3757 = CARTESIAN_POINT('',(11.541682508046,28.600644366042));
#3758 = CARTESIAN_POINT('',(11.73906585143,28.182323300495));
#3759 = CARTESIAN_POINT('',(12.028267443676,27.582184391059));
#3760 = CARTESIAN_POINT('',(12.117344634961,27.399026162175));
#3761 = CARTESIAN_POINT('',(12.207079857405,27.216193253296));
#3762 = CARTESIAN_POINT('',(12.297473694692,27.033689306567));
#3763 = CARTESIAN_POINT('',(12.388528626852,26.851519033899));
#3764 = CARTESIAN_POINT('',(12.480249030258,26.669688216973));
#3765 = CARTESIAN_POINT('',(12.838948989203,25.96509926602));
#3766 = CARTESIAN_POINT('',(13.110841653716,25.444871830859));
#3767 = CARTESIAN_POINT('',(13.388502473035,24.927713970954));
#3768 = CARTESIAN_POINT('',(13.672094718309,24.413817874787));
#3769 = CARTESIAN_POINT('',(13.961749887964,23.903368722388));
#3770 = CARTESIAN_POINT('',(14.2575559657,23.396538057599));
#3771 = CARTESIAN_POINT('',(14.559545678482,22.893477160337));
#3772 = ( GEOMETRIC_REPRESENTATION_CONTEXT(2) 
PARAMETRIC_REPRESENTATION_CONTEXT() REPRESENTATION_CONTEXT('2D SPACE',''
  ) );
#3773 = PCURVE('',#3774,#3841);
#3774 = ( BOUNDED_SURFACE() B_SPLINE_SURFACE(1,3,(
    (#3775,#3776,#3777,#3778,#3779,#3780,#3781,#3782,#3783,#3784,#3785
      ,#3786,#3787,#3788,#3789,#3790,#3791,#3792,#3793,#3794,#3795,#3796
      ,#3797,#3798,#3799,#3800,#3801,#3802,#3803,#3804,#3805,#3806,#3807
      )
    ,(#3808,#3809,#3810,#3811,#3812,#3813,#3814,#3815,#3816,#3817,#3818
      ,#3819,#3820,#3821,#3822,#3823,#3824,#3825,#3826,#3827,#3828,#3829
      ,#3830,#3831,#3832,#3833,#3834,#3835,#3836,#3837,#3838,#3839,#3840
)),.UNSPECIFIED.,.F.,.F.,.F.) B_SPLINE_SURFACE_WITH_KNOTS((2,2),(4,1,1,1
    ,1,1,1,1,1,1,1,1,1,1,1,1,1,1,1,1,1,1,1,1,1,1,1,1,1,1,4),(0.,1.),(0.,
    3.068165821138E-02,6.601269782959E-02,9.830800907E-02,0.127216197096
    ,0.157262707878,0.188138205668,0.219565799738,0.251333925196,
    0.283659313393,0.31744062664,0.35073174851,0.384111710396,
    0.417581465102,0.45114195778,0.484794125941,0.51853889945,
    0.552377200543,0.586309943827,0.620338036294,0.654462377335,
    0.688683858749,0.723003364765,0.757421772058,0.791939949764,
    0.826558759507,0.861279055419,0.896101684163,0.931027484962,
0.96605728962,1.),.UNSPECIFIED.) GEOMETRIC_REPRESENTATION_ITEM() 
RATIONAL_B_SPLINE_SURFACE((
    (1.,1.000000000002,0.999999999999,1.,1.,1.,1.,1.,1.,1.,1.,1.,1.,1.
      ,1.,1.,1.,1.,1.,1.,1.,1.,1.,1.,1.,1.,1.,1.,0.999999999999
      ,1.000000000003,0.999999999988,1.000000000025,1.)
    ,(1.,1.000000000002,0.999999999999,1.,1.,1.,1.,1.,1.,1.,1.,1.,1.,1.
      ,1.,1.,1.,1.,1.,1.,1.,1.,1.,1.,1.,1.,1.,1.,0.999999999999
      ,1.000000000003,0.999999999988,1.000000000025,1.
))) REPRESENTATION_ITEM('') SURFACE() );
#3775 = CARTESIAN_POINT('',(15.792804202207,-2.566580493724,
    -10.11982966802));
#3776 = CARTESIAN_POINT('',(19.919177274938,-2.485145008623,
    -13.20549020304));
#3777 = CARTESIAN_POINT('',(14.189360289755,-0.964867223901,
    -2.349153047964));
#3778 = CARTESIAN_POINT('',(14.998805482662,-0.186593216437,
    0.402167973074));
#3779 = CARTESIAN_POINT('',(20.898983068015,1.427800116153,
    0.556268184895));
#3780 = CARTESIAN_POINT('',(24.767079796309,3.990697183113,
    4.338199718794));
#3781 = CARTESIAN_POINT('',(27.186703912332,6.658664832873,
    8.389705231602));
#3782 = CARTESIAN_POINT('',(28.55056727674,9.506983422842,
    13.012356568386));
#3783 = CARTESIAN_POINT('',(28.984711482698,12.328702655396,
    17.855593946091));
#3784 = CARTESIAN_POINT('',(28.67060298377,15.05606292182,
    22.862616673986));
#3785 = CARTESIAN_POINT('',(27.395241102927,17.401797299736,
    28.032637662535));
#3786 = CARTESIAN_POINT('',(26.392805902195,19.772937547043,
    32.865744682983));
#3787 = CARTESIAN_POINT('',(25.009887445923,22.154403398509,
    37.987629462079));
#3788 = CARTESIAN_POINT('',(23.465895645814,24.415798738971,
    43.013612385695));
#3789 = CARTESIAN_POINT('',(21.70656254419,26.57338383504,
    48.057464389687));
#3790 = CARTESIAN_POINT('',(19.753465129702,28.603093531067,
    53.096507709553));
#3791 = CARTESIAN_POINT('',(17.612003255887,30.488651332912,
    58.136843432611));
#3792 = CARTESIAN_POINT('',(15.293971938064,32.212497573297,
    63.176830119094));
#3793 = CARTESIAN_POINT('',(12.811428906436,33.758412360986,
    68.21690940437));
#3794 = CARTESIAN_POINT('',(10.178268672747,35.110987703631,
    73.256962481845));
#3795 = CARTESIAN_POINT('',(7.409707402412,36.255941486388,
    78.297021288927));
#3796 = CARTESIAN_POINT('',(4.522314370577,37.180197549517,
    83.337077385979));
#3797 = CARTESIAN_POINT('',(1.533882220556,37.872020437622,
    88.377132512319));
#3798 = CARTESIAN_POINT('',(-1.536675832578,38.321124015725,
    93.417188239103));
#3799 = CARTESIAN_POINT('',(-4.66944038144,38.518781369805,
    98.457236548315));
#3800 = CARTESIAN_POINT('',(-7.843642726555,38.457901464734,
    103.49730811583));
#3801 = CARTESIAN_POINT('',(-11.03769659847,38.133178075376,
    108.53728784062));
#3802 = CARTESIAN_POINT('',(-14.22974217901,37.540916755392,
    113.57760725616));
#3803 = CARTESIAN_POINT('',(-17.39630497298,36.680012549043,
    118.61664877333));
#3804 = CARTESIAN_POINT('',(-20.51805269108,35.5485550392,
    123.66047617316));
#3805 = CARTESIAN_POINT('',(-23.52448047465,34.172548568296,
    128.62935510852));
#3806 = CARTESIAN_POINT('',(-25.47925831497,33.07758985407,
    131.96152364674));
#3807 = CARTESIAN_POINT('',(-26.49739095355,32.453412263131,
    133.73002152875));
#3808 = CARTESIAN_POINT('',(13.806410073786,0.486770156014,
    -10.11982966802));
#3809 = CARTESIAN_POINT('',(19.494571879951,1.883002118856,
    -12.85547423447));
#3810 = CARTESIAN_POINT('',(10.887429110599,1.224389128359,
    -2.952170729409));
#3811 = CARTESIAN_POINT('',(13.434515603672,2.486598600164,
    2.074211451366));
#3812 = CARTESIAN_POINT('',(19.305868036076,5.245533013668,
    3.324693262476));
#3813 = CARTESIAN_POINT('',(20.99590426351,7.84356440815,6.627972299613)
  );
#3814 = CARTESIAN_POINT('',(22.360835961899,10.435237947509,
    10.293545432463));
#3815 = CARTESIAN_POINT('',(22.775365465408,12.982605256911,
    14.436104726298));
#3816 = CARTESIAN_POINT('',(22.549419047992,15.380493415589,
    18.810975887307));
#3817 = CARTESIAN_POINT('',(21.754556854327,17.590877893373,
    23.338395863153));
#3818 = CARTESIAN_POINT('',(20.265044866926,19.3476015781,
    28.043852332174));
#3819 = CARTESIAN_POINT('',(19.036009527648,21.207869468766,
    33.366718058391));
#3820 = CARTESIAN_POINT('',(17.457377752516,22.987402741335,
    38.364162653567));
#3821 = CARTESIAN_POINT('',(15.769315246503,24.644837651563,
    43.430315313796));
#3822 = CARTESIAN_POINT('',(13.914449402166,26.176190299988,
    48.470245820927));
#3823 = CARTESIAN_POINT('',(11.917438075011,27.567014843373,
    53.517229585308));
#3824 = CARTESIAN_POINT('',(9.784976827824,28.803807861632,
    58.562314412655));
#3825 = CARTESIAN_POINT('',(7.530187940271,29.87384501363,
    63.607908825541));
#3826 = CARTESIAN_POINT('',(5.165977578964,30.765369393824,
    68.653364824306));
#3827 = CARTESIAN_POINT('',(2.706728785999,31.467678747235,
    73.698856747151));
#3828 = CARTESIAN_POINT('',(0.167739349143,31.971232273316,
    78.744337770558));
#3829 = CARTESIAN_POINT('',(-2.434745455475,32.267743251383,
    83.78982021861));
#3830 = CARTESIAN_POINT('',(-5.083670873322,32.350266189834,
    88.835301850638));
#3831 = CARTESIAN_POINT('',(-7.761276313018,32.213272654532,
    93.880779285128));
#3832 = CARTESIAN_POINT('',(-10.44921251073,31.852725839956,
    98.926268414461));
#3833 = CARTESIAN_POINT('',(-13.12868228935,31.266115048651,
    103.97170885322));
#3834 = CARTESIAN_POINT('',(-15.78051135669,30.452592014773,
    109.01732721786));
#3835 = CARTESIAN_POINT('',(-18.38550969929,29.412674501395,
    114.06227402731));
#3836 = CARTESIAN_POINT('',(-20.9237639244,28.14951859312,
    119.10973365218));
#3837 = CARTESIAN_POINT('',(-23.3779537063,26.664255285361,
    124.14776911856));
#3838 = CARTESIAN_POINT('',(-25.69501358491,24.992697185812,
    129.16358721253));
#3839 = CARTESIAN_POINT('',(-27.16342312614,23.732522857046,
    132.39837068759));
#3840 = CARTESIAN_POINT('',(-27.9059291641,23.019608219251,
    133.73002152875));
#3841 = DEFINITIONAL_REPRESENTATION('',(#3842),#3875);
#3842 = B_SPLINE_CURVE_WITH_KNOTS('',7,(#3843,#3844,#3845,#3846,#3847,
    #3848,#3849,#3850,#3851,#3852,#3853,#3854,#3855,#3856,#3857,#3858,
    #3859,#3860,#3861,#3862,#3863,#3864,#3865,#3866,#3867,#3868,#3869,
    #3870,#3871,#3872,#3873,#3874),.UNSPECIFIED.,.F.,.F.,(8,6,6,6,6,8),(
    0.,0.255550937135,0.341234850281,0.584352863883,0.691413181277,1.),
  .UNSPECIFIED.);
#3843 = CARTESIAN_POINT('',(1.,0.294098960148));
#3844 = CARTESIAN_POINT('',(0.968296444354,0.297097575869));
#3845 = CARTESIAN_POINT('',(0.936598445938,0.300080873306));
#3846 = CARTESIAN_POINT('',(0.90473843686,0.303059698166));
#3847 = CARTESIAN_POINT('',(0.872574523777,0.306041729748));
#3848 = CARTESIAN_POINT('',(0.839975556848,0.309032515855));
#3849 = CARTESIAN_POINT('',(0.806818735903,0.312035541765));
#3850 = CARTESIAN_POINT('',(0.761660555637,0.316062500789));
#3851 = CARTESIAN_POINT('',(0.750246658883,0.317075111322));
#3852 = CARTESIAN_POINT('',(0.738757304982,0.318089081422));
#3853 = CARTESIAN_POINT('',(0.727173879425,0.319104914232));
#3854 = CARTESIAN_POINT('',(0.715524245056,0.32012141948));
#3855 = CARTESIAN_POINT('',(0.703796832118,0.321138889453));
#3856 = CARTESIAN_POINT('',(0.658526451908,0.325045355869));
#3857 = CARTESIAN_POINT('',(0.624485378943,0.32793834572));
#3858 = CARTESIAN_POINT('',(0.589947206538,0.33083018639));
#3859 = CARTESIAN_POINT('',(0.554978019536,0.333716268255));
#3860 = CARTESIAN_POINT('',(0.519635609901,0.336593156707));
#3861 = CARTESIAN_POINT('',(0.483965896066,0.339458701233));
#3862 = CARTESIAN_POINT('',(0.43216098211,0.343568696962));
#3863 = CARTESIAN_POINT('',(0.416265090303,0.344822896896));
#3864 = CARTESIAN_POINT('',(0.400314396868,0.34607467551));
#3865 = CARTESIAN_POINT('',(0.384311090123,0.34732400757));
#3866 = CARTESIAN_POINT('',(0.368256816698,0.348570911389));
#3867 = CARTESIAN_POINT('',(0.352152681534,0.349815448829));
#3868 = CARTESIAN_POINT('',(0.289439170134,0.354638418429));
#3869 = CARTESIAN_POINT('',(0.242465656666,0.35820028371));
#3870 = CARTESIAN_POINT('',(0.195029890961,0.361744733276));
#3871 = CARTESIAN_POINT('',(0.147091463269,0.365272266552));
#3872 = CARTESIAN_POINT('',(9.861921764161E-02,0.368782531203));
#3873 = CARTESIAN_POINT('',(4.959209896721E-02,0.372274384098));
#3874 = CARTESIAN_POINT('',(0.,0.375745952267));
#3875 = ( GEOMETRIC_REPRESENTATION_CONTEXT(2) 
PARAMETRIC_REPRESENTATION_CONTEXT() REPRESENTATION_CONTEXT('2D SPACE',''
  ) );
#3876 = ORIENTED_EDGE('',*,*,#3877,.T.);
#3877 = EDGE_CURVE('',#3701,#3878,#3880,.T.);
#3878 = VERTEX_POINT('',#3879);
#3879 = CARTESIAN_POINT('',(21.264357238306,21.264357238306,
    54.456184979003));
#3880 = SURFACE_CURVE('',#3881,(#3926,#3974),.PCURVE_S1.);
#3881 = B_SPLINE_CURVE_WITH_KNOTS('',8,(#3882,#3883,#3884,#3885,#3886,
    #3887,#3888,#3889,#3890,#3891,#3892,#3893,#3894,#3895,#3896,#3897,
    #3898,#3899,#3900,#3901,#3902,#3903,#3904,#3905,#3906,#3907,#3908,
    #3909,#3910,#3911,#3912,#3913,#3914,#3915,#3916,#3917,#3918,#3919,
    #3920,#3921,#3922,#3923,#3924,#3925),.UNSPECIFIED.,.F.,.F.,(9,7,7,7,
    7,7,9),(0.,0.112528089021,0.229327645593,0.470466204404,
    0.596973470664,0.727338693994,1.),.UNSPECIFIED.);
#3882 = CARTESIAN_POINT('',(23.839048019229,23.839048019229,
    41.749588679906));
#3883 = CARTESIAN_POINT('',(23.791933992167,23.791933992167,
    41.923237411021));
#3884 = CARTESIAN_POINT('',(23.745214965095,23.745214965095,
    42.0971066085));
#3885 = CARTESIAN_POINT('',(23.698887833725,23.698887833725,
    42.271192068437));
#3886 = CARTESIAN_POINT('',(23.652948965558,23.652948965558,
    42.44548940923));
#3887 = CARTESIAN_POINT('',(23.607394337894,23.607394337894,
    42.619994137438));
#3888 = CARTESIAN_POINT('',(23.562219675833,23.562219675833,
    42.794701713633));
#3889 = CARTESIAN_POINT('',(23.517420590277,23.517420590277,
    42.969607618255));
#3890 = CARTESIAN_POINT('',(23.426878398463,23.426878398463,
    43.32645385145));
#3891 = CARTESIAN_POINT('',(23.381164524828,23.381164524828,
    43.508409464925));
#3892 = CARTESIAN_POINT('',(23.335848280482,23.335848280482,
    43.69057040271));
#3893 = CARTESIAN_POINT('',(23.290926962113,23.290926962113,
    43.872932930391));
#3894 = CARTESIAN_POINT('',(23.246397977658,23.246397977658,
    44.055493434312));
#3895 = CARTESIAN_POINT('',(23.202258846295,23.202258846295,
    44.238248421579));
#3896 = CARTESIAN_POINT('',(23.158507198448,23.158507198448,
    44.42119452006));
#3897 = CARTESIAN_POINT('',(23.025608615138,23.025608615138,
    44.982417745797));
#3898 = CARTESIAN_POINT('',(22.937718441498,22.937718441498,
    45.361307533657));
#3899 = CARTESIAN_POINT('',(22.851450242198,22.851450242198,
    45.740969341336));
#3900 = CARTESIAN_POINT('',(22.766785886613,22.766785886613,
    46.121376321361));
#3901 = CARTESIAN_POINT('',(22.683708913773,22.683708913773,
    46.502503182551));
#3902 = CARTESIAN_POINT('',(22.602204319978,22.602204319978,
    46.884326093155));
#3903 = CARTESIAN_POINT('',(22.52225834641,22.52225834641,
    47.266822583994));
#3904 = CARTESIAN_POINT('',(22.402727641266,22.402727641266,
    47.850980846572));
#3905 = CARTESIAN_POINT('',(22.362022395143,22.362022395143,
    48.052169739106));
#3906 = CARTESIAN_POINT('',(22.321740890119,22.321740890119,
    48.253535033469));
#3907 = CARTESIAN_POINT('',(22.281881818729,22.281881818729,
    48.455073923214));
#3908 = CARTESIAN_POINT('',(22.242442926733,22.242442926733,
    48.656783261722));
#3909 = CARTESIAN_POINT('',(22.203420795108,22.203420795108,
    48.858659433187));
#3910 = CARTESIAN_POINT('',(22.164811681606,22.164811681606,
    49.060698724034));
#3911 = CARTESIAN_POINT('',(22.087250270551,22.087250270551,
    49.471263926999));
#3912 = CARTESIAN_POINT('',(22.048323190768,22.048323190768,
    49.679799674077));
#3913 = CARTESIAN_POINT('',(22.009828927511,22.009828927511,
    49.888501837961));
#3914 = CARTESIAN_POINT('',(21.971764215948,21.971764215948,
    50.097366884351));
#3915 = CARTESIAN_POINT('',(21.934125781415,21.934125781415,
    50.306391342716));
#3916 = CARTESIAN_POINT('',(21.896910339409,21.896910339409,
    50.515571806296));
#3917 = CARTESIAN_POINT('',(21.860114595593,21.860114595593,
    50.724904932101));
#3918 = CARTESIAN_POINT('',(21.7476471544,21.7476471544,51.372524031158)
  );
#3919 = CARTESIAN_POINT('',(21.673380121662,21.673380121662,
    51.811313680455));
#3920 = CARTESIAN_POINT('',(21.600907652446,21.600907652446,
    52.250727727525));
#3921 = CARTESIAN_POINT('',(21.530186901712,21.530186901712,
    52.690733736792));
#3922 = CARTESIAN_POINT('',(21.461213713372,21.461213713372,
    53.131312127076));
#3923 = CARTESIAN_POINT('',(21.393924447919,21.393924447919,
    53.572426213431));
#3924 = CARTESIAN_POINT('',(21.328314907947,21.328314907947,
    54.014058218553));
#3925 = CARTESIAN_POINT('',(21.264357238306,21.264357238306,
    54.456184979003));
#3926 = PCURVE('',#3008,#3927);
#3927 = DEFINITIONAL_REPRESENTATION('',(#3928),#3973);
#3928 = B_SPLINE_CURVE_WITH_KNOTS('',8,(#3929,#3930,#3931,#3932,#3933,
    #3934,#3935,#3936,#3937,#3938,#3939,#3940,#3941,#3942,#3943,#3944,
    #3945,#3946,#3947,#3948,#3949,#3950,#3951,#3952,#3953,#3954,#3955,
    #3956,#3957,#3958,#3959,#3960,#3961,#3962,#3963,#3964,#3965,#3966,
    #3967,#3968,#3969,#3970,#3971,#3972),.UNSPECIFIED.,.F.,.F.,(9,7,7,7,
    7,7,9),(0.,0.112528089021,0.229327645593,0.470466204404,
    0.596973470664,0.727338693994,1.),.UNSPECIFIED.);
#3929 = CARTESIAN_POINT('',(14.559545678482,22.893477160337));
#3930 = CARTESIAN_POINT('',(14.492916382432,22.719828429222));
#3931 = CARTESIAN_POINT('',(14.426845700727,22.545959231743));
#3932 = CARTESIAN_POINT('',(14.361329243237,22.371873771806));
#3933 = CARTESIAN_POINT('',(14.296361872836,22.197576431014));
#3934 = CARTESIAN_POINT('',(14.231937900565,22.023071702805));
#3935 = CARTESIAN_POINT('',(14.168051280801,21.84836412661));
#3936 = CARTESIAN_POINT('',(14.104695806426,21.673458221988));
#3937 = CARTESIAN_POINT('',(13.976649810796,21.316611988794));
#3938 = CARTESIAN_POINT('',(13.912000630713,21.134656375318));
#3939 = CARTESIAN_POINT('',(13.847913783363,20.952495437533));
#3940 = CARTESIAN_POINT('',(13.784385445686,20.770132909853));
#3941 = CARTESIAN_POINT('',(13.721411951951,20.587572405932));
#3942 = CARTESIAN_POINT('',(13.658989793747,20.404817418664));
#3943 = CARTESIAN_POINT('',(13.597115619984,20.221871320183));
#3944 = CARTESIAN_POINT('',(13.409168641047,19.660648094446));
#3945 = CARTESIAN_POINT('',(13.284873165487,19.281758306586));
#3946 = CARTESIAN_POINT('',(13.162871508035,18.902096498907));
#3947 = CARTESIAN_POINT('',(13.043138028117,18.521689518882));
#3948 = CARTESIAN_POINT('',(12.925649446406,18.140562657692));
#3949 = CARTESIAN_POINT('',(12.810384544465,17.758739747088));
#3950 = CARTESIAN_POINT('',(12.697323864388,17.376243256249));
#3951 = CARTESIAN_POINT('',(12.528281920054,16.792084993671));
#3952 = CARTESIAN_POINT('',(12.470716008926,16.590896101137));
#3953 = CARTESIAN_POINT('',(12.413749358209,16.389530806774));
#3954 = CARTESIAN_POINT('',(12.357380118866,16.18799191703));
#3955 = CARTESIAN_POINT('',(12.30160510292,15.986282578521));
#3956 = CARTESIAN_POINT('',(12.246419475144,15.784406407056));
#3957 = CARTESIAN_POINT('',(12.191817943197,15.582367116209));
#3958 = CARTESIAN_POINT('',(12.082129543767,15.171801913245));
#3959 = CARTESIAN_POINT('',(12.027078339594,14.963266166166));
#3960 = CARTESIAN_POINT('',(11.972639230422,14.754564002282));
#3961 = CARTESIAN_POINT('',(11.918807599083,14.545698955892));
#3962 = CARTESIAN_POINT('',(11.865578814499,14.336674497527));
#3963 = CARTESIAN_POINT('',(11.812948231685,14.127494033947));
#3964 = CARTESIAN_POINT('',(11.760911191743,13.918160908142));
#3965 = CARTESIAN_POINT('',(11.601858211081,13.270541809086));
#3966 = CARTESIAN_POINT('',(11.496828766146,12.831752159788));
#3967 = CARTESIAN_POINT('',(11.394337217283,12.392338112718));
#3968 = CARTESIAN_POINT('',(11.294322972454,11.952332103451));
#3969 = CARTESIAN_POINT('',(11.196780154062,11.511753713167));
#3970 = CARTESIAN_POINT('',(11.101618762257,11.070639626812));
#3971 = CARTESIAN_POINT('',(11.008832861008,10.629007621691));
#3972 = CARTESIAN_POINT('',(10.918383057184,10.186880861241));
#3973 = ( GEOMETRIC_REPRESENTATION_CONTEXT(2) 
PARAMETRIC_REPRESENTATION_CONTEXT() REPRESENTATION_CONTEXT('2D SPACE',''
  ) );
#3974 = PCURVE('',#3975,#4042);
#3975 = ( BOUNDED_SURFACE() B_SPLINE_SURFACE(1,3,(
    (#3976,#3977,#3978,#3979,#3980,#3981,#3982,#3983,#3984,#3985,#3986
      ,#3987,#3988,#3989,#3990,#3991,#3992,#3993,#3994,#3995,#3996,#3997
      ,#3998,#3999,#4000,#4001,#4002,#4003,#4004,#4005,#4006,#4007,#4008
      )
    ,(#4009,#4010,#4011,#4012,#4013,#4014,#4015,#4016,#4017,#4018,#4019
      ,#4020,#4021,#4022,#4023,#4024,#4025,#4026,#4027,#4028,#4029,#4030
      ,#4031,#4032,#4033,#4034,#4035,#4036,#4037,#4038,#4039,#4040,#4041
)),.UNSPECIFIED.,.F.,.F.,.F.) B_SPLINE_SURFACE_WITH_KNOTS((2,2),(4,1,1,1
    ,1,1,1,1,1,1,1,1,1,1,1,1,1,1,1,1,1,1,1,1,1,1,1,1,1,1,4),(31.,32.),(
    0.,3.068165821138E-02,6.601269782959E-02,9.830800907E-02,
    0.127216197096,0.157262707878,0.188138205668,0.219565799738,
    0.251333925196,0.283659313393,0.31744062664,0.35073174851,
    0.384111710396,0.417581465102,0.45114195778,0.484794125941,
    0.51853889945,0.552377200543,0.586309943827,0.620338036294,
    0.654462377335,0.688683858749,0.723003364765,0.757421772058,
    0.791939949764,0.826558759507,0.861279055419,0.896101684163,
    0.931027484962,0.96605728962,1.),.UNSPECIFIED.) 
GEOMETRIC_REPRESENTATION_ITEM() RATIONAL_B_SPLINE_SURFACE((
    (1.,1.000000000002,0.999999999999,1.,1.,1.,1.,1.,1.,1.,1.,1.,1.,1.
      ,1.,1.,1.,1.,1.,1.,1.,1.,1.,1.,1.,1.,1.,1.,0.999999999999
      ,1.000000000003,0.999999999988,1.000000000025,1.)
    ,(1.,1.000000000002,0.999999999999,1.,1.,1.,1.,1.,1.,1.,1.,1.,1.,1.
      ,1.,1.,1.,1.,1.,1.,1.,1.,1.,1.,1.,1.,1.,1.,0.999999999999
      ,1.000000000003,0.999999999988,1.000000000025,1.
))) REPRESENTATION_ITEM('') SURFACE() );
#3976 = CARTESIAN_POINT('',(12.941738558704,-4.833767411498,
    -10.11982966802));
#3977 = CARTESIAN_POINT('',(18.731229669165,-5.720582561736,
    -12.85547423447));
#3978 = CARTESIAN_POINT('',(10.527226351026,-3.035250686417,
    -2.952170729409));
#3979 = CARTESIAN_POINT('',(13.36345408269,-2.843848991046,
    2.074211451366));
#3980 = CARTESIAN_POINT('',(19.843674914142,-2.541795256408,
    3.324693262476));
#3981 = CARTESIAN_POINT('',(22.399288365313,-0.788276090541,
    6.627972299613));
#3982 = CARTESIAN_POINT('',(24.65211135034,1.083781300135,
    10.293545432463));
#3983 = CARTESIAN_POINT('',(26.009921939711,3.278608245862,
    14.436104726298));
#3984 = CARTESIAN_POINT('',(26.718806740206,5.580433987463,
    18.810975887307));
#3985 = CARTESIAN_POINT('',(26.830327347117,7.926743557997,
    23.338395863153));
#3986 = CARTESIAN_POINT('',(26.126466757915,10.119756174482,
    28.043852332174));
#3987 = CARTESIAN_POINT('',(25.702879864742,12.308751065789,
    33.366718058391));
#3988 = CARTESIAN_POINT('',(24.92541217908,14.556941659887,
    38.364162653567));
#3989 = CARTESIAN_POINT('',(24.000118660543,16.734205403763,
    43.430315313796));
#3990 = CARTESIAN_POINT('',(22.872469359066,18.858817200588,
    48.470245820927));
#3991 = CARTESIAN_POINT('',(21.559716977795,20.907994678683,
    53.517229585308));
#3992 = CARTESIAN_POINT('',(20.062879874997,22.866700023665,
    58.562314412655));
#3993 = CARTESIAN_POINT('',(18.389212061739,24.718155798169,
    63.607908825541));
#3994 = CARTESIAN_POINT('',(16.546138108225,26.446561061664,
    68.653364824306));
#3995 = CARTESIAN_POINT('',(14.542850636998,28.036524067903,
    73.698856747151));
#3996 = CARTESIAN_POINT('',(12.389831854764,29.473376056608,
    78.744337770558));
#3997 = CARTESIAN_POINT('',(10.098919248927,30.743244298118,
    83.78982021861));
#3998 = CARTESIAN_POINT('',(7.683211433564,31.833185422897,
    88.835301850638));
#3999 = CARTESIAN_POINT('',(5.157001415386,32.731295139727,
    93.880779285128));
#4000 = CARTESIAN_POINT('',(2.535696885092,33.426821967348,
    98.926268414461));
#4001 = CARTESIAN_POINT('',(-0.164296632441,33.910252955514,
    103.97170885322));
#4002 = CARTESIAN_POINT('',(-2.92558901839,34.173466724823,
    109.01732721786));
#4003 = CARTESIAN_POINT('',(-5.730252872736,34.209597925766,
    114.06227402731));
#4004 = CARTESIAN_POINT('',(-8.558682838225,34.01394187481,
    119.10973365218));
#4005 = CARTESIAN_POINT('',(-11.39444420715,33.580915273826,
    124.14776911856));
#4006 = CARTESIAN_POINT('',(-14.17480599571,32.923297385476,
    129.16358721253));
#4007 = CARTESIAN_POINT('',(-16.01368735328,32.320984119373,
    132.39837068759));
#4008 = CARTESIAN_POINT('',(-16.97249410538,31.946481636051,
    133.73002152875));
#4009 = CARTESIAN_POINT('',(15.792804202207,-2.566580493724,
    -10.11982966802));
#4010 = CARTESIAN_POINT('',(19.919177274938,-2.485145008623,
    -13.20549020304));
#4011 = CARTESIAN_POINT('',(14.189360289755,-0.964867223901,
    -2.349153047964));
#4012 = CARTESIAN_POINT('',(14.998805482662,-0.186593216437,
    0.402167973074));
#4013 = CARTESIAN_POINT('',(20.898983068015,1.427800116153,
    0.556268184895));
#4014 = CARTESIAN_POINT('',(24.767079796309,3.990697183113,
    4.338199718794));
#4015 = CARTESIAN_POINT('',(27.186703912332,6.658664832873,
    8.389705231602));
#4016 = CARTESIAN_POINT('',(28.55056727674,9.506983422842,
    13.012356568386));
#4017 = CARTESIAN_POINT('',(28.984711482698,12.328702655396,
    17.855593946091));
#4018 = CARTESIAN_POINT('',(28.67060298377,15.05606292182,
    22.862616673986));
#4019 = CARTESIAN_POINT('',(27.395241102927,17.401797299736,
    28.032637662535));
#4020 = CARTESIAN_POINT('',(26.392805902195,19.772937547043,
    32.865744682983));
#4021 = CARTESIAN_POINT('',(25.009887445923,22.154403398509,
    37.987629462079));
#4022 = CARTESIAN_POINT('',(23.465895645814,24.415798738971,
    43.013612385695));
#4023 = CARTESIAN_POINT('',(21.70656254419,26.57338383504,
    48.057464389687));
#4024 = CARTESIAN_POINT('',(19.753465129702,28.603093531067,
    53.096507709553));
#4025 = CARTESIAN_POINT('',(17.612003255887,30.488651332912,
    58.136843432611));
#4026 = CARTESIAN_POINT('',(15.293971938064,32.212497573297,
    63.176830119094));
#4027 = CARTESIAN_POINT('',(12.811428906436,33.758412360986,
    68.21690940437));
#4028 = CARTESIAN_POINT('',(10.178268672747,35.110987703631,
    73.256962481845));
#4029 = CARTESIAN_POINT('',(7.409707402412,36.255941486388,
    78.297021288927));
#4030 = CARTESIAN_POINT('',(4.522314370577,37.180197549517,
    83.337077385979));
#4031 = CARTESIAN_POINT('',(1.533882220556,37.872020437622,
    88.377132512319));
#4032 = CARTESIAN_POINT('',(-1.536675832578,38.321124015725,
    93.417188239103));
#4033 = CARTESIAN_POINT('',(-4.66944038144,38.518781369805,
    98.457236548315));
#4034 = CARTESIAN_POINT('',(-7.843642726555,38.457901464734,
    103.49730811583));
#4035 = CARTESIAN_POINT('',(-11.03769659847,38.133178075376,
    108.53728784062));
#4036 = CARTESIAN_POINT('',(-14.22974217901,37.540916755392,
    113.57760725616));
#4037 = CARTESIAN_POINT('',(-17.39630497298,36.680012549043,
    118.61664877333));
#4038 = CARTESIAN_POINT('',(-20.51805269107,35.5485550392,
    123.66047617316));
#4039 = CARTESIAN_POINT('',(-23.52448047467,34.172548568296,
    128.62935510852));
#4040 = CARTESIAN_POINT('',(-25.47925831492,33.07758985407,
    131.96152364674));
#4041 = CARTESIAN_POINT('',(-26.49739095355,32.453412263131,
    133.73002152875));
#4042 = DEFINITIONAL_REPRESENTATION('',(#4043),#4088);
#4043 = B_SPLINE_CURVE_WITH_KNOTS('',8,(#4044,#4045,#4046,#4047,#4048,
    #4049,#4050,#4051,#4052,#4053,#4054,#4055,#4056,#4057,#4058,#4059,
    #4060,#4061,#4062,#4063,#4064,#4065,#4066,#4067,#4068,#4069,#4070,
    #4071,#4072,#4073,#4074,#4075,#4076,#4077,#4078,#4079,#4080,#4081,
    #4082,#4083,#4084,#4085,#4086,#4087),.UNSPECIFIED.,.F.,.F.,(9,7,7,7,
    7,7,9),(0.,0.112528089021,0.229327645593,0.470466204404,
    0.596973470664,0.727338693994,1.),.UNSPECIFIED.);
#4044 = CARTESIAN_POINT('',(32.,0.375745952267));
#4045 = CARTESIAN_POINT('',(31.984144116705,0.376855885093));
#4046 = CARTESIAN_POINT('',(31.968355235668,0.377967419989));
#4047 = CARTESIAN_POINT('',(31.952632983293,0.379080495812));
#4048 = CARTESIAN_POINT('',(31.936976861206,0.380195054982));
#4049 = CARTESIAN_POINT('',(31.92138625976,0.381311045435));
#4050 = CARTESIAN_POINT('',(31.905860471532,0.382428422574));
#4051 = CARTESIAN_POINT('',(31.890398704823,0.383547151224));
#4052 = CARTESIAN_POINT('',(31.859016971857,0.385829780288));
#4053 = CARTESIAN_POINT('',(31.843101932704,0.386993792097));
#4054 = CARTESIAN_POINT('',(31.827254200638,0.388159248137));
#4055 = CARTESIAN_POINT('',(31.811473029758,0.389326151954));
#4056 = CARTESIAN_POINT('',(31.795757707334,0.390494505502));
#4057 = CARTESIAN_POINT('',(31.780107553797,0.391664309148));
#4058 = CARTESIAN_POINT('',(31.764521922745,0.392835561671));
#4059 = CARTESIAN_POINT('',(31.716954825638,0.396429355479));
#4060 = CARTESIAN_POINT('',(31.685181865663,0.398856613063));
#4061 = CARTESIAN_POINT('',(31.653675893281,0.401290009084));
#4062 = CARTESIAN_POINT('',(31.622432074267,0.403729487507));
#4063 = CARTESIAN_POINT('',(31.591446132388,0.406174959582));
#4064 = CARTESIAN_POINT('',(31.560714313883,0.408626303234));
#4065 = CARTESIAN_POINT('',(31.530233351943,0.411083362459));
#4066 = CARTESIAN_POINT('',(31.484139491431,0.414837879458));
#4067 = CARTESIAN_POINT('',(31.468346801926,0.416131332523));
#4068 = CARTESIAN_POINT('',(31.452621991643,0.41742627928));
#4069 = CARTESIAN_POINT('',(31.436964803373,0.418722686297));
#4070 = CARTESIAN_POINT('',(31.421374782676,0.420020520423));
#4071 = CARTESIAN_POINT('',(31.40585121215,0.421319751985));
#4072 = CARTESIAN_POINT('',(31.390393291037,0.422620354096));
#4073 = CARTESIAN_POINT('',(31.359138413594,0.425263946075));
#4074 = CARTESIAN_POINT('',(31.343345444724,0.426607019454));
#4075 = CARTESIAN_POINT('',(31.327620957309,0.427951488339));
#4076 = CARTESIAN_POINT('',(31.311964245437,0.429297324267));
#4077 = CARTESIAN_POINT('',(31.296374593524,0.4306445002));
#4078 = CARTESIAN_POINT('',(31.28085127631,0.43199299052));
#4079 = CARTESIAN_POINT('',(31.265393558865,0.433342771035));
#4080 = CARTESIAN_POINT('',(31.217806236852,0.437519561042));
#4081 = CARTESIAN_POINT('',(31.185895386086,0.44035085062));
#4082 = CARTESIAN_POINT('',(31.154262205652,0.443187444809));
#4083 = CARTESIAN_POINT('',(31.122896742844,0.446029284484));
#4084 = CARTESIAN_POINT('',(31.091797982011,0.448875972564));
#4085 = CARTESIAN_POINT('',(31.060950862065,0.451727689252));
#4086 = CARTESIAN_POINT('',(31.030353815877,0.454584120438));
#4087 = CARTESIAN_POINT('',(31.,0.45744514651));
#4088 = ( GEOMETRIC_REPRESENTATION_CONTEXT(2) 
PARAMETRIC_REPRESENTATION_CONTEXT() REPRESENTATION_CONTEXT('2D SPACE',''
  ) );
#4089 = ORIENTED_EDGE('',*,*,#4090,.T.);
#4090 = EDGE_CURVE('',#3878,#4091,#4093,.T.);
#4091 = VERTEX_POINT('',#4092);
#4092 = CARTESIAN_POINT('',(25.385037400407,25.385037400407,
    66.319875493247));
#4093 = SURFACE_CURVE('',#4094,(#4117,#4143),.PCURVE_S1.);
#4094 = B_SPLINE_CURVE_WITH_KNOTS('',6,(#4095,#4096,#4097,#4098,#4099,
    #4100,#4101,#4102,#4103,#4104,#4105,#4106,#4107,#4108,#4109,#4110,
    #4111,#4112,#4113,#4114,#4115,#4116),.UNSPECIFIED.,.F.,.F.,(7,5,5,5,
    7),(0.,0.270527074447,0.525279072732,0.768401229289,1.),
  .UNSPECIFIED.);
#4095 = CARTESIAN_POINT('',(21.264357238306,21.264357238306,
    54.456184979003));
#4096 = CARTESIAN_POINT('',(21.412807824988,21.412807824988,
    55.015411295477));
#4097 = CARTESIAN_POINT('',(21.564939634584,21.564939634584,
    55.572652605355));
#4098 = CARTESIAN_POINT('',(21.720829545994,21.720829545994,
    56.127797882681));
#4099 = CARTESIAN_POINT('',(21.880553471715,21.880553471715,
    56.680728978615));
#4100 = CARTESIAN_POINT('',(22.044186357835,22.044186357835,
    57.231320621433));
#4101 = CARTESIAN_POINT('',(22.369643933363,22.369643933363,
    58.295598044676));
#4102 = CARTESIAN_POINT('',(22.531017789068,22.531017789068,
    58.809563415416));
#4103 = CARTESIAN_POINT('',(22.695982898069,22.695982898069,
    59.321227425351));
#4104 = CARTESIAN_POINT('',(22.864606519255,22.864606519255,
    59.830468763982));
#4105 = CARTESIAN_POINT('',(23.036946056859,23.036946056859,
    60.337165294113));
#4106 = CARTESIAN_POINT('',(23.381130940606,23.381130940606,
    61.322201516985));
#4107 = CARTESIAN_POINT('',(23.552639398793,23.552639398793,
    61.800779817842));
#4108 = CARTESIAN_POINT('',(23.727632833513,23.727632833513,
    62.276810944252));
#4109 = CARTESIAN_POINT('',(23.906156256543,23.906156256543,
    62.750179389691));
#4110 = CARTESIAN_POINT('',(24.088250638337,24.088250638337,
    63.220766234895));
#4111 = CARTESIAN_POINT('',(24.450853351772,24.450853351772,
    64.133965053375));
#4112 = CARTESIAN_POINT('',(24.631027841998,24.631027841998,
    64.576845851424));
#4113 = CARTESIAN_POINT('',(24.814508238347,24.814508238347,
    65.016985634979));
#4114 = CARTESIAN_POINT('',(25.001322301064,25.001322301064,
    65.454276613021));
#4115 = CARTESIAN_POINT('',(25.191492929465,25.191492929465,
    65.888609764659));
#4116 = CARTESIAN_POINT('',(25.385037400407,25.385037400407,
    66.319875493247));
#4117 = PCURVE('',#3008,#4118);
#4118 = DEFINITIONAL_REPRESENTATION('',(#4119),#4142);
#4119 = B_SPLINE_CURVE_WITH_KNOTS('',6,(#4120,#4121,#4122,#4123,#4124,
    #4125,#4126,#4127,#4128,#4129,#4130,#4131,#4132,#4133,#4134,#4135,
    #4136,#4137,#4138,#4139,#4140,#4141),.UNSPECIFIED.,.F.,.F.,(7,5,5,5,
    7),(0.,0.270527074447,0.525279072732,0.768401229289,1.),
  .UNSPECIFIED.);
#4120 = CARTESIAN_POINT('',(10.918383057184,10.186880861241));
#4121 = CARTESIAN_POINT('',(11.128323890211,9.627654544766));
#4122 = CARTESIAN_POINT('',(11.34347075861,9.070413234889));
#4123 = CARTESIAN_POINT('',(11.563932385564,8.515267957563));
#4124 = CARTESIAN_POINT('',(11.789816127553,7.962336861628));
#4125 = CARTESIAN_POINT('',(12.021227974355,7.41174521881));
#4126 = CARTESIAN_POINT('',(12.481494491644,6.347467795567));
#4127 = CARTESIAN_POINT('',(12.709711586995,5.833502424828));
#4128 = CARTESIAN_POINT('',(12.943007481462,5.321838414892));
#4129 = CARTESIAN_POINT('',(13.18147729348,4.812597076261));
#4130 = CARTESIAN_POINT('',(13.425202204892,4.30590054613));
#4131 = CARTESIAN_POINT('',(13.911953135451,3.320864323259));
#4132 = CARTESIAN_POINT('',(14.15450272308,2.842286022401));
#4133 = CARTESIAN_POINT('',(14.401980811788,2.366254895991));
#4134 = CARTESIAN_POINT('',(14.654451057838,1.892886450553));
#4135 = CARTESIAN_POINT('',(14.911971402203,1.422299605348));
#4136 = CARTESIAN_POINT('',(15.424769077297,0.509100786868));
#4137 = CARTESIAN_POINT('',(15.679574284968,6.621998881935E-02));
#4138 = CARTESIAN_POINT('',(15.939054749914,-0.373919794736));
#4139 = CARTESIAN_POINT('',(16.203249731051,-0.811210772778));
#4140 = CARTESIAN_POINT('',(16.4721916129,-1.245543924416));
#4141 = CARTESIAN_POINT('',(16.745904828628,-1.676809653004));
#4142 = ( GEOMETRIC_REPRESENTATION_CONTEXT(2) 
PARAMETRIC_REPRESENTATION_CONTEXT() REPRESENTATION_CONTEXT('2D SPACE',''
  ) );
#4143 = PCURVE('',#4144,#4211);
#4144 = ( BOUNDED_SURFACE() B_SPLINE_SURFACE(1,3,(
    (#4145,#4146,#4147,#4148,#4149,#4150,#4151,#4152,#4153,#4154,#4155
      ,#4156,#4157,#4158,#4159,#4160,#4161,#4162,#4163,#4164,#4165,#4166
      ,#4167,#4168,#4169,#4170,#4171,#4172,#4173,#4174,#4175,#4176,#4177
      )
    ,(#4178,#4179,#4180,#4181,#4182,#4183,#4184,#4185,#4186,#4187,#4188
      ,#4189,#4190,#4191,#4192,#4193,#4194,#4195,#4196,#4197,#4198,#4199
      ,#4200,#4201,#4202,#4203,#4204,#4205,#4206,#4207,#4208,#4209,#4210
)),.UNSPECIFIED.,.F.,.F.,.F.) B_SPLINE_SURFACE_WITH_KNOTS((2,2),(4,1,1,1
    ,1,1,1,1,1,1,1,1,1,1,1,1,1,1,1,1,1,1,1,1,1,1,1,1,1,1,4),(30.,31.),(
    0.,3.068165821138E-02,6.601269782959E-02,9.830800907E-02,
    0.127216197096,0.157262707878,0.188138205668,0.219565799738,
    0.251333925196,0.283659313393,0.31744062664,0.35073174851,
    0.384111710396,0.417581465102,0.45114195778,0.484794125941,
    0.51853889945,0.552377200543,0.586309943827,0.620338036294,
    0.654462377335,0.688683858749,0.723003364765,0.757421772058,
    0.791939949764,0.826558759507,0.861279055419,0.896101684163,
    0.931027484962,0.96605728962,1.),.UNSPECIFIED.) 
GEOMETRIC_REPRESENTATION_ITEM() RATIONAL_B_SPLINE_SURFACE((
    (1.,1.000000000002,0.999999999999,1.,1.,1.,1.,1.,1.,1.,1.,1.,1.,1.
      ,1.,1.,1.,1.,1.,1.,1.,1.,1.,1.,1.,1.,1.,1.,0.999999999999
      ,1.000000000003,0.999999999988,1.000000000025,1.)
    ,(1.,1.000000000002,0.999999999999,1.,1.,1.,1.,1.,1.,1.,1.,1.,1.,1.
      ,1.,1.,1.,1.,1.,1.,1.,1.,1.,1.,1.,1.,1.,1.,0.999999999999
      ,1.000000000003,0.999999999988,1.000000000025,1.
))) REPRESENTATION_ITEM('') SURFACE() );
#4145 = CARTESIAN_POINT('',(13.608460730597,-8.414855705465,
    -10.11982966802));
#4146 = CARTESIAN_POINT('',(17.451896365969,-9.918713737809,
    -13.20549020304));
#4147 = CARTESIAN_POINT('',(12.740020850646,-6.321454178741,
    -2.349153047964));
#4148 = CARTESIAN_POINT('',(13.78568326489,-5.912184016991,
    0.402167973074));
#4149 = CARTESIAN_POINT('',(19.854538156051,-6.678579269591,
    0.556268184895));
#4150 = CARTESIAN_POINT('',(24.408971799439,-5.791027658179,
    4.338199718794));
#4151 = CARTESIAN_POINT('',(27.665400014263,-4.252097014922,
    8.389705231602));
#4152 = CARTESIAN_POINT('',(30.015449796257,-2.142521681145,
    13.012356568386));
#4153 = CARTESIAN_POINT('',(31.496371943385,0.298267169427,
    17.855593946091));
#4154 = CARTESIAN_POINT('',(32.249889118289,2.938223615866,
    22.862616673986));
#4155 = CARTESIAN_POINT('',(31.969282063191,5.593459458399,
    28.032637662535));
#4156 = CARTESIAN_POINT('',(31.950548787023,8.167722744939,
    32.865744682983));
#4157 = CARTESIAN_POINT('',(31.584246256241,10.89713028401,
    37.987629462079));
#4158 = CARTESIAN_POINT('',(31.023182364578,13.577247235589,
    43.013612385695));
#4159 = CARTESIAN_POINT('',(30.223442591302,16.243863575501,
    48.057464389687));
#4160 = CARTESIAN_POINT('',(29.195752138236,18.86648884292,
    53.096507709553));
#4161 = CARTESIAN_POINT('',(27.938871074897,21.428019083562,
    58.136843432611));
#4162 = CARTESIAN_POINT('',(26.456976780781,23.907717523285,
    63.176830119094));
#4163 = CARTESIAN_POINT('',(24.755002062377,26.285984642975,
    68.21690940437));
#4164 = CARTESIAN_POINT('',(22.839887391306,28.543268114419,
    73.256962481845));
#4165 = CARTESIAN_POINT('',(20.720225142624,30.660550009624,
    78.297021288927));
#4166 = CARTESIAN_POINT('',(18.406319300819,32.619408745158,
    83.337077385979));
#4167 = CARTESIAN_POINT('',(15.910117160525,34.402193224162,
    88.377132512319));
#4168 = CARTESIAN_POINT('',(13.245155920602,35.992162522999,
    93.417188239103));
#4169 = CARTESIAN_POINT('',(10.426499068424,37.373631197233,
    98.457236548315));
#4170 = CARTESIAN_POINT('',(7.470620758687,38.532100147448,
    103.49730811583));
#4171 = CARTESIAN_POINT('',(4.395433499475,39.454406353153,
    108.53728784062));
#4172 = CARTESIAN_POINT('',(1.219719325978,40.128771200765,
    113.57760725616));
#4173 = CARTESIAN_POINT('',(-2.035257004385,40.545190543801,
    118.61664877333));
#4174 = CARTESIAN_POINT('',(-5.352365870334,40.694501240524,
    123.66047617316));
#4175 = CARTESIAN_POINT('',(-8.65651784444,40.57374712796,
    128.62935510852));
#4176 = CARTESIAN_POINT('',(-10.88151964162,40.310198278492,
    131.96152364674));
#4177 = CARTESIAN_POINT('',(-12.06101397012,40.123155868882,
    133.73002152875));
#4178 = CARTESIAN_POINT('',(12.941738558704,-4.833767411498,
    -10.11982966802));
#4179 = CARTESIAN_POINT('',(18.731229669165,-5.720582561736,
    -12.85547423447));
#4180 = CARTESIAN_POINT('',(10.527226351026,-3.035250686417,
    -2.952170729409));
#4181 = CARTESIAN_POINT('',(13.36345408269,-2.843848991046,
    2.074211451366));
#4182 = CARTESIAN_POINT('',(19.843674914142,-2.541795256408,
    3.324693262476));
#4183 = CARTESIAN_POINT('',(22.399288365313,-0.788276090541,
    6.627972299613));
#4184 = CARTESIAN_POINT('',(24.65211135034,1.083781300135,
    10.293545432463));
#4185 = CARTESIAN_POINT('',(26.009921939711,3.278608245862,
    14.436104726298));
#4186 = CARTESIAN_POINT('',(26.718806740206,5.580433987463,
    18.810975887307));
#4187 = CARTESIAN_POINT('',(26.830327347117,7.926743557997,
    23.338395863153));
#4188 = CARTESIAN_POINT('',(26.126466757915,10.119756174482,
    28.043852332174));
#4189 = CARTESIAN_POINT('',(25.702879864742,12.308751065789,
    33.366718058391));
#4190 = CARTESIAN_POINT('',(24.92541217908,14.556941659887,
    38.364162653567));
#4191 = CARTESIAN_POINT('',(24.000118660543,16.734205403763,
    43.430315313796));
#4192 = CARTESIAN_POINT('',(22.872469359066,18.858817200588,
    48.470245820927));
#4193 = CARTESIAN_POINT('',(21.559716977795,20.907994678683,
    53.517229585308));
#4194 = CARTESIAN_POINT('',(20.062879874997,22.866700023665,
    58.562314412655));
#4195 = CARTESIAN_POINT('',(18.389212061739,24.718155798169,
    63.607908825541));
#4196 = CARTESIAN_POINT('',(16.546138108225,26.446561061664,
    68.653364824306));
#4197 = CARTESIAN_POINT('',(14.542850636998,28.036524067903,
    73.698856747151));
#4198 = CARTESIAN_POINT('',(12.389831854764,29.473376056608,
    78.744337770558));
#4199 = CARTESIAN_POINT('',(10.098919248927,30.743244298118,
    83.78982021861));
#4200 = CARTESIAN_POINT('',(7.683211433564,31.833185422897,
    88.835301850638));
#4201 = CARTESIAN_POINT('',(5.157001415386,32.731295139727,
    93.880779285128));
#4202 = CARTESIAN_POINT('',(2.535696885092,33.426821967348,
    98.926268414461));
#4203 = CARTESIAN_POINT('',(-0.164296632441,33.910252955514,
    103.97170885322));
#4204 = CARTESIAN_POINT('',(-2.92558901839,34.173466724823,
    109.01732721786));
#4205 = CARTESIAN_POINT('',(-5.730252872736,34.209597925766,
    114.06227402731));
#4206 = CARTESIAN_POINT('',(-8.558682838225,34.01394187481,
    119.10973365218));
#4207 = CARTESIAN_POINT('',(-11.39444420715,33.580915273826,
    124.14776911856));
#4208 = CARTESIAN_POINT('',(-14.17480599571,32.923297385476,
    129.16358721253));
#4209 = CARTESIAN_POINT('',(-16.01368735328,32.320984119373,
    132.39837068759));
#4210 = CARTESIAN_POINT('',(-16.97249410538,31.946481636051,
    133.73002152875));
#4211 = DEFINITIONAL_REPRESENTATION('',(#4212),#4235);
#4212 = B_SPLINE_CURVE_WITH_KNOTS('',6,(#4213,#4214,#4215,#4216,#4217,
    #4218,#4219,#4220,#4221,#4222,#4223,#4224,#4225,#4226,#4227,#4228,
    #4229,#4230,#4231,#4232,#4233,#4234),.UNSPECIFIED.,.F.,.F.,(7,5,5,5,
    7),(0.,0.270527074447,0.525279072732,0.768401229289,1.),
  .UNSPECIFIED.);
#4213 = CARTESIAN_POINT('',(31.,0.45744514651));
#4214 = CARTESIAN_POINT('',(30.95924932748,0.4612861341));
#4215 = CARTESIAN_POINT('',(30.918080042077,0.465117092369));
#4216 = CARTESIAN_POINT('',(30.876481214175,0.468937213021));
#4217 = CARTESIAN_POINT('',(30.83444201688,0.472745662254));
#4218 = CARTESIAN_POINT('',(30.791951726013,0.47654158076));
#4219 = CARTESIAN_POINT('',(30.708552347689,0.483886019965));
#4220 = CARTESIAN_POINT('',(30.667695533037,0.487436059313));
#4221 = CARTESIAN_POINT('',(30.626420725278,0.490973456786));
#4222 = CARTESIAN_POINT('',(30.584718375466,0.494497477229));
#4223 = CARTESIAN_POINT('',(30.542580537325,0.498007300085));
#4224 = CARTESIAN_POINT('',(30.459362291976,0.504837328539));
#4225 = CARTESIAN_POINT('',(30.418321501624,0.508158874905));
#4226 = CARTESIAN_POINT('',(30.376870379772,0.511465986472));
#4227 = CARTESIAN_POINT('',(30.335002968613,0.514757894426));
#4228 = CARTESIAN_POINT('',(30.292714068909,0.518033799394));
#4229 = CARTESIAN_POINT('',(30.209308987794,0.524397471572));
#4230 = CARTESIAN_POINT('',(30.168232310488,0.527486797656));
#4231 = CARTESIAN_POINT('',(30.126765625888,0.530560133244));
#4232 = CARTESIAN_POINT('',(30.084905996467,0.533616746685));
#4233 = CARTESIAN_POINT('',(30.042651233301,0.536655895135));
#4234 = CARTESIAN_POINT('',(30.,0.539676828548));
#4235 = ( GEOMETRIC_REPRESENTATION_CONTEXT(2) 
PARAMETRIC_REPRESENTATION_CONTEXT() REPRESENTATION_CONTEXT('2D SPACE',''
  ) );
#4236 = ORIENTED_EDGE('',*,*,#4237,.T.);
#4237 = EDGE_CURVE('',#4091,#4238,#4240,.T.);
#4238 = VERTEX_POINT('',#4239);
#4239 = CARTESIAN_POINT('',(22.599681210075,22.599681210075,
    79.052552252845));
#4240 = SURFACE_CURVE('',#4241,(#4264,#4290),.PCURVE_S1.);
#4241 = B_SPLINE_CURVE_WITH_KNOTS('',6,(#4242,#4243,#4244,#4245,#4246,
    #4247,#4248,#4249,#4250,#4251,#4252,#4253,#4254,#4255,#4256,#4257,
    #4258,#4259,#4260,#4261,#4262,#4263),.UNSPECIFIED.,.F.,.F.,(7,5,5,5,
    7),(0.,0.229964380333,0.471343770947,0.728039715949,1.),
  .UNSPECIFIED.);
#4242 = CARTESIAN_POINT('',(25.385037400407,25.385037400407,
    66.319875493247));
#4243 = CARTESIAN_POINT('',(25.246916616044,25.246916616044,
    66.792185598381));
#4244 = CARTESIAN_POINT('',(25.111949994899,25.111949994899,
    67.266384318246));
#4245 = CARTESIAN_POINT('',(24.980094619949,24.980094619949,
    67.742383259102));
#4246 = CARTESIAN_POINT('',(24.851303930993,24.851303930993,
    68.220096455325));
#4247 = CARTESIAN_POINT('',(24.725530543834,24.725530543834,
    68.699441899755));
#4248 = CARTESIAN_POINT('',(24.473831955022,24.473831955022,
    69.68511530105));
#4249 = CARTESIAN_POINT('',(24.348209001422,24.348209001422,
    70.191601327915));
#4250 = CARTESIAN_POINT('',(24.225805951244,24.225805951244,
    70.699711805746));
#4251 = CARTESIAN_POINT('',(24.106567857787,24.106567857787,
    71.209361765894));
#4252 = CARTESIAN_POINT('',(23.990439085073,23.990439085073,
    71.720470619956));
#4253 = CARTESIAN_POINT('',(23.757112389088,23.757112389088,
    72.77797347902));
#4254 = CARTESIAN_POINT('',(23.640314550007,23.640314550007,
    73.32454833647));
#4255 = CARTESIAN_POINT('',(23.526901851868,23.526901851868,
    73.8725954836));
#4256 = CARTESIAN_POINT('',(23.416805758008,23.416805758008,
    74.42202777447));
#4257 = CARTESIAN_POINT('',(23.309965853943,23.309965853943,
    74.972767297548));
#4258 = CARTESIAN_POINT('',(23.096504348975,23.096504348975,
    76.109532812218));
#4259 = CARTESIAN_POINT('',(22.990273823009,22.990273823009,
    76.695709431103));
#4260 = CARTESIAN_POINT('',(22.887550057599,22.887550057599,
    77.283179931408));
#4261 = CARTESIAN_POINT('',(22.788258207825,22.788258207825,
    77.871861137522));
#4262 = CARTESIAN_POINT('',(22.69232520927,22.69232520927,
    78.461675656483));
#4263 = CARTESIAN_POINT('',(22.599681210075,22.599681210075,
    79.052552252845));
#4264 = PCURVE('',#3008,#4265);
#4265 = DEFINITIONAL_REPRESENTATION('',(#4266),#4289);
#4266 = B_SPLINE_CURVE_WITH_KNOTS('',6,(#4267,#4268,#4269,#4270,#4271,
    #4272,#4273,#4274,#4275,#4276,#4277,#4278,#4279,#4280,#4281,#4282,
    #4283,#4284,#4285,#4286,#4287,#4288),.UNSPECIFIED.,.F.,.F.,(7,5,5,5,
    7),(0.,0.229964380333,0.471343770947,0.728039715949,1.),
  .UNSPECIFIED.);
#4267 = CARTESIAN_POINT('',(16.745904828628,-1.676809653004));
#4268 = CARTESIAN_POINT('',(16.550572542137,-2.149119758138));
#4269 = CARTESIAN_POINT('',(16.359700916045,-2.623318478003));
#4270 = CARTESIAN_POINT('',(16.17322925652,-3.099317418859));
#4271 = CARTESIAN_POINT('',(15.991091717491,-3.577030615082));
#4272 = CARTESIAN_POINT('',(15.813221287584,-4.056376059512));
#4273 = CARTESIAN_POINT('',(15.457265729657,-5.042049460807));
#4274 = CARTESIAN_POINT('',(15.279608044931,-5.548535487672));
#4275 = CARTESIAN_POINT('',(15.106503991292,-6.056645965503));
#4276 = CARTESIAN_POINT('',(14.937875862374,-6.566295925651));
#4277 = CARTESIAN_POINT('',(14.773644977021,-7.077404779713));
#4278 = CARTESIAN_POINT('',(14.443671199095,-8.134907638777));
#4279 = CARTESIAN_POINT('',(14.278494111011,-8.681482496227));
#4280 = CARTESIAN_POINT('',(14.118104335158,-9.229529643357));
#4281 = CARTESIAN_POINT('',(13.962404946056,-9.778961934227));
#4282 = CARTESIAN_POINT('',(13.811310504724,-10.3297014573));
#4283 = CARTESIAN_POINT('',(13.509430349354,-11.46646697197));
#4284 = CARTESIAN_POINT('',(13.359197698795,-12.05264359086));
#4285 = CARTESIAN_POINT('',(13.213924356575,-12.64011409116));
#4286 = CARTESIAN_POINT('',(13.07350447599,-13.22879529727));
#4287 = CARTESIAN_POINT('',(12.937834728354,-13.81860981623));
#4288 = CARTESIAN_POINT('',(12.806816328221,-14.4094864126));
#4289 = ( GEOMETRIC_REPRESENTATION_CONTEXT(2) 
PARAMETRIC_REPRESENTATION_CONTEXT() REPRESENTATION_CONTEXT('2D SPACE',''
  ) );
#4290 = PCURVE('',#4291,#4358);
#4291 = ( BOUNDED_SURFACE() B_SPLINE_SURFACE(1,3,(
    (#4292,#4293,#4294,#4295,#4296,#4297,#4298,#4299,#4300,#4301,#4302
      ,#4303,#4304,#4305,#4306,#4307,#4308,#4309,#4310,#4311,#4312,#4313
      ,#4314,#4315,#4316,#4317,#4318,#4319,#4320,#4321,#4322,#4323,#4324
      )
    ,(#4325,#4326,#4327,#4328,#4329,#4330,#4331,#4332,#4333,#4334,#4335
      ,#4336,#4337,#4338,#4339,#4340,#4341,#4342,#4343,#4344,#4345,#4346
      ,#4347,#4348,#4349,#4350,#4351,#4352,#4353,#4354,#4355,#4356,#4357
)),.UNSPECIFIED.,.F.,.F.,.F.) B_SPLINE_SURFACE_WITH_KNOTS((2,2),(4,1,1,1
    ,1,1,1,1,1,1,1,1,1,1,1,1,1,1,1,1,1,1,1,1,1,1,1,1,1,1,4),(29.,30.),(
    0.,3.068165821138E-02,6.601269782959E-02,9.830800907E-02,
    0.127216197096,0.157262707878,0.188138205668,0.219565799738,
    0.251333925196,0.283659313393,0.31744062664,0.35073174851,
    0.384111710396,0.417581465102,0.45114195778,0.484794125941,
    0.51853889945,0.552377200543,0.586309943827,0.620338036294,
    0.654462377335,0.688683858749,0.723003364765,0.757421772058,
    0.791939949764,0.826558759507,0.861279055419,0.896101684163,
    0.931027484962,0.96605728962,1.),.UNSPECIFIED.) 
GEOMETRIC_REPRESENTATION_ITEM() RATIONAL_B_SPLINE_SURFACE((
    (1.,1.000000000002,0.999999999999,1.,1.,1.,1.,1.,1.,1.,1.,1.,1.,1.
      ,1.,1.,1.,1.,1.,1.,1.,1.,1.,1.,1.,1.,1.,1.,0.999999999999
      ,1.000000000003,0.999999999988,1.000000000025,1.)
    ,(1.,1.000000000002,0.999999999999,1.,1.,1.,1.,1.,1.,1.,1.,1.,1.,1.
      ,1.,1.,1.,1.,1.,1.,1.,1.,1.,1.,1.,1.,1.,1.,0.999999999999
      ,1.000000000003,0.999999999988,1.000000000025,1.
))) REPRESENTATION_ITEM('') SURFACE() );
#4292 = CARTESIAN_POINT('',(10.106804665213,-9.418407708819,
    -10.11982966802));
#4293 = CARTESIAN_POINT('',(15.116227541276,-12.45326040531,
    -12.85547423447));
#4294 = CARTESIAN_POINT('',(8.56434880851,-6.832801098372,
    -2.952170729409));
#4295 = CARTESIAN_POINT('',(11.257927817773,-7.741346353034,
    2.074211451366));
#4296 = CARTESIAN_POINT('',(17.36046216986,-9.942158240102,
    3.324693262476));
#4297 = CARTESIAN_POINT('',(20.392583863559,-9.300108700195,
    6.627972299613));
#4298 = CARTESIAN_POINT('',(23.190326257634,-8.43267122568,
    10.293545432463));
#4299 = CARTESIAN_POINT('',(25.284703579223,-6.924527149962,
    14.436104726298));
#4300 = CARTESIAN_POINT('',(26.82049831281,-5.069195928494,
    18.810975887307));
#4301 = CARTESIAN_POINT('',(27.821423718832,-2.944165627975,
    23.338395863153));
#4302 = CARTESIAN_POINT('',(28.010370922023,-0.648730370883,
    28.043852332174));
#4303 = CARTESIAN_POINT('',(28.456719739616,1.535736892152,
    33.366718058391));
#4304 = CARTESIAN_POINT('',(28.598778550804,3.910318169725,
    38.364162653567));
#4305 = CARTESIAN_POINT('',(28.577121570132,6.275942079191,
    43.430315313796));
#4306 = CARTESIAN_POINT('',(28.3483631955,8.670360138003,48.470245820927
    ));
#4307 = CARTESIAN_POINT('',(27.91972441003,11.065921855608,
    53.517229585308));
#4308 = CARTESIAN_POINT('',(27.286391331662,13.448344394247,
    58.562314412655));
#4309 = CARTESIAN_POINT('',(26.448645345428,15.799351433078,
    63.607908825541));
#4310 = CARTESIAN_POINT('',(25.407299101625,18.101503546539,
    68.653364824306));
#4311 = CARTESIAN_POINT('',(24.164955309782,20.337062750957,
    73.698856747151));
#4312 = CARTESIAN_POINT('',(22.725684774603,22.488465512101,
    78.744337770558));
#4313 = CARTESIAN_POINT('',(21.09511504461,24.538365088668,
    83.78982021861));
#4314 = CARTESIAN_POINT('',(19.280394448175,26.469790743868,
    88.835301850638));
#4315 = CARTESIAN_POINT('',(17.290172426633,28.266274649829,
    93.880779285128));
#4316 = CARTESIAN_POINT('',(15.13456941631,29.911987465107,
    98.926268414461));
#4317 = CARTESIAN_POINT('',(12.825101697412,31.391862247109,
    103.97170885322));
#4318 = CARTESIAN_POINT('',(10.374727727439,32.691740909262,
    109.01732721786));
#4319 = CARTESIAN_POINT('',(7.797383008826,33.798420176731,
    114.06227402731));
#4320 = CARTESIAN_POINT('',(5.10938012543,34.700050843161,
    119.10973365218));
#4321 = CARTESIAN_POINT('',(2.323766131608,35.3851853238,124.14776911856
    ));
#4322 = CARTESIAN_POINT('',(-0.496612688471,35.841624007921,
    129.16358721253));
#4323 = CARTESIAN_POINT('',(-2.426012845598,35.988868541464,
    132.39837068759));
#4324 = CARTESIAN_POINT('',(-3.455150675159,36.00979281934,
    133.73002152875));
#4325 = CARTESIAN_POINT('',(13.608460730597,-8.414855705465,
    -10.11982966802));
#4326 = CARTESIAN_POINT('',(17.451896365969,-9.918713737809,
    -13.20549020304));
#4327 = CARTESIAN_POINT('',(12.740020850646,-6.321454178741,
    -2.349153047964));
#4328 = CARTESIAN_POINT('',(13.78568326489,-5.912184016991,
    0.402167973074));
#4329 = CARTESIAN_POINT('',(19.854538156051,-6.678579269591,
    0.556268184895));
#4330 = CARTESIAN_POINT('',(24.408971799439,-5.791027658179,
    4.338199718794));
#4331 = CARTESIAN_POINT('',(27.665400014263,-4.252097014922,
    8.389705231602));
#4332 = CARTESIAN_POINT('',(30.015449796257,-2.142521681145,
    13.012356568386));
#4333 = CARTESIAN_POINT('',(31.496371943385,0.298267169427,
    17.855593946091));
#4334 = CARTESIAN_POINT('',(32.249889118289,2.938223615866,
    22.862616673986));
#4335 = CARTESIAN_POINT('',(31.969282063191,5.593459458399,
    28.032637662535));
#4336 = CARTESIAN_POINT('',(31.950548787023,8.167722744939,
    32.865744682983));
#4337 = CARTESIAN_POINT('',(31.584246256241,10.89713028401,
    37.987629462079));
#4338 = CARTESIAN_POINT('',(31.023182364578,13.577247235589,
    43.013612385695));
#4339 = CARTESIAN_POINT('',(30.223442591302,16.243863575501,
    48.057464389687));
#4340 = CARTESIAN_POINT('',(29.195752138236,18.86648884292,
    53.096507709553));
#4341 = CARTESIAN_POINT('',(27.938871074897,21.428019083562,
    58.136843432611));
#4342 = CARTESIAN_POINT('',(26.456976780781,23.907717523285,
    63.176830119094));
#4343 = CARTESIAN_POINT('',(24.755002062377,26.285984642975,
    68.21690940437));
#4344 = CARTESIAN_POINT('',(22.839887391306,28.543268114419,
    73.256962481845));
#4345 = CARTESIAN_POINT('',(20.720225142624,30.660550009624,
    78.297021288927));
#4346 = CARTESIAN_POINT('',(18.406319300819,32.619408745158,
    83.337077385979));
#4347 = CARTESIAN_POINT('',(15.910117160525,34.402193224162,
    88.377132512319));
#4348 = CARTESIAN_POINT('',(13.245155920602,35.992162522999,
    93.417188239103));
#4349 = CARTESIAN_POINT('',(10.426499068424,37.373631197233,
    98.457236548315));
#4350 = CARTESIAN_POINT('',(7.470620758687,38.532100147448,
    103.49730811583));
#4351 = CARTESIAN_POINT('',(4.395433499475,39.454406353153,
    108.53728784062));
#4352 = CARTESIAN_POINT('',(1.219719325978,40.128771200765,
    113.57760725616));
#4353 = CARTESIAN_POINT('',(-2.035257004385,40.545190543801,
    118.61664877333));
#4354 = CARTESIAN_POINT('',(-5.352365870334,40.694501240524,
    123.66047617316));
#4355 = CARTESIAN_POINT('',(-8.65651784444,40.57374712796,
    128.62935510852));
#4356 = CARTESIAN_POINT('',(-10.88151964162,40.310198278492,
    131.96152364674));
#4357 = CARTESIAN_POINT('',(-12.06101397012,40.123155868882,
    133.73002152875));
#4358 = DEFINITIONAL_REPRESENTATION('',(#4359),#4382);
#4359 = B_SPLINE_CURVE_WITH_KNOTS('',6,(#4360,#4361,#4362,#4363,#4364,
    #4365,#4366,#4367,#4368,#4369,#4370,#4371,#4372,#4373,#4374,#4375,
    #4376,#4377,#4378,#4379,#4380,#4381),.UNSPECIFIED.,.F.,.F.,(7,5,5,5,
    7),(0.,0.229964380333,0.471343770947,0.728039715949,1.),
  .UNSPECIFIED.);
#4360 = CARTESIAN_POINT('',(30.,0.539676828548));
#4361 = CARTESIAN_POINT('',(29.956985734971,0.542723475318));
#4362 = CARTESIAN_POINT('',(29.914455000921,0.545784793471));
#4363 = CARTESIAN_POINT('',(29.872399782493,0.54886018852));
#4364 = CARTESIAN_POINT('',(29.830811550348,0.551949079125));
#4365 = CARTESIAN_POINT('',(29.789681403185,0.555050907458));
#4366 = CARTESIAN_POINT('',(29.70629967649,0.561433976954));
#4367 = CARTESIAN_POINT('',(29.664093795742,0.564716479946));
#4368 = CARTESIAN_POINT('',(29.62237192208,0.568012047499));
#4369 = CARTESIAN_POINT('',(29.581123180682,0.571320096509));
#4370 = CARTESIAN_POINT('',(29.540336467351,0.574640071813));
#4371 = CARTESIAN_POINT('',(29.457104936826,0.581514210524));
#4372 = CARTESIAN_POINT('',(29.414719177561,0.585069865338));
#4373 = CARTESIAN_POINT('',(29.372829554514,0.588637779274));
#4374 = CARTESIAN_POINT('',(29.331422310642,0.592217347724));
#4375 = CARTESIAN_POINT('',(29.290483924762,0.595808026152));
#4376 = CARTESIAN_POINT('',(29.207110194067,0.603224693378));
#4377 = CARTESIAN_POINT('',(29.164730626913,0.60705197652));
#4378 = CARTESIAN_POINT('',(29.122845834459,0.610890513922));
#4379 = CARTESIAN_POINT('',(29.081439718314,0.614739719009));
#4380 = CARTESIAN_POINT('',(29.040496340733,0.618599042996));
#4381 = CARTESIAN_POINT('',(29.,0.622467977829));
#4382 = ( GEOMETRIC_REPRESENTATION_CONTEXT(2) 
PARAMETRIC_REPRESENTATION_CONTEXT() REPRESENTATION_CONTEXT('2D SPACE',''
  ) );
#4383 = ORIENTED_EDGE('',*,*,#4384,.T.);
#4384 = EDGE_CURVE('',#4238,#4385,#4387,.T.);
#4385 = VERTEX_POINT('',#4386);
#4386 = CARTESIAN_POINT('',(26.930609943283,26.930609943283,
    90.889927503685));
#4387 = SURFACE_CURVE('',#4388,(#4407,#4429),.PCURVE_S1.);
#4388 = B_SPLINE_CURVE_WITH_KNOTS('',5,(#4389,#4390,#4391,#4392,#4393,
    #4394,#4395,#4396,#4397,#4398,#4399,#4400,#4401,#4402,#4403,#4404,
    #4405,#4406),.UNSPECIFIED.,.F.,.F.,(6,4,4,4,6),(0.,0.2697247526,
    0.524204804219,0.767589504628,1.),.UNSPECIFIED.);
#4389 = CARTESIAN_POINT('',(22.599681210075,22.599681210075,
    79.052552252845));
#4390 = CARTESIAN_POINT('',(22.786825574712,22.786825574712,
    79.722919884678));
#4391 = CARTESIAN_POINT('',(22.979732299321,22.979732299321,
    80.39002595985));
#4392 = CARTESIAN_POINT('',(23.178553375694,23.178553375694,
    81.05363067422));
#4393 = CARTESIAN_POINT('',(23.383436895728,23.383436895728,
    81.713472117142));
#4394 = CARTESIAN_POINT('',(23.793675918644,23.793675918644,
    82.988001766072));
#4395 = CARTESIAN_POINT('',(23.998350554672,23.998350554672,
    83.603133646757));
#4396 = CARTESIAN_POINT('',(24.208659818978,24.208659818978,
    84.214430910215));
#4397 = CARTESIAN_POINT('',(24.424716231089,24.424716231089,
    84.821638297748));
#4398 = CARTESIAN_POINT('',(24.858842150597,24.858842150597,
    86.001057640718));
#4399 = CARTESIAN_POINT('',(25.076413106719,25.076413106719,
    86.573641064052));
#4400 = CARTESIAN_POINT('',(25.299414007074,25.299414007074,
    87.14200742057));
#4401 = CARTESIAN_POINT('',(25.527917409016,25.527917409016,
    87.705914010425));
#4402 = CARTESIAN_POINT('',(25.985485728062,25.985485728062,
    88.799097339036));
#4403 = CARTESIAN_POINT('',(26.214060651502,26.214060651502,
    89.328789514098));
#4404 = CARTESIAN_POINT('',(26.447752462064,26.447752462064,
    89.853971911183));
#4405 = CARTESIAN_POINT('',(26.686596845809,26.686596845809,
    90.374424054329));
#4406 = CARTESIAN_POINT('',(26.930609943283,26.930609943283,
    90.889927503685));
#4407 = PCURVE('',#3008,#4408);
#4408 = DEFINITIONAL_REPRESENTATION('',(#4409),#4428);
#4409 = B_SPLINE_CURVE_WITH_KNOTS('',5,(#4410,#4411,#4412,#4413,#4414,
    #4415,#4416,#4417,#4418,#4419,#4420,#4421,#4422,#4423,#4424,#4425,
    #4426,#4427),.UNSPECIFIED.,.F.,.F.,(6,4,4,4,6),(0.,0.2697247526,
    0.524204804219,0.767589504628,1.),.UNSPECIFIED.);
#4410 = CARTESIAN_POINT('',(12.806816328221,-14.4094864126));
#4411 = CARTESIAN_POINT('',(13.071478426812,-15.07985404443));
#4412 = CARTESIAN_POINT('',(13.344289733027,-15.7469601196));
#4413 = CARTESIAN_POINT('',(13.62546519572,-16.41056483397));
#4414 = CARTESIAN_POINT('',(13.915214248459,-17.07040627689));
#4415 = CARTESIAN_POINT('',(14.495379838481,-18.34493592582));
#4416 = CARTESIAN_POINT('',(14.784833484625,-18.96006780651));
#4417 = CARTESIAN_POINT('',(15.0822556985,-19.57136506997));
#4418 = CARTESIAN_POINT('',(15.387805606744,-20.1785724575));
#4419 = CARTESIAN_POINT('',(16.001752369891,-21.35799180047));
#4420 = CARTESIAN_POINT('',(16.309444166817,-21.9305752238));
#4421 = CARTESIAN_POINT('',(16.624815064521,-22.49894158032));
#4422 = CARTESIAN_POINT('',(16.947967674595,-23.06284817018));
#4423 = CARTESIAN_POINT('',(17.595066997102,-24.15603149879));
#4424 = CARTESIAN_POINT('',(17.91832075385,-24.68572367385));
#4425 = CARTESIAN_POINT('',(18.248810881762,-25.21090607094));
#4426 = CARTESIAN_POINT('',(18.586587848551,-25.73135821408));
#4427 = CARTESIAN_POINT('',(18.931674480396,-26.24686166344));
#4428 = ( GEOMETRIC_REPRESENTATION_CONTEXT(2) 
PARAMETRIC_REPRESENTATION_CONTEXT() REPRESENTATION_CONTEXT('2D SPACE',''
  ) );
#4429 = PCURVE('',#4430,#4497);
#4430 = ( BOUNDED_SURFACE() B_SPLINE_SURFACE(1,3,(
    (#4431,#4432,#4433,#4434,#4435,#4436,#4437,#4438,#4439,#4440,#4441
      ,#4442,#4443,#4444,#4445,#4446,#4447,#4448,#4449,#4450,#4451,#4452
      ,#4453,#4454,#4455,#4456,#4457,#4458,#4459,#4460,#4461,#4462,#4463
      )
    ,(#4464,#4465,#4466,#4467,#4468,#4469,#4470,#4471,#4472,#4473,#4474
      ,#4475,#4476,#4477,#4478,#4479,#4480,#4481,#4482,#4483,#4484,#4485
      ,#4486,#4487,#4488,#4489,#4490,#4491,#4492,#4493,#4494,#4495,#4496
)),.UNSPECIFIED.,.F.,.F.,.F.) B_SPLINE_SURFACE_WITH_KNOTS((2,2),(4,1,1,1
    ,1,1,1,1,1,1,1,1,1,1,1,1,1,1,1,1,1,1,1,1,1,1,1,1,1,1,4),(28.,29.),(
    0.,3.068165821138E-02,6.601269782959E-02,9.830800907E-02,
    0.127216197096,0.157262707878,0.188138205668,0.219565799738,
    0.251333925196,0.283659313393,0.31744062664,0.35073174851,
    0.384111710396,0.417581465102,0.45114195778,0.484794125941,
    0.51853889945,0.552377200543,0.586309943827,0.620338036294,
    0.654462377335,0.688683858749,0.723003364765,0.757421772058,
    0.791939949764,0.826558759507,0.861279055419,0.896101684163,
    0.931027484962,0.96605728962,1.),.UNSPECIFIED.) 
GEOMETRIC_REPRESENTATION_ITEM() RATIONAL_B_SPLINE_SURFACE((
    (1.,1.000000000002,0.999999999999,1.,1.,1.,1.,1.,1.,1.,1.,1.,1.,1.
      ,1.,1.,1.,1.,1.,1.,1.,1.,1.,1.,1.,1.,1.,1.,0.999999999999
      ,1.000000000003,0.999999999988,1.000000000025,1.)
    ,(1.,1.000000000002,0.999999999999,1.,1.,1.,1.,1.,1.,1.,1.,1.,1.,1.
      ,1.,1.,1.,1.,1.,1.,1.,1.,1.,1.,1.,1.,1.,1.,0.999999999999
      ,1.000000000003,0.999999999988,1.000000000025,1.
))) REPRESENTATION_ITEM('') SURFACE() );
#4431 = CARTESIAN_POINT('',(9.352352473758,-12.9820454169,
    -10.11982966802));
#4432 = CARTESIAN_POINT('',(12.327722438703,-15.8422482139,
    -13.20549020304));
#4433 = CARTESIAN_POINT('',(9.351128724746,-10.71565703892,
    -2.349153047964));
#4434 = CARTESIAN_POINT('',(10.47381573779,-10.73769839505,
    0.402167973074));
#4435 = CARTESIAN_POINT('',(15.787419791615,-13.768205503,0.556268184895
    ));
#4436 = CARTESIAN_POINT('',(20.334819113998,-14.69112103431,
    4.338199718794));
#4437 = CARTESIAN_POINT('',(23.932289751494,-14.51551563755,
    8.389705231602));
#4438 = CARTESIAN_POINT('',(26.910752175025,-13.46584728118,
    13.012356568386));
#4439 = CARTESIAN_POINT('',(29.212995291015,-11.77757678928,
    17.855593946091));
#4440 = CARTESIAN_POINT('',(30.919421980521,-9.626933600541,
    22.862616673986));
#4441 = CARTESIAN_POINT('',(31.676289631597,-7.066431880643,
    28.032637662535));
#4442 = CARTESIAN_POINT('',(32.644110251474,-4.68095380449,
    32.865744682983));
#4443 = CARTESIAN_POINT('',(33.350189885952,-2.019132133496,
    37.987629462079));
#4444 = CARTESIAN_POINT('',(33.857470794183,0.671682918641,
    43.013612385695));
#4445 = CARTESIAN_POINT('',(34.139077480076,3.441362337582,
    48.057464389687));
#4446 = CARTESIAN_POINT('',(34.193250543875,6.257632253586,
    53.096507709553));
#4447 = CARTESIAN_POINT('',(34.012299039251,9.105165174217,
    58.136843432611));
#4448 = CARTESIAN_POINT('',(33.592146741715,11.963204204351,
    63.176830119094));
#4449 = CARTESIAN_POINT('',(32.929850558975,14.811754046115,
    68.21690940437));
#4450 = CARTESIAN_POINT('',(32.024340298633,17.630094700157,
    73.256962481845));
#4451 = CARTESIAN_POINT('',(30.876276434181,20.397367732474,
    78.297021288927));
#4452 = CARTESIAN_POINT('',(29.488128971211,23.092610655026,
    83.337077385979));
#4453 = CARTESIAN_POINT('',(27.864180988375,25.694943948982,
    88.377132512319));
#4454 = CARTESIAN_POINT('',(26.010532752508,28.183720555911,
    93.417188239103));
#4455 = CARTESIAN_POINT('',(23.935098551569,30.538684467694,
    98.457236548315));
#4456 = CARTESIAN_POINT('',(21.647549954766,32.740135877069,
    103.49730811583));
#4457 = CARTESIAN_POINT('',(19.159398691831,34.769058918754,
    108.53728784062));
#4458 = CARTESIAN_POINT('',(16.483489620378,36.607383999014,
    113.57760725616));
#4459 = CARTESIAN_POINT('',(13.635640393458,38.237730821425,
    118.61664877333));
#4460 = CARTESIAN_POINT('',(10.628170134951,39.645078524207,
    123.66047617316));
#4461 = CARTESIAN_POINT('',(7.529321155707,40.797960490594,
    128.62935510852));
#4462 = CARTESIAN_POINT('',(5.372831756674,41.405944425226,
    131.96152364674));
#4463 = CARTESIAN_POINT('',(4.211543056896,41.684512710909,
    133.73002152875));
#4464 = CARTESIAN_POINT('',(10.106804665213,-9.418407708819,
    -10.11982966802));
#4465 = CARTESIAN_POINT('',(15.116227541276,-12.45326040531,
    -12.85547423447));
#4466 = CARTESIAN_POINT('',(8.56434880851,-6.832801098372,
    -2.952170729409));
#4467 = CARTESIAN_POINT('',(11.257927817773,-7.741346353034,
    2.074211451366));
#4468 = CARTESIAN_POINT('',(17.36046216986,-9.942158240102,
    3.324693262476));
#4469 = CARTESIAN_POINT('',(20.392583863559,-9.300108700195,
    6.627972299613));
#4470 = CARTESIAN_POINT('',(23.190326257634,-8.43267122568,
    10.293545432463));
#4471 = CARTESIAN_POINT('',(25.284703579223,-6.924527149962,
    14.436104726298));
#4472 = CARTESIAN_POINT('',(26.82049831281,-5.069195928494,
    18.810975887307));
#4473 = CARTESIAN_POINT('',(27.821423718832,-2.944165627975,
    23.338395863153));
#4474 = CARTESIAN_POINT('',(28.010370922023,-0.648730370883,
    28.043852332174));
#4475 = CARTESIAN_POINT('',(28.456719739616,1.535736892152,
    33.366718058391));
#4476 = CARTESIAN_POINT('',(28.598778550804,3.910318169725,
    38.364162653567));
#4477 = CARTESIAN_POINT('',(28.577121570132,6.275942079191,
    43.430315313796));
#4478 = CARTESIAN_POINT('',(28.3483631955,8.670360138003,48.470245820927
    ));
#4479 = CARTESIAN_POINT('',(27.91972441003,11.065921855608,
    53.517229585308));
#4480 = CARTESIAN_POINT('',(27.286391331662,13.448344394247,
    58.562314412655));
#4481 = CARTESIAN_POINT('',(26.448645345428,15.799351433078,
    63.607908825541));
#4482 = CARTESIAN_POINT('',(25.407299101625,18.101503546539,
    68.653364824306));
#4483 = CARTESIAN_POINT('',(24.164955309782,20.337062750957,
    73.698856747151));
#4484 = CARTESIAN_POINT('',(22.725684774603,22.488465512101,
    78.744337770558));
#4485 = CARTESIAN_POINT('',(21.09511504461,24.538365088668,
    83.78982021861));
#4486 = CARTESIAN_POINT('',(19.280394448175,26.469790743868,
    88.835301850638));
#4487 = CARTESIAN_POINT('',(17.290172426633,28.266274649829,
    93.880779285128));
#4488 = CARTESIAN_POINT('',(15.13456941631,29.911987465107,
    98.926268414461));
#4489 = CARTESIAN_POINT('',(12.825101697412,31.391862247109,
    103.97170885322));
#4490 = CARTESIAN_POINT('',(10.374727727439,32.691740909262,
    109.01732721786));
#4491 = CARTESIAN_POINT('',(7.797383008826,33.798420176731,
    114.06227402731));
#4492 = CARTESIAN_POINT('',(5.10938012543,34.700050843161,
    119.10973365218));
#4493 = CARTESIAN_POINT('',(2.323766131608,35.3851853238,124.14776911856
    ));
#4494 = CARTESIAN_POINT('',(-0.496612688471,35.841624007921,
    129.16358721253));
#4495 = CARTESIAN_POINT('',(-2.426012845598,35.988868541464,
    132.39837068759));
#4496 = CARTESIAN_POINT('',(-3.455150675159,36.00979281934,
    133.73002152875));
#4497 = DEFINITIONAL_REPRESENTATION('',(#4498),#4517);
#4498 = B_SPLINE_CURVE_WITH_KNOTS('',5,(#4499,#4500,#4501,#4502,#4503,
    #4504,#4505,#4506,#4507,#4508,#4509,#4510,#4511,#4512,#4513,#4514,
    #4515,#4516),.UNSPECIFIED.,.F.,.F.,(6,4,4,4,6),(0.,0.2697247526,
    0.524204804219,0.767589504628,1.),.UNSPECIFIED.);
#4499 = CARTESIAN_POINT('',(29.,0.622467977829));
#4500 = CARTESIAN_POINT('',(28.951052217191,0.627144345586));
#4501 = CARTESIAN_POINT('',(28.901499541725,0.631803391777));
#4502 = CARTESIAN_POINT('',(28.851320142764,0.636443539623));
#4503 = CARTESIAN_POINT('',(28.800493231195,0.641063053914));
#4504 = CARTESIAN_POINT('',(28.700416581445,0.649997245509));
#4505 = CARTESIAN_POINT('',(28.651240157364,0.654314391339));
#4506 = CARTESIAN_POINT('',(28.601454054758,0.658609933437));
#4507 = CARTESIAN_POINT('',(28.551044401624,0.662882152597));
#4508 = CARTESIAN_POINT('',(28.451180068862,0.671191165332));
#4509 = CARTESIAN_POINT('',(28.401779573512,0.675230101785));
#4510 = CARTESIAN_POINT('',(28.351787728799,0.67924447348));
#4511 = CARTESIAN_POINT('',(28.301196192631,0.683232621522));
#4512 = CARTESIAN_POINT('',(28.201110716464,0.690974485589));
#4513 = CARTESIAN_POINT('',(28.151670071859,0.694730667168));
#4514 = CARTESIAN_POINT('',(28.101672596948,0.698459882037));
#4515 = CARTESIAN_POINT('',(28.051115865323,0.702160598195));
#4516 = CARTESIAN_POINT('',(28.,0.705831284506));
#4517 = ( GEOMETRIC_REPRESENTATION_CONTEXT(2) 
PARAMETRIC_REPRESENTATION_CONTEXT() REPRESENTATION_CONTEXT('2D SPACE',''
  ) );
#4518 = ORIENTED_EDGE('',*,*,#4519,.T.);
#4519 = EDGE_CURVE('',#4385,#4520,#4522,.T.);
#4520 = VERTEX_POINT('',#4521);
#4521 = CARTESIAN_POINT('',(23.935016055093,23.935016055093,
    103.64905044768));
#4522 = SURFACE_CURVE('',#4523,(#4546,#4572),.PCURVE_S1.);
#4523 = B_SPLINE_CURVE_WITH_KNOTS('',6,(#4524,#4525,#4526,#4527,#4528,
    #4529,#4530,#4531,#4532,#4533,#4534,#4535,#4536,#4537,#4538,#4539,
    #4540,#4541,#4542,#4543,#4544,#4545),.UNSPECIFIED.,.F.,.F.,(7,5,5,5,
    7),(0.,0.23066259016,0.472265573561,0.728723869626,1.),
  .UNSPECIFIED.);
#4524 = CARTESIAN_POINT('',(26.930609943283,26.930609943283,
    90.889927503685));
#4525 = CARTESIAN_POINT('',(26.78251175109,26.78251175109,
    91.362831720296));
#4526 = CARTESIAN_POINT('',(26.637700191643,26.637700191643,
    91.83783629703));
#4527 = CARTESIAN_POINT('',(26.496138075428,26.496138075428,
    92.314848020111));
#4528 = CARTESIAN_POINT('',(26.357784722064,26.357784722064,
    92.793776225498));
#4529 = CARTESIAN_POINT('',(26.222597141889,26.222597141889,
    93.274533423687));
#4530 = CARTESIAN_POINT('',(25.9522013683,25.9522013683,94.262423658245)
  );
#4531 = CARTESIAN_POINT('',(25.817296786522,25.817296786522,
    94.769726370866));
#4532 = CARTESIAN_POINT('',(25.685767874312,25.685767874312,
    95.278848667831));
#4533 = CARTESIAN_POINT('',(25.557563616505,25.557563616505,
    95.789699309223));
#4534 = CARTESIAN_POINT('',(25.432631580678,25.432631580678,
    96.302191209752));
#4535 = CARTESIAN_POINT('',(25.181720511075,25.181720511075,
    97.361898797639));
#4536 = CARTESIAN_POINT('',(25.056149244313,25.056149244313,
    97.909311718024));
#4537 = CARTESIAN_POINT('',(24.93414215813,24.93414215813,
    98.458382203718));
#4538 = CARTESIAN_POINT('',(24.815629263607,24.815629263607,
    99.009014637811));
#4539 = CARTESIAN_POINT('',(24.700550623848,24.700550623848,
    99.561122316477));
#4540 = CARTESIAN_POINT('',(24.470683338741,24.470683338741,
    100.7001057599));
#4541 = CARTESIAN_POINT('',(24.356295695691,24.356295695691,
    101.28714679177));
#4542 = CARTESIAN_POINT('',(24.245607442512,24.245607442512,
    101.8756498905));
#4543 = CARTESIAN_POINT('',(24.138545801471,24.138545801471,
    102.46552400036));
#4544 = CARTESIAN_POINT('',(24.035038956881,24.035038956881,
    103.05668394904));
#4545 = CARTESIAN_POINT('',(23.935016055093,23.935016055093,
    103.64905044768));
#4546 = PCURVE('',#3008,#4547);
#4547 = DEFINITIONAL_REPRESENTATION('',(#4548),#4571);
#4548 = B_SPLINE_CURVE_WITH_KNOTS('',6,(#4549,#4550,#4551,#4552,#4553,
    #4554,#4555,#4556,#4557,#4558,#4559,#4560,#4561,#4562,#4563,#4564,
    #4565,#4566,#4567,#4568,#4569,#4570),.UNSPECIFIED.,.F.,.F.,(7,5,5,5,
    7),(0.,0.23066259016,0.472265573561,0.728723869626,1.),
  .UNSPECIFIED.);
#4549 = CARTESIAN_POINT('',(18.931674480396,-26.24686166344));
#4550 = CARTESIAN_POINT('',(18.722232008433,-26.71976588005));
#4551 = CARTESIAN_POINT('',(18.517437537074,-27.19477045678));
#4552 = CARTESIAN_POINT('',(18.317238472405,-27.67178217986));
#4553 = CARTESIAN_POINT('',(18.121577283678,-28.15071038525));
#4554 = CARTESIAN_POINT('',(17.93039317433,-28.63146758344));
#4555 = CARTESIAN_POINT('',(17.547995804112,-29.619357818));
#4556 = CARTESIAN_POINT('',(17.357211914935,-30.12666053062));
#4557 = CARTESIAN_POINT('',(17.171201943443,-30.63578282758));
#4558 = CARTESIAN_POINT('',(16.989893743299,-31.14663346898));
#4559 = CARTESIAN_POINT('',(16.813213163858,-31.6591253695));
#4560 = CARTESIAN_POINT('',(16.458371326276,-32.71883295739));
#4561 = CARTESIAN_POINT('',(16.280786737776,-33.26624587778));
#4562 = CARTESIAN_POINT('',(16.108242661791,-33.81531636347));
#4563 = CARTESIAN_POINT('',(15.94064011904,-34.36594879756));
#4564 = CARTESIAN_POINT('',(15.777894345954,-34.91805647623));
#4565 = CARTESIAN_POINT('',(15.452812913809,-36.05703991966));
#4566 = CARTESIAN_POINT('',(15.291044357641,-36.64408095152));
#4567 = CARTESIAN_POINT('',(15.134507528798,-37.23258405025));
#4568 = CARTESIAN_POINT('',(14.983099504029,-37.82245816011));
#4569 = CARTESIAN_POINT('',(14.836718720612,-38.4136181088));
#4570 = CARTESIAN_POINT('',(14.695264976354,-39.00598460744));
#4571 = ( GEOMETRIC_REPRESENTATION_CONTEXT(2) 
PARAMETRIC_REPRESENTATION_CONTEXT() REPRESENTATION_CONTEXT('2D SPACE',''
  ) );
#4572 = PCURVE('',#417,#4573);
#4573 = DEFINITIONAL_REPRESENTATION('',(#4574),#4597);
#4574 = B_SPLINE_CURVE_WITH_KNOTS('',6,(#4575,#4576,#4577,#4578,#4579,
    #4580,#4581,#4582,#4583,#4584,#4585,#4586,#4587,#4588,#4589,#4590,
    #4591,#4592,#4593,#4594,#4595,#4596),.UNSPECIFIED.,.F.,.F.,(7,5,5,5,
    7),(0.,0.23066259016,0.472265573561,0.728723869626,1.),
  .UNSPECIFIED.);
#4575 = CARTESIAN_POINT('',(28.,0.705831284506));
#4576 = CARTESIAN_POINT('',(27.957035050816,0.708916644619));
#4577 = CARTESIAN_POINT('',(27.914531758897,0.712018368433));
#4578 = CARTESIAN_POINT('',(27.872483802116,0.715135824077));
#4579 = CARTESIAN_POINT('',(27.830884247093,0.718268394121));
#4580 = CARTESIAN_POINT('',(27.789725659731,0.721415480123));
#4581 = CARTESIAN_POINT('',(27.706343152198,0.727887462662));
#4582 = CARTESIAN_POINT('',(27.664161322516,0.731213714386));
#4583 = CARTESIAN_POINT('',(27.622445690835,0.734554606833));
#4584 = CARTESIAN_POINT('',(27.581186877032,0.737909510867));
#4585 = CARTESIAN_POINT('',(27.540375156732,0.741277823735));
#4586 = CARTESIAN_POINT('',(27.457143268706,0.748248009063));
#4587 = CARTESIAN_POINT('',(27.414778519046,0.751851506433));
#4588 = CARTESIAN_POINT('',(27.372894294396,0.75546877894));
#4589 = CARTESIAN_POINT('',(27.331478131856,0.759099162347));
#4590 = CARTESIAN_POINT('',(27.290517757249,0.762742047351));
#4591 = CARTESIAN_POINT('',(27.207142701334,0.770262834424));
#4592 = CARTESIAN_POINT('',(27.164780768385,0.774142151435));
#4593 = CARTESIAN_POINT('',(27.122900208966,0.778034119925));
#4594 = CARTESIAN_POINT('',(27.081486327501,0.781938089568));
#4595 = CARTESIAN_POINT('',(27.040524465189,0.785853446614));
#4596 = CARTESIAN_POINT('',(27.,0.78977961389));
#4597 = ( GEOMETRIC_REPRESENTATION_CONTEXT(2) 
PARAMETRIC_REPRESENTATION_CONTEXT() REPRESENTATION_CONTEXT('2D SPACE',''
  ) );
#4598 = ORIENTED_EDGE('',*,*,#4599,.T.);
#4599 = EDGE_CURVE('',#4520,#2894,#4600,.T.);
#4600 = SURFACE_CURVE('',#4601,(#4620,#4642),.PCURVE_S1.);
#4601 = B_SPLINE_CURVE_WITH_KNOTS('',5,(#4602,#4603,#4604,#4605,#4606,
    #4607,#4608,#4609,#4610,#4611,#4612,#4613,#4614,#4615,#4616,#4617,
    #4618,#4619),.UNSPECIFIED.,.F.,.F.,(6,4,4,4,6),(0.,0.268904795865,
    0.523101277858,0.766758567503,1.),.UNSPECIFIED.);
#4602 = CARTESIAN_POINT('',(23.935016055093,23.935016055093,
    103.64905044768));
#4603 = CARTESIAN_POINT('',(24.131172985371,24.131172985371,
    104.31872504979));
#4604 = CARTESIAN_POINT('',(24.333333386338,24.333333386338,
    104.98483993893));
#4605 = CARTESIAN_POINT('',(24.541641490402,24.541641490402,
    105.64713997718));
#4606 = CARTESIAN_POINT('',(24.756238176966,24.756238176966,
    106.30534739522));
#4607 = CARTESIAN_POINT('',(25.186169933266,25.186169933266,
    107.57722823814));
#4608 = CARTESIAN_POINT('',(25.40082251122,25.40082251122,108.1913683634
    ));
#4609 = CARTESIAN_POINT('',(25.621312928545,25.621312928545,
    108.80134020428));
#4610 = CARTESIAN_POINT('',(25.847734414179,25.847734414179,
    109.40688300188));
#4611 = CARTESIAN_POINT('',(26.30296194932,26.30296194932,110.5836542265
    ));
#4612 = CARTESIAN_POINT('',(26.531279624254,26.531279624254,
    111.15526484476));
#4613 = CARTESIAN_POINT('',(26.765189958648,26.765189958648,
    111.72231551305));
#4614 = CARTESIAN_POINT('',(27.004748346201,27.004748346201,
    112.28455935885));
#4615 = CARTESIAN_POINT('',(27.484758315676,27.484758315676,
    113.37510870732));
#4616 = CARTESIAN_POINT('',(27.724734032563,27.724734032563,
    113.90383824488));
#4617 = CARTESIAN_POINT('',(27.969955597323,27.969955597323,
    114.42771061579));
#4618 = CARTESIAN_POINT('',(28.220449935778,28.220449935778,
    114.94649688649));
#4619 = CARTESIAN_POINT('',(28.476208313831,28.476208313831,
    115.45998695978));
#4620 = PCURVE('',#3008,#4621);
#4621 = DEFINITIONAL_REPRESENTATION('',(#4622),#4641);
#4622 = B_SPLINE_CURVE_WITH_KNOTS('',5,(#4623,#4624,#4625,#4626,#4627,
    #4628,#4629,#4630,#4631,#4632,#4633,#4634,#4635,#4636,#4637,#4638,
    #4639,#4640),.UNSPECIFIED.,.F.,.F.,(6,4,4,4,6),(0.,0.268904795865,
    0.523101277858,0.766758567503,1.),.UNSPECIFIED.);
#4623 = CARTESIAN_POINT('',(14.695264976354,-39.00598460744));
#4624 = CARTESIAN_POINT('',(14.972672767507,-39.67565920955));
#4625 = CARTESIAN_POINT('',(15.25857074833,-40.34177409868));
#4626 = CARTESIAN_POINT('',(15.553162894249,-41.00407413694));
#4627 = CARTESIAN_POINT('',(15.856648438828,-41.66228155497));
#4628 = CARTESIAN_POINT('',(16.464663759483,-42.93416239789));
#4629 = CARTESIAN_POINT('',(16.768228346424,-43.54830252315));
#4630 = CARTESIAN_POINT('',(17.080048884978,-44.15827436404));
#4631 = CARTESIAN_POINT('',(17.400257220775,-44.76381716164));
#4632 = CARTESIAN_POINT('',(18.044046174937,-45.94058838626));
#4633 = CARTESIAN_POINT('',(18.366936127357,-46.51219900451));
#4634 = CARTESIAN_POINT('',(18.697735294636,-47.0792496728));
#4635 = CARTESIAN_POINT('',(19.036522015294,-47.64149351861));
#4636 = CARTESIAN_POINT('',(19.7153586242,-48.73204286707));
#4637 = CARTESIAN_POINT('',(20.054735537663,-49.26077240464));
#4638 = CARTESIAN_POINT('',(20.401531200332,-49.78464477555));
#4639 = CARTESIAN_POINT('',(20.755783691073,-50.30343104625));
#4640 = CARTESIAN_POINT('',(21.117480658006,-50.81692111953));
#4641 = ( GEOMETRIC_REPRESENTATION_CONTEXT(2) 
PARAMETRIC_REPRESENTATION_CONTEXT() REPRESENTATION_CONTEXT('2D SPACE',''
  ) );
#4642 = PCURVE('',#2111,#4643);
#4643 = DEFINITIONAL_REPRESENTATION('',(#4644),#4663);
#4644 = B_SPLINE_CURVE_WITH_KNOTS('',5,(#4645,#4646,#4647,#4648,#4649,
    #4650,#4651,#4652,#4653,#4654,#4655,#4656,#4657,#4658,#4659,#4660,
    #4661,#4662),.UNSPECIFIED.,.F.,.F.,(6,4,4,4,6),(0.,0.268904795865,
    0.523101277858,0.766758567503,1.),.UNSPECIFIED.);
#4645 = CARTESIAN_POINT('',(27.,0.78977961389));
#4646 = CARTESIAN_POINT('',(26.951008910413,0.794526060429));
#4647 = CARTESIAN_POINT('',(26.901432465081,0.799252995074));
#4648 = CARTESIAN_POINT('',(26.851250694337,0.803958737655));
#4649 = CARTESIAN_POINT('',(26.800445143112,0.808641441663));
#4650 = CARTESIAN_POINT('',(26.700368183794,0.817701991773));
#4651 = CARTESIAN_POINT('',(26.651165085137,0.822082502534));
#4652 = CARTESIAN_POINT('',(26.601376036887,0.826438934625));
#4653 = CARTESIAN_POINT('',(26.550990033886,0.830769464012));
#4654 = CARTESIAN_POINT('',(26.451122953881,0.839196417927));
#4655 = CARTESIAN_POINT('',(26.401690957233,0.843295115499));
#4656 = CARTESIAN_POINT('',(26.351696252272,0.847366545148));
#4657 = CARTESIAN_POINT('',(26.301133496044,0.851409022202));
#4658 = CARTESIAN_POINT('',(26.201050789071,0.859261203771));
#4659 = CARTESIAN_POINT('',(26.151578643719,0.863073463356));
#4660 = CARTESIAN_POINT('',(26.10158001315,0.866856242087));
#4661 = CARTESIAN_POINT('',(26.051052543721,0.870607900983));
#4662 = CARTESIAN_POINT('',(26.,0.874326741685));
#4663 = ( GEOMETRIC_REPRESENTATION_CONTEXT(2) 
PARAMETRIC_REPRESENTATION_CONTEXT() REPRESENTATION_CONTEXT('2D SPACE',''
  ) );
#4664 = ORIENTED_EDGE('',*,*,#2946,.T.);
#4665 = ORIENTED_EDGE('',*,*,#4666,.F.);
#4666 = EDGE_CURVE('',#4667,#2947,#4669,.T.);
#4667 = VERTEX_POINT('',#4668);
#4668 = CARTESIAN_POINT('',(30.759144981615,30.759144981615,123.65));
#4669 = SURFACE_CURVE('',#4670,(#4674,#4680),.PCURVE_S1.);
#4670 = LINE('',#4671,#4672);
#4671 = CARTESIAN_POINT('',(30.759144981615,30.759144981615,123.65));
#4672 = VECTOR('',#4673,1.);
#4673 = DIRECTION('',(-0.707106781187,-0.707106781187,0.));
#4674 = PCURVE('',#3008,#4675);
#4675 = DEFINITIONAL_REPRESENTATION('',(#4676),#4679);
#4676 = B_SPLINE_CURVE_WITH_KNOTS('',1,(#4677,#4678),.UNSPECIFIED.,.F.,
  .F.,(2,2),(0.,43.5),.PIECEWISE_BEZIER_KNOTS.);
#4677 = CARTESIAN_POINT('',(24.346040655625,-59.00693415975));
#4678 = CARTESIAN_POINT('',(-19.15395934437,-59.00693415975));
#4679 = ( GEOMETRIC_REPRESENTATION_CONTEXT(2) 
PARAMETRIC_REPRESENTATION_CONTEXT() REPRESENTATION_CONTEXT('2D SPACE',''
  ) );
#4680 = PCURVE('',#107,#4681);
#4681 = DEFINITIONAL_REPRESENTATION('',(#4682),#4686);
#4682 = LINE('',#4683,#4684);
#4683 = CARTESIAN_POINT('',(30.759144981615,30.759144981615));
#4684 = VECTOR('',#4685,1.);
#4685 = DIRECTION('',(-0.707106781187,-0.707106781187));
#4686 = ( GEOMETRIC_REPRESENTATION_CONTEXT(2) 
PARAMETRIC_REPRESENTATION_CONTEXT() REPRESENTATION_CONTEXT('2D SPACE',''
  ) );
#4687 = ORIENTED_EDGE('',*,*,#4688,.F.);
#4688 = EDGE_CURVE('',#3076,#4667,#4689,.T.);
#4689 = SURFACE_CURVE('',#4690,(#4694,#4700),.PCURVE_S1.);
#4690 = LINE('',#4691,#4692);
#4691 = CARTESIAN_POINT('',(23.075327540925,23.075327540925,1.5));
#4692 = VECTOR('',#4693,1.);
#4693 = DIRECTION('',(6.265732121346E-02,6.265732121346E-02,
    0.996066323192));
#4694 = PCURVE('',#3008,#4695);
#4695 = DEFINITIONAL_REPRESENTATION('',(#4696),#4699);
#4696 = B_SPLINE_CURVE_WITH_KNOTS('',1,(#4697,#4698),.UNSPECIFIED.,.F.,
  .F.,(2,2),(0.,122.63239621292),.PIECEWISE_BEZIER_KNOTS.);
#4697 = CARTESIAN_POINT('',(13.479481820202,63.143065840243));
#4698 = CARTESIAN_POINT('',(24.346040655625,-59.00693415975));
#4699 = ( GEOMETRIC_REPRESENTATION_CONTEXT(2) 
PARAMETRIC_REPRESENTATION_CONTEXT() REPRESENTATION_CONTEXT('2D SPACE',''
  ) );
#4700 = PCURVE('',#4701,#4706);
#4701 = PLANE('',#4702);
#4702 = AXIS2_PLACEMENT_3D('',#4703,#4704,#4705);
#4703 = CARTESIAN_POINT('',(26.91723626127,28.16723626127,62.575));
#4704 = DIRECTION('',(-0.998027347494,3.206095026617E-15,
    6.278067899269E-02));
#4705 = DIRECTION('',(-6.278067899269E-02,2.465190328816E-32,
    -0.998027347494));
#4706 = DEFINITIONAL_REPRESENTATION('',(#4707),#4711);
#4707 = LINE('',#4708,#4709);
#4708 = CARTESIAN_POINT('',(61.195717886266,5.091908720345));
#4709 = VECTOR('',#4710,1.);
#4710 = DIRECTION('',(-0.998035099632,-6.265732121346E-02));
#4711 = ( GEOMETRIC_REPRESENTATION_CONTEXT(2) 
PARAMETRIC_REPRESENTATION_CONTEXT() REPRESENTATION_CONTEXT('2D SPACE',''
  ) );
#4712 = ADVANCED_FACE('',(#4713),#3209,.F.);
#4713 = FACE_BOUND('',#4714,.F.);
#4714 = EDGE_LOOP('',(#4715,#4768,#4954));
#4715 = ORIENTED_EDGE('',*,*,#4716,.F.);
#4716 = EDGE_CURVE('',#4717,#3098,#4719,.T.);
#4717 = VERTEX_POINT('',#4718);
#4718 = CARTESIAN_POINT('',(11.976440358279,7.99098273309,1.5));
#4719 = SURFACE_CURVE('',#4720,(#4754,#4761),.PCURVE_S1.);
#4720 = ( BOUNDED_CURVE() B_SPLINE_CURVE(3,(#4721,#4722,#4723,#4724,
    #4725,#4726,#4727,#4728,#4729,#4730,#4731,#4732,#4733,#4734,#4735,
    #4736,#4737,#4738,#4739,#4740,#4741,#4742,#4743,#4744,#4745,#4746,
    #4747,#4748,#4749,#4750,#4751,#4752,#4753),.UNSPECIFIED.,.F.,.F.) 
B_SPLINE_CURVE_WITH_KNOTS((4,1,1,1,1,1,1,1,1,1,1,1,1,1,1,1,1,1,1,1,1,1,1
    ,1,1,1,1,1,1,1,4),(0.,3.068165821138E-02,6.601269782959E-02,
    9.830800907E-02,0.127216197096,0.157262707878,0.188138205668,
    0.219565799738,0.251333925196,0.283659313393,0.31744062664,
    0.35073174851,0.384111710396,0.417581465102,0.45114195778,
    0.484794125941,0.51853889945,0.552377200543,0.586309943827,
    0.620338036294,0.654462377335,0.688683858749,0.723003364765,
    0.757421772058,0.791939949764,0.826558759507,0.861279055419,
0.896101684163,0.931027484962,0.96605728962,1.),.UNSPECIFIED.) CURVE() 
GEOMETRIC_REPRESENTATION_ITEM() RATIONAL_B_SPLINE_CURVE((1.,
    1.000000000002,0.999999999999,1.,1.,1.,1.,1.,1.,1.,1.,1.,1.,1.,1.,1.
    ,1.,1.,1.,1.,1.,1.,1.,1.,1.,1.,1.,1.,0.999999999999,1.000000000003,
0.999999999988,1.000000000025,1.)) REPRESENTATION_ITEM('') );
#4721 = CARTESIAN_POINT('',(12.569180810552,5.733201379855,
    -10.11982966802));
#4722 = CARTESIAN_POINT('',(17.290042241336,9.1999167981,-12.85547423447
    ));
#4723 = CARTESIAN_POINT('',(9.590119482558,5.297626796491,
    -2.952170729409));
#4724 = CARTESIAN_POINT('',(11.460293908263,7.43848409582,2.074211451366
    ));
#4725 = CARTESIAN_POINT('',(15.828917757628,12.234276433232,
    3.324693262476));
#4726 = CARTESIAN_POINT('',(16.396084065939,15.281293327803,
    6.627972299613));
#4727 = CARTESIAN_POINT('',(16.665325999741,18.198024213038,
    10.293545432463));
#4728 = CARTESIAN_POINT('',(16.0734660582,20.710118305206,
    14.436104726298));
#4729 = CARTESIAN_POINT('',(14.947086716714,22.839012145711,
    18.810975887307));
#4730 = CARTESIAN_POINT('',(13.366852286015,24.576960531188,
    23.338395863153));
#4731 = CARTESIAN_POINT('',(11.318453598036,25.629950027898,
    28.043852332174));
#4732 = CARTESIAN_POINT('',(9.471079301825,26.878281994939,
    33.366718058391));
#4733 = CARTESIAN_POINT('',(7.331615814655,27.91824013674,
    38.364162653567));
#4734 = CARTESIAN_POINT('',(5.137776535382,28.803516772921,
    43.430315313796));
#4735 = CARTESIAN_POINT('',(2.838080658584,29.508475713971,
    48.470245820927));
#4736 = CARTESIAN_POINT('',(0.460837257152,30.02920689377,
    53.517229585308));
#4737 = CARTESIAN_POINT('',(-1.98260024035,30.355797059834,
    58.562314412655));
#4738 = CARTESIAN_POINT('',(-4.475239033778,30.481512132844,
    63.607908825541));
#4739 = CARTESIAN_POINT('',(-7.000656206991,30.400429124542,
    68.653364824306));
#4740 = CARTESIAN_POINT('',(-9.54146798611,30.108164592518,
    73.698856747151));
#4741 = CARTESIAN_POINT('',(-12.07988995182,29.601758196353,
    78.744337770558));
#4742 = CARTESIAN_POINT('',(-14.5977422353,28.879770802445,
    83.78982021861));
#4743 = CARTESIAN_POINT('',(-17.07661037333,27.942312185262,
    88.835301850638));
#4744 = CARTESIAN_POINT('',(-19.49797007891,26.791071421728,
    93.880779285128));
#4745 = CARTESIAN_POINT('',(-21.84332402414,25.429340949109,
    98.926268414461));
#4746 = CARTESIAN_POINT('',(-24.09434507952,23.86199455367,
    103.97170885322));
#4747 = CARTESIAN_POINT('',(-26.23299389164,22.095586223907,
    109.01732721786));
#4748 = CARTESIAN_POINT('',(-28.2417393392,20.13793801075,
    114.06227402731));
#4749 = CARTESIAN_POINT('',(-30.10339162748,17.999586281628,
    119.10973365218));
#4750 = CARTESIAN_POINT('',(-31.80238167536,15.688204141849,
    124.14776911856));
#4751 = CARTESIAN_POINT('',(-33.30338828162,13.257185398696,
    129.16358721253));
#4752 = CARTESIAN_POINT('',(-34.17777396523,11.531000126165,
    132.39837068759));
#4753 = CARTESIAN_POINT('',(-34.59093947546,10.588208124339,
    133.73002152875));
#4754 = PCURVE('',#3209,#4755);
#4755 = DEFINITIONAL_REPRESENTATION('',(#4756),#4760);
#4756 = LINE('',#4757,#4758);
#4757 = CARTESIAN_POINT('',(3.,0.));
#4758 = VECTOR('',#4759,1.);
#4759 = DIRECTION('',(0.,1.));
#4760 = ( GEOMETRIC_REPRESENTATION_CONTEXT(2) 
PARAMETRIC_REPRESENTATION_CONTEXT() REPRESENTATION_CONTEXT('2D SPACE',''
  ) );
#4761 = PCURVE('',#3395,#4762);
#4762 = DEFINITIONAL_REPRESENTATION('',(#4763),#4767);
#4763 = LINE('',#4764,#4765);
#4764 = CARTESIAN_POINT('',(3.,0.));
#4765 = VECTOR('',#4766,1.);
#4766 = DIRECTION('',(0.,1.));
#4767 = ( GEOMETRIC_REPRESENTATION_CONTEXT(2) 
PARAMETRIC_REPRESENTATION_CONTEXT() REPRESENTATION_CONTEXT('2D SPACE',''
  ) );
#4768 = ORIENTED_EDGE('',*,*,#4769,.F.);
#4769 = EDGE_CURVE('',#3074,#4717,#4770,.T.);
#4770 = SURFACE_CURVE('',#4771,(#4830,#4892),.PCURVE_S1.);
#4771 = B_SPLINE_CURVE_WITH_KNOTS('',8,(#4772,#4773,#4774,#4775,#4776,
    #4777,#4778,#4779,#4780,#4781,#4782,#4783,#4784,#4785,#4786,#4787,
    #4788,#4789,#4790,#4791,#4792,#4793,#4794,#4795,#4796,#4797,#4798,
    #4799,#4800,#4801,#4802,#4803,#4804,#4805,#4806,#4807,#4808,#4809,
    #4810,#4811,#4812,#4813,#4814,#4815,#4816,#4817,#4818,#4819,#4820,
    #4821,#4822,#4823,#4824,#4825,#4826,#4827,#4828,#4829),
  .UNSPECIFIED.,.F.,.F.,(9,7,7,7,7,7,7,7,9),(0.,7.444990737209E-02,
    0.113137302165,0.154249987053,0.50164682015,0.580861319217,
    0.742134273705,0.862944655896,1.),.UNSPECIFIED.);
#4772 = CARTESIAN_POINT('',(13.710180353246,16.428317534194,1.5));
#4773 = CARTESIAN_POINT('',(13.711656956421,16.347787058893,1.5));
#4774 = CARTESIAN_POINT('',(13.712677448795,16.267242788703,1.5));
#4775 = CARTESIAN_POINT('',(13.713223522869,16.186686992415,1.5));
#4776 = CARTESIAN_POINT('',(13.713275998877,16.106122477994,1.5));
#4777 = CARTESIAN_POINT('',(13.71281482478,16.025552592572,1.5));
#4778 = CARTESIAN_POINT('',(13.711819076273,15.944981222455,1.5));
#4779 = CARTESIAN_POINT('',(13.710266956781,15.864412793118,1.5));
#4780 = CARTESIAN_POINT('',(13.707028354814,15.741989533536,1.5));
#4781 = CARTESIAN_POINT('',(13.705764782231,15.700128922504,1.5));
#4782 = CARTESIAN_POINT('',(13.704340979217,15.658271224588,1.5));
#4783 = CARTESIAN_POINT('',(13.702754805304,15.616417172524,1.5));
#4784 = CARTESIAN_POINT('',(13.701003182839,15.574567582711,1.5));
#4785 = CARTESIAN_POINT('',(13.699081563331,15.532723386196,1.5));
#4786 = CARTESIAN_POINT('',(13.696985757336,15.49088555126,1.5));
#4787 = CARTESIAN_POINT('',(13.692304216731,15.404601904752,1.5));
#4788 = CARTESIAN_POINT('',(13.689696059938,15.360157063013,1.5));
#4789 = CARTESIAN_POINT('',(13.686891039456,15.315721443845,1.5));
#4790 = CARTESIAN_POINT('',(13.683888670508,15.271296117998,1.5));
#4791 = CARTESIAN_POINT('',(13.680688601603,15.226882155489,1.5));
#4792 = CARTESIAN_POINT('',(13.677290614542,15.182480625605,1.5));
#4793 = CARTESIAN_POINT('',(13.673694624413,15.138092596898,1.5));
#4794 = CARTESIAN_POINT('',(13.637842339979,14.718769181513,1.5));
#4795 = CARTESIAN_POINT('',(13.591640327036,14.344740056822,1.5));
#4796 = CARTESIAN_POINT('',(13.531330868608,13.972510026142,1.5));
#4797 = CARTESIAN_POINT('',(13.457692067195,13.602615757832,1.5));
#4798 = CARTESIAN_POINT('',(13.372269300535,13.235255307893,1.5));
#4799 = CARTESIAN_POINT('',(13.277231270911,12.870321837781,1.5));
#4800 = CARTESIAN_POINT('',(13.175135045116,12.507454075136,1.5));
#4801 = CARTESIAN_POINT('',(13.044403860058,12.063690063762,1.5));
#4802 = CARTESIAN_POINT('',(13.019901016846,11.981363536602,1.5));
#4803 = CARTESIAN_POINT('',(12.995201467254,11.89910223223,1.5));
#4804 = CARTESIAN_POINT('',(12.970337229022,11.816898142002,1.5));
#4805 = CARTESIAN_POINT('',(12.9453405834,11.734743010565,1.5));
#4806 = CARTESIAN_POINT('',(12.920243890817,11.652628386656,1.5));
#4807 = CARTESIAN_POINT('',(12.895079406549,11.570545673897,1.5));
#4808 = CARTESIAN_POINT('',(12.818573735344,11.321421099781,1.5));
#4809 = CARTESIAN_POINT('',(12.767120826648,11.15445517383,1.5));
#4810 = CARTESIAN_POINT('',(12.715788873087,10.987512563518,1.5));
#4811 = CARTESIAN_POINT('',(12.664844101728,10.820523284629,1.5));
#4812 = CARTESIAN_POINT('',(12.614541429671,10.653425477036,1.5));
#4813 = CARTESIAN_POINT('',(12.565115429791,10.486167672782,1.5));
#4814 = CARTESIAN_POINT('',(12.516771296488,10.318711064158,1.5));
#4815 = CARTESIAN_POINT('',(12.434396346464,10.025422369631,1.5));
#4816 = CARTESIAN_POINT('',(12.399817409853,9.899688081894,1.5));
#4817 = CARTESIAN_POINT('',(12.366010703266,9.773820942813,1.5));
#4818 = CARTESIAN_POINT('',(12.333034599415,9.647816825309,1.5));
#4819 = CARTESIAN_POINT('',(12.300934064616,9.521675450644,1.5));
#4820 = CARTESIAN_POINT('',(12.269740581322,9.395400398071,1.5));
#4821 = CARTESIAN_POINT('',(12.239472070677,9.268999114487,1.5));
#4822 = CARTESIAN_POINT('',(12.17684840934,8.998954531118,1.5));
#4823 = CARTESIAN_POINT('',(12.144760053355,8.855275750923,1.5));
#4824 = CARTESIAN_POINT('',(12.113872546946,8.711462575231,1.5));
#4825 = CARTESIAN_POINT('',(12.084179647253,8.567530918639,1.5));
#4826 = CARTESIAN_POINT('',(12.055632635833,8.423500742081,1.5));
#4827 = CARTESIAN_POINT('',(12.028206066302,8.279386678685,1.5));
#4828 = CARTESIAN_POINT('',(12.001824653353,8.135209166776,1.5));
#4829 = CARTESIAN_POINT('',(11.976440358279,7.99098273309,1.5));
#4830 = PCURVE('',#3209,#4831);
#4831 = DEFINITIONAL_REPRESENTATION('',(#4832),#4891);
#4832 = B_SPLINE_CURVE_WITH_KNOTS('',8,(#4833,#4834,#4835,#4836,#4837,
    #4838,#4839,#4840,#4841,#4842,#4843,#4844,#4845,#4846,#4847,#4848,
    #4849,#4850,#4851,#4852,#4853,#4854,#4855,#4856,#4857,#4858,#4859,
    #4860,#4861,#4862,#4863,#4864,#4865,#4866,#4867,#4868,#4869,#4870,
    #4871,#4872,#4873,#4874,#4875,#4876,#4877,#4878,#4879,#4880,#4881,
    #4882,#4883,#4884,#4885,#4886,#4887,#4888,#4889,#4890),
  .UNSPECIFIED.,.F.,.F.,(9,7,7,7,7,7,7,7,9),(0.,7.444990737209E-02,
    0.113137302165,0.154249987053,0.50164682015,0.580861319217,
    0.742134273705,0.862944655896,1.),.UNSPECIFIED.);
#4833 = CARTESIAN_POINT('',(4.,0.101791097923));
#4834 = CARTESIAN_POINT('',(3.990810138461,0.101501795375));
#4835 = CARTESIAN_POINT('',(3.981668906142,0.1012100866));
#4836 = CARTESIAN_POINT('',(3.972578862129,0.100915939354));
#4837 = CARTESIAN_POINT('',(3.963542765824,0.100619322998));
#4838 = CARTESIAN_POINT('',(3.954563576945,0.100320208499));
#4839 = CARTESIAN_POINT('',(3.945644455523,0.10001856843));
#4840 = CARTESIAN_POINT('',(3.936788761909,9.971437697127E-02));
#4841 = CARTESIAN_POINT('',(3.92343306511,9.924820046201E-02));
#4842 = CARTESIAN_POINT('',(3.918884117059,9.90880962009E-02));
#4843 = CARTESIAN_POINT('',(3.914353909064,9.892729132499E-02));
#4844 = CARTESIAN_POINT('',(3.909842736192,9.876578590436E-02));
#4845 = CARTESIAN_POINT('',(3.905351089938,9.860357767373E-02));
#4846 = CARTESIAN_POINT('',(3.900879769243,9.844066054259E-02));
#4847 = CARTESIAN_POINT('',(3.896429504747,9.827702982051E-02));
#4848 = CARTESIAN_POINT('',(3.887293010738,9.793805638869E-02));
#4849 = CARTESIAN_POINT('',(3.882609472331,9.776262282237E-02));
#4850 = CARTESIAN_POINT('',(3.877949463657,9.75864009232E-02));
#4851 = CARTESIAN_POINT('',(3.873312944289,9.740939856054E-02));
#4852 = CARTESIAN_POINT('',(3.868699850753,9.723162400868E-02));
#4853 = CARTESIAN_POINT('',(3.864110096525,9.705308594684E-02));
#4854 = CARTESIAN_POINT('',(3.859543572029,9.68737934592E-02));
#4855 = CARTESIAN_POINT('',(3.816608774921,9.517246324592E-02));
#4856 = CARTESIAN_POINT('',(3.779854131236,9.359750163128E-02));
#4857 = CARTESIAN_POINT('',(3.744682012049,9.197546297861E-02));
#4858 = CARTESIAN_POINT('',(3.710871199237,9.031397053397E-02));
#4859 = CARTESIAN_POINT('',(3.678030963407,8.862115305563E-02));
#4860 = CARTESIAN_POINT('',(3.645600541112,8.690564494037E-02));
#4861 = CARTESIAN_POINT('',(3.612864812141,8.517702206048E-02));
#4862 = CARTESIAN_POINT('',(3.571278538285,8.305200287816E-02));
#4863 = CARTESIAN_POINT('',(3.563497503624,8.265730312835E-02));
#4864 = CARTESIAN_POINT('',(3.555647449203,8.226261203565E-02));
#4865 = CARTESIAN_POINT('',(3.547718240632,8.186806371657E-02));
#4866 = CARTESIAN_POINT('',(3.539699514842,8.147379822171E-02));
#4867 = CARTESIAN_POINT('',(3.531580733978,8.107996168859E-02));
#4868 = CARTESIAN_POINT('',(3.523351239288,8.068670649445E-02));
#4869 = CARTESIAN_POINT('',(3.497998621485,7.949506917465E-02));
#4870 = CARTESIAN_POINT('',(3.480493754078,7.869903519413E-02));
#4871 = CARTESIAN_POINT('',(3.462395520133,7.790739391267E-02));
#4872 = CARTESIAN_POINT('',(3.443612650179,7.71216288394E-02));
#4873 = CARTESIAN_POINT('',(3.42405687097,7.634335301232E-02));
#4874 = CARTESIAN_POINT('',(3.403646988525,7.557425946309E-02));
#4875 = CARTESIAN_POINT('',(3.382312971172,7.481607168187E-02));
#4876 = CARTESIAN_POINT('',(3.343285297956,7.351197814836E-02));
#4877 = CARTESIAN_POINT('',(3.326021371013,7.296053439807E-02));
#4878 = CARTESIAN_POINT('',(3.308185271334,7.241688346188E-02));
#4879 = CARTESIAN_POINT('',(3.289759274932,7.188172050038E-02));
#4880 = CARTESIAN_POINT('',(3.270731165632,7.135569788532E-02));
#4881 = CARTESIAN_POINT('',(3.251094486454,7.083940788061E-02));
#4882 = CARTESIAN_POINT('',(3.230848790994,7.033336532346E-02));
#4883 = CARTESIAN_POINT('',(3.186347518318,6.927600389054E-02));
#4884 = CARTESIAN_POINT('',(3.161918287943,6.872773781251E-02));
#4885 = CARTESIAN_POINT('',(3.136720094216,6.819381529738E-02));
#4886 = CARTESIAN_POINT('',(3.110769368696,6.767466861682E-02));
#4887 = CARTESIAN_POINT('',(3.084090407735,6.717061758238E-02));
#4888 = CARTESIAN_POINT('',(3.056712909447,6.668171480336E-02));
#4889 = CARTESIAN_POINT('',(3.028670847198,6.620797836844E-02));
#4890 = CARTESIAN_POINT('',(3.,6.574921933869E-02));
#4891 = ( GEOMETRIC_REPRESENTATION_CONTEXT(2) 
PARAMETRIC_REPRESENTATION_CONTEXT() REPRESENTATION_CONTEXT('2D SPACE',''
  ) );
#4892 = PCURVE('',#45,#4893);
#4893 = DEFINITIONAL_REPRESENTATION('',(#4894),#4953);
#4894 = B_SPLINE_CURVE_WITH_KNOTS('',8,(#4895,#4896,#4897,#4898,#4899,
    #4900,#4901,#4902,#4903,#4904,#4905,#4906,#4907,#4908,#4909,#4910,
    #4911,#4912,#4913,#4914,#4915,#4916,#4917,#4918,#4919,#4920,#4921,
    #4922,#4923,#4924,#4925,#4926,#4927,#4928,#4929,#4930,#4931,#4932,
    #4933,#4934,#4935,#4936,#4937,#4938,#4939,#4940,#4941,#4942,#4943,
    #4944,#4945,#4946,#4947,#4948,#4949,#4950,#4951,#4952),
  .UNSPECIFIED.,.F.,.F.,(9,7,7,7,7,7,7,7,9),(0.,7.444990737209E-02,
    0.113137302165,0.154249987053,0.50164682015,0.580861319217,
    0.742134273705,0.862944655896,1.),.UNSPECIFIED.);
#4895 = CARTESIAN_POINT('',(13.710180353246,16.428317534194));
#4896 = CARTESIAN_POINT('',(13.711656956421,16.347787058893));
#4897 = CARTESIAN_POINT('',(13.712677448795,16.267242788703));
#4898 = CARTESIAN_POINT('',(13.713223522869,16.186686992415));
#4899 = CARTESIAN_POINT('',(13.713275998877,16.106122477994));
#4900 = CARTESIAN_POINT('',(13.71281482478,16.025552592572));
#4901 = CARTESIAN_POINT('',(13.711819076273,15.944981222455));
#4902 = CARTESIAN_POINT('',(13.710266956781,15.864412793118));
#4903 = CARTESIAN_POINT('',(13.707028354814,15.741989533536));
#4904 = CARTESIAN_POINT('',(13.705764782231,15.700128922504));
#4905 = CARTESIAN_POINT('',(13.704340979217,15.658271224588));
#4906 = CARTESIAN_POINT('',(13.702754805304,15.616417172524));
#4907 = CARTESIAN_POINT('',(13.701003182839,15.574567582711));
#4908 = CARTESIAN_POINT('',(13.699081563331,15.532723386196));
#4909 = CARTESIAN_POINT('',(13.696985757336,15.49088555126));
#4910 = CARTESIAN_POINT('',(13.692304216731,15.404601904752));
#4911 = CARTESIAN_POINT('',(13.689696059938,15.360157063013));
#4912 = CARTESIAN_POINT('',(13.686891039456,15.315721443845));
#4913 = CARTESIAN_POINT('',(13.683888670508,15.271296117998));
#4914 = CARTESIAN_POINT('',(13.680688601603,15.226882155489));
#4915 = CARTESIAN_POINT('',(13.677290614542,15.182480625605));
#4916 = CARTESIAN_POINT('',(13.673694624413,15.138092596898));
#4917 = CARTESIAN_POINT('',(13.637842339979,14.718769181513));
#4918 = CARTESIAN_POINT('',(13.591640327036,14.344740056822));
#4919 = CARTESIAN_POINT('',(13.531330868608,13.972510026142));
#4920 = CARTESIAN_POINT('',(13.457692067195,13.602615757832));
#4921 = CARTESIAN_POINT('',(13.372269300535,13.235255307893));
#4922 = CARTESIAN_POINT('',(13.277231270911,12.870321837781));
#4923 = CARTESIAN_POINT('',(13.175135045116,12.507454075136));
#4924 = CARTESIAN_POINT('',(13.044403860058,12.063690063762));
#4925 = CARTESIAN_POINT('',(13.019901016846,11.981363536602));
#4926 = CARTESIAN_POINT('',(12.995201467254,11.89910223223));
#4927 = CARTESIAN_POINT('',(12.970337229022,11.816898142002));
#4928 = CARTESIAN_POINT('',(12.9453405834,11.734743010565));
#4929 = CARTESIAN_POINT('',(12.920243890817,11.652628386656));
#4930 = CARTESIAN_POINT('',(12.895079406549,11.570545673897));
#4931 = CARTESIAN_POINT('',(12.818573735344,11.321421099781));
#4932 = CARTESIAN_POINT('',(12.767120826648,11.15445517383));
#4933 = CARTESIAN_POINT('',(12.715788873087,10.987512563518));
#4934 = CARTESIAN_POINT('',(12.664844101728,10.820523284629));
#4935 = CARTESIAN_POINT('',(12.614541429671,10.653425477036));
#4936 = CARTESIAN_POINT('',(12.565115429791,10.486167672782));
#4937 = CARTESIAN_POINT('',(12.516771296488,10.318711064158));
#4938 = CARTESIAN_POINT('',(12.434396346464,10.025422369631));
#4939 = CARTESIAN_POINT('',(12.399817409853,9.899688081894));
#4940 = CARTESIAN_POINT('',(12.366010703266,9.773820942813));
#4941 = CARTESIAN_POINT('',(12.333034599415,9.647816825309));
#4942 = CARTESIAN_POINT('',(12.300934064616,9.521675450644));
#4943 = CARTESIAN_POINT('',(12.269740581322,9.395400398071));
#4944 = CARTESIAN_POINT('',(12.239472070677,9.268999114487));
#4945 = CARTESIAN_POINT('',(12.17684840934,8.998954531118));
#4946 = CARTESIAN_POINT('',(12.144760053355,8.855275750923));
#4947 = CARTESIAN_POINT('',(12.113872546946,8.711462575231));
#4948 = CARTESIAN_POINT('',(12.084179647253,8.567530918639));
#4949 = CARTESIAN_POINT('',(12.055632635833,8.423500742081));
#4950 = CARTESIAN_POINT('',(12.028206066302,8.279386678685));
#4951 = CARTESIAN_POINT('',(12.001824653353,8.135209166776));
#4952 = CARTESIAN_POINT('',(11.976440358279,7.99098273309));
#4953 = ( GEOMETRIC_REPRESENTATION_CONTEXT(2) 
PARAMETRIC_REPRESENTATION_CONTEXT() REPRESENTATION_CONTEXT('2D SPACE',''
  ) );
#4954 = ORIENTED_EDGE('',*,*,#3097,.T.);
#4955 = ADVANCED_FACE('',(#4956),#3395,.F.);
#4956 = FACE_BOUND('',#4957,.F.);
#4957 = EDGE_LOOP('',(#4958,#5011,#5218,#5219));
#4958 = ORIENTED_EDGE('',*,*,#4959,.F.);
#4959 = EDGE_CURVE('',#4960,#3332,#4962,.T.);
#4960 = VERTEX_POINT('',#4961);
#4961 = CARTESIAN_POINT('',(18.95339995737,9.931127447514,1.5));
#4962 = SURFACE_CURVE('',#4963,(#4997,#5004),.PCURVE_S1.);
#4963 = ( BOUNDED_CURVE() B_SPLINE_CURVE(3,(#4964,#4965,#4966,#4967,
    #4968,#4969,#4970,#4971,#4972,#4973,#4974,#4975,#4976,#4977,#4978,
    #4979,#4980,#4981,#4982,#4983,#4984,#4985,#4986,#4987,#4988,#4989,
    #4990,#4991,#4992,#4993,#4994,#4995,#4996),.UNSPECIFIED.,.F.,.F.) 
B_SPLINE_CURVE_WITH_KNOTS((4,1,1,1,1,1,1,1,1,1,1,1,1,1,1,1,1,1,1,1,1,1,1
    ,1,1,1,1,1,1,1,4),(0.,3.068165821138E-02,6.601269782959E-02,
    9.830800907E-02,0.127216197096,0.157262707878,0.188138205668,
    0.219565799738,0.251333925196,0.283659313393,0.31744062664,
    0.35073174851,0.384111710396,0.417581465102,0.45114195778,
    0.484794125941,0.51853889945,0.552377200543,0.586309943827,
    0.620338036294,0.654462377335,0.688683858749,0.723003364765,
    0.757421772058,0.791939949764,0.826558759507,0.861279055419,
0.896101684163,0.931027484962,0.96605728962,1.),.UNSPECIFIED.) CURVE() 
GEOMETRIC_REPRESENTATION_ITEM() RATIONAL_B_SPLINE_CURVE((1.,
    1.000000000002,0.999999999999,1.,1.,1.,1.,1.,1.,1.,1.,1.,1.,1.,1.,1.
    ,1.,1.,1.,1.,1.,1.,1.,1.,1.,1.,1.,1.,0.999999999999,1.000000000003,
0.999999999988,1.000000000025,1.)) REPRESENTATION_ITEM('') );
#4964 = CARTESIAN_POINT('',(15.572836396157,3.672433332076,
    -10.11982966802));
#4965 = CARTESIAN_POINT('',(19.353944010405,5.326764520695,
    -13.20549020304));
#4966 = CARTESIAN_POINT('',(13.47849825226,4.538612018983,
    -2.349153047964));
#4967 = CARTESIAN_POINT('',(13.928495530044,5.567404709913,
    0.402167973074));
#4968 = CARTESIAN_POINT('',(18.761747257665,9.316809877239,
    0.556268184895));
#4969 = CARTESIAN_POINT('',(21.354624408318,13.164874554041,
    4.338199718794));
#4970 = CARTESIAN_POINT('',(22.569078587837,16.555705320808,
    8.389705231602));
#4971 = CARTESIAN_POINT('',(22.739119700875,19.709136481721,
    13.012356568386));
#4972 = CARTESIAN_POINT('',(22.060391445834,22.482204922049,
    17.855593946091));
#4973 = CARTESIAN_POINT('',(20.726477444635,24.881753131478,
    22.862616673986));
#4974 = CARTESIAN_POINT('',(18.650523023222,26.560869249874,
    28.032637662535));
#4975 = CARTESIAN_POINT('',(16.816997570138,28.367901849734,
    32.865744682983));
#4976 = CARTESIAN_POINT('',(14.627999987157,30.038869425751,
    37.987629462079));
#4977 = CARTESIAN_POINT('',(12.336139033849,31.537266214111,
    43.013612385695));
#4978 = CARTESIAN_POINT('',(9.885055120206,32.857347294018,
    48.057464389687));
#4979 = CARTESIAN_POINT('',(7.303892120779,33.985136516798,
    53.096507709553));
#4980 = CARTESIAN_POINT('',(4.603867594375,34.907662797138,
    58.136843432611));
#4981 = CARTESIAN_POINT('',(1.802598507978,35.613216874792,
    63.176830119094));
#4982 = CARTESIAN_POINT('',(-1.082568164619,36.091427817807,
    68.21690940437));
#4983 = CARTESIAN_POINT('',(-4.032899185002,36.333377696861,
    73.256962481845));
#4984 = CARTESIAN_POINT('',(-7.028871120653,36.331694532776,
    78.297021288927));
#4985 = CARTESIAN_POINT('',(-10.0501719277,36.080638316291,
    83.337077385979));
#4986 = CARTESIAN_POINT('',(-13.07587238281,35.576175850174,
    88.377132512319));
#4987 = CARTESIAN_POINT('',(-16.08456262025,34.816041758911,
    93.417188239103));
#4988 = CARTESIAN_POINT('',(-19.05449986181,33.799796252447,
    98.457236548315));
#4989 = CARTESIAN_POINT('',(-21.96378270947,32.52883590576,
    103.49730811583));
#4990 = CARTESIAN_POINT('',(-24.79043744627,31.00651911374,
    108.53728784062));
#4991 = CARTESIAN_POINT('',(-27.51285443018,29.237798043276,
    113.57760725616));
#4992 = CARTESIAN_POINT('',(-30.10892320734,27.230635148805,
    118.61664877333));
#4993 = CARTESIAN_POINT('',(-32.56005198623,24.990663581721,
    123.66047617316));
#4994 = CARTESIAN_POINT('',(-34.81105420252,22.568889263629,
    128.62935510852));
#4995 = CARTESIAN_POINT('',(-36.19801087997,20.809218224308,
    131.96152364674));
#4996 = CARTESIAN_POINT('',(-36.89978036374,19.842930831233,
    133.73002152875));
#4997 = PCURVE('',#3395,#4998);
#4998 = DEFINITIONAL_REPRESENTATION('',(#4999),#5003);
#4999 = LINE('',#5000,#5001);
#5000 = CARTESIAN_POINT('',(2.,0.));
#5001 = VECTOR('',#5002,1.);
#5002 = DIRECTION('',(0.,1.));
#5003 = ( GEOMETRIC_REPRESENTATION_CONTEXT(2) 
PARAMETRIC_REPRESENTATION_CONTEXT() REPRESENTATION_CONTEXT('2D SPACE',''
  ) );
#5004 = PCURVE('',#3587,#5005);
#5005 = DEFINITIONAL_REPRESENTATION('',(#5006),#5010);
#5006 = LINE('',#5007,#5008);
#5007 = CARTESIAN_POINT('',(2.,0.));
#5008 = VECTOR('',#5009,1.);
#5009 = DIRECTION('',(0.,1.));
#5010 = ( GEOMETRIC_REPRESENTATION_CONTEXT(2) 
PARAMETRIC_REPRESENTATION_CONTEXT() REPRESENTATION_CONTEXT('2D SPACE',''
  ) );
#5011 = ORIENTED_EDGE('',*,*,#5012,.F.);
#5012 = EDGE_CURVE('',#4717,#4960,#5013,.T.);
#5013 = SURFACE_CURVE('',#5014,(#5080,#5149),.PCURVE_S1.);
#5014 = B_SPLINE_CURVE_WITH_KNOTS('',8,(#5015,#5016,#5017,#5018,#5019,
    #5020,#5021,#5022,#5023,#5024,#5025,#5026,#5027,#5028,#5029,#5030,
    #5031,#5032,#5033,#5034,#5035,#5036,#5037,#5038,#5039,#5040,#5041,
    #5042,#5043,#5044,#5045,#5046,#5047,#5048,#5049,#5050,#5051,#5052,
    #5053,#5054,#5055,#5056,#5057,#5058,#5059,#5060,#5061,#5062,#5063,
    #5064,#5065,#5066,#5067,#5068,#5069,#5070,#5071,#5072,#5073,#5074,
    #5075,#5076,#5077,#5078,#5079),.UNSPECIFIED.,.F.,.F.,(9,7,7,7,7,7,7,
    7,7,9),(0.,0.143021079024,0.440692510192,0.518021952881,
    0.546054211718,0.575656936445,0.616034664147,0.752748866376,
    0.898067758227,1.),.UNSPECIFIED.);
#5015 = CARTESIAN_POINT('',(11.976440358279,7.99098273309,1.5));
#5016 = CARTESIAN_POINT('',(12.104721891252,7.986454702288,1.5));
#5017 = CARTESIAN_POINT('',(12.23323622232,7.984477446672,1.5));
#5018 = CARTESIAN_POINT('',(12.361929086302,7.985205617362,1.5));
#5019 = CARTESIAN_POINT('',(12.490737981818,7.988781975476,1.5));
#5020 = CARTESIAN_POINT('',(12.619591781331,7.995325384495,1.5));
#5021 = CARTESIAN_POINT('',(12.748410408551,8.004919857625,1.5));
#5022 = CARTESIAN_POINT('',(12.877104583208,8.017604660178,1.5));
#5023 = CARTESIAN_POINT('',(13.272963920135,8.066168616981,1.5));
#5024 = CARTESIAN_POINT('',(13.53943704969,8.112303860624,1.5));
#5025 = CARTESIAN_POINT('',(13.803999619069,8.171641593255,1.5));
#5026 = CARTESIAN_POINT('',(14.066103628404,8.243141487695,1.5));
#5027 = CARTESIAN_POINT('',(14.325633165325,8.324843706044,1.5));
#5028 = CARTESIAN_POINT('',(14.582728360509,8.414582769778,1.5));
#5029 = CARTESIAN_POINT('',(14.837735182803,8.510271448763,1.5));
#5030 = CARTESIAN_POINT('',(15.157027823569,8.635901319688,1.5));
#5031 = CARTESIAN_POINT('',(15.222772874817,8.662083243692,1.5));
#5032 = CARTESIAN_POINT('',(15.288431603648,8.688507687062,1.5));
#5033 = CARTESIAN_POINT('',(15.354014612883,8.715142214507,1.5));
#5034 = CARTESIAN_POINT('',(15.419532710021,8.74195505271,1.5));
#5035 = CARTESIAN_POINT('',(15.484996907234,8.76891509033,1.5));
#5036 = CARTESIAN_POINT('',(15.55041842137,8.795991878003,1.5));
#5037 = CARTESIAN_POINT('',(15.639512924524,8.83300260581,1.5));
#5038 = CARTESIAN_POINT('',(15.663213044008,8.842861005894,1.5));
#5039 = CARTESIAN_POINT('',(15.686909566036,8.852729408146,1.5));
#5040 = CARTESIAN_POINT('',(15.710603022835,8.862606402279,1.5));
#5041 = CARTESIAN_POINT('',(15.734293945229,8.872490588162,1.5));
#5042 = CARTESIAN_POINT('',(15.75798286264,8.882380575821,1.5));
#5043 = CARTESIAN_POINT('',(15.781670303088,8.892274985436,1.5));
#5044 = CARTESIAN_POINT('',(15.830370283911,8.912624399933,1.5));
#5045 = CARTESIAN_POINT('',(15.855382712937,8.923079755546,1.5));
#5046 = CARTESIAN_POINT('',(15.880394700437,8.933536901215,1.5));
#5047 = CARTESIAN_POINT('',(15.905406862177,8.943994235344,1.5));
#5048 = CARTESIAN_POINT('',(15.930419809519,8.954450167703,1.5));
#5049 = CARTESIAN_POINT('',(15.955434149421,8.964903119432,1.5));
#5050 = CARTESIAN_POINT('',(15.980450484438,8.97535152304,1.5));
#5051 = CARTESIAN_POINT('',(16.039594902279,9.000036981578,1.5));
#5052 = CARTESIAN_POINT('',(16.073725210495,9.014268781654,1.5));
#5053 = CARTESIAN_POINT('',(16.107861857694,9.028485274264,1.5));
#5054 = CARTESIAN_POINT('',(16.142006338938,9.042682546157,1.5));
#5055 = CARTESIAN_POINT('',(16.176160124023,9.056856719204,1.5));
#5056 = CARTESIAN_POINT('',(16.21032465748,9.071003950394,1.5));
#5057 = CARTESIAN_POINT('',(16.244501358574,9.085120431838,1.5));
#5058 = CARTESIAN_POINT('',(16.394455800211,9.146882235316,1.5));
#5059 = CARTESIAN_POINT('',(16.510374451265,9.194165743681,1.5));
#5060 = CARTESIAN_POINT('',(16.626502887795,9.240907499508,1.5));
#5061 = CARTESIAN_POINT('',(16.742891006079,9.286965054623,1.5));
#5062 = CARTESIAN_POINT('',(16.859582871065,9.332200080396,1.5));
#5063 = CARTESIAN_POINT('',(16.976616302101,9.376479519106,1.5));
#5064 = CARTESIAN_POINT('',(17.094022458657,9.41967673531,1.5));
#5065 = CARTESIAN_POINT('',(17.337042824081,9.506311791646,1.5));
#5066 = CARTESIAN_POINT('',(17.462709463899,9.5495941901,1.5));
#5067 = CARTESIAN_POINT('',(17.588850494436,9.591375941251,1.5));
#5068 = CARTESIAN_POINT('',(17.715482121229,9.63152415865,1.5));
#5069 = CARTESIAN_POINT('',(17.842610760016,9.669919862407,1.5));
#5070 = CARTESIAN_POINT('',(17.970232190324,9.706460850879,1.5));
#5071 = CARTESIAN_POINT('',(18.098330709065,9.741064572363,1.5));
#5072 = CARTESIAN_POINT('',(18.317046481342,9.79654239289,1.5));
#5073 = CARTESIAN_POINT('',(18.407436533663,9.818430238324,1.5));
#5074 = CARTESIAN_POINT('',(18.498028164928,9.839369611234,1.5));
#5075 = CARTESIAN_POINT('',(18.588802445339,9.859396839821,1.5));
#5076 = CARTESIAN_POINT('',(18.679741887396,9.878549017,1.5));
#5077 = CARTESIAN_POINT('',(18.770830541819,9.896863515041,1.5));
#5078 = CARTESIAN_POINT('',(18.862054093489,9.914377500231,1.5));
#5079 = CARTESIAN_POINT('',(18.95339995737,9.931127447514,1.5));
#5080 = PCURVE('',#3395,#5081);
#5081 = DEFINITIONAL_REPRESENTATION('',(#5082),#5148);
#5082 = B_SPLINE_CURVE_WITH_KNOTS('',8,(#5083,#5084,#5085,#5086,#5087,
    #5088,#5089,#5090,#5091,#5092,#5093,#5094,#5095,#5096,#5097,#5098,
    #5099,#5100,#5101,#5102,#5103,#5104,#5105,#5106,#5107,#5108,#5109,
    #5110,#5111,#5112,#5113,#5114,#5115,#5116,#5117,#5118,#5119,#5120,
    #5121,#5122,#5123,#5124,#5125,#5126,#5127,#5128,#5129,#5130,#5131,
    #5132,#5133,#5134,#5135,#5136,#5137,#5138,#5139,#5140,#5141,#5142,
    #5143,#5144,#5145,#5146,#5147),.UNSPECIFIED.,.F.,.F.,(9,7,7,7,7,7,7,
    7,7,9),(0.,0.143021079024,0.440692510192,0.518021952881,
    0.546054211718,0.575656936445,0.616034664147,0.752748866376,
    0.898067758227,1.),.UNSPECIFIED.);
#5083 = CARTESIAN_POINT('',(3.,6.574921933869E-02));
#5084 = CARTESIAN_POINT('',(2.970472132983,6.622169144704E-02));
#5085 = CARTESIAN_POINT('',(2.941527835212,6.671138846113E-02));
#5086 = CARTESIAN_POINT('',(2.913221787368,6.721850441075E-02));
#5087 = CARTESIAN_POINT('',(2.885609494534,6.774301230717E-02));
#5088 = CARTESIAN_POINT('',(2.858742476709,6.828464402168E-02));
#5089 = CARTESIAN_POINT('',(2.832664623014,6.884286994778E-02));
#5090 = CARTESIAN_POINT('',(2.807409709625,6.941687844692E-02));
#5091 = CARTESIAN_POINT('',(2.732196038956,7.123077458019E-02));
#5092 = CARTESIAN_POINT('',(2.685043708977,7.251978282697E-02));
#5093 = CARTESIAN_POINT('',(2.641764174209,7.386220523372E-02));
#5094 = CARTESIAN_POINT('',(2.602235717194,7.524517457877E-02));
#5095 = CARTESIAN_POINT('',(2.565984756488,7.665535362272E-02));
#5096 = CARTESIAN_POINT('',(2.532425847082,7.808253248272E-02));
#5097 = CARTESIAN_POINT('',(2.500958637527,7.951909963957E-02));
#5098 = CARTESIAN_POINT('',(2.463217956713,8.133423325232E-02));
#5099 = CARTESIAN_POINT('',(2.455536283026,8.17088686956E-02));
#5100 = CARTESIAN_POINT('',(2.447945162759,8.208375593924E-02));
#5101 = CARTESIAN_POINT('',(2.440434469863,8.245881874762E-02));
#5102 = CARTESIAN_POINT('',(2.432994282503,8.283398710955E-02));
#5103 = CARTESIAN_POINT('',(2.425614883057,8.320919723824E-02));
#5104 = CARTESIAN_POINT('',(2.418286758116,8.358439157131E-02));
#5105 = CARTESIAN_POINT('',(2.408359333973,8.409550400985E-02));
#5106 = CARTESIAN_POINT('',(2.405723588351,8.423148020875E-02));
#5107 = CARTESIAN_POINT('',(2.403092920407,8.436744481025E-02));
#5108 = CARTESIAN_POINT('',(2.400466893346,8.450339530548E-02));
#5109 = CARTESIAN_POINT('',(2.397845074782,8.463932923391E-02));
#5110 = CARTESIAN_POINT('',(2.395227036747,8.477524418333E-02));
#5111 = CARTESIAN_POINT('',(2.392612355682,8.491113778988E-02));
#5112 = CARTESIAN_POINT('',(2.387242550152,8.519048959932E-02));
#5113 = CARTESIAN_POINT('',(2.38448776428,8.533394505637E-02));
#5114 = CARTESIAN_POINT('',(2.381735761249,8.547737138282E-02));
#5115 = CARTESIAN_POINT('',(2.37898605324,8.56207658761E-02));
#5116 = CARTESIAN_POINT('',(2.37623815819,8.576412585745E-02));
#5117 = CARTESIAN_POINT('',(2.373491599793,8.590744867194E-02));
#5118 = CARTESIAN_POINT('',(2.370745907504,8.605073168842E-02));
#5119 = CARTESIAN_POINT('',(2.364256075707,8.638935061172E-02));
#5120 = CARTESIAN_POINT('',(2.3605122821,8.658464996538E-02));
#5121 = CARTESIAN_POINT('',(2.356768056008,8.677986377434E-02));
#5122 = CARTESIAN_POINT('',(2.353022238536,8.697498539875E-02));
#5123 = CARTESIAN_POINT('',(2.349273691591,8.717000814509E-02));
#5124 = CARTESIAN_POINT('',(2.34552129789,8.73649252662E-02));
#5125 = CARTESIAN_POINT('',(2.341763960954,8.755972996123E-02));
#5126 = CARTESIAN_POINT('',(2.325258328091,8.841359712355E-02));
#5127 = CARTESIAN_POINT('',(2.312447135524,8.907140449535E-02));
#5128 = CARTESIAN_POINT('',(2.299525215506,8.97275799187E-02));
#5129 = CARTESIAN_POINT('',(2.286453580335,9.038183618075E-02));
#5130 = CARTESIAN_POINT('',(2.273196271565,9.103385242635E-02));
#5131 = CARTESIAN_POINT('',(2.259720565064,9.168327015628E-02));
#5132 = CARTESIAN_POINT('',(2.245997176068,9.232968922538E-02));
#5133 = CARTESIAN_POINT('',(2.217122809833,9.365610679745E-02));
#5134 = CARTESIAN_POINT('',(2.201936279907,9.433566292123E-02));
#5135 = CARTESIAN_POINT('',(2.186410548135,9.50107840296E-02));
#5136 = CARTESIAN_POINT('',(2.170520194873,9.568086514874E-02));
#5137 = CARTESIAN_POINT('',(2.15424514229,9.634525633136E-02));
#5138 = CARTESIAN_POINT('',(2.137571089497,9.700327447452E-02));
#5139 = CARTESIAN_POINT('',(2.120489947675,9.765421513749E-02));
#5140 = CARTESIAN_POINT('',(2.090732348445,9.874849388012E-02));
#5141 = CARTESIAN_POINT('',(2.078263035442,9.919579304706E-02));
#5142 = CARTESIAN_POINT('',(2.065607023596,9.963908424828E-02));
#5143 = CARTESIAN_POINT('',(2.05277849024,0.100078217639));
#5144 = CARTESIAN_POINT('',(2.039791016282,0.100513070245));
#5145 = CARTESIAN_POINT('',(2.026657499849,0.100943545072));
#5146 = CARTESIAN_POINT('',(2.013390069925,0.101369570206));
#5147 = CARTESIAN_POINT('',(2.,0.101791097923));
#5148 = ( GEOMETRIC_REPRESENTATION_CONTEXT(2) 
PARAMETRIC_REPRESENTATION_CONTEXT() REPRESENTATION_CONTEXT('2D SPACE',''
  ) );
#5149 = PCURVE('',#45,#5150);
#5150 = DEFINITIONAL_REPRESENTATION('',(#5151),#5217);
#5151 = B_SPLINE_CURVE_WITH_KNOTS('',8,(#5152,#5153,#5154,#5155,#5156,
    #5157,#5158,#5159,#5160,#5161,#5162,#5163,#5164,#5165,#5166,#5167,
    #5168,#5169,#5170,#5171,#5172,#5173,#5174,#5175,#5176,#5177,#5178,
    #5179,#5180,#5181,#5182,#5183,#5184,#5185,#5186,#5187,#5188,#5189,
    #5190,#5191,#5192,#5193,#5194,#5195,#5196,#5197,#5198,#5199,#5200,
    #5201,#5202,#5203,#5204,#5205,#5206,#5207,#5208,#5209,#5210,#5211,
    #5212,#5213,#5214,#5215,#5216),.UNSPECIFIED.,.F.,.F.,(9,7,7,7,7,7,7,
    7,7,9),(0.,0.143021079024,0.440692510192,0.518021952881,
    0.546054211718,0.575656936445,0.616034664147,0.752748866376,
    0.898067758227,1.),.UNSPECIFIED.);
#5152 = CARTESIAN_POINT('',(11.976440358279,7.99098273309));
#5153 = CARTESIAN_POINT('',(12.104721891252,7.986454702288));
#5154 = CARTESIAN_POINT('',(12.23323622232,7.984477446672));
#5155 = CARTESIAN_POINT('',(12.361929086302,7.985205617362));
#5156 = CARTESIAN_POINT('',(12.490737981818,7.988781975476));
#5157 = CARTESIAN_POINT('',(12.619591781331,7.995325384495));
#5158 = CARTESIAN_POINT('',(12.748410408551,8.004919857625));
#5159 = CARTESIAN_POINT('',(12.877104583208,8.017604660178));
#5160 = CARTESIAN_POINT('',(13.272963920135,8.066168616981));
#5161 = CARTESIAN_POINT('',(13.53943704969,8.112303860624));
#5162 = CARTESIAN_POINT('',(13.803999619069,8.171641593255));
#5163 = CARTESIAN_POINT('',(14.066103628404,8.243141487695));
#5164 = CARTESIAN_POINT('',(14.325633165325,8.324843706044));
#5165 = CARTESIAN_POINT('',(14.582728360509,8.414582769778));
#5166 = CARTESIAN_POINT('',(14.837735182803,8.510271448763));
#5167 = CARTESIAN_POINT('',(15.157027823569,8.635901319688));
#5168 = CARTESIAN_POINT('',(15.222772874817,8.662083243692));
#5169 = CARTESIAN_POINT('',(15.288431603648,8.688507687062));
#5170 = CARTESIAN_POINT('',(15.354014612883,8.715142214507));
#5171 = CARTESIAN_POINT('',(15.419532710021,8.74195505271));
#5172 = CARTESIAN_POINT('',(15.484996907234,8.76891509033));
#5173 = CARTESIAN_POINT('',(15.55041842137,8.795991878003));
#5174 = CARTESIAN_POINT('',(15.639512924524,8.83300260581));
#5175 = CARTESIAN_POINT('',(15.663213044008,8.842861005894));
#5176 = CARTESIAN_POINT('',(15.686909566036,8.852729408146));
#5177 = CARTESIAN_POINT('',(15.710603022835,8.862606402279));
#5178 = CARTESIAN_POINT('',(15.734293945229,8.872490588162));
#5179 = CARTESIAN_POINT('',(15.75798286264,8.882380575821));
#5180 = CARTESIAN_POINT('',(15.781670303088,8.892274985436));
#5181 = CARTESIAN_POINT('',(15.830370283911,8.912624399933));
#5182 = CARTESIAN_POINT('',(15.855382712937,8.923079755546));
#5183 = CARTESIAN_POINT('',(15.880394700437,8.933536901215));
#5184 = CARTESIAN_POINT('',(15.905406862177,8.943994235344));
#5185 = CARTESIAN_POINT('',(15.930419809519,8.954450167703));
#5186 = CARTESIAN_POINT('',(15.955434149421,8.964903119432));
#5187 = CARTESIAN_POINT('',(15.980450484438,8.97535152304));
#5188 = CARTESIAN_POINT('',(16.039594902279,9.000036981578));
#5189 = CARTESIAN_POINT('',(16.073725210495,9.014268781654));
#5190 = CARTESIAN_POINT('',(16.107861857694,9.028485274264));
#5191 = CARTESIAN_POINT('',(16.142006338938,9.042682546157));
#5192 = CARTESIAN_POINT('',(16.176160124023,9.056856719204));
#5193 = CARTESIAN_POINT('',(16.21032465748,9.071003950394));
#5194 = CARTESIAN_POINT('',(16.244501358574,9.085120431838));
#5195 = CARTESIAN_POINT('',(16.394455800211,9.146882235316));
#5196 = CARTESIAN_POINT('',(16.510374451265,9.194165743681));
#5197 = CARTESIAN_POINT('',(16.626502887795,9.240907499508));
#5198 = CARTESIAN_POINT('',(16.742891006079,9.286965054623));
#5199 = CARTESIAN_POINT('',(16.859582871065,9.332200080396));
#5200 = CARTESIAN_POINT('',(16.976616302101,9.376479519106));
#5201 = CARTESIAN_POINT('',(17.094022458657,9.41967673531));
#5202 = CARTESIAN_POINT('',(17.337042824081,9.506311791646));
#5203 = CARTESIAN_POINT('',(17.462709463899,9.5495941901));
#5204 = CARTESIAN_POINT('',(17.588850494436,9.591375941251));
#5205 = CARTESIAN_POINT('',(17.715482121229,9.63152415865));
#5206 = CARTESIAN_POINT('',(17.842610760016,9.669919862407));
#5207 = CARTESIAN_POINT('',(17.970232190324,9.706460850879));
#5208 = CARTESIAN_POINT('',(18.098330709065,9.741064572363));
#5209 = CARTESIAN_POINT('',(18.317046481342,9.79654239289));
#5210 = CARTESIAN_POINT('',(18.407436533663,9.818430238324));
#5211 = CARTESIAN_POINT('',(18.498028164928,9.839369611234));
#5212 = CARTESIAN_POINT('',(18.588802445339,9.859396839821));
#5213 = CARTESIAN_POINT('',(18.679741887396,9.878549017));
#5214 = CARTESIAN_POINT('',(18.770830541819,9.896863515041));
#5215 = CARTESIAN_POINT('',(18.862054093489,9.914377500231));
#5216 = CARTESIAN_POINT('',(18.95339995737,9.931127447514));
#5217 = ( GEOMETRIC_REPRESENTATION_CONTEXT(2) 
PARAMETRIC_REPRESENTATION_CONTEXT() REPRESENTATION_CONTEXT('2D SPACE',''
  ) );
#5218 = ORIENTED_EDGE('',*,*,#4716,.T.);
#5219 = ORIENTED_EDGE('',*,*,#3331,.T.);
#5220 = ADVANCED_FACE('',(#5221),#3587,.F.);
#5221 = FACE_BOUND('',#5222,.F.);
#5222 = EDGE_LOOP('',(#5223,#5276,#5462,#5463));
#5223 = ORIENTED_EDGE('',*,*,#5224,.F.);
#5224 = EDGE_CURVE('',#5225,#3494,#5227,.T.);
#5225 = VERTEX_POINT('',#5226);
#5226 = CARTESIAN_POINT('',(14.122804819627,2.799520087933,1.5));
#5227 = SURFACE_CURVE('',#5228,(#5262,#5269),.PCURVE_S1.);
#5228 = ( BOUNDED_CURVE() B_SPLINE_CURVE(3,(#5229,#5230,#5231,#5232,
    #5233,#5234,#5235,#5236,#5237,#5238,#5239,#5240,#5241,#5242,#5243,
    #5244,#5245,#5246,#5247,#5248,#5249,#5250,#5251,#5252,#5253,#5254,
    #5255,#5256,#5257,#5258,#5259,#5260,#5261),.UNSPECIFIED.,.F.,.F.) 
B_SPLINE_CURVE_WITH_KNOTS((4,1,1,1,1,1,1,1,1,1,1,1,1,1,1,1,1,1,1,1,1,1,1
    ,1,1,1,1,1,1,1,4),(0.,3.068165821138E-02,6.601269782959E-02,
    9.830800907E-02,0.127216197096,0.157262707878,0.188138205668,
    0.219565799738,0.251333925196,0.283659313393,0.31744062664,
    0.35073174851,0.384111710396,0.417581465102,0.45114195778,
    0.484794125941,0.51853889945,0.552377200543,0.586309943827,
    0.620338036294,0.654462377335,0.688683858749,0.723003364765,
    0.757421772058,0.791939949764,0.826558759507,0.861279055419,
0.896101684163,0.931027484962,0.96605728962,1.),.UNSPECIFIED.) CURVE() 
GEOMETRIC_REPRESENTATION_ITEM() RATIONAL_B_SPLINE_CURVE((1.,
    1.000000000002,0.999999999999,1.,1.,1.,1.,1.,1.,1.,1.,1.,1.,1.,1.,1.
    ,1.,1.,1.,1.,1.,1.,1.,1.,1.,1.,1.,1.,0.999999999999,1.000000000003,
0.999999999988,1.000000000025,1.)) REPRESENTATION_ITEM('') );
#5229 = CARTESIAN_POINT('',(13.806410073786,0.486770156014,
    -10.11982966802));
#5230 = CARTESIAN_POINT('',(19.494571879951,1.883002118856,
    -12.85547423447));
#5231 = CARTESIAN_POINT('',(10.887429110599,1.224389128359,
    -2.952170729409));
#5232 = CARTESIAN_POINT('',(13.434515603672,2.486598600164,
    2.074211451366));
#5233 = CARTESIAN_POINT('',(19.305868036076,5.245533013668,
    3.324693262476));
#5234 = CARTESIAN_POINT('',(20.99590426351,7.84356440815,6.627972299613)
  );
#5235 = CARTESIAN_POINT('',(22.360835961899,10.435237947509,
    10.293545432463));
#5236 = CARTESIAN_POINT('',(22.775365465408,12.982605256911,
    14.436104726298));
#5237 = CARTESIAN_POINT('',(22.549419047992,15.380493415589,
    18.810975887307));
#5238 = CARTESIAN_POINT('',(21.754556854327,17.590877893373,
    23.338395863153));
#5239 = CARTESIAN_POINT('',(20.265044866926,19.3476015781,
    28.043852332174));
#5240 = CARTESIAN_POINT('',(19.036009527648,21.207869468766,
    33.366718058391));
#5241 = CARTESIAN_POINT('',(17.457377752516,22.987402741335,
    38.364162653567));
#5242 = CARTESIAN_POINT('',(15.769315246503,24.644837651563,
    43.430315313796));
#5243 = CARTESIAN_POINT('',(13.914449402166,26.176190299988,
    48.470245820927));
#5244 = CARTESIAN_POINT('',(11.917438075011,27.567014843373,
    53.517229585308));
#5245 = CARTESIAN_POINT('',(9.784976827824,28.803807861632,
    58.562314412655));
#5246 = CARTESIAN_POINT('',(7.530187940271,29.87384501363,
    63.607908825541));
#5247 = CARTESIAN_POINT('',(5.165977578964,30.765369393824,
    68.653364824306));
#5248 = CARTESIAN_POINT('',(2.706728785999,31.467678747235,
    73.698856747151));
#5249 = CARTESIAN_POINT('',(0.167739349143,31.971232273316,
    78.744337770558));
#5250 = CARTESIAN_POINT('',(-2.434745455475,32.267743251383,
    83.78982021861));
#5251 = CARTESIAN_POINT('',(-5.083670873322,32.350266189834,
    88.835301850638));
#5252 = CARTESIAN_POINT('',(-7.761276313018,32.213272654532,
    93.880779285128));
#5253 = CARTESIAN_POINT('',(-10.44921251073,31.852725839956,
    98.926268414461));
#5254 = CARTESIAN_POINT('',(-13.12868228935,31.266115048651,
    103.97170885322));
#5255 = CARTESIAN_POINT('',(-15.78051135669,30.452592014773,
    109.01732721786));
#5256 = CARTESIAN_POINT('',(-18.38550969929,29.412674501395,
    114.06227402731));
#5257 = CARTESIAN_POINT('',(-20.9237639244,28.14951859312,
    119.10973365218));
#5258 = CARTESIAN_POINT('',(-23.3779537063,26.664255285361,
    124.14776911856));
#5259 = CARTESIAN_POINT('',(-25.69501358491,24.992697185812,
    129.16358721253));
#5260 = CARTESIAN_POINT('',(-27.16342312614,23.732522857046,
    132.39837068759));
#5261 = CARTESIAN_POINT('',(-27.9059291641,23.019608219251,
    133.73002152875));
#5262 = PCURVE('',#3587,#5263);
#5263 = DEFINITIONAL_REPRESENTATION('',(#5264),#5268);
#5264 = LINE('',#5265,#5266);
#5265 = CARTESIAN_POINT('',(1.,0.));
#5266 = VECTOR('',#5267,1.);
#5267 = DIRECTION('',(0.,1.));
#5268 = ( GEOMETRIC_REPRESENTATION_CONTEXT(2) 
PARAMETRIC_REPRESENTATION_CONTEXT() REPRESENTATION_CONTEXT('2D SPACE',''
  ) );
#5269 = PCURVE('',#3774,#5270);
#5270 = DEFINITIONAL_REPRESENTATION('',(#5271),#5275);
#5271 = LINE('',#5272,#5273);
#5272 = CARTESIAN_POINT('',(1.,0.));
#5273 = VECTOR('',#5274,1.);
#5274 = DIRECTION('',(0.,1.));
#5275 = ( GEOMETRIC_REPRESENTATION_CONTEXT(2) 
PARAMETRIC_REPRESENTATION_CONTEXT() REPRESENTATION_CONTEXT('2D SPACE',''
  ) );
#5276 = ORIENTED_EDGE('',*,*,#5277,.F.);
#5277 = EDGE_CURVE('',#4960,#5225,#5278,.T.);
#5278 = SURFACE_CURVE('',#5279,(#5338,#5400),.PCURVE_S1.);
#5279 = B_SPLINE_CURVE_WITH_KNOTS('',8,(#5280,#5281,#5282,#5283,#5284,
    #5285,#5286,#5287,#5288,#5289,#5290,#5291,#5292,#5293,#5294,#5295,
    #5296,#5297,#5298,#5299,#5300,#5301,#5302,#5303,#5304,#5305,#5306,
    #5307,#5308,#5309,#5310,#5311,#5312,#5313,#5314,#5315,#5316,#5317,
    #5318,#5319,#5320,#5321,#5322,#5323,#5324,#5325,#5326,#5327,#5328,
    #5329,#5330,#5331,#5332,#5333,#5334,#5335,#5336,#5337),
  .UNSPECIFIED.,.F.,.F.,(9,7,7,7,7,7,7,7,9),(0.,7.444990737237E-02,
    0.113137302166,0.154249987053,0.501646820153,0.58086131922,
    0.74213427371,0.862944655899,1.),.UNSPECIFIED.);
#5280 = CARTESIAN_POINT('',(18.95339995737,9.931127447514,1.5));
#5281 = CARTESIAN_POINT('',(18.923946482123,9.856161918069,1.5));
#5282 = CARTESIAN_POINT('',(18.894066336366,9.781358189855,1.5));
#5283 = CARTESIAN_POINT('',(18.863743474407,9.706725364938,1.5));
#5284 = CARTESIAN_POINT('',(18.832961251011,9.632273377319,1.5));
#5285 = CARTESIAN_POINT('',(18.801702421404,9.558012992927,1.5));
#5286 = CARTESIAN_POINT('',(18.769949141272,9.483955809626,1.5));
#5287 = CARTESIAN_POINT('',(18.737682966762,9.41011425721,1.5));
#5288 = CARTESIAN_POINT('',(18.687841535514,9.298249272696,1.5));
#5289 = CARTESIAN_POINT('',(18.670654784355,9.260058659238,1.5));
#5290 = CARTESIAN_POINT('',(18.653321114382,9.221932054679,1.5));
#5291 = CARTESIAN_POINT('',(18.635838828467,9.183870955103,1.5));
#5292 = CARTESIAN_POINT('',(18.618205395651,9.145877292526,1.5));
#5293 = CARTESIAN_POINT('',(18.600416969971,9.107953667761,1.5));
#5294 = CARTESIAN_POINT('',(18.582470051432,9.070102578611,1.5));
#5295 = CARTESIAN_POINT('',(18.545125549884,8.992178431639,1.5));
#5296 = CARTESIAN_POINT('',(18.525707622618,8.952114850424,1.5));
#5297 = CARTESIAN_POINT('',(18.506111346344,8.912135126226,1.5));
#5298 = CARTESIAN_POINT('',(18.486336682945,8.872240433805,1.5));
#5299 = CARTESIAN_POINT('',(18.466383717163,8.832431896238,1.5));
#5300 = CARTESIAN_POINT('',(18.446252656607,8.792710584917,1.5));
#5301 = CARTESIAN_POINT('',(18.425943831747,8.753077519551,1.5));
#5302 = CARTESIAN_POINT('',(18.232352516093,8.379393273836,1.5));
#5303 = CARTESIAN_POINT('',(18.046532672736,8.05151616587,1.5));
#5304 = CARTESIAN_POINT('',(17.848367732701,7.730699889682,1.5));
#5305 = CARTESIAN_POINT('',(17.638781943071,7.41714249528,1.5));
#5306 = CARTESIAN_POINT('',(17.419278839448,7.110435572078,1.5));
#5307 = CARTESIAN_POINT('',(17.191821156133,6.809650487683,1.5));
#5308 = CARTESIAN_POINT('',(16.958633061874,6.513474922889,1.5));
#5309 = CARTESIAN_POINT('',(16.668032060703,6.153519094127,1.5));
#5310 = CARTESIAN_POINT('',(16.613889387382,6.086836132844,1.5));
#5311 = CARTESIAN_POINT('',(16.559589940744,6.020288705833,1.5));
#5312 = CARTESIAN_POINT('',(16.505160236546,5.953857161412,1.5));
#5313 = CARTESIAN_POINT('',(16.45062693959,5.88752151913,1.5));
#5314 = CARTESIAN_POINT('',(16.396016712853,5.821261587238,1.5));
#5315 = CARTESIAN_POINT('',(16.341356066635,5.75505708016,1.5));
#5316 = CARTESIAN_POINT('',(16.175338195777,5.55417343794,1.5));
#5317 = CARTESIAN_POINT('',(16.063906812914,5.419607212031,1.5));
#5318 = CARTESIAN_POINT('',(15.952596100531,5.285016239438,1.5));
#5319 = CARTESIAN_POINT('',(15.84162523857,5.150233982488,1.5));
#5320 = CARTESIAN_POINT('',(15.731206066875,5.015105737325,1.5));
#5321 = CARTESIAN_POINT('',(15.62153560659,4.879494186604,1.5));
#5322 = CARTESIAN_POINT('',(15.512788581553,4.743284952179,1.5));
#5323 = CARTESIAN_POINT('',(15.324447326937,4.503845058805,1.5));
#5324 = CARTESIAN_POINT('',(15.24438412635,4.400914509981,1.5));
#5325 = CARTESIAN_POINT('',(15.164983533266,4.297565702883,1.5));
#5326 = CARTESIAN_POINT('',(15.086297897679,4.193772486317,1.5));
#5327 = CARTESIAN_POINT('',(15.008368656375,4.0895173949,1.5));
#5328 = CARTESIAN_POINT('',(14.931226265072,3.984791687616,1.5));
#5329 = CARTESIAN_POINT('',(14.854890130549,3.879595386377,1.5));
#5330 = CARTESIAN_POINT('',(14.693691823536,3.654071760608,1.5));
#5331 = CARTESIAN_POINT('',(14.609062559448,3.533609558538,1.5));
#5332 = CARTESIAN_POINT('',(14.525491304776,3.412563645987,1.5));
#5333 = CARTESIAN_POINT('',(14.442978382117,3.29095111515,1.5));
#5334 = CARTESIAN_POINT('',(14.361486420228,3.168809051286,1.5));
#5335 = CARTESIAN_POINT('',(14.280997509558,3.046160711533,1.5));
#5336 = CARTESIAN_POINT('',(14.201449916972,2.923053788893,1.5));
#5337 = CARTESIAN_POINT('',(14.122804819627,2.799520087933,1.5));
#5338 = PCURVE('',#3587,#5339);
#5339 = DEFINITIONAL_REPRESENTATION('',(#5340),#5399);
#5340 = B_SPLINE_CURVE_WITH_KNOTS('',8,(#5341,#5342,#5343,#5344,#5345,
    #5346,#5347,#5348,#5349,#5350,#5351,#5352,#5353,#5354,#5355,#5356,
    #5357,#5358,#5359,#5360,#5361,#5362,#5363,#5364,#5365,#5366,#5367,
    #5368,#5369,#5370,#5371,#5372,#5373,#5374,#5375,#5376,#5377,#5378,
    #5379,#5380,#5381,#5382,#5383,#5384,#5385,#5386,#5387,#5388,#5389,
    #5390,#5391,#5392,#5393,#5394,#5395,#5396,#5397,#5398),
  .UNSPECIFIED.,.F.,.F.,(9,7,7,7,7,7,7,7,9),(0.,7.444990737237E-02,
    0.113137302166,0.154249987053,0.501646820153,0.58086131922,
    0.74213427371,0.862944655899,1.),.UNSPECIFIED.);
#5341 = CARTESIAN_POINT('',(2.,0.101791097923));
#5342 = CARTESIAN_POINT('',(1.990810138461,0.101501795375));
#5343 = CARTESIAN_POINT('',(1.981668906142,0.1012100866));
#5344 = CARTESIAN_POINT('',(1.972578862129,0.100915939354));
#5345 = CARTESIAN_POINT('',(1.963542765824,0.100619322998));
#5346 = CARTESIAN_POINT('',(1.954563576945,0.100320208499));
#5347 = CARTESIAN_POINT('',(1.945644455523,0.10001856843));
#5348 = CARTESIAN_POINT('',(1.936788761909,9.971437697127E-02));
#5349 = CARTESIAN_POINT('',(1.92343306511,9.924820046201E-02));
#5350 = CARTESIAN_POINT('',(1.918884117059,9.90880962009E-02));
#5351 = CARTESIAN_POINT('',(1.914353909063,9.892729132499E-02));
#5352 = CARTESIAN_POINT('',(1.909842736192,9.876578590436E-02));
#5353 = CARTESIAN_POINT('',(1.905351089938,9.860357767373E-02));
#5354 = CARTESIAN_POINT('',(1.900879769243,9.844066054259E-02));
#5355 = CARTESIAN_POINT('',(1.896429504747,9.827702982051E-02));
#5356 = CARTESIAN_POINT('',(1.887293010738,9.793805638869E-02));
#5357 = CARTESIAN_POINT('',(1.882609472331,9.776262282237E-02));
#5358 = CARTESIAN_POINT('',(1.877949463657,9.75864009232E-02));
#5359 = CARTESIAN_POINT('',(1.873312944289,9.740939856054E-02));
#5360 = CARTESIAN_POINT('',(1.868699850753,9.723162400868E-02));
#5361 = CARTESIAN_POINT('',(1.864110096525,9.705308594684E-02));
#5362 = CARTESIAN_POINT('',(1.859543572029,9.68737934592E-02));
#5363 = CARTESIAN_POINT('',(1.816608774921,9.51724632459E-02));
#5364 = CARTESIAN_POINT('',(1.779854131236,9.359750163129E-02));
#5365 = CARTESIAN_POINT('',(1.744682012048,9.197546297858E-02));
#5366 = CARTESIAN_POINT('',(1.710871199237,9.031397053396E-02));
#5367 = CARTESIAN_POINT('',(1.678030963407,8.862115305564E-02));
#5368 = CARTESIAN_POINT('',(1.645600541111,8.690564494034E-02));
#5369 = CARTESIAN_POINT('',(1.612864812141,8.517702206048E-02));
#5370 = CARTESIAN_POINT('',(1.571278538285,8.305200287816E-02));
#5371 = CARTESIAN_POINT('',(1.563497503624,8.265730312835E-02));
#5372 = CARTESIAN_POINT('',(1.555647449203,8.226261203565E-02));
#5373 = CARTESIAN_POINT('',(1.547718240632,8.186806371657E-02));
#5374 = CARTESIAN_POINT('',(1.539699514842,8.147379822171E-02));
#5375 = CARTESIAN_POINT('',(1.531580733978,8.107996168859E-02));
#5376 = CARTESIAN_POINT('',(1.523351239288,8.068670649445E-02));
#5377 = CARTESIAN_POINT('',(1.497998621485,7.949506917465E-02));
#5378 = CARTESIAN_POINT('',(1.480493754078,7.869903519413E-02));
#5379 = CARTESIAN_POINT('',(1.462395520134,7.790739391267E-02));
#5380 = CARTESIAN_POINT('',(1.44361265018,7.712162883941E-02));
#5381 = CARTESIAN_POINT('',(1.42405687097,7.634335301233E-02));
#5382 = CARTESIAN_POINT('',(1.403646988525,7.55742594631E-02));
#5383 = CARTESIAN_POINT('',(1.382312971172,7.481607168187E-02));
#5384 = CARTESIAN_POINT('',(1.343285297956,7.351197814836E-02));
#5385 = CARTESIAN_POINT('',(1.326021371013,7.296053439808E-02));
#5386 = CARTESIAN_POINT('',(1.308185271334,7.241688346188E-02));
#5387 = CARTESIAN_POINT('',(1.289759274932,7.188172050039E-02));
#5388 = CARTESIAN_POINT('',(1.270731165632,7.135569788532E-02));
#5389 = CARTESIAN_POINT('',(1.251094486455,7.083940788062E-02));
#5390 = CARTESIAN_POINT('',(1.230848790995,7.033336532346E-02));
#5391 = CARTESIAN_POINT('',(1.186347518318,6.927600389055E-02));
#5392 = CARTESIAN_POINT('',(1.161918287944,6.872773781251E-02));
#5393 = CARTESIAN_POINT('',(1.136720094217,6.81938152974E-02));
#5394 = CARTESIAN_POINT('',(1.110769368697,6.767466861682E-02));
#5395 = CARTESIAN_POINT('',(1.084090407736,6.71706175824E-02));
#5396 = CARTESIAN_POINT('',(1.056712909447,6.668171480336E-02));
#5397 = CARTESIAN_POINT('',(1.028670847198,6.620797836845E-02));
#5398 = CARTESIAN_POINT('',(1.,6.574921933869E-02));
#5399 = ( GEOMETRIC_REPRESENTATION_CONTEXT(2) 
PARAMETRIC_REPRESENTATION_CONTEXT() REPRESENTATION_CONTEXT('2D SPACE',''
  ) );
#5400 = PCURVE('',#45,#5401);
#5401 = DEFINITIONAL_REPRESENTATION('',(#5402),#5461);
#5402 = B_SPLINE_CURVE_WITH_KNOTS('',8,(#5403,#5404,#5405,#5406,#5407,
    #5408,#5409,#5410,#5411,#5412,#5413,#5414,#5415,#5416,#5417,#5418,
    #5419,#5420,#5421,#5422,#5423,#5424,#5425,#5426,#5427,#5428,#5429,
    #5430,#5431,#5432,#5433,#5434,#5435,#5436,#5437,#5438,#5439,#5440,
    #5441,#5442,#5443,#5444,#5445,#5446,#5447,#5448,#5449,#5450,#5451,
    #5452,#5453,#5454,#5455,#5456,#5457,#5458,#5459,#5460),
  .UNSPECIFIED.,.F.,.F.,(9,7,7,7,7,7,7,7,9),(0.,7.444990737237E-02,
    0.113137302166,0.154249987053,0.501646820153,0.58086131922,
    0.74213427371,0.862944655899,1.),.UNSPECIFIED.);
#5403 = CARTESIAN_POINT('',(18.95339995737,9.931127447514));
#5404 = CARTESIAN_POINT('',(18.923946482123,9.856161918069));
#5405 = CARTESIAN_POINT('',(18.894066336366,9.781358189855));
#5406 = CARTESIAN_POINT('',(18.863743474407,9.706725364938));
#5407 = CARTESIAN_POINT('',(18.832961251011,9.632273377319));
#5408 = CARTESIAN_POINT('',(18.801702421404,9.558012992927));
#5409 = CARTESIAN_POINT('',(18.769949141272,9.483955809626));
#5410 = CARTESIAN_POINT('',(18.737682966762,9.41011425721));
#5411 = CARTESIAN_POINT('',(18.687841535514,9.298249272696));
#5412 = CARTESIAN_POINT('',(18.670654784355,9.260058659238));
#5413 = CARTESIAN_POINT('',(18.653321114382,9.221932054679));
#5414 = CARTESIAN_POINT('',(18.635838828467,9.183870955103));
#5415 = CARTESIAN_POINT('',(18.618205395651,9.145877292526));
#5416 = CARTESIAN_POINT('',(18.600416969971,9.107953667761));
#5417 = CARTESIAN_POINT('',(18.582470051432,9.070102578611));
#5418 = CARTESIAN_POINT('',(18.545125549884,8.992178431639));
#5419 = CARTESIAN_POINT('',(18.525707622618,8.952114850424));
#5420 = CARTESIAN_POINT('',(18.506111346344,8.912135126226));
#5421 = CARTESIAN_POINT('',(18.486336682945,8.872240433805));
#5422 = CARTESIAN_POINT('',(18.466383717163,8.832431896238));
#5423 = CARTESIAN_POINT('',(18.446252656607,8.792710584917));
#5424 = CARTESIAN_POINT('',(18.425943831747,8.753077519551));
#5425 = CARTESIAN_POINT('',(18.232352516093,8.379393273836));
#5426 = CARTESIAN_POINT('',(18.046532672736,8.05151616587));
#5427 = CARTESIAN_POINT('',(17.848367732701,7.730699889682));
#5428 = CARTESIAN_POINT('',(17.638781943071,7.41714249528));
#5429 = CARTESIAN_POINT('',(17.419278839448,7.110435572078));
#5430 = CARTESIAN_POINT('',(17.191821156133,6.809650487683));
#5431 = CARTESIAN_POINT('',(16.958633061874,6.513474922889));
#5432 = CARTESIAN_POINT('',(16.668032060703,6.153519094127));
#5433 = CARTESIAN_POINT('',(16.613889387382,6.086836132844));
#5434 = CARTESIAN_POINT('',(16.559589940744,6.020288705833));
#5435 = CARTESIAN_POINT('',(16.505160236546,5.953857161412));
#5436 = CARTESIAN_POINT('',(16.45062693959,5.88752151913));
#5437 = CARTESIAN_POINT('',(16.396016712853,5.821261587238));
#5438 = CARTESIAN_POINT('',(16.341356066635,5.75505708016));
#5439 = CARTESIAN_POINT('',(16.175338195777,5.55417343794));
#5440 = CARTESIAN_POINT('',(16.063906812914,5.419607212031));
#5441 = CARTESIAN_POINT('',(15.952596100531,5.285016239438));
#5442 = CARTESIAN_POINT('',(15.84162523857,5.150233982488));
#5443 = CARTESIAN_POINT('',(15.731206066875,5.015105737325));
#5444 = CARTESIAN_POINT('',(15.62153560659,4.879494186604));
#5445 = CARTESIAN_POINT('',(15.512788581553,4.743284952179));
#5446 = CARTESIAN_POINT('',(15.324447326937,4.503845058805));
#5447 = CARTESIAN_POINT('',(15.24438412635,4.400914509981));
#5448 = CARTESIAN_POINT('',(15.164983533266,4.297565702883));
#5449 = CARTESIAN_POINT('',(15.086297897679,4.193772486317));
#5450 = CARTESIAN_POINT('',(15.008368656375,4.0895173949));
#5451 = CARTESIAN_POINT('',(14.931226265072,3.984791687616));
#5452 = CARTESIAN_POINT('',(14.854890130549,3.879595386377));
#5453 = CARTESIAN_POINT('',(14.693691823536,3.654071760608));
#5454 = CARTESIAN_POINT('',(14.609062559448,3.533609558538));
#5455 = CARTESIAN_POINT('',(14.525491304776,3.412563645987));
#5456 = CARTESIAN_POINT('',(14.442978382117,3.29095111515));
#5457 = CARTESIAN_POINT('',(14.361486420228,3.168809051286));
#5458 = CARTESIAN_POINT('',(14.280997509558,3.046160711533));
#5459 = CARTESIAN_POINT('',(14.201449916972,2.923053788893));
#5460 = CARTESIAN_POINT('',(14.122804819627,2.799520087933));
#5461 = ( GEOMETRIC_REPRESENTATION_CONTEXT(2) 
PARAMETRIC_REPRESENTATION_CONTEXT() REPRESENTATION_CONTEXT('2D SPACE',''
  ) );
#5462 = ORIENTED_EDGE('',*,*,#4959,.T.);
#5463 = ORIENTED_EDGE('',*,*,#3493,.T.);
#5464 = ADVANCED_FACE('',(#5465),#3774,.F.);
#5465 = FACE_BOUND('',#5466,.F.);
#5466 = EDGE_LOOP('',(#5467,#5520,#5727,#5728));
#5467 = ORIENTED_EDGE('',*,*,#5468,.F.);
#5468 = EDGE_CURVE('',#5469,#3701,#5471,.T.);
#5469 = VERTEX_POINT('',#5470);
#5470 = CARTESIAN_POINT('',(21.311136230983,1.922013232845,1.5));
#5471 = SURFACE_CURVE('',#5472,(#5506,#5513),.PCURVE_S1.);
#5472 = ( BOUNDED_CURVE() B_SPLINE_CURVE(3,(#5473,#5474,#5475,#5476,
    #5477,#5478,#5479,#5480,#5481,#5482,#5483,#5484,#5485,#5486,#5487,
    #5488,#5489,#5490,#5491,#5492,#5493,#5494,#5495,#5496,#5497,#5498,
    #5499,#5500,#5501,#5502,#5503,#5504,#5505),.UNSPECIFIED.,.F.,.F.) 
B_SPLINE_CURVE_WITH_KNOTS((4,1,1,1,1,1,1,1,1,1,1,1,1,1,1,1,1,1,1,1,1,1,1
    ,1,1,1,1,1,1,1,4),(0.,3.068165821138E-02,6.601269782959E-02,
    9.830800907E-02,0.127216197096,0.157262707878,0.188138205668,
    0.219565799738,0.251333925196,0.283659313393,0.31744062664,
    0.35073174851,0.384111710396,0.417581465102,0.45114195778,
    0.484794125941,0.51853889945,0.552377200543,0.586309943827,
    0.620338036294,0.654462377335,0.688683858749,0.723003364765,
    0.757421772058,0.791939949764,0.826558759507,0.861279055419,
0.896101684163,0.931027484962,0.96605728962,1.),.UNSPECIFIED.) CURVE() 
GEOMETRIC_REPRESENTATION_ITEM() RATIONAL_B_SPLINE_CURVE((1.,
    1.000000000002,0.999999999999,1.,1.,1.,1.,1.,1.,1.,1.,1.,1.,1.,1.,1.
    ,1.,1.,1.,1.,1.,1.,1.,1.,1.,1.,1.,1.,0.999999999999,1.000000000003,
0.999999999988,1.000000000025,1.)) REPRESENTATION_ITEM('') );
#5473 = CARTESIAN_POINT('',(15.792804202207,-2.566580493724,
    -10.11982966802));
#5474 = CARTESIAN_POINT('',(19.919177274938,-2.485145008623,
    -13.20549020304));
#5475 = CARTESIAN_POINT('',(14.189360289755,-0.964867223901,
    -2.349153047964));
#5476 = CARTESIAN_POINT('',(14.998805482662,-0.186593216437,
    0.402167973074));
#5477 = CARTESIAN_POINT('',(20.898983068015,1.427800116153,
    0.556268184895));
#5478 = CARTESIAN_POINT('',(24.767079796309,3.990697183113,
    4.338199718794));
#5479 = CARTESIAN_POINT('',(27.186703912332,6.658664832873,
    8.389705231602));
#5480 = CARTESIAN_POINT('',(28.55056727674,9.506983422842,
    13.012356568386));
#5481 = CARTESIAN_POINT('',(28.984711482698,12.328702655396,
    17.855593946091));
#5482 = CARTESIAN_POINT('',(28.67060298377,15.05606292182,
    22.862616673986));
#5483 = CARTESIAN_POINT('',(27.395241102927,17.401797299736,
    28.032637662535));
#5484 = CARTESIAN_POINT('',(26.392805902195,19.772937547043,
    32.865744682983));
#5485 = CARTESIAN_POINT('',(25.009887445923,22.154403398509,
    37.987629462079));
#5486 = CARTESIAN_POINT('',(23.465895645814,24.415798738971,
    43.013612385695));
#5487 = CARTESIAN_POINT('',(21.70656254419,26.57338383504,
    48.057464389687));
#5488 = CARTESIAN_POINT('',(19.753465129702,28.603093531067,
    53.096507709553));
#5489 = CARTESIAN_POINT('',(17.612003255887,30.488651332912,
    58.136843432611));
#5490 = CARTESIAN_POINT('',(15.293971938064,32.212497573297,
    63.176830119094));
#5491 = CARTESIAN_POINT('',(12.811428906436,33.758412360986,
    68.21690940437));
#5492 = CARTESIAN_POINT('',(10.178268672747,35.110987703631,
    73.256962481845));
#5493 = CARTESIAN_POINT('',(7.409707402412,36.255941486388,
    78.297021288927));
#5494 = CARTESIAN_POINT('',(4.522314370577,37.180197549517,
    83.337077385979));
#5495 = CARTESIAN_POINT('',(1.533882220556,37.872020437622,
    88.377132512319));
#5496 = CARTESIAN_POINT('',(-1.536675832578,38.321124015725,
    93.417188239103));
#5497 = CARTESIAN_POINT('',(-4.66944038144,38.518781369805,
    98.457236548315));
#5498 = CARTESIAN_POINT('',(-7.843642726555,38.457901464734,
    103.49730811583));
#5499 = CARTESIAN_POINT('',(-11.03769659847,38.133178075376,
    108.53728784062));
#5500 = CARTESIAN_POINT('',(-14.22974217901,37.540916755392,
    113.57760725616));
#5501 = CARTESIAN_POINT('',(-17.39630497298,36.680012549043,
    118.61664877333));
#5502 = CARTESIAN_POINT('',(-20.51805269108,35.5485550392,
    123.66047617316));
#5503 = CARTESIAN_POINT('',(-23.52448047465,34.172548568296,
    128.62935510852));
#5504 = CARTESIAN_POINT('',(-25.47925831497,33.07758985407,
    131.96152364674));
#5505 = CARTESIAN_POINT('',(-26.49739095355,32.453412263131,
    133.73002152875));
#5506 = PCURVE('',#3774,#5507);
#5507 = DEFINITIONAL_REPRESENTATION('',(#5508),#5512);
#5508 = LINE('',#5509,#5510);
#5509 = CARTESIAN_POINT('',(0.,0.));
#5510 = VECTOR('',#5511,1.);
#5511 = DIRECTION('',(0.,1.));
#5512 = ( GEOMETRIC_REPRESENTATION_CONTEXT(2) 
PARAMETRIC_REPRESENTATION_CONTEXT() REPRESENTATION_CONTEXT('2D SPACE',''
  ) );
#5513 = PCURVE('',#3975,#5514);
#5514 = DEFINITIONAL_REPRESENTATION('',(#5515),#5519);
#5515 = LINE('',#5516,#5517);
#5516 = CARTESIAN_POINT('',(32.,0.));
#5517 = VECTOR('',#5518,1.);
#5518 = DIRECTION('',(0.,1.));
#5519 = ( GEOMETRIC_REPRESENTATION_CONTEXT(2) 
PARAMETRIC_REPRESENTATION_CONTEXT() REPRESENTATION_CONTEXT('2D SPACE',''
  ) );
#5520 = ORIENTED_EDGE('',*,*,#5521,.F.);
#5521 = EDGE_CURVE('',#5225,#5469,#5522,.T.);
#5522 = SURFACE_CURVE('',#5523,(#5589,#5658),.PCURVE_S1.);
#5523 = B_SPLINE_CURVE_WITH_KNOTS('',8,(#5524,#5525,#5526,#5527,#5528,
    #5529,#5530,#5531,#5532,#5533,#5534,#5535,#5536,#5537,#5538,#5539,
    #5540,#5541,#5542,#5543,#5544,#5545,#5546,#5547,#5548,#5549,#5550,
    #5551,#5552,#5553,#5554,#5555,#5556,#5557,#5558,#5559,#5560,#5561,
    #5562,#5563,#5564,#5565,#5566,#5567,#5568,#5569,#5570,#5571,#5572,
    #5573,#5574,#5575,#5576,#5577,#5578,#5579,#5580,#5581,#5582,#5583,
    #5584,#5585,#5586,#5587,#5588),.UNSPECIFIED.,.F.,.F.,(9,7,7,7,7,7,7,
    7,7,9),(0.,0.143021079023,0.440692510191,0.51802195288,
    0.546054211717,0.575656936444,0.616034664146,0.752748866376,
    0.898067758227,1.),.UNSPECIFIED.);
#5524 = CARTESIAN_POINT('',(14.122804819627,2.799520087933,1.5));
#5525 = CARTESIAN_POINT('',(14.239588699967,2.746245515601,1.5));
#5526 = CARTESIAN_POINT('',(14.357563797108,2.695238464283,1.5));
#5527 = CARTESIAN_POINT('',(14.476739158977,2.646662579366,1.5));
#5528 = CARTESIAN_POINT('',(14.597111674147,2.600673673171,1.5));
#5529 = CARTESIAN_POINT('',(14.718661116424,2.557408780563,1.5));
#5530 = CARTESIAN_POINT('',(14.841345655426,2.516976163494,1.5));
#5531 = CARTESIAN_POINT('',(14.965097833124,2.479446264461,1.5));
#5532 = CARTESIAN_POINT('',(15.349408793941,2.372824700375,1.5));
#5533 = CARTESIAN_POINT('',(15.613253057691,2.313473255851,1.5));
#5534 = CARTESIAN_POINT('',(15.880384567802,2.267050460408,1.5));
#5535 = CARTESIAN_POINT('',(16.149898922433,2.232804887529,1.5));
#5536 = CARTESIAN_POINT('',(16.420939035029,2.208970240835,1.5));
#5537 = CARTESIAN_POINT('',(16.692805676692,2.193492253349,1.5));
#5538 = CARTESIAN_POINT('',(16.965019732574,2.184310179326,1.5));
#5539 = CARTESIAN_POINT('',(17.308084138474,2.17818904205,1.5));
#5540 = CARTESIAN_POINT('',(17.378844034229,2.177218443888,1.5));
#5541 = CARTESIAN_POINT('',(17.449616986615,2.176504938562,1.5));
#5542 = CARTESIAN_POINT('',(17.52040037891,2.176014502247,1.5));
#5543 = CARTESIAN_POINT('',(17.59119203682,2.175713644377,1.5));
#5544 = CARTESIAN_POINT('',(17.661990228471,2.175569407645,1.5));
#5545 = CARTESIAN_POINT('',(17.732793664412,2.175549368002,1.5));
#5546 = CARTESIAN_POINT('',(17.829269644687,2.175647831635,1.5));
#5547 = CARTESIAN_POINT('',(17.854938346379,2.175686162625,1.5));
#5548 = CARTESIAN_POINT('',(17.880607552118,2.1757351111,1.5));
#5549 = CARTESIAN_POINT('',(17.906277213925,2.17579317045,1.5));
#5550 = CARTESIAN_POINT('',(17.931947286412,2.175858843985,1.5));
#5551 = CARTESIAN_POINT('',(17.957617726778,2.175930644936,1.5));
#5552 = CARTESIAN_POINT('',(17.983288494819,2.176007096451,1.5));
#5553 = CARTESIAN_POINT('',(18.036068794122,2.176170828187,1.5));
#5554 = CARTESIAN_POINT('',(18.063178356729,2.176258475052,1.5));
#5555 = CARTESIAN_POINT('',(18.090288196446,2.176347944677,1.5));
#5556 = CARTESIAN_POINT('',(18.117398269259,2.176437521738,1.5));
#5557 = CARTESIAN_POINT('',(18.14450853144,2.176525503096,1.5));
#5558 = CARTESIAN_POINT('',(18.171618939541,2.176610197801,1.5));
#5559 = CARTESIAN_POINT('',(18.198729450397,2.176689927092,1.5));
#5560 = CARTESIAN_POINT('',(18.262818483506,2.176862728162,1.5));
#5561 = CARTESIAN_POINT('',(18.299797050807,2.176950093468,1.5));
#5562 = CARTESIAN_POINT('',(18.336775616651,2.177020890695,1.5));
#5563 = CARTESIAN_POINT('',(18.373754064759,2.177070932336,1.5));
#5564 = CARTESIAN_POINT('',(18.41073226895,2.177096073,1.5));
#5565 = CARTESIAN_POINT('',(18.447710093139,2.17709220941,1.5));
#5566 = CARTESIAN_POINT('',(18.484687391341,2.177055280405,1.5));
#5567 = CARTESIAN_POINT('',(18.646862449723,2.176730666107,1.5));
#5568 = CARTESIAN_POINT('',(18.772051934144,2.176054784452,1.5));
#5569 = CARTESIAN_POINT('',(18.897227915352,2.174798107288,1.5));
#5570 = CARTESIAN_POINT('',(19.02238197894,2.172809935186,1.5));
#5571 = CARTESIAN_POINT('',(19.147501899537,2.169945606229,1.5));
#5572 = CARTESIAN_POINT('',(19.272571698681,2.166067718275,1.5));
#5573 = CARTESIAN_POINT('',(19.397571702679,2.161047351216,1.5));
#5574 = CARTESIAN_POINT('',(19.655247045,2.14808783899,1.5));
#5575 = CARTESIAN_POINT('',(19.787911338249,2.13998501998,1.5));
#5576 = CARTESIAN_POINT('',(19.920439638512,2.130314242174,1.5));
#5577 = CARTESIAN_POINT('',(20.052796064313,2.118946532909,1.5));
#5578 = CARTESIAN_POINT('',(20.184941011386,2.105769513904,1.5));
#5579 = CARTESIAN_POINT('',(20.316831469649,2.090690378258,1.5));
#5580 = CARTESIAN_POINT('',(20.448421340168,2.073638867453,1.5));
#5581 = CARTESIAN_POINT('',(20.671718808391,2.041194787899,1.5));
#5582 = CARTESIAN_POINT('',(20.763604443492,2.026825744833,1.5));
#5583 = CARTESIAN_POINT('',(20.85531334853,2.011503286492,1.5));
#5584 = CARTESIAN_POINT('',(20.946841936857,1.995268219879,1.5));
#5585 = CARTESIAN_POINT('',(21.038188246971,1.978161506553,1.5));
#5586 = CARTESIAN_POINT('',(21.129351845409,1.960223777518,1.5));
#5587 = CARTESIAN_POINT('',(21.220333729646,1.941494848102,1.5));
#5588 = CARTESIAN_POINT('',(21.311136230983,1.922013232845,1.5));
#5589 = PCURVE('',#3774,#5590);
#5590 = DEFINITIONAL_REPRESENTATION('',(#5591),#5657);
#5591 = B_SPLINE_CURVE_WITH_KNOTS('',8,(#5592,#5593,#5594,#5595,#5596,
    #5597,#5598,#5599,#5600,#5601,#5602,#5603,#5604,#5605,#5606,#5607,
    #5608,#5609,#5610,#5611,#5612,#5613,#5614,#5615,#5616,#5617,#5618,
    #5619,#5620,#5621,#5622,#5623,#5624,#5625,#5626,#5627,#5628,#5629,
    #5630,#5631,#5632,#5633,#5634,#5635,#5636,#5637,#5638,#5639,#5640,
    #5641,#5642,#5643,#5644,#5645,#5646,#5647,#5648,#5649,#5650,#5651,
    #5652,#5653,#5654,#5655,#5656),.UNSPECIFIED.,.F.,.F.,(9,7,7,7,7,7,7,
    7,7,9),(0.,0.143021079023,0.440692510191,0.51802195288,
    0.546054211717,0.575656936444,0.616034664146,0.752748866376,
    0.898067758227,1.),.UNSPECIFIED.);
#5592 = CARTESIAN_POINT('',(1.,6.574921933869E-02));
#5593 = CARTESIAN_POINT('',(0.970472132983,6.622169144704E-02));
#5594 = CARTESIAN_POINT('',(0.941527835212,6.671138846113E-02));
#5595 = CARTESIAN_POINT('',(0.913221787368,6.721850441076E-02));
#5596 = CARTESIAN_POINT('',(0.885609494534,6.774301230718E-02));
#5597 = CARTESIAN_POINT('',(0.858742476709,6.828464402168E-02));
#5598 = CARTESIAN_POINT('',(0.832664623014,6.884286994778E-02));
#5599 = CARTESIAN_POINT('',(0.807409709625,6.941687844692E-02));
#5600 = CARTESIAN_POINT('',(0.732196038956,7.12307745802E-02));
#5601 = CARTESIAN_POINT('',(0.685043708977,7.251978282699E-02));
#5602 = CARTESIAN_POINT('',(0.641764174209,7.386220523374E-02));
#5603 = CARTESIAN_POINT('',(0.602235717193,7.524517457878E-02));
#5604 = CARTESIAN_POINT('',(0.565984756488,7.665535362274E-02));
#5605 = CARTESIAN_POINT('',(0.532425847082,7.808253248273E-02));
#5606 = CARTESIAN_POINT('',(0.500958637527,7.951909963958E-02));
#5607 = CARTESIAN_POINT('',(0.463217956713,8.133423325232E-02));
#5608 = CARTESIAN_POINT('',(0.455536283026,8.170886869561E-02));
#5609 = CARTESIAN_POINT('',(0.447945162759,8.208375593924E-02));
#5610 = CARTESIAN_POINT('',(0.440434469863,8.245881874762E-02));
#5611 = CARTESIAN_POINT('',(0.432994282503,8.283398710955E-02));
#5612 = CARTESIAN_POINT('',(0.425614883057,8.320919723824E-02));
#5613 = CARTESIAN_POINT('',(0.418286758116,8.358439157131E-02));
#5614 = CARTESIAN_POINT('',(0.408359333973,8.409550400985E-02));
#5615 = CARTESIAN_POINT('',(0.405723588351,8.423148020875E-02));
#5616 = CARTESIAN_POINT('',(0.403092920407,8.436744481025E-02));
#5617 = CARTESIAN_POINT('',(0.400466893346,8.450339530549E-02));
#5618 = CARTESIAN_POINT('',(0.397845074782,8.463932923392E-02));
#5619 = CARTESIAN_POINT('',(0.395227036746,8.477524418333E-02));
#5620 = CARTESIAN_POINT('',(0.392612355682,8.491113778988E-02));
#5621 = CARTESIAN_POINT('',(0.387242550152,8.519048959933E-02));
#5622 = CARTESIAN_POINT('',(0.38448776428,8.533394505638E-02));
#5623 = CARTESIAN_POINT('',(0.381735761249,8.547737138282E-02));
#5624 = CARTESIAN_POINT('',(0.37898605324,8.56207658761E-02));
#5625 = CARTESIAN_POINT('',(0.37623815819,8.576412585746E-02));
#5626 = CARTESIAN_POINT('',(0.373491599793,8.590744867194E-02));
#5627 = CARTESIAN_POINT('',(0.370745907504,8.605073168842E-02));
#5628 = CARTESIAN_POINT('',(0.364256075707,8.638935061173E-02));
#5629 = CARTESIAN_POINT('',(0.3605122821,8.658464996538E-02));
#5630 = CARTESIAN_POINT('',(0.356768056008,8.677986377434E-02));
#5631 = CARTESIAN_POINT('',(0.353022238536,8.697498539875E-02));
#5632 = CARTESIAN_POINT('',(0.349273691591,8.71700081451E-02));
#5633 = CARTESIAN_POINT('',(0.34552129789,8.73649252662E-02));
#5634 = CARTESIAN_POINT('',(0.341763960954,8.755972996123E-02));
#5635 = CARTESIAN_POINT('',(0.325258328091,8.841359712355E-02));
#5636 = CARTESIAN_POINT('',(0.312447135524,8.907140449535E-02));
#5637 = CARTESIAN_POINT('',(0.299525215506,8.97275799187E-02));
#5638 = CARTESIAN_POINT('',(0.286453580334,9.038183618075E-02));
#5639 = CARTESIAN_POINT('',(0.273196271565,9.103385242635E-02));
#5640 = CARTESIAN_POINT('',(0.259720565064,9.168327015628E-02));
#5641 = CARTESIAN_POINT('',(0.245997176068,9.232968922538E-02));
#5642 = CARTESIAN_POINT('',(0.217122809833,9.365610679746E-02));
#5643 = CARTESIAN_POINT('',(0.201936279907,9.433566292123E-02));
#5644 = CARTESIAN_POINT('',(0.186410548135,9.50107840296E-02));
#5645 = CARTESIAN_POINT('',(0.170520194873,9.568086514874E-02));
#5646 = CARTESIAN_POINT('',(0.15424514229,9.634525633136E-02));
#5647 = CARTESIAN_POINT('',(0.137571089497,9.700327447452E-02));
#5648 = CARTESIAN_POINT('',(0.120489947675,9.765421513749E-02));
#5649 = CARTESIAN_POINT('',(9.07323484454E-02,9.874849388012E-02));
#5650 = CARTESIAN_POINT('',(7.826303544195E-02,9.919579304706E-02));
#5651 = CARTESIAN_POINT('',(6.560702359606E-02,9.963908424828E-02));
#5652 = CARTESIAN_POINT('',(5.277849024008E-02,0.100078217639));
#5653 = CARTESIAN_POINT('',(3.979101628225E-02,0.100513070245));
#5654 = CARTESIAN_POINT('',(2.665749984865E-02,0.100943545072));
#5655 = CARTESIAN_POINT('',(1.339006992527E-02,0.101369570206));
#5656 = CARTESIAN_POINT('',(0.,0.101791097923));
#5657 = ( GEOMETRIC_REPRESENTATION_CONTEXT(2) 
PARAMETRIC_REPRESENTATION_CONTEXT() REPRESENTATION_CONTEXT('2D SPACE',''
  ) );
#5658 = PCURVE('',#45,#5659);
#5659 = DEFINITIONAL_REPRESENTATION('',(#5660),#5726);
#5660 = B_SPLINE_CURVE_WITH_KNOTS('',8,(#5661,#5662,#5663,#5664,#5665,
    #5666,#5667,#5668,#5669,#5670,#5671,#5672,#5673,#5674,#5675,#5676,
    #5677,#5678,#5679,#5680,#5681,#5682,#5683,#5684,#5685,#5686,#5687,
    #5688,#5689,#5690,#5691,#5692,#5693,#5694,#5695,#5696,#5697,#5698,
    #5699,#5700,#5701,#5702,#5703,#5704,#5705,#5706,#5707,#5708,#5709,
    #5710,#5711,#5712,#5713,#5714,#5715,#5716,#5717,#5718,#5719,#5720,
    #5721,#5722,#5723,#5724,#5725),.UNSPECIFIED.,.F.,.F.,(9,7,7,7,7,7,7,
    7,7,9),(0.,0.143021079023,0.440692510191,0.51802195288,
    0.546054211717,0.575656936444,0.616034664146,0.752748866376,
    0.898067758227,1.),.UNSPECIFIED.);
#5661 = CARTESIAN_POINT('',(14.122804819627,2.799520087933));
#5662 = CARTESIAN_POINT('',(14.239588699967,2.746245515601));
#5663 = CARTESIAN_POINT('',(14.357563797108,2.695238464283));
#5664 = CARTESIAN_POINT('',(14.476739158977,2.646662579366));
#5665 = CARTESIAN_POINT('',(14.597111674147,2.600673673171));
#5666 = CARTESIAN_POINT('',(14.718661116424,2.557408780563));
#5667 = CARTESIAN_POINT('',(14.841345655426,2.516976163494));
#5668 = CARTESIAN_POINT('',(14.965097833124,2.479446264461));
#5669 = CARTESIAN_POINT('',(15.349408793941,2.372824700375));
#5670 = CARTESIAN_POINT('',(15.613253057691,2.313473255851));
#5671 = CARTESIAN_POINT('',(15.880384567802,2.267050460408));
#5672 = CARTESIAN_POINT('',(16.149898922433,2.232804887529));
#5673 = CARTESIAN_POINT('',(16.420939035029,2.208970240835));
#5674 = CARTESIAN_POINT('',(16.692805676692,2.193492253349));
#5675 = CARTESIAN_POINT('',(16.965019732574,2.184310179326));
#5676 = CARTESIAN_POINT('',(17.308084138474,2.17818904205));
#5677 = CARTESIAN_POINT('',(17.378844034229,2.177218443888));
#5678 = CARTESIAN_POINT('',(17.449616986615,2.176504938562));
#5679 = CARTESIAN_POINT('',(17.52040037891,2.176014502247));
#5680 = CARTESIAN_POINT('',(17.59119203682,2.175713644377));
#5681 = CARTESIAN_POINT('',(17.661990228471,2.175569407645));
#5682 = CARTESIAN_POINT('',(17.732793664412,2.175549368002));
#5683 = CARTESIAN_POINT('',(17.829269644687,2.175647831635));
#5684 = CARTESIAN_POINT('',(17.854938346379,2.175686162625));
#5685 = CARTESIAN_POINT('',(17.880607552118,2.1757351111));
#5686 = CARTESIAN_POINT('',(17.906277213925,2.17579317045));
#5687 = CARTESIAN_POINT('',(17.931947286412,2.175858843985));
#5688 = CARTESIAN_POINT('',(17.957617726778,2.175930644936));
#5689 = CARTESIAN_POINT('',(17.983288494819,2.176007096451));
#5690 = CARTESIAN_POINT('',(18.036068794122,2.176170828187));
#5691 = CARTESIAN_POINT('',(18.063178356729,2.176258475052));
#5692 = CARTESIAN_POINT('',(18.090288196446,2.176347944677));
#5693 = CARTESIAN_POINT('',(18.117398269259,2.176437521738));
#5694 = CARTESIAN_POINT('',(18.14450853144,2.176525503096));
#5695 = CARTESIAN_POINT('',(18.171618939541,2.176610197801));
#5696 = CARTESIAN_POINT('',(18.198729450397,2.176689927092));
#5697 = CARTESIAN_POINT('',(18.262818483506,2.176862728162));
#5698 = CARTESIAN_POINT('',(18.299797050807,2.176950093468));
#5699 = CARTESIAN_POINT('',(18.336775616651,2.177020890695));
#5700 = CARTESIAN_POINT('',(18.373754064759,2.177070932336));
#5701 = CARTESIAN_POINT('',(18.41073226895,2.177096073));
#5702 = CARTESIAN_POINT('',(18.447710093139,2.17709220941));
#5703 = CARTESIAN_POINT('',(18.484687391341,2.177055280405));
#5704 = CARTESIAN_POINT('',(18.646862449723,2.176730666107));
#5705 = CARTESIAN_POINT('',(18.772051934144,2.176054784452));
#5706 = CARTESIAN_POINT('',(18.897227915352,2.174798107288));
#5707 = CARTESIAN_POINT('',(19.02238197894,2.172809935186));
#5708 = CARTESIAN_POINT('',(19.147501899537,2.169945606229));
#5709 = CARTESIAN_POINT('',(19.272571698681,2.166067718275));
#5710 = CARTESIAN_POINT('',(19.397571702679,2.161047351216));
#5711 = CARTESIAN_POINT('',(19.655247045,2.14808783899));
#5712 = CARTESIAN_POINT('',(19.787911338249,2.13998501998));
#5713 = CARTESIAN_POINT('',(19.920439638512,2.130314242174));
#5714 = CARTESIAN_POINT('',(20.052796064313,2.118946532909));
#5715 = CARTESIAN_POINT('',(20.184941011386,2.105769513904));
#5716 = CARTESIAN_POINT('',(20.316831469649,2.090690378258));
#5717 = CARTESIAN_POINT('',(20.448421340168,2.073638867453));
#5718 = CARTESIAN_POINT('',(20.671718808391,2.041194787899));
#5719 = CARTESIAN_POINT('',(20.763604443492,2.026825744833));
#5720 = CARTESIAN_POINT('',(20.85531334853,2.011503286492));
#5721 = CARTESIAN_POINT('',(20.946841936857,1.995268219879));
#5722 = CARTESIAN_POINT('',(21.038188246971,1.978161506553));
#5723 = CARTESIAN_POINT('',(21.129351845409,1.960223777518));
#5724 = CARTESIAN_POINT('',(21.220333729646,1.941494848102));
#5725 = CARTESIAN_POINT('',(21.311136230983,1.922013232845));
#5726 = ( GEOMETRIC_REPRESENTATION_CONTEXT(2) 
PARAMETRIC_REPRESENTATION_CONTEXT() REPRESENTATION_CONTEXT('2D SPACE',''
  ) );
#5727 = ORIENTED_EDGE('',*,*,#5224,.T.);
#5728 = ORIENTED_EDGE('',*,*,#3700,.T.);
#5729 = ADVANCED_FACE('',(#5730),#3975,.F.);
#5730 = FACE_BOUND('',#5731,.F.);
#5731 = EDGE_LOOP('',(#5732,#5785,#5971,#5972));
#5732 = ORIENTED_EDGE('',*,*,#5733,.F.);
#5733 = EDGE_CURVE('',#5734,#3878,#5736,.T.);
#5734 = VERTEX_POINT('',#5735);
#5735 = CARTESIAN_POINT('',(14.11910027073,-2.818144112902,1.5));
#5736 = SURFACE_CURVE('',#5737,(#5771,#5778),.PCURVE_S1.);
#5737 = ( BOUNDED_CURVE() B_SPLINE_CURVE(3,(#5738,#5739,#5740,#5741,
    #5742,#5743,#5744,#5745,#5746,#5747,#5748,#5749,#5750,#5751,#5752,
    #5753,#5754,#5755,#5756,#5757,#5758,#5759,#5760,#5761,#5762,#5763,
    #5764,#5765,#5766,#5767,#5768,#5769,#5770),.UNSPECIFIED.,.F.,.F.) 
B_SPLINE_CURVE_WITH_KNOTS((4,1,1,1,1,1,1,1,1,1,1,1,1,1,1,1,1,1,1,1,1,1,1
    ,1,1,1,1,1,1,1,4),(0.,3.068165821138E-02,6.601269782959E-02,
    9.830800907E-02,0.127216197096,0.157262707878,0.188138205668,
    0.219565799738,0.251333925196,0.283659313393,0.31744062664,
    0.35073174851,0.384111710396,0.417581465102,0.45114195778,
    0.484794125941,0.51853889945,0.552377200543,0.586309943827,
    0.620338036294,0.654462377335,0.688683858749,0.723003364765,
    0.757421772058,0.791939949764,0.826558759507,0.861279055419,
0.896101684163,0.931027484962,0.96605728962,1.),.UNSPECIFIED.) CURVE() 
GEOMETRIC_REPRESENTATION_ITEM() RATIONAL_B_SPLINE_CURVE((1.,
    1.000000000002,0.999999999999,1.,1.,1.,1.,1.,1.,1.,1.,1.,1.,1.,1.,1.
    ,1.,1.,1.,1.,1.,1.,1.,1.,1.,1.,1.,1.,0.999999999999,1.000000000003,
0.999999999988,1.000000000025,1.)) REPRESENTATION_ITEM('') );
#5738 = CARTESIAN_POINT('',(12.941738558704,-4.833767411498,
    -10.11982966802));
#5739 = CARTESIAN_POINT('',(18.731229669165,-5.720582561736,
    -12.85547423447));
#5740 = CARTESIAN_POINT('',(10.527226351026,-3.035250686417,
    -2.952170729409));
#5741 = CARTESIAN_POINT('',(13.36345408269,-2.843848991046,
    2.074211451366));
#5742 = CARTESIAN_POINT('',(19.843674914142,-2.541795256408,
    3.324693262476));
#5743 = CARTESIAN_POINT('',(22.399288365313,-0.788276090541,
    6.627972299613));
#5744 = CARTESIAN_POINT('',(24.65211135034,1.083781300135,
    10.293545432463));
#5745 = CARTESIAN_POINT('',(26.009921939711,3.278608245862,
    14.436104726298));
#5746 = CARTESIAN_POINT('',(26.718806740206,5.580433987463,
    18.810975887307));
#5747 = CARTESIAN_POINT('',(26.830327347117,7.926743557997,
    23.338395863153));
#5748 = CARTESIAN_POINT('',(26.126466757915,10.119756174482,
    28.043852332174));
#5749 = CARTESIAN_POINT('',(25.702879864742,12.308751065789,
    33.366718058391));
#5750 = CARTESIAN_POINT('',(24.92541217908,14.556941659887,
    38.364162653567));
#5751 = CARTESIAN_POINT('',(24.000118660543,16.734205403763,
    43.430315313796));
#5752 = CARTESIAN_POINT('',(22.872469359066,18.858817200588,
    48.470245820927));
#5753 = CARTESIAN_POINT('',(21.559716977795,20.907994678683,
    53.517229585308));
#5754 = CARTESIAN_POINT('',(20.062879874997,22.866700023665,
    58.562314412655));
#5755 = CARTESIAN_POINT('',(18.389212061739,24.718155798169,
    63.607908825541));
#5756 = CARTESIAN_POINT('',(16.546138108225,26.446561061664,
    68.653364824306));
#5757 = CARTESIAN_POINT('',(14.542850636998,28.036524067903,
    73.698856747151));
#5758 = CARTESIAN_POINT('',(12.389831854764,29.473376056608,
    78.744337770558));
#5759 = CARTESIAN_POINT('',(10.098919248927,30.743244298118,
    83.78982021861));
#5760 = CARTESIAN_POINT('',(7.683211433564,31.833185422897,
    88.835301850638));
#5761 = CARTESIAN_POINT('',(5.157001415386,32.731295139727,
    93.880779285128));
#5762 = CARTESIAN_POINT('',(2.535696885092,33.426821967348,
    98.926268414461));
#5763 = CARTESIAN_POINT('',(-0.164296632441,33.910252955514,
    103.97170885322));
#5764 = CARTESIAN_POINT('',(-2.92558901839,34.173466724823,
    109.01732721786));
#5765 = CARTESIAN_POINT('',(-5.730252872736,34.209597925766,
    114.06227402731));
#5766 = CARTESIAN_POINT('',(-8.558682838225,34.01394187481,
    119.10973365218));
#5767 = CARTESIAN_POINT('',(-11.39444420715,33.580915273826,
    124.14776911856));
#5768 = CARTESIAN_POINT('',(-14.17480599571,32.923297385476,
    129.16358721253));
#5769 = CARTESIAN_POINT('',(-16.01368735328,32.320984119373,
    132.39837068759));
#5770 = CARTESIAN_POINT('',(-16.97249410538,31.946481636051,
    133.73002152875));
#5771 = PCURVE('',#3975,#5772);
#5772 = DEFINITIONAL_REPRESENTATION('',(#5773),#5777);
#5773 = LINE('',#5774,#5775);
#5774 = CARTESIAN_POINT('',(31.,0.));
#5775 = VECTOR('',#5776,1.);
#5776 = DIRECTION('',(0.,1.));
#5777 = ( GEOMETRIC_REPRESENTATION_CONTEXT(2) 
PARAMETRIC_REPRESENTATION_CONTEXT() REPRESENTATION_CONTEXT('2D SPACE',''
  ) );
#5778 = PCURVE('',#4144,#5779);
#5779 = DEFINITIONAL_REPRESENTATION('',(#5780),#5784);
#5780 = LINE('',#5781,#5782);
#5781 = CARTESIAN_POINT('',(31.,0.));
#5782 = VECTOR('',#5783,1.);
#5783 = DIRECTION('',(0.,1.));
#5784 = ( GEOMETRIC_REPRESENTATION_CONTEXT(2) 
PARAMETRIC_REPRESENTATION_CONTEXT() REPRESENTATION_CONTEXT('2D SPACE',''
  ) );
#5785 = ORIENTED_EDGE('',*,*,#5786,.F.);
#5786 = EDGE_CURVE('',#5469,#5734,#5787,.T.);
#5787 = SURFACE_CURVE('',#5788,(#5847,#5909),.PCURVE_S1.);
#5788 = B_SPLINE_CURVE_WITH_KNOTS('',8,(#5789,#5790,#5791,#5792,#5793,
    #5794,#5795,#5796,#5797,#5798,#5799,#5800,#5801,#5802,#5803,#5804,
    #5805,#5806,#5807,#5808,#5809,#5810,#5811,#5812,#5813,#5814,#5815,
    #5816,#5817,#5818,#5819,#5820,#5821,#5822,#5823,#5824,#5825,#5826,
    #5827,#5828,#5829,#5830,#5831,#5832,#5833,#5834,#5835,#5836,#5837,
    #5838,#5839,#5840,#5841,#5842,#5843,#5844,#5845,#5846),
  .UNSPECIFIED.,.F.,.F.,(9,7,7,7,7,7,7,7,9),(0.,7.444990737159E-02,
    0.113137302165,0.154249987052,0.501646820152,0.58086131922,
    0.742134273708,0.862944655899,1.),.UNSPECIFIED.);
#5789 = CARTESIAN_POINT('',(21.311136230983,1.922013232845,1.5));
#5790 = CARTESIAN_POINT('',(21.255236701924,1.864025471549,1.5));
#5791 = CARTESIAN_POINT('',(21.199004899364,1.806350474834,1.5));
#5792 = CARTESIAN_POINT('',(21.142429482227,1.749002792334,1.5));
#5793 = CARTESIAN_POINT('',(21.085498873897,1.691997971723,1.5));
#5794 = CARTESIAN_POINT('',(21.028201262225,1.635352558712,1.5));
#5795 = CARTESIAN_POINT('',(20.970524599524,1.579084097054,1.5));
#5796 = CARTESIAN_POINT('',(20.912456602572,1.523211128539,1.5));
#5797 = CARTESIAN_POINT('',(20.823600248135,1.438934848925,1.5));
#5798 = CARTESIAN_POINT('',(20.793106845468,1.410228407743,1.5));
#5799 = CARTESIAN_POINT('',(20.76250220266,1.381637326467,1.5));
#5800 = CARTESIAN_POINT('',(20.731785324295,1.353163636762,1.5));
#5801 = CARTESIAN_POINT('',(20.700954611426,1.324810092138,1.5));
#5802 = CARTESIAN_POINT('',(20.670007506132,1.296580567214,1.5));
#5803 = CARTESIAN_POINT('',(20.638941730707,1.268478709051,1.5));
#5804 = CARTESIAN_POINT('',(20.574619630048,1.210777306608,1.5));
#5805 = CARTESIAN_POINT('',(20.54134813571,1.18119430298,1.5));
#5806 = CARTESIAN_POINT('',(20.507943959066,1.151757024344,1.5));
#5807 = CARTESIAN_POINT('',(20.47440751446,1.122466570624,1.5));
#5808 = CARTESIAN_POINT('',(20.440739309968,1.093323946977,1.5));
#5809 = CARTESIAN_POINT('',(20.406939947398,1.064330063794,1.5));
#5810 = CARTESIAN_POINT('',(20.373010122291,1.035485736697,1.5));
#5811 = CARTESIAN_POINT('',(20.051152298315,0.764330699608,1.5));
#5812 = CARTESIAN_POINT('',(19.754004011235,0.532521925838,1.5));
#5813 = CARTESIAN_POINT('',(19.448152405343,0.311960773997,1.5));
#5814 = CARTESIAN_POINT('',(19.134527164066,0.102476524392,1.5));
#5815 = CARTESIAN_POINT('',(18.814361081206,-9.688352332266E-02,1.5));
#5816 = CARTESIAN_POINT('',(18.489112114577,-0.287728419511,1.5));
#5817 = CARTESIAN_POINT('',(18.160332925348,-0.472121741556,1.5));
#5818 = CARTESIAN_POINT('',(17.754103476188,-0.693469375779,1.5));
#5819 = CARTESIAN_POINT('',(17.678563703968,-0.734356894812,1.5));
#5820 = CARTESIAN_POINT('',(17.602930958808,-0.775059201953,1.5));
#5821 = CARTESIAN_POINT('',(17.527222217703,-0.815604600132,1.5));
#5822 = CARTESIAN_POINT('',(17.451454469528,-0.856021753054,1.5));
#5823 = CARTESIAN_POINT('',(17.375644620616,-0.896339518945,1.5));
#5824 = CARTESIAN_POINT('',(17.299809400334,-0.936586784283,1.5));
#5825 = CARTESIAN_POINT('',(17.069554045707,-1.058646781093,1.5));
#5826 = CARTESIAN_POINT('',(16.915108606589,-1.140326818909,1.5));
#5827 = CARTESIAN_POINT('',(16.760765182312,-1.222075898275,1.5));
#5828 = CARTESIAN_POINT('',(16.60666253753,-1.304131756469,1.5));
#5829 = CARTESIAN_POINT('',(16.452937184136,-1.386718388815,1.5));
#5830 = CARTESIAN_POINT('',(16.299718596859,-1.470038056727,1.5));
#5831 = CARTESIAN_POINT('',(16.147124428857,-1.55426329575,1.5));
#5832 = CARTESIAN_POINT('',(15.881490118348,-1.703401834733,1.5));
#5833 = CARTESIAN_POINT('',(15.768131550299,-1.767858401655,1.5));
#5834 = CARTESIAN_POINT('',(15.655225091248,-1.832954957749,1.5));
#5835 = CARTESIAN_POINT('',(15.542809098654,-1.898735697043,1.5));
#5836 = CARTESIAN_POINT('',(15.430915171404,-1.96523261262,1.5));
#5837 = CARTESIAN_POINT('',(15.31956810187,-2.032465435023,1.5));
#5838 = CARTESIAN_POINT('',(15.208785827963,-2.100441570662,1.5));
#5839 = CARTESIAN_POINT('',(14.973553856249,-2.247110311189,1.5));
#5840 = CARTESIAN_POINT('',(14.84926772235,-2.326016656862,1.5));
#5841 = CARTESIAN_POINT('',(14.725735685358,-2.405867163381,1.5));
#5842 = CARTESIAN_POINT('',(14.602964584236,-2.486646163056,1.5));
#5843 = CARTESIAN_POINT('',(14.480934084337,-2.568305092239,1.5));
#5844 = CARTESIAN_POINT('',(14.359636539551,-2.650815610428,1.5));
#5845 = CARTESIAN_POINT('',(14.239033167194,-2.7341100308,1.5));
#5846 = CARTESIAN_POINT('',(14.11910027073,-2.818144112902,1.5));
#5847 = PCURVE('',#3975,#5848);
#5848 = DEFINITIONAL_REPRESENTATION('',(#5849),#5908);
#5849 = B_SPLINE_CURVE_WITH_KNOTS('',8,(#5850,#5851,#5852,#5853,#5854,
    #5855,#5856,#5857,#5858,#5859,#5860,#5861,#5862,#5863,#5864,#5865,
    #5866,#5867,#5868,#5869,#5870,#5871,#5872,#5873,#5874,#5875,#5876,
    #5877,#5878,#5879,#5880,#5881,#5882,#5883,#5884,#5885,#5886,#5887,
    #5888,#5889,#5890,#5891,#5892,#5893,#5894,#5895,#5896,#5897,#5898,
    #5899,#5900,#5901,#5902,#5903,#5904,#5905,#5906,#5907),
  .UNSPECIFIED.,.F.,.F.,(9,7,7,7,7,7,7,7,9),(0.,7.444990737159E-02,
    0.113137302165,0.154249987052,0.501646820152,0.58086131922,
    0.742134273708,0.862944655899,1.),.UNSPECIFIED.);
#5850 = CARTESIAN_POINT('',(32.,0.101791097923));
#5851 = CARTESIAN_POINT('',(31.990810138461,0.101501795375));
#5852 = CARTESIAN_POINT('',(31.981668906142,0.1012100866));
#5853 = CARTESIAN_POINT('',(31.972578862129,0.100915939354));
#5854 = CARTESIAN_POINT('',(31.963542765824,0.100619322998));
#5855 = CARTESIAN_POINT('',(31.954563576945,0.100320208499));
#5856 = CARTESIAN_POINT('',(31.945644455523,0.10001856843));
#5857 = CARTESIAN_POINT('',(31.936788761908,9.971437697127E-02));
#5858 = CARTESIAN_POINT('',(31.923433065109,9.9248200462E-02));
#5859 = CARTESIAN_POINT('',(31.918884117059,9.90880962009E-02));
#5860 = CARTESIAN_POINT('',(31.914353909063,9.892729132498E-02));
#5861 = CARTESIAN_POINT('',(31.909842736192,9.876578590435E-02));
#5862 = CARTESIAN_POINT('',(31.905351089938,9.860357767372E-02));
#5863 = CARTESIAN_POINT('',(31.900879769243,9.844066054258E-02));
#5864 = CARTESIAN_POINT('',(31.896429504746,9.82770298205E-02));
#5865 = CARTESIAN_POINT('',(31.887293010738,9.793805638868E-02));
#5866 = CARTESIAN_POINT('',(31.882609472331,9.776262282236E-02));
#5867 = CARTESIAN_POINT('',(31.877949463656,9.758640092319E-02));
#5868 = CARTESIAN_POINT('',(31.873312944289,9.740939856053E-02));
#5869 = CARTESIAN_POINT('',(31.868699850753,9.723162400867E-02));
#5870 = CARTESIAN_POINT('',(31.864110096524,9.705308594683E-02));
#5871 = CARTESIAN_POINT('',(31.859543572028,9.687379345919E-02));
#5872 = CARTESIAN_POINT('',(31.81660877492,9.517246324589E-02));
#5873 = CARTESIAN_POINT('',(31.779854131236,9.359750163128E-02));
#5874 = CARTESIAN_POINT('',(31.744682012047,9.197546297856E-02));
#5875 = CARTESIAN_POINT('',(31.710871199236,9.031397053393E-02));
#5876 = CARTESIAN_POINT('',(31.678030963407,8.862115305561E-02));
#5877 = CARTESIAN_POINT('',(31.645600541111,8.69056449403E-02));
#5878 = CARTESIAN_POINT('',(31.61286481214,8.517702206044E-02));
#5879 = CARTESIAN_POINT('',(31.571278538284,8.305200287812E-02));
#5880 = CARTESIAN_POINT('',(31.563497503623,8.26573031283E-02));
#5881 = CARTESIAN_POINT('',(31.555647449202,8.22626120356E-02));
#5882 = CARTESIAN_POINT('',(31.547718240631,8.186806371652E-02));
#5883 = CARTESIAN_POINT('',(31.539699514841,8.147379822166E-02));
#5884 = CARTESIAN_POINT('',(31.531580733977,8.107996168854E-02));
#5885 = CARTESIAN_POINT('',(31.523351239287,8.068670649441E-02));
#5886 = CARTESIAN_POINT('',(31.497998621484,7.94950691746E-02));
#5887 = CARTESIAN_POINT('',(31.480493754077,7.869903519409E-02));
#5888 = CARTESIAN_POINT('',(31.462395520132,7.790739391263E-02));
#5889 = CARTESIAN_POINT('',(31.443612650178,7.712162883937E-02));
#5890 = CARTESIAN_POINT('',(31.424056870969,7.634335301229E-02));
#5891 = CARTESIAN_POINT('',(31.403646988524,7.557425946306E-02));
#5892 = CARTESIAN_POINT('',(31.382312971171,7.481607168183E-02));
#5893 = CARTESIAN_POINT('',(31.343285297955,7.351197814833E-02));
#5894 = CARTESIAN_POINT('',(31.326021371012,7.296053439804E-02));
#5895 = CARTESIAN_POINT('',(31.308185271333,7.241688346185E-02));
#5896 = CARTESIAN_POINT('',(31.289759274931,7.188172050035E-02));
#5897 = CARTESIAN_POINT('',(31.270731165631,7.135569788529E-02));
#5898 = CARTESIAN_POINT('',(31.251094486453,7.083940788059E-02));
#5899 = CARTESIAN_POINT('',(31.230848790993,7.033336532343E-02));
#5900 = CARTESIAN_POINT('',(31.186347518317,6.927600389052E-02));
#5901 = CARTESIAN_POINT('',(31.161918287943,6.872773781249E-02));
#5902 = CARTESIAN_POINT('',(31.136720094215,6.819381529737E-02));
#5903 = CARTESIAN_POINT('',(31.110769368697,6.767466861682E-02));
#5904 = CARTESIAN_POINT('',(31.084090407734,6.717061758237E-02));
#5905 = CARTESIAN_POINT('',(31.056712909447,6.668171480336E-02));
#5906 = CARTESIAN_POINT('',(31.028670847198,6.620797836844E-02));
#5907 = CARTESIAN_POINT('',(31.,6.574921933869E-02));
#5908 = ( GEOMETRIC_REPRESENTATION_CONTEXT(2) 
PARAMETRIC_REPRESENTATION_CONTEXT() REPRESENTATION_CONTEXT('2D SPACE',''
  ) );
#5909 = PCURVE('',#45,#5910);
#5910 = DEFINITIONAL_REPRESENTATION('',(#5911),#5970);
#5911 = B_SPLINE_CURVE_WITH_KNOTS('',8,(#5912,#5913,#5914,#5915,#5916,
    #5917,#5918,#5919,#5920,#5921,#5922,#5923,#5924,#5925,#5926,#5927,
    #5928,#5929,#5930,#5931,#5932,#5933,#5934,#5935,#5936,#5937,#5938,
    #5939,#5940,#5941,#5942,#5943,#5944,#5945,#5946,#5947,#5948,#5949,
    #5950,#5951,#5952,#5953,#5954,#5955,#5956,#5957,#5958,#5959,#5960,
    #5961,#5962,#5963,#5964,#5965,#5966,#5967,#5968,#5969),
  .UNSPECIFIED.,.F.,.F.,(9,7,7,7,7,7,7,7,9),(0.,7.444990737159E-02,
    0.113137302165,0.154249987052,0.501646820152,0.58086131922,
    0.742134273708,0.862944655899,1.),.UNSPECIFIED.);
#5912 = CARTESIAN_POINT('',(21.311136230983,1.922013232845));
#5913 = CARTESIAN_POINT('',(21.255236701924,1.864025471549));
#5914 = CARTESIAN_POINT('',(21.199004899364,1.806350474834));
#5915 = CARTESIAN_POINT('',(21.142429482227,1.749002792334));
#5916 = CARTESIAN_POINT('',(21.085498873897,1.691997971723));
#5917 = CARTESIAN_POINT('',(21.028201262225,1.635352558712));
#5918 = CARTESIAN_POINT('',(20.970524599524,1.579084097054));
#5919 = CARTESIAN_POINT('',(20.912456602572,1.523211128539));
#5920 = CARTESIAN_POINT('',(20.823600248135,1.438934848925));
#5921 = CARTESIAN_POINT('',(20.793106845468,1.410228407743));
#5922 = CARTESIAN_POINT('',(20.76250220266,1.381637326467));
#5923 = CARTESIAN_POINT('',(20.731785324295,1.353163636762));
#5924 = CARTESIAN_POINT('',(20.700954611426,1.324810092138));
#5925 = CARTESIAN_POINT('',(20.670007506132,1.296580567214));
#5926 = CARTESIAN_POINT('',(20.638941730707,1.268478709051));
#5927 = CARTESIAN_POINT('',(20.574619630048,1.210777306608));
#5928 = CARTESIAN_POINT('',(20.54134813571,1.18119430298));
#5929 = CARTESIAN_POINT('',(20.507943959066,1.151757024344));
#5930 = CARTESIAN_POINT('',(20.47440751446,1.122466570624));
#5931 = CARTESIAN_POINT('',(20.440739309968,1.093323946977));
#5932 = CARTESIAN_POINT('',(20.406939947398,1.064330063794));
#5933 = CARTESIAN_POINT('',(20.373010122291,1.035485736697));
#5934 = CARTESIAN_POINT('',(20.051152298315,0.764330699608));
#5935 = CARTESIAN_POINT('',(19.754004011235,0.532521925838));
#5936 = CARTESIAN_POINT('',(19.448152405343,0.311960773997));
#5937 = CARTESIAN_POINT('',(19.134527164066,0.102476524392));
#5938 = CARTESIAN_POINT('',(18.814361081206,-9.688352332266E-02));
#5939 = CARTESIAN_POINT('',(18.489112114577,-0.287728419511));
#5940 = CARTESIAN_POINT('',(18.160332925348,-0.472121741556));
#5941 = CARTESIAN_POINT('',(17.754103476188,-0.693469375779));
#5942 = CARTESIAN_POINT('',(17.678563703968,-0.734356894812));
#5943 = CARTESIAN_POINT('',(17.602930958808,-0.775059201953));
#5944 = CARTESIAN_POINT('',(17.527222217703,-0.815604600132));
#5945 = CARTESIAN_POINT('',(17.451454469528,-0.856021753054));
#5946 = CARTESIAN_POINT('',(17.375644620616,-0.896339518945));
#5947 = CARTESIAN_POINT('',(17.299809400334,-0.936586784283));
#5948 = CARTESIAN_POINT('',(17.069554045707,-1.058646781093));
#5949 = CARTESIAN_POINT('',(16.915108606589,-1.140326818909));
#5950 = CARTESIAN_POINT('',(16.760765182312,-1.222075898275));
#5951 = CARTESIAN_POINT('',(16.60666253753,-1.304131756469));
#5952 = CARTESIAN_POINT('',(16.452937184136,-1.386718388815));
#5953 = CARTESIAN_POINT('',(16.299718596859,-1.470038056727));
#5954 = CARTESIAN_POINT('',(16.147124428857,-1.55426329575));
#5955 = CARTESIAN_POINT('',(15.881490118348,-1.703401834733));
#5956 = CARTESIAN_POINT('',(15.768131550299,-1.767858401655));
#5957 = CARTESIAN_POINT('',(15.655225091248,-1.832954957749));
#5958 = CARTESIAN_POINT('',(15.542809098654,-1.898735697043));
#5959 = CARTESIAN_POINT('',(15.430915171404,-1.96523261262));
#5960 = CARTESIAN_POINT('',(15.31956810187,-2.032465435023));
#5961 = CARTESIAN_POINT('',(15.208785827963,-2.100441570662));
#5962 = CARTESIAN_POINT('',(14.973553856249,-2.247110311189));
#5963 = CARTESIAN_POINT('',(14.84926772235,-2.326016656862));
#5964 = CARTESIAN_POINT('',(14.725735685358,-2.405867163381));
#5965 = CARTESIAN_POINT('',(14.602964584236,-2.486646163056));
#5966 = CARTESIAN_POINT('',(14.480934084337,-2.568305092239));
#5967 = CARTESIAN_POINT('',(14.359636539551,-2.650815610428));
#5968 = CARTESIAN_POINT('',(14.239033167194,-2.7341100308));
#5969 = CARTESIAN_POINT('',(14.11910027073,-2.818144112902));
#5970 = ( GEOMETRIC_REPRESENTATION_CONTEXT(2) 
PARAMETRIC_REPRESENTATION_CONTEXT() REPRESENTATION_CONTEXT('2D SPACE',''
  ) );
#5971 = ORIENTED_EDGE('',*,*,#5468,.T.);
#5972 = ORIENTED_EDGE('',*,*,#3877,.T.);
#5973 = ADVANCED_FACE('',(#5974),#4144,.F.);
#5974 = FACE_BOUND('',#5975,.F.);
#5975 = EDGE_LOOP('',(#5976,#6029,#6236,#6237));
#5976 = ORIENTED_EDGE('',*,*,#5977,.F.);
#5977 = EDGE_CURVE('',#5978,#4091,#5980,.T.);
#5978 = VERTEX_POINT('',#5979);
#5979 = CARTESIAN_POINT('',(20.424445199366,-6.379710073433,1.5));
#5980 = SURFACE_CURVE('',#5981,(#6015,#6022),.PCURVE_S1.);
#5981 = ( BOUNDED_CURVE() B_SPLINE_CURVE(3,(#5982,#5983,#5984,#5985,
    #5986,#5987,#5988,#5989,#5990,#5991,#5992,#5993,#5994,#5995,#5996,
    #5997,#5998,#5999,#6000,#6001,#6002,#6003,#6004,#6005,#6006,#6007,
    #6008,#6009,#6010,#6011,#6012,#6013,#6014),.UNSPECIFIED.,.F.,.F.) 
B_SPLINE_CURVE_WITH_KNOTS((4,1,1,1,1,1,1,1,1,1,1,1,1,1,1,1,1,1,1,1,1,1,1
    ,1,1,1,1,1,1,1,4),(0.,3.068165821138E-02,6.601269782959E-02,
    9.830800907E-02,0.127216197096,0.157262707878,0.188138205668,
    0.219565799738,0.251333925196,0.283659313393,0.31744062664,
    0.35073174851,0.384111710396,0.417581465102,0.45114195778,
    0.484794125941,0.51853889945,0.552377200543,0.586309943827,
    0.620338036294,0.654462377335,0.688683858749,0.723003364765,
    0.757421772058,0.791939949764,0.826558759507,0.861279055419,
0.896101684163,0.931027484962,0.96605728962,1.),.UNSPECIFIED.) CURVE() 
GEOMETRIC_REPRESENTATION_ITEM() RATIONAL_B_SPLINE_CURVE((1.,
    1.000000000002,0.999999999999,1.,1.,1.,1.,1.,1.,1.,1.,1.,1.,1.,1.,1.
    ,1.,1.,1.,1.,1.,1.,1.,1.,1.,1.,1.,1.,0.999999999999,1.000000000003,
0.999999999988,1.000000000025,1.)) REPRESENTATION_ITEM('') );
#5982 = CARTESIAN_POINT('',(13.608460730597,-8.414855705465,
    -10.11982966802));
#5983 = CARTESIAN_POINT('',(17.451896365969,-9.918713737809,
    -13.20549020304));
#5984 = CARTESIAN_POINT('',(12.740020850646,-6.321454178741,
    -2.349153047964));
#5985 = CARTESIAN_POINT('',(13.78568326489,-5.912184016991,
    0.402167973074));
#5986 = CARTESIAN_POINT('',(19.854538156051,-6.678579269591,
    0.556268184895));
#5987 = CARTESIAN_POINT('',(24.408971799439,-5.791027658179,
    4.338199718794));
#5988 = CARTESIAN_POINT('',(27.665400014263,-4.252097014922,
    8.389705231602));
#5989 = CARTESIAN_POINT('',(30.015449796257,-2.142521681145,
    13.012356568386));
#5990 = CARTESIAN_POINT('',(31.496371943385,0.298267169427,
    17.855593946091));
#5991 = CARTESIAN_POINT('',(32.249889118289,2.938223615866,
    22.862616673986));
#5992 = CARTESIAN_POINT('',(31.969282063191,5.593459458399,
    28.032637662535));
#5993 = CARTESIAN_POINT('',(31.950548787023,8.167722744939,
    32.865744682983));
#5994 = CARTESIAN_POINT('',(31.584246256241,10.89713028401,
    37.987629462079));
#5995 = CARTESIAN_POINT('',(31.023182364578,13.577247235589,
    43.013612385695));
#5996 = CARTESIAN_POINT('',(30.223442591302,16.243863575501,
    48.057464389687));
#5997 = CARTESIAN_POINT('',(29.195752138236,18.86648884292,
    53.096507709553));
#5998 = CARTESIAN_POINT('',(27.938871074897,21.428019083562,
    58.136843432611));
#5999 = CARTESIAN_POINT('',(26.456976780781,23.907717523285,
    63.176830119094));
#6000 = CARTESIAN_POINT('',(24.755002062377,26.285984642975,
    68.21690940437));
#6001 = CARTESIAN_POINT('',(22.839887391306,28.543268114419,
    73.256962481845));
#6002 = CARTESIAN_POINT('',(20.720225142624,30.660550009624,
    78.297021288927));
#6003 = CARTESIAN_POINT('',(18.406319300819,32.619408745158,
    83.337077385979));
#6004 = CARTESIAN_POINT('',(15.910117160525,34.402193224162,
    88.377132512319));
#6005 = CARTESIAN_POINT('',(13.245155920602,35.992162522999,
    93.417188239103));
#6006 = CARTESIAN_POINT('',(10.426499068424,37.373631197233,
    98.457236548315));
#6007 = CARTESIAN_POINT('',(7.470620758687,38.532100147448,
    103.49730811583));
#6008 = CARTESIAN_POINT('',(4.395433499475,39.454406353153,
    108.53728784062));
#6009 = CARTESIAN_POINT('',(1.219719325978,40.128771200765,
    113.57760725616));
#6010 = CARTESIAN_POINT('',(-2.035257004385,40.545190543801,
    118.61664877333));
#6011 = CARTESIAN_POINT('',(-5.352365870334,40.694501240524,
    123.66047617316));
#6012 = CARTESIAN_POINT('',(-8.65651784444,40.57374712796,
    128.62935510852));
#6013 = CARTESIAN_POINT('',(-10.88151964162,40.310198278492,
    131.96152364674));
#6014 = CARTESIAN_POINT('',(-12.06101397012,40.123155868882,
    133.73002152875));
#6015 = PCURVE('',#4144,#6016);
#6016 = DEFINITIONAL_REPRESENTATION('',(#6017),#6021);
#6017 = LINE('',#6018,#6019);
#6018 = CARTESIAN_POINT('',(30.,0.));
#6019 = VECTOR('',#6020,1.);
#6020 = DIRECTION('',(0.,1.));
#6021 = ( GEOMETRIC_REPRESENTATION_CONTEXT(2) 
PARAMETRIC_REPRESENTATION_CONTEXT() REPRESENTATION_CONTEXT('2D SPACE',''
  ) );
#6022 = PCURVE('',#4291,#6023);
#6023 = DEFINITIONAL_REPRESENTATION('',(#6024),#6028);
#6024 = LINE('',#6025,#6026);
#6025 = CARTESIAN_POINT('',(30.,0.));
#6026 = VECTOR('',#6027,1.);
#6027 = DIRECTION('',(0.,1.));
#6028 = ( GEOMETRIC_REPRESENTATION_CONTEXT(2) 
PARAMETRIC_REPRESENTATION_CONTEXT() REPRESENTATION_CONTEXT('2D SPACE',''
  ) );
#6029 = ORIENTED_EDGE('',*,*,#6030,.F.);
#6030 = EDGE_CURVE('',#5734,#5978,#6031,.T.);
#6031 = SURFACE_CURVE('',#6032,(#6098,#6167),.PCURVE_S1.);
#6032 = B_SPLINE_CURVE_WITH_KNOTS('',8,(#6033,#6034,#6035,#6036,#6037,
    #6038,#6039,#6040,#6041,#6042,#6043,#6044,#6045,#6046,#6047,#6048,
    #6049,#6050,#6051,#6052,#6053,#6054,#6055,#6056,#6057,#6058,#6059,
    #6060,#6061,#6062,#6063,#6064,#6065,#6066,#6067,#6068,#6069,#6070,
    #6071,#6072,#6073,#6074,#6075,#6076,#6077,#6078,#6079,#6080,#6081,
    #6082,#6083,#6084,#6085,#6086,#6087,#6088,#6089,#6090,#6091,#6092,
    #6093,#6094,#6095,#6096,#6097),.UNSPECIFIED.,.F.,.F.,(9,7,7,7,7,7,7,
    7,7,9),(0.,0.143021079022,0.44069251019,0.518021952879,
    0.546054211716,0.575656936443,0.616034664146,0.752748866376,
    0.898067758228,1.),.UNSPECIFIED.);
#6033 = CARTESIAN_POINT('',(14.11910027073,-2.818144112902,1.5));
#6034 = CARTESIAN_POINT('',(14.206607211307,-2.912054656055,1.5));
#6035 = CARTESIAN_POINT('',(14.296082435428,-3.004326141888,1.5));
#6036 = CARTESIAN_POINT('',(14.387596926669,-3.094810844267,1.5));
#6037 = CARTESIAN_POINT('',(14.481207437237,-3.18336362069,1.5));
#6038 = CARTESIAN_POINT('',(14.576947721542,-3.269850127218,1.5));
#6039 = CARTESIAN_POINT('',(14.674820563401,-3.354154335057,1.5));
#6040 = CARTESIAN_POINT('',(14.774790596901,-3.436185348753,1.5));
#6041 = CARTESIAN_POINT('',(15.089045321611,-3.681760267115,1.5));
#6042 = CARTESIAN_POINT('',(15.310092822154,-3.837562680399,1.5));
#6043 = CARTESIAN_POINT('',(15.539124922129,-3.982678554123,1.5));
#6044 = CARTESIAN_POINT('',(15.775018504726,-4.117456016302,1.5));
#6045 = CARTESIAN_POINT('',(16.016305792823,-4.243198919127,1.5));
#6046 = CARTESIAN_POINT('',(16.26155464926,-4.361537574558,1.5));
#6047 = CARTESIAN_POINT('',(16.509533816342,-4.474192514053,1.5));
#6048 = CARTESIAN_POINT('',(16.824141541462,-4.611132771871,1.5));
#6049 = CARTESIAN_POINT('',(16.889143729038,-4.639108127429,1.5));
#6050 = CARTESIAN_POINT('',(16.954256364535,-4.666850956733,1.5));
#6051 = CARTESIAN_POINT('',(17.019464010066,-4.694391692325,1.5));
#6052 = CARTESIAN_POINT('',(17.08475184056,-4.721760443385,1.5));
#6053 = CARTESIAN_POINT('',(17.150105643757,-4.748986995737,1.5));
#6054 = CARTESIAN_POINT('',(17.215511820215,-4.776100811842,1.5));
#6055 = CARTESIAN_POINT('',(17.304681684171,-4.812929602579,1.5));
#6056 = CARTESIAN_POINT('',(17.328411140925,-4.82271717623,1.5));
#6057 = CARTESIAN_POINT('',(17.352145126494,-4.832495133495,1.5));
#6058 = CARTESIAN_POINT('',(17.375883019995,-4.842264847938,1.5));
#6059 = CARTESIAN_POINT('',(17.399624206738,-4.852027684951,1.5));
#6060 = CARTESIAN_POINT('',(17.423368078217,-4.861785001752,1.5));
#6061 = CARTESIAN_POINT('',(17.447114032122,-4.871538147388,1.5));
#6062 = CARTESIAN_POINT('',(17.495939327791,-4.891585025087,1.5));
#6063 = CARTESIAN_POINT('',(17.521018838822,-4.901878430411,1.5));
#6064 = CARTESIAN_POINT('',(17.546099303409,-4.912170257769,1.5));
#6065 = CARTESIAN_POINT('',(17.571180024464,-4.922462075072,1.5));
#6066 = CARTESIAN_POINT('',(17.596260309822,-4.93275543908,1.5));
#6067 = CARTESIAN_POINT('',(17.621339472245,-4.943051895401,1.5));
#6068 = CARTESIAN_POINT('',(17.64641682942,-4.953352978488,1.5));
#6069 = CARTESIAN_POINT('',(17.705693503475,-4.977719142284,1.5));
#6070 = CARTESIAN_POINT('',(17.739890678201,-4.991789512325,1.5));
#6071 = CARTESIAN_POINT('',(17.774081511252,-5.005875188717,1.5));
#6072 = CARTESIAN_POINT('',(17.80826429271,-5.019979995715,1.5));
#6073 = CARTESIAN_POINT('',(17.842437319626,-5.034107714873,1.5));
#6074 = CARTESIAN_POINT('',(17.87659889602,-5.048262085047,1.5));
#6075 = CARTESIAN_POINT('',(17.910747332878,-5.062446802394,1.5));
#6076 = CARTESIAN_POINT('',(18.060453325488,-5.124808414887,1.5));
#6077 = CARTESIAN_POINT('',(18.175854679119,-5.17334078971,1.5));
#6078 = CARTESIAN_POINT('',(18.29102129659,-5.222404582159,1.5));
#6079 = CARTESIAN_POINT('',(18.405887733826,-5.2721358003,1.5));
#6080 = CARTESIAN_POINT('',(18.520387336339,-5.322663415871,1.5));
#6081 = CARTESIAN_POINT('',(18.634452760431,-5.374108257203,1.5));
#6082 = CARTESIAN_POINT('',(18.748016494392,-5.426581902151,1.5));
#6083 = CARTESIAN_POINT('',(18.981118078576,-5.537163014685,1.5));
#6084 = CARTESIAN_POINT('',(19.100583089214,-5.595417470417,1.5));
#6085 = CARTESIAN_POINT('',(19.219322426862,-5.655068488927,1.5));
#6086 = CARTESIAN_POINT('',(19.337253585657,-5.71622149417,1.5));
#6087 = CARTESIAN_POINT('',(19.454296970723,-5.778965154244,1.5));
#6088 = CARTESIAN_POINT('',(19.57037733026,-5.8433687523,1.5));
#6089 = CARTESIAN_POINT('',(19.685425187637,-5.909479557446,1.5));
#6090 = CARTESIAN_POINT('',(19.879309336467,-6.024906220077,1.5));
#6091 = CARTESIAN_POINT('',(19.958701799348,-6.073344595092,1.5));
#6092 = CARTESIAN_POINT('',(20.037566128711,-6.1225961793,1.5));
#6093 = CARTESIAN_POINT('',(20.115914627089,-6.172621899393,1.5));
#6094 = CARTESIAN_POINT('',(20.193761157602,-6.22338316119,1.5));
#6095 = CARTESIAN_POINT('',(20.271120868593,-6.274842260663,1.5));
#6096 = CARTESIAN_POINT('',(20.348009918275,-6.326962794959,1.5));
#6097 = CARTESIAN_POINT('',(20.424445199366,-6.379710073433,1.5));
#6098 = PCURVE('',#4144,#6099);
#6099 = DEFINITIONAL_REPRESENTATION('',(#6100),#6166);
#6100 = B_SPLINE_CURVE_WITH_KNOTS('',8,(#6101,#6102,#6103,#6104,#6105,
    #6106,#6107,#6108,#6109,#6110,#6111,#6112,#6113,#6114,#6115,#6116,
    #6117,#6118,#6119,#6120,#6121,#6122,#6123,#6124,#6125,#6126,#6127,
    #6128,#6129,#6130,#6131,#6132,#6133,#6134,#6135,#6136,#6137,#6138,
    #6139,#6140,#6141,#6142,#6143,#6144,#6145,#6146,#6147,#6148,#6149,
    #6150,#6151,#6152,#6153,#6154,#6155,#6156,#6157,#6158,#6159,#6160,
    #6161,#6162,#6163,#6164,#6165),.UNSPECIFIED.,.F.,.F.,(9,7,7,7,7,7,7,
    7,7,9),(0.,0.143021079022,0.44069251019,0.518021952879,
    0.546054211716,0.575656936443,0.616034664146,0.752748866376,
    0.898067758228,1.),.UNSPECIFIED.);
#6101 = CARTESIAN_POINT('',(31.,6.574921933869E-02));
#6102 = CARTESIAN_POINT('',(30.970472132983,6.622169144704E-02));
#6103 = CARTESIAN_POINT('',(30.941527835212,6.671138846113E-02));
#6104 = CARTESIAN_POINT('',(30.913221787368,6.721850441076E-02));
#6105 = CARTESIAN_POINT('',(30.885609494534,6.774301230718E-02));
#6106 = CARTESIAN_POINT('',(30.858742476709,6.828464402169E-02));
#6107 = CARTESIAN_POINT('',(30.832664623014,6.884286994778E-02));
#6108 = CARTESIAN_POINT('',(30.807409709625,6.941687844693E-02));
#6109 = CARTESIAN_POINT('',(30.732196038955,7.123077458021E-02));
#6110 = CARTESIAN_POINT('',(30.685043708976,7.251978282701E-02));
#6111 = CARTESIAN_POINT('',(30.641764174209,7.386220523376E-02));
#6112 = CARTESIAN_POINT('',(30.60223571719,7.524517457884E-02));
#6113 = CARTESIAN_POINT('',(30.565984756489,7.665535362275E-02));
#6114 = CARTESIAN_POINT('',(30.53242584708,7.80825324828E-02));
#6115 = CARTESIAN_POINT('',(30.500958637526,7.951909963962E-02));
#6116 = CARTESIAN_POINT('',(30.463217956712,8.133423325237E-02));
#6117 = CARTESIAN_POINT('',(30.455536283025,8.170886869565E-02));
#6118 = CARTESIAN_POINT('',(30.447945162758,8.208375593929E-02));
#6119 = CARTESIAN_POINT('',(30.440434469862,8.245881874767E-02));
#6120 = CARTESIAN_POINT('',(30.432994282502,8.28339871096E-02));
#6121 = CARTESIAN_POINT('',(30.425614883056,8.320919723829E-02));
#6122 = CARTESIAN_POINT('',(30.418286758115,8.358439157136E-02));
#6123 = CARTESIAN_POINT('',(30.408359333972,8.40955040099E-02));
#6124 = CARTESIAN_POINT('',(30.40572358835,8.42314802088E-02));
#6125 = CARTESIAN_POINT('',(30.403092920406,8.43674448103E-02));
#6126 = CARTESIAN_POINT('',(30.400466893345,8.450339530554E-02));
#6127 = CARTESIAN_POINT('',(30.397845074781,8.463932923396E-02));
#6128 = CARTESIAN_POINT('',(30.395227036746,8.477524418338E-02));
#6129 = CARTESIAN_POINT('',(30.392612355681,8.491113778993E-02));
#6130 = CARTESIAN_POINT('',(30.387242550151,8.519048959938E-02));
#6131 = CARTESIAN_POINT('',(30.384487764279,8.533394505643E-02));
#6132 = CARTESIAN_POINT('',(30.381735761248,8.547737138288E-02));
#6133 = CARTESIAN_POINT('',(30.378986053239,8.562076587615E-02));
#6134 = CARTESIAN_POINT('',(30.376238158189,8.576412585751E-02));
#6135 = CARTESIAN_POINT('',(30.373491599792,8.5907448672E-02));
#6136 = CARTESIAN_POINT('',(30.370745907503,8.605073168847E-02));
#6137 = CARTESIAN_POINT('',(30.364256075706,8.638935061178E-02));
#6138 = CARTESIAN_POINT('',(30.360512282099,8.658464996544E-02));
#6139 = CARTESIAN_POINT('',(30.356768056007,8.677986377439E-02));
#6140 = CARTESIAN_POINT('',(30.353022238534,8.69749853988E-02));
#6141 = CARTESIAN_POINT('',(30.34927369159,8.717000814515E-02));
#6142 = CARTESIAN_POINT('',(30.345521297889,8.736492526626E-02));
#6143 = CARTESIAN_POINT('',(30.341763960953,8.755972996128E-02));
#6144 = CARTESIAN_POINT('',(30.32525832809,8.84135971236E-02));
#6145 = CARTESIAN_POINT('',(30.312447135523,8.907140449541E-02));
#6146 = CARTESIAN_POINT('',(30.299525215505,8.972757991876E-02));
#6147 = CARTESIAN_POINT('',(30.286453580333,9.03818361808E-02));
#6148 = CARTESIAN_POINT('',(30.273196271564,9.103385242641E-02));
#6149 = CARTESIAN_POINT('',(30.259720565063,9.168327015634E-02));
#6150 = CARTESIAN_POINT('',(30.245997176067,9.232968922543E-02));
#6151 = CARTESIAN_POINT('',(30.217122809832,9.365610679751E-02));
#6152 = CARTESIAN_POINT('',(30.201936279906,9.433566292128E-02));
#6153 = CARTESIAN_POINT('',(30.186410548133,9.501078402965E-02));
#6154 = CARTESIAN_POINT('',(30.170520194872,9.568086514879E-02));
#6155 = CARTESIAN_POINT('',(30.154245142289,9.634525633141E-02));
#6156 = CARTESIAN_POINT('',(30.137571089496,9.700327447456E-02));
#6157 = CARTESIAN_POINT('',(30.120489947674,9.765421513754E-02));
#6158 = CARTESIAN_POINT('',(30.090732348444,9.874849388016E-02));
#6159 = CARTESIAN_POINT('',(30.078263035441,9.919579304709E-02));
#6160 = CARTESIAN_POINT('',(30.065607023595,9.963908424831E-02));
#6161 = CARTESIAN_POINT('',(30.05277849024,0.100078217639));
#6162 = CARTESIAN_POINT('',(30.039791016282,0.100513070245));
#6163 = CARTESIAN_POINT('',(30.026657499848,0.100943545072));
#6164 = CARTESIAN_POINT('',(30.013390069925,0.101369570206));
#6165 = CARTESIAN_POINT('',(30.,0.101791097923));
#6166 = ( GEOMETRIC_REPRESENTATION_CONTEXT(2) 
PARAMETRIC_REPRESENTATION_CONTEXT() REPRESENTATION_CONTEXT('2D SPACE',''
  ) );
#6167 = PCURVE('',#45,#6168);
#6168 = DEFINITIONAL_REPRESENTATION('',(#6169),#6235);
#6169 = B_SPLINE_CURVE_WITH_KNOTS('',8,(#6170,#6171,#6172,#6173,#6174,
    #6175,#6176,#6177,#6178,#6179,#6180,#6181,#6182,#6183,#6184,#6185,
    #6186,#6187,#6188,#6189,#6190,#6191,#6192,#6193,#6194,#6195,#6196,
    #6197,#6198,#6199,#6200,#6201,#6202,#6203,#6204,#6205,#6206,#6207,
    #6208,#6209,#6210,#6211,#6212,#6213,#6214,#6215,#6216,#6217,#6218,
    #6219,#6220,#6221,#6222,#6223,#6224,#6225,#6226,#6227,#6228,#6229,
    #6230,#6231,#6232,#6233,#6234),.UNSPECIFIED.,.F.,.F.,(9,7,7,7,7,7,7,
    7,7,9),(0.,0.143021079022,0.44069251019,0.518021952879,
    0.546054211716,0.575656936443,0.616034664146,0.752748866376,
    0.898067758228,1.),.UNSPECIFIED.);
#6170 = CARTESIAN_POINT('',(14.11910027073,-2.818144112902));
#6171 = CARTESIAN_POINT('',(14.206607211307,-2.912054656055));
#6172 = CARTESIAN_POINT('',(14.296082435428,-3.004326141888));
#6173 = CARTESIAN_POINT('',(14.387596926669,-3.094810844267));
#6174 = CARTESIAN_POINT('',(14.481207437237,-3.18336362069));
#6175 = CARTESIAN_POINT('',(14.576947721542,-3.269850127218));
#6176 = CARTESIAN_POINT('',(14.674820563401,-3.354154335057));
#6177 = CARTESIAN_POINT('',(14.774790596901,-3.436185348753));
#6178 = CARTESIAN_POINT('',(15.089045321611,-3.681760267115));
#6179 = CARTESIAN_POINT('',(15.310092822154,-3.837562680399));
#6180 = CARTESIAN_POINT('',(15.539124922129,-3.982678554123));
#6181 = CARTESIAN_POINT('',(15.775018504726,-4.117456016302));
#6182 = CARTESIAN_POINT('',(16.016305792823,-4.243198919127));
#6183 = CARTESIAN_POINT('',(16.26155464926,-4.361537574558));
#6184 = CARTESIAN_POINT('',(16.509533816342,-4.474192514053));
#6185 = CARTESIAN_POINT('',(16.824141541462,-4.611132771871));
#6186 = CARTESIAN_POINT('',(16.889143729038,-4.639108127429));
#6187 = CARTESIAN_POINT('',(16.954256364535,-4.666850956733));
#6188 = CARTESIAN_POINT('',(17.019464010066,-4.694391692325));
#6189 = CARTESIAN_POINT('',(17.08475184056,-4.721760443385));
#6190 = CARTESIAN_POINT('',(17.150105643757,-4.748986995737));
#6191 = CARTESIAN_POINT('',(17.215511820215,-4.776100811842));
#6192 = CARTESIAN_POINT('',(17.304681684171,-4.812929602579));
#6193 = CARTESIAN_POINT('',(17.328411140925,-4.82271717623));
#6194 = CARTESIAN_POINT('',(17.352145126494,-4.832495133495));
#6195 = CARTESIAN_POINT('',(17.375883019995,-4.842264847938));
#6196 = CARTESIAN_POINT('',(17.399624206738,-4.852027684951));
#6197 = CARTESIAN_POINT('',(17.423368078217,-4.861785001752));
#6198 = CARTESIAN_POINT('',(17.447114032122,-4.871538147388));
#6199 = CARTESIAN_POINT('',(17.495939327791,-4.891585025087));
#6200 = CARTESIAN_POINT('',(17.521018838822,-4.901878430411));
#6201 = CARTESIAN_POINT('',(17.546099303409,-4.912170257769));
#6202 = CARTESIAN_POINT('',(17.571180024464,-4.922462075072));
#6203 = CARTESIAN_POINT('',(17.596260309822,-4.93275543908));
#6204 = CARTESIAN_POINT('',(17.621339472245,-4.943051895401));
#6205 = CARTESIAN_POINT('',(17.64641682942,-4.953352978488));
#6206 = CARTESIAN_POINT('',(17.705693503475,-4.977719142284));
#6207 = CARTESIAN_POINT('',(17.739890678201,-4.991789512325));
#6208 = CARTESIAN_POINT('',(17.774081511252,-5.005875188717));
#6209 = CARTESIAN_POINT('',(17.80826429271,-5.019979995715));
#6210 = CARTESIAN_POINT('',(17.842437319626,-5.034107714873));
#6211 = CARTESIAN_POINT('',(17.87659889602,-5.048262085047));
#6212 = CARTESIAN_POINT('',(17.910747332878,-5.062446802394));
#6213 = CARTESIAN_POINT('',(18.060453325488,-5.124808414887));
#6214 = CARTESIAN_POINT('',(18.175854679119,-5.17334078971));
#6215 = CARTESIAN_POINT('',(18.29102129659,-5.222404582159));
#6216 = CARTESIAN_POINT('',(18.405887733826,-5.2721358003));
#6217 = CARTESIAN_POINT('',(18.520387336339,-5.322663415871));
#6218 = CARTESIAN_POINT('',(18.634452760431,-5.374108257203));
#6219 = CARTESIAN_POINT('',(18.748016494392,-5.426581902151));
#6220 = CARTESIAN_POINT('',(18.981118078576,-5.537163014685));
#6221 = CARTESIAN_POINT('',(19.100583089214,-5.595417470417));
#6222 = CARTESIAN_POINT('',(19.219322426862,-5.655068488927));
#6223 = CARTESIAN_POINT('',(19.337253585657,-5.71622149417));
#6224 = CARTESIAN_POINT('',(19.454296970723,-5.778965154244));
#6225 = CARTESIAN_POINT('',(19.57037733026,-5.8433687523));
#6226 = CARTESIAN_POINT('',(19.685425187637,-5.909479557446));
#6227 = CARTESIAN_POINT('',(19.879309336467,-6.024906220077));
#6228 = CARTESIAN_POINT('',(19.958701799348,-6.073344595092));
#6229 = CARTESIAN_POINT('',(20.037566128711,-6.1225961793));
#6230 = CARTESIAN_POINT('',(20.115914627089,-6.172621899393));
#6231 = CARTESIAN_POINT('',(20.193761157602,-6.22338316119));
#6232 = CARTESIAN_POINT('',(20.271120868593,-6.274842260663));
#6233 = CARTESIAN_POINT('',(20.348009918275,-6.326962794959));
#6234 = CARTESIAN_POINT('',(20.424445199366,-6.379710073433));
#6235 = ( GEOMETRIC_REPRESENTATION_CONTEXT(2) 
PARAMETRIC_REPRESENTATION_CONTEXT() REPRESENTATION_CONTEXT('2D SPACE',''
  ) );
#6236 = ORIENTED_EDGE('',*,*,#5733,.T.);
#6237 = ORIENTED_EDGE('',*,*,#4090,.T.);
#6238 = ADVANCED_FACE('',(#6239),#4291,.F.);
#6239 = FACE_BOUND('',#6240,.F.);
#6240 = EDGE_LOOP('',(#6241,#6294,#6480,#6481));
#6241 = ORIENTED_EDGE('',*,*,#6242,.F.);
#6242 = EDGE_CURVE('',#6243,#4238,#6245,.T.);
#6243 = VERTEX_POINT('',#6244);
#6244 = CARTESIAN_POINT('',(11.965890695575,-8.006771419087,1.5));
#6245 = SURFACE_CURVE('',#6246,(#6280,#6287),.PCURVE_S1.);
#6246 = ( BOUNDED_CURVE() B_SPLINE_CURVE(3,(#6247,#6248,#6249,#6250,
    #6251,#6252,#6253,#6254,#6255,#6256,#6257,#6258,#6259,#6260,#6261,
    #6262,#6263,#6264,#6265,#6266,#6267,#6268,#6269,#6270,#6271,#6272,
    #6273,#6274,#6275,#6276,#6277,#6278,#6279),.UNSPECIFIED.,.F.,.F.) 
B_SPLINE_CURVE_WITH_KNOTS((4,1,1,1,1,1,1,1,1,1,1,1,1,1,1,1,1,1,1,1,1,1,1
    ,1,1,1,1,1,1,1,4),(0.,3.068165821138E-02,6.601269782959E-02,
    9.830800907E-02,0.127216197096,0.157262707878,0.188138205668,
    0.219565799738,0.251333925196,0.283659313393,0.31744062664,
    0.35073174851,0.384111710396,0.417581465102,0.45114195778,
    0.484794125941,0.51853889945,0.552377200543,0.586309943827,
    0.620338036294,0.654462377335,0.688683858749,0.723003364765,
    0.757421772058,0.791939949764,0.826558759507,0.861279055419,
0.896101684163,0.931027484962,0.96605728962,1.),.UNSPECIFIED.) CURVE() 
GEOMETRIC_REPRESENTATION_ITEM() RATIONAL_B_SPLINE_CURVE((1.,
    1.000000000002,0.999999999999,1.,1.,1.,1.,1.,1.,1.,1.,1.,1.,1.,1.,1.
    ,1.,1.,1.,1.,1.,1.,1.,1.,1.,1.,1.,1.,0.999999999999,1.000000000003,
0.999999999988,1.000000000025,1.)) REPRESENTATION_ITEM('') );
#6247 = CARTESIAN_POINT('',(10.106804665213,-9.418407708819,
    -10.11982966802));
#6248 = CARTESIAN_POINT('',(15.116227541276,-12.45326040531,
    -12.85547423447));
#6249 = CARTESIAN_POINT('',(8.56434880851,-6.832801098372,
    -2.952170729409));
#6250 = CARTESIAN_POINT('',(11.257927817773,-7.741346353034,
    2.074211451366));
#6251 = CARTESIAN_POINT('',(17.36046216986,-9.942158240102,
    3.324693262476));
#6252 = CARTESIAN_POINT('',(20.392583863559,-9.300108700195,
    6.627972299613));
#6253 = CARTESIAN_POINT('',(23.190326257634,-8.43267122568,
    10.293545432463));
#6254 = CARTESIAN_POINT('',(25.284703579223,-6.924527149962,
    14.436104726298));
#6255 = CARTESIAN_POINT('',(26.82049831281,-5.069195928494,
    18.810975887307));
#6256 = CARTESIAN_POINT('',(27.821423718832,-2.944165627975,
    23.338395863153));
#6257 = CARTESIAN_POINT('',(28.010370922023,-0.648730370883,
    28.043852332174));
#6258 = CARTESIAN_POINT('',(28.456719739616,1.535736892152,
    33.366718058391));
#6259 = CARTESIAN_POINT('',(28.598778550804,3.910318169725,
    38.364162653567));
#6260 = CARTESIAN_POINT('',(28.577121570132,6.275942079191,
    43.430315313796));
#6261 = CARTESIAN_POINT('',(28.3483631955,8.670360138003,48.470245820927
    ));
#6262 = CARTESIAN_POINT('',(27.91972441003,11.065921855608,
    53.517229585308));
#6263 = CARTESIAN_POINT('',(27.286391331662,13.448344394247,
    58.562314412655));
#6264 = CARTESIAN_POINT('',(26.448645345428,15.799351433078,
    63.607908825541));
#6265 = CARTESIAN_POINT('',(25.407299101625,18.101503546539,
    68.653364824306));
#6266 = CARTESIAN_POINT('',(24.164955309782,20.337062750957,
    73.698856747151));
#6267 = CARTESIAN_POINT('',(22.725684774603,22.488465512101,
    78.744337770558));
#6268 = CARTESIAN_POINT('',(21.09511504461,24.538365088668,
    83.78982021861));
#6269 = CARTESIAN_POINT('',(19.280394448175,26.469790743868,
    88.835301850638));
#6270 = CARTESIAN_POINT('',(17.290172426633,28.266274649829,
    93.880779285128));
#6271 = CARTESIAN_POINT('',(15.13456941631,29.911987465107,
    98.926268414461));
#6272 = CARTESIAN_POINT('',(12.825101697412,31.391862247109,
    103.97170885322));
#6273 = CARTESIAN_POINT('',(10.374727727439,32.691740909262,
    109.01732721786));
#6274 = CARTESIAN_POINT('',(7.797383008826,33.798420176731,
    114.06227402731));
#6275 = CARTESIAN_POINT('',(5.10938012543,34.700050843161,
    119.10973365218));
#6276 = CARTESIAN_POINT('',(2.323766131608,35.3851853238,124.14776911856
    ));
#6277 = CARTESIAN_POINT('',(-0.496612688471,35.841624007921,
    129.16358721253));
#6278 = CARTESIAN_POINT('',(-2.426012845598,35.988868541464,
    132.39837068759));
#6279 = CARTESIAN_POINT('',(-3.455150675159,36.00979281934,
    133.73002152875));
#6280 = PCURVE('',#4291,#6281);
#6281 = DEFINITIONAL_REPRESENTATION('',(#6282),#6286);
#6282 = LINE('',#6283,#6284);
#6283 = CARTESIAN_POINT('',(29.,0.));
#6284 = VECTOR('',#6285,1.);
#6285 = DIRECTION('',(0.,1.));
#6286 = ( GEOMETRIC_REPRESENTATION_CONTEXT(2) 
PARAMETRIC_REPRESENTATION_CONTEXT() REPRESENTATION_CONTEXT('2D SPACE',''
  ) );
#6287 = PCURVE('',#4430,#6288);
#6288 = DEFINITIONAL_REPRESENTATION('',(#6289),#6293);
#6289 = LINE('',#6290,#6291);
#6290 = CARTESIAN_POINT('',(29.,0.));
#6291 = VECTOR('',#6292,1.);
#6292 = DIRECTION('',(0.,1.));
#6293 = ( GEOMETRIC_REPRESENTATION_CONTEXT(2) 
PARAMETRIC_REPRESENTATION_CONTEXT() REPRESENTATION_CONTEXT('2D SPACE',''
  ) );
#6294 = ORIENTED_EDGE('',*,*,#6295,.F.);
#6295 = EDGE_CURVE('',#5978,#6243,#6296,.T.);
#6296 = SURFACE_CURVE('',#6297,(#6356,#6418),.PCURVE_S1.);
#6297 = B_SPLINE_CURVE_WITH_KNOTS('',8,(#6298,#6299,#6300,#6301,#6302,
    #6303,#6304,#6305,#6306,#6307,#6308,#6309,#6310,#6311,#6312,#6313,
    #6314,#6315,#6316,#6317,#6318,#6319,#6320,#6321,#6322,#6323,#6324,
    #6325,#6326,#6327,#6328,#6329,#6330,#6331,#6332,#6333,#6334,#6335,
    #6336,#6337,#6338,#6339,#6340,#6341,#6342,#6343,#6344,#6345,#6346,
    #6347,#6348,#6349,#6350,#6351,#6352,#6353,#6354,#6355),
  .UNSPECIFIED.,.F.,.F.,(9,7,7,7,7,7,7,7,9),(0.,7.444990737267E-02,
    0.113137302166,0.154249987054,0.501646820154,0.580861319221,
    0.742134273708,0.862944655898,1.),.UNSPECIFIED.);
#6298 = CARTESIAN_POINT('',(20.424445199366,-6.379710073433,1.5));
#6299 = CARTESIAN_POINT('',(20.350609813063,-6.411891955583,1.5));
#6300 = CARTESIAN_POINT('',(20.276587135897,-6.443657725374,1.5));
#6301 = CARTESIAN_POINT('',(20.202372257983,-6.474989600654,1.5));
#6302 = CARTESIAN_POINT('',(20.12796043376,-6.505868787069,1.5));
#6303 = CARTESIAN_POINT('',(20.053347081996,-6.536275478059,1.5));
#6304 = CARTESIAN_POINT('',(19.978527785781,-6.566188854861,1.5));
#6305 = CARTESIAN_POINT('',(19.903498292535,-6.595587086509,1.5));
#6306 = CARTESIAN_POINT('',(19.789154589387,-6.639444361616,1.5));
#6307 = CARTESIAN_POINT('',(19.749996879342,-6.654296335079,1.5));
#6308 = CARTESIAN_POINT('',(19.710780543135,-6.668999160125,1.5));
#6309 = CARTESIAN_POINT('',(19.671505438603,-6.683550578814,1.5));
#6310 = CARTESIAN_POINT('',(19.632171142233,-6.697947435344,1.5));
#6311 = CARTESIAN_POINT('',(19.592776773569,-6.712185171158,1.5));
#6312 = CARTESIAN_POINT('',(19.553321623955,-6.726259545171,1.5));
#6313 = CARTESIAN_POINT('',(19.471814380928,-6.754953687628,1.5));
#6314 = CARTESIAN_POINT('',(19.429754602925,-6.769552369537,1.5));
#6315 = CARTESIAN_POINT('',(19.387628008995,-6.783965643789,1.5));
#6316 = CARTESIAN_POINT('',(19.345435402865,-6.798192652747,1.5));
#6317 = CARTESIAN_POINT('',(19.303177638593,-6.812232662201,1.5));
#6318 = CARTESIAN_POINT('',(19.260855620569,-6.826085061362,1.5));
#6319 = CARTESIAN_POINT('',(19.218470303512,-6.839749362865,1.5));
#6320 = CARTESIAN_POINT('',(18.817345907266,-6.967094294954,1.5));
#6321 = CARTESIAN_POINT('',(18.45410730951,-7.067543950074,1.5));
#6322 = CARTESIAN_POINT('',(18.08713217221,-7.154271541589,1.5));
#6323 = CARTESIAN_POINT('',(17.71721407925,-7.227790568373,1.5));
#6324 = CARTESIAN_POINT('',(17.345127400954,-7.289452980542,1.5));
#6325 = CARTESIAN_POINT('',(16.971603357792,-7.341303283092,1.5));
#6326 = CARTESIAN_POINT('',(16.597286724763,-7.385842150636,1.5));
#6327 = CARTESIAN_POINT('',(16.137273578771,-7.434883419533,1.5));
#6328 = CARTESIAN_POINT('',(16.051836953201,-7.44375074219,1.5));
#6329 = CARTESIAN_POINT('',(15.966385309359,-7.452411372167,1.5));
#6330 = CARTESIAN_POINT('',(15.880923500879,-7.460897954776,1.5));
#6331 = CARTESIAN_POINT('',(15.795456254309,-7.469243473189,1.5));
#6332 = CARTESIAN_POINT('',(15.709988145501,-7.477481058703,1.5));
#6333 = CARTESIAN_POINT('',(15.624523575997,-7.485643800998,1.5));
#6334 = CARTESIAN_POINT('',(15.365085028074,-7.51029762436,1.5));
#6335 = CARTESIAN_POINT('',(15.191138450757,-7.526656428759,1.5));
#6336 = CARTESIAN_POINT('',(15.017259701807,-7.543118058621,1.5));
#6337 = CARTESIAN_POINT('',(14.843486004929,-7.559955257488,1.5));
#6338 = CARTESIAN_POINT('',(14.669857761368,-7.577427210895,1.5));
#6339 = CARTESIAN_POINT('',(14.496417188083,-7.595770331853,1.5));
#6340 = CARTESIAN_POINT('',(14.323206955926,-7.615189046338,1.5));
#6341 = CARTESIAN_POINT('',(14.020720005321,-7.651321240314,1.5));
#6342 = CARTESIAN_POINT('',(13.891323884197,-7.667490897321,1.5));
#6343 = CARTESIAN_POINT('',(13.762100544071,-7.684424841848,1.5));
#6344 = CARTESIAN_POINT('',(13.63306851029,-7.702178582617,1.5));
#6345 = CARTESIAN_POINT('',(13.504244733197,-7.720793769753,1.5));
#6346 = CARTESIAN_POINT('',(13.375644567405,-7.740298119531,1.5));
#6347 = CARTESIAN_POINT('',(13.247281751072,-7.760705339124,1.5));
#6348 = CARTESIAN_POINT('',(12.973828049967,-7.806190208218,1.5));
#6349 = CARTESIAN_POINT('',(12.82880648348,-7.831527921656,1.5));
#6350 = CARTESIAN_POINT('',(12.684120296992,-7.858026506365,1.5));
#6351 = CARTESIAN_POINT('',(12.539781804604,-7.88567410445,1.5));
#6352 = CARTESIAN_POINT('',(12.395790804117,-7.914418067212,1.5));
#6353 = CARTESIAN_POINT('',(12.252151076826,-7.944229285408,1.5));
#6354 = CARTESIAN_POINT('',(12.108852694871,-7.975030383073,1.5));
#6355 = CARTESIAN_POINT('',(11.965890695575,-8.006771419087,1.5));
#6356 = PCURVE('',#4291,#6357);
#6357 = DEFINITIONAL_REPRESENTATION('',(#6358),#6417);
#6358 = B_SPLINE_CURVE_WITH_KNOTS('',8,(#6359,#6360,#6361,#6362,#6363,
    #6364,#6365,#6366,#6367,#6368,#6369,#6370,#6371,#6372,#6373,#6374,
    #6375,#6376,#6377,#6378,#6379,#6380,#6381,#6382,#6383,#6384,#6385,
    #6386,#6387,#6388,#6389,#6390,#6391,#6392,#6393,#6394,#6395,#6396,
    #6397,#6398,#6399,#6400,#6401,#6402,#6403,#6404,#6405,#6406,#6407,
    #6408,#6409,#6410,#6411,#6412,#6413,#6414,#6415,#6416),
  .UNSPECIFIED.,.F.,.F.,(9,7,7,7,7,7,7,7,9),(0.,7.444990737267E-02,
    0.113137302166,0.154249987054,0.501646820154,0.580861319221,
    0.742134273708,0.862944655898,1.),.UNSPECIFIED.);
#6359 = CARTESIAN_POINT('',(30.,0.101791097923));
#6360 = CARTESIAN_POINT('',(29.990810138461,0.101501795375));
#6361 = CARTESIAN_POINT('',(29.981668906142,0.1012100866));
#6362 = CARTESIAN_POINT('',(29.972578862129,0.100915939354));
#6363 = CARTESIAN_POINT('',(29.963542765824,0.100619322998));
#6364 = CARTESIAN_POINT('',(29.954563576945,0.100320208499));
#6365 = CARTESIAN_POINT('',(29.945644455523,0.10001856843));
#6366 = CARTESIAN_POINT('',(29.936788761908,9.971437697127E-02));
#6367 = CARTESIAN_POINT('',(29.923433065109,9.9248200462E-02));
#6368 = CARTESIAN_POINT('',(29.918884117059,9.90880962009E-02));
#6369 = CARTESIAN_POINT('',(29.914353909063,9.892729132498E-02));
#6370 = CARTESIAN_POINT('',(29.909842736192,9.876578590435E-02));
#6371 = CARTESIAN_POINT('',(29.905351089938,9.860357767372E-02));
#6372 = CARTESIAN_POINT('',(29.900879769243,9.844066054258E-02));
#6373 = CARTESIAN_POINT('',(29.896429504746,9.82770298205E-02));
#6374 = CARTESIAN_POINT('',(29.887293010738,9.793805638868E-02));
#6375 = CARTESIAN_POINT('',(29.882609472331,9.776262282236E-02));
#6376 = CARTESIAN_POINT('',(29.877949463656,9.758640092319E-02));
#6377 = CARTESIAN_POINT('',(29.873312944289,9.740939856053E-02));
#6378 = CARTESIAN_POINT('',(29.868699850753,9.723162400867E-02));
#6379 = CARTESIAN_POINT('',(29.864110096524,9.705308594683E-02));
#6380 = CARTESIAN_POINT('',(29.859543572028,9.687379345919E-02));
#6381 = CARTESIAN_POINT('',(29.816608774921,9.51724632459E-02));
#6382 = CARTESIAN_POINT('',(29.779854131236,9.359750163128E-02));
#6383 = CARTESIAN_POINT('',(29.744682012048,9.197546297857E-02));
#6384 = CARTESIAN_POINT('',(29.710871199237,9.031397053395E-02));
#6385 = CARTESIAN_POINT('',(29.678030963407,8.862115305563E-02));
#6386 = CARTESIAN_POINT('',(29.645600541111,8.690564494032E-02));
#6387 = CARTESIAN_POINT('',(29.61286481214,8.517702206045E-02));
#6388 = CARTESIAN_POINT('',(29.571278538284,8.305200287812E-02));
#6389 = CARTESIAN_POINT('',(29.563497503623,8.265730312831E-02));
#6390 = CARTESIAN_POINT('',(29.555647449203,8.22626120356E-02));
#6391 = CARTESIAN_POINT('',(29.547718240631,8.186806371652E-02));
#6392 = CARTESIAN_POINT('',(29.539699514841,8.147379822166E-02));
#6393 = CARTESIAN_POINT('',(29.531580733977,8.107996168854E-02));
#6394 = CARTESIAN_POINT('',(29.523351239287,8.068670649441E-02));
#6395 = CARTESIAN_POINT('',(29.497998621484,7.94950691746E-02));
#6396 = CARTESIAN_POINT('',(29.480493754077,7.869903519409E-02));
#6397 = CARTESIAN_POINT('',(29.462395520132,7.790739391263E-02));
#6398 = CARTESIAN_POINT('',(29.443612650178,7.712162883937E-02));
#6399 = CARTESIAN_POINT('',(29.424056870969,7.634335301229E-02));
#6400 = CARTESIAN_POINT('',(29.403646988524,7.557425946305E-02));
#6401 = CARTESIAN_POINT('',(29.382312971171,7.481607168183E-02));
#6402 = CARTESIAN_POINT('',(29.343285297955,7.351197814832E-02));
#6403 = CARTESIAN_POINT('',(29.326021371011,7.296053439804E-02));
#6404 = CARTESIAN_POINT('',(29.308185271333,7.241688346184E-02));
#6405 = CARTESIAN_POINT('',(29.289759274931,7.188172050035E-02));
#6406 = CARTESIAN_POINT('',(29.27073116563,7.135569788528E-02));
#6407 = CARTESIAN_POINT('',(29.251094486453,7.083940788058E-02));
#6408 = CARTESIAN_POINT('',(29.230848790993,7.033336532343E-02));
#6409 = CARTESIAN_POINT('',(29.186347518317,6.927600389052E-02));
#6410 = CARTESIAN_POINT('',(29.161918287942,6.872773781247E-02));
#6411 = CARTESIAN_POINT('',(29.136720094216,6.819381529738E-02));
#6412 = CARTESIAN_POINT('',(29.110769368695,6.767466861678E-02));
#6413 = CARTESIAN_POINT('',(29.084090407735,6.717061758239E-02));
#6414 = CARTESIAN_POINT('',(29.056712909446,6.668171480334E-02));
#6415 = CARTESIAN_POINT('',(29.028670847198,6.620797836844E-02));
#6416 = CARTESIAN_POINT('',(29.,6.574921933869E-02));
#6417 = ( GEOMETRIC_REPRESENTATION_CONTEXT(2) 
PARAMETRIC_REPRESENTATION_CONTEXT() REPRESENTATION_CONTEXT('2D SPACE',''
  ) );
#6418 = PCURVE('',#45,#6419);
#6419 = DEFINITIONAL_REPRESENTATION('',(#6420),#6479);
#6420 = B_SPLINE_CURVE_WITH_KNOTS('',8,(#6421,#6422,#6423,#6424,#6425,
    #6426,#6427,#6428,#6429,#6430,#6431,#6432,#6433,#6434,#6435,#6436,
    #6437,#6438,#6439,#6440,#6441,#6442,#6443,#6444,#6445,#6446,#6447,
    #6448,#6449,#6450,#6451,#6452,#6453,#6454,#6455,#6456,#6457,#6458,
    #6459,#6460,#6461,#6462,#6463,#6464,#6465,#6466,#6467,#6468,#6469,
    #6470,#6471,#6472,#6473,#6474,#6475,#6476,#6477,#6478),
  .UNSPECIFIED.,.F.,.F.,(9,7,7,7,7,7,7,7,9),(0.,7.444990737267E-02,
    0.113137302166,0.154249987054,0.501646820154,0.580861319221,
    0.742134273708,0.862944655898,1.),.UNSPECIFIED.);
#6421 = CARTESIAN_POINT('',(20.424445199366,-6.379710073433));
#6422 = CARTESIAN_POINT('',(20.350609813063,-6.411891955583));
#6423 = CARTESIAN_POINT('',(20.276587135897,-6.443657725374));
#6424 = CARTESIAN_POINT('',(20.202372257983,-6.474989600654));
#6425 = CARTESIAN_POINT('',(20.12796043376,-6.505868787069));
#6426 = CARTESIAN_POINT('',(20.053347081996,-6.536275478059));
#6427 = CARTESIAN_POINT('',(19.978527785781,-6.566188854861));
#6428 = CARTESIAN_POINT('',(19.903498292535,-6.595587086509));
#6429 = CARTESIAN_POINT('',(19.789154589387,-6.639444361616));
#6430 = CARTESIAN_POINT('',(19.749996879342,-6.654296335079));
#6431 = CARTESIAN_POINT('',(19.710780543135,-6.668999160125));
#6432 = CARTESIAN_POINT('',(19.671505438603,-6.683550578814));
#6433 = CARTESIAN_POINT('',(19.632171142233,-6.697947435344));
#6434 = CARTESIAN_POINT('',(19.592776773569,-6.712185171158));
#6435 = CARTESIAN_POINT('',(19.553321623955,-6.726259545171));
#6436 = CARTESIAN_POINT('',(19.471814380928,-6.754953687628));
#6437 = CARTESIAN_POINT('',(19.429754602925,-6.769552369537));
#6438 = CARTESIAN_POINT('',(19.387628008995,-6.783965643789));
#6439 = CARTESIAN_POINT('',(19.345435402865,-6.798192652747));
#6440 = CARTESIAN_POINT('',(19.303177638593,-6.812232662201));
#6441 = CARTESIAN_POINT('',(19.260855620569,-6.826085061362));
#6442 = CARTESIAN_POINT('',(19.218470303512,-6.839749362865));
#6443 = CARTESIAN_POINT('',(18.817345907266,-6.967094294954));
#6444 = CARTESIAN_POINT('',(18.45410730951,-7.067543950074));
#6445 = CARTESIAN_POINT('',(18.08713217221,-7.154271541589));
#6446 = CARTESIAN_POINT('',(17.71721407925,-7.227790568373));
#6447 = CARTESIAN_POINT('',(17.345127400954,-7.289452980542));
#6448 = CARTESIAN_POINT('',(16.971603357792,-7.341303283092));
#6449 = CARTESIAN_POINT('',(16.597286724763,-7.385842150636));
#6450 = CARTESIAN_POINT('',(16.137273578771,-7.434883419533));
#6451 = CARTESIAN_POINT('',(16.051836953201,-7.44375074219));
#6452 = CARTESIAN_POINT('',(15.966385309359,-7.452411372167));
#6453 = CARTESIAN_POINT('',(15.880923500879,-7.460897954776));
#6454 = CARTESIAN_POINT('',(15.795456254309,-7.469243473189));
#6455 = CARTESIAN_POINT('',(15.709988145501,-7.477481058703));
#6456 = CARTESIAN_POINT('',(15.624523575997,-7.485643800998));
#6457 = CARTESIAN_POINT('',(15.365085028074,-7.51029762436));
#6458 = CARTESIAN_POINT('',(15.191138450757,-7.526656428759));
#6459 = CARTESIAN_POINT('',(15.017259701807,-7.543118058621));
#6460 = CARTESIAN_POINT('',(14.843486004929,-7.559955257488));
#6461 = CARTESIAN_POINT('',(14.669857761368,-7.577427210895));
#6462 = CARTESIAN_POINT('',(14.496417188083,-7.595770331853));
#6463 = CARTESIAN_POINT('',(14.323206955926,-7.615189046338));
#6464 = CARTESIAN_POINT('',(14.020720005321,-7.651321240314));
#6465 = CARTESIAN_POINT('',(13.891323884197,-7.667490897321));
#6466 = CARTESIAN_POINT('',(13.762100544071,-7.684424841848));
#6467 = CARTESIAN_POINT('',(13.63306851029,-7.702178582617));
#6468 = CARTESIAN_POINT('',(13.504244733197,-7.720793769753));
#6469 = CARTESIAN_POINT('',(13.375644567405,-7.740298119531));
#6470 = CARTESIAN_POINT('',(13.247281751072,-7.760705339124));
#6471 = CARTESIAN_POINT('',(12.973828049967,-7.806190208218));
#6472 = CARTESIAN_POINT('',(12.82880648348,-7.831527921656));
#6473 = CARTESIAN_POINT('',(12.684120296992,-7.858026506365));
#6474 = CARTESIAN_POINT('',(12.539781804604,-7.88567410445));
#6475 = CARTESIAN_POINT('',(12.395790804117,-7.914418067212));
#6476 = CARTESIAN_POINT('',(12.252151076826,-7.944229285408));
#6477 = CARTESIAN_POINT('',(12.108852694871,-7.975030383073));
#6478 = CARTESIAN_POINT('',(11.965890695575,-8.006771419087));
#6479 = ( GEOMETRIC_REPRESENTATION_CONTEXT(2) 
PARAMETRIC_REPRESENTATION_CONTEXT() REPRESENTATION_CONTEXT('2D SPACE',''
  ) );
#6480 = ORIENTED_EDGE('',*,*,#5977,.T.);
#6481 = ORIENTED_EDGE('',*,*,#4237,.T.);
#6482 = ADVANCED_FACE('',(#6483),#4430,.F.);
#6483 = FACE_BOUND('',#6484,.F.);
#6484 = EDGE_LOOP('',(#6485,#6538,#6745,#6746));
#6485 = ORIENTED_EDGE('',*,*,#6486,.F.);
#6486 = EDGE_CURVE('',#6487,#4385,#6489,.T.);
#6487 = VERTEX_POINT('',#6488);
#6488 = CARTESIAN_POINT('',(16.428317534195,-13.71018035324,1.5));
#6489 = SURFACE_CURVE('',#6490,(#6524,#6531),.PCURVE_S1.);
#6490 = ( BOUNDED_CURVE() B_SPLINE_CURVE(3,(#6491,#6492,#6493,#6494,
    #6495,#6496,#6497,#6498,#6499,#6500,#6501,#6502,#6503,#6504,#6505,
    #6506,#6507,#6508,#6509,#6510,#6511,#6512,#6513,#6514,#6515,#6516,
    #6517,#6518,#6519,#6520,#6521,#6522,#6523),.UNSPECIFIED.,.F.,.F.) 
B_SPLINE_CURVE_WITH_KNOTS((4,1,1,1,1,1,1,1,1,1,1,1,1,1,1,1,1,1,1,1,1,1,1
    ,1,1,1,1,1,1,1,4),(0.,3.068165821138E-02,6.601269782959E-02,
    9.830800907E-02,0.127216197096,0.157262707878,0.188138205668,
    0.219565799738,0.251333925196,0.283659313393,0.31744062664,
    0.35073174851,0.384111710396,0.417581465102,0.45114195778,
    0.484794125941,0.51853889945,0.552377200543,0.586309943827,
    0.620338036294,0.654462377335,0.688683858749,0.723003364765,
    0.757421772058,0.791939949764,0.826558759507,0.861279055419,
0.896101684163,0.931027484962,0.96605728962,1.),.UNSPECIFIED.) CURVE() 
GEOMETRIC_REPRESENTATION_ITEM() RATIONAL_B_SPLINE_CURVE((1.,
    1.000000000002,0.999999999999,1.,1.,1.,1.,1.,1.,1.,1.,1.,1.,1.,1.,1.
    ,1.,1.,1.,1.,1.,1.,1.,1.,1.,1.,1.,1.,0.999999999999,1.000000000003,
0.999999999988,1.000000000025,1.)) REPRESENTATION_ITEM('') );
#6491 = CARTESIAN_POINT('',(9.352352473758,-12.9820454169,
    -10.11982966802));
#6492 = CARTESIAN_POINT('',(12.327722438703,-15.8422482139,
    -13.20549020304));
#6493 = CARTESIAN_POINT('',(9.351128724746,-10.71565703892,
    -2.349153047964));
#6494 = CARTESIAN_POINT('',(10.47381573779,-10.73769839505,
    0.402167973074));
#6495 = CARTESIAN_POINT('',(15.787419791615,-13.768205503,0.556268184895
    ));
#6496 = CARTESIAN_POINT('',(20.334819113998,-14.69112103431,
    4.338199718794));
#6497 = CARTESIAN_POINT('',(23.932289751494,-14.51551563755,
    8.389705231602));
#6498 = CARTESIAN_POINT('',(26.910752175025,-13.46584728118,
    13.012356568386));
#6499 = CARTESIAN_POINT('',(29.212995291015,-11.77757678928,
    17.855593946091));
#6500 = CARTESIAN_POINT('',(30.919421980521,-9.626933600541,
    22.862616673986));
#6501 = CARTESIAN_POINT('',(31.676289631597,-7.066431880643,
    28.032637662535));
#6502 = CARTESIAN_POINT('',(32.644110251474,-4.68095380449,
    32.865744682983));
#6503 = CARTESIAN_POINT('',(33.350189885952,-2.019132133496,
    37.987629462079));
#6504 = CARTESIAN_POINT('',(33.857470794183,0.671682918641,
    43.013612385695));
#6505 = CARTESIAN_POINT('',(34.139077480076,3.441362337582,
    48.057464389687));
#6506 = CARTESIAN_POINT('',(34.193250543875,6.257632253586,
    53.096507709553));
#6507 = CARTESIAN_POINT('',(34.012299039251,9.105165174217,
    58.136843432611));
#6508 = CARTESIAN_POINT('',(33.592146741715,11.963204204351,
    63.176830119094));
#6509 = CARTESIAN_POINT('',(32.929850558975,14.811754046115,
    68.21690940437));
#6510 = CARTESIAN_POINT('',(32.024340298633,17.630094700157,
    73.256962481845));
#6511 = CARTESIAN_POINT('',(30.876276434181,20.397367732474,
    78.297021288927));
#6512 = CARTESIAN_POINT('',(29.488128971211,23.092610655026,
    83.337077385979));
#6513 = CARTESIAN_POINT('',(27.864180988375,25.694943948982,
    88.377132512319));
#6514 = CARTESIAN_POINT('',(26.010532752508,28.183720555911,
    93.417188239103));
#6515 = CARTESIAN_POINT('',(23.935098551569,30.538684467694,
    98.457236548315));
#6516 = CARTESIAN_POINT('',(21.647549954766,32.740135877069,
    103.49730811583));
#6517 = CARTESIAN_POINT('',(19.159398691831,34.769058918754,
    108.53728784062));
#6518 = CARTESIAN_POINT('',(16.483489620378,36.607383999014,
    113.57760725616));
#6519 = CARTESIAN_POINT('',(13.635640393458,38.237730821425,
    118.61664877333));
#6520 = CARTESIAN_POINT('',(10.628170134951,39.645078524207,
    123.66047617316));
#6521 = CARTESIAN_POINT('',(7.529321155707,40.797960490594,
    128.62935510852));
#6522 = CARTESIAN_POINT('',(5.372831756674,41.405944425226,
    131.96152364674));
#6523 = CARTESIAN_POINT('',(4.211543056896,41.684512710909,
    133.73002152875));
#6524 = PCURVE('',#4430,#6525);
#6525 = DEFINITIONAL_REPRESENTATION('',(#6526),#6530);
#6526 = LINE('',#6527,#6528);
#6527 = CARTESIAN_POINT('',(28.,0.));
#6528 = VECTOR('',#6529,1.);
#6529 = DIRECTION('',(0.,1.));
#6530 = ( GEOMETRIC_REPRESENTATION_CONTEXT(2) 
PARAMETRIC_REPRESENTATION_CONTEXT() REPRESENTATION_CONTEXT('2D SPACE',''
  ) );
#6531 = PCURVE('',#417,#6532);
#6532 = DEFINITIONAL_REPRESENTATION('',(#6533),#6537);
#6533 = LINE('',#6534,#6535);
#6534 = CARTESIAN_POINT('',(28.,0.));
#6535 = VECTOR('',#6536,1.);
#6536 = DIRECTION('',(0.,1.));
#6537 = ( GEOMETRIC_REPRESENTATION_CONTEXT(2) 
PARAMETRIC_REPRESENTATION_CONTEXT() REPRESENTATION_CONTEXT('2D SPACE',''
  ) );
#6538 = ORIENTED_EDGE('',*,*,#6539,.F.);
#6539 = EDGE_CURVE('',#6243,#6487,#6540,.T.);
#6540 = SURFACE_CURVE('',#6541,(#6607,#6676),.PCURVE_S1.);
#6541 = B_SPLINE_CURVE_WITH_KNOTS('',8,(#6542,#6543,#6544,#6545,#6546,
    #6547,#6548,#6549,#6550,#6551,#6552,#6553,#6554,#6555,#6556,#6557,
    #6558,#6559,#6560,#6561,#6562,#6563,#6564,#6565,#6566,#6567,#6568,
    #6569,#6570,#6571,#6572,#6573,#6574,#6575,#6576,#6577,#6578,#6579,
    #6580,#6581,#6582,#6583,#6584,#6585,#6586,#6587,#6588,#6589,#6590,
    #6591,#6592,#6593,#6594,#6595,#6596,#6597,#6598,#6599,#6600,#6601,
    #6602,#6603,#6604,#6605,#6606),.UNSPECIFIED.,.F.,.F.,(9,7,7,7,7,7,7,
    7,7,9),(0.,0.143021079025,0.440692510194,0.518021952882,
    0.546054211719,0.575656936446,0.616034664148,0.752748866378,
    0.898067758228,1.),.UNSPECIFIED.);
#6542 = CARTESIAN_POINT('',(11.965890695575,-8.006771419087,1.5));
#6543 = CARTESIAN_POINT('',(12.010798557941,-8.127020904169,1.5));
#6544 = CARTESIAN_POINT('',(12.058152117269,-8.246509327243,1.5));
#6545 = CARTESIAN_POINT('',(12.108073486175,-8.365127371397,1.5));
#6546 = CARTESIAN_POINT('',(12.160670640493,-8.482762660572,1.5));
#6547 = CARTESIAN_POINT('',(12.21602617643,-8.599303994405,1.5));
#6548 = CARTESIAN_POINT('',(12.274187068196,-8.71464524159,1.5));
#6549 = CARTESIAN_POINT('',(12.335155426132,-8.828688891731,1.5));
#6550 = CARTESIAN_POINT('',(12.53151148163,-9.17583060919,1.5));
#6551 = CARTESIAN_POINT('',(12.676109740814,-9.404364486165,1.5));
#6552 = CARTESIAN_POINT('',(12.832174369613,-9.626080861877,1.5));
#6553 = CARTESIAN_POINT('',(12.998534520609,-9.840871566493,1.5));
#6554 = CARTESIAN_POINT('',(13.173335181874,-10.04937950836,1.5));
#6555 = CARTESIAN_POINT('',(13.354629337874,-10.25256284418,1.5));
#6556 = CARTESIAN_POINT('',(13.540621035909,-10.45153995583,1.5));
#6557 = CARTESIAN_POINT('',(13.778875906027,-10.69845142131,1.5));
#6558 = CARTESIAN_POINT('',(13.828224391609,-10.74917253998,1.5));
#6559 = CARTESIAN_POINT('',(13.87776390171,-10.79972109899,1.5));
#6560 = CARTESIAN_POINT('',(13.927468527553,-10.85011930652,1.5));
#6561 = CARTESIAN_POINT('',(13.977313050273,-10.90038930652,1.5));
#6562 = CARTESIAN_POINT('',(14.027272940913,-10.9505531787,1.5));
#6563 = CARTESIAN_POINT('',(14.07732436043,-11.00063293855,1.5));
#6564 = CARTESIAN_POINT('',(14.145612804606,-11.06878213413,1.5));
#6565 = CARTESIAN_POINT('',(14.163790421739,-11.08690554305,1.5));
#6566 = CARTESIAN_POINT('',(14.181975902983,-11.1050218007,1.5));
#6567 = CARTESIAN_POINT('',(14.200168149077,-11.12313193848,1.5));
#6568 = CARTESIAN_POINT('',(14.218366069608,-11.1412369826,1.5));
#6569 = CARTESIAN_POINT('',(14.236568583006,-11.15933795412,1.5));
#6570 = CARTESIAN_POINT('',(14.254774616551,-11.1774358689,1.5));
#6571 = CARTESIAN_POINT('',(14.292211699921,-11.21464140063,1.5));
#6572 = CARTESIAN_POINT('',(14.311443031168,-11.23374878049,1.5));
#6573 = CARTESIAN_POINT('',(14.330675847247,-11.25285506741,1.5));
#6574 = CARTESIAN_POINT('',(14.349908904119,-11.27196144319,1.5));
#6575 = CARTESIAN_POINT('',(14.369140966561,-11.2910690812,1.5));
#6576 = CARTESIAN_POINT('',(14.38837080817,-11.31017914641,1.5));
#6577 = CARTESIAN_POINT('',(14.40759721136,-11.32929279536,1.5));
#6578 = CARTESIAN_POINT('',(14.453037190079,-11.37448839646,1.5));
#6579 = CARTESIAN_POINT('',(14.479246762376,-11.40057441556,1.5));
#6580 = CARTESIAN_POINT('',(14.505444618242,-11.42667214902,1.5));
#6581 = CARTESIAN_POINT('',(14.53162771444,-11.45278447566,1.5));
#6582 = CARTESIAN_POINT('',(14.557793030513,-11.47891423746,1.5));
#6583 = CARTESIAN_POINT('',(14.583937568781,-11.50506423967,1.5));
#6584 = CARTESIAN_POINT('',(14.610058354339,-11.53123725073,1.5));
#6585 = CARTESIAN_POINT('',(14.724503900887,-11.64614187122,1.5));
#6586 = CARTESIAN_POINT('',(14.812548313752,-11.73514212509,1.5));
#6587 = CARTESIAN_POINT('',(14.900172493961,-11.82454351519,1.5));
#6588 = CARTESIAN_POINT('',(14.987263931041,-11.91444665222,1.5));
#6589 = CARTESIAN_POINT('',(15.073711688926,-12.00494518297,1.5));
#6590 = CARTESIAN_POINT('',(15.159407311152,-12.09612496693,1.5));
#6591 = CARTESIAN_POINT('',(15.244245726036,-12.188063253,1.5));
#6592 = CARTESIAN_POINT('',(15.417285948958,-12.37943099388,1.5));
#6593 = CARTESIAN_POINT('',(15.505364212067,-12.47896837353,1.5));
#6594 = CARTESIAN_POINT('',(15.592237599315,-12.57951830591,1.5));
#6595 = CARTESIAN_POINT('',(15.677789541225,-12.68114661643,1.5));
#6596 = CARTESIAN_POINT('',(15.761912569905,-12.7839047641,1.5));
#6597 = CARTESIAN_POINT('',(15.844510648246,-12.88782796059,1.5));
#6598 = CARTESIAN_POINT('',(15.925501499106,-12.99293328929,1.5));
#6599 = CARTESIAN_POINT('',(16.060455224446,-13.17376987195,1.5));
#6600 = CARTESIAN_POINT('',(16.115267732327,-13.24890327541,1.5));
#6601 = CARTESIAN_POINT('',(16.169281106776,-13.32458587826,1.5));
#6602 = CARTESIAN_POINT('',(16.222521666559,-13.40078628943,1.5));
#6603 = CARTESIAN_POINT('',(16.275016988881,-13.47747415775,1.5));
#6604 = CARTESIAN_POINT('',(16.326795497693,-13.55462044624,1.5));
#6605 = CARTESIAN_POINT('',(16.377886052007,-13.63219770654,1.5));
#6606 = CARTESIAN_POINT('',(16.428317534195,-13.71018035324,1.5));
#6607 = PCURVE('',#4430,#6608);
#6608 = DEFINITIONAL_REPRESENTATION('',(#6609),#6675);
#6609 = B_SPLINE_CURVE_WITH_KNOTS('',8,(#6610,#6611,#6612,#6613,#6614,
    #6615,#6616,#6617,#6618,#6619,#6620,#6621,#6622,#6623,#6624,#6625,
    #6626,#6627,#6628,#6629,#6630,#6631,#6632,#6633,#6634,#6635,#6636,
    #6637,#6638,#6639,#6640,#6641,#6642,#6643,#6644,#6645,#6646,#6647,
    #6648,#6649,#6650,#6651,#6652,#6653,#6654,#6655,#6656,#6657,#6658,
    #6659,#6660,#6661,#6662,#6663,#6664,#6665,#6666,#6667,#6668,#6669,
    #6670,#6671,#6672,#6673,#6674),.UNSPECIFIED.,.F.,.F.,(9,7,7,7,7,7,7,
    7,7,9),(0.,0.143021079025,0.440692510194,0.518021952882,
    0.546054211719,0.575656936446,0.616034664148,0.752748866378,
    0.898067758228,1.),.UNSPECIFIED.);
#6610 = CARTESIAN_POINT('',(29.,6.574921933869E-02));
#6611 = CARTESIAN_POINT('',(28.970472132983,6.622169144704E-02));
#6612 = CARTESIAN_POINT('',(28.941527835212,6.671138846113E-02));
#6613 = CARTESIAN_POINT('',(28.913221787368,6.721850441075E-02));
#6614 = CARTESIAN_POINT('',(28.885609494534,6.774301230717E-02));
#6615 = CARTESIAN_POINT('',(28.858742476709,6.828464402168E-02));
#6616 = CARTESIAN_POINT('',(28.832664623014,6.884286994778E-02));
#6617 = CARTESIAN_POINT('',(28.807409709625,6.941687844693E-02));
#6618 = CARTESIAN_POINT('',(28.732196038956,7.12307745802E-02));
#6619 = CARTESIAN_POINT('',(28.685043708976,7.251978282702E-02));
#6620 = CARTESIAN_POINT('',(28.641764174211,7.386220523367E-02));
#6621 = CARTESIAN_POINT('',(28.602235717191,7.524517457889E-02));
#6622 = CARTESIAN_POINT('',(28.56598475649,7.665535362268E-02));
#6623 = CARTESIAN_POINT('',(28.53242584708,7.80825324828E-02));
#6624 = CARTESIAN_POINT('',(28.500958637526,7.95190996396E-02));
#6625 = CARTESIAN_POINT('',(28.463217956712,8.133423325237E-02));
#6626 = CARTESIAN_POINT('',(28.455536283025,8.170886869565E-02));
#6627 = CARTESIAN_POINT('',(28.447945162758,8.208375593928E-02));
#6628 = CARTESIAN_POINT('',(28.440434469862,8.245881874767E-02));
#6629 = CARTESIAN_POINT('',(28.432994282502,8.28339871096E-02));
#6630 = CARTESIAN_POINT('',(28.425614883056,8.320919723829E-02));
#6631 = CARTESIAN_POINT('',(28.418286758115,8.358439157136E-02));
#6632 = CARTESIAN_POINT('',(28.408359333972,8.40955040099E-02));
#6633 = CARTESIAN_POINT('',(28.40572358835,8.42314802088E-02));
#6634 = CARTESIAN_POINT('',(28.403092920406,8.43674448103E-02));
#6635 = CARTESIAN_POINT('',(28.400466893345,8.450339530554E-02));
#6636 = CARTESIAN_POINT('',(28.397845074781,8.463932923396E-02));
#6637 = CARTESIAN_POINT('',(28.395227036746,8.477524418338E-02));
#6638 = CARTESIAN_POINT('',(28.392612355681,8.491113778993E-02));
#6639 = CARTESIAN_POINT('',(28.387242550151,8.519048959938E-02));
#6640 = CARTESIAN_POINT('',(28.384487764279,8.533394505643E-02));
#6641 = CARTESIAN_POINT('',(28.381735761248,8.547737138288E-02));
#6642 = CARTESIAN_POINT('',(28.378986053239,8.562076587615E-02));
#6643 = CARTESIAN_POINT('',(28.376238158189,8.576412585751E-02));
#6644 = CARTESIAN_POINT('',(28.373491599792,8.5907448672E-02));
#6645 = CARTESIAN_POINT('',(28.370745907503,8.605073168847E-02));
#6646 = CARTESIAN_POINT('',(28.364256075706,8.638935061178E-02));
#6647 = CARTESIAN_POINT('',(28.360512282099,8.658464996544E-02));
#6648 = CARTESIAN_POINT('',(28.356768056007,8.677986377439E-02));
#6649 = CARTESIAN_POINT('',(28.353022238534,8.69749853988E-02));
#6650 = CARTESIAN_POINT('',(28.34927369159,8.717000814515E-02));
#6651 = CARTESIAN_POINT('',(28.345521297889,8.736492526626E-02));
#6652 = CARTESIAN_POINT('',(28.341763960953,8.755972996128E-02));
#6653 = CARTESIAN_POINT('',(28.32525832809,8.84135971236E-02));
#6654 = CARTESIAN_POINT('',(28.312447135523,8.907140449541E-02));
#6655 = CARTESIAN_POINT('',(28.299525215505,8.972757991876E-02));
#6656 = CARTESIAN_POINT('',(28.286453580333,9.03818361808E-02));
#6657 = CARTESIAN_POINT('',(28.273196271564,9.103385242641E-02));
#6658 = CARTESIAN_POINT('',(28.259720565063,9.168327015634E-02));
#6659 = CARTESIAN_POINT('',(28.245997176067,9.232968922543E-02));
#6660 = CARTESIAN_POINT('',(28.217122809832,9.365610679751E-02));
#6661 = CARTESIAN_POINT('',(28.201936279906,9.433566292129E-02));
#6662 = CARTESIAN_POINT('',(28.186410548133,9.501078402965E-02));
#6663 = CARTESIAN_POINT('',(28.170520194872,9.568086514879E-02));
#6664 = CARTESIAN_POINT('',(28.154245142289,9.634525633141E-02));
#6665 = CARTESIAN_POINT('',(28.137571089496,9.700327447457E-02));
#6666 = CARTESIAN_POINT('',(28.120489947674,9.765421513754E-02));
#6667 = CARTESIAN_POINT('',(28.090732348444,9.874849388016E-02));
#6668 = CARTESIAN_POINT('',(28.078263035441,9.919579304709E-02));
#6669 = CARTESIAN_POINT('',(28.065607023595,9.963908424831E-02));
#6670 = CARTESIAN_POINT('',(28.05277849024,0.100078217639));
#6671 = CARTESIAN_POINT('',(28.039791016282,0.100513070245));
#6672 = CARTESIAN_POINT('',(28.026657499848,0.100943545072));
#6673 = CARTESIAN_POINT('',(28.013390069925,0.101369570206));
#6674 = CARTESIAN_POINT('',(28.,0.101791097923));
#6675 = ( GEOMETRIC_REPRESENTATION_CONTEXT(2) 
PARAMETRIC_REPRESENTATION_CONTEXT() REPRESENTATION_CONTEXT('2D SPACE',''
  ) );
#6676 = PCURVE('',#45,#6677);
#6677 = DEFINITIONAL_REPRESENTATION('',(#6678),#6744);
#6678 = B_SPLINE_CURVE_WITH_KNOTS('',8,(#6679,#6680,#6681,#6682,#6683,
    #6684,#6685,#6686,#6687,#6688,#6689,#6690,#6691,#6692,#6693,#6694,
    #6695,#6696,#6697,#6698,#6699,#6700,#6701,#6702,#6703,#6704,#6705,
    #6706,#6707,#6708,#6709,#6710,#6711,#6712,#6713,#6714,#6715,#6716,
    #6717,#6718,#6719,#6720,#6721,#6722,#6723,#6724,#6725,#6726,#6727,
    #6728,#6729,#6730,#6731,#6732,#6733,#6734,#6735,#6736,#6737,#6738,
    #6739,#6740,#6741,#6742,#6743),.UNSPECIFIED.,.F.,.F.,(9,7,7,7,7,7,7,
    7,7,9),(0.,0.143021079025,0.440692510194,0.518021952882,
    0.546054211719,0.575656936446,0.616034664148,0.752748866378,
    0.898067758228,1.),.UNSPECIFIED.);
#6679 = CARTESIAN_POINT('',(11.965890695575,-8.006771419087));
#6680 = CARTESIAN_POINT('',(12.010798557941,-8.127020904169));
#6681 = CARTESIAN_POINT('',(12.058152117269,-8.246509327243));
#6682 = CARTESIAN_POINT('',(12.108073486175,-8.365127371397));
#6683 = CARTESIAN_POINT('',(12.160670640493,-8.482762660572));
#6684 = CARTESIAN_POINT('',(12.21602617643,-8.599303994405));
#6685 = CARTESIAN_POINT('',(12.274187068196,-8.71464524159));
#6686 = CARTESIAN_POINT('',(12.335155426132,-8.828688891731));
#6687 = CARTESIAN_POINT('',(12.53151148163,-9.17583060919));
#6688 = CARTESIAN_POINT('',(12.676109740814,-9.404364486165));
#6689 = CARTESIAN_POINT('',(12.832174369613,-9.626080861877));
#6690 = CARTESIAN_POINT('',(12.998534520609,-9.840871566493));
#6691 = CARTESIAN_POINT('',(13.173335181874,-10.04937950836));
#6692 = CARTESIAN_POINT('',(13.354629337874,-10.25256284418));
#6693 = CARTESIAN_POINT('',(13.540621035909,-10.45153995583));
#6694 = CARTESIAN_POINT('',(13.778875906027,-10.69845142131));
#6695 = CARTESIAN_POINT('',(13.828224391609,-10.74917253998));
#6696 = CARTESIAN_POINT('',(13.87776390171,-10.79972109899));
#6697 = CARTESIAN_POINT('',(13.927468527553,-10.85011930652));
#6698 = CARTESIAN_POINT('',(13.977313050273,-10.90038930652));
#6699 = CARTESIAN_POINT('',(14.027272940913,-10.9505531787));
#6700 = CARTESIAN_POINT('',(14.07732436043,-11.00063293855));
#6701 = CARTESIAN_POINT('',(14.145612804606,-11.06878213413));
#6702 = CARTESIAN_POINT('',(14.163790421739,-11.08690554305));
#6703 = CARTESIAN_POINT('',(14.181975902983,-11.1050218007));
#6704 = CARTESIAN_POINT('',(14.200168149077,-11.12313193848));
#6705 = CARTESIAN_POINT('',(14.218366069608,-11.1412369826));
#6706 = CARTESIAN_POINT('',(14.236568583006,-11.15933795412));
#6707 = CARTESIAN_POINT('',(14.254774616551,-11.1774358689));
#6708 = CARTESIAN_POINT('',(14.292211699921,-11.21464140063));
#6709 = CARTESIAN_POINT('',(14.311443031168,-11.23374878049));
#6710 = CARTESIAN_POINT('',(14.330675847247,-11.25285506741));
#6711 = CARTESIAN_POINT('',(14.349908904119,-11.27196144319));
#6712 = CARTESIAN_POINT('',(14.369140966561,-11.2910690812));
#6713 = CARTESIAN_POINT('',(14.38837080817,-11.31017914641));
#6714 = CARTESIAN_POINT('',(14.40759721136,-11.32929279536));
#6715 = CARTESIAN_POINT('',(14.453037190079,-11.37448839646));
#6716 = CARTESIAN_POINT('',(14.479246762376,-11.40057441556));
#6717 = CARTESIAN_POINT('',(14.505444618242,-11.42667214902));
#6718 = CARTESIAN_POINT('',(14.53162771444,-11.45278447566));
#6719 = CARTESIAN_POINT('',(14.557793030513,-11.47891423746));
#6720 = CARTESIAN_POINT('',(14.583937568781,-11.50506423967));
#6721 = CARTESIAN_POINT('',(14.610058354339,-11.53123725073));
#6722 = CARTESIAN_POINT('',(14.724503900887,-11.64614187122));
#6723 = CARTESIAN_POINT('',(14.812548313752,-11.73514212509));
#6724 = CARTESIAN_POINT('',(14.900172493961,-11.82454351519));
#6725 = CARTESIAN_POINT('',(14.987263931041,-11.91444665222));
#6726 = CARTESIAN_POINT('',(15.073711688926,-12.00494518297));
#6727 = CARTESIAN_POINT('',(15.159407311152,-12.09612496693));
#6728 = CARTESIAN_POINT('',(15.244245726036,-12.188063253));
#6729 = CARTESIAN_POINT('',(15.417285948958,-12.37943099388));
#6730 = CARTESIAN_POINT('',(15.505364212067,-12.47896837353));
#6731 = CARTESIAN_POINT('',(15.592237599315,-12.57951830591));
#6732 = CARTESIAN_POINT('',(15.677789541225,-12.68114661643));
#6733 = CARTESIAN_POINT('',(15.761912569905,-12.7839047641));
#6734 = CARTESIAN_POINT('',(15.844510648246,-12.88782796059));
#6735 = CARTESIAN_POINT('',(15.925501499106,-12.99293328929));
#6736 = CARTESIAN_POINT('',(16.060455224446,-13.17376987195));
#6737 = CARTESIAN_POINT('',(16.115267732327,-13.24890327541));
#6738 = CARTESIAN_POINT('',(16.169281106776,-13.32458587826));
#6739 = CARTESIAN_POINT('',(16.222521666559,-13.40078628943));
#6740 = CARTESIAN_POINT('',(16.275016988881,-13.47747415775));
#6741 = CARTESIAN_POINT('',(16.326795497693,-13.55462044624));
#6742 = CARTESIAN_POINT('',(16.377886052007,-13.63219770654));
#6743 = CARTESIAN_POINT('',(16.428317534195,-13.71018035324));
#6744 = ( GEOMETRIC_REPRESENTATION_CONTEXT(2) 
PARAMETRIC_REPRESENTATION_CONTEXT() REPRESENTATION_CONTEXT('2D SPACE',''
  ) );
#6745 = ORIENTED_EDGE('',*,*,#6242,.T.);
#6746 = ORIENTED_EDGE('',*,*,#4384,.T.);
#6747 = ADVANCED_FACE('',(#6748),#4701,.T.);
#6748 = FACE_BOUND('',#6749,.T.);
#6749 = EDGE_LOOP('',(#6750,#6772,#6773,#6795));
#6750 = ORIENTED_EDGE('',*,*,#6751,.F.);
#6751 = EDGE_CURVE('',#3076,#6752,#6754,.T.);
#6752 = VERTEX_POINT('',#6753);
#6753 = CARTESIAN_POINT('',(23.075327540925,25.575327540925,1.5));
#6754 = SURFACE_CURVE('',#6755,(#6759,#6765),.PCURVE_S1.);
#6755 = LINE('',#6756,#6757);
#6756 = CARTESIAN_POINT('',(23.075327540925,23.075327540925,1.5));
#6757 = VECTOR('',#6758,1.);
#6758 = DIRECTION('',(0.,1.,0.));
#6759 = PCURVE('',#4701,#6760);
#6760 = DEFINITIONAL_REPRESENTATION('',(#6761),#6764);
#6761 = B_SPLINE_CURVE_WITH_KNOTS('',1,(#6762,#6763),.UNSPECIFIED.,.F.,
  .F.,(2,2),(0.,2.5),.PIECEWISE_BEZIER_KNOTS.);
#6762 = CARTESIAN_POINT('',(61.195717886266,5.091908720345));
#6763 = CARTESIAN_POINT('',(61.195717886266,2.591908720345));
#6764 = ( GEOMETRIC_REPRESENTATION_CONTEXT(2) 
PARAMETRIC_REPRESENTATION_CONTEXT() REPRESENTATION_CONTEXT('2D SPACE',''
  ) );
#6765 = PCURVE('',#45,#6766);
#6766 = DEFINITIONAL_REPRESENTATION('',(#6767),#6771);
#6767 = LINE('',#6768,#6769);
#6768 = CARTESIAN_POINT('',(23.075327540925,23.075327540925));
#6769 = VECTOR('',#6770,1.);
#6770 = DIRECTION('',(0.,1.));
#6771 = ( GEOMETRIC_REPRESENTATION_CONTEXT(2) 
PARAMETRIC_REPRESENTATION_CONTEXT() REPRESENTATION_CONTEXT('2D SPACE',''
  ) );
#6772 = ORIENTED_EDGE('',*,*,#4688,.T.);
#6773 = ORIENTED_EDGE('',*,*,#6774,.F.);
#6774 = EDGE_CURVE('',#6775,#4667,#6777,.T.);
#6775 = VERTEX_POINT('',#6776);
#6776 = CARTESIAN_POINT('',(30.759144981615,33.259144981615,123.65));
#6777 = SURFACE_CURVE('',#6778,(#6782,#6788),.PCURVE_S1.);
#6778 = LINE('',#6779,#6780);
#6779 = CARTESIAN_POINT('',(30.759144981615,33.259144981615,123.65));
#6780 = VECTOR('',#6781,1.);
#6781 = DIRECTION('',(0.,-1.,0.));
#6782 = PCURVE('',#4701,#6783);
#6783 = DEFINITIONAL_REPRESENTATION('',(#6784),#6787);
#6784 = B_SPLINE_CURVE_WITH_KNOTS('',1,(#6785,#6786),.UNSPECIFIED.,.F.,
  .F.,(2,2),(0.,2.5),.PIECEWISE_BEZIER_KNOTS.);
#6785 = CARTESIAN_POINT('',(-61.19571788626,-5.091908720345));
#6786 = CARTESIAN_POINT('',(-61.19571788626,-2.591908720345));
#6787 = ( GEOMETRIC_REPRESENTATION_CONTEXT(2) 
PARAMETRIC_REPRESENTATION_CONTEXT() REPRESENTATION_CONTEXT('2D SPACE',''
  ) );
#6788 = PCURVE('',#107,#6789);
#6789 = DEFINITIONAL_REPRESENTATION('',(#6790),#6794);
#6790 = LINE('',#6791,#6792);
#6791 = CARTESIAN_POINT('',(30.759144981615,33.259144981615));
#6792 = VECTOR('',#6793,1.);
#6793 = DIRECTION('',(0.,-1.));
#6794 = ( GEOMETRIC_REPRESENTATION_CONTEXT(2) 
PARAMETRIC_REPRESENTATION_CONTEXT() REPRESENTATION_CONTEXT('2D SPACE',''
  ) );
#6795 = ORIENTED_EDGE('',*,*,#6796,.F.);
#6796 = EDGE_CURVE('',#6752,#6775,#6797,.T.);
#6797 = SURFACE_CURVE('',#6798,(#6802,#6808),.PCURVE_S1.);
#6798 = LINE('',#6799,#6800);
#6799 = CARTESIAN_POINT('',(23.075327540925,25.575327540925,1.5));
#6800 = VECTOR('',#6801,1.);
#6801 = DIRECTION('',(6.265732121346E-02,6.265732121346E-02,
    0.996066323192));
#6802 = PCURVE('',#4701,#6803);
#6803 = DEFINITIONAL_REPRESENTATION('',(#6804),#6807);
#6804 = B_SPLINE_CURVE_WITH_KNOTS('',1,(#6805,#6806),.UNSPECIFIED.,.F.,
  .F.,(2,2),(0.,122.63239621292),.PIECEWISE_BEZIER_KNOTS.);
#6805 = CARTESIAN_POINT('',(61.195717886266,2.591908720345));
#6806 = CARTESIAN_POINT('',(-61.19571788626,-5.091908720345));
#6807 = ( GEOMETRIC_REPRESENTATION_CONTEXT(2) 
PARAMETRIC_REPRESENTATION_CONTEXT() REPRESENTATION_CONTEXT('2D SPACE',''
  ) );
#6808 = PCURVE('',#78,#6809);
#6809 = DEFINITIONAL_REPRESENTATION('',(#6810),#6814);
#6810 = LINE('',#6811,#6812);
#6811 = CARTESIAN_POINT('',(-136.2793200733,60.211569331794));
#6812 = VECTOR('',#6813,1.);
#6813 = DIRECTION('',(8.861083344205E-02,-0.996066323192));
#6814 = ( GEOMETRIC_REPRESENTATION_CONTEXT(2) 
PARAMETRIC_REPRESENTATION_CONTEXT() REPRESENTATION_CONTEXT('2D SPACE',''
  ) );
#6815 = ADVANCED_FACE('',(#6816),#2111,.F.);
#6816 = FACE_BOUND('',#6817,.F.);
#6817 = EDGE_LOOP('',(#6818,#6819,#6820,#6871));
#6818 = ORIENTED_EDGE('',*,*,#2893,.F.);
#6819 = ORIENTED_EDGE('',*,*,#2049,.F.);
#6820 = ORIENTED_EDGE('',*,*,#6821,.T.);
#6821 = EDGE_CURVE('',#306,#4520,#6822,.T.);
#6822 = SURFACE_CURVE('',#6823,(#6857,#6864),.PCURVE_S1.);
#6823 = ( BOUNDED_CURVE() B_SPLINE_CURVE(3,(#6824,#6825,#6826,#6827,
    #6828,#6829,#6830,#6831,#6832,#6833,#6834,#6835,#6836,#6837,#6838,
    #6839,#6840,#6841,#6842,#6843,#6844,#6845,#6846,#6847,#6848,#6849,
    #6850,#6851,#6852,#6853,#6854,#6855,#6856),.UNSPECIFIED.,.F.,.F.) 
B_SPLINE_CURVE_WITH_KNOTS((4,1,1,1,1,1,1,1,1,1,1,1,1,1,1,1,1,1,1,1,1,1,1
    ,1,1,1,1,1,1,1,4),(0.,3.068165821138E-02,6.601269782959E-02,
    9.830800907E-02,0.127216197096,0.157262707878,0.188138205668,
    0.219565799738,0.251333925196,0.283659313393,0.31744062664,
    0.35073174851,0.384111710396,0.417581465102,0.45114195778,
    0.484794125941,0.51853889945,0.552377200543,0.586309943827,
    0.620338036294,0.654462377335,0.688683858749,0.723003364765,
    0.757421772058,0.791939949764,0.826558759507,0.861279055419,
0.896101684163,0.931027484962,0.96605728962,1.),.UNSPECIFIED.) CURVE() 
GEOMETRIC_REPRESENTATION_ITEM() RATIONAL_B_SPLINE_CURVE((1.,
    1.000000000002,0.999999999999,1.,1.,1.,1.,1.,1.,1.,1.,1.,1.,1.,1.,1.
    ,1.,1.,1.,1.,1.,1.,1.,1.,1.,1.,1.,1.,0.999999999999,1.000000000003,
0.999999999988,1.000000000025,1.)) REPRESENTATION_ITEM('') );
#6824 = CARTESIAN_POINT('',(5.733201379855,-12.56918081055,
    -10.11982966802));
#6825 = CARTESIAN_POINT('',(9.199916797257,-17.29004224091,
    -12.85547423447));
#6826 = CARTESIAN_POINT('',(5.297626796946,-9.590119482788,
    -2.952170729409));
#6827 = CARTESIAN_POINT('',(7.438484095702,-11.4602939082,2.074211451366
    ));
#6828 = CARTESIAN_POINT('',(12.234276433258,-15.82891775764,
    3.324693262476));
#6829 = CARTESIAN_POINT('',(15.281293327796,-16.39608406593,
    6.627972299613));
#6830 = CARTESIAN_POINT('',(18.19802421304,-16.66532599974,
    10.293545432463));
#6831 = CARTESIAN_POINT('',(20.710118305205,-16.07346605819,
    14.436104726298));
#6832 = CARTESIAN_POINT('',(22.839012145711,-14.94708671671,
    18.810975887307));
#6833 = CARTESIAN_POINT('',(24.576960531188,-13.36685228601,
    23.338395863153));
#6834 = CARTESIAN_POINT('',(25.629950027898,-11.31845359803,
    28.043852332174));
#6835 = CARTESIAN_POINT('',(26.878281994939,-9.471079301826,
    33.366718058391));
#6836 = CARTESIAN_POINT('',(27.91824013674,-7.331615814655,
    38.364162653567));
#6837 = CARTESIAN_POINT('',(28.803516772921,-5.137776535382,
    43.430315313796));
#6838 = CARTESIAN_POINT('',(29.508475713971,-2.838080658584,
    48.470245820927));
#6839 = CARTESIAN_POINT('',(30.02920689377,-0.460837257152,
    53.517229585308));
#6840 = CARTESIAN_POINT('',(30.355797059834,1.98260024035,
    58.562314412655));
#6841 = CARTESIAN_POINT('',(30.481512132844,4.475239033778,
    63.607908825541));
#6842 = CARTESIAN_POINT('',(30.400429124542,7.000656206991,
    68.653364824306));
#6843 = CARTESIAN_POINT('',(30.108164592518,9.54146798611,
    73.698856747151));
#6844 = CARTESIAN_POINT('',(29.601758196354,12.079889951824,
    78.744337770558));
#6845 = CARTESIAN_POINT('',(28.879770802445,14.597742235302,
    83.78982021861));
#6846 = CARTESIAN_POINT('',(27.942312185262,17.076610373336,
    88.835301850638));
#6847 = CARTESIAN_POINT('',(26.791071421728,19.497970078911,
    93.880779285128));
#6848 = CARTESIAN_POINT('',(25.429340949109,21.843324024145,
    98.926268414461));
#6849 = CARTESIAN_POINT('',(23.86199455367,24.09434507952,
    103.97170885322));
#6850 = CARTESIAN_POINT('',(22.095586223907,26.232993891643,
    109.01732721786));
#6851 = CARTESIAN_POINT('',(20.137938010747,28.241739339203,
    114.06227402731));
#6852 = CARTESIAN_POINT('',(17.999586281638,30.103391627484,
    119.10973365218));
#6853 = CARTESIAN_POINT('',(15.688204141811,31.802381675355,
    124.14776911856));
#6854 = CARTESIAN_POINT('',(13.257185398837,33.303388281674,
    129.16358721253));
#6855 = CARTESIAN_POINT('',(11.531000125871,34.177773965141,
    132.39837068759));
#6856 = CARTESIAN_POINT('',(10.588208124339,34.590939475468,
    133.73002152875));
#6857 = PCURVE('',#2111,#6858);
#6858 = DEFINITIONAL_REPRESENTATION('',(#6859),#6863);
#6859 = LINE('',#6860,#6861);
#6860 = CARTESIAN_POINT('',(27.,0.));
#6861 = VECTOR('',#6862,1.);
#6862 = DIRECTION('',(0.,1.));
#6863 = ( GEOMETRIC_REPRESENTATION_CONTEXT(2) 
PARAMETRIC_REPRESENTATION_CONTEXT() REPRESENTATION_CONTEXT('2D SPACE',''
  ) );
#6864 = PCURVE('',#417,#6865);
#6865 = DEFINITIONAL_REPRESENTATION('',(#6866),#6870);
#6866 = LINE('',#6867,#6868);
#6867 = CARTESIAN_POINT('',(27.,0.));
#6868 = VECTOR('',#6869,1.);
#6869 = DIRECTION('',(0.,1.));
#6870 = ( GEOMETRIC_REPRESENTATION_CONTEXT(2) 
PARAMETRIC_REPRESENTATION_CONTEXT() REPRESENTATION_CONTEXT('2D SPACE',''
  ) );
#6871 = ORIENTED_EDGE('',*,*,#4599,.T.);
#6872 = ADVANCED_FACE('',(#6873),#417,.F.);
#6873 = FACE_BOUND('',#6874,.F.);
#6874 = EDGE_LOOP('',(#6875,#6876,#6877,#7063,#7064));
#6875 = ORIENTED_EDGE('',*,*,#6821,.F.);
#6876 = ORIENTED_EDGE('',*,*,#303,.F.);
#6877 = ORIENTED_EDGE('',*,*,#6878,.F.);
#6878 = EDGE_CURVE('',#6487,#304,#6879,.T.);
#6879 = SURFACE_CURVE('',#6880,(#6939,#7001),.PCURVE_S1.);
#6880 = B_SPLINE_CURVE_WITH_KNOTS('',8,(#6881,#6882,#6883,#6884,#6885,
    #6886,#6887,#6888,#6889,#6890,#6891,#6892,#6893,#6894,#6895,#6896,
    #6897,#6898,#6899,#6900,#6901,#6902,#6903,#6904,#6905,#6906,#6907,
    #6908,#6909,#6910,#6911,#6912,#6913,#6914,#6915,#6916,#6917,#6918,
    #6919,#6920,#6921,#6922,#6923,#6924,#6925,#6926,#6927,#6928,#6929,
    #6930,#6931,#6932,#6933,#6934,#6935,#6936,#6937,#6938),
  .UNSPECIFIED.,.F.,.F.,(9,7,7,7,7,7,7,7,9),(0.,7.444990737291E-02,
    0.113137302166,0.154249987054,0.501646820153,0.580861319221,
    0.742134273709,0.862944655899,1.),.UNSPECIFIED.);
#6881 = CARTESIAN_POINT('',(16.428317534195,-13.71018035324,1.5));
#6882 = CARTESIAN_POINT('',(16.347787058893,-13.71165695642,1.5));
#6883 = CARTESIAN_POINT('',(16.267242788703,-13.71267744879,1.5));
#6884 = CARTESIAN_POINT('',(16.186686992416,-13.71322352287,1.5));
#6885 = CARTESIAN_POINT('',(16.106122477994,-13.71327599887,1.5));
#6886 = CARTESIAN_POINT('',(16.025552592572,-13.71281482478,1.5));
#6887 = CARTESIAN_POINT('',(15.944981222454,-13.71181907627,1.5));
#6888 = CARTESIAN_POINT('',(15.864412793117,-13.71026695678,1.5));
#6889 = CARTESIAN_POINT('',(15.741989533536,-13.70702835481,1.5));
#6890 = CARTESIAN_POINT('',(15.700128922503,-13.70576478223,1.5));
#6891 = CARTESIAN_POINT('',(15.658271224587,-13.70434097921,1.5));
#6892 = CARTESIAN_POINT('',(15.616417172523,-13.7027548053,1.5));
#6893 = CARTESIAN_POINT('',(15.574567582709,-13.70100318283,1.5));
#6894 = CARTESIAN_POINT('',(15.532723386194,-13.69908156333,1.5));
#6895 = CARTESIAN_POINT('',(15.490885551258,-13.69698575733,1.5));
#6896 = CARTESIAN_POINT('',(15.40460190475,-13.69230421673,1.5));
#6897 = CARTESIAN_POINT('',(15.36015706301,-13.68969605993,1.5));
#6898 = CARTESIAN_POINT('',(15.315721443842,-13.68689103945,1.5));
#6899 = CARTESIAN_POINT('',(15.271296117994,-13.6838886705,1.5));
#6900 = CARTESIAN_POINT('',(15.226882155486,-13.6806886016,1.5));
#6901 = CARTESIAN_POINT('',(15.182480625601,-13.67729061454,1.5));
#6902 = CARTESIAN_POINT('',(15.138092596894,-13.67369462441,1.5));
#6903 = CARTESIAN_POINT('',(14.718769181506,-13.63784233997,1.5));
#6904 = CARTESIAN_POINT('',(14.344740056815,-13.59164032703,1.5));
#6905 = CARTESIAN_POINT('',(13.972510026128,-13.5313308686,1.5));
#6906 = CARTESIAN_POINT('',(13.602615757818,-13.45769206719,1.5));
#6907 = CARTESIAN_POINT('',(13.235255307879,-13.37226930052,1.5));
#6908 = CARTESIAN_POINT('',(12.870321837759,-13.2772312709,1.5));
#6909 = CARTESIAN_POINT('',(12.507454075114,-13.1751350451,1.5));
#6910 = CARTESIAN_POINT('',(12.063690063737,-13.04440386004,1.5));
#6911 = CARTESIAN_POINT('',(11.981363536576,-13.01990101683,1.5));
#6912 = CARTESIAN_POINT('',(11.899102232204,-12.99520146724,1.5));
#6913 = CARTESIAN_POINT('',(11.816898141976,-12.97033722901,1.5));
#6914 = CARTESIAN_POINT('',(11.734743010538,-12.94534058338,1.5));
#6915 = CARTESIAN_POINT('',(11.652628386629,-12.9202438908,1.5));
#6916 = CARTESIAN_POINT('',(11.57054567387,-12.89507940653,1.5));
#6917 = CARTESIAN_POINT('',(11.321421099753,-12.81857373533,1.5));
#6918 = CARTESIAN_POINT('',(11.154455173802,-12.76712082663,1.5));
#6919 = CARTESIAN_POINT('',(10.987512563489,-12.71578887307,1.5));
#6920 = CARTESIAN_POINT('',(10.8205232846,-12.66484410171,1.5));
#6921 = CARTESIAN_POINT('',(10.653425477007,-12.61454142965,1.5));
#6922 = CARTESIAN_POINT('',(10.486167672753,-12.56511542977,1.5));
#6923 = CARTESIAN_POINT('',(10.318711064129,-12.51677129647,1.5));
#6924 = CARTESIAN_POINT('',(10.025422369603,-12.43439634645,1.5));
#6925 = CARTESIAN_POINT('',(9.899688081867,-12.39981740984,1.5));
#6926 = CARTESIAN_POINT('',(9.773820942786,-12.36601070325,1.5));
#6927 = CARTESIAN_POINT('',(9.647816825283,-12.3330345994,1.5));
#6928 = CARTESIAN_POINT('',(9.521675450619,-12.3009340646,1.5));
#6929 = CARTESIAN_POINT('',(9.395400398047,-12.26974058131,1.5));
#6930 = CARTESIAN_POINT('',(9.268999114463,-12.23947207066,1.5));
#6931 = CARTESIAN_POINT('',(8.998954531098,-12.17684840933,1.5));
#6932 = CARTESIAN_POINT('',(8.855275750904,-12.14476005334,1.5));
#6933 = CARTESIAN_POINT('',(8.711462575222,-12.11387254693,1.5));
#6934 = CARTESIAN_POINT('',(8.567530918622,-12.08417964724,1.5));
#6935 = CARTESIAN_POINT('',(8.423500742078,-12.05563263582,1.5));
#6936 = CARTESIAN_POINT('',(8.279386678678,-12.0282060663,1.5));
#6937 = CARTESIAN_POINT('',(8.135209166775,-12.00182465335,1.5));
#6938 = CARTESIAN_POINT('',(7.990982733092,-11.97644035828,1.5));
#6939 = PCURVE('',#417,#6940);
#6940 = DEFINITIONAL_REPRESENTATION('',(#6941),#7000);
#6941 = B_SPLINE_CURVE_WITH_KNOTS('',8,(#6942,#6943,#6944,#6945,#6946,
    #6947,#6948,#6949,#6950,#6951,#6952,#6953,#6954,#6955,#6956,#6957,
    #6958,#6959,#6960,#6961,#6962,#6963,#6964,#6965,#6966,#6967,#6968,
    #6969,#6970,#6971,#6972,#6973,#6974,#6975,#6976,#6977,#6978,#6979,
    #6980,#6981,#6982,#6983,#6984,#6985,#6986,#6987,#6988,#6989,#6990,
    #6991,#6992,#6993,#6994,#6995,#6996,#6997,#6998,#6999),
  .UNSPECIFIED.,.F.,.F.,(9,7,7,7,7,7,7,7,9),(0.,7.444990737291E-02,
    0.113137302166,0.154249987054,0.501646820153,0.580861319221,
    0.742134273709,0.862944655899,1.),.UNSPECIFIED.);
#6942 = CARTESIAN_POINT('',(28.,0.101791097923));
#6943 = CARTESIAN_POINT('',(27.990810138461,0.101501795375));
#6944 = CARTESIAN_POINT('',(27.981668906142,0.1012100866));
#6945 = CARTESIAN_POINT('',(27.972578862129,0.100915939354));
#6946 = CARTESIAN_POINT('',(27.963542765824,0.100619322998));
#6947 = CARTESIAN_POINT('',(27.954563576945,0.100320208499));
#6948 = CARTESIAN_POINT('',(27.945644455523,0.10001856843));
#6949 = CARTESIAN_POINT('',(27.936788761908,9.971437697127E-02));
#6950 = CARTESIAN_POINT('',(27.923433065109,9.9248200462E-02));
#6951 = CARTESIAN_POINT('',(27.918884117059,9.90880962009E-02));
#6952 = CARTESIAN_POINT('',(27.914353909063,9.892729132498E-02));
#6953 = CARTESIAN_POINT('',(27.909842736192,9.876578590435E-02));
#6954 = CARTESIAN_POINT('',(27.905351089938,9.860357767372E-02));
#6955 = CARTESIAN_POINT('',(27.900879769243,9.844066054258E-02));
#6956 = CARTESIAN_POINT('',(27.896429504746,9.82770298205E-02));
#6957 = CARTESIAN_POINT('',(27.887293010738,9.793805638868E-02));
#6958 = CARTESIAN_POINT('',(27.882609472331,9.776262282236E-02));
#6959 = CARTESIAN_POINT('',(27.877949463656,9.758640092319E-02));
#6960 = CARTESIAN_POINT('',(27.873312944289,9.740939856053E-02));
#6961 = CARTESIAN_POINT('',(27.868699850753,9.723162400867E-02));
#6962 = CARTESIAN_POINT('',(27.864110096524,9.705308594683E-02));
#6963 = CARTESIAN_POINT('',(27.859543572028,9.687379345919E-02));
#6964 = CARTESIAN_POINT('',(27.81660877492,9.517246324589E-02));
#6965 = CARTESIAN_POINT('',(27.779854131235,9.359750163126E-02));
#6966 = CARTESIAN_POINT('',(27.744682012048,9.197546297858E-02));
#6967 = CARTESIAN_POINT('',(27.710871199237,9.031397053393E-02));
#6968 = CARTESIAN_POINT('',(27.678030963406,8.86211530556E-02));
#6969 = CARTESIAN_POINT('',(27.645600541111,8.690564494032E-02));
#6970 = CARTESIAN_POINT('',(27.61286481214,8.517702206044E-02));
#6971 = CARTESIAN_POINT('',(27.571278538284,8.305200287812E-02));
#6972 = CARTESIAN_POINT('',(27.563497503623,8.26573031283E-02));
#6973 = CARTESIAN_POINT('',(27.555647449202,8.22626120356E-02));
#6974 = CARTESIAN_POINT('',(27.547718240631,8.186806371652E-02));
#6975 = CARTESIAN_POINT('',(27.539699514841,8.147379822166E-02));
#6976 = CARTESIAN_POINT('',(27.531580733977,8.107996168854E-02));
#6977 = CARTESIAN_POINT('',(27.523351239287,8.068670649441E-02));
#6978 = CARTESIAN_POINT('',(27.497998621484,7.94950691746E-02));
#6979 = CARTESIAN_POINT('',(27.480493754077,7.869903519409E-02));
#6980 = CARTESIAN_POINT('',(27.462395520132,7.790739391263E-02));
#6981 = CARTESIAN_POINT('',(27.443612650179,7.712162883937E-02));
#6982 = CARTESIAN_POINT('',(27.424056870969,7.634335301229E-02));
#6983 = CARTESIAN_POINT('',(27.403646988524,7.557425946306E-02));
#6984 = CARTESIAN_POINT('',(27.382312971171,7.481607168184E-02));
#6985 = CARTESIAN_POINT('',(27.343285297955,7.351197814833E-02));
#6986 = CARTESIAN_POINT('',(27.326021371012,7.296053439804E-02));
#6987 = CARTESIAN_POINT('',(27.308185271333,7.241688346185E-02));
#6988 = CARTESIAN_POINT('',(27.289759274931,7.188172050035E-02));
#6989 = CARTESIAN_POINT('',(27.270731165631,7.135569788529E-02));
#6990 = CARTESIAN_POINT('',(27.251094486453,7.083940788059E-02));
#6991 = CARTESIAN_POINT('',(27.230848790993,7.033336532343E-02));
#6992 = CARTESIAN_POINT('',(27.186347518317,6.927600389052E-02));
#6993 = CARTESIAN_POINT('',(27.161918287943,6.872773781248E-02));
#6994 = CARTESIAN_POINT('',(27.136720094216,6.819381529738E-02));
#6995 = CARTESIAN_POINT('',(27.110769368696,6.76746686168E-02));
#6996 = CARTESIAN_POINT('',(27.084090407735,6.717061758239E-02));
#6997 = CARTESIAN_POINT('',(27.056712909447,6.668171480335E-02));
#6998 = CARTESIAN_POINT('',(27.028670847198,6.620797836844E-02));
#6999 = CARTESIAN_POINT('',(27.,6.574921933869E-02));
#7000 = ( GEOMETRIC_REPRESENTATION_CONTEXT(2) 
PARAMETRIC_REPRESENTATION_CONTEXT() REPRESENTATION_CONTEXT('2D SPACE',''
  ) );
#7001 = PCURVE('',#45,#7002);
#7002 = DEFINITIONAL_REPRESENTATION('',(#7003),#7062);
#7003 = B_SPLINE_CURVE_WITH_KNOTS('',8,(#7004,#7005,#7006,#7007,#7008,
    #7009,#7010,#7011,#7012,#7013,#7014,#7015,#7016,#7017,#7018,#7019,
    #7020,#7021,#7022,#7023,#7024,#7025,#7026,#7027,#7028,#7029,#7030,
    #7031,#7032,#7033,#7034,#7035,#7036,#7037,#7038,#7039,#7040,#7041,
    #7042,#7043,#7044,#7045,#7046,#7047,#7048,#7049,#7050,#7051,#7052,
    #7053,#7054,#7055,#7056,#7057,#7058,#7059,#7060,#7061),
  .UNSPECIFIED.,.F.,.F.,(9,7,7,7,7,7,7,7,9),(0.,7.444990737291E-02,
    0.113137302166,0.154249987054,0.501646820153,0.580861319221,
    0.742134273709,0.862944655899,1.),.UNSPECIFIED.);
#7004 = CARTESIAN_POINT('',(16.428317534195,-13.71018035324));
#7005 = CARTESIAN_POINT('',(16.347787058893,-13.71165695642));
#7006 = CARTESIAN_POINT('',(16.267242788703,-13.71267744879));
#7007 = CARTESIAN_POINT('',(16.186686992416,-13.71322352287));
#7008 = CARTESIAN_POINT('',(16.106122477994,-13.71327599887));
#7009 = CARTESIAN_POINT('',(16.025552592572,-13.71281482478));
#7010 = CARTESIAN_POINT('',(15.944981222454,-13.71181907627));
#7011 = CARTESIAN_POINT('',(15.864412793117,-13.71026695678));
#7012 = CARTESIAN_POINT('',(15.741989533536,-13.70702835481));
#7013 = CARTESIAN_POINT('',(15.700128922503,-13.70576478223));
#7014 = CARTESIAN_POINT('',(15.658271224587,-13.70434097921));
#7015 = CARTESIAN_POINT('',(15.616417172523,-13.7027548053));
#7016 = CARTESIAN_POINT('',(15.574567582709,-13.70100318283));
#7017 = CARTESIAN_POINT('',(15.532723386194,-13.69908156333));
#7018 = CARTESIAN_POINT('',(15.490885551258,-13.69698575733));
#7019 = CARTESIAN_POINT('',(15.40460190475,-13.69230421673));
#7020 = CARTESIAN_POINT('',(15.36015706301,-13.68969605993));
#7021 = CARTESIAN_POINT('',(15.315721443842,-13.68689103945));
#7022 = CARTESIAN_POINT('',(15.271296117994,-13.6838886705));
#7023 = CARTESIAN_POINT('',(15.226882155486,-13.6806886016));
#7024 = CARTESIAN_POINT('',(15.182480625601,-13.67729061454));
#7025 = CARTESIAN_POINT('',(15.138092596894,-13.67369462441));
#7026 = CARTESIAN_POINT('',(14.718769181506,-13.63784233997));
#7027 = CARTESIAN_POINT('',(14.344740056815,-13.59164032703));
#7028 = CARTESIAN_POINT('',(13.972510026128,-13.5313308686));
#7029 = CARTESIAN_POINT('',(13.602615757818,-13.45769206719));
#7030 = CARTESIAN_POINT('',(13.235255307879,-13.37226930052));
#7031 = CARTESIAN_POINT('',(12.870321837759,-13.2772312709));
#7032 = CARTESIAN_POINT('',(12.507454075114,-13.1751350451));
#7033 = CARTESIAN_POINT('',(12.063690063737,-13.04440386004));
#7034 = CARTESIAN_POINT('',(11.981363536576,-13.01990101683));
#7035 = CARTESIAN_POINT('',(11.899102232204,-12.99520146724));
#7036 = CARTESIAN_POINT('',(11.816898141976,-12.97033722901));
#7037 = CARTESIAN_POINT('',(11.734743010538,-12.94534058338));
#7038 = CARTESIAN_POINT('',(11.652628386629,-12.9202438908));
#7039 = CARTESIAN_POINT('',(11.57054567387,-12.89507940653));
#7040 = CARTESIAN_POINT('',(11.321421099753,-12.81857373533));
#7041 = CARTESIAN_POINT('',(11.154455173802,-12.76712082663));
#7042 = CARTESIAN_POINT('',(10.987512563489,-12.71578887307));
#7043 = CARTESIAN_POINT('',(10.8205232846,-12.66484410171));
#7044 = CARTESIAN_POINT('',(10.653425477007,-12.61454142965));
#7045 = CARTESIAN_POINT('',(10.486167672753,-12.56511542977));
#7046 = CARTESIAN_POINT('',(10.318711064129,-12.51677129647));
#7047 = CARTESIAN_POINT('',(10.025422369603,-12.43439634645));
#7048 = CARTESIAN_POINT('',(9.899688081867,-12.39981740984));
#7049 = CARTESIAN_POINT('',(9.773820942786,-12.36601070325));
#7050 = CARTESIAN_POINT('',(9.647816825283,-12.3330345994));
#7051 = CARTESIAN_POINT('',(9.521675450619,-12.3009340646));
#7052 = CARTESIAN_POINT('',(9.395400398047,-12.26974058131));
#7053 = CARTESIAN_POINT('',(9.268999114463,-12.23947207066));
#7054 = CARTESIAN_POINT('',(8.998954531098,-12.17684840933));
#7055 = CARTESIAN_POINT('',(8.855275750904,-12.14476005334));
#7056 = CARTESIAN_POINT('',(8.711462575222,-12.11387254693));
#7057 = CARTESIAN_POINT('',(8.567530918622,-12.08417964724));
#7058 = CARTESIAN_POINT('',(8.423500742078,-12.05563263582));
#7059 = CARTESIAN_POINT('',(8.279386678678,-12.0282060663));
#7060 = CARTESIAN_POINT('',(8.135209166775,-12.00182465335));
#7061 = CARTESIAN_POINT('',(7.990982733092,-11.97644035828));
#7062 = ( GEOMETRIC_REPRESENTATION_CONTEXT(2) 
PARAMETRIC_REPRESENTATION_CONTEXT() REPRESENTATION_CONTEXT('2D SPACE',''
  ) );
#7063 = ORIENTED_EDGE('',*,*,#6486,.T.);
#7064 = ORIENTED_EDGE('',*,*,#4519,.T.);
#7065 = ADVANCED_FACE('',(#7066),#107,.T.);
#7066 = FACE_BOUND('',#7067,.T.);
#7067 = EDGE_LOOP('',(#7068,#7069,#7070,#7090,#7091,#7092,#7093,#7094,
    #7095,#7096,#7097,#7098,#7099,#7100,#7101,#7102));
#7068 = ORIENTED_EDGE('',*,*,#180,.T.);
#7069 = ORIENTED_EDGE('',*,*,#90,.F.);
#7070 = ORIENTED_EDGE('',*,*,#7071,.T.);
#7071 = EDGE_CURVE('',#58,#6775,#7072,.T.);
#7072 = SURFACE_CURVE('',#7073,(#7077,#7084),.PCURVE_S1.);
#7073 = LINE('',#7074,#7075);
#7074 = CARTESIAN_POINT('',(212.13203435596,214.63203435596,123.65));
#7075 = VECTOR('',#7076,1.);
#7076 = DIRECTION('',(-0.707106781187,-0.707106781187,0.));
#7077 = PCURVE('',#107,#7078);
#7078 = DEFINITIONAL_REPRESENTATION('',(#7079),#7083);
#7079 = LINE('',#7080,#7081);
#7080 = CARTESIAN_POINT('',(212.13203435596,214.63203435596));
#7081 = VECTOR('',#7082,1.);
#7082 = DIRECTION('',(-0.707106781187,-0.707106781187));
#7083 = ( GEOMETRIC_REPRESENTATION_CONTEXT(2) 
PARAMETRIC_REPRESENTATION_CONTEXT() REPRESENTATION_CONTEXT('2D SPACE',''
  ) );
#7084 = PCURVE('',#78,#7085);
#7085 = DEFINITIONAL_REPRESENTATION('',(#7086),#7089);
#7086 = B_SPLINE_CURVE_WITH_KNOTS('',1,(#7087,#7088),.UNSPECIFIED.,.F.,
  .F.,(2,2),(0.,256.5),.PIECEWISE_BEZIER_KNOTS.);
#7087 = CARTESIAN_POINT('',(131.08723876208,-61.9384306682));
#7088 = CARTESIAN_POINT('',(-125.4127612379,-61.9384306682));
#7089 = ( GEOMETRIC_REPRESENTATION_CONTEXT(2) 
PARAMETRIC_REPRESENTATION_CONTEXT() REPRESENTATION_CONTEXT('2D SPACE',''
  ) );
#7090 = ORIENTED_EDGE('',*,*,#6774,.T.);
#7091 = ORIENTED_EDGE('',*,*,#4666,.T.);
#7092 = ORIENTED_EDGE('',*,*,#3043,.T.);
#7093 = ORIENTED_EDGE('',*,*,#2861,.T.);
#7094 = ORIENTED_EDGE('',*,*,#2776,.T.);
#7095 = ORIENTED_EDGE('',*,*,#2691,.T.);
#7096 = ORIENTED_EDGE('',*,*,#2606,.T.);
#7097 = ORIENTED_EDGE('',*,*,#2521,.T.);
#7098 = ORIENTED_EDGE('',*,*,#2436,.T.);
#7099 = ORIENTED_EDGE('',*,*,#2351,.T.);
#7100 = ORIENTED_EDGE('',*,*,#2212,.T.);
#7101 = ORIENTED_EDGE('',*,*,#560,.T.);
#7102 = ORIENTED_EDGE('',*,*,#253,.T.);
#7103 = ADVANCED_FACE('',(#7104),#78,.T.);
#7104 = FACE_BOUND('',#7105,.T.);
#7105 = EDGE_LOOP('',(#7106,#7126,#7127,#7128));
#7106 = ORIENTED_EDGE('',*,*,#7107,.F.);
#7107 = EDGE_CURVE('',#6752,#24,#7108,.T.);
#7108 = SURFACE_CURVE('',#7109,(#7113,#7119),.PCURVE_S1.);
#7109 = LINE('',#7110,#7111);
#7110 = CARTESIAN_POINT('',(23.075327540925,25.575327540925,1.5));
#7111 = VECTOR('',#7112,1.);
#7112 = DIRECTION('',(0.707106781187,0.707106781187,0.));
#7113 = PCURVE('',#78,#7114);
#7114 = DEFINITIONAL_REPRESENTATION('',(#7115),#7118);
#7115 = B_SPLINE_CURVE_WITH_KNOTS('',1,(#7116,#7117),.UNSPECIFIED.,.F.,
  .F.,(2,2),(0.,267.36655883542),.PIECEWISE_BEZIER_KNOTS.);
#7116 = CARTESIAN_POINT('',(-136.2793200733,60.211569331794));
#7117 = CARTESIAN_POINT('',(131.08723876208,60.211569331794));
#7118 = ( GEOMETRIC_REPRESENTATION_CONTEXT(2) 
PARAMETRIC_REPRESENTATION_CONTEXT() REPRESENTATION_CONTEXT('2D SPACE',''
  ) );
#7119 = PCURVE('',#45,#7120);
#7120 = DEFINITIONAL_REPRESENTATION('',(#7121),#7125);
#7121 = LINE('',#7122,#7123);
#7122 = CARTESIAN_POINT('',(23.075327540925,25.575327540925));
#7123 = VECTOR('',#7124,1.);
#7124 = DIRECTION('',(0.707106781187,0.707106781187));
#7125 = ( GEOMETRIC_REPRESENTATION_CONTEXT(2) 
PARAMETRIC_REPRESENTATION_CONTEXT() REPRESENTATION_CONTEXT('2D SPACE',''
  ) );
#7126 = ORIENTED_EDGE('',*,*,#6796,.T.);
#7127 = ORIENTED_EDGE('',*,*,#7071,.F.);
#7128 = ORIENTED_EDGE('',*,*,#57,.F.);
#7129 = ADVANCED_FACE('',(#7130),#45,.F.);
#7130 = FACE_BOUND('',#7131,.F.);
#7131 = EDGE_LOOP('',(#7132,#7133,#7134,#7135,#7136,#7137,#7138,#7139,
    #7140,#7141,#7142,#7143,#7144,#7145,#7146,#7147));
#7132 = ORIENTED_EDGE('',*,*,#21,.T.);
#7133 = ORIENTED_EDGE('',*,*,#7107,.F.);
#7134 = ORIENTED_EDGE('',*,*,#6751,.F.);
#7135 = ORIENTED_EDGE('',*,*,#3073,.F.);
#7136 = ORIENTED_EDGE('',*,*,#4769,.T.);
#7137 = ORIENTED_EDGE('',*,*,#5012,.T.);
#7138 = ORIENTED_EDGE('',*,*,#5277,.T.);
#7139 = ORIENTED_EDGE('',*,*,#5521,.T.);
#7140 = ORIENTED_EDGE('',*,*,#5786,.T.);
#7141 = ORIENTED_EDGE('',*,*,#6030,.T.);
#7142 = ORIENTED_EDGE('',*,*,#6295,.T.);
#7143 = ORIENTED_EDGE('',*,*,#6539,.T.);
#7144 = ORIENTED_EDGE('',*,*,#6878,.T.);
#7145 = ORIENTED_EDGE('',*,*,#539,.F.);
#7146 = ORIENTED_EDGE('',*,*,#230,.F.);
#7147 = ORIENTED_EDGE('',*,*,#157,.F.);
#7148 = ( GEOMETRIC_REPRESENTATION_CONTEXT(3) 
GLOBAL_UNCERTAINTY_ASSIGNED_CONTEXT((#7152)) 
GLOBAL_UNIT_ASSIGNED_CONTEXT((#7149,#7150,#7151)) REPRESENTATION_CONTEXT
('Context #1','3D Context with UNIT and UNCERTAINTY') );
#7149 = ( LENGTH_UNIT() NAMED_UNIT(*) SI_UNIT(.MILLI.,.METRE.) );
#7150 = ( NAMED_UNIT(*) PLANE_ANGLE_UNIT() SI_UNIT($,.RADIAN.) );
#7151 = ( NAMED_UNIT(*) SI_UNIT($,.STERADIAN.) SOLID_ANGLE_UNIT() );
#7152 = UNCERTAINTY_MEASURE_WITH_UNIT(LENGTH_MEASURE(2.E-06),#7149,
  'distance_accuracy_value','confusion accuracy');
#7153 = PRODUCT_RELATED_PRODUCT_CATEGORY('part',$,(#7));
ENDSEC;
END-ISO-10303-21;
